x,y,detectorID,nPrimary,roiCounts,normalizedCounts,flux,normalizedFlux
-50,-50,0,100000,16,0.00016,66,0.00066
-50,-50,1,100000,42,0.00042,73,0.00073
-50,-50,2,100000,24,0.00024,68,0.00068
-50,-50,3,100000,33,0.00033,73,0.00073
-50,-50,4,100000,32,0.00032,59,0.00059
-50,-50,5,100000,36,0.00036,79,0.00079
-50,-49,0,100000,38,0.00038,84,0.00084
-50,-49,1,100000,18,0.00018,70,0.0007
-50,-49,2,100000,36,0.00036,76,0.00076
-50,-49,3,100000,28,0.00028,74,0.00074
-50,-49,4,100000,32,0.00032,70,0.0007
-50,-49,5,100000,33,0.00033,81,0.00081
-50,-48,0,100000,34,0.00034,76,0.00076
-50,-48,1,100000,23,0.00023,53,0.00053
-50,-48,2,100000,43,0.00043,65,0.00065
-50,-48,3,100000,33,0.00033,67,0.00067
-50,-48,4,100000,19,0.00019,69,0.00069
-50,-48,5,100000,29,0.00029,74,0.00074
-50,-47,0,100000,42,0.00042,93,0.00093
-50,-47,1,100000,50,0.0005,93,0.00093
-50,-47,2,100000,37,0.00037,82,0.00082
-50,-47,3,100000,51,0.00051,76,0.00076
-50,-47,4,100000,24,0.00024,75,0.00075
-50,-47,5,100000,24,0.00024,78,0.00078
-50,-46,0,100000,29,0.00029,73,0.00073
-50,-46,1,100000,32,0.00032,82,0.00082
-50,-46,2,100000,19,0.00019,76,0.00076
-50,-46,3,100000,32,0.00032,69,0.00069
-50,-46,4,100000,23,0.00023,63,0.00063
-50,-46,5,100000,32,0.00032,79,0.00079
-50,-45,0,100000,21,0.00021,63,0.00063
-50,-45,1,100000,43,0.00043,76,0.00076
-50,-45,2,100000,42,0.00042,81,0.00081
-50,-45,3,100000,34,0.00034,62,0.00062
-50,-45,4,100000,25,0.00025,77,0.00077
-50,-45,5,100000,20,0.0002,58,0.00058
-50,-44,0,100000,23,0.00023,67,0.00067
-50,-44,1,100000,22,0.00022,80,0.0008
-50,-44,2,100000,18,0.00018,65,0.00065
-50,-44,3,100000,11,0.00011,51,0.00051
-50,-44,4,100000,23,0.00023,75,0.00075
-50,-44,5,100000,17,0.00017,55,0.00055
-50,-43,0,100000,26,0.00026,89,0.00089
-50,-43,1,100000,39,0.00039,77,0.00077
-50,-43,2,100000,33,0.00033,85,0.00085
-50,-43,3,100000,35,0.00035,70,0.0007
-50,-43,4,100000,68,0.00068,83,0.00083
-50,-43,5,100000,16,0.00016,66,0.00066
-50,-42,0,100000,32,0.00032,58,0.00058
-50,-42,1,100000,34,0.00034,61,0.00061
-50,-42,2,100000,29,0.00029,67,0.00067
-50,-42,3,100000,41,0.00041,79,0.00079
-50,-42,4,100000,22,0.00022,81,0.00081
-50,-42,5,100000,25,0.00025,67,0.00067
-50,-41,0,100000,30,0.0003,71,0.00071
-50,-41,1,100000,33,0.00033,72,0.00072
-50,-41,2,100000,44,0.00044,70,0.0007
-50,-41,3,100000,39,0.00039,79,0.00079
-50,-41,4,100000,26,0.00026,82,0.00082
-50,-41,5,100000,20,0.0002,70,0.0007
-50,-40,0,100000,37,0.00037,75,0.00075
-50,-40,1,100000,30,0.0003,58,0.00058
-50,-40,2,100000,41,0.00041,80,0.0008
-50,-40,3,100000,37,0.00037,84,0.00084
-50,-40,4,100000,24,0.00024,77,0.00077
-50,-40,5,100000,38,0.00038,70,0.0007
-50,-39,0,100000,62,0.00062,91,0.00091
-50,-39,1,100000,37,0.00037,76,0.00076
-50,-39,2,100000,51,0.00051,62,0.00062
-50,-39,3,100000,24,0.00024,98,0.00098
-50,-39,4,100000,34,0.00034,68,0.00068
-50,-39,5,100000,36,0.00036,71,0.00071
-50,-38,0,100000,28,0.00028,69,0.00069
-50,-38,1,100000,23,0.00023,62,0.00062
-50,-38,2,100000,31,0.00031,73,0.00073
-50,-38,3,100000,23,0.00023,71,0.00071
-50,-38,4,100000,45,0.00045,76,0.00076
-50,-38,5,100000,21,0.00021,66,0.00066
-50,-37,0,100000,30,0.0003,78,0.00078
-50,-37,1,100000,27,0.00027,76,0.00076
-50,-37,2,100000,31,0.00031,86,0.00086
-50,-37,3,100000,30,0.0003,68,0.00068
-50,-37,4,100000,41,0.00041,59,0.00059
-50,-37,5,100000,35,0.00035,61,0.00061
-50,-36,0,100000,41,0.00041,76,0.00076
-50,-36,1,100000,46,0.00046,65,0.00065
-50,-36,2,100000,31,0.00031,75,0.00075
-50,-36,3,100000,14,0.00014,69,0.00069
-50,-36,4,100000,22,0.00022,62,0.00062
-50,-36,5,100000,45,0.00045,78,0.00078
-50,-35,0,100000,30,0.0003,72,0.00072
-50,-35,1,100000,12,0.00012,78,0.00078
-50,-35,2,100000,22,0.00022,80,0.0008
-50,-35,3,100000,27,0.00027,70,0.0007
-50,-35,4,100000,40,0.0004,71,0.00071
-50,-35,5,100000,33,0.00033,77,0.00077
-50,-34,0,100000,24,0.00024,87,0.00087
-50,-34,1,100000,35,0.00035,69,0.00069
-50,-34,2,100000,20,0.0002,70,0.0007
-50,-34,3,100000,26,0.00026,61,0.00061
-50,-34,4,100000,23,0.00023,69,0.00069
-50,-34,5,100000,38,0.00038,80,0.0008
-50,-33,0,100000,34,0.00034,56,0.00056
-50,-33,1,100000,31,0.00031,59,0.00059
-50,-33,2,100000,25,0.00025,78,0.00078
-50,-33,3,100000,25,0.00025,68,0.00068
-50,-33,4,100000,15,0.00015,58,0.00058
-50,-33,5,100000,23,0.00023,79,0.00079
-50,-32,0,100000,31,0.00031,74,0.00074
-50,-32,1,100000,22,0.00022,57,0.00057
-50,-32,2,100000,30,0.0003,73,0.00073
-50,-32,3,100000,36,0.00036,62,0.00062
-50,-32,4,100000,35,0.00035,74,0.00074
-50,-32,5,100000,31,0.00031,66,0.00066
-50,-31,0,100000,35,0.00035,71,0.00071
-50,-31,1,100000,24,0.00024,69,0.00069
-50,-31,2,100000,30,0.0003,80,0.0008
-50,-31,3,100000,26,0.00026,69,0.00069
-50,-31,4,100000,9,9e-05,58,0.00058
-50,-31,5,100000,24,0.00024,71,0.00071
-50,-30,0,100000,26,0.00026,82,0.00082
-50,-30,1,100000,17,0.00017,67,0.00067
-50,-30,2,100000,35,0.00035,68,0.00068
-50,-30,3,100000,28,0.00028,75,0.00075
-50,-30,4,100000,34,0.00034,74,0.00074
-50,-30,5,100000,28,0.00028,67,0.00067
-50,-29,0,100000,44,0.00044,83,0.00083
-50,-29,1,100000,36,0.00036,71,0.00071
-50,-29,2,100000,23,0.00023,73,0.00073
-50,-29,3,100000,41,0.00041,82,0.00082
-50,-29,4,100000,29,0.00029,68,0.00068
-50,-29,5,100000,24,0.00024,70,0.0007
-50,-28,0,100000,20,0.0002,64,0.00064
-50,-28,1,100000,37,0.00037,64,0.00064
-50,-28,2,100000,23,0.00023,84,0.00084
-50,-28,3,100000,34,0.00034,78,0.00078
-50,-28,4,100000,37,0.00037,62,0.00062
-50,-28,5,100000,23,0.00023,73,0.00073
-50,-27,0,100000,31,0.00031,82,0.00082
-50,-27,1,100000,39,0.00039,88,0.00088
-50,-27,2,100000,29,0.00029,76,0.00076
-50,-27,3,100000,25,0.00025,68,0.00068
-50,-27,4,100000,39,0.00039,84,0.00084
-50,-27,5,100000,39,0.00039,71,0.00071
-50,-26,0,100000,32,0.00032,73,0.00073
-50,-26,1,100000,24,0.00024,69,0.00069
-50,-26,2,100000,30,0.0003,82,0.00082
-50,-26,3,100000,19,0.00019,59,0.00059
-50,-26,4,100000,22,0.00022,64,0.00064
-50,-26,5,100000,28,0.00028,68,0.00068
-50,-25,0,100000,38,0.00038,87,0.00087
-50,-25,1,100000,23,0.00023,73,0.00073
-50,-25,2,100000,23,0.00023,65,0.00065
-50,-25,3,100000,21,0.00021,69,0.00069
-50,-25,4,100000,21,0.00021,66,0.00066
-50,-25,5,100000,20,0.0002,62,0.00062
-50,-24,0,100000,24,0.00024,73,0.00073
-50,-24,1,100000,25,0.00025,46,0.00046
-50,-24,2,100000,23,0.00023,67,0.00067
-50,-24,3,100000,40,0.0004,88,0.00088
-50,-24,4,100000,28,0.00028,75,0.00075
-50,-24,5,100000,28,0.00028,73,0.00073
-50,-23,0,100000,59,0.00059,79,0.00079
-50,-23,1,100000,19,0.00019,67,0.00067
-50,-23,2,100000,35,0.00035,72,0.00072
-50,-23,3,100000,36,0.00036,82,0.00082
-50,-23,4,100000,46,0.00046,70,0.0007
-50,-23,5,100000,35,0.00035,81,0.00081
-50,-22,0,100000,33,0.00033,80,0.0008
-50,-22,1,100000,25,0.00025,64,0.00064
-50,-22,2,100000,56,0.00056,88,0.00088
-50,-22,3,100000,24,0.00024,84,0.00084
-50,-22,4,100000,29,0.00029,63,0.00063
-50,-22,5,100000,21,0.00021,79,0.00079
-50,-21,0,100000,22,0.00022,62,0.00062
-50,-21,1,100000,33,0.00033,86,0.00086
-50,-21,2,100000,34,0.00034,73,0.00073
-50,-21,3,100000,23,0.00023,71,0.00071
-50,-21,4,100000,35,0.00035,99,0.00099
-50,-21,5,100000,29,0.00029,78,0.00078
-50,-20,0,100000,42,0.00042,84,0.00084
-50,-20,1,100000,26,0.00026,73,0.00073
-50,-20,2,100000,30,0.0003,81,0.00081
-50,-20,3,100000,48,0.00048,69,0.00069
-50,-20,4,100000,20,0.0002,78,0.00078
-50,-20,5,100000,24,0.00024,81,0.00081
-50,-19,0,100000,30,0.0003,59,0.00059
-50,-19,1,100000,34,0.00034,85,0.00085
-50,-19,2,100000,38,0.00038,76,0.00076
-50,-19,3,100000,35,0.00035,68,0.00068
-50,-19,4,100000,39,0.00039,77,0.00077
-50,-19,5,100000,25,0.00025,64,0.00064
-50,-18,0,100000,15,0.00015,53,0.00053
-50,-18,1,100000,36,0.00036,80,0.0008
-50,-18,2,100000,24,0.00024,63,0.00063
-50,-18,3,100000,25,0.00025,72,0.00072
-50,-18,4,100000,29,0.00029,72,0.00072
-50,-18,5,100000,45,0.00045,79,0.00079
-50,-17,0,100000,51,0.00051,80,0.0008
-50,-17,1,100000,17,0.00017,75,0.00075
-50,-17,2,100000,18,0.00018,64,0.00064
-50,-17,3,100000,36,0.00036,76,0.00076
-50,-17,4,100000,22,0.00022,52,0.00052
-50,-17,5,100000,31,0.00031,81,0.00081
-50,-16,0,100000,19,0.00019,73,0.00073
-50,-16,1,100000,32,0.00032,88,0.00088
-50,-16,2,100000,30,0.0003,78,0.00078
-50,-16,3,100000,30,0.0003,70,0.0007
-50,-16,4,100000,23,0.00023,81,0.00081
-50,-16,5,100000,20,0.0002,74,0.00074
-50,-15,0,100000,18,0.00018,65,0.00065
-50,-15,1,100000,23,0.00023,71,0.00071
-50,-15,2,100000,37,0.00037,66,0.00066
-50,-15,3,100000,20,0.0002,60,0.0006
-50,-15,4,100000,27,0.00027,83,0.00083
-50,-15,5,100000,43,0.00043,74,0.00074
-50,-14,0,100000,33,0.00033,70,0.0007
-50,-14,1,100000,52,0.00052,75,0.00075
-50,-14,2,100000,35,0.00035,78,0.00078
-50,-14,3,100000,28,0.00028,76,0.00076
-50,-14,4,100000,18,0.00018,89,0.00089
-50,-14,5,100000,40,0.0004,84,0.00084
-50,-13,0,100000,20,0.0002,75,0.00075
-50,-13,1,100000,30,0.0003,58,0.00058
-50,-13,2,100000,16,0.00016,62,0.00062
-50,-13,3,100000,21,0.00021,68,0.00068
-50,-13,4,100000,41,0.00041,67,0.00067
-50,-13,5,100000,31,0.00031,68,0.00068
-50,-12,0,100000,24,0.00024,60,0.0006
-50,-12,1,100000,35,0.00035,76,0.00076
-50,-12,2,100000,32,0.00032,74,0.00074
-50,-12,3,100000,28,0.00028,84,0.00084
-50,-12,4,100000,25,0.00025,71,0.00071
-50,-12,5,100000,46,0.00046,82,0.00082
-50,-11,0,100000,35,0.00035,63,0.00063
-50,-11,1,100000,21,0.00021,64,0.00064
-50,-11,2,100000,22,0.00022,53,0.00053
-50,-11,3,100000,25,0.00025,61,0.00061
-50,-11,4,100000,24,0.00024,72,0.00072
-50,-11,5,100000,26,0.00026,69,0.00069
-50,-10,0,100000,46,0.00046,86,0.00086
-50,-10,1,100000,48,0.00048,76,0.00076
-50,-10,2,100000,16,0.00016,75,0.00075
-50,-10,3,100000,29,0.00029,72,0.00072
-50,-10,4,100000,30,0.0003,79,0.00079
-50,-10,5,100000,36,0.00036,79,0.00079
-50,-9,0,100000,31,0.00031,69,0.00069
-50,-9,1,100000,36,0.00036,71,0.00071
-50,-9,2,100000,32,0.00032,79,0.00079
-50,-9,3,100000,42,0.00042,75,0.00075
-50,-9,4,100000,41,0.00041,75,0.00075
-50,-9,5,100000,27,0.00027,63,0.00063
-50,-8,0,100000,45,0.00045,87,0.00087
-50,-8,1,100000,53,0.00053,70,0.0007
-50,-8,2,100000,17,0.00017,75,0.00075
-50,-8,3,100000,39,0.00039,84,0.00084
-50,-8,4,100000,44,0.00044,81,0.00081
-50,-8,5,100000,31,0.00031,66,0.00066
-50,-7,0,100000,35,0.00035,77,0.00077
-50,-7,1,100000,39,0.00039,65,0.00065
-50,-7,2,100000,28,0.00028,70,0.0007
-50,-7,3,100000,21,0.00021,59,0.00059
-50,-7,4,100000,20,0.0002,76,0.00076
-50,-7,5,100000,18,0.00018,71,0.00071
-50,-6,0,100000,20,0.0002,81,0.00081
-50,-6,1,100000,31,0.00031,78,0.00078
-50,-6,2,100000,29,0.00029,60,0.0006
-50,-6,3,100000,36,0.00036,82,0.00082
-50,-6,4,100000,26,0.00026,77,0.00077
-50,-6,5,100000,36,0.00036,84,0.00084
-50,-5,0,100000,25,0.00025,65,0.00065
-50,-5,1,100000,26,0.00026,72,0.00072
-50,-5,2,100000,18,0.00018,85,0.00085
-50,-5,3,100000,28,0.00028,78,0.00078
-50,-5,4,100000,31,0.00031,64,0.00064
-50,-5,5,100000,18,0.00018,71,0.00071
-50,-4,0,100000,19,0.00019,69,0.00069
-50,-4,1,100000,20,0.0002,59,0.00059
-50,-4,2,100000,29,0.00029,79,0.00079
-50,-4,3,100000,35,0.00035,82,0.00082
-50,-4,4,100000,27,0.00027,78,0.00078
-50,-4,5,100000,35,0.00035,67,0.00067
-50,-3,0,100000,27,0.00027,68,0.00068
-50,-3,1,100000,55,0.00055,92,0.00092
-50,-3,2,100000,50,0.0005,90,0.0009
-50,-3,3,100000,19,0.00019,80,0.0008
-50,-3,4,100000,33,0.00033,69,0.00069
-50,-3,5,100000,46,0.00046,86,0.00086
-50,-2,0,100000,23,0.00023,63,0.00063
-50,-2,1,100000,34,0.00034,83,0.00083
-50,-2,2,100000,45,0.00045,78,0.00078
-50,-2,3,100000,61,0.00061,75,0.00075
-50,-2,4,100000,25,0.00025,73,0.00073
-50,-2,5,100000,29,0.00029,60,0.0006
-50,-1,0,100000,29,0.00029,79,0.00079
-50,-1,1,100000,33,0.00033,77,0.00077
-50,-1,2,100000,35,0.00035,75,0.00075
-50,-1,3,100000,45,0.00045,81,0.00081
-50,-1,4,100000,26,0.00026,84,0.00084
-50,-1,5,100000,20,0.0002,72,0.00072
-50,0,0,100000,36,0.00036,68,0.00068
-50,0,1,100000,24,0.00024,71,0.00071
-50,0,2,100000,30,0.0003,86,0.00086
-50,0,3,100000,25,0.00025,56,0.00056
-50,0,4,100000,27,0.00027,71,0.00071
-50,0,5,100000,36,0.00036,68,0.00068
-50,1,0,100000,34,0.00034,82,0.00082
-50,1,1,100000,20,0.0002,59,0.00059
-50,1,2,100000,44,0.00044,80,0.0008
-50,1,3,100000,59,0.00059,85,0.00085
-50,1,4,100000,36,0.00036,77,0.00077
-50,1,5,100000,15,0.00015,64,0.00064
-50,2,0,100000,28,0.00028,67,0.00067
-50,2,1,100000,31,0.00031,68,0.00068
-50,2,2,100000,41,0.00041,93,0.00093
-50,2,3,100000,29,0.00029,71,0.00071
-50,2,4,100000,40,0.0004,74,0.00074
-50,2,5,100000,43,0.00043,68,0.00068
-50,3,0,100000,30,0.0003,86,0.00086
-50,3,1,100000,25,0.00025,77,0.00077
-50,3,2,100000,35,0.00035,62,0.00062
-50,3,3,100000,27,0.00027,82,0.00082
-50,3,4,100000,29,0.00029,59,0.00059
-50,3,5,100000,22,0.00022,75,0.00075
-50,4,0,100000,25,0.00025,64,0.00064
-50,4,1,100000,18,0.00018,51,0.00051
-50,4,2,100000,41,0.00041,69,0.00069
-50,4,3,100000,33,0.00033,70,0.0007
-50,4,4,100000,36,0.00036,63,0.00063
-50,4,5,100000,9,9e-05,65,0.00065
-50,5,0,100000,20,0.0002,53,0.00053
-50,5,1,100000,39,0.00039,83,0.00083
-50,5,2,100000,23,0.00023,54,0.00054
-50,5,3,100000,54,0.00054,85,0.00085
-50,5,4,100000,43,0.00043,86,0.00086
-50,5,5,100000,20,0.0002,68,0.00068
-50,6,0,100000,43,0.00043,68,0.00068
-50,6,1,100000,35,0.00035,70,0.0007
-50,6,2,100000,23,0.00023,66,0.00066
-50,6,3,100000,25,0.00025,70,0.0007
-50,6,4,100000,49,0.00049,82,0.00082
-50,6,5,100000,51,0.00051,69,0.00069
-50,7,0,100000,38,0.00038,81,0.00081
-50,7,1,100000,24,0.00024,63,0.00063
-50,7,2,100000,33,0.00033,70,0.0007
-50,7,3,100000,25,0.00025,65,0.00065
-50,7,4,100000,46,0.00046,62,0.00062
-50,7,5,100000,33,0.00033,82,0.00082
-50,8,0,100000,23,0.00023,68,0.00068
-50,8,1,100000,49,0.00049,77,0.00077
-50,8,2,100000,52,0.00052,76,0.00076
-50,8,3,100000,22,0.00022,76,0.00076
-50,8,4,100000,43,0.00043,86,0.00086
-50,8,5,100000,21,0.00021,60,0.0006
-50,9,0,100000,41,0.00041,76,0.00076
-50,9,1,100000,23,0.00023,67,0.00067
-50,9,2,100000,42,0.00042,75,0.00075
-50,9,3,100000,36,0.00036,74,0.00074
-50,9,4,100000,36,0.00036,79,0.00079
-50,9,5,100000,45,0.00045,69,0.00069
-50,10,0,100000,52,0.00052,72,0.00072
-50,10,1,100000,44,0.00044,79,0.00079
-50,10,2,100000,27,0.00027,62,0.00062
-50,10,3,100000,26,0.00026,62,0.00062
-50,10,4,100000,34,0.00034,71,0.00071
-50,10,5,100000,38,0.00038,63,0.00063
-50,11,0,100000,48,0.00048,86,0.00086
-50,11,1,100000,35,0.00035,76,0.00076
-50,11,2,100000,51,0.00051,84,0.00084
-50,11,3,100000,34,0.00034,86,0.00086
-50,11,4,100000,49,0.00049,85,0.00085
-50,11,5,100000,43,0.00043,85,0.00085
-50,12,0,100000,18,0.00018,62,0.00062
-50,12,1,100000,29,0.00029,89,0.00089
-50,12,2,100000,29,0.00029,81,0.00081
-50,12,3,100000,30,0.0003,67,0.00067
-50,12,4,100000,43,0.00043,89,0.00089
-50,12,5,100000,17,0.00017,72,0.00072
-50,13,0,100000,24,0.00024,76,0.00076
-50,13,1,100000,27,0.00027,71,0.00071
-50,13,2,100000,9,9e-05,55,0.00055
-50,13,3,100000,44,0.00044,77,0.00077
-50,13,4,100000,36,0.00036,76,0.00076
-50,13,5,100000,24,0.00024,63,0.00063
-50,14,0,100000,20,0.0002,73,0.00073
-50,14,1,100000,26,0.00026,75,0.00075
-50,14,2,100000,26,0.00026,85,0.00085
-50,14,3,100000,40,0.0004,69,0.00069
-50,14,4,100000,27,0.00027,69,0.00069
-50,14,5,100000,44,0.00044,73,0.00073
-50,15,0,100000,16,0.00016,57,0.00057
-50,15,1,100000,45,0.00045,90,0.0009
-50,15,2,100000,34,0.00034,81,0.00081
-50,15,3,100000,38,0.00038,70,0.0007
-50,15,4,100000,29,0.00029,72,0.00072
-50,15,5,100000,22,0.00022,65,0.00065
-50,16,0,100000,39,0.00039,78,0.00078
-50,16,1,100000,29,0.00029,79,0.00079
-50,16,2,100000,18,0.00018,78,0.00078
-50,16,3,100000,13,0.00013,75,0.00075
-50,16,4,100000,37,0.00037,61,0.00061
-50,16,5,100000,22,0.00022,72,0.00072
-50,17,0,100000,44,0.00044,72,0.00072
-50,17,1,100000,27,0.00027,80,0.0008
-50,17,2,100000,26,0.00026,69,0.00069
-50,17,3,100000,32,0.00032,74,0.00074
-50,17,4,100000,49,0.00049,79,0.00079
-50,17,5,100000,26,0.00026,80,0.0008
-50,18,0,100000,38,0.00038,68,0.00068
-50,18,1,100000,25,0.00025,68,0.00068
-50,18,2,100000,29,0.00029,69,0.00069
-50,18,3,100000,27,0.00027,78,0.00078
-50,18,4,100000,22,0.00022,57,0.00057
-50,18,5,100000,18,0.00018,65,0.00065
-50,19,0,100000,41,0.00041,81,0.00081
-50,19,1,100000,26,0.00026,63,0.00063
-50,19,2,100000,23,0.00023,75,0.00075
-50,19,3,100000,47,0.00047,71,0.00071
-50,19,4,100000,31,0.00031,76,0.00076
-50,19,5,100000,29,0.00029,87,0.00087
-50,20,0,100000,34,0.00034,77,0.00077
-50,20,1,100000,51,0.00051,91,0.00091
-50,20,2,100000,51,0.00051,63,0.00063
-50,20,3,100000,27,0.00027,73,0.00073
-50,20,4,100000,27,0.00027,54,0.00054
-50,20,5,100000,40,0.0004,86,0.00086
-50,21,0,100000,30,0.0003,83,0.00083
-50,21,1,100000,27,0.00027,62,0.00062
-50,21,2,100000,46,0.00046,73,0.00073
-50,21,3,100000,35,0.00035,67,0.00067
-50,21,4,100000,35,0.00035,73,0.00073
-50,21,5,100000,51,0.00051,74,0.00074
-50,22,0,100000,30,0.0003,66,0.00066
-50,22,1,100000,33,0.00033,55,0.00055
-50,22,2,100000,47,0.00047,85,0.00085
-50,22,3,100000,30,0.0003,67,0.00067
-50,22,4,100000,23,0.00023,74,0.00074
-50,22,5,100000,21,0.00021,78,0.00078
-50,23,0,100000,18,0.00018,59,0.00059
-50,23,1,100000,29,0.00029,78,0.00078
-50,23,2,100000,26,0.00026,58,0.00058
-50,23,3,100000,22,0.00022,71,0.00071
-50,23,4,100000,28,0.00028,71,0.00071
-50,23,5,100000,26,0.00026,61,0.00061
-50,24,0,100000,39,0.00039,63,0.00063
-50,24,1,100000,32,0.00032,62,0.00062
-50,24,2,100000,24,0.00024,57,0.00057
-50,24,3,100000,38,0.00038,71,0.00071
-50,24,4,100000,34,0.00034,69,0.00069
-50,24,5,100000,33,0.00033,57,0.00057
-50,25,0,100000,20,0.0002,67,0.00067
-50,25,1,100000,24,0.00024,72,0.00072
-50,25,2,100000,29,0.00029,84,0.00084
-50,25,3,100000,48,0.00048,83,0.00083
-50,25,4,100000,27,0.00027,81,0.00081
-50,25,5,100000,23,0.00023,71,0.00071
-50,26,0,100000,40,0.0004,86,0.00086
-50,26,1,100000,32,0.00032,75,0.00075
-50,26,2,100000,46,0.00046,74,0.00074
-50,26,3,100000,19,0.00019,74,0.00074
-50,26,4,100000,52,0.00052,77,0.00077
-50,26,5,100000,24,0.00024,81,0.00081
-50,27,0,100000,22,0.00022,73,0.00073
-50,27,1,100000,36,0.00036,67,0.00067
-50,27,2,100000,16,0.00016,67,0.00067
-50,27,3,100000,29,0.00029,91,0.00091
-50,27,4,100000,30,0.0003,73,0.00073
-50,27,5,100000,27,0.00027,75,0.00075
-50,28,0,100000,27,0.00027,67,0.00067
-50,28,1,100000,20,0.0002,60,0.0006
-50,28,2,100000,33,0.00033,84,0.00084
-50,28,3,100000,18,0.00018,74,0.00074
-50,28,4,100000,29,0.00029,65,0.00065
-50,28,5,100000,42,0.00042,75,0.00075
-50,29,0,100000,31,0.00031,72,0.00072
-50,29,1,100000,32,0.00032,75,0.00075
-50,29,2,100000,45,0.00045,94,0.00094
-50,29,3,100000,47,0.00047,81,0.00081
-50,29,4,100000,30,0.0003,70,0.0007
-50,29,5,100000,42,0.00042,80,0.0008
-50,30,0,100000,48,0.00048,86,0.00086
-50,30,1,100000,40,0.0004,65,0.00065
-50,30,2,100000,18,0.00018,49,0.00049
-50,30,3,100000,22,0.00022,59,0.00059
-50,30,4,100000,23,0.00023,66,0.00066
-50,30,5,100000,44,0.00044,72,0.00072
-50,31,0,100000,27,0.00027,72,0.00072
-50,31,1,100000,22,0.00022,66,0.00066
-50,31,2,100000,49,0.00049,73,0.00073
-50,31,3,100000,46,0.00046,82,0.00082
-50,31,4,100000,43,0.00043,80,0.0008
-50,31,5,100000,28,0.00028,61,0.00061
-50,32,0,100000,22,0.00022,59,0.00059
-50,32,1,100000,28,0.00028,86,0.00086
-50,32,2,100000,24,0.00024,68,0.00068
-50,32,3,100000,23,0.00023,73,0.00073
-50,32,4,100000,30,0.0003,72,0.00072
-50,32,5,100000,31,0.00031,65,0.00065
-50,33,0,100000,29,0.00029,73,0.00073
-50,33,1,100000,30,0.0003,80,0.0008
-50,33,2,100000,28,0.00028,71,0.00071
-50,33,3,100000,28,0.00028,60,0.0006
-50,33,4,100000,27,0.00027,85,0.00085
-50,33,5,100000,23,0.00023,66,0.00066
-50,34,0,100000,36,0.00036,78,0.00078
-50,34,1,100000,18,0.00018,61,0.00061
-50,34,2,100000,32,0.00032,73,0.00073
-50,34,3,100000,34,0.00034,76,0.00076
-50,34,4,100000,55,0.00055,88,0.00088
-50,34,5,100000,28,0.00028,85,0.00085
-50,35,0,100000,27,0.00027,61,0.00061
-50,35,1,100000,48,0.00048,77,0.00077
-50,35,2,100000,15,0.00015,66,0.00066
-50,35,3,100000,34,0.00034,69,0.00069
-50,35,4,100000,31,0.00031,71,0.00071
-50,35,5,100000,25,0.00025,80,0.0008
-50,36,0,100000,17,0.00017,70,0.0007
-50,36,1,100000,38,0.00038,80,0.0008
-50,36,2,100000,34,0.00034,74,0.00074
-50,36,3,100000,38,0.00038,79,0.00079
-50,36,4,100000,38,0.00038,82,0.00082
-50,36,5,100000,39,0.00039,93,0.00093
-50,37,0,100000,39,0.00039,72,0.00072
-50,37,1,100000,20,0.0002,65,0.00065
-50,37,2,100000,44,0.00044,81,0.00081
-50,37,3,100000,32,0.00032,66,0.00066
-50,37,4,100000,37,0.00037,76,0.00076
-50,37,5,100000,16,0.00016,68,0.00068
-50,38,0,100000,34,0.00034,63,0.00063
-50,38,1,100000,42,0.00042,86,0.00086
-50,38,2,100000,34,0.00034,73,0.00073
-50,38,3,100000,20,0.0002,62,0.00062
-50,38,4,100000,33,0.00033,99,0.00099
-50,38,5,100000,24,0.00024,72,0.00072
-50,39,0,100000,32,0.00032,66,0.00066
-50,39,1,100000,34,0.00034,69,0.00069
-50,39,2,100000,14,0.00014,76,0.00076
-50,39,3,100000,40,0.0004,73,0.00073
-50,39,4,100000,24,0.00024,71,0.00071
-50,39,5,100000,27,0.00027,72,0.00072
-50,40,0,100000,23,0.00023,68,0.00068
-50,40,1,100000,20,0.0002,90,0.0009
-50,40,2,100000,36,0.00036,92,0.00092
-50,40,3,100000,20,0.0002,68,0.00068
-50,40,4,100000,37,0.00037,86,0.00086
-50,40,5,100000,21,0.00021,62,0.00062
-50,41,0,100000,29,0.00029,75,0.00075
-50,41,1,100000,38,0.00038,69,0.00069
-50,41,2,100000,44,0.00044,86,0.00086
-50,41,3,100000,19,0.00019,69,0.00069
-50,41,4,100000,25,0.00025,73,0.00073
-50,41,5,100000,32,0.00032,72,0.00072
-50,42,0,100000,28,0.00028,64,0.00064
-50,42,1,100000,36,0.00036,69,0.00069
-50,42,2,100000,34,0.00034,65,0.00065
-50,42,3,100000,26,0.00026,69,0.00069
-50,42,4,100000,15,0.00015,63,0.00063
-50,42,5,100000,27,0.00027,80,0.0008
-50,43,0,100000,19,0.00019,68,0.00068
-50,43,1,100000,18,0.00018,76,0.00076
-50,43,2,100000,33,0.00033,81,0.00081
-50,43,3,100000,23,0.00023,76,0.00076
-50,43,4,100000,28,0.00028,66,0.00066
-50,43,5,100000,18,0.00018,59,0.00059
-50,44,0,100000,44,0.00044,72,0.00072
-50,44,1,100000,31,0.00031,68,0.00068
-50,44,2,100000,18,0.00018,84,0.00084
-50,44,3,100000,26,0.00026,71,0.00071
-50,44,4,100000,26,0.00026,74,0.00074
-50,44,5,100000,36,0.00036,54,0.00054
-50,45,0,100000,33,0.00033,61,0.00061
-50,45,1,100000,58,0.00058,80,0.0008
-50,45,2,100000,38,0.00038,70,0.0007
-50,45,3,100000,31,0.00031,72,0.00072
-50,45,4,100000,20,0.0002,57,0.00057
-50,45,5,100000,43,0.00043,84,0.00084
-50,46,0,100000,35,0.00035,79,0.00079
-50,46,1,100000,21,0.00021,67,0.00067
-50,46,2,100000,30,0.0003,64,0.00064
-50,46,3,100000,36,0.00036,76,0.00076
-50,46,4,100000,39,0.00039,67,0.00067
-50,46,5,100000,18,0.00018,67,0.00067
-50,47,0,100000,27,0.00027,69,0.00069
-50,47,1,100000,32,0.00032,56,0.00056
-50,47,2,100000,29,0.00029,60,0.0006
-50,47,3,100000,21,0.00021,71,0.00071
-50,47,4,100000,17,0.00017,64,0.00064
-50,47,5,100000,27,0.00027,69,0.00069
-50,48,0,100000,37,0.00037,69,0.00069
-50,48,1,100000,29,0.00029,77,0.00077
-50,48,2,100000,15,0.00015,68,0.00068
-50,48,3,100000,37,0.00037,63,0.00063
-50,48,4,100000,30,0.0003,75,0.00075
-50,48,5,100000,30,0.0003,68,0.00068
-50,49,0,100000,33,0.00033,97,0.00097
-50,49,1,100000,32,0.00032,72,0.00072
-50,49,2,100000,39,0.00039,78,0.00078
-50,49,3,100000,29,0.00029,87,0.00087
-50,49,4,100000,42,0.00042,73,0.00073
-50,49,5,100000,41,0.00041,79,0.00079
-50,50,0,100000,42,0.00042,79,0.00079
-50,50,1,100000,27,0.00027,78,0.00078
-50,50,2,100000,36,0.00036,78,0.00078
-50,50,3,100000,25,0.00025,70,0.0007
-50,50,4,100000,43,0.00043,78,0.00078
-50,50,5,100000,35,0.00035,69,0.00069
-49,-50,0,100000,40,0.0004,74,0.00074
-49,-50,1,100000,16,0.00016,71,0.00071
-49,-50,2,100000,36,0.00036,78,0.00078
-49,-50,3,100000,17,0.00017,69,0.00069
-49,-50,4,100000,18,0.00018,71,0.00071
-49,-50,5,100000,54,0.00054,84,0.00084
-49,-49,0,100000,31,0.00031,82,0.00082
-49,-49,1,100000,42,0.00042,64,0.00064
-49,-49,2,100000,31,0.00031,81,0.00081
-49,-49,3,100000,19,0.00019,74,0.00074
-49,-49,4,100000,25,0.00025,75,0.00075
-49,-49,5,100000,51,0.00051,71,0.00071
-49,-48,0,100000,36,0.00036,71,0.00071
-49,-48,1,100000,21,0.00021,65,0.00065
-49,-48,2,100000,40,0.0004,77,0.00077
-49,-48,3,100000,28,0.00028,65,0.00065
-49,-48,4,100000,20,0.0002,70,0.0007
-49,-48,5,100000,24,0.00024,62,0.00062
-49,-47,0,100000,28,0.00028,62,0.00062
-49,-47,1,100000,32,0.00032,82,0.00082
-49,-47,2,100000,19,0.00019,84,0.00084
-49,-47,3,100000,17,0.00017,66,0.00066
-49,-47,4,100000,43,0.00043,85,0.00085
-49,-47,5,100000,19,0.00019,60,0.0006
-49,-46,0,100000,31,0.00031,71,0.00071
-49,-46,1,100000,31,0.00031,75,0.00075
-49,-46,2,100000,14,0.00014,60,0.0006
-49,-46,3,100000,38,0.00038,83,0.00083
-49,-46,4,100000,32,0.00032,70,0.0007
-49,-46,5,100000,28,0.00028,72,0.00072
-49,-45,0,100000,32,0.00032,82,0.00082
-49,-45,1,100000,20,0.0002,53,0.00053
-49,-45,2,100000,34,0.00034,62,0.00062
-49,-45,3,100000,30,0.0003,83,0.00083
-49,-45,4,100000,17,0.00017,57,0.00057
-49,-45,5,100000,25,0.00025,68,0.00068
-49,-44,0,100000,33,0.00033,64,0.00064
-49,-44,1,100000,31,0.00031,74,0.00074
-49,-44,2,100000,51,0.00051,82,0.00082
-49,-44,3,100000,39,0.00039,77,0.00077
-49,-44,4,100000,54,0.00054,86,0.00086
-49,-44,5,100000,45,0.00045,88,0.00088
-49,-43,0,100000,29,0.00029,76,0.00076
-49,-43,1,100000,14,0.00014,68,0.00068
-49,-43,2,100000,13,0.00013,73,0.00073
-49,-43,3,100000,33,0.00033,74,0.00074
-49,-43,4,100000,23,0.00023,75,0.00075
-49,-43,5,100000,23,0.00023,93,0.00093
-49,-42,0,100000,22,0.00022,77,0.00077
-49,-42,1,100000,38,0.00038,71,0.00071
-49,-42,2,100000,14,0.00014,67,0.00067
-49,-42,3,100000,16,0.00016,65,0.00065
-49,-42,4,100000,19,0.00019,68,0.00068
-49,-42,5,100000,25,0.00025,64,0.00064
-49,-41,0,100000,23,0.00023,80,0.0008
-49,-41,1,100000,27,0.00027,66,0.00066
-49,-41,2,100000,39,0.00039,70,0.0007
-49,-41,3,100000,43,0.00043,69,0.00069
-49,-41,4,100000,33,0.00033,70,0.0007
-49,-41,5,100000,14,0.00014,71,0.00071
-49,-40,0,100000,29,0.00029,78,0.00078
-49,-40,1,100000,39,0.00039,72,0.00072
-49,-40,2,100000,30,0.0003,83,0.00083
-49,-40,3,100000,38,0.00038,83,0.00083
-49,-40,4,100000,14,0.00014,71,0.00071
-49,-40,5,100000,31,0.00031,73,0.00073
-49,-39,0,100000,80,0.0008,82,0.00082
-49,-39,1,100000,33,0.00033,68,0.00068
-49,-39,2,100000,25,0.00025,70,0.0007
-49,-39,3,100000,30,0.0003,71,0.00071
-49,-39,4,100000,46,0.00046,85,0.00085
-49,-39,5,100000,36,0.00036,62,0.00062
-49,-38,0,100000,23,0.00023,75,0.00075
-49,-38,1,100000,36,0.00036,68,0.00068
-49,-38,2,100000,25,0.00025,73,0.00073
-49,-38,3,100000,25,0.00025,57,0.00057
-49,-38,4,100000,23,0.00023,66,0.00066
-49,-38,5,100000,26,0.00026,71,0.00071
-49,-37,0,100000,32,0.00032,64,0.00064
-49,-37,1,100000,28,0.00028,74,0.00074
-49,-37,2,100000,43,0.00043,71,0.00071
-49,-37,3,100000,31,0.00031,93,0.00093
-49,-37,4,100000,43,0.00043,73,0.00073
-49,-37,5,100000,28,0.00028,77,0.00077
-49,-36,0,100000,39,0.00039,75,0.00075
-49,-36,1,100000,22,0.00022,62,0.00062
-49,-36,2,100000,24,0.00024,74,0.00074
-49,-36,3,100000,39,0.00039,77,0.00077
-49,-36,4,100000,23,0.00023,69,0.00069
-49,-36,5,100000,32,0.00032,67,0.00067
-49,-35,0,100000,29,0.00029,86,0.00086
-49,-35,1,100000,34,0.00034,78,0.00078
-49,-35,2,100000,22,0.00022,51,0.00051
-49,-35,3,100000,26,0.00026,67,0.00067
-49,-35,4,100000,33,0.00033,82,0.00082
-49,-35,5,100000,35,0.00035,74,0.00074
-49,-34,0,100000,27,0.00027,65,0.00065
-49,-34,1,100000,19,0.00019,73,0.00073
-49,-34,2,100000,22,0.00022,70,0.0007
-49,-34,3,100000,25,0.00025,78,0.00078
-49,-34,4,100000,34,0.00034,77,0.00077
-49,-34,5,100000,28,0.00028,72,0.00072
-49,-33,0,100000,15,0.00015,52,0.00052
-49,-33,1,100000,49,0.00049,78,0.00078
-49,-33,2,100000,34,0.00034,74,0.00074
-49,-33,3,100000,41,0.00041,79,0.00079
-49,-33,4,100000,20,0.0002,69,0.00069
-49,-33,5,100000,52,0.00052,73,0.00073
-49,-32,0,100000,28,0.00028,81,0.00081
-49,-32,1,100000,28,0.00028,66,0.00066
-49,-32,2,100000,47,0.00047,72,0.00072
-49,-32,3,100000,26,0.00026,65,0.00065
-49,-32,4,100000,13,0.00013,57,0.00057
-49,-32,5,100000,19,0.00019,53,0.00053
-49,-31,0,100000,38,0.00038,64,0.00064
-49,-31,1,100000,44,0.00044,80,0.0008
-49,-31,2,100000,23,0.00023,77,0.00077
-49,-31,3,100000,26,0.00026,75,0.00075
-49,-31,4,100000,30,0.0003,72,0.00072
-49,-31,5,100000,27,0.00027,70,0.0007
-49,-30,0,100000,30,0.0003,70,0.0007
-49,-30,1,100000,23,0.00023,72,0.00072
-49,-30,2,100000,26,0.00026,63,0.00063
-49,-30,3,100000,19,0.00019,67,0.00067
-49,-30,4,100000,32,0.00032,77,0.00077
-49,-30,5,100000,26,0.00026,64,0.00064
-49,-29,0,100000,25,0.00025,78,0.00078
-49,-29,1,100000,24,0.00024,80,0.0008
-49,-29,2,100000,74,0.00074,88,0.00088
-49,-29,3,100000,28,0.00028,78,0.00078
-49,-29,4,100000,50,0.0005,82,0.00082
-49,-29,5,100000,32,0.00032,74,0.00074
-49,-28,0,100000,32,0.00032,60,0.0006
-49,-28,1,100000,23,0.00023,66,0.00066
-49,-28,2,100000,29,0.00029,72,0.00072
-49,-28,3,100000,43,0.00043,76,0.00076
-49,-28,4,100000,45,0.00045,50,0.0005
-49,-28,5,100000,32,0.00032,69,0.00069
-49,-27,0,100000,23,0.00023,66,0.00066
-49,-27,1,100000,32,0.00032,71,0.00071
-49,-27,2,100000,16,0.00016,81,0.00081
-49,-27,3,100000,21,0.00021,74,0.00074
-49,-27,4,100000,37,0.00037,76,0.00076
-49,-27,5,100000,23,0.00023,67,0.00067
-49,-26,0,100000,16,0.00016,68,0.00068
-49,-26,1,100000,43,0.00043,75,0.00075
-49,-26,2,100000,33,0.00033,75,0.00075
-49,-26,3,100000,35,0.00035,78,0.00078
-49,-26,4,100000,35,0.00035,70,0.0007
-49,-26,5,100000,38,0.00038,73,0.00073
-49,-25,0,100000,43,0.00043,85,0.00085
-49,-25,1,100000,21,0.00021,66,0.00066
-49,-25,2,100000,30,0.0003,72,0.00072
-49,-25,3,100000,44,0.00044,80,0.0008
-49,-25,4,100000,29,0.00029,69,0.00069
-49,-25,5,100000,14,0.00014,79,0.00079
-49,-24,0,100000,32,0.00032,73,0.00073
-49,-24,1,100000,17,0.00017,54,0.00054
-49,-24,2,100000,44,0.00044,70,0.0007
-49,-24,3,100000,32,0.00032,67,0.00067
-49,-24,4,100000,18,0.00018,71,0.00071
-49,-24,5,100000,24,0.00024,73,0.00073
-49,-23,0,100000,32,0.00032,84,0.00084
-49,-23,1,100000,55,0.00055,97,0.00097
-49,-23,2,100000,27,0.00027,84,0.00084
-49,-23,3,100000,51,0.00051,80,0.0008
-49,-23,4,100000,34,0.00034,73,0.00073
-49,-23,5,100000,25,0.00025,71,0.00071
-49,-22,0,100000,28,0.00028,84,0.00084
-49,-22,1,100000,42,0.00042,92,0.00092
-49,-22,2,100000,18,0.00018,79,0.00079
-49,-22,3,100000,33,0.00033,72,0.00072
-49,-22,4,100000,23,0.00023,60,0.0006
-49,-22,5,100000,33,0.00033,79,0.00079
-49,-21,0,100000,17,0.00017,62,0.00062
-49,-21,1,100000,42,0.00042,76,0.00076
-49,-21,2,100000,46,0.00046,84,0.00084
-49,-21,3,100000,35,0.00035,68,0.00068
-49,-21,4,100000,27,0.00027,82,0.00082
-49,-21,5,100000,28,0.00028,68,0.00068
-49,-20,0,100000,17,0.00017,66,0.00066
-49,-20,1,100000,26,0.00026,77,0.00077
-49,-20,2,100000,9,9e-05,60,0.0006
-49,-20,3,100000,13,0.00013,55,0.00055
-49,-20,4,100000,10,0.0001,72,0.00072
-49,-20,5,100000,17,0.00017,54,0.00054
-49,-19,0,100000,27,0.00027,81,0.00081
-49,-19,1,100000,41,0.00041,74,0.00074
-49,-19,2,100000,34,0.00034,88,0.00088
-49,-19,3,100000,26,0.00026,65,0.00065
-49,-19,4,100000,58,0.00058,91,0.00091
-49,-19,5,100000,21,0.00021,66,0.00066
-49,-18,0,100000,29,0.00029,63,0.00063
-49,-18,1,100000,36,0.00036,61,0.00061
-49,-18,2,100000,34,0.00034,75,0.00075
-49,-18,3,100000,30,0.0003,72,0.00072
-49,-18,4,100000,22,0.00022,79,0.00079
-49,-18,5,100000,30,0.0003,66,0.00066
-49,-17,0,100000,26,0.00026,66,0.00066
-49,-17,1,100000,33,0.00033,72,0.00072
-49,-17,2,100000,39,0.00039,65,0.00065
-49,-17,3,100000,40,0.0004,79,0.00079
-49,-17,4,100000,30,0.0003,84,0.00084
-49,-17,5,100000,29,0.00029,72,0.00072
-49,-16,0,100000,42,0.00042,81,0.00081
-49,-16,1,100000,37,0.00037,60,0.0006
-49,-16,2,100000,44,0.00044,81,0.00081
-49,-16,3,100000,40,0.0004,93,0.00093
-49,-16,4,100000,29,0.00029,70,0.0007
-49,-16,5,100000,35,0.00035,68,0.00068
-49,-15,0,100000,59,0.00059,82,0.00082
-49,-15,1,100000,27,0.00027,73,0.00073
-49,-15,2,100000,58,0.00058,76,0.00076
-49,-15,3,100000,27,0.00027,93,0.00093
-49,-15,4,100000,32,0.00032,70,0.0007
-49,-15,5,100000,33,0.00033,65,0.00065
-49,-14,0,100000,33,0.00033,76,0.00076
-49,-14,1,100000,24,0.00024,60,0.0006
-49,-14,2,100000,30,0.0003,66,0.00066
-49,-14,3,100000,23,0.00023,67,0.00067
-49,-14,4,100000,55,0.00055,89,0.00089
-49,-14,5,100000,24,0.00024,69,0.00069
-49,-13,0,100000,28,0.00028,79,0.00079
-49,-13,1,100000,41,0.00041,79,0.00079
-49,-13,2,100000,27,0.00027,86,0.00086
-49,-13,3,100000,25,0.00025,74,0.00074
-49,-13,4,100000,38,0.00038,63,0.00063
-49,-13,5,100000,28,0.00028,52,0.00052
-49,-12,0,100000,47,0.00047,85,0.00085
-49,-12,1,100000,43,0.00043,66,0.00066
-49,-12,2,100000,38,0.00038,75,0.00075
-49,-12,3,100000,15,0.00015,60,0.0006
-49,-12,4,100000,27,0.00027,63,0.00063
-49,-12,5,100000,51,0.00051,82,0.00082
-49,-11,0,100000,25,0.00025,66,0.00066
-49,-11,1,100000,17,0.00017,80,0.0008
-49,-11,2,100000,15,0.00015,71,0.00071
-49,-11,3,100000,25,0.00025,70,0.0007
-49,-11,4,100000,29,0.00029,65,0.00065
-49,-11,5,100000,31,0.00031,67,0.00067
-49,-10,0,100000,36,0.00036,87,0.00087
-49,-10,1,100000,35,0.00035,57,0.00057
-49,-10,2,100000,27,0.00027,81,0.00081
-49,-10,3,100000,26,0.00026,68,0.00068
-49,-10,4,100000,17,0.00017,65,0.00065
-49,-10,5,100000,41,0.00041,83,0.00083
-49,-9,0,100000,29,0.00029,56,0.00056
-49,-9,1,100000,33,0.00033,60,0.0006
-49,-9,2,100000,24,0.00024,75,0.00075
-49,-9,3,100000,17,0.00017,66,0.00066
-49,-9,4,100000,17,0.00017,64,0.00064
-49,-9,5,100000,25,0.00025,77,0.00077
-49,-8,0,100000,35,0.00035,84,0.00084
-49,-8,1,100000,34,0.00034,66,0.00066
-49,-8,2,100000,19,0.00019,72,0.00072
-49,-8,3,100000,39,0.00039,72,0.00072
-49,-8,4,100000,32,0.00032,75,0.00075
-49,-8,5,100000,33,0.00033,65,0.00065
-49,-7,0,100000,30,0.0003,72,0.00072
-49,-7,1,100000,21,0.00021,69,0.00069
-49,-7,2,100000,35,0.00035,84,0.00084
-49,-7,3,100000,30,0.0003,68,0.00068
-49,-7,4,100000,22,0.00022,60,0.0006
-49,-7,5,100000,24,0.00024,75,0.00075
-49,-6,0,100000,29,0.00029,83,0.00083
-49,-6,1,100000,29,0.00029,79,0.00079
-49,-6,2,100000,29,0.00029,65,0.00065
-49,-6,3,100000,38,0.00038,87,0.00087
-49,-6,4,100000,31,0.00031,74,0.00074
-49,-6,5,100000,37,0.00037,70,0.0007
-49,-5,0,100000,36,0.00036,80,0.0008
-49,-5,1,100000,39,0.00039,70,0.0007
-49,-5,2,100000,14,0.00014,69,0.00069
-49,-5,3,100000,29,0.00029,80,0.0008
-49,-5,4,100000,20,0.0002,63,0.00063
-49,-5,5,100000,16,0.00016,67,0.00067
-49,-4,0,100000,23,0.00023,68,0.00068
-49,-4,1,100000,36,0.00036,67,0.00067
-49,-4,2,100000,17,0.00017,74,0.00074
-49,-4,3,100000,40,0.0004,74,0.00074
-49,-4,4,100000,38,0.00038,69,0.00069
-49,-4,5,100000,21,0.00021,73,0.00073
-49,-3,0,100000,31,0.00031,86,0.00086
-49,-3,1,100000,44,0.00044,80,0.0008
-49,-3,2,100000,35,0.00035,75,0.00075
-49,-3,3,100000,25,0.00025,65,0.00065
-49,-3,4,100000,32,0.00032,73,0.00073
-49,-3,5,100000,43,0.00043,75,0.00075
-49,-2,0,100000,32,0.00032,78,0.00078
-49,-2,1,100000,24,0.00024,73,0.00073
-49,-2,2,100000,30,0.0003,79,0.00079
-49,-2,3,100000,21,0.00021,59,0.00059
-49,-2,4,100000,18,0.00018,68,0.00068
-49,-2,5,100000,26,0.00026,61,0.00061
-49,-1,0,100000,26,0.00026,84,0.00084
-49,-1,1,100000,29,0.00029,69,0.00069
-49,-1,2,100000,24,0.00024,65,0.00065
-49,-1,3,100000,37,0.00037,76,0.00076
-49,-1,4,100000,17,0.00017,67,0.00067
-49,-1,5,100000,20,0.0002,69,0.00069
-49,0,0,100000,24,0.00024,77,0.00077
-49,0,1,100000,23,0.00023,47,0.00047
-49,0,2,100000,24,0.00024,66,0.00066
-49,0,3,100000,33,0.00033,82,0.00082
-49,0,4,100000,27,0.00027,75,0.00075
-49,0,5,100000,30,0.0003,82,0.00082
-49,1,0,100000,54,0.00054,71,0.00071
-49,1,1,100000,20,0.0002,65,0.00065
-49,1,2,100000,32,0.00032,78,0.00078
-49,1,3,100000,39,0.00039,74,0.00074
-49,1,4,100000,40,0.0004,64,0.00064
-49,1,5,100000,25,0.00025,79,0.00079
-49,2,0,100000,40,0.0004,75,0.00075
-49,2,1,100000,25,0.00025,67,0.00067
-49,2,2,100000,58,0.00058,94,0.00094
-49,2,3,100000,36,0.00036,86,0.00086
-49,2,4,100000,39,0.00039,77,0.00077
-49,2,5,100000,17,0.00017,81,0.00081
-49,3,0,100000,16,0.00016,63,0.00063
-49,3,1,100000,22,0.00022,86,0.00086
-49,3,2,100000,31,0.00031,75,0.00075
-49,3,3,100000,31,0.00031,74,0.00074
-49,3,4,100000,28,0.00028,94,0.00094
-49,3,5,100000,28,0.00028,74,0.00074
-49,4,0,100000,51,0.00051,85,0.00085
-49,4,1,100000,22,0.00022,70,0.0007
-49,4,2,100000,37,0.00037,89,0.00089
-49,4,3,100000,52,0.00052,72,0.00072
-49,4,4,100000,20,0.0002,77,0.00077
-49,4,5,100000,18,0.00018,82,0.00082
-49,5,0,100000,31,0.00031,57,0.00057
-49,5,1,100000,32,0.00032,79,0.00079
-49,5,2,100000,35,0.00035,77,0.00077
-49,5,3,100000,28,0.00028,71,0.00071
-49,5,4,100000,32,0.00032,75,0.00075
-49,5,5,100000,33,0.00033,69,0.00069
-49,6,0,100000,11,0.00011,49,0.00049
-49,6,1,100000,23,0.00023,79,0.00079
-49,6,2,100000,19,0.00019,73,0.00073
-49,6,3,100000,29,0.00029,73,0.00073
-49,6,4,100000,27,0.00027,70,0.0007
-49,6,5,100000,44,0.00044,86,0.00086
-49,7,0,100000,37,0.00037,73,0.00073
-49,7,1,100000,16,0.00016,73,0.00073
-49,7,2,100000,27,0.00027,72,0.00072
-49,7,3,100000,33,0.00033,74,0.00074
-49,7,4,100000,23,0.00023,62,0.00062
-49,7,5,100000,27,0.00027,75,0.00075
-49,8,0,100000,19,0.00019,81,0.00081
-49,8,1,100000,36,0.00036,95,0.00095
-49,8,2,100000,26,0.00026,71,0.00071
-49,8,3,100000,27,0.00027,71,0.00071
-49,8,4,100000,28,0.00028,78,0.00078
-49,8,5,100000,30,0.0003,74,0.00074
-49,9,0,100000,19,0.00019,65,0.00065
-49,9,1,100000,25,0.00025,70,0.0007
-49,9,2,100000,33,0.00033,77,0.00077
-49,9,3,100000,23,0.00023,67,0.00067
-49,9,4,100000,30,0.0003,86,0.00086
-49,9,5,100000,40,0.0004,78,0.00078
-49,10,0,100000,33,0.00033,70,0.0007
-49,10,1,100000,52,0.00052,79,0.00079
-49,10,2,100000,32,0.00032,71,0.00071
-49,10,3,100000,34,0.00034,78,0.00078
-49,10,4,100000,21,0.00021,84,0.00084
-49,10,5,100000,34,0.00034,79,0.00079
-49,11,0,100000,20,0.0002,71,0.00071
-49,11,1,100000,19,0.00019,61,0.00061
-49,11,2,100000,17,0.00017,64,0.00064
-49,11,3,100000,18,0.00018,64,0.00064
-49,11,4,100000,36,0.00036,61,0.00061
-49,11,5,100000,29,0.00029,66,0.00066
-49,12,0,100000,26,0.00026,68,0.00068
-49,12,1,100000,36,0.00036,76,0.00076
-49,12,2,100000,29,0.00029,72,0.00072
-49,12,3,100000,26,0.00026,76,0.00076
-49,12,4,100000,25,0.00025,76,0.00076
-49,12,5,100000,50,0.0005,82,0.00082
-49,13,0,100000,50,0.0005,72,0.00072
-49,13,1,100000,23,0.00023,69,0.00069
-49,13,2,100000,22,0.00022,53,0.00053
-49,13,3,100000,29,0.00029,65,0.00065
-49,13,4,100000,24,0.00024,81,0.00081
-49,13,5,100000,23,0.00023,76,0.00076
-49,14,0,100000,35,0.00035,84,0.00084
-49,14,1,100000,34,0.00034,71,0.00071
-49,14,2,100000,22,0.00022,75,0.00075
-49,14,3,100000,31,0.00031,71,0.00071
-49,14,4,100000,31,0.00031,74,0.00074
-49,14,5,100000,30,0.0003,71,0.00071
-49,15,0,100000,35,0.00035,73,0.00073
-49,15,1,100000,35,0.00035,69,0.00069
-49,15,2,100000,32,0.00032,76,0.00076
-49,15,3,100000,41,0.00041,73,0.00073
-49,15,4,100000,45,0.00045,78,0.00078
-49,15,5,100000,27,0.00027,65,0.00065
-49,16,0,100000,41,0.00041,81,0.00081
-49,16,1,100000,49,0.00049,68,0.00068
-49,16,2,100000,15,0.00015,82,0.00082
-49,16,3,100000,32,0.00032,82,0.00082
-49,16,4,100000,40,0.0004,78,0.00078
-49,16,5,100000,26,0.00026,64,0.00064
-49,17,0,100000,27,0.00027,68,0.00068
-49,17,1,100000,35,0.00035,67,0.00067
-49,17,2,100000,27,0.00027,70,0.0007
-49,17,3,100000,19,0.00019,66,0.00066
-49,17,4,100000,19,0.00019,72,0.00072
-49,17,5,100000,24,0.00024,72,0.00072
-49,18,0,100000,19,0.00019,77,0.00077
-49,18,1,100000,32,0.00032,79,0.00079
-49,18,2,100000,31,0.00031,63,0.00063
-49,18,3,100000,36,0.00036,82,0.00082
-49,18,4,100000,25,0.00025,79,0.00079
-49,18,5,100000,45,0.00045,79,0.00079
-49,19,0,100000,25,0.00025,75,0.00075
-49,19,1,100000,26,0.00026,70,0.0007
-49,19,2,100000,25,0.00025,80,0.0008
-49,19,3,100000,21,0.00021,74,0.00074
-49,19,4,100000,32,0.00032,66,0.00066
-49,19,5,100000,20,0.0002,72,0.00072
-49,20,0,100000,20,0.0002,70,0.0007
-49,20,1,100000,22,0.00022,59,0.00059
-49,20,2,100000,24,0.00024,82,0.00082
-49,20,3,100000,32,0.00032,80,0.0008
-49,20,4,100000,18,0.00018,81,0.00081
-49,20,5,100000,43,0.00043,65,0.00065
-49,21,0,100000,24,0.00024,67,0.00067
-49,21,1,100000,67,0.00067,96,0.00096
-49,21,2,100000,57,0.00057,98,0.00098
-49,21,3,100000,18,0.00018,79,0.00079
-49,21,4,100000,32,0.00032,71,0.00071
-49,21,5,100000,40,0.0004,86,0.00086
-49,22,0,100000,24,0.00024,67,0.00067
-49,22,1,100000,40,0.0004,84,0.00084
-49,22,2,100000,39,0.00039,78,0.00078
-49,22,3,100000,57,0.00057,83,0.00083
-49,22,4,100000,14,0.00014,68,0.00068
-49,22,5,100000,31,0.00031,64,0.00064
-49,23,0,100000,32,0.00032,84,0.00084
-49,23,1,100000,28,0.00028,77,0.00077
-49,23,2,100000,34,0.00034,71,0.00071
-49,23,3,100000,40,0.0004,80,0.0008
-49,23,4,100000,32,0.00032,84,0.00084
-49,23,5,100000,30,0.0003,76,0.00076
-49,24,0,100000,32,0.00032,74,0.00074
-49,24,1,100000,26,0.00026,69,0.00069
-49,24,2,100000,24,0.00024,83,0.00083
-49,24,3,100000,27,0.00027,61,0.00061
-49,24,4,100000,31,0.00031,84,0.00084
-49,24,5,100000,33,0.00033,67,0.00067
-49,25,0,100000,34,0.00034,79,0.00079
-49,25,1,100000,22,0.00022,59,0.00059
-49,25,2,100000,52,0.00052,80,0.0008
-49,25,3,100000,64,0.00064,78,0.00078
-49,25,4,100000,31,0.00031,75,0.00075
-49,25,5,100000,19,0.00019,66,0.00066
-49,26,0,100000,37,0.00037,75,0.00075
-49,26,1,100000,27,0.00027,65,0.00065
-49,26,2,100000,39,0.00039,93,0.00093
-49,26,3,100000,22,0.00022,70,0.0007
-49,26,4,100000,43,0.00043,79,0.00079
-49,26,5,100000,46,0.00046,74,0.00074
-49,27,0,100000,27,0.00027,79,0.00079
-49,27,1,100000,23,0.00023,79,0.00079
-49,27,2,100000,34,0.00034,65,0.00065
-49,27,3,100000,29,0.00029,83,0.00083
-49,27,4,100000,24,0.00024,56,0.00056
-49,27,5,100000,19,0.00019,72,0.00072
-49,28,0,100000,25,0.00025,68,0.00068
-49,28,1,100000,24,0.00024,58,0.00058
-49,28,2,100000,46,0.00046,72,0.00072
-49,28,3,100000,29,0.00029,76,0.00076
-49,28,4,100000,34,0.00034,60,0.0006
-49,28,5,100000,5,5e-05,60,0.0006
-49,29,0,100000,17,0.00017,42,0.00042
-49,29,1,100000,45,0.00045,81,0.00081
-49,29,2,100000,29,0.00029,56,0.00056
-49,29,3,100000,53,0.00053,86,0.00086
-49,29,4,100000,38,0.00038,84,0.00084
-49,29,5,100000,21,0.00021,67,0.00067
-49,30,0,100000,40,0.0004,59,0.00059
-49,30,1,100000,34,0.00034,76,0.00076
-49,30,2,100000,22,0.00022,63,0.00063
-49,30,3,100000,23,0.00023,74,0.00074
-49,30,4,100000,50,0.0005,83,0.00083
-49,30,5,100000,49,0.00049,66,0.00066
-49,31,0,100000,36,0.00036,79,0.00079
-49,31,1,100000,25,0.00025,63,0.00063
-49,31,2,100000,33,0.00033,75,0.00075
-49,31,3,100000,24,0.00024,66,0.00066
-49,31,4,100000,49,0.00049,72,0.00072
-49,31,5,100000,31,0.00031,74,0.00074
-49,32,0,100000,23,0.00023,69,0.00069
-49,32,1,100000,56,0.00056,78,0.00078
-49,32,2,100000,51,0.00051,82,0.00082
-49,32,3,100000,38,0.00038,85,0.00085
-49,32,4,100000,48,0.00048,90,0.0009
-49,32,5,100000,25,0.00025,63,0.00063
-49,33,0,100000,44,0.00044,92,0.00092
-49,33,1,100000,28,0.00028,78,0.00078
-49,33,2,100000,39,0.00039,77,0.00077
-49,33,3,100000,34,0.00034,67,0.00067
-49,33,4,100000,37,0.00037,82,0.00082
-49,33,5,100000,42,0.00042,66,0.00066
-49,34,0,100000,40,0.0004,64,0.00064
-49,34,1,100000,48,0.00048,72,0.00072
-49,34,2,100000,27,0.00027,63,0.00063
-49,34,3,100000,21,0.00021,70,0.0007
-49,34,4,100000,30,0.0003,72,0.00072
-49,34,5,100000,26,0.00026,62,0.00062
-49,35,0,100000,36,0.00036,71,0.00071
-49,35,1,100000,27,0.00027,72,0.00072
-49,35,2,100000,56,0.00056,86,0.00086
-49,35,3,100000,38,0.00038,76,0.00076
-49,35,4,100000,49,0.00049,82,0.00082
-49,35,5,100000,40,0.0004,85,0.00085
-49,36,0,100000,31,0.00031,74,0.00074
-49,36,1,100000,34,0.00034,85,0.00085
-49,36,2,100000,27,0.00027,76,0.00076
-49,36,3,100000,21,0.00021,67,0.00067
-49,36,4,100000,20,0.0002,77,0.00077
-49,36,5,100000,24,0.00024,81,0.00081
-49,37,0,100000,24,0.00024,69,0.00069
-49,37,1,100000,25,0.00025,73,0.00073
-49,37,2,100000,15,0.00015,60,0.0006
-49,37,3,100000,50,0.0005,80,0.0008
-49,37,4,100000,37,0.00037,75,0.00075
-49,37,5,100000,45,0.00045,63,0.00063
-49,38,0,100000,23,0.00023,73,0.00073
-49,38,1,100000,29,0.00029,76,0.00076
-49,38,2,100000,16,0.00016,79,0.00079
-49,38,3,100000,41,0.00041,73,0.00073
-49,38,4,100000,23,0.00023,65,0.00065
-49,38,5,100000,58,0.00058,74,0.00074
-49,39,0,100000,13,0.00013,52,0.00052
-49,39,1,100000,45,0.00045,87,0.00087
-49,39,2,100000,30,0.0003,75,0.00075
-49,39,3,100000,42,0.00042,77,0.00077
-49,39,4,100000,30,0.0003,66,0.00066
-49,39,5,100000,24,0.00024,64,0.00064
-49,40,0,100000,42,0.00042,80,0.0008
-49,40,1,100000,37,0.00037,84,0.00084
-49,40,2,100000,20,0.0002,73,0.00073
-49,40,3,100000,12,0.00012,74,0.00074
-49,40,4,100000,40,0.0004,61,0.00061
-49,40,5,100000,22,0.00022,71,0.00071
-49,41,0,100000,42,0.00042,80,0.0008
-49,41,1,100000,24,0.00024,73,0.00073
-49,41,2,100000,18,0.00018,68,0.00068
-49,41,3,100000,31,0.00031,74,0.00074
-49,41,4,100000,54,0.00054,86,0.00086
-49,41,5,100000,28,0.00028,83,0.00083
-49,42,0,100000,34,0.00034,68,0.00068
-49,42,1,100000,22,0.00022,66,0.00066
-49,42,2,100000,31,0.00031,60,0.0006
-49,42,3,100000,31,0.00031,75,0.00075
-49,42,4,100000,27,0.00027,53,0.00053
-49,42,5,100000,26,0.00026,72,0.00072
-49,43,0,100000,46,0.00046,83,0.00083
-49,43,1,100000,25,0.00025,57,0.00057
-49,43,2,100000,28,0.00028,74,0.00074
-49,43,3,100000,35,0.00035,69,0.00069
-49,43,4,100000,31,0.00031,77,0.00077
-49,43,5,100000,28,0.00028,84,0.00084
-49,44,0,100000,40,0.0004,79,0.00079
-49,44,1,100000,37,0.00037,84,0.00084
-49,44,2,100000,61,0.00061,72,0.00072
-49,44,3,100000,21,0.00021,77,0.00077
-49,44,4,100000,28,0.00028,61,0.00061
-49,44,5,100000,41,0.00041,78,0.00078
-49,45,0,100000,31,0.00031,88,0.00088
-49,45,1,100000,27,0.00027,65,0.00065
-49,45,2,100000,41,0.00041,73,0.00073
-49,45,3,100000,32,0.00032,64,0.00064
-49,45,4,100000,34,0.00034,76,0.00076
-49,45,5,100000,50,0.0005,78,0.00078
-49,46,0,100000,41,0.00041,65,0.00065
-49,46,1,100000,30,0.0003,56,0.00056
-49,46,2,100000,37,0.00037,88,0.00088
-49,46,3,100000,30,0.0003,70,0.0007
-49,46,4,100000,17,0.00017,67,0.00067
-49,46,5,100000,23,0.00023,76,0.00076
-49,47,0,100000,29,0.00029,62,0.00062
-49,47,1,100000,27,0.00027,74,0.00074
-49,47,2,100000,29,0.00029,66,0.00066
-49,47,3,100000,22,0.00022,69,0.00069
-49,47,4,100000,22,0.00022,63,0.00063
-49,47,5,100000,30,0.0003,63,0.00063
-49,48,0,100000,33,0.00033,66,0.00066
-49,48,1,100000,43,0.00043,67,0.00067
-49,48,2,100000,38,0.00038,68,0.00068
-49,48,3,100000,31,0.00031,70,0.0007
-49,48,4,100000,32,0.00032,68,0.00068
-49,48,5,100000,40,0.0004,66,0.00066
-49,49,0,100000,23,0.00023,76,0.00076
-49,49,1,100000,29,0.00029,77,0.00077
-49,49,2,100000,30,0.0003,80,0.0008
-49,49,3,100000,50,0.0005,83,0.00083
-49,49,4,100000,30,0.0003,78,0.00078
-49,49,5,100000,23,0.00023,80,0.0008
-49,50,0,100000,31,0.00031,84,0.00084
-49,50,1,100000,32,0.00032,75,0.00075
-49,50,2,100000,43,0.00043,76,0.00076
-49,50,3,100000,24,0.00024,72,0.00072
-49,50,4,100000,45,0.00045,72,0.00072
-49,50,5,100000,28,0.00028,84,0.00084
-48,-50,0,100000,22,0.00022,69,0.00069
-48,-50,1,100000,30,0.0003,66,0.00066
-48,-50,2,100000,21,0.00021,72,0.00072
-48,-50,3,100000,34,0.00034,83,0.00083
-48,-50,4,100000,35,0.00035,83,0.00083
-48,-50,5,100000,31,0.00031,66,0.00066
-48,-49,0,100000,26,0.00026,70,0.0007
-48,-49,1,100000,21,0.00021,67,0.00067
-48,-49,2,100000,31,0.00031,87,0.00087
-48,-49,3,100000,19,0.00019,77,0.00077
-48,-49,4,100000,23,0.00023,68,0.00068
-48,-49,5,100000,45,0.00045,77,0.00077
-48,-48,0,100000,39,0.00039,72,0.00072
-48,-48,1,100000,31,0.00031,83,0.00083
-48,-48,2,100000,35,0.00035,69,0.00069
-48,-48,3,100000,34,0.00034,80,0.0008
-48,-48,4,100000,35,0.00035,71,0.00071
-48,-48,5,100000,36,0.00036,82,0.00082
-48,-47,0,100000,33,0.00033,81,0.00081
-48,-47,1,100000,40,0.0004,68,0.00068
-48,-47,2,100000,16,0.00016,44,0.00044
-48,-47,3,100000,26,0.00026,59,0.00059
-48,-47,4,100000,24,0.00024,69,0.00069
-48,-47,5,100000,37,0.00037,65,0.00065
-48,-46,0,100000,33,0.00033,74,0.00074
-48,-46,1,100000,23,0.00023,62,0.00062
-48,-46,2,100000,51,0.00051,74,0.00074
-48,-46,3,100000,35,0.00035,88,0.00088
-48,-46,4,100000,33,0.00033,73,0.00073
-48,-46,5,100000,28,0.00028,59,0.00059
-48,-45,0,100000,23,0.00023,62,0.00062
-48,-45,1,100000,19,0.00019,83,0.00083
-48,-45,2,100000,25,0.00025,70,0.0007
-48,-45,3,100000,17,0.00017,62,0.00062
-48,-45,4,100000,27,0.00027,67,0.00067
-48,-45,5,100000,32,0.00032,64,0.00064
-48,-44,0,100000,29,0.00029,72,0.00072
-48,-44,1,100000,34,0.00034,82,0.00082
-48,-44,2,100000,24,0.00024,55,0.00055
-48,-44,3,100000,33,0.00033,67,0.00067
-48,-44,4,100000,25,0.00025,86,0.00086
-48,-44,5,100000,30,0.0003,79,0.00079
-48,-43,0,100000,29,0.00029,75,0.00075
-48,-43,1,100000,23,0.00023,62,0.00062
-48,-43,2,100000,12,0.00012,56,0.00056
-48,-43,3,100000,28,0.00028,57,0.00057
-48,-43,4,100000,54,0.00054,82,0.00082
-48,-43,5,100000,23,0.00023,82,0.00082
-48,-42,0,100000,20,0.0002,68,0.00068
-48,-42,1,100000,37,0.00037,76,0.00076
-48,-42,2,100000,10,0.0001,68,0.00068
-48,-42,3,100000,29,0.00029,74,0.00074
-48,-42,4,100000,28,0.00028,70,0.0007
-48,-42,5,100000,23,0.00023,84,0.00084
-48,-41,0,100000,18,0.00018,74,0.00074
-48,-41,1,100000,32,0.00032,83,0.00083
-48,-41,2,100000,31,0.00031,78,0.00078
-48,-41,3,100000,30,0.0003,68,0.00068
-48,-41,4,100000,32,0.00032,76,0.00076
-48,-41,5,100000,37,0.00037,83,0.00083
-48,-40,0,100000,44,0.00044,82,0.00082
-48,-40,1,100000,21,0.00021,67,0.00067
-48,-40,2,100000,45,0.00045,83,0.00083
-48,-40,3,100000,33,0.00033,69,0.00069
-48,-40,4,100000,34,0.00034,79,0.00079
-48,-40,5,100000,23,0.00023,78,0.00078
-48,-39,0,100000,39,0.00039,68,0.00068
-48,-39,1,100000,34,0.00034,72,0.00072
-48,-39,2,100000,47,0.00047,77,0.00077
-48,-39,3,100000,23,0.00023,62,0.00062
-48,-39,4,100000,37,0.00037,90,0.0009
-48,-39,5,100000,24,0.00024,73,0.00073
-48,-38,0,100000,28,0.00028,59,0.00059
-48,-38,1,100000,21,0.00021,60,0.0006
-48,-38,2,100000,14,0.00014,71,0.00071
-48,-38,3,100000,35,0.00035,71,0.00071
-48,-38,4,100000,27,0.00027,72,0.00072
-48,-38,5,100000,27,0.00027,64,0.00064
-48,-37,0,100000,21,0.00021,66,0.00066
-48,-37,1,100000,29,0.00029,85,0.00085
-48,-37,2,100000,45,0.00045,93,0.00093
-48,-37,3,100000,28,0.00028,76,0.00076
-48,-37,4,100000,24,0.00024,84,0.00084
-48,-37,5,100000,26,0.00026,72,0.00072
-48,-36,0,100000,39,0.00039,68,0.00068
-48,-36,1,100000,24,0.00024,61,0.00061
-48,-36,2,100000,27,0.00027,75,0.00075
-48,-36,3,100000,23,0.00023,66,0.00066
-48,-36,4,100000,33,0.00033,79,0.00079
-48,-36,5,100000,26,0.00026,70,0.0007
-48,-35,0,100000,29,0.00029,82,0.00082
-48,-35,1,100000,33,0.00033,68,0.00068
-48,-35,2,100000,23,0.00023,62,0.00062
-48,-35,3,100000,21,0.00021,57,0.00057
-48,-35,4,100000,19,0.00019,64,0.00064
-48,-35,5,100000,24,0.00024,69,0.00069
-48,-34,0,100000,22,0.00022,68,0.00068
-48,-34,1,100000,24,0.00024,74,0.00074
-48,-34,2,100000,27,0.00027,82,0.00082
-48,-34,3,100000,35,0.00035,84,0.00084
-48,-34,4,100000,24,0.00024,78,0.00078
-48,-34,5,100000,22,0.00022,65,0.00065
-48,-33,0,100000,38,0.00038,69,0.00069
-48,-33,1,100000,27,0.00027,69,0.00069
-48,-33,2,100000,35,0.00035,83,0.00083
-48,-33,3,100000,20,0.0002,71,0.00071
-48,-33,4,100000,17,0.00017,79,0.00079
-48,-33,5,100000,35,0.00035,51,0.00051
-48,-32,0,100000,22,0.00022,69,0.00069
-48,-32,1,100000,48,0.00048,73,0.00073
-48,-32,2,100000,45,0.00045,70,0.0007
-48,-32,3,100000,46,0.00046,81,0.00081
-48,-32,4,100000,27,0.00027,54,0.00054
-48,-32,5,100000,44,0.00044,73,0.00073
-48,-31,0,100000,23,0.00023,70,0.0007
-48,-31,1,100000,16,0.00016,60,0.0006
-48,-31,2,100000,36,0.00036,68,0.00068
-48,-31,3,100000,28,0.00028,69,0.00069
-48,-31,4,100000,24,0.00024,73,0.00073
-48,-31,5,100000,11,0.00011,59,0.00059
-48,-30,0,100000,28,0.00028,68,0.00068
-48,-30,1,100000,33,0.00033,61,0.00061
-48,-30,2,100000,45,0.00045,64,0.00064
-48,-30,3,100000,34,0.00034,71,0.00071
-48,-30,4,100000,28,0.00028,62,0.00062
-48,-30,5,100000,38,0.00038,70,0.0007
-48,-29,0,100000,35,0.00035,71,0.00071
-48,-29,1,100000,26,0.00026,74,0.00074
-48,-29,2,100000,19,0.00019,74,0.00074
-48,-29,3,100000,38,0.00038,75,0.00075
-48,-29,4,100000,21,0.00021,72,0.00072
-48,-29,5,100000,30,0.0003,72,0.00072
-48,-28,0,100000,27,0.00027,80,0.0008
-48,-28,1,100000,27,0.00027,68,0.00068
-48,-28,2,100000,51,0.00051,77,0.00077
-48,-28,3,100000,23,0.00023,91,0.00091
-48,-28,4,100000,43,0.00043,79,0.00079
-48,-28,5,100000,43,0.00043,76,0.00076
-48,-27,0,100000,34,0.00034,78,0.00078
-48,-27,1,100000,21,0.00021,85,0.00085
-48,-27,2,100000,37,0.00037,79,0.00079
-48,-27,3,100000,29,0.00029,74,0.00074
-48,-27,4,100000,33,0.00033,82,0.00082
-48,-27,5,100000,39,0.00039,68,0.00068
-48,-26,0,100000,40,0.0004,76,0.00076
-48,-26,1,100000,21,0.00021,71,0.00071
-48,-26,2,100000,21,0.00021,83,0.00083
-48,-26,3,100000,18,0.00018,69,0.00069
-48,-26,4,100000,29,0.00029,72,0.00072
-48,-26,5,100000,56,0.00056,80,0.0008
-48,-25,0,100000,35,0.00035,76,0.00076
-48,-25,1,100000,33,0.00033,65,0.00065
-48,-25,2,100000,32,0.00032,77,0.00077
-48,-25,3,100000,22,0.00022,78,0.00078
-48,-25,4,100000,21,0.00021,68,0.00068
-48,-25,5,100000,38,0.00038,72,0.00072
-48,-24,0,100000,30,0.0003,69,0.00069
-48,-24,1,100000,26,0.00026,69,0.00069
-48,-24,2,100000,38,0.00038,91,0.00091
-48,-24,3,100000,25,0.00025,68,0.00068
-48,-24,4,100000,26,0.00026,70,0.0007
-48,-24,5,100000,21,0.00021,60,0.0006
-48,-23,0,100000,24,0.00024,62,0.00062
-48,-23,1,100000,26,0.00026,77,0.00077
-48,-23,2,100000,24,0.00024,78,0.00078
-48,-23,3,100000,15,0.00015,60,0.0006
-48,-23,4,100000,35,0.00035,79,0.00079
-48,-23,5,100000,27,0.00027,62,0.00062
-48,-22,0,100000,31,0.00031,74,0.00074
-48,-22,1,100000,39,0.00039,70,0.0007
-48,-22,2,100000,17,0.00017,62,0.00062
-48,-22,3,100000,34,0.00034,76,0.00076
-48,-22,4,100000,24,0.00024,74,0.00074
-48,-22,5,100000,32,0.00032,76,0.00076
-48,-21,0,100000,24,0.00024,77,0.00077
-48,-21,1,100000,20,0.0002,66,0.00066
-48,-21,2,100000,33,0.00033,59,0.00059
-48,-21,3,100000,23,0.00023,76,0.00076
-48,-21,4,100000,25,0.00025,59,0.00059
-48,-21,5,100000,27,0.00027,64,0.00064
-48,-20,0,100000,39,0.00039,67,0.00067
-48,-20,1,100000,28,0.00028,68,0.00068
-48,-20,2,100000,40,0.0004,79,0.00079
-48,-20,3,100000,40,0.0004,74,0.00074
-48,-20,4,100000,55,0.00055,100,0.001
-48,-20,5,100000,42,0.00042,87,0.00087
-48,-19,0,100000,29,0.00029,66,0.00066
-48,-19,1,100000,12,0.00012,67,0.00067
-48,-19,2,100000,15,0.00015,74,0.00074
-48,-19,3,100000,24,0.00024,66,0.00066
-48,-19,4,100000,29,0.00029,61,0.00061
-48,-19,5,100000,29,0.00029,95,0.00095
-48,-18,0,100000,27,0.00027,89,0.00089
-48,-18,1,100000,38,0.00038,70,0.0007
-48,-18,2,100000,18,0.00018,69,0.00069
-48,-18,3,100000,23,0.00023,70,0.0007
-48,-18,4,100000,26,0.00026,71,0.00071
-48,-18,5,100000,23,0.00023,59,0.00059
-48,-17,0,100000,27,0.00027,76,0.00076
-48,-17,1,100000,40,0.0004,63,0.00063
-48,-17,2,100000,36,0.00036,77,0.00077
-48,-17,3,100000,55,0.00055,67,0.00067
-48,-17,4,100000,22,0.00022,72,0.00072
-48,-17,5,100000,18,0.00018,71,0.00071
-48,-16,0,100000,33,0.00033,74,0.00074
-48,-16,1,100000,23,0.00023,71,0.00071
-48,-16,2,100000,24,0.00024,85,0.00085
-48,-16,3,100000,32,0.00032,76,0.00076
-48,-16,4,100000,24,0.00024,76,0.00076
-48,-16,5,100000,32,0.00032,67,0.00067
-48,-15,0,100000,64,0.00064,72,0.00072
-48,-15,1,100000,31,0.00031,64,0.00064
-48,-15,2,100000,26,0.00026,60,0.0006
-48,-15,3,100000,32,0.00032,77,0.00077
-48,-15,4,100000,29,0.00029,66,0.00066
-48,-15,5,100000,39,0.00039,68,0.00068
-48,-14,0,100000,40,0.0004,78,0.00078
-48,-14,1,100000,36,0.00036,68,0.00068
-48,-14,2,100000,25,0.00025,72,0.00072
-48,-14,3,100000,21,0.00021,57,0.00057
-48,-14,4,100000,36,0.00036,69,0.00069
-48,-14,5,100000,37,0.00037,70,0.0007
-48,-13,0,100000,24,0.00024,61,0.00061
-48,-13,1,100000,37,0.00037,76,0.00076
-48,-13,2,100000,47,0.00047,71,0.00071
-48,-13,3,100000,38,0.00038,93,0.00093
-48,-13,4,100000,41,0.00041,74,0.00074
-48,-13,5,100000,24,0.00024,79,0.00079
-48,-12,0,100000,34,0.00034,74,0.00074
-48,-12,1,100000,28,0.00028,69,0.00069
-48,-12,2,100000,32,0.00032,76,0.00076
-48,-12,3,100000,38,0.00038,83,0.00083
-48,-12,4,100000,24,0.00024,71,0.00071
-48,-12,5,100000,32,0.00032,69,0.00069
-48,-11,0,100000,22,0.00022,85,0.00085
-48,-11,1,100000,23,0.00023,76,0.00076
-48,-11,2,100000,23,0.00023,54,0.00054
-48,-11,3,100000,23,0.00023,66,0.00066
-48,-11,4,100000,23,0.00023,69,0.00069
-48,-11,5,100000,28,0.00028,71,0.00071
-48,-10,0,100000,24,0.00024,56,0.00056
-48,-10,1,100000,24,0.00024,77,0.00077
-48,-10,2,100000,21,0.00021,64,0.00064
-48,-10,3,100000,32,0.00032,80,0.0008
-48,-10,4,100000,30,0.0003,74,0.00074
-48,-10,5,100000,33,0.00033,73,0.00073
-48,-9,0,100000,24,0.00024,74,0.00074
-48,-9,1,100000,43,0.00043,79,0.00079
-48,-9,2,100000,28,0.00028,75,0.00075
-48,-9,3,100000,41,0.00041,82,0.00082
-48,-9,4,100000,21,0.00021,76,0.00076
-48,-9,5,100000,38,0.00038,65,0.00065
-48,-8,0,100000,22,0.00022,57,0.00057
-48,-8,1,100000,24,0.00024,70,0.0007
-48,-8,2,100000,38,0.00038,67,0.00067
-48,-8,3,100000,25,0.00025,67,0.00067
-48,-8,4,100000,21,0.00021,59,0.00059
-48,-8,5,100000,21,0.00021,58,0.00058
-48,-7,0,100000,34,0.00034,69,0.00069
-48,-7,1,100000,44,0.00044,84,0.00084
-48,-7,2,100000,22,0.00022,82,0.00082
-48,-7,3,100000,17,0.00017,60,0.0006
-48,-7,4,100000,27,0.00027,75,0.00075
-48,-7,5,100000,30,0.0003,67,0.00067
-48,-6,0,100000,28,0.00028,68,0.00068
-48,-6,1,100000,30,0.0003,75,0.00075
-48,-6,2,100000,32,0.00032,60,0.0006
-48,-6,3,100000,22,0.00022,78,0.00078
-48,-6,4,100000,40,0.0004,82,0.00082
-48,-6,5,100000,30,0.0003,73,0.00073
-48,-5,0,100000,30,0.0003,87,0.00087
-48,-5,1,100000,19,0.00019,74,0.00074
-48,-5,2,100000,69,0.00069,95,0.00095
-48,-5,3,100000,32,0.00032,88,0.00088
-48,-5,4,100000,32,0.00032,73,0.00073
-48,-5,5,100000,27,0.00027,66,0.00066
-48,-4,0,100000,26,0.00026,59,0.00059
-48,-4,1,100000,24,0.00024,67,0.00067
-48,-4,2,100000,22,0.00022,62,0.00062
-48,-4,3,100000,37,0.00037,63,0.00063
-48,-4,4,100000,39,0.00039,48,0.00048
-48,-4,5,100000,37,0.00037,72,0.00072
-48,-3,0,100000,33,0.00033,74,0.00074
-48,-3,1,100000,52,0.00052,79,0.00079
-48,-3,2,100000,16,0.00016,75,0.00075
-48,-3,3,100000,24,0.00024,80,0.0008
-48,-3,4,100000,31,0.00031,88,0.00088
-48,-3,5,100000,26,0.00026,71,0.00071
-48,-2,0,100000,16,0.00016,71,0.00071
-48,-2,1,100000,30,0.0003,70,0.0007
-48,-2,2,100000,25,0.00025,70,0.0007
-48,-2,3,100000,37,0.00037,86,0.00086
-48,-2,4,100000,29,0.00029,73,0.00073
-48,-2,5,100000,26,0.00026,72,0.00072
-48,-1,0,100000,42,0.00042,80,0.0008
-48,-1,1,100000,16,0.00016,67,0.00067
-48,-1,2,100000,34,0.00034,75,0.00075
-48,-1,3,100000,32,0.00032,66,0.00066
-48,-1,4,100000,30,0.0003,68,0.00068
-48,-1,5,100000,22,0.00022,78,0.00078
-48,0,0,100000,24,0.00024,73,0.00073
-48,0,1,100000,16,0.00016,52,0.00052
-48,0,2,100000,41,0.00041,66,0.00066
-48,0,3,100000,29,0.00029,65,0.00065
-48,0,4,100000,32,0.00032,72,0.00072
-48,0,5,100000,24,0.00024,76,0.00076
-48,1,0,100000,37,0.00037,87,0.00087
-48,1,1,100000,55,0.00055,95,0.00095
-48,1,2,100000,26,0.00026,83,0.00083
-48,1,3,100000,55,0.00055,87,0.00087
-48,1,4,100000,29,0.00029,71,0.00071
-48,1,5,100000,32,0.00032,71,0.00071
-48,2,0,100000,21,0.00021,83,0.00083
-48,2,1,100000,43,0.00043,88,0.00088
-48,2,2,100000,30,0.0003,78,0.00078
-48,2,3,100000,23,0.00023,69,0.00069
-48,2,4,100000,24,0.00024,73,0.00073
-48,2,5,100000,36,0.00036,80,0.0008
-48,3,0,100000,22,0.00022,72,0.00072
-48,3,1,100000,36,0.00036,70,0.0007
-48,3,2,100000,42,0.00042,77,0.00077
-48,3,3,100000,35,0.00035,66,0.00066
-48,3,4,100000,28,0.00028,80,0.0008
-48,3,5,100000,31,0.00031,70,0.0007
-48,4,0,100000,23,0.00023,72,0.00072
-48,4,1,100000,22,0.00022,75,0.00075
-48,4,2,100000,9,9e-05,63,0.00063
-48,4,3,100000,16,0.00016,47,0.00047
-48,4,4,100000,12,0.00012,70,0.0007
-48,4,5,100000,21,0.00021,54,0.00054
-48,5,0,100000,25,0.00025,86,0.00086
-48,5,1,100000,48,0.00048,81,0.00081
-48,5,2,100000,32,0.00032,86,0.00086
-48,5,3,100000,25,0.00025,69,0.00069
-48,5,4,100000,56,0.00056,93,0.00093
-48,5,5,100000,22,0.00022,64,0.00064
-48,6,0,100000,20,0.0002,60,0.0006
-48,6,1,100000,35,0.00035,60,0.0006
-48,6,2,100000,31,0.00031,73,0.00073
-48,6,3,100000,29,0.00029,71,0.00071
-48,6,4,100000,24,0.00024,82,0.00082
-48,6,5,100000,37,0.00037,67,0.00067
-48,7,0,100000,26,0.00026,60,0.0006
-48,7,1,100000,31,0.00031,67,0.00067
-48,7,2,100000,39,0.00039,66,0.00066
-48,7,3,100000,43,0.00043,83,0.00083
-48,7,4,100000,26,0.00026,78,0.00078
-48,7,5,100000,25,0.00025,78,0.00078
-48,8,0,100000,49,0.00049,83,0.00083
-48,8,1,100000,39,0.00039,63,0.00063
-48,8,2,100000,33,0.00033,72,0.00072
-48,8,3,100000,40,0.0004,91,0.00091
-48,8,4,100000,34,0.00034,76,0.00076
-48,8,5,100000,35,0.00035,69,0.00069
-48,9,0,100000,58,0.00058,81,0.00081
-48,9,1,100000,24,0.00024,75,0.00075
-48,9,2,100000,53,0.00053,72,0.00072
-48,9,3,100000,25,0.00025,88,0.00088
-48,9,4,100000,34,0.00034,73,0.00073
-48,9,5,100000,32,0.00032,60,0.0006
-48,10,0,100000,39,0.00039,85,0.00085
-48,10,1,100000,28,0.00028,66,0.00066
-48,10,2,100000,25,0.00025,68,0.00068
-48,10,3,100000,26,0.00026,70,0.0007
-48,10,4,100000,52,0.00052,88,0.00088
-48,10,5,100000,29,0.00029,69,0.00069
-48,11,0,100000,19,0.00019,68,0.00068
-48,11,1,100000,39,0.00039,79,0.00079
-48,11,2,100000,29,0.00029,82,0.00082
-48,11,3,100000,26,0.00026,70,0.0007
-48,11,4,100000,41,0.00041,62,0.00062
-48,11,5,100000,25,0.00025,56,0.00056
-48,12,0,100000,43,0.00043,81,0.00081
-48,12,1,100000,33,0.00033,61,0.00061
-48,12,2,100000,40,0.0004,88,0.00088
-48,12,3,100000,14,0.00014,64,0.00064
-48,12,4,100000,27,0.00027,73,0.00073
-48,12,5,100000,52,0.00052,86,0.00086
-48,13,0,100000,42,0.00042,76,0.00076
-48,13,1,100000,14,0.00014,74,0.00074
-48,13,2,100000,20,0.0002,71,0.00071
-48,13,3,100000,25,0.00025,66,0.00066
-48,13,4,100000,30,0.0003,73,0.00073
-48,13,5,100000,35,0.00035,72,0.00072
-48,14,0,100000,31,0.00031,71,0.00071
-48,14,1,100000,33,0.00033,58,0.00058
-48,14,2,100000,15,0.00015,76,0.00076
-48,14,3,100000,19,0.00019,63,0.00063
-48,14,4,100000,19,0.00019,70,0.0007
-48,14,5,100000,45,0.00045,82,0.00082
-48,15,0,100000,33,0.00033,60,0.0006
-48,15,1,100000,35,0.00035,69,0.00069
-48,15,2,100000,28,0.00028,67,0.00067
-48,15,3,100000,17,0.00017,73,0.00073
-48,15,4,100000,17,0.00017,63,0.00063
-48,15,5,100000,19,0.00019,76,0.00076
-48,16,0,100000,36,0.00036,87,0.00087
-48,16,1,100000,31,0.00031,66,0.00066
-48,16,2,100000,28,0.00028,73,0.00073
-48,16,3,100000,33,0.00033,72,0.00072
-48,16,4,100000,33,0.00033,74,0.00074
-48,16,5,100000,34,0.00034,63,0.00063
-48,17,0,100000,29,0.00029,69,0.00069
-48,17,1,100000,27,0.00027,73,0.00073
-48,17,2,100000,31,0.00031,84,0.00084
-48,17,3,100000,29,0.00029,62,0.00062
-48,17,4,100000,26,0.00026,60,0.0006
-48,17,5,100000,24,0.00024,72,0.00072
-48,18,0,100000,23,0.00023,76,0.00076
-48,18,1,100000,25,0.00025,75,0.00075
-48,18,2,100000,33,0.00033,66,0.00066
-48,18,3,100000,36,0.00036,93,0.00093
-48,18,4,100000,35,0.00035,72,0.00072
-48,18,5,100000,34,0.00034,67,0.00067
-48,19,0,100000,43,0.00043,77,0.00077
-48,19,1,100000,38,0.00038,80,0.0008
-48,19,2,100000,14,0.00014,69,0.00069
-48,19,3,100000,29,0.00029,80,0.0008
-48,19,4,100000,24,0.00024,68,0.00068
-48,19,5,100000,16,0.00016,67,0.00067
-48,20,0,100000,23,0.00023,70,0.0007
-48,20,1,100000,32,0.00032,66,0.00066
-48,20,2,100000,22,0.00022,83,0.00083
-48,20,3,100000,33,0.00033,76,0.00076
-48,20,4,100000,33,0.00033,66,0.00066
-48,20,5,100000,24,0.00024,62,0.00062
-48,21,0,100000,26,0.00026,84,0.00084
-48,21,1,100000,41,0.00041,83,0.00083
-48,21,2,100000,32,0.00032,71,0.00071
-48,21,3,100000,24,0.00024,66,0.00066
-48,21,4,100000,34,0.00034,77,0.00077
-48,21,5,100000,48,0.00048,75,0.00075
-48,22,0,100000,33,0.00033,75,0.00075
-48,22,1,100000,25,0.00025,76,0.00076
-48,22,2,100000,31,0.00031,79,0.00079
-48,22,3,100000,16,0.00016,59,0.00059
-48,22,4,100000,23,0.00023,71,0.00071
-48,22,5,100000,17,0.00017,66,0.00066
-48,23,0,100000,35,0.00035,77,0.00077
-48,23,1,100000,29,0.00029,72,0.00072
-48,23,2,100000,27,0.00027,73,0.00073
-48,23,3,100000,27,0.00027,70,0.0007
-48,23,4,100000,22,0.00022,68,0.00068
-48,23,5,100000,18,0.00018,71,0.00071
-48,24,0,100000,32,0.00032,76,0.00076
-48,24,1,100000,25,0.00025,49,0.00049
-48,24,2,100000,19,0.00019,68,0.00068
-48,24,3,100000,35,0.00035,78,0.00078
-48,24,4,100000,27,0.00027,73,0.00073
-48,24,5,100000,23,0.00023,80,0.0008
-48,25,0,100000,41,0.00041,64,0.00064
-48,25,1,100000,19,0.00019,68,0.00068
-48,25,2,100000,34,0.00034,79,0.00079
-48,25,3,100000,30,0.0003,74,0.00074
-48,25,4,100000,41,0.00041,63,0.00063
-48,25,5,100000,29,0.00029,69,0.00069
-48,26,0,100000,39,0.00039,74,0.00074
-48,26,1,100000,30,0.0003,74,0.00074
-48,26,2,100000,49,0.00049,84,0.00084
-48,26,3,100000,34,0.00034,85,0.00085
-48,26,4,100000,38,0.00038,83,0.00083
-48,26,5,100000,16,0.00016,71,0.00071
-48,27,0,100000,18,0.00018,64,0.00064
-48,27,1,100000,24,0.00024,78,0.00078
-48,27,2,100000,33,0.00033,76,0.00076
-48,27,3,100000,23,0.00023,71,0.00071
-48,27,4,100000,26,0.00026,89,0.00089
-48,27,5,100000,27,0.00027,73,0.00073
-48,28,0,100000,51,0.00051,82,0.00082
-48,28,1,100000,31,0.00031,77,0.00077
-48,28,2,100000,35,0.00035,80,0.0008
-48,28,3,100000,36,0.00036,71,0.00071
-48,28,4,100000,29,0.00029,73,0.00073
-48,28,5,100000,21,0.00021,90,0.0009
-48,29,0,100000,23,0.00023,55,0.00055
-48,29,1,100000,32,0.00032,80,0.0008
-48,29,2,100000,31,0.00031,65,0.00065
-48,29,3,100000,32,0.00032,73,0.00073
-48,29,4,100000,27,0.00027,73,0.00073
-48,29,5,100000,32,0.00032,73,0.00073
-48,30,0,100000,20,0.0002,60,0.0006
-48,30,1,100000,26,0.00026,87,0.00087
-48,30,2,100000,17,0.00017,77,0.00077
-48,30,3,100000,35,0.00035,76,0.00076
-48,30,4,100000,26,0.00026,59,0.00059
-48,30,5,100000,32,0.00032,73,0.00073
-48,31,0,100000,36,0.00036,79,0.00079
-48,31,1,100000,19,0.00019,70,0.0007
-48,31,2,100000,33,0.00033,76,0.00076
-48,31,3,100000,37,0.00037,78,0.00078
-48,31,4,100000,29,0.00029,63,0.00063
-48,31,5,100000,29,0.00029,79,0.00079
-48,32,0,100000,21,0.00021,76,0.00076
-48,32,1,100000,40,0.0004,92,0.00092
-48,32,2,100000,26,0.00026,74,0.00074
-48,32,3,100000,31,0.00031,71,0.00071
-48,32,4,100000,38,0.00038,78,0.00078
-48,32,5,100000,25,0.00025,69,0.00069
-48,33,0,100000,26,0.00026,70,0.0007
-48,33,1,100000,29,0.00029,75,0.00075
-48,33,2,100000,33,0.00033,71,0.00071
-48,33,3,100000,26,0.00026,66,0.00066
-48,33,4,100000,34,0.00034,94,0.00094
-48,33,5,100000,41,0.00041,79,0.00079
-48,34,0,100000,36,0.00036,71,0.00071
-48,34,1,100000,60,0.0006,71,0.00071
-48,34,2,100000,31,0.00031,79,0.00079
-48,34,3,100000,49,0.00049,79,0.00079
-48,34,4,100000,27,0.00027,84,0.00084
-48,34,5,100000,31,0.00031,77,0.00077
-48,35,0,100000,28,0.00028,75,0.00075
-48,35,1,100000,28,0.00028,66,0.00066
-48,35,2,100000,18,0.00018,68,0.00068
-48,35,3,100000,18,0.00018,68,0.00068
-48,35,4,100000,31,0.00031,61,0.00061
-48,35,5,100000,48,0.00048,66,0.00066
-48,36,0,100000,29,0.00029,71,0.00071
-48,36,1,100000,32,0.00032,75,0.00075
-48,36,2,100000,23,0.00023,66,0.00066
-48,36,3,100000,22,0.00022,73,0.00073
-48,36,4,100000,35,0.00035,82,0.00082
-48,36,5,100000,40,0.0004,86,0.00086
-48,37,0,100000,35,0.00035,62,0.00062
-48,37,1,100000,33,0.00033,69,0.00069
-48,37,2,100000,23,0.00023,57,0.00057
-48,37,3,100000,32,0.00032,75,0.00075
-48,37,4,100000,22,0.00022,89,0.00089
-48,37,5,100000,24,0.00024,71,0.00071
-48,38,0,100000,37,0.00037,81,0.00081
-48,38,1,100000,51,0.00051,79,0.00079
-48,38,2,100000,24,0.00024,76,0.00076
-48,38,3,100000,34,0.00034,64,0.00064
-48,38,4,100000,24,0.00024,65,0.00065
-48,38,5,100000,42,0.00042,77,0.00077
-48,39,0,100000,25,0.00025,74,0.00074
-48,39,1,100000,42,0.00042,84,0.00084
-48,39,2,100000,23,0.00023,79,0.00079
-48,39,3,100000,55,0.00055,84,0.00084
-48,39,4,100000,45,0.00045,72,0.00072
-48,39,5,100000,24,0.00024,67,0.00067
-48,40,0,100000,44,0.00044,83,0.00083
-48,40,1,100000,48,0.00048,63,0.00063
-48,40,2,100000,9,9e-05,71,0.00071
-48,40,3,100000,36,0.00036,86,0.00086
-48,40,4,100000,38,0.00038,76,0.00076
-48,40,5,100000,23,0.00023,63,0.00063
-48,41,0,100000,38,0.00038,73,0.00073
-48,41,1,100000,29,0.00029,65,0.00065
-48,41,2,100000,33,0.00033,68,0.00068
-48,41,3,100000,20,0.0002,59,0.00059
-48,41,4,100000,19,0.00019,68,0.00068
-48,41,5,100000,27,0.00027,64,0.00064
-48,42,0,100000,24,0.00024,76,0.00076
-48,42,1,100000,22,0.00022,73,0.00073
-48,42,2,100000,27,0.00027,73,0.00073
-48,42,3,100000,44,0.00044,82,0.00082
-48,42,4,100000,31,0.00031,74,0.00074
-48,42,5,100000,41,0.00041,75,0.00075
-48,43,0,100000,28,0.00028,65,0.00065
-48,43,1,100000,29,0.00029,69,0.00069
-48,43,2,100000,22,0.00022,78,0.00078
-48,43,3,100000,31,0.00031,72,0.00072
-48,43,4,100000,28,0.00028,71,0.00071
-48,43,5,100000,25,0.00025,73,0.00073
-48,44,0,100000,26,0.00026,78,0.00078
-48,44,1,100000,23,0.00023,57,0.00057
-48,44,2,100000,38,0.00038,84,0.00084
-48,44,3,100000,28,0.00028,82,0.00082
-48,44,4,100000,28,0.00028,71,0.00071
-48,44,5,100000,41,0.00041,64,0.00064
-48,45,0,100000,27,0.00027,67,0.00067
-48,45,1,100000,69,0.00069,88,0.00088
-48,45,2,100000,46,0.00046,78,0.00078
-48,45,3,100000,20,0.0002,72,0.00072
-48,45,4,100000,19,0.00019,65,0.00065
-48,45,5,100000,48,0.00048,88,0.00088
-48,46,0,100000,22,0.00022,75,0.00075
-48,46,1,100000,24,0.00024,82,0.00082
-48,46,2,100000,36,0.00036,75,0.00075
-48,46,3,100000,64,0.00064,91,0.00091
-48,46,4,100000,19,0.00019,68,0.00068
-48,46,5,100000,24,0.00024,58,0.00058
-48,47,0,100000,31,0.00031,79,0.00079
-48,47,1,100000,33,0.00033,78,0.00078
-48,47,2,100000,30,0.0003,62,0.00062
-48,47,3,100000,20,0.0002,56,0.00056
-48,47,4,100000,25,0.00025,74,0.00074
-48,47,5,100000,31,0.00031,81,0.00081
-48,48,0,100000,32,0.00032,67,0.00067
-48,48,1,100000,22,0.00022,61,0.00061
-48,48,2,100000,27,0.00027,81,0.00081
-48,48,3,100000,26,0.00026,67,0.00067
-48,48,4,100000,34,0.00034,83,0.00083
-48,48,5,100000,21,0.00021,67,0.00067
-48,49,0,100000,28,0.00028,83,0.00083
-48,49,1,100000,28,0.00028,69,0.00069
-48,49,2,100000,53,0.00053,86,0.00086
-48,49,3,100000,57,0.00057,79,0.00079
-48,49,4,100000,21,0.00021,72,0.00072
-48,49,5,100000,21,0.00021,64,0.00064
-48,50,0,100000,43,0.00043,75,0.00075
-48,50,1,100000,39,0.00039,71,0.00071
-48,50,2,100000,33,0.00033,79,0.00079
-48,50,3,100000,19,0.00019,72,0.00072
-48,50,4,100000,31,0.00031,76,0.00076
-48,50,5,100000,32,0.00032,73,0.00073
-47,-50,0,100000,32,0.00032,78,0.00078
-47,-50,1,100000,23,0.00023,79,0.00079
-47,-50,2,100000,32,0.00032,68,0.00068
-47,-50,3,100000,46,0.00046,102,0.00102
-47,-50,4,100000,22,0.00022,59,0.00059
-47,-50,5,100000,22,0.00022,77,0.00077
-47,-49,0,100000,30,0.0003,72,0.00072
-47,-49,1,100000,28,0.00028,60,0.0006
-47,-49,2,100000,24,0.00024,56,0.00056
-47,-49,3,100000,41,0.00041,77,0.00077
-47,-49,4,100000,40,0.0004,72,0.00072
-47,-49,5,100000,15,0.00015,59,0.00059
-47,-48,0,100000,23,0.00023,56,0.00056
-47,-48,1,100000,28,0.00028,67,0.00067
-47,-48,2,100000,25,0.00025,63,0.00063
-47,-48,3,100000,45,0.00045,92,0.00092
-47,-48,4,100000,37,0.00037,78,0.00078
-47,-48,5,100000,23,0.00023,66,0.00066
-47,-47,0,100000,51,0.00051,73,0.00073
-47,-47,1,100000,32,0.00032,73,0.00073
-47,-47,2,100000,33,0.00033,62,0.00062
-47,-47,3,100000,27,0.00027,84,0.00084
-47,-47,4,100000,57,0.00057,82,0.00082
-47,-47,5,100000,46,0.00046,75,0.00075
-47,-46,0,100000,25,0.00025,74,0.00074
-47,-46,1,100000,24,0.00024,62,0.00062
-47,-46,2,100000,34,0.00034,66,0.00066
-47,-46,3,100000,28,0.00028,66,0.00066
-47,-46,4,100000,40,0.0004,75,0.00075
-47,-46,5,100000,33,0.00033,84,0.00084
-47,-45,0,100000,16,0.00016,61,0.00061
-47,-45,1,100000,51,0.00051,80,0.0008
-47,-45,2,100000,54,0.00054,67,0.00067
-47,-45,3,100000,23,0.00023,86,0.00086
-47,-45,4,100000,46,0.00046,87,0.00087
-47,-45,5,100000,24,0.00024,56,0.00056
-47,-44,0,100000,42,0.00042,86,0.00086
-47,-44,1,100000,28,0.00028,71,0.00071
-47,-44,2,100000,48,0.00048,77,0.00077
-47,-44,3,100000,30,0.0003,61,0.00061
-47,-44,4,100000,35,0.00035,87,0.00087
-47,-44,5,100000,35,0.00035,64,0.00064
-47,-43,0,100000,53,0.00053,68,0.00068
-47,-43,1,100000,46,0.00046,71,0.00071
-47,-43,2,100000,40,0.0004,70,0.0007
-47,-43,3,100000,29,0.00029,86,0.00086
-47,-43,4,100000,39,0.00039,74,0.00074
-47,-43,5,100000,32,0.00032,66,0.00066
-47,-42,0,100000,48,0.00048,78,0.00078
-47,-42,1,100000,27,0.00027,73,0.00073
-47,-42,2,100000,46,0.00046,82,0.00082
-47,-42,3,100000,27,0.00027,72,0.00072
-47,-42,4,100000,55,0.00055,80,0.0008
-47,-42,5,100000,42,0.00042,89,0.00089
-47,-41,0,100000,29,0.00029,77,0.00077
-47,-41,1,100000,31,0.00031,84,0.00084
-47,-41,2,100000,25,0.00025,82,0.00082
-47,-41,3,100000,20,0.0002,72,0.00072
-47,-41,4,100000,24,0.00024,70,0.0007
-47,-41,5,100000,19,0.00019,68,0.00068
-47,-40,0,100000,21,0.00021,70,0.0007
-47,-40,1,100000,23,0.00023,71,0.00071
-47,-40,2,100000,26,0.00026,60,0.0006
-47,-40,3,100000,44,0.00044,73,0.00073
-47,-40,4,100000,30,0.0003,80,0.0008
-47,-40,5,100000,28,0.00028,73,0.00073
-47,-39,0,100000,22,0.00022,76,0.00076
-47,-39,1,100000,39,0.00039,76,0.00076
-47,-39,2,100000,24,0.00024,73,0.00073
-47,-39,3,100000,32,0.00032,72,0.00072
-47,-39,4,100000,32,0.00032,72,0.00072
-47,-39,5,100000,53,0.00053,83,0.00083
-47,-38,0,100000,10,0.0001,40,0.0004
-47,-38,1,100000,46,0.00046,84,0.00084
-47,-38,2,100000,20,0.0002,74,0.00074
-47,-38,3,100000,40,0.0004,78,0.00078
-47,-38,4,100000,34,0.00034,73,0.00073
-47,-38,5,100000,22,0.00022,58,0.00058
-47,-37,0,100000,48,0.00048,84,0.00084
-47,-37,1,100000,33,0.00033,90,0.0009
-47,-37,2,100000,24,0.00024,84,0.00084
-47,-37,3,100000,21,0.00021,76,0.00076
-47,-37,4,100000,40,0.0004,61,0.00061
-47,-37,5,100000,27,0.00027,81,0.00081
-47,-36,0,100000,40,0.0004,75,0.00075
-47,-36,1,100000,31,0.00031,82,0.00082
-47,-36,2,100000,26,0.00026,61,0.00061
-47,-36,3,100000,33,0.00033,73,0.00073
-47,-36,4,100000,56,0.00056,82,0.00082
-47,-36,5,100000,31,0.00031,78,0.00078
-47,-35,0,100000,24,0.00024,64,0.00064
-47,-35,1,100000,23,0.00023,61,0.00061
-47,-35,2,100000,30,0.0003,66,0.00066
-47,-35,3,100000,29,0.00029,75,0.00075
-47,-35,4,100000,26,0.00026,62,0.00062
-47,-35,5,100000,17,0.00017,62,0.00062
-47,-34,0,100000,34,0.00034,77,0.00077
-47,-34,1,100000,34,0.00034,68,0.00068
-47,-34,2,100000,30,0.0003,64,0.00064
-47,-34,3,100000,32,0.00032,65,0.00065
-47,-34,4,100000,33,0.00033,78,0.00078
-47,-34,5,100000,33,0.00033,88,0.00088
-47,-33,0,100000,32,0.00032,79,0.00079
-47,-33,1,100000,55,0.00055,96,0.00096
-47,-33,2,100000,46,0.00046,67,0.00067
-47,-33,3,100000,38,0.00038,73,0.00073
-47,-33,4,100000,25,0.00025,65,0.00065
-47,-33,5,100000,37,0.00037,84,0.00084
-47,-32,0,100000,36,0.00036,80,0.0008
-47,-32,1,100000,30,0.0003,66,0.00066
-47,-32,2,100000,42,0.00042,80,0.0008
-47,-32,3,100000,30,0.0003,75,0.00075
-47,-32,4,100000,38,0.00038,75,0.00075
-47,-32,5,100000,51,0.00051,77,0.00077
-47,-31,0,100000,30,0.0003,61,0.00061
-47,-31,1,100000,31,0.00031,63,0.00063
-47,-31,2,100000,40,0.0004,79,0.00079
-47,-31,3,100000,37,0.00037,66,0.00066
-47,-31,4,100000,22,0.00022,82,0.00082
-47,-31,5,100000,17,0.00017,83,0.00083
-47,-30,0,100000,17,0.00017,70,0.0007
-47,-30,1,100000,21,0.00021,58,0.00058
-47,-30,2,100000,35,0.00035,60,0.0006
-47,-30,3,100000,21,0.00021,62,0.00062
-47,-30,4,100000,25,0.00025,68,0.00068
-47,-30,5,100000,41,0.00041,68,0.00068
-47,-29,0,100000,41,0.00041,67,0.00067
-47,-29,1,100000,29,0.00029,57,0.00057
-47,-29,2,100000,23,0.00023,56,0.00056
-47,-29,3,100000,46,0.00046,67,0.00067
-47,-29,4,100000,44,0.00044,72,0.00072
-47,-29,5,100000,30,0.0003,61,0.00061
-47,-28,0,100000,26,0.00026,80,0.0008
-47,-28,1,100000,32,0.00032,78,0.00078
-47,-28,2,100000,36,0.00036,81,0.00081
-47,-28,3,100000,43,0.00043,87,0.00087
-47,-28,4,100000,41,0.00041,80,0.0008
-47,-28,5,100000,28,0.00028,84,0.00084
-47,-27,0,100000,45,0.00045,91,0.00091
-47,-27,1,100000,26,0.00026,79,0.00079
-47,-27,2,100000,37,0.00037,83,0.00083
-47,-27,3,100000,25,0.00025,66,0.00066
-47,-27,4,100000,34,0.00034,78,0.00078
-47,-27,5,100000,23,0.00023,75,0.00075
-47,-26,0,100000,23,0.00023,71,0.00071
-47,-26,1,100000,26,0.00026,65,0.00065
-47,-26,2,100000,18,0.00018,70,0.0007
-47,-26,3,100000,38,0.00038,82,0.00082
-47,-26,4,100000,33,0.00033,72,0.00072
-47,-26,5,100000,31,0.00031,62,0.00062
-47,-25,0,100000,33,0.00033,73,0.00073
-47,-25,1,100000,17,0.00017,64,0.00064
-47,-25,2,100000,45,0.00045,88,0.00088
-47,-25,3,100000,30,0.0003,80,0.0008
-47,-25,4,100000,14,0.00014,60,0.0006
-47,-25,5,100000,41,0.00041,79,0.00079
-47,-24,0,100000,43,0.00043,80,0.0008
-47,-24,1,100000,37,0.00037,74,0.00074
-47,-24,2,100000,36,0.00036,82,0.00082
-47,-24,3,100000,21,0.00021,72,0.00072
-47,-24,4,100000,33,0.00033,76,0.00076
-47,-24,5,100000,42,0.00042,82,0.00082
-47,-23,0,100000,28,0.00028,75,0.00075
-47,-23,1,100000,37,0.00037,66,0.00066
-47,-23,2,100000,24,0.00024,53,0.00053
-47,-23,3,100000,32,0.00032,68,0.00068
-47,-23,4,100000,17,0.00017,60,0.0006
-47,-23,5,100000,48,0.00048,70,0.0007
-47,-22,0,100000,28,0.00028,70,0.0007
-47,-22,1,100000,19,0.00019,72,0.00072
-47,-22,2,100000,46,0.00046,63,0.00063
-47,-22,3,100000,36,0.00036,77,0.00077
-47,-22,4,100000,36,0.00036,75,0.00075
-47,-22,5,100000,22,0.00022,56,0.00056
-47,-21,0,100000,22,0.00022,73,0.00073
-47,-21,1,100000,28,0.00028,81,0.00081
-47,-21,2,100000,22,0.00022,67,0.00067
-47,-21,3,100000,23,0.00023,71,0.00071
-47,-21,4,100000,28,0.00028,76,0.00076
-47,-21,5,100000,42,0.00042,72,0.00072
-47,-20,0,100000,35,0.00035,76,0.00076
-47,-20,1,100000,34,0.00034,79,0.00079
-47,-20,2,100000,20,0.0002,55,0.00055
-47,-20,3,100000,35,0.00035,77,0.00077
-47,-20,4,100000,33,0.00033,87,0.00087
-47,-20,5,100000,24,0.00024,73,0.00073
-47,-19,0,100000,30,0.0003,66,0.00066
-47,-19,1,100000,25,0.00025,57,0.00057
-47,-19,2,100000,17,0.00017,55,0.00055
-47,-19,3,100000,27,0.00027,57,0.00057
-47,-19,4,100000,56,0.00056,80,0.0008
-47,-19,5,100000,23,0.00023,80,0.0008
-47,-18,0,100000,36,0.00036,72,0.00072
-47,-18,1,100000,33,0.00033,81,0.00081
-47,-18,2,100000,22,0.00022,69,0.00069
-47,-18,3,100000,33,0.00033,78,0.00078
-47,-18,4,100000,25,0.00025,73,0.00073
-47,-18,5,100000,21,0.00021,89,0.00089
-47,-17,0,100000,20,0.0002,67,0.00067
-47,-17,1,100000,34,0.00034,74,0.00074
-47,-17,2,100000,28,0.00028,81,0.00081
-47,-17,3,100000,22,0.00022,67,0.00067
-47,-17,4,100000,32,0.00032,83,0.00083
-47,-17,5,100000,38,0.00038,83,0.00083
-47,-16,0,100000,42,0.00042,77,0.00077
-47,-16,1,100000,31,0.00031,72,0.00072
-47,-16,2,100000,65,0.00065,85,0.00085
-47,-16,3,100000,25,0.00025,67,0.00067
-47,-16,4,100000,38,0.00038,77,0.00077
-47,-16,5,100000,26,0.00026,76,0.00076
-47,-15,0,100000,32,0.00032,66,0.00066
-47,-15,1,100000,33,0.00033,75,0.00075
-47,-15,2,100000,33,0.00033,84,0.00084
-47,-15,3,100000,21,0.00021,61,0.00061
-47,-15,4,100000,29,0.00029,87,0.00087
-47,-15,5,100000,35,0.00035,70,0.0007
-47,-14,0,100000,35,0.00035,65,0.00065
-47,-14,1,100000,21,0.00021,66,0.00066
-47,-14,2,100000,30,0.0003,73,0.00073
-47,-14,3,100000,37,0.00037,62,0.00062
-47,-14,4,100000,23,0.00023,66,0.00066
-47,-14,5,100000,29,0.00029,66,0.00066
-47,-13,0,100000,27,0.00027,63,0.00063
-47,-13,1,100000,28,0.00028,74,0.00074
-47,-13,2,100000,31,0.00031,87,0.00087
-47,-13,3,100000,24,0.00024,65,0.00065
-47,-13,4,100000,28,0.00028,83,0.00083
-47,-13,5,100000,41,0.00041,71,0.00071
-47,-12,0,100000,42,0.00042,73,0.00073
-47,-12,1,100000,34,0.00034,69,0.00069
-47,-12,2,100000,42,0.00042,93,0.00093
-47,-12,3,100000,27,0.00027,74,0.00074
-47,-12,4,100000,28,0.00028,85,0.00085
-47,-12,5,100000,27,0.00027,77,0.00077
-47,-11,0,100000,23,0.00023,77,0.00077
-47,-11,1,100000,28,0.00028,68,0.00068
-47,-11,2,100000,27,0.00027,60,0.0006
-47,-11,3,100000,20,0.0002,65,0.00065
-47,-11,4,100000,24,0.00024,65,0.00065
-47,-11,5,100000,20,0.0002,68,0.00068
-47,-10,0,100000,31,0.00031,66,0.00066
-47,-10,1,100000,24,0.00024,73,0.00073
-47,-10,2,100000,24,0.00024,79,0.00079
-47,-10,3,100000,28,0.00028,68,0.00068
-47,-10,4,100000,17,0.00017,73,0.00073
-47,-10,5,100000,27,0.00027,66,0.00066
-47,-9,0,100000,25,0.00025,72,0.00072
-47,-9,1,100000,23,0.00023,62,0.00062
-47,-9,2,100000,30,0.0003,71,0.00071
-47,-9,3,100000,28,0.00028,77,0.00077
-47,-9,4,100000,23,0.00023,72,0.00072
-47,-9,5,100000,33,0.00033,65,0.00065
-47,-8,0,100000,25,0.00025,75,0.00075
-47,-8,1,100000,48,0.00048,76,0.00076
-47,-8,2,100000,46,0.00046,75,0.00075
-47,-8,3,100000,43,0.00043,85,0.00085
-47,-8,4,100000,37,0.00037,64,0.00064
-47,-8,5,100000,43,0.00043,75,0.00075
-47,-7,0,100000,32,0.00032,77,0.00077
-47,-7,1,100000,26,0.00026,71,0.00071
-47,-7,2,100000,27,0.00027,62,0.00062
-47,-7,3,100000,25,0.00025,66,0.00066
-47,-7,4,100000,31,0.00031,74,0.00074
-47,-7,5,100000,15,0.00015,59,0.00059
-47,-6,0,100000,27,0.00027,67,0.00067
-47,-6,1,100000,24,0.00024,60,0.0006
-47,-6,2,100000,29,0.00029,66,0.00066
-47,-6,3,100000,39,0.00039,78,0.00078
-47,-6,4,100000,22,0.00022,65,0.00065
-47,-6,5,100000,34,0.00034,69,0.00069
-47,-5,0,100000,28,0.00028,77,0.00077
-47,-5,1,100000,25,0.00025,69,0.00069
-47,-5,2,100000,27,0.00027,84,0.00084
-47,-5,3,100000,34,0.00034,75,0.00075
-47,-5,4,100000,32,0.00032,75,0.00075
-47,-5,5,100000,39,0.00039,72,0.00072
-47,-4,0,100000,29,0.00029,74,0.00074
-47,-4,1,100000,31,0.00031,68,0.00068
-47,-4,2,100000,46,0.00046,78,0.00078
-47,-4,3,100000,34,0.00034,94,0.00094
-47,-4,4,100000,25,0.00025,72,0.00072
-47,-4,5,100000,52,0.00052,67,0.00067
-47,-3,0,100000,38,0.00038,78,0.00078
-47,-3,1,100000,21,0.00021,83,0.00083
-47,-3,2,100000,30,0.0003,74,0.00074
-47,-3,3,100000,28,0.00028,61,0.00061
-47,-3,4,100000,18,0.00018,74,0.00074
-47,-3,5,100000,26,0.00026,76,0.00076
-47,-2,0,100000,37,0.00037,72,0.00072
-47,-2,1,100000,38,0.00038,73,0.00073
-47,-2,2,100000,35,0.00035,81,0.00081
-47,-2,3,100000,30,0.0003,77,0.00077
-47,-2,4,100000,22,0.00022,66,0.00066
-47,-2,5,100000,45,0.00045,84,0.00084
-47,-1,0,100000,44,0.00044,82,0.00082
-47,-1,1,100000,31,0.00031,64,0.00064
-47,-1,2,100000,23,0.00023,75,0.00075
-47,-1,3,100000,14,0.00014,61,0.00061
-47,-1,4,100000,26,0.00026,82,0.00082
-47,-1,5,100000,33,0.00033,68,0.00068
-47,0,0,100000,31,0.00031,58,0.00058
-47,0,1,100000,23,0.00023,71,0.00071
-47,0,2,100000,47,0.00047,81,0.00081
-47,0,3,100000,28,0.00028,63,0.00063
-47,0,4,100000,27,0.00027,69,0.00069
-47,0,5,100000,21,0.00021,63,0.00063
-47,1,0,100000,23,0.00023,64,0.00064
-47,1,1,100000,32,0.00032,77,0.00077
-47,1,2,100000,22,0.00022,82,0.00082
-47,1,3,100000,12,0.00012,72,0.00072
-47,1,4,100000,27,0.00027,73,0.00073
-47,1,5,100000,29,0.00029,63,0.00063
-47,2,0,100000,30,0.0003,71,0.00071
-47,2,1,100000,34,0.00034,62,0.00062
-47,2,2,100000,13,0.00013,50,0.0005
-47,2,3,100000,32,0.00032,73,0.00073
-47,2,4,100000,26,0.00026,72,0.00072
-47,2,5,100000,21,0.00021,70,0.0007
-47,3,0,100000,28,0.00028,80,0.0008
-47,3,1,100000,17,0.00017,68,0.00068
-47,3,2,100000,31,0.00031,62,0.00062
-47,3,3,100000,38,0.00038,87,0.00087
-47,3,4,100000,32,0.00032,70,0.0007
-47,3,5,100000,26,0.00026,76,0.00076
-47,4,0,100000,27,0.00027,59,0.00059
-47,4,1,100000,37,0.00037,78,0.00078
-47,4,2,100000,37,0.00037,87,0.00087
-47,4,3,100000,25,0.00025,81,0.00081
-47,4,4,100000,45,0.00045,95,0.00095
-47,4,5,100000,43,0.00043,81,0.00081
-47,5,0,100000,22,0.00022,64,0.00064
-47,5,1,100000,31,0.00031,68,0.00068
-47,5,2,100000,20,0.0002,75,0.00075
-47,5,3,100000,28,0.00028,65,0.00065
-47,5,4,100000,36,0.00036,54,0.00054
-47,5,5,100000,19,0.00019,83,0.00083
-47,6,0,100000,31,0.00031,79,0.00079
-47,6,1,100000,45,0.00045,78,0.00078
-47,6,2,100000,24,0.00024,73,0.00073
-47,6,3,100000,30,0.0003,69,0.00069
-47,6,4,100000,24,0.00024,68,0.00068
-47,6,5,100000,19,0.00019,66,0.00066
-47,7,0,100000,26,0.00026,89,0.00089
-47,7,1,100000,42,0.00042,75,0.00075
-47,7,2,100000,35,0.00035,77,0.00077
-47,7,3,100000,54,0.00054,76,0.00076
-47,7,4,100000,37,0.00037,86,0.00086
-47,7,5,100000,24,0.00024,76,0.00076
-47,8,0,100000,32,0.00032,61,0.00061
-47,8,1,100000,23,0.00023,67,0.00067
-47,8,2,100000,25,0.00025,91,0.00091
-47,8,3,100000,38,0.00038,77,0.00077
-47,8,4,100000,18,0.00018,72,0.00072
-47,8,5,100000,40,0.0004,72,0.00072
-47,9,0,100000,50,0.0005,73,0.00073
-47,9,1,100000,34,0.00034,58,0.00058
-47,9,2,100000,18,0.00018,58,0.00058
-47,9,3,100000,37,0.00037,84,0.00084
-47,9,4,100000,29,0.00029,74,0.00074
-47,9,5,100000,34,0.00034,66,0.00066
-47,10,0,100000,25,0.00025,70,0.0007
-47,10,1,100000,32,0.00032,78,0.00078
-47,10,2,100000,31,0.00031,78,0.00078
-47,10,3,100000,26,0.00026,57,0.00057
-47,10,4,100000,35,0.00035,66,0.00066
-47,10,5,100000,38,0.00038,77,0.00077
-47,11,0,100000,25,0.00025,69,0.00069
-47,11,1,100000,33,0.00033,70,0.0007
-47,11,2,100000,40,0.0004,65,0.00065
-47,11,3,100000,37,0.00037,97,0.00097
-47,11,4,100000,32,0.00032,74,0.00074
-47,11,5,100000,28,0.00028,73,0.00073
-47,12,0,100000,41,0.00041,75,0.00075
-47,12,1,100000,25,0.00025,63,0.00063
-47,12,2,100000,29,0.00029,72,0.00072
-47,12,3,100000,45,0.00045,83,0.00083
-47,12,4,100000,22,0.00022,73,0.00073
-47,12,5,100000,30,0.0003,72,0.00072
-47,13,0,100000,17,0.00017,75,0.00075
-47,13,1,100000,26,0.00026,74,0.00074
-47,13,2,100000,18,0.00018,54,0.00054
-47,13,3,100000,11,0.00011,66,0.00066
-47,13,4,100000,38,0.00038,68,0.00068
-47,13,5,100000,23,0.00023,74,0.00074
-47,14,0,100000,25,0.00025,52,0.00052
-47,14,1,100000,23,0.00023,74,0.00074
-47,14,2,100000,19,0.00019,60,0.0006
-47,14,3,100000,34,0.00034,71,0.00071
-47,14,4,100000,15,0.00015,76,0.00076
-47,14,5,100000,27,0.00027,61,0.00061
-47,15,0,100000,25,0.00025,76,0.00076
-47,15,1,100000,48,0.00048,76,0.00076
-47,15,2,100000,31,0.00031,73,0.00073
-47,15,3,100000,38,0.00038,82,0.00082
-47,15,4,100000,21,0.00021,65,0.00065
-47,15,5,100000,34,0.00034,61,0.00061
-47,16,0,100000,37,0.00037,68,0.00068
-47,16,1,100000,18,0.00018,67,0.00067
-47,16,2,100000,34,0.00034,74,0.00074
-47,16,3,100000,29,0.00029,73,0.00073
-47,16,4,100000,19,0.00019,60,0.0006
-47,16,5,100000,25,0.00025,61,0.00061
-47,17,0,100000,15,0.00015,62,0.00062
-47,17,1,100000,41,0.00041,83,0.00083
-47,17,2,100000,20,0.0002,68,0.00068
-47,17,3,100000,21,0.00021,68,0.00068
-47,17,4,100000,31,0.00031,68,0.00068
-47,17,5,100000,33,0.00033,77,0.00077
-47,18,0,100000,27,0.00027,71,0.00071
-47,18,1,100000,27,0.00027,72,0.00072
-47,18,2,100000,35,0.00035,61,0.00061
-47,18,3,100000,21,0.00021,80,0.0008
-47,18,4,100000,48,0.00048,89,0.00089
-47,18,5,100000,25,0.00025,65,0.00065
-47,19,0,100000,26,0.00026,75,0.00075
-47,19,1,100000,19,0.00019,71,0.00071
-47,19,2,100000,50,0.0005,83,0.00083
-47,19,3,100000,33,0.00033,88,0.00088
-47,19,4,100000,24,0.00024,62,0.00062
-47,19,5,100000,16,0.00016,56,0.00056
-47,20,0,100000,27,0.00027,56,0.00056
-47,20,1,100000,24,0.00024,64,0.00064
-47,20,2,100000,25,0.00025,65,0.00065
-47,20,3,100000,35,0.00035,68,0.00068
-47,20,4,100000,43,0.00043,51,0.00051
-47,20,5,100000,40,0.0004,73,0.00073
-47,21,0,100000,34,0.00034,71,0.00071
-47,21,1,100000,45,0.00045,73,0.00073
-47,21,2,100000,19,0.00019,83,0.00083
-47,21,3,100000,32,0.00032,73,0.00073
-47,21,4,100000,25,0.00025,92,0.00092
-47,21,5,100000,28,0.00028,60,0.0006
-47,22,0,100000,16,0.00016,65,0.00065
-47,22,1,100000,31,0.00031,63,0.00063
-47,22,2,100000,24,0.00024,68,0.00068
-47,22,3,100000,27,0.00027,82,0.00082
-47,22,4,100000,34,0.00034,73,0.00073
-47,22,5,100000,30,0.0003,80,0.0008
-47,23,0,100000,36,0.00036,83,0.00083
-47,23,1,100000,21,0.00021,68,0.00068
-47,23,2,100000,24,0.00024,68,0.00068
-47,23,3,100000,37,0.00037,69,0.00069
-47,23,4,100000,19,0.00019,68,0.00068
-47,23,5,100000,15,0.00015,72,0.00072
-47,24,0,100000,25,0.00025,67,0.00067
-47,24,1,100000,18,0.00018,56,0.00056
-47,24,2,100000,37,0.00037,65,0.00065
-47,24,3,100000,27,0.00027,65,0.00065
-47,24,4,100000,20,0.0002,70,0.0007
-47,24,5,100000,25,0.00025,73,0.00073
-47,25,0,100000,35,0.00035,96,0.00096
-47,25,1,100000,36,0.00036,90,0.0009
-47,25,2,100000,27,0.00027,81,0.00081
-47,25,3,100000,54,0.00054,84,0.00084
-47,25,4,100000,33,0.00033,72,0.00072
-47,25,5,100000,41,0.00041,75,0.00075
-47,26,0,100000,23,0.00023,75,0.00075
-47,26,1,100000,33,0.00033,84,0.00084
-47,26,2,100000,21,0.00021,81,0.00081
-47,26,3,100000,28,0.00028,62,0.00062
-47,26,4,100000,22,0.00022,67,0.00067
-47,26,5,100000,38,0.00038,82,0.00082
-47,27,0,100000,17,0.00017,62,0.00062
-47,27,1,100000,38,0.00038,74,0.00074
-47,27,2,100000,34,0.00034,72,0.00072
-47,27,3,100000,30,0.0003,70,0.0007
-47,27,4,100000,29,0.00029,78,0.00078
-47,27,5,100000,26,0.00026,69,0.00069
-47,28,0,100000,26,0.00026,69,0.00069
-47,28,1,100000,19,0.00019,68,0.00068
-47,28,2,100000,7,7e-05,69,0.00069
-47,28,3,100000,14,0.00014,45,0.00045
-47,28,4,100000,15,0.00015,67,0.00067
-47,28,5,100000,18,0.00018,53,0.00053
-47,29,0,100000,24,0.00024,85,0.00085
-47,29,1,100000,49,0.00049,74,0.00074
-47,29,2,100000,31,0.00031,85,0.00085
-47,29,3,100000,25,0.00025,58,0.00058
-47,29,4,100000,57,0.00057,91,0.00091
-47,29,5,100000,23,0.00023,67,0.00067
-47,30,0,100000,29,0.00029,64,0.00064
-47,30,1,100000,34,0.00034,64,0.00064
-47,30,2,100000,28,0.00028,67,0.00067
-47,30,3,100000,28,0.00028,69,0.00069
-47,30,4,100000,23,0.00023,82,0.00082
-47,30,5,100000,40,0.0004,69,0.00069
-47,31,0,100000,20,0.0002,60,0.0006
-47,31,1,100000,25,0.00025,69,0.00069
-47,31,2,100000,42,0.00042,72,0.00072
-47,31,3,100000,38,0.00038,81,0.00081
-47,31,4,100000,31,0.00031,85,0.00085
-47,31,5,100000,19,0.00019,76,0.00076
-47,32,0,100000,44,0.00044,89,0.00089
-47,32,1,100000,26,0.00026,66,0.00066
-47,32,2,100000,29,0.00029,75,0.00075
-47,32,3,100000,38,0.00038,86,0.00086
-47,32,4,100000,31,0.00031,80,0.0008
-47,32,5,100000,40,0.0004,73,0.00073
-47,33,0,100000,48,0.00048,77,0.00077
-47,33,1,100000,29,0.00029,73,0.00073
-47,33,2,100000,47,0.00047,68,0.00068
-47,33,3,100000,34,0.00034,94,0.00094
-47,33,4,100000,34,0.00034,77,0.00077
-47,33,5,100000,33,0.00033,66,0.00066
-47,34,0,100000,36,0.00036,72,0.00072
-47,34,1,100000,28,0.00028,66,0.00066
-47,34,2,100000,29,0.00029,70,0.0007
-47,34,3,100000,32,0.00032,75,0.00075
-47,34,4,100000,35,0.00035,77,0.00077
-47,34,5,100000,23,0.00023,56,0.00056
-47,35,0,100000,25,0.00025,75,0.00075
-47,35,1,100000,42,0.00042,72,0.00072
-47,35,2,100000,29,0.00029,77,0.00077
-47,35,3,100000,25,0.00025,75,0.00075
-47,35,4,100000,40,0.0004,64,0.00064
-47,35,5,100000,26,0.00026,59,0.00059
-47,36,0,100000,40,0.0004,73,0.00073
-47,36,1,100000,41,0.00041,64,0.00064
-47,36,2,100000,37,0.00037,70,0.0007
-47,36,3,100000,17,0.00017,66,0.00066
-47,36,4,100000,28,0.00028,65,0.00065
-47,36,5,100000,50,0.0005,85,0.00085
-47,37,0,100000,39,0.00039,68,0.00068
-47,37,1,100000,20,0.0002,81,0.00081
-47,37,2,100000,23,0.00023,73,0.00073
-47,37,3,100000,25,0.00025,71,0.00071
-47,37,4,100000,27,0.00027,73,0.00073
-47,37,5,100000,37,0.00037,70,0.0007
-47,38,0,100000,24,0.00024,68,0.00068
-47,38,1,100000,32,0.00032,67,0.00067
-47,38,2,100000,18,0.00018,75,0.00075
-47,38,3,100000,19,0.00019,61,0.00061
-47,38,4,100000,15,0.00015,67,0.00067
-47,38,5,100000,37,0.00037,82,0.00082
-47,39,0,100000,41,0.00041,64,0.00064
-47,39,1,100000,31,0.00031,61,0.00061
-47,39,2,100000,31,0.00031,82,0.00082
-47,39,3,100000,19,0.00019,70,0.0007
-47,39,4,100000,17,0.00017,64,0.00064
-47,39,5,100000,33,0.00033,77,0.00077
-47,40,0,100000,34,0.00034,86,0.00086
-47,40,1,100000,40,0.0004,60,0.0006
-47,40,2,100000,26,0.00026,78,0.00078
-47,40,3,100000,30,0.0003,68,0.00068
-47,40,4,100000,30,0.0003,68,0.00068
-47,40,5,100000,30,0.0003,67,0.00067
-47,41,0,100000,32,0.00032,73,0.00073
-47,41,1,100000,36,0.00036,71,0.00071
-47,41,2,100000,22,0.00022,77,0.00077
-47,41,3,100000,24,0.00024,67,0.00067
-47,41,4,100000,18,0.00018,62,0.00062
-47,41,5,100000,30,0.0003,71,0.00071
-47,42,0,100000,21,0.00021,78,0.00078
-47,42,1,100000,25,0.00025,82,0.00082
-47,42,2,100000,30,0.0003,72,0.00072
-47,42,3,100000,38,0.00038,81,0.00081
-47,42,4,100000,27,0.00027,72,0.00072
-47,42,5,100000,22,0.00022,57,0.00057
-47,43,0,100000,42,0.00042,75,0.00075
-47,43,1,100000,37,0.00037,69,0.00069
-47,43,2,100000,22,0.00022,63,0.00063
-47,43,3,100000,34,0.00034,78,0.00078
-47,43,4,100000,29,0.00029,72,0.00072
-47,43,5,100000,20,0.0002,72,0.00072
-47,44,0,100000,21,0.00021,70,0.0007
-47,44,1,100000,28,0.00028,66,0.00066
-47,44,2,100000,17,0.00017,76,0.00076
-47,44,3,100000,22,0.00022,75,0.00075
-47,44,4,100000,42,0.00042,68,0.00068
-47,44,5,100000,33,0.00033,63,0.00063
-47,45,0,100000,27,0.00027,93,0.00093
-47,45,1,100000,50,0.0005,83,0.00083
-47,45,2,100000,35,0.00035,69,0.00069
-47,45,3,100000,24,0.00024,62,0.00062
-47,45,4,100000,25,0.00025,72,0.00072
-47,45,5,100000,37,0.00037,71,0.00071
-47,46,0,100000,30,0.0003,74,0.00074
-47,46,1,100000,25,0.00025,78,0.00078
-47,46,2,100000,37,0.00037,86,0.00086
-47,46,3,100000,19,0.00019,63,0.00063
-47,46,4,100000,30,0.0003,72,0.00072
-47,46,5,100000,23,0.00023,64,0.00064
-47,47,0,100000,36,0.00036,79,0.00079
-47,47,1,100000,26,0.00026,63,0.00063
-47,47,2,100000,23,0.00023,61,0.00061
-47,47,3,100000,21,0.00021,71,0.00071
-47,47,4,100000,20,0.0002,74,0.00074
-47,47,5,100000,16,0.00016,71,0.00071
-47,48,0,100000,23,0.00023,70,0.0007
-47,48,1,100000,24,0.00024,53,0.00053
-47,48,2,100000,23,0.00023,66,0.00066
-47,48,3,100000,35,0.00035,82,0.00082
-47,48,4,100000,27,0.00027,71,0.00071
-47,48,5,100000,34,0.00034,75,0.00075
-47,49,0,100000,53,0.00053,73,0.00073
-47,49,1,100000,26,0.00026,68,0.00068
-47,49,2,100000,34,0.00034,69,0.00069
-47,49,3,100000,36,0.00036,80,0.0008
-47,49,4,100000,34,0.00034,61,0.00061
-47,49,5,100000,35,0.00035,76,0.00076
-47,50,0,100000,28,0.00028,63,0.00063
-47,50,1,100000,22,0.00022,69,0.00069
-47,50,2,100000,43,0.00043,79,0.00079
-47,50,3,100000,29,0.00029,78,0.00078
-47,50,4,100000,38,0.00038,71,0.00071
-47,50,5,100000,14,0.00014,73,0.00073
-46,-50,0,100000,22,0.00022,72,0.00072
-46,-50,1,100000,38,0.00038,88,0.00088
-46,-50,2,100000,30,0.0003,74,0.00074
-46,-50,3,100000,27,0.00027,75,0.00075
-46,-50,4,100000,45,0.00045,99,0.00099
-46,-50,5,100000,33,0.00033,75,0.00075
-46,-49,0,100000,44,0.00044,88,0.00088
-46,-49,1,100000,30,0.0003,82,0.00082
-46,-49,2,100000,39,0.00039,88,0.00088
-46,-49,3,100000,42,0.00042,71,0.00071
-46,-49,4,100000,26,0.00026,79,0.00079
-46,-49,5,100000,24,0.00024,82,0.00082
-46,-48,0,100000,21,0.00021,63,0.00063
-46,-48,1,100000,36,0.00036,81,0.00081
-46,-48,2,100000,39,0.00039,84,0.00084
-46,-48,3,100000,37,0.00037,74,0.00074
-46,-48,4,100000,40,0.0004,70,0.0007
-46,-48,5,100000,38,0.00038,70,0.0007
-46,-47,0,100000,20,0.0002,50,0.0005
-46,-47,1,100000,31,0.00031,74,0.00074
-46,-47,2,100000,18,0.00018,60,0.0006
-46,-47,3,100000,32,0.00032,74,0.00074
-46,-47,4,100000,27,0.00027,66,0.00066
-46,-47,5,100000,32,0.00032,71,0.00071
-46,-46,0,100000,40,0.0004,71,0.00071
-46,-46,1,100000,17,0.00017,75,0.00075
-46,-46,2,100000,19,0.00019,65,0.00065
-46,-46,3,100000,46,0.00046,79,0.00079
-46,-46,4,100000,30,0.0003,56,0.00056
-46,-46,5,100000,22,0.00022,84,0.00084
-46,-45,0,100000,19,0.00019,82,0.00082
-46,-45,1,100000,34,0.00034,86,0.00086
-46,-45,2,100000,37,0.00037,84,0.00084
-46,-45,3,100000,25,0.00025,66,0.00066
-46,-45,4,100000,30,0.0003,75,0.00075
-46,-45,5,100000,25,0.00025,73,0.00073
-46,-44,0,100000,28,0.00028,63,0.00063
-46,-44,1,100000,27,0.00027,77,0.00077
-46,-44,2,100000,36,0.00036,81,0.00081
-46,-44,3,100000,20,0.0002,59,0.00059
-46,-44,4,100000,37,0.00037,87,0.00087
-46,-44,5,100000,52,0.00052,74,0.00074
-46,-43,0,100000,28,0.00028,76,0.00076
-46,-43,1,100000,44,0.00044,75,0.00075
-46,-43,2,100000,38,0.00038,79,0.00079
-46,-43,3,100000,37,0.00037,82,0.00082
-46,-43,4,100000,21,0.00021,89,0.00089
-46,-43,5,100000,43,0.00043,78,0.00078
-46,-42,0,100000,19,0.00019,70,0.0007
-46,-42,1,100000,15,0.00015,59,0.00059
-46,-42,2,100000,17,0.00017,75,0.00075
-46,-42,3,100000,18,0.00018,65,0.00065
-46,-42,4,100000,24,0.00024,61,0.00061
-46,-42,5,100000,26,0.00026,66,0.00066
-46,-41,0,100000,22,0.00022,61,0.00061
-46,-41,1,100000,37,0.00037,80,0.0008
-46,-41,2,100000,34,0.00034,69,0.00069
-46,-41,3,100000,25,0.00025,81,0.00081
-46,-41,4,100000,33,0.00033,74,0.00074
-46,-41,5,100000,45,0.00045,82,0.00082
-46,-40,0,100000,34,0.00034,67,0.00067
-46,-40,1,100000,22,0.00022,67,0.00067
-46,-40,2,100000,24,0.00024,63,0.00063
-46,-40,3,100000,23,0.00023,58,0.00058
-46,-40,4,100000,28,0.00028,74,0.00074
-46,-40,5,100000,20,0.0002,67,0.00067
-46,-39,0,100000,52,0.00052,87,0.00087
-46,-39,1,100000,48,0.00048,74,0.00074
-46,-39,2,100000,14,0.00014,66,0.00066
-46,-39,3,100000,40,0.0004,69,0.00069
-46,-39,4,100000,25,0.00025,74,0.00074
-46,-39,5,100000,30,0.0003,80,0.0008
-46,-38,0,100000,30,0.0003,67,0.00067
-46,-38,1,100000,38,0.00038,77,0.00077
-46,-38,2,100000,28,0.00028,77,0.00077
-46,-38,3,100000,36,0.00036,83,0.00083
-46,-38,4,100000,40,0.0004,69,0.00069
-46,-38,5,100000,24,0.00024,60,0.0006
-46,-37,0,100000,54,0.00054,83,0.00083
-46,-37,1,100000,55,0.00055,78,0.00078
-46,-37,2,100000,19,0.00019,78,0.00078
-46,-37,3,100000,44,0.00044,76,0.00076
-46,-37,4,100000,36,0.00036,76,0.00076
-46,-37,5,100000,30,0.0003,63,0.00063
-46,-36,0,100000,29,0.00029,74,0.00074
-46,-36,1,100000,36,0.00036,75,0.00075
-46,-36,2,100000,31,0.00031,70,0.0007
-46,-36,3,100000,21,0.00021,61,0.00061
-46,-36,4,100000,24,0.00024,77,0.00077
-46,-36,5,100000,16,0.00016,68,0.00068
-46,-35,0,100000,13,0.00013,75,0.00075
-46,-35,1,100000,26,0.00026,71,0.00071
-46,-35,2,100000,25,0.00025,63,0.00063
-46,-35,3,100000,30,0.0003,78,0.00078
-46,-35,4,100000,27,0.00027,83,0.00083
-46,-35,5,100000,36,0.00036,80,0.0008
-46,-34,0,100000,29,0.00029,70,0.0007
-46,-34,1,100000,28,0.00028,71,0.00071
-46,-34,2,100000,19,0.00019,88,0.00088
-46,-34,3,100000,27,0.00027,80,0.0008
-46,-34,4,100000,31,0.00031,63,0.00063
-46,-34,5,100000,17,0.00017,66,0.00066
-46,-33,0,100000,18,0.00018,58,0.00058
-46,-33,1,100000,18,0.00018,62,0.00062
-46,-33,2,100000,34,0.00034,89,0.00089
-46,-33,3,100000,33,0.00033,72,0.00072
-46,-33,4,100000,16,0.00016,72,0.00072
-46,-33,5,100000,33,0.00033,70,0.0007
-46,-32,0,100000,28,0.00028,75,0.00075
-46,-32,1,100000,47,0.00047,83,0.00083
-46,-32,2,100000,47,0.00047,93,0.00093
-46,-32,3,100000,19,0.00019,77,0.00077
-46,-32,4,100000,24,0.00024,67,0.00067
-46,-32,5,100000,35,0.00035,79,0.00079
-46,-31,0,100000,25,0.00025,72,0.00072
-46,-31,1,100000,43,0.00043,77,0.00077
-46,-31,2,100000,33,0.00033,78,0.00078
-46,-31,3,100000,47,0.00047,73,0.00073
-46,-31,4,100000,21,0.00021,63,0.00063
-46,-31,5,100000,41,0.00041,67,0.00067
-46,-30,0,100000,25,0.00025,72,0.00072
-46,-30,1,100000,35,0.00035,75,0.00075
-46,-30,2,100000,25,0.00025,57,0.00057
-46,-30,3,100000,42,0.00042,85,0.00085
-46,-30,4,100000,23,0.00023,76,0.00076
-46,-30,5,100000,20,0.0002,67,0.00067
-46,-29,0,100000,36,0.00036,79,0.00079
-46,-29,1,100000,18,0.00018,72,0.00072
-46,-29,2,100000,36,0.00036,86,0.00086
-46,-29,3,100000,26,0.00026,64,0.00064
-46,-29,4,100000,27,0.00027,72,0.00072
-46,-29,5,100000,38,0.00038,75,0.00075
-46,-28,0,100000,37,0.00037,86,0.00086
-46,-28,1,100000,29,0.00029,59,0.00059
-46,-28,2,100000,43,0.00043,76,0.00076
-46,-28,3,100000,62,0.00062,84,0.00084
-46,-28,4,100000,35,0.00035,72,0.00072
-46,-28,5,100000,21,0.00021,59,0.00059
-46,-27,0,100000,34,0.00034,72,0.00072
-46,-27,1,100000,33,0.00033,70,0.0007
-46,-27,2,100000,37,0.00037,84,0.00084
-46,-27,3,100000,30,0.0003,75,0.00075
-46,-27,4,100000,28,0.00028,69,0.00069
-46,-27,5,100000,42,0.00042,75,0.00075
-46,-26,0,100000,27,0.00027,82,0.00082
-46,-26,1,100000,28,0.00028,80,0.0008
-46,-26,2,100000,34,0.00034,71,0.00071
-46,-26,3,100000,33,0.00033,85,0.00085
-46,-26,4,100000,23,0.00023,52,0.00052
-46,-26,5,100000,24,0.00024,79,0.00079
-46,-25,0,100000,23,0.00023,62,0.00062
-46,-25,1,100000,26,0.00026,49,0.00049
-46,-25,2,100000,35,0.00035,62,0.00062
-46,-25,3,100000,34,0.00034,75,0.00075
-46,-25,4,100000,40,0.0004,56,0.00056
-46,-25,5,100000,6,6e-05,63,0.00063
-46,-24,0,100000,26,0.00026,53,0.00053
-46,-24,1,100000,30,0.0003,69,0.00069
-46,-24,2,100000,29,0.00029,63,0.00063
-46,-24,3,100000,48,0.00048,94,0.00094
-46,-24,4,100000,46,0.00046,90,0.0009
-46,-24,5,100000,16,0.00016,66,0.00066
-46,-23,0,100000,39,0.00039,58,0.00058
-46,-23,1,100000,40,0.0004,66,0.00066
-46,-23,2,100000,30,0.0003,65,0.00065
-46,-23,3,100000,23,0.00023,65,0.00065
-46,-23,4,100000,47,0.00047,81,0.00081
-46,-23,5,100000,52,0.00052,73,0.00073
-46,-22,0,100000,40,0.0004,76,0.00076
-46,-22,1,100000,24,0.00024,62,0.00062
-46,-22,2,100000,29,0.00029,72,0.00072
-46,-22,3,100000,33,0.00033,75,0.00075
-46,-22,4,100000,46,0.00046,70,0.0007
-46,-22,5,100000,34,0.00034,80,0.0008
-46,-21,0,100000,22,0.00022,73,0.00073
-46,-21,1,100000,52,0.00052,79,0.00079
-46,-21,2,100000,48,0.00048,70,0.0007
-46,-21,3,100000,23,0.00023,75,0.00075
-46,-21,4,100000,36,0.00036,77,0.00077
-46,-21,5,100000,16,0.00016,61,0.00061
-46,-20,0,100000,37,0.00037,77,0.00077
-46,-20,1,100000,24,0.00024,70,0.0007
-46,-20,2,100000,42,0.00042,82,0.00082
-46,-20,3,100000,35,0.00035,70,0.0007
-46,-20,4,100000,44,0.00044,86,0.00086
-46,-20,5,100000,37,0.00037,58,0.00058
-46,-19,0,100000,41,0.00041,74,0.00074
-46,-19,1,100000,46,0.00046,79,0.00079
-46,-19,2,100000,27,0.00027,64,0.00064
-46,-19,3,100000,25,0.00025,64,0.00064
-46,-19,4,100000,39,0.00039,74,0.00074
-46,-19,5,100000,33,0.00033,66,0.00066
-46,-18,0,100000,46,0.00046,82,0.00082
-46,-18,1,100000,42,0.00042,76,0.00076
-46,-18,2,100000,49,0.00049,84,0.00084
-46,-18,3,100000,29,0.00029,75,0.00075
-46,-18,4,100000,51,0.00051,83,0.00083
-46,-18,5,100000,37,0.00037,90,0.0009
-46,-17,0,100000,38,0.00038,64,0.00064
-46,-17,1,100000,28,0.00028,80,0.0008
-46,-17,2,100000,20,0.0002,75,0.00075
-46,-17,3,100000,27,0.00027,67,0.00067
-46,-17,4,100000,33,0.00033,87,0.00087
-46,-17,5,100000,14,0.00014,76,0.00076
-46,-16,0,100000,28,0.00028,81,0.00081
-46,-16,1,100000,29,0.00029,73,0.00073
-46,-16,2,100000,24,0.00024,58,0.00058
-46,-16,3,100000,32,0.00032,72,0.00072
-46,-16,4,100000,38,0.00038,76,0.00076
-46,-16,5,100000,28,0.00028,69,0.00069
-46,-15,0,100000,13,0.00013,76,0.00076
-46,-15,1,100000,28,0.00028,74,0.00074
-46,-15,2,100000,31,0.00031,81,0.00081
-46,-15,3,100000,43,0.00043,73,0.00073
-46,-15,4,100000,30,0.0003,63,0.00063
-46,-15,5,100000,49,0.00049,81,0.00081
-46,-14,0,100000,13,0.00013,48,0.00048
-46,-14,1,100000,53,0.00053,88,0.00088
-46,-14,2,100000,31,0.00031,84,0.00084
-46,-14,3,100000,40,0.0004,72,0.00072
-46,-14,4,100000,32,0.00032,74,0.00074
-46,-14,5,100000,30,0.0003,72,0.00072
-46,-13,0,100000,35,0.00035,79,0.00079
-46,-13,1,100000,33,0.00033,75,0.00075
-46,-13,2,100000,18,0.00018,77,0.00077
-46,-13,3,100000,18,0.00018,74,0.00074
-46,-13,4,100000,32,0.00032,59,0.00059
-46,-13,5,100000,21,0.00021,70,0.0007
-46,-12,0,100000,40,0.0004,71,0.00071
-46,-12,1,100000,23,0.00023,80,0.0008
-46,-12,2,100000,30,0.0003,70,0.0007
-46,-12,3,100000,30,0.0003,69,0.00069
-46,-12,4,100000,43,0.00043,82,0.00082
-46,-12,5,100000,24,0.00024,82,0.00082
-46,-11,0,100000,25,0.00025,66,0.00066
-46,-11,1,100000,34,0.00034,72,0.00072
-46,-11,2,100000,30,0.0003,65,0.00065
-46,-11,3,100000,27,0.00027,76,0.00076
-46,-11,4,100000,26,0.00026,64,0.00064
-46,-11,5,100000,25,0.00025,61,0.00061
-46,-10,0,100000,28,0.00028,72,0.00072
-46,-10,1,100000,25,0.00025,61,0.00061
-46,-10,2,100000,23,0.00023,74,0.00074
-46,-10,3,100000,41,0.00041,70,0.0007
-46,-10,4,100000,35,0.00035,75,0.00075
-46,-10,5,100000,24,0.00024,90,0.0009
-46,-9,0,100000,35,0.00035,79,0.00079
-46,-9,1,100000,50,0.0005,92,0.00092
-46,-9,2,100000,56,0.00056,59,0.00059
-46,-9,3,100000,37,0.00037,78,0.00078
-46,-9,4,100000,24,0.00024,50,0.0005
-46,-9,5,100000,43,0.00043,85,0.00085
-46,-8,0,100000,30,0.0003,85,0.00085
-46,-8,1,100000,25,0.00025,60,0.0006
-46,-8,2,100000,34,0.00034,65,0.00065
-46,-8,3,100000,25,0.00025,65,0.00065
-46,-8,4,100000,34,0.00034,81,0.00081
-46,-8,5,100000,53,0.00053,78,0.00078
-46,-7,0,100000,37,0.00037,69,0.00069
-46,-7,1,100000,31,0.00031,59,0.00059
-46,-7,2,100000,43,0.00043,92,0.00092
-46,-7,3,100000,38,0.00038,67,0.00067
-46,-7,4,100000,23,0.00023,74,0.00074
-46,-7,5,100000,17,0.00017,76,0.00076
-46,-6,0,100000,25,0.00025,67,0.00067
-46,-6,1,100000,26,0.00026,72,0.00072
-46,-6,2,100000,32,0.00032,65,0.00065
-46,-6,3,100000,19,0.00019,72,0.00072
-46,-6,4,100000,27,0.00027,66,0.00066
-46,-6,5,100000,33,0.00033,65,0.00065
-46,-5,0,100000,40,0.0004,68,0.00068
-46,-5,1,100000,30,0.0003,58,0.00058
-46,-5,2,100000,21,0.00021,54,0.00054
-46,-5,3,100000,38,0.00038,64,0.00064
-46,-5,4,100000,43,0.00043,72,0.00072
-46,-5,5,100000,35,0.00035,56,0.00056
-46,-4,0,100000,16,0.00016,67,0.00067
-46,-4,1,100000,23,0.00023,70,0.0007
-46,-4,2,100000,33,0.00033,84,0.00084
-46,-4,3,100000,41,0.00041,85,0.00085
-46,-4,4,100000,35,0.00035,75,0.00075
-46,-4,5,100000,29,0.00029,74,0.00074
-46,-3,0,100000,34,0.00034,98,0.00098
-46,-3,1,100000,40,0.0004,87,0.00087
-46,-3,2,100000,52,0.00052,82,0.00082
-46,-3,3,100000,24,0.00024,67,0.00067
-46,-3,4,100000,42,0.00042,69,0.00069
-46,-3,5,100000,35,0.00035,86,0.00086
-46,-2,0,100000,20,0.0002,66,0.00066
-46,-2,1,100000,25,0.00025,67,0.00067
-46,-2,2,100000,19,0.00019,60,0.0006
-46,-2,3,100000,31,0.00031,89,0.00089
-46,-2,4,100000,36,0.00036,73,0.00073
-46,-2,5,100000,33,0.00033,65,0.00065
-46,-1,0,100000,34,0.00034,75,0.00075
-46,-1,1,100000,19,0.00019,63,0.00063
-46,-1,2,100000,37,0.00037,89,0.00089
-46,-1,3,100000,22,0.00022,78,0.00078
-46,-1,4,100000,18,0.00018,66,0.00066
-46,-1,5,100000,45,0.00045,74,0.00074
-46,0,0,100000,34,0.00034,70,0.0007
-46,0,1,100000,43,0.00043,85,0.00085
-46,0,2,100000,46,0.00046,86,0.00086
-46,0,3,100000,37,0.00037,79,0.00079
-46,0,4,100000,33,0.00033,72,0.00072
-46,0,5,100000,41,0.00041,78,0.00078
-46,1,0,100000,29,0.00029,79,0.00079
-46,1,1,100000,41,0.00041,63,0.00063
-46,1,2,100000,21,0.00021,55,0.00055
-46,1,3,100000,21,0.00021,60,0.0006
-46,1,4,100000,21,0.00021,63,0.00063
-46,1,5,100000,36,0.00036,68,0.00068
-46,2,0,100000,32,0.00032,71,0.00071
-46,2,1,100000,23,0.00023,62,0.00062
-46,2,2,100000,44,0.00044,71,0.00071
-46,2,3,100000,49,0.00049,84,0.00084
-46,2,4,100000,28,0.00028,74,0.00074
-46,2,5,100000,27,0.00027,61,0.00061
-46,3,0,100000,16,0.00016,55,0.00055
-46,3,1,100000,25,0.00025,89,0.00089
-46,3,2,100000,25,0.00025,62,0.00062
-46,3,3,100000,25,0.00025,70,0.0007
-46,3,4,100000,25,0.00025,71,0.00071
-46,3,5,100000,28,0.00028,66,0.00066
-46,4,0,100000,31,0.00031,71,0.00071
-46,4,1,100000,32,0.00032,84,0.00084
-46,4,2,100000,22,0.00022,61,0.00061
-46,4,3,100000,25,0.00025,64,0.00064
-46,4,4,100000,26,0.00026,88,0.00088
-46,4,5,100000,26,0.00026,72,0.00072
-46,5,0,100000,28,0.00028,76,0.00076
-46,5,1,100000,19,0.00019,57,0.00057
-46,5,2,100000,32,0.00032,64,0.00064
-46,5,3,100000,32,0.00032,67,0.00067
-46,5,4,100000,59,0.00059,81,0.00081
-46,5,5,100000,28,0.00028,84,0.00084
-46,6,0,100000,33,0.00033,69,0.00069
-46,6,1,100000,38,0.00038,74,0.00074
-46,6,2,100000,11,0.00011,65,0.00065
-46,6,3,100000,28,0.00028,75,0.00075
-46,6,4,100000,23,0.00023,63,0.00063
-46,6,5,100000,24,0.00024,80,0.0008
-46,7,0,100000,21,0.00021,73,0.00073
-46,7,1,100000,31,0.00031,85,0.00085
-46,7,2,100000,30,0.0003,76,0.00076
-46,7,3,100000,43,0.00043,75,0.00075
-46,7,4,100000,32,0.00032,80,0.0008
-46,7,5,100000,36,0.00036,85,0.00085
-46,8,0,100000,35,0.00035,71,0.00071
-46,8,1,100000,20,0.0002,62,0.00062
-46,8,2,100000,50,0.0005,84,0.00084
-46,8,3,100000,23,0.00023,63,0.00063
-46,8,4,100000,33,0.00033,75,0.00075
-46,8,5,100000,22,0.00022,74,0.00074
-46,9,0,100000,33,0.00033,60,0.0006
-46,9,1,100000,43,0.00043,77,0.00077
-46,9,2,100000,36,0.00036,75,0.00075
-46,9,3,100000,35,0.00035,72,0.00072
-46,9,4,100000,28,0.00028,95,0.00095
-46,9,5,100000,28,0.00028,73,0.00073
-46,10,0,100000,30,0.0003,55,0.00055
-46,10,1,100000,20,0.0002,65,0.00065
-46,10,2,100000,30,0.0003,74,0.00074
-46,10,3,100000,37,0.00037,69,0.00069
-46,10,4,100000,28,0.00028,68,0.00068
-46,10,5,100000,31,0.00031,73,0.00073
-46,11,0,100000,24,0.00024,68,0.00068
-46,11,1,100000,29,0.00029,90,0.0009
-46,11,2,100000,41,0.00041,94,0.00094
-46,11,3,100000,25,0.00025,69,0.00069
-46,11,4,100000,29,0.00029,80,0.0008
-46,11,5,100000,40,0.0004,71,0.00071
-46,12,0,100000,28,0.00028,69,0.00069
-46,12,1,100000,36,0.00036,60,0.0006
-46,12,2,100000,41,0.00041,86,0.00086
-46,12,3,100000,25,0.00025,68,0.00068
-46,12,4,100000,22,0.00022,77,0.00077
-46,12,5,100000,29,0.00029,73,0.00073
-46,13,0,100000,25,0.00025,69,0.00069
-46,13,1,100000,35,0.00035,72,0.00072
-46,13,2,100000,37,0.00037,68,0.00068
-46,13,3,100000,27,0.00027,57,0.00057
-46,13,4,100000,16,0.00016,63,0.00063
-46,13,5,100000,25,0.00025,67,0.00067
-46,14,0,100000,18,0.00018,63,0.00063
-46,14,1,100000,24,0.00024,73,0.00073
-46,14,2,100000,25,0.00025,74,0.00074
-46,14,3,100000,26,0.00026,78,0.00078
-46,14,4,100000,30,0.0003,80,0.0008
-46,14,5,100000,26,0.00026,62,0.00062
-46,15,0,100000,56,0.00056,76,0.00076
-46,15,1,100000,31,0.00031,69,0.00069
-46,15,2,100000,26,0.00026,74,0.00074
-46,15,3,100000,26,0.00026,68,0.00068
-46,15,4,100000,24,0.00024,73,0.00073
-46,15,5,100000,28,0.00028,59,0.00059
-46,16,0,100000,35,0.00035,78,0.00078
-46,16,1,100000,53,0.00053,79,0.00079
-46,16,2,100000,45,0.00045,66,0.00066
-46,16,3,100000,40,0.0004,76,0.00076
-46,16,4,100000,28,0.00028,53,0.00053
-46,16,5,100000,44,0.00044,72,0.00072
-46,17,0,100000,24,0.00024,74,0.00074
-46,17,1,100000,14,0.00014,60,0.0006
-46,17,2,100000,28,0.00028,69,0.00069
-46,17,3,100000,28,0.00028,78,0.00078
-46,17,4,100000,41,0.00041,76,0.00076
-46,17,5,100000,15,0.00015,67,0.00067
-46,18,0,100000,29,0.00029,69,0.00069
-46,18,1,100000,31,0.00031,57,0.00057
-46,18,2,100000,29,0.00029,67,0.00067
-46,18,3,100000,36,0.00036,74,0.00074
-46,18,4,100000,23,0.00023,65,0.00065
-46,18,5,100000,36,0.00036,68,0.00068
-46,19,0,100000,30,0.0003,73,0.00073
-46,19,1,100000,24,0.00024,68,0.00068
-46,19,2,100000,21,0.00021,75,0.00075
-46,19,3,100000,38,0.00038,70,0.0007
-46,19,4,100000,19,0.00019,75,0.00075
-46,19,5,100000,39,0.00039,79,0.00079
-46,20,0,100000,40,0.0004,81,0.00081
-46,20,1,100000,28,0.00028,73,0.00073
-46,20,2,100000,34,0.00034,77,0.00077
-46,20,3,100000,27,0.00027,90,0.0009
-46,20,4,100000,43,0.00043,72,0.00072
-46,20,5,100000,53,0.00053,72,0.00072
-46,21,0,100000,36,0.00036,76,0.00076
-46,21,1,100000,27,0.00027,76,0.00076
-46,21,2,100000,38,0.00038,75,0.00075
-46,21,3,100000,21,0.00021,69,0.00069
-46,21,4,100000,24,0.00024,75,0.00075
-46,21,5,100000,31,0.00031,71,0.00071
-46,22,0,100000,37,0.00037,73,0.00073
-46,22,1,100000,18,0.00018,83,0.00083
-46,22,2,100000,19,0.00019,73,0.00073
-46,22,3,100000,20,0.0002,65,0.00065
-46,22,4,100000,31,0.00031,78,0.00078
-46,22,5,100000,47,0.00047,82,0.00082
-46,23,0,100000,48,0.00048,84,0.00084
-46,23,1,100000,29,0.00029,59,0.00059
-46,23,2,100000,30,0.0003,77,0.00077
-46,23,3,100000,18,0.00018,68,0.00068
-46,23,4,100000,24,0.00024,75,0.00075
-46,23,5,100000,38,0.00038,71,0.00071
-46,24,0,100000,24,0.00024,62,0.00062
-46,24,1,100000,12,0.00012,66,0.00066
-46,24,2,100000,29,0.00029,74,0.00074
-46,24,3,100000,29,0.00029,65,0.00065
-46,24,4,100000,27,0.00027,67,0.00067
-46,24,5,100000,17,0.00017,63,0.00063
-46,25,0,100000,17,0.00017,62,0.00062
-46,25,1,100000,28,0.00028,72,0.00072
-46,25,2,100000,27,0.00027,85,0.00085
-46,25,3,100000,38,0.00038,77,0.00077
-46,25,4,100000,34,0.00034,79,0.00079
-46,25,5,100000,19,0.00019,60,0.0006
-46,26,0,100000,29,0.00029,73,0.00073
-46,26,1,100000,42,0.00042,70,0.0007
-46,26,2,100000,18,0.00018,65,0.00065
-46,26,3,100000,22,0.00022,81,0.00081
-46,26,4,100000,19,0.00019,74,0.00074
-46,26,5,100000,26,0.00026,72,0.00072
-46,27,0,100000,32,0.00032,77,0.00077
-46,27,1,100000,27,0.00027,74,0.00074
-46,27,2,100000,19,0.00019,52,0.00052
-46,27,3,100000,29,0.00029,79,0.00079
-46,27,4,100000,22,0.00022,54,0.00054
-46,27,5,100000,15,0.00015,59,0.00059
-46,28,0,100000,33,0.00033,71,0.00071
-46,28,1,100000,25,0.00025,75,0.00075
-46,28,2,100000,41,0.00041,82,0.00082
-46,28,3,100000,39,0.00039,77,0.00077
-46,28,4,100000,49,0.00049,88,0.00088
-46,28,5,100000,40,0.0004,80,0.0008
-46,29,0,100000,27,0.00027,60,0.0006
-46,29,1,100000,16,0.00016,73,0.00073
-46,29,2,100000,27,0.00027,86,0.00086
-46,29,3,100000,22,0.00022,76,0.00076
-46,29,4,100000,25,0.00025,71,0.00071
-46,29,5,100000,25,0.00025,82,0.00082
-46,30,0,100000,27,0.00027,89,0.00089
-46,30,1,100000,49,0.00049,67,0.00067
-46,30,2,100000,22,0.00022,72,0.00072
-46,30,3,100000,26,0.00026,76,0.00076
-46,30,4,100000,31,0.00031,69,0.00069
-46,30,5,100000,16,0.00016,69,0.00069
-46,31,0,100000,24,0.00024,74,0.00074
-46,31,1,100000,47,0.00047,76,0.00076
-46,31,2,100000,24,0.00024,67,0.00067
-46,31,3,100000,58,0.00058,72,0.00072
-46,31,4,100000,23,0.00023,79,0.00079
-46,31,5,100000,21,0.00021,71,0.00071
-46,32,0,100000,22,0.00022,72,0.00072
-46,32,1,100000,34,0.00034,74,0.00074
-46,32,2,100000,21,0.00021,91,0.00091
-46,32,3,100000,47,0.00047,86,0.00086
-46,32,4,100000,28,0.00028,71,0.00071
-46,32,5,100000,33,0.00033,64,0.00064
-46,33,0,100000,67,0.00067,76,0.00076
-46,33,1,100000,38,0.00038,58,0.00058
-46,33,2,100000,24,0.00024,63,0.00063
-46,33,3,100000,29,0.00029,76,0.00076
-46,33,4,100000,35,0.00035,80,0.0008
-46,33,5,100000,43,0.00043,67,0.00067
-46,34,0,100000,24,0.00024,71,0.00071
-46,34,1,100000,34,0.00034,78,0.00078
-46,34,2,100000,31,0.00031,79,0.00079
-46,34,3,100000,22,0.00022,56,0.00056
-46,34,4,100000,28,0.00028,73,0.00073
-46,34,5,100000,37,0.00037,77,0.00077
-46,35,0,100000,31,0.00031,79,0.00079
-46,35,1,100000,38,0.00038,83,0.00083
-46,35,2,100000,36,0.00036,67,0.00067
-46,35,3,100000,39,0.00039,84,0.00084
-46,35,4,100000,32,0.00032,71,0.00071
-46,35,5,100000,29,0.00029,76,0.00076
-46,36,0,100000,35,0.00035,79,0.00079
-46,36,1,100000,21,0.00021,56,0.00056
-46,36,2,100000,32,0.00032,73,0.00073
-46,36,3,100000,36,0.00036,82,0.00082
-46,36,4,100000,28,0.00028,73,0.00073
-46,36,5,100000,29,0.00029,68,0.00068
-46,37,0,100000,17,0.00017,82,0.00082
-46,37,1,100000,41,0.00041,69,0.00069
-46,37,2,100000,33,0.00033,64,0.00064
-46,37,3,100000,37,0.00037,69,0.00069
-46,37,4,100000,29,0.00029,77,0.00077
-46,37,5,100000,30,0.0003,68,0.00068
-46,38,0,100000,15,0.00015,55,0.00055
-46,38,1,100000,21,0.00021,72,0.00072
-46,38,2,100000,26,0.00026,64,0.00064
-46,38,3,100000,26,0.00026,77,0.00077
-46,38,4,100000,19,0.00019,75,0.00075
-46,38,5,100000,32,0.00032,78,0.00078
-46,39,0,100000,19,0.00019,72,0.00072
-46,39,1,100000,50,0.0005,80,0.0008
-46,39,2,100000,29,0.00029,74,0.00074
-46,39,3,100000,35,0.00035,75,0.00075
-46,39,4,100000,28,0.00028,72,0.00072
-46,39,5,100000,29,0.00029,60,0.0006
-46,40,0,100000,29,0.00029,71,0.00071
-46,40,1,100000,21,0.00021,70,0.0007
-46,40,2,100000,42,0.00042,77,0.00077
-46,40,3,100000,37,0.00037,68,0.00068
-46,40,4,100000,11,0.00011,57,0.00057
-46,40,5,100000,29,0.00029,69,0.00069
-46,41,0,100000,28,0.00028,65,0.00065
-46,41,1,100000,44,0.00044,80,0.0008
-46,41,2,100000,17,0.00017,73,0.00073
-46,41,3,100000,21,0.00021,64,0.00064
-46,41,4,100000,31,0.00031,69,0.00069
-46,41,5,100000,25,0.00025,65,0.00065
-46,42,0,100000,37,0.00037,77,0.00077
-46,42,1,100000,26,0.00026,67,0.00067
-46,42,2,100000,23,0.00023,65,0.00065
-46,42,3,100000,21,0.00021,72,0.00072
-46,42,4,100000,26,0.00026,73,0.00073
-46,42,5,100000,26,0.00026,72,0.00072
-46,43,0,100000,24,0.00024,75,0.00075
-46,43,1,100000,22,0.00022,71,0.00071
-46,43,2,100000,66,0.00066,93,0.00093
-46,43,3,100000,33,0.00033,88,0.00088
-46,43,4,100000,29,0.00029,68,0.00068
-46,43,5,100000,23,0.00023,68,0.00068
-46,44,0,100000,40,0.0004,67,0.00067
-46,44,1,100000,20,0.0002,61,0.00061
-46,44,2,100000,32,0.00032,73,0.00073
-46,44,3,100000,36,0.00036,69,0.00069
-46,44,4,100000,34,0.00034,47,0.00047
-46,44,5,100000,33,0.00033,73,0.00073
-46,45,0,100000,27,0.00027,65,0.00065
-46,45,1,100000,46,0.00046,79,0.00079
-46,45,2,100000,18,0.00018,72,0.00072
-46,45,3,100000,24,0.00024,77,0.00077
-46,45,4,100000,27,0.00027,81,0.00081
-46,45,5,100000,18,0.00018,57,0.00057
-46,46,0,100000,15,0.00015,67,0.00067
-46,46,1,100000,31,0.00031,64,0.00064
-46,46,2,100000,32,0.00032,70,0.0007
-46,46,3,100000,34,0.00034,84,0.00084
-46,46,4,100000,31,0.00031,70,0.0007
-46,46,5,100000,33,0.00033,83,0.00083
-46,47,0,100000,47,0.00047,86,0.00086
-46,47,1,100000,22,0.00022,65,0.00065
-46,47,2,100000,21,0.00021,68,0.00068
-46,47,3,100000,33,0.00033,67,0.00067
-46,47,4,100000,26,0.00026,65,0.00065
-46,47,5,100000,23,0.00023,77,0.00077
-46,48,0,100000,31,0.00031,81,0.00081
-46,48,1,100000,16,0.00016,55,0.00055
-46,48,2,100000,36,0.00036,69,0.00069
-46,48,3,100000,25,0.00025,64,0.00064
-46,48,4,100000,20,0.0002,75,0.00075
-46,48,5,100000,32,0.00032,76,0.00076
-46,49,0,100000,31,0.00031,90,0.0009
-46,49,1,100000,42,0.00042,88,0.00088
-46,49,2,100000,31,0.00031,81,0.00081
-46,49,3,100000,51,0.00051,84,0.00084
-46,49,4,100000,37,0.00037,77,0.00077
-46,49,5,100000,29,0.00029,73,0.00073
-46,50,0,100000,22,0.00022,77,0.00077
-46,50,1,100000,46,0.00046,88,0.00088
-46,50,2,100000,28,0.00028,79,0.00079
-46,50,3,100000,32,0.00032,67,0.00067
-46,50,4,100000,19,0.00019,63,0.00063
-46,50,5,100000,35,0.00035,82,0.00082
-45,-50,0,100000,17,0.00017,64,0.00064
-45,-50,1,100000,29,0.00029,75,0.00075
-45,-50,2,100000,35,0.00035,73,0.00073
-45,-50,3,100000,32,0.00032,68,0.00068
-45,-50,4,100000,32,0.00032,81,0.00081
-45,-50,5,100000,23,0.00023,69,0.00069
-45,-49,0,100000,27,0.00027,67,0.00067
-45,-49,1,100000,25,0.00025,80,0.0008
-45,-49,2,100000,17,0.00017,68,0.00068
-45,-49,3,100000,16,0.00016,55,0.00055
-45,-49,4,100000,23,0.00023,72,0.00072
-45,-49,5,100000,29,0.00029,60,0.0006
-45,-48,0,100000,31,0.00031,85,0.00085
-45,-48,1,100000,42,0.00042,75,0.00075
-45,-48,2,100000,31,0.00031,79,0.00079
-45,-48,3,100000,26,0.00026,60,0.0006
-45,-48,4,100000,77,0.00077,92,0.00092
-45,-48,5,100000,23,0.00023,60,0.0006
-45,-47,0,100000,31,0.00031,58,0.00058
-45,-47,1,100000,35,0.00035,60,0.0006
-45,-47,2,100000,32,0.00032,73,0.00073
-45,-47,3,100000,38,0.00038,78,0.00078
-45,-47,4,100000,22,0.00022,80,0.0008
-45,-47,5,100000,32,0.00032,63,0.00063
-45,-46,0,100000,32,0.00032,69,0.00069
-45,-46,1,100000,27,0.00027,76,0.00076
-45,-46,2,100000,39,0.00039,58,0.00058
-45,-46,3,100000,39,0.00039,73,0.00073
-45,-46,4,100000,35,0.00035,85,0.00085
-45,-46,5,100000,24,0.00024,70,0.0007
-45,-45,0,100000,43,0.00043,86,0.00086
-45,-45,1,100000,40,0.0004,60,0.0006
-45,-45,2,100000,35,0.00035,76,0.00076
-45,-45,3,100000,38,0.00038,97,0.00097
-45,-45,4,100000,22,0.00022,69,0.00069
-45,-45,5,100000,36,0.00036,67,0.00067
-45,-44,0,100000,50,0.0005,79,0.00079
-45,-44,1,100000,28,0.00028,78,0.00078
-45,-44,2,100000,51,0.00051,64,0.00064
-45,-44,3,100000,17,0.00017,84,0.00084
-45,-44,4,100000,34,0.00034,72,0.00072
-45,-44,5,100000,34,0.00034,75,0.00075
-45,-43,0,100000,34,0.00034,78,0.00078
-45,-43,1,100000,29,0.00029,59,0.00059
-45,-43,2,100000,26,0.00026,66,0.00066
-45,-43,3,100000,34,0.00034,78,0.00078
-45,-43,4,100000,43,0.00043,78,0.00078
-45,-43,5,100000,23,0.00023,62,0.00062
-45,-42,0,100000,29,0.00029,69,0.00069
-45,-42,1,100000,34,0.00034,78,0.00078
-45,-42,2,100000,26,0.00026,79,0.00079
-45,-42,3,100000,23,0.00023,67,0.00067
-45,-42,4,100000,38,0.00038,56,0.00056
-45,-42,5,100000,30,0.0003,58,0.00058
-45,-41,0,100000,43,0.00043,84,0.00084
-45,-41,1,100000,42,0.00042,66,0.00066
-45,-41,2,100000,33,0.00033,71,0.00071
-45,-41,3,100000,13,0.00013,62,0.00062
-45,-41,4,100000,32,0.00032,71,0.00071
-45,-41,5,100000,46,0.00046,85,0.00085
-45,-40,0,100000,35,0.00035,72,0.00072
-45,-40,1,100000,15,0.00015,74,0.00074
-45,-40,2,100000,17,0.00017,72,0.00072
-45,-40,3,100000,26,0.00026,67,0.00067
-45,-40,4,100000,31,0.00031,74,0.00074
-45,-40,5,100000,31,0.00031,70,0.0007
-45,-39,0,100000,28,0.00028,81,0.00081
-45,-39,1,100000,26,0.00026,67,0.00067
-45,-39,2,100000,24,0.00024,78,0.00078
-45,-39,3,100000,20,0.0002,62,0.00062
-45,-39,4,100000,20,0.0002,60,0.0006
-45,-39,5,100000,44,0.00044,86,0.00086
-45,-38,0,100000,30,0.0003,63,0.00063
-45,-38,1,100000,32,0.00032,66,0.00066
-45,-38,2,100000,22,0.00022,67,0.00067
-45,-38,3,100000,28,0.00028,74,0.00074
-45,-38,4,100000,23,0.00023,73,0.00073
-45,-38,5,100000,15,0.00015,70,0.0007
-45,-37,0,100000,33,0.00033,80,0.0008
-45,-37,1,100000,18,0.00018,59,0.00059
-45,-37,2,100000,29,0.00029,75,0.00075
-45,-37,3,100000,26,0.00026,70,0.0007
-45,-37,4,100000,30,0.0003,72,0.00072
-45,-37,5,100000,26,0.00026,65,0.00065
-45,-36,0,100000,32,0.00032,67,0.00067
-45,-36,1,100000,24,0.00024,65,0.00065
-45,-36,2,100000,33,0.00033,82,0.00082
-45,-36,3,100000,25,0.00025,64,0.00064
-45,-36,4,100000,23,0.00023,63,0.00063
-45,-36,5,100000,23,0.00023,71,0.00071
-45,-35,0,100000,26,0.00026,82,0.00082
-45,-35,1,100000,19,0.00019,71,0.00071
-45,-35,2,100000,38,0.00038,67,0.00067
-45,-35,3,100000,34,0.00034,90,0.0009
-45,-35,4,100000,30,0.0003,72,0.00072
-45,-35,5,100000,36,0.00036,68,0.00068
-45,-34,0,100000,39,0.00039,72,0.00072
-45,-34,1,100000,35,0.00035,73,0.00073
-45,-34,2,100000,16,0.00016,68,0.00068
-45,-34,3,100000,40,0.0004,78,0.00078
-45,-34,4,100000,23,0.00023,67,0.00067
-45,-34,5,100000,20,0.0002,72,0.00072
-45,-33,0,100000,18,0.00018,65,0.00065
-45,-33,1,100000,39,0.00039,64,0.00064
-45,-33,2,100000,21,0.00021,78,0.00078
-45,-33,3,100000,31,0.00031,78,0.00078
-45,-33,4,100000,39,0.00039,65,0.00065
-45,-33,5,100000,18,0.00018,64,0.00064
-45,-32,0,100000,31,0.00031,80,0.0008
-45,-32,1,100000,45,0.00045,88,0.00088
-45,-32,2,100000,31,0.00031,72,0.00072
-45,-32,3,100000,25,0.00025,66,0.00066
-45,-32,4,100000,30,0.0003,74,0.00074
-45,-32,5,100000,34,0.00034,67,0.00067
-45,-31,0,100000,37,0.00037,69,0.00069
-45,-31,1,100000,29,0.00029,77,0.00077
-45,-31,2,100000,36,0.00036,91,0.00091
-45,-31,3,100000,20,0.0002,67,0.00067
-45,-31,4,100000,15,0.00015,64,0.00064
-45,-31,5,100000,28,0.00028,71,0.00071
-45,-30,0,100000,44,0.00044,85,0.00085
-45,-30,1,100000,40,0.0004,71,0.00071
-45,-30,2,100000,35,0.00035,70,0.0007
-45,-30,3,100000,19,0.00019,71,0.00071
-45,-30,4,100000,21,0.00021,74,0.00074
-45,-30,5,100000,25,0.00025,75,0.00075
-45,-29,0,100000,38,0.00038,74,0.00074
-45,-29,1,100000,25,0.00025,53,0.00053
-45,-29,2,100000,33,0.00033,70,0.0007
-45,-29,3,100000,40,0.0004,86,0.00086
-45,-29,4,100000,28,0.00028,68,0.00068
-45,-29,5,100000,37,0.00037,78,0.00078
-45,-28,0,100000,51,0.00051,71,0.00071
-45,-28,1,100000,28,0.00028,73,0.00073
-45,-28,2,100000,31,0.00031,67,0.00067
-45,-28,3,100000,32,0.00032,74,0.00074
-45,-28,4,100000,43,0.00043,72,0.00072
-45,-28,5,100000,30,0.0003,79,0.00079
-45,-27,0,100000,35,0.00035,70,0.0007
-45,-27,1,100000,33,0.00033,64,0.00064
-45,-27,2,100000,65,0.00065,90,0.0009
-45,-27,3,100000,33,0.00033,89,0.00089
-45,-27,4,100000,39,0.00039,78,0.00078
-45,-27,5,100000,17,0.00017,75,0.00075
-45,-26,0,100000,21,0.00021,71,0.00071
-45,-26,1,100000,31,0.00031,88,0.00088
-45,-26,2,100000,28,0.00028,72,0.00072
-45,-26,3,100000,24,0.00024,72,0.00072
-45,-26,4,100000,35,0.00035,99,0.00099
-45,-26,5,100000,31,0.00031,78,0.00078
-45,-25,0,100000,45,0.00045,84,0.00084
-45,-25,1,100000,30,0.0003,79,0.00079
-45,-25,2,100000,39,0.00039,86,0.00086
-45,-25,3,100000,45,0.00045,73,0.00073
-45,-25,4,100000,20,0.0002,65,0.00065
-45,-25,5,100000,24,0.00024,85,0.00085
-45,-24,0,100000,25,0.00025,56,0.00056
-45,-24,1,100000,35,0.00035,76,0.00076
-45,-24,2,100000,37,0.00037,79,0.00079
-45,-24,3,100000,30,0.0003,70,0.0007
-45,-24,4,100000,34,0.00034,70,0.0007
-45,-24,5,100000,28,0.00028,64,0.00064
-45,-23,0,100000,26,0.00026,59,0.00059
-45,-23,1,100000,32,0.00032,80,0.0008
-45,-23,2,100000,27,0.00027,72,0.00072
-45,-23,3,100000,38,0.00038,80,0.0008
-45,-23,4,100000,27,0.00027,63,0.00063
-45,-23,5,100000,50,0.0005,82,0.00082
-45,-22,0,100000,41,0.00041,70,0.0007
-45,-22,1,100000,17,0.00017,63,0.00063
-45,-22,2,100000,19,0.00019,68,0.00068
-45,-22,3,100000,38,0.00038,73,0.00073
-45,-22,4,100000,27,0.00027,53,0.00053
-45,-22,5,100000,26,0.00026,75,0.00075
-45,-21,0,100000,17,0.00017,82,0.00082
-45,-21,1,100000,33,0.00033,87,0.00087
-45,-21,2,100000,31,0.00031,76,0.00076
-45,-21,3,100000,24,0.00024,69,0.00069
-45,-21,4,100000,35,0.00035,80,0.0008
-45,-21,5,100000,27,0.00027,71,0.00071
-45,-20,0,100000,24,0.00024,66,0.00066
-45,-20,1,100000,24,0.00024,71,0.00071
-45,-20,2,100000,39,0.00039,75,0.00075
-45,-20,3,100000,26,0.00026,65,0.00065
-45,-20,4,100000,28,0.00028,85,0.00085
-45,-20,5,100000,39,0.00039,73,0.00073
-45,-19,0,100000,34,0.00034,75,0.00075
-45,-19,1,100000,44,0.00044,75,0.00075
-45,-19,2,100000,39,0.00039,82,0.00082
-45,-19,3,100000,43,0.00043,90,0.0009
-45,-19,4,100000,24,0.00024,85,0.00085
-45,-19,5,100000,27,0.00027,80,0.0008
-45,-18,0,100000,16,0.00016,69,0.00069
-45,-18,1,100000,39,0.00039,59,0.00059
-45,-18,2,100000,22,0.00022,78,0.00078
-45,-18,3,100000,17,0.00017,65,0.00065
-45,-18,4,100000,24,0.00024,58,0.00058
-45,-18,5,100000,31,0.00031,67,0.00067
-45,-17,0,100000,30,0.0003,65,0.00065
-45,-17,1,100000,33,0.00033,76,0.00076
-45,-17,2,100000,27,0.00027,66,0.00066
-45,-17,3,100000,28,0.00028,77,0.00077
-45,-17,4,100000,33,0.00033,85,0.00085
-45,-17,5,100000,50,0.0005,76,0.00076
-45,-16,0,100000,55,0.00055,66,0.00066
-45,-16,1,100000,23,0.00023,67,0.00067
-45,-16,2,100000,22,0.00022,48,0.00048
-45,-16,3,100000,26,0.00026,62,0.00062
-45,-16,4,100000,22,0.00022,71,0.00071
-45,-16,5,100000,20,0.0002,71,0.00071
-45,-15,0,100000,35,0.00035,86,0.00086
-45,-15,1,100000,33,0.00033,77,0.00077
-45,-15,2,100000,21,0.00021,74,0.00074
-45,-15,3,100000,35,0.00035,68,0.00068
-45,-15,4,100000,29,0.00029,75,0.00075
-45,-15,5,100000,38,0.00038,73,0.00073
-45,-14,0,100000,30,0.0003,62,0.00062
-45,-14,1,100000,39,0.00039,75,0.00075
-45,-14,2,100000,28,0.00028,78,0.00078
-45,-14,3,100000,35,0.00035,73,0.00073
-45,-14,4,100000,45,0.00045,71,0.00071
-45,-14,5,100000,31,0.00031,65,0.00065
-45,-13,0,100000,51,0.00051,92,0.00092
-45,-13,1,100000,55,0.00055,74,0.00074
-45,-13,2,100000,11,0.00011,74,0.00074
-45,-13,3,100000,45,0.00045,87,0.00087
-45,-13,4,100000,37,0.00037,80,0.0008
-45,-13,5,100000,28,0.00028,63,0.00063
-45,-12,0,100000,30,0.0003,70,0.0007
-45,-12,1,100000,35,0.00035,72,0.00072
-45,-12,2,100000,35,0.00035,79,0.00079
-45,-12,3,100000,20,0.0002,59,0.00059
-45,-12,4,100000,25,0.00025,80,0.0008
-45,-12,5,100000,28,0.00028,80,0.0008
-45,-11,0,100000,20,0.0002,76,0.00076
-45,-11,1,100000,25,0.00025,78,0.00078
-45,-11,2,100000,28,0.00028,59,0.00059
-45,-11,3,100000,42,0.00042,82,0.00082
-45,-11,4,100000,24,0.00024,74,0.00074
-45,-11,5,100000,33,0.00033,79,0.00079
-45,-10,0,100000,22,0.00022,57,0.00057
-45,-10,1,100000,25,0.00025,70,0.0007
-45,-10,2,100000,22,0.00022,81,0.00081
-45,-10,3,100000,31,0.00031,78,0.00078
-45,-10,4,100000,31,0.00031,68,0.00068
-45,-10,5,100000,24,0.00024,73,0.00073
-45,-9,0,100000,18,0.00018,65,0.00065
-45,-9,1,100000,25,0.00025,54,0.00054
-45,-9,2,100000,24,0.00024,86,0.00086
-45,-9,3,100000,35,0.00035,78,0.00078
-45,-9,4,100000,14,0.00014,77,0.00077
-45,-9,5,100000,39,0.00039,70,0.0007
-45,-8,0,100000,28,0.00028,66,0.00066
-45,-8,1,100000,55,0.00055,87,0.00087
-45,-8,2,100000,51,0.00051,84,0.00084
-45,-8,3,100000,20,0.0002,76,0.00076
-45,-8,4,100000,23,0.00023,57,0.00057
-45,-8,5,100000,40,0.0004,82,0.00082
-45,-7,0,100000,28,0.00028,77,0.00077
-45,-7,1,100000,43,0.00043,92,0.00092
-45,-7,2,100000,34,0.00034,76,0.00076
-45,-7,3,100000,62,0.00062,91,0.00091
-45,-7,4,100000,23,0.00023,67,0.00067
-45,-7,5,100000,32,0.00032,68,0.00068
-45,-6,0,100000,35,0.00035,77,0.00077
-45,-6,1,100000,32,0.00032,68,0.00068
-45,-6,2,100000,38,0.00038,73,0.00073
-45,-6,3,100000,24,0.00024,67,0.00067
-45,-6,4,100000,26,0.00026,78,0.00078
-45,-6,5,100000,26,0.00026,60,0.0006
-45,-5,0,100000,29,0.00029,74,0.00074
-45,-5,1,100000,17,0.00017,70,0.0007
-45,-5,2,100000,24,0.00024,78,0.00078
-45,-5,3,100000,29,0.00029,62,0.00062
-45,-5,4,100000,25,0.00025,75,0.00075
-45,-5,5,100000,27,0.00027,70,0.0007
-45,-4,0,100000,34,0.00034,84,0.00084
-45,-4,1,100000,27,0.00027,63,0.00063
-45,-4,2,100000,47,0.00047,74,0.00074
-45,-4,3,100000,55,0.00055,75,0.00075
-45,-4,4,100000,32,0.00032,70,0.0007
-45,-4,5,100000,15,0.00015,61,0.00061
-45,-3,0,100000,35,0.00035,71,0.00071
-45,-3,1,100000,33,0.00033,65,0.00065
-45,-3,2,100000,36,0.00036,83,0.00083
-45,-3,3,100000,17,0.00017,72,0.00072
-45,-3,4,100000,32,0.00032,78,0.00078
-45,-3,5,100000,53,0.00053,77,0.00077
-45,-2,0,100000,31,0.00031,80,0.0008
-45,-2,1,100000,19,0.00019,71,0.00071
-45,-2,2,100000,31,0.00031,62,0.00062
-45,-2,3,100000,26,0.00026,85,0.00085
-45,-2,4,100000,21,0.00021,60,0.0006
-45,-2,5,100000,16,0.00016,69,0.00069
-45,-1,0,100000,25,0.00025,68,0.00068
-45,-1,1,100000,21,0.00021,62,0.00062
-45,-1,2,100000,36,0.00036,68,0.00068
-45,-1,3,100000,45,0.00045,79,0.00079
-45,-1,4,100000,34,0.00034,63,0.00063
-45,-1,5,100000,7,7e-05,64,0.00064
-45,0,0,100000,23,0.00023,54,0.00054
-45,0,1,100000,30,0.0003,67,0.00067
-45,0,2,100000,27,0.00027,58,0.00058
-45,0,3,100000,47,0.00047,85,0.00085
-45,0,4,100000,39,0.00039,74,0.00074
-45,0,5,100000,32,0.00032,64,0.00064
-45,1,0,100000,45,0.00045,61,0.00061
-45,1,1,100000,38,0.00038,69,0.00069
-45,1,2,100000,26,0.00026,62,0.00062
-45,1,3,100000,27,0.00027,69,0.00069
-45,1,4,100000,48,0.00048,88,0.00088
-45,1,5,100000,44,0.00044,65,0.00065
-45,2,0,100000,39,0.00039,83,0.00083
-45,2,1,100000,20,0.0002,64,0.00064
-45,2,2,100000,33,0.00033,66,0.00066
-45,2,3,100000,27,0.00027,71,0.00071
-45,2,4,100000,48,0.00048,71,0.00071
-45,2,5,100000,31,0.00031,80,0.0008
-45,3,0,100000,19,0.00019,64,0.00064
-45,3,1,100000,51,0.00051,75,0.00075
-45,3,2,100000,43,0.00043,67,0.00067
-45,3,3,100000,23,0.00023,77,0.00077
-45,3,4,100000,49,0.00049,89,0.00089
-45,3,5,100000,25,0.00025,66,0.00066
-45,4,0,100000,44,0.00044,85,0.00085
-45,4,1,100000,23,0.00023,70,0.0007
-45,4,2,100000,44,0.00044,86,0.00086
-45,4,3,100000,34,0.00034,65,0.00065
-45,4,4,100000,48,0.00048,85,0.00085
-45,4,5,100000,38,0.00038,64,0.00064
-45,5,0,100000,51,0.00051,73,0.00073
-45,5,1,100000,52,0.00052,81,0.00081
-45,5,2,100000,27,0.00027,65,0.00065
-45,5,3,100000,22,0.00022,69,0.00069
-45,5,4,100000,31,0.00031,73,0.00073
-45,5,5,100000,36,0.00036,66,0.00066
-45,6,0,100000,37,0.00037,73,0.00073
-45,6,1,100000,23,0.00023,73,0.00073
-45,6,2,100000,48,0.00048,85,0.00085
-45,6,3,100000,34,0.00034,73,0.00073
-45,6,4,100000,55,0.00055,83,0.00083
-45,6,5,100000,39,0.00039,86,0.00086
-45,7,0,100000,36,0.00036,89,0.00089
-45,7,1,100000,40,0.0004,89,0.00089
-45,7,2,100000,24,0.00024,78,0.00078
-45,7,3,100000,25,0.00025,70,0.0007
-45,7,4,100000,27,0.00027,76,0.00076
-45,7,5,100000,20,0.0002,73,0.00073
-45,8,0,100000,23,0.00023,68,0.00068
-45,8,1,100000,30,0.0003,78,0.00078
-45,8,2,100000,25,0.00025,58,0.00058
-45,8,3,100000,37,0.00037,75,0.00075
-45,8,4,100000,38,0.00038,74,0.00074
-45,8,5,100000,20,0.0002,71,0.00071
-45,9,0,100000,21,0.00021,76,0.00076
-45,9,1,100000,29,0.00029,73,0.00073
-45,9,2,100000,29,0.00029,87,0.00087
-45,9,3,100000,40,0.0004,74,0.00074
-45,9,4,100000,29,0.00029,69,0.00069
-45,9,5,100000,37,0.00037,67,0.00067
-45,10,0,100000,11,0.00011,46,0.00046
-45,10,1,100000,56,0.00056,92,0.00092
-45,10,2,100000,28,0.00028,72,0.00072
-45,10,3,100000,41,0.00041,75,0.00075
-45,10,4,100000,29,0.00029,74,0.00074
-45,10,5,100000,28,0.00028,68,0.00068
-45,11,0,100000,46,0.00046,84,0.00084
-45,11,1,100000,30,0.0003,82,0.00082
-45,11,2,100000,19,0.00019,74,0.00074
-45,11,3,100000,11,0.00011,77,0.00077
-45,11,4,100000,37,0.00037,59,0.00059
-45,11,5,100000,22,0.00022,79,0.00079
-45,12,0,100000,32,0.00032,70,0.0007
-45,12,1,100000,24,0.00024,79,0.00079
-45,12,2,100000,31,0.00031,65,0.00065
-45,12,3,100000,32,0.00032,72,0.00072
-45,12,4,100000,46,0.00046,89,0.00089
-45,12,5,100000,31,0.00031,76,0.00076
-45,13,0,100000,22,0.00022,69,0.00069
-45,13,1,100000,27,0.00027,71,0.00071
-45,13,2,100000,32,0.00032,69,0.00069
-45,13,3,100000,27,0.00027,78,0.00078
-45,13,4,100000,23,0.00023,57,0.00057
-45,13,5,100000,19,0.00019,67,0.00067
-45,14,0,100000,32,0.00032,81,0.00081
-45,14,1,100000,25,0.00025,61,0.00061
-45,14,2,100000,26,0.00026,63,0.00063
-45,14,3,100000,33,0.00033,70,0.0007
-45,14,4,100000,34,0.00034,80,0.0008
-45,14,5,100000,31,0.00031,94,0.00094
-45,15,0,100000,32,0.00032,87,0.00087
-45,15,1,100000,47,0.00047,90,0.0009
-45,15,2,100000,47,0.00047,67,0.00067
-45,15,3,100000,30,0.0003,69,0.00069
-45,15,4,100000,23,0.00023,71,0.00071
-45,15,5,100000,39,0.00039,79,0.00079
-45,16,0,100000,32,0.00032,82,0.00082
-45,16,1,100000,30,0.0003,66,0.00066
-45,16,2,100000,40,0.0004,70,0.0007
-45,16,3,100000,26,0.00026,73,0.00073
-45,16,4,100000,33,0.00033,65,0.00065
-45,16,5,100000,44,0.00044,76,0.00076
-45,17,0,100000,40,0.0004,67,0.00067
-45,17,1,100000,37,0.00037,64,0.00064
-45,17,2,100000,39,0.00039,88,0.00088
-45,17,3,100000,41,0.00041,71,0.00071
-45,17,4,100000,21,0.00021,79,0.00079
-45,17,5,100000,39,0.00039,84,0.00084
-45,18,0,100000,17,0.00017,66,0.00066
-45,18,1,100000,27,0.00027,63,0.00063
-45,18,2,100000,37,0.00037,64,0.00064
-45,18,3,100000,19,0.00019,69,0.00069
-45,18,4,100000,29,0.00029,67,0.00067
-45,18,5,100000,32,0.00032,62,0.00062
-45,19,0,100000,39,0.00039,64,0.00064
-45,19,1,100000,36,0.00036,61,0.00061
-45,19,2,100000,25,0.00025,57,0.00057
-45,19,3,100000,32,0.00032,70,0.0007
-45,19,4,100000,37,0.00037,76,0.00076
-45,19,5,100000,27,0.00027,53,0.00053
-45,20,0,100000,26,0.00026,74,0.00074
-45,20,1,100000,27,0.00027,79,0.00079
-45,20,2,100000,31,0.00031,76,0.00076
-45,20,3,100000,37,0.00037,84,0.00084
-45,20,4,100000,31,0.00031,76,0.00076
-45,20,5,100000,25,0.00025,74,0.00074
-45,21,0,100000,42,0.00042,92,0.00092
-45,21,1,100000,39,0.00039,81,0.00081
-45,21,2,100000,39,0.00039,83,0.00083
-45,21,3,100000,19,0.00019,76,0.00076
-45,21,4,100000,45,0.00045,76,0.00076
-45,21,5,100000,28,0.00028,74,0.00074
-45,22,0,100000,23,0.00023,71,0.00071
-45,22,1,100000,29,0.00029,65,0.00065
-45,22,2,100000,14,0.00014,70,0.0007
-45,22,3,100000,36,0.00036,92,0.00092
-45,22,4,100000,39,0.00039,69,0.00069
-45,22,5,100000,37,0.00037,62,0.00062
-45,23,0,100000,46,0.00046,74,0.00074
-45,23,1,100000,16,0.00016,64,0.00064
-45,23,2,100000,46,0.00046,94,0.00094
-45,23,3,100000,28,0.00028,79,0.00079
-45,23,4,100000,15,0.00015,64,0.00064
-45,23,5,100000,43,0.00043,71,0.00071
-45,24,0,100000,30,0.0003,75,0.00075
-45,24,1,100000,39,0.00039,73,0.00073
-45,24,2,100000,32,0.00032,80,0.0008
-45,24,3,100000,31,0.00031,78,0.00078
-45,24,4,100000,33,0.00033,74,0.00074
-45,24,5,100000,36,0.00036,78,0.00078
-45,25,0,100000,39,0.00039,76,0.00076
-45,25,1,100000,42,0.00042,70,0.0007
-45,25,2,100000,40,0.0004,55,0.00055
-45,25,3,100000,41,0.00041,73,0.00073
-45,25,4,100000,24,0.00024,61,0.00061
-45,25,5,100000,44,0.00044,76,0.00076
-45,26,0,100000,25,0.00025,60,0.0006
-45,26,1,100000,16,0.00016,69,0.00069
-45,26,2,100000,36,0.00036,69,0.00069
-45,26,3,100000,35,0.00035,77,0.00077
-45,26,4,100000,32,0.00032,77,0.00077
-45,26,5,100000,26,0.00026,61,0.00061
-45,27,0,100000,22,0.00022,67,0.00067
-45,27,1,100000,22,0.00022,79,0.00079
-45,27,2,100000,29,0.00029,72,0.00072
-45,27,3,100000,27,0.00027,74,0.00074
-45,27,4,100000,27,0.00027,77,0.00077
-45,27,5,100000,37,0.00037,66,0.00066
-45,28,0,100000,26,0.00026,72,0.00072
-45,28,1,100000,24,0.00024,79,0.00079
-45,28,2,100000,31,0.00031,62,0.00062
-45,28,3,100000,28,0.00028,79,0.00079
-45,28,4,100000,35,0.00035,91,0.00091
-45,28,5,100000,25,0.00025,80,0.0008
-45,29,0,100000,20,0.0002,67,0.00067
-45,29,1,100000,27,0.00027,69,0.00069
-45,29,2,100000,25,0.00025,61,0.00061
-45,29,3,100000,23,0.00023,53,0.00053
-45,29,4,100000,42,0.00042,72,0.00072
-45,29,5,100000,25,0.00025,82,0.00082
-45,30,0,100000,25,0.00025,69,0.00069
-45,30,1,100000,43,0.00043,80,0.0008
-45,30,2,100000,15,0.00015,66,0.00066
-45,30,3,100000,34,0.00034,78,0.00078
-45,30,4,100000,26,0.00026,72,0.00072
-45,30,5,100000,16,0.00016,78,0.00078
-45,31,0,100000,19,0.00019,66,0.00066
-45,31,1,100000,41,0.00041,76,0.00076
-45,31,2,100000,33,0.00033,84,0.00084
-45,31,3,100000,23,0.00023,68,0.00068
-45,31,4,100000,36,0.00036,81,0.00081
-45,31,5,100000,44,0.00044,89,0.00089
-45,32,0,100000,33,0.00033,72,0.00072
-45,32,1,100000,28,0.00028,65,0.00065
-45,32,2,100000,57,0.00057,74,0.00074
-45,32,3,100000,26,0.00026,64,0.00064
-45,32,4,100000,39,0.00039,91,0.00091
-45,32,5,100000,25,0.00025,75,0.00075
-45,33,0,100000,25,0.00025,58,0.00058
-45,33,1,100000,33,0.00033,80,0.0008
-45,33,2,100000,21,0.00021,77,0.00077
-45,33,3,100000,33,0.00033,67,0.00067
-45,33,4,100000,32,0.00032,85,0.00085
-45,33,5,100000,17,0.00017,76,0.00076
-45,34,0,100000,36,0.00036,70,0.0007
-45,34,1,100000,25,0.00025,70,0.0007
-45,34,2,100000,22,0.00022,71,0.00071
-45,34,3,100000,34,0.00034,71,0.00071
-45,34,4,100000,29,0.00029,70,0.0007
-45,34,5,100000,28,0.00028,65,0.00065
-45,35,0,100000,19,0.00019,65,0.00065
-45,35,1,100000,18,0.00018,75,0.00075
-45,35,2,100000,32,0.00032,86,0.00086
-45,35,3,100000,22,0.00022,62,0.00062
-45,35,4,100000,29,0.00029,77,0.00077
-45,35,5,100000,27,0.00027,65,0.00065
-45,36,0,100000,34,0.00034,79,0.00079
-45,36,1,100000,39,0.00039,77,0.00077
-45,36,2,100000,29,0.00029,91,0.00091
-45,36,3,100000,30,0.0003,72,0.00072
-45,36,4,100000,32,0.00032,81,0.00081
-45,36,5,100000,27,0.00027,78,0.00078
-45,37,0,100000,18,0.00018,65,0.00065
-45,37,1,100000,41,0.00041,71,0.00071
-45,37,2,100000,29,0.00029,64,0.00064
-45,37,3,100000,26,0.00026,59,0.00059
-45,37,4,100000,21,0.00021,59,0.00059
-45,37,5,100000,36,0.00036,70,0.0007
-45,38,0,100000,29,0.00029,73,0.00073
-45,38,1,100000,15,0.00015,73,0.00073
-45,38,2,100000,26,0.00026,79,0.00079
-45,38,3,100000,33,0.00033,76,0.00076
-45,38,4,100000,22,0.00022,68,0.00068
-45,38,5,100000,24,0.00024,64,0.00064
-45,39,0,100000,51,0.00051,79,0.00079
-45,39,1,100000,40,0.0004,66,0.00066
-45,39,2,100000,25,0.00025,79,0.00079
-45,39,3,100000,31,0.00031,73,0.00073
-45,39,4,100000,20,0.0002,78,0.00078
-45,39,5,100000,29,0.00029,62,0.00062
-45,40,0,100000,25,0.00025,71,0.00071
-45,40,1,100000,51,0.00051,78,0.00078
-45,40,2,100000,40,0.0004,71,0.00071
-45,40,3,100000,35,0.00035,76,0.00076
-45,40,4,100000,28,0.00028,55,0.00055
-45,40,5,100000,41,0.00041,85,0.00085
-45,41,0,100000,35,0.00035,70,0.0007
-45,41,1,100000,34,0.00034,65,0.00065
-45,41,2,100000,21,0.00021,59,0.00059
-45,41,3,100000,30,0.0003,75,0.00075
-45,41,4,100000,26,0.00026,68,0.00068
-45,41,5,100000,10,0.0001,67,0.00067
-45,42,0,100000,30,0.0003,75,0.00075
-45,42,1,100000,26,0.00026,70,0.0007
-45,42,2,100000,24,0.00024,65,0.00065
-45,42,3,100000,33,0.00033,64,0.00064
-45,42,4,100000,33,0.00033,70,0.0007
-45,42,5,100000,30,0.0003,68,0.00068
-45,43,0,100000,42,0.00042,73,0.00073
-45,43,1,100000,32,0.00032,74,0.00074
-45,43,2,100000,20,0.0002,67,0.00067
-45,43,3,100000,33,0.00033,73,0.00073
-45,43,4,100000,36,0.00036,77,0.00077
-45,43,5,100000,37,0.00037,72,0.00072
-45,44,0,100000,29,0.00029,84,0.00084
-45,44,1,100000,33,0.00033,80,0.0008
-45,44,2,100000,40,0.0004,78,0.00078
-45,44,3,100000,27,0.00027,87,0.00087
-45,44,4,100000,30,0.0003,64,0.00064
-45,44,5,100000,43,0.00043,72,0.00072
-45,45,0,100000,34,0.00034,72,0.00072
-45,45,1,100000,22,0.00022,81,0.00081
-45,45,2,100000,38,0.00038,85,0.00085
-45,45,3,100000,26,0.00026,64,0.00064
-45,45,4,100000,29,0.00029,74,0.00074
-45,45,5,100000,46,0.00046,80,0.0008
-45,46,0,100000,40,0.0004,71,0.00071
-45,46,1,100000,21,0.00021,79,0.00079
-45,46,2,100000,23,0.00023,81,0.00081
-45,46,3,100000,24,0.00024,74,0.00074
-45,46,4,100000,29,0.00029,67,0.00067
-45,46,5,100000,44,0.00044,86,0.00086
-45,47,0,100000,45,0.00045,83,0.00083
-45,47,1,100000,19,0.00019,55,0.00055
-45,47,2,100000,24,0.00024,65,0.00065
-45,47,3,100000,27,0.00027,76,0.00076
-45,47,4,100000,38,0.00038,81,0.00081
-45,47,5,100000,46,0.00046,69,0.00069
-45,48,0,100000,27,0.00027,58,0.00058
-45,48,1,100000,19,0.00019,64,0.00064
-45,48,2,100000,31,0.00031,73,0.00073
-45,48,3,100000,25,0.00025,65,0.00065
-45,48,4,100000,31,0.00031,79,0.00079
-45,48,5,100000,19,0.00019,65,0.00065
-45,49,0,100000,19,0.00019,63,0.00063
-45,49,1,100000,36,0.00036,68,0.00068
-45,49,2,100000,20,0.0002,88,0.00088
-45,49,3,100000,29,0.00029,91,0.00091
-45,49,4,100000,23,0.00023,69,0.00069
-45,49,5,100000,16,0.00016,66,0.00066
-45,50,0,100000,30,0.0003,77,0.00077
-45,50,1,100000,31,0.00031,66,0.00066
-45,50,2,100000,19,0.00019,63,0.00063
-45,50,3,100000,41,0.00041,84,0.00084
-45,50,4,100000,29,0.00029,77,0.00077
-45,50,5,100000,21,0.00021,62,0.00062
-44,-50,0,100000,35,0.00035,82,0.00082
-44,-50,1,100000,26,0.00026,77,0.00077
-44,-50,2,100000,39,0.00039,66,0.00066
-44,-50,3,100000,27,0.00027,73,0.00073
-44,-50,4,100000,31,0.00031,65,0.00065
-44,-50,5,100000,26,0.00026,68,0.00068
-44,-49,0,100000,39,0.00039,66,0.00066
-44,-49,1,100000,32,0.00032,64,0.00064
-44,-49,2,100000,24,0.00024,78,0.00078
-44,-49,3,100000,26,0.00026,71,0.00071
-44,-49,4,100000,41,0.00041,93,0.00093
-44,-49,5,100000,44,0.00044,85,0.00085
-44,-48,0,100000,20,0.0002,64,0.00064
-44,-48,1,100000,16,0.00016,62,0.00062
-44,-48,2,100000,13,0.00013,65,0.00065
-44,-48,3,100000,28,0.00028,58,0.00058
-44,-48,4,100000,25,0.00025,47,0.00047
-44,-48,5,100000,25,0.00025,81,0.00081
-44,-47,0,100000,23,0.00023,82,0.00082
-44,-47,1,100000,26,0.00026,78,0.00078
-44,-47,2,100000,21,0.00021,58,0.00058
-44,-47,3,100000,26,0.00026,64,0.00064
-44,-47,4,100000,27,0.00027,70,0.0007
-44,-47,5,100000,30,0.0003,60,0.0006
-44,-46,0,100000,30,0.0003,91,0.00091
-44,-46,1,100000,44,0.00044,63,0.00063
-44,-46,2,100000,45,0.00045,77,0.00077
-44,-46,3,100000,46,0.00046,70,0.0007
-44,-46,4,100000,30,0.0003,76,0.00076
-44,-46,5,100000,17,0.00017,81,0.00081
-44,-45,0,100000,31,0.00031,66,0.00066
-44,-45,1,100000,28,0.00028,75,0.00075
-44,-45,2,100000,24,0.00024,83,0.00083
-44,-45,3,100000,33,0.00033,80,0.0008
-44,-45,4,100000,22,0.00022,69,0.00069
-44,-45,5,100000,33,0.00033,70,0.0007
-44,-44,0,100000,69,0.00069,78,0.00078
-44,-44,1,100000,39,0.00039,63,0.00063
-44,-44,2,100000,27,0.00027,64,0.00064
-44,-44,3,100000,33,0.00033,73,0.00073
-44,-44,4,100000,35,0.00035,73,0.00073
-44,-44,5,100000,29,0.00029,66,0.00066
-44,-43,0,100000,20,0.0002,73,0.00073
-44,-43,1,100000,33,0.00033,78,0.00078
-44,-43,2,100000,40,0.0004,79,0.00079
-44,-43,3,100000,16,0.00016,60,0.0006
-44,-43,4,100000,45,0.00045,69,0.00069
-44,-43,5,100000,50,0.0005,79,0.00079
-44,-42,0,100000,26,0.00026,71,0.00071
-44,-42,1,100000,38,0.00038,72,0.00072
-44,-42,2,100000,40,0.0004,68,0.00068
-44,-42,3,100000,29,0.00029,86,0.00086
-44,-42,4,100000,30,0.0003,76,0.00076
-44,-42,5,100000,33,0.00033,79,0.00079
-44,-41,0,100000,39,0.00039,73,0.00073
-44,-41,1,100000,20,0.0002,65,0.00065
-44,-41,2,100000,26,0.00026,71,0.00071
-44,-41,3,100000,38,0.00038,75,0.00075
-44,-41,4,100000,23,0.00023,68,0.00068
-44,-41,5,100000,28,0.00028,65,0.00065
-44,-40,0,100000,23,0.00023,81,0.00081
-44,-40,1,100000,26,0.00026,69,0.00069
-44,-40,2,100000,31,0.00031,66,0.00066
-44,-40,3,100000,14,0.00014,70,0.0007
-44,-40,4,100000,40,0.0004,73,0.00073
-44,-40,5,100000,25,0.00025,71,0.00071
-44,-39,0,100000,21,0.00021,53,0.00053
-44,-39,1,100000,22,0.00022,79,0.00079
-44,-39,2,100000,18,0.00018,65,0.00065
-44,-39,3,100000,42,0.00042,77,0.00077
-44,-39,4,100000,18,0.00018,77,0.00077
-44,-39,5,100000,28,0.00028,61,0.00061
-44,-38,0,100000,18,0.00018,73,0.00073
-44,-38,1,100000,56,0.00056,78,0.00078
-44,-38,2,100000,44,0.00044,74,0.00074
-44,-38,3,100000,40,0.0004,75,0.00075
-44,-38,4,100000,26,0.00026,74,0.00074
-44,-38,5,100000,34,0.00034,59,0.00059
-44,-37,0,100000,42,0.00042,76,0.00076
-44,-37,1,100000,26,0.00026,72,0.00072
-44,-37,2,100000,35,0.00035,71,0.00071
-44,-37,3,100000,27,0.00027,66,0.00066
-44,-37,4,100000,28,0.00028,64,0.00064
-44,-37,5,100000,28,0.00028,59,0.00059
-44,-36,0,100000,21,0.00021,72,0.00072
-44,-36,1,100000,43,0.00043,80,0.0008
-44,-36,2,100000,14,0.00014,66,0.00066
-44,-36,3,100000,22,0.00022,74,0.00074
-44,-36,4,100000,28,0.00028,64,0.00064
-44,-36,5,100000,33,0.00033,72,0.00072
-44,-35,0,100000,32,0.00032,70,0.0007
-44,-35,1,100000,31,0.00031,79,0.00079
-44,-35,2,100000,43,0.00043,69,0.00069
-44,-35,3,100000,17,0.00017,75,0.00075
-44,-35,4,100000,47,0.00047,85,0.00085
-44,-35,5,100000,22,0.00022,65,0.00065
-44,-34,0,100000,17,0.00017,69,0.00069
-44,-34,1,100000,20,0.0002,70,0.0007
-44,-34,2,100000,65,0.00065,85,0.00085
-44,-34,3,100000,35,0.00035,87,0.00087
-44,-34,4,100000,35,0.00035,80,0.0008
-44,-34,5,100000,16,0.00016,60,0.0006
-44,-33,0,100000,26,0.00026,61,0.00061
-44,-33,1,100000,24,0.00024,62,0.00062
-44,-33,2,100000,19,0.00019,67,0.00067
-44,-33,3,100000,32,0.00032,69,0.00069
-44,-33,4,100000,30,0.0003,50,0.0005
-44,-33,5,100000,37,0.00037,68,0.00068
-44,-32,0,100000,20,0.0002,71,0.00071
-44,-32,1,100000,50,0.0005,79,0.00079
-44,-32,2,100000,23,0.00023,81,0.00081
-44,-32,3,100000,29,0.00029,77,0.00077
-44,-32,4,100000,31,0.00031,87,0.00087
-44,-32,5,100000,17,0.00017,60,0.0006
-44,-31,0,100000,18,0.00018,67,0.00067
-44,-31,1,100000,48,0.00048,71,0.00071
-44,-31,2,100000,23,0.00023,64,0.00064
-44,-31,3,100000,31,0.00031,71,0.00071
-44,-31,4,100000,41,0.00041,74,0.00074
-44,-31,5,100000,31,0.00031,76,0.00076
-44,-30,0,100000,40,0.0004,88,0.00088
-44,-30,1,100000,18,0.00018,64,0.00064
-44,-30,2,100000,22,0.00022,71,0.00071
-44,-30,3,100000,38,0.00038,79,0.00079
-44,-30,4,100000,34,0.00034,77,0.00077
-44,-30,5,100000,15,0.00015,77,0.00077
-44,-29,0,100000,31,0.00031,74,0.00074
-44,-29,1,100000,18,0.00018,51,0.00051
-44,-29,2,100000,40,0.0004,66,0.00066
-44,-29,3,100000,29,0.00029,64,0.00064
-44,-29,4,100000,18,0.00018,72,0.00072
-44,-29,5,100000,23,0.00023,76,0.00076
-44,-28,0,100000,39,0.00039,88,0.00088
-44,-28,1,100000,42,0.00042,87,0.00087
-44,-28,2,100000,27,0.00027,80,0.0008
-44,-28,3,100000,50,0.0005,77,0.00077
-44,-28,4,100000,32,0.00032,68,0.00068
-44,-28,5,100000,23,0.00023,65,0.00065
-44,-27,0,100000,30,0.0003,79,0.00079
-44,-27,1,100000,35,0.00035,89,0.00089
-44,-27,2,100000,20,0.0002,80,0.0008
-44,-27,3,100000,24,0.00024,70,0.0007
-44,-27,4,100000,33,0.00033,76,0.00076
-44,-27,5,100000,39,0.00039,79,0.00079
-44,-26,0,100000,32,0.00032,78,0.00078
-44,-26,1,100000,43,0.00043,79,0.00079
-44,-26,2,100000,30,0.0003,68,0.00068
-44,-26,3,100000,30,0.0003,61,0.00061
-44,-26,4,100000,29,0.00029,79,0.00079
-44,-26,5,100000,25,0.00025,67,0.00067
-44,-25,0,100000,31,0.00031,66,0.00066
-44,-25,1,100000,33,0.00033,79,0.00079
-44,-25,2,100000,19,0.00019,68,0.00068
-44,-25,3,100000,15,0.00015,59,0.00059
-44,-25,4,100000,14,0.00014,76,0.00076
-44,-25,5,100000,18,0.00018,54,0.00054
-44,-24,0,100000,20,0.0002,78,0.00078
-44,-24,1,100000,44,0.00044,70,0.0007
-44,-24,2,100000,32,0.00032,88,0.00088
-44,-24,3,100000,31,0.00031,61,0.00061
-44,-24,4,100000,61,0.00061,93,0.00093
-44,-24,5,100000,18,0.00018,64,0.00064
-44,-23,0,100000,29,0.00029,58,0.00058
-44,-23,1,100000,39,0.00039,60,0.0006
-44,-23,2,100000,29,0.00029,75,0.00075
-44,-23,3,100000,32,0.00032,76,0.00076
-44,-23,4,100000,21,0.00021,81,0.00081
-44,-23,5,100000,23,0.00023,58,0.00058
-44,-22,0,100000,27,0.00027,62,0.00062
-44,-22,1,100000,29,0.00029,74,0.00074
-44,-22,2,100000,40,0.0004,67,0.00067
-44,-22,3,100000,38,0.00038,79,0.00079
-44,-22,4,100000,30,0.0003,78,0.00078
-44,-22,5,100000,26,0.00026,73,0.00073
-44,-21,0,100000,43,0.00043,84,0.00084
-44,-21,1,100000,41,0.00041,64,0.00064
-44,-21,2,100000,35,0.00035,73,0.00073
-44,-21,3,100000,39,0.00039,88,0.00088
-44,-21,4,100000,29,0.00029,71,0.00071
-44,-21,5,100000,39,0.00039,73,0.00073
-44,-20,0,100000,60,0.0006,80,0.0008
-44,-20,1,100000,23,0.00023,70,0.0007
-44,-20,2,100000,45,0.00045,66,0.00066
-44,-20,3,100000,21,0.00021,89,0.00089
-44,-20,4,100000,31,0.00031,73,0.00073
-44,-20,5,100000,32,0.00032,69,0.00069
-44,-19,0,100000,33,0.00033,77,0.00077
-44,-19,1,100000,29,0.00029,63,0.00063
-44,-19,2,100000,28,0.00028,70,0.0007
-44,-19,3,100000,28,0.00028,77,0.00077
-44,-19,4,100000,49,0.00049,79,0.00079
-44,-19,5,100000,18,0.00018,65,0.00065
-44,-18,0,100000,31,0.00031,81,0.00081
-44,-18,1,100000,36,0.00036,76,0.00076
-44,-18,2,100000,28,0.00028,83,0.00083
-44,-18,3,100000,24,0.00024,69,0.00069
-44,-18,4,100000,39,0.00039,63,0.00063
-44,-18,5,100000,37,0.00037,63,0.00063
-44,-17,0,100000,43,0.00043,80,0.0008
-44,-17,1,100000,38,0.00038,60,0.0006
-44,-17,2,100000,32,0.00032,72,0.00072
-44,-17,3,100000,19,0.00019,59,0.00059
-44,-17,4,100000,24,0.00024,61,0.00061
-44,-17,5,100000,56,0.00056,87,0.00087
-44,-16,0,100000,28,0.00028,72,0.00072
-44,-16,1,100000,12,0.00012,73,0.00073
-44,-16,2,100000,18,0.00018,76,0.00076
-44,-16,3,100000,24,0.00024,71,0.00071
-44,-16,4,100000,25,0.00025,74,0.00074
-44,-16,5,100000,30,0.0003,65,0.00065
-44,-15,0,100000,26,0.00026,78,0.00078
-44,-15,1,100000,25,0.00025,51,0.00051
-44,-15,2,100000,23,0.00023,82,0.00082
-44,-15,3,100000,22,0.00022,68,0.00068
-44,-15,4,100000,25,0.00025,71,0.00071
-44,-15,5,100000,43,0.00043,81,0.00081
-44,-14,0,100000,29,0.00029,56,0.00056
-44,-14,1,100000,32,0.00032,62,0.00062
-44,-14,2,100000,26,0.00026,69,0.00069
-44,-14,3,100000,17,0.00017,66,0.00066
-44,-14,4,100000,21,0.00021,65,0.00065
-44,-14,5,100000,21,0.00021,76,0.00076
-44,-13,0,100000,37,0.00037,83,0.00083
-44,-13,1,100000,36,0.00036,62,0.00062
-44,-13,2,100000,29,0.00029,72,0.00072
-44,-13,3,100000,47,0.00047,71,0.00071
-44,-13,4,100000,30,0.0003,68,0.00068
-44,-13,5,100000,26,0.00026,61,0.00061
-44,-12,0,100000,30,0.0003,77,0.00077
-44,-12,1,100000,21,0.00021,68,0.00068
-44,-12,2,100000,28,0.00028,83,0.00083
-44,-12,3,100000,30,0.0003,72,0.00072
-44,-12,4,100000,21,0.00021,62,0.00062
-44,-12,5,100000,28,0.00028,75,0.00075
-44,-11,0,100000,25,0.00025,78,0.00078
-44,-11,1,100000,22,0.00022,78,0.00078
-44,-11,2,100000,35,0.00035,65,0.00065
-44,-11,3,100000,38,0.00038,83,0.00083
-44,-11,4,100000,36,0.00036,79,0.00079
-44,-11,5,100000,30,0.0003,70,0.0007
-44,-10,0,100000,44,0.00044,75,0.00075
-44,-10,1,100000,32,0.00032,70,0.0007
-44,-10,2,100000,21,0.00021,72,0.00072
-44,-10,3,100000,33,0.00033,83,0.00083
-44,-10,4,100000,17,0.00017,63,0.00063
-44,-10,5,100000,19,0.00019,69,0.00069
-44,-9,0,100000,18,0.00018,69,0.00069
-44,-9,1,100000,32,0.00032,74,0.00074
-44,-9,2,100000,20,0.0002,70,0.0007
-44,-9,3,100000,35,0.00035,76,0.00076
-44,-9,4,100000,36,0.00036,60,0.0006
-44,-9,5,100000,22,0.00022,72,0.00072
-44,-8,0,100000,25,0.00025,88,0.00088
-44,-8,1,100000,36,0.00036,82,0.00082
-44,-8,2,100000,33,0.00033,75,0.00075
-44,-8,3,100000,22,0.00022,59,0.00059
-44,-8,4,100000,30,0.0003,79,0.00079
-44,-8,5,100000,45,0.00045,72,0.00072
-44,-7,0,100000,33,0.00033,68,0.00068
-44,-7,1,100000,24,0.00024,78,0.00078
-44,-7,2,100000,29,0.00029,81,0.00081
-44,-7,3,100000,18,0.00018,59,0.00059
-44,-7,4,100000,21,0.00021,65,0.00065
-44,-7,5,100000,21,0.00021,63,0.00063
-44,-6,0,100000,36,0.00036,87,0.00087
-44,-6,1,100000,30,0.0003,68,0.00068
-44,-6,2,100000,32,0.00032,66,0.00066
-44,-6,3,100000,19,0.00019,68,0.00068
-44,-6,4,100000,17,0.00017,73,0.00073
-44,-6,5,100000,21,0.00021,71,0.00071
-44,-5,0,100000,34,0.00034,78,0.00078
-44,-5,1,100000,19,0.00019,54,0.00054
-44,-5,2,100000,20,0.0002,65,0.00065
-44,-5,3,100000,32,0.00032,80,0.0008
-44,-5,4,100000,26,0.00026,78,0.00078
-44,-5,5,100000,24,0.00024,77,0.00077
-44,-4,0,100000,60,0.0006,74,0.00074
-44,-4,1,100000,28,0.00028,67,0.00067
-44,-4,2,100000,34,0.00034,71,0.00071
-44,-4,3,100000,40,0.0004,77,0.00077
-44,-4,4,100000,41,0.00041,65,0.00065
-44,-4,5,100000,29,0.00029,74,0.00074
-44,-3,0,100000,40,0.0004,69,0.00069
-44,-3,1,100000,27,0.00027,66,0.00066
-44,-3,2,100000,58,0.00058,86,0.00086
-44,-3,3,100000,30,0.0003,84,0.00084
-44,-3,4,100000,36,0.00036,83,0.00083
-44,-3,5,100000,24,0.00024,81,0.00081
-44,-2,0,100000,17,0.00017,63,0.00063
-44,-2,1,100000,24,0.00024,85,0.00085
-44,-2,2,100000,35,0.00035,75,0.00075
-44,-2,3,100000,26,0.00026,69,0.00069
-44,-2,4,100000,32,0.00032,93,0.00093
-44,-2,5,100000,30,0.0003,72,0.00072
-44,-1,0,100000,48,0.00048,88,0.00088
-44,-1,1,100000,30,0.0003,73,0.00073
-44,-1,2,100000,34,0.00034,93,0.00093
-44,-1,3,100000,46,0.00046,72,0.00072
-44,-1,4,100000,21,0.00021,78,0.00078
-44,-1,5,100000,23,0.00023,86,0.00086
-44,0,0,100000,32,0.00032,60,0.0006
-44,0,1,100000,34,0.00034,75,0.00075
-44,0,2,100000,37,0.00037,78,0.00078
-44,0,3,100000,29,0.00029,72,0.00072
-44,0,4,100000,32,0.00032,71,0.00071
-44,0,5,100000,34,0.00034,66,0.00066
-44,1,0,100000,18,0.00018,54,0.00054
-44,1,1,100000,22,0.00022,78,0.00078
-44,1,2,100000,21,0.00021,74,0.00074
-44,1,3,100000,38,0.00038,77,0.00077
-44,1,4,100000,26,0.00026,66,0.00066
-44,1,5,100000,40,0.0004,87,0.00087
-44,2,0,100000,41,0.00041,75,0.00075
-44,2,1,100000,17,0.00017,68,0.00068
-44,2,2,100000,33,0.00033,76,0.00076
-44,2,3,100000,36,0.00036,73,0.00073
-44,2,4,100000,17,0.00017,57,0.00057
-44,2,5,100000,22,0.00022,68,0.00068
-44,3,0,100000,22,0.00022,77,0.00077
-44,3,1,100000,36,0.00036,88,0.00088
-44,3,2,100000,33,0.00033,82,0.00082
-44,3,3,100000,26,0.00026,65,0.00065
-44,3,4,100000,34,0.00034,88,0.00088
-44,3,5,100000,29,0.00029,76,0.00076
-44,4,0,100000,12,0.00012,63,0.00063
-44,4,1,100000,38,0.00038,75,0.00075
-44,4,2,100000,40,0.0004,82,0.00082
-44,4,3,100000,25,0.00025,61,0.00061
-44,4,4,100000,29,0.00029,84,0.00084
-44,4,5,100000,38,0.00038,73,0.00073
-44,5,0,100000,33,0.00033,71,0.00071
-44,5,1,100000,39,0.00039,73,0.00073
-44,5,2,100000,38,0.00038,76,0.00076
-44,5,3,100000,37,0.00037,86,0.00086
-44,5,4,100000,24,0.00024,88,0.00088
-44,5,5,100000,29,0.00029,73,0.00073
-44,6,0,100000,20,0.0002,74,0.00074
-44,6,1,100000,23,0.00023,63,0.00063
-44,6,2,100000,14,0.00014,71,0.00071
-44,6,3,100000,20,0.0002,66,0.00066
-44,6,4,100000,19,0.00019,54,0.00054
-44,6,5,100000,40,0.0004,66,0.00066
-44,7,0,100000,27,0.00027,66,0.00066
-44,7,1,100000,33,0.00033,73,0.00073
-44,7,2,100000,26,0.00026,63,0.00063
-44,7,3,100000,26,0.00026,76,0.00076
-44,7,4,100000,27,0.00027,77,0.00077
-44,7,5,100000,46,0.00046,76,0.00076
-44,8,0,100000,60,0.0006,77,0.00077
-44,8,1,100000,20,0.0002,68,0.00068
-44,8,2,100000,25,0.00025,56,0.00056
-44,8,3,100000,32,0.00032,68,0.00068
-44,8,4,100000,24,0.00024,77,0.00077
-44,8,5,100000,23,0.00023,74,0.00074
-44,9,0,100000,36,0.00036,79,0.00079
-44,9,1,100000,33,0.00033,73,0.00073
-44,9,2,100000,20,0.0002,72,0.00072
-44,9,3,100000,25,0.00025,65,0.00065
-44,9,4,100000,24,0.00024,63,0.00063
-44,9,5,100000,37,0.00037,72,0.00072
-44,10,0,100000,30,0.0003,69,0.00069
-44,10,1,100000,42,0.00042,81,0.00081
-44,10,2,100000,32,0.00032,78,0.00078
-44,10,3,100000,41,0.00041,76,0.00076
-44,10,4,100000,47,0.00047,75,0.00075
-44,10,5,100000,25,0.00025,67,0.00067
-44,11,0,100000,43,0.00043,90,0.0009
-44,11,1,100000,49,0.00049,67,0.00067
-44,11,2,100000,19,0.00019,78,0.00078
-44,11,3,100000,31,0.00031,76,0.00076
-44,11,4,100000,52,0.00052,83,0.00083
-44,11,5,100000,26,0.00026,63,0.00063
-44,12,0,100000,34,0.00034,68,0.00068
-44,12,1,100000,35,0.00035,68,0.00068
-44,12,2,100000,32,0.00032,71,0.00071
-44,12,3,100000,33,0.00033,70,0.0007
-44,12,4,100000,22,0.00022,63,0.00063
-44,12,5,100000,23,0.00023,77,0.00077
-44,13,0,100000,18,0.00018,75,0.00075
-44,13,1,100000,28,0.00028,72,0.00072
-44,13,2,100000,28,0.00028,73,0.00073
-44,13,3,100000,41,0.00041,84,0.00084
-44,13,4,100000,30,0.0003,75,0.00075
-44,13,5,100000,45,0.00045,73,0.00073
-44,14,0,100000,27,0.00027,63,0.00063
-44,14,1,100000,25,0.00025,65,0.00065
-44,14,2,100000,21,0.00021,73,0.00073
-44,14,3,100000,23,0.00023,70,0.0007
-44,14,4,100000,24,0.00024,70,0.0007
-44,14,5,100000,14,0.00014,77,0.00077
-44,15,0,100000,24,0.00024,69,0.00069
-44,15,1,100000,29,0.00029,56,0.00056
-44,15,2,100000,32,0.00032,80,0.0008
-44,15,3,100000,28,0.00028,81,0.00081
-44,15,4,100000,23,0.00023,75,0.00075
-44,15,5,100000,38,0.00038,63,0.00063
-44,16,0,100000,28,0.00028,70,0.0007
-44,16,1,100000,62,0.00062,92,0.00092
-44,16,2,100000,51,0.00051,81,0.00081
-44,16,3,100000,18,0.00018,66,0.00066
-44,16,4,100000,24,0.00024,67,0.00067
-44,16,5,100000,43,0.00043,86,0.00086
-44,17,0,100000,21,0.00021,71,0.00071
-44,17,1,100000,31,0.00031,91,0.00091
-44,17,2,100000,36,0.00036,77,0.00077
-44,17,3,100000,67,0.00067,91,0.00091
-44,17,4,100000,24,0.00024,67,0.00067
-44,17,5,100000,37,0.00037,69,0.00069
-44,18,0,100000,28,0.00028,75,0.00075
-44,18,1,100000,37,0.00037,76,0.00076
-44,18,2,100000,37,0.00037,74,0.00074
-44,18,3,100000,27,0.00027,72,0.00072
-44,18,4,100000,29,0.00029,87,0.00087
-44,18,5,100000,33,0.00033,71,0.00071
-44,19,0,100000,29,0.00029,71,0.00071
-44,19,1,100000,18,0.00018,63,0.00063
-44,19,2,100000,24,0.00024,73,0.00073
-44,19,3,100000,24,0.00024,70,0.0007
-44,19,4,100000,37,0.00037,86,0.00086
-44,19,5,100000,21,0.00021,70,0.0007
-44,20,0,100000,38,0.00038,81,0.00081
-44,20,1,100000,27,0.00027,71,0.00071
-44,20,2,100000,47,0.00047,82,0.00082
-44,20,3,100000,58,0.00058,79,0.00079
-44,20,4,100000,27,0.00027,74,0.00074
-44,20,5,100000,25,0.00025,61,0.00061
-44,21,0,100000,46,0.00046,83,0.00083
-44,21,1,100000,34,0.00034,65,0.00065
-44,21,2,100000,32,0.00032,78,0.00078
-44,21,3,100000,18,0.00018,67,0.00067
-44,21,4,100000,35,0.00035,78,0.00078
-44,21,5,100000,42,0.00042,77,0.00077
-44,22,0,100000,27,0.00027,72,0.00072
-44,22,1,100000,16,0.00016,73,0.00073
-44,22,2,100000,39,0.00039,63,0.00063
-44,22,3,100000,25,0.00025,87,0.00087
-44,22,4,100000,32,0.00032,62,0.00062
-44,22,5,100000,20,0.0002,74,0.00074
-44,23,0,100000,21,0.00021,68,0.00068
-44,23,1,100000,27,0.00027,62,0.00062
-44,23,2,100000,42,0.00042,70,0.0007
-44,23,3,100000,41,0.00041,82,0.00082
-44,23,4,100000,36,0.00036,65,0.00065
-44,23,5,100000,11,0.00011,67,0.00067
-44,24,0,100000,19,0.00019,48,0.00048
-44,24,1,100000,21,0.00021,65,0.00065
-44,24,2,100000,24,0.00024,64,0.00064
-44,24,3,100000,47,0.00047,82,0.00082
-44,24,4,100000,38,0.00038,79,0.00079
-44,24,5,100000,32,0.00032,68,0.00068
-44,25,0,100000,41,0.00041,64,0.00064
-44,25,1,100000,44,0.00044,77,0.00077
-44,25,2,100000,41,0.00041,60,0.0006
-44,25,3,100000,23,0.00023,74,0.00074
-44,25,4,100000,55,0.00055,91,0.00091
-44,25,5,100000,42,0.00042,59,0.00059
-44,26,0,100000,32,0.00032,83,0.00083
-44,26,1,100000,18,0.00018,63,0.00063
-44,26,2,100000,21,0.00021,68,0.00068
-44,26,3,100000,24,0.00024,61,0.00061
-44,26,4,100000,54,0.00054,73,0.00073
-44,26,5,100000,32,0.00032,76,0.00076
-44,27,0,100000,25,0.00025,66,0.00066
-44,27,1,100000,54,0.00054,77,0.00077
-44,27,2,100000,43,0.00043,71,0.00071
-44,27,3,100000,29,0.00029,84,0.00084
-44,27,4,100000,49,0.00049,90,0.0009
-44,27,5,100000,24,0.00024,57,0.00057
-44,28,0,100000,48,0.00048,91,0.00091
-44,28,1,100000,26,0.00026,76,0.00076
-44,28,2,100000,33,0.00033,80,0.0008
-44,28,3,100000,31,0.00031,65,0.00065
-44,28,4,100000,36,0.00036,81,0.00081
-44,28,5,100000,34,0.00034,71,0.00071
-44,29,0,100000,41,0.00041,67,0.00067
-44,29,1,100000,51,0.00051,72,0.00072
-44,29,2,100000,30,0.0003,68,0.00068
-44,29,3,100000,30,0.0003,67,0.00067
-44,29,4,100000,30,0.0003,65,0.00065
-44,29,5,100000,27,0.00027,66,0.00066
-44,30,0,100000,35,0.00035,75,0.00075
-44,30,1,100000,23,0.00023,74,0.00074
-44,30,2,100000,41,0.00041,81,0.00081
-44,30,3,100000,36,0.00036,71,0.00071
-44,30,4,100000,56,0.00056,82,0.00082
-44,30,5,100000,37,0.00037,83,0.00083
-44,31,0,100000,31,0.00031,83,0.00083
-44,31,1,100000,37,0.00037,87,0.00087
-44,31,2,100000,28,0.00028,79,0.00079
-44,31,3,100000,22,0.00022,66,0.00066
-44,31,4,100000,23,0.00023,80,0.0008
-44,31,5,100000,17,0.00017,72,0.00072
-44,32,0,100000,23,0.00023,64,0.00064
-44,32,1,100000,27,0.00027,72,0.00072
-44,32,2,100000,15,0.00015,46,0.00046
-44,32,3,100000,51,0.00051,76,0.00076
-44,32,4,100000,32,0.00032,69,0.00069
-44,32,5,100000,35,0.00035,77,0.00077
-44,33,0,100000,32,0.00032,77,0.00077
-44,33,1,100000,33,0.00033,74,0.00074
-44,33,2,100000,21,0.00021,87,0.00087
-44,33,3,100000,41,0.00041,74,0.00074
-44,33,4,100000,25,0.00025,71,0.00071
-44,33,5,100000,54,0.00054,72,0.00072
-44,34,0,100000,15,0.00015,47,0.00047
-44,34,1,100000,48,0.00048,91,0.00091
-44,34,2,100000,34,0.00034,74,0.00074
-44,34,3,100000,43,0.00043,79,0.00079
-44,34,4,100000,31,0.00031,74,0.00074
-44,34,5,100000,25,0.00025,69,0.00069
-44,35,0,100000,40,0.0004,80,0.0008
-44,35,1,100000,34,0.00034,83,0.00083
-44,35,2,100000,22,0.00022,77,0.00077
-44,35,3,100000,15,0.00015,82,0.00082
-44,35,4,100000,45,0.00045,58,0.00058
-44,35,5,100000,25,0.00025,76,0.00076
-44,36,0,100000,37,0.00037,83,0.00083
-44,36,1,100000,36,0.00036,89,0.00089
-44,36,2,100000,23,0.00023,71,0.00071
-44,36,3,100000,29,0.00029,76,0.00076
-44,36,4,100000,50,0.0005,95,0.00095
-44,36,5,100000,27,0.00027,81,0.00081
-44,37,0,100000,18,0.00018,66,0.00066
-44,37,1,100000,22,0.00022,64,0.00064
-44,37,2,100000,23,0.00023,67,0.00067
-44,37,3,100000,32,0.00032,82,0.00082
-44,37,4,100000,24,0.00024,54,0.00054
-44,37,5,100000,20,0.0002,62,0.00062
-44,38,0,100000,34,0.00034,83,0.00083
-44,38,1,100000,23,0.00023,57,0.00057
-44,38,2,100000,39,0.00039,73,0.00073
-44,38,3,100000,29,0.00029,75,0.00075
-44,38,4,100000,33,0.00033,81,0.00081
-44,38,5,100000,37,0.00037,94,0.00094
-44,39,0,100000,35,0.00035,83,0.00083
-44,39,1,100000,37,0.00037,89,0.00089
-44,39,2,100000,48,0.00048,71,0.00071
-44,39,3,100000,18,0.00018,58,0.00058
-44,39,4,100000,22,0.00022,70,0.0007
-44,39,5,100000,44,0.00044,71,0.00071
-44,40,0,100000,32,0.00032,81,0.00081
-44,40,1,100000,27,0.00027,61,0.00061
-44,40,2,100000,44,0.00044,72,0.00072
-44,40,3,100000,28,0.00028,68,0.00068
-44,40,4,100000,36,0.00036,64,0.00064
-44,40,5,100000,25,0.00025,66,0.00066
-44,41,0,100000,42,0.00042,64,0.00064
-44,41,1,100000,37,0.00037,67,0.00067
-44,41,2,100000,39,0.00039,83,0.00083
-44,41,3,100000,35,0.00035,66,0.00066
-44,41,4,100000,14,0.00014,73,0.00073
-44,41,5,100000,26,0.00026,90,0.0009
-44,42,0,100000,18,0.00018,66,0.00066
-44,42,1,100000,24,0.00024,68,0.00068
-44,42,2,100000,34,0.00034,60,0.0006
-44,42,3,100000,15,0.00015,61,0.00061
-44,42,4,100000,27,0.00027,62,0.00062
-44,42,5,100000,39,0.00039,59,0.00059
-44,43,0,100000,38,0.00038,66,0.00066
-44,43,1,100000,47,0.00047,66,0.00066
-44,43,2,100000,44,0.00044,68,0.00068
-44,43,3,100000,26,0.00026,66,0.00066
-44,43,4,100000,40,0.0004,71,0.00071
-44,43,5,100000,30,0.0003,64,0.00064
-44,44,0,100000,19,0.00019,73,0.00073
-44,44,1,100000,35,0.00035,79,0.00079
-44,44,2,100000,34,0.00034,84,0.00084
-44,44,3,100000,40,0.0004,80,0.0008
-44,44,4,100000,37,0.00037,77,0.00077
-44,44,5,100000,27,0.00027,80,0.0008
-44,45,0,100000,34,0.00034,87,0.00087
-44,45,1,100000,24,0.00024,79,0.00079
-44,45,2,100000,38,0.00038,72,0.00072
-44,45,3,100000,22,0.00022,68,0.00068
-44,45,4,100000,54,0.00054,81,0.00081
-44,45,5,100000,20,0.0002,69,0.00069
-44,46,0,100000,29,0.00029,84,0.00084
-44,46,1,100000,35,0.00035,63,0.00063
-44,46,2,100000,23,0.00023,79,0.00079
-44,46,3,100000,33,0.00033,82,0.00082
-44,46,4,100000,41,0.00041,71,0.00071
-44,46,5,100000,34,0.00034,66,0.00066
-44,47,0,100000,31,0.00031,74,0.00074
-44,47,1,100000,23,0.00023,59,0.00059
-44,47,2,100000,48,0.00048,95,0.00095
-44,47,3,100000,26,0.00026,80,0.0008
-44,47,4,100000,28,0.00028,61,0.00061
-44,47,5,100000,42,0.00042,72,0.00072
-44,48,0,100000,31,0.00031,74,0.00074
-44,48,1,100000,39,0.00039,73,0.00073
-44,48,2,100000,37,0.00037,80,0.0008
-44,48,3,100000,27,0.00027,79,0.00079
-44,48,4,100000,33,0.00033,72,0.00072
-44,48,5,100000,39,0.00039,82,0.00082
-44,49,0,100000,42,0.00042,82,0.00082
-44,49,1,100000,42,0.00042,77,0.00077
-44,49,2,100000,33,0.00033,52,0.00052
-44,49,3,100000,25,0.00025,69,0.00069
-44,49,4,100000,21,0.00021,64,0.00064
-44,49,5,100000,36,0.00036,71,0.00071
-44,50,0,100000,31,0.00031,71,0.00071
-44,50,1,100000,28,0.00028,75,0.00075
-44,50,2,100000,35,0.00035,70,0.0007
-44,50,3,100000,36,0.00036,79,0.00079
-44,50,4,100000,33,0.00033,79,0.00079
-44,50,5,100000,24,0.00024,58,0.00058
-43,-50,0,100000,26,0.00026,63,0.00063
-43,-50,1,100000,20,0.0002,77,0.00077
-43,-50,2,100000,30,0.0003,69,0.00069
-43,-50,3,100000,20,0.0002,70,0.0007
-43,-50,4,100000,26,0.00026,73,0.00073
-43,-50,5,100000,37,0.00037,69,0.00069
-43,-49,0,100000,29,0.00029,73,0.00073
-43,-49,1,100000,35,0.00035,74,0.00074
-43,-49,2,100000,17,0.00017,54,0.00054
-43,-49,3,100000,34,0.00034,78,0.00078
-43,-49,4,100000,22,0.00022,80,0.0008
-43,-49,5,100000,22,0.00022,70,0.0007
-43,-48,0,100000,23,0.00023,64,0.00064
-43,-48,1,100000,30,0.0003,70,0.0007
-43,-48,2,100000,17,0.00017,57,0.00057
-43,-48,3,100000,31,0.00031,54,0.00054
-43,-48,4,100000,61,0.00061,85,0.00085
-43,-48,5,100000,30,0.0003,88,0.00088
-43,-47,0,100000,23,0.00023,76,0.00076
-43,-47,1,100000,34,0.00034,85,0.00085
-43,-47,2,100000,14,0.00014,71,0.00071
-43,-47,3,100000,38,0.00038,83,0.00083
-43,-47,4,100000,29,0.00029,69,0.00069
-43,-47,5,100000,16,0.00016,82,0.00082
-43,-46,0,100000,25,0.00025,66,0.00066
-43,-46,1,100000,33,0.00033,75,0.00075
-43,-46,2,100000,31,0.00031,89,0.00089
-43,-46,3,100000,28,0.00028,73,0.00073
-43,-46,4,100000,38,0.00038,89,0.00089
-43,-46,5,100000,39,0.00039,82,0.00082
-43,-45,0,100000,33,0.00033,81,0.00081
-43,-45,1,100000,31,0.00031,79,0.00079
-43,-45,2,100000,59,0.00059,84,0.00084
-43,-45,3,100000,33,0.00033,67,0.00067
-43,-45,4,100000,34,0.00034,79,0.00079
-43,-45,5,100000,34,0.00034,82,0.00082
-43,-44,0,100000,29,0.00029,67,0.00067
-43,-44,1,100000,35,0.00035,76,0.00076
-43,-44,2,100000,28,0.00028,79,0.00079
-43,-44,3,100000,27,0.00027,60,0.0006
-43,-44,4,100000,24,0.00024,83,0.00083
-43,-44,5,100000,35,0.00035,75,0.00075
-43,-43,0,100000,32,0.00032,66,0.00066
-43,-43,1,100000,27,0.00027,66,0.00066
-43,-43,2,100000,27,0.00027,73,0.00073
-43,-43,3,100000,41,0.00041,78,0.00078
-43,-43,4,100000,32,0.00032,80,0.0008
-43,-43,5,100000,25,0.00025,69,0.00069
-43,-42,0,100000,24,0.00024,59,0.00059
-43,-42,1,100000,23,0.00023,78,0.00078
-43,-42,2,100000,28,0.00028,86,0.00086
-43,-42,3,100000,26,0.00026,75,0.00075
-43,-42,4,100000,26,0.00026,80,0.0008
-43,-42,5,100000,26,0.00026,64,0.00064
-43,-41,0,100000,40,0.0004,74,0.00074
-43,-41,1,100000,28,0.00028,68,0.00068
-43,-41,2,100000,30,0.0003,86,0.00086
-43,-41,3,100000,37,0.00037,75,0.00075
-43,-41,4,100000,26,0.00026,80,0.0008
-43,-41,5,100000,30,0.0003,73,0.00073
-43,-40,0,100000,19,0.00019,81,0.00081
-43,-40,1,100000,32,0.00032,67,0.00067
-43,-40,2,100000,20,0.0002,60,0.0006
-43,-40,3,100000,23,0.00023,60,0.0006
-43,-40,4,100000,20,0.0002,65,0.00065
-43,-40,5,100000,34,0.00034,67,0.00067
-43,-39,0,100000,27,0.00027,71,0.00071
-43,-39,1,100000,24,0.00024,72,0.00072
-43,-39,2,100000,26,0.00026,82,0.00082
-43,-39,3,100000,45,0.00045,88,0.00088
-43,-39,4,100000,21,0.00021,72,0.00072
-43,-39,5,100000,28,0.00028,64,0.00064
-43,-38,0,100000,30,0.0003,70,0.0007
-43,-38,1,100000,34,0.00034,64,0.00064
-43,-38,2,100000,33,0.00033,74,0.00074
-43,-38,3,100000,22,0.00022,75,0.00075
-43,-38,4,100000,25,0.00025,70,0.0007
-43,-38,5,100000,30,0.0003,59,0.00059
-43,-37,0,100000,25,0.00025,64,0.00064
-43,-37,1,100000,48,0.00048,76,0.00076
-43,-37,2,100000,42,0.00042,71,0.00071
-43,-37,3,100000,43,0.00043,83,0.00083
-43,-37,4,100000,31,0.00031,49,0.00049
-43,-37,5,100000,40,0.0004,69,0.00069
-43,-36,0,100000,30,0.0003,65,0.00065
-43,-36,1,100000,20,0.0002,67,0.00067
-43,-36,2,100000,27,0.00027,64,0.00064
-43,-36,3,100000,28,0.00028,69,0.00069
-43,-36,4,100000,26,0.00026,76,0.00076
-43,-36,5,100000,16,0.00016,69,0.00069
-43,-35,0,100000,30,0.0003,67,0.00067
-43,-35,1,100000,27,0.00027,62,0.00062
-43,-35,2,100000,31,0.00031,66,0.00066
-43,-35,3,100000,27,0.00027,70,0.0007
-43,-35,4,100000,18,0.00018,61,0.00061
-43,-35,5,100000,28,0.00028,69,0.00069
-43,-34,0,100000,32,0.00032,68,0.00068
-43,-34,1,100000,30,0.0003,73,0.00073
-43,-34,2,100000,23,0.00023,70,0.0007
-43,-34,3,100000,37,0.00037,80,0.0008
-43,-34,4,100000,25,0.00025,73,0.00073
-43,-34,5,100000,34,0.00034,71,0.00071
-43,-33,0,100000,24,0.00024,81,0.00081
-43,-33,1,100000,44,0.00044,81,0.00081
-43,-33,2,100000,38,0.00038,78,0.00078
-43,-33,3,100000,22,0.00022,86,0.00086
-43,-33,4,100000,33,0.00033,71,0.00071
-43,-33,5,100000,38,0.00038,79,0.00079
-43,-32,0,100000,43,0.00043,83,0.00083
-43,-32,1,100000,20,0.0002,84,0.00084
-43,-32,2,100000,36,0.00036,80,0.0008
-43,-32,3,100000,33,0.00033,70,0.0007
-43,-32,4,100000,34,0.00034,74,0.00074
-43,-32,5,100000,43,0.00043,81,0.00081
-43,-31,0,100000,30,0.0003,68,0.00068
-43,-31,1,100000,22,0.00022,63,0.00063
-43,-31,2,100000,20,0.0002,79,0.00079
-43,-31,3,100000,22,0.00022,72,0.00072
-43,-31,4,100000,34,0.00034,74,0.00074
-43,-31,5,100000,54,0.00054,86,0.00086
-43,-30,0,100000,40,0.0004,77,0.00077
-43,-30,1,100000,27,0.00027,58,0.00058
-43,-30,2,100000,28,0.00028,78,0.00078
-43,-30,3,100000,22,0.00022,60,0.0006
-43,-30,4,100000,23,0.00023,76,0.00076
-43,-30,5,100000,38,0.00038,67,0.00067
-43,-29,0,100000,33,0.00033,71,0.00071
-43,-29,1,100000,15,0.00015,71,0.00071
-43,-29,2,100000,42,0.00042,83,0.00083
-43,-29,3,100000,27,0.00027,68,0.00068
-43,-29,4,100000,28,0.00028,77,0.00077
-43,-29,5,100000,20,0.0002,66,0.00066
-43,-28,0,100000,20,0.0002,62,0.00062
-43,-28,1,100000,30,0.0003,69,0.00069
-43,-28,2,100000,28,0.00028,90,0.0009
-43,-28,3,100000,29,0.00029,80,0.0008
-43,-28,4,100000,32,0.00032,71,0.00071
-43,-28,5,100000,34,0.00034,68,0.00068
-43,-27,0,100000,32,0.00032,74,0.00074
-43,-27,1,100000,32,0.00032,62,0.00062
-43,-27,2,100000,13,0.00013,57,0.00057
-43,-27,3,100000,42,0.00042,85,0.00085
-43,-27,4,100000,18,0.00018,66,0.00066
-43,-27,5,100000,24,0.00024,66,0.00066
-43,-26,0,100000,40,0.0004,84,0.00084
-43,-26,1,100000,25,0.00025,73,0.00073
-43,-26,2,100000,45,0.00045,67,0.00067
-43,-26,3,100000,26,0.00026,79,0.00079
-43,-26,4,100000,35,0.00035,66,0.00066
-43,-26,5,100000,33,0.00033,78,0.00078
-43,-25,0,100000,32,0.00032,63,0.00063
-43,-25,1,100000,28,0.00028,72,0.00072
-43,-25,2,100000,40,0.0004,81,0.00081
-43,-25,3,100000,28,0.00028,80,0.0008
-43,-25,4,100000,45,0.00045,95,0.00095
-43,-25,5,100000,43,0.00043,80,0.0008
-43,-24,0,100000,24,0.00024,64,0.00064
-43,-24,1,100000,18,0.00018,69,0.00069
-43,-24,2,100000,19,0.00019,75,0.00075
-43,-24,3,100000,33,0.00033,61,0.00061
-43,-24,4,100000,29,0.00029,54,0.00054
-43,-24,5,100000,20,0.0002,82,0.00082
-43,-23,0,100000,23,0.00023,79,0.00079
-43,-23,1,100000,31,0.00031,78,0.00078
-43,-23,2,100000,24,0.00024,70,0.0007
-43,-23,3,100000,22,0.00022,71,0.00071
-43,-23,4,100000,26,0.00026,65,0.00065
-43,-23,5,100000,29,0.00029,61,0.00061
-43,-22,0,100000,36,0.00036,89,0.00089
-43,-22,1,100000,55,0.00055,65,0.00065
-43,-22,2,100000,33,0.00033,74,0.00074
-43,-22,3,100000,58,0.00058,71,0.00071
-43,-22,4,100000,29,0.00029,74,0.00074
-43,-22,5,100000,18,0.00018,77,0.00077
-43,-21,0,100000,41,0.00041,72,0.00072
-43,-21,1,100000,19,0.00019,66,0.00066
-43,-21,2,100000,26,0.00026,91,0.00091
-43,-21,3,100000,38,0.00038,76,0.00076
-43,-21,4,100000,15,0.00015,76,0.00076
-43,-21,5,100000,34,0.00034,71,0.00071
-43,-20,0,100000,60,0.0006,71,0.00071
-43,-20,1,100000,44,0.00044,68,0.00068
-43,-20,2,100000,23,0.00023,64,0.00064
-43,-20,3,100000,34,0.00034,69,0.00069
-43,-20,4,100000,33,0.00033,76,0.00076
-43,-20,5,100000,33,0.00033,63,0.00063
-43,-19,0,100000,19,0.00019,73,0.00073
-43,-19,1,100000,25,0.00025,63,0.00063
-43,-19,2,100000,34,0.00034,81,0.00081
-43,-19,3,100000,22,0.00022,58,0.00058
-43,-19,4,100000,43,0.00043,68,0.00068
-43,-19,5,100000,41,0.00041,81,0.00081
-43,-18,0,100000,29,0.00029,67,0.00067
-43,-18,1,100000,42,0.00042,73,0.00073
-43,-18,2,100000,44,0.00044,67,0.00067
-43,-18,3,100000,33,0.00033,88,0.00088
-43,-18,4,100000,27,0.00027,75,0.00075
-43,-18,5,100000,26,0.00026,73,0.00073
-43,-17,0,100000,42,0.00042,78,0.00078
-43,-17,1,100000,21,0.00021,63,0.00063
-43,-17,2,100000,26,0.00026,78,0.00078
-43,-17,3,100000,35,0.00035,76,0.00076
-43,-17,4,100000,17,0.00017,69,0.00069
-43,-17,5,100000,40,0.0004,71,0.00071
-43,-16,0,100000,18,0.00018,82,0.00082
-43,-16,1,100000,30,0.0003,74,0.00074
-43,-16,2,100000,25,0.00025,62,0.00062
-43,-16,3,100000,12,0.00012,69,0.00069
-43,-16,4,100000,39,0.00039,68,0.00068
-43,-16,5,100000,30,0.0003,69,0.00069
-43,-15,0,100000,21,0.00021,55,0.00055
-43,-15,1,100000,22,0.00022,76,0.00076
-43,-15,2,100000,28,0.00028,58,0.00058
-43,-15,3,100000,38,0.00038,77,0.00077
-43,-15,4,100000,22,0.00022,70,0.0007
-43,-15,5,100000,29,0.00029,62,0.00062
-43,-14,0,100000,23,0.00023,75,0.00075
-43,-14,1,100000,46,0.00046,79,0.00079
-43,-14,2,100000,42,0.00042,72,0.00072
-43,-14,3,100000,41,0.00041,78,0.00078
-43,-14,4,100000,26,0.00026,75,0.00075
-43,-14,5,100000,37,0.00037,71,0.00071
-43,-13,0,100000,38,0.00038,71,0.00071
-43,-13,1,100000,20,0.0002,76,0.00076
-43,-13,2,100000,36,0.00036,68,0.00068
-43,-13,3,100000,24,0.00024,65,0.00065
-43,-13,4,100000,24,0.00024,65,0.00065
-43,-13,5,100000,26,0.00026,60,0.0006
-43,-12,0,100000,24,0.00024,68,0.00068
-43,-12,1,100000,45,0.00045,79,0.00079
-43,-12,2,100000,17,0.00017,67,0.00067
-43,-12,3,100000,15,0.00015,65,0.00065
-43,-12,4,100000,24,0.00024,70,0.0007
-43,-12,5,100000,30,0.0003,76,0.00076
-43,-11,0,100000,31,0.00031,65,0.00065
-43,-11,1,100000,26,0.00026,70,0.0007
-43,-11,2,100000,38,0.00038,68,0.00068
-43,-11,3,100000,22,0.00022,76,0.00076
-43,-11,4,100000,46,0.00046,88,0.00088
-43,-11,5,100000,22,0.00022,62,0.00062
-43,-10,0,100000,23,0.00023,70,0.0007
-43,-10,1,100000,19,0.00019,68,0.00068
-43,-10,2,100000,69,0.00069,83,0.00083
-43,-10,3,100000,40,0.0004,82,0.00082
-43,-10,4,100000,26,0.00026,71,0.00071
-43,-10,5,100000,15,0.00015,61,0.00061
-43,-9,0,100000,26,0.00026,67,0.00067
-43,-9,1,100000,29,0.00029,71,0.00071
-43,-9,2,100000,22,0.00022,62,0.00062
-43,-9,3,100000,26,0.00026,63,0.00063
-43,-9,4,100000,46,0.00046,59,0.00059
-43,-9,5,100000,34,0.00034,71,0.00071
-43,-8,0,100000,31,0.00031,78,0.00078
-43,-8,1,100000,44,0.00044,78,0.00078
-43,-8,2,100000,20,0.0002,79,0.00079
-43,-8,3,100000,27,0.00027,73,0.00073
-43,-8,4,100000,26,0.00026,87,0.00087
-43,-8,5,100000,17,0.00017,55,0.00055
-43,-7,0,100000,23,0.00023,71,0.00071
-43,-7,1,100000,40,0.0004,66,0.00066
-43,-7,2,100000,26,0.00026,70,0.0007
-43,-7,3,100000,33,0.00033,82,0.00082
-43,-7,4,100000,31,0.00031,75,0.00075
-43,-7,5,100000,31,0.00031,81,0.00081
-43,-6,0,100000,43,0.00043,88,0.00088
-43,-6,1,100000,18,0.00018,73,0.00073
-43,-6,2,100000,30,0.0003,70,0.0007
-43,-6,3,100000,32,0.00032,68,0.00068
-43,-6,4,100000,28,0.00028,69,0.00069
-43,-6,5,100000,23,0.00023,82,0.00082
-43,-5,0,100000,24,0.00024,74,0.00074
-43,-5,1,100000,16,0.00016,50,0.0005
-43,-5,2,100000,40,0.0004,74,0.00074
-43,-5,3,100000,33,0.00033,70,0.0007
-43,-5,4,100000,18,0.00018,71,0.00071
-43,-5,5,100000,18,0.00018,71,0.00071
-43,-4,0,100000,40,0.0004,89,0.00089
-43,-4,1,100000,39,0.00039,89,0.00089
-43,-4,2,100000,33,0.00033,81,0.00081
-43,-4,3,100000,54,0.00054,89,0.00089
-43,-4,4,100000,34,0.00034,76,0.00076
-43,-4,5,100000,23,0.00023,68,0.00068
-43,-3,0,100000,30,0.0003,85,0.00085
-43,-3,1,100000,36,0.00036,90,0.0009
-43,-3,2,100000,21,0.00021,80,0.0008
-43,-3,3,100000,28,0.00028,64,0.00064
-43,-3,4,100000,21,0.00021,69,0.00069
-43,-3,5,100000,36,0.00036,78,0.00078
-43,-2,0,100000,21,0.00021,73,0.00073
-43,-2,1,100000,41,0.00041,73,0.00073
-43,-2,2,100000,39,0.00039,72,0.00072
-43,-2,3,100000,34,0.00034,69,0.00069
-43,-2,4,100000,30,0.0003,89,0.00089
-43,-2,5,100000,24,0.00024,75,0.00075
-43,-1,0,100000,24,0.00024,59,0.00059
-43,-1,1,100000,30,0.0003,75,0.00075
-43,-1,2,100000,11,0.00011,67,0.00067
-43,-1,3,100000,15,0.00015,51,0.00051
-43,-1,4,100000,12,0.00012,72,0.00072
-43,-1,5,100000,19,0.00019,52,0.00052
-43,0,0,100000,27,0.00027,79,0.00079
-43,0,1,100000,49,0.00049,72,0.00072
-43,0,2,100000,37,0.00037,91,0.00091
-43,0,3,100000,29,0.00029,61,0.00061
-43,0,4,100000,66,0.00066,95,0.00095
-43,0,5,100000,21,0.00021,58,0.00058
-43,1,0,100000,25,0.00025,59,0.00059
-43,1,1,100000,33,0.00033,63,0.00063
-43,1,2,100000,24,0.00024,71,0.00071
-43,1,3,100000,32,0.00032,74,0.00074
-43,1,4,100000,18,0.00018,77,0.00077
-43,1,5,100000,29,0.00029,65,0.00065
-43,2,0,100000,29,0.00029,61,0.00061
-43,2,1,100000,30,0.0003,69,0.00069
-43,2,2,100000,38,0.00038,69,0.00069
-43,2,3,100000,44,0.00044,81,0.00081
-43,2,4,100000,38,0.00038,89,0.00089
-43,2,5,100000,25,0.00025,74,0.00074
-43,3,0,100000,42,0.00042,82,0.00082
-43,3,1,100000,36,0.00036,66,0.00066
-43,3,2,100000,40,0.0004,75,0.00075
-43,3,3,100000,40,0.0004,93,0.00093
-43,3,4,100000,23,0.00023,76,0.00076
-43,3,5,100000,36,0.00036,74,0.00074
-43,4,0,100000,70,0.0007,83,0.00083
-43,4,1,100000,30,0.0003,79,0.00079
-43,4,2,100000,48,0.00048,66,0.00066
-43,4,3,100000,21,0.00021,90,0.0009
-43,4,4,100000,41,0.00041,81,0.00081
-43,4,5,100000,33,0.00033,69,0.00069
-43,5,0,100000,38,0.00038,76,0.00076
-43,5,1,100000,27,0.00027,67,0.00067
-43,5,2,100000,28,0.00028,72,0.00072
-43,5,3,100000,29,0.00029,72,0.00072
-43,5,4,100000,44,0.00044,80,0.0008
-43,5,5,100000,24,0.00024,63,0.00063
-43,6,0,100000,31,0.00031,80,0.0008
-43,6,1,100000,31,0.00031,76,0.00076
-43,6,2,100000,26,0.00026,83,0.00083
-43,6,3,100000,25,0.00025,69,0.00069
-43,6,4,100000,41,0.00041,64,0.00064
-43,6,5,100000,32,0.00032,58,0.00058
-43,7,0,100000,44,0.00044,84,0.00084
-43,7,1,100000,44,0.00044,62,0.00062
-43,7,2,100000,33,0.00033,68,0.00068
-43,7,3,100000,20,0.0002,69,0.00069
-43,7,4,100000,29,0.00029,65,0.00065
-43,7,5,100000,48,0.00048,89,0.00089
-43,8,0,100000,29,0.00029,68,0.00068
-43,8,1,100000,13,0.00013,78,0.00078
-43,8,2,100000,21,0.00021,78,0.00078
-43,8,3,100000,23,0.00023,69,0.00069
-43,8,4,100000,29,0.00029,71,0.00071
-43,8,5,100000,31,0.00031,66,0.00066
-43,9,0,100000,28,0.00028,81,0.00081
-43,9,1,100000,28,0.00028,59,0.00059
-43,9,2,100000,25,0.00025,79,0.00079
-43,9,3,100000,33,0.00033,67,0.00067
-43,9,4,100000,29,0.00029,72,0.00072
-43,9,5,100000,49,0.00049,87,0.00087
-43,10,0,100000,33,0.00033,65,0.00065
-43,10,1,100000,31,0.00031,65,0.00065
-43,10,2,100000,27,0.00027,69,0.00069
-43,10,3,100000,20,0.0002,72,0.00072
-43,10,4,100000,22,0.00022,66,0.00066
-43,10,5,100000,26,0.00026,76,0.00076
-43,11,0,100000,33,0.00033,83,0.00083
-43,11,1,100000,35,0.00035,55,0.00055
-43,11,2,100000,28,0.00028,76,0.00076
-43,11,3,100000,47,0.00047,73,0.00073
-43,11,4,100000,38,0.00038,69,0.00069
-43,11,5,100000,31,0.00031,62,0.00062
-43,12,0,100000,32,0.00032,76,0.00076
-43,12,1,100000,27,0.00027,70,0.0007
-43,12,2,100000,27,0.00027,84,0.00084
-43,12,3,100000,27,0.00027,72,0.00072
-43,12,4,100000,23,0.00023,64,0.00064
-43,12,5,100000,31,0.00031,84,0.00084
-43,13,0,100000,21,0.00021,75,0.00075
-43,13,1,100000,23,0.00023,76,0.00076
-43,13,2,100000,39,0.00039,63,0.00063
-43,13,3,100000,35,0.00035,88,0.00088
-43,13,4,100000,26,0.00026,73,0.00073
-43,13,5,100000,29,0.00029,61,0.00061
-43,14,0,100000,44,0.00044,71,0.00071
-43,14,1,100000,33,0.00033,73,0.00073
-43,14,2,100000,18,0.00018,73,0.00073
-43,14,3,100000,33,0.00033,80,0.0008
-43,14,4,100000,16,0.00016,57,0.00057
-43,14,5,100000,16,0.00016,68,0.00068
-43,15,0,100000,19,0.00019,71,0.00071
-43,15,1,100000,40,0.0004,72,0.00072
-43,15,2,100000,24,0.00024,78,0.00078
-43,15,3,100000,32,0.00032,78,0.00078
-43,15,4,100000,39,0.00039,67,0.00067
-43,15,5,100000,24,0.00024,74,0.00074
-43,16,0,100000,25,0.00025,86,0.00086
-43,16,1,100000,38,0.00038,86,0.00086
-43,16,2,100000,32,0.00032,72,0.00072
-43,16,3,100000,20,0.0002,62,0.00062
-43,16,4,100000,31,0.00031,73,0.00073
-43,16,5,100000,43,0.00043,76,0.00076
-43,17,0,100000,33,0.00033,69,0.00069
-43,17,1,100000,22,0.00022,71,0.00071
-43,17,2,100000,36,0.00036,82,0.00082
-43,17,3,100000,18,0.00018,61,0.00061
-43,17,4,100000,18,0.00018,64,0.00064
-43,17,5,100000,22,0.00022,72,0.00072
-43,18,0,100000,36,0.00036,85,0.00085
-43,18,1,100000,32,0.00032,75,0.00075
-43,18,2,100000,32,0.00032,68,0.00068
-43,18,3,100000,19,0.00019,71,0.00071
-43,18,4,100000,17,0.00017,71,0.00071
-43,18,5,100000,21,0.00021,73,0.00073
-43,19,0,100000,37,0.00037,76,0.00076
-43,19,1,100000,17,0.00017,54,0.00054
-43,19,2,100000,26,0.00026,65,0.00065
-43,19,3,100000,34,0.00034,77,0.00077
-43,19,4,100000,26,0.00026,70,0.0007
-43,19,5,100000,23,0.00023,73,0.00073
-43,20,0,100000,43,0.00043,77,0.00077
-43,20,1,100000,23,0.00023,69,0.00069
-43,20,2,100000,29,0.00029,71,0.00071
-43,20,3,100000,32,0.00032,72,0.00072
-43,20,4,100000,34,0.00034,64,0.00064
-43,20,5,100000,35,0.00035,86,0.00086
-43,21,0,100000,35,0.00035,67,0.00067
-43,21,1,100000,25,0.00025,65,0.00065
-43,21,2,100000,51,0.00051,87,0.00087
-43,21,3,100000,31,0.00031,83,0.00083
-43,21,4,100000,36,0.00036,78,0.00078
-43,21,5,100000,21,0.00021,69,0.00069
-43,22,0,100000,15,0.00015,65,0.00065
-43,22,1,100000,24,0.00024,88,0.00088
-43,22,2,100000,26,0.00026,69,0.00069
-43,22,3,100000,27,0.00027,68,0.00068
-43,22,4,100000,29,0.00029,87,0.00087
-43,22,5,100000,28,0.00028,70,0.0007
-43,23,0,100000,50,0.0005,83,0.00083
-43,23,1,100000,34,0.00034,70,0.0007
-43,23,2,100000,36,0.00036,80,0.0008
-43,23,3,100000,25,0.00025,66,0.00066
-43,23,4,100000,30,0.0003,77,0.00077
-43,23,5,100000,21,0.00021,86,0.00086
-43,24,0,100000,27,0.00027,55,0.00055
-43,24,1,100000,34,0.00034,76,0.00076
-43,24,2,100000,26,0.00026,75,0.00075
-43,24,3,100000,29,0.00029,73,0.00073
-43,24,4,100000,34,0.00034,78,0.00078
-43,24,5,100000,40,0.0004,70,0.0007
-43,25,0,100000,13,0.00013,56,0.00056
-43,25,1,100000,24,0.00024,83,0.00083
-43,25,2,100000,19,0.00019,73,0.00073
-43,25,3,100000,32,0.00032,81,0.00081
-43,25,4,100000,33,0.00033,69,0.00069
-43,25,5,100000,36,0.00036,81,0.00081
-43,26,0,100000,48,0.00048,77,0.00077
-43,26,1,100000,19,0.00019,71,0.00071
-43,26,2,100000,33,0.00033,75,0.00075
-43,26,3,100000,37,0.00037,72,0.00072
-43,26,4,100000,28,0.00028,59,0.00059
-43,26,5,100000,28,0.00028,74,0.00074
-43,27,0,100000,21,0.00021,73,0.00073
-43,27,1,100000,32,0.00032,82,0.00082
-43,27,2,100000,28,0.00028,82,0.00082
-43,27,3,100000,24,0.00024,68,0.00068
-43,27,4,100000,36,0.00036,91,0.00091
-43,27,5,100000,30,0.0003,78,0.00078
-43,28,0,100000,17,0.00017,68,0.00068
-43,28,1,100000,30,0.0003,73,0.00073
-43,28,2,100000,36,0.00036,78,0.00078
-43,28,3,100000,24,0.00024,62,0.00062
-43,28,4,100000,27,0.00027,78,0.00078
-43,28,5,100000,34,0.00034,75,0.00075
-43,29,0,100000,39,0.00039,82,0.00082
-43,29,1,100000,66,0.00066,83,0.00083
-43,29,2,100000,29,0.00029,77,0.00077
-43,29,3,100000,37,0.00037,79,0.00079
-43,29,4,100000,33,0.00033,93,0.00093
-43,29,5,100000,30,0.0003,71,0.00071
-43,30,0,100000,17,0.00017,69,0.00069
-43,30,1,100000,24,0.00024,62,0.00062
-43,30,2,100000,12,0.00012,68,0.00068
-43,30,3,100000,16,0.00016,66,0.00066
-43,30,4,100000,21,0.00021,54,0.00054
-43,30,5,100000,47,0.00047,65,0.00065
-43,31,0,100000,30,0.0003,64,0.00064
-43,31,1,100000,30,0.0003,74,0.00074
-43,31,2,100000,29,0.00029,69,0.00069
-43,31,3,100000,31,0.00031,79,0.00079
-43,31,4,100000,23,0.00023,80,0.0008
-43,31,5,100000,34,0.00034,80,0.0008
-43,32,0,100000,42,0.00042,73,0.00073
-43,32,1,100000,22,0.00022,71,0.00071
-43,32,2,100000,25,0.00025,54,0.00054
-43,32,3,100000,30,0.0003,71,0.00071
-43,32,4,100000,22,0.00022,79,0.00079
-43,32,5,100000,25,0.00025,76,0.00076
-43,33,0,100000,36,0.00036,78,0.00078
-43,33,1,100000,34,0.00034,75,0.00075
-43,33,2,100000,24,0.00024,76,0.00076
-43,33,3,100000,25,0.00025,65,0.00065
-43,33,4,100000,27,0.00027,69,0.00069
-43,33,5,100000,27,0.00027,72,0.00072
-43,34,0,100000,29,0.00029,78,0.00078
-43,34,1,100000,42,0.00042,82,0.00082
-43,34,2,100000,31,0.00031,75,0.00075
-43,34,3,100000,51,0.00051,77,0.00077
-43,34,4,100000,44,0.00044,72,0.00072
-43,34,5,100000,26,0.00026,69,0.00069
-43,35,0,100000,38,0.00038,78,0.00078
-43,35,1,100000,49,0.00049,63,0.00063
-43,35,2,100000,17,0.00017,83,0.00083
-43,35,3,100000,39,0.00039,85,0.00085
-43,35,4,100000,47,0.00047,84,0.00084
-43,35,5,100000,22,0.00022,62,0.00062
-43,36,0,100000,35,0.00035,68,0.00068
-43,36,1,100000,38,0.00038,77,0.00077
-43,36,2,100000,31,0.00031,78,0.00078
-43,36,3,100000,29,0.00029,68,0.00068
-43,36,4,100000,21,0.00021,69,0.00069
-43,36,5,100000,23,0.00023,69,0.00069
-43,37,0,100000,18,0.00018,70,0.0007
-43,37,1,100000,32,0.00032,76,0.00076
-43,37,2,100000,28,0.00028,68,0.00068
-43,37,3,100000,41,0.00041,87,0.00087
-43,37,4,100000,29,0.00029,75,0.00075
-43,37,5,100000,40,0.0004,76,0.00076
-43,38,0,100000,25,0.00025,61,0.00061
-43,38,1,100000,26,0.00026,67,0.00067
-43,38,2,100000,24,0.00024,87,0.00087
-43,38,3,100000,25,0.00025,69,0.00069
-43,38,4,100000,28,0.00028,80,0.0008
-43,38,5,100000,16,0.00016,71,0.00071
-43,39,0,100000,22,0.00022,62,0.00062
-43,39,1,100000,25,0.00025,58,0.00058
-43,39,2,100000,34,0.00034,80,0.0008
-43,39,3,100000,36,0.00036,83,0.00083
-43,39,4,100000,18,0.00018,74,0.00074
-43,39,5,100000,41,0.00041,66,0.00066
-43,40,0,100000,28,0.00028,69,0.00069
-43,40,1,100000,52,0.00052,80,0.0008
-43,40,2,100000,51,0.00051,80,0.0008
-43,40,3,100000,19,0.00019,72,0.00072
-43,40,4,100000,19,0.00019,65,0.00065
-43,40,5,100000,47,0.00047,81,0.00081
-43,41,0,100000,20,0.0002,73,0.00073
-43,41,1,100000,26,0.00026,87,0.00087
-43,41,2,100000,41,0.00041,82,0.00082
-43,41,3,100000,62,0.00062,86,0.00086
-43,41,4,100000,21,0.00021,62,0.00062
-43,41,5,100000,40,0.0004,69,0.00069
-43,42,0,100000,21,0.00021,73,0.00073
-43,42,1,100000,43,0.00043,77,0.00077
-43,42,2,100000,34,0.00034,80,0.0008
-43,42,3,100000,27,0.00027,70,0.0007
-43,42,4,100000,20,0.0002,78,0.00078
-43,42,5,100000,36,0.00036,69,0.00069
-43,43,0,100000,40,0.0004,71,0.00071
-43,43,1,100000,26,0.00026,71,0.00071
-43,43,2,100000,21,0.00021,76,0.00076
-43,43,3,100000,29,0.00029,65,0.00065
-43,43,4,100000,24,0.00024,80,0.0008
-43,43,5,100000,23,0.00023,69,0.00069
-43,44,0,100000,26,0.00026,74,0.00074
-43,44,1,100000,23,0.00023,60,0.0006
-43,44,2,100000,45,0.00045,77,0.00077
-43,44,3,100000,54,0.00054,74,0.00074
-43,44,4,100000,32,0.00032,67,0.00067
-43,44,5,100000,16,0.00016,64,0.00064
-43,45,0,100000,38,0.00038,73,0.00073
-43,45,1,100000,30,0.0003,68,0.00068
-43,45,2,100000,47,0.00047,83,0.00083
-43,45,3,100000,20,0.0002,76,0.00076
-43,45,4,100000,32,0.00032,76,0.00076
-43,45,5,100000,41,0.00041,69,0.00069
-43,46,0,100000,30,0.0003,74,0.00074
-43,46,1,100000,22,0.00022,76,0.00076
-43,46,2,100000,28,0.00028,58,0.00058
-43,46,3,100000,34,0.00034,91,0.00091
-43,46,4,100000,14,0.00014,64,0.00064
-43,46,5,100000,14,0.00014,72,0.00072
-43,47,0,100000,28,0.00028,66,0.00066
-43,47,1,100000,24,0.00024,65,0.00065
-43,47,2,100000,38,0.00038,66,0.00066
-43,47,3,100000,45,0.00045,90,0.0009
-43,47,4,100000,36,0.00036,64,0.00064
-43,47,5,100000,7,7e-05,54,0.00054
-43,48,0,100000,24,0.00024,47,0.00047
-43,48,1,100000,39,0.00039,74,0.00074
-43,48,2,100000,24,0.00024,57,0.00057
-43,48,3,100000,46,0.00046,81,0.00081
-43,48,4,100000,39,0.00039,84,0.00084
-43,48,5,100000,23,0.00023,64,0.00064
-43,49,0,100000,41,0.00041,68,0.00068
-43,49,1,100000,16,0.00016,71,0.00071
-43,49,2,100000,43,0.00043,62,0.00062
-43,49,3,100000,23,0.00023,80,0.0008
-43,49,4,100000,58,0.00058,88,0.00088
-43,49,5,100000,46,0.00046,66,0.00066
-43,50,0,100000,29,0.00029,74,0.00074
-43,50,1,100000,28,0.00028,63,0.00063
-43,50,2,100000,20,0.0002,64,0.00064
-43,50,3,100000,20,0.0002,61,0.00061
-43,50,4,100000,39,0.00039,70,0.0007
-43,50,5,100000,35,0.00035,78,0.00078
-42,-50,0,100000,13,0.00013,60,0.0006
-42,-50,1,100000,54,0.00054,77,0.00077
-42,-50,2,100000,54,0.00054,72,0.00072
-42,-50,3,100000,27,0.00027,86,0.00086
-42,-50,4,100000,44,0.00044,100,0.001
-42,-50,5,100000,27,0.00027,64,0.00064
-42,-49,0,100000,41,0.00041,78,0.00078
-42,-49,1,100000,35,0.00035,76,0.00076
-42,-49,2,100000,48,0.00048,81,0.00081
-42,-49,3,100000,28,0.00028,62,0.00062
-42,-49,4,100000,32,0.00032,80,0.0008
-42,-49,5,100000,28,0.00028,60,0.0006
-42,-48,0,100000,48,0.00048,76,0.00076
-42,-48,1,100000,52,0.00052,70,0.0007
-42,-48,2,100000,37,0.00037,72,0.00072
-42,-48,3,100000,31,0.00031,76,0.00076
-42,-48,4,100000,31,0.00031,70,0.0007
-42,-48,5,100000,30,0.0003,67,0.00067
-42,-47,0,100000,31,0.00031,69,0.00069
-42,-47,1,100000,33,0.00033,73,0.00073
-42,-47,2,100000,37,0.00037,71,0.00071
-42,-47,3,100000,27,0.00027,66,0.00066
-42,-47,4,100000,57,0.00057,86,0.00086
-42,-47,5,100000,34,0.00034,80,0.0008
-42,-46,0,100000,29,0.00029,74,0.00074
-42,-46,1,100000,24,0.00024,76,0.00076
-42,-46,2,100000,31,0.00031,82,0.00082
-42,-46,3,100000,20,0.0002,71,0.00071
-42,-46,4,100000,20,0.0002,70,0.0007
-42,-46,5,100000,15,0.00015,69,0.00069
-42,-45,0,100000,21,0.00021,72,0.00072
-42,-45,1,100000,21,0.00021,73,0.00073
-42,-45,2,100000,28,0.00028,52,0.00052
-42,-45,3,100000,36,0.00036,77,0.00077
-42,-45,4,100000,35,0.00035,78,0.00078
-42,-45,5,100000,33,0.00033,80,0.0008
-42,-44,0,100000,19,0.00019,68,0.00068
-42,-44,1,100000,41,0.00041,67,0.00067
-42,-44,2,100000,19,0.00019,81,0.00081
-42,-44,3,100000,35,0.00035,69,0.00069
-42,-44,4,100000,24,0.00024,65,0.00065
-42,-44,5,100000,52,0.00052,84,0.00084
-42,-43,0,100000,11,0.00011,51,0.00051
-42,-43,1,100000,44,0.00044,83,0.00083
-42,-43,2,100000,20,0.0002,73,0.00073
-42,-43,3,100000,45,0.00045,75,0.00075
-42,-43,4,100000,27,0.00027,67,0.00067
-42,-43,5,100000,25,0.00025,63,0.00063
-42,-42,0,100000,33,0.00033,76,0.00076
-42,-42,1,100000,35,0.00035,79,0.00079
-42,-42,2,100000,29,0.00029,81,0.00081
-42,-42,3,100000,30,0.0003,86,0.00086
-42,-42,4,100000,45,0.00045,63,0.00063
-42,-42,5,100000,28,0.00028,80,0.0008
-42,-41,0,100000,43,0.00043,78,0.00078
-42,-41,1,100000,35,0.00035,87,0.00087
-42,-41,2,100000,21,0.00021,68,0.00068
-42,-41,3,100000,32,0.00032,71,0.00071
-42,-41,4,100000,51,0.00051,86,0.00086
-42,-41,5,100000,22,0.00022,80,0.0008
-42,-40,0,100000,28,0.00028,60,0.0006
-42,-40,1,100000,22,0.00022,63,0.00063
-42,-40,2,100000,24,0.00024,62,0.00062
-42,-40,3,100000,19,0.00019,72,0.00072
-42,-40,4,100000,24,0.00024,56,0.00056
-42,-40,5,100000,22,0.00022,65,0.00065
-42,-39,0,100000,27,0.00027,71,0.00071
-42,-39,1,100000,24,0.00024,66,0.00066
-42,-39,2,100000,35,0.00035,68,0.00068
-42,-39,3,100000,29,0.00029,66,0.00066
-42,-39,4,100000,24,0.00024,79,0.00079
-42,-39,5,100000,38,0.00038,85,0.00085
-42,-38,0,100000,32,0.00032,72,0.00072
-42,-38,1,100000,55,0.00055,99,0.00099
-42,-38,2,100000,52,0.00052,67,0.00067
-42,-38,3,100000,42,0.00042,77,0.00077
-42,-38,4,100000,23,0.00023,67,0.00067
-42,-38,5,100000,37,0.00037,85,0.00085
-42,-37,0,100000,36,0.00036,80,0.0008
-42,-37,1,100000,36,0.00036,60,0.0006
-42,-37,2,100000,53,0.00053,85,0.00085
-42,-37,3,100000,38,0.00038,77,0.00077
-42,-37,4,100000,33,0.00033,78,0.00078
-42,-37,5,100000,57,0.00057,79,0.00079
-42,-36,0,100000,38,0.00038,64,0.00064
-42,-36,1,100000,29,0.00029,66,0.00066
-42,-36,2,100000,38,0.00038,83,0.00083
-42,-36,3,100000,32,0.00032,65,0.00065
-42,-36,4,100000,28,0.00028,83,0.00083
-42,-36,5,100000,18,0.00018,81,0.00081
-42,-35,0,100000,13,0.00013,62,0.00062
-42,-35,1,100000,31,0.00031,66,0.00066
-42,-35,2,100000,30,0.0003,57,0.00057
-42,-35,3,100000,29,0.00029,74,0.00074
-42,-35,4,100000,26,0.00026,69,0.00069
-42,-35,5,100000,48,0.00048,71,0.00071
-42,-34,0,100000,39,0.00039,61,0.00061
-42,-34,1,100000,34,0.00034,58,0.00058
-42,-34,2,100000,26,0.00026,59,0.00059
-42,-34,3,100000,37,0.00037,67,0.00067
-42,-34,4,100000,48,0.00048,73,0.00073
-42,-34,5,100000,27,0.00027,60,0.0006
-42,-33,0,100000,17,0.00017,88,0.00088
-42,-33,1,100000,30,0.0003,82,0.00082
-42,-33,2,100000,38,0.00038,82,0.00082
-42,-33,3,100000,28,0.00028,71,0.00071
-42,-33,4,100000,39,0.00039,78,0.00078
-42,-33,5,100000,24,0.00024,67,0.00067
-42,-32,0,100000,47,0.00047,94,0.00094
-42,-32,1,100000,29,0.00029,77,0.00077
-42,-32,2,100000,41,0.00041,79,0.00079
-42,-32,3,100000,16,0.00016,66,0.00066
-42,-32,4,100000,44,0.00044,81,0.00081
-42,-32,5,100000,22,0.00022,72,0.00072
-42,-31,0,100000,22,0.00022,73,0.00073
-42,-31,1,100000,27,0.00027,60,0.0006
-42,-31,2,100000,21,0.00021,72,0.00072
-42,-31,3,100000,33,0.00033,81,0.00081
-42,-31,4,100000,31,0.00031,72,0.00072
-42,-31,5,100000,27,0.00027,62,0.00062
-42,-30,0,100000,29,0.00029,67,0.00067
-42,-30,1,100000,17,0.00017,62,0.00062
-42,-30,2,100000,42,0.00042,86,0.00086
-42,-30,3,100000,24,0.00024,79,0.00079
-42,-30,4,100000,16,0.00016,68,0.00068
-42,-30,5,100000,36,0.00036,75,0.00075
-42,-29,0,100000,37,0.00037,72,0.00072
-42,-29,1,100000,37,0.00037,83,0.00083
-42,-29,2,100000,37,0.00037,86,0.00086
-42,-29,3,100000,32,0.00032,84,0.00084
-42,-29,4,100000,40,0.0004,78,0.00078
-42,-29,5,100000,36,0.00036,84,0.00084
-42,-28,0,100000,25,0.00025,75,0.00075
-42,-28,1,100000,38,0.00038,70,0.0007
-42,-28,2,100000,18,0.00018,47,0.00047
-42,-28,3,100000,29,0.00029,65,0.00065
-42,-28,4,100000,21,0.00021,61,0.00061
-42,-28,5,100000,44,0.00044,75,0.00075
-42,-27,0,100000,26,0.00026,75,0.00075
-42,-27,1,100000,16,0.00016,61,0.00061
-42,-27,2,100000,45,0.00045,63,0.00063
-42,-27,3,100000,42,0.00042,84,0.00084
-42,-27,4,100000,32,0.00032,80,0.0008
-42,-27,5,100000,23,0.00023,53,0.00053
-42,-26,0,100000,19,0.00019,62,0.00062
-42,-26,1,100000,26,0.00026,89,0.00089
-42,-26,2,100000,24,0.00024,64,0.00064
-42,-26,3,100000,23,0.00023,72,0.00072
-42,-26,4,100000,28,0.00028,76,0.00076
-42,-26,5,100000,34,0.00034,64,0.00064
-42,-25,0,100000,32,0.00032,78,0.00078
-42,-25,1,100000,32,0.00032,75,0.00075
-42,-25,2,100000,24,0.00024,60,0.0006
-42,-25,3,100000,30,0.0003,69,0.00069
-42,-25,4,100000,20,0.0002,79,0.00079
-42,-25,5,100000,26,0.00026,74,0.00074
-42,-24,0,100000,21,0.00021,61,0.00061
-42,-24,1,100000,28,0.00028,64,0.00064
-42,-24,2,100000,21,0.00021,59,0.00059
-42,-24,3,100000,34,0.00034,57,0.00057
-42,-24,4,100000,47,0.00047,76,0.00076
-42,-24,5,100000,21,0.00021,85,0.00085
-42,-23,0,100000,35,0.00035,75,0.00075
-42,-23,1,100000,30,0.0003,75,0.00075
-42,-23,2,100000,17,0.00017,70,0.0007
-42,-23,3,100000,32,0.00032,76,0.00076
-42,-23,4,100000,16,0.00016,59,0.00059
-42,-23,5,100000,23,0.00023,86,0.00086
-42,-22,0,100000,21,0.00021,68,0.00068
-42,-22,1,100000,32,0.00032,76,0.00076
-42,-22,2,100000,31,0.00031,86,0.00086
-42,-22,3,100000,31,0.00031,78,0.00078
-42,-22,4,100000,35,0.00035,78,0.00078
-42,-22,5,100000,32,0.00032,85,0.00085
-42,-21,0,100000,46,0.00046,80,0.0008
-42,-21,1,100000,22,0.00022,75,0.00075
-42,-21,2,100000,59,0.00059,81,0.00081
-42,-21,3,100000,25,0.00025,67,0.00067
-42,-21,4,100000,27,0.00027,77,0.00077
-42,-21,5,100000,34,0.00034,83,0.00083
-42,-20,0,100000,27,0.00027,65,0.00065
-42,-20,1,100000,41,0.00041,79,0.00079
-42,-20,2,100000,35,0.00035,81,0.00081
-42,-20,3,100000,26,0.00026,60,0.0006
-42,-20,4,100000,40,0.0004,93,0.00093
-42,-20,5,100000,30,0.0003,78,0.00078
-42,-19,0,100000,37,0.00037,62,0.00062
-42,-19,1,100000,26,0.00026,66,0.00066
-42,-19,2,100000,25,0.00025,68,0.00068
-42,-19,3,100000,37,0.00037,68,0.00068
-42,-19,4,100000,21,0.00021,69,0.00069
-42,-19,5,100000,29,0.00029,68,0.00068
-42,-18,0,100000,27,0.00027,56,0.00056
-42,-18,1,100000,25,0.00025,84,0.00084
-42,-18,2,100000,33,0.00033,87,0.00087
-42,-18,3,100000,27,0.00027,70,0.0007
-42,-18,4,100000,29,0.00029,81,0.00081
-42,-18,5,100000,24,0.00024,68,0.00068
-42,-17,0,100000,33,0.00033,68,0.00068
-42,-17,1,100000,28,0.00028,69,0.00069
-42,-17,2,100000,40,0.0004,87,0.00087
-42,-17,3,100000,18,0.00018,76,0.00076
-42,-17,4,100000,25,0.00025,80,0.0008
-42,-17,5,100000,25,0.00025,68,0.00068
-42,-16,0,100000,32,0.00032,79,0.00079
-42,-16,1,100000,31,0.00031,64,0.00064
-42,-16,2,100000,31,0.00031,61,0.00061
-42,-16,3,100000,24,0.00024,62,0.00062
-42,-16,4,100000,17,0.00017,62,0.00062
-42,-16,5,100000,28,0.00028,70,0.0007
-42,-15,0,100000,16,0.00016,70,0.0007
-42,-15,1,100000,23,0.00023,72,0.00072
-42,-15,2,100000,25,0.00025,84,0.00084
-42,-15,3,100000,36,0.00036,84,0.00084
-42,-15,4,100000,32,0.00032,75,0.00075
-42,-15,5,100000,20,0.0002,62,0.00062
-42,-14,0,100000,44,0.00044,78,0.00078
-42,-14,1,100000,29,0.00029,64,0.00064
-42,-14,2,100000,35,0.00035,77,0.00077
-42,-14,3,100000,35,0.00035,72,0.00072
-42,-14,4,100000,30,0.0003,78,0.00078
-42,-14,5,100000,33,0.00033,61,0.00061
-42,-13,0,100000,22,0.00022,62,0.00062
-42,-13,1,100000,57,0.00057,83,0.00083
-42,-13,2,100000,43,0.00043,62,0.00062
-42,-13,3,100000,40,0.0004,77,0.00077
-42,-13,4,100000,31,0.00031,54,0.00054
-42,-13,5,100000,45,0.00045,80,0.0008
-42,-12,0,100000,28,0.00028,74,0.00074
-42,-12,1,100000,22,0.00022,59,0.00059
-42,-12,2,100000,25,0.00025,59,0.00059
-42,-12,3,100000,32,0.00032,67,0.00067
-42,-12,4,100000,26,0.00026,72,0.00072
-42,-12,5,100000,18,0.00018,72,0.00072
-42,-11,0,100000,30,0.0003,69,0.00069
-42,-11,1,100000,28,0.00028,58,0.00058
-42,-11,2,100000,26,0.00026,64,0.00064
-42,-11,3,100000,33,0.00033,71,0.00071
-42,-11,4,100000,26,0.00026,67,0.00067
-42,-11,5,100000,30,0.0003,74,0.00074
-42,-10,0,100000,29,0.00029,64,0.00064
-42,-10,1,100000,25,0.00025,66,0.00066
-42,-10,2,100000,31,0.00031,77,0.00077
-42,-10,3,100000,36,0.00036,72,0.00072
-42,-10,4,100000,21,0.00021,70,0.0007
-42,-10,5,100000,28,0.00028,72,0.00072
-42,-9,0,100000,27,0.00027,82,0.00082
-42,-9,1,100000,34,0.00034,65,0.00065
-42,-9,2,100000,42,0.00042,78,0.00078
-42,-9,3,100000,22,0.00022,92,0.00092
-42,-9,4,100000,42,0.00042,68,0.00068
-42,-9,5,100000,45,0.00045,76,0.00076
-42,-8,0,100000,35,0.00035,87,0.00087
-42,-8,1,100000,25,0.00025,95,0.00095
-42,-8,2,100000,37,0.00037,79,0.00079
-42,-8,3,100000,32,0.00032,62,0.00062
-42,-8,4,100000,35,0.00035,79,0.00079
-42,-8,5,100000,29,0.00029,72,0.00072
-42,-7,0,100000,40,0.0004,73,0.00073
-42,-7,1,100000,29,0.00029,65,0.00065
-42,-7,2,100000,19,0.00019,77,0.00077
-42,-7,3,100000,33,0.00033,77,0.00077
-42,-7,4,100000,27,0.00027,72,0.00072
-42,-7,5,100000,49,0.00049,79,0.00079
-42,-6,0,100000,50,0.0005,87,0.00087
-42,-6,1,100000,26,0.00026,57,0.00057
-42,-6,2,100000,33,0.00033,81,0.00081
-42,-6,3,100000,18,0.00018,61,0.00061
-42,-6,4,100000,20,0.0002,72,0.00072
-42,-6,5,100000,41,0.00041,72,0.00072
-42,-5,0,100000,31,0.00031,69,0.00069
-42,-5,1,100000,14,0.00014,68,0.00068
-42,-5,2,100000,35,0.00035,85,0.00085
-42,-5,3,100000,29,0.00029,67,0.00067
-42,-5,4,100000,30,0.0003,69,0.00069
-42,-5,5,100000,22,0.00022,65,0.00065
-42,-4,0,100000,31,0.00031,63,0.00063
-42,-4,1,100000,27,0.00027,71,0.00071
-42,-4,2,100000,18,0.00018,86,0.00086
-42,-4,3,100000,24,0.00024,77,0.00077
-42,-4,4,100000,30,0.0003,75,0.00075
-42,-4,5,100000,34,0.00034,62,0.00062
-42,-3,0,100000,30,0.0003,76,0.00076
-42,-3,1,100000,37,0.00037,70,0.0007
-42,-3,2,100000,15,0.00015,58,0.00058
-42,-3,3,100000,31,0.00031,76,0.00076
-42,-3,4,100000,21,0.00021,70,0.0007
-42,-3,5,100000,22,0.00022,67,0.00067
-42,-2,0,100000,39,0.00039,88,0.00088
-42,-2,1,100000,17,0.00017,65,0.00065
-42,-2,2,100000,38,0.00038,69,0.00069
-42,-2,3,100000,36,0.00036,84,0.00084
-42,-2,4,100000,31,0.00031,65,0.00065
-42,-2,5,100000,28,0.00028,82,0.00082
-42,-1,0,100000,33,0.00033,63,0.00063
-42,-1,1,100000,36,0.00036,77,0.00077
-42,-1,2,100000,35,0.00035,78,0.00078
-42,-1,3,100000,26,0.00026,78,0.00078
-42,-1,4,100000,45,0.00045,97,0.00097
-42,-1,5,100000,36,0.00036,75,0.00075
-42,0,0,100000,25,0.00025,61,0.00061
-42,0,1,100000,17,0.00017,68,0.00068
-42,0,2,100000,13,0.00013,73,0.00073
-42,0,3,100000,33,0.00033,65,0.00065
-42,0,4,100000,35,0.00035,63,0.00063
-42,0,5,100000,26,0.00026,87,0.00087
-42,1,0,100000,22,0.00022,76,0.00076
-42,1,1,100000,44,0.00044,74,0.00074
-42,1,2,100000,28,0.00028,73,0.00073
-42,1,3,100000,28,0.00028,73,0.00073
-42,1,4,100000,20,0.0002,64,0.00064
-42,1,5,100000,12,0.00012,68,0.00068
-42,2,0,100000,35,0.00035,92,0.00092
-42,2,1,100000,41,0.00041,63,0.00063
-42,2,2,100000,31,0.00031,71,0.00071
-42,2,3,100000,55,0.00055,67,0.00067
-42,2,4,100000,29,0.00029,73,0.00073
-42,2,5,100000,23,0.00023,85,0.00085
-42,3,0,100000,35,0.00035,68,0.00068
-42,3,1,100000,26,0.00026,66,0.00066
-42,3,2,100000,19,0.00019,91,0.00091
-42,3,3,100000,39,0.00039,76,0.00076
-42,3,4,100000,26,0.00026,76,0.00076
-42,3,5,100000,39,0.00039,69,0.00069
-42,4,0,100000,58,0.00058,68,0.00068
-42,4,1,100000,34,0.00034,61,0.00061
-42,4,2,100000,17,0.00017,59,0.00059
-42,4,3,100000,28,0.00028,75,0.00075
-42,4,4,100000,37,0.00037,76,0.00076
-42,4,5,100000,29,0.00029,66,0.00066
-42,5,0,100000,19,0.00019,73,0.00073
-42,5,1,100000,31,0.00031,70,0.0007
-42,5,2,100000,27,0.00027,81,0.00081
-42,5,3,100000,23,0.00023,60,0.0006
-42,5,4,100000,43,0.00043,74,0.00074
-42,5,5,100000,42,0.00042,78,0.00078
-42,6,0,100000,25,0.00025,68,0.00068
-42,6,1,100000,34,0.00034,76,0.00076
-42,6,2,100000,51,0.00051,74,0.00074
-42,6,3,100000,40,0.0004,89,0.00089
-42,6,4,100000,32,0.00032,80,0.0008
-42,6,5,100000,30,0.0003,79,0.00079
-42,7,0,100000,35,0.00035,75,0.00075
-42,7,1,100000,22,0.00022,63,0.00063
-42,7,2,100000,26,0.00026,72,0.00072
-42,7,3,100000,41,0.00041,80,0.0008
-42,7,4,100000,18,0.00018,71,0.00071
-42,7,5,100000,33,0.00033,73,0.00073
-42,8,0,100000,18,0.00018,80,0.0008
-42,8,1,100000,25,0.00025,65,0.00065
-42,8,2,100000,30,0.0003,59,0.00059
-42,8,3,100000,13,0.00013,68,0.00068
-42,8,4,100000,41,0.00041,73,0.00073
-42,8,5,100000,40,0.0004,83,0.00083
-42,9,0,100000,26,0.00026,56,0.00056
-42,9,1,100000,21,0.00021,75,0.00075
-42,9,2,100000,19,0.00019,60,0.0006
-42,9,3,100000,31,0.00031,70,0.0007
-42,9,4,100000,25,0.00025,75,0.00075
-42,9,5,100000,30,0.0003,63,0.00063
-42,10,0,100000,34,0.00034,74,0.00074
-42,10,1,100000,48,0.00048,79,0.00079
-42,10,2,100000,27,0.00027,67,0.00067
-42,10,3,100000,35,0.00035,81,0.00081
-42,10,4,100000,34,0.00034,81,0.00081
-42,10,5,100000,46,0.00046,68,0.00068
-42,11,0,100000,30,0.0003,69,0.00069
-42,11,1,100000,26,0.00026,73,0.00073
-42,11,2,100000,37,0.00037,69,0.00069
-42,11,3,100000,37,0.00037,64,0.00064
-42,11,4,100000,27,0.00027,63,0.00063
-42,11,5,100000,25,0.00025,63,0.00063
-42,12,0,100000,24,0.00024,61,0.00061
-42,12,1,100000,47,0.00047,82,0.00082
-42,12,2,100000,18,0.00018,72,0.00072
-42,12,3,100000,16,0.00016,67,0.00067
-42,12,4,100000,28,0.00028,64,0.00064
-42,12,5,100000,33,0.00033,73,0.00073
-42,13,0,100000,29,0.00029,76,0.00076
-42,13,1,100000,25,0.00025,70,0.0007
-42,13,2,100000,40,0.0004,66,0.00066
-42,13,3,100000,20,0.0002,75,0.00075
-42,13,4,100000,46,0.00046,90,0.0009
-42,13,5,100000,28,0.00028,75,0.00075
-42,14,0,100000,23,0.00023,66,0.00066
-42,14,1,100000,24,0.00024,68,0.00068
-42,14,2,100000,58,0.00058,85,0.00085
-42,14,3,100000,43,0.00043,86,0.00086
-42,14,4,100000,26,0.00026,74,0.00074
-42,14,5,100000,16,0.00016,64,0.00064
-42,15,0,100000,30,0.0003,63,0.00063
-42,15,1,100000,25,0.00025,68,0.00068
-42,15,2,100000,20,0.0002,66,0.00066
-42,15,3,100000,29,0.00029,65,0.00065
-42,15,4,100000,36,0.00036,50,0.0005
-42,15,5,100000,35,0.00035,72,0.00072
-42,16,0,100000,29,0.00029,74,0.00074
-42,16,1,100000,48,0.00048,78,0.00078
-42,16,2,100000,20,0.0002,77,0.00077
-42,16,3,100000,28,0.00028,73,0.00073
-42,16,4,100000,37,0.00037,92,0.00092
-42,16,5,100000,16,0.00016,52,0.00052
-42,17,0,100000,22,0.00022,75,0.00075
-42,17,1,100000,26,0.00026,63,0.00063
-42,17,2,100000,24,0.00024,64,0.00064
-42,17,3,100000,26,0.00026,79,0.00079
-42,17,4,100000,29,0.00029,74,0.00074
-42,17,5,100000,31,0.00031,80,0.0008
-42,18,0,100000,31,0.00031,80,0.0008
-42,18,1,100000,14,0.00014,70,0.0007
-42,18,2,100000,22,0.00022,71,0.00071
-42,18,3,100000,36,0.00036,73,0.00073
-42,18,4,100000,26,0.00026,68,0.00068
-42,18,5,100000,19,0.00019,83,0.00083
-42,19,0,100000,26,0.00026,71,0.00071
-42,19,1,100000,18,0.00018,52,0.00052
-42,19,2,100000,40,0.0004,73,0.00073
-42,19,3,100000,34,0.00034,73,0.00073
-42,19,4,100000,22,0.00022,76,0.00076
-42,19,5,100000,24,0.00024,69,0.00069
-42,20,0,100000,38,0.00038,93,0.00093
-42,20,1,100000,45,0.00045,87,0.00087
-42,20,2,100000,30,0.0003,81,0.00081
-42,20,3,100000,46,0.00046,78,0.00078
-42,20,4,100000,32,0.00032,70,0.0007
-42,20,5,100000,31,0.00031,74,0.00074
-42,21,0,100000,30,0.0003,80,0.0008
-42,21,1,100000,35,0.00035,89,0.00089
-42,21,2,100000,23,0.00023,84,0.00084
-42,21,3,100000,33,0.00033,66,0.00066
-42,21,4,100000,28,0.00028,74,0.00074
-42,21,5,100000,33,0.00033,84,0.00084
-42,22,0,100000,20,0.0002,67,0.00067
-42,22,1,100000,45,0.00045,78,0.00078
-42,22,2,100000,33,0.00033,80,0.0008
-42,22,3,100000,31,0.00031,62,0.00062
-42,22,4,100000,36,0.00036,88,0.00088
-42,22,5,100000,28,0.00028,75,0.00075
-42,23,0,100000,22,0.00022,60,0.0006
-42,23,1,100000,14,0.00014,66,0.00066
-42,23,2,100000,16,0.00016,63,0.00063
-42,23,3,100000,15,0.00015,48,0.00048
-42,23,4,100000,9,9e-05,67,0.00067
-42,23,5,100000,17,0.00017,50,0.0005
-42,24,0,100000,20,0.0002,80,0.0008
-42,24,1,100000,48,0.00048,76,0.00076
-42,24,2,100000,37,0.00037,93,0.00093
-42,24,3,100000,27,0.00027,59,0.00059
-42,24,4,100000,58,0.00058,91,0.00091
-42,24,5,100000,21,0.00021,66,0.00066
-42,25,0,100000,27,0.00027,62,0.00062
-42,25,1,100000,39,0.00039,64,0.00064
-42,25,2,100000,25,0.00025,69,0.00069
-42,25,3,100000,30,0.0003,76,0.00076
-42,25,4,100000,26,0.00026,84,0.00084
-42,25,5,100000,29,0.00029,66,0.00066
-42,26,0,100000,25,0.00025,56,0.00056
-42,26,1,100000,30,0.0003,68,0.00068
-42,26,2,100000,35,0.00035,73,0.00073
-42,26,3,100000,39,0.00039,76,0.00076
-42,26,4,100000,32,0.00032,82,0.00082
-42,26,5,100000,18,0.00018,77,0.00077
-42,27,0,100000,40,0.0004,86,0.00086
-42,27,1,100000,28,0.00028,64,0.00064
-42,27,2,100000,33,0.00033,74,0.00074
-42,27,3,100000,43,0.00043,83,0.00083
-42,27,4,100000,21,0.00021,77,0.00077
-42,27,5,100000,38,0.00038,71,0.00071
-42,28,0,100000,56,0.00056,72,0.00072
-42,28,1,100000,38,0.00038,75,0.00075
-42,28,2,100000,47,0.00047,64,0.00064
-42,28,3,100000,31,0.00031,95,0.00095
-42,28,4,100000,35,0.00035,82,0.00082
-42,28,5,100000,29,0.00029,69,0.00069
-42,29,0,100000,35,0.00035,78,0.00078
-42,29,1,100000,27,0.00027,71,0.00071
-42,29,2,100000,32,0.00032,73,0.00073
-42,29,3,100000,26,0.00026,72,0.00072
-42,29,4,100000,44,0.00044,78,0.00078
-42,29,5,100000,28,0.00028,64,0.00064
-42,30,0,100000,26,0.00026,76,0.00076
-42,30,1,100000,39,0.00039,71,0.00071
-42,30,2,100000,32,0.00032,80,0.0008
-42,30,3,100000,25,0.00025,74,0.00074
-42,30,4,100000,40,0.0004,64,0.00064
-42,30,5,100000,24,0.00024,57,0.00057
-42,31,0,100000,40,0.0004,74,0.00074
-42,31,1,100000,44,0.00044,69,0.00069
-42,31,2,100000,35,0.00035,71,0.00071
-42,31,3,100000,21,0.00021,65,0.00065
-42,31,4,100000,21,0.00021,62,0.00062
-42,31,5,100000,45,0.00045,87,0.00087
-42,32,0,100000,42,0.00042,71,0.00071
-42,32,1,100000,20,0.0002,82,0.00082
-42,32,2,100000,20,0.0002,85,0.00085
-42,32,3,100000,22,0.00022,73,0.00073
-42,32,4,100000,29,0.00029,76,0.00076
-42,32,5,100000,35,0.00035,71,0.00071
-42,33,0,100000,33,0.00033,73,0.00073
-42,33,1,100000,28,0.00028,67,0.00067
-42,33,2,100000,23,0.00023,79,0.00079
-42,33,3,100000,19,0.00019,61,0.00061
-42,33,4,100000,23,0.00023,78,0.00078
-42,33,5,100000,40,0.0004,91,0.00091
-42,34,0,100000,38,0.00038,67,0.00067
-42,34,1,100000,31,0.00031,64,0.00064
-42,34,2,100000,26,0.00026,78,0.00078
-42,34,3,100000,16,0.00016,70,0.0007
-42,34,4,100000,20,0.0002,64,0.00064
-42,34,5,100000,31,0.00031,74,0.00074
-42,35,0,100000,29,0.00029,85,0.00085
-42,35,1,100000,49,0.00049,65,0.00065
-42,35,2,100000,32,0.00032,78,0.00078
-42,35,3,100000,49,0.00049,76,0.00076
-42,35,4,100000,33,0.00033,72,0.00072
-42,35,5,100000,42,0.00042,68,0.00068
-42,36,0,100000,37,0.00037,75,0.00075
-42,36,1,100000,28,0.00028,72,0.00072
-42,36,2,100000,28,0.00028,83,0.00083
-42,36,3,100000,27,0.00027,74,0.00074
-42,36,4,100000,26,0.00026,62,0.00062
-42,36,5,100000,32,0.00032,75,0.00075
-42,37,0,100000,19,0.00019,79,0.00079
-42,37,1,100000,21,0.00021,83,0.00083
-42,37,2,100000,33,0.00033,71,0.00071
-42,37,3,100000,40,0.0004,81,0.00081
-42,37,4,100000,39,0.00039,80,0.0008
-42,37,5,100000,20,0.0002,64,0.00064
-42,38,0,100000,36,0.00036,78,0.00078
-42,38,1,100000,29,0.00029,66,0.00066
-42,38,2,100000,25,0.00025,73,0.00073
-42,38,3,100000,34,0.00034,83,0.00083
-42,38,4,100000,21,0.00021,61,0.00061
-42,38,5,100000,23,0.00023,69,0.00069
-42,39,0,100000,15,0.00015,72,0.00072
-42,39,1,100000,28,0.00028,66,0.00066
-42,39,2,100000,21,0.00021,81,0.00081
-42,39,3,100000,19,0.00019,67,0.00067
-42,39,4,100000,39,0.00039,62,0.00062
-42,39,5,100000,25,0.00025,66,0.00066
-42,40,0,100000,27,0.00027,85,0.00085
-42,40,1,100000,40,0.0004,85,0.00085
-42,40,2,100000,28,0.00028,74,0.00074
-42,40,3,100000,20,0.0002,60,0.0006
-42,40,4,100000,26,0.00026,71,0.00071
-42,40,5,100000,39,0.00039,73,0.00073
-42,41,0,100000,30,0.0003,74,0.00074
-42,41,1,100000,22,0.00022,71,0.00071
-42,41,2,100000,34,0.00034,86,0.00086
-42,41,3,100000,22,0.00022,62,0.00062
-42,41,4,100000,28,0.00028,64,0.00064
-42,41,5,100000,27,0.00027,67,0.00067
-42,42,0,100000,30,0.0003,82,0.00082
-42,42,1,100000,33,0.00033,66,0.00066
-42,42,2,100000,31,0.00031,65,0.00065
-42,42,3,100000,16,0.00016,66,0.00066
-42,42,4,100000,21,0.00021,79,0.00079
-42,42,5,100000,17,0.00017,68,0.00068
-42,43,0,100000,24,0.00024,74,0.00074
-42,43,1,100000,23,0.00023,57,0.00057
-42,43,2,100000,24,0.00024,69,0.00069
-42,43,3,100000,35,0.00035,86,0.00086
-42,43,4,100000,28,0.00028,71,0.00071
-42,43,5,100000,36,0.00036,71,0.00071
-42,44,0,100000,51,0.00051,73,0.00073
-42,44,1,100000,24,0.00024,73,0.00073
-42,44,2,100000,26,0.00026,66,0.00066
-42,44,3,100000,36,0.00036,79,0.00079
-42,44,4,100000,39,0.00039,70,0.0007
-42,44,5,100000,36,0.00036,76,0.00076
-42,45,0,100000,36,0.00036,66,0.00066
-42,45,1,100000,27,0.00027,73,0.00073
-42,45,2,100000,48,0.00048,81,0.00081
-42,45,3,100000,28,0.00028,74,0.00074
-42,45,4,100000,40,0.0004,80,0.0008
-42,45,5,100000,17,0.00017,70,0.0007
-42,46,0,100000,13,0.00013,60,0.0006
-42,46,1,100000,18,0.00018,85,0.00085
-42,46,2,100000,30,0.0003,68,0.00068
-42,46,3,100000,24,0.00024,65,0.00065
-42,46,4,100000,36,0.00036,94,0.00094
-42,46,5,100000,29,0.00029,73,0.00073
-42,47,0,100000,53,0.00053,75,0.00075
-42,47,1,100000,34,0.00034,78,0.00078
-42,47,2,100000,43,0.00043,84,0.00084
-42,47,3,100000,47,0.00047,76,0.00076
-42,47,4,100000,43,0.00043,81,0.00081
-42,47,5,100000,28,0.00028,83,0.00083
-42,48,0,100000,32,0.00032,62,0.00062
-42,48,1,100000,30,0.0003,77,0.00077
-42,48,2,100000,28,0.00028,79,0.00079
-42,48,3,100000,37,0.00037,86,0.00086
-42,48,4,100000,39,0.00039,80,0.0008
-42,48,5,100000,34,0.00034,69,0.00069
-42,49,0,100000,11,0.00011,51,0.00051
-42,49,1,100000,24,0.00024,81,0.00081
-42,49,2,100000,16,0.00016,71,0.00071
-42,49,3,100000,40,0.0004,79,0.00079
-42,49,4,100000,27,0.00027,64,0.00064
-42,49,5,100000,34,0.00034,67,0.00067
-42,50,0,100000,42,0.00042,71,0.00071
-42,50,1,100000,17,0.00017,75,0.00075
-42,50,2,100000,32,0.00032,72,0.00072
-42,50,3,100000,48,0.00048,79,0.00079
-42,50,4,100000,15,0.00015,49,0.00049
-42,50,5,100000,30,0.0003,72,0.00072
-41,-50,0,100000,23,0.00023,77,0.00077
-41,-50,1,100000,30,0.0003,83,0.00083
-41,-50,2,100000,37,0.00037,82,0.00082
-41,-50,3,100000,24,0.00024,65,0.00065
-41,-50,4,100000,37,0.00037,89,0.00089
-41,-50,5,100000,21,0.00021,68,0.00068
-41,-49,0,100000,24,0.00024,73,0.00073
-41,-49,1,100000,34,0.00034,74,0.00074
-41,-49,2,100000,36,0.00036,76,0.00076
-41,-49,3,100000,26,0.00026,63,0.00063
-41,-49,4,100000,40,0.0004,81,0.00081
-41,-49,5,100000,50,0.0005,73,0.00073
-41,-48,0,100000,24,0.00024,64,0.00064
-41,-48,1,100000,46,0.00046,80,0.0008
-41,-48,2,100000,38,0.00038,77,0.00077
-41,-48,3,100000,41,0.00041,76,0.00076
-41,-48,4,100000,28,0.00028,91,0.00091
-41,-48,5,100000,30,0.0003,79,0.00079
-41,-47,0,100000,17,0.00017,74,0.00074
-41,-47,1,100000,29,0.00029,56,0.00056
-41,-47,2,100000,14,0.00014,67,0.00067
-41,-47,3,100000,16,0.00016,73,0.00073
-41,-47,4,100000,30,0.0003,69,0.00069
-41,-47,5,100000,24,0.00024,67,0.00067
-41,-46,0,100000,27,0.00027,67,0.00067
-41,-46,1,100000,35,0.00035,78,0.00078
-41,-46,2,100000,36,0.00036,84,0.00084
-41,-46,3,100000,17,0.00017,79,0.00079
-41,-46,4,100000,29,0.00029,73,0.00073
-41,-46,5,100000,42,0.00042,74,0.00074
-41,-45,0,100000,37,0.00037,65,0.00065
-41,-45,1,100000,19,0.00019,63,0.00063
-41,-45,2,100000,25,0.00025,55,0.00055
-41,-45,3,100000,25,0.00025,60,0.0006
-41,-45,4,100000,26,0.00026,76,0.00076
-41,-45,5,100000,20,0.0002,71,0.00071
-41,-44,0,100000,41,0.00041,82,0.00082
-41,-44,1,100000,54,0.00054,81,0.00081
-41,-44,2,100000,18,0.00018,77,0.00077
-41,-44,3,100000,27,0.00027,60,0.0006
-41,-44,4,100000,29,0.00029,69,0.00069
-41,-44,5,100000,25,0.00025,68,0.00068
-41,-43,0,100000,33,0.00033,75,0.00075
-41,-43,1,100000,39,0.00039,78,0.00078
-41,-43,2,100000,23,0.00023,71,0.00071
-41,-43,3,100000,39,0.00039,82,0.00082
-41,-43,4,100000,45,0.00045,77,0.00077
-41,-43,5,100000,28,0.00028,61,0.00061
-41,-42,0,100000,43,0.00043,82,0.00082
-41,-42,1,100000,58,0.00058,79,0.00079
-41,-42,2,100000,18,0.00018,74,0.00074
-41,-42,3,100000,42,0.00042,81,0.00081
-41,-42,4,100000,38,0.00038,73,0.00073
-41,-42,5,100000,30,0.0003,60,0.0006
-41,-41,0,100000,20,0.0002,66,0.00066
-41,-41,1,100000,28,0.00028,75,0.00075
-41,-41,2,100000,29,0.00029,70,0.0007
-41,-41,3,100000,27,0.00027,64,0.00064
-41,-41,4,100000,18,0.00018,82,0.00082
-41,-41,5,100000,19,0.00019,68,0.00068
-41,-40,0,100000,24,0.00024,85,0.00085
-41,-40,1,100000,27,0.00027,71,0.00071
-41,-40,2,100000,28,0.00028,60,0.0006
-41,-40,3,100000,34,0.00034,80,0.0008
-41,-40,4,100000,28,0.00028,77,0.00077
-41,-40,5,100000,38,0.00038,76,0.00076
-41,-39,0,100000,24,0.00024,64,0.00064
-41,-39,1,100000,29,0.00029,67,0.00067
-41,-39,2,100000,26,0.00026,92,0.00092
-41,-39,3,100000,34,0.00034,76,0.00076
-41,-39,4,100000,32,0.00032,64,0.00064
-41,-39,5,100000,20,0.0002,71,0.00071
-41,-38,0,100000,20,0.0002,64,0.00064
-41,-38,1,100000,20,0.0002,62,0.00062
-41,-38,2,100000,34,0.00034,88,0.00088
-41,-38,3,100000,41,0.00041,76,0.00076
-41,-38,4,100000,22,0.00022,81,0.00081
-41,-38,5,100000,32,0.00032,71,0.00071
-41,-37,0,100000,25,0.00025,72,0.00072
-41,-37,1,100000,46,0.00046,78,0.00078
-41,-37,2,100000,40,0.0004,83,0.00083
-41,-37,3,100000,16,0.00016,67,0.00067
-41,-37,4,100000,22,0.00022,62,0.00062
-41,-37,5,100000,42,0.00042,82,0.00082
-41,-36,0,100000,24,0.00024,64,0.00064
-41,-36,1,100000,44,0.00044,71,0.00071
-41,-36,2,100000,31,0.00031,76,0.00076
-41,-36,3,100000,60,0.0006,90,0.0009
-41,-36,4,100000,19,0.00019,70,0.0007
-41,-36,5,100000,37,0.00037,67,0.00067
-41,-35,0,100000,23,0.00023,67,0.00067
-41,-35,1,100000,34,0.00034,75,0.00075
-41,-35,2,100000,24,0.00024,61,0.00061
-41,-35,3,100000,41,0.00041,83,0.00083
-41,-35,4,100000,25,0.00025,78,0.00078
-41,-35,5,100000,23,0.00023,70,0.0007
-41,-34,0,100000,35,0.00035,78,0.00078
-41,-34,1,100000,19,0.00019,72,0.00072
-41,-34,2,100000,38,0.00038,82,0.00082
-41,-34,3,100000,24,0.00024,63,0.00063
-41,-34,4,100000,26,0.00026,76,0.00076
-41,-34,5,100000,42,0.00042,77,0.00077
-41,-33,0,100000,28,0.00028,90,0.0009
-41,-33,1,100000,26,0.00026,58,0.00058
-41,-33,2,100000,41,0.00041,77,0.00077
-41,-33,3,100000,58,0.00058,79,0.00079
-41,-33,4,100000,37,0.00037,72,0.00072
-41,-33,5,100000,23,0.00023,68,0.00068
-41,-32,0,100000,18,0.00018,64,0.00064
-41,-32,1,100000,25,0.00025,72,0.00072
-41,-32,2,100000,31,0.00031,79,0.00079
-41,-32,3,100000,45,0.00045,81,0.00081
-41,-32,4,100000,26,0.00026,72,0.00072
-41,-32,5,100000,44,0.00044,80,0.0008
-41,-31,0,100000,30,0.0003,87,0.00087
-41,-31,1,100000,30,0.0003,79,0.00079
-41,-31,2,100000,32,0.00032,63,0.00063
-41,-31,3,100000,26,0.00026,87,0.00087
-41,-31,4,100000,26,0.00026,55,0.00055
-41,-31,5,100000,29,0.00029,80,0.0008
-41,-30,0,100000,27,0.00027,63,0.00063
-41,-30,1,100000,18,0.00018,62,0.00062
-41,-30,2,100000,33,0.00033,70,0.0007
-41,-30,3,100000,31,0.00031,68,0.00068
-41,-30,4,100000,37,0.00037,64,0.00064
-41,-30,5,100000,18,0.00018,72,0.00072
-41,-29,0,100000,29,0.00029,57,0.00057
-41,-29,1,100000,29,0.00029,75,0.00075
-41,-29,2,100000,26,0.00026,57,0.00057
-41,-29,3,100000,52,0.00052,87,0.00087
-41,-29,4,100000,41,0.00041,81,0.00081
-41,-29,5,100000,20,0.0002,73,0.00073
-41,-28,0,100000,37,0.00037,58,0.00058
-41,-28,1,100000,33,0.00033,64,0.00064
-41,-28,2,100000,24,0.00024,61,0.00061
-41,-28,3,100000,22,0.00022,71,0.00071
-41,-28,4,100000,50,0.0005,74,0.00074
-41,-28,5,100000,52,0.00052,68,0.00068
-41,-27,0,100000,27,0.00027,79,0.00079
-41,-27,1,100000,23,0.00023,61,0.00061
-41,-27,2,100000,27,0.00027,69,0.00069
-41,-27,3,100000,27,0.00027,70,0.0007
-41,-27,4,100000,33,0.00033,70,0.0007
-41,-27,5,100000,29,0.00029,78,0.00078
-41,-26,0,100000,20,0.0002,65,0.00065
-41,-26,1,100000,52,0.00052,75,0.00075
-41,-26,2,100000,42,0.00042,69,0.00069
-41,-26,3,100000,27,0.00027,82,0.00082
-41,-26,4,100000,41,0.00041,87,0.00087
-41,-26,5,100000,16,0.00016,64,0.00064
-41,-25,0,100000,37,0.00037,76,0.00076
-41,-25,1,100000,30,0.0003,74,0.00074
-41,-25,2,100000,42,0.00042,84,0.00084
-41,-25,3,100000,38,0.00038,70,0.0007
-41,-25,4,100000,35,0.00035,83,0.00083
-41,-25,5,100000,42,0.00042,64,0.00064
-41,-24,0,100000,47,0.00047,69,0.00069
-41,-24,1,100000,46,0.00046,76,0.00076
-41,-24,2,100000,31,0.00031,68,0.00068
-41,-24,3,100000,30,0.0003,66,0.00066
-41,-24,4,100000,41,0.00041,72,0.00072
-41,-24,5,100000,31,0.00031,71,0.00071
-41,-23,0,100000,38,0.00038,83,0.00083
-41,-23,1,100000,30,0.0003,77,0.00077
-41,-23,2,100000,45,0.00045,77,0.00077
-41,-23,3,100000,26,0.00026,74,0.00074
-41,-23,4,100000,38,0.00038,81,0.00081
-41,-23,5,100000,39,0.00039,82,0.00082
-41,-22,0,100000,23,0.00023,71,0.00071
-41,-22,1,100000,27,0.00027,83,0.00083
-41,-22,2,100000,26,0.00026,83,0.00083
-41,-22,3,100000,27,0.00027,70,0.0007
-41,-22,4,100000,21,0.00021,77,0.00077
-41,-22,5,100000,15,0.00015,73,0.00073
-41,-21,0,100000,27,0.00027,77,0.00077
-41,-21,1,100000,20,0.0002,67,0.00067
-41,-21,2,100000,18,0.00018,60,0.0006
-41,-21,3,100000,37,0.00037,75,0.00075
-41,-21,4,100000,27,0.00027,75,0.00075
-41,-21,5,100000,22,0.00022,62,0.00062
-41,-20,0,100000,16,0.00016,77,0.00077
-41,-20,1,100000,36,0.00036,70,0.0007
-41,-20,2,100000,24,0.00024,81,0.00081
-41,-20,3,100000,47,0.00047,72,0.00072
-41,-20,4,100000,32,0.00032,70,0.0007
-41,-20,5,100000,56,0.00056,84,0.00084
-41,-19,0,100000,10,0.0001,54,0.00054
-41,-19,1,100000,49,0.00049,88,0.00088
-41,-19,2,100000,26,0.00026,86,0.00086
-41,-19,3,100000,48,0.00048,67,0.00067
-41,-19,4,100000,29,0.00029,66,0.00066
-41,-19,5,100000,28,0.00028,81,0.00081
-41,-18,0,100000,35,0.00035,81,0.00081
-41,-18,1,100000,33,0.00033,79,0.00079
-41,-18,2,100000,22,0.00022,75,0.00075
-41,-18,3,100000,28,0.00028,85,0.00085
-41,-18,4,100000,32,0.00032,61,0.00061
-41,-18,5,100000,19,0.00019,71,0.00071
-41,-17,0,100000,53,0.00053,79,0.00079
-41,-17,1,100000,34,0.00034,88,0.00088
-41,-17,2,100000,26,0.00026,73,0.00073
-41,-17,3,100000,28,0.00028,68,0.00068
-41,-17,4,100000,49,0.00049,73,0.00073
-41,-17,5,100000,27,0.00027,79,0.00079
-41,-16,0,100000,30,0.0003,62,0.00062
-41,-16,1,100000,18,0.00018,65,0.00065
-41,-16,2,100000,30,0.0003,64,0.00064
-41,-16,3,100000,23,0.00023,66,0.00066
-41,-16,4,100000,29,0.00029,59,0.00059
-41,-16,5,100000,20,0.0002,64,0.00064
-41,-15,0,100000,27,0.00027,70,0.0007
-41,-15,1,100000,23,0.00023,64,0.00064
-41,-15,2,100000,23,0.00023,64,0.00064
-41,-15,3,100000,41,0.00041,71,0.00071
-41,-15,4,100000,31,0.00031,77,0.00077
-41,-15,5,100000,32,0.00032,88,0.00088
-41,-14,0,100000,28,0.00028,73,0.00073
-41,-14,1,100000,43,0.00043,90,0.0009
-41,-14,2,100000,58,0.00058,71,0.00071
-41,-14,3,100000,30,0.0003,74,0.00074
-41,-14,4,100000,27,0.00027,70,0.0007
-41,-14,5,100000,40,0.0004,86,0.00086
-41,-13,0,100000,36,0.00036,79,0.00079
-41,-13,1,100000,26,0.00026,59,0.00059
-41,-13,2,100000,52,0.00052,79,0.00079
-41,-13,3,100000,37,0.00037,76,0.00076
-41,-13,4,100000,26,0.00026,77,0.00077
-41,-13,5,100000,36,0.00036,73,0.00073
-41,-12,0,100000,41,0.00041,65,0.00065
-41,-12,1,100000,29,0.00029,68,0.00068
-41,-12,2,100000,38,0.00038,82,0.00082
-41,-12,3,100000,29,0.00029,63,0.00063
-41,-12,4,100000,29,0.00029,77,0.00077
-41,-12,5,100000,16,0.00016,83,0.00083
-41,-11,0,100000,17,0.00017,65,0.00065
-41,-11,1,100000,36,0.00036,67,0.00067
-41,-11,2,100000,33,0.00033,63,0.00063
-41,-11,3,100000,21,0.00021,69,0.00069
-41,-11,4,100000,29,0.00029,76,0.00076
-41,-11,5,100000,41,0.00041,69,0.00069
-41,-10,0,100000,41,0.00041,62,0.00062
-41,-10,1,100000,38,0.00038,58,0.00058
-41,-10,2,100000,28,0.00028,65,0.00065
-41,-10,3,100000,31,0.00031,68,0.00068
-41,-10,4,100000,45,0.00045,82,0.00082
-41,-10,5,100000,26,0.00026,57,0.00057
-41,-9,0,100000,16,0.00016,74,0.00074
-41,-9,1,100000,40,0.0004,79,0.00079
-41,-9,2,100000,32,0.00032,79,0.00079
-41,-9,3,100000,36,0.00036,83,0.00083
-41,-9,4,100000,33,0.00033,77,0.00077
-41,-9,5,100000,29,0.00029,80,0.0008
-41,-8,0,100000,45,0.00045,96,0.00096
-41,-8,1,100000,24,0.00024,77,0.00077
-41,-8,2,100000,49,0.00049,84,0.00084
-41,-8,3,100000,29,0.00029,66,0.00066
-41,-8,4,100000,43,0.00043,72,0.00072
-41,-8,5,100000,30,0.0003,74,0.00074
-41,-7,0,100000,25,0.00025,71,0.00071
-41,-7,1,100000,31,0.00031,73,0.00073
-41,-7,2,100000,20,0.0002,73,0.00073
-41,-7,3,100000,37,0.00037,86,0.00086
-41,-7,4,100000,32,0.00032,71,0.00071
-41,-7,5,100000,41,0.00041,66,0.00066
-41,-6,0,100000,23,0.00023,67,0.00067
-41,-6,1,100000,15,0.00015,60,0.0006
-41,-6,2,100000,40,0.0004,80,0.0008
-41,-6,3,100000,18,0.00018,79,0.00079
-41,-6,4,100000,14,0.00014,71,0.00071
-41,-6,5,100000,35,0.00035,70,0.0007
-41,-5,0,100000,28,0.00028,68,0.00068
-41,-5,1,100000,37,0.00037,72,0.00072
-41,-5,2,100000,36,0.00036,80,0.0008
-41,-5,3,100000,30,0.0003,83,0.00083
-41,-5,4,100000,39,0.00039,86,0.00086
-41,-5,5,100000,35,0.00035,76,0.00076
-41,-4,0,100000,34,0.00034,75,0.00075
-41,-4,1,100000,36,0.00036,64,0.00064
-41,-4,2,100000,18,0.00018,42,0.00042
-41,-4,3,100000,32,0.00032,62,0.00062
-41,-4,4,100000,19,0.00019,63,0.00063
-41,-4,5,100000,45,0.00045,78,0.00078
-41,-3,0,100000,30,0.0003,71,0.00071
-41,-3,1,100000,18,0.00018,60,0.0006
-41,-3,2,100000,36,0.00036,63,0.00063
-41,-3,3,100000,30,0.0003,83,0.00083
-41,-3,4,100000,28,0.00028,75,0.00075
-41,-3,5,100000,25,0.00025,53,0.00053
-41,-2,0,100000,19,0.00019,58,0.00058
-41,-2,1,100000,23,0.00023,88,0.00088
-41,-2,2,100000,20,0.0002,61,0.00061
-41,-2,3,100000,19,0.00019,67,0.00067
-41,-2,4,100000,26,0.00026,72,0.00072
-41,-2,5,100000,30,0.0003,61,0.00061
-41,-1,0,100000,33,0.00033,79,0.00079
-41,-1,1,100000,31,0.00031,73,0.00073
-41,-1,2,100000,20,0.0002,59,0.00059
-41,-1,3,100000,26,0.00026,66,0.00066
-41,-1,4,100000,31,0.00031,89,0.00089
-41,-1,5,100000,33,0.00033,69,0.00069
-41,0,0,100000,31,0.00031,69,0.00069
-41,0,1,100000,25,0.00025,61,0.00061
-41,0,2,100000,21,0.00021,59,0.00059
-41,0,3,100000,35,0.00035,60,0.0006
-41,0,4,100000,56,0.00056,78,0.00078
-41,0,5,100000,23,0.00023,94,0.00094
-41,1,0,100000,27,0.00027,68,0.00068
-41,1,1,100000,32,0.00032,73,0.00073
-41,1,2,100000,15,0.00015,66,0.00066
-41,1,3,100000,29,0.00029,79,0.00079
-41,1,4,100000,15,0.00015,58,0.00058
-41,1,5,100000,22,0.00022,81,0.00081
-41,2,0,100000,28,0.00028,75,0.00075
-41,2,1,100000,31,0.00031,76,0.00076
-41,2,2,100000,31,0.00031,85,0.00085
-41,2,3,100000,44,0.00044,81,0.00081
-41,2,4,100000,39,0.00039,83,0.00083
-41,2,5,100000,32,0.00032,81,0.00081
-41,3,0,100000,39,0.00039,79,0.00079
-41,3,1,100000,26,0.00026,70,0.0007
-41,3,2,100000,52,0.00052,79,0.00079
-41,3,3,100000,23,0.00023,58,0.00058
-41,3,4,100000,33,0.00033,80,0.0008
-41,3,5,100000,24,0.00024,78,0.00078
-41,4,0,100000,32,0.00032,65,0.00065
-41,4,1,100000,43,0.00043,77,0.00077
-41,4,2,100000,40,0.0004,72,0.00072
-41,4,3,100000,24,0.00024,66,0.00066
-41,4,4,100000,31,0.00031,93,0.00093
-41,4,5,100000,23,0.00023,70,0.0007
-41,5,0,100000,27,0.00027,66,0.00066
-41,5,1,100000,31,0.00031,76,0.00076
-41,5,2,100000,28,0.00028,70,0.0007
-41,5,3,100000,36,0.00036,79,0.00079
-41,5,4,100000,24,0.00024,69,0.00069
-41,5,5,100000,35,0.00035,67,0.00067
-41,6,0,100000,25,0.00025,68,0.00068
-41,6,1,100000,20,0.0002,86,0.00086
-41,6,2,100000,25,0.00025,86,0.00086
-41,6,3,100000,24,0.00024,68,0.00068
-41,6,4,100000,29,0.00029,86,0.00086
-41,6,5,100000,22,0.00022,71,0.00071
-41,7,0,100000,44,0.00044,78,0.00078
-41,7,1,100000,33,0.00033,70,0.0007
-41,7,2,100000,39,0.00039,88,0.00088
-41,7,3,100000,21,0.00021,75,0.00075
-41,7,4,100000,25,0.00025,79,0.00079
-41,7,5,100000,23,0.00023,71,0.00071
-41,8,0,100000,28,0.00028,75,0.00075
-41,8,1,100000,35,0.00035,64,0.00064
-41,8,2,100000,29,0.00029,58,0.00058
-41,8,3,100000,26,0.00026,59,0.00059
-41,8,4,100000,16,0.00016,65,0.00065
-41,8,5,100000,35,0.00035,74,0.00074
-41,9,0,100000,18,0.00018,68,0.00068
-41,9,1,100000,22,0.00022,76,0.00076
-41,9,2,100000,21,0.00021,78,0.00078
-41,9,3,100000,34,0.00034,82,0.00082
-41,9,4,100000,26,0.00026,74,0.00074
-41,9,5,100000,18,0.00018,63,0.00063
-41,10,0,100000,51,0.00051,78,0.00078
-41,10,1,100000,40,0.0004,72,0.00072
-41,10,2,100000,32,0.00032,75,0.00075
-41,10,3,100000,26,0.00026,68,0.00068
-41,10,4,100000,37,0.00037,83,0.00083
-41,10,5,100000,33,0.00033,61,0.00061
-41,11,0,100000,26,0.00026,71,0.00071
-41,11,1,100000,53,0.00053,80,0.0008
-41,11,2,100000,34,0.00034,61,0.00061
-41,11,3,100000,39,0.00039,77,0.00077
-41,11,4,100000,28,0.00028,51,0.00051
-41,11,5,100000,43,0.00043,73,0.00073
-41,12,0,100000,29,0.00029,79,0.00079
-41,12,1,100000,23,0.00023,63,0.00063
-41,12,2,100000,26,0.00026,66,0.00066
-41,12,3,100000,29,0.00029,67,0.00067
-41,12,4,100000,29,0.00029,72,0.00072
-41,12,5,100000,22,0.00022,75,0.00075
-41,13,0,100000,31,0.00031,73,0.00073
-41,13,1,100000,30,0.0003,64,0.00064
-41,13,2,100000,29,0.00029,69,0.00069
-41,13,3,100000,30,0.0003,70,0.0007
-41,13,4,100000,25,0.00025,63,0.00063
-41,13,5,100000,33,0.00033,76,0.00076
-41,14,0,100000,35,0.00035,70,0.0007
-41,14,1,100000,26,0.00026,68,0.00068
-41,14,2,100000,30,0.0003,74,0.00074
-41,14,3,100000,25,0.00025,67,0.00067
-41,14,4,100000,27,0.00027,78,0.00078
-41,14,5,100000,27,0.00027,67,0.00067
-41,15,0,100000,25,0.00025,84,0.00084
-41,15,1,100000,32,0.00032,76,0.00076
-41,15,2,100000,32,0.00032,71,0.00071
-41,15,3,100000,21,0.00021,90,0.0009
-41,15,4,100000,31,0.00031,68,0.00068
-41,15,5,100000,38,0.00038,64,0.00064
-41,16,0,100000,39,0.00039,83,0.00083
-41,16,1,100000,19,0.00019,83,0.00083
-41,16,2,100000,38,0.00038,80,0.0008
-41,16,3,100000,35,0.00035,64,0.00064
-41,16,4,100000,24,0.00024,75,0.00075
-41,16,5,100000,35,0.00035,72,0.00072
-41,17,0,100000,30,0.0003,72,0.00072
-41,17,1,100000,33,0.00033,75,0.00075
-41,17,2,100000,19,0.00019,71,0.00071
-41,17,3,100000,32,0.00032,77,0.00077
-41,17,4,100000,23,0.00023,73,0.00073
-41,17,5,100000,44,0.00044,85,0.00085
-41,18,0,100000,56,0.00056,79,0.00079
-41,18,1,100000,28,0.00028,59,0.00059
-41,18,2,100000,30,0.0003,69,0.00069
-41,18,3,100000,17,0.00017,58,0.00058
-41,18,4,100000,29,0.00029,77,0.00077
-41,18,5,100000,34,0.00034,60,0.0006
-41,19,0,100000,28,0.00028,69,0.00069
-41,19,1,100000,13,0.00013,64,0.00064
-41,19,2,100000,39,0.00039,77,0.00077
-41,19,3,100000,29,0.00029,64,0.00064
-41,19,4,100000,23,0.00023,70,0.0007
-41,19,5,100000,23,0.00023,67,0.00067
-41,20,0,100000,20,0.0002,61,0.00061
-41,20,1,100000,29,0.00029,71,0.00071
-41,20,2,100000,23,0.00023,81,0.00081
-41,20,3,100000,33,0.00033,79,0.00079
-41,20,4,100000,31,0.00031,78,0.00078
-41,20,5,100000,32,0.00032,65,0.00065
-41,21,0,100000,34,0.00034,79,0.00079
-41,21,1,100000,39,0.00039,66,0.00066
-41,21,2,100000,11,0.00011,56,0.00056
-41,21,3,100000,27,0.00027,76,0.00076
-41,21,4,100000,13,0.00013,71,0.00071
-41,21,5,100000,25,0.00025,68,0.00068
-41,22,0,100000,40,0.0004,85,0.00085
-41,22,1,100000,20,0.0002,73,0.00073
-41,22,2,100000,31,0.00031,66,0.00066
-41,22,3,100000,35,0.00035,76,0.00076
-41,22,4,100000,29,0.00029,59,0.00059
-41,22,5,100000,24,0.00024,79,0.00079
-41,23,0,100000,39,0.00039,70,0.0007
-41,23,1,100000,36,0.00036,75,0.00075
-41,23,2,100000,34,0.00034,77,0.00077
-41,23,3,100000,21,0.00021,80,0.0008
-41,23,4,100000,43,0.00043,93,0.00093
-41,23,5,100000,37,0.00037,74,0.00074
-41,24,0,100000,30,0.0003,63,0.00063
-41,24,1,100000,17,0.00017,65,0.00065
-41,24,2,100000,16,0.00016,76,0.00076
-41,24,3,100000,30,0.0003,71,0.00071
-41,24,4,100000,30,0.0003,58,0.00058
-41,24,5,100000,30,0.0003,94,0.00094
-41,25,0,100000,36,0.00036,87,0.00087
-41,25,1,100000,47,0.00047,78,0.00078
-41,25,2,100000,31,0.00031,73,0.00073
-41,25,3,100000,24,0.00024,68,0.00068
-41,25,4,100000,25,0.00025,72,0.00072
-41,25,5,100000,17,0.00017,66,0.00066
-41,26,0,100000,29,0.00029,86,0.00086
-41,26,1,100000,38,0.00038,75,0.00075
-41,26,2,100000,27,0.00027,65,0.00065
-41,26,3,100000,43,0.00043,75,0.00075
-41,26,4,100000,24,0.00024,78,0.00078
-41,26,5,100000,25,0.00025,76,0.00076
-41,27,0,100000,34,0.00034,68,0.00068
-41,27,1,100000,22,0.00022,63,0.00063
-41,27,2,100000,18,0.00018,85,0.00085
-41,27,3,100000,38,0.00038,75,0.00075
-41,27,4,100000,31,0.00031,77,0.00077
-41,27,5,100000,47,0.00047,72,0.00072
-41,28,0,100000,59,0.00059,72,0.00072
-41,28,1,100000,31,0.00031,56,0.00056
-41,28,2,100000,19,0.00019,59,0.00059
-41,28,3,100000,31,0.00031,78,0.00078
-41,28,4,100000,36,0.00036,77,0.00077
-41,28,5,100000,30,0.0003,65,0.00065
-41,29,0,100000,21,0.00021,75,0.00075
-41,29,1,100000,34,0.00034,79,0.00079
-41,29,2,100000,35,0.00035,70,0.0007
-41,29,3,100000,22,0.00022,56,0.00056
-41,29,4,100000,25,0.00025,66,0.00066
-41,29,5,100000,37,0.00037,76,0.00076
-41,30,0,100000,22,0.00022,70,0.0007
-41,30,1,100000,34,0.00034,76,0.00076
-41,30,2,100000,40,0.0004,74,0.00074
-41,30,3,100000,38,0.00038,84,0.00084
-41,30,4,100000,25,0.00025,69,0.00069
-41,30,5,100000,28,0.00028,75,0.00075
-41,31,0,100000,32,0.00032,70,0.0007
-41,31,1,100000,19,0.00019,54,0.00054
-41,31,2,100000,24,0.00024,70,0.0007
-41,31,3,100000,35,0.00035,69,0.00069
-41,31,4,100000,17,0.00017,66,0.00066
-41,31,5,100000,28,0.00028,68,0.00068
-41,32,0,100000,24,0.00024,80,0.0008
-41,32,1,100000,36,0.00036,66,0.00066
-41,32,2,100000,35,0.00035,61,0.00061
-41,32,3,100000,19,0.00019,74,0.00074
-41,32,4,100000,39,0.00039,76,0.00076
-41,32,5,100000,31,0.00031,77,0.00077
-41,33,0,100000,15,0.00015,50,0.0005
-41,33,1,100000,28,0.00028,74,0.00074
-41,33,2,100000,18,0.00018,63,0.00063
-41,33,3,100000,26,0.00026,63,0.00063
-41,33,4,100000,14,0.00014,74,0.00074
-41,33,5,100000,32,0.00032,64,0.00064
-41,34,0,100000,36,0.00036,82,0.00082
-41,34,1,100000,53,0.00053,76,0.00076
-41,34,2,100000,36,0.00036,68,0.00068
-41,34,3,100000,40,0.0004,77,0.00077
-41,34,4,100000,30,0.0003,80,0.0008
-41,34,5,100000,37,0.00037,68,0.00068
-41,35,0,100000,31,0.00031,66,0.00066
-41,35,1,100000,38,0.00038,82,0.00082
-41,35,2,100000,37,0.00037,78,0.00078
-41,35,3,100000,33,0.00033,71,0.00071
-41,35,4,100000,30,0.0003,65,0.00065
-41,35,5,100000,27,0.00027,66,0.00066
-41,36,0,100000,18,0.00018,64,0.00064
-41,36,1,100000,25,0.00025,72,0.00072
-41,36,2,100000,13,0.00013,65,0.00065
-41,36,3,100000,22,0.00022,70,0.0007
-41,36,4,100000,21,0.00021,62,0.00062
-41,36,5,100000,30,0.0003,75,0.00075
-41,37,0,100000,32,0.00032,66,0.00066
-41,37,1,100000,28,0.00028,72,0.00072
-41,37,2,100000,48,0.00048,71,0.00071
-41,37,3,100000,15,0.00015,73,0.00073
-41,37,4,100000,41,0.00041,86,0.00086
-41,37,5,100000,22,0.00022,62,0.00062
-41,38,0,100000,19,0.00019,58,0.00058
-41,38,1,100000,18,0.00018,69,0.00069
-41,38,2,100000,65,0.00065,85,0.00085
-41,38,3,100000,41,0.00041,88,0.00088
-41,38,4,100000,34,0.00034,72,0.00072
-41,38,5,100000,17,0.00017,60,0.0006
-41,39,0,100000,29,0.00029,65,0.00065
-41,39,1,100000,23,0.00023,58,0.00058
-41,39,2,100000,26,0.00026,67,0.00067
-41,39,3,100000,36,0.00036,69,0.00069
-41,39,4,100000,30,0.0003,50,0.0005
-41,39,5,100000,37,0.00037,76,0.00076
-41,40,0,100000,36,0.00036,80,0.0008
-41,40,1,100000,43,0.00043,69,0.00069
-41,40,2,100000,20,0.0002,70,0.0007
-41,40,3,100000,26,0.00026,74,0.00074
-41,40,4,100000,26,0.00026,87,0.00087
-41,40,5,100000,12,0.00012,53,0.00053
-41,41,0,100000,15,0.00015,63,0.00063
-41,41,1,100000,29,0.00029,62,0.00062
-41,41,2,100000,19,0.00019,67,0.00067
-41,41,3,100000,29,0.00029,86,0.00086
-41,41,4,100000,37,0.00037,69,0.00069
-41,41,5,100000,35,0.00035,85,0.00085
-41,42,0,100000,43,0.00043,82,0.00082
-41,42,1,100000,28,0.00028,69,0.00069
-41,42,2,100000,31,0.00031,78,0.00078
-41,42,3,100000,33,0.00033,68,0.00068
-41,42,4,100000,35,0.00035,70,0.0007
-41,42,5,100000,23,0.00023,75,0.00075
-41,43,0,100000,32,0.00032,76,0.00076
-41,43,1,100000,16,0.00016,53,0.00053
-41,43,2,100000,34,0.00034,66,0.00066
-41,43,3,100000,24,0.00024,67,0.00067
-41,43,4,100000,20,0.0002,77,0.00077
-41,43,5,100000,30,0.0003,67,0.00067
-41,44,0,100000,40,0.0004,95,0.00095
-41,44,1,100000,38,0.00038,88,0.00088
-41,44,2,100000,23,0.00023,80,0.0008
-41,44,3,100000,49,0.00049,81,0.00081
-41,44,4,100000,39,0.00039,68,0.00068
-41,44,5,100000,27,0.00027,70,0.0007
-41,45,0,100000,28,0.00028,82,0.00082
-41,45,1,100000,38,0.00038,83,0.00083
-41,45,2,100000,24,0.00024,83,0.00083
-41,45,3,100000,33,0.00033,66,0.00066
-41,45,4,100000,36,0.00036,72,0.00072
-41,45,5,100000,36,0.00036,84,0.00084
-41,46,0,100000,25,0.00025,62,0.00062
-41,46,1,100000,22,0.00022,77,0.00077
-41,46,2,100000,33,0.00033,75,0.00075
-41,46,3,100000,30,0.0003,65,0.00065
-41,46,4,100000,37,0.00037,80,0.0008
-41,46,5,100000,28,0.00028,72,0.00072
-41,47,0,100000,27,0.00027,62,0.00062
-41,47,1,100000,25,0.00025,68,0.00068
-41,47,2,100000,8,8e-05,60,0.0006
-41,47,3,100000,13,0.00013,50,0.0005
-41,47,4,100000,15,0.00015,71,0.00071
-41,47,5,100000,16,0.00016,54,0.00054
-41,48,0,100000,23,0.00023,80,0.0008
-41,48,1,100000,50,0.0005,81,0.00081
-41,48,2,100000,34,0.00034,94,0.00094
-41,48,3,100000,25,0.00025,59,0.00059
-41,48,4,100000,60,0.0006,88,0.00088
-41,48,5,100000,24,0.00024,63,0.00063
-41,49,0,100000,32,0.00032,57,0.00057
-41,49,1,100000,32,0.00032,58,0.00058
-41,49,2,100000,18,0.00018,56,0.00056
-41,49,3,100000,27,0.00027,74,0.00074
-41,49,4,100000,24,0.00024,82,0.00082
-41,49,5,100000,36,0.00036,72,0.00072
-41,50,0,100000,24,0.00024,66,0.00066
-41,50,1,100000,30,0.0003,71,0.00071
-41,50,2,100000,46,0.00046,76,0.00076
-41,50,3,100000,38,0.00038,80,0.0008
-41,50,4,100000,36,0.00036,91,0.00091
-41,50,5,100000,19,0.00019,85,0.00085
-40,-50,0,100000,42,0.00042,79,0.00079
-40,-50,1,100000,38,0.00038,61,0.00061
-40,-50,2,100000,41,0.00041,78,0.00078
-40,-50,3,100000,27,0.00027,95,0.00095
-40,-50,4,100000,24,0.00024,73,0.00073
-40,-50,5,100000,30,0.0003,67,0.00067
-40,-49,0,100000,50,0.0005,79,0.00079
-40,-49,1,100000,26,0.00026,77,0.00077
-40,-49,2,100000,42,0.00042,60,0.0006
-40,-49,3,100000,18,0.00018,86,0.00086
-40,-49,4,100000,25,0.00025,66,0.00066
-40,-49,5,100000,39,0.00039,78,0.00078
-40,-48,0,100000,36,0.00036,84,0.00084
-40,-48,1,100000,28,0.00028,60,0.0006
-40,-48,2,100000,23,0.00023,69,0.00069
-40,-48,3,100000,29,0.00029,78,0.00078
-40,-48,4,100000,44,0.00044,78,0.00078
-40,-48,5,100000,21,0.00021,59,0.00059
-40,-47,0,100000,33,0.00033,69,0.00069
-40,-47,1,100000,31,0.00031,76,0.00076
-40,-47,2,100000,26,0.00026,80,0.0008
-40,-47,3,100000,29,0.00029,75,0.00075
-40,-47,4,100000,34,0.00034,57,0.00057
-40,-47,5,100000,34,0.00034,59,0.00059
-40,-46,0,100000,47,0.00047,80,0.0008
-40,-46,1,100000,45,0.00045,66,0.00066
-40,-46,2,100000,33,0.00033,69,0.00069
-40,-46,3,100000,18,0.00018,64,0.00064
-40,-46,4,100000,31,0.00031,63,0.00063
-40,-46,5,100000,55,0.00055,80,0.0008
-40,-45,0,100000,24,0.00024,64,0.00064
-40,-45,1,100000,18,0.00018,82,0.00082
-40,-45,2,100000,13,0.00013,75,0.00075
-40,-45,3,100000,29,0.00029,68,0.00068
-40,-45,4,100000,25,0.00025,70,0.0007
-40,-45,5,100000,32,0.00032,71,0.00071
-40,-44,0,100000,35,0.00035,82,0.00082
-40,-44,1,100000,28,0.00028,64,0.00064
-40,-44,2,100000,18,0.00018,84,0.00084
-40,-44,3,100000,18,0.00018,62,0.00062
-40,-44,4,100000,21,0.00021,63,0.00063
-40,-44,5,100000,48,0.00048,95,0.00095
-40,-43,0,100000,32,0.00032,58,0.00058
-40,-43,1,100000,29,0.00029,64,0.00064
-40,-43,2,100000,24,0.00024,70,0.0007
-40,-43,3,100000,37,0.00037,69,0.00069
-40,-43,4,100000,17,0.00017,65,0.00065
-40,-43,5,100000,17,0.00017,74,0.00074
-40,-42,0,100000,35,0.00035,84,0.00084
-40,-42,1,100000,22,0.00022,60,0.0006
-40,-42,2,100000,33,0.00033,82,0.00082
-40,-42,3,100000,36,0.00036,74,0.00074
-40,-42,4,100000,29,0.00029,66,0.00066
-40,-42,5,100000,28,0.00028,61,0.00061
-40,-41,0,100000,30,0.0003,74,0.00074
-40,-41,1,100000,25,0.00025,68,0.00068
-40,-41,2,100000,28,0.00028,83,0.00083
-40,-41,3,100000,27,0.00027,69,0.00069
-40,-41,4,100000,21,0.00021,63,0.00063
-40,-41,5,100000,26,0.00026,73,0.00073
-40,-40,0,100000,24,0.00024,80,0.0008
-40,-40,1,100000,26,0.00026,79,0.00079
-40,-40,2,100000,51,0.00051,75,0.00075
-40,-40,3,100000,35,0.00035,83,0.00083
-40,-40,4,100000,34,0.00034,83,0.00083
-40,-40,5,100000,36,0.00036,60,0.0006
-40,-39,0,100000,39,0.00039,81,0.00081
-40,-39,1,100000,43,0.00043,68,0.00068
-40,-39,2,100000,18,0.00018,72,0.00072
-40,-39,3,100000,36,0.00036,77,0.00077
-40,-39,4,100000,28,0.00028,68,0.00068
-40,-39,5,100000,23,0.00023,80,0.0008
-40,-38,0,100000,24,0.00024,67,0.00067
-40,-38,1,100000,38,0.00038,68,0.00068
-40,-38,2,100000,39,0.00039,87,0.00087
-40,-38,3,100000,24,0.00024,77,0.00077
-40,-38,4,100000,44,0.00044,76,0.00076
-40,-38,5,100000,21,0.00021,70,0.0007
-40,-37,0,100000,27,0.00027,73,0.00073
-40,-37,1,100000,41,0.00041,91,0.00091
-40,-37,2,100000,33,0.00033,74,0.00074
-40,-37,3,100000,26,0.00026,60,0.0006
-40,-37,4,100000,38,0.00038,78,0.00078
-40,-37,5,100000,39,0.00039,69,0.00069
-40,-36,0,100000,32,0.00032,72,0.00072
-40,-36,1,100000,24,0.00024,65,0.00065
-40,-36,2,100000,36,0.00036,79,0.00079
-40,-36,3,100000,12,0.00012,62,0.00062
-40,-36,4,100000,15,0.00015,71,0.00071
-40,-36,5,100000,20,0.0002,64,0.00064
-40,-35,0,100000,42,0.00042,87,0.00087
-40,-35,1,100000,30,0.0003,74,0.00074
-40,-35,2,100000,29,0.00029,64,0.00064
-40,-35,3,100000,23,0.00023,75,0.00075
-40,-35,4,100000,21,0.00021,74,0.00074
-40,-35,5,100000,28,0.00028,72,0.00072
-40,-34,0,100000,37,0.00037,81,0.00081
-40,-34,1,100000,27,0.00027,49,0.00049
-40,-34,2,100000,35,0.00035,66,0.00066
-40,-34,3,100000,45,0.00045,79,0.00079
-40,-34,4,100000,36,0.00036,68,0.00068
-40,-34,5,100000,42,0.00042,81,0.00081
-40,-33,0,100000,56,0.00056,70,0.0007
-40,-33,1,100000,33,0.00033,71,0.00071
-40,-33,2,100000,36,0.00036,80,0.0008
-40,-33,3,100000,30,0.0003,74,0.00074
-40,-33,4,100000,25,0.00025,60,0.0006
-40,-33,5,100000,26,0.00026,76,0.00076
-40,-32,0,100000,38,0.00038,72,0.00072
-40,-32,1,100000,31,0.00031,70,0.0007
-40,-32,2,100000,53,0.00053,84,0.00084
-40,-32,3,100000,30,0.0003,85,0.00085
-40,-32,4,100000,43,0.00043,76,0.00076
-40,-32,5,100000,20,0.0002,74,0.00074
-40,-31,0,100000,17,0.00017,69,0.00069
-40,-31,1,100000,23,0.00023,84,0.00084
-40,-31,2,100000,38,0.00038,74,0.00074
-40,-31,3,100000,25,0.00025,81,0.00081
-40,-31,4,100000,32,0.00032,91,0.00091
-40,-31,5,100000,29,0.00029,68,0.00068
-40,-30,0,100000,42,0.00042,74,0.00074
-40,-30,1,100000,28,0.00028,67,0.00067
-40,-30,2,100000,31,0.00031,88,0.00088
-40,-30,3,100000,52,0.00052,70,0.0007
-40,-30,4,100000,23,0.00023,71,0.00071
-40,-30,5,100000,31,0.00031,93,0.00093
-40,-29,0,100000,25,0.00025,54,0.00054
-40,-29,1,100000,33,0.00033,71,0.00071
-40,-29,2,100000,33,0.00033,73,0.00073
-40,-29,3,100000,30,0.0003,71,0.00071
-40,-29,4,100000,36,0.00036,71,0.00071
-40,-29,5,100000,37,0.00037,65,0.00065
-40,-28,0,100000,30,0.0003,60,0.0006
-40,-28,1,100000,29,0.00029,78,0.00078
-40,-28,2,100000,25,0.00025,77,0.00077
-40,-28,3,100000,33,0.00033,66,0.00066
-40,-28,4,100000,23,0.00023,58,0.00058
-40,-28,5,100000,34,0.00034,84,0.00084
-40,-27,0,100000,40,0.0004,73,0.00073
-40,-27,1,100000,17,0.00017,67,0.00067
-40,-27,2,100000,23,0.00023,70,0.0007
-40,-27,3,100000,39,0.00039,73,0.00073
-40,-27,4,100000,19,0.00019,54,0.00054
-40,-27,5,100000,27,0.00027,77,0.00077
-40,-26,0,100000,30,0.0003,81,0.00081
-40,-26,1,100000,28,0.00028,87,0.00087
-40,-26,2,100000,32,0.00032,78,0.00078
-40,-26,3,100000,30,0.0003,68,0.00068
-40,-26,4,100000,37,0.00037,84,0.00084
-40,-26,5,100000,30,0.0003,67,0.00067
-40,-25,0,100000,27,0.00027,74,0.00074
-40,-25,1,100000,30,0.0003,69,0.00069
-40,-25,2,100000,48,0.00048,81,0.00081
-40,-25,3,100000,19,0.00019,66,0.00066
-40,-25,4,100000,31,0.00031,91,0.00091
-40,-25,5,100000,45,0.00045,67,0.00067
-40,-24,0,100000,34,0.00034,69,0.00069
-40,-24,1,100000,46,0.00046,75,0.00075
-40,-24,2,100000,40,0.0004,77,0.00077
-40,-24,3,100000,53,0.00053,89,0.00089
-40,-24,4,100000,20,0.0002,86,0.00086
-40,-24,5,100000,31,0.00031,81,0.00081
-40,-23,0,100000,20,0.0002,72,0.00072
-40,-23,1,100000,34,0.00034,63,0.00063
-40,-23,2,100000,23,0.00023,69,0.00069
-40,-23,3,100000,21,0.00021,72,0.00072
-40,-23,4,100000,28,0.00028,68,0.00068
-40,-23,5,100000,42,0.00042,67,0.00067
-40,-22,0,100000,24,0.00024,59,0.00059
-40,-22,1,100000,26,0.00026,71,0.00071
-40,-22,2,100000,29,0.00029,74,0.00074
-40,-22,3,100000,24,0.00024,80,0.0008
-40,-22,4,100000,35,0.00035,79,0.00079
-40,-22,5,100000,36,0.00036,82,0.00082
-40,-21,0,100000,48,0.00048,68,0.00068
-40,-21,1,100000,23,0.00023,67,0.00067
-40,-21,2,100000,23,0.00023,58,0.00058
-40,-21,3,100000,26,0.00026,63,0.00063
-40,-21,4,100000,22,0.00022,72,0.00072
-40,-21,5,100000,25,0.00025,73,0.00073
-40,-20,0,100000,35,0.00035,78,0.00078
-40,-20,1,100000,30,0.0003,74,0.00074
-40,-20,2,100000,21,0.00021,78,0.00078
-40,-20,3,100000,25,0.00025,63,0.00063
-40,-20,4,100000,25,0.00025,65,0.00065
-40,-20,5,100000,29,0.00029,68,0.00068
-40,-19,0,100000,40,0.0004,72,0.00072
-40,-19,1,100000,43,0.00043,82,0.00082
-40,-19,2,100000,35,0.00035,76,0.00076
-40,-19,3,100000,42,0.00042,78,0.00078
-40,-19,4,100000,45,0.00045,63,0.00063
-40,-19,5,100000,26,0.00026,65,0.00065
-40,-18,0,100000,47,0.00047,89,0.00089
-40,-18,1,100000,55,0.00055,70,0.0007
-40,-18,2,100000,25,0.00025,79,0.00079
-40,-18,3,100000,41,0.00041,75,0.00075
-40,-18,4,100000,42,0.00042,78,0.00078
-40,-18,5,100000,28,0.00028,63,0.00063
-40,-17,0,100000,29,0.00029,70,0.0007
-40,-17,1,100000,28,0.00028,66,0.00066
-40,-17,2,100000,24,0.00024,68,0.00068
-40,-17,3,100000,18,0.00018,68,0.00068
-40,-17,4,100000,24,0.00024,88,0.00088
-40,-17,5,100000,24,0.00024,74,0.00074
-40,-16,0,100000,11,0.00011,64,0.00064
-40,-16,1,100000,33,0.00033,87,0.00087
-40,-16,2,100000,21,0.00021,73,0.00073
-40,-16,3,100000,33,0.00033,76,0.00076
-40,-16,4,100000,27,0.00027,63,0.00063
-40,-16,5,100000,38,0.00038,72,0.00072
-40,-15,0,100000,24,0.00024,62,0.00062
-40,-15,1,100000,20,0.0002,66,0.00066
-40,-15,2,100000,21,0.00021,80,0.0008
-40,-15,3,100000,36,0.00036,76,0.00076
-40,-15,4,100000,27,0.00027,71,0.00071
-40,-15,5,100000,25,0.00025,76,0.00076
-40,-14,0,100000,20,0.0002,66,0.00066
-40,-14,1,100000,33,0.00033,60,0.0006
-40,-14,2,100000,24,0.00024,76,0.00076
-40,-14,3,100000,35,0.00035,73,0.00073
-40,-14,4,100000,16,0.00016,75,0.00075
-40,-14,5,100000,34,0.00034,69,0.00069
-40,-13,0,100000,32,0.00032,69,0.00069
-40,-13,1,100000,49,0.00049,82,0.00082
-40,-13,2,100000,46,0.00046,79,0.00079
-40,-13,3,100000,21,0.00021,84,0.00084
-40,-13,4,100000,16,0.00016,62,0.00062
-40,-13,5,100000,42,0.00042,82,0.00082
-40,-12,0,100000,17,0.00017,68,0.00068
-40,-12,1,100000,47,0.00047,88,0.00088
-40,-12,2,100000,31,0.00031,80,0.0008
-40,-12,3,100000,76,0.00076,100,0.001
-40,-12,4,100000,26,0.00026,68,0.00068
-40,-12,5,100000,32,0.00032,76,0.00076
-40,-11,0,100000,35,0.00035,81,0.00081
-40,-11,1,100000,27,0.00027,76,0.00076
-40,-11,2,100000,28,0.00028,62,0.00062
-40,-11,3,100000,21,0.00021,67,0.00067
-40,-11,4,100000,31,0.00031,78,0.00078
-40,-11,5,100000,37,0.00037,73,0.00073
-40,-10,0,100000,33,0.00033,81,0.00081
-40,-10,1,100000,15,0.00015,60,0.0006
-40,-10,2,100000,28,0.00028,77,0.00077
-40,-10,3,100000,32,0.00032,67,0.00067
-40,-10,4,100000,30,0.0003,77,0.00077
-40,-10,5,100000,25,0.00025,67,0.00067
-40,-9,0,100000,22,0.00022,78,0.00078
-40,-9,1,100000,28,0.00028,71,0.00071
-40,-9,2,100000,46,0.00046,84,0.00084
-40,-9,3,100000,52,0.00052,68,0.00068
-40,-9,4,100000,20,0.0002,65,0.00065
-40,-9,5,100000,27,0.00027,67,0.00067
-40,-8,0,100000,38,0.00038,69,0.00069
-40,-8,1,100000,33,0.00033,68,0.00068
-40,-8,2,100000,26,0.00026,76,0.00076
-40,-8,3,100000,24,0.00024,75,0.00075
-40,-8,4,100000,26,0.00026,74,0.00074
-40,-8,5,100000,42,0.00042,84,0.00084
-40,-7,0,100000,32,0.00032,89,0.00089
-40,-7,1,100000,18,0.00018,70,0.0007
-40,-7,2,100000,39,0.00039,67,0.00067
-40,-7,3,100000,18,0.00018,79,0.00079
-40,-7,4,100000,28,0.00028,61,0.00061
-40,-7,5,100000,17,0.00017,70,0.0007
-40,-6,0,100000,29,0.00029,65,0.00065
-40,-6,1,100000,23,0.00023,62,0.00062
-40,-6,2,100000,26,0.00026,66,0.00066
-40,-6,3,100000,50,0.0005,77,0.00077
-40,-6,4,100000,34,0.00034,73,0.00073
-40,-6,5,100000,9,9e-05,66,0.00066
-40,-5,0,100000,23,0.00023,55,0.00055
-40,-5,1,100000,20,0.0002,63,0.00063
-40,-5,2,100000,29,0.00029,63,0.00063
-40,-5,3,100000,34,0.00034,71,0.00071
-40,-5,4,100000,33,0.00033,72,0.00072
-40,-5,5,100000,27,0.00027,58,0.00058
-40,-4,0,100000,47,0.00047,58,0.00058
-40,-4,1,100000,23,0.00023,61,0.00061
-40,-4,2,100000,51,0.00051,71,0.00071
-40,-4,3,100000,27,0.00027,79,0.00079
-40,-4,4,100000,55,0.00055,87,0.00087
-40,-4,5,100000,37,0.00037,68,0.00068
-40,-3,0,100000,24,0.00024,76,0.00076
-40,-3,1,100000,32,0.00032,68,0.00068
-40,-3,2,100000,26,0.00026,65,0.00065
-40,-3,3,100000,27,0.00027,73,0.00073
-40,-3,4,100000,44,0.00044,69,0.00069
-40,-3,5,100000,27,0.00027,81,0.00081
-40,-2,0,100000,32,0.00032,64,0.00064
-40,-2,1,100000,36,0.00036,72,0.00072
-40,-2,2,100000,39,0.00039,76,0.00076
-40,-2,3,100000,19,0.00019,78,0.00078
-40,-2,4,100000,47,0.00047,90,0.0009
-40,-2,5,100000,26,0.00026,60,0.0006
-40,-1,0,100000,40,0.0004,83,0.00083
-40,-1,1,100000,35,0.00035,81,0.00081
-40,-1,2,100000,43,0.00043,84,0.00084
-40,-1,3,100000,42,0.00042,67,0.00067
-40,-1,4,100000,38,0.00038,82,0.00082
-40,-1,5,100000,34,0.00034,72,0.00072
-40,0,0,100000,64,0.00064,81,0.00081
-40,0,1,100000,42,0.00042,68,0.00068
-40,0,2,100000,29,0.00029,65,0.00065
-40,0,3,100000,14,0.00014,73,0.00073
-40,0,4,100000,31,0.00031,66,0.00066
-40,0,5,100000,46,0.00046,77,0.00077
-40,1,0,100000,34,0.00034,70,0.0007
-40,1,1,100000,22,0.00022,76,0.00076
-40,1,2,100000,49,0.00049,81,0.00081
-40,1,3,100000,34,0.00034,65,0.00065
-40,1,4,100000,50,0.0005,82,0.00082
-40,1,5,100000,29,0.00029,76,0.00076
-40,2,0,100000,31,0.00031,75,0.00075
-40,2,1,100000,27,0.00027,85,0.00085
-40,2,2,100000,19,0.00019,73,0.00073
-40,2,3,100000,32,0.00032,75,0.00075
-40,2,4,100000,20,0.0002,85,0.00085
-40,2,5,100000,17,0.00017,72,0.00072
-40,3,0,100000,21,0.00021,65,0.00065
-40,3,1,100000,35,0.00035,75,0.00075
-40,3,2,100000,24,0.00024,61,0.00061
-40,3,3,100000,36,0.00036,67,0.00067
-40,3,4,100000,32,0.00032,78,0.00078
-40,3,5,100000,21,0.00021,72,0.00072
-40,4,0,100000,19,0.00019,73,0.00073
-40,4,1,100000,40,0.0004,73,0.00073
-40,4,2,100000,20,0.0002,89,0.00089
-40,4,3,100000,48,0.00048,77,0.00077
-40,4,4,100000,26,0.00026,64,0.00064
-40,4,5,100000,40,0.0004,68,0.00068
-40,5,0,100000,16,0.00016,54,0.00054
-40,5,1,100000,53,0.00053,91,0.00091
-40,5,2,100000,31,0.00031,84,0.00084
-40,5,3,100000,42,0.00042,79,0.00079
-40,5,4,100000,31,0.00031,66,0.00066
-40,5,5,100000,20,0.0002,68,0.00068
-40,6,0,100000,42,0.00042,80,0.0008
-40,6,1,100000,34,0.00034,88,0.00088
-40,6,2,100000,25,0.00025,75,0.00075
-40,6,3,100000,29,0.00029,78,0.00078
-40,6,4,100000,52,0.00052,67,0.00067
-40,6,5,100000,28,0.00028,79,0.00079
-40,7,0,100000,53,0.00053,81,0.00081
-40,7,1,100000,28,0.00028,84,0.00084
-40,7,2,100000,31,0.00031,73,0.00073
-40,7,3,100000,34,0.00034,81,0.00081
-40,7,4,100000,29,0.00029,74,0.00074
-40,7,5,100000,25,0.00025,62,0.00062
-40,8,0,100000,37,0.00037,75,0.00075
-40,8,1,100000,15,0.00015,56,0.00056
-40,8,2,100000,28,0.00028,66,0.00066
-40,8,3,100000,31,0.00031,66,0.00066
-40,8,4,100000,23,0.00023,50,0.0005
-40,8,5,100000,24,0.00024,75,0.00075
-40,9,0,100000,31,0.00031,73,0.00073
-40,9,1,100000,31,0.00031,70,0.0007
-40,9,2,100000,39,0.00039,62,0.00062
-40,9,3,100000,29,0.00029,68,0.00068
-40,9,4,100000,27,0.00027,78,0.00078
-40,9,5,100000,30,0.0003,88,0.00088
-40,10,0,100000,38,0.00038,85,0.00085
-40,10,1,100000,38,0.00038,89,0.00089
-40,10,2,100000,52,0.00052,70,0.0007
-40,10,3,100000,40,0.0004,69,0.00069
-40,10,4,100000,33,0.00033,75,0.00075
-40,10,5,100000,50,0.0005,84,0.00084
-40,11,0,100000,31,0.00031,76,0.00076
-40,11,1,100000,25,0.00025,58,0.00058
-40,11,2,100000,30,0.0003,66,0.00066
-40,11,3,100000,16,0.00016,71,0.00071
-40,11,4,100000,26,0.00026,69,0.00069
-40,11,5,100000,29,0.00029,77,0.00077
-40,12,0,100000,32,0.00032,62,0.00062
-40,12,1,100000,34,0.00034,78,0.00078
-40,12,2,100000,48,0.00048,81,0.00081
-40,12,3,100000,39,0.00039,66,0.00066
-40,12,4,100000,24,0.00024,78,0.00078
-40,12,5,100000,20,0.0002,74,0.00074
-40,13,0,100000,13,0.00013,61,0.00061
-40,13,1,100000,32,0.00032,59,0.00059
-40,13,2,100000,28,0.00028,65,0.00065
-40,13,3,100000,21,0.00021,74,0.00074
-40,13,4,100000,35,0.00035,69,0.00069
-40,13,5,100000,33,0.00033,63,0.00063
-40,14,0,100000,43,0.00043,71,0.00071
-40,14,1,100000,40,0.0004,69,0.00069
-40,14,2,100000,31,0.00031,62,0.00062
-40,14,3,100000,34,0.00034,67,0.00067
-40,14,4,100000,35,0.00035,80,0.0008
-40,14,5,100000,27,0.00027,57,0.00057
-40,15,0,100000,16,0.00016,76,0.00076
-40,15,1,100000,35,0.00035,82,0.00082
-40,15,2,100000,24,0.00024,79,0.00079
-40,15,3,100000,41,0.00041,85,0.00085
-40,15,4,100000,38,0.00038,80,0.0008
-40,15,5,100000,26,0.00026,71,0.00071
-40,16,0,100000,40,0.0004,89,0.00089
-40,16,1,100000,28,0.00028,78,0.00078
-40,16,2,100000,46,0.00046,73,0.00073
-40,16,3,100000,13,0.00013,74,0.00074
-40,16,4,100000,34,0.00034,70,0.0007
-40,16,5,100000,27,0.00027,84,0.00084
-40,17,0,100000,26,0.00026,72,0.00072
-40,17,1,100000,27,0.00027,66,0.00066
-40,17,2,100000,27,0.00027,74,0.00074
-40,17,3,100000,33,0.00033,81,0.00081
-40,17,4,100000,26,0.00026,63,0.00063
-40,17,5,100000,35,0.00035,63,0.00063
-40,18,0,100000,31,0.00031,65,0.00065
-40,18,1,100000,21,0.00021,54,0.00054
-40,18,2,100000,37,0.00037,88,0.00088
-40,18,3,100000,34,0.00034,81,0.00081
-40,18,4,100000,29,0.00029,69,0.00069
-40,18,5,100000,35,0.00035,80,0.0008
-40,19,0,100000,27,0.00027,75,0.00075
-40,19,1,100000,29,0.00029,74,0.00074
-40,19,2,100000,33,0.00033,68,0.00068
-40,19,3,100000,27,0.00027,74,0.00074
-40,19,4,100000,41,0.00041,77,0.00077
-40,19,5,100000,37,0.00037,78,0.00078
-40,20,0,100000,37,0.00037,71,0.00071
-40,20,1,100000,43,0.00043,73,0.00073
-40,20,2,100000,42,0.00042,56,0.00056
-40,20,3,100000,26,0.00026,67,0.00067
-40,20,4,100000,28,0.00028,61,0.00061
-40,20,5,100000,43,0.00043,76,0.00076
-40,21,0,100000,20,0.0002,57,0.00057
-40,21,1,100000,22,0.00022,70,0.0007
-40,21,2,100000,31,0.00031,61,0.00061
-40,21,3,100000,38,0.00038,75,0.00075
-40,21,4,100000,29,0.00029,76,0.00076
-40,21,5,100000,25,0.00025,55,0.00055
-40,22,0,100000,26,0.00026,74,0.00074
-40,22,1,100000,21,0.00021,76,0.00076
-40,22,2,100000,26,0.00026,73,0.00073
-40,22,3,100000,27,0.00027,74,0.00074
-40,22,4,100000,30,0.0003,78,0.00078
-40,22,5,100000,27,0.00027,68,0.00068
-40,23,0,100000,45,0.00045,82,0.00082
-40,23,1,100000,34,0.00034,73,0.00073
-40,23,2,100000,27,0.00027,55,0.00055
-40,23,3,100000,31,0.00031,81,0.00081
-40,23,4,100000,29,0.00029,81,0.00081
-40,23,5,100000,26,0.00026,83,0.00083
-40,24,0,100000,23,0.00023,69,0.00069
-40,24,1,100000,27,0.00027,66,0.00066
-40,24,2,100000,25,0.00025,59,0.00059
-40,24,3,100000,20,0.0002,54,0.00054
-40,24,4,100000,34,0.00034,73,0.00073
-40,24,5,100000,24,0.00024,83,0.00083
-40,25,0,100000,20,0.0002,64,0.00064
-40,25,1,100000,39,0.00039,70,0.0007
-40,25,2,100000,14,0.00014,63,0.00063
-40,25,3,100000,30,0.0003,75,0.00075
-40,25,4,100000,28,0.00028,64,0.00064
-40,25,5,100000,20,0.0002,76,0.00076
-40,26,0,100000,28,0.00028,77,0.00077
-40,26,1,100000,41,0.00041,77,0.00077
-40,26,2,100000,32,0.00032,91,0.00091
-40,26,3,100000,27,0.00027,78,0.00078
-40,26,4,100000,36,0.00036,87,0.00087
-40,26,5,100000,34,0.00034,90,0.0009
-40,27,0,100000,45,0.00045,76,0.00076
-40,27,1,100000,27,0.00027,68,0.00068
-40,27,2,100000,68,0.00068,76,0.00076
-40,27,3,100000,24,0.00024,60,0.0006
-40,27,4,100000,37,0.00037,84,0.00084
-40,27,5,100000,25,0.00025,73,0.00073
-40,28,0,100000,23,0.00023,65,0.00065
-40,28,1,100000,35,0.00035,75,0.00075
-40,28,2,100000,25,0.00025,70,0.0007
-40,28,3,100000,23,0.00023,67,0.00067
-40,28,4,100000,27,0.00027,91,0.00091
-40,28,5,100000,28,0.00028,77,0.00077
-40,29,0,100000,28,0.00028,70,0.0007
-40,29,1,100000,34,0.00034,75,0.00075
-40,29,2,100000,35,0.00035,68,0.00068
-40,29,3,100000,40,0.0004,80,0.0008
-40,29,4,100000,27,0.00027,76,0.00076
-40,29,5,100000,32,0.00032,65,0.00065
-40,30,0,100000,26,0.00026,76,0.00076
-40,30,1,100000,28,0.00028,80,0.0008
-40,30,2,100000,30,0.0003,85,0.00085
-40,30,3,100000,27,0.00027,68,0.00068
-40,30,4,100000,31,0.00031,86,0.00086
-40,30,5,100000,30,0.0003,69,0.00069
-40,31,0,100000,41,0.00041,82,0.00082
-40,31,1,100000,44,0.00044,72,0.00072
-40,31,2,100000,42,0.00042,83,0.00083
-40,31,3,100000,25,0.00025,65,0.00065
-40,31,4,100000,29,0.00029,76,0.00076
-40,31,5,100000,22,0.00022,78,0.00078
-40,32,0,100000,16,0.00016,64,0.00064
-40,32,1,100000,27,0.00027,62,0.00062
-40,32,2,100000,20,0.0002,59,0.00059
-40,32,3,100000,18,0.00018,59,0.00059
-40,32,4,100000,23,0.00023,62,0.00062
-40,32,5,100000,28,0.00028,66,0.00066
-40,33,0,100000,26,0.00026,60,0.0006
-40,33,1,100000,23,0.00023,68,0.00068
-40,33,2,100000,21,0.00021,67,0.00067
-40,33,3,100000,33,0.00033,80,0.0008
-40,33,4,100000,21,0.00021,68,0.00068
-40,33,5,100000,21,0.00021,61,0.00061
-40,34,0,100000,54,0.00054,82,0.00082
-40,34,1,100000,42,0.00042,69,0.00069
-40,34,2,100000,28,0.00028,73,0.00073
-40,34,3,100000,26,0.00026,69,0.00069
-40,34,4,100000,31,0.00031,71,0.00071
-40,34,5,100000,29,0.00029,66,0.00066
-40,35,0,100000,28,0.00028,72,0.00072
-40,35,1,100000,46,0.00046,70,0.0007
-40,35,2,100000,37,0.00037,71,0.00071
-40,35,3,100000,39,0.00039,78,0.00078
-40,35,4,100000,26,0.00026,59,0.00059
-40,35,5,100000,37,0.00037,79,0.00079
-40,36,0,100000,36,0.00036,74,0.00074
-40,36,1,100000,29,0.00029,67,0.00067
-40,36,2,100000,27,0.00027,66,0.00066
-40,36,3,100000,30,0.0003,78,0.00078
-40,36,4,100000,25,0.00025,62,0.00062
-40,36,5,100000,20,0.0002,63,0.00063
-40,37,0,100000,30,0.0003,77,0.00077
-40,37,1,100000,31,0.00031,69,0.00069
-40,37,2,100000,28,0.00028,70,0.0007
-40,37,3,100000,30,0.0003,70,0.0007
-40,37,4,100000,25,0.00025,69,0.00069
-40,37,5,100000,29,0.00029,75,0.00075
-40,38,0,100000,34,0.00034,76,0.00076
-40,38,1,100000,32,0.00032,74,0.00074
-40,38,2,100000,23,0.00023,66,0.00066
-40,38,3,100000,28,0.00028,70,0.0007
-40,38,4,100000,25,0.00025,75,0.00075
-40,38,5,100000,36,0.00036,77,0.00077
-40,39,0,100000,31,0.00031,71,0.00071
-40,39,1,100000,38,0.00038,73,0.00073
-40,39,2,100000,33,0.00033,80,0.0008
-40,39,3,100000,22,0.00022,86,0.00086
-40,39,4,100000,28,0.00028,63,0.00063
-40,39,5,100000,50,0.0005,66,0.00066
-40,40,0,100000,28,0.00028,81,0.00081
-40,40,1,100000,21,0.00021,87,0.00087
-40,40,2,100000,35,0.00035,78,0.00078
-40,40,3,100000,42,0.00042,70,0.0007
-40,40,4,100000,31,0.00031,69,0.00069
-40,40,5,100000,35,0.00035,82,0.00082
-40,41,0,100000,33,0.00033,78,0.00078
-40,41,1,100000,23,0.00023,72,0.00072
-40,41,2,100000,30,0.0003,76,0.00076
-40,41,3,100000,27,0.00027,74,0.00074
-40,41,4,100000,26,0.00026,72,0.00072
-40,41,5,100000,47,0.00047,86,0.00086
-40,42,0,100000,46,0.00046,76,0.00076
-40,42,1,100000,19,0.00019,62,0.00062
-40,42,2,100000,23,0.00023,67,0.00067
-40,42,3,100000,23,0.00023,67,0.00067
-40,42,4,100000,35,0.00035,83,0.00083
-40,42,5,100000,31,0.00031,58,0.00058
-40,43,0,100000,29,0.00029,58,0.00058
-40,43,1,100000,15,0.00015,64,0.00064
-40,43,2,100000,31,0.00031,75,0.00075
-40,43,3,100000,27,0.00027,65,0.00065
-40,43,4,100000,24,0.00024,62,0.00062
-40,43,5,100000,17,0.00017,62,0.00062
-40,44,0,100000,24,0.00024,57,0.00057
-40,44,1,100000,33,0.00033,76,0.00076
-40,44,2,100000,22,0.00022,77,0.00077
-40,44,3,100000,21,0.00021,84,0.00084
-40,44,4,100000,20,0.0002,67,0.00067
-40,44,5,100000,26,0.00026,70,0.0007
-40,45,0,100000,35,0.00035,80,0.0008
-40,45,1,100000,30,0.0003,64,0.00064
-40,45,2,100000,15,0.00015,53,0.00053
-40,45,3,100000,36,0.00036,75,0.00075
-40,45,4,100000,25,0.00025,71,0.00071
-40,45,5,100000,19,0.00019,66,0.00066
-40,46,0,100000,39,0.00039,80,0.0008
-40,46,1,100000,25,0.00025,71,0.00071
-40,46,2,100000,37,0.00037,72,0.00072
-40,46,3,100000,35,0.00035,80,0.0008
-40,46,4,100000,38,0.00038,74,0.00074
-40,46,5,100000,21,0.00021,79,0.00079
-40,47,0,100000,48,0.00048,73,0.00073
-40,47,1,100000,31,0.00031,72,0.00072
-40,47,2,100000,37,0.00037,79,0.00079
-40,47,3,100000,24,0.00024,87,0.00087
-40,47,4,100000,36,0.00036,93,0.00093
-40,47,5,100000,42,0.00042,84,0.00084
-40,48,0,100000,27,0.00027,67,0.00067
-40,48,1,100000,17,0.00017,65,0.00065
-40,48,2,100000,21,0.00021,77,0.00077
-40,48,3,100000,19,0.00019,65,0.00065
-40,48,4,100000,26,0.00026,67,0.00067
-40,48,5,100000,35,0.00035,93,0.00093
-40,49,0,100000,23,0.00023,79,0.00079
-40,49,1,100000,58,0.00058,86,0.00086
-40,49,2,100000,26,0.00026,59,0.00059
-40,49,3,100000,23,0.00023,73,0.00073
-40,49,4,100000,26,0.00026,71,0.00071
-40,49,5,100000,20,0.0002,71,0.00071
-40,50,0,100000,19,0.00019,74,0.00074
-40,50,1,100000,32,0.00032,69,0.00069
-40,50,2,100000,25,0.00025,69,0.00069
-40,50,3,100000,50,0.0005,73,0.00073
-40,50,4,100000,27,0.00027,86,0.00086
-40,50,5,100000,32,0.00032,79,0.00079
-39,-50,0,100000,34,0.00034,73,0.00073
-39,-50,1,100000,20,0.0002,69,0.00069
-39,-50,2,100000,27,0.00027,90,0.0009
-39,-50,3,100000,44,0.00044,77,0.00077
-39,-50,4,100000,39,0.00039,79,0.00079
-39,-50,5,100000,30,0.0003,62,0.00062
-39,-49,0,100000,59,0.00059,73,0.00073
-39,-49,1,100000,39,0.00039,60,0.0006
-39,-49,2,100000,24,0.00024,64,0.00064
-39,-49,3,100000,23,0.00023,68,0.00068
-39,-49,4,100000,27,0.00027,71,0.00071
-39,-49,5,100000,29,0.00029,65,0.00065
-39,-48,0,100000,28,0.00028,68,0.00068
-39,-48,1,100000,30,0.0003,78,0.00078
-39,-48,2,100000,48,0.00048,76,0.00076
-39,-48,3,100000,27,0.00027,67,0.00067
-39,-48,4,100000,64,0.00064,75,0.00075
-39,-48,5,100000,49,0.00049,86,0.00086
-39,-47,0,100000,27,0.00027,82,0.00082
-39,-47,1,100000,26,0.00026,65,0.00065
-39,-47,2,100000,29,0.00029,73,0.00073
-39,-47,3,100000,43,0.00043,82,0.00082
-39,-47,4,100000,17,0.00017,72,0.00072
-39,-47,5,100000,29,0.00029,77,0.00077
-39,-46,0,100000,38,0.00038,68,0.00068
-39,-46,1,100000,22,0.00022,74,0.00074
-39,-46,2,100000,33,0.00033,76,0.00076
-39,-46,3,100000,38,0.00038,83,0.00083
-39,-46,4,100000,35,0.00035,76,0.00076
-39,-46,5,100000,22,0.00022,62,0.00062
-39,-45,0,100000,18,0.00018,74,0.00074
-39,-45,1,100000,27,0.00027,69,0.00069
-39,-45,2,100000,24,0.00024,68,0.00068
-39,-45,3,100000,17,0.00017,65,0.00065
-39,-45,4,100000,32,0.00032,73,0.00073
-39,-45,5,100000,32,0.00032,73,0.00073
-39,-44,0,100000,16,0.00016,53,0.00053
-39,-44,1,100000,28,0.00028,69,0.00069
-39,-44,2,100000,12,0.00012,61,0.00061
-39,-44,3,100000,32,0.00032,67,0.00067
-39,-44,4,100000,30,0.0003,83,0.00083
-39,-44,5,100000,28,0.00028,62,0.00062
-39,-43,0,100000,23,0.00023,73,0.00073
-39,-43,1,100000,61,0.00061,90,0.0009
-39,-43,2,100000,46,0.00046,73,0.00073
-39,-43,3,100000,33,0.00033,77,0.00077
-39,-43,4,100000,15,0.00015,64,0.00064
-39,-43,5,100000,34,0.00034,59,0.00059
-39,-42,0,100000,34,0.00034,66,0.00066
-39,-42,1,100000,34,0.00034,73,0.00073
-39,-42,2,100000,33,0.00033,67,0.00067
-39,-42,3,100000,25,0.00025,61,0.00061
-39,-42,4,100000,29,0.00029,60,0.0006
-39,-42,5,100000,22,0.00022,60,0.0006
-39,-41,0,100000,15,0.00015,75,0.00075
-39,-41,1,100000,28,0.00028,77,0.00077
-39,-41,2,100000,10,0.0001,68,0.00068
-39,-41,3,100000,25,0.00025,72,0.00072
-39,-41,4,100000,35,0.00035,72,0.00072
-39,-41,5,100000,30,0.0003,65,0.00065
-39,-40,0,100000,25,0.00025,65,0.00065
-39,-40,1,100000,33,0.00033,80,0.0008
-39,-40,2,100000,44,0.00044,68,0.00068
-39,-40,3,100000,13,0.00013,70,0.0007
-39,-40,4,100000,48,0.00048,90,0.0009
-39,-40,5,100000,26,0.00026,76,0.00076
-39,-39,0,100000,16,0.00016,62,0.00062
-39,-39,1,100000,31,0.00031,76,0.00076
-39,-39,2,100000,51,0.00051,77,0.00077
-39,-39,3,100000,40,0.0004,86,0.00086
-39,-39,4,100000,33,0.00033,63,0.00063
-39,-39,5,100000,20,0.0002,67,0.00067
-39,-38,0,100000,29,0.00029,58,0.00058
-39,-38,1,100000,21,0.00021,70,0.0007
-39,-38,2,100000,19,0.00019,60,0.0006
-39,-38,3,100000,32,0.00032,70,0.0007
-39,-38,4,100000,35,0.00035,59,0.00059
-39,-38,5,100000,35,0.00035,66,0.00066
-39,-37,0,100000,38,0.00038,85,0.00085
-39,-37,1,100000,60,0.0006,76,0.00076
-39,-37,2,100000,21,0.00021,73,0.00073
-39,-37,3,100000,31,0.00031,85,0.00085
-39,-37,4,100000,22,0.00022,85,0.00085
-39,-37,5,100000,20,0.0002,59,0.00059
-39,-36,0,100000,35,0.00035,71,0.00071
-39,-36,1,100000,50,0.0005,75,0.00075
-39,-36,2,100000,32,0.00032,69,0.00069
-39,-36,3,100000,30,0.0003,73,0.00073
-39,-36,4,100000,37,0.00037,66,0.00066
-39,-36,5,100000,32,0.00032,80,0.0008
-39,-35,0,100000,36,0.00036,90,0.0009
-39,-35,1,100000,23,0.00023,71,0.00071
-39,-35,2,100000,21,0.00021,74,0.00074
-39,-35,3,100000,42,0.00042,79,0.00079
-39,-35,4,100000,23,0.00023,71,0.00071
-39,-35,5,100000,17,0.00017,80,0.0008
-39,-34,0,100000,28,0.00028,75,0.00075
-39,-34,1,100000,24,0.00024,54,0.00054
-39,-34,2,100000,47,0.00047,72,0.00072
-39,-34,3,100000,33,0.00033,75,0.00075
-39,-34,4,100000,21,0.00021,72,0.00072
-39,-34,5,100000,21,0.00021,66,0.00066
-39,-33,0,100000,40,0.0004,95,0.00095
-39,-33,1,100000,43,0.00043,94,0.00094
-39,-33,2,100000,27,0.00027,85,0.00085
-39,-33,3,100000,54,0.00054,78,0.00078
-39,-33,4,100000,29,0.00029,73,0.00073
-39,-33,5,100000,26,0.00026,65,0.00065
-39,-32,0,100000,30,0.0003,80,0.0008
-39,-32,1,100000,34,0.00034,88,0.00088
-39,-32,2,100000,30,0.0003,78,0.00078
-39,-32,3,100000,31,0.00031,67,0.00067
-39,-32,4,100000,28,0.00028,67,0.00067
-39,-32,5,100000,29,0.00029,83,0.00083
-39,-31,0,100000,26,0.00026,67,0.00067
-39,-31,1,100000,42,0.00042,87,0.00087
-39,-31,2,100000,33,0.00033,80,0.0008
-39,-31,3,100000,29,0.00029,66,0.00066
-39,-31,4,100000,25,0.00025,77,0.00077
-39,-31,5,100000,26,0.00026,70,0.0007
-39,-30,0,100000,20,0.0002,67,0.00067
-39,-30,1,100000,33,0.00033,82,0.00082
-39,-30,2,100000,20,0.0002,74,0.00074
-39,-30,3,100000,19,0.00019,59,0.00059
-39,-30,4,100000,13,0.00013,75,0.00075
-39,-30,5,100000,18,0.00018,52,0.00052
-39,-29,0,100000,24,0.00024,82,0.00082
-39,-29,1,100000,44,0.00044,74,0.00074
-39,-29,2,100000,28,0.00028,84,0.00084
-39,-29,3,100000,25,0.00025,64,0.00064
-39,-29,4,100000,56,0.00056,87,0.00087
-39,-29,5,100000,19,0.00019,61,0.00061
-39,-28,0,100000,32,0.00032,67,0.00067
-39,-28,1,100000,34,0.00034,58,0.00058
-39,-28,2,100000,24,0.00024,75,0.00075
-39,-28,3,100000,26,0.00026,74,0.00074
-39,-28,4,100000,17,0.00017,80,0.0008
-39,-28,5,100000,34,0.00034,60,0.0006
-39,-27,0,100000,33,0.00033,70,0.0007
-39,-27,1,100000,26,0.00026,64,0.00064
-39,-27,2,100000,36,0.00036,70,0.0007
-39,-27,3,100000,36,0.00036,78,0.00078
-39,-27,4,100000,29,0.00029,78,0.00078
-39,-27,5,100000,27,0.00027,82,0.00082
-39,-26,0,100000,36,0.00036,76,0.00076
-39,-26,1,100000,45,0.00045,75,0.00075
-39,-26,2,100000,37,0.00037,67,0.00067
-39,-26,3,100000,32,0.00032,87,0.00087
-39,-26,4,100000,22,0.00022,73,0.00073
-39,-26,5,100000,36,0.00036,74,0.00074
-39,-25,0,100000,52,0.00052,77,0.00077
-39,-25,1,100000,27,0.00027,74,0.00074
-39,-25,2,100000,46,0.00046,71,0.00071
-39,-25,3,100000,24,0.00024,89,0.00089
-39,-25,4,100000,33,0.00033,66,0.00066
-39,-25,5,100000,34,0.00034,72,0.00072
-39,-24,0,100000,42,0.00042,83,0.00083
-39,-24,1,100000,31,0.00031,58,0.00058
-39,-24,2,100000,31,0.00031,69,0.00069
-39,-24,3,100000,30,0.0003,66,0.00066
-39,-24,4,100000,47,0.00047,93,0.00093
-39,-24,5,100000,21,0.00021,67,0.00067
-39,-23,0,100000,28,0.00028,68,0.00068
-39,-23,1,100000,34,0.00034,71,0.00071
-39,-23,2,100000,22,0.00022,81,0.00081
-39,-23,3,100000,31,0.00031,73,0.00073
-39,-23,4,100000,41,0.00041,53,0.00053
-39,-23,5,100000,37,0.00037,62,0.00062
-39,-22,0,100000,47,0.00047,85,0.00085
-39,-22,1,100000,38,0.00038,73,0.00073
-39,-22,2,100000,38,0.00038,77,0.00077
-39,-22,3,100000,18,0.00018,63,0.00063
-39,-22,4,100000,29,0.00029,69,0.00069
-39,-22,5,100000,55,0.00055,84,0.00084
-39,-21,0,100000,20,0.0002,72,0.00072
-39,-21,1,100000,15,0.00015,75,0.00075
-39,-21,2,100000,22,0.00022,79,0.00079
-39,-21,3,100000,29,0.00029,69,0.00069
-39,-21,4,100000,25,0.00025,69,0.00069
-39,-21,5,100000,38,0.00038,78,0.00078
-39,-20,0,100000,37,0.00037,80,0.0008
-39,-20,1,100000,29,0.00029,64,0.00064
-39,-20,2,100000,25,0.00025,90,0.0009
-39,-20,3,100000,19,0.00019,71,0.00071
-39,-20,4,100000,18,0.00018,65,0.00065
-39,-20,5,100000,44,0.00044,94,0.00094
-39,-19,0,100000,32,0.00032,65,0.00065
-39,-19,1,100000,31,0.00031,68,0.00068
-39,-19,2,100000,27,0.00027,68,0.00068
-39,-19,3,100000,32,0.00032,67,0.00067
-39,-19,4,100000,21,0.00021,75,0.00075
-39,-19,5,100000,18,0.00018,75,0.00075
-39,-18,0,100000,33,0.00033,77,0.00077
-39,-18,1,100000,34,0.00034,57,0.00057
-39,-18,2,100000,35,0.00035,75,0.00075
-39,-18,3,100000,38,0.00038,76,0.00076
-39,-18,4,100000,28,0.00028,70,0.0007
-39,-18,5,100000,21,0.00021,55,0.00055
-39,-17,0,100000,29,0.00029,77,0.00077
-39,-17,1,100000,23,0.00023,69,0.00069
-39,-17,2,100000,32,0.00032,94,0.00094
-39,-17,3,100000,29,0.00029,63,0.00063
-39,-17,4,100000,19,0.00019,60,0.0006
-39,-17,5,100000,32,0.00032,79,0.00079
-39,-16,0,100000,22,0.00022,84,0.00084
-39,-16,1,100000,23,0.00023,70,0.0007
-39,-16,2,100000,37,0.00037,65,0.00065
-39,-16,3,100000,40,0.0004,97,0.00097
-39,-16,4,100000,31,0.00031,72,0.00072
-39,-16,5,100000,31,0.00031,65,0.00065
-39,-15,0,100000,45,0.00045,81,0.00081
-39,-15,1,100000,40,0.0004,74,0.00074
-39,-15,2,100000,15,0.00015,69,0.00069
-39,-15,3,100000,29,0.00029,72,0.00072
-39,-15,4,100000,22,0.00022,71,0.00071
-39,-15,5,100000,19,0.00019,70,0.0007
-39,-14,0,100000,23,0.00023,73,0.00073
-39,-14,1,100000,37,0.00037,75,0.00075
-39,-14,2,100000,31,0.00031,81,0.00081
-39,-14,3,100000,28,0.00028,77,0.00077
-39,-14,4,100000,29,0.00029,66,0.00066
-39,-14,5,100000,22,0.00022,70,0.0007
-39,-13,0,100000,16,0.00016,77,0.00077
-39,-13,1,100000,40,0.0004,89,0.00089
-39,-13,2,100000,29,0.00029,75,0.00075
-39,-13,3,100000,27,0.00027,61,0.00061
-39,-13,4,100000,30,0.0003,72,0.00072
-39,-13,5,100000,42,0.00042,69,0.00069
-39,-12,0,100000,31,0.00031,75,0.00075
-39,-12,1,100000,27,0.00027,72,0.00072
-39,-12,2,100000,32,0.00032,76,0.00076
-39,-12,3,100000,22,0.00022,67,0.00067
-39,-12,4,100000,28,0.00028,70,0.0007
-39,-12,5,100000,23,0.00023,61,0.00061
-39,-11,0,100000,34,0.00034,78,0.00078
-39,-11,1,100000,27,0.00027,71,0.00071
-39,-11,2,100000,25,0.00025,68,0.00068
-39,-11,3,100000,22,0.00022,71,0.00071
-39,-11,4,100000,13,0.00013,66,0.00066
-39,-11,5,100000,23,0.00023,77,0.00077
-39,-10,0,100000,29,0.00029,74,0.00074
-39,-10,1,100000,21,0.00021,56,0.00056
-39,-10,2,100000,33,0.00033,70,0.0007
-39,-10,3,100000,43,0.00043,80,0.0008
-39,-10,4,100000,30,0.0003,69,0.00069
-39,-10,5,100000,47,0.00047,89,0.00089
-39,-9,0,100000,53,0.00053,72,0.00072
-39,-9,1,100000,22,0.00022,64,0.00064
-39,-9,2,100000,38,0.00038,68,0.00068
-39,-9,3,100000,26,0.00026,77,0.00077
-39,-9,4,100000,37,0.00037,61,0.00061
-39,-9,5,100000,30,0.0003,71,0.00071
-39,-8,0,100000,32,0.00032,64,0.00064
-39,-8,1,100000,25,0.00025,69,0.00069
-39,-8,2,100000,55,0.00055,85,0.00085
-39,-8,3,100000,32,0.00032,81,0.00081
-39,-8,4,100000,46,0.00046,86,0.00086
-39,-8,5,100000,22,0.00022,80,0.0008
-39,-7,0,100000,14,0.00014,61,0.00061
-39,-7,1,100000,24,0.00024,84,0.00084
-39,-7,2,100000,45,0.00045,81,0.00081
-39,-7,3,100000,25,0.00025,73,0.00073
-39,-7,4,100000,34,0.00034,96,0.00096
-39,-7,5,100000,28,0.00028,67,0.00067
-39,-6,0,100000,49,0.00049,83,0.00083
-39,-6,1,100000,27,0.00027,76,0.00076
-39,-6,2,100000,27,0.00027,87,0.00087
-39,-6,3,100000,41,0.00041,63,0.00063
-39,-6,4,100000,33,0.00033,82,0.00082
-39,-6,5,100000,37,0.00037,96,0.00096
-39,-5,0,100000,35,0.00035,53,0.00053
-39,-5,1,100000,33,0.00033,71,0.00071
-39,-5,2,100000,34,0.00034,73,0.00073
-39,-5,3,100000,26,0.00026,70,0.0007
-39,-5,4,100000,39,0.00039,75,0.00075
-39,-5,5,100000,37,0.00037,61,0.00061
-39,-4,0,100000,25,0.00025,57,0.00057
-39,-4,1,100000,28,0.00028,77,0.00077
-39,-4,2,100000,21,0.00021,75,0.00075
-39,-4,3,100000,32,0.00032,71,0.00071
-39,-4,4,100000,23,0.00023,58,0.00058
-39,-4,5,100000,34,0.00034,76,0.00076
-39,-3,0,100000,38,0.00038,72,0.00072
-39,-3,1,100000,25,0.00025,75,0.00075
-39,-3,2,100000,23,0.00023,66,0.00066
-39,-3,3,100000,38,0.00038,79,0.00079
-39,-3,4,100000,20,0.0002,60,0.0006
-39,-3,5,100000,21,0.00021,64,0.00064
-39,-2,0,100000,24,0.00024,77,0.00077
-39,-2,1,100000,29,0.00029,90,0.0009
-39,-2,2,100000,31,0.00031,83,0.00083
-39,-2,3,100000,29,0.00029,66,0.00066
-39,-2,4,100000,36,0.00036,84,0.00084
-39,-2,5,100000,28,0.00028,71,0.00071
-39,-1,0,100000,20,0.0002,72,0.00072
-39,-1,1,100000,32,0.00032,69,0.00069
-39,-1,2,100000,38,0.00038,76,0.00076
-39,-1,3,100000,18,0.00018,71,0.00071
-39,-1,4,100000,27,0.00027,84,0.00084
-39,-1,5,100000,43,0.00043,74,0.00074
-39,0,0,100000,36,0.00036,73,0.00073
-39,0,1,100000,51,0.00051,73,0.00073
-39,0,2,100000,42,0.00042,82,0.00082
-39,0,3,100000,48,0.00048,87,0.00087
-39,0,4,100000,25,0.00025,89,0.00089
-39,0,5,100000,27,0.00027,86,0.00086
-39,1,0,100000,20,0.0002,72,0.00072
-39,1,1,100000,27,0.00027,65,0.00065
-39,1,2,100000,19,0.00019,67,0.00067
-39,1,3,100000,19,0.00019,69,0.00069
-39,1,4,100000,27,0.00027,66,0.00066
-39,1,5,100000,42,0.00042,61,0.00061
-39,2,0,100000,26,0.00026,64,0.00064
-39,2,1,100000,30,0.0003,73,0.00073
-39,2,2,100000,27,0.00027,71,0.00071
-39,2,3,100000,25,0.00025,75,0.00075
-39,2,4,100000,26,0.00026,68,0.00068
-39,2,5,100000,37,0.00037,76,0.00076
-39,3,0,100000,51,0.00051,71,0.00071
-39,3,1,100000,28,0.00028,74,0.00074
-39,3,2,100000,23,0.00023,54,0.00054
-39,3,3,100000,31,0.00031,72,0.00072
-39,3,4,100000,23,0.00023,77,0.00077
-39,3,5,100000,33,0.00033,77,0.00077
-39,4,0,100000,29,0.00029,80,0.0008
-39,4,1,100000,29,0.00029,71,0.00071
-39,4,2,100000,26,0.00026,81,0.00081
-39,4,3,100000,30,0.0003,56,0.00056
-39,4,4,100000,24,0.00024,59,0.00059
-39,4,5,100000,27,0.00027,66,0.00066
-39,5,0,100000,33,0.00033,67,0.00067
-39,5,1,100000,42,0.00042,83,0.00083
-39,5,2,100000,35,0.00035,72,0.00072
-39,5,3,100000,45,0.00045,81,0.00081
-39,5,4,100000,45,0.00045,69,0.00069
-39,5,5,100000,22,0.00022,63,0.00063
-39,6,0,100000,40,0.0004,86,0.00086
-39,6,1,100000,49,0.00049,67,0.00067
-39,6,2,100000,21,0.00021,80,0.0008
-39,6,3,100000,34,0.00034,77,0.00077
-39,6,4,100000,47,0.00047,76,0.00076
-39,6,5,100000,24,0.00024,65,0.00065
-39,7,0,100000,28,0.00028,68,0.00068
-39,7,1,100000,36,0.00036,64,0.00064
-39,7,2,100000,27,0.00027,67,0.00067
-39,7,3,100000,26,0.00026,73,0.00073
-39,7,4,100000,26,0.00026,79,0.00079
-39,7,5,100000,26,0.00026,86,0.00086
-39,8,0,100000,11,0.00011,63,0.00063
-39,8,1,100000,33,0.00033,82,0.00082
-39,8,2,100000,27,0.00027,74,0.00074
-39,8,3,100000,37,0.00037,70,0.0007
-39,8,4,100000,33,0.00033,72,0.00072
-39,8,5,100000,38,0.00038,71,0.00071
-39,9,0,100000,25,0.00025,59,0.00059
-39,9,1,100000,21,0.00021,61,0.00061
-39,9,2,100000,19,0.00019,71,0.00071
-39,9,3,100000,36,0.00036,71,0.00071
-39,9,4,100000,25,0.00025,72,0.00072
-39,9,5,100000,23,0.00023,82,0.00082
-39,10,0,100000,24,0.00024,76,0.00076
-39,10,1,100000,31,0.00031,58,0.00058
-39,10,2,100000,23,0.00023,80,0.0008
-39,10,3,100000,21,0.00021,71,0.00071
-39,10,4,100000,16,0.00016,70,0.0007
-39,10,5,100000,38,0.00038,68,0.00068
-39,11,0,100000,25,0.00025,66,0.00066
-39,11,1,100000,52,0.00052,89,0.00089
-39,11,2,100000,57,0.00057,87,0.00087
-39,11,3,100000,24,0.00024,68,0.00068
-39,11,4,100000,18,0.00018,57,0.00057
-39,11,5,100000,47,0.00047,80,0.0008
-39,12,0,100000,17,0.00017,72,0.00072
-39,12,1,100000,32,0.00032,99,0.00099
-39,12,2,100000,41,0.00041,76,0.00076
-39,12,3,100000,67,0.00067,95,0.00095
-39,12,4,100000,21,0.00021,68,0.00068
-39,12,5,100000,34,0.00034,71,0.00071
-39,13,0,100000,30,0.0003,76,0.00076
-39,13,1,100000,38,0.00038,69,0.00069
-39,13,2,100000,33,0.00033,68,0.00068
-39,13,3,100000,24,0.00024,70,0.0007
-39,13,4,100000,32,0.00032,82,0.00082
-39,13,5,100000,39,0.00039,78,0.00078
-39,14,0,100000,26,0.00026,73,0.00073
-39,14,1,100000,19,0.00019,58,0.00058
-39,14,2,100000,25,0.00025,77,0.00077
-39,14,3,100000,27,0.00027,67,0.00067
-39,14,4,100000,27,0.00027,79,0.00079
-39,14,5,100000,26,0.00026,68,0.00068
-39,15,0,100000,22,0.00022,78,0.00078
-39,15,1,100000,25,0.00025,66,0.00066
-39,15,2,100000,50,0.0005,83,0.00083
-39,15,3,100000,56,0.00056,69,0.00069
-39,15,4,100000,21,0.00021,68,0.00068
-39,15,5,100000,24,0.00024,61,0.00061
-39,16,0,100000,44,0.00044,75,0.00075
-39,16,1,100000,33,0.00033,68,0.00068
-39,16,2,100000,23,0.00023,76,0.00076
-39,16,3,100000,19,0.00019,73,0.00073
-39,16,4,100000,27,0.00027,71,0.00071
-39,16,5,100000,51,0.00051,90,0.0009
-39,17,0,100000,27,0.00027,82,0.00082
-39,17,1,100000,19,0.00019,72,0.00072
-39,17,2,100000,42,0.00042,61,0.00061
-39,17,3,100000,19,0.00019,80,0.0008
-39,17,4,100000,31,0.00031,58,0.00058
-39,17,5,100000,16,0.00016,70,0.0007
-39,18,0,100000,30,0.0003,63,0.00063
-39,18,1,100000,24,0.00024,63,0.00063
-39,18,2,100000,42,0.00042,73,0.00073
-39,18,3,100000,50,0.0005,81,0.00081
-39,18,4,100000,31,0.00031,75,0.00075
-39,18,5,100000,10,0.0001,68,0.00068
-39,19,0,100000,27,0.00027,55,0.00055
-39,19,1,100000,27,0.00027,76,0.00076
-39,19,2,100000,29,0.00029,59,0.00059
-39,19,3,100000,42,0.00042,80,0.0008
-39,19,4,100000,36,0.00036,70,0.0007
-39,19,5,100000,30,0.0003,62,0.00062
-39,20,0,100000,44,0.00044,69,0.00069
-39,20,1,100000,40,0.0004,65,0.00065
-39,20,2,100000,36,0.00036,64,0.00064
-39,20,3,100000,25,0.00025,77,0.00077
-39,20,4,100000,57,0.00057,90,0.0009
-39,20,5,100000,36,0.00036,64,0.00064
-39,21,0,100000,28,0.00028,75,0.00075
-39,21,1,100000,29,0.00029,67,0.00067
-39,21,2,100000,29,0.00029,64,0.00064
-39,21,3,100000,30,0.0003,73,0.00073
-39,21,4,100000,34,0.00034,65,0.00065
-39,21,5,100000,28,0.00028,77,0.00077
-39,22,0,100000,32,0.00032,59,0.00059
-39,22,1,100000,33,0.00033,72,0.00072
-39,22,2,100000,42,0.00042,74,0.00074
-39,22,3,100000,21,0.00021,80,0.0008
-39,22,4,100000,42,0.00042,82,0.00082
-39,22,5,100000,24,0.00024,55,0.00055
-39,23,0,100000,40,0.0004,79,0.00079
-39,23,1,100000,31,0.00031,74,0.00074
-39,23,2,100000,34,0.00034,79,0.00079
-39,23,3,100000,37,0.00037,68,0.00068
-39,23,4,100000,42,0.00042,88,0.00088
-39,23,5,100000,42,0.00042,70,0.0007
-39,24,0,100000,45,0.00045,67,0.00067
-39,24,1,100000,52,0.00052,74,0.00074
-39,24,2,100000,28,0.00028,68,0.00068
-39,24,3,100000,25,0.00025,71,0.00071
-39,24,4,100000,28,0.00028,55,0.00055
-39,24,5,100000,33,0.00033,69,0.00069
-39,25,0,100000,45,0.00045,78,0.00078
-39,25,1,100000,21,0.00021,75,0.00075
-39,25,2,100000,55,0.00055,81,0.00081
-39,25,3,100000,32,0.00032,72,0.00072
-39,25,4,100000,57,0.00057,87,0.00087
-39,25,5,100000,25,0.00025,66,0.00066
-39,26,0,100000,29,0.00029,80,0.0008
-39,26,1,100000,28,0.00028,86,0.00086
-39,26,2,100000,22,0.00022,78,0.00078
-39,26,3,100000,27,0.00027,65,0.00065
-39,26,4,100000,18,0.00018,80,0.0008
-39,26,5,100000,16,0.00016,66,0.00066
-39,27,0,100000,28,0.00028,64,0.00064
-39,27,1,100000,27,0.00027,71,0.00071
-39,27,2,100000,15,0.00015,59,0.00059
-39,27,3,100000,38,0.00038,74,0.00074
-39,27,4,100000,33,0.00033,69,0.00069
-39,27,5,100000,20,0.0002,64,0.00064
-39,28,0,100000,24,0.00024,72,0.00072
-39,28,1,100000,44,0.00044,76,0.00076
-39,28,2,100000,19,0.00019,79,0.00079
-39,28,3,100000,38,0.00038,73,0.00073
-39,28,4,100000,28,0.00028,65,0.00065
-39,28,5,100000,41,0.00041,73,0.00073
-39,29,0,100000,17,0.00017,56,0.00056
-39,29,1,100000,57,0.00057,96,0.00096
-39,29,2,100000,31,0.00031,80,0.0008
-39,29,3,100000,52,0.00052,81,0.00081
-39,29,4,100000,30,0.0003,70,0.0007
-39,29,5,100000,21,0.00021,74,0.00074
-39,30,0,100000,43,0.00043,76,0.00076
-39,30,1,100000,19,0.00019,82,0.00082
-39,30,2,100000,28,0.00028,70,0.0007
-39,30,3,100000,17,0.00017,74,0.00074
-39,30,4,100000,44,0.00044,58,0.00058
-39,30,5,100000,19,0.00019,70,0.0007
-39,31,0,100000,43,0.00043,80,0.0008
-39,31,1,100000,31,0.00031,79,0.00079
-39,31,2,100000,25,0.00025,81,0.00081
-39,31,3,100000,21,0.00021,82,0.00082
-39,31,4,100000,51,0.00051,78,0.00078
-39,31,5,100000,24,0.00024,70,0.0007
-39,32,0,100000,35,0.00035,77,0.00077
-39,32,1,100000,22,0.00022,67,0.00067
-39,32,2,100000,25,0.00025,66,0.00066
-39,32,3,100000,24,0.00024,70,0.0007
-39,32,4,100000,23,0.00023,50,0.0005
-39,32,5,100000,16,0.00016,66,0.00066
-39,33,0,100000,34,0.00034,74,0.00074
-39,33,1,100000,31,0.00031,62,0.00062
-39,33,2,100000,41,0.00041,71,0.00071
-39,33,3,100000,23,0.00023,66,0.00066
-39,33,4,100000,33,0.00033,86,0.00086
-39,33,5,100000,35,0.00035,95,0.00095
-39,34,0,100000,29,0.00029,86,0.00086
-39,34,1,100000,35,0.00035,91,0.00091
-39,34,2,100000,36,0.00036,65,0.00065
-39,34,3,100000,34,0.00034,64,0.00064
-39,34,4,100000,29,0.00029,69,0.00069
-39,34,5,100000,37,0.00037,74,0.00074
-39,35,0,100000,30,0.0003,76,0.00076
-39,35,1,100000,32,0.00032,65,0.00065
-39,35,2,100000,31,0.00031,71,0.00071
-39,35,3,100000,20,0.0002,70,0.0007
-39,35,4,100000,29,0.00029,62,0.00062
-39,35,5,100000,23,0.00023,63,0.00063
-39,36,0,100000,29,0.00029,60,0.0006
-39,36,1,100000,37,0.00037,72,0.00072
-39,36,2,100000,44,0.00044,82,0.00082
-39,36,3,100000,32,0.00032,62,0.00062
-39,36,4,100000,26,0.00026,78,0.00078
-39,36,5,100000,30,0.0003,85,0.00085
-39,37,0,100000,16,0.00016,63,0.00063
-39,37,1,100000,28,0.00028,69,0.00069
-39,37,2,100000,33,0.00033,61,0.00061
-39,37,3,100000,16,0.00016,67,0.00067
-39,37,4,100000,27,0.00027,67,0.00067
-39,37,5,100000,30,0.0003,53,0.00053
-39,38,0,100000,37,0.00037,62,0.00062
-39,38,1,100000,45,0.00045,70,0.0007
-39,38,2,100000,36,0.00036,67,0.00067
-39,38,3,100000,30,0.0003,67,0.00067
-39,38,4,100000,45,0.00045,71,0.00071
-39,38,5,100000,34,0.00034,65,0.00065
-39,39,0,100000,22,0.00022,72,0.00072
-39,39,1,100000,35,0.00035,78,0.00078
-39,39,2,100000,36,0.00036,81,0.00081
-39,39,3,100000,43,0.00043,81,0.00081
-39,39,4,100000,31,0.00031,72,0.00072
-39,39,5,100000,25,0.00025,75,0.00075
-39,40,0,100000,34,0.00034,87,0.00087
-39,40,1,100000,22,0.00022,68,0.00068
-39,40,2,100000,38,0.00038,78,0.00078
-39,40,3,100000,24,0.00024,65,0.00065
-39,40,4,100000,46,0.00046,87,0.00087
-39,40,5,100000,20,0.0002,69,0.00069
-39,41,0,100000,32,0.00032,79,0.00079
-39,41,1,100000,33,0.00033,68,0.00068
-39,41,2,100000,21,0.00021,83,0.00083
-39,41,3,100000,30,0.0003,71,0.00071
-39,41,4,100000,32,0.00032,68,0.00068
-39,41,5,100000,28,0.00028,66,0.00066
-39,42,0,100000,36,0.00036,73,0.00073
-39,42,1,100000,20,0.0002,58,0.00058
-39,42,2,100000,39,0.00039,81,0.00081
-39,42,3,100000,28,0.00028,87,0.00087
-39,42,4,100000,27,0.00027,69,0.00069
-39,42,5,100000,37,0.00037,80,0.0008
-39,43,0,100000,34,0.00034,75,0.00075
-39,43,1,100000,40,0.0004,72,0.00072
-39,43,2,100000,38,0.00038,73,0.00073
-39,43,3,100000,24,0.00024,78,0.00078
-39,43,4,100000,38,0.00038,69,0.00069
-39,43,5,100000,35,0.00035,78,0.00078
-39,44,0,100000,34,0.00034,80,0.0008
-39,44,1,100000,45,0.00045,73,0.00073
-39,44,2,100000,40,0.0004,56,0.00056
-39,44,3,100000,36,0.00036,71,0.00071
-39,44,4,100000,22,0.00022,66,0.00066
-39,44,5,100000,33,0.00033,71,0.00071
-39,45,0,100000,27,0.00027,67,0.00067
-39,45,1,100000,21,0.00021,75,0.00075
-39,45,2,100000,28,0.00028,66,0.00066
-39,45,3,100000,37,0.00037,75,0.00075
-39,45,4,100000,32,0.00032,77,0.00077
-39,45,5,100000,24,0.00024,63,0.00063
-39,46,0,100000,22,0.00022,69,0.00069
-39,46,1,100000,22,0.00022,79,0.00079
-39,46,2,100000,26,0.00026,67,0.00067
-39,46,3,100000,30,0.0003,74,0.00074
-39,46,4,100000,35,0.00035,76,0.00076
-39,46,5,100000,32,0.00032,72,0.00072
-39,47,0,100000,37,0.00037,77,0.00077
-39,47,1,100000,33,0.00033,76,0.00076
-39,47,2,100000,29,0.00029,63,0.00063
-39,47,3,100000,36,0.00036,84,0.00084
-39,47,4,100000,21,0.00021,78,0.00078
-39,47,5,100000,27,0.00027,76,0.00076
-39,48,0,100000,29,0.00029,73,0.00073
-39,48,1,100000,27,0.00027,65,0.00065
-39,48,2,100000,17,0.00017,55,0.00055
-39,48,3,100000,31,0.00031,55,0.00055
-39,48,4,100000,63,0.00063,80,0.0008
-39,48,5,100000,22,0.00022,77,0.00077
-39,49,0,100000,19,0.00019,82,0.00082
-39,49,1,100000,43,0.00043,78,0.00078
-39,49,2,100000,19,0.00019,68,0.00068
-39,49,3,100000,24,0.00024,76,0.00076
-39,49,4,100000,28,0.00028,70,0.0007
-39,49,5,100000,20,0.0002,86,0.00086
-39,50,0,100000,27,0.00027,63,0.00063
-39,50,1,100000,30,0.0003,74,0.00074
-39,50,2,100000,32,0.00032,87,0.00087
-39,50,3,100000,43,0.00043,83,0.00083
-39,50,4,100000,29,0.00029,85,0.00085
-39,50,5,100000,45,0.00045,79,0.00079
-38,-50,0,100000,31,0.00031,75,0.00075
-38,-50,1,100000,31,0.00031,75,0.00075
-38,-50,2,100000,51,0.00051,77,0.00077
-38,-50,3,100000,29,0.00029,67,0.00067
-38,-50,4,100000,25,0.00025,75,0.00075
-38,-50,5,100000,30,0.0003,87,0.00087
-38,-49,0,100000,29,0.00029,71,0.00071
-38,-49,1,100000,25,0.00025,73,0.00073
-38,-49,2,100000,33,0.00033,79,0.00079
-38,-49,3,100000,22,0.00022,58,0.00058
-38,-49,4,100000,35,0.00035,83,0.00083
-38,-49,5,100000,30,0.0003,78,0.00078
-38,-48,0,100000,32,0.00032,59,0.00059
-38,-48,1,100000,21,0.00021,64,0.00064
-38,-48,2,100000,17,0.00017,64,0.00064
-38,-48,3,100000,38,0.00038,80,0.0008
-38,-48,4,100000,25,0.00025,68,0.00068
-38,-48,5,100000,31,0.00031,63,0.00063
-38,-47,0,100000,25,0.00025,59,0.00059
-38,-47,1,100000,29,0.00029,85,0.00085
-38,-47,2,100000,25,0.00025,78,0.00078
-38,-47,3,100000,27,0.00027,67,0.00067
-38,-47,4,100000,31,0.00031,87,0.00087
-38,-47,5,100000,30,0.0003,69,0.00069
-38,-46,0,100000,39,0.00039,74,0.00074
-38,-46,1,100000,21,0.00021,65,0.00065
-38,-46,2,100000,24,0.00024,79,0.00079
-38,-46,3,100000,23,0.00023,64,0.00064
-38,-46,4,100000,26,0.00026,71,0.00071
-38,-46,5,100000,29,0.00029,67,0.00067
-38,-45,0,100000,30,0.0003,76,0.00076
-38,-45,1,100000,37,0.00037,72,0.00072
-38,-45,2,100000,26,0.00026,66,0.00066
-38,-45,3,100000,25,0.00025,65,0.00065
-38,-45,4,100000,15,0.00015,63,0.00063
-38,-45,5,100000,28,0.00028,66,0.00066
-38,-44,0,100000,29,0.00029,78,0.00078
-38,-44,1,100000,25,0.00025,73,0.00073
-38,-44,2,100000,33,0.00033,86,0.00086
-38,-44,3,100000,37,0.00037,80,0.0008
-38,-44,4,100000,27,0.00027,76,0.00076
-38,-44,5,100000,24,0.00024,64,0.00064
-38,-43,0,100000,36,0.00036,74,0.00074
-38,-43,1,100000,33,0.00033,60,0.0006
-38,-43,2,100000,33,0.00033,77,0.00077
-38,-43,3,100000,35,0.00035,81,0.00081
-38,-43,4,100000,25,0.00025,74,0.00074
-38,-43,5,100000,30,0.0003,55,0.00055
-38,-42,0,100000,22,0.00022,63,0.00063
-38,-42,1,100000,50,0.0005,77,0.00077
-38,-42,2,100000,38,0.00038,71,0.00071
-38,-42,3,100000,43,0.00043,86,0.00086
-38,-42,4,100000,33,0.00033,53,0.00053
-38,-42,5,100000,53,0.00053,76,0.00076
-38,-41,0,100000,30,0.0003,71,0.00071
-38,-41,1,100000,21,0.00021,78,0.00078
-38,-41,2,100000,20,0.0002,59,0.00059
-38,-41,3,100000,24,0.00024,63,0.00063
-38,-41,4,100000,28,0.00028,73,0.00073
-38,-41,5,100000,24,0.00024,63,0.00063
-38,-40,0,100000,34,0.00034,70,0.0007
-38,-40,1,100000,35,0.00035,62,0.00062
-38,-40,2,100000,36,0.00036,69,0.00069
-38,-40,3,100000,34,0.00034,75,0.00075
-38,-40,4,100000,28,0.00028,68,0.00068
-38,-40,5,100000,31,0.00031,81,0.00081
-38,-39,0,100000,36,0.00036,62,0.00062
-38,-39,1,100000,27,0.00027,71,0.00071
-38,-39,2,100000,22,0.00022,71,0.00071
-38,-39,3,100000,33,0.00033,66,0.00066
-38,-39,4,100000,33,0.00033,79,0.00079
-38,-39,5,100000,32,0.00032,75,0.00075
-38,-38,0,100000,23,0.00023,85,0.00085
-38,-38,1,100000,35,0.00035,73,0.00073
-38,-38,2,100000,41,0.00041,70,0.0007
-38,-38,3,100000,23,0.00023,91,0.00091
-38,-38,4,100000,27,0.00027,70,0.0007
-38,-38,5,100000,29,0.00029,72,0.00072
-38,-37,0,100000,40,0.0004,83,0.00083
-38,-37,1,100000,19,0.00019,78,0.00078
-38,-37,2,100000,37,0.00037,86,0.00086
-38,-37,3,100000,24,0.00024,66,0.00066
-38,-37,4,100000,37,0.00037,73,0.00073
-38,-37,5,100000,39,0.00039,74,0.00074
-38,-36,0,100000,31,0.00031,71,0.00071
-38,-36,1,100000,23,0.00023,69,0.00069
-38,-36,2,100000,26,0.00026,75,0.00075
-38,-36,3,100000,25,0.00025,82,0.00082
-38,-36,4,100000,28,0.00028,75,0.00075
-38,-36,5,100000,53,0.00053,85,0.00085
-38,-35,0,100000,36,0.00036,71,0.00071
-38,-35,1,100000,27,0.00027,60,0.0006
-38,-35,2,100000,27,0.00027,71,0.00071
-38,-35,3,100000,21,0.00021,60,0.0006
-38,-35,4,100000,40,0.0004,79,0.00079
-38,-35,5,100000,40,0.0004,72,0.00072
-38,-34,0,100000,28,0.00028,66,0.00066
-38,-34,1,100000,19,0.00019,71,0.00071
-38,-34,2,100000,37,0.00037,80,0.0008
-38,-34,3,100000,29,0.00029,61,0.00061
-38,-34,4,100000,32,0.00032,76,0.00076
-38,-34,5,100000,20,0.0002,65,0.00065
-38,-33,0,100000,23,0.00023,60,0.0006
-38,-33,1,100000,33,0.00033,76,0.00076
-38,-33,2,100000,17,0.00017,88,0.00088
-38,-33,3,100000,23,0.00023,73,0.00073
-38,-33,4,100000,32,0.00032,76,0.00076
-38,-33,5,100000,27,0.00027,62,0.00062
-38,-32,0,100000,30,0.0003,81,0.00081
-38,-32,1,100000,33,0.00033,67,0.00067
-38,-32,2,100000,13,0.00013,60,0.0006
-38,-32,3,100000,37,0.00037,76,0.00076
-38,-32,4,100000,25,0.00025,70,0.0007
-38,-32,5,100000,24,0.00024,63,0.00063
-38,-31,0,100000,31,0.00031,79,0.00079
-38,-31,1,100000,27,0.00027,75,0.00075
-38,-31,2,100000,50,0.0005,68,0.00068
-38,-31,3,100000,34,0.00034,83,0.00083
-38,-31,4,100000,32,0.00032,65,0.00065
-38,-31,5,100000,27,0.00027,79,0.00079
-38,-30,0,100000,33,0.00033,57,0.00057
-38,-30,1,100000,35,0.00035,73,0.00073
-38,-30,2,100000,45,0.00045,83,0.00083
-38,-30,3,100000,31,0.00031,77,0.00077
-38,-30,4,100000,44,0.00044,92,0.00092
-38,-30,5,100000,41,0.00041,80,0.0008
-38,-29,0,100000,20,0.0002,67,0.00067
-38,-29,1,100000,18,0.00018,68,0.00068
-38,-29,2,100000,14,0.00014,74,0.00074
-38,-29,3,100000,29,0.00029,58,0.00058
-38,-29,4,100000,30,0.0003,66,0.00066
-38,-29,5,100000,33,0.00033,84,0.00084
-38,-28,0,100000,19,0.00019,78,0.00078
-38,-28,1,100000,34,0.00034,76,0.00076
-38,-28,2,100000,24,0.00024,70,0.0007
-38,-28,3,100000,33,0.00033,75,0.00075
-38,-28,4,100000,25,0.00025,61,0.00061
-38,-28,5,100000,21,0.00021,54,0.00054
-38,-27,0,100000,32,0.00032,82,0.00082
-38,-27,1,100000,46,0.00046,68,0.00068
-38,-27,2,100000,30,0.0003,72,0.00072
-38,-27,3,100000,66,0.00066,77,0.00077
-38,-27,4,100000,39,0.00039,85,0.00085
-38,-27,5,100000,15,0.00015,72,0.00072
-38,-26,0,100000,23,0.00023,65,0.00065
-38,-26,1,100000,21,0.00021,61,0.00061
-38,-26,2,100000,28,0.00028,87,0.00087
-38,-26,3,100000,33,0.00033,71,0.00071
-38,-26,4,100000,23,0.00023,73,0.00073
-38,-26,5,100000,26,0.00026,59,0.00059
-38,-25,0,100000,71,0.00071,73,0.00073
-38,-25,1,100000,35,0.00035,62,0.00062
-38,-25,2,100000,18,0.00018,59,0.00059
-38,-25,3,100000,31,0.00031,70,0.0007
-38,-25,4,100000,40,0.0004,82,0.00082
-38,-25,5,100000,35,0.00035,70,0.0007
-38,-24,0,100000,24,0.00024,63,0.00063
-38,-24,1,100000,28,0.00028,69,0.00069
-38,-24,2,100000,32,0.00032,84,0.00084
-38,-24,3,100000,19,0.00019,57,0.00057
-38,-24,4,100000,43,0.00043,64,0.00064
-38,-24,5,100000,34,0.00034,74,0.00074
-38,-23,0,100000,28,0.00028,78,0.00078
-38,-23,1,100000,26,0.00026,72,0.00072
-38,-23,2,100000,30,0.0003,64,0.00064
-38,-23,3,100000,39,0.00039,87,0.00087
-38,-23,4,100000,23,0.00023,75,0.00075
-38,-23,5,100000,28,0.00028,78,0.00078
-38,-22,0,100000,41,0.00041,80,0.0008
-38,-22,1,100000,27,0.00027,73,0.00073
-38,-22,2,100000,27,0.00027,74,0.00074
-38,-22,3,100000,36,0.00036,75,0.00075
-38,-22,4,100000,20,0.0002,70,0.0007
-38,-22,5,100000,29,0.00029,71,0.00071
-38,-21,0,100000,31,0.00031,91,0.00091
-38,-21,1,100000,30,0.0003,66,0.00066
-38,-21,2,100000,25,0.00025,65,0.00065
-38,-21,3,100000,25,0.00025,74,0.00074
-38,-21,4,100000,40,0.0004,82,0.00082
-38,-21,5,100000,32,0.00032,77,0.00077
-38,-20,0,100000,15,0.00015,53,0.00053
-38,-20,1,100000,17,0.00017,71,0.00071
-38,-20,2,100000,24,0.00024,65,0.00065
-38,-20,3,100000,31,0.00031,72,0.00072
-38,-20,4,100000,24,0.00024,67,0.00067
-38,-20,5,100000,31,0.00031,69,0.00069
-38,-19,0,100000,16,0.00016,71,0.00071
-38,-19,1,100000,44,0.00044,74,0.00074
-38,-19,2,100000,27,0.00027,70,0.0007
-38,-19,3,100000,27,0.00027,81,0.00081
-38,-19,4,100000,28,0.00028,82,0.00082
-38,-19,5,100000,38,0.00038,70,0.0007
-38,-18,0,100000,29,0.00029,69,0.00069
-38,-18,1,100000,29,0.00029,81,0.00081
-38,-18,2,100000,41,0.00041,69,0.00069
-38,-18,3,100000,28,0.00028,63,0.00063
-38,-18,4,100000,30,0.0003,64,0.00064
-38,-18,5,100000,27,0.00027,64,0.00064
-38,-17,0,100000,27,0.00027,67,0.00067
-38,-17,1,100000,47,0.00047,83,0.00083
-38,-17,2,100000,19,0.00019,70,0.0007
-38,-17,3,100000,17,0.00017,76,0.00076
-38,-17,4,100000,24,0.00024,63,0.00063
-38,-17,5,100000,28,0.00028,73,0.00073
-38,-16,0,100000,37,0.00037,76,0.00076
-38,-16,1,100000,25,0.00025,70,0.0007
-38,-16,2,100000,39,0.00039,71,0.00071
-38,-16,3,100000,22,0.00022,74,0.00074
-38,-16,4,100000,45,0.00045,84,0.00084
-38,-16,5,100000,34,0.00034,67,0.00067
-38,-15,0,100000,24,0.00024,74,0.00074
-38,-15,1,100000,27,0.00027,64,0.00064
-38,-15,2,100000,65,0.00065,86,0.00086
-38,-15,3,100000,43,0.00043,82,0.00082
-38,-15,4,100000,29,0.00029,78,0.00078
-38,-15,5,100000,14,0.00014,59,0.00059
-38,-14,0,100000,30,0.0003,62,0.00062
-38,-14,1,100000,27,0.00027,70,0.0007
-38,-14,2,100000,17,0.00017,59,0.00059
-38,-14,3,100000,27,0.00027,65,0.00065
-38,-14,4,100000,32,0.00032,47,0.00047
-38,-14,5,100000,38,0.00038,71,0.00071
-38,-13,0,100000,29,0.00029,79,0.00079
-38,-13,1,100000,50,0.0005,79,0.00079
-38,-13,2,100000,17,0.00017,70,0.0007
-38,-13,3,100000,29,0.00029,79,0.00079
-38,-13,4,100000,27,0.00027,91,0.00091
-38,-13,5,100000,18,0.00018,58,0.00058
-38,-12,0,100000,31,0.00031,74,0.00074
-38,-12,1,100000,44,0.00044,68,0.00068
-38,-12,2,100000,28,0.00028,68,0.00068
-38,-12,3,100000,29,0.00029,80,0.0008
-38,-12,4,100000,33,0.00033,73,0.00073
-38,-12,5,100000,28,0.00028,84,0.00084
-38,-11,0,100000,34,0.00034,84,0.00084
-38,-11,1,100000,21,0.00021,65,0.00065
-38,-11,2,100000,21,0.00021,75,0.00075
-38,-11,3,100000,44,0.00044,75,0.00075
-38,-11,4,100000,27,0.00027,67,0.00067
-38,-11,5,100000,16,0.00016,82,0.00082
-38,-10,0,100000,42,0.00042,73,0.00073
-38,-10,1,100000,17,0.00017,52,0.00052
-38,-10,2,100000,37,0.00037,70,0.0007
-38,-10,3,100000,35,0.00035,69,0.00069
-38,-10,4,100000,16,0.00016,69,0.00069
-38,-10,5,100000,20,0.0002,66,0.00066
-38,-9,0,100000,41,0.00041,98,0.00098
-38,-9,1,100000,40,0.0004,92,0.00092
-38,-9,2,100000,24,0.00024,76,0.00076
-38,-9,3,100000,50,0.0005,77,0.00077
-38,-9,4,100000,34,0.00034,80,0.0008
-38,-9,5,100000,21,0.00021,64,0.00064
-38,-8,0,100000,28,0.00028,86,0.00086
-38,-8,1,100000,39,0.00039,89,0.00089
-38,-8,2,100000,26,0.00026,81,0.00081
-38,-8,3,100000,23,0.00023,67,0.00067
-38,-8,4,100000,30,0.0003,68,0.00068
-38,-8,5,100000,37,0.00037,77,0.00077
-38,-7,0,100000,19,0.00019,64,0.00064
-38,-7,1,100000,42,0.00042,86,0.00086
-38,-7,2,100000,38,0.00038,84,0.00084
-38,-7,3,100000,34,0.00034,69,0.00069
-38,-7,4,100000,22,0.00022,81,0.00081
-38,-7,5,100000,26,0.00026,74,0.00074
-38,-6,0,100000,19,0.00019,62,0.00062
-38,-6,1,100000,35,0.00035,78,0.00078
-38,-6,2,100000,10,0.0001,63,0.00063
-38,-6,3,100000,17,0.00017,58,0.00058
-38,-6,4,100000,10,0.0001,67,0.00067
-38,-6,5,100000,17,0.00017,52,0.00052
-38,-5,0,100000,20,0.0002,79,0.00079
-38,-5,1,100000,50,0.0005,72,0.00072
-38,-5,2,100000,34,0.00034,87,0.00087
-38,-5,3,100000,24,0.00024,63,0.00063
-38,-5,4,100000,53,0.00053,88,0.00088
-38,-5,5,100000,19,0.00019,59,0.00059
-38,-4,0,100000,23,0.00023,59,0.00059
-38,-4,1,100000,38,0.00038,58,0.00058
-38,-4,2,100000,27,0.00027,71,0.00071
-38,-4,3,100000,28,0.00028,72,0.00072
-38,-4,4,100000,20,0.0002,74,0.00074
-38,-4,5,100000,30,0.0003,65,0.00065
-38,-3,0,100000,25,0.00025,64,0.00064
-38,-3,1,100000,31,0.00031,70,0.0007
-38,-3,2,100000,38,0.00038,68,0.00068
-38,-3,3,100000,47,0.00047,82,0.00082
-38,-3,4,100000,37,0.00037,82,0.00082
-38,-3,5,100000,27,0.00027,88,0.00088
-38,-2,0,100000,39,0.00039,78,0.00078
-38,-2,1,100000,45,0.00045,77,0.00077
-38,-2,2,100000,37,0.00037,69,0.00069
-38,-2,3,100000,32,0.00032,88,0.00088
-38,-2,4,100000,22,0.00022,72,0.00072
-38,-2,5,100000,40,0.0004,78,0.00078
-38,-1,0,100000,55,0.00055,74,0.00074
-38,-1,1,100000,26,0.00026,79,0.00079
-38,-1,2,100000,50,0.0005,78,0.00078
-38,-1,3,100000,21,0.00021,85,0.00085
-38,-1,4,100000,33,0.00033,65,0.00065
-38,-1,5,100000,30,0.0003,66,0.00066
-38,0,0,100000,46,0.00046,87,0.00087
-38,0,1,100000,28,0.00028,58,0.00058
-38,0,2,100000,27,0.00027,71,0.00071
-38,0,3,100000,30,0.0003,69,0.00069
-38,0,4,100000,53,0.00053,85,0.00085
-38,0,5,100000,28,0.00028,71,0.00071
-38,1,0,100000,22,0.00022,65,0.00065
-38,1,1,100000,31,0.00031,67,0.00067
-38,1,2,100000,18,0.00018,75,0.00075
-38,1,3,100000,27,0.00027,70,0.0007
-38,1,4,100000,39,0.00039,59,0.00059
-38,1,5,100000,22,0.00022,54,0.00054
-38,2,0,100000,56,0.00056,85,0.00085
-38,2,1,100000,34,0.00034,69,0.00069
-38,2,2,100000,41,0.00041,76,0.00076
-38,2,3,100000,20,0.0002,67,0.00067
-38,2,4,100000,24,0.00024,70,0.0007
-38,2,5,100000,49,0.00049,79,0.00079
-38,3,0,100000,19,0.00019,71,0.00071
-38,3,1,100000,16,0.00016,77,0.00077
-38,3,2,100000,23,0.00023,76,0.00076
-38,3,3,100000,27,0.00027,69,0.00069
-38,3,4,100000,22,0.00022,67,0.00067
-38,3,5,100000,30,0.0003,73,0.00073
-38,4,0,100000,41,0.00041,77,0.00077
-38,4,1,100000,30,0.0003,65,0.00065
-38,4,2,100000,23,0.00023,83,0.00083
-38,4,3,100000,21,0.00021,71,0.00071
-38,4,4,100000,18,0.00018,62,0.00062
-38,4,5,100000,50,0.0005,97,0.00097
-38,5,0,100000,30,0.0003,58,0.00058
-38,5,1,100000,33,0.00033,66,0.00066
-38,5,2,100000,27,0.00027,67,0.00067
-38,5,3,100000,29,0.00029,70,0.0007
-38,5,4,100000,18,0.00018,70,0.0007
-38,5,5,100000,15,0.00015,75,0.00075
-38,6,0,100000,30,0.0003,77,0.00077
-38,6,1,100000,34,0.00034,58,0.00058
-38,6,2,100000,34,0.00034,75,0.00075
-38,6,3,100000,38,0.00038,73,0.00073
-38,6,4,100000,27,0.00027,74,0.00074
-38,6,5,100000,25,0.00025,58,0.00058
-38,7,0,100000,31,0.00031,74,0.00074
-38,7,1,100000,20,0.0002,65,0.00065
-38,7,2,100000,27,0.00027,88,0.00088
-38,7,3,100000,25,0.00025,65,0.00065
-38,7,4,100000,19,0.00019,61,0.00061
-38,7,5,100000,33,0.00033,86,0.00086
-38,8,0,100000,16,0.00016,85,0.00085
-38,8,1,100000,21,0.00021,74,0.00074
-38,8,2,100000,43,0.00043,76,0.00076
-38,8,3,100000,32,0.00032,86,0.00086
-38,8,4,100000,30,0.0003,70,0.0007
-38,8,5,100000,29,0.00029,66,0.00066
-38,9,0,100000,43,0.00043,79,0.00079
-38,9,1,100000,36,0.00036,74,0.00074
-38,9,2,100000,17,0.00017,71,0.00071
-38,9,3,100000,28,0.00028,69,0.00069
-38,9,4,100000,21,0.00021,62,0.00062
-38,9,5,100000,17,0.00017,69,0.00069
-38,10,0,100000,23,0.00023,75,0.00075
-38,10,1,100000,37,0.00037,67,0.00067
-38,10,2,100000,25,0.00025,84,0.00084
-38,10,3,100000,27,0.00027,76,0.00076
-38,10,4,100000,32,0.00032,63,0.00063
-38,10,5,100000,19,0.00019,66,0.00066
-38,11,0,100000,20,0.0002,75,0.00075
-38,11,1,100000,42,0.00042,86,0.00086
-38,11,2,100000,38,0.00038,83,0.00083
-38,11,3,100000,26,0.00026,61,0.00061
-38,11,4,100000,30,0.0003,72,0.00072
-38,11,5,100000,43,0.00043,67,0.00067
-38,12,0,100000,32,0.00032,68,0.00068
-38,12,1,100000,29,0.00029,73,0.00073
-38,12,2,100000,30,0.0003,80,0.0008
-38,12,3,100000,13,0.00013,64,0.00064
-38,12,4,100000,19,0.00019,74,0.00074
-38,12,5,100000,23,0.00023,66,0.00066
-38,13,0,100000,35,0.00035,80,0.0008
-38,13,1,100000,34,0.00034,74,0.00074
-38,13,2,100000,27,0.00027,72,0.00072
-38,13,3,100000,20,0.0002,71,0.00071
-38,13,4,100000,19,0.00019,72,0.00072
-38,13,5,100000,25,0.00025,72,0.00072
-38,14,0,100000,36,0.00036,70,0.0007
-38,14,1,100000,22,0.00022,60,0.0006
-38,14,2,100000,26,0.00026,69,0.00069
-38,14,3,100000,42,0.00042,79,0.00079
-38,14,4,100000,36,0.00036,73,0.00073
-38,14,5,100000,34,0.00034,77,0.00077
-38,15,0,100000,43,0.00043,73,0.00073
-38,15,1,100000,29,0.00029,72,0.00072
-38,15,2,100000,38,0.00038,66,0.00066
-38,15,3,100000,36,0.00036,80,0.0008
-38,15,4,100000,34,0.00034,65,0.00065
-38,15,5,100000,30,0.0003,77,0.00077
-38,16,0,100000,36,0.00036,69,0.00069
-38,16,1,100000,27,0.00027,66,0.00066
-38,16,2,100000,47,0.00047,83,0.00083
-38,16,3,100000,29,0.00029,81,0.00081
-38,16,4,100000,44,0.00044,76,0.00076
-38,16,5,100000,16,0.00016,73,0.00073
-38,17,0,100000,14,0.00014,61,0.00061
-38,17,1,100000,27,0.00027,87,0.00087
-38,17,2,100000,28,0.00028,71,0.00071
-38,17,3,100000,24,0.00024,63,0.00063
-38,17,4,100000,36,0.00036,94,0.00094
-38,17,5,100000,28,0.00028,66,0.00066
-38,18,0,100000,52,0.00052,94,0.00094
-38,18,1,100000,31,0.00031,74,0.00074
-38,18,2,100000,32,0.00032,90,0.0009
-38,18,3,100000,39,0.00039,67,0.00067
-38,18,4,100000,29,0.00029,74,0.00074
-38,18,5,100000,27,0.00027,92,0.00092
-38,19,0,100000,38,0.00038,55,0.00055
-38,19,1,100000,35,0.00035,75,0.00075
-38,19,2,100000,32,0.00032,64,0.00064
-38,19,3,100000,27,0.00027,72,0.00072
-38,19,4,100000,33,0.00033,79,0.00079
-38,19,5,100000,31,0.00031,61,0.00061
-38,20,0,100000,14,0.00014,59,0.00059
-38,20,1,100000,30,0.0003,81,0.00081
-38,20,2,100000,19,0.00019,68,0.00068
-38,20,3,100000,32,0.00032,79,0.00079
-38,20,4,100000,29,0.00029,63,0.00063
-38,20,5,100000,32,0.00032,79,0.00079
-38,21,0,100000,38,0.00038,67,0.00067
-38,21,1,100000,16,0.00016,63,0.00063
-38,21,2,100000,27,0.00027,69,0.00069
-38,21,3,100000,36,0.00036,77,0.00077
-38,21,4,100000,20,0.0002,54,0.00054
-38,21,5,100000,22,0.00022,70,0.0007
-38,22,0,100000,29,0.00029,82,0.00082
-38,22,1,100000,26,0.00026,90,0.0009
-38,22,2,100000,24,0.00024,76,0.00076
-38,22,3,100000,21,0.00021,68,0.00068
-38,22,4,100000,48,0.00048,87,0.00087
-38,22,5,100000,24,0.00024,69,0.00069
-38,23,0,100000,25,0.00025,82,0.00082
-38,23,1,100000,32,0.00032,69,0.00069
-38,23,2,100000,38,0.00038,74,0.00074
-38,23,3,100000,22,0.00022,67,0.00067
-38,23,4,100000,33,0.00033,83,0.00083
-38,23,5,100000,37,0.00037,75,0.00075
-38,24,0,100000,24,0.00024,65,0.00065
-38,24,1,100000,52,0.00052,75,0.00075
-38,24,2,100000,42,0.00042,80,0.0008
-38,24,3,100000,34,0.00034,81,0.00081
-38,24,4,100000,27,0.00027,86,0.00086
-38,24,5,100000,37,0.00037,75,0.00075
-38,25,0,100000,22,0.00022,71,0.00071
-38,25,1,100000,25,0.00025,62,0.00062
-38,25,2,100000,14,0.00014,66,0.00066
-38,25,3,100000,19,0.00019,66,0.00066
-38,25,4,100000,19,0.00019,58,0.00058
-38,25,5,100000,45,0.00045,60,0.0006
-38,26,0,100000,27,0.00027,69,0.00069
-38,26,1,100000,32,0.00032,82,0.00082
-38,26,2,100000,24,0.00024,67,0.00067
-38,26,3,100000,26,0.00026,77,0.00077
-38,26,4,100000,35,0.00035,83,0.00083
-38,26,5,100000,40,0.0004,86,0.00086
-38,27,0,100000,49,0.00049,70,0.0007
-38,27,1,100000,26,0.00026,70,0.0007
-38,27,2,100000,18,0.00018,59,0.00059
-38,27,3,100000,28,0.00028,67,0.00067
-38,27,4,100000,20,0.0002,84,0.00084
-38,27,5,100000,32,0.00032,71,0.00071
-38,28,0,100000,42,0.00042,78,0.00078
-38,28,1,100000,30,0.0003,79,0.00079
-38,28,2,100000,28,0.00028,77,0.00077
-38,28,3,100000,27,0.00027,59,0.00059
-38,28,4,100000,30,0.0003,59,0.00059
-38,28,5,100000,27,0.00027,70,0.0007
-38,29,0,100000,34,0.00034,69,0.00069
-38,29,1,100000,44,0.00044,87,0.00087
-38,29,2,100000,32,0.00032,76,0.00076
-38,29,3,100000,51,0.00051,80,0.0008
-38,29,4,100000,43,0.00043,75,0.00075
-38,29,5,100000,27,0.00027,72,0.00072
-38,30,0,100000,35,0.00035,82,0.00082
-38,30,1,100000,49,0.00049,63,0.00063
-38,30,2,100000,17,0.00017,85,0.00085
-38,30,3,100000,44,0.00044,90,0.0009
-38,30,4,100000,49,0.00049,82,0.00082
-38,30,5,100000,28,0.00028,69,0.00069
-38,31,0,100000,34,0.00034,69,0.00069
-38,31,1,100000,36,0.00036,73,0.00073
-38,31,2,100000,33,0.00033,75,0.00075
-38,31,3,100000,32,0.00032,69,0.00069
-38,31,4,100000,24,0.00024,72,0.00072
-38,31,5,100000,24,0.00024,78,0.00078
-38,32,0,100000,23,0.00023,72,0.00072
-38,32,1,100000,32,0.00032,80,0.0008
-38,32,2,100000,26,0.00026,71,0.00071
-38,32,3,100000,37,0.00037,77,0.00077
-38,32,4,100000,33,0.00033,75,0.00075
-38,32,5,100000,40,0.0004,70,0.0007
-38,33,0,100000,26,0.00026,60,0.0006
-38,33,1,100000,28,0.00028,69,0.00069
-38,33,2,100000,24,0.00024,77,0.00077
-38,33,3,100000,31,0.00031,67,0.00067
-38,33,4,100000,17,0.00017,73,0.00073
-38,33,5,100000,24,0.00024,75,0.00075
-38,34,0,100000,24,0.00024,72,0.00072
-38,34,1,100000,25,0.00025,65,0.00065
-38,34,2,100000,31,0.00031,78,0.00078
-38,34,3,100000,28,0.00028,72,0.00072
-38,34,4,100000,24,0.00024,80,0.0008
-38,34,5,100000,35,0.00035,67,0.00067
-38,35,0,100000,27,0.00027,66,0.00066
-38,35,1,100000,52,0.00052,80,0.0008
-38,35,2,100000,50,0.0005,79,0.00079
-38,35,3,100000,23,0.00023,81,0.00081
-38,35,4,100000,18,0.00018,57,0.00057
-38,35,5,100000,49,0.00049,85,0.00085
-38,36,0,100000,15,0.00015,68,0.00068
-38,36,1,100000,28,0.00028,86,0.00086
-38,36,2,100000,42,0.00042,80,0.0008
-38,36,3,100000,60,0.0006,86,0.00086
-38,36,4,100000,22,0.00022,66,0.00066
-38,36,5,100000,28,0.00028,71,0.00071
-38,37,0,100000,27,0.00027,75,0.00075
-38,37,1,100000,42,0.00042,81,0.00081
-38,37,2,100000,38,0.00038,74,0.00074
-38,37,3,100000,28,0.00028,70,0.0007
-38,37,4,100000,31,0.00031,82,0.00082
-38,37,5,100000,40,0.0004,71,0.00071
-38,38,0,100000,41,0.00041,79,0.00079
-38,38,1,100000,23,0.00023,60,0.0006
-38,38,2,100000,28,0.00028,73,0.00073
-38,38,3,100000,38,0.00038,69,0.00069
-38,38,4,100000,29,0.00029,81,0.00081
-38,38,5,100000,29,0.00029,65,0.00065
-38,39,0,100000,22,0.00022,76,0.00076
-38,39,1,100000,22,0.00022,66,0.00066
-38,39,2,100000,52,0.00052,83,0.00083
-38,39,3,100000,66,0.00066,79,0.00079
-38,39,4,100000,19,0.00019,71,0.00071
-38,39,5,100000,26,0.00026,63,0.00063
-38,40,0,100000,36,0.00036,67,0.00067
-38,40,1,100000,29,0.00029,74,0.00074
-38,40,2,100000,28,0.00028,81,0.00081
-38,40,3,100000,20,0.0002,69,0.00069
-38,40,4,100000,32,0.00032,78,0.00078
-38,40,5,100000,47,0.00047,84,0.00084
-38,41,0,100000,34,0.00034,78,0.00078
-38,41,1,100000,16,0.00016,75,0.00075
-38,41,2,100000,41,0.00041,71,0.00071
-38,41,3,100000,17,0.00017,82,0.00082
-38,41,4,100000,25,0.00025,56,0.00056
-38,41,5,100000,13,0.00013,78,0.00078
-38,42,0,100000,33,0.00033,65,0.00065
-38,42,1,100000,30,0.0003,67,0.00067
-38,42,2,100000,31,0.00031,65,0.00065
-38,42,3,100000,46,0.00046,85,0.00085
-38,42,4,100000,32,0.00032,68,0.00068
-38,42,5,100000,12,0.00012,67,0.00067
-38,43,0,100000,16,0.00016,49,0.00049
-38,43,1,100000,30,0.0003,71,0.00071
-38,43,2,100000,22,0.00022,54,0.00054
-38,43,3,100000,39,0.00039,78,0.00078
-38,43,4,100000,38,0.00038,71,0.00071
-38,43,5,100000,30,0.0003,58,0.00058
-38,44,0,100000,46,0.00046,74,0.00074
-38,44,1,100000,34,0.00034,76,0.00076
-38,44,2,100000,49,0.00049,71,0.00071
-38,44,3,100000,25,0.00025,80,0.0008
-38,44,4,100000,60,0.0006,90,0.0009
-38,44,5,100000,40,0.0004,68,0.00068
-38,45,0,100000,21,0.00021,72,0.00072
-38,45,1,100000,43,0.00043,69,0.00069
-38,45,2,100000,24,0.00024,65,0.00065
-38,45,3,100000,29,0.00029,65,0.00065
-38,45,4,100000,33,0.00033,73,0.00073
-38,45,5,100000,26,0.00026,73,0.00073
-38,46,0,100000,37,0.00037,67,0.00067
-38,46,1,100000,38,0.00038,70,0.0007
-38,46,2,100000,50,0.0005,86,0.00086
-38,46,3,100000,21,0.00021,76,0.00076
-38,46,4,100000,43,0.00043,93,0.00093
-38,46,5,100000,26,0.00026,54,0.00054
-38,47,0,100000,33,0.00033,84,0.00084
-38,47,1,100000,37,0.00037,73,0.00073
-38,47,2,100000,44,0.00044,81,0.00081
-38,47,3,100000,34,0.00034,66,0.00066
-38,47,4,100000,40,0.0004,82,0.00082
-38,47,5,100000,45,0.00045,69,0.00069
-38,48,0,100000,52,0.00052,76,0.00076
-38,48,1,100000,44,0.00044,68,0.00068
-38,48,2,100000,42,0.00042,71,0.00071
-38,48,3,100000,22,0.00022,66,0.00066
-38,48,4,100000,43,0.00043,70,0.0007
-38,48,5,100000,39,0.00039,69,0.00069
-38,49,0,100000,40,0.0004,71,0.00071
-38,49,1,100000,21,0.00021,74,0.00074
-38,49,2,100000,41,0.00041,80,0.0008
-38,49,3,100000,30,0.0003,73,0.00073
-38,49,4,100000,54,0.00054,82,0.00082
-38,49,5,100000,35,0.00035,78,0.00078
-38,50,0,100000,29,0.00029,80,0.0008
-38,50,1,100000,42,0.00042,85,0.00085
-38,50,2,100000,18,0.00018,68,0.00068
-38,50,3,100000,25,0.00025,68,0.00068
-38,50,4,100000,26,0.00026,71,0.00071
-38,50,5,100000,24,0.00024,61,0.00061
-37,-50,0,100000,17,0.00017,63,0.00063
-37,-50,1,100000,23,0.00023,70,0.0007
-37,-50,2,100000,30,0.0003,59,0.00059
-37,-50,3,100000,31,0.00031,65,0.00065
-37,-50,4,100000,32,0.00032,79,0.00079
-37,-50,5,100000,28,0.00028,81,0.00081
-37,-49,0,100000,26,0.00026,68,0.00068
-37,-49,1,100000,45,0.00045,75,0.00075
-37,-49,2,100000,16,0.00016,78,0.00078
-37,-49,3,100000,40,0.0004,69,0.00069
-37,-49,4,100000,24,0.00024,69,0.00069
-37,-49,5,100000,51,0.00051,75,0.00075
-37,-48,0,100000,12,0.00012,51,0.00051
-37,-48,1,100000,48,0.00048,84,0.00084
-37,-48,2,100000,21,0.00021,78,0.00078
-37,-48,3,100000,37,0.00037,77,0.00077
-37,-48,4,100000,38,0.00038,68,0.00068
-37,-48,5,100000,34,0.00034,70,0.0007
-37,-47,0,100000,29,0.00029,67,0.00067
-37,-47,1,100000,31,0.00031,81,0.00081
-37,-47,2,100000,25,0.00025,76,0.00076
-37,-47,3,100000,24,0.00024,81,0.00081
-37,-47,4,100000,48,0.00048,71,0.00071
-37,-47,5,100000,19,0.00019,81,0.00081
-37,-46,0,100000,51,0.00051,79,0.00079
-37,-46,1,100000,24,0.00024,75,0.00075
-37,-46,2,100000,22,0.00022,62,0.00062
-37,-46,3,100000,24,0.00024,74,0.00074
-37,-46,4,100000,41,0.00041,72,0.00072
-37,-46,5,100000,18,0.00018,70,0.0007
-37,-45,0,100000,32,0.00032,69,0.00069
-37,-45,1,100000,18,0.00018,58,0.00058
-37,-45,2,100000,31,0.00031,73,0.00073
-37,-45,3,100000,19,0.00019,66,0.00066
-37,-45,4,100000,24,0.00024,56,0.00056
-37,-45,5,100000,26,0.00026,77,0.00077
-37,-44,0,100000,33,0.00033,68,0.00068
-37,-44,1,100000,37,0.00037,70,0.0007
-37,-44,2,100000,38,0.00038,62,0.00062
-37,-44,3,100000,25,0.00025,68,0.00068
-37,-44,4,100000,29,0.00029,77,0.00077
-37,-44,5,100000,27,0.00027,78,0.00078
-37,-43,0,100000,35,0.00035,80,0.0008
-37,-43,1,100000,31,0.00031,91,0.00091
-37,-43,2,100000,58,0.00058,69,0.00069
-37,-43,3,100000,38,0.00038,68,0.00068
-37,-43,4,100000,36,0.00036,79,0.00079
-37,-43,5,100000,39,0.00039,83,0.00083
-37,-42,0,100000,23,0.00023,70,0.0007
-37,-42,1,100000,31,0.00031,63,0.00063
-37,-42,2,100000,41,0.00041,73,0.00073
-37,-42,3,100000,21,0.00021,76,0.00076
-37,-42,4,100000,26,0.00026,72,0.00072
-37,-42,5,100000,56,0.00056,83,0.00083
-37,-41,0,100000,30,0.0003,59,0.00059
-37,-41,1,100000,34,0.00034,67,0.00067
-37,-41,2,100000,34,0.00034,77,0.00077
-37,-41,3,100000,35,0.00035,62,0.00062
-37,-41,4,100000,29,0.00029,86,0.00086
-37,-41,5,100000,28,0.00028,76,0.00076
-37,-40,0,100000,15,0.00015,59,0.00059
-37,-40,1,100000,33,0.00033,57,0.00057
-37,-40,2,100000,23,0.00023,55,0.00055
-37,-40,3,100000,24,0.00024,68,0.00068
-37,-40,4,100000,35,0.00035,82,0.00082
-37,-40,5,100000,37,0.00037,64,0.00064
-37,-39,0,100000,38,0.00038,69,0.00069
-37,-39,1,100000,35,0.00035,65,0.00065
-37,-39,2,100000,36,0.00036,64,0.00064
-37,-39,3,100000,34,0.00034,67,0.00067
-37,-39,4,100000,30,0.0003,82,0.00082
-37,-39,5,100000,28,0.00028,62,0.00062
-37,-38,0,100000,17,0.00017,84,0.00084
-37,-38,1,100000,32,0.00032,83,0.00083
-37,-38,2,100000,46,0.00046,83,0.00083
-37,-38,3,100000,36,0.00036,76,0.00076
-37,-38,4,100000,31,0.00031,82,0.00082
-37,-38,5,100000,27,0.00027,81,0.00081
-37,-37,0,100000,44,0.00044,95,0.00095
-37,-37,1,100000,31,0.00031,78,0.00078
-37,-37,2,100000,35,0.00035,71,0.00071
-37,-37,3,100000,10,0.0001,68,0.00068
-37,-37,4,100000,38,0.00038,74,0.00074
-37,-37,5,100000,27,0.00027,77,0.00077
-37,-36,0,100000,25,0.00025,75,0.00075
-37,-36,1,100000,18,0.00018,56,0.00056
-37,-36,2,100000,23,0.00023,76,0.00076
-37,-36,3,100000,30,0.0003,74,0.00074
-37,-36,4,100000,31,0.00031,66,0.00066
-37,-36,5,100000,37,0.00037,61,0.00061
-37,-35,0,100000,29,0.00029,66,0.00066
-37,-35,1,100000,18,0.00018,63,0.00063
-37,-35,2,100000,52,0.00052,85,0.00085
-37,-35,3,100000,23,0.00023,82,0.00082
-37,-35,4,100000,19,0.00019,70,0.0007
-37,-35,5,100000,28,0.00028,68,0.00068
-37,-34,0,100000,34,0.00034,87,0.00087
-37,-34,1,100000,37,0.00037,70,0.0007
-37,-34,2,100000,39,0.00039,78,0.00078
-37,-34,3,100000,36,0.00036,77,0.00077
-37,-34,4,100000,43,0.00043,85,0.00085
-37,-34,5,100000,30,0.0003,81,0.00081
-37,-33,0,100000,24,0.00024,75,0.00075
-37,-33,1,100000,36,0.00036,71,0.00071
-37,-33,2,100000,18,0.00018,41,0.00041
-37,-33,3,100000,28,0.00028,62,0.00062
-37,-33,4,100000,13,0.00013,55,0.00055
-37,-33,5,100000,41,0.00041,76,0.00076
-37,-32,0,100000,19,0.00019,67,0.00067
-37,-32,1,100000,24,0.00024,65,0.00065
-37,-32,2,100000,40,0.0004,63,0.00063
-37,-32,3,100000,36,0.00036,78,0.00078
-37,-32,4,100000,33,0.00033,78,0.00078
-37,-32,5,100000,24,0.00024,56,0.00056
-37,-31,0,100000,15,0.00015,64,0.00064
-37,-31,1,100000,23,0.00023,81,0.00081
-37,-31,2,100000,25,0.00025,65,0.00065
-37,-31,3,100000,14,0.00014,66,0.00066
-37,-31,4,100000,32,0.00032,79,0.00079
-37,-31,5,100000,41,0.00041,68,0.00068
-37,-30,0,100000,31,0.00031,77,0.00077
-37,-30,1,100000,32,0.00032,71,0.00071
-37,-30,2,100000,22,0.00022,54,0.00054
-37,-30,3,100000,36,0.00036,80,0.0008
-37,-30,4,100000,33,0.00033,80,0.0008
-37,-30,5,100000,25,0.00025,79,0.00079
-37,-29,0,100000,35,0.00035,71,0.00071
-37,-29,1,100000,28,0.00028,73,0.00073
-37,-29,2,100000,13,0.00013,53,0.00053
-37,-29,3,100000,22,0.00022,50,0.0005
-37,-29,4,100000,43,0.00043,72,0.00072
-37,-29,5,100000,27,0.00027,85,0.00085
-37,-28,0,100000,25,0.00025,75,0.00075
-37,-28,1,100000,32,0.00032,76,0.00076
-37,-28,2,100000,19,0.00019,74,0.00074
-37,-28,3,100000,48,0.00048,79,0.00079
-37,-28,4,100000,27,0.00027,68,0.00068
-37,-28,5,100000,22,0.00022,84,0.00084
-37,-27,0,100000,23,0.00023,67,0.00067
-37,-27,1,100000,34,0.00034,74,0.00074
-37,-27,2,100000,32,0.00032,82,0.00082
-37,-27,3,100000,26,0.00026,70,0.0007
-37,-27,4,100000,30,0.0003,83,0.00083
-37,-27,5,100000,31,0.00031,82,0.00082
-37,-26,0,100000,37,0.00037,66,0.00066
-37,-26,1,100000,29,0.00029,72,0.00072
-37,-26,2,100000,69,0.00069,88,0.00088
-37,-26,3,100000,21,0.00021,56,0.00056
-37,-26,4,100000,41,0.00041,75,0.00075
-37,-26,5,100000,38,0.00038,84,0.00084
-37,-25,0,100000,23,0.00023,58,0.00058
-37,-25,1,100000,40,0.0004,83,0.00083
-37,-25,2,100000,21,0.00021,76,0.00076
-37,-25,3,100000,26,0.00026,66,0.00066
-37,-25,4,100000,18,0.00018,77,0.00077
-37,-25,5,100000,28,0.00028,73,0.00073
-37,-24,0,100000,33,0.00033,76,0.00076
-37,-24,1,100000,30,0.0003,73,0.00073
-37,-24,2,100000,35,0.00035,82,0.00082
-37,-24,3,100000,35,0.00035,71,0.00071
-37,-24,4,100000,20,0.0002,64,0.00064
-37,-24,5,100000,30,0.0003,65,0.00065
-37,-23,0,100000,31,0.00031,66,0.00066
-37,-23,1,100000,25,0.00025,76,0.00076
-37,-23,2,100000,31,0.00031,83,0.00083
-37,-23,3,100000,29,0.00029,66,0.00066
-37,-23,4,100000,31,0.00031,82,0.00082
-37,-23,5,100000,52,0.00052,68,0.00068
-37,-22,0,100000,44,0.00044,75,0.00075
-37,-22,1,100000,34,0.00034,66,0.00066
-37,-22,2,100000,33,0.00033,84,0.00084
-37,-22,3,100000,23,0.00023,61,0.00061
-37,-22,4,100000,24,0.00024,73,0.00073
-37,-22,5,100000,18,0.00018,74,0.00074
-37,-21,0,100000,22,0.00022,74,0.00074
-37,-21,1,100000,26,0.00026,73,0.00073
-37,-21,2,100000,28,0.00028,63,0.00063
-37,-21,3,100000,24,0.00024,62,0.00062
-37,-21,4,100000,25,0.00025,73,0.00073
-37,-21,5,100000,35,0.00035,71,0.00071
-37,-20,0,100000,27,0.00027,72,0.00072
-37,-20,1,100000,26,0.00026,72,0.00072
-37,-20,2,100000,24,0.00024,73,0.00073
-37,-20,3,100000,30,0.0003,75,0.00075
-37,-20,4,100000,22,0.00022,79,0.00079
-37,-20,5,100000,23,0.00023,66,0.00066
-37,-19,0,100000,51,0.00051,79,0.00079
-37,-19,1,100000,45,0.00045,70,0.0007
-37,-19,2,100000,37,0.00037,75,0.00075
-37,-19,3,100000,39,0.00039,81,0.00081
-37,-19,4,100000,45,0.00045,80,0.0008
-37,-19,5,100000,30,0.0003,63,0.00063
-37,-18,0,100000,20,0.0002,67,0.00067
-37,-18,1,100000,50,0.0005,79,0.00079
-37,-18,2,100000,36,0.00036,74,0.00074
-37,-18,3,100000,44,0.00044,81,0.00081
-37,-18,4,100000,26,0.00026,55,0.00055
-37,-18,5,100000,41,0.00041,76,0.00076
-37,-17,0,100000,32,0.00032,80,0.0008
-37,-17,1,100000,25,0.00025,66,0.00066
-37,-17,2,100000,22,0.00022,63,0.00063
-37,-17,3,100000,28,0.00028,75,0.00075
-37,-17,4,100000,32,0.00032,76,0.00076
-37,-17,5,100000,14,0.00014,61,0.00061
-37,-16,0,100000,30,0.0003,73,0.00073
-37,-16,1,100000,23,0.00023,73,0.00073
-37,-16,2,100000,29,0.00029,67,0.00067
-37,-16,3,100000,35,0.00035,70,0.0007
-37,-16,4,100000,27,0.00027,70,0.0007
-37,-16,5,100000,37,0.00037,81,0.00081
-37,-15,0,100000,30,0.0003,71,0.00071
-37,-15,1,100000,30,0.0003,77,0.00077
-37,-15,2,100000,28,0.00028,67,0.00067
-37,-15,3,100000,29,0.00029,70,0.0007
-37,-15,4,100000,32,0.00032,85,0.00085
-37,-15,5,100000,37,0.00037,71,0.00071
-37,-14,0,100000,33,0.00033,78,0.00078
-37,-14,1,100000,26,0.00026,73,0.00073
-37,-14,2,100000,40,0.0004,76,0.00076
-37,-14,3,100000,20,0.0002,80,0.0008
-37,-14,4,100000,35,0.00035,78,0.00078
-37,-14,5,100000,42,0.00042,74,0.00074
-37,-13,0,100000,38,0.00038,90,0.0009
-37,-13,1,100000,17,0.00017,79,0.00079
-37,-13,2,100000,34,0.00034,80,0.0008
-37,-13,3,100000,31,0.00031,68,0.00068
-37,-13,4,100000,31,0.00031,73,0.00073
-37,-13,5,100000,19,0.00019,74,0.00074
-37,-12,0,100000,30,0.0003,72,0.00072
-37,-12,1,100000,22,0.00022,58,0.00058
-37,-12,2,100000,14,0.00014,69,0.00069
-37,-12,3,100000,26,0.00026,75,0.00075
-37,-12,4,100000,20,0.0002,66,0.00066
-37,-12,5,100000,44,0.00044,79,0.00079
-37,-11,0,100000,55,0.00055,77,0.00077
-37,-11,1,100000,23,0.00023,65,0.00065
-37,-11,2,100000,18,0.00018,67,0.00067
-37,-11,3,100000,20,0.0002,60,0.0006
-37,-11,4,100000,29,0.00029,80,0.0008
-37,-11,5,100000,33,0.00033,59,0.00059
-37,-10,0,100000,29,0.00029,66,0.00066
-37,-10,1,100000,12,0.00012,65,0.00065
-37,-10,2,100000,35,0.00035,80,0.0008
-37,-10,3,100000,28,0.00028,65,0.00065
-37,-10,4,100000,31,0.00031,71,0.00071
-37,-10,5,100000,15,0.00015,58,0.00058
-37,-9,0,100000,32,0.00032,73,0.00073
-37,-9,1,100000,36,0.00036,78,0.00078
-37,-9,2,100000,13,0.00013,80,0.0008
-37,-9,3,100000,27,0.00027,81,0.00081
-37,-9,4,100000,32,0.00032,70,0.0007
-37,-9,5,100000,29,0.00029,65,0.00065
-37,-8,0,100000,27,0.00027,79,0.00079
-37,-8,1,100000,32,0.00032,63,0.00063
-37,-8,2,100000,13,0.00013,54,0.00054
-37,-8,3,100000,29,0.00029,80,0.0008
-37,-8,4,100000,18,0.00018,68,0.00068
-37,-8,5,100000,22,0.00022,64,0.00064
-37,-7,0,100000,36,0.00036,80,0.0008
-37,-7,1,100000,29,0.00029,78,0.00078
-37,-7,2,100000,48,0.00048,82,0.00082
-37,-7,3,100000,33,0.00033,82,0.00082
-37,-7,4,100000,37,0.00037,72,0.00072
-37,-7,5,100000,41,0.00041,84,0.00084
-37,-6,0,100000,46,0.00046,63,0.00063
-37,-6,1,100000,29,0.00029,68,0.00068
-37,-6,2,100000,38,0.00038,84,0.00084
-37,-6,3,100000,28,0.00028,77,0.00077
-37,-6,4,100000,39,0.00039,93,0.00093
-37,-6,5,100000,25,0.00025,79,0.00079
-37,-5,0,100000,16,0.00016,66,0.00066
-37,-5,1,100000,16,0.00016,61,0.00061
-37,-5,2,100000,10,0.0001,72,0.00072
-37,-5,3,100000,23,0.00023,60,0.0006
-37,-5,4,100000,35,0.00035,60,0.0006
-37,-5,5,100000,33,0.00033,82,0.00082
-37,-4,0,100000,23,0.00023,78,0.00078
-37,-4,1,100000,45,0.00045,84,0.00084
-37,-4,2,100000,27,0.00027,68,0.00068
-37,-4,3,100000,38,0.00038,74,0.00074
-37,-4,4,100000,24,0.00024,63,0.00063
-37,-4,5,100000,12,0.00012,64,0.00064
-37,-3,0,100000,16,0.00016,86,0.00086
-37,-3,1,100000,49,0.00049,69,0.00069
-37,-3,2,100000,35,0.00035,77,0.00077
-37,-3,3,100000,55,0.00055,72,0.00072
-37,-3,4,100000,40,0.0004,83,0.00083
-37,-3,5,100000,27,0.00027,77,0.00077
-37,-2,0,100000,36,0.00036,71,0.00071
-37,-2,1,100000,16,0.00016,54,0.00054
-37,-2,2,100000,27,0.00027,90,0.0009
-37,-2,3,100000,32,0.00032,72,0.00072
-37,-2,4,100000,36,0.00036,85,0.00085
-37,-2,5,100000,24,0.00024,59,0.00059
-37,-1,0,100000,51,0.00051,68,0.00068
-37,-1,1,100000,34,0.00034,67,0.00067
-37,-1,2,100000,21,0.00021,68,0.00068
-37,-1,3,100000,30,0.0003,73,0.00073
-37,-1,4,100000,17,0.00017,68,0.00068
-37,-1,5,100000,46,0.00046,68,0.00068
-37,0,0,100000,24,0.00024,63,0.00063
-37,0,1,100000,30,0.0003,79,0.00079
-37,0,2,100000,24,0.00024,75,0.00075
-37,0,3,100000,25,0.00025,61,0.00061
-37,0,4,100000,53,0.00053,67,0.00067
-37,0,5,100000,35,0.00035,82,0.00082
-37,1,0,100000,29,0.00029,79,0.00079
-37,1,1,100000,23,0.00023,63,0.00063
-37,1,2,100000,28,0.00028,62,0.00062
-37,1,3,100000,38,0.00038,90,0.0009
-37,1,4,100000,18,0.00018,73,0.00073
-37,1,5,100000,30,0.0003,77,0.00077
-37,2,0,100000,44,0.00044,79,0.00079
-37,2,1,100000,20,0.0002,67,0.00067
-37,2,2,100000,32,0.00032,74,0.00074
-37,2,3,100000,34,0.00034,74,0.00074
-37,2,4,100000,21,0.00021,78,0.00078
-37,2,5,100000,27,0.00027,68,0.00068
-37,3,0,100000,30,0.0003,87,0.00087
-37,3,1,100000,31,0.00031,72,0.00072
-37,3,2,100000,25,0.00025,65,0.00065
-37,3,3,100000,21,0.00021,71,0.00071
-37,3,4,100000,39,0.00039,76,0.00076
-37,3,5,100000,29,0.00029,72,0.00072
-37,4,0,100000,20,0.0002,56,0.00056
-37,4,1,100000,25,0.00025,73,0.00073
-37,4,2,100000,18,0.00018,57,0.00057
-37,4,3,100000,34,0.00034,71,0.00071
-37,4,4,100000,27,0.00027,81,0.00081
-37,4,5,100000,38,0.00038,64,0.00064
-37,5,0,100000,31,0.00031,84,0.00084
-37,5,1,100000,52,0.00052,85,0.00085
-37,5,2,100000,29,0.00029,74,0.00074
-37,5,3,100000,29,0.00029,75,0.00075
-37,5,4,100000,25,0.00025,67,0.00067
-37,5,5,100000,38,0.00038,67,0.00067
-37,6,0,100000,35,0.00035,76,0.00076
-37,6,1,100000,32,0.00032,72,0.00072
-37,6,2,100000,44,0.00044,76,0.00076
-37,6,3,100000,29,0.00029,71,0.00071
-37,6,4,100000,36,0.00036,69,0.00069
-37,6,5,100000,25,0.00025,66,0.00066
-37,7,0,100000,21,0.00021,68,0.00068
-37,7,1,100000,29,0.00029,84,0.00084
-37,7,2,100000,19,0.00019,70,0.0007
-37,7,3,100000,20,0.0002,72,0.00072
-37,7,4,100000,28,0.00028,66,0.00066
-37,7,5,100000,31,0.00031,75,0.00075
-37,8,0,100000,34,0.00034,70,0.0007
-37,8,1,100000,31,0.00031,72,0.00072
-37,8,2,100000,41,0.00041,70,0.0007
-37,8,3,100000,20,0.0002,78,0.00078
-37,8,4,100000,45,0.00045,85,0.00085
-37,8,5,100000,21,0.00021,63,0.00063
-37,9,0,100000,20,0.0002,70,0.0007
-37,9,1,100000,21,0.00021,63,0.00063
-37,9,2,100000,50,0.0005,80,0.0008
-37,9,3,100000,41,0.00041,85,0.00085
-37,9,4,100000,34,0.00034,69,0.00069
-37,9,5,100000,17,0.00017,62,0.00062
-37,10,0,100000,27,0.00027,60,0.0006
-37,10,1,100000,28,0.00028,71,0.00071
-37,10,2,100000,12,0.00012,60,0.0006
-37,10,3,100000,27,0.00027,64,0.00064
-37,10,4,100000,23,0.00023,55,0.00055
-37,10,5,100000,37,0.00037,71,0.00071
-37,11,0,100000,30,0.0003,77,0.00077
-37,11,1,100000,61,0.00061,73,0.00073
-37,11,2,100000,15,0.00015,73,0.00073
-37,11,3,100000,30,0.0003,81,0.00081
-37,11,4,100000,26,0.00026,85,0.00085
-37,11,5,100000,20,0.0002,58,0.00058
-37,12,0,100000,31,0.00031,74,0.00074
-37,12,1,100000,44,0.00044,73,0.00073
-37,12,2,100000,26,0.00026,64,0.00064
-37,12,3,100000,23,0.00023,80,0.0008
-37,12,4,100000,24,0.00024,69,0.00069
-37,12,5,100000,32,0.00032,86,0.00086
-37,13,0,100000,30,0.0003,82,0.00082
-37,13,1,100000,20,0.0002,69,0.00069
-37,13,2,100000,26,0.00026,79,0.00079
-37,13,3,100000,45,0.00045,74,0.00074
-37,13,4,100000,27,0.00027,70,0.0007
-37,13,5,100000,19,0.00019,75,0.00075
-37,14,0,100000,32,0.00032,72,0.00072
-37,14,1,100000,16,0.00016,50,0.0005
-37,14,2,100000,35,0.00035,74,0.00074
-37,14,3,100000,30,0.0003,70,0.0007
-37,14,4,100000,17,0.00017,72,0.00072
-37,14,5,100000,32,0.00032,73,0.00073
-37,15,0,100000,41,0.00041,100,0.001
-37,15,1,100000,42,0.00042,86,0.00086
-37,15,2,100000,26,0.00026,83,0.00083
-37,15,3,100000,51,0.00051,80,0.0008
-37,15,4,100000,39,0.00039,75,0.00075
-37,15,5,100000,30,0.0003,71,0.00071
-37,16,0,100000,26,0.00026,78,0.00078
-37,16,1,100000,40,0.0004,89,0.00089
-37,16,2,100000,32,0.00032,80,0.0008
-37,16,3,100000,26,0.00026,69,0.00069
-37,16,4,100000,47,0.00047,72,0.00072
-37,16,5,100000,37,0.00037,83,0.00083
-37,17,0,100000,30,0.0003,70,0.0007
-37,17,1,100000,37,0.00037,82,0.00082
-37,17,2,100000,41,0.00041,84,0.00084
-37,17,3,100000,30,0.0003,63,0.00063
-37,17,4,100000,29,0.00029,83,0.00083
-37,17,5,100000,37,0.00037,74,0.00074
-37,18,0,100000,31,0.00031,73,0.00073
-37,18,1,100000,32,0.00032,72,0.00072
-37,18,2,100000,21,0.00021,61,0.00061
-37,18,3,100000,17,0.00017,55,0.00055
-37,18,4,100000,9,9e-05,64,0.00064
-37,18,5,100000,17,0.00017,51,0.00051
-37,19,0,100000,21,0.00021,80,0.0008
-37,19,1,100000,48,0.00048,76,0.00076
-37,19,2,100000,28,0.00028,82,0.00082
-37,19,3,100000,30,0.0003,63,0.00063
-37,19,4,100000,59,0.00059,91,0.00091
-37,19,5,100000,24,0.00024,67,0.00067
-37,20,0,100000,30,0.0003,63,0.00063
-37,20,1,100000,35,0.00035,62,0.00062
-37,20,2,100000,26,0.00026,68,0.00068
-37,20,3,100000,33,0.00033,69,0.00069
-37,20,4,100000,17,0.00017,70,0.0007
-37,20,5,100000,25,0.00025,65,0.00065
-37,21,0,100000,27,0.00027,63,0.00063
-37,21,1,100000,30,0.0003,61,0.00061
-37,21,2,100000,38,0.00038,78,0.00078
-37,21,3,100000,40,0.0004,74,0.00074
-37,21,4,100000,34,0.00034,81,0.00081
-37,21,5,100000,25,0.00025,85,0.00085
-37,22,0,100000,36,0.00036,79,0.00079
-37,22,1,100000,41,0.00041,81,0.00081
-37,22,2,100000,33,0.00033,70,0.0007
-37,22,3,100000,30,0.0003,86,0.00086
-37,22,4,100000,21,0.00021,71,0.00071
-37,22,5,100000,44,0.00044,77,0.00077
-37,23,0,100000,52,0.00052,71,0.00071
-37,23,1,100000,27,0.00027,81,0.00081
-37,23,2,100000,52,0.00052,73,0.00073
-37,23,3,100000,27,0.00027,94,0.00094
-37,23,4,100000,34,0.00034,74,0.00074
-37,23,5,100000,31,0.00031,71,0.00071
-37,24,0,100000,38,0.00038,76,0.00076
-37,24,1,100000,31,0.00031,63,0.00063
-37,24,2,100000,31,0.00031,69,0.00069
-37,24,3,100000,31,0.00031,68,0.00068
-37,24,4,100000,47,0.00047,84,0.00084
-37,24,5,100000,28,0.00028,62,0.00062
-37,25,0,100000,21,0.00021,62,0.00062
-37,25,1,100000,35,0.00035,65,0.00065
-37,25,2,100000,20,0.0002,72,0.00072
-37,25,3,100000,26,0.00026,73,0.00073
-37,25,4,100000,30,0.0003,56,0.00056
-37,25,5,100000,22,0.00022,52,0.00052
-37,26,0,100000,40,0.0004,80,0.0008
-37,26,1,100000,34,0.00034,73,0.00073
-37,26,2,100000,41,0.00041,74,0.00074
-37,26,3,100000,19,0.00019,66,0.00066
-37,26,4,100000,29,0.00029,77,0.00077
-37,26,5,100000,40,0.0004,79,0.00079
-37,27,0,100000,23,0.00023,67,0.00067
-37,27,1,100000,18,0.00018,78,0.00078
-37,27,2,100000,23,0.00023,76,0.00076
-37,27,3,100000,25,0.00025,69,0.00069
-37,27,4,100000,16,0.00016,67,0.00067
-37,27,5,100000,36,0.00036,66,0.00066
-37,28,0,100000,39,0.00039,77,0.00077
-37,28,1,100000,29,0.00029,66,0.00066
-37,28,2,100000,18,0.00018,83,0.00083
-37,28,3,100000,21,0.00021,69,0.00069
-37,28,4,100000,16,0.00016,69,0.00069
-37,28,5,100000,48,0.00048,85,0.00085
-37,29,0,100000,28,0.00028,56,0.00056
-37,29,1,100000,34,0.00034,66,0.00066
-37,29,2,100000,29,0.00029,71,0.00071
-37,29,3,100000,19,0.00019,67,0.00067
-37,29,4,100000,20,0.0002,63,0.00063
-37,29,5,100000,21,0.00021,73,0.00073
-37,30,0,100000,34,0.00034,73,0.00073
-37,30,1,100000,39,0.00039,67,0.00067
-37,30,2,100000,33,0.00033,76,0.00076
-37,30,3,100000,46,0.00046,80,0.0008
-37,30,4,100000,38,0.00038,70,0.0007
-37,30,5,100000,28,0.00028,63,0.00063
-37,31,0,100000,28,0.00028,79,0.00079
-37,31,1,100000,23,0.00023,63,0.00063
-37,31,2,100000,28,0.00028,81,0.00081
-37,31,3,100000,30,0.0003,59,0.00059
-37,31,4,100000,24,0.00024,67,0.00067
-37,31,5,100000,38,0.00038,81,0.00081
-37,32,0,100000,15,0.00015,75,0.00075
-37,32,1,100000,25,0.00025,70,0.0007
-37,32,2,100000,39,0.00039,80,0.0008
-37,32,3,100000,30,0.0003,89,0.00089
-37,32,4,100000,32,0.00032,68,0.00068
-37,32,5,100000,29,0.00029,65,0.00065
-37,33,0,100000,45,0.00045,79,0.00079
-37,33,1,100000,35,0.00035,78,0.00078
-37,33,2,100000,22,0.00022,70,0.0007
-37,33,3,100000,27,0.00027,69,0.00069
-37,33,4,100000,17,0.00017,66,0.00066
-37,33,5,100000,20,0.0002,69,0.00069
-37,34,0,100000,21,0.00021,74,0.00074
-37,34,1,100000,31,0.00031,74,0.00074
-37,34,2,100000,22,0.00022,79,0.00079
-37,34,3,100000,20,0.0002,75,0.00075
-37,34,4,100000,38,0.00038,63,0.00063
-37,34,5,100000,24,0.00024,57,0.00057
-37,35,0,100000,29,0.00029,83,0.00083
-37,35,1,100000,50,0.0005,86,0.00086
-37,35,2,100000,24,0.00024,74,0.00074
-37,35,3,100000,20,0.0002,57,0.00057
-37,35,4,100000,29,0.00029,72,0.00072
-37,35,5,100000,41,0.00041,69,0.00069
-37,36,0,100000,22,0.00022,72,0.00072
-37,36,1,100000,31,0.00031,69,0.00069
-37,36,2,100000,32,0.00032,85,0.00085
-37,36,3,100000,20,0.0002,68,0.00068
-37,36,4,100000,22,0.00022,67,0.00067
-37,36,5,100000,27,0.00027,73,0.00073
-37,37,0,100000,34,0.00034,76,0.00076
-37,37,1,100000,24,0.00024,61,0.00061
-37,37,2,100000,26,0.00026,65,0.00065
-37,37,3,100000,20,0.0002,69,0.00069
-37,37,4,100000,23,0.00023,75,0.00075
-37,37,5,100000,16,0.00016,65,0.00065
-37,38,0,100000,27,0.00027,74,0.00074
-37,38,1,100000,28,0.00028,61,0.00061
-37,38,2,100000,21,0.00021,54,0.00054
-37,38,3,100000,45,0.00045,85,0.00085
-37,38,4,100000,30,0.0003,67,0.00067
-37,38,5,100000,26,0.00026,76,0.00076
-37,39,0,100000,37,0.00037,68,0.00068
-37,39,1,100000,31,0.00031,73,0.00073
-37,39,2,100000,35,0.00035,68,0.00068
-37,39,3,100000,30,0.0003,73,0.00073
-37,39,4,100000,25,0.00025,62,0.00062
-37,39,5,100000,35,0.00035,73,0.00073
-37,40,0,100000,35,0.00035,71,0.00071
-37,40,1,100000,29,0.00029,72,0.00072
-37,40,2,100000,47,0.00047,78,0.00078
-37,40,3,100000,35,0.00035,84,0.00084
-37,40,4,100000,42,0.00042,83,0.00083
-37,40,5,100000,18,0.00018,73,0.00073
-37,41,0,100000,17,0.00017,67,0.00067
-37,41,1,100000,31,0.00031,85,0.00085
-37,41,2,100000,29,0.00029,72,0.00072
-37,41,3,100000,28,0.00028,72,0.00072
-37,41,4,100000,29,0.00029,88,0.00088
-37,41,5,100000,33,0.00033,64,0.00064
-37,42,0,100000,44,0.00044,74,0.00074
-37,42,1,100000,31,0.00031,72,0.00072
-37,42,2,100000,35,0.00035,80,0.0008
-37,42,3,100000,42,0.00042,71,0.00071
-37,42,4,100000,33,0.00033,74,0.00074
-37,42,5,100000,27,0.00027,98,0.00098
-37,43,0,100000,30,0.0003,62,0.00062
-37,43,1,100000,34,0.00034,77,0.00077
-37,43,2,100000,33,0.00033,76,0.00076
-37,43,3,100000,32,0.00032,75,0.00075
-37,43,4,100000,43,0.00043,83,0.00083
-37,43,5,100000,37,0.00037,66,0.00066
-37,44,0,100000,8,8e-05,49,0.00049
-37,44,1,100000,22,0.00022,74,0.00074
-37,44,2,100000,18,0.00018,73,0.00073
-37,44,3,100000,30,0.0003,72,0.00072
-37,44,4,100000,21,0.00021,58,0.00058
-37,44,5,100000,34,0.00034,74,0.00074
-37,45,0,100000,40,0.0004,80,0.0008
-37,45,1,100000,15,0.00015,70,0.0007
-37,45,2,100000,32,0.00032,69,0.00069
-37,45,3,100000,37,0.00037,79,0.00079
-37,45,4,100000,36,0.00036,69,0.00069
-37,45,5,100000,21,0.00021,66,0.00066
-37,46,0,100000,23,0.00023,75,0.00075
-37,46,1,100000,27,0.00027,95,0.00095
-37,46,2,100000,25,0.00025,80,0.0008
-37,46,3,100000,27,0.00027,64,0.00064
-37,46,4,100000,52,0.00052,85,0.00085
-37,46,5,100000,28,0.00028,73,0.00073
-37,47,0,100000,21,0.00021,72,0.00072
-37,47,1,100000,25,0.00025,64,0.00064
-37,47,2,100000,38,0.00038,84,0.00084
-37,47,3,100000,15,0.00015,63,0.00063
-37,47,4,100000,31,0.00031,88,0.00088
-37,47,5,100000,39,0.00039,78,0.00078
-37,48,0,100000,25,0.00025,74,0.00074
-37,48,1,100000,51,0.00051,76,0.00076
-37,48,2,100000,36,0.00036,83,0.00083
-37,48,3,100000,43,0.00043,82,0.00082
-37,48,4,100000,18,0.00018,84,0.00084
-37,48,5,100000,34,0.00034,78,0.00078
-37,49,0,100000,27,0.00027,74,0.00074
-37,49,1,100000,29,0.00029,68,0.00068
-37,49,2,100000,23,0.00023,70,0.0007
-37,49,3,100000,17,0.00017,67,0.00067
-37,49,4,100000,17,0.00017,61,0.00061
-37,49,5,100000,36,0.00036,72,0.00072
-37,50,0,100000,32,0.00032,70,0.0007
-37,50,1,100000,33,0.00033,87,0.00087
-37,50,2,100000,33,0.00033,65,0.00065
-37,50,3,100000,23,0.00023,76,0.00076
-37,50,4,100000,30,0.0003,78,0.00078
-37,50,5,100000,37,0.00037,84,0.00084
-36,-50,0,100000,54,0.00054,73,0.00073
-36,-50,1,100000,22,0.00022,68,0.00068
-36,-50,2,100000,19,0.00019,62,0.00062
-36,-50,3,100000,27,0.00027,67,0.00067
-36,-50,4,100000,28,0.00028,75,0.00075
-36,-50,5,100000,23,0.00023,75,0.00075
-36,-49,0,100000,40,0.0004,84,0.00084
-36,-49,1,100000,41,0.00041,74,0.00074
-36,-49,2,100000,20,0.0002,78,0.00078
-36,-49,3,100000,31,0.00031,58,0.00058
-36,-49,4,100000,25,0.00025,73,0.00073
-36,-49,5,100000,39,0.00039,69,0.00069
-36,-48,0,100000,28,0.00028,64,0.00064
-36,-48,1,100000,44,0.00044,89,0.00089
-36,-48,2,100000,36,0.00036,74,0.00074
-36,-48,3,100000,53,0.00053,75,0.00075
-36,-48,4,100000,45,0.00045,77,0.00077
-36,-48,5,100000,20,0.0002,60,0.0006
-36,-47,0,100000,39,0.00039,84,0.00084
-36,-47,1,100000,58,0.00058,73,0.00073
-36,-47,2,100000,26,0.00026,83,0.00083
-36,-47,3,100000,41,0.00041,76,0.00076
-36,-47,4,100000,36,0.00036,69,0.00069
-36,-47,5,100000,28,0.00028,69,0.00069
-36,-46,0,100000,23,0.00023,65,0.00065
-36,-46,1,100000,34,0.00034,78,0.00078
-36,-46,2,100000,21,0.00021,64,0.00064
-36,-46,3,100000,22,0.00022,70,0.0007
-36,-46,4,100000,23,0.00023,81,0.00081
-36,-46,5,100000,21,0.00021,69,0.00069
-36,-45,0,100000,12,0.00012,70,0.0007
-36,-45,1,100000,39,0.00039,79,0.00079
-36,-45,2,100000,27,0.00027,71,0.00071
-36,-45,3,100000,30,0.0003,73,0.00073
-36,-45,4,100000,34,0.00034,71,0.00071
-36,-45,5,100000,37,0.00037,75,0.00075
-36,-44,0,100000,28,0.00028,64,0.00064
-36,-44,1,100000,22,0.00022,60,0.0006
-36,-44,2,100000,32,0.00032,85,0.00085
-36,-44,3,100000,24,0.00024,66,0.00066
-36,-44,4,100000,25,0.00025,66,0.00066
-36,-44,5,100000,30,0.0003,75,0.00075
-36,-43,0,100000,28,0.00028,72,0.00072
-36,-43,1,100000,24,0.00024,55,0.00055
-36,-43,2,100000,26,0.00026,86,0.00086
-36,-43,3,100000,28,0.00028,76,0.00076
-36,-43,4,100000,22,0.00022,73,0.00073
-36,-43,5,100000,41,0.00041,69,0.00069
-36,-42,0,100000,16,0.00016,64,0.00064
-36,-42,1,100000,57,0.00057,88,0.00088
-36,-42,2,100000,47,0.00047,84,0.00084
-36,-42,3,100000,14,0.00014,71,0.00071
-36,-42,4,100000,15,0.00015,59,0.00059
-36,-42,5,100000,52,0.00052,85,0.00085
-36,-41,0,100000,26,0.00026,72,0.00072
-36,-41,1,100000,41,0.00041,81,0.00081
-36,-41,2,100000,32,0.00032,84,0.00084
-36,-41,3,100000,79,0.00079,92,0.00092
-36,-41,4,100000,21,0.00021,69,0.00069
-36,-41,5,100000,34,0.00034,71,0.00071
-36,-40,0,100000,29,0.00029,72,0.00072
-36,-40,1,100000,29,0.00029,76,0.00076
-36,-40,2,100000,27,0.00027,72,0.00072
-36,-40,3,100000,22,0.00022,67,0.00067
-36,-40,4,100000,28,0.00028,86,0.00086
-36,-40,5,100000,39,0.00039,72,0.00072
-36,-39,0,100000,30,0.0003,80,0.0008
-36,-39,1,100000,17,0.00017,65,0.00065
-36,-39,2,100000,31,0.00031,79,0.00079
-36,-39,3,100000,30,0.0003,62,0.00062
-36,-39,4,100000,27,0.00027,73,0.00073
-36,-39,5,100000,18,0.00018,69,0.00069
-36,-38,0,100000,25,0.00025,81,0.00081
-36,-38,1,100000,30,0.0003,63,0.00063
-36,-38,2,100000,39,0.00039,73,0.00073
-36,-38,3,100000,62,0.00062,78,0.00078
-36,-38,4,100000,22,0.00022,68,0.00068
-36,-38,5,100000,25,0.00025,61,0.00061
-36,-37,0,100000,30,0.0003,64,0.00064
-36,-37,1,100000,36,0.00036,66,0.00066
-36,-37,2,100000,21,0.00021,75,0.00075
-36,-37,3,100000,32,0.00032,85,0.00085
-36,-37,4,100000,38,0.00038,69,0.00069
-36,-37,5,100000,46,0.00046,86,0.00086
-36,-36,0,100000,31,0.00031,85,0.00085
-36,-36,1,100000,29,0.00029,79,0.00079
-36,-36,2,100000,46,0.00046,76,0.00076
-36,-36,3,100000,27,0.00027,79,0.00079
-36,-36,4,100000,32,0.00032,63,0.00063
-36,-36,5,100000,29,0.00029,77,0.00077
-36,-35,0,100000,36,0.00036,73,0.00073
-36,-35,1,100000,20,0.0002,61,0.00061
-36,-35,2,100000,27,0.00027,69,0.00069
-36,-35,3,100000,65,0.00065,82,0.00082
-36,-35,4,100000,30,0.0003,71,0.00071
-36,-35,5,100000,22,0.00022,70,0.0007
-36,-34,0,100000,22,0.00022,55,0.00055
-36,-34,1,100000,22,0.00022,68,0.00068
-36,-34,2,100000,24,0.00024,65,0.00065
-36,-34,3,100000,33,0.00033,78,0.00078
-36,-34,4,100000,42,0.00042,70,0.0007
-36,-34,5,100000,28,0.00028,71,0.00071
-36,-33,0,100000,48,0.00048,70,0.0007
-36,-33,1,100000,32,0.00032,68,0.00068
-36,-33,2,100000,23,0.00023,67,0.00067
-36,-33,3,100000,30,0.0003,73,0.00073
-36,-33,4,100000,61,0.00061,92,0.00092
-36,-33,5,100000,40,0.0004,71,0.00071
-36,-32,0,100000,33,0.00033,80,0.0008
-36,-32,1,100000,30,0.0003,63,0.00063
-36,-32,2,100000,35,0.00035,62,0.00062
-36,-32,3,100000,24,0.00024,62,0.00062
-36,-32,4,100000,36,0.00036,65,0.00065
-36,-32,5,100000,28,0.00028,83,0.00083
-36,-31,0,100000,26,0.00026,65,0.00065
-36,-31,1,100000,47,0.00047,82,0.00082
-36,-31,2,100000,45,0.00045,75,0.00075
-36,-31,3,100000,25,0.00025,88,0.00088
-36,-31,4,100000,42,0.00042,97,0.00097
-36,-31,5,100000,25,0.00025,58,0.00058
-36,-30,0,100000,24,0.00024,78,0.00078
-36,-30,1,100000,35,0.00035,79,0.00079
-36,-30,2,100000,36,0.00036,73,0.00073
-36,-30,3,100000,47,0.00047,66,0.00066
-36,-30,4,100000,43,0.00043,93,0.00093
-36,-30,5,100000,47,0.00047,78,0.00078
-36,-29,0,100000,52,0.00052,79,0.00079
-36,-29,1,100000,48,0.00048,70,0.0007
-36,-29,2,100000,39,0.00039,72,0.00072
-36,-29,3,100000,26,0.00026,78,0.00078
-36,-29,4,100000,34,0.00034,62,0.00062
-36,-29,5,100000,34,0.00034,70,0.0007
-36,-28,0,100000,37,0.00037,76,0.00076
-36,-28,1,100000,22,0.00022,70,0.0007
-36,-28,2,100000,37,0.00037,74,0.00074
-36,-28,3,100000,27,0.00027,66,0.00066
-36,-28,4,100000,46,0.00046,80,0.0008
-36,-28,5,100000,37,0.00037,81,0.00081
-36,-27,0,100000,26,0.00026,76,0.00076
-36,-27,1,100000,26,0.00026,77,0.00077
-36,-27,2,100000,20,0.0002,74,0.00074
-36,-27,3,100000,26,0.00026,69,0.00069
-36,-27,4,100000,19,0.00019,76,0.00076
-36,-27,5,100000,13,0.00013,72,0.00072
-36,-26,0,100000,23,0.00023,66,0.00066
-36,-26,1,100000,25,0.00025,71,0.00071
-36,-26,2,100000,21,0.00021,57,0.00057
-36,-26,3,100000,33,0.00033,69,0.00069
-36,-26,4,100000,28,0.00028,81,0.00081
-36,-26,5,100000,23,0.00023,73,0.00073
-36,-25,0,100000,26,0.00026,68,0.00068
-36,-25,1,100000,32,0.00032,71,0.00071
-36,-25,2,100000,18,0.00018,86,0.00086
-36,-25,3,100000,45,0.00045,78,0.00078
-36,-25,4,100000,29,0.00029,72,0.00072
-36,-25,5,100000,46,0.00046,77,0.00077
-36,-24,0,100000,16,0.00016,49,0.00049
-36,-24,1,100000,48,0.00048,85,0.00085
-36,-24,2,100000,23,0.00023,79,0.00079
-36,-24,3,100000,36,0.00036,80,0.0008
-36,-24,4,100000,37,0.00037,62,0.00062
-36,-24,5,100000,30,0.0003,72,0.00072
-36,-23,0,100000,36,0.00036,71,0.00071
-36,-23,1,100000,35,0.00035,82,0.00082
-36,-23,2,100000,20,0.0002,76,0.00076
-36,-23,3,100000,28,0.00028,74,0.00074
-36,-23,4,100000,40,0.0004,62,0.00062
-36,-23,5,100000,18,0.00018,71,0.00071
-36,-22,0,100000,52,0.00052,78,0.00078
-36,-22,1,100000,22,0.00022,72,0.00072
-36,-22,2,100000,30,0.0003,66,0.00066
-36,-22,3,100000,27,0.00027,73,0.00073
-36,-22,4,100000,37,0.00037,77,0.00077
-36,-22,5,100000,29,0.00029,69,0.00069
-36,-21,0,100000,31,0.00031,69,0.00069
-36,-21,1,100000,17,0.00017,62,0.00062
-36,-21,2,100000,22,0.00022,72,0.00072
-36,-21,3,100000,25,0.00025,66,0.00066
-36,-21,4,100000,27,0.00027,57,0.00057
-36,-21,5,100000,23,0.00023,73,0.00073
-36,-20,0,100000,35,0.00035,72,0.00072
-36,-20,1,100000,37,0.00037,73,0.00073
-36,-20,2,100000,37,0.00037,61,0.00061
-36,-20,3,100000,30,0.0003,70,0.0007
-36,-20,4,100000,33,0.00033,73,0.00073
-36,-20,5,100000,24,0.00024,86,0.00086
-36,-19,0,100000,43,0.00043,81,0.00081
-36,-19,1,100000,34,0.00034,84,0.00084
-36,-19,2,100000,51,0.00051,68,0.00068
-36,-19,3,100000,40,0.0004,64,0.00064
-36,-19,4,100000,29,0.00029,74,0.00074
-36,-19,5,100000,33,0.00033,75,0.00075
-36,-18,0,100000,33,0.00033,73,0.00073
-36,-18,1,100000,26,0.00026,58,0.00058
-36,-18,2,100000,21,0.00021,66,0.00066
-36,-18,3,100000,19,0.00019,71,0.00071
-36,-18,4,100000,24,0.00024,68,0.00068
-36,-18,5,100000,32,0.00032,75,0.00075
-36,-17,0,100000,37,0.00037,58,0.00058
-36,-17,1,100000,38,0.00038,76,0.00076
-36,-17,2,100000,32,0.00032,73,0.00073
-36,-17,3,100000,37,0.00037,67,0.00067
-36,-17,4,100000,34,0.00034,86,0.00086
-36,-17,5,100000,20,0.0002,73,0.00073
-36,-16,0,100000,21,0.00021,64,0.00064
-36,-16,1,100000,38,0.00038,65,0.00065
-36,-16,2,100000,36,0.00036,57,0.00057
-36,-16,3,100000,21,0.00021,72,0.00072
-36,-16,4,100000,34,0.00034,66,0.00066
-36,-16,5,100000,34,0.00034,61,0.00061
-36,-15,0,100000,37,0.00037,70,0.0007
-36,-15,1,100000,29,0.00029,60,0.0006
-36,-15,2,100000,37,0.00037,66,0.00066
-36,-15,3,100000,28,0.00028,70,0.0007
-36,-15,4,100000,36,0.00036,81,0.00081
-36,-15,5,100000,25,0.00025,59,0.00059
-36,-14,0,100000,16,0.00016,77,0.00077
-36,-14,1,100000,33,0.00033,73,0.00073
-36,-14,2,100000,44,0.00044,79,0.00079
-36,-14,3,100000,50,0.0005,91,0.00091
-36,-14,4,100000,29,0.00029,77,0.00077
-36,-14,5,100000,30,0.0003,75,0.00075
-36,-13,0,100000,39,0.00039,91,0.00091
-36,-13,1,100000,33,0.00033,78,0.00078
-36,-13,2,100000,41,0.00041,77,0.00077
-36,-13,3,100000,13,0.00013,64,0.00064
-36,-13,4,100000,43,0.00043,79,0.00079
-36,-13,5,100000,25,0.00025,76,0.00076
-36,-12,0,100000,28,0.00028,74,0.00074
-36,-12,1,100000,24,0.00024,61,0.00061
-36,-12,2,100000,22,0.00022,76,0.00076
-36,-12,3,100000,28,0.00028,76,0.00076
-36,-12,4,100000,26,0.00026,62,0.00062
-36,-12,5,100000,29,0.00029,64,0.00064
-36,-11,0,100000,25,0.00025,66,0.00066
-36,-11,1,100000,15,0.00015,63,0.00063
-36,-11,2,100000,39,0.00039,82,0.00082
-36,-11,3,100000,32,0.00032,85,0.00085
-36,-11,4,100000,20,0.0002,75,0.00075
-36,-11,5,100000,40,0.0004,74,0.00074
-36,-10,0,100000,27,0.00027,80,0.0008
-36,-10,1,100000,37,0.00037,66,0.00066
-36,-10,2,100000,40,0.0004,85,0.00085
-36,-10,3,100000,36,0.00036,82,0.00082
-36,-10,4,100000,45,0.00045,90,0.0009
-36,-10,5,100000,28,0.00028,76,0.00076
-36,-9,0,100000,33,0.00033,74,0.00074
-36,-9,1,100000,34,0.00034,71,0.00071
-36,-9,2,100000,27,0.00027,54,0.00054
-36,-9,3,100000,27,0.00027,61,0.00061
-36,-9,4,100000,24,0.00024,58,0.00058
-36,-9,5,100000,56,0.00056,79,0.00079
-36,-8,0,100000,16,0.00016,60,0.0006
-36,-8,1,100000,23,0.00023,69,0.00069
-36,-8,2,100000,39,0.00039,63,0.00063
-36,-8,3,100000,43,0.00043,77,0.00077
-36,-8,4,100000,31,0.00031,73,0.00073
-36,-8,5,100000,21,0.00021,53,0.00053
-36,-7,0,100000,17,0.00017,69,0.00069
-36,-7,1,100000,25,0.00025,81,0.00081
-36,-7,2,100000,23,0.00023,68,0.00068
-36,-7,3,100000,27,0.00027,69,0.00069
-36,-7,4,100000,25,0.00025,80,0.0008
-36,-7,5,100000,39,0.00039,67,0.00067
-36,-6,0,100000,41,0.00041,74,0.00074
-36,-6,1,100000,35,0.00035,76,0.00076
-36,-6,2,100000,23,0.00023,62,0.00062
-36,-6,3,100000,30,0.0003,76,0.00076
-36,-6,4,100000,35,0.00035,86,0.00086
-36,-6,5,100000,25,0.00025,79,0.00079
-36,-5,0,100000,31,0.00031,72,0.00072
-36,-5,1,100000,28,0.00028,68,0.00068
-36,-5,2,100000,16,0.00016,57,0.00057
-36,-5,3,100000,22,0.00022,61,0.00061
-36,-5,4,100000,43,0.00043,69,0.00069
-36,-5,5,100000,25,0.00025,85,0.00085
-36,-4,0,100000,28,0.00028,72,0.00072
-36,-4,1,100000,38,0.00038,75,0.00075
-36,-4,2,100000,21,0.00021,72,0.00072
-36,-4,3,100000,41,0.00041,82,0.00082
-36,-4,4,100000,27,0.00027,67,0.00067
-36,-4,5,100000,31,0.00031,83,0.00083
-36,-3,0,100000,23,0.00023,68,0.00068
-36,-3,1,100000,36,0.00036,77,0.00077
-36,-3,2,100000,40,0.0004,87,0.00087
-36,-3,3,100000,25,0.00025,74,0.00074
-36,-3,4,100000,33,0.00033,92,0.00092
-36,-3,5,100000,25,0.00025,86,0.00086
-36,-2,0,100000,40,0.0004,69,0.00069
-36,-2,1,100000,28,0.00028,73,0.00073
-36,-2,2,100000,54,0.00054,80,0.0008
-36,-2,3,100000,24,0.00024,64,0.00064
-36,-2,4,100000,37,0.00037,72,0.00072
-36,-2,5,100000,26,0.00026,73,0.00073
-36,-1,0,100000,20,0.0002,61,0.00061
-36,-1,1,100000,31,0.00031,73,0.00073
-36,-1,2,100000,27,0.00027,74,0.00074
-36,-1,3,100000,29,0.00029,60,0.0006
-36,-1,4,100000,28,0.00028,74,0.00074
-36,-1,5,100000,27,0.00027,72,0.00072
-36,0,0,100000,38,0.00038,79,0.00079
-36,0,1,100000,35,0.00035,77,0.00077
-36,0,2,100000,36,0.00036,78,0.00078
-36,0,3,100000,35,0.00035,76,0.00076
-36,0,4,100000,22,0.00022,72,0.00072
-36,0,5,100000,35,0.00035,67,0.00067
-36,1,0,100000,35,0.00035,72,0.00072
-36,1,1,100000,30,0.0003,79,0.00079
-36,1,2,100000,30,0.0003,82,0.00082
-36,1,3,100000,31,0.00031,72,0.00072
-36,1,4,100000,31,0.00031,81,0.00081
-36,1,5,100000,31,0.00031,68,0.00068
-36,2,0,100000,38,0.00038,79,0.00079
-36,2,1,100000,33,0.00033,62,0.00062
-36,2,2,100000,31,0.00031,75,0.00075
-36,2,3,100000,22,0.00022,62,0.00062
-36,2,4,100000,21,0.00021,72,0.00072
-36,2,5,100000,24,0.00024,80,0.0008
-36,3,0,100000,22,0.00022,73,0.00073
-36,3,1,100000,23,0.00023,68,0.00068
-36,3,2,100000,31,0.00031,61,0.00061
-36,3,3,100000,17,0.00017,58,0.00058
-36,3,4,100000,28,0.00028,69,0.00069
-36,3,5,100000,31,0.00031,70,0.0007
-36,4,0,100000,33,0.00033,71,0.00071
-36,4,1,100000,31,0.00031,72,0.00072
-36,4,2,100000,22,0.00022,71,0.00071
-36,4,3,100000,32,0.00032,78,0.00078
-36,4,4,100000,22,0.00022,79,0.00079
-36,4,5,100000,24,0.00024,67,0.00067
-36,5,0,100000,40,0.0004,72,0.00072
-36,5,1,100000,48,0.00048,69,0.00069
-36,5,2,100000,41,0.00041,71,0.00071
-36,5,3,100000,36,0.00036,78,0.00078
-36,5,4,100000,34,0.00034,73,0.00073
-36,5,5,100000,29,0.00029,63,0.00063
-36,6,0,100000,23,0.00023,68,0.00068
-36,6,1,100000,37,0.00037,71,0.00071
-36,6,2,100000,36,0.00036,68,0.00068
-36,6,3,100000,37,0.00037,79,0.00079
-36,6,4,100000,28,0.00028,58,0.00058
-36,6,5,100000,43,0.00043,76,0.00076
-36,7,0,100000,41,0.00041,75,0.00075
-36,7,1,100000,28,0.00028,68,0.00068
-36,7,2,100000,29,0.00029,64,0.00064
-36,7,3,100000,27,0.00027,74,0.00074
-36,7,4,100000,27,0.00027,66,0.00066
-36,7,5,100000,14,0.00014,65,0.00065
-36,8,0,100000,31,0.00031,73,0.00073
-36,8,1,100000,26,0.00026,68,0.00068
-36,8,2,100000,24,0.00024,64,0.00064
-36,8,3,100000,31,0.00031,65,0.00065
-36,8,4,100000,30,0.0003,72,0.00072
-36,8,5,100000,33,0.00033,82,0.00082
-36,9,0,100000,31,0.00031,75,0.00075
-36,9,1,100000,26,0.00026,83,0.00083
-36,9,2,100000,28,0.00028,67,0.00067
-36,9,3,100000,30,0.0003,66,0.00066
-36,9,4,100000,29,0.00029,74,0.00074
-36,9,5,100000,39,0.00039,71,0.00071
-36,10,0,100000,32,0.00032,76,0.00076
-36,10,1,100000,35,0.00035,64,0.00064
-36,10,2,100000,36,0.00036,72,0.00072
-36,10,3,100000,23,0.00023,84,0.00084
-36,10,4,100000,37,0.00037,76,0.00076
-36,10,5,100000,41,0.00041,72,0.00072
-36,11,0,100000,46,0.00046,84,0.00084
-36,11,1,100000,16,0.00016,83,0.00083
-36,11,2,100000,37,0.00037,84,0.00084
-36,11,3,100000,29,0.00029,64,0.00064
-36,11,4,100000,36,0.00036,77,0.00077
-36,11,5,100000,19,0.00019,73,0.00073
-36,12,0,100000,43,0.00043,81,0.00081
-36,12,1,100000,22,0.00022,65,0.00065
-36,12,2,100000,20,0.0002,69,0.00069
-36,12,3,100000,22,0.00022,73,0.00073
-36,12,4,100000,14,0.00014,70,0.0007
-36,12,5,100000,51,0.00051,87,0.00087
-36,13,0,100000,47,0.00047,79,0.00079
-36,13,1,100000,21,0.00021,65,0.00065
-36,13,2,100000,23,0.00023,64,0.00064
-36,13,3,100000,22,0.00022,63,0.00063
-36,13,4,100000,32,0.00032,86,0.00086
-36,13,5,100000,23,0.00023,55,0.00055
-36,14,0,100000,23,0.00023,63,0.00063
-36,14,1,100000,21,0.00021,65,0.00065
-36,14,2,100000,43,0.00043,85,0.00085
-36,14,3,100000,27,0.00027,68,0.00068
-36,14,4,100000,27,0.00027,79,0.00079
-36,14,5,100000,17,0.00017,64,0.00064
-36,15,0,100000,25,0.00025,72,0.00072
-36,15,1,100000,34,0.00034,76,0.00076
-36,15,2,100000,18,0.00018,74,0.00074
-36,15,3,100000,39,0.00039,84,0.00084
-36,15,4,100000,28,0.00028,71,0.00071
-36,15,5,100000,26,0.00026,75,0.00075
-36,16,0,100000,36,0.00036,79,0.00079
-36,16,1,100000,27,0.00027,58,0.00058
-36,16,2,100000,14,0.00014,55,0.00055
-36,16,3,100000,25,0.00025,82,0.00082
-36,16,4,100000,15,0.00015,68,0.00068
-36,16,5,100000,20,0.0002,56,0.00056
-36,17,0,100000,32,0.00032,80,0.0008
-36,17,1,100000,32,0.00032,80,0.0008
-36,17,2,100000,42,0.00042,79,0.00079
-36,17,3,100000,37,0.00037,82,0.00082
-36,17,4,100000,31,0.00031,69,0.00069
-36,17,5,100000,35,0.00035,76,0.00076
-36,18,0,100000,48,0.00048,66,0.00066
-36,18,1,100000,19,0.00019,68,0.00068
-36,18,2,100000,38,0.00038,85,0.00085
-36,18,3,100000,29,0.00029,82,0.00082
-36,18,4,100000,36,0.00036,95,0.00095
-36,18,5,100000,25,0.00025,74,0.00074
-36,19,0,100000,23,0.00023,68,0.00068
-36,19,1,100000,26,0.00026,59,0.00059
-36,19,2,100000,15,0.00015,72,0.00072
-36,19,3,100000,15,0.00015,55,0.00055
-36,19,4,100000,31,0.00031,59,0.00059
-36,19,5,100000,28,0.00028,85,0.00085
-36,20,0,100000,29,0.00029,86,0.00086
-36,20,1,100000,39,0.00039,82,0.00082
-36,20,2,100000,22,0.00022,71,0.00071
-36,20,3,100000,39,0.00039,75,0.00075
-36,20,4,100000,29,0.00029,68,0.00068
-36,20,5,100000,19,0.00019,60,0.0006
-36,21,0,100000,15,0.00015,80,0.0008
-36,21,1,100000,35,0.00035,72,0.00072
-36,21,2,100000,27,0.00027,69,0.00069
-36,21,3,100000,48,0.00048,67,0.00067
-36,21,4,100000,29,0.00029,80,0.0008
-36,21,5,100000,23,0.00023,66,0.00066
-36,22,0,100000,27,0.00027,65,0.00065
-36,22,1,100000,28,0.00028,60,0.0006
-36,22,2,100000,22,0.00022,83,0.00083
-36,22,3,100000,29,0.00029,73,0.00073
-36,22,4,100000,35,0.00035,88,0.00088
-36,22,5,100000,40,0.0004,63,0.00063
-36,23,0,100000,48,0.00048,62,0.00062
-36,23,1,100000,37,0.00037,57,0.00057
-36,23,2,100000,18,0.00018,65,0.00065
-36,23,3,100000,31,0.00031,74,0.00074
-36,23,4,100000,20,0.0002,68,0.00068
-36,23,5,100000,32,0.00032,64,0.00064
-36,24,0,100000,20,0.0002,62,0.00062
-36,24,1,100000,34,0.00034,84,0.00084
-36,24,2,100000,41,0.00041,69,0.00069
-36,24,3,100000,23,0.00023,72,0.00072
-36,24,4,100000,42,0.00042,65,0.00065
-36,24,5,100000,39,0.00039,89,0.00089
-36,25,0,100000,25,0.00025,74,0.00074
-36,25,1,100000,17,0.00017,70,0.0007
-36,25,2,100000,27,0.00027,71,0.00071
-36,25,3,100000,46,0.00046,83,0.00083
-36,25,4,100000,22,0.00022,70,0.0007
-36,25,5,100000,32,0.00032,67,0.00067
-36,26,0,100000,38,0.00038,79,0.00079
-36,26,1,100000,26,0.00026,62,0.00062
-36,26,2,100000,30,0.0003,77,0.00077
-36,26,3,100000,29,0.00029,81,0.00081
-36,26,4,100000,30,0.0003,85,0.00085
-36,26,5,100000,25,0.00025,69,0.00069
-36,27,0,100000,24,0.00024,78,0.00078
-36,27,1,100000,34,0.00034,71,0.00071
-36,27,2,100000,34,0.00034,62,0.00062
-36,27,3,100000,17,0.00017,67,0.00067
-36,27,4,100000,35,0.00035,62,0.00062
-36,27,5,100000,30,0.0003,70,0.0007
-36,28,0,100000,17,0.00017,54,0.00054
-36,28,1,100000,28,0.00028,73,0.00073
-36,28,2,100000,11,0.00011,58,0.00058
-36,28,3,100000,34,0.00034,81,0.00081
-36,28,4,100000,20,0.0002,90,0.0009
-36,28,5,100000,35,0.00035,60,0.0006
-36,29,0,100000,34,0.00034,78,0.00078
-36,29,1,100000,50,0.0005,83,0.00083
-36,29,2,100000,44,0.00044,73,0.00073
-36,29,3,100000,27,0.00027,71,0.00071
-36,29,4,100000,23,0.00023,60,0.0006
-36,29,5,100000,29,0.00029,67,0.00067
-36,30,0,100000,38,0.00038,78,0.00078
-36,30,1,100000,35,0.00035,77,0.00077
-36,30,2,100000,33,0.00033,72,0.00072
-36,30,3,100000,33,0.00033,73,0.00073
-36,30,4,100000,28,0.00028,64,0.00064
-36,30,5,100000,23,0.00023,67,0.00067
-36,31,0,100000,17,0.00017,65,0.00065
-36,31,1,100000,21,0.00021,74,0.00074
-36,31,2,100000,18,0.00018,76,0.00076
-36,31,3,100000,20,0.0002,74,0.00074
-36,31,4,100000,32,0.00032,72,0.00072
-36,31,5,100000,31,0.00031,69,0.00069
-36,32,0,100000,47,0.00047,70,0.0007
-36,32,1,100000,31,0.00031,72,0.00072
-36,32,2,100000,43,0.00043,72,0.00072
-36,32,3,100000,18,0.00018,76,0.00076
-36,32,4,100000,47,0.00047,79,0.00079
-36,32,5,100000,21,0.00021,67,0.00067
-36,33,0,100000,18,0.00018,60,0.0006
-36,33,1,100000,24,0.00024,70,0.0007
-36,33,2,100000,62,0.00062,82,0.00082
-36,33,3,100000,55,0.00055,89,0.00089
-36,33,4,100000,38,0.00038,69,0.00069
-36,33,5,100000,18,0.00018,67,0.00067
-36,34,0,100000,26,0.00026,67,0.00067
-36,34,1,100000,32,0.00032,71,0.00071
-36,34,2,100000,13,0.00013,58,0.00058
-36,34,3,100000,24,0.00024,61,0.00061
-36,34,4,100000,28,0.00028,56,0.00056
-36,34,5,100000,35,0.00035,71,0.00071
-36,35,0,100000,39,0.00039,77,0.00077
-36,35,1,100000,57,0.00057,69,0.00069
-36,35,2,100000,25,0.00025,73,0.00073
-36,35,3,100000,29,0.00029,89,0.00089
-36,35,4,100000,22,0.00022,73,0.00073
-36,35,5,100000,21,0.00021,58,0.00058
-36,36,0,100000,24,0.00024,70,0.0007
-36,36,1,100000,43,0.00043,70,0.0007
-36,36,2,100000,27,0.00027,72,0.00072
-36,36,3,100000,28,0.00028,87,0.00087
-36,36,4,100000,34,0.00034,73,0.00073
-36,36,5,100000,28,0.00028,85,0.00085
-36,37,0,100000,40,0.0004,83,0.00083
-36,37,1,100000,17,0.00017,68,0.00068
-36,37,2,100000,24,0.00024,70,0.0007
-36,37,3,100000,31,0.00031,64,0.00064
-36,37,4,100000,30,0.0003,65,0.00065
-36,37,5,100000,15,0.00015,71,0.00071
-36,38,0,100000,29,0.00029,68,0.00068
-36,38,1,100000,17,0.00017,55,0.00055
-36,38,2,100000,44,0.00044,69,0.00069
-36,38,3,100000,31,0.00031,72,0.00072
-36,38,4,100000,20,0.0002,73,0.00073
-36,38,5,100000,32,0.00032,71,0.00071
-36,39,0,100000,36,0.00036,99,0.00099
-36,39,1,100000,48,0.00048,85,0.00085
-36,39,2,100000,25,0.00025,80,0.0008
-36,39,3,100000,59,0.00059,78,0.00078
-36,39,4,100000,40,0.0004,80,0.0008
-36,39,5,100000,27,0.00027,75,0.00075
-36,40,0,100000,27,0.00027,75,0.00075
-36,40,1,100000,40,0.0004,80,0.0008
-36,40,2,100000,29,0.00029,81,0.00081
-36,40,3,100000,28,0.00028,60,0.0006
-36,40,4,100000,36,0.00036,67,0.00067
-36,40,5,100000,35,0.00035,81,0.00081
-36,41,0,100000,27,0.00027,60,0.0006
-36,41,1,100000,25,0.00025,79,0.00079
-36,41,2,100000,35,0.00035,78,0.00078
-36,41,3,100000,33,0.00033,72,0.00072
-36,41,4,100000,35,0.00035,81,0.00081
-36,41,5,100000,24,0.00024,70,0.0007
-36,42,0,100000,31,0.00031,70,0.0007
-36,42,1,100000,27,0.00027,70,0.0007
-36,42,2,100000,15,0.00015,60,0.0006
-36,42,3,100000,14,0.00014,48,0.00048
-36,42,4,100000,9,9e-05,72,0.00072
-36,42,5,100000,14,0.00014,47,0.00047
-36,43,0,100000,28,0.00028,79,0.00079
-36,43,1,100000,51,0.00051,79,0.00079
-36,43,2,100000,28,0.00028,79,0.00079
-36,43,3,100000,26,0.00026,55,0.00055
-36,43,4,100000,54,0.00054,85,0.00085
-36,43,5,100000,24,0.00024,68,0.00068
-36,44,0,100000,31,0.00031,67,0.00067
-36,44,1,100000,31,0.00031,58,0.00058
-36,44,2,100000,20,0.0002,62,0.00062
-36,44,3,100000,30,0.0003,72,0.00072
-36,44,4,100000,16,0.00016,72,0.00072
-36,44,5,100000,33,0.00033,67,0.00067
-36,45,0,100000,25,0.00025,64,0.00064
-36,45,1,100000,28,0.00028,62,0.00062
-36,45,2,100000,45,0.00045,80,0.0008
-36,45,3,100000,35,0.00035,76,0.00076
-36,45,4,100000,34,0.00034,86,0.00086
-36,45,5,100000,20,0.0002,81,0.00081
-36,46,0,100000,29,0.00029,74,0.00074
-36,46,1,100000,34,0.00034,81,0.00081
-36,46,2,100000,29,0.00029,72,0.00072
-36,46,3,100000,42,0.00042,95,0.00095
-36,46,4,100000,18,0.00018,65,0.00065
-36,46,5,100000,36,0.00036,70,0.0007
-36,47,0,100000,52,0.00052,78,0.00078
-36,47,1,100000,26,0.00026,82,0.00082
-36,47,2,100000,52,0.00052,73,0.00073
-36,47,3,100000,29,0.00029,86,0.00086
-36,47,4,100000,34,0.00034,77,0.00077
-36,47,5,100000,29,0.00029,67,0.00067
-36,48,0,100000,47,0.00047,86,0.00086
-36,48,1,100000,39,0.00039,63,0.00063
-36,48,2,100000,27,0.00027,60,0.0006
-36,48,3,100000,32,0.00032,71,0.00071
-36,48,4,100000,55,0.00055,79,0.00079
-36,48,5,100000,32,0.00032,68,0.00068
-36,49,0,100000,24,0.00024,68,0.00068
-36,49,1,100000,26,0.00026,63,0.00063
-36,49,2,100000,22,0.00022,74,0.00074
-36,49,3,100000,24,0.00024,73,0.00073
-36,49,4,100000,25,0.00025,52,0.00052
-36,49,5,100000,27,0.00027,61,0.00061
-36,50,0,100000,37,0.00037,71,0.00071
-36,50,1,100000,33,0.00033,67,0.00067
-36,50,2,100000,37,0.00037,75,0.00075
-36,50,3,100000,15,0.00015,65,0.00065
-36,50,4,100000,30,0.0003,68,0.00068
-36,50,5,100000,42,0.00042,79,0.00079
-35,-50,0,100000,27,0.00027,72,0.00072
-35,-50,1,100000,16,0.00016,71,0.00071
-35,-50,2,100000,15,0.00015,67,0.00067
-35,-50,3,100000,18,0.00018,69,0.00069
-35,-50,4,100000,23,0.00023,66,0.00066
-35,-50,5,100000,31,0.00031,73,0.00073
-35,-49,0,100000,29,0.00029,77,0.00077
-35,-49,1,100000,24,0.00024,60,0.0006
-35,-49,2,100000,21,0.00021,79,0.00079
-35,-49,3,100000,18,0.00018,66,0.00066
-35,-49,4,100000,19,0.00019,67,0.00067
-35,-49,5,100000,44,0.00044,92,0.00092
-35,-48,0,100000,31,0.00031,59,0.00059
-35,-48,1,100000,30,0.0003,68,0.00068
-35,-48,2,100000,23,0.00023,72,0.00072
-35,-48,3,100000,25,0.00025,67,0.00067
-35,-48,4,100000,15,0.00015,69,0.00069
-35,-48,5,100000,17,0.00017,66,0.00066
-35,-47,0,100000,34,0.00034,75,0.00075
-35,-47,1,100000,22,0.00022,66,0.00066
-35,-47,2,100000,35,0.00035,79,0.00079
-35,-47,3,100000,34,0.00034,78,0.00078
-35,-47,4,100000,29,0.00029,61,0.00061
-35,-47,5,100000,38,0.00038,66,0.00066
-35,-46,0,100000,30,0.0003,70,0.0007
-35,-46,1,100000,21,0.00021,68,0.00068
-35,-46,2,100000,27,0.00027,79,0.00079
-35,-46,3,100000,27,0.00027,60,0.0006
-35,-46,4,100000,20,0.0002,62,0.00062
-35,-46,5,100000,26,0.00026,71,0.00071
-35,-45,0,100000,24,0.00024,81,0.00081
-35,-45,1,100000,24,0.00024,72,0.00072
-35,-45,2,100000,37,0.00037,74,0.00074
-35,-45,3,100000,38,0.00038,91,0.00091
-35,-45,4,100000,33,0.00033,72,0.00072
-35,-45,5,100000,32,0.00032,67,0.00067
-35,-44,0,100000,44,0.00044,85,0.00085
-35,-44,1,100000,50,0.0005,76,0.00076
-35,-44,2,100000,18,0.00018,68,0.00068
-35,-44,3,100000,40,0.0004,71,0.00071
-35,-44,4,100000,27,0.00027,71,0.00071
-35,-44,5,100000,17,0.00017,67,0.00067
-35,-43,0,100000,23,0.00023,67,0.00067
-35,-43,1,100000,42,0.00042,69,0.00069
-35,-43,2,100000,35,0.00035,78,0.00078
-35,-43,3,100000,28,0.00028,84,0.00084
-35,-43,4,100000,48,0.00048,75,0.00075
-35,-43,5,100000,23,0.00023,72,0.00072
-35,-42,0,100000,26,0.00026,80,0.0008
-35,-42,1,100000,41,0.00041,88,0.00088
-35,-42,2,100000,35,0.00035,68,0.00068
-35,-42,3,100000,21,0.00021,58,0.00058
-35,-42,4,100000,37,0.00037,85,0.00085
-35,-42,5,100000,42,0.00042,75,0.00075
-35,-41,0,100000,29,0.00029,74,0.00074
-35,-41,1,100000,21,0.00021,63,0.00063
-35,-41,2,100000,33,0.00033,70,0.0007
-35,-41,3,100000,24,0.00024,66,0.00066
-35,-41,4,100000,28,0.00028,67,0.00067
-35,-41,5,100000,23,0.00023,62,0.00062
-35,-40,0,100000,41,0.00041,83,0.00083
-35,-40,1,100000,23,0.00023,64,0.00064
-35,-40,2,100000,29,0.00029,67,0.00067
-35,-40,3,100000,22,0.00022,73,0.00073
-35,-40,4,100000,9,9e-05,66,0.00066
-35,-40,5,100000,26,0.00026,69,0.00069
-35,-39,0,100000,44,0.00044,81,0.00081
-35,-39,1,100000,20,0.0002,59,0.00059
-35,-39,2,100000,22,0.00022,61,0.00061
-35,-39,3,100000,37,0.00037,83,0.00083
-35,-39,4,100000,23,0.00023,68,0.00068
-35,-39,5,100000,36,0.00036,78,0.00078
-35,-38,0,100000,59,0.00059,67,0.00067
-35,-38,1,100000,28,0.00028,66,0.00066
-35,-38,2,100000,36,0.00036,72,0.00072
-35,-38,3,100000,33,0.00033,75,0.00075
-35,-38,4,100000,31,0.00031,62,0.00062
-35,-38,5,100000,32,0.00032,68,0.00068
-35,-37,0,100000,28,0.00028,71,0.00071
-35,-37,1,100000,34,0.00034,72,0.00072
-35,-37,2,100000,54,0.00054,83,0.00083
-35,-37,3,100000,26,0.00026,83,0.00083
-35,-37,4,100000,49,0.00049,82,0.00082
-35,-37,5,100000,22,0.00022,75,0.00075
-35,-36,0,100000,21,0.00021,66,0.00066
-35,-36,1,100000,27,0.00027,83,0.00083
-35,-36,2,100000,35,0.00035,75,0.00075
-35,-36,3,100000,25,0.00025,73,0.00073
-35,-36,4,100000,29,0.00029,88,0.00088
-35,-36,5,100000,28,0.00028,70,0.0007
-35,-35,0,100000,51,0.00051,83,0.00083
-35,-35,1,100000,26,0.00026,72,0.00072
-35,-35,2,100000,32,0.00032,83,0.00083
-35,-35,3,100000,46,0.00046,70,0.0007
-35,-35,4,100000,29,0.00029,71,0.00071
-35,-35,5,100000,31,0.00031,76,0.00076
-35,-34,0,100000,27,0.00027,57,0.00057
-35,-34,1,100000,34,0.00034,76,0.00076
-35,-34,2,100000,35,0.00035,68,0.00068
-35,-34,3,100000,32,0.00032,75,0.00075
-35,-34,4,100000,28,0.00028,70,0.0007
-35,-34,5,100000,34,0.00034,67,0.00067
-35,-33,0,100000,22,0.00022,54,0.00054
-35,-33,1,100000,24,0.00024,74,0.00074
-35,-33,2,100000,21,0.00021,70,0.0007
-35,-33,3,100000,34,0.00034,77,0.00077
-35,-33,4,100000,22,0.00022,64,0.00064
-35,-33,5,100000,39,0.00039,79,0.00079
-35,-32,0,100000,46,0.00046,72,0.00072
-35,-32,1,100000,17,0.00017,70,0.0007
-35,-32,2,100000,19,0.00019,69,0.00069
-35,-32,3,100000,33,0.00033,71,0.00071
-35,-32,4,100000,21,0.00021,53,0.00053
-35,-32,5,100000,24,0.00024,67,0.00067
-35,-31,0,100000,25,0.00025,83,0.00083
-35,-31,1,100000,29,0.00029,90,0.0009
-35,-31,2,100000,28,0.00028,74,0.00074
-35,-31,3,100000,27,0.00027,67,0.00067
-35,-31,4,100000,37,0.00037,80,0.0008
-35,-31,5,100000,30,0.0003,74,0.00074
-35,-30,0,100000,26,0.00026,81,0.00081
-35,-30,1,100000,18,0.00018,73,0.00073
-35,-30,2,100000,38,0.00038,75,0.00075
-35,-30,3,100000,22,0.00022,71,0.00071
-35,-30,4,100000,33,0.00033,85,0.00085
-35,-30,5,100000,52,0.00052,84,0.00084
-35,-29,0,100000,24,0.00024,66,0.00066
-35,-29,1,100000,46,0.00046,77,0.00077
-35,-29,2,100000,33,0.00033,72,0.00072
-35,-29,3,100000,53,0.00053,87,0.00087
-35,-29,4,100000,30,0.0003,89,0.00089
-35,-29,5,100000,26,0.00026,78,0.00078
-35,-28,0,100000,18,0.00018,66,0.00066
-35,-28,1,100000,38,0.00038,62,0.00062
-35,-28,2,100000,22,0.00022,70,0.0007
-35,-28,3,100000,27,0.00027,75,0.00075
-35,-28,4,100000,23,0.00023,66,0.00066
-35,-28,5,100000,34,0.00034,65,0.00065
-35,-27,0,100000,29,0.00029,66,0.00066
-35,-27,1,100000,35,0.00035,82,0.00082
-35,-27,2,100000,30,0.0003,74,0.00074
-35,-27,3,100000,25,0.00025,78,0.00078
-35,-27,4,100000,36,0.00036,75,0.00075
-35,-27,5,100000,50,0.0005,86,0.00086
-35,-26,0,100000,50,0.0005,66,0.00066
-35,-26,1,100000,24,0.00024,70,0.0007
-35,-26,2,100000,20,0.0002,51,0.00051
-35,-26,3,100000,30,0.0003,71,0.00071
-35,-26,4,100000,23,0.00023,76,0.00076
-35,-26,5,100000,22,0.00022,64,0.00064
-35,-25,0,100000,44,0.00044,82,0.00082
-35,-25,1,100000,33,0.00033,71,0.00071
-35,-25,2,100000,22,0.00022,80,0.0008
-35,-25,3,100000,27,0.00027,62,0.00062
-35,-25,4,100000,28,0.00028,68,0.00068
-35,-25,5,100000,45,0.00045,70,0.0007
-35,-24,0,100000,37,0.00037,64,0.00064
-35,-24,1,100000,44,0.00044,82,0.00082
-35,-24,2,100000,30,0.0003,75,0.00075
-35,-24,3,100000,35,0.00035,68,0.00068
-35,-24,4,100000,49,0.00049,64,0.00064
-35,-24,5,100000,34,0.00034,68,0.00068
-35,-23,0,100000,48,0.00048,87,0.00087
-35,-23,1,100000,61,0.00061,82,0.00082
-35,-23,2,100000,20,0.0002,77,0.00077
-35,-23,3,100000,44,0.00044,81,0.00081
-35,-23,4,100000,43,0.00043,84,0.00084
-35,-23,5,100000,25,0.00025,64,0.00064
-35,-22,0,100000,26,0.00026,67,0.00067
-35,-22,1,100000,29,0.00029,68,0.00068
-35,-22,2,100000,30,0.0003,72,0.00072
-35,-22,3,100000,26,0.00026,72,0.00072
-35,-22,4,100000,25,0.00025,81,0.00081
-35,-22,5,100000,26,0.00026,74,0.00074
-35,-21,0,100000,16,0.00016,74,0.00074
-35,-21,1,100000,33,0.00033,73,0.00073
-35,-21,2,100000,19,0.00019,66,0.00066
-35,-21,3,100000,32,0.00032,72,0.00072
-35,-21,4,100000,30,0.0003,73,0.00073
-35,-21,5,100000,43,0.00043,81,0.00081
-35,-20,0,100000,27,0.00027,62,0.00062
-35,-20,1,100000,24,0.00024,66,0.00066
-35,-20,2,100000,21,0.00021,68,0.00068
-35,-20,3,100000,36,0.00036,70,0.0007
-35,-20,4,100000,31,0.00031,70,0.0007
-35,-20,5,100000,27,0.00027,74,0.00074
-35,-19,0,100000,20,0.0002,63,0.00063
-35,-19,1,100000,23,0.00023,60,0.0006
-35,-19,2,100000,27,0.00027,81,0.00081
-35,-19,3,100000,27,0.00027,72,0.00072
-35,-19,4,100000,16,0.00016,80,0.0008
-35,-19,5,100000,36,0.00036,64,0.00064
-35,-18,0,100000,29,0.00029,68,0.00068
-35,-18,1,100000,54,0.00054,89,0.00089
-35,-18,2,100000,43,0.00043,82,0.00082
-35,-18,3,100000,23,0.00023,79,0.00079
-35,-18,4,100000,17,0.00017,62,0.00062
-35,-18,5,100000,52,0.00052,90,0.0009
-35,-17,0,100000,22,0.00022,76,0.00076
-35,-17,1,100000,38,0.00038,82,0.00082
-35,-17,2,100000,35,0.00035,84,0.00084
-35,-17,3,100000,73,0.00073,92,0.00092
-35,-17,4,100000,27,0.00027,77,0.00077
-35,-17,5,100000,32,0.00032,76,0.00076
-35,-16,0,100000,35,0.00035,73,0.00073
-35,-16,1,100000,31,0.00031,76,0.00076
-35,-16,2,100000,21,0.00021,65,0.00065
-35,-16,3,100000,22,0.00022,65,0.00065
-35,-16,4,100000,27,0.00027,75,0.00075
-35,-16,5,100000,42,0.00042,77,0.00077
-35,-15,0,100000,34,0.00034,86,0.00086
-35,-15,1,100000,15,0.00015,64,0.00064
-35,-15,2,100000,26,0.00026,72,0.00072
-35,-15,3,100000,28,0.00028,64,0.00064
-35,-15,4,100000,27,0.00027,76,0.00076
-35,-15,5,100000,25,0.00025,65,0.00065
-35,-14,0,100000,23,0.00023,73,0.00073
-35,-14,1,100000,24,0.00024,64,0.00064
-35,-14,2,100000,46,0.00046,77,0.00077
-35,-14,3,100000,58,0.00058,73,0.00073
-35,-14,4,100000,19,0.00019,63,0.00063
-35,-14,5,100000,26,0.00026,57,0.00057
-35,-13,0,100000,41,0.00041,68,0.00068
-35,-13,1,100000,21,0.00021,61,0.00061
-35,-13,2,100000,25,0.00025,78,0.00078
-35,-13,3,100000,21,0.00021,79,0.00079
-35,-13,4,100000,25,0.00025,70,0.0007
-35,-13,5,100000,49,0.00049,85,0.00085
-35,-12,0,100000,27,0.00027,76,0.00076
-35,-12,1,100000,15,0.00015,69,0.00069
-35,-12,2,100000,45,0.00045,66,0.00066
-35,-12,3,100000,26,0.00026,86,0.00086
-35,-12,4,100000,29,0.00029,58,0.00058
-35,-12,5,100000,31,0.00031,76,0.00076
-35,-11,0,100000,33,0.00033,70,0.0007
-35,-11,1,100000,18,0.00018,59,0.00059
-35,-11,2,100000,26,0.00026,63,0.00063
-35,-11,3,100000,53,0.00053,73,0.00073
-35,-11,4,100000,27,0.00027,72,0.00072
-35,-11,5,100000,16,0.00016,70,0.0007
-35,-10,0,100000,19,0.00019,55,0.00055
-35,-10,1,100000,19,0.00019,64,0.00064
-35,-10,2,100000,25,0.00025,60,0.0006
-35,-10,3,100000,38,0.00038,78,0.00078
-35,-10,4,100000,35,0.00035,65,0.00065
-35,-10,5,100000,29,0.00029,65,0.00065
-35,-9,0,100000,45,0.00045,62,0.00062
-35,-9,1,100000,22,0.00022,64,0.00064
-35,-9,2,100000,42,0.00042,68,0.00068
-35,-9,3,100000,27,0.00027,76,0.00076
-35,-9,4,100000,59,0.00059,97,0.00097
-35,-9,5,100000,37,0.00037,71,0.00071
-35,-8,0,100000,28,0.00028,80,0.0008
-35,-8,1,100000,29,0.00029,67,0.00067
-35,-8,2,100000,24,0.00024,57,0.00057
-35,-8,3,100000,27,0.00027,71,0.00071
-35,-8,4,100000,31,0.00031,61,0.00061
-35,-8,5,100000,33,0.00033,81,0.00081
-35,-7,0,100000,22,0.00022,58,0.00058
-35,-7,1,100000,42,0.00042,77,0.00077
-35,-7,2,100000,39,0.00039,74,0.00074
-35,-7,3,100000,21,0.00021,73,0.00073
-35,-7,4,100000,58,0.00058,99,0.00099
-35,-7,5,100000,25,0.00025,56,0.00056
-35,-6,0,100000,32,0.00032,82,0.00082
-35,-6,1,100000,34,0.00034,79,0.00079
-35,-6,2,100000,40,0.0004,80,0.0008
-35,-6,3,100000,38,0.00038,66,0.00066
-35,-6,4,100000,32,0.00032,88,0.00088
-35,-6,5,100000,43,0.00043,69,0.00069
-35,-5,0,100000,61,0.00061,76,0.00076
-35,-5,1,100000,38,0.00038,64,0.00064
-35,-5,2,100000,31,0.00031,69,0.00069
-35,-5,3,100000,14,0.00014,73,0.00073
-35,-5,4,100000,33,0.00033,66,0.00066
-35,-5,5,100000,43,0.00043,68,0.00068
-35,-4,0,100000,48,0.00048,77,0.00077
-35,-4,1,100000,17,0.00017,64,0.00064
-35,-4,2,100000,33,0.00033,81,0.00081
-35,-4,3,100000,34,0.00034,66,0.00066
-35,-4,4,100000,52,0.00052,87,0.00087
-35,-4,5,100000,32,0.00032,78,0.00078
-35,-3,0,100000,23,0.00023,75,0.00075
-35,-3,1,100000,23,0.00023,80,0.0008
-35,-3,2,100000,22,0.00022,75,0.00075
-35,-3,3,100000,34,0.00034,70,0.0007
-35,-3,4,100000,21,0.00021,78,0.00078
-35,-3,5,100000,14,0.00014,65,0.00065
-35,-2,0,100000,22,0.00022,63,0.00063
-35,-2,1,100000,30,0.0003,71,0.00071
-35,-2,2,100000,15,0.00015,58,0.00058
-35,-2,3,100000,38,0.00038,64,0.00064
-35,-2,4,100000,34,0.00034,78,0.00078
-35,-2,5,100000,24,0.00024,77,0.00077
-35,-1,0,100000,21,0.00021,73,0.00073
-35,-1,1,100000,41,0.00041,74,0.00074
-35,-1,2,100000,19,0.00019,85,0.00085
-35,-1,3,100000,38,0.00038,69,0.00069
-35,-1,4,100000,32,0.00032,63,0.00063
-35,-1,5,100000,48,0.00048,78,0.00078
-35,0,0,100000,15,0.00015,54,0.00054
-35,0,1,100000,49,0.00049,90,0.0009
-35,0,2,100000,30,0.0003,84,0.00084
-35,0,3,100000,40,0.0004,79,0.00079
-35,0,4,100000,36,0.00036,70,0.0007
-35,0,5,100000,27,0.00027,73,0.00073
-35,1,0,100000,43,0.00043,73,0.00073
-35,1,1,100000,33,0.00033,84,0.00084
-35,1,2,100000,27,0.00027,75,0.00075
-35,1,3,100000,19,0.00019,76,0.00076
-35,1,4,100000,46,0.00046,63,0.00063
-35,1,5,100000,18,0.00018,76,0.00076
-35,2,0,100000,58,0.00058,84,0.00084
-35,2,1,100000,22,0.00022,80,0.0008
-35,2,2,100000,28,0.00028,72,0.00072
-35,2,3,100000,24,0.00024,74,0.00074
-35,2,4,100000,33,0.00033,75,0.00075
-35,2,5,100000,26,0.00026,65,0.00065
-35,3,0,100000,34,0.00034,71,0.00071
-35,3,1,100000,16,0.00016,63,0.00063
-35,3,2,100000,25,0.00025,72,0.00072
-35,3,3,100000,31,0.00031,65,0.00065
-35,3,4,100000,22,0.00022,56,0.00056
-35,3,5,100000,23,0.00023,71,0.00071
-35,4,0,100000,38,0.00038,76,0.00076
-35,4,1,100000,29,0.00029,68,0.00068
-35,4,2,100000,37,0.00037,65,0.00065
-35,4,3,100000,26,0.00026,70,0.0007
-35,4,4,100000,33,0.00033,70,0.0007
-35,4,5,100000,29,0.00029,91,0.00091
-35,5,0,100000,34,0.00034,84,0.00084
-35,5,1,100000,34,0.00034,84,0.00084
-35,5,2,100000,49,0.00049,63,0.00063
-35,5,3,100000,28,0.00028,57,0.00057
-35,5,4,100000,29,0.00029,68,0.00068
-35,5,5,100000,37,0.00037,81,0.00081
-35,6,0,100000,28,0.00028,69,0.00069
-35,6,1,100000,27,0.00027,62,0.00062
-35,6,2,100000,18,0.00018,67,0.00067
-35,6,3,100000,19,0.00019,73,0.00073
-35,6,4,100000,27,0.00027,67,0.00067
-35,6,5,100000,26,0.00026,75,0.00075
-35,7,0,100000,32,0.00032,69,0.00069
-35,7,1,100000,32,0.00032,78,0.00078
-35,7,2,100000,38,0.00038,77,0.00077
-35,7,3,100000,35,0.00035,66,0.00066
-35,7,4,100000,32,0.00032,79,0.00079
-35,7,5,100000,28,0.00028,73,0.00073
-35,8,0,100000,21,0.00021,63,0.00063
-35,8,1,100000,27,0.00027,60,0.0006
-35,8,2,100000,32,0.00032,60,0.0006
-35,8,3,100000,21,0.00021,77,0.00077
-35,8,4,100000,35,0.00035,68,0.00068
-35,8,5,100000,32,0.00032,65,0.00065
-35,9,0,100000,39,0.00039,70,0.0007
-35,9,1,100000,27,0.00027,58,0.00058
-35,9,2,100000,37,0.00037,68,0.00068
-35,9,3,100000,35,0.00035,66,0.00066
-35,9,4,100000,29,0.00029,75,0.00075
-35,9,5,100000,26,0.00026,59,0.00059
-35,10,0,100000,18,0.00018,81,0.00081
-35,10,1,100000,31,0.00031,73,0.00073
-35,10,2,100000,37,0.00037,74,0.00074
-35,10,3,100000,43,0.00043,90,0.0009
-35,10,4,100000,35,0.00035,80,0.0008
-35,10,5,100000,31,0.00031,73,0.00073
-35,11,0,100000,31,0.00031,86,0.00086
-35,11,1,100000,33,0.00033,81,0.00081
-35,11,2,100000,40,0.0004,79,0.00079
-35,11,3,100000,11,0.00011,62,0.00062
-35,11,4,100000,36,0.00036,70,0.0007
-35,11,5,100000,24,0.00024,71,0.00071
-35,12,0,100000,27,0.00027,77,0.00077
-35,12,1,100000,25,0.00025,62,0.00062
-35,12,2,100000,31,0.00031,76,0.00076
-35,12,3,100000,25,0.00025,75,0.00075
-35,12,4,100000,35,0.00035,62,0.00062
-35,12,5,100000,32,0.00032,66,0.00066
-35,13,0,100000,45,0.00045,76,0.00076
-35,13,1,100000,23,0.00023,58,0.00058
-35,13,2,100000,34,0.00034,90,0.0009
-35,13,3,100000,38,0.00038,79,0.00079
-35,13,4,100000,23,0.00023,66,0.00066
-35,13,5,100000,35,0.00035,77,0.00077
-35,14,0,100000,30,0.0003,81,0.00081
-35,14,1,100000,29,0.00029,70,0.0007
-35,14,2,100000,41,0.00041,78,0.00078
-35,14,3,100000,35,0.00035,83,0.00083
-35,14,4,100000,38,0.00038,78,0.00078
-35,14,5,100000,35,0.00035,76,0.00076
-35,15,0,100000,26,0.00026,73,0.00073
-35,15,1,100000,40,0.0004,71,0.00071
-35,15,2,100000,30,0.0003,56,0.00056
-35,15,3,100000,35,0.00035,64,0.00064
-35,15,4,100000,22,0.00022,59,0.00059
-35,15,5,100000,41,0.00041,71,0.00071
-35,16,0,100000,15,0.00015,59,0.00059
-35,16,1,100000,17,0.00017,73,0.00073
-35,16,2,100000,30,0.0003,62,0.00062
-35,16,3,100000,46,0.00046,73,0.00073
-35,16,4,100000,34,0.00034,72,0.00072
-35,16,5,100000,24,0.00024,61,0.00061
-35,17,0,100000,21,0.00021,75,0.00075
-35,17,1,100000,24,0.00024,72,0.00072
-35,17,2,100000,20,0.0002,73,0.00073
-35,17,3,100000,27,0.00027,68,0.00068
-35,17,4,100000,27,0.00027,77,0.00077
-35,17,5,100000,34,0.00034,64,0.00064
-35,18,0,100000,33,0.00033,75,0.00075
-35,18,1,100000,35,0.00035,79,0.00079
-35,18,2,100000,26,0.00026,56,0.00056
-35,18,3,100000,39,0.00039,78,0.00078
-35,18,4,100000,39,0.00039,85,0.00085
-35,18,5,100000,26,0.00026,88,0.00088
-35,19,0,100000,25,0.00025,63,0.00063
-35,19,1,100000,28,0.00028,69,0.00069
-35,19,2,100000,15,0.00015,50,0.0005
-35,19,3,100000,28,0.00028,58,0.00058
-35,19,4,100000,34,0.00034,64,0.00064
-35,19,5,100000,26,0.00026,80,0.0008
-35,20,0,100000,19,0.00019,66,0.00066
-35,20,1,100000,39,0.00039,80,0.0008
-35,20,2,100000,21,0.00021,66,0.00066
-35,20,3,100000,41,0.00041,83,0.00083
-35,20,4,100000,29,0.00029,72,0.00072
-35,20,5,100000,27,0.00027,73,0.00073
-35,21,0,100000,23,0.00023,75,0.00075
-35,21,1,100000,34,0.00034,79,0.00079
-35,21,2,100000,33,0.00033,93,0.00093
-35,21,3,100000,23,0.00023,69,0.00069
-35,21,4,100000,37,0.00037,91,0.00091
-35,21,5,100000,32,0.00032,89,0.00089
-35,22,0,100000,42,0.00042,66,0.00066
-35,22,1,100000,28,0.00028,71,0.00071
-35,22,2,100000,67,0.00067,82,0.00082
-35,22,3,100000,27,0.00027,59,0.00059
-35,22,4,100000,37,0.00037,86,0.00086
-35,22,5,100000,24,0.00024,70,0.0007
-35,23,0,100000,26,0.00026,71,0.00071
-35,23,1,100000,32,0.00032,65,0.00065
-35,23,2,100000,21,0.00021,68,0.00068
-35,23,3,100000,27,0.00027,58,0.00058
-35,23,4,100000,20,0.0002,77,0.00077
-35,23,5,100000,26,0.00026,71,0.00071
-35,24,0,100000,31,0.00031,66,0.00066
-35,24,1,100000,32,0.00032,72,0.00072
-35,24,2,100000,38,0.00038,73,0.00073
-35,24,3,100000,38,0.00038,83,0.00083
-35,24,4,100000,19,0.00019,64,0.00064
-35,24,5,100000,32,0.00032,72,0.00072
-35,25,0,100000,26,0.00026,83,0.00083
-35,25,1,100000,33,0.00033,81,0.00081
-35,25,2,100000,31,0.00031,88,0.00088
-35,25,3,100000,26,0.00026,62,0.00062
-35,25,4,100000,33,0.00033,73,0.00073
-35,25,5,100000,34,0.00034,74,0.00074
-35,26,0,100000,29,0.00029,74,0.00074
-35,26,1,100000,36,0.00036,69,0.00069
-35,26,2,100000,38,0.00038,78,0.00078
-35,26,3,100000,22,0.00022,66,0.00066
-35,26,4,100000,22,0.00022,71,0.00071
-35,26,5,100000,21,0.00021,78,0.00078
-35,27,0,100000,23,0.00023,65,0.00065
-35,27,1,100000,17,0.00017,68,0.00068
-35,27,2,100000,26,0.00026,65,0.00065
-35,27,3,100000,14,0.00014,58,0.00058
-35,27,4,100000,30,0.0003,73,0.00073
-35,27,5,100000,29,0.00029,67,0.00067
-35,28,0,100000,35,0.00035,64,0.00064
-35,28,1,100000,25,0.00025,73,0.00073
-35,28,2,100000,26,0.00026,66,0.00066
-35,28,3,100000,32,0.00032,82,0.00082
-35,28,4,100000,20,0.0002,77,0.00077
-35,28,5,100000,29,0.00029,66,0.00066
-35,29,0,100000,51,0.00051,75,0.00075
-35,29,1,100000,39,0.00039,70,0.0007
-35,29,2,100000,32,0.00032,70,0.0007
-35,29,3,100000,31,0.00031,66,0.00066
-35,29,4,100000,31,0.00031,62,0.00062
-35,29,5,100000,33,0.00033,63,0.00063
-35,30,0,100000,27,0.00027,72,0.00072
-35,30,1,100000,35,0.00035,71,0.00071
-35,30,2,100000,28,0.00028,68,0.00068
-35,30,3,100000,43,0.00043,83,0.00083
-35,30,4,100000,29,0.00029,59,0.00059
-35,30,5,100000,34,0.00034,72,0.00072
-35,31,0,100000,35,0.00035,68,0.00068
-35,31,1,100000,39,0.00039,67,0.00067
-35,31,2,100000,34,0.00034,67,0.00067
-35,31,3,100000,33,0.00033,83,0.00083
-35,31,4,100000,21,0.00021,62,0.00062
-35,31,5,100000,16,0.00016,61,0.00061
-35,32,0,100000,31,0.00031,80,0.0008
-35,32,1,100000,22,0.00022,64,0.00064
-35,32,2,100000,24,0.00024,69,0.00069
-35,32,3,100000,30,0.0003,72,0.00072
-35,32,4,100000,32,0.00032,71,0.00071
-35,32,5,100000,32,0.00032,80,0.0008
-35,33,0,100000,33,0.00033,79,0.00079
-35,33,1,100000,27,0.00027,72,0.00072
-35,33,2,100000,20,0.0002,72,0.00072
-35,33,3,100000,32,0.00032,70,0.0007
-35,33,4,100000,41,0.00041,85,0.00085
-35,33,5,100000,34,0.00034,78,0.00078
-35,34,0,100000,34,0.00034,66,0.00066
-35,34,1,100000,28,0.00028,66,0.00066
-35,34,2,100000,37,0.00037,78,0.00078
-35,34,3,100000,20,0.0002,77,0.00077
-35,34,4,100000,32,0.00032,77,0.00077
-35,34,5,100000,29,0.00029,71,0.00071
-35,35,0,100000,32,0.00032,77,0.00077
-35,35,1,100000,19,0.00019,87,0.00087
-35,35,2,100000,30,0.0003,80,0.0008
-35,35,3,100000,29,0.00029,69,0.00069
-35,35,4,100000,38,0.00038,76,0.00076
-35,35,5,100000,27,0.00027,77,0.00077
-35,36,0,100000,51,0.00051,74,0.00074
-35,36,1,100000,22,0.00022,63,0.00063
-35,36,2,100000,20,0.0002,70,0.0007
-35,36,3,100000,17,0.00017,66,0.00066
-35,36,4,100000,29,0.00029,72,0.00072
-35,36,5,100000,56,0.00056,86,0.00086
-35,37,0,100000,49,0.00049,74,0.00074
-35,37,1,100000,21,0.00021,68,0.00068
-35,37,2,100000,25,0.00025,62,0.00062
-35,37,3,100000,25,0.00025,72,0.00072
-35,37,4,100000,29,0.00029,84,0.00084
-35,37,5,100000,20,0.0002,52,0.00052
-35,38,0,100000,21,0.00021,60,0.0006
-35,38,1,100000,20,0.0002,68,0.00068
-35,38,2,100000,32,0.00032,81,0.00081
-35,38,3,100000,29,0.00029,77,0.00077
-35,38,4,100000,29,0.00029,70,0.0007
-35,38,5,100000,17,0.00017,60,0.0006
-35,39,0,100000,24,0.00024,65,0.00065
-35,39,1,100000,38,0.00038,71,0.00071
-35,39,2,100000,21,0.00021,74,0.00074
-35,39,3,100000,49,0.00049,88,0.00088
-35,39,4,100000,27,0.00027,80,0.0008
-35,39,5,100000,17,0.00017,71,0.00071
-35,40,0,100000,35,0.00035,86,0.00086
-35,40,1,100000,26,0.00026,60,0.0006
-35,40,2,100000,13,0.00013,53,0.00053
-35,40,3,100000,36,0.00036,92,0.00092
-35,40,4,100000,31,0.00031,75,0.00075
-35,40,5,100000,22,0.00022,57,0.00057
-35,41,0,100000,33,0.00033,76,0.00076
-35,41,1,100000,33,0.00033,78,0.00078
-35,41,2,100000,38,0.00038,82,0.00082
-35,41,3,100000,37,0.00037,85,0.00085
-35,41,4,100000,33,0.00033,72,0.00072
-35,41,5,100000,28,0.00028,75,0.00075
-35,42,0,100000,40,0.0004,71,0.00071
-35,42,1,100000,11,0.00011,67,0.00067
-35,42,2,100000,37,0.00037,81,0.00081
-35,42,3,100000,27,0.00027,78,0.00078
-35,42,4,100000,39,0.00039,97,0.00097
-35,42,5,100000,30,0.0003,81,0.00081
-35,43,0,100000,17,0.00017,63,0.00063
-35,43,1,100000,25,0.00025,64,0.00064
-35,43,2,100000,13,0.00013,68,0.00068
-35,43,3,100000,18,0.00018,67,0.00067
-35,43,4,100000,29,0.00029,61,0.00061
-35,43,5,100000,38,0.00038,83,0.00083
-35,44,0,100000,25,0.00025,84,0.00084
-35,44,1,100000,53,0.00053,88,0.00088
-35,44,2,100000,20,0.0002,68,0.00068
-35,44,3,100000,39,0.00039,80,0.0008
-35,44,4,100000,28,0.00028,68,0.00068
-35,44,5,100000,23,0.00023,66,0.00066
-35,45,0,100000,15,0.00015,71,0.00071
-35,45,1,100000,41,0.00041,72,0.00072
-35,45,2,100000,28,0.00028,73,0.00073
-35,45,3,100000,53,0.00053,75,0.00075
-35,45,4,100000,19,0.00019,77,0.00077
-35,45,5,100000,22,0.00022,79,0.00079
-35,46,0,100000,40,0.0004,72,0.00072
-35,46,1,100000,32,0.00032,62,0.00062
-35,46,2,100000,22,0.00022,83,0.00083
-35,46,3,100000,29,0.00029,78,0.00078
-35,46,4,100000,40,0.0004,86,0.00086
-35,46,5,100000,28,0.00028,57,0.00057
-35,47,0,100000,42,0.00042,66,0.00066
-35,47,1,100000,40,0.0004,60,0.0006
-35,47,2,100000,25,0.00025,68,0.00068
-35,47,3,100000,30,0.0003,72,0.00072
-35,47,4,100000,14,0.00014,67,0.00067
-35,47,5,100000,30,0.0003,60,0.0006
-35,48,0,100000,29,0.00029,73,0.00073
-35,48,1,100000,38,0.00038,91,0.00091
-35,48,2,100000,21,0.00021,69,0.00069
-35,48,3,100000,25,0.00025,61,0.00061
-35,48,4,100000,36,0.00036,65,0.00065
-35,48,5,100000,36,0.00036,86,0.00086
-35,49,0,100000,29,0.00029,81,0.00081
-35,49,1,100000,13,0.00013,66,0.00066
-35,49,2,100000,35,0.00035,86,0.00086
-35,49,3,100000,46,0.00046,83,0.00083
-35,49,4,100000,25,0.00025,77,0.00077
-35,49,5,100000,29,0.00029,74,0.00074
-35,50,0,100000,36,0.00036,76,0.00076
-35,50,1,100000,36,0.00036,61,0.00061
-35,50,2,100000,26,0.00026,71,0.00071
-35,50,3,100000,16,0.00016,78,0.00078
-35,50,4,100000,29,0.00029,83,0.00083
-35,50,5,100000,19,0.00019,63,0.00063
-34,-50,0,100000,15,0.00015,73,0.00073
-34,-50,1,100000,22,0.00022,68,0.00068
-34,-50,2,100000,25,0.00025,67,0.00067
-34,-50,3,100000,19,0.00019,68,0.00068
-34,-50,4,100000,34,0.00034,77,0.00077
-34,-50,5,100000,23,0.00023,71,0.00071
-34,-49,0,100000,25,0.00025,60,0.0006
-34,-49,1,100000,28,0.00028,74,0.00074
-34,-49,2,100000,19,0.00019,62,0.00062
-34,-49,3,100000,37,0.00037,72,0.00072
-34,-49,4,100000,29,0.00029,77,0.00077
-34,-49,5,100000,36,0.00036,75,0.00075
-34,-48,0,100000,20,0.0002,73,0.00073
-34,-48,1,100000,55,0.00055,85,0.00085
-34,-48,2,100000,41,0.00041,80,0.0008
-34,-48,3,100000,35,0.00035,81,0.00081
-34,-48,4,100000,21,0.00021,63,0.00063
-34,-48,5,100000,29,0.00029,54,0.00054
-34,-47,0,100000,34,0.00034,66,0.00066
-34,-47,1,100000,43,0.00043,78,0.00078
-34,-47,2,100000,35,0.00035,72,0.00072
-34,-47,3,100000,25,0.00025,56,0.00056
-34,-47,4,100000,30,0.0003,66,0.00066
-34,-47,5,100000,27,0.00027,67,0.00067
-34,-46,0,100000,14,0.00014,70,0.0007
-34,-46,1,100000,26,0.00026,77,0.00077
-34,-46,2,100000,10,0.0001,63,0.00063
-34,-46,3,100000,23,0.00023,70,0.0007
-34,-46,4,100000,25,0.00025,69,0.00069
-34,-46,5,100000,29,0.00029,69,0.00069
-34,-45,0,100000,29,0.00029,67,0.00067
-34,-45,1,100000,36,0.00036,75,0.00075
-34,-45,2,100000,44,0.00044,69,0.00069
-34,-45,3,100000,13,0.00013,67,0.00067
-34,-45,4,100000,46,0.00046,90,0.0009
-34,-45,5,100000,21,0.00021,74,0.00074
-34,-44,0,100000,18,0.00018,57,0.00057
-34,-44,1,100000,31,0.00031,76,0.00076
-34,-44,2,100000,62,0.00062,76,0.00076
-34,-44,3,100000,40,0.0004,75,0.00075
-34,-44,4,100000,34,0.00034,74,0.00074
-34,-44,5,100000,18,0.00018,61,0.00061
-34,-43,0,100000,33,0.00033,56,0.00056
-34,-43,1,100000,18,0.00018,69,0.00069
-34,-43,2,100000,18,0.00018,67,0.00067
-34,-43,3,100000,28,0.00028,67,0.00067
-34,-43,4,100000,27,0.00027,56,0.00056
-34,-43,5,100000,43,0.00043,68,0.00068
-34,-42,0,100000,39,0.00039,78,0.00078
-34,-42,1,100000,59,0.00059,74,0.00074
-34,-42,2,100000,20,0.0002,75,0.00075
-34,-42,3,100000,36,0.00036,87,0.00087
-34,-42,4,100000,22,0.00022,88,0.00088
-34,-42,5,100000,21,0.00021,59,0.00059
-34,-41,0,100000,35,0.00035,73,0.00073
-34,-41,1,100000,45,0.00045,79,0.00079
-34,-41,2,100000,27,0.00027,61,0.00061
-34,-41,3,100000,33,0.00033,78,0.00078
-34,-41,4,100000,36,0.00036,70,0.0007
-34,-41,5,100000,32,0.00032,86,0.00086
-34,-40,0,100000,40,0.0004,90,0.0009
-34,-40,1,100000,27,0.00027,68,0.00068
-34,-40,2,100000,47,0.00047,85,0.00085
-34,-40,3,100000,30,0.0003,68,0.00068
-34,-40,4,100000,27,0.00027,84,0.00084
-34,-40,5,100000,28,0.00028,74,0.00074
-34,-39,0,100000,31,0.00031,73,0.00073
-34,-39,1,100000,23,0.00023,58,0.00058
-34,-39,2,100000,47,0.00047,75,0.00075
-34,-39,3,100000,32,0.00032,75,0.00075
-34,-39,4,100000,23,0.00023,75,0.00075
-34,-39,5,100000,23,0.00023,70,0.0007
-34,-38,0,100000,42,0.00042,92,0.00092
-34,-38,1,100000,49,0.00049,96,0.00096
-34,-38,2,100000,29,0.00029,77,0.00077
-34,-38,3,100000,57,0.00057,77,0.00077
-34,-38,4,100000,35,0.00035,81,0.00081
-34,-38,5,100000,21,0.00021,69,0.00069
-34,-37,0,100000,33,0.00033,74,0.00074
-34,-37,1,100000,39,0.00039,84,0.00084
-34,-37,2,100000,27,0.00027,78,0.00078
-34,-37,3,100000,30,0.0003,64,0.00064
-34,-37,4,100000,24,0.00024,70,0.0007
-34,-37,5,100000,32,0.00032,75,0.00075
-34,-36,0,100000,27,0.00027,65,0.00065
-34,-36,1,100000,34,0.00034,71,0.00071
-34,-36,2,100000,37,0.00037,82,0.00082
-34,-36,3,100000,30,0.0003,65,0.00065
-34,-36,4,100000,30,0.0003,80,0.0008
-34,-36,5,100000,22,0.00022,60,0.0006
-34,-35,0,100000,29,0.00029,63,0.00063
-34,-35,1,100000,35,0.00035,82,0.00082
-34,-35,2,100000,18,0.00018,67,0.00067
-34,-35,3,100000,15,0.00015,59,0.00059
-34,-35,4,100000,26,0.00026,80,0.0008
-34,-35,5,100000,21,0.00021,59,0.00059
-34,-34,0,100000,20,0.0002,83,0.00083
-34,-34,1,100000,44,0.00044,74,0.00074
-34,-34,2,100000,26,0.00026,79,0.00079
-34,-34,3,100000,29,0.00029,67,0.00067
-34,-34,4,100000,71,0.00071,88,0.00088
-34,-34,5,100000,20,0.0002,65,0.00065
-34,-33,0,100000,33,0.00033,66,0.00066
-34,-33,1,100000,38,0.00038,57,0.00057
-34,-33,2,100000,23,0.00023,72,0.00072
-34,-33,3,100000,29,0.00029,74,0.00074
-34,-33,4,100000,19,0.00019,76,0.00076
-34,-33,5,100000,16,0.00016,65,0.00065
-34,-32,0,100000,27,0.00027,68,0.00068
-34,-32,1,100000,29,0.00029,75,0.00075
-34,-32,2,100000,38,0.00038,65,0.00065
-34,-32,3,100000,39,0.00039,79,0.00079
-34,-32,4,100000,28,0.00028,76,0.00076
-34,-32,5,100000,21,0.00021,83,0.00083
-34,-31,0,100000,39,0.00039,85,0.00085
-34,-31,1,100000,36,0.00036,71,0.00071
-34,-31,2,100000,33,0.00033,69,0.00069
-34,-31,3,100000,28,0.00028,84,0.00084
-34,-31,4,100000,21,0.00021,67,0.00067
-34,-31,5,100000,34,0.00034,71,0.00071
-34,-30,0,100000,57,0.00057,85,0.00085
-34,-30,1,100000,27,0.00027,79,0.00079
-34,-30,2,100000,39,0.00039,60,0.0006
-34,-30,3,100000,26,0.00026,83,0.00083
-34,-30,4,100000,32,0.00032,69,0.00069
-34,-30,5,100000,34,0.00034,72,0.00072
-34,-29,0,100000,37,0.00037,78,0.00078
-34,-29,1,100000,30,0.0003,57,0.00057
-34,-29,2,100000,23,0.00023,65,0.00065
-34,-29,3,100000,29,0.00029,76,0.00076
-34,-29,4,100000,42,0.00042,89,0.00089
-34,-29,5,100000,15,0.00015,64,0.00064
-34,-28,0,100000,24,0.00024,66,0.00066
-34,-28,1,100000,38,0.00038,77,0.00077
-34,-28,2,100000,24,0.00024,79,0.00079
-34,-28,3,100000,32,0.00032,73,0.00073
-34,-28,4,100000,36,0.00036,57,0.00057
-34,-28,5,100000,25,0.00025,56,0.00056
-34,-27,0,100000,51,0.00051,85,0.00085
-34,-27,1,100000,39,0.00039,59,0.00059
-34,-27,2,100000,34,0.00034,74,0.00074
-34,-27,3,100000,16,0.00016,66,0.00066
-34,-27,4,100000,29,0.00029,65,0.00065
-34,-27,5,100000,55,0.00055,86,0.00086
-34,-26,0,100000,21,0.00021,67,0.00067
-34,-26,1,100000,19,0.00019,85,0.00085
-34,-26,2,100000,16,0.00016,80,0.0008
-34,-26,3,100000,32,0.00032,71,0.00071
-34,-26,4,100000,29,0.00029,70,0.0007
-34,-26,5,100000,34,0.00034,72,0.00072
-34,-25,0,100000,30,0.0003,85,0.00085
-34,-25,1,100000,39,0.00039,66,0.00066
-34,-25,2,100000,25,0.00025,87,0.00087
-34,-25,3,100000,35,0.00035,74,0.00074
-34,-25,4,100000,19,0.00019,73,0.00073
-34,-25,5,100000,47,0.00047,96,0.00096
-34,-24,0,100000,41,0.00041,65,0.00065
-34,-24,1,100000,32,0.00032,69,0.00069
-34,-24,2,100000,27,0.00027,68,0.00068
-34,-24,3,100000,35,0.00035,67,0.00067
-34,-24,4,100000,25,0.00025,74,0.00074
-34,-24,5,100000,27,0.00027,75,0.00075
-34,-23,0,100000,33,0.00033,77,0.00077
-34,-23,1,100000,28,0.00028,63,0.00063
-34,-23,2,100000,35,0.00035,66,0.00066
-34,-23,3,100000,28,0.00028,74,0.00074
-34,-23,4,100000,26,0.00026,61,0.00061
-34,-23,5,100000,35,0.00035,66,0.00066
-34,-22,0,100000,28,0.00028,75,0.00075
-34,-22,1,100000,21,0.00021,66,0.00066
-34,-22,2,100000,29,0.00029,87,0.00087
-34,-22,3,100000,30,0.0003,65,0.00065
-34,-22,4,100000,22,0.00022,62,0.00062
-34,-22,5,100000,28,0.00028,76,0.00076
-34,-21,0,100000,21,0.00021,80,0.0008
-34,-21,1,100000,16,0.00016,64,0.00064
-34,-21,2,100000,46,0.00046,67,0.00067
-34,-21,3,100000,40,0.0004,89,0.00089
-34,-21,4,100000,29,0.00029,65,0.00065
-34,-21,5,100000,30,0.0003,73,0.00073
-34,-20,0,100000,45,0.00045,85,0.00085
-34,-20,1,100000,37,0.00037,72,0.00072
-34,-20,2,100000,17,0.00017,72,0.00072
-34,-20,3,100000,28,0.00028,68,0.00068
-34,-20,4,100000,23,0.00023,69,0.00069
-34,-20,5,100000,19,0.00019,74,0.00074
-34,-19,0,100000,24,0.00024,75,0.00075
-34,-19,1,100000,36,0.00036,69,0.00069
-34,-19,2,100000,24,0.00024,77,0.00077
-34,-19,3,100000,26,0.00026,84,0.00084
-34,-19,4,100000,43,0.00043,69,0.00069
-34,-19,5,100000,29,0.00029,69,0.00069
-34,-18,0,100000,21,0.00021,77,0.00077
-34,-18,1,100000,40,0.0004,87,0.00087
-34,-18,2,100000,24,0.00024,72,0.00072
-34,-18,3,100000,24,0.00024,63,0.00063
-34,-18,4,100000,37,0.00037,80,0.0008
-34,-18,5,100000,52,0.00052,74,0.00074
-34,-17,0,100000,30,0.0003,74,0.00074
-34,-17,1,100000,22,0.00022,68,0.00068
-34,-17,2,100000,30,0.0003,77,0.00077
-34,-17,3,100000,19,0.00019,64,0.00064
-34,-17,4,100000,24,0.00024,71,0.00071
-34,-17,5,100000,33,0.00033,62,0.00062
-34,-16,0,100000,25,0.00025,80,0.0008
-34,-16,1,100000,21,0.00021,64,0.00064
-34,-16,2,100000,19,0.00019,69,0.00069
-34,-16,3,100000,21,0.00021,71,0.00071
-34,-16,4,100000,13,0.00013,63,0.00063
-34,-16,5,100000,25,0.00025,72,0.00072
-34,-15,0,100000,42,0.00042,75,0.00075
-34,-15,1,100000,30,0.0003,69,0.00069
-34,-15,2,100000,35,0.00035,69,0.00069
-34,-15,3,100000,46,0.00046,83,0.00083
-34,-15,4,100000,25,0.00025,70,0.0007
-34,-15,5,100000,37,0.00037,76,0.00076
-34,-14,0,100000,48,0.00048,71,0.00071
-34,-14,1,100000,25,0.00025,69,0.00069
-34,-14,2,100000,38,0.00038,71,0.00071
-34,-14,3,100000,28,0.00028,72,0.00072
-34,-14,4,100000,31,0.00031,72,0.00072
-34,-14,5,100000,35,0.00035,75,0.00075
-34,-13,0,100000,26,0.00026,66,0.00066
-34,-13,1,100000,34,0.00034,69,0.00069
-34,-13,2,100000,50,0.0005,82,0.00082
-34,-13,3,100000,35,0.00035,87,0.00087
-34,-13,4,100000,47,0.00047,81,0.00081
-34,-13,5,100000,23,0.00023,68,0.00068
-34,-12,0,100000,15,0.00015,67,0.00067
-34,-12,1,100000,26,0.00026,85,0.00085
-34,-12,2,100000,34,0.00034,71,0.00071
-34,-12,3,100000,25,0.00025,70,0.0007
-34,-12,4,100000,27,0.00027,83,0.00083
-34,-12,5,100000,35,0.00035,74,0.00074
-34,-11,0,100000,59,0.00059,91,0.00091
-34,-11,1,100000,29,0.00029,72,0.00072
-34,-11,2,100000,33,0.00033,89,0.00089
-34,-11,3,100000,40,0.0004,67,0.00067
-34,-11,4,100000,27,0.00027,81,0.00081
-34,-11,5,100000,33,0.00033,86,0.00086
-34,-10,0,100000,34,0.00034,69,0.00069
-34,-10,1,100000,32,0.00032,75,0.00075
-34,-10,2,100000,35,0.00035,70,0.0007
-34,-10,3,100000,39,0.00039,71,0.00071
-34,-10,4,100000,33,0.00033,77,0.00077
-34,-10,5,100000,33,0.00033,63,0.00063
-34,-9,0,100000,25,0.00025,63,0.00063
-34,-9,1,100000,24,0.00024,82,0.00082
-34,-9,2,100000,24,0.00024,73,0.00073
-34,-9,3,100000,26,0.00026,73,0.00073
-34,-9,4,100000,24,0.00024,65,0.00065
-34,-9,5,100000,43,0.00043,84,0.00084
-34,-8,0,100000,36,0.00036,73,0.00073
-34,-8,1,100000,16,0.00016,65,0.00065
-34,-8,2,100000,27,0.00027,68,0.00068
-34,-8,3,100000,29,0.00029,69,0.00069
-34,-8,4,100000,19,0.00019,54,0.00054
-34,-8,5,100000,21,0.00021,60,0.0006
-34,-7,0,100000,28,0.00028,74,0.00074
-34,-7,1,100000,32,0.00032,86,0.00086
-34,-7,2,100000,29,0.00029,85,0.00085
-34,-7,3,100000,30,0.0003,69,0.00069
-34,-7,4,100000,26,0.00026,80,0.0008
-34,-7,5,100000,33,0.00033,73,0.00073
-34,-6,0,100000,17,0.00017,75,0.00075
-34,-6,1,100000,29,0.00029,71,0.00071
-34,-6,2,100000,36,0.00036,73,0.00073
-34,-6,3,100000,20,0.0002,73,0.00073
-34,-6,4,100000,33,0.00033,90,0.0009
-34,-6,5,100000,44,0.00044,77,0.00077
-34,-5,0,100000,24,0.00024,71,0.00071
-34,-5,1,100000,40,0.0004,72,0.00072
-34,-5,2,100000,37,0.00037,74,0.00074
-34,-5,3,100000,49,0.00049,90,0.0009
-34,-5,4,100000,32,0.00032,89,0.00089
-34,-5,5,100000,25,0.00025,77,0.00077
-34,-4,0,100000,19,0.00019,74,0.00074
-34,-4,1,100000,36,0.00036,62,0.00062
-34,-4,2,100000,19,0.00019,67,0.00067
-34,-4,3,100000,21,0.00021,72,0.00072
-34,-4,4,100000,26,0.00026,75,0.00075
-34,-4,5,100000,44,0.00044,67,0.00067
-34,-3,0,100000,23,0.00023,57,0.00057
-34,-3,1,100000,39,0.00039,82,0.00082
-34,-3,2,100000,25,0.00025,71,0.00071
-34,-3,3,100000,34,0.00034,84,0.00084
-34,-3,4,100000,26,0.00026,80,0.0008
-34,-3,5,100000,31,0.00031,79,0.00079
-34,-2,0,100000,52,0.00052,75,0.00075
-34,-2,1,100000,25,0.00025,70,0.0007
-34,-2,2,100000,25,0.00025,55,0.00055
-34,-2,3,100000,25,0.00025,67,0.00067
-34,-2,4,100000,21,0.00021,73,0.00073
-34,-2,5,100000,20,0.0002,65,0.00065
-34,-1,0,100000,41,0.00041,76,0.00076
-34,-1,1,100000,35,0.00035,74,0.00074
-34,-1,2,100000,21,0.00021,75,0.00075
-34,-1,3,100000,27,0.00027,59,0.00059
-34,-1,4,100000,27,0.00027,59,0.00059
-34,-1,5,100000,37,0.00037,72,0.00072
-34,0,0,100000,32,0.00032,64,0.00064
-34,0,1,100000,44,0.00044,81,0.00081
-34,0,2,100000,35,0.00035,75,0.00075
-34,0,3,100000,42,0.00042,73,0.00073
-34,0,4,100000,43,0.00043,64,0.00064
-34,0,5,100000,29,0.00029,73,0.00073
-34,1,0,100000,43,0.00043,80,0.0008
-34,1,1,100000,62,0.00062,74,0.00074
-34,1,2,100000,18,0.00018,74,0.00074
-34,1,3,100000,44,0.00044,77,0.00077
-34,1,4,100000,35,0.00035,78,0.00078
-34,1,5,100000,24,0.00024,59,0.00059
-34,2,0,100000,27,0.00027,66,0.00066
-34,2,1,100000,26,0.00026,78,0.00078
-34,2,2,100000,30,0.0003,72,0.00072
-34,2,3,100000,26,0.00026,71,0.00071
-34,2,4,100000,24,0.00024,77,0.00077
-34,2,5,100000,31,0.00031,80,0.0008
-34,3,0,100000,23,0.00023,70,0.0007
-34,3,1,100000,37,0.00037,74,0.00074
-34,3,2,100000,24,0.00024,64,0.00064
-34,3,3,100000,34,0.00034,71,0.00071
-34,3,4,100000,31,0.00031,69,0.00069
-34,3,5,100000,40,0.0004,83,0.00083
-34,4,0,100000,26,0.00026,54,0.00054
-34,4,1,100000,26,0.00026,64,0.00064
-34,4,2,100000,19,0.00019,68,0.00068
-34,4,3,100000,28,0.00028,71,0.00071
-34,4,4,100000,30,0.0003,74,0.00074
-34,4,5,100000,26,0.00026,76,0.00076
-34,5,0,100000,19,0.00019,72,0.00072
-34,5,1,100000,25,0.00025,58,0.00058
-34,5,2,100000,21,0.00021,77,0.00077
-34,5,3,100000,27,0.00027,75,0.00075
-34,5,4,100000,19,0.00019,79,0.00079
-34,5,5,100000,39,0.00039,74,0.00074
-34,6,0,100000,27,0.00027,67,0.00067
-34,6,1,100000,59,0.00059,94,0.00094
-34,6,2,100000,41,0.00041,78,0.00078
-34,6,3,100000,19,0.00019,70,0.0007
-34,6,4,100000,16,0.00016,57,0.00057
-34,6,5,100000,51,0.00051,87,0.00087
-34,7,0,100000,19,0.00019,74,0.00074
-34,7,1,100000,29,0.00029,90,0.0009
-34,7,2,100000,43,0.00043,82,0.00082
-34,7,3,100000,59,0.00059,77,0.00077
-34,7,4,100000,20,0.0002,67,0.00067
-34,7,5,100000,29,0.00029,67,0.00067
-34,8,0,100000,28,0.00028,73,0.00073
-34,8,1,100000,32,0.00032,67,0.00067
-34,8,2,100000,24,0.00024,71,0.00071
-34,8,3,100000,25,0.00025,66,0.00066
-34,8,4,100000,31,0.00031,82,0.00082
-34,8,5,100000,39,0.00039,69,0.00069
-34,9,0,100000,36,0.00036,78,0.00078
-34,9,1,100000,15,0.00015,65,0.00065
-34,9,2,100000,26,0.00026,75,0.00075
-34,9,3,100000,34,0.00034,69,0.00069
-34,9,4,100000,30,0.0003,89,0.00089
-34,9,5,100000,29,0.00029,75,0.00075
-34,10,0,100000,24,0.00024,74,0.00074
-34,10,1,100000,27,0.00027,64,0.00064
-34,10,2,100000,64,0.00064,78,0.00078
-34,10,3,100000,56,0.00056,69,0.00069
-34,10,4,100000,20,0.0002,68,0.00068
-34,10,5,100000,25,0.00025,59,0.00059
-34,11,0,100000,36,0.00036,67,0.00067
-34,11,1,100000,32,0.00032,67,0.00067
-34,11,2,100000,23,0.00023,80,0.0008
-34,11,3,100000,16,0.00016,72,0.00072
-34,11,4,100000,30,0.0003,73,0.00073
-34,11,5,100000,47,0.00047,83,0.00083
-34,12,0,100000,24,0.00024,75,0.00075
-34,12,1,100000,16,0.00016,78,0.00078
-34,12,2,100000,40,0.0004,70,0.0007
-34,12,3,100000,22,0.00022,87,0.00087
-34,12,4,100000,22,0.00022,58,0.00058
-34,12,5,100000,25,0.00025,72,0.00072
-34,13,0,100000,36,0.00036,64,0.00064
-34,13,1,100000,22,0.00022,57,0.00057
-34,13,2,100000,34,0.00034,68,0.00068
-34,13,3,100000,53,0.00053,79,0.00079
-34,13,4,100000,27,0.00027,67,0.00067
-34,13,5,100000,14,0.00014,66,0.00066
-34,14,0,100000,18,0.00018,48,0.00048
-34,14,1,100000,23,0.00023,68,0.00068
-34,14,2,100000,30,0.0003,52,0.00052
-34,14,3,100000,34,0.00034,71,0.00071
-34,14,4,100000,39,0.00039,71,0.00071
-34,14,5,100000,30,0.0003,71,0.00071
-34,15,0,100000,50,0.0005,69,0.00069
-34,15,1,100000,43,0.00043,73,0.00073
-34,15,2,100000,36,0.00036,66,0.00066
-34,15,3,100000,30,0.0003,77,0.00077
-34,15,4,100000,61,0.00061,94,0.00094
-34,15,5,100000,35,0.00035,65,0.00065
-34,16,0,100000,29,0.00029,75,0.00075
-34,16,1,100000,26,0.00026,63,0.00063
-34,16,2,100000,31,0.00031,66,0.00066
-34,16,3,100000,27,0.00027,67,0.00067
-34,16,4,100000,38,0.00038,63,0.00063
-34,16,5,100000,42,0.00042,92,0.00092
-34,17,0,100000,22,0.00022,60,0.0006
-34,17,1,100000,43,0.00043,77,0.00077
-34,17,2,100000,42,0.00042,70,0.0007
-34,17,3,100000,21,0.00021,76,0.00076
-34,17,4,100000,48,0.00048,85,0.00085
-34,17,5,100000,29,0.00029,53,0.00053
-34,18,0,100000,33,0.00033,82,0.00082
-34,18,1,100000,32,0.00032,81,0.00081
-34,18,2,100000,37,0.00037,77,0.00077
-34,18,3,100000,43,0.00043,73,0.00073
-34,18,4,100000,32,0.00032,90,0.0009
-34,18,5,100000,47,0.00047,78,0.00078
-34,19,0,100000,49,0.00049,75,0.00075
-34,19,1,100000,44,0.00044,76,0.00076
-34,19,2,100000,36,0.00036,66,0.00066
-34,19,3,100000,29,0.00029,72,0.00072
-34,19,4,100000,32,0.00032,69,0.00069
-34,19,5,100000,36,0.00036,67,0.00067
-34,20,0,100000,49,0.00049,84,0.00084
-34,20,1,100000,22,0.00022,70,0.0007
-34,20,2,100000,37,0.00037,80,0.0008
-34,20,3,100000,30,0.0003,69,0.00069
-34,20,4,100000,51,0.00051,83,0.00083
-34,20,5,100000,40,0.0004,81,0.00081
-34,21,0,100000,18,0.00018,75,0.00075
-34,21,1,100000,27,0.00027,79,0.00079
-34,21,2,100000,23,0.00023,77,0.00077
-34,21,3,100000,30,0.0003,67,0.00067
-34,21,4,100000,19,0.00019,78,0.00078
-34,21,5,100000,19,0.00019,73,0.00073
-34,22,0,100000,26,0.00026,66,0.00066
-34,22,1,100000,28,0.00028,74,0.00074
-34,22,2,100000,9,9e-05,50,0.0005
-34,22,3,100000,40,0.0004,72,0.00072
-34,22,4,100000,32,0.00032,70,0.0007
-34,22,5,100000,15,0.00015,61,0.00061
-34,23,0,100000,21,0.00021,77,0.00077
-34,23,1,100000,54,0.00054,76,0.00076
-34,23,2,100000,20,0.0002,92,0.00092
-34,23,3,100000,38,0.00038,70,0.0007
-34,23,4,100000,31,0.00031,67,0.00067
-34,23,5,100000,56,0.00056,88,0.00088
-34,24,0,100000,11,0.00011,51,0.00051
-34,24,1,100000,46,0.00046,84,0.00084
-34,24,2,100000,27,0.00027,75,0.00075
-34,24,3,100000,35,0.00035,73,0.00073
-34,24,4,100000,37,0.00037,74,0.00074
-34,24,5,100000,18,0.00018,63,0.00063
-34,25,0,100000,39,0.00039,72,0.00072
-34,25,1,100000,23,0.00023,84,0.00084
-34,25,2,100000,26,0.00026,78,0.00078
-34,25,3,100000,20,0.0002,76,0.00076
-34,25,4,100000,42,0.00042,62,0.00062
-34,25,5,100000,16,0.00016,68,0.00068
-34,26,0,100000,47,0.00047,76,0.00076
-34,26,1,100000,39,0.00039,88,0.00088
-34,26,2,100000,25,0.00025,75,0.00075
-34,26,3,100000,23,0.00023,77,0.00077
-34,26,4,100000,50,0.0005,80,0.0008
-34,26,5,100000,27,0.00027,71,0.00071
-34,27,0,100000,33,0.00033,70,0.0007
-34,27,1,100000,19,0.00019,70,0.0007
-34,27,2,100000,26,0.00026,73,0.00073
-34,27,3,100000,32,0.00032,75,0.00075
-34,27,4,100000,22,0.00022,48,0.00048
-34,27,5,100000,21,0.00021,67,0.00067
-34,28,0,100000,40,0.0004,76,0.00076
-34,28,1,100000,36,0.00036,65,0.00065
-34,28,2,100000,40,0.0004,71,0.00071
-34,28,3,100000,33,0.00033,75,0.00075
-34,28,4,100000,28,0.00028,83,0.00083
-34,28,5,100000,36,0.00036,96,0.00096
-34,29,0,100000,40,0.0004,87,0.00087
-34,29,1,100000,29,0.00029,88,0.00088
-34,29,2,100000,38,0.00038,72,0.00072
-34,29,3,100000,28,0.00028,61,0.00061
-34,29,4,100000,30,0.0003,73,0.00073
-34,29,5,100000,42,0.00042,79,0.00079
-34,30,0,100000,25,0.00025,72,0.00072
-34,30,1,100000,31,0.00031,62,0.00062
-34,30,2,100000,32,0.00032,63,0.00063
-34,30,3,100000,20,0.0002,70,0.0007
-34,30,4,100000,38,0.00038,70,0.0007
-34,30,5,100000,31,0.00031,66,0.00066
-34,31,0,100000,28,0.00028,58,0.00058
-34,31,1,100000,27,0.00027,69,0.00069
-34,31,2,100000,39,0.00039,80,0.0008
-34,31,3,100000,35,0.00035,73,0.00073
-34,31,4,100000,30,0.0003,84,0.00084
-34,31,5,100000,32,0.00032,93,0.00093
-34,32,0,100000,16,0.00016,55,0.00055
-34,32,1,100000,27,0.00027,64,0.00064
-34,32,2,100000,38,0.00038,61,0.00061
-34,32,3,100000,14,0.00014,68,0.00068
-34,32,4,100000,30,0.0003,65,0.00065
-34,32,5,100000,31,0.00031,59,0.00059
-34,33,0,100000,40,0.0004,68,0.00068
-34,33,1,100000,40,0.0004,69,0.00069
-34,33,2,100000,35,0.00035,64,0.00064
-34,33,3,100000,31,0.00031,70,0.0007
-34,33,4,100000,42,0.00042,78,0.00078
-34,33,5,100000,26,0.00026,57,0.00057
-34,34,0,100000,27,0.00027,70,0.0007
-34,34,1,100000,36,0.00036,82,0.00082
-34,34,2,100000,35,0.00035,81,0.00081
-34,34,3,100000,45,0.00045,84,0.00084
-34,34,4,100000,30,0.0003,75,0.00075
-34,34,5,100000,32,0.00032,85,0.00085
-34,35,0,100000,40,0.0004,86,0.00086
-34,35,1,100000,28,0.00028,73,0.00073
-34,35,2,100000,46,0.00046,81,0.00081
-34,35,3,100000,20,0.0002,69,0.00069
-34,35,4,100000,51,0.00051,93,0.00093
-34,35,5,100000,24,0.00024,69,0.00069
-34,36,0,100000,25,0.00025,69,0.00069
-34,36,1,100000,26,0.00026,60,0.0006
-34,36,2,100000,27,0.00027,73,0.00073
-34,36,3,100000,29,0.00029,75,0.00075
-34,36,4,100000,42,0.00042,66,0.00066
-34,36,5,100000,25,0.00025,62,0.00062
-34,37,0,100000,36,0.00036,75,0.00075
-34,37,1,100000,23,0.00023,61,0.00061
-34,37,2,100000,36,0.00036,80,0.0008
-34,37,3,100000,31,0.00031,89,0.00089
-34,37,4,100000,25,0.00025,64,0.00064
-34,37,5,100000,32,0.00032,71,0.00071
-34,38,0,100000,30,0.0003,79,0.00079
-34,38,1,100000,33,0.00033,65,0.00065
-34,38,2,100000,32,0.00032,77,0.00077
-34,38,3,100000,29,0.00029,82,0.00082
-34,38,4,100000,38,0.00038,72,0.00072
-34,38,5,100000,37,0.00037,77,0.00077
-34,39,0,100000,35,0.00035,77,0.00077
-34,39,1,100000,49,0.00049,79,0.00079
-34,39,2,100000,39,0.00039,48,0.00048
-34,39,3,100000,48,0.00048,77,0.00077
-34,39,4,100000,28,0.00028,66,0.00066
-34,39,5,100000,40,0.0004,72,0.00072
-34,40,0,100000,24,0.00024,65,0.00065
-34,40,1,100000,16,0.00016,73,0.00073
-34,40,2,100000,36,0.00036,70,0.0007
-34,40,3,100000,33,0.00033,75,0.00075
-34,40,4,100000,35,0.00035,78,0.00078
-34,40,5,100000,25,0.00025,61,0.00061
-34,41,0,100000,23,0.00023,66,0.00066
-34,41,1,100000,24,0.00024,72,0.00072
-34,41,2,100000,22,0.00022,67,0.00067
-34,41,3,100000,27,0.00027,77,0.00077
-34,41,4,100000,29,0.00029,78,0.00078
-34,41,5,100000,40,0.0004,71,0.00071
-34,42,0,100000,31,0.00031,75,0.00075
-34,42,1,100000,33,0.00033,75,0.00075
-34,42,2,100000,27,0.00027,64,0.00064
-34,42,3,100000,45,0.00045,86,0.00086
-34,42,4,100000,25,0.00025,82,0.00082
-34,42,5,100000,27,0.00027,77,0.00077
-34,43,0,100000,34,0.00034,76,0.00076
-34,43,1,100000,29,0.00029,62,0.00062
-34,43,2,100000,18,0.00018,52,0.00052
-34,43,3,100000,19,0.00019,49,0.00049
-34,43,4,100000,43,0.00043,70,0.0007
-34,43,5,100000,20,0.0002,79,0.00079
-34,44,0,100000,24,0.00024,75,0.00075
-34,44,1,100000,50,0.0005,93,0.00093
-34,44,2,100000,13,0.00013,64,0.00064
-34,44,3,100000,44,0.00044,85,0.00085
-34,44,4,100000,27,0.00027,72,0.00072
-34,44,5,100000,16,0.00016,81,0.00081
-34,45,0,100000,19,0.00019,63,0.00063
-34,45,1,100000,28,0.00028,73,0.00073
-34,45,2,100000,28,0.00028,80,0.0008
-34,45,3,100000,23,0.00023,74,0.00074
-34,45,4,100000,29,0.00029,85,0.00085
-34,45,5,100000,37,0.00037,83,0.00083
-34,46,0,100000,40,0.0004,75,0.00075
-34,46,1,100000,23,0.00023,61,0.00061
-34,46,2,100000,59,0.00059,78,0.00078
-34,46,3,100000,24,0.00024,60,0.0006
-34,46,4,100000,38,0.00038,83,0.00083
-34,46,5,100000,18,0.00018,73,0.00073
-34,47,0,100000,29,0.00029,67,0.00067
-34,47,1,100000,41,0.00041,73,0.00073
-34,47,2,100000,22,0.00022,78,0.00078
-34,47,3,100000,31,0.00031,66,0.00066
-34,47,4,100000,30,0.0003,87,0.00087
-34,47,5,100000,27,0.00027,84,0.00084
-34,48,0,100000,32,0.00032,65,0.00065
-34,48,1,100000,27,0.00027,77,0.00077
-34,48,2,100000,19,0.00019,67,0.00067
-34,48,3,100000,45,0.00045,78,0.00078
-34,48,4,100000,24,0.00024,70,0.0007
-34,48,5,100000,29,0.00029,72,0.00072
-34,49,0,100000,22,0.00022,67,0.00067
-34,49,1,100000,25,0.00025,86,0.00086
-34,49,2,100000,33,0.00033,90,0.0009
-34,49,3,100000,20,0.0002,66,0.00066
-34,49,4,100000,25,0.00025,83,0.00083
-34,49,5,100000,26,0.00026,66,0.00066
-34,50,0,100000,40,0.0004,80,0.0008
-34,50,1,100000,31,0.00031,78,0.00078
-34,50,2,100000,32,0.00032,83,0.00083
-34,50,3,100000,31,0.00031,68,0.00068
-34,50,4,100000,32,0.00032,84,0.00084
-34,50,5,100000,28,0.00028,82,0.00082
-33,-50,0,100000,48,0.00048,86,0.00086
-33,-50,1,100000,32,0.00032,68,0.00068
-33,-50,2,100000,33,0.00033,67,0.00067
-33,-50,3,100000,18,0.00018,55,0.00055
-33,-50,4,100000,19,0.00019,69,0.00069
-33,-50,5,100000,25,0.00025,68,0.00068
-33,-49,0,100000,28,0.00028,64,0.00064
-33,-49,1,100000,19,0.00019,74,0.00074
-33,-49,2,100000,26,0.00026,79,0.00079
-33,-49,3,100000,34,0.00034,81,0.00081
-33,-49,4,100000,21,0.00021,78,0.00078
-33,-49,5,100000,26,0.00026,65,0.00065
-33,-48,0,100000,38,0.00038,74,0.00074
-33,-48,1,100000,35,0.00035,55,0.00055
-33,-48,2,100000,29,0.00029,73,0.00073
-33,-48,3,100000,37,0.00037,81,0.00081
-33,-48,4,100000,24,0.00024,72,0.00072
-33,-48,5,100000,29,0.00029,61,0.00061
-33,-47,0,100000,20,0.0002,60,0.0006
-33,-47,1,100000,51,0.00051,72,0.00072
-33,-47,2,100000,36,0.00036,72,0.00072
-33,-47,3,100000,41,0.00041,80,0.0008
-33,-47,4,100000,33,0.00033,54,0.00054
-33,-47,5,100000,44,0.00044,75,0.00075
-33,-46,0,100000,31,0.00031,70,0.0007
-33,-46,1,100000,27,0.00027,71,0.00071
-33,-46,2,100000,23,0.00023,59,0.00059
-33,-46,3,100000,30,0.0003,66,0.00066
-33,-46,4,100000,28,0.00028,71,0.00071
-33,-46,5,100000,18,0.00018,55,0.00055
-33,-45,0,100000,34,0.00034,69,0.00069
-33,-45,1,100000,22,0.00022,60,0.0006
-33,-45,2,100000,34,0.00034,62,0.00062
-33,-45,3,100000,29,0.00029,63,0.00063
-33,-45,4,100000,32,0.00032,71,0.00071
-33,-45,5,100000,24,0.00024,72,0.00072
-33,-44,0,100000,29,0.00029,63,0.00063
-33,-44,1,100000,31,0.00031,74,0.00074
-33,-44,2,100000,20,0.0002,60,0.0006
-33,-44,3,100000,45,0.00045,71,0.00071
-33,-44,4,100000,35,0.00035,82,0.00082
-33,-44,5,100000,35,0.00035,78,0.00078
-33,-43,0,100000,29,0.00029,83,0.00083
-33,-43,1,100000,35,0.00035,71,0.00071
-33,-43,2,100000,36,0.00036,75,0.00075
-33,-43,3,100000,27,0.00027,89,0.00089
-33,-43,4,100000,44,0.00044,81,0.00081
-33,-43,5,100000,26,0.00026,69,0.00069
-33,-42,0,100000,36,0.00036,78,0.00078
-33,-42,1,100000,17,0.00017,74,0.00074
-33,-42,2,100000,35,0.00035,89,0.00089
-33,-42,3,100000,31,0.00031,58,0.00058
-33,-42,4,100000,41,0.00041,76,0.00076
-33,-42,5,100000,25,0.00025,70,0.0007
-33,-41,0,100000,34,0.00034,77,0.00077
-33,-41,1,100000,25,0.00025,76,0.00076
-33,-41,2,100000,22,0.00022,80,0.0008
-33,-41,3,100000,26,0.00026,74,0.00074
-33,-41,4,100000,25,0.00025,66,0.00066
-33,-41,5,100000,40,0.0004,80,0.0008
-33,-40,0,100000,41,0.00041,76,0.00076
-33,-40,1,100000,30,0.0003,54,0.00054
-33,-40,2,100000,26,0.00026,79,0.00079
-33,-40,3,100000,21,0.00021,68,0.00068
-33,-40,4,100000,43,0.00043,85,0.00085
-33,-40,5,100000,40,0.0004,69,0.00069
-33,-39,0,100000,34,0.00034,70,0.0007
-33,-39,1,100000,18,0.00018,76,0.00076
-33,-39,2,100000,36,0.00036,85,0.00085
-33,-39,3,100000,27,0.00027,64,0.00064
-33,-39,4,100000,17,0.00017,73,0.00073
-33,-39,5,100000,21,0.00021,65,0.00065
-33,-38,0,100000,27,0.00027,61,0.00061
-33,-38,1,100000,31,0.00031,73,0.00073
-33,-38,2,100000,19,0.00019,86,0.00086
-33,-38,3,100000,24,0.00024,75,0.00075
-33,-38,4,100000,27,0.00027,72,0.00072
-33,-38,5,100000,31,0.00031,67,0.00067
-33,-37,0,100000,30,0.0003,78,0.00078
-33,-37,1,100000,35,0.00035,66,0.00066
-33,-37,2,100000,17,0.00017,65,0.00065
-33,-37,3,100000,38,0.00038,80,0.0008
-33,-37,4,100000,25,0.00025,72,0.00072
-33,-37,5,100000,24,0.00024,63,0.00063
-33,-36,0,100000,31,0.00031,77,0.00077
-33,-36,1,100000,24,0.00024,75,0.00075
-33,-36,2,100000,28,0.00028,70,0.0007
-33,-36,3,100000,29,0.00029,74,0.00074
-33,-36,4,100000,28,0.00028,58,0.00058
-33,-36,5,100000,19,0.00019,71,0.00071
-33,-35,0,100000,37,0.00037,65,0.00065
-33,-35,1,100000,30,0.0003,70,0.0007
-33,-35,2,100000,32,0.00032,73,0.00073
-33,-35,3,100000,38,0.00038,76,0.00076
-33,-35,4,100000,38,0.00038,90,0.0009
-33,-35,5,100000,43,0.00043,84,0.00084
-33,-34,0,100000,36,0.00036,72,0.00072
-33,-34,1,100000,16,0.00016,64,0.00064
-33,-34,2,100000,20,0.0002,77,0.00077
-33,-34,3,100000,25,0.00025,66,0.00066
-33,-34,4,100000,38,0.00038,65,0.00065
-33,-34,5,100000,30,0.0003,89,0.00089
-33,-33,0,100000,13,0.00013,71,0.00071
-33,-33,1,100000,35,0.00035,74,0.00074
-33,-33,2,100000,25,0.00025,71,0.00071
-33,-33,3,100000,25,0.00025,76,0.00076
-33,-33,4,100000,22,0.00022,64,0.00064
-33,-33,5,100000,22,0.00022,57,0.00057
-33,-32,0,100000,26,0.00026,87,0.00087
-33,-32,1,100000,50,0.0005,76,0.00076
-33,-32,2,100000,35,0.00035,77,0.00077
-33,-32,3,100000,49,0.00049,77,0.00077
-33,-32,4,100000,30,0.0003,69,0.00069
-33,-32,5,100000,13,0.00013,70,0.0007
-33,-31,0,100000,26,0.00026,66,0.00066
-33,-31,1,100000,25,0.00025,65,0.00065
-33,-31,2,100000,27,0.00027,95,0.00095
-33,-31,3,100000,28,0.00028,71,0.00071
-33,-31,4,100000,23,0.00023,81,0.00081
-33,-31,5,100000,32,0.00032,71,0.00071
-33,-30,0,100000,57,0.00057,66,0.00066
-33,-30,1,100000,33,0.00033,60,0.0006
-33,-30,2,100000,16,0.00016,55,0.00055
-33,-30,3,100000,28,0.00028,68,0.00068
-33,-30,4,100000,22,0.00022,77,0.00077
-33,-30,5,100000,34,0.00034,61,0.00061
-33,-29,0,100000,22,0.00022,68,0.00068
-33,-29,1,100000,23,0.00023,73,0.00073
-33,-29,2,100000,30,0.0003,81,0.00081
-33,-29,3,100000,15,0.00015,63,0.00063
-33,-29,4,100000,32,0.00032,62,0.00062
-33,-29,5,100000,32,0.00032,75,0.00075
-33,-28,0,100000,24,0.00024,72,0.00072
-33,-28,1,100000,31,0.00031,68,0.00068
-33,-28,2,100000,32,0.00032,60,0.0006
-33,-28,3,100000,38,0.00038,91,0.00091
-33,-28,4,100000,36,0.00036,77,0.00077
-33,-28,5,100000,30,0.0003,82,0.00082
-33,-27,0,100000,37,0.00037,76,0.00076
-33,-27,1,100000,29,0.00029,70,0.0007
-33,-27,2,100000,25,0.00025,72,0.00072
-33,-27,3,100000,28,0.00028,82,0.00082
-33,-27,4,100000,18,0.00018,73,0.00073
-33,-27,5,100000,37,0.00037,71,0.00071
-33,-26,0,100000,29,0.00029,81,0.00081
-33,-26,1,100000,33,0.00033,71,0.00071
-33,-26,2,100000,26,0.00026,65,0.00065
-33,-26,3,100000,27,0.00027,70,0.0007
-33,-26,4,100000,34,0.00034,71,0.00071
-33,-26,5,100000,29,0.00029,70,0.0007
-33,-25,0,100000,13,0.00013,59,0.00059
-33,-25,1,100000,20,0.0002,76,0.00076
-33,-25,2,100000,25,0.00025,59,0.00059
-33,-25,3,100000,29,0.00029,70,0.0007
-33,-25,4,100000,22,0.00022,65,0.00065
-33,-25,5,100000,35,0.00035,65,0.00065
-33,-24,0,100000,20,0.0002,69,0.00069
-33,-24,1,100000,48,0.00048,79,0.00079
-33,-24,2,100000,32,0.00032,71,0.00071
-33,-24,3,100000,29,0.00029,84,0.00084
-33,-24,4,100000,28,0.00028,77,0.00077
-33,-24,5,100000,41,0.00041,80,0.0008
-33,-23,0,100000,31,0.00031,71,0.00071
-33,-23,1,100000,31,0.00031,76,0.00076
-33,-23,2,100000,42,0.00042,64,0.00064
-33,-23,3,100000,28,0.00028,69,0.00069
-33,-23,4,100000,24,0.00024,61,0.00061
-33,-23,5,100000,27,0.00027,68,0.00068
-33,-22,0,100000,30,0.0003,74,0.00074
-33,-22,1,100000,41,0.00041,83,0.00083
-33,-22,2,100000,20,0.0002,73,0.00073
-33,-22,3,100000,16,0.00016,72,0.00072
-33,-22,4,100000,22,0.00022,63,0.00063
-33,-22,5,100000,27,0.00027,73,0.00073
-33,-21,0,100000,38,0.00038,74,0.00074
-33,-21,1,100000,28,0.00028,76,0.00076
-33,-21,2,100000,38,0.00038,63,0.00063
-33,-21,3,100000,21,0.00021,78,0.00078
-33,-21,4,100000,48,0.00048,85,0.00085
-33,-21,5,100000,22,0.00022,71,0.00071
-33,-20,0,100000,30,0.0003,77,0.00077
-33,-20,1,100000,28,0.00028,67,0.00067
-33,-20,2,100000,61,0.00061,84,0.00084
-33,-20,3,100000,40,0.0004,75,0.00075
-33,-20,4,100000,29,0.00029,83,0.00083
-33,-20,5,100000,14,0.00014,65,0.00065
-33,-19,0,100000,34,0.00034,61,0.00061
-33,-19,1,100000,32,0.00032,71,0.00071
-33,-19,2,100000,18,0.00018,58,0.00058
-33,-19,3,100000,27,0.00027,70,0.0007
-33,-19,4,100000,29,0.00029,48,0.00048
-33,-19,5,100000,39,0.00039,70,0.0007
-33,-18,0,100000,29,0.00029,72,0.00072
-33,-18,1,100000,46,0.00046,77,0.00077
-33,-18,2,100000,22,0.00022,79,0.00079
-33,-18,3,100000,30,0.0003,78,0.00078
-33,-18,4,100000,26,0.00026,82,0.00082
-33,-18,5,100000,20,0.0002,53,0.00053
-33,-17,0,100000,26,0.00026,73,0.00073
-33,-17,1,100000,40,0.0004,63,0.00063
-33,-17,2,100000,31,0.00031,68,0.00068
-33,-17,3,100000,34,0.00034,83,0.00083
-33,-17,4,100000,30,0.0003,76,0.00076
-33,-17,5,100000,32,0.00032,80,0.0008
-33,-16,0,100000,40,0.0004,86,0.00086
-33,-16,1,100000,17,0.00017,61,0.00061
-33,-16,2,100000,23,0.00023,75,0.00075
-33,-16,3,100000,42,0.00042,69,0.00069
-33,-16,4,100000,31,0.00031,71,0.00071
-33,-16,5,100000,20,0.0002,83,0.00083
-33,-15,0,100000,23,0.00023,71,0.00071
-33,-15,1,100000,16,0.00016,53,0.00053
-33,-15,2,100000,42,0.00042,72,0.00072
-33,-15,3,100000,31,0.00031,72,0.00072
-33,-15,4,100000,21,0.00021,73,0.00073
-33,-15,5,100000,23,0.00023,72,0.00072
-33,-14,0,100000,35,0.00035,85,0.00085
-33,-14,1,100000,49,0.00049,92,0.00092
-33,-14,2,100000,26,0.00026,81,0.00081
-33,-14,3,100000,50,0.0005,76,0.00076
-33,-14,4,100000,38,0.00038,80,0.0008
-33,-14,5,100000,35,0.00035,70,0.0007
-33,-13,0,100000,28,0.00028,83,0.00083
-33,-13,1,100000,38,0.00038,86,0.00086
-33,-13,2,100000,23,0.00023,80,0.0008
-33,-13,3,100000,25,0.00025,66,0.00066
-33,-13,4,100000,30,0.0003,71,0.00071
-33,-13,5,100000,39,0.00039,69,0.00069
-33,-12,0,100000,38,0.00038,68,0.00068
-33,-12,1,100000,52,0.00052,86,0.00086
-33,-12,2,100000,46,0.00046,92,0.00092
-33,-12,3,100000,32,0.00032,79,0.00079
-33,-12,4,100000,30,0.0003,85,0.00085
-33,-12,5,100000,35,0.00035,71,0.00071
-33,-11,0,100000,19,0.00019,69,0.00069
-33,-11,1,100000,29,0.00029,77,0.00077
-33,-11,2,100000,14,0.00014,63,0.00063
-33,-11,3,100000,17,0.00017,55,0.00055
-33,-11,4,100000,13,0.00013,72,0.00072
-33,-11,5,100000,28,0.00028,58,0.00058
-33,-10,0,100000,29,0.00029,89,0.00089
-33,-10,1,100000,52,0.00052,78,0.00078
-33,-10,2,100000,28,0.00028,77,0.00077
-33,-10,3,100000,21,0.00021,60,0.0006
-33,-10,4,100000,51,0.00051,80,0.0008
-33,-10,5,100000,20,0.0002,64,0.00064
-33,-9,0,100000,30,0.0003,61,0.00061
-33,-9,1,100000,37,0.00037,58,0.00058
-33,-9,2,100000,25,0.00025,62,0.00062
-33,-9,3,100000,30,0.0003,70,0.0007
-33,-9,4,100000,17,0.00017,74,0.00074
-33,-9,5,100000,29,0.00029,65,0.00065
-33,-8,0,100000,30,0.0003,71,0.00071
-33,-8,1,100000,29,0.00029,70,0.0007
-33,-8,2,100000,41,0.00041,72,0.00072
-33,-8,3,100000,49,0.00049,84,0.00084
-33,-8,4,100000,36,0.00036,83,0.00083
-33,-8,5,100000,19,0.00019,87,0.00087
-33,-7,0,100000,30,0.0003,76,0.00076
-33,-7,1,100000,39,0.00039,81,0.00081
-33,-7,2,100000,35,0.00035,79,0.00079
-33,-7,3,100000,36,0.00036,88,0.00088
-33,-7,4,100000,23,0.00023,69,0.00069
-33,-7,5,100000,33,0.00033,68,0.00068
-33,-6,0,100000,48,0.00048,81,0.00081
-33,-6,1,100000,26,0.00026,78,0.00078
-33,-6,2,100000,41,0.00041,66,0.00066
-33,-6,3,100000,28,0.00028,84,0.00084
-33,-6,4,100000,30,0.0003,68,0.00068
-33,-6,5,100000,31,0.00031,72,0.00072
-33,-5,0,100000,42,0.00042,78,0.00078
-33,-5,1,100000,31,0.00031,59,0.00059
-33,-5,2,100000,30,0.0003,69,0.00069
-33,-5,3,100000,32,0.00032,75,0.00075
-33,-5,4,100000,47,0.00047,85,0.00085
-33,-5,5,100000,17,0.00017,61,0.00061
-33,-4,0,100000,25,0.00025,61,0.00061
-33,-4,1,100000,33,0.00033,73,0.00073
-33,-4,2,100000,21,0.00021,73,0.00073
-33,-4,3,100000,15,0.00015,68,0.00068
-33,-4,4,100000,24,0.00024,56,0.00056
-33,-4,5,100000,17,0.00017,55,0.00055
-33,-3,0,100000,45,0.00045,81,0.00081
-33,-3,1,100000,37,0.00037,67,0.00067
-33,-3,2,100000,41,0.00041,82,0.00082
-33,-3,3,100000,18,0.00018,67,0.00067
-33,-3,4,100000,29,0.00029,68,0.00068
-33,-3,5,100000,46,0.00046,81,0.00081
-33,-2,0,100000,30,0.0003,73,0.00073
-33,-2,1,100000,18,0.00018,85,0.00085
-33,-2,2,100000,24,0.00024,81,0.00081
-33,-2,3,100000,29,0.00029,71,0.00071
-33,-2,4,100000,21,0.00021,64,0.00064
-33,-2,5,100000,35,0.00035,69,0.00069
-33,-1,0,100000,32,0.00032,75,0.00075
-33,-1,1,100000,29,0.00029,63,0.00063
-33,-1,2,100000,24,0.00024,83,0.00083
-33,-1,3,100000,23,0.00023,69,0.00069
-33,-1,4,100000,23,0.00023,71,0.00071
-33,-1,5,100000,56,0.00056,90,0.0009
-33,0,0,100000,44,0.00044,67,0.00067
-33,0,1,100000,32,0.00032,68,0.00068
-33,0,2,100000,33,0.00033,72,0.00072
-33,0,3,100000,29,0.00029,69,0.00069
-33,0,4,100000,21,0.00021,77,0.00077
-33,0,5,100000,23,0.00023,75,0.00075
-33,1,0,100000,32,0.00032,84,0.00084
-33,1,1,100000,28,0.00028,65,0.00065
-33,1,2,100000,42,0.00042,76,0.00076
-33,1,3,100000,26,0.00026,69,0.00069
-33,1,4,100000,23,0.00023,61,0.00061
-33,1,5,100000,31,0.00031,75,0.00075
-33,2,0,100000,27,0.00027,72,0.00072
-33,2,1,100000,22,0.00022,66,0.00066
-33,2,2,100000,32,0.00032,90,0.0009
-33,2,3,100000,27,0.00027,60,0.0006
-33,2,4,100000,22,0.00022,54,0.00054
-33,2,5,100000,28,0.00028,77,0.00077
-33,3,0,100000,16,0.00016,79,0.00079
-33,3,1,100000,23,0.00023,71,0.00071
-33,3,2,100000,38,0.00038,63,0.00063
-33,3,3,100000,28,0.00028,81,0.00081
-33,3,4,100000,28,0.00028,71,0.00071
-33,3,5,100000,28,0.00028,72,0.00072
-33,4,0,100000,39,0.00039,76,0.00076
-33,4,1,100000,39,0.00039,77,0.00077
-33,4,2,100000,18,0.00018,74,0.00074
-33,4,3,100000,27,0.00027,71,0.00071
-33,4,4,100000,18,0.00018,68,0.00068
-33,4,5,100000,20,0.0002,70,0.0007
-33,5,0,100000,17,0.00017,73,0.00073
-33,5,1,100000,33,0.00033,68,0.00068
-33,5,2,100000,28,0.00028,82,0.00082
-33,5,3,100000,25,0.00025,78,0.00078
-33,5,4,100000,34,0.00034,62,0.00062
-33,5,5,100000,26,0.00026,70,0.0007
-33,6,0,100000,22,0.00022,78,0.00078
-33,6,1,100000,35,0.00035,84,0.00084
-33,6,2,100000,29,0.00029,67,0.00067
-33,6,3,100000,23,0.00023,61,0.00061
-33,6,4,100000,37,0.00037,79,0.00079
-33,6,5,100000,47,0.00047,68,0.00068
-33,7,0,100000,29,0.00029,79,0.00079
-33,7,1,100000,27,0.00027,68,0.00068
-33,7,2,100000,30,0.0003,81,0.00081
-33,7,3,100000,21,0.00021,66,0.00066
-33,7,4,100000,18,0.00018,75,0.00075
-33,7,5,100000,21,0.00021,70,0.0007
-33,8,0,100000,30,0.0003,80,0.0008
-33,8,1,100000,26,0.00026,73,0.00073
-33,8,2,100000,23,0.00023,73,0.00073
-33,8,3,100000,19,0.00019,72,0.00072
-33,8,4,100000,17,0.00017,68,0.00068
-33,8,5,100000,26,0.00026,73,0.00073
-33,9,0,100000,36,0.00036,74,0.00074
-33,9,1,100000,23,0.00023,60,0.0006
-33,9,2,100000,34,0.00034,69,0.00069
-33,9,3,100000,37,0.00037,78,0.00078
-33,9,4,100000,26,0.00026,68,0.00068
-33,9,5,100000,42,0.00042,77,0.00077
-33,10,0,100000,35,0.00035,67,0.00067
-33,10,1,100000,28,0.00028,71,0.00071
-33,10,2,100000,31,0.00031,69,0.00069
-33,10,3,100000,34,0.00034,79,0.00079
-33,10,4,100000,30,0.0003,66,0.00066
-33,10,5,100000,34,0.00034,77,0.00077
-33,11,0,100000,27,0.00027,67,0.00067
-33,11,1,100000,28,0.00028,64,0.00064
-33,11,2,100000,54,0.00054,83,0.00083
-33,11,3,100000,36,0.00036,85,0.00085
-33,11,4,100000,45,0.00045,75,0.00075
-33,11,5,100000,19,0.00019,67,0.00067
-33,12,0,100000,15,0.00015,67,0.00067
-33,12,1,100000,36,0.00036,94,0.00094
-33,12,2,100000,30,0.0003,71,0.00071
-33,12,3,100000,28,0.00028,77,0.00077
-33,12,4,100000,29,0.00029,90,0.0009
-33,12,5,100000,35,0.00035,74,0.00074
-33,13,0,100000,55,0.00055,88,0.00088
-33,13,1,100000,23,0.00023,71,0.00071
-33,13,2,100000,27,0.00027,80,0.0008
-33,13,3,100000,44,0.00044,69,0.00069
-33,13,4,100000,34,0.00034,77,0.00077
-33,13,5,100000,23,0.00023,88,0.00088
-33,14,0,100000,47,0.00047,68,0.00068
-33,14,1,100000,29,0.00029,87,0.00087
-33,14,2,100000,26,0.00026,73,0.00073
-33,14,3,100000,29,0.00029,69,0.00069
-33,14,4,100000,34,0.00034,80,0.0008
-33,14,5,100000,31,0.00031,60,0.0006
-33,15,0,100000,20,0.0002,56,0.00056
-33,15,1,100000,24,0.00024,81,0.00081
-33,15,2,100000,19,0.00019,69,0.00069
-33,15,3,100000,23,0.00023,78,0.00078
-33,15,4,100000,26,0.00026,65,0.00065
-33,15,5,100000,39,0.00039,82,0.00082
-33,16,0,100000,36,0.00036,68,0.00068
-33,16,1,100000,14,0.00014,58,0.00058
-33,16,2,100000,22,0.00022,66,0.00066
-33,16,3,100000,28,0.00028,68,0.00068
-33,16,4,100000,30,0.0003,59,0.00059
-33,16,5,100000,22,0.00022,71,0.00071
-33,17,0,100000,31,0.00031,86,0.00086
-33,17,1,100000,27,0.00027,92,0.00092
-33,17,2,100000,30,0.0003,80,0.0008
-33,17,3,100000,22,0.00022,64,0.00064
-33,17,4,100000,31,0.00031,84,0.00084
-33,17,5,100000,23,0.00023,65,0.00065
-33,18,0,100000,20,0.0002,74,0.00074
-33,18,1,100000,23,0.00023,68,0.00068
-33,18,2,100000,31,0.00031,71,0.00071
-33,18,3,100000,21,0.00021,70,0.0007
-33,18,4,100000,32,0.00032,88,0.00088
-33,18,5,100000,39,0.00039,80,0.0008
-33,19,0,100000,22,0.00022,68,0.00068
-33,19,1,100000,45,0.00045,74,0.00074
-33,19,2,100000,48,0.00048,81,0.00081
-33,19,3,100000,49,0.00049,87,0.00087
-33,19,4,100000,24,0.00024,89,0.00089
-33,19,5,100000,34,0.00034,77,0.00077
-33,20,0,100000,17,0.00017,67,0.00067
-33,20,1,100000,36,0.00036,61,0.00061
-33,20,2,100000,21,0.00021,68,0.00068
-33,20,3,100000,19,0.00019,68,0.00068
-33,20,4,100000,23,0.00023,64,0.00064
-33,20,5,100000,48,0.00048,67,0.00067
-33,21,0,100000,26,0.00026,60,0.0006
-33,21,1,100000,36,0.00036,77,0.00077
-33,21,2,100000,30,0.0003,75,0.00075
-33,21,3,100000,33,0.00033,83,0.00083
-33,21,4,100000,26,0.00026,75,0.00075
-33,21,5,100000,38,0.00038,81,0.00081
-33,22,0,100000,48,0.00048,66,0.00066
-33,22,1,100000,23,0.00023,66,0.00066
-33,22,2,100000,20,0.0002,47,0.00047
-33,22,3,100000,30,0.0003,66,0.00066
-33,22,4,100000,23,0.00023,82,0.00082
-33,22,5,100000,27,0.00027,75,0.00075
-33,23,0,100000,38,0.00038,77,0.00077
-33,23,1,100000,36,0.00036,78,0.00078
-33,23,2,100000,25,0.00025,81,0.00081
-33,23,3,100000,29,0.00029,61,0.00061
-33,23,4,100000,28,0.00028,66,0.00066
-33,23,5,100000,41,0.00041,74,0.00074
-33,24,0,100000,35,0.00035,71,0.00071
-33,24,1,100000,43,0.00043,80,0.0008
-33,24,2,100000,35,0.00035,74,0.00074
-33,24,3,100000,41,0.00041,69,0.00069
-33,24,4,100000,46,0.00046,68,0.00068
-33,24,5,100000,31,0.00031,74,0.00074
-33,25,0,100000,36,0.00036,86,0.00086
-33,25,1,100000,54,0.00054,71,0.00071
-33,25,2,100000,13,0.00013,81,0.00081
-33,25,3,100000,46,0.00046,83,0.00083
-33,25,4,100000,34,0.00034,74,0.00074
-33,25,5,100000,26,0.00026,59,0.00059
-33,26,0,100000,27,0.00027,71,0.00071
-33,26,1,100000,39,0.00039,80,0.0008
-33,26,2,100000,28,0.00028,75,0.00075
-33,26,3,100000,39,0.00039,73,0.00073
-33,26,4,100000,28,0.00028,73,0.00073
-33,26,5,100000,24,0.00024,71,0.00071
-33,27,0,100000,25,0.00025,72,0.00072
-33,27,1,100000,27,0.00027,76,0.00076
-33,27,2,100000,29,0.00029,73,0.00073
-33,27,3,100000,31,0.00031,73,0.00073
-33,27,4,100000,32,0.00032,75,0.00075
-33,27,5,100000,40,0.0004,73,0.00073
-33,28,0,100000,26,0.00026,61,0.00061
-33,28,1,100000,28,0.00028,66,0.00066
-33,28,2,100000,29,0.00029,72,0.00072
-33,28,3,100000,35,0.00035,77,0.00077
-33,28,4,100000,19,0.00019,69,0.00069
-33,28,5,100000,26,0.00026,74,0.00074
-33,29,0,100000,25,0.00025,78,0.00078
-33,29,1,100000,21,0.00021,63,0.00063
-33,29,2,100000,27,0.00027,88,0.00088
-33,29,3,100000,29,0.00029,76,0.00076
-33,29,4,100000,27,0.00027,79,0.00079
-33,29,5,100000,38,0.00038,70,0.0007
-33,30,0,100000,27,0.00027,73,0.00073
-33,30,1,100000,53,0.00053,83,0.00083
-33,30,2,100000,42,0.00042,78,0.00078
-33,30,3,100000,26,0.00026,76,0.00076
-33,30,4,100000,18,0.00018,61,0.00061
-33,30,5,100000,48,0.00048,88,0.00088
-33,31,0,100000,20,0.0002,77,0.00077
-33,31,1,100000,29,0.00029,88,0.00088
-33,31,2,100000,41,0.00041,88,0.00088
-33,31,3,100000,50,0.0005,75,0.00075
-33,31,4,100000,18,0.00018,71,0.00071
-33,31,5,100000,27,0.00027,70,0.0007
-33,32,0,100000,18,0.00018,67,0.00067
-33,32,1,100000,38,0.00038,75,0.00075
-33,32,2,100000,35,0.00035,71,0.00071
-33,32,3,100000,26,0.00026,65,0.00065
-33,32,4,100000,29,0.00029,75,0.00075
-33,32,5,100000,41,0.00041,68,0.00068
-33,33,0,100000,39,0.00039,76,0.00076
-33,33,1,100000,24,0.00024,63,0.00063
-33,33,2,100000,25,0.00025,72,0.00072
-33,33,3,100000,45,0.00045,70,0.0007
-33,33,4,100000,31,0.00031,87,0.00087
-33,33,5,100000,31,0.00031,76,0.00076
-33,34,0,100000,33,0.00033,79,0.00079
-33,34,1,100000,26,0.00026,69,0.00069
-33,34,2,100000,47,0.00047,76,0.00076
-33,34,3,100000,59,0.00059,73,0.00073
-33,34,4,100000,19,0.00019,76,0.00076
-33,34,5,100000,28,0.00028,67,0.00067
-33,35,0,100000,45,0.00045,73,0.00073
-33,35,1,100000,29,0.00029,67,0.00067
-33,35,2,100000,36,0.00036,79,0.00079
-33,35,3,100000,23,0.00023,73,0.00073
-33,35,4,100000,32,0.00032,75,0.00075
-33,35,5,100000,47,0.00047,80,0.0008
-33,36,0,100000,30,0.0003,77,0.00077
-33,36,1,100000,12,0.00012,70,0.0007
-33,36,2,100000,33,0.00033,68,0.00068
-33,36,3,100000,18,0.00018,79,0.00079
-33,36,4,100000,21,0.00021,62,0.00062
-33,36,5,100000,18,0.00018,71,0.00071
-33,37,0,100000,39,0.00039,71,0.00071
-33,37,1,100000,31,0.00031,60,0.0006
-33,37,2,100000,28,0.00028,67,0.00067
-33,37,3,100000,55,0.00055,83,0.00083
-33,37,4,100000,36,0.00036,60,0.0006
-33,37,5,100000,12,0.00012,70,0.0007
-33,38,0,100000,15,0.00015,54,0.00054
-33,38,1,100000,33,0.00033,74,0.00074
-33,38,2,100000,25,0.00025,58,0.00058
-33,38,3,100000,42,0.00042,84,0.00084
-33,38,4,100000,39,0.00039,73,0.00073
-33,38,5,100000,36,0.00036,65,0.00065
-33,39,0,100000,43,0.00043,75,0.00075
-33,39,1,100000,28,0.00028,65,0.00065
-33,39,2,100000,35,0.00035,64,0.00064
-33,39,3,100000,31,0.00031,79,0.00079
-33,39,4,100000,55,0.00055,94,0.00094
-33,39,5,100000,37,0.00037,69,0.00069
-33,40,0,100000,26,0.00026,82,0.00082
-33,40,1,100000,62,0.00062,76,0.00076
-33,40,2,100000,29,0.00029,61,0.00061
-33,40,3,100000,28,0.00028,65,0.00065
-33,40,4,100000,35,0.00035,76,0.00076
-33,40,5,100000,34,0.00034,87,0.00087
-33,41,0,100000,30,0.0003,61,0.00061
-33,41,1,100000,40,0.0004,81,0.00081
-33,41,2,100000,42,0.00042,77,0.00077
-33,41,3,100000,29,0.00029,80,0.0008
-33,41,4,100000,43,0.00043,78,0.00078
-33,41,5,100000,28,0.00028,56,0.00056
-33,42,0,100000,38,0.00038,83,0.00083
-33,42,1,100000,37,0.00037,76,0.00076
-33,42,2,100000,40,0.0004,82,0.00082
-33,42,3,100000,33,0.00033,67,0.00067
-33,42,4,100000,42,0.00042,93,0.00093
-33,42,5,100000,35,0.00035,71,0.00071
-33,43,0,100000,45,0.00045,76,0.00076
-33,43,1,100000,42,0.00042,71,0.00071
-33,43,2,100000,48,0.00048,72,0.00072
-33,43,3,100000,21,0.00021,72,0.00072
-33,43,4,100000,28,0.00028,60,0.0006
-33,43,5,100000,24,0.00024,63,0.00063
-33,44,0,100000,37,0.00037,69,0.00069
-33,44,1,100000,32,0.00032,74,0.00074
-33,44,2,100000,32,0.00032,82,0.00082
-33,44,3,100000,42,0.00042,73,0.00073
-33,44,4,100000,56,0.00056,81,0.00081
-33,44,5,100000,30,0.0003,72,0.00072
-33,45,0,100000,21,0.00021,77,0.00077
-33,45,1,100000,42,0.00042,82,0.00082
-33,45,2,100000,19,0.00019,73,0.00073
-33,45,3,100000,28,0.00028,70,0.0007
-33,45,4,100000,19,0.00019,71,0.00071
-33,45,5,100000,23,0.00023,67,0.00067
-33,46,0,100000,22,0.00022,62,0.00062
-33,46,1,100000,28,0.00028,77,0.00077
-33,46,2,100000,14,0.00014,56,0.00056
-33,46,3,100000,39,0.00039,69,0.00069
-33,46,4,100000,32,0.00032,72,0.00072
-33,46,5,100000,35,0.00035,70,0.0007
-33,47,0,100000,24,0.00024,73,0.00073
-33,47,1,100000,43,0.00043,73,0.00073
-33,47,2,100000,20,0.0002,81,0.00081
-33,47,3,100000,46,0.00046,72,0.00072
-33,47,4,100000,35,0.00035,72,0.00072
-33,47,5,100000,52,0.00052,82,0.00082
-33,48,0,100000,16,0.00016,54,0.00054
-33,48,1,100000,45,0.00045,83,0.00083
-33,48,2,100000,24,0.00024,77,0.00077
-33,48,3,100000,42,0.00042,81,0.00081
-33,48,4,100000,39,0.00039,68,0.00068
-33,48,5,100000,15,0.00015,66,0.00066
-33,49,0,100000,40,0.0004,65,0.00065
-33,49,1,100000,22,0.00022,79,0.00079
-33,49,2,100000,25,0.00025,76,0.00076
-33,49,3,100000,15,0.00015,78,0.00078
-33,49,4,100000,49,0.00049,71,0.00071
-33,49,5,100000,16,0.00016,80,0.0008
-33,50,0,100000,48,0.00048,84,0.00084
-33,50,1,100000,24,0.00024,78,0.00078
-33,50,2,100000,23,0.00023,72,0.00072
-33,50,3,100000,32,0.00032,86,0.00086
-33,50,4,100000,44,0.00044,76,0.00076
-33,50,5,100000,24,0.00024,74,0.00074
-32,-50,0,100000,32,0.00032,68,0.00068
-32,-50,1,100000,27,0.00027,59,0.00059
-32,-50,2,100000,20,0.0002,71,0.00071
-32,-50,3,100000,37,0.00037,74,0.00074
-32,-50,4,100000,29,0.00029,48,0.00048
-32,-50,5,100000,27,0.00027,71,0.00071
-32,-49,0,100000,43,0.00043,75,0.00075
-32,-49,1,100000,34,0.00034,69,0.00069
-32,-49,2,100000,38,0.00038,63,0.00063
-32,-49,3,100000,29,0.00029,73,0.00073
-32,-49,4,100000,26,0.00026,80,0.0008
-32,-49,5,100000,33,0.00033,75,0.00075
-32,-48,0,100000,31,0.00031,80,0.0008
-32,-48,1,100000,43,0.00043,89,0.00089
-32,-48,2,100000,57,0.00057,70,0.0007
-32,-48,3,100000,34,0.00034,68,0.00068
-32,-48,4,100000,31,0.00031,70,0.0007
-32,-48,5,100000,46,0.00046,86,0.00086
-32,-47,0,100000,31,0.00031,72,0.00072
-32,-47,1,100000,31,0.00031,60,0.0006
-32,-47,2,100000,26,0.00026,69,0.00069
-32,-47,3,100000,18,0.00018,74,0.00074
-32,-47,4,100000,22,0.00022,76,0.00076
-32,-47,5,100000,48,0.00048,76,0.00076
-32,-46,0,100000,32,0.00032,60,0.0006
-32,-46,1,100000,40,0.0004,71,0.00071
-32,-46,2,100000,24,0.00024,73,0.00073
-32,-46,3,100000,33,0.00033,59,0.00059
-32,-46,4,100000,22,0.00022,79,0.00079
-32,-46,5,100000,27,0.00027,66,0.00066
-32,-45,0,100000,15,0.00015,59,0.00059
-32,-45,1,100000,25,0.00025,59,0.00059
-32,-45,2,100000,21,0.00021,53,0.00053
-32,-45,3,100000,25,0.00025,71,0.00071
-32,-45,4,100000,31,0.00031,68,0.00068
-32,-45,5,100000,27,0.00027,63,0.00063
-32,-44,0,100000,39,0.00039,65,0.00065
-32,-44,1,100000,30,0.0003,62,0.00062
-32,-44,2,100000,41,0.00041,66,0.00066
-32,-44,3,100000,42,0.00042,69,0.00069
-32,-44,4,100000,25,0.00025,73,0.00073
-32,-44,5,100000,34,0.00034,63,0.00063
-32,-43,0,100000,13,0.00013,82,0.00082
-32,-43,1,100000,26,0.00026,79,0.00079
-32,-43,2,100000,32,0.00032,78,0.00078
-32,-43,3,100000,36,0.00036,78,0.00078
-32,-43,4,100000,31,0.00031,79,0.00079
-32,-43,5,100000,33,0.00033,85,0.00085
-32,-42,0,100000,41,0.00041,88,0.00088
-32,-42,1,100000,39,0.00039,79,0.00079
-32,-42,2,100000,35,0.00035,77,0.00077
-32,-42,3,100000,15,0.00015,68,0.00068
-32,-42,4,100000,37,0.00037,74,0.00074
-32,-42,5,100000,28,0.00028,74,0.00074
-32,-41,0,100000,32,0.00032,81,0.00081
-32,-41,1,100000,23,0.00023,59,0.00059
-32,-41,2,100000,25,0.00025,73,0.00073
-32,-41,3,100000,34,0.00034,78,0.00078
-32,-41,4,100000,28,0.00028,62,0.00062
-32,-41,5,100000,28,0.00028,58,0.00058
-32,-40,0,100000,31,0.00031,69,0.00069
-32,-40,1,100000,21,0.00021,66,0.00066
-32,-40,2,100000,43,0.00043,80,0.0008
-32,-40,3,100000,25,0.00025,82,0.00082
-32,-40,4,100000,19,0.00019,64,0.00064
-32,-40,5,100000,36,0.00036,73,0.00073
-32,-39,0,100000,33,0.00033,84,0.00084
-32,-39,1,100000,56,0.00056,77,0.00077
-32,-39,2,100000,37,0.00037,78,0.00078
-32,-39,3,100000,40,0.0004,80,0.0008
-32,-39,4,100000,39,0.00039,79,0.00079
-32,-39,5,100000,33,0.00033,81,0.00081
-32,-38,0,100000,32,0.00032,72,0.00072
-32,-38,1,100000,35,0.00035,67,0.00067
-32,-38,2,100000,26,0.00026,55,0.00055
-32,-38,3,100000,31,0.00031,63,0.00063
-32,-38,4,100000,15,0.00015,61,0.00061
-32,-38,5,100000,47,0.00047,77,0.00077
-32,-37,0,100000,22,0.00022,72,0.00072
-32,-37,1,100000,20,0.0002,64,0.00064
-32,-37,2,100000,34,0.00034,65,0.00065
-32,-37,3,100000,32,0.00032,73,0.00073
-32,-37,4,100000,20,0.0002,69,0.00069
-32,-37,5,100000,25,0.00025,53,0.00053
-32,-36,0,100000,22,0.00022,65,0.00065
-32,-36,1,100000,29,0.00029,83,0.00083
-32,-36,2,100000,30,0.0003,65,0.00065
-32,-36,3,100000,22,0.00022,76,0.00076
-32,-36,4,100000,36,0.00036,78,0.00078
-32,-36,5,100000,40,0.0004,67,0.00067
-32,-35,0,100000,44,0.00044,81,0.00081
-32,-35,1,100000,37,0.00037,79,0.00079
-32,-35,2,100000,17,0.00017,60,0.0006
-32,-35,3,100000,43,0.00043,78,0.00078
-32,-35,4,100000,23,0.00023,81,0.00081
-32,-35,5,100000,28,0.00028,74,0.00074
-32,-34,0,100000,18,0.00018,65,0.00065
-32,-34,1,100000,31,0.00031,75,0.00075
-32,-34,2,100000,24,0.00024,61,0.00061
-32,-34,3,100000,23,0.00023,56,0.00056
-32,-34,4,100000,31,0.00031,68,0.00068
-32,-34,5,100000,27,0.00027,89,0.00089
-32,-33,0,100000,19,0.00019,71,0.00071
-32,-33,1,100000,45,0.00045,87,0.00087
-32,-33,2,100000,17,0.00017,67,0.00067
-32,-33,3,100000,54,0.00054,81,0.00081
-32,-33,4,100000,27,0.00027,71,0.00071
-32,-33,5,100000,22,0.00022,80,0.0008
-32,-32,0,100000,22,0.00022,66,0.00066
-32,-32,1,100000,33,0.00033,75,0.00075
-32,-32,2,100000,43,0.00043,92,0.00092
-32,-32,3,100000,27,0.00027,70,0.0007
-32,-32,4,100000,37,0.00037,90,0.0009
-32,-32,5,100000,28,0.00028,83,0.00083
-32,-31,0,100000,38,0.00038,73,0.00073
-32,-31,1,100000,29,0.00029,70,0.0007
-32,-31,2,100000,63,0.00063,78,0.00078
-32,-31,3,100000,26,0.00026,56,0.00056
-32,-31,4,100000,43,0.00043,78,0.00078
-32,-31,5,100000,33,0.00033,82,0.00082
-32,-30,0,100000,27,0.00027,69,0.00069
-32,-30,1,100000,38,0.00038,79,0.00079
-32,-30,2,100000,19,0.00019,76,0.00076
-32,-30,3,100000,30,0.0003,57,0.00057
-32,-30,4,100000,28,0.00028,89,0.00089
-32,-30,5,100000,27,0.00027,63,0.00063
-32,-29,0,100000,34,0.00034,78,0.00078
-32,-29,1,100000,38,0.00038,70,0.0007
-32,-29,2,100000,30,0.0003,79,0.00079
-32,-29,3,100000,34,0.00034,77,0.00077
-32,-29,4,100000,23,0.00023,66,0.00066
-32,-29,5,100000,29,0.00029,70,0.0007
-32,-28,0,100000,28,0.00028,64,0.00064
-32,-28,1,100000,31,0.00031,76,0.00076
-32,-28,2,100000,30,0.0003,82,0.00082
-32,-28,3,100000,26,0.00026,71,0.00071
-32,-28,4,100000,29,0.00029,83,0.00083
-32,-28,5,100000,34,0.00034,62,0.00062
-32,-27,0,100000,40,0.0004,75,0.00075
-32,-27,1,100000,31,0.00031,71,0.00071
-32,-27,2,100000,31,0.00031,80,0.0008
-32,-27,3,100000,31,0.00031,66,0.00066
-32,-27,4,100000,21,0.00021,68,0.00068
-32,-27,5,100000,20,0.0002,82,0.00082
-32,-26,0,100000,30,0.0003,72,0.00072
-32,-26,1,100000,24,0.00024,67,0.00067
-32,-26,2,100000,30,0.0003,67,0.00067
-32,-26,3,100000,11,0.00011,60,0.0006
-32,-26,4,100000,31,0.00031,74,0.00074
-32,-26,5,100000,28,0.00028,67,0.00067
-32,-25,0,100000,28,0.00028,66,0.00066
-32,-25,1,100000,25,0.00025,75,0.00075
-32,-25,2,100000,19,0.00019,66,0.00066
-32,-25,3,100000,29,0.00029,76,0.00076
-32,-25,4,100000,16,0.00016,71,0.00071
-32,-25,5,100000,24,0.00024,60,0.0006
-32,-24,0,100000,37,0.00037,78,0.00078
-32,-24,1,100000,45,0.00045,67,0.00067
-32,-24,2,100000,32,0.00032,69,0.00069
-32,-24,3,100000,41,0.00041,82,0.00082
-32,-24,4,100000,33,0.00033,67,0.00067
-32,-24,5,100000,28,0.00028,64,0.00064
-32,-23,0,100000,21,0.00021,69,0.00069
-32,-23,1,100000,38,0.00038,71,0.00071
-32,-23,2,100000,40,0.0004,71,0.00071
-32,-23,3,100000,34,0.00034,82,0.00082
-32,-23,4,100000,28,0.00028,61,0.00061
-32,-23,5,100000,43,0.00043,79,0.00079
-32,-22,0,100000,30,0.0003,73,0.00073
-32,-22,1,100000,35,0.00035,64,0.00064
-32,-22,2,100000,23,0.00023,63,0.00063
-32,-22,3,100000,30,0.0003,75,0.00075
-32,-22,4,100000,27,0.00027,75,0.00075
-32,-22,5,100000,12,0.00012,61,0.00061
-32,-21,0,100000,29,0.00029,71,0.00071
-32,-21,1,100000,26,0.00026,61,0.00061
-32,-21,2,100000,37,0.00037,73,0.00073
-32,-21,3,100000,26,0.00026,66,0.00066
-32,-21,4,100000,24,0.00024,66,0.00066
-32,-21,5,100000,38,0.00038,77,0.00077
-32,-20,0,100000,28,0.00028,75,0.00075
-32,-20,1,100000,31,0.00031,76,0.00076
-32,-20,2,100000,19,0.00019,64,0.00064
-32,-20,3,100000,40,0.0004,70,0.0007
-32,-20,4,100000,33,0.00033,83,0.00083
-32,-20,5,100000,30,0.0003,79,0.00079
-32,-19,0,100000,33,0.00033,73,0.00073
-32,-19,1,100000,37,0.00037,76,0.00076
-32,-19,2,100000,39,0.00039,73,0.00073
-32,-19,3,100000,24,0.00024,83,0.00083
-32,-19,4,100000,33,0.00033,80,0.0008
-32,-19,5,100000,48,0.00048,72,0.00072
-32,-18,0,100000,28,0.00028,87,0.00087
-32,-18,1,100000,18,0.00018,84,0.00084
-32,-18,2,100000,30,0.0003,81,0.00081
-32,-18,3,100000,35,0.00035,62,0.00062
-32,-18,4,100000,36,0.00036,70,0.0007
-32,-18,5,100000,11,0.00011,68,0.00068
-32,-17,0,100000,35,0.00035,73,0.00073
-32,-17,1,100000,27,0.00027,61,0.00061
-32,-17,2,100000,21,0.00021,80,0.0008
-32,-17,3,100000,25,0.00025,78,0.00078
-32,-17,4,100000,15,0.00015,66,0.00066
-32,-17,5,100000,44,0.00044,75,0.00075
-32,-16,0,100000,53,0.00053,79,0.00079
-32,-16,1,100000,24,0.00024,58,0.00058
-32,-16,2,100000,27,0.00027,72,0.00072
-32,-16,3,100000,18,0.00018,61,0.00061
-32,-16,4,100000,27,0.00027,81,0.00081
-32,-16,5,100000,34,0.00034,63,0.00063
-32,-15,0,100000,31,0.00031,75,0.00075
-32,-15,1,100000,22,0.00022,69,0.00069
-32,-15,2,100000,48,0.00048,86,0.00086
-32,-15,3,100000,24,0.00024,59,0.00059
-32,-15,4,100000,22,0.00022,78,0.00078
-32,-15,5,100000,15,0.00015,56,0.00056
-32,-14,0,100000,24,0.00024,67,0.00067
-32,-14,1,100000,41,0.00041,84,0.00084
-32,-14,2,100000,18,0.00018,77,0.00077
-32,-14,3,100000,40,0.0004,84,0.00084
-32,-14,4,100000,30,0.0003,72,0.00072
-32,-14,5,100000,34,0.00034,78,0.00078
-32,-13,0,100000,31,0.00031,74,0.00074
-32,-13,1,100000,31,0.00031,62,0.00062
-32,-13,2,100000,14,0.00014,53,0.00053
-32,-13,3,100000,49,0.00049,88,0.00088
-32,-13,4,100000,26,0.00026,75,0.00075
-32,-13,5,100000,23,0.00023,65,0.00065
-32,-12,0,100000,30,0.0003,84,0.00084
-32,-12,1,100000,24,0.00024,75,0.00075
-32,-12,2,100000,46,0.00046,87,0.00087
-32,-12,3,100000,34,0.00034,80,0.0008
-32,-12,4,100000,40,0.0004,71,0.00071
-32,-12,5,100000,22,0.00022,78,0.00078
-32,-11,0,100000,46,0.00046,69,0.00069
-32,-11,1,100000,26,0.00026,68,0.00068
-32,-11,2,100000,23,0.00023,76,0.00076
-32,-11,3,100000,32,0.00032,78,0.00078
-32,-11,4,100000,30,0.0003,89,0.00089
-32,-11,5,100000,34,0.00034,84,0.00084
-32,-10,0,100000,21,0.00021,66,0.00066
-32,-10,1,100000,13,0.00013,59,0.00059
-32,-10,2,100000,19,0.00019,78,0.00078
-32,-10,3,100000,16,0.00016,64,0.00064
-32,-10,4,100000,34,0.00034,65,0.00065
-32,-10,5,100000,32,0.00032,80,0.0008
-32,-9,0,100000,19,0.00019,70,0.0007
-32,-9,1,100000,46,0.00046,86,0.00086
-32,-9,2,100000,18,0.00018,68,0.00068
-32,-9,3,100000,24,0.00024,68,0.00068
-32,-9,4,100000,24,0.00024,69,0.00069
-32,-9,5,100000,24,0.00024,56,0.00056
-32,-8,0,100000,15,0.00015,84,0.00084
-32,-8,1,100000,54,0.00054,76,0.00076
-32,-8,2,100000,27,0.00027,70,0.0007
-32,-8,3,100000,44,0.00044,77,0.00077
-32,-8,4,100000,31,0.00031,78,0.00078
-32,-8,5,100000,20,0.0002,72,0.00072
-32,-7,0,100000,25,0.00025,69,0.00069
-32,-7,1,100000,21,0.00021,62,0.00062
-32,-7,2,100000,27,0.00027,94,0.00094
-32,-7,3,100000,27,0.00027,70,0.0007
-32,-7,4,100000,33,0.00033,81,0.00081
-32,-7,5,100000,36,0.00036,61,0.00061
-32,-6,0,100000,43,0.00043,63,0.00063
-32,-6,1,100000,31,0.00031,60,0.0006
-32,-6,2,100000,20,0.0002,68,0.00068
-32,-6,3,100000,29,0.00029,70,0.0007
-32,-6,4,100000,15,0.00015,63,0.00063
-32,-6,5,100000,38,0.00038,60,0.0006
-32,-5,0,100000,26,0.00026,71,0.00071
-32,-5,1,100000,27,0.00027,75,0.00075
-32,-5,2,100000,23,0.00023,77,0.00077
-32,-5,3,100000,20,0.0002,66,0.00066
-32,-5,4,100000,44,0.00044,65,0.00065
-32,-5,5,100000,37,0.00037,84,0.00084
-32,-4,0,100000,21,0.00021,76,0.00076
-32,-4,1,100000,29,0.00029,69,0.00069
-32,-4,2,100000,32,0.00032,65,0.00065
-32,-4,3,100000,31,0.00031,89,0.00089
-32,-4,4,100000,23,0.00023,67,0.00067
-32,-4,5,100000,34,0.00034,74,0.00074
-32,-3,0,100000,47,0.00047,81,0.00081
-32,-3,1,100000,22,0.00022,61,0.00061
-32,-3,2,100000,32,0.00032,76,0.00076
-32,-3,3,100000,36,0.00036,84,0.00084
-32,-3,4,100000,25,0.00025,81,0.00081
-32,-3,5,100000,26,0.00026,68,0.00068
-32,-2,0,100000,26,0.00026,83,0.00083
-32,-2,1,100000,40,0.0004,75,0.00075
-32,-2,2,100000,27,0.00027,66,0.00066
-32,-2,3,100000,14,0.00014,69,0.00069
-32,-2,4,100000,36,0.00036,69,0.00069
-32,-2,5,100000,28,0.00028,78,0.00078
-32,-1,0,100000,14,0.00014,54,0.00054
-32,-1,1,100000,26,0.00026,78,0.00078
-32,-1,2,100000,19,0.00019,55,0.00055
-32,-1,3,100000,29,0.00029,70,0.0007
-32,-1,4,100000,27,0.00027,83,0.00083
-32,-1,5,100000,37,0.00037,62,0.00062
-32,0,0,100000,24,0.00024,77,0.00077
-32,0,1,100000,45,0.00045,79,0.00079
-32,0,2,100000,33,0.00033,70,0.0007
-32,0,3,100000,40,0.0004,94,0.00094
-32,0,4,100000,21,0.00021,66,0.00066
-32,0,5,100000,42,0.00042,73,0.00073
-32,1,0,100000,43,0.00043,82,0.00082
-32,1,1,100000,32,0.00032,74,0.00074
-32,1,2,100000,45,0.00045,69,0.00069
-32,1,3,100000,31,0.00031,78,0.00078
-32,1,4,100000,27,0.00027,62,0.00062
-32,1,5,100000,27,0.00027,68,0.00068
-32,2,0,100000,25,0.00025,74,0.00074
-32,2,1,100000,37,0.00037,89,0.00089
-32,2,2,100000,22,0.00022,76,0.00076
-32,2,3,100000,15,0.00015,74,0.00074
-32,2,4,100000,34,0.00034,69,0.00069
-32,2,5,100000,36,0.00036,80,0.0008
-32,3,0,100000,34,0.00034,62,0.00062
-32,3,1,100000,33,0.00033,76,0.00076
-32,3,2,100000,38,0.00038,68,0.00068
-32,3,3,100000,20,0.0002,71,0.00071
-32,3,4,100000,47,0.00047,90,0.0009
-32,3,5,100000,23,0.00023,68,0.00068
-32,4,0,100000,23,0.00023,62,0.00062
-32,4,1,100000,20,0.0002,70,0.0007
-32,4,2,100000,54,0.00054,77,0.00077
-32,4,3,100000,44,0.00044,80,0.0008
-32,4,4,100000,34,0.00034,70,0.0007
-32,4,5,100000,13,0.00013,65,0.00065
-32,5,0,100000,28,0.00028,56,0.00056
-32,5,1,100000,35,0.00035,71,0.00071
-32,5,2,100000,14,0.00014,55,0.00055
-32,5,3,100000,33,0.00033,76,0.00076
-32,5,4,100000,22,0.00022,51,0.00051
-32,5,5,100000,42,0.00042,78,0.00078
-32,6,0,100000,31,0.00031,76,0.00076
-32,6,1,100000,51,0.00051,75,0.00075
-32,6,2,100000,22,0.00022,85,0.00085
-32,6,3,100000,31,0.00031,80,0.0008
-32,6,4,100000,22,0.00022,86,0.00086
-32,6,5,100000,18,0.00018,54,0.00054
-32,7,0,100000,25,0.00025,69,0.00069
-32,7,1,100000,40,0.0004,67,0.00067
-32,7,2,100000,28,0.00028,63,0.00063
-32,7,3,100000,23,0.00023,83,0.00083
-32,7,4,100000,26,0.00026,73,0.00073
-32,7,5,100000,32,0.00032,83,0.00083
-32,8,0,100000,32,0.00032,83,0.00083
-32,8,1,100000,14,0.00014,63,0.00063
-32,8,2,100000,20,0.0002,69,0.00069
-32,8,3,100000,41,0.00041,68,0.00068
-32,8,4,100000,26,0.00026,71,0.00071
-32,8,5,100000,18,0.00018,74,0.00074
-32,9,0,100000,30,0.0003,73,0.00073
-32,9,1,100000,16,0.00016,52,0.00052
-32,9,2,100000,35,0.00035,67,0.00067
-32,9,3,100000,34,0.00034,69,0.00069
-32,9,4,100000,29,0.00029,75,0.00075
-32,9,5,100000,35,0.00035,79,0.00079
-32,10,0,100000,34,0.00034,82,0.00082
-32,10,1,100000,50,0.0005,94,0.00094
-32,10,2,100000,24,0.00024,79,0.00079
-32,10,3,100000,40,0.0004,71,0.00071
-32,10,4,100000,36,0.00036,76,0.00076
-32,10,5,100000,29,0.00029,70,0.0007
-32,11,0,100000,28,0.00028,79,0.00079
-32,11,1,100000,40,0.0004,88,0.00088
-32,11,2,100000,33,0.00033,85,0.00085
-32,11,3,100000,27,0.00027,63,0.00063
-32,11,4,100000,25,0.00025,70,0.0007
-32,11,5,100000,34,0.00034,67,0.00067
-32,12,0,100000,33,0.00033,71,0.00071
-32,12,1,100000,40,0.0004,81,0.00081
-32,12,2,100000,46,0.00046,81,0.00081
-32,12,3,100000,31,0.00031,74,0.00074
-32,12,4,100000,29,0.00029,79,0.00079
-32,12,5,100000,31,0.00031,66,0.00066
-32,13,0,100000,26,0.00026,62,0.00062
-32,13,1,100000,32,0.00032,83,0.00083
-32,13,2,100000,17,0.00017,63,0.00063
-32,13,3,100000,12,0.00012,53,0.00053
-32,13,4,100000,13,0.00013,73,0.00073
-32,13,5,100000,23,0.00023,53,0.00053
-32,14,0,100000,28,0.00028,88,0.00088
-32,14,1,100000,51,0.00051,75,0.00075
-32,14,2,100000,26,0.00026,83,0.00083
-32,14,3,100000,21,0.00021,64,0.00064
-32,14,4,100000,57,0.00057,81,0.00081
-32,14,5,100000,19,0.00019,64,0.00064
-32,15,0,100000,34,0.00034,62,0.00062
-32,15,1,100000,38,0.00038,57,0.00057
-32,15,2,100000,25,0.00025,66,0.00066
-32,15,3,100000,33,0.00033,73,0.00073
-32,15,4,100000,18,0.00018,64,0.00064
-32,15,5,100000,30,0.0003,69,0.00069
-32,16,0,100000,31,0.00031,64,0.00064
-32,16,1,100000,30,0.0003,67,0.00067
-32,16,2,100000,38,0.00038,72,0.00072
-32,16,3,100000,48,0.00048,81,0.00081
-32,16,4,100000,32,0.00032,81,0.00081
-32,16,5,100000,26,0.00026,90,0.0009
-32,17,0,100000,28,0.00028,77,0.00077
-32,17,1,100000,43,0.00043,79,0.00079
-32,17,2,100000,35,0.00035,70,0.0007
-32,17,3,100000,33,0.00033,90,0.0009
-32,17,4,100000,19,0.00019,66,0.00066
-32,17,5,100000,42,0.00042,76,0.00076
-32,18,0,100000,52,0.00052,78,0.00078
-32,18,1,100000,23,0.00023,74,0.00074
-32,18,2,100000,47,0.00047,72,0.00072
-32,18,3,100000,27,0.00027,85,0.00085
-32,18,4,100000,30,0.0003,69,0.00069
-32,18,5,100000,30,0.0003,69,0.00069
-32,19,0,100000,38,0.00038,75,0.00075
-32,19,1,100000,33,0.00033,64,0.00064
-32,19,2,100000,34,0.00034,69,0.00069
-32,19,3,100000,35,0.00035,73,0.00073
-32,19,4,100000,40,0.0004,84,0.00084
-32,19,5,100000,28,0.00028,62,0.00062
-32,20,0,100000,23,0.00023,63,0.00063
-32,20,1,100000,26,0.00026,65,0.00065
-32,20,2,100000,18,0.00018,65,0.00065
-32,20,3,100000,21,0.00021,68,0.00068
-32,20,4,100000,27,0.00027,62,0.00062
-32,20,5,100000,15,0.00015,56,0.00056
-32,21,0,100000,41,0.00041,78,0.00078
-32,21,1,100000,34,0.00034,72,0.00072
-32,21,2,100000,38,0.00038,85,0.00085
-32,21,3,100000,19,0.00019,70,0.0007
-32,21,4,100000,31,0.00031,73,0.00073
-32,21,5,100000,45,0.00045,76,0.00076
-32,22,0,100000,33,0.00033,64,0.00064
-32,22,1,100000,16,0.00016,83,0.00083
-32,22,2,100000,24,0.00024,80,0.0008
-32,22,3,100000,31,0.00031,71,0.00071
-32,22,4,100000,21,0.00021,71,0.00071
-32,22,5,100000,41,0.00041,76,0.00076
-32,23,0,100000,25,0.00025,70,0.0007
-32,23,1,100000,31,0.00031,64,0.00064
-32,23,2,100000,19,0.00019,80,0.0008
-32,23,3,100000,20,0.0002,66,0.00066
-32,23,4,100000,17,0.00017,70,0.0007
-32,23,5,100000,56,0.00056,90,0.0009
-32,24,0,100000,44,0.00044,71,0.00071
-32,24,1,100000,34,0.00034,62,0.00062
-32,24,2,100000,41,0.00041,74,0.00074
-32,24,3,100000,21,0.00021,64,0.00064
-32,24,4,100000,18,0.00018,71,0.00071
-32,24,5,100000,30,0.0003,71,0.00071
-32,25,0,100000,31,0.00031,79,0.00079
-32,25,1,100000,21,0.00021,64,0.00064
-32,25,2,100000,39,0.00039,74,0.00074
-32,25,3,100000,29,0.00029,68,0.00068
-32,25,4,100000,38,0.00038,67,0.00067
-32,25,5,100000,25,0.00025,69,0.00069
-32,26,0,100000,30,0.0003,80,0.0008
-32,26,1,100000,23,0.00023,67,0.00067
-32,26,2,100000,28,0.00028,82,0.00082
-32,26,3,100000,20,0.0002,56,0.00056
-32,26,4,100000,21,0.00021,62,0.00062
-32,26,5,100000,28,0.00028,80,0.0008
-32,27,0,100000,15,0.00015,80,0.0008
-32,27,1,100000,26,0.00026,68,0.00068
-32,27,2,100000,33,0.00033,77,0.00077
-32,27,3,100000,31,0.00031,91,0.00091
-32,27,4,100000,23,0.00023,64,0.00064
-32,27,5,100000,28,0.00028,77,0.00077
-32,28,0,100000,42,0.00042,78,0.00078
-32,28,1,100000,35,0.00035,79,0.00079
-32,28,2,100000,18,0.00018,68,0.00068
-32,28,3,100000,27,0.00027,74,0.00074
-32,28,4,100000,25,0.00025,65,0.00065
-32,28,5,100000,17,0.00017,67,0.00067
-32,29,0,100000,20,0.0002,71,0.00071
-32,29,1,100000,32,0.00032,70,0.0007
-32,29,2,100000,18,0.00018,82,0.00082
-32,29,3,100000,20,0.0002,69,0.00069
-32,29,4,100000,38,0.00038,61,0.00061
-32,29,5,100000,34,0.00034,64,0.00064
-32,30,0,100000,20,0.0002,78,0.00078
-32,30,1,100000,44,0.00044,84,0.00084
-32,30,2,100000,18,0.00018,70,0.0007
-32,30,3,100000,21,0.00021,62,0.00062
-32,30,4,100000,29,0.00029,74,0.00074
-32,30,5,100000,52,0.00052,72,0.00072
-32,31,0,100000,34,0.00034,74,0.00074
-32,31,1,100000,28,0.00028,71,0.00071
-32,31,2,100000,36,0.00036,80,0.0008
-32,31,3,100000,17,0.00017,62,0.00062
-32,31,4,100000,22,0.00022,74,0.00074
-32,31,5,100000,21,0.00021,68,0.00068
-32,32,0,100000,35,0.00035,78,0.00078
-32,32,1,100000,24,0.00024,74,0.00074
-32,32,2,100000,21,0.00021,65,0.00065
-32,32,3,100000,22,0.00022,73,0.00073
-32,32,4,100000,16,0.00016,66,0.00066
-32,32,5,100000,19,0.00019,70,0.0007
-32,33,0,100000,40,0.0004,82,0.00082
-32,33,1,100000,30,0.0003,68,0.00068
-32,33,2,100000,20,0.0002,61,0.00061
-32,33,3,100000,43,0.00043,75,0.00075
-32,33,4,100000,22,0.00022,66,0.00066
-32,33,5,100000,33,0.00033,82,0.00082
-32,34,0,100000,40,0.0004,65,0.00065
-32,34,1,100000,23,0.00023,70,0.0007
-32,34,2,100000,33,0.00033,70,0.0007
-32,34,3,100000,31,0.00031,75,0.00075
-32,34,4,100000,30,0.0003,68,0.00068
-32,34,5,100000,33,0.00033,70,0.0007
-32,35,0,100000,41,0.00041,74,0.00074
-32,35,1,100000,30,0.0003,79,0.00079
-32,35,2,100000,53,0.00053,81,0.00081
-32,35,3,100000,35,0.00035,83,0.00083
-32,35,4,100000,44,0.00044,80,0.0008
-32,35,5,100000,14,0.00014,70,0.0007
-32,36,0,100000,23,0.00023,70,0.0007
-32,36,1,100000,26,0.00026,84,0.00084
-32,36,2,100000,31,0.00031,75,0.00075
-32,36,3,100000,26,0.00026,78,0.00078
-32,36,4,100000,27,0.00027,89,0.00089
-32,36,5,100000,38,0.00038,74,0.00074
-32,37,0,100000,49,0.00049,81,0.00081
-32,37,1,100000,29,0.00029,71,0.00071
-32,37,2,100000,24,0.00024,81,0.00081
-32,37,3,100000,45,0.00045,82,0.00082
-32,37,4,100000,27,0.00027,69,0.00069
-32,37,5,100000,27,0.00027,91,0.00091
-32,38,0,100000,36,0.00036,62,0.00062
-32,38,1,100000,31,0.00031,82,0.00082
-32,38,2,100000,17,0.00017,71,0.00071
-32,38,3,100000,33,0.00033,76,0.00076
-32,38,4,100000,43,0.00043,83,0.00083
-32,38,5,100000,41,0.00041,69,0.00069
-32,39,0,100000,12,0.00012,50,0.0005
-32,39,1,100000,27,0.00027,85,0.00085
-32,39,2,100000,18,0.00018,75,0.00075
-32,39,3,100000,25,0.00025,77,0.00077
-32,39,4,100000,21,0.00021,65,0.00065
-32,39,5,100000,31,0.00031,74,0.00074
-32,40,0,100000,35,0.00035,75,0.00075
-32,40,1,100000,13,0.00013,65,0.00065
-32,40,2,100000,25,0.00025,63,0.00063
-32,40,3,100000,30,0.0003,77,0.00077
-32,40,4,100000,38,0.00038,69,0.00069
-32,40,5,100000,20,0.0002,68,0.00068
-32,41,0,100000,23,0.00023,71,0.00071
-32,41,1,100000,30,0.0003,92,0.00092
-32,41,2,100000,27,0.00027,78,0.00078
-32,41,3,100000,21,0.00021,60,0.0006
-32,41,4,100000,29,0.00029,81,0.00081
-32,41,5,100000,29,0.00029,74,0.00074
-32,42,0,100000,20,0.0002,74,0.00074
-32,42,1,100000,32,0.00032,77,0.00077
-32,42,2,100000,37,0.00037,72,0.00072
-32,42,3,100000,26,0.00026,73,0.00073
-32,42,4,100000,32,0.00032,88,0.00088
-32,42,5,100000,35,0.00035,73,0.00073
-32,43,0,100000,25,0.00025,66,0.00066
-32,43,1,100000,45,0.00045,75,0.00075
-32,43,2,100000,43,0.00043,85,0.00085
-32,43,3,100000,53,0.00053,83,0.00083
-32,43,4,100000,24,0.00024,87,0.00087
-32,43,5,100000,32,0.00032,74,0.00074
-32,44,0,100000,25,0.00025,81,0.00081
-32,44,1,100000,37,0.00037,70,0.0007
-32,44,2,100000,24,0.00024,68,0.00068
-32,44,3,100000,13,0.00013,66,0.00066
-32,44,4,100000,25,0.00025,64,0.00064
-32,44,5,100000,38,0.00038,77,0.00077
-32,45,0,100000,32,0.00032,66,0.00066
-32,45,1,100000,22,0.00022,74,0.00074
-32,45,2,100000,37,0.00037,68,0.00068
-32,45,3,100000,29,0.00029,73,0.00073
-32,45,4,100000,40,0.0004,89,0.00089
-32,45,5,100000,33,0.00033,82,0.00082
-32,46,0,100000,46,0.00046,66,0.00066
-32,46,1,100000,28,0.00028,75,0.00075
-32,46,2,100000,24,0.00024,63,0.00063
-32,46,3,100000,31,0.00031,70,0.0007
-32,46,4,100000,23,0.00023,89,0.00089
-32,46,5,100000,29,0.00029,86,0.00086
-32,47,0,100000,41,0.00041,73,0.00073
-32,47,1,100000,43,0.00043,76,0.00076
-32,47,2,100000,19,0.00019,72,0.00072
-32,47,3,100000,25,0.00025,60,0.0006
-32,47,4,100000,22,0.00022,67,0.00067
-32,47,5,100000,38,0.00038,67,0.00067
-32,48,0,100000,31,0.00031,69,0.00069
-32,48,1,100000,44,0.00044,88,0.00088
-32,48,2,100000,31,0.00031,77,0.00077
-32,48,3,100000,45,0.00045,76,0.00076
-32,48,4,100000,43,0.00043,69,0.00069
-32,48,5,100000,33,0.00033,64,0.00064
-32,49,0,100000,35,0.00035,87,0.00087
-32,49,1,100000,43,0.00043,67,0.00067
-32,49,2,100000,16,0.00016,74,0.00074
-32,49,3,100000,46,0.00046,85,0.00085
-32,49,4,100000,51,0.00051,79,0.00079
-32,49,5,100000,25,0.00025,68,0.00068
-32,50,0,100000,28,0.00028,70,0.0007
-32,50,1,100000,37,0.00037,80,0.0008
-32,50,2,100000,35,0.00035,76,0.00076
-32,50,3,100000,30,0.0003,65,0.00065
-32,50,4,100000,28,0.00028,81,0.00081
-32,50,5,100000,27,0.00027,74,0.00074
-31,-50,0,100000,16,0.00016,76,0.00076
-31,-50,1,100000,42,0.00042,82,0.00082
-31,-50,2,100000,24,0.00024,68,0.00068
-31,-50,3,100000,36,0.00036,75,0.00075
-31,-50,4,100000,34,0.00034,75,0.00075
-31,-50,5,100000,42,0.00042,67,0.00067
-31,-49,0,100000,28,0.00028,56,0.00056
-31,-49,1,100000,25,0.00025,59,0.00059
-31,-49,2,100000,31,0.00031,87,0.00087
-31,-49,3,100000,27,0.00027,74,0.00074
-31,-49,4,100000,25,0.00025,70,0.0007
-31,-49,5,100000,22,0.00022,73,0.00073
-31,-48,0,100000,26,0.00026,70,0.0007
-31,-48,1,100000,19,0.00019,54,0.00054
-31,-48,2,100000,25,0.00025,85,0.00085
-31,-48,3,100000,41,0.00041,76,0.00076
-31,-48,4,100000,23,0.00023,76,0.00076
-31,-48,5,100000,39,0.00039,70,0.0007
-31,-47,0,100000,22,0.00022,67,0.00067
-31,-47,1,100000,52,0.00052,85,0.00085
-31,-47,2,100000,28,0.00028,69,0.00069
-31,-47,3,100000,13,0.00013,78,0.00078
-31,-47,4,100000,13,0.00013,56,0.00056
-31,-47,5,100000,42,0.00042,82,0.00082
-31,-46,0,100000,19,0.00019,67,0.00067
-31,-46,1,100000,50,0.0005,91,0.00091
-31,-46,2,100000,28,0.00028,86,0.00086
-31,-46,3,100000,66,0.00066,93,0.00093
-31,-46,4,100000,24,0.00024,75,0.00075
-31,-46,5,100000,36,0.00036,68,0.00068
-31,-45,0,100000,37,0.00037,76,0.00076
-31,-45,1,100000,37,0.00037,79,0.00079
-31,-45,2,100000,31,0.00031,75,0.00075
-31,-45,3,100000,19,0.00019,61,0.00061
-31,-45,4,100000,24,0.00024,75,0.00075
-31,-45,5,100000,37,0.00037,66,0.00066
-31,-44,0,100000,25,0.00025,68,0.00068
-31,-44,1,100000,21,0.00021,66,0.00066
-31,-44,2,100000,22,0.00022,72,0.00072
-31,-44,3,100000,29,0.00029,65,0.00065
-31,-44,4,100000,24,0.00024,77,0.00077
-31,-44,5,100000,25,0.00025,74,0.00074
-31,-43,0,100000,43,0.00043,82,0.00082
-31,-43,1,100000,29,0.00029,60,0.0006
-31,-43,2,100000,48,0.00048,75,0.00075
-31,-43,3,100000,66,0.00066,79,0.00079
-31,-43,4,100000,22,0.00022,66,0.00066
-31,-43,5,100000,26,0.00026,62,0.00062
-31,-42,0,100000,35,0.00035,68,0.00068
-31,-42,1,100000,34,0.00034,65,0.00065
-31,-42,2,100000,25,0.00025,80,0.0008
-31,-42,3,100000,26,0.00026,76,0.00076
-31,-42,4,100000,30,0.0003,73,0.00073
-31,-42,5,100000,44,0.00044,85,0.00085
-31,-41,0,100000,27,0.00027,87,0.00087
-31,-41,1,100000,25,0.00025,78,0.00078
-31,-41,2,100000,29,0.00029,64,0.00064
-31,-41,3,100000,33,0.00033,89,0.00089
-31,-41,4,100000,26,0.00026,71,0.00071
-31,-41,5,100000,32,0.00032,82,0.00082
-31,-40,0,100000,23,0.00023,67,0.00067
-31,-40,1,100000,18,0.00018,63,0.00063
-31,-40,2,100000,35,0.00035,70,0.0007
-31,-40,3,100000,38,0.00038,76,0.00076
-31,-40,4,100000,38,0.00038,68,0.00068
-31,-40,5,100000,23,0.00023,69,0.00069
-31,-39,0,100000,25,0.00025,49,0.00049
-31,-39,1,100000,19,0.00019,59,0.00059
-31,-39,2,100000,25,0.00025,68,0.00068
-31,-39,3,100000,44,0.00044,81,0.00081
-31,-39,4,100000,46,0.00046,76,0.00076
-31,-39,5,100000,34,0.00034,69,0.00069
-31,-38,0,100000,49,0.00049,73,0.00073
-31,-38,1,100000,40,0.0004,71,0.00071
-31,-38,2,100000,24,0.00024,64,0.00064
-31,-38,3,100000,27,0.00027,81,0.00081
-31,-38,4,100000,61,0.00061,87,0.00087
-31,-38,5,100000,44,0.00044,71,0.00071
-31,-37,0,100000,30,0.0003,78,0.00078
-31,-37,1,100000,29,0.00029,59,0.00059
-31,-37,2,100000,28,0.00028,72,0.00072
-31,-37,3,100000,25,0.00025,64,0.00064
-31,-37,4,100000,46,0.00046,72,0.00072
-31,-37,5,100000,34,0.00034,85,0.00085
-31,-36,0,100000,12,0.00012,57,0.00057
-31,-36,1,100000,54,0.00054,86,0.00086
-31,-36,2,100000,57,0.00057,72,0.00072
-31,-36,3,100000,27,0.00027,85,0.00085
-31,-36,4,100000,44,0.00044,91,0.00091
-31,-36,5,100000,25,0.00025,62,0.00062
-31,-35,0,100000,37,0.00037,87,0.00087
-31,-35,1,100000,33,0.00033,82,0.00082
-31,-35,2,100000,31,0.00031,74,0.00074
-31,-35,3,100000,36,0.00036,65,0.00065
-31,-35,4,100000,28,0.00028,83,0.00083
-31,-35,5,100000,40,0.0004,73,0.00073
-31,-34,0,100000,42,0.00042,66,0.00066
-31,-34,1,100000,50,0.0005,72,0.00072
-31,-34,2,100000,34,0.00034,72,0.00072
-31,-34,3,100000,30,0.0003,79,0.00079
-31,-34,4,100000,29,0.00029,70,0.0007
-31,-34,5,100000,28,0.00028,62,0.00062
-31,-33,0,100000,22,0.00022,71,0.00071
-31,-33,1,100000,19,0.00019,68,0.00068
-31,-33,2,100000,61,0.00061,86,0.00086
-31,-33,3,100000,36,0.00036,75,0.00075
-31,-33,4,100000,48,0.00048,81,0.00081
-31,-33,5,100000,39,0.00039,80,0.0008
-31,-32,0,100000,29,0.00029,81,0.00081
-31,-32,1,100000,28,0.00028,79,0.00079
-31,-32,2,100000,24,0.00024,74,0.00074
-31,-32,3,100000,20,0.0002,73,0.00073
-31,-32,4,100000,22,0.00022,74,0.00074
-31,-32,5,100000,20,0.0002,75,0.00075
-31,-31,0,100000,23,0.00023,72,0.00072
-31,-31,1,100000,20,0.0002,66,0.00066
-31,-31,2,100000,24,0.00024,56,0.00056
-31,-31,3,100000,36,0.00036,68,0.00068
-31,-31,4,100000,31,0.00031,85,0.00085
-31,-31,5,100000,31,0.00031,73,0.00073
-31,-30,0,100000,22,0.00022,69,0.00069
-31,-30,1,100000,33,0.00033,76,0.00076
-31,-30,2,100000,19,0.00019,87,0.00087
-31,-30,3,100000,37,0.00037,76,0.00076
-31,-30,4,100000,30,0.0003,76,0.00076
-31,-30,5,100000,56,0.00056,79,0.00079
-31,-29,0,100000,10,0.0001,48,0.00048
-31,-29,1,100000,40,0.0004,87,0.00087
-31,-29,2,100000,19,0.00019,71,0.00071
-31,-29,3,100000,29,0.00029,70,0.0007
-31,-29,4,100000,35,0.00035,72,0.00072
-31,-29,5,100000,25,0.00025,57,0.00057
-31,-28,0,100000,38,0.00038,82,0.00082
-31,-28,1,100000,28,0.00028,87,0.00087
-31,-28,2,100000,28,0.00028,86,0.00086
-31,-28,3,100000,29,0.00029,79,0.00079
-31,-28,4,100000,48,0.00048,53,0.00053
-31,-28,5,100000,19,0.00019,73,0.00073
-31,-27,0,100000,48,0.00048,77,0.00077
-31,-27,1,100000,24,0.00024,72,0.00072
-31,-27,2,100000,29,0.00029,65,0.00065
-31,-27,3,100000,28,0.00028,76,0.00076
-31,-27,4,100000,42,0.00042,78,0.00078
-31,-27,5,100000,29,0.00029,76,0.00076
-31,-26,0,100000,25,0.00025,68,0.00068
-31,-26,1,100000,21,0.00021,66,0.00066
-31,-26,2,100000,34,0.00034,72,0.00072
-31,-26,3,100000,33,0.00033,76,0.00076
-31,-26,4,100000,24,0.00024,47,0.00047
-31,-26,5,100000,25,0.00025,70,0.0007
-31,-25,0,100000,37,0.00037,75,0.00075
-31,-25,1,100000,23,0.00023,67,0.00067
-31,-25,2,100000,34,0.00034,61,0.00061
-31,-25,3,100000,32,0.00032,72,0.00072
-31,-25,4,100000,31,0.00031,80,0.0008
-31,-25,5,100000,36,0.00036,87,0.00087
-31,-24,0,100000,34,0.00034,73,0.00073
-31,-24,1,100000,49,0.00049,84,0.00084
-31,-24,2,100000,50,0.0005,67,0.00067
-31,-24,3,100000,41,0.00041,61,0.00061
-31,-24,4,100000,23,0.00023,73,0.00073
-31,-24,5,100000,38,0.00038,83,0.00083
-31,-23,0,100000,28,0.00028,72,0.00072
-31,-23,1,100000,27,0.00027,64,0.00064
-31,-23,2,100000,39,0.00039,77,0.00077
-31,-23,3,100000,22,0.00022,70,0.0007
-31,-23,4,100000,35,0.00035,72,0.00072
-31,-23,5,100000,38,0.00038,71,0.00071
-31,-22,0,100000,39,0.00039,53,0.00053
-31,-22,1,100000,34,0.00034,65,0.00065
-31,-22,2,100000,31,0.00031,75,0.00075
-31,-22,3,100000,37,0.00037,73,0.00073
-31,-22,4,100000,23,0.00023,81,0.00081
-31,-22,5,100000,25,0.00025,90,0.0009
-31,-21,0,100000,24,0.00024,63,0.00063
-31,-21,1,100000,34,0.00034,66,0.00066
-31,-21,2,100000,29,0.00029,57,0.00057
-31,-21,3,100000,26,0.00026,76,0.00076
-31,-21,4,100000,26,0.00026,64,0.00064
-31,-21,5,100000,32,0.00032,64,0.00064
-31,-20,0,100000,39,0.00039,65,0.00065
-31,-20,1,100000,35,0.00035,66,0.00066
-31,-20,2,100000,29,0.00029,57,0.00057
-31,-20,3,100000,34,0.00034,73,0.00073
-31,-20,4,100000,37,0.00037,72,0.00072
-31,-20,5,100000,27,0.00027,48,0.00048
-31,-19,0,100000,27,0.00027,68,0.00068
-31,-19,1,100000,32,0.00032,81,0.00081
-31,-19,2,100000,42,0.00042,76,0.00076
-31,-19,3,100000,44,0.00044,82,0.00082
-31,-19,4,100000,31,0.00031,86,0.00086
-31,-19,5,100000,32,0.00032,73,0.00073
-31,-18,0,100000,43,0.00043,92,0.00092
-31,-18,1,100000,25,0.00025,68,0.00068
-31,-18,2,100000,46,0.00046,76,0.00076
-31,-18,3,100000,20,0.0002,66,0.00066
-31,-18,4,100000,39,0.00039,75,0.00075
-31,-18,5,100000,34,0.00034,73,0.00073
-31,-17,0,100000,24,0.00024,71,0.00071
-31,-17,1,100000,31,0.00031,61,0.00061
-31,-17,2,100000,23,0.00023,80,0.0008
-31,-17,3,100000,24,0.00024,76,0.00076
-31,-17,4,100000,35,0.00035,66,0.00066
-31,-17,5,100000,32,0.00032,71,0.00071
-31,-16,0,100000,33,0.00033,73,0.00073
-31,-16,1,100000,16,0.00016,63,0.00063
-31,-16,2,100000,42,0.00042,74,0.00074
-31,-16,3,100000,25,0.00025,85,0.00085
-31,-16,4,100000,13,0.00013,60,0.0006
-31,-16,5,100000,44,0.00044,72,0.00072
-31,-15,0,100000,22,0.00022,76,0.00076
-31,-15,1,100000,46,0.00046,73,0.00073
-31,-15,2,100000,33,0.00033,85,0.00085
-31,-15,3,100000,28,0.00028,79,0.00079
-31,-15,4,100000,42,0.00042,80,0.0008
-31,-15,5,100000,31,0.00031,78,0.00078
-31,-14,0,100000,30,0.0003,81,0.00081
-31,-14,1,100000,36,0.00036,67,0.00067
-31,-14,2,100000,24,0.00024,50,0.0005
-31,-14,3,100000,42,0.00042,67,0.00067
-31,-14,4,100000,16,0.00016,64,0.00064
-31,-14,5,100000,48,0.00048,81,0.00081
-31,-13,0,100000,28,0.00028,78,0.00078
-31,-13,1,100000,15,0.00015,69,0.00069
-31,-13,2,100000,35,0.00035,64,0.00064
-31,-13,3,100000,44,0.00044,82,0.00082
-31,-13,4,100000,32,0.00032,74,0.00074
-31,-13,5,100000,23,0.00023,60,0.0006
-31,-12,0,100000,18,0.00018,63,0.00063
-31,-12,1,100000,33,0.00033,83,0.00083
-31,-12,2,100000,23,0.00023,74,0.00074
-31,-12,3,100000,30,0.0003,74,0.00074
-31,-12,4,100000,31,0.00031,84,0.00084
-31,-12,5,100000,46,0.00046,71,0.00071
-31,-11,0,100000,37,0.00037,74,0.00074
-31,-11,1,100000,28,0.00028,71,0.00071
-31,-11,2,100000,23,0.00023,54,0.00054
-31,-11,3,100000,35,0.00035,80,0.0008
-31,-11,4,100000,19,0.00019,80,0.0008
-31,-11,5,100000,24,0.00024,69,0.00069
-31,-10,0,100000,23,0.00023,66,0.00066
-31,-10,1,100000,35,0.00035,72,0.00072
-31,-10,2,100000,25,0.00025,59,0.00059
-31,-10,3,100000,32,0.00032,58,0.00058
-31,-10,4,100000,48,0.00048,73,0.00073
-31,-10,5,100000,25,0.00025,86,0.00086
-31,-9,0,100000,22,0.00022,75,0.00075
-31,-9,1,100000,38,0.00038,80,0.0008
-31,-9,2,100000,19,0.00019,71,0.00071
-31,-9,3,100000,43,0.00043,86,0.00086
-31,-9,4,100000,32,0.00032,74,0.00074
-31,-9,5,100000,19,0.00019,80,0.0008
-31,-8,0,100000,24,0.00024,66,0.00066
-31,-8,1,100000,28,0.00028,75,0.00075
-31,-8,2,100000,31,0.00031,85,0.00085
-31,-8,3,100000,23,0.00023,64,0.00064
-31,-8,4,100000,38,0.00038,88,0.00088
-31,-8,5,100000,30,0.0003,89,0.00089
-31,-7,0,100000,33,0.00033,70,0.0007
-31,-7,1,100000,31,0.00031,75,0.00075
-31,-7,2,100000,47,0.00047,79,0.00079
-31,-7,3,100000,25,0.00025,57,0.00057
-31,-7,4,100000,39,0.00039,79,0.00079
-31,-7,5,100000,24,0.00024,75,0.00075
-31,-6,0,100000,32,0.00032,67,0.00067
-31,-6,1,100000,36,0.00036,73,0.00073
-31,-6,2,100000,37,0.00037,82,0.00082
-31,-6,3,100000,25,0.00025,59,0.00059
-31,-6,4,100000,28,0.00028,86,0.00086
-31,-6,5,100000,38,0.00038,75,0.00075
-31,-5,0,100000,37,0.00037,72,0.00072
-31,-5,1,100000,41,0.00041,79,0.00079
-31,-5,2,100000,39,0.00039,71,0.00071
-31,-5,3,100000,40,0.0004,77,0.00077
-31,-5,4,100000,23,0.00023,69,0.00069
-31,-5,5,100000,39,0.00039,74,0.00074
-31,-4,0,100000,25,0.00025,61,0.00061
-31,-4,1,100000,24,0.00024,81,0.00081
-31,-4,2,100000,30,0.0003,79,0.00079
-31,-4,3,100000,28,0.00028,69,0.00069
-31,-4,4,100000,35,0.00035,84,0.00084
-31,-4,5,100000,29,0.00029,64,0.00064
-31,-3,0,100000,35,0.00035,72,0.00072
-31,-3,1,100000,34,0.00034,70,0.0007
-31,-3,2,100000,29,0.00029,92,0.00092
-31,-3,3,100000,28,0.00028,71,0.00071
-31,-3,4,100000,26,0.00026,76,0.00076
-31,-3,5,100000,29,0.00029,81,0.00081
-31,-2,0,100000,22,0.00022,68,0.00068
-31,-2,1,100000,31,0.00031,68,0.00068
-31,-2,2,100000,28,0.00028,61,0.00061
-31,-2,3,100000,19,0.00019,49,0.00049
-31,-2,4,100000,17,0.00017,60,0.0006
-31,-2,5,100000,31,0.00031,69,0.00069
-31,-1,0,100000,29,0.00029,71,0.00071
-31,-1,1,100000,24,0.00024,72,0.00072
-31,-1,2,100000,24,0.00024,76,0.00076
-31,-1,3,100000,32,0.00032,86,0.00086
-31,-1,4,100000,26,0.00026,75,0.00075
-31,-1,5,100000,26,0.00026,67,0.00067
-31,0,0,100000,36,0.00036,77,0.00077
-31,0,1,100000,45,0.00045,62,0.00062
-31,0,2,100000,43,0.00043,75,0.00075
-31,0,3,100000,32,0.00032,77,0.00077
-31,0,4,100000,34,0.00034,80,0.0008
-31,0,5,100000,27,0.00027,60,0.0006
-31,1,0,100000,28,0.00028,74,0.00074
-31,1,1,100000,45,0.00045,74,0.00074
-31,1,2,100000,36,0.00036,71,0.00071
-31,1,3,100000,40,0.0004,83,0.00083
-31,1,4,100000,33,0.00033,57,0.00057
-31,1,5,100000,54,0.00054,86,0.00086
-31,2,0,100000,25,0.00025,70,0.0007
-31,2,1,100000,38,0.00038,75,0.00075
-31,2,2,100000,24,0.00024,64,0.00064
-31,2,3,100000,33,0.00033,70,0.0007
-31,2,4,100000,24,0.00024,73,0.00073
-31,2,5,100000,17,0.00017,63,0.00063
-31,3,0,100000,31,0.00031,77,0.00077
-31,3,1,100000,31,0.00031,66,0.00066
-31,3,2,100000,29,0.00029,62,0.00062
-31,3,3,100000,28,0.00028,68,0.00068
-31,3,4,100000,23,0.00023,66,0.00066
-31,3,5,100000,32,0.00032,80,0.0008
-31,4,0,100000,28,0.00028,68,0.00068
-31,4,1,100000,28,0.00028,73,0.00073
-31,4,2,100000,23,0.00023,64,0.00064
-31,4,3,100000,43,0.00043,70,0.0007
-31,4,4,100000,30,0.0003,80,0.0008
-31,4,5,100000,27,0.00027,77,0.00077
-31,5,0,100000,31,0.00031,78,0.00078
-31,5,1,100000,30,0.0003,75,0.00075
-31,5,2,100000,39,0.00039,75,0.00075
-31,5,3,100000,28,0.00028,86,0.00086
-31,5,4,100000,38,0.00038,75,0.00075
-31,5,5,100000,51,0.00051,79,0.00079
-31,6,0,100000,38,0.00038,87,0.00087
-31,6,1,100000,16,0.00016,73,0.00073
-31,6,2,100000,33,0.00033,82,0.00082
-31,6,3,100000,33,0.00033,59,0.00059
-31,6,4,100000,31,0.00031,82,0.00082
-31,6,5,100000,13,0.00013,76,0.00076
-31,7,0,100000,33,0.00033,81,0.00081
-31,7,1,100000,28,0.00028,71,0.00071
-31,7,2,100000,23,0.00023,77,0.00077
-31,7,3,100000,31,0.00031,73,0.00073
-31,7,4,100000,26,0.00026,82,0.00082
-31,7,5,100000,49,0.00049,86,0.00086
-31,8,0,100000,56,0.00056,83,0.00083
-31,8,1,100000,15,0.00015,51,0.00051
-31,8,2,100000,26,0.00026,69,0.00069
-31,8,3,100000,15,0.00015,59,0.00059
-31,8,4,100000,30,0.0003,84,0.00084
-31,8,5,100000,32,0.00032,65,0.00065
-31,9,0,100000,30,0.0003,73,0.00073
-31,9,1,100000,22,0.00022,73,0.00073
-31,9,2,100000,30,0.0003,77,0.00077
-31,9,3,100000,31,0.00031,63,0.00063
-31,9,4,100000,25,0.00025,80,0.0008
-31,9,5,100000,17,0.00017,56,0.00056
-31,10,0,100000,27,0.00027,61,0.00061
-31,10,1,100000,31,0.00031,81,0.00081
-31,10,2,100000,27,0.00027,84,0.00084
-31,10,3,100000,52,0.00052,91,0.00091
-31,10,4,100000,25,0.00025,72,0.00072
-31,10,5,100000,31,0.00031,75,0.00075
-31,11,0,100000,30,0.0003,74,0.00074
-31,11,1,100000,44,0.00044,73,0.00073
-31,11,2,100000,16,0.00016,57,0.00057
-31,11,3,100000,39,0.00039,81,0.00081
-31,11,4,100000,26,0.00026,75,0.00075
-31,11,5,100000,21,0.00021,69,0.00069
-31,12,0,100000,34,0.00034,81,0.00081
-31,12,1,100000,22,0.00022,73,0.00073
-31,12,2,100000,31,0.00031,75,0.00075
-31,12,3,100000,29,0.00029,84,0.00084
-31,12,4,100000,35,0.00035,67,0.00067
-31,12,5,100000,17,0.00017,71,0.00071
-31,13,0,100000,39,0.00039,72,0.00072
-31,13,1,100000,37,0.00037,77,0.00077
-31,13,2,100000,26,0.00026,75,0.00075
-31,13,3,100000,29,0.00029,82,0.00082
-31,13,4,100000,34,0.00034,91,0.00091
-31,13,5,100000,37,0.00037,84,0.00084
-31,14,0,100000,29,0.00029,61,0.00061
-31,14,1,100000,18,0.00018,66,0.00066
-31,14,2,100000,15,0.00015,73,0.00073
-31,14,3,100000,29,0.00029,64,0.00064
-31,14,4,100000,35,0.00035,64,0.00064
-31,14,5,100000,25,0.00025,80,0.0008
-31,15,0,100000,28,0.00028,87,0.00087
-31,15,1,100000,41,0.00041,81,0.00081
-31,15,2,100000,22,0.00022,69,0.00069
-31,15,3,100000,25,0.00025,65,0.00065
-31,15,4,100000,19,0.00019,66,0.00066
-31,15,5,100000,25,0.00025,65,0.00065
-31,16,0,100000,14,0.00014,78,0.00078
-31,16,1,100000,47,0.00047,84,0.00084
-31,16,2,100000,40,0.0004,80,0.0008
-31,16,3,100000,42,0.00042,63,0.00063
-31,16,4,100000,29,0.00029,77,0.00077
-31,16,5,100000,21,0.00021,72,0.00072
-31,17,0,100000,21,0.00021,65,0.00065
-31,17,1,100000,21,0.00021,62,0.00062
-31,17,2,100000,27,0.00027,89,0.00089
-31,17,3,100000,24,0.00024,75,0.00075
-31,17,4,100000,34,0.00034,85,0.00085
-31,17,5,100000,40,0.0004,69,0.00069
-31,18,0,100000,59,0.00059,72,0.00072
-31,18,1,100000,39,0.00039,65,0.00065
-31,18,2,100000,23,0.00023,70,0.0007
-31,18,3,100000,32,0.00032,76,0.00076
-31,18,4,100000,15,0.00015,73,0.00073
-31,18,5,100000,40,0.0004,66,0.00066
-31,19,0,100000,19,0.00019,65,0.00065
-31,19,1,100000,25,0.00025,74,0.00074
-31,19,2,100000,35,0.00035,80,0.0008
-31,19,3,100000,18,0.00018,64,0.00064
-31,19,4,100000,33,0.00033,65,0.00065
-31,19,5,100000,26,0.00026,77,0.00077
-31,20,0,100000,30,0.0003,77,0.00077
-31,20,1,100000,29,0.00029,63,0.00063
-31,20,2,100000,47,0.00047,76,0.00076
-31,20,3,100000,31,0.00031,87,0.00087
-31,20,4,100000,26,0.00026,69,0.00069
-31,20,5,100000,38,0.00038,78,0.00078
-31,21,0,100000,37,0.00037,70,0.0007
-31,21,1,100000,22,0.00022,51,0.00051
-31,21,2,100000,27,0.00027,74,0.00074
-31,21,3,100000,32,0.00032,74,0.00074
-31,21,4,100000,25,0.00025,74,0.00074
-31,21,5,100000,23,0.00023,66,0.00066
-31,22,0,100000,24,0.00024,81,0.00081
-31,22,1,100000,31,0.00031,77,0.00077
-31,22,2,100000,33,0.00033,59,0.00059
-31,22,3,100000,25,0.00025,83,0.00083
-31,22,4,100000,46,0.00046,64,0.00064
-31,22,5,100000,38,0.00038,68,0.00068
-31,23,0,100000,28,0.00028,52,0.00052
-31,23,1,100000,33,0.00033,85,0.00085
-31,23,2,100000,23,0.00023,56,0.00056
-31,23,3,100000,28,0.00028,73,0.00073
-31,23,4,100000,13,0.00013,81,0.00081
-31,23,5,100000,32,0.00032,65,0.00065
-31,24,0,100000,28,0.00028,77,0.00077
-31,24,1,100000,44,0.00044,75,0.00075
-31,24,2,100000,33,0.00033,70,0.0007
-31,24,3,100000,33,0.00033,83,0.00083
-31,24,4,100000,27,0.00027,67,0.00067
-31,24,5,100000,50,0.0005,77,0.00077
-31,25,0,100000,39,0.00039,80,0.0008
-31,25,1,100000,32,0.00032,76,0.00076
-31,25,2,100000,44,0.00044,79,0.00079
-31,25,3,100000,31,0.00031,78,0.00078
-31,25,4,100000,25,0.00025,65,0.00065
-31,25,5,100000,26,0.00026,63,0.00063
-31,26,0,100000,26,0.00026,70,0.0007
-31,26,1,100000,29,0.00029,82,0.00082
-31,26,2,100000,25,0.00025,75,0.00075
-31,26,3,100000,15,0.00015,71,0.00071
-31,26,4,100000,26,0.00026,67,0.00067
-31,26,5,100000,34,0.00034,83,0.00083
-31,27,0,100000,36,0.00036,65,0.00065
-31,27,1,100000,33,0.00033,78,0.00078
-31,27,2,100000,39,0.00039,65,0.00065
-31,27,3,100000,20,0.0002,78,0.00078
-31,27,4,100000,49,0.00049,86,0.00086
-31,27,5,100000,24,0.00024,64,0.00064
-31,28,0,100000,17,0.00017,58,0.00058
-31,28,1,100000,18,0.00018,66,0.00066
-31,28,2,100000,57,0.00057,87,0.00087
-31,28,3,100000,45,0.00045,85,0.00085
-31,28,4,100000,45,0.00045,77,0.00077
-31,28,5,100000,12,0.00012,63,0.00063
-31,29,0,100000,28,0.00028,57,0.00057
-31,29,1,100000,28,0.00028,65,0.00065
-31,29,2,100000,15,0.00015,58,0.00058
-31,29,3,100000,27,0.00027,61,0.00061
-31,29,4,100000,22,0.00022,47,0.00047
-31,29,5,100000,38,0.00038,76,0.00076
-31,30,0,100000,32,0.00032,77,0.00077
-31,30,1,100000,46,0.00046,76,0.00076
-31,30,2,100000,28,0.00028,80,0.0008
-31,30,3,100000,30,0.0003,87,0.00087
-31,30,4,100000,30,0.0003,95,0.00095
-31,30,5,100000,16,0.00016,55,0.00055
-31,31,0,100000,24,0.00024,72,0.00072
-31,31,1,100000,42,0.00042,64,0.00064
-31,31,2,100000,30,0.0003,60,0.0006
-31,31,3,100000,24,0.00024,83,0.00083
-31,31,4,100000,24,0.00024,72,0.00072
-31,31,5,100000,28,0.00028,86,0.00086
-31,32,0,100000,34,0.00034,82,0.00082
-31,32,1,100000,14,0.00014,65,0.00065
-31,32,2,100000,22,0.00022,70,0.0007
-31,32,3,100000,33,0.00033,65,0.00065
-31,32,4,100000,27,0.00027,62,0.00062
-31,32,5,100000,13,0.00013,73,0.00073
-31,33,0,100000,23,0.00023,64,0.00064
-31,33,1,100000,22,0.00022,54,0.00054
-31,33,2,100000,47,0.00047,78,0.00078
-31,33,3,100000,28,0.00028,72,0.00072
-31,33,4,100000,19,0.00019,76,0.00076
-31,33,5,100000,33,0.00033,75,0.00075
-31,34,0,100000,30,0.0003,86,0.00086
-31,34,1,100000,37,0.00037,90,0.0009
-31,34,2,100000,30,0.0003,77,0.00077
-31,34,3,100000,39,0.00039,69,0.00069
-31,34,4,100000,42,0.00042,73,0.00073
-31,34,5,100000,42,0.00042,74,0.00074
-31,35,0,100000,34,0.00034,82,0.00082
-31,35,1,100000,39,0.00039,78,0.00078
-31,35,2,100000,28,0.00028,84,0.00084
-31,35,3,100000,22,0.00022,66,0.00066
-31,35,4,100000,33,0.00033,75,0.00075
-31,35,5,100000,28,0.00028,78,0.00078
-31,36,0,100000,25,0.00025,65,0.00065
-31,36,1,100000,39,0.00039,81,0.00081
-31,36,2,100000,29,0.00029,74,0.00074
-31,36,3,100000,31,0.00031,74,0.00074
-31,36,4,100000,34,0.00034,86,0.00086
-31,36,5,100000,26,0.00026,68,0.00068
-31,37,0,100000,32,0.00032,73,0.00073
-31,37,1,100000,28,0.00028,77,0.00077
-31,37,2,100000,14,0.00014,59,0.00059
-31,37,3,100000,16,0.00016,57,0.00057
-31,37,4,100000,4,4e-05,65,0.00065
-31,37,5,100000,18,0.00018,55,0.00055
-31,38,0,100000,30,0.0003,82,0.00082
-31,38,1,100000,52,0.00052,76,0.00076
-31,38,2,100000,25,0.00025,76,0.00076
-31,38,3,100000,23,0.00023,64,0.00064
-31,38,4,100000,50,0.0005,78,0.00078
-31,38,5,100000,18,0.00018,59,0.00059
-31,39,0,100000,34,0.00034,59,0.00059
-31,39,1,100000,38,0.00038,63,0.00063
-31,39,2,100000,26,0.00026,61,0.00061
-31,39,3,100000,23,0.00023,71,0.00071
-31,39,4,100000,18,0.00018,78,0.00078
-31,39,5,100000,29,0.00029,68,0.00068
-31,40,0,100000,24,0.00024,64,0.00064
-31,40,1,100000,30,0.0003,60,0.0006
-31,40,2,100000,43,0.00043,76,0.00076
-31,40,3,100000,43,0.00043,78,0.00078
-31,40,4,100000,33,0.00033,79,0.00079
-31,40,5,100000,22,0.00022,80,0.0008
-31,41,0,100000,29,0.00029,74,0.00074
-31,41,1,100000,43,0.00043,75,0.00075
-31,41,2,100000,26,0.00026,70,0.0007
-31,41,3,100000,42,0.00042,85,0.00085
-31,41,4,100000,16,0.00016,69,0.00069
-31,41,5,100000,38,0.00038,75,0.00075
-31,42,0,100000,49,0.00049,78,0.00078
-31,42,1,100000,39,0.00039,79,0.00079
-31,42,2,100000,47,0.00047,70,0.0007
-31,42,3,100000,24,0.00024,79,0.00079
-31,42,4,100000,33,0.00033,77,0.00077
-31,42,5,100000,28,0.00028,65,0.00065
-31,43,0,100000,40,0.0004,76,0.00076
-31,43,1,100000,38,0.00038,64,0.00064
-31,43,2,100000,32,0.00032,64,0.00064
-31,43,3,100000,35,0.00035,74,0.00074
-31,43,4,100000,42,0.00042,88,0.00088
-31,43,5,100000,23,0.00023,59,0.00059
-31,44,0,100000,25,0.00025,69,0.00069
-31,44,1,100000,27,0.00027,61,0.00061
-31,44,2,100000,20,0.0002,74,0.00074
-31,44,3,100000,24,0.00024,77,0.00077
-31,44,4,100000,25,0.00025,53,0.00053
-31,44,5,100000,27,0.00027,61,0.00061
-31,45,0,100000,34,0.00034,69,0.00069
-31,45,1,100000,40,0.0004,64,0.00064
-31,45,2,100000,32,0.00032,71,0.00071
-31,45,3,100000,20,0.0002,69,0.00069
-31,45,4,100000,31,0.00031,70,0.0007
-31,45,5,100000,46,0.00046,84,0.00084
-31,46,0,100000,30,0.0003,62,0.00062
-31,46,1,100000,27,0.00027,80,0.0008
-31,46,2,100000,16,0.00016,71,0.00071
-31,46,3,100000,20,0.0002,68,0.00068
-31,46,4,100000,25,0.00025,72,0.00072
-31,46,5,100000,36,0.00036,69,0.00069
-31,47,0,100000,37,0.00037,73,0.00073
-31,47,1,100000,26,0.00026,63,0.00063
-31,47,2,100000,18,0.00018,82,0.00082
-31,47,3,100000,23,0.00023,68,0.00068
-31,47,4,100000,16,0.00016,62,0.00062
-31,47,5,100000,44,0.00044,89,0.00089
-31,48,0,100000,33,0.00033,68,0.00068
-31,48,1,100000,39,0.00039,70,0.0007
-31,48,2,100000,28,0.00028,74,0.00074
-31,48,3,100000,19,0.00019,71,0.00071
-31,48,4,100000,21,0.00021,72,0.00072
-31,48,5,100000,16,0.00016,68,0.00068
-31,49,0,100000,35,0.00035,78,0.00078
-31,49,1,100000,29,0.00029,55,0.00055
-31,49,2,100000,33,0.00033,76,0.00076
-31,49,3,100000,45,0.00045,76,0.00076
-31,49,4,100000,26,0.00026,66,0.00066
-31,49,5,100000,22,0.00022,60,0.0006
-31,50,0,100000,31,0.00031,75,0.00075
-31,50,1,100000,27,0.00027,68,0.00068
-31,50,2,100000,27,0.00027,80,0.0008
-31,50,3,100000,19,0.00019,59,0.00059
-31,50,4,100000,19,0.00019,63,0.00063
-31,50,5,100000,26,0.00026,74,0.00074
-30,-50,0,100000,30,0.0003,86,0.00086
-30,-50,1,100000,26,0.00026,74,0.00074
-30,-50,2,100000,30,0.0003,73,0.00073
-30,-50,3,100000,33,0.00033,92,0.00092
-30,-50,4,100000,33,0.00033,71,0.00071
-30,-50,5,100000,35,0.00035,70,0.0007
-30,-49,0,100000,42,0.00042,81,0.00081
-30,-49,1,100000,46,0.00046,75,0.00075
-30,-49,2,100000,16,0.00016,72,0.00072
-30,-49,3,100000,33,0.00033,78,0.00078
-30,-49,4,100000,37,0.00037,75,0.00075
-30,-49,5,100000,17,0.00017,70,0.0007
-30,-48,0,100000,26,0.00026,71,0.00071
-30,-48,1,100000,40,0.0004,66,0.00066
-30,-48,2,100000,38,0.00038,76,0.00076
-30,-48,3,100000,30,0.0003,79,0.00079
-30,-48,4,100000,47,0.00047,70,0.0007
-30,-48,5,100000,29,0.00029,74,0.00074
-30,-47,0,100000,21,0.00021,75,0.00075
-30,-47,1,100000,36,0.00036,94,0.00094
-30,-47,2,100000,27,0.00027,67,0.00067
-30,-47,3,100000,22,0.00022,57,0.00057
-30,-47,4,100000,37,0.00037,79,0.00079
-30,-47,5,100000,45,0.00045,72,0.00072
-30,-46,0,100000,23,0.00023,80,0.0008
-30,-46,1,100000,24,0.00024,70,0.0007
-30,-46,2,100000,37,0.00037,77,0.00077
-30,-46,3,100000,13,0.00013,66,0.00066
-30,-46,4,100000,19,0.00019,64,0.00064
-30,-46,5,100000,25,0.00025,72,0.00072
-30,-45,0,100000,32,0.00032,83,0.00083
-30,-45,1,100000,26,0.00026,65,0.00065
-30,-45,2,100000,21,0.00021,67,0.00067
-30,-45,3,100000,22,0.00022,73,0.00073
-30,-45,4,100000,22,0.00022,74,0.00074
-30,-45,5,100000,32,0.00032,70,0.0007
-30,-44,0,100000,44,0.00044,75,0.00075
-30,-44,1,100000,27,0.00027,58,0.00058
-30,-44,2,100000,22,0.00022,62,0.00062
-30,-44,3,100000,36,0.00036,81,0.00081
-30,-44,4,100000,32,0.00032,67,0.00067
-30,-44,5,100000,33,0.00033,82,0.00082
-30,-43,0,100000,47,0.00047,72,0.00072
-30,-43,1,100000,28,0.00028,65,0.00065
-30,-43,2,100000,34,0.00034,73,0.00073
-30,-43,3,100000,28,0.00028,75,0.00075
-30,-43,4,100000,35,0.00035,64,0.00064
-30,-43,5,100000,32,0.00032,75,0.00075
-30,-42,0,100000,30,0.0003,74,0.00074
-30,-42,1,100000,33,0.00033,66,0.00066
-30,-42,2,100000,56,0.00056,83,0.00083
-30,-42,3,100000,32,0.00032,81,0.00081
-30,-42,4,100000,35,0.00035,75,0.00075
-30,-42,5,100000,21,0.00021,74,0.00074
-30,-41,0,100000,18,0.00018,69,0.00069
-30,-41,1,100000,31,0.00031,89,0.00089
-30,-41,2,100000,32,0.00032,71,0.00071
-30,-41,3,100000,28,0.00028,82,0.00082
-30,-41,4,100000,34,0.00034,94,0.00094
-30,-41,5,100000,29,0.00029,71,0.00071
-30,-40,0,100000,56,0.00056,90,0.0009
-30,-40,1,100000,31,0.00031,78,0.00078
-30,-40,2,100000,34,0.00034,88,0.00088
-30,-40,3,100000,46,0.00046,74,0.00074
-30,-40,4,100000,28,0.00028,70,0.0007
-30,-40,5,100000,32,0.00032,80,0.0008
-30,-39,0,100000,28,0.00028,63,0.00063
-30,-39,1,100000,32,0.00032,77,0.00077
-30,-39,2,100000,44,0.00044,76,0.00076
-30,-39,3,100000,42,0.00042,70,0.0007
-30,-39,4,100000,25,0.00025,73,0.00073
-30,-39,5,100000,23,0.00023,61,0.00061
-30,-38,0,100000,35,0.00035,54,0.00054
-30,-38,1,100000,24,0.00024,77,0.00077
-30,-38,2,100000,24,0.00024,68,0.00068
-30,-38,3,100000,34,0.00034,84,0.00084
-30,-38,4,100000,24,0.00024,60,0.0006
-30,-38,5,100000,37,0.00037,79,0.00079
-30,-37,0,100000,42,0.00042,74,0.00074
-30,-37,1,100000,22,0.00022,79,0.00079
-30,-37,2,100000,25,0.00025,70,0.0007
-30,-37,3,100000,33,0.00033,74,0.00074
-30,-37,4,100000,20,0.0002,57,0.00057
-30,-37,5,100000,28,0.00028,68,0.00068
-30,-36,0,100000,29,0.00029,76,0.00076
-30,-36,1,100000,28,0.00028,92,0.00092
-30,-36,2,100000,36,0.00036,88,0.00088
-30,-36,3,100000,27,0.00027,60,0.0006
-30,-36,4,100000,34,0.00034,83,0.00083
-30,-36,5,100000,30,0.0003,72,0.00072
-30,-35,0,100000,23,0.00023,79,0.00079
-30,-35,1,100000,16,0.00016,65,0.00065
-30,-35,2,100000,24,0.00024,72,0.00072
-30,-35,3,100000,19,0.00019,56,0.00056
-30,-35,4,100000,27,0.00027,78,0.00078
-30,-35,5,100000,51,0.00051,80,0.0008
-30,-34,0,100000,23,0.00023,70,0.0007
-30,-34,1,100000,42,0.00042,68,0.00068
-30,-34,2,100000,35,0.00035,78,0.00078
-30,-34,3,100000,41,0.00041,76,0.00076
-30,-34,4,100000,30,0.0003,100,0.001
-30,-34,5,100000,28,0.00028,73,0.00073
-30,-33,0,100000,16,0.00016,63,0.00063
-30,-33,1,100000,40,0.0004,61,0.00061
-30,-33,2,100000,23,0.00023,74,0.00074
-30,-33,3,100000,28,0.00028,79,0.00079
-30,-33,4,100000,24,0.00024,66,0.00066
-30,-33,5,100000,23,0.00023,61,0.00061
-30,-32,0,100000,22,0.00022,55,0.00055
-30,-32,1,100000,35,0.00035,78,0.00078
-30,-32,2,100000,29,0.00029,69,0.00069
-30,-32,3,100000,26,0.00026,82,0.00082
-30,-32,4,100000,30,0.0003,62,0.00062
-30,-32,5,100000,45,0.00045,81,0.00081
-30,-31,0,100000,50,0.0005,71,0.00071
-30,-31,1,100000,24,0.00024,64,0.00064
-30,-31,2,100000,21,0.00021,55,0.00055
-30,-31,3,100000,28,0.00028,69,0.00069
-30,-31,4,100000,24,0.00024,77,0.00077
-30,-31,5,100000,22,0.00022,61,0.00061
-30,-30,0,100000,44,0.00044,76,0.00076
-30,-30,1,100000,45,0.00045,85,0.00085
-30,-30,2,100000,18,0.00018,76,0.00076
-30,-30,3,100000,33,0.00033,67,0.00067
-30,-30,4,100000,28,0.00028,63,0.00063
-30,-30,5,100000,28,0.00028,67,0.00067
-30,-29,0,100000,29,0.00029,65,0.00065
-30,-29,1,100000,42,0.00042,73,0.00073
-30,-29,2,100000,32,0.00032,79,0.00079
-30,-29,3,100000,39,0.00039,66,0.00066
-30,-29,4,100000,43,0.00043,73,0.00073
-30,-29,5,100000,30,0.0003,74,0.00074
-30,-28,0,100000,60,0.0006,89,0.00089
-30,-28,1,100000,56,0.00056,82,0.00082
-30,-28,2,100000,14,0.00014,81,0.00081
-30,-28,3,100000,44,0.00044,83,0.00083
-30,-28,4,100000,33,0.00033,76,0.00076
-30,-28,5,100000,28,0.00028,63,0.00063
-30,-27,0,100000,25,0.00025,70,0.0007
-30,-27,1,100000,33,0.00033,75,0.00075
-30,-27,2,100000,32,0.00032,75,0.00075
-30,-27,3,100000,23,0.00023,71,0.00071
-30,-27,4,100000,26,0.00026,77,0.00077
-30,-27,5,100000,29,0.00029,75,0.00075
-30,-26,0,100000,11,0.00011,76,0.00076
-30,-26,1,100000,29,0.00029,71,0.00071
-30,-26,2,100000,20,0.0002,66,0.00066
-30,-26,3,100000,41,0.00041,79,0.00079
-30,-26,4,100000,29,0.00029,80,0.0008
-30,-26,5,100000,42,0.00042,75,0.00075
-30,-25,0,100000,28,0.00028,60,0.0006
-30,-25,1,100000,26,0.00026,64,0.00064
-30,-25,2,100000,30,0.0003,84,0.00084
-30,-25,3,100000,24,0.00024,67,0.00067
-30,-25,4,100000,36,0.00036,85,0.00085
-30,-25,5,100000,20,0.0002,74,0.00074
-30,-24,0,100000,23,0.00023,65,0.00065
-30,-24,1,100000,23,0.00023,56,0.00056
-30,-24,2,100000,22,0.00022,82,0.00082
-30,-24,3,100000,36,0.00036,78,0.00078
-30,-24,4,100000,18,0.00018,78,0.00078
-30,-24,5,100000,35,0.00035,75,0.00075
-30,-23,0,100000,33,0.00033,64,0.00064
-30,-23,1,100000,63,0.00063,93,0.00093
-30,-23,2,100000,46,0.00046,79,0.00079
-30,-23,3,100000,23,0.00023,82,0.00082
-30,-23,4,100000,16,0.00016,59,0.00059
-30,-23,5,100000,39,0.00039,82,0.00082
-30,-22,0,100000,21,0.00021,75,0.00075
-30,-22,1,100000,33,0.00033,83,0.00083
-30,-22,2,100000,26,0.00026,83,0.00083
-30,-22,3,100000,63,0.00063,79,0.00079
-30,-22,4,100000,21,0.00021,70,0.0007
-30,-22,5,100000,23,0.00023,60,0.0006
-30,-21,0,100000,37,0.00037,76,0.00076
-30,-21,1,100000,30,0.0003,87,0.00087
-30,-21,2,100000,25,0.00025,78,0.00078
-30,-21,3,100000,21,0.00021,62,0.00062
-30,-21,4,100000,26,0.00026,72,0.00072
-30,-21,5,100000,40,0.0004,76,0.00076
-30,-20,0,100000,33,0.00033,77,0.00077
-30,-20,1,100000,23,0.00023,65,0.00065
-30,-20,2,100000,21,0.00021,71,0.00071
-30,-20,3,100000,28,0.00028,68,0.00068
-30,-20,4,100000,33,0.00033,75,0.00075
-30,-20,5,100000,21,0.00021,72,0.00072
-30,-19,0,100000,29,0.00029,84,0.00084
-30,-19,1,100000,24,0.00024,60,0.0006
-30,-19,2,100000,59,0.00059,73,0.00073
-30,-19,3,100000,65,0.00065,71,0.00071
-30,-19,4,100000,19,0.00019,67,0.00067
-30,-19,5,100000,24,0.00024,61,0.00061
-30,-18,0,100000,37,0.00037,66,0.00066
-30,-18,1,100000,23,0.00023,57,0.00057
-30,-18,2,100000,23,0.00023,79,0.00079
-30,-18,3,100000,28,0.00028,80,0.0008
-30,-18,4,100000,27,0.00027,68,0.00068
-30,-18,5,100000,46,0.00046,89,0.00089
-30,-17,0,100000,28,0.00028,79,0.00079
-30,-17,1,100000,31,0.00031,79,0.00079
-30,-17,2,100000,35,0.00035,63,0.00063
-30,-17,3,100000,22,0.00022,85,0.00085
-30,-17,4,100000,18,0.00018,62,0.00062
-30,-17,5,100000,28,0.00028,72,0.00072
-30,-16,0,100000,34,0.00034,67,0.00067
-30,-16,1,100000,19,0.00019,59,0.00059
-30,-16,2,100000,19,0.00019,61,0.00061
-30,-16,3,100000,48,0.00048,72,0.00072
-30,-16,4,100000,26,0.00026,63,0.00063
-30,-16,5,100000,14,0.00014,67,0.00067
-30,-15,0,100000,16,0.00016,53,0.00053
-30,-15,1,100000,23,0.00023,68,0.00068
-30,-15,2,100000,24,0.00024,58,0.00058
-30,-15,3,100000,39,0.00039,73,0.00073
-30,-15,4,100000,35,0.00035,68,0.00068
-30,-15,5,100000,32,0.00032,62,0.00062
-30,-14,0,100000,50,0.0005,66,0.00066
-30,-14,1,100000,31,0.00031,73,0.00073
-30,-14,2,100000,40,0.0004,65,0.00065
-30,-14,3,100000,34,0.00034,79,0.00079
-30,-14,4,100000,53,0.00053,92,0.00092
-30,-14,5,100000,36,0.00036,66,0.00066
-30,-13,0,100000,26,0.00026,83,0.00083
-30,-13,1,100000,33,0.00033,70,0.0007
-30,-13,2,100000,29,0.00029,62,0.00062
-30,-13,3,100000,25,0.00025,64,0.00064
-30,-13,4,100000,43,0.00043,67,0.00067
-30,-13,5,100000,31,0.00031,87,0.00087
-30,-12,0,100000,14,0.00014,60,0.0006
-30,-12,1,100000,57,0.00057,81,0.00081
-30,-12,2,100000,36,0.00036,74,0.00074
-30,-12,3,100000,24,0.00024,78,0.00078
-30,-12,4,100000,43,0.00043,92,0.00092
-30,-12,5,100000,25,0.00025,55,0.00055
-30,-11,0,100000,33,0.00033,84,0.00084
-30,-11,1,100000,29,0.00029,75,0.00075
-30,-11,2,100000,29,0.00029,70,0.0007
-30,-11,3,100000,33,0.00033,72,0.00072
-30,-11,4,100000,30,0.0003,94,0.00094
-30,-11,5,100000,39,0.00039,73,0.00073
-30,-10,0,100000,52,0.00052,66,0.00066
-30,-10,1,100000,45,0.00045,77,0.00077
-30,-10,2,100000,32,0.00032,72,0.00072
-30,-10,3,100000,22,0.00022,79,0.00079
-30,-10,4,100000,30,0.0003,63,0.00063
-30,-10,5,100000,36,0.00036,66,0.00066
-30,-9,0,100000,27,0.00027,73,0.00073
-30,-9,1,100000,20,0.0002,67,0.00067
-30,-9,2,100000,47,0.00047,84,0.00084
-30,-9,3,100000,41,0.00041,69,0.00069
-30,-9,4,100000,50,0.0005,73,0.00073
-30,-9,5,100000,34,0.00034,80,0.0008
-30,-8,0,100000,24,0.00024,80,0.0008
-30,-8,1,100000,25,0.00025,77,0.00077
-30,-8,2,100000,26,0.00026,76,0.00076
-30,-8,3,100000,30,0.0003,71,0.00071
-30,-8,4,100000,20,0.0002,79,0.00079
-30,-8,5,100000,22,0.00022,71,0.00071
-30,-7,0,100000,23,0.00023,70,0.0007
-30,-7,1,100000,23,0.00023,64,0.00064
-30,-7,2,100000,16,0.00016,58,0.00058
-30,-7,3,100000,38,0.00038,66,0.00066
-30,-7,4,100000,31,0.00031,79,0.00079
-30,-7,5,100000,22,0.00022,74,0.00074
-30,-6,0,100000,21,0.00021,77,0.00077
-30,-6,1,100000,42,0.00042,83,0.00083
-30,-6,2,100000,20,0.0002,83,0.00083
-30,-6,3,100000,38,0.00038,75,0.00075
-30,-6,4,100000,30,0.0003,71,0.00071
-30,-6,5,100000,58,0.00058,87,0.00087
-30,-5,0,100000,15,0.00015,51,0.00051
-30,-5,1,100000,43,0.00043,98,0.00098
-30,-5,2,100000,25,0.00025,77,0.00077
-30,-5,3,100000,35,0.00035,71,0.00071
-30,-5,4,100000,42,0.00042,75,0.00075
-30,-5,5,100000,17,0.00017,67,0.00067
-30,-4,0,100000,41,0.00041,81,0.00081
-30,-4,1,100000,35,0.00035,81,0.00081
-30,-4,2,100000,31,0.00031,78,0.00078
-30,-4,3,100000,28,0.00028,77,0.00077
-30,-4,4,100000,47,0.00047,72,0.00072
-30,-4,5,100000,17,0.00017,79,0.00079
-30,-3,0,100000,59,0.00059,86,0.00086
-30,-3,1,100000,15,0.00015,76,0.00076
-30,-3,2,100000,35,0.00035,71,0.00071
-30,-3,3,100000,28,0.00028,79,0.00079
-30,-3,4,100000,29,0.00029,76,0.00076
-30,-3,5,100000,27,0.00027,70,0.0007
-30,-2,0,100000,25,0.00025,68,0.00068
-30,-2,1,100000,29,0.00029,68,0.00068
-30,-2,2,100000,33,0.00033,74,0.00074
-30,-2,3,100000,25,0.00025,72,0.00072
-30,-2,4,100000,25,0.00025,52,0.00052
-30,-2,5,100000,27,0.00027,71,0.00071
-30,-1,0,100000,40,0.0004,77,0.00077
-30,-1,1,100000,30,0.0003,67,0.00067
-30,-1,2,100000,36,0.00036,61,0.00061
-30,-1,3,100000,35,0.00035,80,0.0008
-30,-1,4,100000,26,0.00026,77,0.00077
-30,-1,5,100000,36,0.00036,94,0.00094
-30,0,0,100000,43,0.00043,89,0.00089
-30,0,1,100000,47,0.00047,86,0.00086
-30,0,2,100000,51,0.00051,66,0.00066
-30,0,3,100000,40,0.0004,61,0.00061
-30,0,4,100000,30,0.0003,68,0.00068
-30,0,5,100000,33,0.00033,88,0.00088
-30,1,0,100000,28,0.00028,67,0.00067
-30,1,1,100000,34,0.00034,67,0.00067
-30,1,2,100000,23,0.00023,67,0.00067
-30,1,3,100000,20,0.0002,73,0.00073
-30,1,4,100000,26,0.00026,74,0.00074
-30,1,5,100000,33,0.00033,74,0.00074
-30,2,0,100000,33,0.00033,62,0.00062
-30,2,1,100000,30,0.0003,71,0.00071
-30,2,2,100000,28,0.00028,79,0.00079
-30,2,3,100000,38,0.00038,64,0.00064
-30,2,4,100000,26,0.00026,79,0.00079
-30,2,5,100000,25,0.00025,83,0.00083
-30,3,0,100000,23,0.00023,71,0.00071
-30,3,1,100000,35,0.00035,62,0.00062
-30,3,2,100000,25,0.00025,53,0.00053
-30,3,3,100000,24,0.00024,71,0.00071
-30,3,4,100000,31,0.00031,67,0.00067
-30,3,5,100000,32,0.00032,64,0.00064
-30,4,0,100000,46,0.00046,73,0.00073
-30,4,1,100000,31,0.00031,72,0.00072
-30,4,2,100000,24,0.00024,63,0.00063
-30,4,3,100000,28,0.00028,65,0.00065
-30,4,4,100000,35,0.00035,77,0.00077
-30,4,5,100000,25,0.00025,52,0.00052
-30,5,0,100000,32,0.00032,72,0.00072
-30,5,1,100000,41,0.00041,81,0.00081
-30,5,2,100000,41,0.00041,79,0.00079
-30,5,3,100000,46,0.00046,91,0.00091
-30,5,4,100000,29,0.00029,79,0.00079
-30,5,5,100000,28,0.00028,77,0.00077
-30,6,0,100000,39,0.00039,90,0.0009
-30,6,1,100000,33,0.00033,83,0.00083
-30,6,2,100000,55,0.00055,83,0.00083
-30,6,3,100000,16,0.00016,73,0.00073
-30,6,4,100000,42,0.00042,77,0.00077
-30,6,5,100000,36,0.00036,79,0.00079
-30,7,0,100000,28,0.00028,74,0.00074
-30,7,1,100000,21,0.00021,56,0.00056
-30,7,2,100000,24,0.00024,73,0.00073
-30,7,3,100000,24,0.00024,69,0.00069
-30,7,4,100000,34,0.00034,63,0.00063
-30,7,5,100000,34,0.00034,66,0.00066
-30,8,0,100000,48,0.00048,73,0.00073
-30,8,1,100000,14,0.00014,59,0.00059
-30,8,2,100000,45,0.00045,83,0.00083
-30,8,3,100000,28,0.00028,86,0.00086
-30,8,4,100000,27,0.00027,65,0.00065
-30,8,5,100000,35,0.00035,71,0.00071
-30,9,0,100000,23,0.00023,78,0.00078
-30,9,1,100000,38,0.00038,66,0.00066
-30,9,2,100000,31,0.00031,84,0.00084
-30,9,3,100000,37,0.00037,82,0.00082
-30,9,4,100000,39,0.00039,89,0.00089
-30,9,5,100000,26,0.00026,77,0.00077
-30,10,0,100000,27,0.00027,72,0.00072
-30,10,1,100000,41,0.00041,65,0.00065
-30,10,2,100000,22,0.00022,60,0.0006
-30,10,3,100000,31,0.00031,67,0.00067
-30,10,4,100000,18,0.00018,51,0.00051
-30,10,5,100000,37,0.00037,76,0.00076
-30,11,0,100000,17,0.00017,64,0.00064
-30,11,1,100000,26,0.00026,67,0.00067
-30,11,2,100000,28,0.00028,58,0.00058
-30,11,3,100000,54,0.00054,78,0.00078
-30,11,4,100000,27,0.00027,73,0.00073
-30,11,5,100000,24,0.00024,60,0.0006
-30,12,0,100000,22,0.00022,67,0.00067
-30,12,1,100000,23,0.00023,83,0.00083
-30,12,2,100000,20,0.0002,69,0.00069
-30,12,3,100000,28,0.00028,73,0.00073
-30,12,4,100000,32,0.00032,83,0.00083
-30,12,5,100000,48,0.00048,68,0.00068
-30,13,0,100000,39,0.00039,74,0.00074
-30,13,1,100000,26,0.00026,66,0.00066
-30,13,2,100000,27,0.00027,53,0.00053
-30,13,3,100000,46,0.00046,84,0.00084
-30,13,4,100000,27,0.00027,83,0.00083
-30,13,5,100000,32,0.00032,77,0.00077
-30,14,0,100000,25,0.00025,74,0.00074
-30,14,1,100000,31,0.00031,73,0.00073
-30,14,2,100000,23,0.00023,59,0.00059
-30,14,3,100000,27,0.00027,54,0.00054
-30,14,4,100000,49,0.00049,75,0.00075
-30,14,5,100000,28,0.00028,89,0.00089
-30,15,0,100000,20,0.0002,60,0.0006
-30,15,1,100000,36,0.00036,78,0.00078
-30,15,2,100000,19,0.00019,67,0.00067
-30,15,3,100000,35,0.00035,86,0.00086
-30,15,4,100000,34,0.00034,73,0.00073
-30,15,5,100000,21,0.00021,77,0.00077
-30,16,0,100000,23,0.00023,71,0.00071
-30,16,1,100000,28,0.00028,78,0.00078
-30,16,2,100000,29,0.00029,86,0.00086
-30,16,3,100000,17,0.00017,65,0.00065
-30,16,4,100000,33,0.00033,84,0.00084
-30,16,5,100000,33,0.00033,87,0.00087
-30,17,0,100000,41,0.00041,72,0.00072
-30,17,1,100000,26,0.00026,62,0.00062
-30,17,2,100000,63,0.00063,72,0.00072
-30,17,3,100000,24,0.00024,61,0.00061
-30,17,4,100000,39,0.00039,79,0.00079
-30,17,5,100000,20,0.0002,72,0.00072
-30,18,0,100000,26,0.00026,68,0.00068
-30,18,1,100000,35,0.00035,71,0.00071
-30,18,2,100000,29,0.00029,74,0.00074
-30,18,3,100000,27,0.00027,60,0.0006
-30,18,4,100000,20,0.0002,85,0.00085
-30,18,5,100000,24,0.00024,71,0.00071
-30,19,0,100000,36,0.00036,73,0.00073
-30,19,1,100000,32,0.00032,76,0.00076
-30,19,2,100000,34,0.00034,74,0.00074
-30,19,3,100000,40,0.0004,75,0.00075
-30,19,4,100000,19,0.00019,70,0.0007
-30,19,5,100000,27,0.00027,61,0.00061
-30,20,0,100000,24,0.00024,66,0.00066
-30,20,1,100000,21,0.00021,73,0.00073
-30,20,2,100000,21,0.00021,78,0.00078
-30,20,3,100000,28,0.00028,68,0.00068
-30,20,4,100000,25,0.00025,87,0.00087
-30,20,5,100000,29,0.00029,62,0.00062
-30,21,0,100000,32,0.00032,71,0.00071
-30,21,1,100000,41,0.00041,73,0.00073
-30,21,2,100000,39,0.00039,93,0.00093
-30,21,3,100000,23,0.00023,69,0.00069
-30,21,4,100000,31,0.00031,78,0.00078
-30,21,5,100000,30,0.0003,88,0.00088
-30,22,0,100000,18,0.00018,68,0.00068
-30,22,1,100000,23,0.00023,69,0.00069
-30,22,2,100000,28,0.00028,60,0.0006
-30,22,3,100000,17,0.00017,60,0.0006
-30,22,4,100000,25,0.00025,65,0.00065
-30,22,5,100000,29,0.00029,66,0.00066
-30,23,0,100000,33,0.00033,66,0.00066
-30,23,1,100000,21,0.00021,74,0.00074
-30,23,2,100000,27,0.00027,65,0.00065
-30,23,3,100000,38,0.00038,80,0.0008
-30,23,4,100000,22,0.00022,74,0.00074
-30,23,5,100000,32,0.00032,63,0.00063
-30,24,0,100000,34,0.00034,76,0.00076
-30,24,1,100000,50,0.0005,70,0.0007
-30,24,2,100000,42,0.00042,70,0.0007
-30,24,3,100000,27,0.00027,74,0.00074
-30,24,4,100000,24,0.00024,77,0.00077
-30,24,5,100000,19,0.00019,51,0.00051
-30,25,0,100000,23,0.00023,73,0.00073
-30,25,1,100000,42,0.00042,72,0.00072
-30,25,2,100000,37,0.00037,76,0.00076
-30,25,3,100000,45,0.00045,86,0.00086
-30,25,4,100000,30,0.0003,50,0.0005
-30,25,5,100000,41,0.00041,82,0.00082
-30,26,0,100000,29,0.00029,69,0.00069
-30,26,1,100000,30,0.0003,70,0.0007
-30,26,2,100000,24,0.00024,62,0.00062
-30,26,3,100000,30,0.0003,76,0.00076
-30,26,4,100000,19,0.00019,77,0.00077
-30,26,5,100000,21,0.00021,62,0.00062
-30,27,0,100000,33,0.00033,78,0.00078
-30,27,1,100000,25,0.00025,62,0.00062
-30,27,2,100000,30,0.0003,69,0.00069
-30,27,3,100000,22,0.00022,62,0.00062
-30,27,4,100000,38,0.00038,70,0.0007
-30,27,5,100000,32,0.00032,82,0.00082
-30,28,0,100000,31,0.00031,76,0.00076
-30,28,1,100000,27,0.00027,75,0.00075
-30,28,2,100000,31,0.00031,73,0.00073
-30,28,3,100000,39,0.00039,64,0.00064
-30,28,4,100000,37,0.00037,87,0.00087
-30,28,5,100000,37,0.00037,77,0.00077
-30,29,0,100000,35,0.00035,76,0.00076
-30,29,1,100000,35,0.00035,65,0.00065
-30,29,2,100000,33,0.00033,83,0.00083
-30,29,3,100000,23,0.00023,77,0.00077
-30,29,4,100000,37,0.00037,78,0.00078
-30,29,5,100000,49,0.00049,71,0.00071
-30,30,0,100000,39,0.00039,90,0.0009
-30,30,1,100000,19,0.00019,85,0.00085
-30,30,2,100000,36,0.00036,79,0.00079
-30,30,3,100000,36,0.00036,69,0.00069
-30,30,4,100000,38,0.00038,78,0.00078
-30,30,5,100000,23,0.00023,74,0.00074
-30,31,0,100000,32,0.00032,71,0.00071
-30,31,1,100000,22,0.00022,62,0.00062
-30,31,2,100000,14,0.00014,68,0.00068
-30,31,3,100000,19,0.00019,66,0.00066
-30,31,4,100000,22,0.00022,70,0.0007
-30,31,5,100000,56,0.00056,80,0.0008
-30,32,0,100000,45,0.00045,72,0.00072
-30,32,1,100000,14,0.00014,62,0.00062
-30,32,2,100000,23,0.00023,68,0.00068
-30,32,3,100000,21,0.00021,65,0.00065
-30,32,4,100000,25,0.00025,80,0.0008
-30,32,5,100000,33,0.00033,60,0.0006
-30,33,0,100000,24,0.00024,60,0.0006
-30,33,1,100000,16,0.00016,69,0.00069
-30,33,2,100000,39,0.00039,79,0.00079
-30,33,3,100000,23,0.00023,68,0.00068
-30,33,4,100000,28,0.00028,75,0.00075
-30,33,5,100000,20,0.0002,73,0.00073
-30,34,0,100000,23,0.00023,65,0.00065
-30,34,1,100000,40,0.0004,81,0.00081
-30,34,2,100000,15,0.00015,68,0.00068
-30,34,3,100000,43,0.00043,85,0.00085
-30,34,4,100000,30,0.0003,82,0.00082
-30,34,5,100000,27,0.00027,77,0.00077
-30,35,0,100000,35,0.00035,82,0.00082
-30,35,1,100000,29,0.00029,60,0.0006
-30,35,2,100000,22,0.00022,53,0.00053
-30,35,3,100000,42,0.00042,83,0.00083
-30,35,4,100000,33,0.00033,82,0.00082
-30,35,5,100000,22,0.00022,63,0.00063
-30,36,0,100000,35,0.00035,74,0.00074
-30,36,1,100000,29,0.00029,74,0.00074
-30,36,2,100000,34,0.00034,75,0.00075
-30,36,3,100000,30,0.0003,79,0.00079
-30,36,4,100000,43,0.00043,69,0.00069
-30,36,5,100000,27,0.00027,83,0.00083
-30,37,0,100000,42,0.00042,71,0.00071
-30,37,1,100000,20,0.0002,68,0.00068
-30,37,2,100000,29,0.00029,79,0.00079
-30,37,3,100000,29,0.00029,85,0.00085
-30,37,4,100000,39,0.00039,94,0.00094
-30,37,5,100000,26,0.00026,81,0.00081
-30,38,0,100000,22,0.00022,64,0.00064
-30,38,1,100000,19,0.00019,65,0.00065
-30,38,2,100000,14,0.00014,73,0.00073
-30,38,3,100000,30,0.0003,76,0.00076
-30,38,4,100000,25,0.00025,61,0.00061
-30,38,5,100000,31,0.00031,89,0.00089
-30,39,0,100000,26,0.00026,81,0.00081
-30,39,1,100000,61,0.00061,93,0.00093
-30,39,2,100000,17,0.00017,58,0.00058
-30,39,3,100000,29,0.00029,79,0.00079
-30,39,4,100000,23,0.00023,64,0.00064
-30,39,5,100000,37,0.00037,78,0.00078
-30,40,0,100000,14,0.00014,64,0.00064
-30,40,1,100000,40,0.0004,75,0.00075
-30,40,2,100000,31,0.00031,75,0.00075
-30,40,3,100000,47,0.00047,75,0.00075
-30,40,4,100000,18,0.00018,68,0.00068
-30,40,5,100000,28,0.00028,79,0.00079
-30,41,0,100000,31,0.00031,71,0.00071
-30,41,1,100000,32,0.00032,60,0.0006
-30,41,2,100000,24,0.00024,93,0.00093
-30,41,3,100000,20,0.0002,80,0.0008
-30,41,4,100000,38,0.00038,82,0.00082
-30,41,5,100000,31,0.00031,62,0.00062
-30,42,0,100000,56,0.00056,68,0.00068
-30,42,1,100000,40,0.0004,61,0.00061
-30,42,2,100000,20,0.0002,64,0.00064
-30,42,3,100000,29,0.00029,64,0.00064
-30,42,4,100000,15,0.00015,69,0.00069
-30,42,5,100000,29,0.00029,64,0.00064
-30,43,0,100000,25,0.00025,68,0.00068
-30,43,1,100000,37,0.00037,86,0.00086
-30,43,2,100000,22,0.00022,67,0.00067
-30,43,3,100000,22,0.00022,59,0.00059
-30,43,4,100000,33,0.00033,65,0.00065
-30,43,5,100000,33,0.00033,84,0.00084
-30,44,0,100000,21,0.00021,74,0.00074
-30,44,1,100000,21,0.00021,65,0.00065
-30,44,2,100000,37,0.00037,69,0.00069
-30,44,3,100000,44,0.00044,84,0.00084
-30,44,4,100000,19,0.00019,71,0.00071
-30,44,5,100000,32,0.00032,77,0.00077
-30,45,0,100000,40,0.0004,81,0.00081
-30,45,1,100000,17,0.00017,58,0.00058
-30,45,2,100000,31,0.00031,79,0.00079
-30,45,3,100000,34,0.00034,88,0.00088
-30,45,4,100000,34,0.00034,81,0.00081
-30,45,5,100000,22,0.00022,62,0.00062
-30,46,0,100000,26,0.00026,71,0.00071
-30,46,1,100000,32,0.00032,70,0.0007
-30,46,2,100000,25,0.00025,61,0.00061
-30,46,3,100000,23,0.00023,68,0.00068
-30,46,4,100000,35,0.00035,76,0.00076
-30,46,5,100000,33,0.00033,70,0.0007
-30,47,0,100000,16,0.00016,51,0.00051
-30,47,1,100000,37,0.00037,76,0.00076
-30,47,2,100000,10,0.0001,60,0.0006
-30,47,3,100000,20,0.0002,68,0.00068
-30,47,4,100000,17,0.00017,77,0.00077
-30,47,5,100000,44,0.00044,71,0.00071
-30,48,0,100000,28,0.00028,81,0.00081
-30,48,1,100000,62,0.00062,86,0.00086
-30,48,2,100000,35,0.00035,67,0.00067
-30,48,3,100000,40,0.0004,83,0.00083
-30,48,4,100000,26,0.00026,73,0.00073
-30,48,5,100000,45,0.00045,70,0.0007
-30,49,0,100000,29,0.00029,67,0.00067
-30,49,1,100000,26,0.00026,80,0.0008
-30,49,2,100000,53,0.00053,73,0.00073
-30,49,3,100000,34,0.00034,74,0.00074
-30,49,4,100000,30,0.0003,58,0.00058
-30,49,5,100000,28,0.00028,66,0.00066
-30,50,0,100000,19,0.00019,68,0.00068
-30,50,1,100000,19,0.00019,74,0.00074
-30,50,2,100000,23,0.00023,78,0.00078
-30,50,3,100000,19,0.00019,71,0.00071
-30,50,4,100000,28,0.00028,75,0.00075
-30,50,5,100000,37,0.00037,77,0.00077
-29,-50,0,100000,27,0.00027,64,0.00064
-29,-50,1,100000,36,0.00036,76,0.00076
-29,-50,2,100000,43,0.00043,63,0.00063
-29,-50,3,100000,21,0.00021,68,0.00068
-29,-50,4,100000,50,0.0005,86,0.00086
-29,-50,5,100000,24,0.00024,69,0.00069
-29,-49,0,100000,17,0.00017,65,0.00065
-29,-49,1,100000,21,0.00021,68,0.00068
-29,-49,2,100000,60,0.0006,77,0.00077
-29,-49,3,100000,37,0.00037,81,0.00081
-29,-49,4,100000,31,0.00031,65,0.00065
-29,-49,5,100000,15,0.00015,64,0.00064
-29,-48,0,100000,35,0.00035,65,0.00065
-29,-48,1,100000,33,0.00033,75,0.00075
-29,-48,2,100000,22,0.00022,62,0.00062
-29,-48,3,100000,32,0.00032,78,0.00078
-29,-48,4,100000,13,0.00013,46,0.00046
-29,-48,5,100000,42,0.00042,66,0.00066
-29,-47,0,100000,37,0.00037,83,0.00083
-29,-47,1,100000,53,0.00053,71,0.00071
-29,-47,2,100000,17,0.00017,76,0.00076
-29,-47,3,100000,34,0.00034,88,0.00088
-29,-47,4,100000,31,0.00031,82,0.00082
-29,-47,5,100000,34,0.00034,69,0.00069
-29,-46,0,100000,23,0.00023,67,0.00067
-29,-46,1,100000,46,0.00046,76,0.00076
-29,-46,2,100000,27,0.00027,53,0.00053
-29,-46,3,100000,37,0.00037,77,0.00077
-29,-46,4,100000,35,0.00035,66,0.00066
-29,-46,5,100000,33,0.00033,90,0.0009
-29,-45,0,100000,35,0.00035,85,0.00085
-29,-45,1,100000,25,0.00025,60,0.0006
-29,-45,2,100000,41,0.00041,86,0.00086
-29,-45,3,100000,31,0.00031,74,0.00074
-29,-45,4,100000,29,0.00029,85,0.00085
-29,-45,5,100000,21,0.00021,82,0.00082
-29,-44,0,100000,36,0.00036,75,0.00075
-29,-44,1,100000,23,0.00023,59,0.00059
-29,-44,2,100000,40,0.0004,71,0.00071
-29,-44,3,100000,27,0.00027,67,0.00067
-29,-44,4,100000,19,0.00019,74,0.00074
-29,-44,5,100000,22,0.00022,77,0.00077
-29,-43,0,100000,33,0.00033,89,0.00089
-29,-43,1,100000,36,0.00036,95,0.00095
-29,-43,2,100000,29,0.00029,79,0.00079
-29,-43,3,100000,56,0.00056,76,0.00076
-29,-43,4,100000,24,0.00024,71,0.00071
-29,-43,5,100000,29,0.00029,68,0.00068
-29,-42,0,100000,28,0.00028,78,0.00078
-29,-42,1,100000,36,0.00036,78,0.00078
-29,-42,2,100000,29,0.00029,80,0.0008
-29,-42,3,100000,27,0.00027,69,0.00069
-29,-42,4,100000,23,0.00023,71,0.00071
-29,-42,5,100000,23,0.00023,80,0.0008
-29,-41,0,100000,26,0.00026,65,0.00065
-29,-41,1,100000,24,0.00024,77,0.00077
-29,-41,2,100000,42,0.00042,87,0.00087
-29,-41,3,100000,31,0.00031,65,0.00065
-29,-41,4,100000,33,0.00033,76,0.00076
-29,-41,5,100000,20,0.0002,57,0.00057
-29,-40,0,100000,21,0.00021,64,0.00064
-29,-40,1,100000,27,0.00027,76,0.00076
-29,-40,2,100000,24,0.00024,76,0.00076
-29,-40,3,100000,17,0.00017,54,0.00054
-29,-40,4,100000,19,0.00019,71,0.00071
-29,-40,5,100000,15,0.00015,52,0.00052
-29,-39,0,100000,29,0.00029,90,0.0009
-29,-39,1,100000,45,0.00045,73,0.00073
-29,-39,2,100000,23,0.00023,78,0.00078
-29,-39,3,100000,26,0.00026,57,0.00057
-29,-39,4,100000,64,0.00064,86,0.00086
-29,-39,5,100000,26,0.00026,74,0.00074
-29,-38,0,100000,30,0.0003,63,0.00063
-29,-38,1,100000,38,0.00038,52,0.00052
-29,-38,2,100000,25,0.00025,67,0.00067
-29,-38,3,100000,34,0.00034,75,0.00075
-29,-38,4,100000,17,0.00017,74,0.00074
-29,-38,5,100000,25,0.00025,64,0.00064
-29,-37,0,100000,30,0.0003,71,0.00071
-29,-37,1,100000,23,0.00023,73,0.00073
-29,-37,2,100000,38,0.00038,63,0.00063
-29,-37,3,100000,42,0.00042,77,0.00077
-29,-37,4,100000,26,0.00026,76,0.00076
-29,-37,5,100000,22,0.00022,83,0.00083
-29,-36,0,100000,36,0.00036,76,0.00076
-29,-36,1,100000,36,0.00036,71,0.00071
-29,-36,2,100000,35,0.00035,68,0.00068
-29,-36,3,100000,35,0.00035,84,0.00084
-29,-36,4,100000,21,0.00021,73,0.00073
-29,-36,5,100000,44,0.00044,77,0.00077
-29,-35,0,100000,48,0.00048,84,0.00084
-29,-35,1,100000,36,0.00036,78,0.00078
-29,-35,2,100000,41,0.00041,67,0.00067
-29,-35,3,100000,17,0.00017,78,0.00078
-29,-35,4,100000,36,0.00036,75,0.00075
-29,-35,5,100000,33,0.00033,72,0.00072
-29,-34,0,100000,35,0.00035,77,0.00077
-29,-34,1,100000,33,0.00033,61,0.00061
-29,-34,2,100000,24,0.00024,61,0.00061
-29,-34,3,100000,30,0.0003,70,0.0007
-29,-34,4,100000,47,0.00047,85,0.00085
-29,-34,5,100000,17,0.00017,59,0.00059
-29,-33,0,100000,27,0.00027,68,0.00068
-29,-33,1,100000,31,0.00031,69,0.00069
-29,-33,2,100000,24,0.00024,77,0.00077
-29,-33,3,100000,21,0.00021,75,0.00075
-29,-33,4,100000,36,0.00036,52,0.00052
-29,-33,5,100000,36,0.00036,65,0.00065
-29,-32,0,100000,48,0.00048,88,0.00088
-29,-32,1,100000,41,0.00041,64,0.00064
-29,-32,2,100000,27,0.00027,68,0.00068
-29,-32,3,100000,17,0.00017,63,0.00063
-29,-32,4,100000,32,0.00032,67,0.00067
-29,-32,5,100000,60,0.0006,87,0.00087
-29,-31,0,100000,17,0.00017,61,0.00061
-29,-31,1,100000,21,0.00021,77,0.00077
-29,-31,2,100000,16,0.00016,76,0.00076
-29,-31,3,100000,33,0.00033,70,0.0007
-29,-31,4,100000,18,0.00018,65,0.00065
-29,-31,5,100000,33,0.00033,67,0.00067
-29,-30,0,100000,29,0.00029,75,0.00075
-29,-30,1,100000,23,0.00023,58,0.00058
-29,-30,2,100000,25,0.00025,83,0.00083
-29,-30,3,100000,21,0.00021,66,0.00066
-29,-30,4,100000,27,0.00027,69,0.00069
-29,-30,5,100000,45,0.00045,88,0.00088
-29,-29,0,100000,35,0.00035,62,0.00062
-29,-29,1,100000,32,0.00032,60,0.0006
-29,-29,2,100000,27,0.00027,68,0.00068
-29,-29,3,100000,25,0.00025,62,0.00062
-29,-29,4,100000,21,0.00021,76,0.00076
-29,-29,5,100000,19,0.00019,75,0.00075
-29,-28,0,100000,44,0.00044,78,0.00078
-29,-28,1,100000,24,0.00024,67,0.00067
-29,-28,2,100000,37,0.00037,67,0.00067
-29,-28,3,100000,24,0.00024,69,0.00069
-29,-28,4,100000,29,0.00029,61,0.00061
-29,-28,5,100000,25,0.00025,64,0.00064
-29,-27,0,100000,25,0.00025,71,0.00071
-29,-27,1,100000,26,0.00026,71,0.00071
-29,-27,2,100000,30,0.0003,88,0.00088
-29,-27,3,100000,31,0.00031,61,0.00061
-29,-27,4,100000,22,0.00022,65,0.00065
-29,-27,5,100000,31,0.00031,78,0.00078
-29,-26,0,100000,20,0.0002,82,0.00082
-29,-26,1,100000,28,0.00028,73,0.00073
-29,-26,2,100000,48,0.00048,77,0.00077
-29,-26,3,100000,37,0.00037,96,0.00096
-29,-26,4,100000,31,0.00031,71,0.00071
-29,-26,5,100000,35,0.00035,84,0.00084
-29,-25,0,100000,43,0.00043,79,0.00079
-29,-25,1,100000,35,0.00035,75,0.00075
-29,-25,2,100000,19,0.00019,73,0.00073
-29,-25,3,100000,38,0.00038,72,0.00072
-29,-25,4,100000,22,0.00022,70,0.0007
-29,-25,5,100000,21,0.00021,73,0.00073
-29,-24,0,100000,25,0.00025,66,0.00066
-29,-24,1,100000,44,0.00044,69,0.00069
-29,-24,2,100000,29,0.00029,89,0.00089
-29,-24,3,100000,28,0.00028,79,0.00079
-29,-24,4,100000,45,0.00045,78,0.00078
-29,-24,5,100000,28,0.00028,66,0.00066
-29,-23,0,100000,34,0.00034,73,0.00073
-29,-23,1,100000,35,0.00035,97,0.00097
-29,-23,2,100000,15,0.00015,67,0.00067
-29,-23,3,100000,22,0.00022,58,0.00058
-29,-23,4,100000,43,0.00043,80,0.0008
-29,-23,5,100000,48,0.00048,74,0.00074
-29,-22,0,100000,29,0.00029,85,0.00085
-29,-22,1,100000,32,0.00032,70,0.0007
-29,-22,2,100000,27,0.00027,73,0.00073
-29,-22,3,100000,27,0.00027,64,0.00064
-29,-22,4,100000,25,0.00025,71,0.00071
-29,-22,5,100000,30,0.0003,71,0.00071
-29,-21,0,100000,23,0.00023,76,0.00076
-29,-21,1,100000,20,0.0002,61,0.00061
-29,-21,2,100000,26,0.00026,63,0.00063
-29,-21,3,100000,26,0.00026,79,0.00079
-29,-21,4,100000,18,0.00018,76,0.00076
-29,-21,5,100000,20,0.0002,68,0.00068
-29,-20,0,100000,43,0.00043,72,0.00072
-29,-20,1,100000,18,0.00018,54,0.00054
-29,-20,2,100000,27,0.00027,66,0.00066
-29,-20,3,100000,40,0.0004,79,0.00079
-29,-20,4,100000,25,0.00025,68,0.00068
-29,-20,5,100000,39,0.00039,75,0.00075
-29,-19,0,100000,46,0.00046,68,0.00068
-29,-19,1,100000,30,0.0003,66,0.00066
-29,-19,2,100000,43,0.00043,79,0.00079
-29,-19,3,100000,31,0.00031,78,0.00078
-29,-19,4,100000,36,0.00036,69,0.00069
-29,-19,5,100000,29,0.00029,73,0.00073
-29,-18,0,100000,31,0.00031,76,0.00076
-29,-18,1,100000,30,0.0003,72,0.00072
-29,-18,2,100000,58,0.00058,82,0.00082
-29,-18,3,100000,31,0.00031,83,0.00083
-29,-18,4,100000,40,0.0004,83,0.00083
-29,-18,5,100000,21,0.00021,72,0.00072
-29,-17,0,100000,20,0.0002,71,0.00071
-29,-17,1,100000,27,0.00027,85,0.00085
-29,-17,2,100000,31,0.00031,80,0.0008
-29,-17,3,100000,34,0.00034,75,0.00075
-29,-17,4,100000,31,0.00031,94,0.00094
-29,-17,5,100000,27,0.00027,65,0.00065
-29,-16,0,100000,53,0.00053,89,0.00089
-29,-16,1,100000,29,0.00029,71,0.00071
-29,-16,2,100000,27,0.00027,80,0.0008
-29,-16,3,100000,58,0.00058,80,0.0008
-29,-16,4,100000,26,0.00026,75,0.00075
-29,-16,5,100000,27,0.00027,87,0.00087
-29,-15,0,100000,33,0.00033,57,0.00057
-29,-15,1,100000,25,0.00025,70,0.0007
-29,-15,2,100000,26,0.00026,62,0.00062
-29,-15,3,100000,29,0.00029,66,0.00066
-29,-15,4,100000,43,0.00043,76,0.00076
-29,-15,5,100000,39,0.00039,70,0.0007
-29,-14,0,100000,29,0.00029,63,0.00063
-29,-14,1,100000,23,0.00023,83,0.00083
-29,-14,2,100000,24,0.00024,72,0.00072
-29,-14,3,100000,37,0.00037,86,0.00086
-29,-14,4,100000,20,0.0002,61,0.00061
-29,-14,5,100000,46,0.00046,81,0.00081
-29,-13,0,100000,36,0.00036,78,0.00078
-29,-13,1,100000,25,0.00025,82,0.00082
-29,-13,2,100000,26,0.00026,66,0.00066
-29,-13,3,100000,34,0.00034,81,0.00081
-29,-13,4,100000,19,0.00019,61,0.00061
-29,-13,5,100000,17,0.00017,62,0.00062
-29,-12,0,100000,21,0.00021,74,0.00074
-29,-12,1,100000,33,0.00033,83,0.00083
-29,-12,2,100000,32,0.00032,86,0.00086
-29,-12,3,100000,30,0.0003,65,0.00065
-29,-12,4,100000,36,0.00036,82,0.00082
-29,-12,5,100000,30,0.0003,67,0.00067
-29,-11,0,100000,23,0.00023,81,0.00081
-29,-11,1,100000,22,0.00022,74,0.00074
-29,-11,2,100000,36,0.00036,73,0.00073
-29,-11,3,100000,35,0.00035,69,0.00069
-29,-11,4,100000,26,0.00026,82,0.00082
-29,-11,5,100000,54,0.00054,86,0.00086
-29,-10,0,100000,21,0.00021,63,0.00063
-29,-10,1,100000,39,0.00039,64,0.00064
-29,-10,2,100000,29,0.00029,74,0.00074
-29,-10,3,100000,46,0.00046,89,0.00089
-29,-10,4,100000,39,0.00039,96,0.00096
-29,-10,5,100000,22,0.00022,79,0.00079
-29,-9,0,100000,27,0.00027,87,0.00087
-29,-9,1,100000,35,0.00035,67,0.00067
-29,-9,2,100000,26,0.00026,69,0.00069
-29,-9,3,100000,19,0.00019,70,0.0007
-29,-9,4,100000,25,0.00025,64,0.00064
-29,-9,5,100000,40,0.0004,68,0.00068
-29,-8,0,100000,24,0.00024,55,0.00055
-29,-8,1,100000,25,0.00025,68,0.00068
-29,-8,2,100000,21,0.00021,64,0.00064
-29,-8,3,100000,32,0.00032,75,0.00075
-29,-8,4,100000,34,0.00034,75,0.00075
-29,-8,5,100000,29,0.00029,74,0.00074
-29,-7,0,100000,50,0.0005,71,0.00071
-29,-7,1,100000,18,0.00018,72,0.00072
-29,-7,2,100000,20,0.0002,51,0.00051
-29,-7,3,100000,32,0.00032,69,0.00069
-29,-7,4,100000,19,0.00019,67,0.00067
-29,-7,5,100000,25,0.00025,72,0.00072
-29,-6,0,100000,46,0.00046,77,0.00077
-29,-6,1,100000,34,0.00034,72,0.00072
-29,-6,2,100000,27,0.00027,83,0.00083
-29,-6,3,100000,27,0.00027,66,0.00066
-29,-6,4,100000,26,0.00026,59,0.00059
-29,-6,5,100000,40,0.0004,61,0.00061
-29,-5,0,100000,34,0.00034,68,0.00068
-29,-5,1,100000,36,0.00036,76,0.00076
-29,-5,2,100000,22,0.00022,77,0.00077
-29,-5,3,100000,35,0.00035,67,0.00067
-29,-5,4,100000,49,0.00049,81,0.00081
-29,-5,5,100000,26,0.00026,68,0.00068
-29,-4,0,100000,62,0.00062,93,0.00093
-29,-4,1,100000,63,0.00063,77,0.00077
-29,-4,2,100000,18,0.00018,79,0.00079
-29,-4,3,100000,40,0.0004,78,0.00078
-29,-4,4,100000,42,0.00042,68,0.00068
-29,-4,5,100000,26,0.00026,65,0.00065
-29,-3,0,100000,16,0.00016,72,0.00072
-29,-3,1,100000,42,0.00042,92,0.00092
-29,-3,2,100000,33,0.00033,76,0.00076
-29,-3,3,100000,22,0.00022,71,0.00071
-29,-3,4,100000,27,0.00027,80,0.0008
-29,-3,5,100000,29,0.00029,73,0.00073
-29,-2,0,100000,22,0.00022,62,0.00062
-29,-2,1,100000,41,0.00041,77,0.00077
-29,-2,2,100000,25,0.00025,70,0.0007
-29,-2,3,100000,30,0.0003,76,0.00076
-29,-2,4,100000,26,0.00026,73,0.00073
-29,-2,5,100000,37,0.00037,75,0.00075
-29,-1,0,100000,26,0.00026,60,0.0006
-29,-1,1,100000,27,0.00027,61,0.00061
-29,-1,2,100000,25,0.00025,70,0.0007
-29,-1,3,100000,31,0.00031,65,0.00065
-29,-1,4,100000,25,0.00025,73,0.00073
-29,-1,5,100000,25,0.00025,75,0.00075
-29,0,0,100000,29,0.00029,74,0.00074
-29,0,1,100000,21,0.00021,58,0.00058
-29,0,2,100000,24,0.00024,84,0.00084
-29,0,3,100000,28,0.00028,73,0.00073
-29,0,4,100000,24,0.00024,77,0.00077
-29,0,5,100000,29,0.00029,73,0.00073
-29,1,0,100000,33,0.00033,72,0.00072
-29,1,1,100000,54,0.00054,83,0.00083
-29,1,2,100000,53,0.00053,78,0.00078
-29,1,3,100000,17,0.00017,71,0.00071
-29,1,4,100000,17,0.00017,61,0.00061
-29,1,5,100000,36,0.00036,69,0.00069
-29,2,0,100000,15,0.00015,77,0.00077
-29,2,1,100000,43,0.00043,94,0.00094
-29,2,2,100000,26,0.00026,82,0.00082
-29,2,3,100000,54,0.00054,81,0.00081
-29,2,4,100000,19,0.00019,74,0.00074
-29,2,5,100000,24,0.00024,65,0.00065
-29,3,0,100000,50,0.0005,87,0.00087
-29,3,1,100000,23,0.00023,81,0.00081
-29,3,2,100000,32,0.00032,85,0.00085
-29,3,3,100000,34,0.00034,71,0.00071
-29,3,4,100000,36,0.00036,84,0.00084
-29,3,5,100000,54,0.00054,88,0.00088
-29,4,0,100000,25,0.00025,82,0.00082
-29,4,1,100000,21,0.00021,60,0.0006
-29,4,2,100000,26,0.00026,68,0.00068
-29,4,3,100000,48,0.00048,70,0.0007
-29,4,4,100000,28,0.00028,71,0.00071
-29,4,5,100000,19,0.00019,76,0.00076
-29,5,0,100000,25,0.00025,70,0.0007
-29,5,1,100000,23,0.00023,65,0.00065
-29,5,2,100000,50,0.0005,69,0.00069
-29,5,3,100000,36,0.00036,63,0.00063
-29,5,4,100000,21,0.00021,73,0.00073
-29,5,5,100000,30,0.0003,64,0.00064
-29,6,0,100000,31,0.00031,61,0.00061
-29,6,1,100000,32,0.00032,70,0.0007
-29,6,2,100000,29,0.00029,75,0.00075
-29,6,3,100000,29,0.00029,84,0.00084
-29,6,4,100000,18,0.00018,68,0.00068
-29,6,5,100000,35,0.00035,81,0.00081
-29,7,0,100000,28,0.00028,83,0.00083
-29,7,1,100000,19,0.00019,73,0.00073
-29,7,2,100000,31,0.00031,75,0.00075
-29,7,3,100000,35,0.00035,83,0.00083
-29,7,4,100000,21,0.00021,62,0.00062
-29,7,5,100000,25,0.00025,70,0.0007
-29,8,0,100000,35,0.00035,70,0.0007
-29,8,1,100000,31,0.00031,61,0.00061
-29,8,2,100000,40,0.0004,70,0.0007
-29,8,3,100000,48,0.00048,83,0.00083
-29,8,4,100000,41,0.00041,74,0.00074
-29,8,5,100000,22,0.00022,71,0.00071
-29,9,0,100000,19,0.00019,47,0.00047
-29,9,1,100000,38,0.00038,71,0.00071
-29,9,2,100000,28,0.00028,61,0.00061
-29,9,3,100000,38,0.00038,66,0.00066
-29,9,4,100000,29,0.00029,76,0.00076
-29,9,5,100000,32,0.00032,51,0.00051
-29,10,0,100000,53,0.00053,86,0.00086
-29,10,1,100000,25,0.00025,65,0.00065
-29,10,2,100000,38,0.00038,66,0.00066
-29,10,3,100000,33,0.00033,76,0.00076
-29,10,4,100000,51,0.00051,88,0.00088
-29,10,5,100000,36,0.00036,76,0.00076
-29,11,0,100000,34,0.00034,79,0.00079
-29,11,1,100000,53,0.00053,72,0.00072
-29,11,2,100000,26,0.00026,61,0.00061
-29,11,3,100000,29,0.00029,75,0.00075
-29,11,4,100000,32,0.00032,59,0.00059
-29,11,5,100000,22,0.00022,81,0.00081
-29,12,0,100000,18,0.00018,60,0.0006
-29,12,1,100000,30,0.0003,67,0.00067
-29,12,2,100000,45,0.00045,83,0.00083
-29,12,3,100000,31,0.00031,71,0.00071
-29,12,4,100000,46,0.00046,101,0.00101
-29,12,5,100000,19,0.00019,61,0.00061
-29,13,0,100000,33,0.00033,79,0.00079
-29,13,1,100000,36,0.00036,74,0.00074
-29,13,2,100000,26,0.00026,61,0.00061
-29,13,3,100000,30,0.0003,66,0.00066
-29,13,4,100000,30,0.0003,77,0.00077
-29,13,5,100000,35,0.00035,69,0.00069
-29,14,0,100000,37,0.00037,75,0.00075
-29,14,1,100000,40,0.0004,72,0.00072
-29,14,2,100000,34,0.00034,78,0.00078
-29,14,3,100000,24,0.00024,75,0.00075
-29,14,4,100000,30,0.0003,57,0.00057
-29,14,5,100000,31,0.00031,62,0.00062
-29,15,0,100000,29,0.00029,64,0.00064
-29,15,1,100000,19,0.00019,73,0.00073
-29,15,2,100000,39,0.00039,76,0.00076
-29,15,3,100000,33,0.00033,72,0.00072
-29,15,4,100000,68,0.00068,90,0.0009
-29,15,5,100000,35,0.00035,79,0.00079
-29,16,0,100000,17,0.00017,79,0.00079
-29,16,1,100000,26,0.00026,71,0.00071
-29,16,2,100000,27,0.00027,77,0.00077
-29,16,3,100000,26,0.00026,76,0.00076
-29,16,4,100000,29,0.00029,76,0.00076
-29,16,5,100000,18,0.00018,72,0.00072
-29,17,0,100000,26,0.00026,69,0.00069
-29,17,1,100000,30,0.0003,76,0.00076
-29,17,2,100000,19,0.00019,60,0.0006
-29,17,3,100000,33,0.00033,55,0.00055
-29,17,4,100000,31,0.00031,67,0.00067
-29,17,5,100000,33,0.00033,74,0.00074
-29,18,0,100000,19,0.00019,62,0.00062
-29,18,1,100000,45,0.00045,84,0.00084
-29,18,2,100000,25,0.00025,92,0.00092
-29,18,3,100000,44,0.00044,72,0.00072
-29,18,4,100000,23,0.00023,68,0.00068
-29,18,5,100000,35,0.00035,70,0.0007
-29,19,0,100000,17,0.00017,63,0.00063
-29,19,1,100000,41,0.00041,74,0.00074
-29,19,2,100000,33,0.00033,84,0.00084
-29,19,3,100000,41,0.00041,77,0.00077
-29,19,4,100000,44,0.00044,70,0.0007
-29,19,5,100000,15,0.00015,70,0.0007
-29,20,0,100000,49,0.00049,72,0.00072
-29,20,1,100000,30,0.0003,79,0.00079
-29,20,2,100000,23,0.00023,64,0.00064
-29,20,3,100000,28,0.00028,78,0.00078
-29,20,4,100000,47,0.00047,81,0.00081
-29,20,5,100000,16,0.00016,70,0.0007
-29,21,0,100000,52,0.00052,81,0.00081
-29,21,1,100000,20,0.0002,75,0.00075
-29,21,2,100000,43,0.00043,79,0.00079
-29,21,3,100000,25,0.00025,80,0.0008
-29,21,4,100000,30,0.0003,73,0.00073
-29,21,5,100000,19,0.00019,67,0.00067
-29,22,0,100000,23,0.00023,73,0.00073
-29,22,1,100000,26,0.00026,74,0.00074
-29,22,2,100000,29,0.00029,67,0.00067
-29,22,3,100000,46,0.00046,83,0.00083
-29,22,4,100000,26,0.00026,57,0.00057
-29,22,5,100000,32,0.00032,91,0.00091
-29,23,0,100000,54,0.00054,80,0.0008
-29,23,1,100000,43,0.00043,69,0.00069
-29,23,2,100000,40,0.0004,69,0.00069
-29,23,3,100000,23,0.00023,74,0.00074
-29,23,4,100000,31,0.00031,78,0.00078
-29,23,5,100000,29,0.00029,86,0.00086
-29,24,0,100000,49,0.00049,92,0.00092
-29,24,1,100000,46,0.00046,81,0.00081
-29,24,2,100000,54,0.00054,77,0.00077
-29,24,3,100000,28,0.00028,53,0.00053
-29,24,4,100000,34,0.00034,72,0.00072
-29,24,5,100000,38,0.00038,92,0.00092
-29,25,0,100000,24,0.00024,67,0.00067
-29,25,1,100000,41,0.00041,66,0.00066
-29,25,2,100000,37,0.00037,71,0.00071
-29,25,3,100000,29,0.00029,71,0.00071
-29,25,4,100000,31,0.00031,68,0.00068
-29,25,5,100000,23,0.00023,69,0.00069
-29,26,0,100000,28,0.00028,72,0.00072
-29,26,1,100000,25,0.00025,79,0.00079
-29,26,2,100000,28,0.00028,74,0.00074
-29,26,3,100000,33,0.00033,69,0.00069
-29,26,4,100000,25,0.00025,78,0.00078
-29,26,5,100000,30,0.0003,77,0.00077
-29,27,0,100000,22,0.00022,63,0.00063
-29,27,1,100000,43,0.00043,59,0.00059
-29,27,2,100000,23,0.00023,63,0.00063
-29,27,3,100000,19,0.00019,74,0.00074
-29,27,4,100000,37,0.00037,65,0.00065
-29,27,5,100000,35,0.00035,62,0.00062
-29,28,0,100000,37,0.00037,76,0.00076
-29,28,1,100000,30,0.0003,73,0.00073
-29,28,2,100000,27,0.00027,76,0.00076
-29,28,3,100000,29,0.00029,64,0.00064
-29,28,4,100000,30,0.0003,74,0.00074
-29,28,5,100000,26,0.00026,52,0.00052
-29,29,0,100000,29,0.00029,74,0.00074
-29,29,1,100000,51,0.00051,90,0.0009
-29,29,2,100000,31,0.00031,73,0.00073
-29,29,3,100000,48,0.00048,91,0.00091
-29,29,4,100000,43,0.00043,87,0.00087
-29,29,5,100000,23,0.00023,78,0.00078
-29,30,0,100000,31,0.00031,83,0.00083
-29,30,1,100000,27,0.00027,72,0.00072
-29,30,2,100000,50,0.0005,86,0.00086
-29,30,3,100000,23,0.00023,81,0.00081
-29,30,4,100000,28,0.00028,71,0.00071
-29,30,5,100000,31,0.00031,77,0.00077
-29,31,0,100000,22,0.00022,71,0.00071
-29,31,1,100000,25,0.00025,64,0.00064
-29,31,2,100000,32,0.00032,80,0.0008
-29,31,3,100000,20,0.0002,67,0.00067
-29,31,4,100000,39,0.00039,60,0.0006
-29,31,5,100000,34,0.00034,57,0.00057
-29,32,0,100000,51,0.00051,75,0.00075
-29,32,1,100000,26,0.00026,64,0.00064
-29,32,2,100000,39,0.00039,87,0.00087
-29,32,3,100000,30,0.0003,68,0.00068
-29,32,4,100000,23,0.00023,70,0.0007
-29,32,5,100000,23,0.00023,71,0.00071
-29,33,0,100000,36,0.00036,73,0.00073
-29,33,1,100000,28,0.00028,68,0.00068
-29,33,2,100000,27,0.00027,63,0.00063
-29,33,3,100000,33,0.00033,80,0.0008
-29,33,4,100000,35,0.00035,79,0.00079
-29,33,5,100000,41,0.00041,84,0.00084
-29,34,0,100000,33,0.00033,87,0.00087
-29,34,1,100000,41,0.00041,66,0.00066
-29,34,2,100000,40,0.0004,61,0.00061
-29,34,3,100000,33,0.00033,77,0.00077
-29,34,4,100000,27,0.00027,66,0.00066
-29,34,5,100000,40,0.0004,75,0.00075
-29,35,0,100000,27,0.00027,72,0.00072
-29,35,1,100000,33,0.00033,85,0.00085
-29,35,2,100000,33,0.00033,70,0.0007
-29,35,3,100000,29,0.00029,72,0.00072
-29,35,4,100000,34,0.00034,70,0.0007
-29,35,5,100000,32,0.00032,72,0.00072
-29,36,0,100000,22,0.00022,64,0.00064
-29,36,1,100000,19,0.00019,64,0.00064
-29,36,2,100000,23,0.00023,71,0.00071
-29,36,3,100000,23,0.00023,72,0.00072
-29,36,4,100000,40,0.0004,83,0.00083
-29,36,5,100000,24,0.00024,71,0.00071
-29,37,0,100000,31,0.00031,72,0.00072
-29,37,1,100000,27,0.00027,65,0.00065
-29,37,2,100000,21,0.00021,59,0.00059
-29,37,3,100000,46,0.00046,72,0.00072
-29,37,4,100000,36,0.00036,86,0.00086
-29,37,5,100000,31,0.00031,71,0.00071
-29,38,0,100000,28,0.00028,75,0.00075
-29,38,1,100000,42,0.00042,77,0.00077
-29,38,2,100000,14,0.00014,55,0.00055
-29,38,3,100000,31,0.00031,66,0.00066
-29,38,4,100000,30,0.0003,67,0.00067
-29,38,5,100000,18,0.00018,81,0.00081
-29,39,0,100000,22,0.00022,62,0.00062
-29,39,1,100000,35,0.00035,86,0.00086
-29,39,2,100000,21,0.00021,63,0.00063
-29,39,3,100000,42,0.00042,87,0.00087
-29,39,4,100000,30,0.0003,69,0.00069
-29,39,5,100000,25,0.00025,81,0.00081
-29,40,0,100000,30,0.0003,66,0.00066
-29,40,1,100000,32,0.00032,75,0.00075
-29,40,2,100000,31,0.00031,85,0.00085
-29,40,3,100000,15,0.00015,59,0.00059
-29,40,4,100000,34,0.00034,86,0.00086
-29,40,5,100000,33,0.00033,83,0.00083
-29,41,0,100000,32,0.00032,57,0.00057
-29,41,1,100000,30,0.0003,72,0.00072
-29,41,2,100000,55,0.00055,76,0.00076
-29,41,3,100000,27,0.00027,64,0.00064
-29,41,4,100000,44,0.00044,97,0.00097
-29,41,5,100000,22,0.00022,76,0.00076
-29,42,0,100000,22,0.00022,75,0.00075
-29,42,1,100000,36,0.00036,68,0.00068
-29,42,2,100000,24,0.00024,70,0.0007
-29,42,3,100000,30,0.0003,58,0.00058
-29,42,4,100000,21,0.00021,75,0.00075
-29,42,5,100000,21,0.00021,68,0.00068
-29,43,0,100000,33,0.00033,69,0.00069
-29,43,1,100000,32,0.00032,81,0.00081
-29,43,2,100000,26,0.00026,78,0.00078
-29,43,3,100000,33,0.00033,78,0.00078
-29,43,4,100000,26,0.00026,76,0.00076
-29,43,5,100000,24,0.00024,63,0.00063
-29,44,0,100000,28,0.00028,72,0.00072
-29,44,1,100000,33,0.00033,87,0.00087
-29,44,2,100000,33,0.00033,92,0.00092
-29,44,3,100000,26,0.00026,73,0.00073
-29,44,4,100000,36,0.00036,86,0.00086
-29,44,5,100000,24,0.00024,70,0.0007
-29,45,0,100000,31,0.00031,76,0.00076
-29,45,1,100000,39,0.00039,68,0.00068
-29,45,2,100000,40,0.0004,74,0.00074
-29,45,3,100000,26,0.00026,62,0.00062
-29,45,4,100000,20,0.0002,68,0.00068
-29,45,5,100000,22,0.00022,77,0.00077
-29,46,0,100000,25,0.00025,68,0.00068
-29,46,1,100000,29,0.00029,81,0.00081
-29,46,2,100000,39,0.00039,73,0.00073
-29,46,3,100000,19,0.00019,68,0.00068
-29,46,4,100000,23,0.00023,70,0.0007
-29,46,5,100000,38,0.00038,72,0.00072
-29,47,0,100000,34,0.00034,61,0.00061
-29,47,1,100000,23,0.00023,75,0.00075
-29,47,2,100000,18,0.00018,74,0.00074
-29,47,3,100000,24,0.00024,76,0.00076
-29,47,4,100000,26,0.00026,75,0.00075
-29,47,5,100000,34,0.00034,74,0.00074
-29,48,0,100000,55,0.00055,71,0.00071
-29,48,1,100000,39,0.00039,62,0.00062
-29,48,2,100000,25,0.00025,77,0.00077
-29,48,3,100000,33,0.00033,68,0.00068
-29,48,4,100000,30,0.0003,70,0.0007
-29,48,5,100000,28,0.00028,69,0.00069
-29,49,0,100000,28,0.00028,82,0.00082
-29,49,1,100000,41,0.00041,67,0.00067
-29,49,2,100000,41,0.00041,73,0.00073
-29,49,3,100000,44,0.00044,96,0.00096
-29,49,4,100000,32,0.00032,59,0.00059
-29,49,5,100000,24,0.00024,73,0.00073
-29,50,0,100000,35,0.00035,76,0.00076
-29,50,1,100000,49,0.00049,72,0.00072
-29,50,2,100000,34,0.00034,65,0.00065
-29,50,3,100000,24,0.00024,80,0.0008
-29,50,4,100000,31,0.00031,60,0.0006
-29,50,5,100000,27,0.00027,57,0.00057
-28,-50,0,100000,24,0.00024,65,0.00065
-28,-50,1,100000,22,0.00022,65,0.00065
-28,-50,2,100000,21,0.00021,72,0.00072
-28,-50,3,100000,29,0.00029,71,0.00071
-28,-50,4,100000,29,0.00029,76,0.00076
-28,-50,5,100000,30,0.0003,80,0.0008
-28,-49,0,100000,45,0.00045,85,0.00085
-28,-49,1,100000,26,0.00026,75,0.00075
-28,-49,2,100000,28,0.00028,70,0.0007
-28,-49,3,100000,41,0.00041,78,0.00078
-28,-49,4,100000,37,0.00037,88,0.00088
-28,-49,5,100000,42,0.00042,82,0.00082
-28,-48,0,100000,35,0.00035,82,0.00082
-28,-48,1,100000,28,0.00028,77,0.00077
-28,-48,2,100000,28,0.00028,67,0.00067
-28,-48,3,100000,27,0.00027,83,0.00083
-28,-48,4,100000,26,0.00026,77,0.00077
-28,-48,5,100000,29,0.00029,70,0.0007
-28,-47,0,100000,33,0.00033,73,0.00073
-28,-47,1,100000,17,0.00017,76,0.00076
-28,-47,2,100000,36,0.00036,89,0.00089
-28,-47,3,100000,42,0.00042,74,0.00074
-28,-47,4,100000,39,0.00039,71,0.00071
-28,-47,5,100000,37,0.00037,73,0.00073
-28,-46,0,100000,27,0.00027,68,0.00068
-28,-46,1,100000,31,0.00031,68,0.00068
-28,-46,2,100000,21,0.00021,72,0.00072
-28,-46,3,100000,17,0.00017,66,0.00066
-28,-46,4,100000,20,0.0002,63,0.00063
-28,-46,5,100000,61,0.00061,84,0.00084
-28,-45,0,100000,42,0.00042,71,0.00071
-28,-45,1,100000,23,0.00023,68,0.00068
-28,-45,2,100000,27,0.00027,78,0.00078
-28,-45,3,100000,29,0.00029,65,0.00065
-28,-45,4,100000,35,0.00035,85,0.00085
-28,-45,5,100000,28,0.00028,62,0.00062
-28,-44,0,100000,32,0.00032,74,0.00074
-28,-44,1,100000,30,0.0003,78,0.00078
-28,-44,2,100000,41,0.00041,92,0.00092
-28,-44,3,100000,21,0.00021,71,0.00071
-28,-44,4,100000,12,0.00012,57,0.00057
-28,-44,5,100000,21,0.00021,68,0.00068
-28,-43,0,100000,21,0.00021,59,0.00059
-28,-43,1,100000,49,0.00049,77,0.00077
-28,-43,2,100000,15,0.00015,76,0.00076
-28,-43,3,100000,31,0.00031,67,0.00067
-28,-43,4,100000,36,0.00036,83,0.00083
-28,-43,5,100000,23,0.00023,69,0.00069
-28,-42,0,100000,33,0.00033,90,0.0009
-28,-42,1,100000,28,0.00028,64,0.00064
-28,-42,2,100000,14,0.00014,61,0.00061
-28,-42,3,100000,46,0.00046,82,0.00082
-28,-42,4,100000,20,0.0002,66,0.00066
-28,-42,5,100000,21,0.00021,54,0.00054
-28,-41,0,100000,36,0.00036,68,0.00068
-28,-41,1,100000,38,0.00038,76,0.00076
-28,-41,2,100000,37,0.00037,76,0.00076
-28,-41,3,100000,33,0.00033,79,0.00079
-28,-41,4,100000,30,0.0003,70,0.0007
-28,-41,5,100000,27,0.00027,75,0.00075
-28,-40,0,100000,50,0.0005,75,0.00075
-28,-40,1,100000,17,0.00017,66,0.00066
-28,-40,2,100000,33,0.00033,82,0.00082
-28,-40,3,100000,26,0.00026,75,0.00075
-28,-40,4,100000,39,0.00039,85,0.00085
-28,-40,5,100000,32,0.00032,86,0.00086
-28,-39,0,100000,15,0.00015,72,0.00072
-28,-39,1,100000,21,0.00021,67,0.00067
-28,-39,2,100000,16,0.00016,62,0.00062
-28,-39,3,100000,25,0.00025,68,0.00068
-28,-39,4,100000,23,0.00023,66,0.00066
-28,-39,5,100000,27,0.00027,77,0.00077
-28,-38,0,100000,27,0.00027,75,0.00075
-28,-38,1,100000,29,0.00029,79,0.00079
-28,-38,2,100000,42,0.00042,75,0.00075
-28,-38,3,100000,34,0.00034,64,0.00064
-28,-38,4,100000,40,0.0004,67,0.00067
-28,-38,5,100000,23,0.00023,60,0.0006
-28,-37,0,100000,21,0.00021,75,0.00075
-28,-37,1,100000,48,0.00048,66,0.00066
-28,-37,2,100000,28,0.00028,77,0.00077
-28,-37,3,100000,59,0.00059,81,0.00081
-28,-37,4,100000,35,0.00035,86,0.00086
-28,-37,5,100000,26,0.00026,86,0.00086
-28,-36,0,100000,51,0.00051,81,0.00081
-28,-36,1,100000,32,0.00032,72,0.00072
-28,-36,2,100000,29,0.00029,82,0.00082
-28,-36,3,100000,30,0.0003,69,0.00069
-28,-36,4,100000,33,0.00033,100,0.001
-28,-36,5,100000,31,0.00031,56,0.00056
-28,-35,0,100000,49,0.00049,73,0.00073
-28,-35,1,100000,27,0.00027,59,0.00059
-28,-35,2,100000,21,0.00021,72,0.00072
-28,-35,3,100000,21,0.00021,68,0.00068
-28,-35,4,100000,27,0.00027,69,0.00069
-28,-35,5,100000,30,0.0003,62,0.00062
-28,-34,0,100000,26,0.00026,73,0.00073
-28,-34,1,100000,26,0.00026,80,0.0008
-28,-34,2,100000,33,0.00033,76,0.00076
-28,-34,3,100000,29,0.00029,74,0.00074
-28,-34,4,100000,50,0.0005,70,0.0007
-28,-34,5,100000,47,0.00047,97,0.00097
-28,-33,0,100000,26,0.00026,86,0.00086
-28,-33,1,100000,26,0.00026,68,0.00068
-28,-33,2,100000,36,0.00036,64,0.00064
-28,-33,3,100000,38,0.00038,92,0.00092
-28,-33,4,100000,22,0.00022,68,0.00068
-28,-33,5,100000,42,0.00042,71,0.00071
-28,-32,0,100000,32,0.00032,65,0.00065
-28,-32,1,100000,37,0.00037,72,0.00072
-28,-32,2,100000,27,0.00027,63,0.00063
-28,-32,3,100000,15,0.00015,73,0.00073
-28,-32,4,100000,30,0.0003,72,0.00072
-28,-32,5,100000,22,0.00022,61,0.00061
-28,-31,0,100000,17,0.00017,69,0.00069
-28,-31,1,100000,25,0.00025,69,0.00069
-28,-31,2,100000,24,0.00024,76,0.00076
-28,-31,3,100000,18,0.00018,66,0.00066
-28,-31,4,100000,30,0.0003,69,0.00069
-28,-31,5,100000,34,0.00034,77,0.00077
-28,-30,0,100000,14,0.00014,69,0.00069
-28,-30,1,100000,47,0.00047,83,0.00083
-28,-30,2,100000,13,0.00013,55,0.00055
-28,-30,3,100000,32,0.00032,87,0.00087
-28,-30,4,100000,26,0.00026,77,0.00077
-28,-30,5,100000,38,0.00038,79,0.00079
-28,-29,0,100000,30,0.0003,71,0.00071
-28,-29,1,100000,38,0.00038,82,0.00082
-28,-29,2,100000,56,0.00056,70,0.0007
-28,-29,3,100000,29,0.00029,76,0.00076
-28,-29,4,100000,20,0.0002,59,0.00059
-28,-29,5,100000,26,0.00026,60,0.0006
-28,-28,0,100000,35,0.00035,68,0.00068
-28,-28,1,100000,43,0.00043,74,0.00074
-28,-28,2,100000,31,0.00031,72,0.00072
-28,-28,3,100000,28,0.00028,69,0.00069
-28,-28,4,100000,29,0.00029,68,0.00068
-28,-28,5,100000,30,0.0003,72,0.00072
-28,-27,0,100000,26,0.00026,76,0.00076
-28,-27,1,100000,20,0.0002,70,0.0007
-28,-27,2,100000,14,0.00014,71,0.00071
-28,-27,3,100000,27,0.00027,64,0.00064
-28,-27,4,100000,29,0.00029,77,0.00077
-28,-27,5,100000,25,0.00025,66,0.00066
-28,-26,0,100000,32,0.00032,75,0.00075
-28,-26,1,100000,29,0.00029,79,0.00079
-28,-26,2,100000,45,0.00045,75,0.00075
-28,-26,3,100000,22,0.00022,80,0.0008
-28,-26,4,100000,49,0.00049,79,0.00079
-28,-26,5,100000,18,0.00018,66,0.00066
-28,-25,0,100000,21,0.00021,54,0.00054
-28,-25,1,100000,36,0.00036,71,0.00071
-28,-25,2,100000,43,0.00043,77,0.00077
-28,-25,3,100000,45,0.00045,80,0.0008
-28,-25,4,100000,24,0.00024,65,0.00065
-28,-25,5,100000,17,0.00017,65,0.00065
-28,-24,0,100000,33,0.00033,65,0.00065
-28,-24,1,100000,17,0.00017,66,0.00066
-28,-24,2,100000,15,0.00015,68,0.00068
-28,-24,3,100000,20,0.0002,73,0.00073
-28,-24,4,100000,28,0.00028,62,0.00062
-28,-24,5,100000,33,0.00033,70,0.0007
-28,-23,0,100000,38,0.00038,75,0.00075
-28,-23,1,100000,59,0.00059,82,0.00082
-28,-23,2,100000,29,0.00029,67,0.00067
-28,-23,3,100000,35,0.00035,87,0.00087
-28,-23,4,100000,23,0.00023,85,0.00085
-28,-23,5,100000,14,0.00014,48,0.00048
-28,-22,0,100000,26,0.00026,71,0.00071
-28,-22,1,100000,41,0.00041,71,0.00071
-28,-22,2,100000,27,0.00027,63,0.00063
-28,-22,3,100000,28,0.00028,76,0.00076
-28,-22,4,100000,31,0.00031,72,0.00072
-28,-22,5,100000,38,0.00038,90,0.0009
-28,-21,0,100000,37,0.00037,86,0.00086
-28,-21,1,100000,21,0.00021,69,0.00069
-28,-21,2,100000,26,0.00026,74,0.00074
-28,-21,3,100000,40,0.0004,68,0.00068
-28,-21,4,100000,31,0.00031,73,0.00073
-28,-21,5,100000,28,0.00028,84,0.00084
-28,-20,0,100000,25,0.00025,72,0.00072
-28,-20,1,100000,21,0.00021,54,0.00054
-28,-20,2,100000,45,0.00045,82,0.00082
-28,-20,3,100000,27,0.00027,70,0.0007
-28,-20,4,100000,21,0.00021,77,0.00077
-28,-20,5,100000,20,0.0002,74,0.00074
-28,-19,0,100000,34,0.00034,79,0.00079
-28,-19,1,100000,44,0.00044,92,0.00092
-28,-19,2,100000,29,0.00029,83,0.00083
-28,-19,3,100000,51,0.00051,70,0.0007
-28,-19,4,100000,40,0.0004,78,0.00078
-28,-19,5,100000,30,0.0003,66,0.00066
-28,-18,0,100000,27,0.00027,84,0.00084
-28,-18,1,100000,46,0.00046,88,0.00088
-28,-18,2,100000,43,0.00043,82,0.00082
-28,-18,3,100000,22,0.00022,70,0.0007
-28,-18,4,100000,26,0.00026,72,0.00072
-28,-18,5,100000,30,0.0003,74,0.00074
-28,-17,0,100000,21,0.00021,61,0.00061
-28,-17,1,100000,35,0.00035,76,0.00076
-28,-17,2,100000,39,0.00039,87,0.00087
-28,-17,3,100000,31,0.00031,73,0.00073
-28,-17,4,100000,27,0.00027,82,0.00082
-28,-17,5,100000,23,0.00023,70,0.0007
-28,-16,0,100000,27,0.00027,72,0.00072
-28,-16,1,100000,28,0.00028,79,0.00079
-28,-16,2,100000,25,0.00025,72,0.00072
-28,-16,3,100000,20,0.0002,59,0.00059
-28,-16,4,100000,9,9e-05,66,0.00066
-28,-16,5,100000,20,0.0002,60,0.0006
-28,-15,0,100000,25,0.00025,80,0.0008
-28,-15,1,100000,42,0.00042,68,0.00068
-28,-15,2,100000,24,0.00024,75,0.00075
-28,-15,3,100000,21,0.00021,62,0.00062
-28,-15,4,100000,37,0.00037,76,0.00076
-28,-15,5,100000,30,0.0003,74,0.00074
-28,-14,0,100000,24,0.00024,57,0.00057
-28,-14,1,100000,46,0.00046,67,0.00067
-28,-14,2,100000,31,0.00031,73,0.00073
-28,-14,3,100000,34,0.00034,71,0.00071
-28,-14,4,100000,16,0.00016,76,0.00076
-28,-14,5,100000,33,0.00033,67,0.00067
-28,-13,0,100000,30,0.0003,72,0.00072
-28,-13,1,100000,35,0.00035,73,0.00073
-28,-13,2,100000,38,0.00038,63,0.00063
-28,-13,3,100000,51,0.00051,77,0.00077
-28,-13,4,100000,39,0.00039,81,0.00081
-28,-13,5,100000,34,0.00034,78,0.00078
-28,-12,0,100000,27,0.00027,81,0.00081
-28,-12,1,100000,44,0.00044,82,0.00082
-28,-12,2,100000,46,0.00046,84,0.00084
-28,-12,3,100000,31,0.00031,93,0.00093
-28,-12,4,100000,24,0.00024,72,0.00072
-28,-12,5,100000,39,0.00039,77,0.00077
-28,-11,0,100000,58,0.00058,82,0.00082
-28,-11,1,100000,28,0.00028,78,0.00078
-28,-11,2,100000,38,0.00038,66,0.00066
-28,-11,3,100000,27,0.00027,85,0.00085
-28,-11,4,100000,41,0.00041,82,0.00082
-28,-11,5,100000,32,0.00032,68,0.00068
-28,-10,0,100000,37,0.00037,81,0.00081
-28,-10,1,100000,32,0.00032,61,0.00061
-28,-10,2,100000,29,0.00029,65,0.00065
-28,-10,3,100000,27,0.00027,68,0.00068
-28,-10,4,100000,45,0.00045,77,0.00077
-28,-10,5,100000,18,0.00018,62,0.00062
-28,-9,0,100000,39,0.00039,73,0.00073
-28,-9,1,100000,35,0.00035,69,0.00069
-28,-9,2,100000,16,0.00016,74,0.00074
-28,-9,3,100000,27,0.00027,72,0.00072
-28,-9,4,100000,30,0.0003,54,0.00054
-28,-9,5,100000,27,0.00027,75,0.00075
-28,-8,0,100000,34,0.00034,72,0.00072
-28,-8,1,100000,34,0.00034,69,0.00069
-28,-8,2,100000,31,0.00031,73,0.00073
-28,-8,3,100000,19,0.00019,58,0.00058
-28,-8,4,100000,25,0.00025,69,0.00069
-28,-8,5,100000,42,0.00042,71,0.00071
-28,-7,0,100000,25,0.00025,70,0.0007
-28,-7,1,100000,19,0.00019,75,0.00075
-28,-7,2,100000,28,0.00028,91,0.00091
-28,-7,3,100000,30,0.0003,76,0.00076
-28,-7,4,100000,22,0.00022,73,0.00073
-28,-7,5,100000,39,0.00039,72,0.00072
-28,-6,0,100000,39,0.00039,69,0.00069
-28,-6,1,100000,24,0.00024,62,0.00062
-28,-6,2,100000,33,0.00033,89,0.00089
-28,-6,3,100000,18,0.00018,68,0.00068
-28,-6,4,100000,31,0.00031,63,0.00063
-28,-6,5,100000,45,0.00045,87,0.00087
-28,-5,0,100000,27,0.00027,60,0.0006
-28,-5,1,100000,32,0.00032,73,0.00073
-28,-5,2,100000,31,0.00031,71,0.00071
-28,-5,3,100000,33,0.00033,66,0.00066
-28,-5,4,100000,26,0.00026,80,0.0008
-28,-5,5,100000,26,0.00026,76,0.00076
-28,-4,0,100000,43,0.00043,81,0.00081
-28,-4,1,100000,23,0.00023,59,0.00059
-28,-4,2,100000,30,0.0003,74,0.00074
-28,-4,3,100000,42,0.00042,68,0.00068
-28,-4,4,100000,27,0.00027,62,0.00062
-28,-4,5,100000,26,0.00026,67,0.00067
-28,-3,0,100000,29,0.00029,76,0.00076
-28,-3,1,100000,23,0.00023,64,0.00064
-28,-3,2,100000,23,0.00023,81,0.00081
-28,-3,3,100000,26,0.00026,66,0.00066
-28,-3,4,100000,26,0.00026,69,0.00069
-28,-3,5,100000,38,0.00038,76,0.00076
-28,-2,0,100000,14,0.00014,72,0.00072
-28,-2,1,100000,25,0.00025,65,0.00065
-28,-2,2,100000,33,0.00033,65,0.00065
-28,-2,3,100000,36,0.00036,87,0.00087
-28,-2,4,100000,26,0.00026,71,0.00071
-28,-2,5,100000,25,0.00025,75,0.00075
-28,-1,0,100000,43,0.00043,86,0.00086
-28,-1,1,100000,40,0.0004,78,0.00078
-28,-1,2,100000,15,0.00015,66,0.00066
-28,-1,3,100000,14,0.00014,65,0.00065
-28,-1,4,100000,31,0.00031,71,0.00071
-28,-1,5,100000,15,0.00015,75,0.00075
-28,0,0,100000,21,0.00021,68,0.00068
-28,0,1,100000,39,0.00039,73,0.00073
-28,0,2,100000,28,0.00028,86,0.00086
-28,0,3,100000,24,0.00024,76,0.00076
-28,0,4,100000,45,0.00045,77,0.00077
-28,0,5,100000,18,0.00018,61,0.00061
-28,1,0,100000,44,0.00044,86,0.00086
-28,1,1,100000,29,0.00029,84,0.00084
-28,1,2,100000,22,0.00022,71,0.00071
-28,1,3,100000,18,0.00018,56,0.00056
-28,1,4,100000,37,0.00037,90,0.0009
-28,1,5,100000,51,0.00051,75,0.00075
-28,2,0,100000,29,0.00029,77,0.00077
-28,2,1,100000,34,0.00034,68,0.00068
-28,2,2,100000,27,0.00027,72,0.00072
-28,2,3,100000,23,0.00023,74,0.00074
-28,2,4,100000,26,0.00026,72,0.00072
-28,2,5,100000,30,0.0003,78,0.00078
-28,3,0,100000,32,0.00032,72,0.00072
-28,3,1,100000,18,0.00018,66,0.00066
-28,3,2,100000,32,0.00032,65,0.00065
-28,3,3,100000,29,0.00029,76,0.00076
-28,3,4,100000,22,0.00022,67,0.00067
-28,3,5,100000,18,0.00018,68,0.00068
-28,4,0,100000,51,0.00051,75,0.00075
-28,4,1,100000,24,0.00024,59,0.00059
-28,4,2,100000,27,0.00027,74,0.00074
-28,4,3,100000,29,0.00029,81,0.00081
-28,4,4,100000,15,0.00015,56,0.00056
-28,4,5,100000,38,0.00038,85,0.00085
-28,5,0,100000,34,0.00034,64,0.00064
-28,5,1,100000,26,0.00026,70,0.0007
-28,5,2,100000,48,0.00048,83,0.00083
-28,5,3,100000,30,0.0003,73,0.00073
-28,5,4,100000,29,0.00029,66,0.00066
-28,5,5,100000,25,0.00025,70,0.0007
-28,6,0,100000,15,0.00015,65,0.00065
-28,6,1,100000,38,0.00038,81,0.00081
-28,6,2,100000,47,0.00047,79,0.00079
-28,6,3,100000,33,0.00033,90,0.0009
-28,6,4,100000,45,0.00045,82,0.00082
-28,6,5,100000,18,0.00018,76,0.00076
-28,7,0,100000,24,0.00024,71,0.00071
-28,7,1,100000,24,0.00024,74,0.00074
-28,7,2,100000,29,0.00029,81,0.00081
-28,7,3,100000,22,0.00022,67,0.00067
-28,7,4,100000,28,0.00028,99,0.00099
-28,7,5,100000,36,0.00036,68,0.00068
-28,8,0,100000,55,0.00055,87,0.00087
-28,8,1,100000,30,0.0003,77,0.00077
-28,8,2,100000,31,0.00031,77,0.00077
-28,8,3,100000,60,0.0006,75,0.00075
-28,8,4,100000,21,0.00021,67,0.00067
-28,8,5,100000,23,0.00023,87,0.00087
-28,9,0,100000,25,0.00025,58,0.00058
-28,9,1,100000,30,0.0003,76,0.00076
-28,9,2,100000,24,0.00024,61,0.00061
-28,9,3,100000,32,0.00032,71,0.00071
-28,9,4,100000,36,0.00036,83,0.00083
-28,9,5,100000,40,0.0004,72,0.00072
-28,10,0,100000,20,0.0002,63,0.00063
-28,10,1,100000,18,0.00018,79,0.00079
-28,10,2,100000,22,0.00022,75,0.00075
-28,10,3,100000,34,0.00034,83,0.00083
-28,10,4,100000,19,0.00019,60,0.0006
-28,10,5,100000,32,0.00032,70,0.0007
-28,11,0,100000,42,0.00042,82,0.00082
-28,11,1,100000,18,0.00018,76,0.00076
-28,11,2,100000,23,0.00023,64,0.00064
-28,11,3,100000,40,0.0004,83,0.00083
-28,11,4,100000,33,0.00033,63,0.00063
-28,11,5,100000,23,0.00023,70,0.0007
-28,12,0,100000,21,0.00021,68,0.00068
-28,12,1,100000,19,0.00019,79,0.00079
-28,12,2,100000,33,0.00033,86,0.00086
-28,12,3,100000,27,0.00027,70,0.0007
-28,12,4,100000,46,0.00046,88,0.00088
-28,12,5,100000,32,0.00032,76,0.00076
-28,13,0,100000,23,0.00023,77,0.00077
-28,13,1,100000,23,0.00023,71,0.00071
-28,13,2,100000,36,0.00036,72,0.00072
-28,13,3,100000,48,0.00048,75,0.00075
-28,13,4,100000,35,0.00035,83,0.00083
-28,13,5,100000,48,0.00048,80,0.0008
-28,14,0,100000,21,0.00021,56,0.00056
-28,14,1,100000,42,0.00042,69,0.00069
-28,14,2,100000,27,0.00027,73,0.00073
-28,14,3,100000,34,0.00034,84,0.00084
-28,14,4,100000,30,0.0003,87,0.00087
-28,14,5,100000,31,0.00031,79,0.00079
-28,15,0,100000,25,0.00025,81,0.00081
-28,15,1,100000,33,0.00033,71,0.00071
-28,15,2,100000,22,0.00022,64,0.00064
-28,15,3,100000,17,0.00017,68,0.00068
-28,15,4,100000,21,0.00021,58,0.00058
-28,15,5,100000,32,0.00032,67,0.00067
-28,16,0,100000,40,0.0004,65,0.00065
-28,16,1,100000,25,0.00025,67,0.00067
-28,16,2,100000,26,0.00026,68,0.00068
-28,16,3,100000,29,0.00029,70,0.0007
-28,16,4,100000,29,0.00029,80,0.0008
-28,16,5,100000,34,0.00034,73,0.00073
-28,17,0,100000,33,0.00033,61,0.00061
-28,17,1,100000,25,0.00025,79,0.00079
-28,17,2,100000,24,0.00024,69,0.00069
-28,17,3,100000,37,0.00037,74,0.00074
-28,17,4,100000,21,0.00021,69,0.00069
-28,17,5,100000,27,0.00027,83,0.00083
-28,18,0,100000,42,0.00042,76,0.00076
-28,18,1,100000,35,0.00035,76,0.00076
-28,18,2,100000,28,0.00028,73,0.00073
-28,18,3,100000,35,0.00035,65,0.00065
-28,18,4,100000,34,0.00034,66,0.00066
-28,18,5,100000,40,0.0004,63,0.00063
-28,19,0,100000,27,0.00027,69,0.00069
-28,19,1,100000,36,0.00036,75,0.00075
-28,19,2,100000,33,0.00033,86,0.00086
-28,19,3,100000,41,0.00041,77,0.00077
-28,19,4,100000,50,0.0005,90,0.0009
-28,19,5,100000,35,0.00035,71,0.00071
-28,20,0,100000,36,0.00036,85,0.00085
-28,20,1,100000,58,0.00058,76,0.00076
-28,20,2,100000,19,0.00019,75,0.00075
-28,20,3,100000,25,0.00025,69,0.00069
-28,20,4,100000,31,0.00031,72,0.00072
-28,20,5,100000,17,0.00017,63,0.00063
-28,21,0,100000,23,0.00023,73,0.00073
-28,21,1,100000,32,0.00032,74,0.00074
-28,21,2,100000,38,0.00038,75,0.00075
-28,21,3,100000,16,0.00016,69,0.00069
-28,21,4,100000,31,0.00031,75,0.00075
-28,21,5,100000,33,0.00033,72,0.00072
-28,22,0,100000,25,0.00025,73,0.00073
-28,22,1,100000,34,0.00034,75,0.00075
-28,22,2,100000,26,0.00026,72,0.00072
-28,22,3,100000,28,0.00028,74,0.00074
-28,22,4,100000,28,0.00028,77,0.00077
-28,22,5,100000,33,0.00033,70,0.0007
-28,23,0,100000,27,0.00027,63,0.00063
-28,23,1,100000,25,0.00025,59,0.00059
-28,23,2,100000,24,0.00024,75,0.00075
-28,23,3,100000,41,0.00041,78,0.00078
-28,23,4,100000,17,0.00017,65,0.00065
-28,23,5,100000,31,0.00031,69,0.00069
-28,24,0,100000,32,0.00032,70,0.0007
-28,24,1,100000,31,0.00031,75,0.00075
-28,24,2,100000,41,0.00041,94,0.00094
-28,24,3,100000,16,0.00016,69,0.00069
-28,24,4,100000,22,0.00022,77,0.00077
-28,24,5,100000,34,0.00034,75,0.00075
-28,25,0,100000,30,0.0003,75,0.00075
-28,25,1,100000,44,0.00044,72,0.00072
-28,25,2,100000,37,0.00037,79,0.00079
-28,25,3,100000,31,0.00031,73,0.00073
-28,25,4,100000,19,0.00019,59,0.00059
-28,25,5,100000,45,0.00045,76,0.00076
-28,26,0,100000,18,0.00018,72,0.00072
-28,26,1,100000,50,0.0005,95,0.00095
-28,26,2,100000,24,0.00024,64,0.00064
-28,26,3,100000,54,0.00054,82,0.00082
-28,26,4,100000,23,0.00023,72,0.00072
-28,26,5,100000,21,0.00021,65,0.00065
-28,27,0,100000,32,0.00032,83,0.00083
-28,27,1,100000,23,0.00023,73,0.00073
-28,27,2,100000,37,0.00037,81,0.00081
-28,27,3,100000,27,0.00027,61,0.00061
-28,27,4,100000,37,0.00037,89,0.00089
-28,27,5,100000,48,0.00048,84,0.00084
-28,28,0,100000,32,0.00032,72,0.00072
-28,28,1,100000,27,0.00027,59,0.00059
-28,28,2,100000,25,0.00025,73,0.00073
-28,28,3,100000,46,0.00046,62,0.00062
-28,28,4,100000,26,0.00026,71,0.00071
-28,28,5,100000,20,0.0002,75,0.00075
-28,29,0,100000,25,0.00025,81,0.00081
-28,29,1,100000,25,0.00025,68,0.00068
-28,29,2,100000,31,0.00031,57,0.00057
-28,29,3,100000,39,0.00039,67,0.00067
-28,29,4,100000,25,0.00025,72,0.00072
-28,29,5,100000,32,0.00032,60,0.0006
-28,30,0,100000,51,0.00051,70,0.0007
-28,30,1,100000,26,0.00026,70,0.0007
-28,30,2,100000,32,0.00032,76,0.00076
-28,30,3,100000,30,0.0003,85,0.00085
-28,30,4,100000,27,0.00027,71,0.00071
-28,30,5,100000,34,0.00034,89,0.00089
-28,31,0,100000,25,0.00025,69,0.00069
-28,31,1,100000,20,0.0002,73,0.00073
-28,31,2,100000,34,0.00034,68,0.00068
-28,31,3,100000,32,0.00032,87,0.00087
-28,31,4,100000,25,0.00025,61,0.00061
-28,31,5,100000,17,0.00017,66,0.00066
-28,32,0,100000,36,0.00036,73,0.00073
-28,32,1,100000,40,0.0004,71,0.00071
-28,32,2,100000,33,0.00033,62,0.00062
-28,32,3,100000,52,0.00052,83,0.00083
-28,32,4,100000,32,0.00032,71,0.00071
-28,32,5,100000,8,8e-05,67,0.00067
-28,33,0,100000,16,0.00016,46,0.00046
-28,33,1,100000,41,0.00041,71,0.00071
-28,33,2,100000,20,0.0002,61,0.00061
-28,33,3,100000,32,0.00032,74,0.00074
-28,33,4,100000,29,0.00029,69,0.00069
-28,33,5,100000,34,0.00034,50,0.0005
-28,34,0,100000,49,0.00049,82,0.00082
-28,34,1,100000,25,0.00025,72,0.00072
-28,34,2,100000,39,0.00039,72,0.00072
-28,34,3,100000,31,0.00031,74,0.00074
-28,34,4,100000,56,0.00056,95,0.00095
-28,34,5,100000,42,0.00042,83,0.00083
-28,35,0,100000,35,0.00035,72,0.00072
-28,35,1,100000,61,0.00061,80,0.0008
-28,35,2,100000,34,0.00034,71,0.00071
-28,35,3,100000,34,0.00034,71,0.00071
-28,35,4,100000,33,0.00033,68,0.00068
-28,35,5,100000,29,0.00029,75,0.00075
-28,36,0,100000,19,0.00019,62,0.00062
-28,36,1,100000,30,0.0003,71,0.00071
-28,36,2,100000,39,0.00039,79,0.00079
-28,36,3,100000,29,0.00029,83,0.00083
-28,36,4,100000,49,0.00049,81,0.00081
-28,36,5,100000,20,0.0002,46,0.00046
-28,37,0,100000,46,0.00046,82,0.00082
-28,37,1,100000,35,0.00035,73,0.00073
-28,37,2,100000,30,0.0003,67,0.00067
-28,37,3,100000,29,0.00029,70,0.0007
-28,37,4,100000,38,0.00038,77,0.00077
-28,37,5,100000,39,0.00039,66,0.00066
-28,38,0,100000,45,0.00045,73,0.00073
-28,38,1,100000,45,0.00045,76,0.00076
-28,38,2,100000,34,0.00034,71,0.00071
-28,38,3,100000,34,0.00034,73,0.00073
-28,38,4,100000,31,0.00031,67,0.00067
-28,38,5,100000,40,0.0004,76,0.00076
-28,39,0,100000,33,0.00033,66,0.00066
-28,39,1,100000,17,0.00017,70,0.0007
-28,39,2,100000,38,0.00038,76,0.00076
-28,39,3,100000,31,0.00031,70,0.0007
-28,39,4,100000,48,0.00048,93,0.00093
-28,39,5,100000,32,0.00032,73,0.00073
-28,40,0,100000,17,0.00017,87,0.00087
-28,40,1,100000,37,0.00037,71,0.00071
-28,40,2,100000,20,0.0002,70,0.0007
-28,40,3,100000,30,0.0003,79,0.00079
-28,40,4,100000,28,0.00028,81,0.00081
-28,40,5,100000,28,0.00028,73,0.00073
-28,41,0,100000,27,0.00027,64,0.00064
-28,41,1,100000,33,0.00033,71,0.00071
-28,41,2,100000,19,0.00019,65,0.00065
-28,41,3,100000,26,0.00026,59,0.00059
-28,41,4,100000,29,0.00029,68,0.00068
-28,41,5,100000,31,0.00031,71,0.00071
-28,42,0,100000,17,0.00017,64,0.00064
-28,42,1,100000,36,0.00036,77,0.00077
-28,42,2,100000,29,0.00029,92,0.00092
-28,42,3,100000,52,0.00052,74,0.00074
-28,42,4,100000,34,0.00034,75,0.00075
-28,42,5,100000,35,0.00035,74,0.00074
-28,43,0,100000,23,0.00023,62,0.00062
-28,43,1,100000,38,0.00038,76,0.00076
-28,43,2,100000,20,0.0002,78,0.00078
-28,43,3,100000,45,0.00045,79,0.00079
-28,43,4,100000,42,0.00042,66,0.00066
-28,43,5,100000,19,0.00019,64,0.00064
-28,44,0,100000,39,0.00039,70,0.0007
-28,44,1,100000,18,0.00018,80,0.0008
-28,44,2,100000,25,0.00025,73,0.00073
-28,44,3,100000,19,0.00019,67,0.00067
-28,44,4,100000,54,0.00054,83,0.00083
-28,44,5,100000,21,0.00021,81,0.00081
-28,45,0,100000,41,0.00041,78,0.00078
-28,45,1,100000,35,0.00035,81,0.00081
-28,45,2,100000,28,0.00028,71,0.00071
-28,45,3,100000,35,0.00035,78,0.00078
-28,45,4,100000,28,0.00028,64,0.00064
-28,45,5,100000,24,0.00024,73,0.00073
-28,46,0,100000,39,0.00039,71,0.00071
-28,46,1,100000,9,9e-05,63,0.00063
-28,46,2,100000,23,0.00023,64,0.00064
-28,46,3,100000,38,0.00038,66,0.00066
-28,46,4,100000,28,0.00028,66,0.00066
-28,46,5,100000,25,0.00025,73,0.00073
-28,47,0,100000,37,0.00037,78,0.00078
-28,47,1,100000,34,0.00034,71,0.00071
-28,47,2,100000,48,0.00048,76,0.00076
-28,47,3,100000,23,0.00023,79,0.00079
-28,47,4,100000,26,0.00026,78,0.00078
-28,47,5,100000,28,0.00028,84,0.00084
-28,48,0,100000,37,0.00037,84,0.00084
-28,48,1,100000,25,0.00025,76,0.00076
-28,48,2,100000,55,0.00055,75,0.00075
-28,48,3,100000,33,0.00033,53,0.00053
-28,48,4,100000,32,0.00032,73,0.00073
-28,48,5,100000,44,0.00044,78,0.00078
-28,49,0,100000,32,0.00032,66,0.00066
-28,49,1,100000,42,0.00042,66,0.00066
-28,49,2,100000,45,0.00045,78,0.00078
-28,49,3,100000,19,0.00019,65,0.00065
-28,49,4,100000,24,0.00024,57,0.00057
-28,49,5,100000,30,0.0003,79,0.00079
-28,50,0,100000,27,0.00027,57,0.00057
-28,50,1,100000,23,0.00023,71,0.00071
-28,50,2,100000,29,0.00029,84,0.00084
-28,50,3,100000,31,0.00031,65,0.00065
-28,50,4,100000,20,0.0002,69,0.00069
-28,50,5,100000,20,0.0002,64,0.00064
-27,-50,0,100000,33,0.00033,68,0.00068
-27,-50,1,100000,39,0.00039,65,0.00065
-27,-50,2,100000,24,0.00024,50,0.0005
-27,-50,3,100000,26,0.00026,78,0.00078
-27,-50,4,100000,34,0.00034,71,0.00071
-27,-50,5,100000,24,0.00024,59,0.00059
-27,-49,0,100000,27,0.00027,81,0.00081
-27,-49,1,100000,31,0.00031,64,0.00064
-27,-49,2,100000,33,0.00033,73,0.00073
-27,-49,3,100000,30,0.0003,69,0.00069
-27,-49,4,100000,26,0.00026,82,0.00082
-27,-49,5,100000,37,0.00037,79,0.00079
-27,-48,0,100000,20,0.0002,71,0.00071
-27,-48,1,100000,34,0.00034,85,0.00085
-27,-48,2,100000,26,0.00026,69,0.00069
-27,-48,3,100000,34,0.00034,84,0.00084
-27,-48,4,100000,52,0.00052,83,0.00083
-27,-48,5,100000,31,0.00031,84,0.00084
-27,-47,0,100000,56,0.00056,90,0.0009
-27,-47,1,100000,25,0.00025,71,0.00071
-27,-47,2,100000,38,0.00038,81,0.00081
-27,-47,3,100000,22,0.00022,76,0.00076
-27,-47,4,100000,17,0.00017,78,0.00078
-27,-47,5,100000,24,0.00024,67,0.00067
-27,-46,0,100000,27,0.00027,75,0.00075
-27,-46,1,100000,28,0.00028,73,0.00073
-27,-46,2,100000,32,0.00032,74,0.00074
-27,-46,3,100000,22,0.00022,69,0.00069
-27,-46,4,100000,29,0.00029,61,0.00061
-27,-46,5,100000,34,0.00034,62,0.00062
-27,-45,0,100000,35,0.00035,69,0.00069
-27,-45,1,100000,34,0.00034,73,0.00073
-27,-45,2,100000,45,0.00045,78,0.00078
-27,-45,3,100000,35,0.00035,76,0.00076
-27,-45,4,100000,29,0.00029,62,0.00062
-27,-45,5,100000,22,0.00022,69,0.00069
-27,-44,0,100000,35,0.00035,89,0.00089
-27,-44,1,100000,33,0.00033,68,0.00068
-27,-44,2,100000,26,0.00026,64,0.00064
-27,-44,3,100000,40,0.0004,85,0.00085
-27,-44,4,100000,33,0.00033,73,0.00073
-27,-44,5,100000,48,0.00048,78,0.00078
-27,-43,0,100000,31,0.00031,73,0.00073
-27,-43,1,100000,40,0.0004,77,0.00077
-27,-43,2,100000,29,0.00029,62,0.00062
-27,-43,3,100000,28,0.00028,64,0.00064
-27,-43,4,100000,20,0.0002,64,0.00064
-27,-43,5,100000,47,0.00047,77,0.00077
-27,-42,0,100000,24,0.00024,67,0.00067
-27,-42,1,100000,24,0.00024,71,0.00071
-27,-42,2,100000,34,0.00034,67,0.00067
-27,-42,3,100000,38,0.00038,70,0.0007
-27,-42,4,100000,32,0.00032,66,0.00066
-27,-42,5,100000,23,0.00023,69,0.00069
-27,-41,0,100000,27,0.00027,73,0.00073
-27,-41,1,100000,27,0.00027,85,0.00085
-27,-41,2,100000,25,0.00025,65,0.00065
-27,-41,3,100000,18,0.00018,70,0.0007
-27,-41,4,100000,40,0.0004,78,0.00078
-27,-41,5,100000,31,0.00031,67,0.00067
-27,-40,0,100000,25,0.00025,79,0.00079
-27,-40,1,100000,33,0.00033,77,0.00077
-27,-40,2,100000,16,0.00016,49,0.00049
-27,-40,3,100000,42,0.00042,76,0.00076
-27,-40,4,100000,32,0.00032,78,0.00078
-27,-40,5,100000,31,0.00031,83,0.00083
-27,-39,0,100000,25,0.00025,73,0.00073
-27,-39,1,100000,25,0.00025,71,0.00071
-27,-39,2,100000,24,0.00024,66,0.00066
-27,-39,3,100000,44,0.00044,62,0.00062
-27,-39,4,100000,31,0.00031,67,0.00067
-27,-39,5,100000,32,0.00032,79,0.00079
-27,-38,0,100000,28,0.00028,80,0.0008
-27,-38,1,100000,36,0.00036,92,0.00092
-27,-38,2,100000,27,0.00027,73,0.00073
-27,-38,3,100000,44,0.00044,89,0.00089
-27,-38,4,100000,29,0.00029,71,0.00071
-27,-38,5,100000,27,0.00027,87,0.00087
-27,-37,0,100000,30,0.0003,76,0.00076
-27,-37,1,100000,19,0.00019,74,0.00074
-27,-37,2,100000,38,0.00038,82,0.00082
-27,-37,3,100000,17,0.00017,60,0.0006
-27,-37,4,100000,28,0.00028,76,0.00076
-27,-37,5,100000,28,0.00028,83,0.00083
-27,-36,0,100000,34,0.00034,64,0.00064
-27,-36,1,100000,31,0.00031,69,0.00069
-27,-36,2,100000,53,0.00053,88,0.00088
-27,-36,3,100000,32,0.00032,64,0.00064
-27,-36,4,100000,42,0.00042,90,0.0009
-27,-36,5,100000,29,0.00029,81,0.00081
-27,-35,0,100000,19,0.00019,69,0.00069
-27,-35,1,100000,33,0.00033,74,0.00074
-27,-35,2,100000,22,0.00022,67,0.00067
-27,-35,3,100000,32,0.00032,68,0.00068
-27,-35,4,100000,22,0.00022,66,0.00066
-27,-35,5,100000,16,0.00016,64,0.00064
-27,-34,0,100000,32,0.00032,76,0.00076
-27,-34,1,100000,29,0.00029,75,0.00075
-27,-34,2,100000,37,0.00037,80,0.0008
-27,-34,3,100000,25,0.00025,70,0.0007
-27,-34,4,100000,24,0.00024,75,0.00075
-27,-34,5,100000,33,0.00033,65,0.00065
-27,-33,0,100000,27,0.00027,65,0.00065
-27,-33,1,100000,31,0.00031,78,0.00078
-27,-33,2,100000,39,0.00039,90,0.0009
-27,-33,3,100000,33,0.00033,70,0.0007
-27,-33,4,100000,28,0.00028,73,0.00073
-27,-33,5,100000,35,0.00035,72,0.00072
-27,-32,0,100000,33,0.00033,75,0.00075
-27,-32,1,100000,32,0.00032,72,0.00072
-27,-32,2,100000,17,0.00017,66,0.00066
-27,-32,3,100000,25,0.00025,69,0.00069
-27,-32,4,100000,24,0.00024,74,0.00074
-27,-32,5,100000,25,0.00025,76,0.00076
-27,-31,0,100000,38,0.00038,79,0.00079
-27,-31,1,100000,26,0.00026,72,0.00072
-27,-31,2,100000,34,0.00034,72,0.00072
-27,-31,3,100000,22,0.00022,70,0.0007
-27,-31,4,100000,21,0.00021,73,0.00073
-27,-31,5,100000,26,0.00026,70,0.0007
-27,-30,0,100000,34,0.00034,69,0.00069
-27,-30,1,100000,31,0.00031,69,0.00069
-27,-30,2,100000,22,0.00022,78,0.00078
-27,-30,3,100000,33,0.00033,80,0.0008
-27,-30,4,100000,17,0.00017,67,0.00067
-27,-30,5,100000,25,0.00025,68,0.00068
-27,-29,0,100000,44,0.00044,80,0.0008
-27,-29,1,100000,39,0.00039,69,0.00069
-27,-29,2,100000,31,0.00031,69,0.00069
-27,-29,3,100000,36,0.00036,82,0.00082
-27,-29,4,100000,26,0.00026,63,0.00063
-27,-29,5,100000,33,0.00033,61,0.00061
-27,-28,0,100000,13,0.00013,65,0.00065
-27,-28,1,100000,38,0.00038,65,0.00065
-27,-28,2,100000,37,0.00037,67,0.00067
-27,-28,3,100000,40,0.0004,82,0.00082
-27,-28,4,100000,37,0.00037,60,0.0006
-27,-28,5,100000,37,0.00037,71,0.00071
-27,-27,0,100000,32,0.00032,75,0.00075
-27,-27,1,100000,35,0.00035,68,0.00068
-27,-27,2,100000,32,0.00032,65,0.00065
-27,-27,3,100000,17,0.00017,64,0.00064
-27,-27,4,100000,30,0.0003,71,0.00071
-27,-27,5,100000,15,0.00015,50,0.0005
-27,-26,0,100000,26,0.00026,61,0.00061
-27,-26,1,100000,27,0.00027,63,0.00063
-27,-26,2,100000,30,0.0003,71,0.00071
-27,-26,3,100000,23,0.00023,66,0.00066
-27,-26,4,100000,26,0.00026,76,0.00076
-27,-26,5,100000,31,0.00031,80,0.0008
-27,-25,0,100000,37,0.00037,80,0.0008
-27,-25,1,100000,26,0.00026,74,0.00074
-27,-25,2,100000,28,0.00028,71,0.00071
-27,-25,3,100000,39,0.00039,74,0.00074
-27,-25,4,100000,44,0.00044,94,0.00094
-27,-25,5,100000,30,0.0003,72,0.00072
-27,-24,0,100000,40,0.0004,83,0.00083
-27,-24,1,100000,24,0.00024,71,0.00071
-27,-24,2,100000,37,0.00037,77,0.00077
-27,-24,3,100000,22,0.00022,72,0.00072
-27,-24,4,100000,42,0.00042,88,0.00088
-27,-24,5,100000,43,0.00043,82,0.00082
-27,-23,0,100000,30,0.0003,77,0.00077
-27,-23,1,100000,15,0.00015,79,0.00079
-27,-23,2,100000,39,0.00039,89,0.00089
-27,-23,3,100000,45,0.00045,78,0.00078
-27,-23,4,100000,42,0.00042,77,0.00077
-27,-23,5,100000,24,0.00024,73,0.00073
-27,-22,0,100000,33,0.00033,74,0.00074
-27,-22,1,100000,28,0.00028,62,0.00062
-27,-22,2,100000,10,0.0001,79,0.00079
-27,-22,3,100000,18,0.00018,69,0.00069
-27,-22,4,100000,17,0.00017,61,0.00061
-27,-22,5,100000,54,0.00054,72,0.00072
-27,-21,0,100000,51,0.00051,73,0.00073
-27,-21,1,100000,18,0.00018,71,0.00071
-27,-21,2,100000,28,0.00028,75,0.00075
-27,-21,3,100000,31,0.00031,68,0.00068
-27,-21,4,100000,24,0.00024,86,0.00086
-27,-21,5,100000,26,0.00026,62,0.00062
-27,-20,0,100000,22,0.00022,66,0.00066
-27,-20,1,100000,18,0.00018,74,0.00074
-27,-20,2,100000,43,0.00043,88,0.00088
-27,-20,3,100000,21,0.00021,77,0.00077
-27,-20,4,100000,15,0.00015,76,0.00076
-27,-20,5,100000,29,0.00029,76,0.00076
-27,-19,0,100000,29,0.00029,64,0.00064
-27,-19,1,100000,47,0.00047,83,0.00083
-27,-19,2,100000,15,0.00015,71,0.00071
-27,-19,3,100000,46,0.00046,73,0.00073
-27,-19,4,100000,28,0.00028,80,0.0008
-27,-19,5,100000,26,0.00026,71,0.00071
-27,-18,0,100000,29,0.00029,75,0.00075
-27,-18,1,100000,35,0.00035,69,0.00069
-27,-18,2,100000,23,0.00023,61,0.00061
-27,-18,3,100000,36,0.00036,85,0.00085
-27,-18,4,100000,25,0.00025,65,0.00065
-27,-18,5,100000,26,0.00026,57,0.00057
-27,-17,0,100000,26,0.00026,63,0.00063
-27,-17,1,100000,32,0.00032,66,0.00066
-27,-17,2,100000,31,0.00031,89,0.00089
-27,-17,3,100000,37,0.00037,89,0.00089
-27,-17,4,100000,36,0.00036,72,0.00072
-27,-17,5,100000,35,0.00035,78,0.00078
-27,-16,0,100000,49,0.00049,72,0.00072
-27,-16,1,100000,16,0.00016,71,0.00071
-27,-16,2,100000,23,0.00023,78,0.00078
-27,-16,3,100000,27,0.00027,74,0.00074
-27,-16,4,100000,34,0.00034,81,0.00081
-27,-16,5,100000,20,0.0002,70,0.0007
-27,-15,0,100000,15,0.00015,74,0.00074
-27,-15,1,100000,27,0.00027,70,0.0007
-27,-15,2,100000,22,0.00022,69,0.00069
-27,-15,3,100000,23,0.00023,70,0.0007
-27,-15,4,100000,32,0.00032,68,0.00068
-27,-15,5,100000,31,0.00031,77,0.00077
-27,-14,0,100000,26,0.00026,82,0.00082
-27,-14,1,100000,26,0.00026,79,0.00079
-27,-14,2,100000,24,0.00024,69,0.00069
-27,-14,3,100000,29,0.00029,59,0.00059
-27,-14,4,100000,40,0.0004,68,0.00068
-27,-14,5,100000,21,0.00021,58,0.00058
-27,-13,0,100000,16,0.00016,75,0.00075
-27,-13,1,100000,47,0.00047,67,0.00067
-27,-13,2,100000,29,0.00029,76,0.00076
-27,-13,3,100000,55,0.00055,77,0.00077
-27,-13,4,100000,25,0.00025,75,0.00075
-27,-13,5,100000,22,0.00022,83,0.00083
-27,-12,0,100000,48,0.00048,75,0.00075
-27,-12,1,100000,33,0.00033,74,0.00074
-27,-12,2,100000,31,0.00031,90,0.0009
-27,-12,3,100000,27,0.00027,77,0.00077
-27,-12,4,100000,32,0.00032,104,0.00104
-27,-12,5,100000,25,0.00025,52,0.00052
-27,-11,0,100000,37,0.00037,61,0.00061
-27,-11,1,100000,22,0.00022,56,0.00056
-27,-11,2,100000,18,0.00018,77,0.00077
-27,-11,3,100000,23,0.00023,68,0.00068
-27,-11,4,100000,22,0.00022,61,0.00061
-27,-11,5,100000,38,0.00038,63,0.00063
-27,-10,0,100000,23,0.00023,62,0.00062
-27,-10,1,100000,29,0.00029,80,0.0008
-27,-10,2,100000,28,0.00028,70,0.0007
-27,-10,3,100000,26,0.00026,70,0.0007
-27,-10,4,100000,53,0.00053,72,0.00072
-27,-10,5,100000,36,0.00036,93,0.00093
-27,-9,0,100000,24,0.00024,93,0.00093
-27,-9,1,100000,26,0.00026,62,0.00062
-27,-9,2,100000,31,0.00031,66,0.00066
-27,-9,3,100000,42,0.00042,100,0.001
-27,-9,4,100000,23,0.00023,69,0.00069
-27,-9,5,100000,39,0.00039,71,0.00071
-27,-8,0,100000,44,0.00044,74,0.00074
-27,-8,1,100000,33,0.00033,62,0.00062
-27,-8,2,100000,31,0.00031,68,0.00068
-27,-8,3,100000,22,0.00022,78,0.00078
-27,-8,4,100000,28,0.00028,83,0.00083
-27,-8,5,100000,25,0.00025,70,0.0007
-27,-7,0,100000,23,0.00023,76,0.00076
-27,-7,1,100000,18,0.00018,66,0.00066
-27,-7,2,100000,29,0.00029,66,0.00066
-27,-7,3,100000,18,0.00018,66,0.00066
-27,-7,4,100000,28,0.00028,68,0.00068
-27,-7,5,100000,38,0.00038,80,0.0008
-27,-6,0,100000,17,0.00017,69,0.00069
-27,-6,1,100000,33,0.00033,71,0.00071
-27,-6,2,100000,14,0.00014,59,0.00059
-27,-6,3,100000,25,0.00025,72,0.00072
-27,-6,4,100000,31,0.00031,74,0.00074
-27,-6,5,100000,33,0.00033,73,0.00073
-27,-5,0,100000,32,0.00032,81,0.00081
-27,-5,1,100000,47,0.00047,85,0.00085
-27,-5,2,100000,44,0.00044,69,0.00069
-27,-5,3,100000,30,0.0003,77,0.00077
-27,-5,4,100000,23,0.00023,62,0.00062
-27,-5,5,100000,40,0.0004,65,0.00065
-27,-4,0,100000,34,0.00034,69,0.00069
-27,-4,1,100000,36,0.00036,74,0.00074
-27,-4,2,100000,26,0.00026,63,0.00063
-27,-4,3,100000,28,0.00028,75,0.00075
-27,-4,4,100000,24,0.00024,69,0.00069
-27,-4,5,100000,24,0.00024,73,0.00073
-27,-3,0,100000,16,0.00016,70,0.0007
-27,-3,1,100000,21,0.00021,74,0.00074
-27,-3,2,100000,19,0.00019,75,0.00075
-27,-3,3,100000,22,0.00022,70,0.0007
-27,-3,4,100000,28,0.00028,75,0.00075
-27,-3,5,100000,29,0.00029,69,0.00069
-27,-2,0,100000,39,0.00039,70,0.0007
-27,-2,1,100000,32,0.00032,81,0.00081
-27,-2,2,100000,36,0.00036,77,0.00077
-27,-2,3,100000,18,0.00018,79,0.00079
-27,-2,4,100000,49,0.00049,83,0.00083
-27,-2,5,100000,22,0.00022,76,0.00076
-27,-1,0,100000,27,0.00027,60,0.0006
-27,-1,1,100000,25,0.00025,71,0.00071
-27,-1,2,100000,55,0.00055,70,0.0007
-27,-1,3,100000,46,0.00046,80,0.0008
-27,-1,4,100000,26,0.00026,65,0.00065
-27,-1,5,100000,15,0.00015,62,0.00062
-27,0,0,100000,32,0.00032,65,0.00065
-27,0,1,100000,22,0.00022,60,0.0006
-27,0,2,100000,23,0.00023,64,0.00064
-27,0,3,100000,23,0.00023,66,0.00066
-27,0,4,100000,25,0.00025,57,0.00057
-27,0,5,100000,36,0.00036,73,0.00073
-27,1,0,100000,29,0.00029,80,0.0008
-27,1,1,100000,56,0.00056,67,0.00067
-27,1,2,100000,34,0.00034,68,0.00068
-27,1,3,100000,31,0.00031,86,0.00086
-27,1,4,100000,18,0.00018,75,0.00075
-27,1,5,100000,20,0.0002,53,0.00053
-27,2,0,100000,34,0.00034,73,0.00073
-27,2,1,100000,40,0.0004,66,0.00066
-27,2,2,100000,28,0.00028,61,0.00061
-27,2,3,100000,37,0.00037,79,0.00079
-27,2,4,100000,22,0.00022,67,0.00067
-27,2,5,100000,37,0.00037,92,0.00092
-27,3,0,100000,28,0.00028,77,0.00077
-27,3,1,100000,19,0.00019,76,0.00076
-27,3,2,100000,26,0.00026,85,0.00085
-27,3,3,100000,43,0.00043,76,0.00076
-27,3,4,100000,29,0.00029,73,0.00073
-27,3,5,100000,27,0.00027,76,0.00076
-27,4,0,100000,26,0.00026,71,0.00071
-27,4,1,100000,13,0.00013,59,0.00059
-27,4,2,100000,41,0.00041,77,0.00077
-27,4,3,100000,24,0.00024,62,0.00062
-27,4,4,100000,17,0.00017,75,0.00075
-27,4,5,100000,25,0.00025,75,0.00075
-27,5,0,100000,28,0.00028,84,0.00084
-27,5,1,100000,50,0.0005,92,0.00092
-27,5,2,100000,26,0.00026,84,0.00084
-27,5,3,100000,37,0.00037,66,0.00066
-27,5,4,100000,35,0.00035,76,0.00076
-27,5,5,100000,39,0.00039,69,0.00069
-27,6,0,100000,30,0.0003,80,0.0008
-27,6,1,100000,39,0.00039,86,0.00086
-27,6,2,100000,31,0.00031,85,0.00085
-27,6,3,100000,24,0.00024,66,0.00066
-27,6,4,100000,29,0.00029,70,0.0007
-27,6,5,100000,28,0.00028,76,0.00076
-27,7,0,100000,22,0.00022,62,0.00062
-27,7,1,100000,38,0.00038,77,0.00077
-27,7,2,100000,38,0.00038,83,0.00083
-27,7,3,100000,31,0.00031,77,0.00077
-27,7,4,100000,40,0.0004,90,0.0009
-27,7,5,100000,28,0.00028,74,0.00074
-27,8,0,100000,28,0.00028,68,0.00068
-27,8,1,100000,26,0.00026,86,0.00086
-27,8,2,100000,22,0.00022,59,0.00059
-27,8,3,100000,18,0.00018,59,0.00059
-27,8,4,100000,4,4e-05,60,0.0006
-27,8,5,100000,16,0.00016,59,0.00059
-27,9,0,100000,30,0.0003,91,0.00091
-27,9,1,100000,43,0.00043,71,0.00071
-27,9,2,100000,24,0.00024,77,0.00077
-27,9,3,100000,22,0.00022,58,0.00058
-27,9,4,100000,46,0.00046,80,0.0008
-27,9,5,100000,33,0.00033,76,0.00076
-27,10,0,100000,35,0.00035,59,0.00059
-27,10,1,100000,42,0.00042,64,0.00064
-27,10,2,100000,29,0.00029,66,0.00066
-27,10,3,100000,31,0.00031,75,0.00075
-27,10,4,100000,15,0.00015,69,0.00069
-27,10,5,100000,32,0.00032,66,0.00066
-27,11,0,100000,27,0.00027,68,0.00068
-27,11,1,100000,29,0.00029,71,0.00071
-27,11,2,100000,43,0.00043,70,0.0007
-27,11,3,100000,45,0.00045,77,0.00077
-27,11,4,100000,39,0.00039,89,0.00089
-27,11,5,100000,31,0.00031,90,0.0009
-27,12,0,100000,31,0.00031,82,0.00082
-27,12,1,100000,40,0.0004,77,0.00077
-27,12,2,100000,41,0.00041,74,0.00074
-27,12,3,100000,47,0.00047,95,0.00095
-27,12,4,100000,22,0.00022,68,0.00068
-27,12,5,100000,46,0.00046,82,0.00082
-27,13,0,100000,39,0.00039,74,0.00074
-27,13,1,100000,30,0.0003,74,0.00074
-27,13,2,100000,42,0.00042,69,0.00069
-27,13,3,100000,20,0.0002,87,0.00087
-27,13,4,100000,35,0.00035,71,0.00071
-27,13,5,100000,35,0.00035,69,0.00069
-27,14,0,100000,36,0.00036,77,0.00077
-27,14,1,100000,33,0.00033,64,0.00064
-27,14,2,100000,32,0.00032,65,0.00065
-27,14,3,100000,32,0.00032,70,0.0007
-27,14,4,100000,44,0.00044,81,0.00081
-27,14,5,100000,25,0.00025,65,0.00065
-27,15,0,100000,21,0.00021,70,0.0007
-27,15,1,100000,35,0.00035,71,0.00071
-27,15,2,100000,19,0.00019,71,0.00071
-27,15,3,100000,18,0.00018,73,0.00073
-27,15,4,100000,29,0.00029,62,0.00062
-27,15,5,100000,16,0.00016,56,0.00056
-27,16,0,100000,40,0.0004,75,0.00075
-27,16,1,100000,36,0.00036,66,0.00066
-27,16,2,100000,29,0.00029,78,0.00078
-27,16,3,100000,17,0.00017,62,0.00062
-27,16,4,100000,24,0.00024,78,0.00078
-27,16,5,100000,47,0.00047,80,0.0008
-27,17,0,100000,24,0.00024,66,0.00066
-27,17,1,100000,15,0.00015,75,0.00075
-27,17,2,100000,34,0.00034,87,0.00087
-27,17,3,100000,24,0.00024,69,0.00069
-27,17,4,100000,20,0.0002,65,0.00065
-27,17,5,100000,31,0.00031,67,0.00067
-27,18,0,100000,29,0.00029,76,0.00076
-27,18,1,100000,26,0.00026,62,0.00062
-27,18,2,100000,31,0.00031,82,0.00082
-27,18,3,100000,26,0.00026,66,0.00066
-27,18,4,100000,17,0.00017,65,0.00065
-27,18,5,100000,58,0.00058,92,0.00092
-27,19,0,100000,40,0.0004,66,0.00066
-27,19,1,100000,31,0.00031,65,0.00065
-27,19,2,100000,33,0.00033,74,0.00074
-27,19,3,100000,31,0.00031,70,0.0007
-27,19,4,100000,19,0.00019,69,0.00069
-27,19,5,100000,20,0.0002,72,0.00072
-27,20,0,100000,36,0.00036,79,0.00079
-27,20,1,100000,20,0.0002,57,0.00057
-27,20,2,100000,26,0.00026,73,0.00073
-27,20,3,100000,37,0.00037,65,0.00065
-27,20,4,100000,21,0.00021,65,0.00065
-27,20,5,100000,24,0.00024,66,0.00066
-27,21,0,100000,33,0.00033,73,0.00073
-27,21,1,100000,23,0.00023,63,0.00063
-27,21,2,100000,33,0.00033,83,0.00083
-27,21,3,100000,26,0.00026,72,0.00072
-27,21,4,100000,16,0.00016,67,0.00067
-27,21,5,100000,38,0.00038,82,0.00082
-27,22,0,100000,17,0.00017,86,0.00086
-27,22,1,100000,25,0.00025,64,0.00064
-27,22,2,100000,42,0.00042,76,0.00076
-27,22,3,100000,28,0.00028,87,0.00087
-27,22,4,100000,33,0.00033,73,0.00073
-27,22,5,100000,32,0.00032,77,0.00077
-27,23,0,100000,46,0.00046,88,0.00088
-27,23,1,100000,34,0.00034,76,0.00076
-27,23,2,100000,17,0.00017,63,0.00063
-27,23,3,100000,21,0.00021,74,0.00074
-27,23,4,100000,21,0.00021,63,0.00063
-27,23,5,100000,16,0.00016,70,0.0007
-27,24,0,100000,17,0.00017,71,0.00071
-27,24,1,100000,25,0.00025,72,0.00072
-27,24,2,100000,21,0.00021,81,0.00081
-27,24,3,100000,20,0.0002,79,0.00079
-27,24,4,100000,36,0.00036,71,0.00071
-27,24,5,100000,19,0.00019,62,0.00062
-27,25,0,100000,33,0.00033,79,0.00079
-27,25,1,100000,39,0.00039,91,0.00091
-27,25,2,100000,20,0.0002,69,0.00069
-27,25,3,100000,23,0.00023,59,0.00059
-27,25,4,100000,36,0.00036,78,0.00078
-27,25,5,100000,46,0.00046,70,0.0007
-27,26,0,100000,27,0.00027,68,0.00068
-27,26,1,100000,29,0.00029,72,0.00072
-27,26,2,100000,24,0.00024,76,0.00076
-27,26,3,100000,12,0.00012,61,0.00061
-27,26,4,100000,19,0.00019,70,0.0007
-27,26,5,100000,30,0.0003,68,0.00068
-27,27,0,100000,48,0.00048,79,0.00079
-27,27,1,100000,32,0.00032,80,0.0008
-27,27,2,100000,32,0.00032,71,0.00071
-27,27,3,100000,23,0.00023,78,0.00078
-27,27,4,100000,20,0.0002,70,0.0007
-27,27,5,100000,26,0.00026,65,0.00065
-27,28,0,100000,39,0.00039,72,0.00072
-27,28,1,100000,26,0.00026,63,0.00063
-27,28,2,100000,23,0.00023,70,0.0007
-27,28,3,100000,41,0.00041,78,0.00078
-27,28,4,100000,27,0.00027,66,0.00066
-27,28,5,100000,36,0.00036,75,0.00075
-27,29,0,100000,44,0.00044,63,0.00063
-27,29,1,100000,28,0.00028,65,0.00065
-27,29,2,100000,28,0.00028,69,0.00069
-27,29,3,100000,29,0.00029,71,0.00071
-27,29,4,100000,30,0.0003,63,0.00063
-27,29,5,100000,28,0.00028,78,0.00078
-27,30,0,100000,35,0.00035,70,0.0007
-27,30,1,100000,30,0.0003,68,0.00068
-27,30,2,100000,59,0.00059,89,0.00089
-27,30,3,100000,33,0.00033,92,0.00092
-27,30,4,100000,34,0.00034,72,0.00072
-27,30,5,100000,16,0.00016,74,0.00074
-27,31,0,100000,17,0.00017,66,0.00066
-27,31,1,100000,24,0.00024,82,0.00082
-27,31,2,100000,22,0.00022,79,0.00079
-27,31,3,100000,26,0.00026,77,0.00077
-27,31,4,100000,33,0.00033,89,0.00089
-27,31,5,100000,27,0.00027,75,0.00075
-27,32,0,100000,55,0.00055,83,0.00083
-27,32,1,100000,25,0.00025,73,0.00073
-27,32,2,100000,29,0.00029,77,0.00077
-27,32,3,100000,41,0.00041,78,0.00078
-27,32,4,100000,25,0.00025,69,0.00069
-27,32,5,100000,26,0.00026,84,0.00084
-27,33,0,100000,33,0.00033,72,0.00072
-27,33,1,100000,33,0.00033,76,0.00076
-27,33,2,100000,39,0.00039,77,0.00077
-27,33,3,100000,42,0.00042,72,0.00072
-27,33,4,100000,31,0.00031,79,0.00079
-27,33,5,100000,29,0.00029,76,0.00076
-27,34,0,100000,11,0.00011,52,0.00052
-27,34,1,100000,27,0.00027,84,0.00084
-27,34,2,100000,17,0.00017,63,0.00063
-27,34,3,100000,31,0.00031,79,0.00079
-27,34,4,100000,26,0.00026,64,0.00064
-27,34,5,100000,28,0.00028,77,0.00077
-27,35,0,100000,28,0.00028,66,0.00066
-27,35,1,100000,10,0.0001,58,0.00058
-27,35,2,100000,22,0.00022,65,0.00065
-27,35,3,100000,31,0.00031,72,0.00072
-27,35,4,100000,16,0.00016,56,0.00056
-27,35,5,100000,22,0.00022,66,0.00066
-27,36,0,100000,22,0.00022,71,0.00071
-27,36,1,100000,24,0.00024,84,0.00084
-27,36,2,100000,30,0.0003,85,0.00085
-27,36,3,100000,33,0.00033,67,0.00067
-27,36,4,100000,50,0.0005,87,0.00087
-27,36,5,100000,29,0.00029,74,0.00074
-27,37,0,100000,22,0.00022,76,0.00076
-27,37,1,100000,21,0.00021,75,0.00075
-27,37,2,100000,33,0.00033,74,0.00074
-27,37,3,100000,21,0.00021,72,0.00072
-27,37,4,100000,31,0.00031,84,0.00084
-27,37,5,100000,37,0.00037,82,0.00082
-27,38,0,100000,27,0.00027,72,0.00072
-27,38,1,100000,45,0.00045,88,0.00088
-27,38,2,100000,44,0.00044,77,0.00077
-27,38,3,100000,60,0.0006,90,0.0009
-27,38,4,100000,24,0.00024,87,0.00087
-27,38,5,100000,34,0.00034,83,0.00083
-27,39,0,100000,20,0.0002,77,0.00077
-27,39,1,100000,37,0.00037,66,0.00066
-27,39,2,100000,18,0.00018,66,0.00066
-27,39,3,100000,15,0.00015,68,0.00068
-27,39,4,100000,25,0.00025,67,0.00067
-27,39,5,100000,41,0.00041,65,0.00065
-27,40,0,100000,35,0.00035,72,0.00072
-27,40,1,100000,25,0.00025,72,0.00072
-27,40,2,100000,38,0.00038,77,0.00077
-27,40,3,100000,26,0.00026,78,0.00078
-27,40,4,100000,48,0.00048,82,0.00082
-27,40,5,100000,33,0.00033,77,0.00077
-27,41,0,100000,45,0.00045,65,0.00065
-27,41,1,100000,38,0.00038,77,0.00077
-27,41,2,100000,25,0.00025,62,0.00062
-27,41,3,100000,30,0.0003,69,0.00069
-27,41,4,100000,19,0.00019,84,0.00084
-27,41,5,100000,36,0.00036,88,0.00088
-27,42,0,100000,43,0.00043,72,0.00072
-27,42,1,100000,39,0.00039,83,0.00083
-27,42,2,100000,22,0.00022,74,0.00074
-27,42,3,100000,23,0.00023,54,0.00054
-27,42,4,100000,21,0.00021,59,0.00059
-27,42,5,100000,40,0.0004,72,0.00072
-27,43,0,100000,32,0.00032,63,0.00063
-27,43,1,100000,43,0.00043,85,0.00085
-27,43,2,100000,29,0.00029,81,0.00081
-27,43,3,100000,53,0.00053,76,0.00076
-27,43,4,100000,45,0.00045,70,0.0007
-27,43,5,100000,34,0.00034,67,0.00067
-27,44,0,100000,37,0.00037,85,0.00085
-27,44,1,100000,47,0.00047,74,0.00074
-27,44,2,100000,14,0.00014,73,0.00073
-27,44,3,100000,48,0.00048,91,0.00091
-27,44,4,100000,41,0.00041,71,0.00071
-27,44,5,100000,21,0.00021,60,0.0006
-27,45,0,100000,35,0.00035,77,0.00077
-27,45,1,100000,31,0.00031,75,0.00075
-27,45,2,100000,27,0.00027,67,0.00067
-27,45,3,100000,15,0.00015,66,0.00066
-27,45,4,100000,31,0.00031,81,0.00081
-27,45,5,100000,33,0.00033,81,0.00081
-27,46,0,100000,12,0.00012,72,0.00072
-27,46,1,100000,29,0.00029,81,0.00081
-27,46,2,100000,38,0.00038,77,0.00077
-27,46,3,100000,33,0.00033,79,0.00079
-27,46,4,100000,30,0.0003,73,0.00073
-27,46,5,100000,40,0.0004,67,0.00067
-27,47,0,100000,30,0.0003,56,0.00056
-27,47,1,100000,24,0.00024,62,0.00062
-27,47,2,100000,28,0.00028,84,0.00084
-27,47,3,100000,27,0.00027,73,0.00073
-27,47,4,100000,19,0.00019,65,0.00065
-27,47,5,100000,25,0.00025,69,0.00069
-27,48,0,100000,25,0.00025,68,0.00068
-27,48,1,100000,21,0.00021,64,0.00064
-27,48,2,100000,28,0.00028,84,0.00084
-27,48,3,100000,25,0.00025,77,0.00077
-27,48,4,100000,25,0.00025,72,0.00072
-27,48,5,100000,25,0.00025,59,0.00059
-27,49,0,100000,34,0.00034,74,0.00074
-27,49,1,100000,57,0.00057,80,0.0008
-27,49,2,100000,41,0.00041,77,0.00077
-27,49,3,100000,18,0.00018,81,0.00081
-27,49,4,100000,16,0.00016,64,0.00064
-27,49,5,100000,48,0.00048,78,0.00078
-27,50,0,100000,17,0.00017,70,0.0007
-27,50,1,100000,33,0.00033,85,0.00085
-27,50,2,100000,29,0.00029,76,0.00076
-27,50,3,100000,64,0.00064,92,0.00092
-27,50,4,100000,19,0.00019,63,0.00063
-27,50,5,100000,30,0.0003,74,0.00074
-26,-50,0,100000,30,0.0003,69,0.00069
-26,-50,1,100000,30,0.0003,74,0.00074
-26,-50,2,100000,30,0.0003,77,0.00077
-26,-50,3,100000,25,0.00025,63,0.00063
-26,-50,4,100000,26,0.00026,90,0.0009
-26,-50,5,100000,32,0.00032,74,0.00074
-26,-49,0,100000,30,0.0003,78,0.00078
-26,-49,1,100000,30,0.0003,70,0.0007
-26,-49,2,100000,27,0.00027,81,0.00081
-26,-49,3,100000,28,0.00028,65,0.00065
-26,-49,4,100000,43,0.00043,89,0.00089
-26,-49,5,100000,34,0.00034,76,0.00076
-26,-48,0,100000,31,0.00031,75,0.00075
-26,-48,1,100000,23,0.00023,68,0.00068
-26,-48,2,100000,55,0.00055,77,0.00077
-26,-48,3,100000,60,0.0006,75,0.00075
-26,-48,4,100000,22,0.00022,75,0.00075
-26,-48,5,100000,27,0.00027,69,0.00069
-26,-47,0,100000,41,0.00041,67,0.00067
-26,-47,1,100000,21,0.00021,57,0.00057
-26,-47,2,100000,35,0.00035,80,0.0008
-26,-47,3,100000,34,0.00034,78,0.00078
-26,-47,4,100000,21,0.00021,74,0.00074
-26,-47,5,100000,44,0.00044,89,0.00089
-26,-46,0,100000,31,0.00031,80,0.0008
-26,-46,1,100000,24,0.00024,80,0.0008
-26,-46,2,100000,28,0.00028,64,0.00064
-26,-46,3,100000,16,0.00016,71,0.00071
-26,-46,4,100000,20,0.0002,63,0.00063
-26,-46,5,100000,21,0.00021,72,0.00072
-26,-45,0,100000,32,0.00032,72,0.00072
-26,-45,1,100000,27,0.00027,63,0.00063
-26,-45,2,100000,25,0.00025,62,0.00062
-26,-45,3,100000,57,0.00057,91,0.00091
-26,-45,4,100000,49,0.00049,79,0.00079
-26,-45,5,100000,21,0.00021,71,0.00071
-26,-44,0,100000,22,0.00022,59,0.00059
-26,-44,1,100000,16,0.00016,68,0.00068
-26,-44,2,100000,34,0.00034,69,0.00069
-26,-44,3,100000,42,0.00042,67,0.00067
-26,-44,4,100000,25,0.00025,66,0.00066
-26,-44,5,100000,20,0.0002,49,0.00049
-26,-43,0,100000,48,0.00048,75,0.00075
-26,-43,1,100000,35,0.00035,68,0.00068
-26,-43,2,100000,27,0.00027,71,0.00071
-26,-43,3,100000,25,0.00025,79,0.00079
-26,-43,4,100000,51,0.00051,86,0.00086
-26,-43,5,100000,46,0.00046,76,0.00076
-26,-42,0,100000,31,0.00031,71,0.00071
-26,-42,1,100000,31,0.00031,64,0.00064
-26,-42,2,100000,36,0.00036,62,0.00062
-26,-42,3,100000,24,0.00024,64,0.00064
-26,-42,4,100000,30,0.0003,58,0.00058
-26,-42,5,100000,25,0.00025,74,0.00074
-26,-41,0,100000,29,0.00029,66,0.00066
-26,-41,1,100000,42,0.00042,84,0.00084
-26,-41,2,100000,56,0.00056,79,0.00079
-26,-41,3,100000,25,0.00025,76,0.00076
-26,-41,4,100000,46,0.00046,102,0.00102
-26,-41,5,100000,30,0.0003,66,0.00066
-26,-40,0,100000,33,0.00033,86,0.00086
-26,-40,1,100000,39,0.00039,79,0.00079
-26,-40,2,100000,32,0.00032,59,0.00059
-26,-40,3,100000,41,0.00041,70,0.0007
-26,-40,4,100000,28,0.00028,81,0.00081
-26,-40,5,100000,35,0.00035,70,0.0007
-26,-39,0,100000,45,0.00045,69,0.00069
-26,-39,1,100000,41,0.00041,66,0.00066
-26,-39,2,100000,33,0.00033,69,0.00069
-26,-39,3,100000,21,0.00021,71,0.00071
-26,-39,4,100000,33,0.00033,62,0.00062
-26,-39,5,100000,33,0.00033,74,0.00074
-26,-38,0,100000,26,0.00026,71,0.00071
-26,-38,1,100000,17,0.00017,66,0.00066
-26,-38,2,100000,38,0.00038,79,0.00079
-26,-38,3,100000,27,0.00027,71,0.00071
-26,-38,4,100000,45,0.00045,78,0.00078
-26,-38,5,100000,39,0.00039,74,0.00074
-26,-37,0,100000,28,0.00028,76,0.00076
-26,-37,1,100000,26,0.00026,82,0.00082
-26,-37,2,100000,23,0.00023,65,0.00065
-26,-37,3,100000,19,0.00019,78,0.00078
-26,-37,4,100000,41,0.00041,76,0.00076
-26,-37,5,100000,17,0.00017,68,0.00068
-26,-36,0,100000,22,0.00022,63,0.00063
-26,-36,1,100000,17,0.00017,62,0.00062
-26,-36,2,100000,20,0.0002,61,0.00061
-26,-36,3,100000,45,0.00045,62,0.00062
-26,-36,4,100000,31,0.00031,81,0.00081
-26,-36,5,100000,32,0.00032,74,0.00074
-26,-35,0,100000,21,0.00021,68,0.00068
-26,-35,1,100000,38,0.00038,77,0.00077
-26,-35,2,100000,21,0.00021,77,0.00077
-26,-35,3,100000,40,0.0004,77,0.00077
-26,-35,4,100000,30,0.0003,70,0.0007
-26,-35,5,100000,51,0.00051,74,0.00074
-26,-34,0,100000,11,0.00011,54,0.00054
-26,-34,1,100000,45,0.00045,78,0.00078
-26,-34,2,100000,22,0.00022,73,0.00073
-26,-34,3,100000,34,0.00034,71,0.00071
-26,-34,4,100000,41,0.00041,67,0.00067
-26,-34,5,100000,20,0.0002,60,0.0006
-26,-33,0,100000,34,0.00034,71,0.00071
-26,-33,1,100000,35,0.00035,89,0.00089
-26,-33,2,100000,32,0.00032,76,0.00076
-26,-33,3,100000,36,0.00036,74,0.00074
-26,-33,4,100000,46,0.00046,76,0.00076
-26,-33,5,100000,23,0.00023,81,0.00081
-26,-32,0,100000,35,0.00035,75,0.00075
-26,-32,1,100000,15,0.00015,75,0.00075
-26,-32,2,100000,38,0.00038,71,0.00071
-26,-32,3,100000,26,0.00026,76,0.00076
-26,-32,4,100000,43,0.00043,77,0.00077
-26,-32,5,100000,17,0.00017,60,0.0006
-26,-31,0,100000,34,0.00034,68,0.00068
-26,-31,1,100000,18,0.00018,56,0.00056
-26,-31,2,100000,24,0.00024,70,0.0007
-26,-31,3,100000,29,0.00029,67,0.00067
-26,-31,4,100000,22,0.00022,54,0.00054
-26,-31,5,100000,28,0.00028,76,0.00076
-26,-30,0,100000,34,0.00034,66,0.00066
-26,-30,1,100000,36,0.00036,74,0.00074
-26,-30,2,100000,45,0.00045,72,0.00072
-26,-30,3,100000,29,0.00029,76,0.00076
-26,-30,4,100000,30,0.0003,87,0.00087
-26,-30,5,100000,24,0.00024,84,0.00084
-26,-29,0,100000,42,0.00042,79,0.00079
-26,-29,1,100000,30,0.0003,80,0.0008
-26,-29,2,100000,60,0.0006,69,0.00069
-26,-29,3,100000,34,0.00034,61,0.00061
-26,-29,4,100000,31,0.00031,76,0.00076
-26,-29,5,100000,27,0.00027,74,0.00074
-26,-28,0,100000,29,0.00029,70,0.0007
-26,-28,1,100000,25,0.00025,57,0.00057
-26,-28,2,100000,30,0.0003,80,0.0008
-26,-28,3,100000,20,0.0002,76,0.00076
-26,-28,4,100000,25,0.00025,76,0.00076
-26,-28,5,100000,46,0.00046,81,0.00081
-26,-27,0,100000,44,0.00044,59,0.00059
-26,-27,1,100000,35,0.00035,70,0.0007
-26,-27,2,100000,28,0.00028,75,0.00075
-26,-27,3,100000,38,0.00038,64,0.00064
-26,-27,4,100000,29,0.00029,79,0.00079
-26,-27,5,100000,29,0.00029,86,0.00086
-26,-26,0,100000,19,0.00019,56,0.00056
-26,-26,1,100000,38,0.00038,66,0.00066
-26,-26,2,100000,31,0.00031,60,0.0006
-26,-26,3,100000,30,0.0003,79,0.00079
-26,-26,4,100000,30,0.0003,65,0.00065
-26,-26,5,100000,34,0.00034,72,0.00072
-26,-25,0,100000,39,0.00039,75,0.00075
-26,-25,1,100000,28,0.00028,64,0.00064
-26,-25,2,100000,27,0.00027,67,0.00067
-26,-25,3,100000,34,0.00034,69,0.00069
-26,-25,4,100000,29,0.00029,76,0.00076
-26,-25,5,100000,29,0.00029,55,0.00055
-26,-24,0,100000,15,0.00015,79,0.00079
-26,-24,1,100000,38,0.00038,84,0.00084
-26,-24,2,100000,40,0.0004,70,0.0007
-26,-24,3,100000,46,0.00046,85,0.00085
-26,-24,4,100000,39,0.00039,81,0.00081
-26,-24,5,100000,26,0.00026,81,0.00081
-26,-23,0,100000,42,0.00042,89,0.00089
-26,-23,1,100000,40,0.0004,68,0.00068
-26,-23,2,100000,49,0.00049,85,0.00085
-26,-23,3,100000,14,0.00014,70,0.0007
-26,-23,4,100000,37,0.00037,73,0.00073
-26,-23,5,100000,26,0.00026,71,0.00071
-26,-22,0,100000,20,0.0002,70,0.0007
-26,-22,1,100000,30,0.0003,67,0.00067
-26,-22,2,100000,20,0.0002,73,0.00073
-26,-22,3,100000,22,0.00022,76,0.00076
-26,-22,4,100000,28,0.00028,63,0.00063
-26,-22,5,100000,25,0.00025,59,0.00059
-26,-21,0,100000,42,0.00042,70,0.0007
-26,-21,1,100000,18,0.00018,63,0.00063
-26,-21,2,100000,30,0.0003,80,0.0008
-26,-21,3,100000,40,0.0004,84,0.00084
-26,-21,4,100000,21,0.00021,73,0.00073
-26,-21,5,100000,33,0.00033,73,0.00073
-26,-20,0,100000,27,0.00027,85,0.00085
-26,-20,1,100000,40,0.0004,64,0.00064
-26,-20,2,100000,35,0.00035,74,0.00074
-26,-20,3,100000,29,0.00029,81,0.00081
-26,-20,4,100000,42,0.00042,81,0.00081
-26,-20,5,100000,31,0.00031,77,0.00077
-26,-19,0,100000,29,0.00029,80,0.0008
-26,-19,1,100000,37,0.00037,65,0.00065
-26,-19,2,100000,13,0.00013,52,0.00052
-26,-19,3,100000,27,0.00027,66,0.00066
-26,-19,4,100000,20,0.0002,59,0.00059
-26,-19,5,100000,50,0.0005,80,0.0008
-26,-18,0,100000,15,0.00015,68,0.00068
-26,-18,1,100000,30,0.0003,72,0.00072
-26,-18,2,100000,31,0.00031,67,0.00067
-26,-18,3,100000,38,0.00038,82,0.00082
-26,-18,4,100000,32,0.00032,79,0.00079
-26,-18,5,100000,30,0.0003,57,0.00057
-26,-17,0,100000,17,0.00017,63,0.00063
-26,-17,1,100000,30,0.0003,96,0.00096
-26,-17,2,100000,29,0.00029,74,0.00074
-26,-17,3,100000,18,0.00018,73,0.00073
-26,-17,4,100000,35,0.00035,80,0.0008
-26,-17,5,100000,38,0.00038,76,0.00076
-26,-16,0,100000,42,0.00042,86,0.00086
-26,-16,1,100000,30,0.0003,73,0.00073
-26,-16,2,100000,19,0.00019,61,0.00061
-26,-16,3,100000,41,0.00041,79,0.00079
-26,-16,4,100000,33,0.00033,83,0.00083
-26,-16,5,100000,26,0.00026,81,0.00081
-26,-15,0,100000,14,0.00014,66,0.00066
-26,-15,1,100000,37,0.00037,81,0.00081
-26,-15,2,100000,19,0.00019,56,0.00056
-26,-15,3,100000,26,0.00026,61,0.00061
-26,-15,4,100000,34,0.00034,57,0.00057
-26,-15,5,100000,24,0.00024,82,0.00082
-26,-14,0,100000,31,0.00031,74,0.00074
-26,-14,1,100000,29,0.00029,77,0.00077
-26,-14,2,100000,17,0.00017,65,0.00065
-26,-14,3,100000,43,0.00043,76,0.00076
-26,-14,4,100000,28,0.00028,72,0.00072
-26,-14,5,100000,20,0.0002,76,0.00076
-26,-13,0,100000,30,0.0003,79,0.00079
-26,-13,1,100000,27,0.00027,79,0.00079
-26,-13,2,100000,30,0.0003,88,0.00088
-26,-13,3,100000,39,0.00039,78,0.00078
-26,-13,4,100000,44,0.00044,90,0.0009
-26,-13,5,100000,26,0.00026,90,0.0009
-26,-12,0,100000,49,0.00049,72,0.00072
-26,-12,1,100000,32,0.00032,82,0.00082
-26,-12,2,100000,56,0.00056,75,0.00075
-26,-12,3,100000,24,0.00024,58,0.00058
-26,-12,4,100000,33,0.00033,86,0.00086
-26,-12,5,100000,34,0.00034,85,0.00085
-26,-11,0,100000,22,0.00022,70,0.0007
-26,-11,1,100000,41,0.00041,81,0.00081
-26,-11,2,100000,50,0.0005,84,0.00084
-26,-11,3,100000,25,0.00025,59,0.00059
-26,-11,4,100000,21,0.00021,77,0.00077
-26,-11,5,100000,22,0.00022,69,0.00069
-26,-10,0,100000,31,0.00031,73,0.00073
-26,-10,1,100000,37,0.00037,76,0.00076
-26,-10,2,100000,33,0.00033,86,0.00086
-26,-10,3,100000,36,0.00036,74,0.00074
-26,-10,4,100000,19,0.00019,75,0.00075
-26,-10,5,100000,16,0.00016,60,0.0006
-26,-9,0,100000,26,0.00026,67,0.00067
-26,-9,1,100000,36,0.00036,78,0.00078
-26,-9,2,100000,31,0.00031,79,0.00079
-26,-9,3,100000,26,0.00026,67,0.00067
-26,-9,4,100000,29,0.00029,80,0.0008
-26,-9,5,100000,26,0.00026,65,0.00065
-26,-8,0,100000,37,0.00037,70,0.0007
-26,-8,1,100000,39,0.00039,70,0.0007
-26,-8,2,100000,25,0.00025,73,0.00073
-26,-8,3,100000,28,0.00028,68,0.00068
-26,-8,4,100000,21,0.00021,78,0.00078
-26,-8,5,100000,19,0.00019,83,0.00083
-26,-7,0,100000,25,0.00025,73,0.00073
-26,-7,1,100000,23,0.00023,72,0.00072
-26,-7,2,100000,27,0.00027,69,0.00069
-26,-7,3,100000,23,0.00023,61,0.00061
-26,-7,4,100000,27,0.00027,83,0.00083
-26,-7,5,100000,28,0.00028,72,0.00072
-26,-6,0,100000,32,0.00032,66,0.00066
-26,-6,1,100000,31,0.00031,68,0.00068
-26,-6,2,100000,25,0.00025,68,0.00068
-26,-6,3,100000,30,0.0003,85,0.00085
-26,-6,4,100000,22,0.00022,74,0.00074
-26,-6,5,100000,24,0.00024,61,0.00061
-26,-5,0,100000,41,0.00041,79,0.00079
-26,-5,1,100000,45,0.00045,62,0.00062
-26,-5,2,100000,34,0.00034,76,0.00076
-26,-5,3,100000,28,0.00028,72,0.00072
-26,-5,4,100000,20,0.0002,58,0.00058
-26,-5,5,100000,33,0.00033,58,0.00058
-26,-4,0,100000,22,0.00022,75,0.00075
-26,-4,1,100000,30,0.0003,69,0.00069
-26,-4,2,100000,29,0.00029,63,0.00063
-26,-4,3,100000,43,0.00043,85,0.00085
-26,-4,4,100000,31,0.00031,68,0.00068
-26,-4,5,100000,54,0.00054,77,0.00077
-26,-3,0,100000,33,0.00033,76,0.00076
-26,-3,1,100000,46,0.00046,80,0.0008
-26,-3,2,100000,25,0.00025,61,0.00061
-26,-3,3,100000,23,0.00023,67,0.00067
-26,-3,4,100000,26,0.00026,68,0.00068
-26,-3,5,100000,12,0.00012,66,0.00066
-26,-2,0,100000,37,0.00037,71,0.00071
-26,-2,1,100000,21,0.00021,66,0.00066
-26,-2,2,100000,27,0.00027,65,0.00065
-26,-2,3,100000,20,0.0002,61,0.00061
-26,-2,4,100000,34,0.00034,73,0.00073
-26,-2,5,100000,37,0.00037,81,0.00081
-26,-1,0,100000,24,0.00024,74,0.00074
-26,-1,1,100000,28,0.00028,78,0.00078
-26,-1,2,100000,22,0.00022,75,0.00075
-26,-1,3,100000,40,0.0004,67,0.00067
-26,-1,4,100000,42,0.00042,86,0.00086
-26,-1,5,100000,27,0.00027,78,0.00078
-26,0,0,100000,35,0.00035,71,0.00071
-26,0,1,100000,34,0.00034,72,0.00072
-26,0,2,100000,37,0.00037,79,0.00079
-26,0,3,100000,23,0.00023,72,0.00072
-26,0,4,100000,32,0.00032,89,0.00089
-26,0,5,100000,33,0.00033,81,0.00081
-26,1,0,100000,33,0.00033,91,0.00091
-26,1,1,100000,19,0.00019,85,0.00085
-26,1,2,100000,35,0.00035,94,0.00094
-26,1,3,100000,51,0.00051,70,0.0007
-26,1,4,100000,38,0.00038,74,0.00074
-26,1,5,100000,19,0.00019,75,0.00075
-26,2,0,100000,34,0.00034,80,0.0008
-26,2,1,100000,28,0.00028,65,0.00065
-26,2,2,100000,24,0.00024,88,0.00088
-26,2,3,100000,19,0.00019,72,0.00072
-26,2,4,100000,20,0.0002,69,0.00069
-26,2,5,100000,63,0.00063,84,0.00084
-26,3,0,100000,51,0.00051,82,0.00082
-26,3,1,100000,14,0.00014,62,0.00062
-26,3,2,100000,24,0.00024,65,0.00065
-26,3,3,100000,28,0.00028,63,0.00063
-26,3,4,100000,26,0.00026,79,0.00079
-26,3,5,100000,37,0.00037,57,0.00057
-26,4,0,100000,27,0.00027,66,0.00066
-26,4,1,100000,12,0.00012,74,0.00074
-26,4,2,100000,30,0.0003,88,0.00088
-26,4,3,100000,26,0.00026,74,0.00074
-26,4,4,100000,21,0.00021,81,0.00081
-26,4,5,100000,25,0.00025,70,0.0007
-26,5,0,100000,34,0.00034,68,0.00068
-26,5,1,100000,44,0.00044,82,0.00082
-26,5,2,100000,22,0.00022,79,0.00079
-26,5,3,100000,54,0.00054,89,0.00089
-26,5,4,100000,29,0.00029,73,0.00073
-26,5,5,100000,18,0.00018,69,0.00069
-26,6,0,100000,29,0.00029,78,0.00078
-26,6,1,100000,37,0.00037,71,0.00071
-26,6,2,100000,24,0.00024,63,0.00063
-26,6,3,100000,32,0.00032,85,0.00085
-26,6,4,100000,32,0.00032,80,0.0008
-26,6,5,100000,25,0.00025,62,0.00062
-26,7,0,100000,23,0.00023,70,0.0007
-26,7,1,100000,30,0.0003,64,0.00064
-26,7,2,100000,40,0.0004,81,0.00081
-26,7,3,100000,30,0.0003,79,0.00079
-26,7,4,100000,30,0.0003,74,0.00074
-26,7,5,100000,29,0.00029,83,0.00083
-26,8,0,100000,61,0.00061,75,0.00075
-26,8,1,100000,26,0.00026,72,0.00072
-26,8,2,100000,25,0.00025,85,0.00085
-26,8,3,100000,37,0.00037,81,0.00081
-26,8,4,100000,35,0.00035,91,0.00091
-26,8,5,100000,32,0.00032,80,0.0008
-26,9,0,100000,13,0.00013,66,0.00066
-26,9,1,100000,21,0.00021,70,0.0007
-26,9,2,100000,15,0.00015,68,0.00068
-26,9,3,100000,23,0.00023,69,0.00069
-26,9,4,100000,34,0.00034,69,0.00069
-26,9,5,100000,29,0.00029,77,0.00077
-26,10,0,100000,27,0.00027,80,0.0008
-26,10,1,100000,36,0.00036,82,0.00082
-26,10,2,100000,19,0.00019,65,0.00065
-26,10,3,100000,27,0.00027,68,0.00068
-26,10,4,100000,36,0.00036,75,0.00075
-26,10,5,100000,27,0.00027,57,0.00057
-26,11,0,100000,17,0.00017,77,0.00077
-26,11,1,100000,43,0.00043,78,0.00078
-26,11,2,100000,32,0.00032,76,0.00076
-26,11,3,100000,43,0.00043,68,0.00068
-26,11,4,100000,25,0.00025,74,0.00074
-26,11,5,100000,24,0.00024,79,0.00079
-26,12,0,100000,44,0.00044,74,0.00074
-26,12,1,100000,22,0.00022,64,0.00064
-26,12,2,100000,20,0.0002,82,0.00082
-26,12,3,100000,25,0.00025,75,0.00075
-26,12,4,100000,39,0.00039,91,0.00091
-26,12,5,100000,25,0.00025,55,0.00055
-26,13,0,100000,47,0.00047,66,0.00066
-26,13,1,100000,32,0.00032,69,0.00069
-26,13,2,100000,17,0.00017,75,0.00075
-26,13,3,100000,26,0.00026,75,0.00075
-26,13,4,100000,15,0.00015,63,0.00063
-26,13,5,100000,34,0.00034,55,0.00055
-26,14,0,100000,21,0.00021,63,0.00063
-26,14,1,100000,36,0.00036,83,0.00083
-26,14,2,100000,35,0.00035,75,0.00075
-26,14,3,100000,32,0.00032,69,0.00069
-26,14,4,100000,50,0.0005,68,0.00068
-26,14,5,100000,43,0.00043,96,0.00096
-26,15,0,100000,29,0.00029,88,0.00088
-26,15,1,100000,29,0.00029,66,0.00066
-26,15,2,100000,37,0.00037,71,0.00071
-26,15,3,100000,38,0.00038,89,0.00089
-26,15,4,100000,20,0.0002,64,0.00064
-26,15,5,100000,30,0.0003,70,0.0007
-26,16,0,100000,38,0.00038,71,0.00071
-26,16,1,100000,34,0.00034,63,0.00063
-26,16,2,100000,21,0.00021,69,0.00069
-26,16,3,100000,19,0.00019,74,0.00074
-26,16,4,100000,25,0.00025,81,0.00081
-26,16,5,100000,27,0.00027,72,0.00072
-26,17,0,100000,27,0.00027,77,0.00077
-26,17,1,100000,29,0.00029,75,0.00075
-26,17,2,100000,32,0.00032,69,0.00069
-26,17,3,100000,23,0.00023,75,0.00075
-26,17,4,100000,27,0.00027,67,0.00067
-26,17,5,100000,27,0.00027,73,0.00073
-26,18,0,100000,14,0.00014,58,0.00058
-26,18,1,100000,31,0.00031,76,0.00076
-26,18,2,100000,14,0.00014,55,0.00055
-26,18,3,100000,27,0.00027,78,0.00078
-26,18,4,100000,33,0.00033,86,0.00086
-26,18,5,100000,35,0.00035,75,0.00075
-26,19,0,100000,32,0.00032,80,0.0008
-26,19,1,100000,41,0.00041,81,0.00081
-26,19,2,100000,40,0.0004,66,0.00066
-26,19,3,100000,27,0.00027,73,0.00073
-26,19,4,100000,17,0.00017,53,0.00053
-26,19,5,100000,44,0.00044,68,0.00068
-26,20,0,100000,48,0.00048,81,0.00081
-26,20,1,100000,39,0.00039,78,0.00078
-26,20,2,100000,36,0.00036,68,0.00068
-26,20,3,100000,30,0.0003,73,0.00073
-26,20,4,100000,33,0.00033,57,0.00057
-26,20,5,100000,27,0.00027,67,0.00067
-26,21,0,100000,21,0.00021,76,0.00076
-26,21,1,100000,19,0.00019,75,0.00075
-26,21,2,100000,19,0.00019,72,0.00072
-26,21,3,100000,22,0.00022,78,0.00078
-26,21,4,100000,23,0.00023,75,0.00075
-26,21,5,100000,32,0.00032,66,0.00066
-26,22,0,100000,37,0.00037,68,0.00068
-26,22,1,100000,29,0.00029,78,0.00078
-26,22,2,100000,39,0.00039,85,0.00085
-26,22,3,100000,26,0.00026,83,0.00083
-26,22,4,100000,42,0.00042,82,0.00082
-26,22,5,100000,19,0.00019,73,0.00073
-26,23,0,100000,20,0.0002,70,0.0007
-26,23,1,100000,23,0.00023,67,0.00067
-26,23,2,100000,52,0.00052,81,0.00081
-26,23,3,100000,47,0.00047,88,0.00088
-26,23,4,100000,34,0.00034,67,0.00067
-26,23,5,100000,13,0.00013,60,0.0006
-26,24,0,100000,27,0.00027,64,0.00064
-26,24,1,100000,25,0.00025,67,0.00067
-26,24,2,100000,22,0.00022,60,0.0006
-26,24,3,100000,24,0.00024,67,0.00067
-26,24,4,100000,28,0.00028,57,0.00057
-26,24,5,100000,37,0.00037,76,0.00076
-26,25,0,100000,34,0.00034,69,0.00069
-26,25,1,100000,66,0.00066,76,0.00076
-26,25,2,100000,28,0.00028,72,0.00072
-26,25,3,100000,27,0.00027,90,0.0009
-26,25,4,100000,18,0.00018,75,0.00075
-26,25,5,100000,17,0.00017,57,0.00057
