x,y,roiCounts,normalizedCounts,flux,normalizedFlux,roiCounts_rel_diff_to_center,roiCounts_rel_diff_to_mean,normalizedFlux_rel_diff_to_center,normalizedFlux_rel_diff_to_mean
-50.0,-50.0,194,0.00194,441,0.00441,0.35664335664335667,0.1145274633354935,0.11928934010152283,0.034815802787103875
-50.0,-47.9592,155,0.0015500000000000002,401,0.00401,0.08391608391608392,-0.10952702671648715,0.01776649746192887,-0.05904504100310967
-50.0,-45.9184,193,0.00193,381,0.00381,0.34965034965034963,0.10878247641108374,-0.032994923857867994,-0.10597546289821634
-50.0,-43.8776,165,0.00165,421,0.00421,0.15384615384615385,-0.05207715747238954,0.06852791878172595,-0.012114619108002798
-50.0,-41.8367,145,0.00145,407,0.00407,0.013986013986013986,-0.16697689596058476,0.032994923857867994,-0.04496591443457761
-50.0,-39.7959,193,0.0019299999999999999,475,0.00475,0.34965034965034963,0.10878247641108374,0.20558375634517767,0.11459752000878536
-50.0,-37.7551,135,0.00135,402,0.00402,-0.055944055944055944,-0.22442676520468235,0.020304568527918836,-0.05669851990835423
-50.0,-35.7143,169,0.00169,429,0.00429,0.18181818181818182,-0.029097209774750502,0.0888324873096448,0.006657549650039954
-50.0,-33.6735,172,0.00172,412,0.00412,0.20279720279720279,-0.011862249001521222,0.04568527918781738,-0.03323330896080079
-50.0,-31.6327,219,0.00219,435,0.00435,0.5314685314685315,0.25815213644573753,0.10406091370558371,0.020736676218571812
-50.0,-29.5918,183,0.00183,413,0.00413,0.27972027972027974,0.05133260716698614,0.048223350253807126,-0.030886787866045547
-50.0,-27.551,141,0.00141,406,0.00406,-0.013986013986013986,-0.1899568436582238,0.030456852791878253,-0.047312435529332855
-50.0,-25.5102,133,0.00133,397,0.00397,-0.06993006993006994,-0.23591673905350188,0.007614213197969453,-0.06843112538213104
-50.0,-23.4694,183,0.00183,436,0.00436,0.27972027972027974,0.05133260716698614,0.10659898477157366,0.02308319731332726
-50.0,-21.4286,175,0.00175,429,0.00429,0.22377622377622378,0.005372711771708059,0.0888324873096448,0.006657549650039954
-50.0,-19.3878,150,0.0015,400,0.004,0.04895104895104895,-0.13825196133853596,0.015228426395939127,-0.061391562097864914
-50.0,-17.3469,122,0.00122,391,0.00391,-0.14685314685314685,-0.29911159522200925,-0.007614213197969453,-0.0825102519506629
-50.0,-15.3061,169,0.00169,407,0.00407,0.18181818181818182,-0.029097209774750502,0.032994923857867994,-0.04496591443457761
-50.0,-13.2653,139,0.00139,440,0.0044,-0.027972027972027972,-0.20144681750704332,0.11675126903553308,0.03246928169234863
-50.0,-11.2245,153,0.0015300000000000001,405,0.00405,0.06993006993006994,-0.12101700056530666,0.027918781725888287,-0.0496589566240883
-50.0,-9.18367,197,0.00197,417,0.00417,0.3776223776223776,0.1317624241087228,0.05837563451776654,-0.021500703487024174
-50.0,-7.14286,175,0.00175,423,0.00423,0.22377622377622378,0.005372711771708059,0.07360406091370567,-0.00742157691849211
-50.0,-5.10204,200,0.002,416,0.00416,0.3986013986013986,0.14899738488195208,0.055837563451776574,-0.023847224581779618
-50.0,-3.06122,149,0.00149,372,0.00372,0.04195804195804196,-0.1439969482629457,-0.055837563451776574,-0.12709415275101435
-50.0,-1.02041,171,0.00171,390,0.0039,0.1958041958041958,-0.017607235925930984,-0.010152284263959418,-0.08485677304541836
-50.0,1.02041,177,0.00177,447,0.00447,0.23776223776223776,0.01686268562052758,0.13451776649746194,0.04889492935563594
-50.0,3.06122,170,0.0017000000000000001,441,0.00441,0.1888111888111888,-0.02335222285034074,0.11928934010152283,0.034815802787103875
-50.0,5.10204,182,0.00182,435,0.00435,0.2727272727272727,0.045587620242576385,0.10406091370558371,0.020736676218571812
-50.0,7.14286,160,0.0016,448,0.00448,0.11888111888111888,-0.08080209209443835,0.1370558375634517,0.051241450450391184
-50.0,9.18367,176,0.00176,423,0.00423,0.23076923076923078,0.01111769869611782,0.07360406091370567,-0.00742157691849211
-50.0,11.2245,165,0.00165,422,0.00422,0.15384615384615385,-0.05207715747238954,0.0710659898477157,-0.009768098013247555
-50.0,13.2653,201,0.00201,434,0.00434,0.40559440559440557,0.15474237180636183,0.10152284263959396,0.01839015512381657
-50.0,15.3061,147,0.00147,384,0.00384,0.027972027972027972,-0.15548692211176524,-0.025380710659898435,-0.09893589961395031
-50.0,17.3469,168,0.00168,410,0.0041,0.17482517482517482,-0.03484219669916026,0.04060913705583767,-0.037926351150311476
-50.0,19.3878,209,0.00209,464,0.00464,0.46153846153846156,0.20070226720163992,0.17766497461928937,0.08878578796647668
-50.0,21.4286,141,0.00141,432,0.00432,-0.013986013986013986,-0.1899568436582238,0.09644670050761425,0.013697112934305884
-50.0,23.4694,188,0.0018800000000000002,426,0.00426,0.3146853146853147,0.08005754178903494,0.08121827411167512,-0.00038201363422617977
-50.0,25.5102,188,0.00188,417,0.00417,0.3146853146853147,0.08005754178903494,0.05837563451776654,-0.021500703487024174
-50.0,27.551,144,0.0014399999999999999,371,0.0037099999999999998,0.006993006993006993,-0.17272188288499452,-0.05837563451776654,-0.1294406738457698
-50.0,29.5918,182,0.00182,438,0.00438,0.2727272727272727,0.045587620242576385,0.11167512690355337,0.027776239502837946
-50.0,31.6327,196,0.00196,457,0.00457,0.3706293706293706,0.12601743718431302,0.1598984771573605,0.07236014030318938
-50.0,33.6735,199,0.00199,462,0.00462,0.3916083916083916,0.1432523979575423,0.17258883248730966,0.08409274577696599
-50.0,35.7143,162,0.00162,399,0.0039900000000000005,0.13286713286713286,-0.06931211824561882,0.012690355329949382,-0.06373808319262016
-50.0,37.7551,200,0.002,422,0.00422,0.3986013986013986,0.14899738488195208,0.0710659898477157,-0.009768098013247555
-50.0,39.7959,168,0.00168,429,0.00429,0.17482517482517482,-0.03484219669916026,0.0888324873096448,0.006657549650039954
-50.0,41.8367,153,0.00153,410,0.0040999999999999995,0.06993006993006994,-0.12101700056530666,0.04060913705583745,-0.037926351150311684
-50.0,43.8776,186,0.00186,465,0.00465,0.3006993006993007,0.06856756794021543,0.18020304568527912,0.09113230906123192
-50.0,45.9184,148,0.00148,404,0.00404,0.03496503496503497,-0.14974193518735546,0.025380710659898543,-0.05200547771884354
-50.0,47.9592,174,0.00174,406,0.00406,0.21678321678321677,-0.00037227515270170126,0.030456852791878253,-0.047312435529332855
-50.0,50.0,180,0.0018,418,0.00418,0.25874125874125875,0.03409764639375686,0.060913705583756285,-0.01915418239226893
-47.9592,-50.0,163,0.00163,419,0.00419,0.13986013986013987,-0.06356713132120906,0.06345177664974624,-0.016807661297513484
-47.9592,-47.9592,164,0.00164,429,0.00429,0.14685314685314685,-0.05782214439679931,0.0888324873096448,0.006657549650039954
-47.9592,-45.9184,175,0.00175,424,0.00424,0.22377622377622378,0.005372711771708059,0.07614213197969541,-0.005075055823736867
-47.9592,-43.8776,156,0.0015600000000000002,411,0.00411,0.09090909090909091,-0.10378203979207738,0.043147208121827416,-0.03557983005555623
-47.9592,-41.8367,202,0.00202,410,0.0041,0.4125874125874126,0.16048735873077158,0.04060913705583767,-0.037926351150311476
-47.9592,-39.7959,189,0.00189,427,0.00427,0.32167832167832167,0.08580252871344471,0.08375634517766509,0.0019645074605292656
-47.9592,-37.7551,167,0.00167,442,0.00442,0.16783216783216784,-0.04058718362357002,0.12182741116751279,0.03716232388185932
-47.9592,-35.7143,151,0.00151,416,0.0041600000000000005,0.055944055944055944,-0.13250697441412618,0.055837563451776796,-0.023847224581779413
-47.9592,-33.6735,149,0.00149,409,0.00409,0.04195804195804196,-0.1439969482629457,0.038071065989847705,-0.040272872245066926
-47.9592,-31.6327,163,0.00163,427,0.00427,0.13986013986013987,-0.06356713132120906,0.08375634517766509,0.0019645074605292656
-47.9592,-29.5918,183,0.00183,418,0.00418,0.27972027972027974,0.05133260716698614,0.060913705583756285,-0.01915418239226893
-47.9592,-27.551,204,0.00204,434,0.00434,0.42657342657342656,0.1719773325795911,0.10152284263959396,0.01839015512381657
-47.9592,-25.5102,154,0.00154,395,0.00395,0.07692307692307693,-0.11527201364089691,0.0025380710659899646,-0.07312416757164153
-47.9592,-23.4694,221,0.00221,429,0.00429,0.5454545454545454,0.26964211029455704,0.0888324873096448,0.006657549650039954
-47.9592,-21.4286,177,0.00177,439,0.00439,0.23776223776223776,0.01686268562052758,0.11421319796954311,0.03012276059759319
-47.9592,-19.3878,175,0.00175,421,0.00421,0.22377622377622378,0.005372711771708059,0.06852791878172595,-0.012114619108002798
-47.9592,-17.3469,197,0.00197,411,0.00411,0.3776223776223776,0.1317624241087228,0.043147208121827416,-0.03557983005555623
-47.9592,-15.3061,156,0.00156,416,0.00416,0.09090909090909091,-0.10378203979207738,0.055837563451776574,-0.023847224581779618
-47.9592,-13.2653,181,0.00181,429,0.00429,0.26573426573426573,0.03984263331816662,0.0888324873096448,0.006657549650039954
-47.9592,-11.2245,182,0.00182,426,0.00426,0.2727272727272727,0.045587620242576385,0.08121827411167512,-0.00038201363422617977
-47.9592,-9.18367,211,0.00211,445,0.00445,0.4755244755244755,0.21219224105045942,0.12944162436548223,0.04420188716612525
-47.9592,-7.14286,201,0.00201,431,0.00431,0.40559440559440557,0.15474237180636183,0.09390862944162429,0.011350591839550438
-47.9592,-5.10204,149,0.00149,401,0.00401,0.04195804195804196,-0.1439969482629457,0.01776649746192887,-0.05904504100310967
-47.9592,-3.06122,209,0.00209,444,0.0044399999999999995,0.46153846153846156,0.20070226720163992,0.1269035532994923,0.041855366071369804
-47.9592,-1.02041,151,0.00151,414,0.00414,0.055944055944055944,-0.13250697441412618,0.05076142131979687,-0.028540266771290304
-47.9592,1.02041,174,0.00174,415,0.00415,0.21678321678321677,-0.00037227515270170126,0.05329949238578683,-0.02619374567653486
-47.9592,3.06122,174,0.00174,471,0.00471,0.21678321678321677,-0.00037227515270170126,0.19543147208121825,0.10521143562976398
-47.9592,5.10204,187,0.0018700000000000001,450,0.0045,0.3076923076923077,0.07431255486462518,0.1421319796954314,0.05593449263990187
-47.9592,7.14286,149,0.00149,403,0.00403,0.04195804195804196,-0.1439969482629457,0.02284263959390858,-0.054351998813598985
-47.9592,9.18367,193,0.00193,467,0.0046700000000000005,0.34965034965034963,0.10878247641108374,0.18527918781725905,0.09582535125074282
-47.9592,11.2245,176,0.00176,412,0.00412,0.23076923076923078,0.01111769869611782,0.04568527918781738,-0.03323330896080079
-47.9592,13.2653,220,0.0022,457,0.00457,0.5384615384615384,0.26389712337014726,0.1598984771573605,0.07236014030318938
-47.9592,15.3061,195,0.0019500000000000001,385,0.00385,0.36363636363636365,0.12027245025990327,-0.02284263959390858,-0.09658937851919497
-47.9592,17.3469,138,0.00138,425,0.00425,-0.03496503496503497,-0.20719180443145307,0.07868020304568538,-0.002728534728981422
-47.9592,19.3878,199,0.00199,376,0.00376,0.3916083916083916,0.1432523979575423,-0.04568527918781727,-0.11770806837199306
-47.9592,21.4286,160,0.0016,388,0.00388,0.11888111888111888,-0.08080209209443835,-0.015228426395939016,-0.08954981523492894
-47.9592,23.4694,161,0.0016099999999999999,403,0.00403,0.1258741258741259,-0.07505710517002859,0.02284263959390858,-0.054351998813598985
-47.9592,25.5102,186,0.0018599999999999999,405,0.00405,0.3006993006993007,0.06856756794021543,0.027918781725888287,-0.0496589566240883
-47.9592,27.551,169,0.00169,395,0.00395,0.18181818181818182,-0.029097209774750502,0.0025380710659899646,-0.07312416757164153
-47.9592,29.5918,176,0.00176,404,0.00404,0.23076923076923078,0.01111769869611782,0.025380710659898543,-0.05200547771884354
-47.9592,31.6327,146,0.00146,459,0.00459,0.02097902097902098,-0.161231909036175,0.1649746192893402,0.07705318249270006
-47.9592,33.6735,165,0.00165,423,0.00423,0.15384615384615385,-0.05207715747238954,0.07360406091370567,-0.00742157691849211
-47.9592,35.7143,169,0.00169,429,0.00429,0.18181818181818182,-0.029097209774750502,0.0888324873096448,0.006657549650039954
-47.9592,37.7551,151,0.00151,380,0.0038,0.055944055944055944,-0.13250697441412618,-0.03553299492385785,-0.10832198399297169
-47.9592,39.7959,126,0.00126,415,0.00415,-0.11888111888111888,-0.2761316475243702,0.05329949238578683,-0.02619374567653486
-47.9592,41.8367,153,0.0015300000000000001,409,0.00409,0.06993006993006994,-0.12101700056530666,0.038071065989847705,-0.040272872245066926
-47.9592,43.8776,165,0.00165,401,0.00401,0.15384615384615385,-0.05207715747238954,0.01776649746192887,-0.05904504100310967
-47.9592,45.9184,172,0.00172,414,0.00414,0.20279720279720279,-0.011862249001521222,0.05076142131979687,-0.028540266771290304
-47.9592,47.9592,179,0.00179,421,0.00421,0.2517482517482518,0.0283526594693471,0.06852791878172595,-0.012114619108002798
-47.9592,50.0,146,0.00146,403,0.00403,0.02097902097902098,-0.161231909036175,0.02284263959390858,-0.054351998813598985
-45.9184,-50.0,174,0.00174,437,0.00437,0.21678321678321677,-0.00037227515270170126,0.1091370558375634,0.0254297184080825
-45.9184,-47.9592,200,0.002,438,0.00438,0.3986013986013986,0.14899738488195208,0.11167512690355337,0.027776239502837946
-45.9184,-45.9184,216,0.00216,449,0.00449,0.5104895104895105,0.24091717567250823,0.13959390862944165,0.05358797154514663
-45.9184,-43.8776,200,0.002,455,0.00455,0.3986013986013986,0.14899738488195208,0.1548223350253808,0.06766709811367869
-45.9184,-41.8367,190,0.0019,417,0.00417,0.32867132867132864,0.09154751563785446,0.05837563451776654,-0.021500703487024174
-45.9184,-39.7959,183,0.00183,447,0.00447,0.27972027972027974,0.05133260716698614,0.13451776649746194,0.04889492935563594
-45.9184,-37.7551,205,0.0020499999999999997,421,0.00421,0.43356643356643354,0.17772231950400086,0.06852791878172595,-0.012114619108002798
-45.9184,-35.7143,143,0.00143,405,0.00405,0.0,-0.17846686980940427,0.027918781725888287,-0.0496589566240883
-45.9184,-33.6735,172,0.0017200000000000002,436,0.00436,0.20279720279720279,-0.011862249001521222,0.10659898477157366,0.02308319731332726
-45.9184,-31.6327,142,0.00142,408,0.00408,-0.006993006993006993,-0.18421185673381404,0.03553299492385796,-0.04261939333982216
-45.9184,-29.5918,129,0.00129,414,0.00414,-0.0979020979020979,-0.2588966867511409,0.05076142131979687,-0.028540266771290304
-45.9184,-27.551,177,0.0017699999999999999,433,0.0043300000000000005,0.23776223776223776,0.01686268562052758,0.09898477157360422,0.016043634029061327
-45.9184,-25.5102,179,0.00179,443,0.00443,0.2517482517482518,0.0283526594693471,0.12436548223350254,0.03950884497661456
-45.9184,-23.4694,173,0.00173,424,0.00424,0.2097902097902098,-0.006117262077111461,0.07614213197969541,-0.005075055823736867
-45.9184,-21.4286,174,0.00174,420,0.0042,0.21678321678321677,-0.00037227515270170126,0.06598984771573599,-0.014461140202758243
-45.9184,-19.3878,163,0.00163,411,0.00411,0.13986013986013987,-0.06356713132120906,0.043147208121827416,-0.03557983005555623
-45.9184,-17.3469,212,0.00212,454,0.00454,0.4825174825174825,0.2179372279748692,0.15228426395939082,0.06532057701892324
-45.9184,-15.3061,203,0.00203,424,0.00424,0.4195804195804196,0.16623234565518136,0.07614213197969541,-0.005075055823736867
-45.9184,-13.2653,168,0.00168,455,0.00455,0.17482517482517482,-0.03484219669916026,0.1548223350253808,0.06766709811367869
-45.9184,-11.2245,187,0.0018700000000000001,430,0.0043,0.3076923076923077,0.07431255486462518,0.09137055837563454,0.009004070744795195
-45.9184,-9.18367,169,0.00169,391,0.00391,0.18181818181818182,-0.029097209774750502,-0.007614213197969453,-0.0825102519506629
-45.9184,-7.14286,168,0.00168,439,0.00439,0.17482517482517482,-0.03484219669916026,0.11421319796954311,0.03012276059759319
-45.9184,-5.10204,208,0.0020800000000000003,428,0.00428,0.45454545454545453,0.19495728027723014,0.08629441624365483,0.004311028555284508
-45.9184,-3.06122,163,0.00163,409,0.00409,0.13986013986013987,-0.06356713132120906,0.038071065989847705,-0.040272872245066926
-45.9184,-1.02041,194,0.00194,427,0.00427,0.35664335664335667,0.1145274633354935,0.08375634517766509,0.0019645074605292656
-45.9184,1.02041,192,0.00192,442,0.00442,0.34265734265734266,0.10303748948667399,0.12182741116751279,0.03716232388185932
-45.9184,3.06122,180,0.0018,423,0.00423,0.25874125874125875,0.03409764639375686,0.07360406091370567,-0.00742157691849211
-45.9184,5.10204,189,0.00189,384,0.00384,0.32167832167832167,0.08580252871344471,-0.025380710659898435,-0.09893589961395031
-45.9184,7.14286,176,0.00176,408,0.00408,0.23076923076923078,0.01111769869611782,0.03553299492385796,-0.04261939333982216
-45.9184,9.18367,179,0.00179,418,0.00418,0.2517482517482518,0.0283526594693471,0.060913705583756285,-0.01915418239226893
-45.9184,11.2245,209,0.00209,486,0.00486,0.46153846153846156,0.20070226720163992,0.23350253807106594,0.14040925205109403
-45.9184,13.2653,138,0.0013800000000000002,413,0.00413,-0.03496503496503497,-0.20719180443145307,0.048223350253807126,-0.030886787866045547
-45.9184,15.3061,180,0.0018,426,0.00426,0.25874125874125875,0.03409764639375686,0.08121827411167512,-0.00038201363422617977
-45.9184,17.3469,155,0.00155,393,0.0039299999999999995,0.08391608391608392,-0.10952702671648715,-0.0025380710659899646,-0.07781720976115242
-45.9184,19.3878,220,0.0022,435,0.00435,0.5384615384615384,0.26389712337014726,0.10406091370558371,0.020736676218571812
-45.9184,21.4286,202,0.00202,433,0.00433,0.4125874125874126,0.16048735873077158,0.098984771573604,0.016043634029061126
-45.9184,23.4694,163,0.00163,438,0.00438,0.13986013986013987,-0.06356713132120906,0.11167512690355337,0.027776239502837946
-45.9184,25.5102,151,0.00151,404,0.00404,0.055944055944055944,-0.13250697441412618,0.025380710659898543,-0.05200547771884354
-45.9184,27.551,179,0.0017900000000000001,461,0.0046099999999999995,0.2517482517482518,0.0283526594693471,0.1700507614213197,0.08174622468221054
-45.9184,29.5918,185,0.00185,440,0.0044,0.2937062937062937,0.06282258101580566,0.11675126903553308,0.03246928169234863
-45.9184,31.6327,166,0.00166,408,0.00408,0.16083916083916083,-0.046332170547979785,0.03553299492385796,-0.04261939333982216
-45.9184,33.6735,131,0.00131,390,0.0039,-0.08391608391608392,-0.24740671290232139,-0.010152284263959418,-0.08485677304541836
-45.9184,35.7143,150,0.0015,403,0.004030000000000001,0.04895104895104895,-0.13825196133853596,0.0228426395939088,-0.054351998813598784
-45.9184,37.7551,140,0.0014,426,0.00426,-0.02097902097902098,-0.19570183058263355,0.08121827411167512,-0.00038201363422617977
-45.9184,39.7959,154,0.0015400000000000001,403,0.004030000000000001,0.07692307692307693,-0.11527201364089691,0.0228426395939088,-0.054351998813598784
-45.9184,41.8367,194,0.00194,419,0.00419,0.35664335664335667,0.1145274633354935,0.06345177664974624,-0.016807661297513484
-45.9184,43.8776,180,0.0018000000000000002,412,0.00412,0.25874125874125875,0.03409764639375686,0.04568527918781738,-0.03323330896080079
-45.9184,45.9184,161,0.0016099999999999999,398,0.00398,0.1258741258741259,-0.07505710517002859,0.010152284263959418,-0.0660846042873756
-45.9184,47.9592,161,0.0016099999999999999,386,0.00386,0.1258741258741259,-0.07505710517002859,-0.020304568527918725,-0.09424285742443962
-45.9184,50.0,157,0.00157,396,0.00396,0.0979020979020979,-0.09803705286766763,0.005076142131979709,-0.0707776464768863
-43.8776,-50.0,191,0.00191,446,0.00446,0.3356643356643357,0.09729250256226422,0.1319796954314722,0.0465484082608807
-43.8776,-47.9592,176,0.00176,438,0.00438,0.23076923076923078,0.01111769869611782,0.11167512690355337,0.027776239502837946
-43.8776,-45.9184,152,0.00152,411,0.00411,0.06293706293706294,-0.12676198748971643,0.043147208121827416,-0.03557983005555623
-43.8776,-43.8776,156,0.0015600000000000002,447,0.00447,0.09090909090909091,-0.10378203979207738,0.13451776649746194,0.04889492935563594
-43.8776,-41.8367,146,0.00146,411,0.00411,0.02097902097902098,-0.161231909036175,0.043147208121827416,-0.03557983005555623
-43.8776,-39.7959,186,0.00186,427,0.00427,0.3006993006993007,0.06856756794021543,0.08375634517766509,0.0019645074605292656
-43.8776,-37.7551,191,0.00191,417,0.00417,0.3356643356643357,0.09729250256226422,0.05837563451776654,-0.021500703487024174
-43.8776,-35.7143,161,0.00161,401,0.00401,0.1258741258741259,-0.07505710517002859,0.01776649746192887,-0.05904504100310967
-43.8776,-33.6735,176,0.00176,407,0.00407,0.23076923076923078,0.01111769869611782,0.032994923857867994,-0.04496591443457761
-43.8776,-31.6327,147,0.00147,407,0.00407,0.027972027972027972,-0.15548692211176524,0.032994923857867994,-0.04496591443457761
-43.8776,-29.5918,122,0.00122,420,0.0042,-0.14685314685314685,-0.29911159522200925,0.06598984771573599,-0.014461140202758243
-43.8776,-27.551,170,0.0017000000000000001,442,0.00442,0.1888111888111888,-0.02335222285034074,0.12182741116751279,0.03716232388185932
-43.8776,-25.5102,197,0.00197,427,0.00427,0.3776223776223776,0.1317624241087228,0.08375634517766509,0.0019645074605292656
-43.8776,-23.4694,161,0.0016099999999999999,363,0.00363,0.1258741258741259,-0.07505710517002859,-0.07868020304568527,-0.14821284260381243
-43.8776,-21.4286,197,0.00197,436,0.00436,0.3776223776223776,0.1317624241087228,0.10659898477157366,0.02308319731332726
-43.8776,-19.3878,185,0.00185,460,0.0046,0.2937062937062937,0.06282258101580566,0.16751269035532995,0.07939970358745531
-43.8776,-17.3469,177,0.00177,424,0.00424,0.23776223776223776,0.01686268562052758,0.07614213197969541,-0.005075055823736867
-43.8776,-15.3061,175,0.00175,417,0.00417,0.22377622377622378,0.005372711771708059,0.05837563451776654,-0.021500703487024174
-43.8776,-13.2653,208,0.0020800000000000003,407,0.00407,0.45454545454545453,0.19495728027723014,0.032994923857867994,-0.04496591443457761
-43.8776,-11.2245,172,0.0017200000000000002,431,0.0043100000000000005,0.20279720279720279,-0.011862249001521222,0.09390862944162451,0.011350591839550641
-43.8776,-9.18367,179,0.00179,403,0.00403,0.2517482517482518,0.0283526594693471,0.02284263959390858,-0.054351998813598985
-43.8776,-7.14286,168,0.00168,433,0.00433,0.17482517482517482,-0.03484219669916026,0.098984771573604,0.016043634029061126
-43.8776,-5.10204,149,0.00149,424,0.00424,0.04195804195804196,-0.1439969482629457,0.07614213197969541,-0.005075055823736867
-43.8776,-3.06122,161,0.0016099999999999999,400,0.004,0.1258741258741259,-0.07505710517002859,0.015228426395939127,-0.061391562097864914
-43.8776,-1.02041,205,0.0020499999999999997,416,0.0041600000000000005,0.43356643356643354,0.17772231950400086,0.055837563451776796,-0.023847224581779413
-43.8776,1.02041,174,0.00174,399,0.0039900000000000005,0.21678321678321677,-0.00037227515270170126,0.012690355329949382,-0.06373808319262016
-43.8776,3.06122,162,0.0016200000000000001,431,0.00431,0.13286713286713286,-0.06931211824561882,0.09390862944162429,0.011350591839550438
-43.8776,5.10204,162,0.0016200000000000001,421,0.00421,0.13286713286713286,-0.06931211824561882,0.06852791878172595,-0.012114619108002798
-43.8776,7.14286,165,0.00165,414,0.00414,0.15384615384615385,-0.05207715747238954,0.05076142131979687,-0.028540266771290304
-43.8776,9.18367,216,0.00216,428,0.00428,0.5104895104895105,0.24091717567250823,0.08629441624365483,0.004311028555284508
-43.8776,11.2245,168,0.00168,399,0.0039900000000000005,0.17482517482517482,-0.03484219669916026,0.012690355329949382,-0.06373808319262016
-43.8776,13.2653,161,0.0016099999999999999,433,0.0043300000000000005,0.1258741258741259,-0.07505710517002859,0.09898477157360422,0.016043634029061327
-43.8776,15.3061,136,0.00136,396,0.00396,-0.04895104895104895,-0.2186817782802726,0.005076142131979709,-0.0707776464768863
-43.8776,17.3469,174,0.00174,418,0.00418,0.21678321678321677,-0.00037227515270170126,0.060913705583756285,-0.01915418239226893
-43.8776,19.3878,155,0.00155,420,0.0042,0.08391608391608392,-0.10952702671648715,0.06598984771573599,-0.014461140202758243
-43.8776,21.4286,184,0.00184,448,0.00448,0.2867132867132867,0.0570775940913959,0.1370558375634517,0.051241450450391184
-43.8776,23.4694,187,0.0018700000000000001,404,0.00404,0.3076923076923077,0.07431255486462518,0.025380710659898543,-0.05200547771884354
-43.8776,25.5102,177,0.0017699999999999999,415,0.00415,0.23776223776223776,0.01686268562052758,0.05329949238578683,-0.02619374567653486
-43.8776,27.551,221,0.00221,451,0.00451,0.5454545454545454,0.26964211029455704,0.14467005076142136,0.058281013734657314
-43.8776,29.5918,175,0.00175,434,0.00434,0.22377622377622378,0.005372711771708059,0.10152284263959396,0.01839015512381657
-43.8776,31.6327,167,0.00167,412,0.00412,0.16783216783216784,-0.04058718362357002,0.04568527918781738,-0.03323330896080079
-43.8776,33.6735,196,0.00196,409,0.00409,0.3706293706293706,0.12601743718431302,0.038071065989847705,-0.040272872245066926
-43.8776,35.7143,150,0.0015,413,0.00413,0.04895104895104895,-0.13825196133853596,0.048223350253807126,-0.030886787866045547
-43.8776,37.7551,169,0.00169,439,0.00439,0.18181818181818182,-0.029097209774750502,0.11421319796954311,0.03012276059759319
-43.8776,39.7959,166,0.00166,425,0.00425,0.16083916083916083,-0.046332170547979785,0.07868020304568538,-0.002728534728981422
-43.8776,41.8367,191,0.00191,438,0.00438,0.3356643356643357,0.09729250256226422,0.11167512690355337,0.027776239502837946
-43.8776,43.8776,196,0.00196,420,0.0042,0.3706293706293706,0.12601743718431302,0.06598984771573599,-0.014461140202758243
-43.8776,45.9184,166,0.00166,380,0.0038,0.16083916083916083,-0.046332170547979785,-0.03553299492385785,-0.10832198399297169
-43.8776,47.9592,168,0.00168,405,0.00405,0.17482517482517482,-0.03484219669916026,0.027918781725888287,-0.0496589566240883
-43.8776,50.0,166,0.00166,382,0.00382,0.16083916083916083,-0.046332170547979785,-0.030456852791878142,-0.10362894180346101
-41.8367,-50.0,182,0.00182,454,0.00454,0.2727272727272727,0.045587620242576385,0.15228426395939082,0.06532057701892324
-41.8367,-47.9592,185,0.00185,440,0.0044,0.2937062937062937,0.06282258101580566,0.11675126903553308,0.03246928169234863
-41.8367,-45.9184,156,0.00156,428,0.00428,0.09090909090909091,-0.10378203979207738,0.08629441624365483,0.004311028555284508
-41.8367,-43.8776,159,0.0015899999999999998,459,0.00459,0.11188811188811189,-0.0865470790188481,0.1649746192893402,0.07705318249270006
-41.8367,-41.8367,210,0.0021000000000000003,447,0.00447,0.46853146853146854,0.20644725412604967,0.13451776649746194,0.04889492935563594
-41.8367,-39.7959,176,0.0017599999999999998,433,0.00433,0.23076923076923078,0.01111769869611782,0.098984771573604,0.016043634029061126
-41.8367,-37.7551,193,0.00193,410,0.0041,0.34965034965034963,0.10878247641108374,0.04060913705583767,-0.037926351150311476
-41.8367,-35.7143,183,0.00183,407,0.00407,0.27972027972027974,0.05133260716698614,0.032994923857867994,-0.04496591443457761
-41.8367,-33.6735,178,0.00178,429,0.00429,0.24475524475524477,0.02260767254493734,0.0888324873096448,0.006657549650039954
-41.8367,-31.6327,176,0.00176,374,0.00374,0.23076923076923078,0.01111769869611782,-0.05076142131979698,-0.12240111056150375
-41.8367,-29.5918,165,0.00165,379,0.00379,0.15384615384615385,-0.05207715747238954,-0.038071065989847705,-0.11066850508772703
-41.8367,-27.551,189,0.00189,430,0.0043,0.32167832167832167,0.08580252871344471,0.09137055837563454,0.009004070744795195
-41.8367,-25.5102,188,0.0018800000000000002,426,0.00426,0.3146853146853147,0.08005754178903494,0.08121827411167512,-0.00038201363422617977
-41.8367,-23.4694,157,0.00157,390,0.0039,0.0979020979020979,-0.09803705286766763,-0.010152284263959418,-0.08485677304541836
-41.8367,-21.4286,204,0.00204,381,0.00381,0.42657342657342656,0.1719773325795911,-0.032994923857867994,-0.10597546289821634
-41.8367,-19.3878,172,0.00172,470,0.0047,0.20279720279720279,-0.011862249001521222,0.1928934010152285,0.10286491453500875
-41.8367,-17.3469,147,0.00147,429,0.00429,0.027972027972027972,-0.15548692211176524,0.0888324873096448,0.006657549650039954
-41.8367,-15.3061,118,0.00118,391,0.00391,-0.17482517482517482,-0.32209154291964825,-0.007614213197969453,-0.0825102519506629
-41.8367,-13.2653,156,0.00156,414,0.00414,0.09090909090909091,-0.10378203979207738,0.05076142131979687,-0.028540266771290304
-41.8367,-11.2245,138,0.00138,409,0.00409,-0.03496503496503497,-0.20719180443145307,0.038071065989847705,-0.040272872245066926
-41.8367,-9.18367,124,0.00124,407,0.00407,-0.13286713286713286,-0.2876216213731897,0.032994923857867994,-0.04496591443457761
-41.8367,-7.14286,176,0.00176,378,0.00378,0.23076923076923078,0.01111769869611782,-0.04060913705583756,-0.11301502618248238
-41.8367,-5.10204,158,0.00158,401,0.00401,0.1048951048951049,-0.09229206594325787,0.01776649746192887,-0.05904504100310967
-41.8367,-3.06122,166,0.00166,443,0.00443,0.16083916083916083,-0.046332170547979785,0.12436548223350254,0.03950884497661456
-41.8367,-1.02041,193,0.0019299999999999999,439,0.00439,0.34965034965034963,0.10878247641108374,0.11421319796954311,0.03012276059759319
-41.8367,1.02041,161,0.00161,425,0.00425,0.1258741258741259,-0.07505710517002859,0.07868020304568538,-0.002728534728981422
-41.8367,3.06122,205,0.0020499999999999997,447,0.00447,0.43356643356643354,0.17772231950400086,0.13451776649746194,0.04889492935563594
-41.8367,5.10204,246,0.00246,442,0.00442,0.7202797202797203,0.41326678340480105,0.12182741116751279,0.03716232388185932
-41.8367,7.14286,220,0.0022,459,0.00459,0.5384615384615384,0.26389712337014726,0.1649746192893402,0.07705318249270006
-41.8367,9.18367,194,0.0019399999999999999,421,0.00421,0.35664335664335667,0.1145274633354935,0.06852791878172595,-0.012114619108002798
-41.8367,11.2245,161,0.0016099999999999999,416,0.00416,0.1258741258741259,-0.07505710517002859,0.055837563451776574,-0.023847224581779618
-41.8367,13.2653,179,0.0017900000000000001,415,0.00415,0.2517482517482518,0.0283526594693471,0.05329949238578683,-0.02619374567653486
-41.8367,15.3061,139,0.00139,427,0.00427,-0.027972027972027972,-0.20144681750704332,0.08375634517766509,0.0019645074605292656
-41.8367,17.3469,163,0.00163,423,0.00423,0.13986013986013987,-0.06356713132120906,0.07360406091370567,-0.00742157691849211
-41.8367,19.3878,158,0.00158,412,0.00412,0.1048951048951049,-0.09229206594325787,0.04568527918781738,-0.03323330896080079
-41.8367,21.4286,139,0.00139,399,0.00399,-0.027972027972027972,-0.20144681750704332,0.012690355329949162,-0.06373808319262037
-41.8367,23.4694,160,0.0016,445,0.00445,0.11888111888111888,-0.08080209209443835,0.12944162436548223,0.04420188716612525
-41.8367,25.5102,182,0.00182,440,0.0044,0.2727272727272727,0.045587620242576385,0.11675126903553308,0.03246928169234863
-41.8367,27.551,151,0.00151,411,0.00411,0.055944055944055944,-0.13250697441412618,0.043147208121827416,-0.03557983005555623
-41.8367,29.5918,198,0.00198,407,0.00407,0.38461538461538464,0.13750741103313255,0.032994923857867994,-0.04496591443457761
-41.8367,31.6327,157,0.00157,431,0.0043100000000000005,0.0979020979020979,-0.09803705286766763,0.09390862944162451,0.011350591839550641
-41.8367,33.6735,194,0.00194,400,0.004,0.35664335664335667,0.1145274633354935,0.015228426395939127,-0.061391562097864914
-41.8367,35.7143,191,0.00191,420,0.0042,0.3356643356643357,0.09729250256226422,0.06598984771573599,-0.014461140202758243
-41.8367,37.7551,186,0.0018599999999999999,472,0.00472,0.3006993006993007,0.06856756794021543,0.19796954314720822,0.10755795672451943
-41.8367,39.7959,179,0.0017900000000000001,429,0.0042899999999999995,0.2517482517482518,0.0283526594693471,0.08883248730964458,0.00665754965003975
-41.8367,41.8367,153,0.00153,404,0.00404,0.06993006993006994,-0.12101700056530666,0.025380710659898543,-0.05200547771884354
-41.8367,43.8776,163,0.00163,439,0.00439,0.13986013986013987,-0.06356713132120906,0.11421319796954311,0.03012276059759319
-41.8367,45.9184,200,0.002,445,0.00445,0.3986013986013986,0.14899738488195208,0.12944162436548223,0.04420188716612525
-41.8367,47.9592,183,0.00183,417,0.00417,0.27972027972027974,0.05133260716698614,0.05837563451776654,-0.021500703487024174
-41.8367,50.0,206,0.00206,433,0.0043300000000000005,0.4405594405594406,0.18346730642841064,0.09898477157360422,0.016043634029061327
-39.7959,-50.0,193,0.0019299999999999999,417,0.00417,0.34965034965034963,0.10878247641108374,0.05837563451776654,-0.021500703487024174
-39.7959,-47.9592,177,0.0017699999999999999,411,0.00411,0.23776223776223776,0.01686268562052758,0.043147208121827416,-0.03557983005555623
-39.7959,-45.9184,184,0.00184,373,0.00373,0.2867132867132867,0.0570775940913959,-0.05329949238578683,-0.1247476316562591
-39.7959,-43.8776,166,0.00166,419,0.00419,0.16083916083916083,-0.046332170547979785,0.06345177664974624,-0.016807661297513484
-39.7959,-41.8367,162,0.00162,414,0.00414,0.13286713286713286,-0.06931211824561882,0.05076142131979687,-0.028540266771290304
-39.7959,-39.7959,198,0.00198,464,0.00464,0.38461538461538464,0.13750741103313255,0.17766497461928937,0.08878578796647668
-39.7959,-37.7551,149,0.00149,411,0.00411,0.04195804195804196,-0.1439969482629457,0.043147208121827416,-0.03557983005555623
-39.7959,-35.7143,149,0.00149,420,0.0042,0.04195804195804196,-0.1439969482629457,0.06598984771573599,-0.014461140202758243
-39.7959,-33.6735,179,0.00179,420,0.0042,0.2517482517482518,0.0283526594693471,0.06598984771573599,-0.014461140202758243
-39.7959,-31.6327,200,0.002,436,0.00436,0.3986013986013986,0.14899738488195208,0.10659898477157366,0.02308319731332726
-39.7959,-29.5918,186,0.00186,421,0.00421,0.3006993006993007,0.06856756794021543,0.06852791878172595,-0.012114619108002798
-39.7959,-27.551,139,0.00139,405,0.00405,-0.027972027972027972,-0.20144681750704332,0.027918781725888287,-0.0496589566240883
-39.7959,-25.5102,145,0.00145,392,0.00392,0.013986013986013986,-0.16697689596058476,-0.005076142131979709,-0.08016373085590767
-39.7959,-23.4694,185,0.00185,437,0.00437,0.2937062937062937,0.06282258101580566,0.1091370558375634,0.0254297184080825
-39.7959,-21.4286,170,0.0017000000000000001,443,0.00443,0.1888111888111888,-0.02335222285034074,0.12436548223350254,0.03950884497661456
-39.7959,-19.3878,166,0.00166,409,0.00409,0.16083916083916083,-0.046332170547979785,0.038071065989847705,-0.040272872245066926
-39.7959,-17.3469,142,0.00142,381,0.00381,-0.006993006993006993,-0.18421185673381404,-0.032994923857867994,-0.10597546289821634
-39.7959,-15.3061,144,0.00144,415,0.00415,0.006993006993006993,-0.17272188288499452,0.05329949238578683,-0.02619374567653486
-39.7959,-13.2653,170,0.0017000000000000001,450,0.0045000000000000005,0.1888111888111888,-0.02335222285034074,0.14213197969543162,0.05593449263990207
-39.7959,-11.2245,142,0.0014199999999999998,390,0.0039000000000000003,-0.006993006993006993,-0.18421185673381404,-0.010152284263959307,-0.08485677304541825
-39.7959,-9.18367,213,0.00213,434,0.00434,0.48951048951048953,0.22368221489927895,0.10152284263959396,0.01839015512381657
-39.7959,-7.14286,201,0.00201,427,0.0042699999999999995,0.40559440559440557,0.15474237180636183,0.08375634517766486,0.0019645074605290623
-39.7959,-5.10204,170,0.0017000000000000001,405,0.00405,0.1888111888111888,-0.02335222285034074,0.027918781725888287,-0.0496589566240883
-39.7959,-3.06122,164,0.00164,381,0.00381,0.14685314685314685,-0.05782214439679931,-0.032994923857867994,-0.10597546289821634
-39.7959,-1.02041,161,0.00161,388,0.0038799999999999998,0.1258741258741259,-0.07505710517002859,-0.015228426395939127,-0.08954981523492904
-39.7959,1.02041,164,0.00164,430,0.0043,0.14685314685314685,-0.05782214439679931,0.09137055837563454,0.009004070744795195
-39.7959,3.06122,171,0.00171,441,0.00441,0.1958041958041958,-0.017607235925930984,0.11928934010152283,0.034815802787103875
-39.7959,5.10204,194,0.0019399999999999999,446,0.00446,0.35664335664335667,0.1145274633354935,0.1319796954314722,0.0465484082608807
-39.7959,7.14286,165,0.00165,462,0.00462,0.15384615384615385,-0.05207715747238954,0.17258883248730966,0.08409274577696599
-39.7959,9.18367,180,0.0018,425,0.00425,0.25874125874125875,0.03409764639375686,0.07868020304568538,-0.002728534728981422
-39.7959,11.2245,160,0.0016,440,0.0044,0.11888111888111888,-0.08080209209443835,0.11675126903553308,0.03246928169234863
-39.7959,13.2653,205,0.00205,436,0.00436,0.43356643356643354,0.17772231950400086,0.10659898477157366,0.02308319731332726
-39.7959,15.3061,169,0.00169,398,0.00398,0.18181818181818182,-0.029097209774750502,0.010152284263959418,-0.0660846042873756
-39.7959,17.3469,154,0.0015400000000000001,405,0.00405,0.07692307692307693,-0.11527201364089691,0.027918781725888287,-0.0496589566240883
-39.7959,19.3878,165,0.00165,441,0.00441,0.15384615384615385,-0.05207715747238954,0.11928934010152283,0.034815802787103875
-39.7959,21.4286,143,0.00143,409,0.00409,0.0,-0.17846686980940427,0.038071065989847705,-0.040272872245066926
-39.7959,23.4694,187,0.0018700000000000001,422,0.00422,0.3076923076923077,0.07431255486462518,0.0710659898477157,-0.009768098013247555
-39.7959,25.5102,185,0.00185,420,0.0042,0.2937062937062937,0.06282258101580566,0.06598984771573599,-0.014461140202758243
-39.7959,27.551,165,0.00165,393,0.0039299999999999995,0.15384615384615385,-0.05207715747238954,-0.0025380710659899646,-0.07781720976115242
-39.7959,29.5918,170,0.0017,427,0.00427,0.1888111888111888,-0.02335222285034074,0.08375634517766509,0.0019645074605292656
-39.7959,31.6327,201,0.00201,461,0.00461,0.40559440559440557,0.15474237180636183,0.17005076142131992,0.08174622468221075
-39.7959,33.6735,196,0.00196,453,0.00453,0.3706293706293706,0.12601743718431302,0.14974619289340108,0.06297405592416801
-39.7959,35.7143,159,0.0015899999999999998,396,0.00396,0.11188811188811189,-0.0865470790188481,0.005076142131979709,-0.0707776464768863
-39.7959,37.7551,211,0.00211,451,0.00451,0.4755244755244755,0.21219224105045942,0.14467005076142136,0.058281013734657314
-39.7959,39.7959,164,0.00164,420,0.0042,0.14685314685314685,-0.05782214439679931,0.06598984771573599,-0.014461140202758243
-39.7959,41.8367,159,0.0015899999999999998,401,0.00401,0.11188811188811189,-0.0865470790188481,0.01776649746192887,-0.05904504100310967
-39.7959,43.8776,184,0.00184,457,0.00457,0.2867132867132867,0.0570775940913959,0.1598984771573605,0.07236014030318938
-39.7959,45.9184,167,0.00167,425,0.00425,0.16783216783216784,-0.04058718362357002,0.07868020304568538,-0.002728534728981422
-39.7959,47.9592,169,0.00169,395,0.00395,0.18181818181818182,-0.029097209774750502,0.0025380710659899646,-0.07312416757164153
-39.7959,50.0,184,0.00184,410,0.0041,0.2867132867132867,0.0570775940913959,0.04060913705583767,-0.037926351150311476
-37.7551,-50.0,159,0.00159,398,0.00398,0.11188811188811189,-0.0865470790188481,0.010152284263959418,-0.0660846042873756
-37.7551,-47.9592,177,0.0017699999999999999,435,0.00435,0.23776223776223776,0.01686268562052758,0.10406091370558371,0.020736676218571812
-37.7551,-45.9184,167,0.00167,421,0.00421,0.16783216783216784,-0.04058718362357002,0.06852791878172595,-0.012114619108002798
-37.7551,-43.8776,167,0.00167,415,0.00415,0.16783216783216784,-0.04058718362357002,0.05329949238578683,-0.02619374567653486
-37.7551,-41.8367,219,0.00219,416,0.00416,0.5314685314685315,0.25815213644573753,0.055837563451776574,-0.023847224581779618
-37.7551,-39.7959,179,0.00179,416,0.00416,0.2517482517482518,0.0283526594693471,0.055837563451776574,-0.023847224581779618
-37.7551,-37.7551,155,0.0015500000000000002,423,0.00423,0.08391608391608392,-0.10952702671648715,0.07360406091370567,-0.00742157691849211
-37.7551,-35.7143,156,0.00156,393,0.0039299999999999995,0.09090909090909091,-0.10378203979207738,-0.0025380710659899646,-0.07781720976115242
-37.7551,-33.6735,157,0.00157,436,0.00436,0.0979020979020979,-0.09803705286766763,0.10659898477157366,0.02308319731332726
-37.7551,-31.6327,177,0.00177,422,0.00422,0.23776223776223776,0.01686268562052758,0.0710659898477157,-0.009768098013247555
-37.7551,-29.5918,192,0.00192,411,0.00411,0.34265734265734266,0.10303748948667399,0.043147208121827416,-0.03557983005555623
-37.7551,-27.551,193,0.0019299999999999999,443,0.00443,0.34965034965034963,0.10878247641108374,0.12436548223350254,0.03950884497661456
-37.7551,-25.5102,162,0.0016200000000000001,409,0.00409,0.13286713286713286,-0.06931211824561882,0.038071065989847705,-0.040272872245066926
-37.7551,-23.4694,237,0.00237,437,0.00437,0.6573426573426573,0.3615619010851132,0.1091370558375634,0.0254297184080825
-37.7551,-21.4286,172,0.00172,430,0.0043,0.20279720279720279,-0.011862249001521222,0.09137055837563454,0.009004070744795195
-37.7551,-19.3878,188,0.00188,434,0.00434,0.3146853146853147,0.08005754178903494,0.10152284263959396,0.01839015512381657
-37.7551,-17.3469,184,0.00184,400,0.004,0.2867132867132867,0.0570775940913959,0.015228426395939127,-0.061391562097864914
-37.7551,-15.3061,165,0.00165,412,0.0041199999999999995,0.15384615384615385,-0.05207715747238954,0.04568527918781716,-0.03323330896080099
-37.7551,-13.2653,169,0.00169,435,0.00435,0.18181818181818182,-0.029097209774750502,0.10406091370558371,0.020736676218571812
-37.7551,-11.2245,202,0.00202,446,0.00446,0.4125874125874126,0.16048735873077158,0.1319796954314722,0.0465484082608807
-37.7551,-9.18367,214,0.00214,444,0.00444,0.4965034965034965,0.22942720182368873,0.1269035532994925,0.04185536607137001
-37.7551,-7.14286,188,0.00188,425,0.00425,0.3146853146853147,0.08005754178903494,0.07868020304568538,-0.002728534728981422
-37.7551,-5.10204,146,0.00146,410,0.0041,0.02097902097902098,-0.161231909036175,0.04060913705583767,-0.037926351150311476
-37.7551,-3.06122,203,0.00203,443,0.00443,0.4195804195804196,0.16623234565518136,0.12436548223350254,0.03950884497661456
-37.7551,-1.02041,131,0.00131,399,0.00399,-0.08391608391608392,-0.24740671290232139,0.012690355329949162,-0.06373808319262037
-37.7551,1.02041,175,0.00175,430,0.0043,0.22377622377622378,0.005372711771708059,0.09137055837563454,0.009004070744795195
-37.7551,3.06122,157,0.00157,446,0.00446,0.0979020979020979,-0.09803705286766763,0.1319796954314722,0.0465484082608807
-37.7551,5.10204,175,0.00175,436,0.00436,0.22377622377622378,0.005372711771708059,0.10659898477157366,0.02308319731332726
-37.7551,7.14286,153,0.0015300000000000001,407,0.00407,0.06993006993006994,-0.12101700056530666,0.032994923857867994,-0.04496591443457761
-37.7551,9.18367,188,0.00188,458,0.00458,0.3146853146853147,0.08005754178903494,0.16243654822335024,0.07470666139794462
-37.7551,11.2245,170,0.0017000000000000001,412,0.00412,0.1888111888111888,-0.02335222285034074,0.04568527918781738,-0.03323330896080079
-37.7551,13.2653,198,0.00198,435,0.00435,0.38461538461538464,0.13750741103313255,0.10406091370558371,0.020736676218571812
-37.7551,15.3061,192,0.00192,381,0.00381,0.34265734265734266,0.10303748948667399,-0.032994923857867994,-0.10597546289821634
-37.7551,17.3469,127,0.00127,397,0.00397,-0.11188811188811189,-0.2703866605999604,0.007614213197969453,-0.06843112538213104
-37.7551,19.3878,195,0.0019500000000000001,362,0.00362,0.36363636363636365,0.12027245025990327,-0.08121827411167512,-0.1505593636985678
-37.7551,21.4286,155,0.00155,382,0.00382,0.08391608391608392,-0.10952702671648715,-0.030456852791878142,-0.10362894180346101
-37.7551,23.4694,166,0.00166,415,0.00415,0.16083916083916083,-0.046332170547979785,0.05329949238578683,-0.02619374567653486
-37.7551,25.5102,178,0.00178,416,0.0041600000000000005,0.24475524475524477,0.02260767254493734,0.055837563451776796,-0.023847224581779413
-37.7551,27.551,189,0.00189,413,0.00413,0.32167832167832167,0.08580252871344471,0.048223350253807126,-0.030886787866045547
-37.7551,29.5918,182,0.00182,400,0.004,0.2727272727272727,0.045587620242576385,0.015228426395939127,-0.061391562097864914
-37.7551,31.6327,150,0.0015,481,0.00481,0.04895104895104895,-0.13825196133853596,0.22081218274111677,0.12867664657731742
-37.7551,33.6735,156,0.00156,391,0.00391,0.09090909090909091,-0.10378203979207738,-0.007614213197969453,-0.0825102519506629
-37.7551,35.7143,172,0.00172,443,0.00443,0.20279720279720279,-0.011862249001521222,0.12436548223350254,0.03950884497661456
-37.7551,37.7551,156,0.00156,382,0.00382,0.09090909090909091,-0.10378203979207738,-0.030456852791878142,-0.10362894180346101
-37.7551,39.7959,134,0.00134,404,0.00404,-0.06293706293706294,-0.2301717521290921,0.025380710659898543,-0.05200547771884354
-37.7551,41.8367,152,0.00152,410,0.0041,0.06293706293706294,-0.12676198748971643,0.04060913705583767,-0.037926351150311476
-37.7551,43.8776,186,0.00186,409,0.00409,0.3006993006993007,0.06856756794021543,0.038071065989847705,-0.040272872245066926
-37.7551,45.9184,158,0.00158,422,0.00422,0.1048951048951049,-0.09229206594325787,0.0710659898477157,-0.009768098013247555
-37.7551,47.9592,172,0.0017200000000000002,425,0.00425,0.20279720279720279,-0.011862249001521222,0.07868020304568538,-0.002728534728981422
-37.7551,50.0,162,0.0016200000000000001,421,0.00421,0.13286713286713286,-0.06931211824561882,0.06852791878172595,-0.012114619108002798
-35.7143,-50.0,160,0.0016,436,0.00436,0.11888111888111888,-0.08080209209443835,0.10659898477157366,0.02308319731332726
-35.7143,-47.9592,237,0.00237,431,0.00431,0.6573426573426573,0.3615619010851132,0.09390862944162429,0.011350591839550438
-35.7143,-45.9184,200,0.002,451,0.00451,0.3986013986013986,0.14899738488195208,0.14467005076142136,0.058281013734657314
-35.7143,-43.8776,200,0.002,453,0.00453,0.3986013986013986,0.14899738488195208,0.14974619289340108,0.06297405592416801
-35.7143,-41.8367,187,0.0018700000000000001,436,0.00436,0.3076923076923077,0.07431255486462518,0.10659898477157366,0.02308319731332726
-35.7143,-39.7959,184,0.00184,426,0.00426,0.2867132867132867,0.0570775940913959,0.08121827411167512,-0.00038201363422617977
-35.7143,-37.7551,201,0.00201,442,0.00442,0.40559440559440557,0.15474237180636183,0.12182741116751279,0.03716232388185932
-35.7143,-35.7143,132,0.00132,386,0.00386,-0.07692307692307693,-0.24166172597791163,-0.020304568527918725,-0.09424285742443962
-35.7143,-33.6735,162,0.00162,407,0.00407,0.13286713286713286,-0.06931211824561882,0.032994923857867994,-0.04496591443457761
-35.7143,-31.6327,170,0.0017000000000000001,430,0.0043,0.1888111888111888,-0.02335222285034074,0.09137055837563454,0.009004070744795195
-35.7143,-29.5918,115,0.00115,406,0.00406,-0.1958041958041958,-0.33932650369287753,0.030456852791878253,-0.047312435529332855
-35.7143,-27.551,161,0.0016099999999999999,422,0.00422,0.1258741258741259,-0.07505710517002859,0.0710659898477157,-0.009768098013247555
-35.7143,-25.5102,167,0.00167,441,0.00441,0.16783216783216784,-0.04058718362357002,0.11928934010152283,0.034815802787103875
-35.7143,-23.4694,193,0.00193,411,0.00411,0.34965034965034963,0.10878247641108374,0.043147208121827416,-0.03557983005555623
-35.7143,-21.4286,172,0.00172,420,0.0042,0.20279720279720279,-0.011862249001521222,0.06598984771573599,-0.014461140202758243
-35.7143,-19.3878,181,0.00181,410,0.0040999999999999995,0.26573426573426573,0.03984263331816662,0.04060913705583745,-0.037926351150311684
-35.7143,-17.3469,216,0.00216,445,0.00445,0.5104895104895105,0.24091717567250823,0.12944162436548223,0.04420188716612525
-35.7143,-15.3061,208,0.0020800000000000003,407,0.00407,0.45454545454545453,0.19495728027723014,0.032994923857867994,-0.04496591443457761
-35.7143,-13.2653,185,0.00185,464,0.00464,0.2937062937062937,0.06282258101580566,0.17766497461928937,0.08878578796647668
-35.7143,-11.2245,198,0.00198,417,0.00417,0.38461538461538464,0.13750741103313255,0.05837563451776654,-0.021500703487024174
-35.7143,-9.18367,156,0.0015600000000000002,436,0.00436,0.09090909090909091,-0.10378203979207738,0.10659898477157366,0.02308319731332726
-35.7143,-7.14286,174,0.00174,441,0.00441,0.21678321678321677,-0.00037227515270170126,0.11928934010152283,0.034815802787103875
-35.7143,-5.10204,238,0.00238,430,0.0043,0.6643356643356644,0.36730688800952294,0.09137055837563454,0.009004070744795195
-35.7143,-3.06122,151,0.00151,399,0.00399,0.055944055944055944,-0.13250697441412618,0.012690355329949162,-0.06373808319262037
-35.7143,-1.02041,202,0.00202,411,0.00411,0.4125874125874126,0.16048735873077158,0.043147208121827416,-0.03557983005555623
-35.7143,1.02041,197,0.00197,421,0.00421,0.3776223776223776,0.1317624241087228,0.06852791878172595,-0.012114619108002798
-35.7143,3.06122,158,0.00158,405,0.00405,0.1048951048951049,-0.09229206594325787,0.027918781725888287,-0.0496589566240883
-35.7143,5.10204,173,0.00173,370,0.0037,0.2097902097902098,-0.006117262077111461,-0.060913705583756285,-0.13178719494052502
-35.7143,7.14286,162,0.00162,399,0.0039900000000000005,0.13286713286713286,-0.06931211824561882,0.012690355329949382,-0.06373808319262016
-35.7143,9.18367,160,0.0016,391,0.00391,0.11888111888111888,-0.08080209209443835,-0.007614213197969453,-0.0825102519506629
-35.7143,11.2245,214,0.00214,480,0.0048,0.4965034965034965,0.22942720182368873,0.2182741116751268,0.12633012548256198
-35.7143,13.2653,148,0.00148,411,0.00411,0.03496503496503497,-0.14974193518735546,0.043147208121827416,-0.03557983005555623
-35.7143,15.3061,167,0.00167,434,0.00434,0.16783216783216784,-0.04058718362357002,0.10152284263959396,0.01839015512381657
-35.7143,17.3469,207,0.0020700000000000002,418,0.00418,0.44755244755244755,0.1892122933528204,0.060913705583756285,-0.01915418239226893
-35.7143,19.3878,190,0.0019,431,0.00431,0.32867132867132864,0.09154751563785446,0.09390862944162429,0.011350591839550438
-35.7143,21.4286,179,0.00179,410,0.0041,0.2517482517482518,0.0283526594693471,0.04060913705583767,-0.037926351150311476
-35.7143,23.4694,157,0.00157,417,0.00417,0.0979020979020979,-0.09803705286766763,0.05837563451776654,-0.021500703487024174
-35.7143,25.5102,156,0.0015600000000000002,412,0.00412,0.09090909090909091,-0.10378203979207738,0.04568527918781738,-0.03323330896080079
-35.7143,27.551,179,0.0017900000000000001,454,0.00454,0.2517482517482518,0.0283526594693471,0.15228426395939082,0.06532057701892324
-35.7143,29.5918,153,0.0015300000000000001,439,0.00439,0.06993006993006994,-0.12101700056530666,0.11421319796954311,0.03012276059759319
-35.7143,31.6327,165,0.00165,405,0.00405,0.15384615384615385,-0.05207715747238954,0.027918781725888287,-0.0496589566240883
-35.7143,33.6735,141,0.00141,396,0.00396,-0.013986013986013986,-0.1899568436582238,0.005076142131979709,-0.0707776464768863
-35.7143,35.7143,138,0.00138,408,0.00408,-0.03496503496503497,-0.20719180443145307,0.03553299492385796,-0.04261939333982216
-35.7143,37.7551,143,0.00143,434,0.00434,0.0,-0.17846686980940427,0.10152284263959396,0.01839015512381657
-35.7143,39.7959,166,0.00166,418,0.00418,0.16083916083916083,-0.046332170547979785,0.060913705583756285,-0.01915418239226893
-35.7143,41.8367,191,0.00191,408,0.00408,0.3356643356643357,0.09729250256226422,0.03553299492385796,-0.04261939333982216
-35.7143,43.8776,183,0.00183,404,0.00404,0.27972027972027974,0.05133260716698614,0.025380710659898543,-0.05200547771884354
-35.7143,45.9184,171,0.0017100000000000001,413,0.00413,0.1958041958041958,-0.017607235925930984,0.048223350253807126,-0.030886787866045547
-35.7143,47.9592,140,0.0014,377,0.00377,-0.02097902097902098,-0.19570183058263355,-0.043147208121827416,-0.11536154727723773
-35.7143,50.0,166,0.00166,416,0.00416,0.16083916083916083,-0.046332170547979785,0.055837563451776574,-0.023847224581779618
-33.6735,-50.0,190,0.0019,445,0.00445,0.32867132867132864,0.09154751563785446,0.12944162436548223,0.04420188716612525
-33.6735,-47.9592,174,0.00174,438,0.00438,0.21678321678321677,-0.00037227515270170126,0.11167512690355337,0.027776239502837946
-33.6735,-45.9184,167,0.00167,411,0.00411,0.16783216783216784,-0.04058718362357002,0.043147208121827416,-0.03557983005555623
-33.6735,-43.8776,161,0.00161,436,0.00436,0.1258741258741259,-0.07505710517002859,0.10659898477157366,0.02308319731332726
-33.6735,-41.8367,151,0.00151,415,0.00415,0.055944055944055944,-0.13250697441412618,0.05329949238578683,-0.02619374567653486
-33.6735,-39.7959,180,0.0018,436,0.00436,0.25874125874125875,0.03409764639375686,0.10659898477157366,0.02308319731332726
-33.6735,-37.7551,193,0.00193,415,0.00415,0.34965034965034963,0.10878247641108374,0.05329949238578683,-0.02619374567653486
-33.6735,-35.7143,167,0.00167,402,0.00402,0.16783216783216784,-0.04058718362357002,0.020304568527918836,-0.05669851990835423
-33.6735,-33.6735,186,0.00186,399,0.00399,0.3006993006993007,0.06856756794021543,0.012690355329949162,-0.06373808319262037
-33.6735,-31.6327,144,0.0014399999999999999,415,0.00415,0.006993006993006993,-0.17272188288499452,0.05329949238578683,-0.02619374567653486
-33.6735,-29.5918,149,0.00149,437,0.004370000000000001,0.04195804195804196,-0.1439969482629457,0.10913705583756363,0.025429718408082704
-33.6735,-27.551,170,0.0017000000000000001,425,0.00425,0.1888111888111888,-0.02335222285034074,0.07868020304568538,-0.002728534728981422
-33.6735,-25.5102,203,0.00203,421,0.00421,0.4195804195804196,0.16623234565518136,0.06852791878172595,-0.012114619108002798
-33.6735,-23.4694,151,0.00151,374,0.0037400000000000003,0.055944055944055944,-0.13250697441412618,-0.05076142131979687,-0.12240111056150366
-33.6735,-21.4286,155,0.0015500000000000002,410,0.0040999999999999995,0.08391608391608392,-0.10952702671648715,0.04060913705583745,-0.037926351150311684
-33.6735,-19.3878,195,0.00195,448,0.00448,0.36363636363636365,0.12027245025990327,0.1370558375634517,0.051241450450391184
-33.6735,-17.3469,204,0.00204,454,0.00454,0.42657342657342656,0.1719773325795911,0.15228426395939082,0.06532057701892324
-33.6735,-15.3061,162,0.00162,410,0.0040999999999999995,0.13286713286713286,-0.06931211824561882,0.04060913705583745,-0.037926351150311684
-33.6735,-13.2653,203,0.00203,427,0.00427,0.4195804195804196,0.16623234565518136,0.08375634517766509,0.0019645074605292656
-33.6735,-11.2245,160,0.0016,412,0.00412,0.11888111888111888,-0.08080209209443835,0.04568527918781738,-0.03323330896080079
-33.6735,-9.18367,165,0.00165,409,0.00409,0.15384615384615385,-0.05207715747238954,0.038071065989847705,-0.040272872245066926
-33.6735,-7.14286,191,0.00191,436,0.00436,0.3356643356643357,0.09729250256226422,0.10659898477157366,0.02308319731332726
-33.6735,-5.10204,159,0.00159,440,0.0044,0.11188811188811189,-0.0865470790188481,0.11675126903553308,0.03246928169234863
-33.6735,-3.06122,158,0.00158,406,0.00406,0.1048951048951049,-0.09229206594325787,0.030456852791878253,-0.047312435529332855
-33.6735,-1.02041,194,0.00194,423,0.00423,0.35664335664335667,0.1145274633354935,0.07360406091370567,-0.00742157691849211
-33.6735,1.02041,146,0.00146,395,0.00395,0.02097902097902098,-0.161231909036175,0.0025380710659899646,-0.07312416757164153
-33.6735,3.06122,166,0.00166,440,0.0044,0.16083916083916083,-0.046332170547979785,0.11675126903553308,0.03246928169234863
-33.6735,5.10204,155,0.0015500000000000002,421,0.00421,0.08391608391608392,-0.10952702671648715,0.06852791878172595,-0.012114619108002798
-33.6735,7.14286,165,0.00165,392,0.00392,0.15384615384615385,-0.05207715747238954,-0.005076142131979709,-0.08016373085590767
-33.6735,9.18367,226,0.00226,447,0.00447,0.5804195804195804,0.2983670449166058,0.13451776649746194,0.04889492935563594
-33.6735,11.2245,178,0.0017800000000000001,439,0.00439,0.24475524475524477,0.02260767254493734,0.11421319796954311,0.03012276059759319
-33.6735,13.2653,162,0.00162,439,0.00439,0.13286713286713286,-0.06931211824561882,0.11421319796954311,0.03012276059759319
-33.6735,15.3061,139,0.00139,394,0.00394,-0.027972027972027972,-0.20144681750704332,0.0,-0.07547068866639697
-33.6735,17.3469,139,0.00139,401,0.00401,-0.027972027972027972,-0.20144681750704332,0.01776649746192887,-0.05904504100310967
-33.6735,19.3878,182,0.00182,431,0.00431,0.2727272727272727,0.045587620242576385,0.09390862944162429,0.011350591839550438
-33.6735,21.4286,189,0.00189,417,0.00417,0.32167832167832167,0.08580252871344471,0.05837563451776654,-0.021500703487024174
-33.6735,23.4694,190,0.0019,452,0.00452,0.32867132867132864,0.09154751563785446,0.1472081218274111,0.060627534829412556
-33.6735,25.5102,157,0.00157,403,0.00403,0.0979020979020979,-0.09803705286766763,0.02284263959390858,-0.054351998813598985
-33.6735,27.551,220,0.0022,453,0.00453,0.5384615384615384,0.26389712337014726,0.14974619289340108,0.06297405592416801
-33.6735,29.5918,187,0.0018700000000000001,460,0.0046,0.3076923076923077,0.07431255486462518,0.16751269035532995,0.07939970358745531
-33.6735,31.6327,178,0.0017800000000000001,424,0.00424,0.24475524475524477,0.02260767254493734,0.07614213197969541,-0.005075055823736867
-33.6735,33.6735,172,0.00172,411,0.00411,0.20279720279720279,-0.011862249001521222,0.043147208121827416,-0.03557983005555623
-33.6735,35.7143,167,0.00167,419,0.00419,0.16783216783216784,-0.04058718362357002,0.06345177664974624,-0.016807661297513484
-33.6735,37.7551,165,0.00165,446,0.00446,0.15384615384615385,-0.05207715747238954,0.1319796954314722,0.0465484082608807
-33.6735,39.7959,174,0.00174,447,0.00447,0.21678321678321677,-0.00037227515270170126,0.13451776649746194,0.04889492935563594
-33.6735,41.8367,217,0.00217,427,0.00427,0.5174825174825175,0.246662162596918,0.08375634517766509,0.0019645074605292656
-33.6735,43.8776,222,0.00222,415,0.00415,0.5524475524475524,0.2753870972189668,0.05329949238578683,-0.02619374567653486
-33.6735,45.9184,149,0.00149,381,0.00381,0.04195804195804196,-0.1439969482629457,-0.032994923857867994,-0.10597546289821634
-33.6735,47.9592,203,0.00203,452,0.00452,0.4195804195804196,0.16623234565518136,0.1472081218274111,0.060627534829412556
-33.6735,50.0,144,0.00144,411,0.00411,0.006993006993006993,-0.17272188288499452,0.043147208121827416,-0.03557983005555623
-31.6327,-50.0,178,0.00178,400,0.004,0.24475524475524477,0.02260767254493734,0.015228426395939127,-0.061391562097864914
-31.6327,-47.9592,171,0.0017100000000000001,479,0.00479,0.1958041958041958,-0.017607235925930984,0.21573604060913706,0.12398360438780674
-31.6327,-45.9184,190,0.0019,437,0.00437,0.32867132867132864,0.09154751563785446,0.1091370558375634,0.0254297184080825
-31.6327,-43.8776,173,0.00173,432,0.00432,0.2097902097902098,-0.006117262077111461,0.09644670050761425,0.013697112934305884
-31.6327,-41.8367,203,0.00203,458,0.00458,0.4195804195804196,0.16623234565518136,0.16243654822335024,0.07470666139794462
-31.6327,-39.7959,175,0.0017499999999999998,434,0.00434,0.22377622377622378,0.005372711771708059,0.10152284263959396,0.01839015512381657
-31.6327,-37.7551,195,0.00195,434,0.00434,0.36363636363636365,0.12027245025990327,0.10152284263959396,0.01839015512381657
-31.6327,-35.7143,167,0.00167,401,0.00401,0.16783216783216784,-0.04058718362357002,0.01776649746192887,-0.05904504100310967
-31.6327,-33.6735,170,0.0017000000000000001,424,0.00424,0.1888111888111888,-0.02335222285034074,0.07614213197969541,-0.005075055823736867
-31.6327,-31.6327,206,0.00206,382,0.00382,0.4405594405594406,0.18346730642841064,-0.030456852791878142,-0.10362894180346101
-31.6327,-29.5918,147,0.00147,378,0.00378,0.027972027972027972,-0.15548692211176524,-0.04060913705583756,-0.11301502618248238
-31.6327,-27.551,193,0.0019299999999999999,413,0.00413,0.34965034965034963,0.10878247641108374,0.048223350253807126,-0.030886787866045547
-31.6327,-25.5102,179,0.00179,421,0.00421,0.2517482517482518,0.0283526594693471,0.06852791878172595,-0.012114619108002798
-31.6327,-23.4694,171,0.00171,373,0.00373,0.1958041958041958,-0.017607235925930984,-0.05329949238578683,-0.1247476316562591
-31.6327,-21.4286,175,0.00175,409,0.00409,0.22377622377622378,0.005372711771708059,0.038071065989847705,-0.040272872245066926
-31.6327,-19.3878,167,0.00167,490,0.0049,0.16783216783216784,-0.04058718362357002,0.24365482233502536,0.14979533643011542
-31.6327,-17.3469,140,0.0014,396,0.00396,-0.02097902097902098,-0.19570183058263355,0.005076142131979709,-0.0707776464768863
-31.6327,-15.3061,140,0.0014,411,0.00411,-0.02097902097902098,-0.19570183058263355,0.043147208121827416,-0.03557983005555623
-31.6327,-13.2653,149,0.00149,396,0.00396,0.04195804195804196,-0.1439969482629457,0.005076142131979709,-0.0707776464768863
-31.6327,-11.2245,156,0.00156,413,0.00413,0.09090909090909091,-0.10378203979207738,0.048223350253807126,-0.030886787866045547
-31.6327,-9.18367,158,0.00158,431,0.00431,0.1048951048951049,-0.09229206594325787,0.09390862944162429,0.011350591839550438
-31.6327,-7.14286,185,0.00185,385,0.00385,0.2937062937062937,0.06282258101580566,-0.02284263959390858,-0.09658937851919497
-31.6327,-5.10204,153,0.00153,418,0.00418,0.06993006993006994,-0.12101700056530666,0.060913705583756285,-0.01915418239226893
-31.6327,-3.06122,181,0.00181,440,0.0044,0.26573426573426573,0.03984263331816662,0.11675126903553308,0.03246928169234863
-31.6327,-1.02041,182,0.00182,441,0.00441,0.2727272727272727,0.045587620242576385,0.11928934010152283,0.034815802787103875
-31.6327,1.02041,177,0.00177,428,0.00428,0.23776223776223776,0.01686268562052758,0.08629441624365483,0.004311028555284508
-31.6327,3.06122,212,0.00212,456,0.00456,0.4825174825174825,0.2179372279748692,0.15736040609137053,0.07001361920843394
-31.6327,5.10204,225,0.00225,466,0.00466,0.5734265734265734,0.2926220579921961,0.18274111675126908,0.09347883015598737
-31.6327,7.14286,220,0.0022,464,0.00464,0.5384615384615384,0.26389712337014726,0.17766497461928937,0.08878578796647668
-31.6327,9.18367,195,0.00195,417,0.00417,0.36363636363636365,0.12027245025990327,0.05837563451776654,-0.021500703487024174
-31.6327,11.2245,157,0.00157,418,0.00418,0.0979020979020979,-0.09803705286766763,0.060913705583756285,-0.01915418239226893
-31.6327,13.2653,188,0.0018800000000000002,450,0.0045000000000000005,0.3146853146853147,0.08005754178903494,0.14213197969543162,0.05593449263990207
-31.6327,15.3061,139,0.00139,414,0.00414,-0.027972027972027972,-0.20144681750704332,0.05076142131979687,-0.028540266771290304
-31.6327,17.3469,157,0.0015700000000000002,391,0.00391,0.0979020979020979,-0.09803705286766763,-0.007614213197969453,-0.0825102519506629
-31.6327,19.3878,159,0.00159,446,0.00446,0.11188811188811189,-0.0865470790188481,0.1319796954314722,0.0465484082608807
-31.6327,21.4286,137,0.00137,411,0.00411,-0.04195804195804196,-0.21293679135586283,0.043147208121827416,-0.03557983005555623
-31.6327,23.4694,173,0.00173,401,0.00401,0.2097902097902098,-0.006117262077111461,0.01776649746192887,-0.05904504100310967
-31.6327,25.5102,175,0.00175,450,0.0045,0.22377622377622378,0.005372711771708059,0.1421319796954314,0.05593449263990187
-31.6327,27.551,179,0.00179,372,0.00372,0.2517482517482518,0.0283526594693471,-0.055837563451776574,-0.12709415275101435
-31.6327,29.5918,185,0.00185,434,0.00434,0.2937062937062937,0.06282258101580566,0.10152284263959396,0.01839015512381657
-31.6327,31.6327,160,0.0016,408,0.00408,0.11888111888111888,-0.08080209209443835,0.03553299492385796,-0.04261939333982216
-31.6327,33.6735,253,0.00253,465,0.00465,0.7692307692307693,0.4534816918756694,0.18020304568527912,0.09113230906123192
-31.6327,35.7143,199,0.00199,422,0.00422,0.3916083916083916,0.1432523979575423,0.0710659898477157,-0.009768098013247555
-31.6327,37.7551,204,0.00204,457,0.00457,0.42657342657342656,0.1719773325795911,0.1598984771573605,0.07236014030318938
-31.6327,39.7959,140,0.0014,401,0.00401,-0.02097902097902098,-0.19570183058263355,0.01776649746192887,-0.05904504100310967
-31.6327,41.8367,152,0.00152,396,0.00396,0.06293706293706294,-0.12676198748971643,0.005076142131979709,-0.0707776464768863
-31.6327,43.8776,138,0.00138,434,0.00434,-0.03496503496503497,-0.20719180443145307,0.10152284263959396,0.01839015512381657
-31.6327,45.9184,241,0.00241,430,0.0043,0.6853146853146853,0.3845418487827522,0.09137055837563454,0.009004070744795195
-31.6327,47.9592,143,0.00143,394,0.00394,0.0,-0.17846686980940427,0.0,-0.07547068866639697
-31.6327,50.0,197,0.00197,419,0.00419,0.3776223776223776,0.1317624241087228,0.06345177664974624,-0.016807661297513484
-29.5918,-50.0,202,0.00202,424,0.00424,0.4125874125874126,0.16048735873077158,0.07614213197969541,-0.005075055823736867
-29.5918,-47.9592,170,0.0017000000000000001,426,0.00426,0.1888111888111888,-0.02335222285034074,0.08121827411167512,-0.00038201363422617977
-29.5918,-45.9184,176,0.00176,367,0.00367,0.23076923076923078,0.01111769869611782,-0.06852791878172584,-0.13882675822479107
-29.5918,-43.8776,158,0.0015799999999999998,397,0.00397,0.1048951048951049,-0.09229206594325787,0.007614213197969453,-0.06843112538213104
-29.5918,-41.8367,165,0.00165,418,0.00418,0.15384615384615385,-0.05207715747238954,0.060913705583756285,-0.01915418239226893
-29.5918,-39.7959,182,0.00182,458,0.00458,0.2727272727272727,0.045587620242576385,0.16243654822335024,0.07470666139794462
-29.5918,-37.7551,150,0.0015,422,0.00422,0.04895104895104895,-0.13825196133853596,0.0710659898477157,-0.009768098013247555
-29.5918,-35.7143,141,0.00141,408,0.00408,-0.013986013986013986,-0.1899568436582238,0.03553299492385796,-0.04261939333982216
-29.5918,-33.6735,176,0.00176,436,0.00436,0.23076923076923078,0.01111769869611782,0.10659898477157366,0.02308319731332726
-29.5918,-31.6327,226,0.00226,464,0.00464,0.5804195804195804,0.2983670449166058,0.17766497461928937,0.08878578796647668
-29.5918,-29.5918,187,0.0018700000000000001,413,0.00413,0.3076923076923077,0.07431255486462518,0.048223350253807126,-0.030886787866045547
-29.5918,-27.551,137,0.0013700000000000001,418,0.00418,-0.04195804195804196,-0.21293679135586283,0.060913705583756285,-0.01915418239226893
-29.5918,-25.5102,147,0.00147,390,0.0039,0.027972027972027972,-0.15548692211176524,-0.010152284263959418,-0.08485677304541836
-29.5918,-23.4694,176,0.00176,426,0.00426,0.23076923076923078,0.01111769869611782,0.08121827411167512,-0.00038201363422617977
-29.5918,-21.4286,171,0.0017100000000000001,427,0.00427,0.1958041958041958,-0.017607235925930984,0.08375634517766509,0.0019645074605292656
-29.5918,-19.3878,150,0.0015,407,0.00407,0.04895104895104895,-0.13825196133853596,0.032994923857867994,-0.04496591443457761
-29.5918,-17.3469,149,0.00149,402,0.00402,0.04195804195804196,-0.1439969482629457,0.020304568527918836,-0.05669851990835423
-29.5918,-15.3061,134,0.00134,408,0.00408,-0.06293706293706294,-0.2301717521290921,0.03553299492385796,-0.04261939333982216
-29.5918,-13.2653,143,0.00143,435,0.00435,0.0,-0.17846686980940427,0.10406091370558371,0.020736676218571812
-29.5918,-11.2245,174,0.00174,421,0.00421,0.21678321678321677,-0.00037227515270170126,0.06852791878172595,-0.012114619108002798
-29.5918,-9.18367,201,0.0020099999999999996,427,0.0042699999999999995,0.40559440559440557,0.15474237180636183,0.08375634517766486,0.0019645074605290623
-29.5918,-7.14286,204,0.00204,430,0.0043,0.42657342657342656,0.1719773325795911,0.09137055837563454,0.009004070744795195
-29.5918,-5.10204,188,0.00188,442,0.00442,0.3146853146853147,0.08005754178903494,0.12182741116751279,0.03716232388185932
-29.5918,-3.06122,145,0.0014500000000000001,372,0.00372,0.013986013986013986,-0.16697689596058476,-0.055837563451776574,-0.12709415275101435
-29.5918,-1.02041,152,0.00152,401,0.00401,0.06293706293706294,-0.12676198748971643,0.01776649746192887,-0.05904504100310967
-29.5918,1.02041,175,0.00175,430,0.0043,0.22377622377622378,0.005372711771708059,0.09137055837563454,0.009004070744795195
-29.5918,3.06122,171,0.00171,426,0.00426,0.1958041958041958,-0.017607235925930984,0.08121827411167512,-0.00038201363422617977
-29.5918,5.10204,201,0.00201,431,0.0043100000000000005,0.40559440559440557,0.15474237180636183,0.09390862944162451,0.011350591839550641
-29.5918,7.14286,169,0.00169,469,0.00469,0.18181818181818182,-0.029097209774750502,0.19035532994923854,0.1005183934402533
-29.5918,9.18367,154,0.0015400000000000001,419,0.00419,0.07692307692307693,-0.11527201364089691,0.06345177664974624,-0.016807661297513484
-29.5918,11.2245,174,0.00174,431,0.00431,0.21678321678321677,-0.00037227515270170126,0.09390862944162429,0.011350591839550438
-29.5918,13.2653,187,0.0018700000000000001,409,0.00409,0.3076923076923077,0.07431255486462518,0.038071065989847705,-0.040272872245066926
-29.5918,15.3061,157,0.00157,384,0.0038399999999999997,0.0979020979020979,-0.09803705286766763,-0.025380710659898543,-0.09893589961395041
-29.5918,17.3469,168,0.00168,425,0.00425,0.17482517482517482,-0.03484219669916026,0.07868020304568538,-0.002728534728981422
-29.5918,19.3878,164,0.00164,431,0.00431,0.14685314685314685,-0.05782214439679931,0.09390862944162429,0.011350591839550438
-29.5918,21.4286,166,0.00166,436,0.00436,0.16083916083916083,-0.046332170547979785,0.10659898477157366,0.02308319731332726
-29.5918,23.4694,191,0.00191,411,0.00411,0.3356643356643357,0.09729250256226422,0.043147208121827416,-0.03557983005555623
-29.5918,25.5102,191,0.00191,420,0.0042,0.3356643356643357,0.09729250256226422,0.06598984771573599,-0.014461140202758243
-29.5918,27.551,158,0.00158,381,0.00381,0.1048951048951049,-0.09229206594325787,-0.032994923857867994,-0.10597546289821634
-29.5918,29.5918,163,0.0016300000000000002,436,0.00436,0.13986013986013987,-0.06356713132120906,0.10659898477157366,0.02308319731332726
-29.5918,31.6327,192,0.0019199999999999998,460,0.0046,0.34265734265734266,0.10303748948667399,0.16751269035532995,0.07939970358745531
-29.5918,33.6735,175,0.00175,432,0.00432,0.22377622377622378,0.005372711771708059,0.09644670050761425,0.013697112934305884
-29.5918,35.7143,149,0.00149,385,0.00385,0.04195804195804196,-0.1439969482629457,-0.02284263959390858,-0.09658937851919497
-29.5918,37.7551,211,0.00211,432,0.00432,0.4755244755244755,0.21219224105045942,0.09644670050761425,0.013697112934305884
-29.5918,39.7959,172,0.0017200000000000002,430,0.0043,0.20279720279720279,-0.011862249001521222,0.09137055837563454,0.009004070744795195
-29.5918,41.8367,154,0.0015400000000000001,410,0.0041,0.07692307692307693,-0.11527201364089691,0.04060913705583767,-0.037926351150311476
-29.5918,43.8776,190,0.0019,441,0.00441,0.32867132867132864,0.09154751563785446,0.11928934010152283,0.034815802787103875
-29.5918,45.9184,145,0.00145,419,0.00419,0.013986013986013986,-0.16697689596058476,0.06345177664974624,-0.016807661297513484
-29.5918,47.9592,146,0.00146,390,0.0039,0.02097902097902098,-0.161231909036175,-0.010152284263959418,-0.08485677304541836
-29.5918,50.0,198,0.00198,419,0.00419,0.38461538461538464,0.13750741103313255,0.06345177664974624,-0.016807661297513484
-27.551,-50.0,157,0.00157,402,0.00402,0.0979020979020979,-0.09803705286766763,0.020304568527918836,-0.05669851990835423
-27.551,-47.9592,160,0.0015999999999999999,447,0.00447,0.11888111888111888,-0.08080209209443835,0.13451776649746194,0.04889492935563594
-27.551,-45.9184,189,0.0018900000000000002,434,0.00434,0.32167832167832167,0.08580252871344471,0.10152284263959396,0.01839015512381657
-27.551,-43.8776,155,0.00155,397,0.00397,0.08391608391608392,-0.10952702671648715,0.007614213197969453,-0.06843112538213104
-27.551,-41.8367,225,0.00225,438,0.00438,0.5734265734265734,0.2926220579921961,0.11167512690355337,0.027776239502837946
-27.551,-39.7959,190,0.0019,432,0.00432,0.32867132867132864,0.09154751563785446,0.09644670050761425,0.013697112934305884
-27.551,-37.7551,167,0.00167,421,0.00421,0.16783216783216784,-0.04058718362357002,0.06852791878172595,-0.012114619108002798
-27.551,-35.7143,166,0.00166,401,0.00401,0.16083916083916083,-0.046332170547979785,0.01776649746192887,-0.05904504100310967
-27.551,-33.6735,134,0.00134,429,0.00429,-0.06293706293706294,-0.2301717521290921,0.0888324873096448,0.006657549650039954
-27.551,-31.6327,173,0.00173,438,0.00438,0.2097902097902098,-0.006117262077111461,0.11167512690355337,0.027776239502837946
-27.551,-29.5918,182,0.00182,414,0.00414,0.2727272727272727,0.045587620242576385,0.05076142131979687,-0.028540266771290304
-27.551,-27.551,201,0.00201,449,0.00449,0.40559440559440557,0.15474237180636183,0.13959390862944165,0.05358797154514663
-27.551,-25.5102,179,0.00179,434,0.00434,0.2517482517482518,0.0283526594693471,0.10152284263959396,0.01839015512381657
-27.551,-23.4694,217,0.00217,432,0.00432,0.5174825174825175,0.246662162596918,0.09644670050761425,0.013697112934305884
-27.551,-21.4286,150,0.0015,440,0.0044,0.04895104895104895,-0.13825196133853596,0.11675126903553308,0.03246928169234863
-27.551,-19.3878,201,0.00201,441,0.00441,0.40559440559440557,0.15474237180636183,0.11928934010152283,0.034815802787103875
-27.551,-17.3469,173,0.00173,406,0.00406,0.2097902097902098,-0.006117262077111461,0.030456852791878253,-0.047312435529332855
-27.551,-15.3061,179,0.0017900000000000001,444,0.0044399999999999995,0.2517482517482518,0.0283526594693471,0.1269035532994923,0.041855366071369804
-27.551,-13.2653,158,0.00158,427,0.00427,0.1048951048951049,-0.09229206594325787,0.08375634517766509,0.0019645074605292656
-27.551,-11.2245,190,0.0019,432,0.00432,0.32867132867132864,0.09154751563785446,0.09644670050761425,0.013697112934305884
-27.551,-9.18367,217,0.00217,446,0.00446,0.5174825174825175,0.246662162596918,0.1319796954314722,0.0465484082608807
-27.551,-7.14286,202,0.00202,424,0.00424,0.4125874125874126,0.16048735873077158,0.07614213197969541,-0.005075055823736867
-27.551,-5.10204,138,0.00138,406,0.00406,-0.03496503496503497,-0.20719180443145307,0.030456852791878253,-0.047312435529332855
-27.551,-3.06122,221,0.00221,452,0.00452,0.5454545454545454,0.26964211029455704,0.1472081218274111,0.060627534829412556
-27.551,-1.02041,154,0.00154,405,0.00405,0.07692307692307693,-0.11527201364089691,0.027918781725888287,-0.0496589566240883
-27.551,1.02041,176,0.00176,422,0.00422,0.23076923076923078,0.01111769869611782,0.0710659898477157,-0.009768098013247555
-27.551,3.06122,161,0.0016099999999999999,438,0.00438,0.1258741258741259,-0.07505710517002859,0.11167512690355337,0.027776239502837946
-27.551,5.10204,180,0.0018,452,0.00452,0.25874125874125875,0.03409764639375686,0.1472081218274111,0.060627534829412556
-27.551,7.14286,155,0.00155,415,0.00415,0.08391608391608392,-0.10952702671648715,0.05329949238578683,-0.02619374567653486
-27.551,9.18367,177,0.0017699999999999999,447,0.00447,0.23776223776223776,0.01686268562052758,0.13451776649746194,0.04889492935563594
-27.551,11.2245,200,0.002,423,0.00423,0.3986013986013986,0.14899738488195208,0.07360406091370567,-0.00742157691849211
-27.551,13.2653,205,0.00205,441,0.00441,0.43356643356643354,0.17772231950400086,0.11928934010152283,0.034815802787103875
-27.551,15.3061,191,0.00191,400,0.004,0.3356643356643357,0.09729250256226422,0.015228426395939127,-0.061391562097864914
-27.551,17.3469,170,0.0017000000000000001,399,0.0039900000000000005,0.1888111888111888,-0.02335222285034074,0.012690355329949382,-0.06373808319262016
-27.551,19.3878,205,0.00205,362,0.00362,0.43356643356643354,0.17772231950400086,-0.08121827411167512,-0.1505593636985678
-27.551,21.4286,153,0.0015300000000000001,386,0.00386,0.06993006993006994,-0.12101700056530666,-0.020304568527918725,-0.09424285742443962
-27.551,23.4694,168,0.00168,418,0.00418,0.17482517482517482,-0.03484219669916026,0.060913705583756285,-0.01915418239226893
-27.551,25.5102,186,0.00186,410,0.0040999999999999995,0.3006993006993007,0.06856756794021543,0.04060913705583745,-0.037926351150311684
-27.551,27.551,187,0.0018700000000000001,409,0.00409,0.3076923076923077,0.07431255486462518,0.038071065989847705,-0.040272872245066926
-27.551,29.5918,171,0.0017100000000000001,407,0.00407,0.1958041958041958,-0.017607235925930984,0.032994923857867994,-0.04496591443457761
-27.551,31.6327,171,0.00171,491,0.00491,0.1958041958041958,-0.017607235925930984,0.24619289340101533,0.15214185752487086
-27.551,33.6735,152,0.00152,376,0.0037600000000000003,0.06293706293706294,-0.12676198748971643,-0.04568527918781716,-0.11770806837199296
-27.551,35.7143,144,0.00144,438,0.00438,0.006993006993006993,-0.17272188288499452,0.11167512690355337,0.027776239502837946
-27.551,37.7551,132,0.00132,376,0.00376,-0.07692307692307693,-0.24166172597791163,-0.04568527918781727,-0.11770806837199306
-27.551,39.7959,149,0.00149,417,0.00417,0.04195804195804196,-0.1439969482629457,0.05837563451776654,-0.021500703487024174
-27.551,41.8367,169,0.00169,410,0.0041,0.18181818181818182,-0.029097209774750502,0.04060913705583767,-0.037926351150311476
-27.551,43.8776,194,0.00194,408,0.00408,0.35664335664335667,0.1145274633354935,0.03553299492385796,-0.04261939333982216
-27.551,45.9184,161,0.00161,420,0.0042,0.1258741258741259,-0.07505710517002859,0.06598984771573599,-0.014461140202758243
-27.551,47.9592,156,0.00156,401,0.00401,0.09090909090909091,-0.10378203979207738,0.01776649746192887,-0.05904504100310967
-27.551,50.0,167,0.00167,418,0.00418,0.16783216783216784,-0.04058718362357002,0.060913705583756285,-0.01915418239226893
-25.5102,-50.0,192,0.00192,441,0.00441,0.34265734265734266,0.10303748948667399,0.11928934010152283,0.034815802787103875
-25.5102,-47.9592,195,0.0019500000000000001,414,0.00414,0.36363636363636365,0.12027245025990327,0.05076142131979687,-0.028540266771290304
-25.5102,-45.9184,192,0.00192,447,0.00447,0.34265734265734266,0.10303748948667399,0.13451776649746194,0.04889492935563594
-25.5102,-43.8776,183,0.00183,452,0.00452,0.27972027972027974,0.05133260716698614,0.1472081218274111,0.060627534829412556
-25.5102,-41.8367,187,0.0018700000000000001,415,0.00415,0.3076923076923077,0.07431255486462518,0.05329949238578683,-0.02619374567653486
-25.5102,-39.7959,177,0.00177,427,0.00427,0.23776223776223776,0.01686268562052758,0.08375634517766509,0.0019645074605292656
-25.5102,-37.7551,189,0.00189,441,0.00441,0.32167832167832167,0.08580252871344471,0.11928934010152283,0.034815802787103875
-25.5102,-35.7143,152,0.00152,410,0.0041,0.06293706293706294,-0.12676198748971643,0.04060913705583767,-0.037926351150311476
-25.5102,-33.6735,145,0.0014500000000000001,382,0.00382,0.013986013986013986,-0.16697689596058476,-0.030456852791878142,-0.10362894180346101
-25.5102,-31.6327,173,0.00173,446,0.00446,0.2097902097902098,-0.006117262077111461,0.1319796954314722,0.0465484082608807
-25.5102,-29.5918,135,0.00135,431,0.00431,-0.055944055944055944,-0.22442676520468235,0.09390862944162429,0.011350591839550438
-25.5102,-27.551,176,0.0017599999999999998,400,0.004,0.23076923076923078,0.01111769869611782,0.015228426395939127,-0.061391562097864914
-25.5102,-25.5102,203,0.00203,487,0.00487,0.4195804195804196,0.16623234565518136,0.2360406091370559,0.1427557731458495
-25.5102,-23.4694,178,0.00178,395,0.00395,0.24475524475524477,0.02260767254493734,0.0025380710659899646,-0.07312416757164153
-25.5102,-21.4286,170,0.0017000000000000001,432,0.00432,0.1888111888111888,-0.02335222285034074,0.09644670050761425,0.013697112934305884
-25.5102,-19.3878,174,0.00174,411,0.00411,0.21678321678321677,-0.00037227515270170126,0.043147208121827416,-0.03557983005555623
-25.5102,-17.3469,251,0.00251,462,0.00462,0.7552447552447552,0.44199171802684983,0.17258883248730966,0.08409274577696599
-25.5102,-15.3061,204,0.00204,420,0.0042,0.42657342657342656,0.1719773325795911,0.06598984771573599,-0.014461140202758243
-25.5102,-13.2653,174,0.00174,446,0.00446,0.21678321678321677,-0.00037227515270170126,0.1319796954314722,0.0465484082608807
-25.5102,-11.2245,160,0.0016,395,0.00395,0.11888111888111888,-0.08080209209443835,0.0025380710659899646,-0.07312416757164153
-25.5102,-9.18367,176,0.00176,402,0.00402,0.23076923076923078,0.01111769869611782,0.020304568527918836,-0.05669851990835423
-25.5102,-7.14286,167,0.00167,440,0.0044,0.16783216783216784,-0.04058718362357002,0.11675126903553308,0.03246928169234863
-25.5102,-5.10204,247,0.00247,459,0.00459,0.7272727272727273,0.41901177032921083,0.1649746192893402,0.07705318249270006
-25.5102,-3.06122,135,0.00135,398,0.00398,-0.055944055944055944,-0.22442676520468235,0.010152284263959418,-0.0660846042873756
-25.5102,-1.02041,200,0.002,408,0.00408,0.3986013986013986,0.14899738488195208,0.03553299492385796,-0.04261939333982216
-25.5102,1.02041,221,0.00221,431,0.00431,0.5454545454545454,0.26964211029455704,0.09390862944162429,0.011350591839550438
-25.5102,3.06122,142,0.00142,404,0.00404,-0.006993006993006993,-0.18421185673381404,0.025380710659898543,-0.05200547771884354
-25.5102,5.10204,162,0.0016200000000000001,388,0.00388,0.13286713286713286,-0.06931211824561882,-0.015228426395939016,-0.08954981523492894
-25.5102,7.14286,159,0.00159,405,0.00405,0.11188811188811189,-0.0865470790188481,0.027918781725888287,-0.0496589566240883
-25.5102,9.18367,171,0.0017100000000000001,419,0.00419,0.1958041958041958,-0.017607235925930984,0.06345177664974624,-0.016807661297513484
-25.5102,11.2245,207,0.00207,483,0.00483,0.44755244755244755,0.1892122933528204,0.22588832487309649,0.13336968876682812
-25.5102,13.2653,169,0.00169,408,0.00408,0.18181818181818182,-0.029097209774750502,0.03553299492385796,-0.04261939333982216
-25.5102,15.3061,159,0.0015899999999999998,421,0.00421,0.11188811188811189,-0.0865470790188481,0.06852791878172595,-0.012114619108002798
-25.5102,17.3469,183,0.00183,396,0.00396,0.27972027972027974,0.05133260716698614,0.005076142131979709,-0.0707776464768863
-25.5102,19.3878,202,0.00202,443,0.00443,0.4125874125874126,0.16048735873077158,0.12436548223350254,0.03950884497661456
-25.5102,21.4286,193,0.00193,435,0.00435,0.34965034965034963,0.10878247641108374,0.10406091370558371,0.020736676218571812
-25.5102,23.4694,148,0.00148,430,0.0043,0.03496503496503497,-0.14974193518735546,0.09137055837563454,0.009004070744795195
-25.5102,25.5102,161,0.0016099999999999999,410,0.0041,0.1258741258741259,-0.07505710517002859,0.04060913705583767,-0.037926351150311476
-25.5102,27.551,173,0.00173,433,0.00433,0.2097902097902098,-0.006117262077111461,0.098984771573604,0.016043634029061126
-25.5102,29.5918,157,0.00157,418,0.00418,0.0979020979020979,-0.09803705286766763,0.060913705583756285,-0.01915418239226893
-25.5102,31.6327,166,0.00166,410,0.0040999999999999995,0.16083916083916083,-0.046332170547979785,0.04060913705583745,-0.037926351150311684
-25.5102,33.6735,132,0.00132,407,0.00407,-0.07692307692307693,-0.24166172597791163,0.032994923857867994,-0.04496591443457761
-25.5102,35.7143,142,0.00142,403,0.00403,-0.006993006993006993,-0.18421185673381404,0.02284263959390858,-0.054351998813598985
-25.5102,37.7551,123,0.00123,435,0.00435,-0.13986013986013987,-0.2933666082975995,0.10406091370558371,0.020736676218571812
-25.5102,39.7959,174,0.00174,415,0.00415,0.21678321678321677,-0.00037227515270170126,0.05329949238578683,-0.02619374567653486
-25.5102,41.8367,180,0.0018,410,0.0041,0.25874125874125875,0.03409764639375686,0.04060913705583767,-0.037926351150311476
-25.5102,43.8776,174,0.00174,413,0.00413,0.21678321678321677,-0.00037227515270170126,0.048223350253807126,-0.030886787866045547
-25.5102,45.9184,174,0.00174,408,0.00408,0.21678321678321677,-0.00037227515270170126,0.03553299492385796,-0.04261939333982216
-25.5102,47.9592,140,0.0014,376,0.00376,-0.02097902097902098,-0.19570183058263355,-0.04568527918781727,-0.11770806837199306
-25.5102,50.0,153,0.00153,396,0.00396,0.06993006993006994,-0.12101700056530666,0.005076142131979709,-0.0707776464768863
-23.4694,-50.0,170,0.0017,433,0.0043300000000000005,0.1888111888111888,-0.02335222285034074,0.09898477157360422,0.016043634029061327
-23.4694,-47.9592,183,0.00183,441,0.00441,0.27972027972027974,0.05133260716698614,0.11928934010152283,0.034815802787103875
-23.4694,-45.9184,196,0.00196,434,0.00434,0.3706293706293706,0.12601743718431302,0.10152284263959396,0.01839015512381657
-23.4694,-43.8776,163,0.00163,446,0.00446,0.13986013986013987,-0.06356713132120906,0.1319796954314722,0.0465484082608807
-23.4694,-41.8367,141,0.00141,412,0.00412,-0.013986013986013986,-0.1899568436582238,0.04568527918781738,-0.03323330896080079
-23.4694,-39.7959,210,0.0021,432,0.00432,0.46853146853146854,0.20644725412604967,0.09644670050761425,0.013697112934305884
-23.4694,-37.7551,195,0.00195,411,0.00411,0.36363636363636365,0.12027245025990327,0.043147208121827416,-0.03557983005555623
-23.4694,-35.7143,162,0.00162,400,0.004,0.13286713286713286,-0.06931211824561882,0.015228426395939127,-0.061391562097864914
-23.4694,-33.6735,164,0.00164,409,0.00409,0.14685314685314685,-0.05782214439679931,0.038071065989847705,-0.040272872245066926
-23.4694,-31.6327,184,0.00184,420,0.0042,0.2867132867132867,0.0570775940913959,0.06598984771573599,-0.014461140202758243
-23.4694,-29.5918,158,0.00158,432,0.00432,0.1048951048951049,-0.09229206594325787,0.09644670050761425,0.013697112934305884
-23.4694,-27.551,170,0.0017000000000000001,410,0.0041,0.1888111888111888,-0.02335222285034074,0.04060913705583767,-0.037926351150311476
-23.4694,-25.5102,205,0.00205,416,0.00416,0.43356643356643354,0.17772231950400086,0.055837563451776574,-0.023847224581779618
-23.4694,-23.4694,133,0.00133,376,0.00376,-0.06993006993006994,-0.23591673905350188,-0.04568527918781727,-0.11770806837199306
-23.4694,-21.4286,177,0.00177,429,0.00429,0.23776223776223776,0.01686268562052758,0.0888324873096448,0.006657549650039954
-23.4694,-19.3878,163,0.00163,428,0.00428,0.13986013986013987,-0.06356713132120906,0.08629441624365483,0.004311028555284508
-23.4694,-17.3469,189,0.0018900000000000002,429,0.00429,0.32167832167832167,0.08580252871344471,0.0888324873096448,0.006657549650039954
-23.4694,-15.3061,157,0.00157,411,0.00411,0.0979020979020979,-0.09803705286766763,0.043147208121827416,-0.03557983005555623
-23.4694,-13.2653,214,0.00214,442,0.00442,0.4965034965034965,0.22942720182368873,0.12182741116751279,0.03716232388185932
-23.4694,-11.2245,147,0.00147,403,0.00403,0.027972027972027972,-0.15548692211176524,0.02284263959390858,-0.054351998813598985
-23.4694,-9.18367,148,0.00148,406,0.00406,0.03496503496503497,-0.14974193518735546,0.030456852791878253,-0.047312435529332855
-23.4694,-7.14286,169,0.00169,432,0.00432,0.18181818181818182,-0.029097209774750502,0.09644670050761425,0.013697112934305884
-23.4694,-5.10204,144,0.0014399999999999999,438,0.00438,0.006993006993006993,-0.17272188288499452,0.11167512690355337,0.027776239502837946
-23.4694,-3.06122,168,0.00168,387,0.00387,0.17482517482517482,-0.03484219669916026,-0.01776649746192887,-0.09189633632968429
-23.4694,-1.02041,192,0.00192,435,0.00435,0.34265734265734266,0.10303748948667399,0.10406091370558371,0.020736676218571812
-23.4694,1.02041,165,0.00165,406,0.00406,0.15384615384615385,-0.05207715747238954,0.030456852791878253,-0.047312435529332855
-23.4694,3.06122,129,0.00129,413,0.00413,-0.0979020979020979,-0.2588966867511409,0.048223350253807126,-0.030886787866045547
-23.4694,5.10204,159,0.00159,425,0.00425,0.11188811188811189,-0.0865470790188481,0.07868020304568538,-0.002728534728981422
-23.4694,7.14286,156,0.00156,376,0.0037600000000000003,0.09090909090909091,-0.10378203979207738,-0.04568527918781716,-0.11770806837199296
-23.4694,9.18367,226,0.00226,456,0.00456,0.5804195804195804,0.2983670449166058,0.15736040609137053,0.07001361920843394
-23.4694,11.2245,195,0.0019500000000000001,429,0.00429,0.36363636363636365,0.12027245025990327,0.0888324873096448,0.006657549650039954
-23.4694,13.2653,139,0.00139,403,0.00403,-0.027972027972027972,-0.20144681750704332,0.02284263959390858,-0.054351998813598985
-23.4694,15.3061,154,0.0015400000000000001,414,0.00414,0.07692307692307693,-0.11527201364089691,0.05076142131979687,-0.028540266771290304
-23.4694,17.3469,146,0.00146,406,0.00406,0.02097902097902098,-0.161231909036175,0.030456852791878253,-0.047312435529332855
-23.4694,19.3878,235,0.00235,457,0.00457,0.6433566433566433,0.35007192723629366,0.1598984771573605,0.07236014030318938
-23.4694,21.4286,180,0.0018,422,0.00422,0.25874125874125875,0.03409764639375686,0.0710659898477157,-0.009768098013247555
-23.4694,23.4694,181,0.00181,473,0.00473,0.26573426573426573,0.03984263331816662,0.20050761421319796,0.10990447781927468
-23.4694,25.5102,162,0.00162,406,0.00406,0.13286713286713286,-0.06931211824561882,0.030456852791878253,-0.047312435529332855
-23.4694,27.551,210,0.0021,433,0.00433,0.46853146853146854,0.20644725412604967,0.098984771573604,0.016043634029061126
-23.4694,29.5918,170,0.0017000000000000001,457,0.00457,0.1888111888111888,-0.02335222285034074,0.1598984771573605,0.07236014030318938
-23.4694,31.6327,182,0.00182,420,0.0042,0.2727272727272727,0.045587620242576385,0.06598984771573599,-0.014461140202758243
-23.4694,33.6735,157,0.00157,416,0.0041600000000000005,0.0979020979020979,-0.09803705286766763,0.055837563451776796,-0.023847224581779413
-23.4694,35.7143,142,0.00142,411,0.00411,-0.006993006993006993,-0.18421185673381404,0.043147208121827416,-0.03557983005555623
-23.4694,37.7551,167,0.00167,465,0.00465,0.16783216783216784,-0.04058718362357002,0.18020304568527912,0.09113230906123192
-23.4694,39.7959,190,0.0019,444,0.0044399999999999995,0.32867132867132864,0.09154751563785446,0.1269035532994923,0.041855366071369804
-23.4694,41.8367,223,0.00223,427,0.00427,0.5594405594405595,0.28113208414337654,0.08375634517766509,0.0019645074605292656
-23.4694,43.8776,203,0.00203,424,0.00424,0.4195804195804196,0.16623234565518136,0.07614213197969541,-0.005075055823736867
-23.4694,45.9184,169,0.0016899999999999999,394,0.00394,0.18181818181818182,-0.029097209774750502,0.0,-0.07547068866639697
-23.4694,47.9592,201,0.00201,441,0.00441,0.40559440559440557,0.15474237180636183,0.11928934010152283,0.034815802787103875
-23.4694,50.0,149,0.00149,411,0.00411,0.04195804195804196,-0.1439969482629457,0.043147208121827416,-0.03557983005555623
-21.4286,-50.0,180,0.0018,410,0.0041,0.25874125874125875,0.03409764639375686,0.04060913705583767,-0.037926351150311476
-21.4286,-47.9592,177,0.00177,458,0.00458,0.23776223776223776,0.01686268562052758,0.16243654822335024,0.07470666139794462
-21.4286,-45.9184,166,0.00166,419,0.00419,0.16083916083916083,-0.046332170547979785,0.06345177664974624,-0.016807661297513484
-21.4286,-43.8776,165,0.00165,445,0.00445,0.15384615384615385,-0.05207715747238954,0.12944162436548223,0.04420188716612525
-21.4286,-41.8367,183,0.00183,454,0.00454,0.27972027972027974,0.05133260716698614,0.15228426395939082,0.06532057701892324
-21.4286,-39.7959,183,0.00183,434,0.00434,0.27972027972027974,0.05133260716698614,0.10152284263959396,0.01839015512381657
-21.4286,-37.7551,163,0.00163,418,0.00418,0.13986013986013987,-0.06356713132120906,0.060913705583756285,-0.01915418239226893
-21.4286,-35.7143,172,0.00172,404,0.00404,0.20279720279720279,-0.011862249001521222,0.025380710659898543,-0.05200547771884354
-21.4286,-33.6735,167,0.00167,386,0.00386,0.16783216783216784,-0.04058718362357002,-0.020304568527918725,-0.09424285742443962
-21.4286,-31.6327,198,0.00198,385,0.00385,0.38461538461538464,0.13750741103313255,-0.02284263959390858,-0.09658937851919497
-21.4286,-29.5918,154,0.00154,394,0.00394,0.07692307692307693,-0.11527201364089691,0.0,-0.07547068866639697
-21.4286,-27.551,172,0.00172,417,0.00417,0.20279720279720279,-0.011862249001521222,0.05837563451776654,-0.021500703487024174
-21.4286,-25.5102,164,0.00164,414,0.00414,0.14685314685314685,-0.05782214439679931,0.05076142131979687,-0.028540266771290304
-21.4286,-23.4694,194,0.00194,390,0.0039,0.35664335664335667,0.1145274633354935,-0.010152284263959418,-0.08485677304541836
-21.4286,-21.4286,177,0.00177,416,0.0041600000000000005,0.23776223776223776,0.01686268562052758,0.055837563451776796,-0.023847224581779413
-21.4286,-19.3878,173,0.00173,489,0.00489,0.2097902097902098,-0.006117262077111461,0.24111675126903562,0.14744881533536017
-21.4286,-17.3469,146,0.0014600000000000001,384,0.0038399999999999997,0.02097902097902098,-0.161231909036175,-0.025380710659898543,-0.09893589961395041
-21.4286,-15.3061,135,0.00135,427,0.00427,-0.055944055944055944,-0.22442676520468235,0.08375634517766509,0.0019645074605292656
-21.4286,-13.2653,149,0.00149,397,0.00397,0.04195804195804196,-0.1439969482629457,0.007614213197969453,-0.06843112538213104
-21.4286,-11.2245,169,0.00169,407,0.00407,0.18181818181818182,-0.029097209774750502,0.032994923857867994,-0.04496591443457761
-21.4286,-9.18367,179,0.00179,464,0.00464,0.2517482517482518,0.0283526594693471,0.17766497461928937,0.08878578796647668
-21.4286,-7.14286,168,0.0016799999999999999,387,0.00387,0.17482517482517482,-0.03484219669916026,-0.01776649746192887,-0.09189633632968429
-21.4286,-5.10204,149,0.00149,429,0.00429,0.04195804195804196,-0.1439969482629457,0.0888324873096448,0.006657549650039954
-21.4286,-3.06122,208,0.00208,453,0.00453,0.45454545454545453,0.19495728027723014,0.14974619289340108,0.06297405592416801
-21.4286,-1.02041,196,0.00196,472,0.00472,0.3706293706293706,0.12601743718431302,0.19796954314720822,0.10755795672451943
-21.4286,1.02041,180,0.0018,438,0.00438,0.25874125874125875,0.03409764639375686,0.11167512690355337,0.027776239502837946
-21.4286,3.06122,219,0.00219,441,0.00441,0.5314685314685315,0.25815213644573753,0.11928934010152283,0.034815802787103875
-21.4286,5.10204,231,0.00231,478,0.0047799999999999995,0.6153846153846154,0.32709197953865465,0.2131979695431471,0.1216370832930513
-21.4286,7.14286,196,0.00196,461,0.00461,0.3706293706293706,0.12601743718431302,0.17005076142131992,0.08174622468221075
-21.4286,9.18367,192,0.00192,418,0.00418,0.34265734265734266,0.10303748948667399,0.060913705583756285,-0.01915418239226893
-21.4286,11.2245,158,0.00158,423,0.00423,0.1048951048951049,-0.09229206594325787,0.07360406091370567,-0.00742157691849211
-21.4286,13.2653,159,0.00159,449,0.00449,0.11188811188811189,-0.0865470790188481,0.13959390862944165,0.05358797154514663
-21.4286,15.3061,151,0.00151,397,0.00397,0.055944055944055944,-0.13250697441412618,0.007614213197969453,-0.06843112538213104
-21.4286,17.3469,173,0.00173,411,0.00411,0.2097902097902098,-0.006117262077111461,0.043147208121827416,-0.03557983005555623
-21.4286,19.3878,153,0.00153,423,0.00423,0.06993006993006994,-0.12101700056530666,0.07360406091370567,-0.00742157691849211
-21.4286,21.4286,156,0.00156,438,0.00438,0.09090909090909091,-0.10378203979207738,0.11167512690355337,0.027776239502837946
-21.4286,23.4694,159,0.0015899999999999998,412,0.00412,0.11188811188811189,-0.0865470790188481,0.04568527918781738,-0.03323330896080079
-21.4286,25.5102,164,0.00164,456,0.00456,0.14685314685314685,-0.05782214439679931,0.15736040609137053,0.07001361920843394
-21.4286,27.551,238,0.00238,414,0.00414,0.6643356643356644,0.36730688800952294,0.05076142131979687,-0.028540266771290304
-21.4286,29.5918,167,0.00167,436,0.00436,0.16783216783216784,-0.04058718362357002,0.10659898477157366,0.02308319731332726
-21.4286,31.6327,144,0.00144,406,0.00406,0.006993006993006993,-0.17272188288499452,0.030456852791878253,-0.047312435529332855
-21.4286,33.6735,236,0.00236,458,0.00458,0.6503496503496503,0.35581691416070343,0.16243654822335024,0.07470666139794462
-21.4286,35.7143,189,0.00189,406,0.00406,0.32167832167832167,0.08580252871344471,0.030456852791878253,-0.047312435529332855
-21.4286,37.7551,208,0.0020800000000000003,463,0.00463,0.45454545454545453,0.19495728027723014,0.1751269035532994,0.08643926687172124
-21.4286,39.7959,159,0.00159,400,0.004,0.11188811188811189,-0.0865470790188481,0.015228426395939127,-0.061391562097864914
-21.4286,41.8367,154,0.0015400000000000001,400,0.004,0.07692307692307693,-0.11527201364089691,0.015228426395939127,-0.061391562097864914
-21.4286,43.8776,173,0.00173,444,0.0044399999999999995,0.2097902097902098,-0.006117262077111461,0.1269035532994923,0.041855366071369804
-21.4286,45.9184,254,0.00254,454,0.00454,0.7762237762237763,0.4592266788000791,0.15228426395939082,0.06532057701892324
-21.4286,47.9592,149,0.00149,403,0.00403,0.04195804195804196,-0.1439969482629457,0.02284263959390858,-0.054351998813598985
-21.4286,50.0,182,0.00182,407,0.00407,0.2727272727272727,0.045587620242576385,0.032994923857867994,-0.04496591443457761
-19.3878,-50.0,185,0.00185,416,0.0041600000000000005,0.2937062937062937,0.06282258101580566,0.055837563451776796,-0.023847224581779413
-19.3878,-47.9592,161,0.00161,426,0.00426,0.1258741258741259,-0.07505710517002859,0.08121827411167512,-0.00038201363422617977
-19.3878,-45.9184,162,0.0016200000000000001,365,0.00365,0.13286713286713286,-0.06931211824561882,-0.07360406091370555,-0.14351980041430173
-19.3878,-43.8776,159,0.00159,403,0.00403,0.11188811188811189,-0.0865470790188481,0.02284263959390858,-0.054351998813598985
-19.3878,-41.8367,163,0.00163,432,0.00432,0.13986013986013987,-0.06356713132120906,0.09644670050761425,0.013697112934305884
-19.3878,-39.7959,217,0.00217,454,0.00454,0.5174825174825175,0.246662162596918,0.15228426395939082,0.06532057701892324
-19.3878,-37.7551,156,0.0015600000000000002,427,0.00427,0.09090909090909091,-0.10378203979207738,0.08375634517766509,0.0019645074605292656
-19.3878,-35.7143,149,0.00149,426,0.00426,0.04195804195804196,-0.1439969482629457,0.08121827411167512,-0.00038201363422617977
-19.3878,-33.6735,172,0.00172,427,0.00427,0.20279720279720279,-0.011862249001521222,0.08375634517766509,0.0019645074605292656
-19.3878,-31.6327,180,0.0018,436,0.00436,0.25874125874125875,0.03409764639375686,0.10659898477157366,0.02308319731332726
-19.3878,-29.5918,181,0.00181,425,0.00425,0.26573426573426573,0.03984263331816662,0.07868020304568538,-0.002728534728981422
-19.3878,-27.551,145,0.00145,431,0.00431,0.013986013986013986,-0.16697689596058476,0.09390862944162429,0.011350591839550438
-19.3878,-25.5102,193,0.00193,414,0.00414,0.34965034965034963,0.10878247641108374,0.05076142131979687,-0.028540266771290304
-19.3878,-23.4694,172,0.0017200000000000002,437,0.00437,0.20279720279720279,-0.011862249001521222,0.1091370558375634,0.0254297184080825
-19.3878,-21.4286,177,0.0017699999999999999,439,0.00439,0.23776223776223776,0.01686268562052758,0.11421319796954311,0.03012276059759319
-19.3878,-19.3878,169,0.00169,394,0.00394,0.18181818181818182,-0.029097209774750502,0.0,-0.07547068866639697
-19.3878,-17.3469,155,0.0015500000000000002,405,0.00405,0.08391608391608392,-0.10952702671648715,0.027918781725888287,-0.0496589566240883
-19.3878,-15.3061,147,0.00147,423,0.00423,0.027972027972027972,-0.15548692211176524,0.07360406091370567,-0.00742157691849211
-19.3878,-13.2653,122,0.00122,417,0.00417,-0.14685314685314685,-0.29911159522200925,0.05837563451776654,-0.021500703487024174
-19.3878,-11.2245,191,0.0019099999999999998,428,0.00428,0.3356643356643357,0.09729250256226422,0.08629441624365483,0.004311028555284508
-19.3878,-9.18367,188,0.00188,425,0.00425,0.3146853146853147,0.08005754178903494,0.07868020304568538,-0.002728534728981422
-19.3878,-7.14286,188,0.0018800000000000002,434,0.00434,0.3146853146853147,0.08005754178903494,0.10152284263959396,0.01839015512381657
-19.3878,-5.10204,192,0.00192,423,0.00423,0.34265734265734266,0.10303748948667399,0.07360406091370567,-0.00742157691849211
-19.3878,-3.06122,162,0.00162,405,0.00405,0.13286713286713286,-0.06931211824561882,0.027918781725888287,-0.0496589566240883
-19.3878,-1.02041,166,0.00166,409,0.00409,0.16083916083916083,-0.046332170547979785,0.038071065989847705,-0.040272872245066926
-19.3878,1.02041,170,0.0017000000000000001,431,0.00431,0.1888111888111888,-0.02335222285034074,0.09390862944162429,0.011350591839550438
-19.3878,3.06122,154,0.00154,417,0.00417,0.07692307692307693,-0.11527201364089691,0.05837563451776654,-0.021500703487024174
-19.3878,5.10204,193,0.00193,457,0.00457,0.34965034965034963,0.10878247641108374,0.1598984771573605,0.07236014030318938
-19.3878,7.14286,179,0.00179,462,0.00462,0.2517482517482518,0.0283526594693471,0.17258883248730966,0.08409274577696599
-19.3878,9.18367,156,0.00156,424,0.00424,0.09090909090909091,-0.10378203979207738,0.07614213197969541,-0.005075055823736867
-19.3878,11.2245,171,0.00171,437,0.00437,0.1958041958041958,-0.017607235925930984,0.1091370558375634,0.0254297184080825
-19.3878,13.2653,178,0.00178,407,0.00407,0.24475524475524477,0.02260767254493734,0.032994923857867994,-0.04496591443457761
-19.3878,15.3061,170,0.0017000000000000001,396,0.00396,0.1888111888111888,-0.02335222285034074,0.005076142131979709,-0.0707776464768863
-19.3878,17.3469,194,0.0019399999999999999,455,0.00455,0.35664335664335667,0.1145274633354935,0.1548223350253808,0.06766709811367869
-19.3878,19.3878,170,0.0017000000000000001,412,0.00412,0.1888111888111888,-0.02335222285034074,0.04568527918781738,-0.03323330896080079
-19.3878,21.4286,172,0.0017200000000000002,424,0.00424,0.20279720279720279,-0.011862249001521222,0.07614213197969541,-0.005075055823736867
-19.3878,23.4694,190,0.0019,436,0.00436,0.32867132867132864,0.09154751563785446,0.10659898477157366,0.02308319731332726
-19.3878,25.5102,160,0.0016,398,0.00398,0.11888111888111888,-0.08080209209443835,0.010152284263959418,-0.0660846042873756
-19.3878,27.551,173,0.0017300000000000002,394,0.00394,0.2097902097902098,-0.006117262077111461,0.0,-0.07547068866639697
-19.3878,29.5918,139,0.0013900000000000002,434,0.00434,-0.027972027972027972,-0.20144681750704332,0.10152284263959396,0.01839015512381657
-19.3878,31.6327,194,0.0019399999999999999,453,0.00453,0.35664335664335667,0.1145274633354935,0.14974619289340108,0.06297405592416801
-19.3878,33.6735,179,0.00179,420,0.0042,0.2517482517482518,0.0283526594693471,0.06598984771573599,-0.014461140202758243
-19.3878,35.7143,172,0.00172,402,0.00402,0.20279720279720279,-0.011862249001521222,0.020304568527918836,-0.05669851990835423
-19.3878,37.7551,197,0.00197,431,0.00431,0.3776223776223776,0.1317624241087228,0.09390862944162429,0.011350591839550438
-19.3878,39.7959,153,0.0015300000000000001,424,0.00424,0.06993006993006994,-0.12101700056530666,0.07614213197969541,-0.005075055823736867
-19.3878,41.8367,167,0.00167,414,0.00414,0.16783216783216784,-0.04058718362357002,0.05076142131979687,-0.028540266771290304
-19.3878,43.8776,161,0.00161,433,0.0043300000000000005,0.1258741258741259,-0.07505710517002859,0.09898477157360422,0.016043634029061327
-19.3878,45.9184,184,0.00184,406,0.00406,0.2867132867132867,0.0570775940913959,0.030456852791878253,-0.047312435529332855
-19.3878,47.9592,148,0.00148,379,0.00379,0.03496503496503497,-0.14974193518735546,-0.038071065989847705,-0.11066850508772703
-19.3878,50.0,189,0.00189,418,0.00418,0.32167832167832167,0.08580252871344471,0.060913705583756285,-0.01915418239226893
-17.3469,-50.0,148,0.00148,423,0.00423,0.03496503496503497,-0.14974193518735546,0.07360406091370567,-0.00742157691849211
-17.3469,-47.9592,165,0.00165,434,0.00434,0.15384615384615385,-0.05207715747238954,0.10152284263959396,0.01839015512381657
-17.3469,-45.9184,193,0.0019299999999999999,434,0.00434,0.34965034965034963,0.10878247641108374,0.10152284263959396,0.01839015512381657
-17.3469,-43.8776,158,0.00158,403,0.00403,0.1048951048951049,-0.09229206594325787,0.02284263959390858,-0.054351998813598985
-17.3469,-41.8367,211,0.00211,433,0.0043300000000000005,0.4755244755244755,0.21219224105045942,0.09898477157360422,0.016043634029061327
-17.3469,-39.7959,182,0.00182,419,0.00419,0.2727272727272727,0.045587620242576385,0.06345177664974624,-0.016807661297513484
-17.3469,-37.7551,184,0.00184,415,0.00415,0.2867132867132867,0.0570775940913959,0.05329949238578683,-0.02619374567653486
-17.3469,-35.7143,150,0.0015,385,0.00385,0.04895104895104895,-0.13825196133853596,-0.02284263959390858,-0.09658937851919497
-17.3469,-33.6735,149,0.00149,437,0.00437,0.04195804195804196,-0.1439969482629457,0.1091370558375634,0.0254297184080825
-17.3469,-31.6327,204,0.00204,453,0.00453,0.42657342657342656,0.1719773325795911,0.14974619289340108,0.06297405592416801
-17.3469,-29.5918,162,0.0016200000000000001,406,0.00406,0.13286713286713286,-0.06931211824561882,0.030456852791878253,-0.047312435529332855
-17.3469,-27.551,185,0.00185,458,0.00458,0.2937062937062937,0.06282258101580566,0.16243654822335024,0.07470666139794462
-17.3469,-25.5102,180,0.0018,418,0.00418,0.25874125874125875,0.03409764639375686,0.060913705583756285,-0.01915418239226893
-17.3469,-23.4694,199,0.00199,443,0.00443,0.3916083916083916,0.1432523979575423,0.12436548223350254,0.03950884497661456
-17.3469,-21.4286,159,0.00159,432,0.00432,0.11188811188811189,-0.0865470790188481,0.09644670050761425,0.013697112934305884
-17.3469,-19.3878,205,0.00205,439,0.00439,0.43356643356643354,0.17772231950400086,0.11421319796954311,0.03012276059759319
-17.3469,-17.3469,208,0.0020800000000000003,411,0.00411,0.45454545454545453,0.19495728027723014,0.043147208121827416,-0.03557983005555623
-17.3469,-15.3061,161,0.0016099999999999999,435,0.00435,0.1258741258741259,-0.07505710517002859,0.10406091370558371,0.020736676218571812
-17.3469,-13.2653,145,0.0014500000000000001,421,0.00421,0.013986013986013986,-0.16697689596058476,0.06852791878172595,-0.012114619108002798
-17.3469,-11.2245,205,0.00205,447,0.00447,0.43356643356643354,0.17772231950400086,0.13451776649746194,0.04889492935563594
-17.3469,-9.18367,246,0.00246,444,0.00444,0.7202797202797203,0.41326678340480105,0.1269035532994925,0.04185536607137001
-17.3469,-7.14286,167,0.00167,412,0.00412,0.16783216783216784,-0.04058718362357002,0.04568527918781738,-0.03323330896080079
-17.3469,-5.10204,155,0.0015500000000000002,413,0.00413,0.08391608391608392,-0.10952702671648715,0.048223350253807126,-0.030886787866045547
-17.3469,-3.06122,219,0.00219,471,0.00471,0.5314685314685315,0.25815213644573753,0.19543147208121825,0.10521143562976398
-17.3469,-1.02041,158,0.00158,418,0.00418,0.1048951048951049,-0.09229206594325787,0.060913705583756285,-0.01915418239226893
-17.3469,1.02041,182,0.00182,406,0.00406,0.2727272727272727,0.045587620242576385,0.030456852791878253,-0.047312435529332855
-17.3469,3.06122,162,0.0016200000000000001,454,0.00454,0.13286713286713286,-0.06931211824561882,0.15228426395939082,0.06532057701892324
-17.3469,5.10204,182,0.00182,464,0.00464,0.2727272727272727,0.045587620242576385,0.17766497461928937,0.08878578796647668
-17.3469,7.14286,169,0.00169,451,0.00451,0.18181818181818182,-0.029097209774750502,0.14467005076142136,0.058281013734657314
-17.3469,9.18367,198,0.00198,439,0.00439,0.38461538461538464,0.13750741103313255,0.11421319796954311,0.03012276059759319
-17.3469,11.2245,163,0.00163,399,0.00399,0.13986013986013987,-0.06356713132120906,0.012690355329949162,-0.06373808319262037
-17.3469,13.2653,186,0.00186,444,0.0044399999999999995,0.3006993006993007,0.06856756794021543,0.1269035532994923,0.041855366071369804
-17.3469,15.3061,200,0.002,447,0.00447,0.3986013986013986,0.14899738488195208,0.13451776649746194,0.04889492935563594
-17.3469,17.3469,169,0.00169,396,0.00396,0.18181818181818182,-0.029097209774750502,0.005076142131979709,-0.0707776464768863
-17.3469,19.3878,168,0.00168,365,0.0036499999999999996,0.17482517482517482,-0.03484219669916026,-0.07360406091370567,-0.14351980041430185
-17.3469,21.4286,154,0.0015400000000000001,424,0.00424,0.07692307692307693,-0.11527201364089691,0.07614213197969541,-0.005075055823736867
-17.3469,23.4694,175,0.00175,444,0.00444,0.22377622377622378,0.005372711771708059,0.1269035532994925,0.04185536607137001
-17.3469,25.5102,164,0.00164,374,0.0037400000000000003,0.14685314685314685,-0.05782214439679931,-0.05076142131979687,-0.12240111056150366
-17.3469,27.551,193,0.00193,420,0.0042,0.34965034965034963,0.10878247641108374,0.06598984771573599,-0.014461140202758243
-17.3469,29.5918,191,0.00191,441,0.00441,0.3356643356643357,0.09729250256226422,0.11928934010152283,0.034815802787103875
-17.3469,31.6327,169,0.00169,466,0.00466,0.18181818181818182,-0.029097209774750502,0.18274111675126908,0.09347883015598737
-17.3469,33.6735,142,0.00142,394,0.00394,-0.006993006993006993,-0.18421185673381404,0.0,-0.07547068866639697
-17.3469,35.7143,156,0.00156,422,0.00422,0.09090909090909091,-0.10378203979207738,0.0710659898477157,-0.009768098013247555
-17.3469,37.7551,145,0.00145,377,0.00377,0.013986013986013986,-0.16697689596058476,-0.043147208121827416,-0.11536154727723773
-17.3469,39.7959,156,0.00156,402,0.00402,0.09090909090909091,-0.10378203979207738,0.020304568527918836,-0.05669851990835423
-17.3469,41.8367,206,0.00206,436,0.00436,0.4405594405594406,0.18346730642841064,0.10659898477157366,0.02308319731332726
-17.3469,43.8776,156,0.00156,411,0.00411,0.09090909090909091,-0.10378203979207738,0.043147208121827416,-0.03557983005555623
-17.3469,45.9184,144,0.0014399999999999999,401,0.00401,0.006993006993006993,-0.17272188288499452,0.01776649746192887,-0.05904504100310967
-17.3469,47.9592,171,0.0017100000000000001,433,0.00433,0.1958041958041958,-0.017607235925930984,0.098984771573604,0.016043634029061126
-17.3469,50.0,163,0.0016300000000000002,415,0.00415,0.13986013986013987,-0.06356713132120906,0.05329949238578683,-0.02619374567653486
-15.3061,-50.0,190,0.0019000000000000002,425,0.00425,0.32867132867132864,0.09154751563785446,0.07868020304568538,-0.002728534728981422
-15.3061,-47.9592,215,0.00215,418,0.00418,0.5034965034965035,0.23517218874809848,0.060913705583756285,-0.01915418239226893
-15.3061,-45.9184,210,0.0021,487,0.00487,0.46853146853146854,0.20644725412604967,0.2360406091370559,0.1427557731458495
-15.3061,-43.8776,201,0.00201,430,0.0043,0.40559440559440557,0.15474237180636183,0.09137055837563454,0.009004070744795195
-15.3061,-41.8367,170,0.0017,414,0.00414,0.1888111888111888,-0.02335222285034074,0.05076142131979687,-0.028540266771290304
-15.3061,-39.7959,164,0.00164,429,0.00429,0.14685314685314685,-0.05782214439679931,0.0888324873096448,0.006657549650039954
-15.3061,-37.7551,195,0.0019500000000000001,460,0.0046,0.36363636363636365,0.12027245025990327,0.16751269035532995,0.07939970358745531
-15.3061,-35.7143,132,0.00132,407,0.00407,-0.07692307692307693,-0.24166172597791163,0.032994923857867994,-0.04496591443457761
-15.3061,-33.6735,168,0.00168,423,0.00423,0.17482517482517482,-0.03484219669916026,0.07360406091370567,-0.00742157691849211
-15.3061,-31.6327,132,0.00132,441,0.00441,-0.07692307692307693,-0.24166172597791163,0.11928934010152283,0.034815802787103875
-15.3061,-29.5918,156,0.00156,452,0.00452,0.09090909090909091,-0.10378203979207738,0.1472081218274111,0.060627534829412556
-15.3061,-27.551,165,0.00165,410,0.0041,0.15384615384615385,-0.05207715747238954,0.04060913705583767,-0.037926351150311476
-15.3061,-25.5102,188,0.00188,463,0.00463,0.3146853146853147,0.08005754178903494,0.1751269035532994,0.08643926687172124
-15.3061,-23.4694,168,0.00168,402,0.00402,0.17482517482517482,-0.03484219669916026,0.020304568527918836,-0.05669851990835423
-15.3061,-21.4286,195,0.00195,440,0.0044,0.36363636363636365,0.12027245025990327,0.11675126903553308,0.03246928169234863
-15.3061,-19.3878,162,0.0016200000000000001,413,0.00413,0.13286713286713286,-0.06931211824561882,0.048223350253807126,-0.030886787866045547
-15.3061,-17.3469,245,0.00245,452,0.00452,0.7132867132867133,0.4075217964803913,0.1472081218274111,0.060627534829412556
-15.3061,-15.3061,205,0.0020499999999999997,448,0.00448,0.43356643356643354,0.17772231950400086,0.1370558375634517,0.051241450450391184
-15.3061,-13.2653,185,0.00185,434,0.00434,0.2937062937062937,0.06282258101580566,0.10152284263959396,0.01839015512381657
-15.3061,-11.2245,144,0.0014399999999999999,399,0.0039900000000000005,0.006993006993006993,-0.17272188288499452,0.012690355329949382,-0.06373808319262016
-15.3061,-9.18367,190,0.0019,438,0.00438,0.32867132867132864,0.09154751563785446,0.11167512690355337,0.027776239502837946
-15.3061,-7.14286,192,0.00192,468,0.00468,0.34265734265734266,0.10303748948667399,0.1878172588832488,0.09817187234549805
-15.3061,-5.10204,250,0.0025,450,0.0045,0.7482517482517482,0.4362467311024401,0.1421319796954314,0.05593449263990187
-15.3061,-3.06122,138,0.00138,413,0.00413,-0.03496503496503497,-0.20719180443145307,0.048223350253807126,-0.030886787866045547
-15.3061,-1.02041,184,0.00184,401,0.00401,0.2867132867132867,0.0570775940913959,0.01776649746192887,-0.05904504100310967
-15.3061,1.02041,242,0.00242,455,0.00455,0.6923076923076923,0.390286835707162,0.1548223350253808,0.06766709811367869
-15.3061,3.06122,158,0.00158,411,0.00411,0.1048951048951049,-0.09229206594325787,0.043147208121827416,-0.03557983005555623
-15.3061,5.10204,144,0.00144,385,0.00385,0.006993006993006993,-0.17272188288499452,-0.02284263959390858,-0.09658937851919497
-15.3061,7.14286,177,0.00177,423,0.00423,0.23776223776223776,0.01686268562052758,0.07360406091370567,-0.00742157691849211
-15.3061,9.18367,155,0.0015500000000000002,461,0.0046099999999999995,0.08391608391608392,-0.10952702671648715,0.1700507614213197,0.08174622468221054
-15.3061,11.2245,202,0.00202,488,0.00488,0.4125874125874126,0.16048735873077158,0.23857868020304565,0.14510229424060472
-15.3061,13.2653,152,0.00152,421,0.00421,0.06293706293706294,-0.12676198748971643,0.06852791878172595,-0.012114619108002798
-15.3061,15.3061,169,0.00169,434,0.00434,0.18181818181818182,-0.029097209774750502,0.10152284263959396,0.01839015512381657
-15.3061,17.3469,184,0.00184,411,0.00411,0.2867132867132867,0.0570775940913959,0.043147208121827416,-0.03557983005555623
-15.3061,19.3878,189,0.00189,448,0.00448,0.32167832167832167,0.08580252871344471,0.1370558375634517,0.051241450450391184
-15.3061,21.4286,189,0.00189,430,0.0043,0.32167832167832167,0.08580252871344471,0.09137055837563454,0.009004070744795195
-15.3061,23.4694,154,0.0015400000000000001,453,0.00453,0.07692307692307693,-0.11527201364089691,0.14974619289340108,0.06297405592416801
-15.3061,25.5102,169,0.00169,418,0.00418,0.18181818181818182,-0.029097209774750502,0.060913705583756285,-0.01915418239226893
-15.3061,27.551,178,0.00178,459,0.00459,0.24475524475524477,0.02260767254493734,0.1649746192893402,0.07705318249270006
-15.3061,29.5918,167,0.00167,431,0.00431,0.16783216783216784,-0.04058718362357002,0.09390862944162429,0.011350591839550438
-15.3061,31.6327,176,0.00176,401,0.00401,0.23076923076923078,0.01111769869611782,0.01776649746192887,-0.05904504100310967
-15.3061,33.6735,140,0.0014,418,0.00418,-0.02097902097902098,-0.19570183058263355,0.060913705583756285,-0.01915418239226893
-15.3061,35.7143,153,0.00153,438,0.00438,0.06993006993006994,-0.12101700056530666,0.11167512690355337,0.027776239502837946
-15.3061,37.7551,127,0.0012699999999999999,427,0.00427,-0.11188811188811189,-0.2703866605999604,0.08375634517766509,0.0019645074605292656
-15.3061,39.7959,180,0.0018,424,0.00424,0.25874125874125875,0.03409764639375686,0.07614213197969541,-0.005075055823736867
-15.3061,41.8367,180,0.0018,425,0.00425,0.25874125874125875,0.03409764639375686,0.07868020304568538,-0.002728534728981422
-15.3061,43.8776,181,0.00181,426,0.00426,0.26573426573426573,0.03984263331816662,0.08121827411167512,-0.00038201363422617977
-15.3061,45.9184,171,0.0017100000000000001,416,0.00416,0.1958041958041958,-0.017607235925930984,0.055837563451776574,-0.023847224581779618
-15.3061,47.9592,143,0.00143,389,0.0038900000000000002,0.0,-0.17846686980940427,-0.012690355329949162,-0.0872032941401736
-15.3061,50.0,178,0.00178,431,0.00431,0.24475524475524477,0.02260767254493734,0.09390862944162429,0.011350591839550438
-13.2653,-50.0,185,0.00185,439,0.00439,0.2937062937062937,0.06282258101580566,0.11421319796954311,0.03012276059759319
-13.2653,-47.9592,171,0.0017100000000000001,427,0.00427,0.1958041958041958,-0.017607235925930984,0.08375634517766509,0.0019645074605292656
-13.2653,-45.9184,165,0.00165,440,0.0044,0.15384615384615385,-0.05207715747238954,0.11675126903553308,0.03246928169234863
-13.2653,-43.8776,163,0.00163,440,0.0044,0.13986013986013987,-0.06356713132120906,0.11675126903553308,0.03246928169234863
-13.2653,-41.8367,148,0.00148,420,0.0042,0.03496503496503497,-0.14974193518735546,0.06598984771573599,-0.014461140202758243
-13.2653,-39.7959,178,0.0017800000000000001,440,0.0044,0.24475524475524477,0.02260767254493734,0.11675126903553308,0.03246928169234863
-13.2653,-37.7551,191,0.00191,413,0.00413,0.3356643356643357,0.09729250256226422,0.048223350253807126,-0.030886787866045547
-13.2653,-35.7143,162,0.00162,390,0.0039000000000000003,0.13286713286713286,-0.06931211824561882,-0.010152284263959307,-0.08485677304541825
-13.2653,-33.6735,165,0.00165,411,0.00411,0.15384615384615385,-0.05207715747238954,0.043147208121827416,-0.03557983005555623
-13.2653,-31.6327,180,0.0018,449,0.00449,0.25874125874125875,0.03409764639375686,0.13959390862944165,0.05358797154514663
-13.2653,-29.5918,181,0.00181,447,0.00447,0.26573426573426573,0.03984263331816662,0.13451776649746194,0.04889492935563594
-13.2653,-27.551,173,0.00173,417,0.00417,0.2097902097902098,-0.006117262077111461,0.05837563451776654,-0.021500703487024174
-13.2653,-25.5102,213,0.00213,426,0.00426,0.48951048951048953,0.22368221489927895,0.08121827411167512,-0.00038201363422617977
-13.2653,-23.4694,156,0.00156,411,0.00411,0.09090909090909091,-0.10378203979207738,0.043147208121827416,-0.03557983005555623
-13.2653,-21.4286,162,0.0016200000000000001,399,0.0039900000000000005,0.13286713286713286,-0.06931211824561882,0.012690355329949382,-0.06373808319262016
-13.2653,-19.3878,196,0.00196,438,0.00438,0.3706293706293706,0.12601743718431302,0.11167512690355337,0.027776239502837946
-13.2653,-17.3469,174,0.00174,424,0.00424,0.21678321678321677,-0.00037227515270170126,0.07614213197969541,-0.005075055823736867
-13.2653,-15.3061,160,0.0015999999999999999,408,0.00408,0.11888111888111888,-0.08080209209443835,0.03553299492385796,-0.04261939333982216
-13.2653,-13.2653,202,0.00202,438,0.00438,0.4125874125874126,0.16048735873077158,0.11167512690355337,0.027776239502837946
-13.2653,-11.2245,145,0.0014500000000000001,428,0.00428,0.013986013986013986,-0.16697689596058476,0.08629441624365483,0.004311028555284508
-13.2653,-9.18367,209,0.0020900000000000003,410,0.0041,0.46153846153846156,0.20070226720163992,0.04060913705583767,-0.037926351150311476
-13.2653,-7.14286,185,0.00185,429,0.00429,0.2937062937062937,0.06282258101580566,0.0888324873096448,0.006657549650039954
-13.2653,-5.10204,149,0.00149,442,0.00442,0.04195804195804196,-0.1439969482629457,0.12182741116751279,0.03716232388185932
-13.2653,-3.06122,133,0.00133,411,0.00411,-0.06993006993006994,-0.23591673905350188,0.043147208121827416,-0.03557983005555623
-13.2653,-1.02041,177,0.0017699999999999999,411,0.00411,0.23776223776223776,0.01686268562052758,0.043147208121827416,-0.03557983005555623
-13.2653,1.02041,170,0.0017000000000000001,419,0.00419,0.1888111888111888,-0.02335222285034074,0.06345177664974624,-0.016807661297513484
-13.2653,3.06122,174,0.00174,418,0.00418,0.21678321678321677,-0.00037227515270170126,0.060913705583756285,-0.01915418239226893
-13.2653,5.10204,170,0.0017000000000000001,447,0.00447,0.1888111888111888,-0.02335222285034074,0.13451776649746194,0.04889492935563594
-13.2653,7.14286,137,0.0013700000000000001,397,0.00397,-0.04195804195804196,-0.21293679135586283,0.007614213197969453,-0.06843112538213104
-13.2653,9.18367,203,0.00203,453,0.00453,0.4195804195804196,0.16623234565518136,0.14974619289340108,0.06297405592416801
-13.2653,11.2245,172,0.0017200000000000002,446,0.00446,0.20279720279720279,-0.011862249001521222,0.1319796954314722,0.0465484082608807
-13.2653,13.2653,205,0.0020499999999999997,447,0.00447,0.43356643356643354,0.17772231950400086,0.13451776649746194,0.04889492935563594
-13.2653,15.3061,147,0.00147,402,0.00402,0.027972027972027972,-0.15548692211176524,0.020304568527918836,-0.05669851990835423
-13.2653,17.3469,145,0.00145,411,0.00411,0.013986013986013986,-0.16697689596058476,0.043147208121827416,-0.03557983005555623
-13.2653,19.3878,200,0.002,463,0.0046300000000000004,0.3986013986013986,0.14899738488195208,0.17512690355329963,0.08643926687172145
-13.2653,21.4286,161,0.0016099999999999999,397,0.00397,0.1258741258741259,-0.07505710517002859,0.007614213197969453,-0.06843112538213104
-13.2653,23.4694,184,0.00184,458,0.00458,0.2867132867132867,0.0570775940913959,0.16243654822335024,0.07470666139794462
-13.2653,25.5102,182,0.00182,431,0.00431,0.2727272727272727,0.045587620242576385,0.09390862944162429,0.011350591839550438
-13.2653,27.551,191,0.00191,456,0.00456,0.3356643356643357,0.09729250256226422,0.15736040609137053,0.07001361920843394
-13.2653,29.5918,180,0.0018,447,0.00447,0.25874125874125875,0.03409764639375686,0.13451776649746194,0.04889492935563594
-13.2653,31.6327,208,0.0020800000000000003,452,0.00452,0.45454545454545453,0.19495728027723014,0.1472081218274111,0.060627534829412556
-13.2653,33.6735,173,0.00173,430,0.0043,0.2097902097902098,-0.006117262077111461,0.09137055837563454,0.009004070744795195
-13.2653,35.7143,194,0.0019399999999999999,438,0.00438,0.35664335664335667,0.1145274633354935,0.11167512690355337,0.027776239502837946
-13.2653,37.7551,147,0.00147,428,0.00428,0.027972027972027972,-0.15548692211176524,0.08629441624365483,0.004311028555284508
-13.2653,39.7959,191,0.00191,438,0.00438,0.3356643356643357,0.09729250256226422,0.11167512690355337,0.027776239502837946
-13.2653,41.8367,209,0.00209,427,0.00427,0.46153846153846156,0.20070226720163992,0.08375634517766509,0.0019645074605292656
-13.2653,43.8776,186,0.00186,409,0.00409,0.3006993006993007,0.06856756794021543,0.038071065989847705,-0.040272872245066926
-13.2653,45.9184,175,0.00175,400,0.004,0.22377622377622378,0.005372711771708059,0.015228426395939127,-0.061391562097864914
-13.2653,47.9592,231,0.00231,463,0.0046300000000000004,0.6153846153846154,0.32709197953865465,0.17512690355329963,0.08643926687172145
-13.2653,50.0,142,0.00142,404,0.00404,-0.006993006993006993,-0.18421185673381404,0.025380710659898543,-0.05200547771884354
-11.2245,-50.0,186,0.0018599999999999999,409,0.00409,0.3006993006993007,0.06856756794021543,0.038071065989847705,-0.040272872245066926
-11.2245,-47.9592,169,0.00169,461,0.00461,0.18181818181818182,-0.029097209774750502,0.17005076142131992,0.08174622468221075
-11.2245,-45.9184,164,0.00164,427,0.0042699999999999995,0.14685314685314685,-0.05782214439679931,0.08375634517766486,0.0019645074605290623
-11.2245,-43.8776,173,0.0017300000000000002,449,0.00449,0.2097902097902098,-0.006117262077111461,0.13959390862944165,0.05358797154514663
-11.2245,-41.8367,192,0.0019199999999999998,455,0.00455,0.34265734265734266,0.10303748948667399,0.1548223350253808,0.06766709811367869
-11.2245,-39.7959,194,0.0019399999999999999,423,0.004229999999999999,0.35664335664335667,0.1145274633354935,0.07360406091370544,-0.007421576918492313
-11.2245,-37.7551,193,0.00193,440,0.0044,0.34965034965034963,0.10878247641108374,0.11675126903553308,0.03246928169234863
-11.2245,-35.7143,184,0.00184,411,0.00411,0.2867132867132867,0.0570775940913959,0.043147208121827416,-0.03557983005555623
-11.2245,-33.6735,182,0.00182,422,0.00422,0.2727272727272727,0.045587620242576385,0.0710659898477157,-0.009768098013247555
-11.2245,-31.6327,200,0.002,387,0.00387,0.3986013986013986,0.14899738488195208,-0.01776649746192887,-0.09189633632968429
-11.2245,-29.5918,180,0.0018,451,0.00451,0.25874125874125875,0.03409764639375686,0.14467005076142136,0.058281013734657314
-11.2245,-27.551,176,0.00176,447,0.00447,0.23076923076923078,0.01111769869611782,0.13451776649746194,0.04889492935563594
-11.2245,-25.5102,181,0.00181,424,0.00424,0.26573426573426573,0.03984263331816662,0.07614213197969541,-0.005075055823736867
-11.2245,-23.4694,189,0.00189,443,0.00443,0.32167832167832167,0.08580252871344471,0.12436548223350254,0.03950884497661456
-11.2245,-21.4286,174,0.00174,453,0.00453,0.21678321678321677,-0.00037227515270170126,0.14974619289340108,0.06297405592416801
-11.2245,-19.3878,156,0.00156,440,0.0044,0.09090909090909091,-0.10378203979207738,0.11675126903553308,0.03246928169234863
-11.2245,-17.3469,138,0.00138,397,0.00397,-0.03496503496503497,-0.20719180443145307,0.007614213197969453,-0.06843112538213104
-11.2245,-15.3061,150,0.0015,429,0.00429,0.04895104895104895,-0.13825196133853596,0.0888324873096448,0.006657549650039954
-11.2245,-13.2653,145,0.00145,417,0.00417,0.013986013986013986,-0.16697689596058476,0.05837563451776654,-0.021500703487024174
-11.2245,-11.2245,149,0.00149,424,0.00424,0.04195804195804196,-0.1439969482629457,0.07614213197969541,-0.005075055823736867
-11.2245,-9.18367,200,0.002,430,0.0043,0.3986013986013986,0.14899738488195208,0.09137055837563454,0.009004070744795195
-11.2245,-7.14286,185,0.00185,454,0.00454,0.2937062937062937,0.06282258101580566,0.15228426395939082,0.06532057701892324
-11.2245,-5.10204,165,0.00165,445,0.00445,0.15384615384615385,-0.05207715747238954,0.12944162436548223,0.04420188716612525
-11.2245,-3.06122,203,0.00203,469,0.00469,0.4195804195804196,0.16623234565518136,0.19035532994923854,0.1005183934402533
-11.2245,-1.02041,150,0.0015,411,0.00411,0.04895104895104895,-0.13825196133853596,0.043147208121827416,-0.03557983005555623
-11.2245,1.02041,207,0.00207,471,0.00471,0.44755244755244755,0.1892122933528204,0.19543147208121825,0.10521143562976398
-11.2245,3.06122,206,0.00206,414,0.00414,0.4405594405594406,0.18346730642841064,0.05076142131979687,-0.028540266771290304
-11.2245,5.10204,206,0.0020599999999999998,528,0.00528,0.4405594405594406,0.18346730642841064,0.3401015228426396,0.23896313803081828
-11.2245,7.14286,175,0.00175,438,0.00438,0.22377622377622378,0.005372711771708059,0.11167512690355337,0.027776239502837946
-11.2245,9.18367,185,0.00185,421,0.00421,0.2937062937062937,0.06282258101580566,0.06852791878172595,-0.012114619108002798
-11.2245,11.2245,153,0.0015300000000000001,405,0.00405,0.06993006993006994,-0.12101700056530666,0.027918781725888287,-0.0496589566240883
-11.2245,13.2653,152,0.00152,428,0.00428,0.06293706293706294,-0.12676198748971643,0.08629441624365483,0.004311028555284508
-11.2245,15.3061,128,0.00128,397,0.00397,-0.1048951048951049,-0.2646416736755507,0.007614213197969453,-0.06843112538213104
-11.2245,17.3469,169,0.00169,431,0.00431,0.18181818181818182,-0.029097209774750502,0.09390862944162429,0.011350591839550438
-11.2245,19.3878,142,0.00142,437,0.00437,-0.006993006993006993,-0.18421185673381404,0.1091370558375634,0.0254297184080825
-11.2245,21.4286,138,0.00138,437,0.00437,-0.03496503496503497,-0.20719180443145307,0.1091370558375634,0.0254297184080825
-11.2245,23.4694,169,0.00169,425,0.00425,0.18181818181818182,-0.029097209774750502,0.07868020304568538,-0.002728534728981422
-11.2245,25.5102,160,0.0016,436,0.00436,0.11888111888111888,-0.08080209209443835,0.10659898477157366,0.02308319731332726
-11.2245,27.551,207,0.00207,431,0.00431,0.44755244755244755,0.1892122933528204,0.09390862944162429,0.011350591839550438
-11.2245,29.5918,168,0.00168,467,0.00467,0.17482517482517482,-0.03484219669916026,0.18527918781725883,0.09582535125074261
-11.2245,31.6327,185,0.00185,428,0.00428,0.2937062937062937,0.06282258101580566,0.08629441624365483,0.004311028555284508
-11.2245,33.6735,184,0.00184,429,0.00429,0.2867132867132867,0.0570775940913959,0.0888324873096448,0.006657549650039954
-11.2245,35.7143,203,0.00203,471,0.00471,0.4195804195804196,0.16623234565518136,0.19543147208121825,0.10521143562976398
-11.2245,37.7551,187,0.00187,441,0.00441,0.3076923076923077,0.07431255486462518,0.11928934010152283,0.034815802787103875
-11.2245,39.7959,145,0.00145,397,0.00397,0.013986013986013986,-0.16697689596058476,0.007614213197969453,-0.06843112538213104
-11.2245,41.8367,201,0.00201,432,0.00432,0.40559440559440557,0.15474237180636183,0.09644670050761425,0.013697112934305884
-11.2245,43.8776,193,0.00193,442,0.00442,0.34965034965034963,0.10878247641108374,0.12182741116751279,0.03716232388185932
-11.2245,45.9184,183,0.00183,439,0.00439,0.27972027972027974,0.05133260716698614,0.11421319796954311,0.03012276059759319
-11.2245,47.9592,175,0.00175,413,0.00413,0.22377622377622378,0.005372711771708059,0.048223350253807126,-0.030886787866045547
-11.2245,50.0,158,0.00158,389,0.0038900000000000002,0.1048951048951049,-0.09229206594325787,-0.012690355329949162,-0.0872032941401736
-9.18367,-50.0,194,0.0019399999999999999,413,0.00413,0.35664335664335667,0.1145274633354935,0.048223350253807126,-0.030886787866045547
-9.18367,-47.9592,182,0.00182,441,0.00441,0.2727272727272727,0.045587620242576385,0.11928934010152283,0.034815802787103875
-9.18367,-45.9184,184,0.00184,389,0.0038900000000000002,0.2867132867132867,0.0570775940913959,-0.012690355329949162,-0.0872032941401736
-9.18367,-43.8776,136,0.00136,387,0.00387,-0.04895104895104895,-0.2186817782802726,-0.01776649746192887,-0.09189633632968429
-9.18367,-41.8367,165,0.00165,446,0.00446,0.15384615384615385,-0.05207715747238954,0.1319796954314722,0.0465484082608807
-9.18367,-39.7959,231,0.00231,464,0.00464,0.6153846153846154,0.32709197953865465,0.17766497461928937,0.08878578796647668
-9.18367,-37.7551,168,0.00168,420,0.0042,0.17482517482517482,-0.03484219669916026,0.06598984771573599,-0.014461140202758243
-9.18367,-35.7143,156,0.00156,441,0.00441,0.09090909090909091,-0.10378203979207738,0.11928934010152283,0.034815802787103875
-9.18367,-33.6735,176,0.00176,426,0.00426,0.23076923076923078,0.01111769869611782,0.08121827411167512,-0.00038201363422617977
-9.18367,-31.6327,166,0.00166,415,0.00415,0.16083916083916083,-0.046332170547979785,0.05329949238578683,-0.02619374567653486
-9.18367,-29.5918,177,0.0017699999999999999,435,0.00435,0.23776223776223776,0.01686268562052758,0.10406091370558371,0.020736676218571812
-9.18367,-27.551,170,0.0017,456,0.00456,0.1888111888111888,-0.02335222285034074,0.15736040609137053,0.07001361920843394
-9.18367,-25.5102,179,0.00179,399,0.00399,0.2517482517482518,0.0283526594693471,0.012690355329949162,-0.06373808319262037
-9.18367,-23.4694,184,0.00184,465,0.00465,0.2867132867132867,0.0570775940913959,0.18020304568527912,0.09113230906123192
-9.18367,-21.4286,161,0.0016099999999999999,426,0.00426,0.1258741258741259,-0.07505710517002859,0.08121827411167512,-0.00038201363422617977
-9.18367,-19.3878,165,0.00165,417,0.00417,0.15384615384615385,-0.05207715747238954,0.05837563451776654,-0.021500703487024174
-9.18367,-17.3469,149,0.00149,399,0.0039900000000000005,0.04195804195804196,-0.1439969482629457,0.012690355329949382,-0.06373808319262016
-9.18367,-15.3061,158,0.00158,440,0.0044,0.1048951048951049,-0.09229206594325787,0.11675126903553308,0.03246928169234863
-9.18367,-13.2653,142,0.00142,462,0.00462,-0.006993006993006993,-0.18421185673381404,0.17258883248730966,0.08409274577696599
-9.18367,-11.2245,184,0.00184,440,0.0044,0.2867132867132867,0.0570775940913959,0.11675126903553308,0.03246928169234863
-9.18367,-9.18367,187,0.0018700000000000001,453,0.00453,0.3076923076923077,0.07431255486462518,0.14974619289340108,0.06297405592416801
-9.18367,-7.14286,191,0.00191,444,0.0044399999999999995,0.3356643356643357,0.09729250256226422,0.1269035532994923,0.041855366071369804
-9.18367,-5.10204,191,0.00191,450,0.0045,0.3356643356643357,0.09729250256226422,0.1421319796954314,0.05593449263990187
-9.18367,-3.06122,150,0.0015,403,0.00403,0.04895104895104895,-0.13825196133853596,0.02284263959390858,-0.054351998813598985
-9.18367,-1.02041,141,0.00141,396,0.00396,-0.013986013986013986,-0.1899568436582238,0.005076142131979709,-0.0707776464768863
-9.18367,1.02041,154,0.00154,431,0.00431,0.07692307692307693,-0.11527201364089691,0.09390862944162429,0.011350591839550438
-9.18367,3.06122,154,0.00154,434,0.00434,0.07692307692307693,-0.11527201364089691,0.10152284263959396,0.01839015512381657
-9.18367,5.10204,160,0.0016,460,0.0046,0.11888111888111888,-0.08080209209443835,0.16751269035532995,0.07939970358745531
-9.18367,7.14286,169,0.00169,476,0.00476,0.18181818181818182,-0.029097209774750502,0.2081218274111676,0.11694404110354081
-9.18367,9.18367,164,0.00164,460,0.0046,0.14685314685314685,-0.05782214439679931,0.16751269035532995,0.07939970358745531
-9.18367,11.2245,192,0.00192,453,0.00453,0.34265734265734266,0.10303748948667399,0.14974619289340108,0.06297405592416801
-9.18367,13.2653,179,0.00179,402,0.00402,0.2517482517482518,0.0283526594693471,0.020304568527918836,-0.05669851990835423
-9.18367,15.3061,173,0.00173,423,0.00423,0.2097902097902098,-0.006117262077111461,0.07360406091370567,-0.00742157691849211
-9.18367,17.3469,153,0.0015300000000000001,438,0.00438,0.06993006993006994,-0.12101700056530666,0.11167512690355337,0.027776239502837946
-9.18367,19.3878,185,0.00185,432,0.00432,0.2937062937062937,0.06282258101580566,0.09644670050761425,0.013697112934305884
-9.18367,21.4286,171,0.00171,440,0.0044,0.1958041958041958,-0.017607235925930984,0.11675126903553308,0.03246928169234863
-9.18367,23.4694,207,0.00207,459,0.00459,0.44755244755244755,0.1892122933528204,0.1649746192893402,0.07705318249270006
-9.18367,25.5102,159,0.0015899999999999998,411,0.00411,0.11188811188811189,-0.0865470790188481,0.043147208121827416,-0.03557983005555623
-9.18367,27.551,176,0.0017599999999999998,428,0.00428,0.23076923076923078,0.01111769869611782,0.08629441624365483,0.004311028555284508
-9.18367,29.5918,139,0.00139,430,0.0043,-0.027972027972027972,-0.20144681750704332,0.09137055837563454,0.009004070744795195
-9.18367,31.6327,196,0.00196,466,0.00466,0.3706293706293706,0.12601743718431302,0.18274111675126908,0.09347883015598737
-9.18367,33.6735,154,0.00154,451,0.00451,0.07692307692307693,-0.11527201364089691,0.14467005076142136,0.058281013734657314
-9.18367,35.7143,198,0.00198,451,0.00451,0.38461538461538464,0.13750741103313255,0.14467005076142136,0.058281013734657314
-9.18367,37.7551,181,0.00181,437,0.00437,0.26573426573426573,0.03984263331816662,0.1091370558375634,0.0254297184080825
-9.18367,39.7959,156,0.00156,439,0.00439,0.09090909090909091,-0.10378203979207738,0.11421319796954311,0.03012276059759319
-9.18367,41.8367,170,0.0017000000000000001,425,0.00425,0.1888111888111888,-0.02335222285034074,0.07868020304568538,-0.002728534728981422
-9.18367,43.8776,134,0.00134,422,0.00422,-0.06293706293706294,-0.2301717521290921,0.0710659898477157,-0.009768098013247555
-9.18367,45.9184,184,0.00184,425,0.00425,0.2867132867132867,0.0570775940913959,0.07868020304568538,-0.002728534728981422
-9.18367,47.9592,156,0.00156,398,0.00398,0.09090909090909091,-0.10378203979207738,0.010152284263959418,-0.0660846042873756
-9.18367,50.0,195,0.00195,410,0.0041,0.36363636363636365,0.12027245025990327,0.04060913705583767,-0.037926351150311476
-7.14286,-50.0,168,0.0016799999999999999,435,0.00435,0.17482517482517482,-0.03484219669916026,0.10406091370558371,0.020736676218571812
-7.14286,-47.9592,181,0.00181,423,0.00423,0.26573426573426573,0.03984263331816662,0.07360406091370567,-0.00742157691849211
-7.14286,-45.9184,169,0.00169,418,0.00418,0.18181818181818182,-0.029097209774750502,0.060913705583756285,-0.01915418239226893
-7.14286,-43.8776,167,0.00167,408,0.00408,0.16783216783216784,-0.04058718362357002,0.03553299492385796,-0.04261939333982216
-7.14286,-41.8367,203,0.00203,440,0.0044,0.4195804195804196,0.16623234565518136,0.11675126903553308,0.03246928169234863
-7.14286,-39.7959,184,0.00184,430,0.0043,0.2867132867132867,0.0570775940913959,0.09137055837563454,0.009004070744795195
-7.14286,-37.7551,205,0.00205,427,0.00427,0.43356643356643354,0.17772231950400086,0.08375634517766509,0.0019645074605292656
-7.14286,-35.7143,129,0.00129,401,0.00401,-0.0979020979020979,-0.2588966867511409,0.01776649746192887,-0.05904504100310967
-7.14286,-33.6735,150,0.0015,424,0.00424,0.04895104895104895,-0.13825196133853596,0.07614213197969541,-0.005075055823736867
-7.14286,-31.6327,161,0.00161,459,0.00459,0.1258741258741259,-0.07505710517002859,0.1649746192893402,0.07705318249270006
-7.14286,-29.5918,174,0.00174,443,0.00443,0.21678321678321677,-0.00037227515270170126,0.12436548223350254,0.03950884497661456
-7.14286,-27.551,212,0.00212,463,0.0046300000000000004,0.4825174825174825,0.2179372279748692,0.17512690355329963,0.08643926687172145
-7.14286,-25.5102,178,0.00178,423,0.00423,0.24475524475524477,0.02260767254493734,0.07360406091370567,-0.00742157691849211
-7.14286,-23.4694,165,0.00165,462,0.00462,0.15384615384615385,-0.05207715747238954,0.17258883248730966,0.08409274577696599
-7.14286,-21.4286,174,0.00174,458,0.00458,0.21678321678321677,-0.00037227515270170126,0.16243654822335024,0.07470666139794462
-7.14286,-19.3878,178,0.00178,441,0.00441,0.24475524475524477,0.02260767254493734,0.11928934010152283,0.034815802787103875
-7.14286,-17.3469,188,0.00188,416,0.0041600000000000005,0.3146853146853147,0.08005754178903494,0.055837563451776796,-0.023847224581779413
-7.14286,-15.3061,176,0.00176,446,0.00446,0.23076923076923078,0.01111769869611782,0.1319796954314722,0.0465484082608807
-7.14286,-13.2653,161,0.0016099999999999999,437,0.00437,0.1258741258741259,-0.07505710517002859,0.1091370558375634,0.0254297184080825
-7.14286,-11.2245,205,0.00205,487,0.00487,0.43356643356643354,0.17772231950400086,0.2360406091370559,0.1427557731458495
-7.14286,-9.18367,210,0.0021,425,0.00425,0.46853146853146854,0.20644725412604967,0.07868020304568538,-0.002728534728981422
-7.14286,-7.14286,167,0.00167,419,0.00419,0.16783216783216784,-0.04058718362357002,0.06345177664974624,-0.016807661297513484
-7.14286,-5.10204,149,0.00149,409,0.00409,0.04195804195804196,-0.1439969482629457,0.038071065989847705,-0.040272872245066926
-7.14286,-3.06122,245,0.0024500000000000004,476,0.00476,0.7132867132867133,0.4075217964803913,0.2081218274111676,0.11694404110354081
-7.14286,-1.02041,172,0.00172,454,0.00454,0.20279720279720279,-0.011862249001521222,0.15228426395939082,0.06532057701892324
-7.14286,1.02041,219,0.00219,431,0.00431,0.5314685314685315,0.25815213644573753,0.09390862944162429,0.011350591839550438
-7.14286,3.06122,140,0.0014,424,0.00424,-0.02097902097902098,-0.19570183058263355,0.07614213197969541,-0.005075055823736867
-7.14286,5.10204,190,0.0019,487,0.00487,0.32867132867132864,0.09154751563785446,0.2360406091370559,0.1427557731458495
-7.14286,7.14286,201,0.00201,470,0.0047,0.40559440559440557,0.15474237180636183,0.1928934010152285,0.10286491453500875
-7.14286,9.18367,165,0.00165,428,0.00428,0.15384615384615385,-0.05207715747238954,0.08629441624365483,0.004311028555284508
-7.14286,11.2245,194,0.00194,444,0.0044399999999999995,0.35664335664335667,0.1145274633354935,0.1269035532994923,0.041855366071369804
-7.14286,13.2653,179,0.00179,442,0.00442,0.2517482517482518,0.0283526594693471,0.12182741116751279,0.03716232388185932
-7.14286,15.3061,176,0.00176,453,0.00453,0.23076923076923078,0.01111769869611782,0.14974619289340108,0.06297405592416801
-7.14286,17.3469,162,0.00162,393,0.0039299999999999995,0.13286713286713286,-0.06931211824561882,-0.0025380710659899646,-0.07781720976115242
-7.14286,19.3878,181,0.00181,405,0.00405,0.26573426573426573,0.03984263331816662,0.027918781725888287,-0.0496589566240883
-7.14286,21.4286,144,0.00144,449,0.00449,0.006993006993006993,-0.17272188288499452,0.13959390862944165,0.05358797154514663
-7.14286,23.4694,164,0.00164,433,0.0043300000000000005,0.14685314685314685,-0.05782214439679931,0.09898477157360422,0.016043634029061327
-7.14286,25.5102,157,0.00157,403,0.00403,0.0979020979020979,-0.09803705286766763,0.02284263959390858,-0.054351998813598985
-7.14286,27.551,190,0.0019,444,0.00444,0.32867132867132864,0.09154751563785446,0.1269035532994925,0.04185536607137001
-7.14286,29.5918,132,0.00132,443,0.00443,-0.07692307692307693,-0.24166172597791163,0.12436548223350254,0.03950884497661456
-7.14286,31.6327,150,0.0015,441,0.00441,0.04895104895104895,-0.13825196133853596,0.11928934010152283,0.034815802787103875
-7.14286,33.6735,137,0.00137,414,0.00414,-0.04195804195804196,-0.21293679135586283,0.05076142131979687,-0.028540266771290304
-7.14286,35.7143,142,0.00142,412,0.00412,-0.006993006993006993,-0.18421185673381404,0.04568527918781738,-0.03323330896080079
-7.14286,37.7551,145,0.00145,408,0.00408,0.013986013986013986,-0.16697689596058476,0.03553299492385796,-0.04261939333982216
-7.14286,39.7959,152,0.00152,409,0.00409,0.06293706293706294,-0.12676198748971643,0.038071065989847705,-0.040272872245066926
-7.14286,41.8367,201,0.00201,420,0.0042,0.40559440559440557,0.15474237180636183,0.06598984771573599,-0.014461140202758243
-7.14286,43.8776,174,0.00174,418,0.00418,0.21678321678321677,-0.00037227515270170126,0.060913705583756285,-0.01915418239226893
-7.14286,45.9184,158,0.00158,425,0.00425,0.1048951048951049,-0.09229206594325787,0.07868020304568538,-0.002728534728981422
-7.14286,47.9592,166,0.00166,430,0.0043,0.16083916083916083,-0.046332170547979785,0.09137055837563454,0.009004070744795195
-7.14286,50.0,199,0.00199,420,0.0042,0.3916083916083916,0.1432523979575423,0.06598984771573599,-0.014461140202758243
-5.10204,-50.0,200,0.002,444,0.0044399999999999995,0.3986013986013986,0.14899738488195208,0.1269035532994923,0.041855366071369804
-5.10204,-47.9592,228,0.00228,448,0.00448,0.5944055944055944,0.3098570187654254,0.1370558375634517,0.051241450450391184
-5.10204,-45.9184,208,0.00208,474,0.004739999999999999,0.45454545454545453,0.19495728027723014,0.2030456852791877,0.11225099891402991
-5.10204,-43.8776,211,0.00211,446,0.00446,0.4755244755244755,0.21219224105045942,0.1319796954314722,0.0465484082608807
-5.10204,-41.8367,166,0.00166,426,0.00426,0.16083916083916083,-0.046332170547979785,0.08121827411167512,-0.00038201363422617977
-5.10204,-39.7959,172,0.0017200000000000002,408,0.00408,0.20279720279720279,-0.011862249001521222,0.03553299492385796,-0.04261939333982216
-5.10204,-37.7551,153,0.0015300000000000001,408,0.00408,0.06993006993006994,-0.12101700056530666,0.03553299492385796,-0.04261939333982216
-5.10204,-35.7143,141,0.00141,438,0.00438,-0.013986013986013986,-0.1899568436582238,0.11167512690355337,0.027776239502837946
-5.10204,-33.6735,141,0.00141,417,0.00417,-0.013986013986013986,-0.1899568436582238,0.05837563451776654,-0.021500703487024174
-5.10204,-31.6327,155,0.0015500000000000002,444,0.00444,0.08391608391608392,-0.10952702671648715,0.1269035532994925,0.04185536607137001
-5.10204,-29.5918,127,0.0012699999999999999,453,0.00453,-0.11188811188811189,-0.2703866605999604,0.14974619289340108,0.06297405592416801
-5.10204,-27.551,154,0.00154,420,0.0042,0.07692307692307693,-0.11527201364089691,0.06598984771573599,-0.014461140202758243
-5.10204,-25.5102,153,0.0015300000000000001,445,0.00445,0.06993006993006994,-0.12101700056530666,0.12944162436548223,0.04420188716612525
-5.10204,-23.4694,201,0.00201,429,0.00429,0.40559440559440557,0.15474237180636183,0.0888324873096448,0.006657549650039954
-5.10204,-21.4286,196,0.00196,489,0.00489,0.3706293706293706,0.12601743718431302,0.24111675126903562,0.14744881533536017
-5.10204,-19.3878,232,0.00232,458,0.00458,0.6223776223776224,0.3328369664630644,0.16243654822335024,0.07470666139794462
-5.10204,-17.3469,183,0.00183,427,0.0042699999999999995,0.27972027972027974,0.05133260716698614,0.08375634517766486,0.0019645074605290623
-5.10204,-15.3061,233,0.00233,505,0.00505,0.6293706293706294,0.33858195338747415,0.28172588832487305,0.18499315285144546
-5.10204,-13.2653,156,0.0015600000000000002,441,0.00441,0.09090909090909091,-0.10378203979207738,0.11928934010152283,0.034815802787103875
-5.10204,-11.2245,156,0.00156,417,0.00417,0.09090909090909091,-0.10378203979207738,0.05837563451776654,-0.021500703487024174
-5.10204,-9.18367,197,0.00197,452,0.00452,0.3776223776223776,0.1317624241087228,0.1472081218274111,0.060627534829412556
-5.10204,-7.14286,215,0.00215,482,0.00482,0.5034965034965035,0.23517218874809848,0.22335025380710652,0.13102316767207267
-5.10204,-5.10204,187,0.0018700000000000001,441,0.00441,0.3076923076923077,0.07431255486462518,0.11928934010152283,0.034815802787103875
-5.10204,-3.06122,178,0.00178,434,0.00434,0.24475524475524477,0.02260767254493734,0.10152284263959396,0.01839015512381657
-5.10204,-1.02041,187,0.00187,473,0.00473,0.3076923076923077,0.07431255486462518,0.20050761421319796,0.10990447781927468
-5.10204,1.02041,226,0.00226,464,0.00464,0.5804195804195804,0.2983670449166058,0.17766497461928937,0.08878578796647668
-5.10204,3.06122,180,0.0018,447,0.00447,0.25874125874125875,0.03409764639375686,0.13451776649746194,0.04889492935563594
-5.10204,5.10204,182,0.00182,428,0.00428,0.2727272727272727,0.045587620242576385,0.08629441624365483,0.004311028555284508
-5.10204,7.14286,163,0.0016300000000000002,444,0.00444,0.13986013986013987,-0.06356713132120906,0.1269035532994925,0.04185536607137001
-5.10204,9.18367,201,0.00201,477,0.00477,0.40559440559440557,0.15474237180636183,0.21065989847715735,0.11929056219829605
-5.10204,11.2245,208,0.0020800000000000003,466,0.00466,0.45454545454545453,0.19495728027723014,0.18274111675126908,0.09347883015598737
-5.10204,13.2653,160,0.0015999999999999999,442,0.00442,0.11888111888111888,-0.08080209209443835,0.12182741116751279,0.03716232388185932
-5.10204,15.3061,183,0.00183,483,0.00483,0.27972027972027974,0.05133260716698614,0.22588832487309649,0.13336968876682812
-5.10204,17.3469,183,0.00183,449,0.00449,0.27972027972027974,0.05133260716698614,0.13959390862944165,0.05358797154514663
-5.10204,19.3878,184,0.00184,461,0.0046099999999999995,0.2867132867132867,0.0570775940913959,0.1700507614213197,0.08174622468221054
-5.10204,21.4286,164,0.00164,414,0.00414,0.14685314685314685,-0.05782214439679931,0.05076142131979687,-0.028540266771290304
-5.10204,23.4694,171,0.00171,473,0.00473,0.1958041958041958,-0.017607235925930984,0.20050761421319796,0.10990447781927468
-5.10204,25.5102,158,0.00158,422,0.00422,0.1048951048951049,-0.09229206594325787,0.0710659898477157,-0.009768098013247555
-5.10204,27.551,189,0.00189,472,0.00472,0.32167832167832167,0.08580252871344471,0.19796954314720822,0.10755795672451943
-5.10204,29.5918,179,0.00179,453,0.00453,0.2517482517482518,0.0283526594693471,0.14974619289340108,0.06297405592416801
-5.10204,31.6327,166,0.00166,428,0.00428,0.16083916083916083,-0.046332170547979785,0.08629441624365483,0.004311028555284508
-5.10204,33.6735,144,0.00144,423,0.00423,0.006993006993006993,-0.17272188288499452,0.07360406091370567,-0.00742157691849211
-5.10204,35.7143,148,0.00148,442,0.00442,0.03496503496503497,-0.14974193518735546,0.12182741116751279,0.03716232388185932
-5.10204,37.7551,151,0.00151,449,0.00449,0.055944055944055944,-0.13250697441412618,0.13959390862944165,0.05358797154514663
-5.10204,39.7959,198,0.00198,431,0.00431,0.38461538461538464,0.13750741103313255,0.09390862944162429,0.011350591839550438
-5.10204,41.8367,159,0.00159,420,0.0042,0.11188811188811189,-0.0865470790188481,0.06598984771573599,-0.014461140202758243
-5.10204,43.8776,183,0.00183,419,0.00419,0.27972027972027974,0.05133260716698614,0.06345177664974624,-0.016807661297513484
-5.10204,45.9184,175,0.00175,423,0.00423,0.22377622377622378,0.005372711771708059,0.07360406091370567,-0.00742157691849211
-5.10204,47.9592,146,0.00146,388,0.0038799999999999998,0.02097902097902098,-0.161231909036175,-0.015228426395939127,-0.08954981523492904
-5.10204,50.0,149,0.00149,401,0.00401,0.04195804195804196,-0.1439969482629457,0.01776649746192887,-0.05904504100310967
-3.06122,-50.0,173,0.00173,437,0.00437,0.2097902097902098,-0.006117262077111461,0.1091370558375634,0.0254297184080825
-3.06122,-47.9592,174,0.00174,424,0.00424,0.21678321678321677,-0.00037227515270170126,0.07614213197969541,-0.005075055823736867
-3.06122,-45.9184,160,0.0016,437,0.00437,0.11888111888111888,-0.08080209209443835,0.1091370558375634,0.0254297184080825
-3.06122,-43.8776,169,0.00169,437,0.00437,0.18181818181818182,-0.029097209774750502,0.1091370558375634,0.0254297184080825
-3.06122,-41.8367,154,0.00154,431,0.0043100000000000005,0.07692307692307693,-0.11527201364089691,0.09390862944162451,0.011350591839550641
-3.06122,-39.7959,187,0.00187,445,0.00445,0.3076923076923077,0.07431255486462518,0.12944162436548223,0.04420188716612525
-3.06122,-37.7551,187,0.00187,408,0.00408,0.3076923076923077,0.07431255486462518,0.03553299492385796,-0.04261939333982216
-3.06122,-35.7143,154,0.0015400000000000001,429,0.00429,0.07692307692307693,-0.11527201364089691,0.0888324873096448,0.006657549650039954
-3.06122,-33.6735,166,0.00166,442,0.00442,0.16083916083916083,-0.046332170547979785,0.12182741116751279,0.03716232388185932
-3.06122,-31.6327,178,0.0017800000000000001,472,0.00472,0.24475524475524477,0.02260767254493734,0.19796954314720822,0.10755795672451943
-3.06122,-29.5918,143,0.00143,432,0.00432,0.0,-0.17846686980940427,0.09644670050761425,0.013697112934305884
-3.06122,-27.551,181,0.00181,449,0.00449,0.26573426573426573,0.03984263331816662,0.13959390862944165,0.05358797154514663
-3.06122,-25.5102,222,0.00222,464,0.00464,0.5524475524475524,0.2753870972189668,0.17766497461928937,0.08878578796647668
-3.06122,-23.4694,137,0.0013700000000000001,399,0.0039900000000000005,-0.04195804195804196,-0.21293679135586283,0.012690355329949382,-0.06373808319262016
-3.06122,-21.4286,170,0.0017000000000000001,444,0.0044399999999999995,0.1888111888111888,-0.02335222285034074,0.1269035532994923,0.041855366071369804
-3.06122,-19.3878,176,0.00176,449,0.00449,0.23076923076923078,0.01111769869611782,0.13959390862944165,0.05358797154514663
-3.06122,-17.3469,158,0.00158,465,0.00465,0.1048951048951049,-0.09229206594325787,0.18020304568527912,0.09113230906123192
-3.06122,-15.3061,156,0.00156,453,0.00453,0.09090909090909091,-0.10378203979207738,0.14974619289340108,0.06297405592416801
-3.06122,-13.2653,186,0.00186,432,0.00432,0.3006993006993007,0.06856756794021543,0.09644670050761425,0.013697112934305884
-3.06122,-11.2245,129,0.00129,433,0.0043300000000000005,-0.0979020979020979,-0.2588966867511409,0.09898477157360422,0.016043634029061327
-3.06122,-9.18367,165,0.00165,441,0.00441,0.15384615384615385,-0.05207715747238954,0.11928934010152283,0.034815802787103875
-3.06122,-7.14286,171,0.00171,430,0.0043,0.1958041958041958,-0.017607235925930984,0.09137055837563454,0.009004070744795195
-3.06122,-5.10204,164,0.00164,457,0.00457,0.14685314685314685,-0.05782214439679931,0.1598984771573605,0.07236014030318938
-3.06122,-3.06122,146,0.00146,414,0.0041400000000000005,0.02097902097902098,-0.161231909036175,0.050761421319797086,-0.028540266771290103
-3.06122,-1.02041,200,0.002,445,0.00445,0.3986013986013986,0.14899738488195208,0.12944162436548223,0.04420188716612525
-3.06122,1.02041,167,0.00167,410,0.0041,0.16783216783216784,-0.04058718362357002,0.04060913705583767,-0.037926351150311476
-3.06122,3.06122,143,0.00143,443,0.00443,0.0,-0.17846686980940427,0.12436548223350254,0.03950884497661456
-3.06122,5.10204,155,0.00155,427,0.00427,0.08391608391608392,-0.10952702671648715,0.08375634517766509,0.0019645074605292656
-3.06122,7.14286,155,0.0015500000000000002,427,0.0042699999999999995,0.08391608391608392,-0.10952702671648715,0.08375634517766486,0.0019645074605290623
-3.06122,9.18367,224,0.00224,469,0.00469,0.5664335664335665,0.2868770710677863,0.19035532994923854,0.1005183934402533
-3.06122,11.2245,188,0.0018800000000000002,457,0.00457,0.3146853146853147,0.08005754178903494,0.1598984771573605,0.07236014030318938
-3.06122,13.2653,177,0.0017699999999999999,452,0.00452,0.23776223776223776,0.01686268562052758,0.1472081218274111,0.060627534829412556
-3.06122,15.3061,171,0.00171,422,0.00422,0.1958041958041958,-0.017607235925930984,0.0710659898477157,-0.009768098013247555
-3.06122,17.3469,155,0.00155,442,0.00442,0.08391608391608392,-0.10952702671648715,0.12182741116751279,0.03716232388185932
-3.06122,19.3878,178,0.0017800000000000001,464,0.00464,0.24475524475524477,0.02260767254493734,0.17766497461928937,0.08878578796647668
-3.06122,21.4286,163,0.00163,452,0.00452,0.13986013986013987,-0.06356713132120906,0.1472081218274111,0.060627534829412556
-3.06122,23.4694,191,0.00191,483,0.00483,0.3356643356643357,0.09729250256226422,0.22588832487309649,0.13336968876682812
-3.06122,25.5102,207,0.0020700000000000002,462,0.00462,0.44755244755244755,0.1892122933528204,0.17258883248730966,0.08409274577696599
-3.06122,27.551,205,0.0020499999999999997,470,0.0047,0.43356643356643354,0.17772231950400086,0.1928934010152285,0.10286491453500875
-3.06122,29.5918,150,0.0015,441,0.00441,0.04895104895104895,-0.13825196133853596,0.11928934010152283,0.034815802787103875
-3.06122,31.6327,219,0.00219,482,0.00482,0.5314685314685315,0.25815213644573753,0.22335025380710652,0.13102316767207267
-3.06122,33.6735,188,0.0018800000000000002,444,0.00444,0.3146853146853147,0.08005754178903494,0.1269035532994925,0.04185536607137001
-3.06122,35.7143,163,0.00163,447,0.00447,0.13986013986013987,-0.06356713132120906,0.13451776649746194,0.04889492935563594
-3.06122,37.7551,197,0.00197,462,0.00462,0.3776223776223776,0.1317624241087228,0.17258883248730966,0.08409274577696599
-3.06122,39.7959,174,0.00174,428,0.00428,0.21678321678321677,-0.00037227515270170126,0.08629441624365483,0.004311028555284508
-3.06122,41.8367,192,0.00192,431,0.00431,0.34265734265734266,0.10303748948667399,0.09390862944162429,0.011350591839550438
-3.06122,43.8776,208,0.0020800000000000003,419,0.00419,0.45454545454545453,0.19495728027723014,0.06345177664974624,-0.016807661297513484
-3.06122,45.9184,153,0.0015300000000000001,416,0.0041600000000000005,0.06993006993006994,-0.12101700056530666,0.055837563451776796,-0.023847224581779413
-3.06122,47.9592,229,0.00229,455,0.00455,0.6013986013986014,0.3156020056898351,0.1548223350253808,0.06766709811367869
-3.06122,50.0,142,0.00142,423,0.00423,-0.006993006993006993,-0.18421185673381404,0.07360406091370567,-0.00742157691849211
-1.02041,-50.0,179,0.00179,421,0.00421,0.2517482517482518,0.0283526594693471,0.06852791878172595,-0.012114619108002798
-1.02041,-47.9592,173,0.00173,469,0.00469,0.2097902097902098,-0.006117262077111461,0.19035532994923854,0.1005183934402533
-1.02041,-45.9184,191,0.00191,436,0.00436,0.3356643356643357,0.09729250256226422,0.10659898477157366,0.02308319731332726
-1.02041,-43.8776,179,0.00179,432,0.00432,0.2517482517482518,0.0283526594693471,0.09644670050761425,0.013697112934305884
-1.02041,-41.8367,168,0.00168,459,0.00459,0.17482517482517482,-0.03484219669916026,0.1649746192893402,0.07705318249270006
-1.02041,-39.7959,178,0.0017800000000000001,447,0.00447,0.24475524475524477,0.02260767254493734,0.13451776649746194,0.04889492935563594
-1.02041,-37.7551,189,0.0018900000000000002,464,0.00464,0.32167832167832167,0.08580252871344471,0.17766497461928937,0.08878578796647668
-1.02041,-35.7143,175,0.00175,404,0.00404,0.22377622377622378,0.005372711771708059,0.025380710659898543,-0.05200547771884354
-1.02041,-33.6735,172,0.00172,438,0.00438,0.20279720279720279,-0.011862249001521222,0.11167512690355337,0.027776239502837946
-1.02041,-31.6327,196,0.00196,400,0.004,0.3706293706293706,0.12601743718431302,0.015228426395939127,-0.061391562097864914
-1.02041,-29.5918,152,0.00152,426,0.00426,0.06293706293706294,-0.12676198748971643,0.08121827411167512,-0.00038201363422617977
-1.02041,-27.551,153,0.00153,447,0.00447,0.06993006993006994,-0.12101700056530666,0.13451776649746194,0.04889492935563594
-1.02041,-25.5102,147,0.00147,425,0.00425,0.027972027972027972,-0.15548692211176524,0.07868020304568538,-0.002728534728981422
-1.02041,-23.4694,208,0.0020800000000000003,453,0.00453,0.45454545454545453,0.19495728027723014,0.14974619289340108,0.06297405592416801
-1.02041,-21.4286,132,0.00132,448,0.00448,-0.07692307692307693,-0.24166172597791163,0.1370558375634517,0.051241450450391184
-1.02041,-19.3878,166,0.00166,473,0.00473,0.16083916083916083,-0.046332170547979785,0.20050761421319796,0.10990447781927468
-1.02041,-17.3469,142,0.00142,400,0.004,-0.006993006993006993,-0.18421185673381404,0.015228426395939127,-0.061391562097864914
-1.02041,-15.3061,125,0.00125,432,0.00432,-0.1258741258741259,-0.28187663444878,0.09644670050761425,0.013697112934305884
-1.02041,-13.2653,141,0.00141,452,0.00452,-0.013986013986013986,-0.1899568436582238,0.1472081218274111,0.060627534829412556
-1.02041,-11.2245,150,0.0015,470,0.0047,0.04895104895104895,-0.13825196133853596,0.1928934010152285,0.10286491453500875
-1.02041,-9.18367,210,0.0021,454,0.00454,0.46853146853146854,0.20644725412604967,0.15228426395939082,0.06532057701892324
-1.02041,-7.14286,175,0.0017499999999999998,452,0.00452,0.22377622377622378,0.005372711771708059,0.1472081218274111,0.060627534829412556
-1.02041,-5.10204,154,0.00154,454,0.00454,0.07692307692307693,-0.11527201364089691,0.15228426395939082,0.06532057701892324
-1.02041,-3.06122,203,0.00203,460,0.0046,0.4195804195804196,0.16623234565518136,0.16751269035532995,0.07939970358745531
-1.02041,-1.02041,143,0.00143,394,0.00394,0.0,-0.17846686980940427,0.0,-0.07547068866639697
-1.02041,1.02041,198,0.00198,472,0.00472,0.38461538461538464,0.13750741103313255,0.19796954314720822,0.10755795672451943
-1.02041,3.06122,239,0.00239,447,0.00447,0.6713286713286714,0.3730518749339327,0.13451776649746194,0.04889492935563594
-1.02041,5.10204,204,0.00204,542,0.00542,0.42657342657342656,0.1719773325795911,0.3756345177664976,0.2718144333573931
-1.02041,7.14286,162,0.00162,455,0.00455,0.13286713286713286,-0.06931211824561882,0.1548223350253808,0.06766709811367869
-1.02041,9.18367,168,0.00168,459,0.00459,0.17482517482517482,-0.03484219669916026,0.1649746192893402,0.07705318249270006
-1.02041,11.2245,138,0.0013800000000000002,425,0.00425,-0.03496503496503497,-0.20719180443145307,0.07868020304568538,-0.002728534728981422
-1.02041,13.2653,180,0.0018,446,0.0044599999999999996,0.25874125874125875,0.03409764639375686,0.13197969543147198,0.04654840826088049
-1.02041,15.3061,179,0.00179,455,0.00455,0.2517482517482518,0.0283526594693471,0.1548223350253808,0.06766709811367869
-1.02041,17.3469,145,0.0014500000000000001,451,0.00451,0.013986013986013986,-0.16697689596058476,0.14467005076142136,0.058281013734657314
-1.02041,19.3878,137,0.0013700000000000001,434,0.00434,-0.04195804195804196,-0.21293679135586283,0.10152284263959396,0.01839015512381657
-1.02041,21.4286,150,0.0015,466,0.00466,0.04895104895104895,-0.13825196133853596,0.18274111675126908,0.09347883015598737
-1.02041,23.4694,173,0.00173,446,0.00446,0.2097902097902098,-0.006117262077111461,0.1319796954314722,0.0465484082608807
-1.02041,25.5102,161,0.0016099999999999999,454,0.00454,0.1258741258741259,-0.07505710517002859,0.15228426395939082,0.06532057701892324
-1.02041,27.551,182,0.00182,434,0.00434,0.2727272727272727,0.045587620242576385,0.10152284263959396,0.01839015512381657
-1.02041,29.5918,209,0.00209,497,0.0049700000000000005,0.46153846153846156,0.20070226720163992,0.26142131979695443,0.1662209840934029
-1.02041,31.6327,193,0.0019299999999999999,451,0.00451,0.34965034965034963,0.10878247641108374,0.14467005076142136,0.058281013734657314
-1.02041,33.6735,185,0.00185,460,0.0046,0.2937062937062937,0.06282258101580566,0.16751269035532995,0.07939970358745531
-1.02041,35.7143,185,0.00185,472,0.00472,0.2937062937062937,0.06282258101580566,0.19796954314720822,0.10755795672451943
-1.02041,37.7551,157,0.00157,418,0.00418,0.0979020979020979,-0.09803705286766763,0.060913705583756285,-0.01915418239226893
-1.02041,39.7959,155,0.00155,423,0.00423,0.08391608391608392,-0.10952702671648715,0.07360406091370567,-0.00742157691849211
-1.02041,41.8367,192,0.00192,437,0.00437,0.34265734265734266,0.10303748948667399,0.1091370558375634,0.0254297184080825
-1.02041,43.8776,190,0.0019,460,0.0046,0.32867132867132864,0.09154751563785446,0.16751269035532995,0.07939970358745531
-1.02041,45.9184,168,0.00168,426,0.00426,0.17482517482517482,-0.03484219669916026,0.08121827411167512,-0.00038201363422617977
-1.02041,47.9592,210,0.0021,420,0.0042,0.46853146853146854,0.20644725412604967,0.06598984771573599,-0.014461140202758243
-1.02041,50.0,166,0.00166,387,0.0038699999999999997,0.16083916083916083,-0.046332170547979785,-0.01776649746192898,-0.09189633632968439
1.02041,-50.0,187,0.0018700000000000001,442,0.00442,0.3076923076923077,0.07431255486462518,0.12182741116751279,0.03716232388185932
1.02041,-47.9592,174,0.00174,426,0.00426,0.21678321678321677,-0.00037227515270170126,0.08121827411167512,-0.00038201363422617977
1.02041,-45.9184,179,0.00179,395,0.00395,0.2517482517482518,0.0283526594693471,0.0025380710659899646,-0.07312416757164153
1.02041,-43.8776,151,0.00151,399,0.00399,0.055944055944055944,-0.13250697441412618,0.012690355329949162,-0.06373808319262037
1.02041,-41.8367,138,0.00138,429,0.00429,-0.03496503496503497,-0.20719180443145307,0.0888324873096448,0.006657549650039954
1.02041,-39.7959,204,0.00204,458,0.00458,0.42657342657342656,0.1719773325795911,0.16243654822335024,0.07470666139794462
1.02041,-37.7551,160,0.0015999999999999999,442,0.00442,0.11888111888111888,-0.08080209209443835,0.12182741116751279,0.03716232388185932
1.02041,-35.7143,156,0.00156,442,0.00442,0.09090909090909091,-0.10378203979207738,0.12182741116751279,0.03716232388185932
1.02041,-33.6735,206,0.00206,459,0.00459,0.4405594405594406,0.18346730642841064,0.1649746192893402,0.07705318249270006
1.02041,-31.6327,201,0.00201,457,0.00457,0.40559440559440557,0.15474237180636183,0.1598984771573605,0.07236014030318938
1.02041,-29.5918,177,0.00177,450,0.0045,0.23776223776223776,0.01686268562052758,0.1421319796954314,0.05593449263990187
1.02041,-27.551,160,0.0016,477,0.00477,0.11888111888111888,-0.08080209209443835,0.21065989847715735,0.11929056219829605
1.02041,-25.5102,166,0.00166,428,0.00428,0.16083916083916083,-0.046332170547979785,0.08629441624365483,0.004311028555284508
1.02041,-23.4694,153,0.0015300000000000001,452,0.00452,0.06993006993006994,-0.12101700056530666,0.1472081218274111,0.060627534829412556
1.02041,-21.4286,185,0.00185,421,0.00421,0.2937062937062937,0.06282258101580566,0.06852791878172595,-0.012114619108002798
1.02041,-19.3878,141,0.00141,433,0.00433,-0.013986013986013986,-0.1899568436582238,0.098984771573604,0.016043634029061126
1.02041,-17.3469,123,0.00123,427,0.0042699999999999995,-0.13986013986013987,-0.2933666082975995,0.08375634517766486,0.0019645074605290623
1.02041,-15.3061,120,0.0012000000000000001,411,0.00411,-0.16083916083916083,-0.31060156907082875,0.043147208121827416,-0.03557983005555623
1.02041,-13.2653,127,0.0012699999999999999,496,0.00496,-0.11188811188811189,-0.2703866605999604,0.25888324873096447,0.16387446299864747
1.02041,-11.2245,176,0.00176,428,0.00428,0.23076923076923078,0.01111769869611782,0.08629441624365483,0.004311028555284508
1.02041,-9.18367,170,0.0017000000000000001,444,0.0044399999999999995,0.1888111888111888,-0.02335222285034074,0.1269035532994923,0.041855366071369804
1.02041,-7.14286,156,0.00156,447,0.00447,0.09090909090909091,-0.10378203979207738,0.13451776649746194,0.04889492935563594
1.02041,-5.10204,190,0.0019,469,0.00469,0.32867132867132864,0.09154751563785446,0.19035532994923854,0.1005183934402533
1.02041,-3.06122,158,0.00158,415,0.00415,0.1048951048951049,-0.09229206594325787,0.05329949238578683,-0.02619374567653486
1.02041,-1.02041,163,0.00163,412,0.00412,0.13986013986013987,-0.06356713132120906,0.04568527918781738,-0.03323330896080079
1.02041,1.02041,164,0.00164,457,0.00457,0.14685314685314685,-0.05782214439679931,0.1598984771573605,0.07236014030318938
1.02041,3.06122,171,0.00171,460,0.0046,0.1958041958041958,-0.017607235925930984,0.16751269035532995,0.07939970358745531
1.02041,5.10204,161,0.0016099999999999999,462,0.00462,0.1258741258741259,-0.07505710517002859,0.17258883248730966,0.08409274577696599
1.02041,7.14286,178,0.00178,474,0.00474,0.24475524475524477,0.02260767254493734,0.20304568527918793,0.11225099891403012
1.02041,9.18367,174,0.00174,461,0.00461,0.21678321678321677,-0.00037227515270170126,0.17005076142131992,0.08174622468221075
1.02041,11.2245,201,0.00201,458,0.00458,0.40559440559440557,0.15474237180636183,0.16243654822335024,0.07470666139794462
1.02041,13.2653,175,0.0017499999999999998,429,0.00429,0.22377622377622378,0.005372711771708059,0.0888324873096448,0.006657549650039954
1.02041,15.3061,195,0.00195,475,0.00475,0.36363636363636365,0.12027245025990327,0.20558375634517767,0.11459752000878536
1.02041,17.3469,137,0.0013700000000000001,436,0.00436,-0.04195804195804196,-0.21293679135586283,0.10659898477157366,0.02308319731332726
1.02041,19.3878,171,0.0017100000000000001,473,0.00473,0.1958041958041958,-0.017607235925930984,0.20050761421319796,0.10990447781927468
1.02041,21.4286,169,0.00169,459,0.00459,0.18181818181818182,-0.029097209774750502,0.1649746192893402,0.07705318249270006
1.02041,23.4694,196,0.00196,468,0.00468,0.3706293706293706,0.12601743718431302,0.1878172588832488,0.09817187234549805
1.02041,25.5102,177,0.0017699999999999999,471,0.00471,0.23776223776223776,0.01686268562052758,0.19543147208121825,0.10521143562976398
1.02041,27.551,168,0.00168,419,0.00419,0.17482517482517482,-0.03484219669916026,0.06345177664974624,-0.016807661297513484
1.02041,29.5918,149,0.00149,469,0.00469,0.04195804195804196,-0.1439969482629457,0.19035532994923854,0.1005183934402533
1.02041,31.6327,195,0.00195,462,0.00462,0.36363636363636365,0.12027245025990327,0.17258883248730966,0.08409274577696599
1.02041,33.6735,148,0.00148,462,0.00462,0.03496503496503497,-0.14974193518735546,0.17258883248730966,0.08409274577696599
1.02041,35.7143,199,0.00199,447,0.00447,0.3916083916083916,0.1432523979575423,0.13451776649746194,0.04889492935563594
1.02041,37.7551,192,0.00192,434,0.00434,0.34265734265734266,0.10303748948667399,0.10152284263959396,0.01839015512381657
1.02041,39.7959,155,0.0015500000000000002,421,0.00421,0.08391608391608392,-0.10952702671648715,0.06852791878172595,-0.012114619108002798
1.02041,41.8367,153,0.0015300000000000001,406,0.00406,0.06993006993006994,-0.12101700056530666,0.030456852791878253,-0.047312435529332855
1.02041,43.8776,162,0.0016200000000000001,450,0.0045000000000000005,0.13286713286713286,-0.06931211824561882,0.14213197969543162,0.05593449263990207
1.02041,45.9184,187,0.0018700000000000001,425,0.00425,0.3076923076923077,0.07431255486462518,0.07868020304568538,-0.002728534728981422
1.02041,47.9592,160,0.0015999999999999999,382,0.00382,0.11888111888111888,-0.08080209209443835,-0.030456852791878142,-0.10362894180346101
1.02041,50.0,188,0.0018800000000000002,409,0.00409,0.3146853146853147,0.08005754178903494,0.038071065989847705,-0.040272872245066926
3.06122,-50.0,179,0.00179,420,0.0042,0.2517482517482518,0.0283526594693471,0.06598984771573599,-0.014461140202758243
3.06122,-47.9592,155,0.0015500000000000002,435,0.00435,0.08391608391608392,-0.10952702671648715,0.10406091370558371,0.020736676218571812
3.06122,-45.9184,163,0.00163,415,0.00415,0.13986013986013987,-0.06356713132120906,0.05329949238578683,-0.02619374567653486
3.06122,-43.8776,177,0.0017699999999999999,424,0.00424,0.23776223776223776,0.01686268562052758,0.07614213197969541,-0.005075055823736867
3.06122,-41.8367,194,0.00194,447,0.00447,0.35664335664335667,0.1145274633354935,0.13451776649746194,0.04889492935563594
3.06122,-39.7959,176,0.00176,423,0.00423,0.23076923076923078,0.01111769869611782,0.07360406091370567,-0.00742157691849211
3.06122,-37.7551,220,0.0022,471,0.00471,0.5384615384615384,0.26389712337014726,0.19543147208121825,0.10521143562976398
3.06122,-35.7143,134,0.00134,386,0.00386,-0.06293706293706294,-0.2301717521290921,-0.020304568527918725,-0.09424285742443962
3.06122,-33.6735,134,0.00134,433,0.0043300000000000005,-0.06293706293706294,-0.2301717521290921,0.09898477157360422,0.016043634029061327
3.06122,-31.6327,188,0.00188,490,0.0049,0.3146853146853147,0.08005754178903494,0.24365482233502536,0.14979533643011542
3.06122,-29.5918,176,0.0017599999999999998,444,0.00444,0.23076923076923078,0.01111769869611782,0.1269035532994925,0.04185536607137001
3.06122,-27.551,186,0.00186,486,0.00486,0.3006993006993007,0.06856756794021543,0.23350253807106594,0.14040925205109403
3.06122,-25.5102,183,0.00183,426,0.00426,0.27972027972027974,0.05133260716698614,0.08121827411167512,-0.00038201363422617977
3.06122,-23.4694,192,0.00192,483,0.00483,0.34265734265734266,0.10303748948667399,0.22588832487309649,0.13336968876682812
3.06122,-21.4286,184,0.00184,467,0.00467,0.2867132867132867,0.0570775940913959,0.18527918781725883,0.09582535125074261
3.06122,-19.3878,176,0.00176,437,0.00437,0.23076923076923078,0.01111769869611782,0.1091370558375634,0.0254297184080825
3.06122,-17.3469,172,0.00172,430,0.0043,0.20279720279720279,-0.011862249001521222,0.09137055837563454,0.009004070744795195
3.06122,-15.3061,195,0.00195,460,0.0046,0.36363636363636365,0.12027245025990327,0.16751269035532995,0.07939970358745531
3.06122,-13.2653,165,0.00165,419,0.00419,0.15384615384615385,-0.05207715747238954,0.06345177664974624,-0.016807661297513484
3.06122,-11.2245,201,0.00201,491,0.00491,0.40559440559440557,0.15474237180636183,0.24619289340101533,0.15214185752487086
3.06122,-9.18367,218,0.00218,446,0.00446,0.5244755244755245,0.25240714952132776,0.1319796954314722,0.0465484082608807
3.06122,-7.14286,163,0.00163,404,0.00404,0.13986013986013987,-0.06356713132120906,0.025380710659898543,-0.05200547771884354
3.06122,-5.10204,145,0.00145,430,0.0043,0.013986013986013986,-0.16697689596058476,0.09137055837563454,0.009004070744795195
3.06122,-3.06122,216,0.00216,464,0.00464,0.5104895104895105,0.24091717567250823,0.17766497461928937,0.08878578796647668
3.06122,-1.02041,171,0.0017100000000000001,444,0.00444,0.1958041958041958,-0.017607235925930984,0.1269035532994925,0.04185536607137001
3.06122,1.02041,199,0.00199,450,0.0045,0.3916083916083916,0.1432523979575423,0.1421319796954314,0.05593449263990187
3.06122,3.06122,158,0.00158,468,0.00468,0.1048951048951049,-0.09229206594325787,0.1878172588832488,0.09817187234549805
3.06122,5.10204,170,0.0017000000000000001,470,0.0047,0.1888111888111888,-0.02335222285034074,0.1928934010152285,0.10286491453500875
3.06122,7.14286,183,0.00183,462,0.00462,0.27972027972027974,0.05133260716698614,0.17258883248730966,0.08409274577696599
3.06122,9.18367,177,0.0017699999999999999,447,0.00447,0.23776223776223776,0.01686268562052758,0.13451776649746194,0.04889492935563594
3.06122,11.2245,191,0.00191,428,0.00428,0.3356643356643357,0.09729250256226422,0.08629441624365483,0.004311028555284508
3.06122,13.2653,173,0.0017300000000000002,429,0.00429,0.2097902097902098,-0.006117262077111461,0.0888324873096448,0.006657549650039954
3.06122,15.3061,202,0.00202,467,0.0046700000000000005,0.4125874125874126,0.16048735873077158,0.18527918781725905,0.09582535125074282
3.06122,17.3469,179,0.00179,432,0.00432,0.2517482517482518,0.0283526594693471,0.09644670050761425,0.013697112934305884
3.06122,19.3878,178,0.0017800000000000001,406,0.00406,0.24475524475524477,0.02260767254493734,0.030456852791878253,-0.047312435529332855
3.06122,21.4286,115,0.00115,435,0.00435,-0.1958041958041958,-0.33932650369287753,0.10406091370558371,0.020736676218571812
3.06122,23.4694,163,0.00163,429,0.00429,0.13986013986013987,-0.06356713132120906,0.0888324873096448,0.006657549650039954
3.06122,25.5102,192,0.00192,421,0.00421,0.34265734265734266,0.10303748948667399,0.06852791878172595,-0.012114619108002798
3.06122,27.551,182,0.00182,467,0.0046700000000000005,0.2727272727272727,0.045587620242576385,0.18527918781725905,0.09582535125074282
3.06122,29.5918,159,0.00159,458,0.00458,0.11188811188811189,-0.0865470790188481,0.16243654822335024,0.07470666139794462
3.06122,31.6327,164,0.00164,492,0.00492,0.14685314685314685,-0.05782214439679931,0.24873096446700507,0.1544883786196261
3.06122,33.6735,133,0.00133,399,0.0039900000000000005,-0.06993006993006994,-0.23591673905350188,0.012690355329949382,-0.06373808319262016
3.06122,35.7143,133,0.00133,404,0.00404,-0.06993006993006994,-0.23591673905350188,0.025380710659898543,-0.05200547771884354
3.06122,37.7551,163,0.00163,426,0.00426,0.13986013986013987,-0.06356713132120906,0.08121827411167512,-0.00038201363422617977
3.06122,39.7959,118,0.00118,401,0.00401,-0.17482517482517482,-0.32209154291964825,0.01776649746192887,-0.05904504100310967
3.06122,41.8367,203,0.00203,432,0.00432,0.4195804195804196,0.16623234565518136,0.09644670050761425,0.013697112934305884
3.06122,43.8776,165,0.00165,414,0.00414,0.15384615384615385,-0.05207715747238954,0.05076142131979687,-0.028540266771290304
3.06122,45.9184,163,0.00163,432,0.00432,0.13986013986013987,-0.06356713132120906,0.09644670050761425,0.013697112934305884
3.06122,47.9592,186,0.00186,440,0.0044,0.3006993006993007,0.06856756794021543,0.11675126903553308,0.03246928169234863
3.06122,50.0,162,0.00162,413,0.00413,0.13286713286713286,-0.06931211824561882,0.048223350253807126,-0.030886787866045547
5.10204,-50.0,202,0.00202,444,0.00444,0.4125874125874126,0.16048735873077158,0.1269035532994925,0.04185536607137001
5.10204,-47.9592,215,0.00215,425,0.00425,0.5034965034965035,0.23517218874809848,0.07868020304568538,-0.002728534728981422
5.10204,-45.9184,202,0.00202,474,0.004739999999999999,0.4125874125874126,0.16048735873077158,0.2030456852791877,0.11225099891402991
5.10204,-43.8776,192,0.00192,446,0.00446,0.34265734265734266,0.10303748948667399,0.1319796954314722,0.0465484082608807
5.10204,-41.8367,188,0.0018800000000000002,449,0.00449,0.3146853146853147,0.08005754178903494,0.13959390862944165,0.05358797154514663
5.10204,-39.7959,169,0.00169,424,0.00424,0.18181818181818182,-0.029097209774750502,0.07614213197969541,-0.005075055823736867
5.10204,-37.7551,153,0.0015300000000000001,420,0.0042,0.06993006993006994,-0.12101700056530666,0.06598984771573599,-0.014461140202758243
5.10204,-35.7143,150,0.0015,419,0.00419,0.04895104895104895,-0.13825196133853596,0.06345177664974624,-0.016807661297513484
5.10204,-33.6735,163,0.00163,422,0.00422,0.13986013986013987,-0.06356713132120906,0.0710659898477157,-0.009768098013247555
5.10204,-31.6327,162,0.00162,461,0.0046099999999999995,0.13286713286713286,-0.06931211824561882,0.1700507614213197,0.08174622468221054
5.10204,-29.5918,132,0.00132,469,0.00469,-0.07692307692307693,-0.24166172597791163,0.19035532994923854,0.1005183934402533
5.10204,-27.551,130,0.0013,429,0.00429,-0.09090909090909091,-0.25315169982673114,0.0888324873096448,0.006657549650039954
5.10204,-25.5102,177,0.0017699999999999999,438,0.00438,0.23776223776223776,0.01686268562052758,0.11167512690355337,0.027776239502837946
5.10204,-23.4694,189,0.00189,444,0.00444,0.32167832167832167,0.08580252871344471,0.1269035532994925,0.04185536607137001
5.10204,-21.4286,235,0.00235,473,0.00473,0.6433566433566433,0.35007192723629366,0.20050761421319796,0.10990447781927468
5.10204,-19.3878,196,0.00196,439,0.00439,0.3706293706293706,0.12601743718431302,0.11421319796954311,0.03012276059759319
5.10204,-17.3469,174,0.00174,446,0.00446,0.21678321678321677,-0.00037227515270170126,0.1319796954314722,0.0465484082608807
5.10204,-15.3061,195,0.0019500000000000001,503,0.00503,0.36363636363636365,0.12027245025990327,0.27664974619289334,0.1803001106619348
5.10204,-13.2653,156,0.00156,415,0.00415,0.09090909090909091,-0.10378203979207738,0.05329949238578683,-0.02619374567653486
5.10204,-11.2245,165,0.00165,415,0.00415,0.15384615384615385,-0.05207715747238954,0.05329949238578683,-0.02619374567653486
5.10204,-9.18367,227,0.00227,460,0.0046,0.5874125874125874,0.3041120318410156,0.16751269035532995,0.07939970358745531
5.10204,-7.14286,174,0.00174,450,0.0045,0.21678321678321677,-0.00037227515270170126,0.1421319796954314,0.05593449263990187
5.10204,-5.10204,196,0.00196,455,0.00455,0.3706293706293706,0.12601743718431302,0.1548223350253808,0.06766709811367869
5.10204,-3.06122,191,0.00191,462,0.00462,0.3356643356643357,0.09729250256226422,0.17258883248730966,0.08409274577696599
5.10204,-1.02041,190,0.0019,460,0.0046,0.32867132867132864,0.09154751563785446,0.16751269035532995,0.07939970358745531
5.10204,1.02041,198,0.00198,427,0.00427,0.38461538461538464,0.13750741103313255,0.08375634517766509,0.0019645074605292656
5.10204,3.06122,187,0.00187,446,0.00446,0.3076923076923077,0.07431255486462518,0.1319796954314722,0.0465484082608807
5.10204,5.10204,149,0.00149,439,0.00439,0.04195804195804196,-0.1439969482629457,0.11421319796954311,0.03012276059759319
5.10204,7.14286,166,0.00166,419,0.00419,0.16083916083916083,-0.046332170547979785,0.06345177664974624,-0.016807661297513484
5.10204,9.18367,190,0.0019,462,0.00462,0.32867132867132864,0.09154751563785446,0.17258883248730966,0.08409274577696599
5.10204,11.2245,216,0.00216,478,0.0047799999999999995,0.5104895104895105,0.24091717567250823,0.2131979695431471,0.1216370832930513
5.10204,13.2653,163,0.00163,444,0.00444,0.13986013986013987,-0.06356713132120906,0.1269035532994925,0.04185536607137001
5.10204,15.3061,148,0.00148,436,0.00436,0.03496503496503497,-0.14974193518735546,0.10659898477157366,0.02308319731332726
5.10204,17.3469,197,0.00197,462,0.00462,0.3776223776223776,0.1317624241087228,0.17258883248730966,0.08409274577696599
5.10204,19.3878,185,0.0018499999999999999,474,0.00474,0.2937062937062937,0.06282258101580566,0.20304568527918793,0.11225099891403012
5.10204,21.4286,216,0.00216,452,0.00452,0.5104895104895105,0.24091717567250823,0.1472081218274111,0.060627534829412556
5.10204,23.4694,186,0.00186,465,0.00465,0.3006993006993007,0.06856756794021543,0.18020304568527912,0.09113230906123192
5.10204,25.5102,142,0.00142,421,0.00421,-0.006993006993006993,-0.18421185673381404,0.06852791878172595,-0.012114619108002798
5.10204,27.551,164,0.00164,454,0.00454,0.14685314685314685,-0.05782214439679931,0.15228426395939082,0.06532057701892324
5.10204,29.5918,157,0.00157,426,0.00426,0.0979020979020979,-0.09803705286766763,0.08121827411167512,-0.00038201363422617977
5.10204,31.6327,140,0.0014,440,0.0044,-0.02097902097902098,-0.19570183058263355,0.11675126903553308,0.03246928169234863
5.10204,33.6735,129,0.0012900000000000001,427,0.00427,-0.0979020979020979,-0.2588966867511409,0.08375634517766509,0.0019645074605292656
5.10204,35.7143,151,0.00151,432,0.00432,0.055944055944055944,-0.13250697441412618,0.09644670050761425,0.013697112934305884
5.10204,37.7551,167,0.00167,458,0.00458,0.16783216783216784,-0.04058718362357002,0.16243654822335024,0.07470666139794462
5.10204,39.7959,183,0.00183,430,0.0043,0.27972027972027974,0.05133260716698614,0.09137055837563454,0.009004070744795195
5.10204,41.8367,181,0.00181,428,0.00428,0.26573426573426573,0.03984263331816662,0.08629441624365483,0.004311028555284508
5.10204,43.8776,188,0.00188,426,0.00426,0.3146853146853147,0.08005754178903494,0.08121827411167512,-0.00038201363422617977
5.10204,45.9184,175,0.00175,407,0.00407,0.22377622377622378,0.005372711771708059,0.032994923857867994,-0.04496591443457761
5.10204,47.9592,161,0.00161,410,0.0041,0.1258741258741259,-0.07505710517002859,0.04060913705583767,-0.037926351150311476
5.10204,50.0,165,0.00165,412,0.00412,0.15384615384615385,-0.05207715747238954,0.04568527918781738,-0.03323330896080079
7.14286,-50.0,158,0.00158,435,0.00435,0.1048951048951049,-0.09229206594325787,0.10406091370558371,0.020736676218571812
7.14286,-47.9592,217,0.00217,436,0.00436,0.5174825174825175,0.246662162596918,0.10659898477157366,0.02308319731332726
7.14286,-45.9184,165,0.00165,453,0.00453,0.15384615384615385,-0.05207715747238954,0.14974619289340108,0.06297405592416801
7.14286,-43.8776,186,0.00186,444,0.00444,0.3006993006993007,0.06856756794021543,0.1269035532994925,0.04185536607137001
7.14286,-41.8367,152,0.00152,402,0.00402,0.06293706293706294,-0.12676198748971643,0.020304568527918836,-0.05669851990835423
7.14286,-39.7959,200,0.002,437,0.00437,0.3986013986013986,0.14899738488195208,0.1091370558375634,0.0254297184080825
7.14286,-37.7551,180,0.0018,411,0.00411,0.25874125874125875,0.03409764639375686,0.043147208121827416,-0.03557983005555623
7.14286,-35.7143,150,0.0015,426,0.00426,0.04895104895104895,-0.13825196133853596,0.08121827411167512,-0.00038201363422617977
7.14286,-33.6735,167,0.00167,416,0.00416,0.16783216783216784,-0.04058718362357002,0.055837563451776574,-0.023847224581779618
7.14286,-31.6327,178,0.00178,432,0.00432,0.24475524475524477,0.02260767254493734,0.09644670050761425,0.013697112934305884
7.14286,-29.5918,137,0.0013700000000000001,428,0.00428,-0.04195804195804196,-0.21293679135586283,0.08629441624365483,0.004311028555284508
7.14286,-27.551,209,0.00209,470,0.0047,0.46153846153846156,0.20070226720163992,0.1928934010152285,0.10286491453500875
7.14286,-25.5102,188,0.0018800000000000002,442,0.00442,0.3146853146853147,0.08005754178903494,0.12182741116751279,0.03716232388185932
7.14286,-23.4694,151,0.00151,414,0.00414,0.055944055944055944,-0.13250697441412618,0.05076142131979687,-0.028540266771290304
7.14286,-21.4286,151,0.00151,425,0.00425,0.055944055944055944,-0.13250697441412618,0.07868020304568538,-0.002728534728981422
7.14286,-19.3878,182,0.00182,457,0.00457,0.2727272727272727,0.045587620242576385,0.1598984771573605,0.07236014030318938
7.14286,-17.3469,160,0.0016,449,0.00449,0.11888111888111888,-0.08080209209443835,0.13959390862944165,0.05358797154514663
7.14286,-15.3061,176,0.0017599999999999998,444,0.00444,0.23076923076923078,0.01111769869611782,0.1269035532994925,0.04185536607137001
7.14286,-13.2653,206,0.00206,449,0.00449,0.4405594405594406,0.18346730642841064,0.13959390862944165,0.05358797154514663
7.14286,-11.2245,156,0.00156,426,0.00426,0.09090909090909091,-0.10378203979207738,0.08121827411167512,-0.00038201363422617977
7.14286,-9.18367,165,0.00165,409,0.00409,0.15384615384615385,-0.05207715747238954,0.038071065989847705,-0.040272872245066926
7.14286,-7.14286,184,0.00184,459,0.00459,0.2867132867132867,0.0570775940913959,0.1649746192893402,0.07705318249270006
7.14286,-5.10204,178,0.00178,471,0.00471,0.24475524475524477,0.02260767254493734,0.19543147208121825,0.10521143562976398
7.14286,-3.06122,157,0.00157,391,0.00391,0.0979020979020979,-0.09803705286766763,-0.007614213197969453,-0.0825102519506629
7.14286,-1.02041,183,0.00183,442,0.00442,0.27972027972027974,0.05133260716698614,0.12182741116751279,0.03716232388185932
7.14286,1.02041,178,0.0017800000000000001,431,0.00431,0.24475524475524477,0.02260767254493734,0.09390862944162429,0.011350591839550438
7.14286,3.06122,178,0.00178,462,0.00462,0.24475524475524477,0.02260767254493734,0.17258883248730966,0.08409274577696599
7.14286,5.10204,141,0.00141,440,0.0044,-0.013986013986013986,-0.1899568436582238,0.11675126903553308,0.03246928169234863
7.14286,7.14286,148,0.00148,413,0.00413,0.03496503496503497,-0.14974193518735546,0.048223350253807126,-0.030886787866045547
7.14286,9.18367,229,0.00229,492,0.00492,0.6013986013986014,0.3156020056898351,0.24873096446700507,0.1544883786196261
7.14286,11.2245,188,0.00188,429,0.00429,0.3146853146853147,0.08005754178903494,0.0888324873096448,0.006657549650039954
7.14286,13.2653,221,0.00221,466,0.00466,0.5454545454545454,0.26964211029455704,0.18274111675126908,0.09347883015598737
7.14286,15.3061,132,0.00132,390,0.0039,-0.07692307692307693,-0.24166172597791163,-0.010152284263959418,-0.08485677304541836
7.14286,17.3469,126,0.00126,432,0.00432,-0.11888111888111888,-0.2761316475243702,0.09644670050761425,0.013697112934305884
7.14286,19.3878,210,0.0021000000000000003,499,0.00499,0.46853146853146854,0.20644725412604967,0.2664974619289339,0.1709140262829134
7.14286,21.4286,175,0.00175,429,0.00429,0.22377622377622378,0.005372711771708059,0.0888324873096448,0.006657549650039954
7.14286,23.4694,158,0.00158,451,0.00451,0.1048951048951049,-0.09229206594325787,0.14467005076142136,0.058281013734657314
7.14286,25.5102,187,0.00187,441,0.00441,0.3076923076923077,0.07431255486462518,0.11928934010152283,0.034815802787103875
7.14286,27.551,174,0.00174,462,0.00462,0.21678321678321677,-0.00037227515270170126,0.17258883248730966,0.08409274577696599
7.14286,29.5918,189,0.00189,450,0.0045,0.32167832167832167,0.08580252871344471,0.1421319796954314,0.05593449263990187
7.14286,31.6327,179,0.00179,439,0.00439,0.2517482517482518,0.0283526594693471,0.11421319796954311,0.03012276059759319
7.14286,33.6735,169,0.00169,407,0.00407,0.18181818181818182,-0.029097209774750502,0.032994923857867994,-0.04496591443457761
7.14286,35.7143,193,0.00193,436,0.00436,0.34965034965034963,0.10878247641108374,0.10659898477157366,0.02308319731332726
7.14286,37.7551,168,0.0016799999999999999,424,0.00424,0.17482517482517482,-0.03484219669916026,0.07614213197969541,-0.005075055823736867
7.14286,39.7959,161,0.0016099999999999999,446,0.00446,0.1258741258741259,-0.07505710517002859,0.1319796954314722,0.0465484082608807
7.14286,41.8367,227,0.00227,442,0.00442,0.5874125874125874,0.3041120318410156,0.12182741116751279,0.03716232388185932
7.14286,43.8776,189,0.00189,396,0.00396,0.32167832167832167,0.08580252871344471,0.005076142131979709,-0.0707776464768863
7.14286,45.9184,155,0.00155,424,0.00424,0.08391608391608392,-0.10952702671648715,0.07614213197969541,-0.005075055823736867
7.14286,47.9592,213,0.00213,464,0.00464,0.48951048951048953,0.22368221489927895,0.17766497461928937,0.08878578796647668
7.14286,50.0,138,0.0013800000000000002,410,0.0041,-0.03496503496503497,-0.20719180443145307,0.04060913705583767,-0.037926351150311476
9.18367,-50.0,169,0.00169,417,0.00417,0.18181818181818182,-0.029097209774750502,0.05837563451776654,-0.021500703487024174
9.18367,-47.9592,175,0.0017499999999999998,462,0.00462,0.22377622377622378,0.005372711771708059,0.17258883248730966,0.08409274577696599
9.18367,-45.9184,178,0.00178,432,0.00432,0.24475524475524477,0.02260767254493734,0.09644670050761425,0.013697112934305884
9.18367,-43.8776,179,0.00179,430,0.0043,0.2517482517482518,0.0283526594693471,0.09137055837563454,0.009004070744795195
9.18367,-41.8367,176,0.00176,453,0.00453,0.23076923076923078,0.01111769869611782,0.14974619289340108,0.06297405592416801
9.18367,-39.7959,180,0.0018,429,0.00429,0.25874125874125875,0.03409764639375686,0.0888324873096448,0.006657549650039954
9.18367,-37.7551,185,0.00185,436,0.00436,0.2937062937062937,0.06282258101580566,0.10659898477157366,0.02308319731332726
9.18367,-35.7143,180,0.0018,411,0.00411,0.25874125874125875,0.03409764639375686,0.043147208121827416,-0.03557983005555623
9.18367,-33.6735,178,0.0017800000000000001,413,0.00413,0.24475524475524477,0.02260767254493734,0.048223350253807126,-0.030886787866045547
9.18367,-31.6327,196,0.00196,378,0.00378,0.3706293706293706,0.12601743718431302,-0.04060913705583756,-0.11301502618248238
9.18367,-29.5918,144,0.0014399999999999999,418,0.00418,0.006993006993006993,-0.17272188288499452,0.060913705583756285,-0.01915418239226893
9.18367,-27.551,170,0.0017000000000000001,426,0.00426,0.1888111888111888,-0.02335222285034074,0.08121827411167512,-0.00038201363422617977
9.18367,-25.5102,173,0.0017300000000000002,410,0.0041,0.2097902097902098,-0.006117262077111461,0.04060913705583767,-0.037926351150311476
9.18367,-23.4694,195,0.00195,431,0.00431,0.36363636363636365,0.12027245025990327,0.09390862944162429,0.011350591839550438
9.18367,-21.4286,156,0.00156,441,0.00441,0.09090909090909091,-0.10378203979207738,0.11928934010152283,0.034815802787103875
9.18367,-19.3878,163,0.00163,461,0.00461,0.13986013986013987,-0.06356713132120906,0.17005076142131992,0.08174622468221075
9.18367,-17.3469,147,0.00147,409,0.00409,0.027972027972027972,-0.15548692211176524,0.038071065989847705,-0.040272872245066926
9.18367,-15.3061,139,0.0013900000000000002,414,0.00414,-0.027972027972027972,-0.20144681750704332,0.05076142131979687,-0.028540266771290304
9.18367,-13.2653,155,0.00155,438,0.00438,0.08391608391608392,-0.10952702671648715,0.11167512690355337,0.027776239502837946
9.18367,-11.2245,121,0.00121,411,0.00411,-0.15384615384615385,-0.304856582146419,0.043147208121827416,-0.03557983005555623
9.18367,-9.18367,212,0.00212,441,0.00441,0.4825174825174825,0.2179372279748692,0.11928934010152283,0.034815802787103875
9.18367,-7.14286,155,0.00155,422,0.00422,0.08391608391608392,-0.10952702671648715,0.0710659898477157,-0.009768098013247555
9.18367,-5.10204,162,0.00162,434,0.00434,0.13286713286713286,-0.06931211824561882,0.10152284263959396,0.01839015512381657
9.18367,-3.06122,190,0.0019,472,0.00472,0.32867132867132864,0.09154751563785446,0.19796954314720822,0.10755795672451943
9.18367,-1.02041,170,0.0017,419,0.00419,0.1888111888111888,-0.02335222285034074,0.06345177664974624,-0.016807661297513484
9.18367,1.02041,190,0.0019,450,0.0045,0.32867132867132864,0.09154751563785446,0.1421319796954314,0.05593449263990187
9.18367,3.06122,206,0.00206,430,0.0043,0.4405594405594406,0.18346730642841064,0.09137055837563454,0.009004070744795195
9.18367,5.10204,210,0.0021000000000000003,497,0.0049700000000000005,0.46853146853146854,0.20644725412604967,0.26142131979695443,0.1662209840934029
9.18367,7.14286,212,0.00212,433,0.0043300000000000005,0.4825174825174825,0.2179372279748692,0.09898477157360422,0.016043634029061327
9.18367,9.18367,174,0.00174,462,0.00462,0.21678321678321677,-0.00037227515270170126,0.17258883248730966,0.08409274577696599
9.18367,11.2245,166,0.00166,421,0.00421,0.16083916083916083,-0.046332170547979785,0.06852791878172595,-0.012114619108002798
9.18367,13.2653,136,0.00136,421,0.00421,-0.04895104895104895,-0.2186817782802726,0.06852791878172595,-0.012114619108002798
9.18367,15.3061,165,0.00165,423,0.00423,0.15384615384615385,-0.05207715747238954,0.07360406091370567,-0.00742157691849211
9.18367,17.3469,135,0.00135,391,0.00391,-0.055944055944055944,-0.22442676520468235,-0.007614213197969453,-0.0825102519506629
9.18367,19.3878,145,0.00145,451,0.00451,0.013986013986013986,-0.16697689596058476,0.14467005076142136,0.058281013734657314
9.18367,21.4286,138,0.0013800000000000002,459,0.00459,-0.03496503496503497,-0.20719180443145307,0.1649746192893402,0.07705318249270006
9.18367,23.4694,149,0.00149,419,0.00419,0.04195804195804196,-0.1439969482629457,0.06345177664974624,-0.016807661297513484
9.18367,25.5102,178,0.00178,435,0.00435,0.24475524475524477,0.02260767254493734,0.10406091370558371,0.020736676218571812
9.18367,27.551,185,0.00185,423,0.00423,0.2937062937062937,0.06282258101580566,0.07360406091370567,-0.00742157691849211
9.18367,29.5918,186,0.00186,467,0.00467,0.3006993006993007,0.06856756794021543,0.18527918781725883,0.09582535125074261
9.18367,31.6327,195,0.0019500000000000001,443,0.00443,0.36363636363636365,0.12027245025990327,0.12436548223350254,0.03950884497661456
9.18367,33.6735,153,0.0015300000000000001,416,0.00416,0.06993006993006994,-0.12101700056530666,0.055837563451776574,-0.023847224581779618
9.18367,35.7143,195,0.00195,492,0.00492,0.36363636363636365,0.12027245025990327,0.24873096446700507,0.1544883786196261
9.18367,37.7551,181,0.00181,451,0.00451,0.26573426573426573,0.03984263331816662,0.14467005076142136,0.058281013734657314
9.18367,39.7959,159,0.00159,421,0.00421,0.11188811188811189,-0.0865470790188481,0.06852791878172595,-0.012114619108002798
9.18367,41.8367,171,0.0017100000000000001,398,0.00398,0.1958041958041958,-0.017607235925930984,0.010152284263959418,-0.0660846042873756
9.18367,43.8776,204,0.00204,471,0.00471,0.42657342657342656,0.1719773325795911,0.19543147208121825,0.10521143562976398
9.18367,45.9184,178,0.0017800000000000001,431,0.00431,0.24475524475524477,0.02260767254493734,0.09390862944162429,0.011350591839550438
9.18367,47.9592,211,0.00211,428,0.00428,0.4755244755244755,0.21219224105045942,0.08629441624365483,0.004311028555284508
9.18367,50.0,169,0.00169,397,0.0039700000000000004,0.18181818181818182,-0.029097209774750502,0.0076142131979696735,-0.06843112538213085
11.2245,-50.0,205,0.00205,429,0.00429,0.43356643356643354,0.17772231950400086,0.0888324873096448,0.006657549650039954
11.2245,-47.9592,171,0.0017100000000000001,432,0.00432,0.1958041958041958,-0.017607235925930984,0.09644670050761425,0.013697112934305884
11.2245,-45.9184,173,0.00173,386,0.00386,0.2097902097902098,-0.006117262077111461,-0.020304568527918725,-0.09424285742443962
11.2245,-43.8776,151,0.00151,395,0.00395,0.055944055944055944,-0.13250697441412618,0.0025380710659899646,-0.07312416757164153
11.2245,-41.8367,162,0.00162,437,0.00437,0.13286713286713286,-0.06931211824561882,0.1091370558375634,0.0254297184080825
11.2245,-39.7959,226,0.00226,450,0.0045,0.5804195804195804,0.2983670449166058,0.1421319796954314,0.05593449263990187
11.2245,-37.7551,170,0.0017000000000000001,416,0.0041600000000000005,0.1888111888111888,-0.02335222285034074,0.055837563451776796,-0.023847224581779413
11.2245,-35.7143,148,0.00148,432,0.00432,0.03496503496503497,-0.14974193518735546,0.09644670050761425,0.013697112934305884
11.2245,-33.6735,204,0.00204,444,0.00444,0.42657342657342656,0.1719773325795911,0.1269035532994925,0.04185536607137001
11.2245,-31.6327,166,0.00166,432,0.00432,0.16083916083916083,-0.046332170547979785,0.09644670050761425,0.013697112934305884
11.2245,-29.5918,184,0.00184,449,0.00449,0.2867132867132867,0.0570775940913959,0.13959390862944165,0.05358797154514663
11.2245,-27.551,169,0.00169,455,0.00455,0.18181818181818182,-0.029097209774750502,0.1548223350253808,0.06766709811367869
11.2245,-25.5102,189,0.00189,427,0.00427,0.32167832167832167,0.08580252871344471,0.08375634517766509,0.0019645074605292656
11.2245,-23.4694,178,0.0017800000000000001,439,0.00439,0.24475524475524477,0.02260767254493734,0.11421319796954311,0.03012276059759319
11.2245,-21.4286,178,0.00178,432,0.00432,0.24475524475524477,0.02260767254493734,0.09644670050761425,0.013697112934305884
11.2245,-19.3878,144,0.00144,412,0.00412,0.006993006993006993,-0.17272188288499452,0.04568527918781738,-0.03323330896080079
11.2245,-17.3469,147,0.00147,410,0.0041,0.027972027972027972,-0.15548692211176524,0.04060913705583767,-0.037926351150311476
11.2245,-15.3061,148,0.00148,412,0.00412,0.03496503496503497,-0.14974193518735546,0.04568527918781738,-0.03323330896080079
11.2245,-13.2653,136,0.0013599999999999999,472,0.00472,-0.04895104895104895,-0.2186817782802726,0.19796954314720822,0.10755795672451943
11.2245,-11.2245,213,0.00213,415,0.00415,0.48951048951048953,0.22368221489927895,0.05329949238578683,-0.02619374567653486
11.2245,-9.18367,175,0.00175,433,0.00433,0.22377622377622378,0.005372711771708059,0.098984771573604,0.016043634029061126
11.2245,-7.14286,189,0.00189,423,0.00423,0.32167832167832167,0.08580252871344471,0.07360406091370567,-0.00742157691849211
11.2245,-5.10204,178,0.00178,445,0.00445,0.24475524475524477,0.02260767254493734,0.12944162436548223,0.04420188716612525
11.2245,-3.06122,150,0.0015,389,0.0038900000000000002,0.04895104895104895,-0.13825196133853596,-0.012690355329949162,-0.0872032941401736
11.2245,-1.02041,187,0.0018700000000000001,417,0.00417,0.3076923076923077,0.07431255486462518,0.05837563451776654,-0.021500703487024174
11.2245,1.02041,170,0.0017,447,0.00447,0.1888111888111888,-0.02335222285034074,0.13451776649746194,0.04889492935563594
11.2245,3.06122,171,0.00171,447,0.00447,0.1958041958041958,-0.017607235925930984,0.13451776649746194,0.04889492935563594
11.2245,5.10204,168,0.00168,471,0.00471,0.17482517482517482,-0.03484219669916026,0.19543147208121825,0.10521143562976398
11.2245,7.14286,175,0.00175,440,0.0044,0.22377622377622378,0.005372711771708059,0.11675126903553308,0.03246928169234863
11.2245,9.18367,172,0.0017200000000000002,434,0.00434,0.20279720279720279,-0.011862249001521222,0.10152284263959396,0.01839015512381657
11.2245,11.2245,194,0.0019399999999999999,459,0.00459,0.35664335664335667,0.1145274633354935,0.1649746192893402,0.07705318249270006
11.2245,13.2653,149,0.00149,407,0.00407,0.04195804195804196,-0.1439969482629457,0.032994923857867994,-0.04496591443457761
11.2245,15.3061,170,0.0017000000000000001,428,0.00428,0.1888111888111888,-0.02335222285034074,0.08629441624365483,0.004311028555284508
11.2245,17.3469,194,0.00194,439,0.00439,0.35664335664335667,0.1145274633354935,0.11421319796954311,0.03012276059759319
11.2245,19.3878,198,0.00198,466,0.00466,0.38461538461538464,0.13750741103313255,0.18274111675126908,0.09347883015598737
11.2245,21.4286,142,0.00142,405,0.00405,-0.006993006993006993,-0.18421185673381404,0.027918781725888287,-0.0496589566240883
11.2245,23.4694,196,0.00196,424,0.00424,0.3706293706293706,0.12601743718431302,0.07614213197969541,-0.005075055823736867
11.2245,25.5102,203,0.00203,452,0.00452,0.4195804195804196,0.16623234565518136,0.1472081218274111,0.060627534829412556
11.2245,27.551,164,0.00164,413,0.00413,0.14685314685314685,-0.05782214439679931,0.048223350253807126,-0.030886787866045547
11.2245,29.5918,142,0.00142,445,0.00445,-0.006993006993006993,-0.18421185673381404,0.12944162436548223,0.04420188716612525
11.2245,31.6327,176,0.0017599999999999998,442,0.00442,0.23076923076923078,0.01111769869611782,0.12182741116751279,0.03716232388185932
11.2245,33.6735,168,0.00168,457,0.00457,0.17482517482517482,-0.03484219669916026,0.1598984771573605,0.07236014030318938
11.2245,35.7143,194,0.0019399999999999999,453,0.00453,0.35664335664335667,0.1145274633354935,0.14974619289340108,0.06297405592416801
11.2245,37.7551,178,0.0017800000000000001,411,0.00411,0.24475524475524477,0.02260767254493734,0.043147208121827416,-0.03557983005555623
11.2245,39.7959,148,0.00148,409,0.00409,0.03496503496503497,-0.14974193518735546,0.038071065989847705,-0.040272872245066926
11.2245,41.8367,149,0.00149,394,0.00394,0.04195804195804196,-0.1439969482629457,0.0,-0.07547068866639697
11.2245,43.8776,156,0.00156,422,0.00422,0.09090909090909091,-0.10378203979207738,0.0710659898477157,-0.009768098013247555
11.2245,45.9184,141,0.00141,404,0.00404,-0.013986013986013986,-0.1899568436582238,0.025380710659898543,-0.05200547771884354
11.2245,47.9592,156,0.00156,397,0.00397,0.09090909090909091,-0.10378203979207738,0.007614213197969453,-0.06843112538213104
11.2245,50.0,178,0.00178,400,0.004,0.24475524475524477,0.02260767254493734,0.015228426395939127,-0.061391562097864914
13.2653,-50.0,154,0.00154,412,0.00412,0.07692307692307693,-0.11527201364089691,0.04568527918781738,-0.03323330896080079
13.2653,-47.9592,169,0.00169,421,0.00421,0.18181818181818182,-0.029097209774750502,0.06852791878172595,-0.012114619108002798
13.2653,-45.9184,173,0.00173,441,0.00441,0.2097902097902098,-0.006117262077111461,0.11928934010152283,0.034815802787103875
13.2653,-43.8776,143,0.00143,405,0.00405,0.0,-0.17846686980940427,0.027918781725888287,-0.0496589566240883
13.2653,-41.8367,274,0.0027400000000000002,483,0.00483,0.916083916083916,0.5741264172882743,0.22588832487309649,0.13336968876682812
13.2653,-39.7959,179,0.00179,430,0.0043,0.2517482517482518,0.0283526594693471,0.09137055837563454,0.009004070744795195
13.2653,-37.7551,164,0.00164,407,0.00407,0.14685314685314685,-0.05782214439679931,0.032994923857867994,-0.04496591443457761
13.2653,-35.7143,151,0.00151,388,0.0038799999999999998,0.055944055944055944,-0.13250697441412618,-0.015228426395939127,-0.08954981523492904
13.2653,-33.6735,136,0.00136,425,0.00425,-0.04895104895104895,-0.2186817782802726,0.07868020304568538,-0.002728534728981422
13.2653,-31.6327,177,0.0017699999999999999,455,0.00455,0.23776223776223776,0.01686268562052758,0.1548223350253808,0.06766709811367869
13.2653,-29.5918,171,0.0017100000000000001,427,0.00427,0.1958041958041958,-0.017607235925930984,0.08375634517766509,0.0019645074605292656
13.2653,-27.551,196,0.00196,466,0.00466,0.3706293706293706,0.12601743718431302,0.18274111675126908,0.09347883015598737
13.2653,-25.5102,179,0.00179,417,0.00417,0.2517482517482518,0.0283526594693471,0.05837563451776654,-0.021500703487024174
13.2653,-23.4694,193,0.0019299999999999999,459,0.00459,0.34965034965034963,0.10878247641108374,0.1649746192893402,0.07705318249270006
13.2653,-21.4286,178,0.00178,469,0.00469,0.24475524475524477,0.02260767254493734,0.19035532994923854,0.1005183934402533
13.2653,-19.3878,185,0.0018499999999999999,442,0.00442,0.2937062937062937,0.06282258101580566,0.12182741116751279,0.03716232388185932
13.2653,-17.3469,193,0.0019299999999999999,401,0.00401,0.34965034965034963,0.10878247641108374,0.01776649746192887,-0.05904504100310967
13.2653,-15.3061,170,0.0017,441,0.00441,0.1888111888111888,-0.02335222285034074,0.11928934010152283,0.034815802787103875
13.2653,-13.2653,145,0.00145,410,0.0041,0.013986013986013986,-0.16697689596058476,0.04060913705583767,-0.037926351150311476
13.2653,-11.2245,199,0.00199,470,0.0047,0.3916083916083916,0.1432523979575423,0.1928934010152285,0.10286491453500875
13.2653,-9.18367,252,0.00252,442,0.00442,0.7622377622377622,0.4477367049512596,0.12182741116751279,0.03716232388185932
13.2653,-7.14286,182,0.00182,418,0.00418,0.2727272727272727,0.045587620242576385,0.060913705583756285,-0.01915418239226893
13.2653,-5.10204,165,0.00165,406,0.004059999999999999,0.15384615384615385,-0.05207715747238954,0.03045685279187803,-0.047312435529333056
13.2653,-3.06122,234,0.00234,472,0.00472,0.6363636363636364,0.34432694031188393,0.19796954314720822,0.10755795672451943
13.2653,-1.02041,154,0.0015400000000000001,414,0.00414,0.07692307692307693,-0.11527201364089691,0.05076142131979687,-0.028540266771290304
13.2653,1.02041,210,0.0021,434,0.00434,0.46853146853146854,0.20644725412604967,0.10152284263959396,0.01839015512381657
13.2653,3.06122,170,0.0017000000000000001,446,0.00446,0.1888111888111888,-0.02335222285034074,0.1319796954314722,0.0465484082608807
13.2653,5.10204,157,0.00157,425,0.00425,0.0979020979020979,-0.09803705286766763,0.07868020304568538,-0.002728534728981422
13.2653,7.14286,205,0.0020499999999999997,469,0.00469,0.43356643356643354,0.17772231950400086,0.19035532994923854,0.1005183934402533
13.2653,9.18367,176,0.00176,445,0.00445,0.23076923076923078,0.01111769869611782,0.12944162436548223,0.04420188716612525
13.2653,11.2245,196,0.00196,432,0.00432,0.3706293706293706,0.12601743718431302,0.09644670050761425,0.013697112934305884
13.2653,13.2653,165,0.00165,413,0.00413,0.15384615384615385,-0.05207715747238954,0.048223350253807126,-0.030886787866045547
13.2653,15.3061,195,0.00195,435,0.00435,0.36363636363636365,0.12027245025990327,0.10406091370558371,0.020736676218571812
13.2653,17.3469,142,0.00142,370,0.0037,-0.006993006993006993,-0.18421185673381404,-0.060913705583756285,-0.13178719494052502
13.2653,19.3878,182,0.00182,382,0.00382,0.2727272727272727,0.045587620242576385,-0.030456852791878142,-0.10362894180346101
13.2653,21.4286,126,0.00126,417,0.00417,-0.11888111888111888,-0.2761316475243702,0.05837563451776654,-0.021500703487024174
13.2653,23.4694,162,0.00162,406,0.00406,0.13286713286713286,-0.06931211824561882,0.030456852791878253,-0.047312435529332855
13.2653,25.5102,166,0.00166,407,0.00407,0.16083916083916083,-0.046332170547979785,0.032994923857867994,-0.04496591443457761
13.2653,27.551,180,0.0018,421,0.00421,0.25874125874125875,0.03409764639375686,0.06852791878172595,-0.012114619108002798
13.2653,29.5918,144,0.00144,409,0.00409,0.006993006993006993,-0.17272188288499452,0.038071065989847705,-0.040272872245066926
13.2653,31.6327,138,0.00138,442,0.00442,-0.03496503496503497,-0.20719180443145307,0.12182741116751279,0.03716232388185932
13.2653,33.6735,126,0.00126,404,0.00404,-0.11888111888111888,-0.2761316475243702,0.025380710659898543,-0.05200547771884354
13.2653,35.7143,145,0.00145,402,0.00402,0.013986013986013986,-0.16697689596058476,0.020304568527918836,-0.05669851990835423
13.2653,37.7551,145,0.0014500000000000001,396,0.00396,0.013986013986013986,-0.16697689596058476,0.005076142131979709,-0.0707776464768863
13.2653,39.7959,140,0.0014,401,0.00401,-0.02097902097902098,-0.19570183058263355,0.01776649746192887,-0.05904504100310967
13.2653,41.8367,224,0.0022400000000000002,445,0.00445,0.5664335664335665,0.2868770710677863,0.12944162436548223,0.04420188716612525
13.2653,43.8776,158,0.00158,395,0.00395,0.1048951048951049,-0.09229206594325787,0.0025380710659899646,-0.07312416757164153
13.2653,45.9184,149,0.00149,421,0.00421,0.04195804195804196,-0.1439969482629457,0.06852791878172595,-0.012114619108002798
13.2653,47.9592,206,0.00206,453,0.00453,0.4405594405594406,0.18346730642841064,0.14974619289340108,0.06297405592416801
13.2653,50.0,150,0.0015,413,0.00413,0.04895104895104895,-0.13825196133853596,0.048223350253807126,-0.030886787866045547
15.3061,-50.0,199,0.00199,441,0.00441,0.3916083916083916,0.1432523979575423,0.11928934010152283,0.034815802787103875
15.3061,-47.9592,208,0.00208,432,0.00432,0.45454545454545453,0.19495728027723014,0.09644670050761425,0.013697112934305884
15.3061,-45.9184,200,0.002,489,0.00489,0.3986013986013986,0.14899738488195208,0.24111675126903562,0.14744881533536017
15.3061,-43.8776,173,0.00173,416,0.00416,0.2097902097902098,-0.006117262077111461,0.055837563451776574,-0.023847224581779618
15.3061,-41.8367,217,0.00217,478,0.00478,0.5174825174825175,0.246662162596918,0.21319796954314732,0.12163708329305149
15.3061,-39.7959,152,0.00152,405,0.00405,0.06293706293706294,-0.12676198748971643,0.027918781725888287,-0.0496589566240883
15.3061,-37.7551,169,0.0016899999999999999,444,0.0044399999999999995,0.18181818181818182,-0.029097209774750502,0.1269035532994923,0.041855366071369804
15.3061,-35.7143,141,0.00141,416,0.00416,-0.013986013986013986,-0.1899568436582238,0.055837563451776574,-0.023847224581779618
15.3061,-33.6735,176,0.0017599999999999998,409,0.00409,0.23076923076923078,0.01111769869611782,0.038071065989847705,-0.040272872245066926
15.3061,-31.6327,140,0.0014,429,0.00429,-0.02097902097902098,-0.19570183058263355,0.0888324873096448,0.006657549650039954
15.3061,-29.5918,145,0.0014500000000000001,446,0.00446,0.013986013986013986,-0.16697689596058476,0.1319796954314722,0.0465484082608807
15.3061,-27.551,131,0.00131,404,0.00404,-0.08391608391608392,-0.24740671290232139,0.025380710659898543,-0.05200547771884354
15.3061,-25.5102,179,0.00179,428,0.00428,0.2517482517482518,0.0283526594693471,0.08629441624365483,0.004311028555284508
15.3061,-23.4694,176,0.0017599999999999998,413,0.00413,0.23076923076923078,0.01111769869611782,0.048223350253807126,-0.030886787866045547
15.3061,-21.4286,202,0.00202,442,0.00442,0.4125874125874126,0.16048735873077158,0.12182741116751279,0.03716232388185932
15.3061,-19.3878,231,0.00231,442,0.00442,0.6153846153846154,0.32709197953865465,0.12182741116751279,0.03716232388185932
15.3061,-17.3469,175,0.00175,432,0.00432,0.22377622377622378,0.005372711771708059,0.09644670050761425,0.013697112934305884
15.3061,-15.3061,186,0.0018599999999999999,483,0.00483,0.3006993006993007,0.06856756794021543,0.22588832487309649,0.13336968876682812
15.3061,-13.2653,195,0.0019500000000000001,432,0.00432,0.36363636363636365,0.12027245025990327,0.09644670050761425,0.013697112934305884
15.3061,-11.2245,177,0.00177,412,0.00412,0.23776223776223776,0.01686268562052758,0.04568527918781738,-0.03323330896080079
15.3061,-9.18367,188,0.0018800000000000002,424,0.00424,0.3146853146853147,0.08005754178903494,0.07614213197969541,-0.005075055823736867
15.3061,-7.14286,195,0.0019500000000000001,455,0.00455,0.36363636363636365,0.12027245025990327,0.1548223350253808,0.06766709811367869
15.3061,-5.10204,181,0.00181,448,0.00448,0.26573426573426573,0.03984263331816662,0.1370558375634517,0.051241450450391184
15.3061,-3.06122,174,0.00174,414,0.00414,0.21678321678321677,-0.00037227515270170126,0.05076142131979687,-0.028540266771290304
15.3061,-1.02041,193,0.0019299999999999999,440,0.004399999999999999,0.34965034965034963,0.10878247641108374,0.11675126903553286,0.03246928169234843
15.3061,1.02041,223,0.0022299999999999998,446,0.00446,0.5594405594405595,0.28113208414337654,0.1319796954314722,0.0465484082608807
15.3061,3.06122,185,0.00185,416,0.00416,0.2937062937062937,0.06282258101580566,0.055837563451776574,-0.023847224581779618
15.3061,5.10204,199,0.00199,449,0.00449,0.3916083916083916,0.1432523979575423,0.13959390862944165,0.05358797154514663
15.3061,7.14286,147,0.00147,404,0.00404,0.027972027972027972,-0.15548692211176524,0.025380710659898543,-0.05200547771884354
15.3061,9.18367,185,0.00185,473,0.00473,0.2937062937062937,0.06282258101580566,0.20050761421319796,0.10990447781927468
15.3061,11.2245,212,0.00212,458,0.00458,0.4825174825174825,0.2179372279748692,0.16243654822335024,0.07470666139794462
15.3061,13.2653,174,0.00174,404,0.00404,0.21678321678321677,-0.00037227515270170126,0.025380710659898543,-0.05200547771884354
15.3061,15.3061,157,0.00157,430,0.0043,0.0979020979020979,-0.09803705286766763,0.09137055837563454,0.009004070744795195
15.3061,17.3469,181,0.00181,435,0.00435,0.26573426573426573,0.03984263331816662,0.10406091370558371,0.020736676218571812
15.3061,19.3878,182,0.00182,446,0.00446,0.2727272727272727,0.045587620242576385,0.1319796954314722,0.0465484082608807
15.3061,21.4286,190,0.0019,428,0.00428,0.32867132867132864,0.09154751563785446,0.08629441624365483,0.004311028555284508
15.3061,23.4694,161,0.00161,433,0.0043300000000000005,0.1258741258741259,-0.07505710517002859,0.09898477157360422,0.016043634029061327
15.3061,25.5102,178,0.00178,424,0.00424,0.24475524475524477,0.02260767254493734,0.07614213197969541,-0.005075055823736867
15.3061,27.551,202,0.00202,447,0.00447,0.4125874125874126,0.16048735873077158,0.13451776649746194,0.04889492935563594
15.3061,29.5918,156,0.00156,430,0.0043,0.09090909090909091,-0.10378203979207738,0.09137055837563454,0.009004070744795195
15.3061,31.6327,159,0.00159,395,0.00395,0.11188811188811189,-0.0865470790188481,0.0025380710659899646,-0.07312416757164153
15.3061,33.6735,151,0.00151,383,0.00383,0.055944055944055944,-0.13250697441412618,-0.027918781725888287,-0.10128242070870566
15.3061,35.7143,146,0.00146,398,0.00398,0.02097902097902098,-0.161231909036175,0.010152284263959418,-0.0660846042873756
15.3061,37.7551,133,0.00133,447,0.00447,-0.06993006993006994,-0.23591673905350188,0.13451776649746194,0.04889492935563594
15.3061,39.7959,180,0.0018,422,0.00422,0.25874125874125875,0.03409764639375686,0.0710659898477157,-0.009768098013247555
15.3061,41.8367,193,0.00193,440,0.0044,0.34965034965034963,0.10878247641108374,0.11675126903553308,0.03246928169234863
15.3061,43.8776,161,0.00161,397,0.00397,0.1258741258741259,-0.07505710517002859,0.007614213197969453,-0.06843112538213104
15.3061,45.9184,174,0.00174,422,0.00422,0.21678321678321677,-0.00037227515270170126,0.0710659898477157,-0.009768098013247555
15.3061,47.9592,158,0.00158,386,0.0038599999999999997,0.1048951048951049,-0.09229206594325787,-0.020304568527918836,-0.09424285742443973
15.3061,50.0,175,0.00175,406,0.00406,0.22377622377622378,0.005372711771708059,0.030456852791878253,-0.047312435529332855
17.3469,-50.0,172,0.0017200000000000002,443,0.00443,0.20279720279720279,-0.011862249001521222,0.12436548223350254,0.03950884497661456
17.3469,-47.9592,191,0.00191,442,0.00442,0.3356643356643357,0.09729250256226422,0.12182741116751279,0.03716232388185932
17.3469,-45.9184,179,0.00179,450,0.0045000000000000005,0.2517482517482518,0.0283526594693471,0.14213197969543162,0.05593449263990207
17.3469,-43.8776,165,0.00165,456,0.00456,0.15384615384615385,-0.05207715747238954,0.15736040609137053,0.07001361920843394
17.3469,-41.8367,158,0.00158,395,0.00395,0.1048951048951049,-0.09229206594325787,0.0025380710659899646,-0.07312416757164153
17.3469,-39.7959,172,0.00172,409,0.00409,0.20279720279720279,-0.011862249001521222,0.038071065989847705,-0.040272872245066926
17.3469,-37.7551,200,0.002,410,0.0041,0.3986013986013986,0.14899738488195208,0.04060913705583767,-0.037926351150311476
17.3469,-35.7143,149,0.00149,403,0.00403,0.04195804195804196,-0.1439969482629457,0.02284263959390858,-0.054351998813598985
17.3469,-33.6735,176,0.0017599999999999998,412,0.00412,0.23076923076923078,0.01111769869611782,0.04568527918781738,-0.03323330896080079
17.3469,-31.6327,191,0.00191,435,0.00435,0.3356643356643357,0.09729250256226422,0.10406091370558371,0.020736676218571812
17.3469,-29.5918,144,0.00144,399,0.00399,0.006993006993006993,-0.17272188288499452,0.012690355329949162,-0.06373808319262037
17.3469,-27.551,169,0.00169,438,0.00438,0.18181818181818182,-0.029097209774750502,0.11167512690355337,0.027776239502837946
17.3469,-25.5102,225,0.00225,454,0.00454,0.5734265734265734,0.2926220579921961,0.15228426395939082,0.06532057701892324
17.3469,-23.4694,136,0.00136,372,0.00372,-0.04895104895104895,-0.2186817782802726,-0.055837563451776574,-0.12709415275101435
17.3469,-21.4286,186,0.00186,429,0.00429,0.3006993006993007,0.06856756794021543,0.0888324873096448,0.006657549650039954
17.3469,-19.3878,168,0.00168,435,0.00435,0.17482517482517482,-0.03484219669916026,0.10406091370558371,0.020736676218571812
17.3469,-17.3469,190,0.0019,472,0.00472,0.32867132867132864,0.09154751563785446,0.19796954314720822,0.10755795672451943
17.3469,-15.3061,205,0.0020499999999999997,425,0.00425,0.43356643356643354,0.17772231950400086,0.07868020304568538,-0.002728534728981422
17.3469,-13.2653,216,0.00216,450,0.0045000000000000005,0.5104895104895105,0.24091717567250823,0.14213197969543162,0.05593449263990207
17.3469,-11.2245,173,0.00173,437,0.00437,0.2097902097902098,-0.006117262077111461,0.1091370558375634,0.0254297184080825
17.3469,-9.18367,166,0.00166,408,0.00408,0.16083916083916083,-0.046332170547979785,0.03553299492385796,-0.04261939333982216
17.3469,-7.14286,183,0.00183,412,0.0041199999999999995,0.27972027972027974,0.05133260716698614,0.04568527918781716,-0.03323330896080099
17.3469,-5.10204,154,0.00154,419,0.00419,0.07692307692307693,-0.11527201364089691,0.06345177664974624,-0.016807661297513484
17.3469,-3.06122,148,0.00148,391,0.00391,0.03496503496503497,-0.14974193518735546,-0.007614213197969453,-0.0825102519506629
17.3469,-1.02041,195,0.00195,412,0.00412,0.36363636363636365,0.12027245025990327,0.04568527918781738,-0.03323330896080079
17.3469,1.02041,156,0.00156,424,0.00424,0.09090909090909091,-0.10378203979207738,0.07614213197969541,-0.005075055823736867
17.3469,3.06122,127,0.0012699999999999999,416,0.00416,-0.11188811188811189,-0.2703866605999604,0.055837563451776574,-0.023847224581779618
17.3469,5.10204,190,0.0019000000000000002,436,0.00436,0.32867132867132864,0.09154751563785446,0.10659898477157366,0.02308319731332726
17.3469,7.14286,153,0.0015300000000000001,446,0.00446,0.06993006993006994,-0.12101700056530666,0.1319796954314722,0.0465484082608807
17.3469,9.18367,231,0.00231,463,0.0046300000000000004,0.6153846153846154,0.32709197953865465,0.17512690355329963,0.08643926687172145
17.3469,11.2245,177,0.00177,420,0.0042,0.23776223776223776,0.01686268562052758,0.06598984771573599,-0.014461140202758243
17.3469,13.2653,166,0.00166,415,0.00415,0.16083916083916083,-0.046332170547979785,0.05329949238578683,-0.02619374567653486
17.3469,15.3061,160,0.0016,388,0.0038799999999999998,0.11888111888111888,-0.08080209209443835,-0.015228426395939127,-0.08954981523492904
17.3469,17.3469,162,0.00162,432,0.00432,0.13286713286713286,-0.06931211824561882,0.09644670050761425,0.013697112934305884
17.3469,19.3878,154,0.00154,426,0.00426,0.07692307692307693,-0.11527201364089691,0.08121827411167512,-0.00038201363422617977
17.3469,21.4286,183,0.00183,416,0.00416,0.27972027972027974,0.05133260716698614,0.055837563451776574,-0.023847224581779618
17.3469,23.4694,210,0.0021,466,0.00466,0.46853146853146854,0.20644725412604967,0.18274111675126908,0.09347883015598737
17.3469,25.5102,164,0.00164,449,0.00449,0.14685314685314685,-0.05782214439679931,0.13959390862944165,0.05358797154514663
17.3469,27.551,197,0.00197,454,0.00454,0.3776223776223776,0.1317624241087228,0.15228426395939082,0.06532057701892324
17.3469,29.5918,165,0.00165,469,0.00469,0.15384615384615385,-0.05207715747238954,0.19035532994923854,0.1005183934402533
17.3469,31.6327,205,0.00205,427,0.00427,0.43356643356643354,0.17772231950400086,0.08375634517766509,0.0019645074605292656
17.3469,33.6735,177,0.00177,438,0.00438,0.23776223776223776,0.01686268562052758,0.11167512690355337,0.027776239502837946
17.3469,35.7143,155,0.0015500000000000002,399,0.0039900000000000005,0.08391608391608392,-0.10952702671648715,0.012690355329949382,-0.06373808319262016
17.3469,37.7551,173,0.00173,423,0.00423,0.2097902097902098,-0.006117262077111461,0.07360406091370567,-0.00742157691849211
17.3469,39.7959,162,0.0016200000000000001,389,0.0038900000000000002,0.13286713286713286,-0.06931211824561882,-0.012690355329949162,-0.0872032941401736
17.3469,41.8367,201,0.00201,423,0.00423,0.40559440559440557,0.15474237180636183,0.07360406091370567,-0.00742157691849211
17.3469,43.8776,223,0.00223,430,0.0043,0.5594405594405595,0.28113208414337654,0.09137055837563454,0.009004070744795195
17.3469,45.9184,156,0.00156,390,0.0039,0.09090909090909091,-0.10378203979207738,-0.010152284263959418,-0.08485677304541836
17.3469,47.9592,167,0.00167,443,0.00443,0.16783216783216784,-0.04058718362357002,0.12436548223350254,0.03950884497661456
17.3469,50.0,161,0.00161,410,0.0040999999999999995,0.1258741258741259,-0.07505710517002859,0.04060913705583745,-0.037926351150311684
19.3878,-50.0,182,0.00182,403,0.00403,0.2727272727272727,0.045587620242576385,0.02284263959390858,-0.054351998813598985
19.3878,-47.9592,180,0.0018,448,0.00448,0.25874125874125875,0.03409764639375686,0.1370558375634517,0.051241450450391184
19.3878,-45.9184,179,0.00179,456,0.00456,0.2517482517482518,0.0283526594693471,0.15736040609137053,0.07001361920843394
19.3878,-43.8776,175,0.00175,421,0.00421,0.22377622377622378,0.005372711771708059,0.06852791878172595,-0.012114619108002798
19.3878,-41.8367,169,0.00169,438,0.00438,0.18181818181818182,-0.029097209774750502,0.11167512690355337,0.027776239502837946
19.3878,-39.7959,179,0.00179,413,0.00413,0.2517482517482518,0.0283526594693471,0.048223350253807126,-0.030886787866045547
19.3878,-37.7551,192,0.00192,460,0.0046,0.34265734265734266,0.10303748948667399,0.16751269035532995,0.07939970358745531
19.3878,-35.7143,198,0.00198,392,0.00392,0.38461538461538464,0.13750741103313255,-0.005076142131979709,-0.08016373085590767
19.3878,-33.6735,143,0.00143,421,0.00421,0.0,-0.17846686980940427,0.06852791878172595,-0.012114619108002798
19.3878,-31.6327,169,0.00169,383,0.00383,0.18181818181818182,-0.029097209774750502,-0.027918781725888287,-0.10128242070870566
19.3878,-29.5918,169,0.0016899999999999999,399,0.00399,0.18181818181818182,-0.029097209774750502,0.012690355329949162,-0.06373808319262037
19.3878,-27.551,186,0.0018599999999999999,396,0.00396,0.3006993006993007,0.06856756794021543,0.005076142131979709,-0.0707776464768863
19.3878,-25.5102,153,0.0015300000000000001,403,0.00403,0.06993006993006994,-0.12101700056530666,0.02284263959390858,-0.054351998813598985
19.3878,-23.4694,205,0.00205,434,0.00434,0.43356643356643354,0.17772231950400086,0.10152284263959396,0.01839015512381657
19.3878,-21.4286,124,0.00124,392,0.00392,-0.13286713286713286,-0.2876216213731897,-0.005076142131979709,-0.08016373085590767
19.3878,-19.3878,171,0.0017100000000000001,479,0.00479,0.1958041958041958,-0.017607235925930984,0.21573604060913706,0.12398360438780674
19.3878,-17.3469,163,0.00163,415,0.00415,0.13986013986013987,-0.06356713132120906,0.05329949238578683,-0.02619374567653486
19.3878,-15.3061,163,0.00163,413,0.00413,0.13986013986013987,-0.06356713132120906,0.048223350253807126,-0.030886787866045547
19.3878,-13.2653,157,0.00157,386,0.00386,0.0979020979020979,-0.09803705286766763,-0.020304568527918725,-0.09424285742443962
19.3878,-11.2245,160,0.0016,432,0.00432,0.11888111888111888,-0.08080209209443835,0.09644670050761425,0.013697112934305884
19.3878,-9.18367,137,0.0013700000000000001,409,0.00409,-0.04195804195804196,-0.21293679135586283,0.038071065989847705,-0.040272872245066926
19.3878,-7.14286,201,0.00201,423,0.00423,0.40559440559440557,0.15474237180636183,0.07360406091370567,-0.00742157691849211
19.3878,-5.10204,173,0.00173,442,0.00442,0.2097902097902098,-0.006117262077111461,0.12182741116751279,0.03716232388185932
19.3878,-3.06122,208,0.0020800000000000003,427,0.0042699999999999995,0.45454545454545453,0.19495728027723014,0.08375634517766486,0.0019645074605290623
19.3878,-1.02041,159,0.00159,411,0.00411,0.11188811188811189,-0.0865470790188481,0.043147208121827416,-0.03557983005555623
19.3878,1.02041,182,0.00182,437,0.00437,0.2727272727272727,0.045587620242576385,0.1091370558375634,0.0254297184080825
19.3878,3.06122,213,0.00213,461,0.00461,0.48951048951048953,0.22368221489927895,0.17005076142131992,0.08174622468221075
19.3878,5.10204,186,0.00186,425,0.00425,0.3006993006993007,0.06856756794021543,0.07868020304568538,-0.002728534728981422
19.3878,7.14286,238,0.0023799999999999997,466,0.00466,0.6643356643356644,0.36730688800952294,0.18274111675126908,0.09347883015598737
19.3878,9.18367,170,0.0017000000000000001,421,0.00421,0.1888111888111888,-0.02335222285034074,0.06852791878172595,-0.012114619108002798
19.3878,11.2245,193,0.0019299999999999999,437,0.00437,0.34965034965034963,0.10878247641108374,0.1091370558375634,0.0254297184080825
19.3878,13.2653,177,0.00177,416,0.0041600000000000005,0.23776223776223776,0.01686268562052758,0.055837563451776796,-0.023847224581779413
19.3878,15.3061,116,0.00116,380,0.0038,-0.1888111888111888,-0.3335815167684678,-0.03553299492385785,-0.10832198399297169
19.3878,17.3469,157,0.00157,419,0.00419,0.0979020979020979,-0.09803705286766763,0.06345177664974624,-0.016807661297513484
19.3878,19.3878,137,0.0013700000000000001,412,0.00412,-0.04195804195804196,-0.21293679135586283,0.04568527918781738,-0.03323330896080079
19.3878,21.4286,127,0.00127,411,0.00411,-0.11188811188811189,-0.2703866605999604,0.043147208121827416,-0.03557983005555623
19.3878,23.4694,147,0.00147,422,0.00422,0.027972027972027972,-0.15548692211176524,0.0710659898477157,-0.009768098013247555
19.3878,25.5102,188,0.00188,429,0.00429,0.3146853146853147,0.08005754178903494,0.0888324873096448,0.006657549650039954
19.3878,27.551,152,0.00152,392,0.00392,0.06293706293706294,-0.12676198748971643,-0.005076142131979709,-0.08016373085590767
19.3878,29.5918,172,0.00172,439,0.00439,0.20279720279720279,-0.011862249001521222,0.11421319796954311,0.03012276059759319
19.3878,31.6327,152,0.00152,423,0.00423,0.06293706293706294,-0.12676198748971643,0.07360406091370567,-0.00742157691849211
19.3878,33.6735,206,0.00206,451,0.00451,0.4405594405594406,0.18346730642841064,0.14467005076142136,0.058281013734657314
19.3878,35.7143,161,0.00161,401,0.00401,0.1258741258741259,-0.07505710517002859,0.01776649746192887,-0.05904504100310967
19.3878,37.7551,213,0.00213,460,0.0046,0.48951048951048953,0.22368221489927895,0.16751269035532995,0.07939970358745531
19.3878,39.7959,175,0.00175,426,0.00426,0.22377622377622378,0.005372711771708059,0.08121827411167512,-0.00038201363422617977
19.3878,41.8367,157,0.00157,403,0.00403,0.0979020979020979,-0.09803705286766763,0.02284263959390858,-0.054351998813598985
19.3878,43.8776,202,0.00202,459,0.00459,0.4125874125874126,0.16048735873077158,0.1649746192893402,0.07705318249270006
19.3878,45.9184,190,0.0019,432,0.00432,0.32867132867132864,0.09154751563785446,0.09644670050761425,0.013697112934305884
19.3878,47.9592,138,0.0013800000000000002,398,0.00398,-0.03496503496503497,-0.20719180443145307,0.010152284263959418,-0.0660846042873756
19.3878,50.0,208,0.00208,421,0.00421,0.45454545454545453,0.19495728027723014,0.06852791878172595,-0.012114619108002798
21.4286,-50.0,195,0.00195,420,0.0042,0.36363636363636365,0.12027245025990327,0.06598984771573599,-0.014461140202758243
21.4286,-47.9592,195,0.00195,448,0.00448,0.36363636363636365,0.12027245025990327,0.1370558375634517,0.051241450450391184
21.4286,-45.9184,187,0.0018700000000000001,401,0.00401,0.3076923076923077,0.07431255486462518,0.01776649746192887,-0.05904504100310967
21.4286,-43.8776,179,0.00179,399,0.0039900000000000005,0.2517482517482518,0.0283526594693471,0.012690355329949382,-0.06373808319262016
21.4286,-41.8367,149,0.00149,434,0.00434,0.04195804195804196,-0.1439969482629457,0.10152284263959396,0.01839015512381657
21.4286,-39.7959,212,0.00212,461,0.0046099999999999995,0.4825174825174825,0.2179372279748692,0.1700507614213197,0.08174622468221054
21.4286,-37.7551,167,0.00167,431,0.00431,0.16783216783216784,-0.04058718362357002,0.09390862944162429,0.011350591839550438
21.4286,-35.7143,159,0.00159,445,0.00445,0.11188811188811189,-0.0865470790188481,0.12944162436548223,0.04420188716612525
21.4286,-33.6735,183,0.00183,424,0.00424,0.27972027972027974,0.05133260716698614,0.07614213197969541,-0.005075055823736867
21.4286,-31.6327,194,0.0019399999999999999,420,0.0042,0.35664335664335667,0.1145274633354935,0.06598984771573599,-0.014461140202758243
21.4286,-29.5918,186,0.00186,429,0.00429,0.3006993006993007,0.06856756794021543,0.0888324873096448,0.006657549650039954
21.4286,-27.551,140,0.0014,447,0.00447,-0.02097902097902098,-0.19570183058263355,0.13451776649746194,0.04889492935563594
21.4286,-25.5102,179,0.00179,406,0.00406,0.2517482517482518,0.0283526594693471,0.030456852791878253,-0.047312435529332855
21.4286,-23.4694,197,0.00197,442,0.00442,0.3776223776223776,0.1317624241087228,0.12182741116751279,0.03716232388185932
21.4286,-21.4286,174,0.00174,403,0.00403,0.21678321678321677,-0.00037227515270170126,0.02284263959390858,-0.054351998813598985
21.4286,-19.3878,129,0.0012900000000000001,379,0.00379,-0.0979020979020979,-0.2588966867511409,-0.038071065989847705,-0.11066850508772703
21.4286,-17.3469,147,0.00147,399,0.0039900000000000005,0.027972027972027972,-0.15548692211176524,0.012690355329949382,-0.06373808319262016
21.4286,-15.3061,134,0.00134,401,0.00401,-0.06293706293706294,-0.2301717521290921,0.01776649746192887,-0.05904504100310967
21.4286,-13.2653,164,0.00164,461,0.00461,0.14685314685314685,-0.05782214439679931,0.17005076142131992,0.08174622468221075
21.4286,-11.2245,173,0.0017300000000000002,419,0.00419,0.2097902097902098,-0.006117262077111461,0.06345177664974624,-0.016807661297513484
21.4286,-9.18367,203,0.00203,433,0.0043300000000000005,0.4195804195804196,0.16623234565518136,0.09898477157360422,0.016043634029061327
21.4286,-7.14286,198,0.00198,428,0.00428,0.38461538461538464,0.13750741103313255,0.08629441624365483,0.004311028555284508
21.4286,-5.10204,188,0.0018800000000000002,450,0.0045,0.3146853146853147,0.08005754178903494,0.1421319796954314,0.05593449263990187
21.4286,-3.06122,156,0.00156,371,0.0037099999999999998,0.09090909090909091,-0.10378203979207738,-0.05837563451776654,-0.1294406738457698
21.4286,-1.02041,183,0.00183,422,0.00422,0.27972027972027974,0.05133260716698614,0.0710659898477157,-0.009768098013247555
21.4286,1.02041,141,0.00141,417,0.00417,-0.013986013986013986,-0.1899568436582238,0.05837563451776654,-0.021500703487024174
21.4286,3.06122,173,0.00173,441,0.00441,0.2097902097902098,-0.006117262077111461,0.11928934010152283,0.034815802787103875
21.4286,5.10204,173,0.00173,441,0.00441,0.2097902097902098,-0.006117262077111461,0.11928934010152283,0.034815802787103875
21.4286,7.14286,176,0.00176,461,0.0046099999999999995,0.23076923076923078,0.01111769869611782,0.1700507614213197,0.08174622468221054
21.4286,9.18367,141,0.00141,409,0.00409,-0.013986013986013986,-0.1899568436582238,0.038071065989847705,-0.040272872245066926
21.4286,11.2245,182,0.00182,438,0.00438,0.2727272727272727,0.045587620242576385,0.11167512690355337,0.027776239502837946
21.4286,13.2653,171,0.0017100000000000001,415,0.00415,0.1958041958041958,-0.017607235925930984,0.05329949238578683,-0.02619374567653486
21.4286,15.3061,167,0.00167,430,0.0043,0.16783216783216784,-0.04058718362357002,0.09137055837563454,0.009004070744795195
21.4286,17.3469,193,0.0019299999999999999,430,0.0043,0.34965034965034963,0.10878247641108374,0.09137055837563454,0.009004070744795195
21.4286,19.3878,159,0.00159,437,0.00437,0.11188811188811189,-0.0865470790188481,0.1091370558375634,0.0254297184080825
21.4286,21.4286,157,0.0015700000000000002,426,0.00426,0.0979020979020979,-0.09803705286766763,0.08121827411167512,-0.00038201363422617977
21.4286,23.4694,224,0.0022400000000000002,424,0.00424,0.5664335664335665,0.2868770710677863,0.07614213197969541,-0.005075055823736867
21.4286,25.5102,186,0.00186,419,0.00419,0.3006993006993007,0.06856756794021543,0.06345177664974624,-0.016807661297513484
21.4286,27.551,158,0.00158,386,0.00386,0.1048951048951049,-0.09229206594325787,-0.020304568527918725,-0.09424285742443962
21.4286,29.5918,175,0.0017499999999999998,450,0.0045000000000000005,0.22377622377622378,0.005372711771708059,0.14213197969543162,0.05593449263990207
21.4286,31.6327,180,0.0018,431,0.00431,0.25874125874125875,0.03409764639375686,0.09390862944162429,0.011350591839550438
21.4286,33.6735,170,0.0017000000000000001,425,0.00425,0.1888111888111888,-0.02335222285034074,0.07868020304568538,-0.002728534728981422
21.4286,35.7143,194,0.0019399999999999999,426,0.00426,0.35664335664335667,0.1145274633354935,0.08121827411167512,-0.00038201363422617977
21.4286,37.7551,216,0.00216,431,0.00431,0.5104895104895105,0.24091717567250823,0.09390862944162429,0.011350591839550438
21.4286,39.7959,138,0.0013800000000000002,394,0.00394,-0.03496503496503497,-0.20719180443145307,0.0,-0.07547068866639697
21.4286,41.8367,170,0.0017000000000000001,394,0.00394,0.1888111888111888,-0.02335222285034074,0.0,-0.07547068866639697
21.4286,43.8776,159,0.00159,446,0.00446,0.11188811188811189,-0.0865470790188481,0.1319796954314722,0.0465484082608807
21.4286,45.9184,151,0.00151,408,0.00408,0.055944055944055944,-0.13250697441412618,0.03553299492385796,-0.04261939333982216
21.4286,47.9592,153,0.0015300000000000001,394,0.00394,0.06993006993006994,-0.12101700056530666,0.0,-0.07547068866639697
21.4286,50.0,173,0.0017300000000000002,399,0.0039900000000000005,0.2097902097902098,-0.006117262077111461,0.012690355329949382,-0.06373808319262016
23.4694,-50.0,137,0.00137,402,0.00402,-0.04195804195804196,-0.21293679135586283,0.020304568527918836,-0.05669851990835423
23.4694,-47.9592,158,0.00158,434,0.00434,0.1048951048951049,-0.09229206594325787,0.10152284263959396,0.01839015512381657
23.4694,-45.9184,176,0.00176,426,0.00426,0.23076923076923078,0.01111769869611782,0.08121827411167512,-0.00038201363422617977
23.4694,-43.8776,144,0.0014399999999999999,420,0.0042,0.006993006993006993,-0.17272188288499452,0.06598984771573599,-0.014461140202758243
23.4694,-41.8367,250,0.0025,470,0.0047,0.7482517482517482,0.4362467311024401,0.1928934010152285,0.10286491453500875
23.4694,-39.7959,175,0.00175,410,0.0041,0.22377622377622378,0.005372711771708059,0.04060913705583767,-0.037926351150311476
23.4694,-37.7551,147,0.00147,430,0.0043,0.027972027972027972,-0.15548692211176524,0.09137055837563454,0.009004070744795195
23.4694,-35.7143,128,0.0012799999999999999,387,0.00387,-0.1048951048951049,-0.2646416736755507,-0.01776649746192887,-0.09189633632968429
23.4694,-33.6735,127,0.0012699999999999999,406,0.00406,-0.11188811188811189,-0.2703866605999604,0.030456852791878253,-0.047312435529332855
23.4694,-31.6327,166,0.00166,441,0.00441,0.16083916083916083,-0.046332170547979785,0.11928934010152283,0.034815802787103875
23.4694,-29.5918,183,0.00183,411,0.00411,0.27972027972027974,0.05133260716698614,0.043147208121827416,-0.03557983005555623
23.4694,-27.551,210,0.0021,444,0.0044399999999999995,0.46853146853146854,0.20644725412604967,0.1269035532994923,0.041855366071369804
23.4694,-25.5102,188,0.00188,427,0.00427,0.3146853146853147,0.08005754178903494,0.08375634517766509,0.0019645074605292656
23.4694,-23.4694,200,0.002,446,0.00446,0.3986013986013986,0.14899738488195208,0.1319796954314722,0.0465484082608807
23.4694,-21.4286,207,0.00207,494,0.00494,0.44755244755244755,0.1892122933528204,0.25380710659898476,0.1591814208091368
23.4694,-19.3878,210,0.0021000000000000003,440,0.0044,0.46853146853146854,0.20644725412604967,0.11675126903553308,0.03246928169234863
23.4694,-17.3469,185,0.00185,420,0.0042,0.2937062937062937,0.06282258101580566,0.06598984771573599,-0.014461140202758243
23.4694,-15.3061,154,0.0015400000000000001,410,0.0041,0.07692307692307693,-0.11527201364089691,0.04060913705583767,-0.037926351150311476
23.4694,-13.2653,162,0.0016200000000000001,431,0.00431,0.13286713286713286,-0.06931211824561882,0.09390862944162429,0.011350591839550438
23.4694,-11.2245,186,0.0018599999999999999,421,0.00421,0.3006993006993007,0.06856756794021543,0.06852791878172595,-0.012114619108002798
23.4694,-9.18367,213,0.00213,418,0.00418,0.48951048951048953,0.22368221489927895,0.060913705583756285,-0.01915418239226893
23.4694,-7.14286,184,0.00184,420,0.0042,0.2867132867132867,0.0570775940913959,0.06598984771573599,-0.014461140202758243
23.4694,-5.10204,154,0.00154,400,0.004,0.07692307692307693,-0.11527201364089691,0.015228426395939127,-0.061391562097864914
23.4694,-3.06122,231,0.00231,468,0.00468,0.6153846153846154,0.32709197953865465,0.1878172588832488,0.09817187234549805
23.4694,-1.02041,158,0.00158,425,0.00425,0.1048951048951049,-0.09229206594325787,0.07868020304568538,-0.002728534728981422
23.4694,1.02041,185,0.0018499999999999999,399,0.00399,0.2937062937062937,0.06282258101580566,0.012690355329949162,-0.06373808319262037
23.4694,3.06122,162,0.00162,448,0.00448,0.13286713286713286,-0.06931211824561882,0.1370558375634517,0.051241450450391184
23.4694,5.10204,163,0.00163,451,0.00451,0.13986013986013987,-0.06356713132120906,0.14467005076142136,0.058281013734657314
23.4694,7.14286,189,0.00189,445,0.00445,0.32167832167832167,0.08580252871344471,0.12944162436548223,0.04420188716612525
23.4694,9.18367,191,0.00191,471,0.00471,0.3356643356643357,0.09729250256226422,0.19543147208121825,0.10521143562976398
23.4694,11.2245,170,0.0017,410,0.0040999999999999995,0.1888111888111888,-0.02335222285034074,0.04060913705583745,-0.037926351150311684
23.4694,13.2653,184,0.00184,472,0.00472,0.2867132867132867,0.0570775940913959,0.19796954314720822,0.10755795672451943
23.4694,15.3061,184,0.00184,408,0.00408,0.2867132867132867,0.0570775940913959,0.03553299492385796,-0.04261939333982216
23.4694,17.3469,144,0.00144,401,0.00401,0.006993006993006993,-0.17272188288499452,0.01776649746192887,-0.05904504100310967
23.4694,19.3878,188,0.0018800000000000002,373,0.00373,0.3146853146853147,0.08005754178903494,-0.05329949238578683,-0.1247476316562591
23.4694,21.4286,133,0.00133,395,0.00395,-0.06993006993006994,-0.23591673905350188,0.0025380710659899646,-0.07312416757164153
23.4694,23.4694,165,0.00165,385,0.00385,0.15384615384615385,-0.05207715747238954,-0.02284263959390858,-0.09658937851919497
23.4694,25.5102,156,0.00156,406,0.00406,0.09090909090909091,-0.10378203979207738,0.030456852791878253,-0.047312435529332855
23.4694,27.551,185,0.00185,408,0.00408,0.2937062937062937,0.06282258101580566,0.03553299492385796,-0.04261939333982216
23.4694,29.5918,139,0.00139,401,0.00401,-0.027972027972027972,-0.20144681750704332,0.01776649746192887,-0.05904504100310967
23.4694,31.6327,178,0.00178,483,0.00483,0.24475524475524477,0.02260767254493734,0.22588832487309649,0.13336968876682812
23.4694,33.6735,115,0.00115,363,0.00363,-0.1958041958041958,-0.33932650369287753,-0.07868020304568527,-0.14821284260381243
23.4694,35.7143,162,0.00162,417,0.00417,0.13286713286713286,-0.06931211824561882,0.05837563451776654,-0.021500703487024174
23.4694,37.7551,134,0.00134,389,0.0038900000000000002,-0.06293706293706294,-0.2301717521290921,-0.012690355329949162,-0.0872032941401736
23.4694,39.7959,134,0.00134,399,0.0039900000000000005,-0.06293706293706294,-0.2301717521290921,0.012690355329949382,-0.06373808319262016
23.4694,41.8367,166,0.00166,422,0.00422,0.16083916083916083,-0.046332170547979785,0.0710659898477157,-0.009768098013247555
23.4694,43.8776,197,0.00197,397,0.00397,0.3776223776223776,0.1317624241087228,0.007614213197969453,-0.06843112538213104
23.4694,45.9184,142,0.00142,426,0.00426,-0.006993006993006993,-0.18421185673381404,0.08121827411167512,-0.00038201363422617977
23.4694,47.9592,180,0.0018,437,0.00437,0.25874125874125875,0.03409764639375686,0.1091370558375634,0.0254297184080825
23.4694,50.0,176,0.00176,417,0.00417,0.23076923076923078,0.01111769869611782,0.05837563451776654,-0.021500703487024174
25.5102,-50.0,196,0.00196,430,0.0043,0.3706293706293706,0.12601743718431302,0.09137055837563454,0.009004070744795195
25.5102,-47.9592,204,0.00204,426,0.00426,0.42657342657342656,0.1719773325795911,0.08121827411167512,-0.00038201363422617977
25.5102,-45.9184,201,0.00201,453,0.00453,0.40559440559440557,0.15474237180636183,0.14974619289340108,0.06297405592416801
25.5102,-43.8776,189,0.00189,462,0.00462,0.32167832167832167,0.08580252871344471,0.17258883248730966,0.08409274577696599
25.5102,-41.8367,183,0.00183,439,0.00439,0.27972027972027974,0.05133260716698614,0.11421319796954311,0.03012276059759319
25.5102,-39.7959,172,0.00172,431,0.00431,0.20279720279720279,-0.011862249001521222,0.09390862944162429,0.011350591839550438
25.5102,-37.7551,183,0.00183,440,0.0044,0.27972027972027974,0.05133260716698614,0.11675126903553308,0.03246928169234863
25.5102,-35.7143,125,0.00125,403,0.00403,-0.1258741258741259,-0.28187663444878,0.02284263959390858,-0.054351998813598985
25.5102,-33.6735,166,0.00166,396,0.00396,0.16083916083916083,-0.046332170547979785,0.005076142131979709,-0.0707776464768863
25.5102,-31.6327,135,0.00135,407,0.00407,-0.055944055944055944,-0.22442676520468235,0.032994923857867994,-0.04496591443457761
25.5102,-29.5918,155,0.00155,438,0.00438,0.08391608391608392,-0.10952702671648715,0.11167512690355337,0.027776239502837946
25.5102,-27.551,146,0.00146,413,0.00413,0.02097902097902098,-0.161231909036175,0.048223350253807126,-0.030886787866045547
25.5102,-25.5102,168,0.00168,427,0.00427,0.17482517482517482,-0.03484219669916026,0.08375634517766509,0.0019645074605292656
25.5102,-23.4694,196,0.00196,407,0.00407,0.3706293706293706,0.12601743718431302,0.032994923857867994,-0.04496591443457761
25.5102,-21.4286,159,0.00159,425,0.00425,0.11188811188811189,-0.0865470790188481,0.07868020304568538,-0.002728534728981422
25.5102,-19.3878,199,0.00199,420,0.0042,0.3916083916083916,0.1432523979575423,0.06598984771573599,-0.014461140202758243
25.5102,-17.3469,231,0.00231,453,0.00453,0.6153846153846154,0.32709197953865465,0.14974619289340108,0.06297405592416801
25.5102,-15.3061,181,0.00181,420,0.0042,0.26573426573426573,0.03984263331816662,0.06598984771573599,-0.014461140202758243
25.5102,-13.2653,198,0.00198,450,0.0045000000000000005,0.38461538461538464,0.13750741103313255,0.14213197969543162,0.05593449263990207
25.5102,-11.2245,148,0.00148,400,0.004,0.03496503496503497,-0.14974193518735546,0.015228426395939127,-0.061391562097864914
25.5102,-9.18367,179,0.00179,407,0.00407,0.2517482517482518,0.0283526594693471,0.032994923857867994,-0.04496591443457761
25.5102,-7.14286,209,0.00209,455,0.00455,0.46153846153846156,0.20070226720163992,0.1548223350253808,0.06766709811367869
25.5102,-5.10204,198,0.00198,430,0.0043,0.38461538461538464,0.13750741103313255,0.09137055837563454,0.009004070744795195
25.5102,-3.06122,139,0.00139,403,0.00403,-0.027972027972027972,-0.20144681750704332,0.02284263959390858,-0.054351998813598985
25.5102,-1.02041,207,0.00207,435,0.00435,0.44755244755244755,0.1892122933528204,0.10406091370558371,0.020736676218571812
25.5102,1.02041,215,0.00215,425,0.00425,0.5034965034965035,0.23517218874809848,0.07868020304568538,-0.002728534728981422
25.5102,3.06122,187,0.0018700000000000001,422,0.00422,0.3076923076923077,0.07431255486462518,0.0710659898477157,-0.009768098013247555
25.5102,5.10204,145,0.00145,398,0.00398,0.013986013986013986,-0.16697689596058476,0.010152284263959418,-0.0660846042873756
25.5102,7.14286,177,0.0017699999999999999,398,0.00398,0.23776223776223776,0.01686268562052758,0.010152284263959418,-0.0660846042873756
25.5102,9.18367,186,0.00186,448,0.00448,0.3006993006993007,0.06856756794021543,0.1370558375634517,0.051241450450391184
25.5102,11.2245,197,0.00197,466,0.00466,0.3776223776223776,0.1317624241087228,0.18274111675126908,0.09347883015598737
25.5102,13.2653,164,0.00164,419,0.00419,0.14685314685314685,-0.05782214439679931,0.06345177664974624,-0.016807661297513484
25.5102,15.3061,155,0.00155,431,0.00431,0.08391608391608392,-0.10952702671648715,0.09390862944162429,0.011350591839550438
25.5102,17.3469,192,0.00192,415,0.00415,0.34265734265734266,0.10303748948667399,0.05329949238578683,-0.02619374567653486
25.5102,19.3878,187,0.00187,415,0.00415,0.3076923076923077,0.07431255486462518,0.05329949238578683,-0.02619374567653486
25.5102,21.4286,173,0.00173,402,0.00402,0.2097902097902098,-0.006117262077111461,0.020304568527918836,-0.05669851990835423
25.5102,23.4694,135,0.00135,424,0.00424,-0.055944055944055944,-0.22442676520468235,0.07614213197969541,-0.005075055823736867
25.5102,25.5102,184,0.00184,422,0.00422,0.2867132867132867,0.0570775940913959,0.0710659898477157,-0.009768098013247555
25.5102,27.551,200,0.002,430,0.0043,0.3986013986013986,0.14899738488195208,0.09137055837563454,0.009004070744795195
25.5102,29.5918,179,0.00179,431,0.00431,0.2517482517482518,0.0283526594693471,0.09390862944162429,0.011350591839550438
25.5102,31.6327,183,0.00183,403,0.00403,0.27972027972027974,0.05133260716698614,0.02284263959390858,-0.054351998813598985
25.5102,33.6735,149,0.00149,390,0.0039,0.04195804195804196,-0.1439969482629457,-0.010152284263959418,-0.08485677304541836
25.5102,35.7143,130,0.0013,388,0.00388,-0.09090909090909091,-0.25315169982673114,-0.015228426395939016,-0.08954981523492894
25.5102,37.7551,144,0.00144,442,0.00442,0.006993006993006993,-0.17272188288499452,0.12182741116751279,0.03716232388185932
25.5102,39.7959,168,0.00168,405,0.00405,0.17482517482517482,-0.03484219669916026,0.027918781725888287,-0.0496589566240883
25.5102,41.8367,177,0.00177,420,0.0042,0.23776223776223776,0.01686268562052758,0.06598984771573599,-0.014461140202758243
25.5102,43.8776,186,0.0018599999999999999,419,0.00419,0.3006993006993007,0.06856756794021543,0.06345177664974624,-0.016807661297513484
25.5102,45.9184,161,0.0016099999999999999,407,0.00407,0.1258741258741259,-0.07505710517002859,0.032994923857867994,-0.04496591443457761
25.5102,47.9592,165,0.00165,384,0.00384,0.15384615384615385,-0.05207715747238954,-0.025380710659898435,-0.09893589961395031
25.5102,50.0,156,0.00156,399,0.0039900000000000005,0.09090909090909091,-0.10378203979207738,0.012690355329949382,-0.06373808319262016
27.551,-50.0,169,0.00169,442,0.00442,0.18181818181818182,-0.029097209774750502,0.12182741116751279,0.03716232388185932
27.551,-47.9592,185,0.00185,428,0.00428,0.2937062937062937,0.06282258101580566,0.08629441624365483,0.004311028555284508
27.551,-45.9184,152,0.00152,413,0.00413,0.06293706293706294,-0.12676198748971643,0.048223350253807126,-0.030886787866045547
27.551,-43.8776,167,0.00167,432,0.00432,0.16783216783216784,-0.04058718362357002,0.09644670050761425,0.013697112934305884
27.551,-41.8367,162,0.00162,399,0.00399,0.13286713286713286,-0.06931211824561882,0.012690355329949162,-0.06373808319262037
27.551,-39.7959,158,0.00158,409,0.00409,0.1048951048951049,-0.09229206594325787,0.038071065989847705,-0.040272872245066926
27.551,-37.7551,202,0.00202,419,0.00419,0.4125874125874126,0.16048735873077158,0.06345177664974624,-0.016807661297513484
27.551,-35.7143,140,0.0014,386,0.0038599999999999997,-0.02097902097902098,-0.19570183058263355,-0.020304568527918836,-0.09424285742443973
27.551,-33.6735,161,0.0016099999999999999,402,0.00402,0.1258741258741259,-0.07505710517002859,0.020304568527918836,-0.05669851990835423
27.551,-31.6327,161,0.0016099999999999999,427,0.00427,0.1258741258741259,-0.07505710517002859,0.08375634517766509,0.0019645074605292656
27.551,-29.5918,157,0.00157,407,0.00407,0.0979020979020979,-0.09803705286766763,0.032994923857867994,-0.04496591443457761
27.551,-27.551,185,0.00185,426,0.00426,0.2937062937062937,0.06282258101580566,0.08121827411167512,-0.00038201363422617977
27.551,-25.5102,209,0.00209,423,0.00423,0.46153846153846156,0.20070226720163992,0.07360406091370567,-0.00742157691849211
27.551,-23.4694,159,0.00159,372,0.00372,0.11188811188811189,-0.0865470790188481,-0.055837563451776574,-0.12709415275101435
27.551,-21.4286,215,0.00215,454,0.00454,0.5034965034965035,0.23517218874809848,0.15228426395939082,0.06532057701892324
27.551,-19.3878,166,0.00166,433,0.00433,0.16083916083916083,-0.046332170547979785,0.098984771573604,0.016043634029061126
27.551,-17.3469,185,0.00185,475,0.00475,0.2937062937062937,0.06282258101580566,0.20558375634517767,0.11459752000878536
27.551,-15.3061,207,0.0020700000000000002,409,0.00409,0.44755244755244755,0.1892122933528204,0.038071065989847705,-0.040272872245066926
27.551,-13.2653,211,0.00211,462,0.00462,0.4755244755244755,0.21219224105045942,0.17258883248730966,0.08409274577696599
27.551,-11.2245,144,0.0014399999999999999,421,0.00421,0.006993006993006993,-0.17272188288499452,0.06852791878172595,-0.012114619108002798
27.551,-9.18367,150,0.0015,377,0.00377,0.04895104895104895,-0.13825196133853596,-0.043147208121827416,-0.11536154727723773
27.551,-7.14286,188,0.00188,447,0.00447,0.3146853146853147,0.08005754178903494,0.13451776649746194,0.04889492935563594
27.551,-5.10204,144,0.0014399999999999999,385,0.00385,0.006993006993006993,-0.17272188288499452,-0.02284263959390858,-0.09658937851919497
27.551,-3.06122,163,0.00163,390,0.0039,0.13986013986013987,-0.06356713132120906,-0.010152284263959418,-0.08485677304541836
27.551,-1.02041,219,0.00219,440,0.0044,0.5314685314685315,0.25815213644573753,0.11675126903553308,0.03246928169234863
27.551,1.02041,134,0.0013399999999999998,397,0.00397,-0.06293706293706294,-0.2301717521290921,0.007614213197969453,-0.06843112538213104
27.551,3.06122,144,0.0014399999999999999,430,0.0043,0.006993006993006993,-0.17272188288499452,0.09137055837563454,0.009004070744795195
27.551,5.10204,170,0.0017000000000000001,422,0.00422,0.1888111888111888,-0.02335222285034074,0.0710659898477157,-0.009768098013247555
27.551,7.14286,160,0.0015999999999999999,434,0.00434,0.11888111888111888,-0.08080209209443835,0.10152284263959396,0.01839015512381657
27.551,9.18367,209,0.00209,463,0.0046300000000000004,0.46153846153846156,0.20070226720163992,0.17512690355329963,0.08643926687172145
27.551,11.2245,206,0.00206,459,0.00459,0.4405594405594406,0.18346730642841064,0.1649746192893402,0.07705318249270006
27.551,13.2653,170,0.0017000000000000001,421,0.00421,0.1888111888111888,-0.02335222285034074,0.06852791878172595,-0.012114619108002798
27.551,15.3061,145,0.0014500000000000001,380,0.0038,0.013986013986013986,-0.16697689596058476,-0.03553299492385785,-0.10832198399297169
27.551,17.3469,166,0.00166,416,0.0041600000000000005,0.16083916083916083,-0.046332170547979785,0.055837563451776796,-0.023847224581779413
27.551,19.3878,152,0.00152,435,0.00435,0.06293706293706294,-0.12676198748971643,0.10406091370558371,0.020736676218571812
27.551,21.4286,189,0.00189,420,0.0042,0.32167832167832167,0.08580252871344471,0.06598984771573599,-0.014461140202758243
27.551,23.4694,231,0.00231,453,0.00453,0.6153846153846154,0.32709197953865465,0.14974619289340108,0.06297405592416801
27.551,25.5102,176,0.00176,433,0.0043300000000000005,0.23076923076923078,0.01111769869611782,0.09898477157360422,0.016043634029061327
27.551,27.551,202,0.00202,442,0.00442,0.4125874125874126,0.16048735873077158,0.12182741116751279,0.03716232388185932
27.551,29.5918,179,0.00179,449,0.00449,0.2517482517482518,0.0283526594693471,0.13959390862944165,0.05358797154514663
27.551,31.6327,212,0.00212,436,0.00436,0.4825174825174825,0.2179372279748692,0.10659898477157366,0.02308319731332726
27.551,33.6735,184,0.00184,436,0.00436,0.2867132867132867,0.0570775940913959,0.10659898477157366,0.02308319731332726
27.551,35.7143,168,0.00168,419,0.00419,0.17482517482517482,-0.03484219669916026,0.06345177664974624,-0.016807661297513484
27.551,37.7551,183,0.00183,432,0.00432,0.27972027972027974,0.05133260716698614,0.09644670050761425,0.013697112934305884
27.551,39.7959,172,0.00172,423,0.00423,0.20279720279720279,-0.011862249001521222,0.07360406091370567,-0.00742157691849211
27.551,41.8367,212,0.00212,427,0.00427,0.4825174825174825,0.2179372279748692,0.08375634517766509,0.0019645074605292656
27.551,43.8776,225,0.00225,428,0.00428,0.5734265734265734,0.2926220579921961,0.08629441624365483,0.004311028555284508
27.551,45.9184,147,0.00147,395,0.00395,0.027972027972027972,-0.15548692211176524,0.0025380710659899646,-0.07312416757164153
27.551,47.9592,188,0.0018800000000000002,451,0.00451,0.3146853146853147,0.08005754178903494,0.14467005076142136,0.058281013734657314
27.551,50.0,181,0.00181,415,0.00415,0.26573426573426573,0.03984263331816662,0.05329949238578683,-0.02619374567653486
29.5918,-50.0,171,0.0017100000000000001,399,0.0039900000000000005,0.1958041958041958,-0.017607235925930984,0.012690355329949382,-0.06373808319262016
29.5918,-47.9592,167,0.00167,456,0.00456,0.16783216783216784,-0.04058718362357002,0.15736040609137053,0.07001361920843394
29.5918,-45.9184,188,0.0018800000000000002,452,0.00452,0.3146853146853147,0.08005754178903494,0.1472081218274111,0.060627534829412556
29.5918,-43.8776,157,0.00157,431,0.00431,0.0979020979020979,-0.09803705286766763,0.09390862944162429,0.011350591839550438
29.5918,-41.8367,187,0.0018700000000000001,445,0.00445,0.3076923076923077,0.07431255486462518,0.12944162436548223,0.04420188716612525
29.5918,-39.7959,168,0.00168,427,0.0042699999999999995,0.17482517482517482,-0.03484219669916026,0.08375634517766486,0.0019645074605290623
29.5918,-37.7551,199,0.00199,453,0.00453,0.3916083916083916,0.1432523979575423,0.14974619289340108,0.06297405592416801
29.5918,-35.7143,193,0.00193,376,0.00376,0.34965034965034963,0.10878247641108374,-0.04568527918781727,-0.11770806837199306
29.5918,-33.6735,163,0.00163,420,0.0042,0.13986013986013987,-0.06356713132120906,0.06598984771573599,-0.014461140202758243
29.5918,-31.6327,184,0.00184,373,0.00373,0.2867132867132867,0.0570775940913959,-0.05329949238578683,-0.1247476316562591
29.5918,-29.5918,146,0.00146,393,0.00393,0.02097902097902098,-0.161231909036175,-0.0025380710659897443,-0.07781720976115222
29.5918,-27.551,193,0.00193,424,0.00424,0.34965034965034963,0.10878247641108374,0.07614213197969541,-0.005075055823736867
29.5918,-25.5102,184,0.00184,426,0.00426,0.2867132867132867,0.0570775940913959,0.08121827411167512,-0.00038201363422617977
29.5918,-23.4694,202,0.00202,401,0.00401,0.4125874125874126,0.16048735873077158,0.01776649746192887,-0.05904504100310967
29.5918,-21.4286,142,0.00142,402,0.00402,-0.006993006993006993,-0.18421185673381404,0.020304568527918836,-0.05669851990835423
29.5918,-19.3878,157,0.00157,459,0.00459,0.0979020979020979,-0.09803705286766763,0.1649746192893402,0.07705318249270006
29.5918,-17.3469,162,0.00162,415,0.00415,0.13286713286713286,-0.06931211824561882,0.05329949238578683,-0.02619374567653486
29.5918,-15.3061,151,0.00151,423,0.00423,0.055944055944055944,-0.13250697441412618,0.07360406091370567,-0.00742157691849211
29.5918,-13.2653,159,0.00159,391,0.00391,0.11188811188811189,-0.0865470790188481,-0.007614213197969453,-0.0825102519506629
29.5918,-11.2245,140,0.0014,384,0.00384,-0.02097902097902098,-0.19570183058263355,-0.025380710659898435,-0.09893589961395031
29.5918,-9.18367,159,0.00159,424,0.00424,0.11188811188811189,-0.0865470790188481,0.07614213197969541,-0.005075055823736867
29.5918,-7.14286,189,0.00189,416,0.00416,0.32167832167832167,0.08580252871344471,0.055837563451776574,-0.023847224581779618
29.5918,-5.10204,167,0.00167,432,0.00432,0.16783216783216784,-0.04058718362357002,0.09644670050761425,0.013697112934305884
29.5918,-3.06122,198,0.00198,425,0.00425,0.38461538461538464,0.13750741103313255,0.07868020304568538,-0.002728534728981422
29.5918,-1.02041,174,0.00174,418,0.00418,0.21678321678321677,-0.00037227515270170126,0.060913705583756285,-0.01915418239226893
29.5918,1.02041,192,0.00192,419,0.00419,0.34265734265734266,0.10303748948667399,0.06345177664974624,-0.016807661297513484
29.5918,3.06122,229,0.00229,466,0.00466,0.6013986013986014,0.3156020056898351,0.18274111675126908,0.09347883015598737
29.5918,5.10204,205,0.00205,456,0.00456,0.43356643356643354,0.17772231950400086,0.15736040609137053,0.07001361920843394
29.5918,7.14286,217,0.00217,465,0.00465,0.5174825174825175,0.246662162596918,0.18020304568527912,0.09113230906123192
29.5918,9.18367,206,0.00206,442,0.00442,0.4405594405594406,0.18346730642841064,0.12182741116751279,0.03716232388185932
29.5918,11.2245,211,0.00211,436,0.00436,0.4755244755244755,0.21219224105045942,0.10659898477157366,0.02308319731332726
29.5918,13.2653,222,0.00222,439,0.00439,0.5524475524475524,0.2753870972189668,0.11421319796954311,0.03012276059759319
29.5918,15.3061,114,0.00114,380,0.0038,-0.20279720279720279,-0.3450714906172873,-0.03553299492385785,-0.10832198399297169
29.5918,17.3469,165,0.00165,426,0.00426,0.15384615384615385,-0.05207715747238954,0.08121827411167512,-0.00038201363422617977
29.5918,19.3878,139,0.00139,431,0.00431,-0.027972027972027972,-0.20144681750704332,0.09390862944162429,0.011350591839550438
29.5918,21.4286,134,0.00134,407,0.00407,-0.06293706293706294,-0.2301717521290921,0.032994923857867994,-0.04496591443457761
29.5918,23.4694,155,0.00155,419,0.00419,0.08391608391608392,-0.10952702671648715,0.06345177664974624,-0.016807661297513484
29.5918,25.5102,169,0.00169,428,0.00428,0.18181818181818182,-0.029097209774750502,0.08629441624365483,0.004311028555284508
29.5918,27.551,171,0.00171,397,0.00397,0.1958041958041958,-0.017607235925930984,0.007614213197969453,-0.06843112538213104
29.5918,29.5918,204,0.00204,443,0.00443,0.42657342657342656,0.1719773325795911,0.12436548223350254,0.03950884497661456
29.5918,31.6327,160,0.0016,420,0.0042,0.11888111888111888,-0.08080209209443835,0.06598984771573599,-0.014461140202758243
29.5918,33.6735,193,0.00193,439,0.00439,0.34965034965034963,0.10878247641108374,0.11421319796954311,0.03012276059759319
29.5918,35.7143,164,0.00164,412,0.00412,0.14685314685314685,-0.05782214439679931,0.04568527918781738,-0.03323330896080079
29.5918,37.7551,203,0.00203,447,0.00447,0.4195804195804196,0.16623234565518136,0.13451776649746194,0.04889492935563594
29.5918,39.7959,156,0.00156,395,0.00395,0.09090909090909091,-0.10378203979207738,0.0025380710659899646,-0.07312416757164153
29.5918,41.8367,187,0.00187,413,0.00413,0.3076923076923077,0.07431255486462518,0.048223350253807126,-0.030886787866045547
29.5918,43.8776,184,0.00184,435,0.00435,0.2867132867132867,0.0570775940913959,0.10406091370558371,0.020736676218571812
29.5918,45.9184,203,0.00203,441,0.00441,0.4195804195804196,0.16623234565518136,0.11928934010152283,0.034815802787103875
29.5918,47.9592,138,0.00138,402,0.00402,-0.03496503496503497,-0.20719180443145307,0.020304568527918836,-0.05669851990835423
29.5918,50.0,216,0.00216,420,0.0042,0.5104895104895105,0.24091717567250823,0.06598984771573599,-0.014461140202758243
31.6327,-50.0,221,0.00221,422,0.00422,0.5454545454545454,0.26964211029455704,0.0710659898477157,-0.009768098013247555
31.6327,-47.9592,181,0.00181,429,0.00429,0.26573426573426573,0.03984263331816662,0.0888324873096448,0.006657549650039954
31.6327,-45.9184,186,0.00186,392,0.00392,0.3006993006993007,0.06856756794021543,-0.005076142131979709,-0.08016373085590767
31.6327,-43.8776,180,0.0018,408,0.00408,0.25874125874125875,0.03409764639375686,0.03553299492385796,-0.04261939333982216
31.6327,-41.8367,149,0.00149,447,0.00447,0.04195804195804196,-0.1439969482629457,0.13451776649746194,0.04889492935563594
31.6327,-39.7959,201,0.00201,448,0.00448,0.40559440559440557,0.15474237180636183,0.1370558375634517,0.051241450450391184
31.6327,-37.7551,183,0.00183,444,0.00444,0.27972027972027974,0.05133260716698614,0.1269035532994925,0.04185536607137001
31.6327,-35.7143,140,0.0014,426,0.00426,-0.02097902097902098,-0.19570183058263355,0.08121827411167512,-0.00038201363422617977
31.6327,-33.6735,164,0.00164,406,0.00406,0.14685314685314685,-0.05782214439679931,0.030456852791878253,-0.047312435529332855
31.6327,-31.6327,205,0.00205,430,0.0043,0.43356643356643354,0.17772231950400086,0.09137055837563454,0.009004070744795195
31.6327,-29.5918,209,0.00209,422,0.00422,0.46153846153846156,0.20070226720163992,0.0710659898477157,-0.009768098013247555
31.6327,-27.551,140,0.0014,437,0.00437,-0.02097902097902098,-0.19570183058263355,0.1091370558375634,0.0254297184080825
31.6327,-25.5102,156,0.00156,384,0.00384,0.09090909090909091,-0.10378203979207738,-0.025380710659898435,-0.09893589961395031
31.6327,-23.4694,201,0.00201,445,0.00445,0.40559440559440557,0.15474237180636183,0.12944162436548223,0.04420188716612525
31.6327,-21.4286,185,0.00185,417,0.00417,0.2937062937062937,0.06282258101580566,0.05837563451776654,-0.021500703487024174
31.6327,-19.3878,130,0.0013000000000000002,389,0.00389,-0.09090909090909091,-0.25315169982673114,-0.012690355329949271,-0.08720329414017369
31.6327,-17.3469,138,0.00138,403,0.00403,-0.03496503496503497,-0.20719180443145307,0.02284263959390858,-0.054351998813598985
31.6327,-15.3061,132,0.00132,399,0.0039900000000000005,-0.07692307692307693,-0.24166172597791163,0.012690355329949382,-0.06373808319262016
31.6327,-13.2653,179,0.00179,451,0.00451,0.2517482517482518,0.0283526594693471,0.14467005076142136,0.058281013734657314
31.6327,-11.2245,167,0.00167,418,0.00418,0.16783216783216784,-0.04058718362357002,0.060913705583756285,-0.01915418239226893
31.6327,-9.18367,203,0.00203,428,0.00428,0.4195804195804196,0.16623234565518136,0.08629441624365483,0.004311028555284508
31.6327,-7.14286,194,0.00194,412,0.00412,0.35664335664335667,0.1145274633354935,0.04568527918781738,-0.03323330896080079
31.6327,-5.10204,176,0.0017599999999999998,415,0.00415,0.23076923076923078,0.01111769869611782,0.05329949238578683,-0.02619374567653486
31.6327,-3.06122,177,0.00177,389,0.0038900000000000002,0.23776223776223776,0.01686268562052758,-0.012690355329949162,-0.0872032941401736
31.6327,-1.02041,133,0.00133,367,0.00367,-0.06993006993006994,-0.23591673905350188,-0.06852791878172584,-0.13882675822479107
31.6327,1.02041,160,0.0016,418,0.0041800000000000006,0.11888111888111888,-0.08080209209443835,0.06091370558375651,-0.019154182392268727
31.6327,3.06122,175,0.00175,439,0.00439,0.22377622377622378,0.005372711771708059,0.11421319796954311,0.03012276059759319
31.6327,5.10204,165,0.00165,408,0.00408,0.15384615384615385,-0.05207715747238954,0.03553299492385796,-0.04261939333982216
31.6327,7.14286,171,0.00171,447,0.00447,0.1958041958041958,-0.017607235925930984,0.13451776649746194,0.04889492935563594
31.6327,9.18367,162,0.00162,406,0.00406,0.13286713286713286,-0.06931211824561882,0.030456852791878253,-0.047312435529332855
31.6327,11.2245,178,0.00178,455,0.00455,0.24475524475524477,0.02260767254493734,0.1548223350253808,0.06766709811367869
31.6327,13.2653,174,0.00174,392,0.00392,0.21678321678321677,-0.00037227515270170126,-0.005076142131979709,-0.08016373085590767
31.6327,15.3061,169,0.00169,423,0.00423,0.18181818181818182,-0.029097209774750502,0.07360406091370567,-0.00742157691849211
31.6327,17.3469,181,0.00181,417,0.00417,0.26573426573426573,0.03984263331816662,0.05837563451776654,-0.021500703487024174
31.6327,19.3878,164,0.00164,445,0.00445,0.14685314685314685,-0.05782214439679931,0.12944162436548223,0.04420188716612525
31.6327,21.4286,140,0.0014,415,0.00415,-0.02097902097902098,-0.19570183058263355,0.05329949238578683,-0.02619374567653486
31.6327,23.4694,203,0.00203,430,0.0043,0.4195804195804196,0.16623234565518136,0.09137055837563454,0.009004070744795195
31.6327,25.5102,214,0.00214,441,0.00441,0.4965034965034965,0.22942720182368873,0.11928934010152283,0.034815802787103875
31.6327,27.551,168,0.00168,384,0.00384,0.17482517482517482,-0.03484219669916026,-0.025380710659898435,-0.09893589961395031
31.6327,29.5918,190,0.0019,447,0.00447,0.32867132867132864,0.09154751563785446,0.13451776649746194,0.04889492935563594
31.6327,31.6327,153,0.0015300000000000001,423,0.00423,0.06993006993006994,-0.12101700056530666,0.07360406091370567,-0.00742157691849211
31.6327,33.6735,190,0.0018999999999999998,442,0.00442,0.32867132867132864,0.09154751563785446,0.12182741116751279,0.03716232388185932
31.6327,35.7143,199,0.00199,403,0.00403,0.3916083916083916,0.1432523979575423,0.02284263959390858,-0.054351998813598985
31.6327,37.7551,209,0.00209,428,0.00428,0.46153846153846156,0.20070226720163992,0.08629441624365483,0.004311028555284508
31.6327,39.7959,180,0.0018000000000000002,433,0.0043300000000000005,0.25874125874125875,0.03409764639375686,0.09898477157360422,0.016043634029061327
31.6327,41.8367,142,0.00142,385,0.00385,-0.006993006993006993,-0.18421185673381404,-0.02284263959390858,-0.09658937851919497
31.6327,43.8776,183,0.00183,448,0.00448,0.27972027972027974,0.05133260716698614,0.1370558375634517,0.051241450450391184
31.6327,45.9184,150,0.0015,389,0.00389,0.04895104895104895,-0.13825196133853596,-0.012690355329949271,-0.08720329414017369
31.6327,47.9592,151,0.00151,406,0.00406,0.055944055944055944,-0.13250697441412618,0.030456852791878253,-0.047312435529332855
31.6327,50.0,194,0.00194,426,0.00426,0.35664335664335667,0.1145274633354935,0.08121827411167512,-0.00038201363422617977
33.6735,-50.0,153,0.0015300000000000001,397,0.0039700000000000004,0.06993006993006994,-0.12101700056530666,0.0076142131979696735,-0.06843112538213085
33.6735,-47.9592,142,0.00142,423,0.00423,-0.006993006993006993,-0.18421185673381404,0.07360406091370567,-0.00742157691849211
33.6735,-45.9184,186,0.0018599999999999999,419,0.00419,0.3006993006993007,0.06856756794021543,0.06345177664974624,-0.016807661297513484
33.6735,-43.8776,177,0.00177,421,0.00421,0.23776223776223776,0.01686268562052758,0.06852791878172595,-0.012114619108002798
33.6735,-41.8367,205,0.00205,436,0.00436,0.43356643356643354,0.17772231950400086,0.10659898477157366,0.02308319731332726
33.6735,-39.7959,193,0.0019299999999999999,441,0.00441,0.34965034965034963,0.10878247641108374,0.11928934010152283,0.034815802787103875
33.6735,-37.7551,162,0.0016200000000000001,425,0.00425,0.13286713286713286,-0.06931211824561882,0.07868020304568538,-0.002728534728981422
33.6735,-35.7143,124,0.00124,388,0.0038799999999999998,-0.13286713286713286,-0.2876216213731897,-0.015228426395939127,-0.08954981523492904
33.6735,-33.6735,138,0.0013800000000000002,395,0.00395,-0.03496503496503497,-0.20719180443145307,0.0025380710659899646,-0.07312416757164153
33.6735,-31.6327,155,0.00155,415,0.00415,0.08391608391608392,-0.10952702671648715,0.05329949238578683,-0.02619374567653486
33.6735,-29.5918,163,0.00163,463,0.0046300000000000004,0.13986013986013987,-0.06356713132120906,0.17512690355329963,0.08643926687172145
33.6735,-27.551,223,0.00223,426,0.00426,0.5594405594405595,0.28113208414337654,0.08121827411167512,-0.00038201363422617977
33.6735,-25.5102,176,0.00176,430,0.0043,0.23076923076923078,0.01111769869611782,0.09137055837563454,0.009004070744795195
33.6735,-23.4694,188,0.00188,461,0.00461,0.3146853146853147,0.08005754178903494,0.17005076142131992,0.08174622468221075
33.6735,-21.4286,164,0.00164,426,0.00426,0.14685314685314685,-0.05782214439679931,0.08121827411167512,-0.00038201363422617977
33.6735,-19.3878,203,0.00203,463,0.0046300000000000004,0.4195804195804196,0.16623234565518136,0.17512690355329963,0.08643926687172145
33.6735,-17.3469,215,0.00215,434,0.00434,0.5034965034965035,0.23517218874809848,0.10152284263959396,0.01839015512381657
33.6735,-15.3061,165,0.00165,393,0.0039299999999999995,0.15384615384615385,-0.05207715747238954,-0.0025380710659899646,-0.07781720976115242
33.6735,-13.2653,206,0.00206,460,0.0046,0.4405594405594406,0.18346730642841064,0.16751269035532995,0.07939970358745531
33.6735,-11.2245,189,0.00189,425,0.00425,0.32167832167832167,0.08580252871344471,0.07868020304568538,-0.002728534728981422
33.6735,-9.18367,194,0.0019399999999999999,440,0.0044,0.35664335664335667,0.1145274633354935,0.11675126903553308,0.03246928169234863
33.6735,-7.14286,230,0.0023,434,0.00434,0.6083916083916084,0.3213469926142449,0.10152284263959396,0.01839015512381657
33.6735,-5.10204,173,0.00173,380,0.0038,0.2097902097902098,-0.006117262077111461,-0.03553299492385785,-0.10832198399297169
33.6735,-3.06122,175,0.00175,434,0.00434,0.22377622377622378,0.005372711771708059,0.10152284263959396,0.01839015512381657
33.6735,-1.02041,188,0.0018800000000000002,400,0.004,0.3146853146853147,0.08005754178903494,0.015228426395939127,-0.061391562097864914
33.6735,1.02041,205,0.00205,446,0.00446,0.43356643356643354,0.17772231950400086,0.1319796954314722,0.0465484082608807
33.6735,3.06122,172,0.0017200000000000002,419,0.00419,0.20279720279720279,-0.011862249001521222,0.06345177664974624,-0.016807661297513484
33.6735,5.10204,149,0.00149,455,0.00455,0.04195804195804196,-0.1439969482629457,0.1548223350253808,0.06766709811367869
33.6735,7.14286,159,0.00159,426,0.00426,0.11188811188811189,-0.0865470790188481,0.08121827411167512,-0.00038201363422617977
33.6735,9.18367,172,0.00172,454,0.00454,0.20279720279720279,-0.011862249001521222,0.15228426395939082,0.06532057701892324
33.6735,11.2245,161,0.0016099999999999999,408,0.00408,0.1258741258741259,-0.07505710517002859,0.03553299492385796,-0.04261939333982216
33.6735,13.2653,194,0.0019399999999999999,467,0.0046700000000000005,0.35664335664335667,0.1145274633354935,0.18527918781725905,0.09582535125074282
33.6735,15.3061,200,0.002,389,0.0038900000000000002,0.3986013986013986,0.14899738488195208,-0.012690355329949162,-0.0872032941401736
33.6735,17.3469,127,0.00127,384,0.00384,-0.11188811188811189,-0.2703866605999604,-0.025380710659898435,-0.09893589961395031
33.6735,19.3878,186,0.00186,373,0.00373,0.3006993006993007,0.06856756794021543,-0.05329949238578683,-0.1247476316562591
33.6735,21.4286,133,0.00133,366,0.00366,-0.06993006993006994,-0.23591673905350188,-0.0710659898477157,-0.1411732793195464
33.6735,23.4694,185,0.00185,406,0.00406,0.2937062937062937,0.06282258101580566,0.030456852791878253,-0.047312435529332855
33.6735,25.5102,148,0.00148,396,0.00396,0.03496503496503497,-0.14974193518735546,0.005076142131979709,-0.0707776464768863
33.6735,27.551,208,0.00208,395,0.00395,0.45454545454545453,0.19495728027723014,0.0025380710659899646,-0.07312416757164153
33.6735,29.5918,192,0.00192,412,0.00412,0.34265734265734266,0.10303748948667399,0.04568527918781738,-0.03323330896080079
33.6735,31.6327,149,0.00149,458,0.00458,0.04195804195804196,-0.1439969482629457,0.16243654822335024,0.07470666139794462
33.6735,33.6735,145,0.00145,410,0.0041,0.013986013986013986,-0.16697689596058476,0.04060913705583767,-0.037926351150311476
33.6735,35.7143,150,0.0015,418,0.00418,0.04895104895104895,-0.13825196133853596,0.060913705583756285,-0.01915418239226893
33.6735,37.7551,160,0.0015999999999999999,391,0.00391,0.11888111888111888,-0.08080209209443835,-0.007614213197969453,-0.0825102519506629
33.6735,39.7959,122,0.00122,418,0.00418,-0.14685314685314685,-0.29911159522200925,0.060913705583756285,-0.01915418239226893
33.6735,41.8367,128,0.00128,400,0.004,-0.1048951048951049,-0.2646416736755507,0.015228426395939127,-0.061391562097864914
33.6735,43.8776,196,0.00196,412,0.00412,0.3706293706293706,0.12601743718431302,0.04568527918781738,-0.03323330896080079
33.6735,45.9184,153,0.00153,406,0.00406,0.06993006993006994,-0.12101700056530666,0.030456852791878253,-0.047312435529332855
33.6735,47.9592,186,0.00186,434,0.00434,0.3006993006993007,0.06856756794021543,0.10152284263959396,0.01839015512381657
33.6735,50.0,181,0.00181,429,0.00429,0.26573426573426573,0.03984263331816662,0.0888324873096448,0.006657549650039954
35.7143,-50.0,177,0.00177,446,0.00446,0.23776223776223776,0.01686268562052758,0.1319796954314722,0.0465484082608807
35.7143,-47.9592,204,0.00204,448,0.00448,0.42657342657342656,0.1719773325795911,0.1370558375634517,0.051241450450391184
35.7143,-45.9184,201,0.00201,453,0.00453,0.40559440559440557,0.15474237180636183,0.14974619289340108,0.06297405592416801
35.7143,-43.8776,217,0.00217,454,0.00454,0.5174825174825175,0.246662162596918,0.15228426395939082,0.06532057701892324
35.7143,-41.8367,214,0.00214,451,0.00451,0.4965034965034965,0.22942720182368873,0.14467005076142136,0.058281013734657314
35.7143,-39.7959,198,0.00198,448,0.00448,0.38461538461538464,0.13750741103313255,0.1370558375634517,0.051241450450391184
35.7143,-37.7551,177,0.0017699999999999999,385,0.00385,0.23776223776223776,0.01686268562052758,-0.02284263959390858,-0.09658937851919497
35.7143,-35.7143,122,0.00122,386,0.00386,-0.14685314685314685,-0.29911159522200925,-0.020304568527918725,-0.09424285742443962
35.7143,-33.6735,170,0.0017000000000000001,431,0.0043100000000000005,0.1888111888111888,-0.02335222285034074,0.09390862944162451,0.011350591839550641
35.7143,-31.6327,166,0.00166,426,0.00426,0.16083916083916083,-0.046332170547979785,0.08121827411167512,-0.00038201363422617977
35.7143,-29.5918,134,0.00134,404,0.00404,-0.06293706293706294,-0.2301717521290921,0.025380710659898543,-0.05200547771884354
35.7143,-27.551,153,0.0015300000000000001,444,0.00444,0.06993006993006994,-0.12101700056530666,0.1269035532994925,0.04185536607137001
35.7143,-25.5102,179,0.00179,405,0.00405,0.2517482517482518,0.0283526594693471,0.027918781725888287,-0.0496589566240883
35.7143,-23.4694,186,0.0018599999999999999,435,0.00435,0.3006993006993007,0.06856756794021543,0.10406091370558371,0.020736676218571812
35.7143,-21.4286,183,0.00183,415,0.00415,0.27972027972027974,0.05133260716698614,0.05329949238578683,-0.02619374567653486
35.7143,-19.3878,170,0.0017000000000000001,436,0.00436,0.1888111888111888,-0.02335222285034074,0.10659898477157366,0.02308319731332726
35.7143,-17.3469,185,0.00185,411,0.00411,0.2937062937062937,0.06282258101580566,0.043147208121827416,-0.03557983005555623
35.7143,-15.3061,190,0.0019,423,0.00423,0.32867132867132864,0.09154751563785446,0.07360406091370567,-0.00742157691849211
35.7143,-13.2653,163,0.00163,448,0.00448,0.13986013986013987,-0.06356713132120906,0.1370558375634517,0.051241450450391184
35.7143,-11.2245,175,0.00175,393,0.00393,0.22377622377622378,0.005372711771708059,-0.0025380710659897443,-0.07781720976115222
35.7143,-9.18367,184,0.00184,434,0.00434,0.2867132867132867,0.0570775940913959,0.10152284263959396,0.01839015512381657
35.7143,-7.14286,219,0.00219,412,0.00412,0.5314685314685315,0.25815213644573753,0.04568527918781738,-0.03323330896080079
35.7143,-5.10204,208,0.0020800000000000003,454,0.00454,0.45454545454545453,0.19495728027723014,0.15228426395939082,0.06532057701892324
35.7143,-3.06122,153,0.00153,409,0.00409,0.06993006993006994,-0.12101700056530666,0.038071065989847705,-0.040272872245066926
35.7143,-1.02041,188,0.0018800000000000002,419,0.00419,0.3146853146853147,0.08005754178903494,0.06345177664974624,-0.016807661297513484
35.7143,1.02041,226,0.00226,424,0.00424,0.5804195804195804,0.2983670449166058,0.07614213197969541,-0.005075055823736867
35.7143,3.06122,173,0.00173,425,0.00425,0.2097902097902098,-0.006117262077111461,0.07868020304568538,-0.002728534728981422
35.7143,5.10204,170,0.0017000000000000001,410,0.0041,0.1888111888111888,-0.02335222285034074,0.04060913705583767,-0.037926351150311476
35.7143,7.14286,157,0.00157,395,0.00395,0.0979020979020979,-0.09803705286766763,0.0025380710659899646,-0.07312416757164153
35.7143,9.18367,179,0.00179,463,0.0046300000000000004,0.2517482517482518,0.0283526594693471,0.17512690355329963,0.08643926687172145
35.7143,11.2245,199,0.00199,497,0.0049700000000000005,0.3916083916083916,0.1432523979575423,0.26142131979695443,0.1662209840934029
35.7143,13.2653,181,0.00181,422,0.00422,0.26573426573426573,0.03984263331816662,0.0710659898477157,-0.009768098013247555
35.7143,15.3061,149,0.00149,420,0.0042,0.04195804195804196,-0.1439969482629457,0.06598984771573599,-0.014461140202758243
35.7143,17.3469,176,0.00176,394,0.00394,0.23076923076923078,0.01111769869611782,0.0,-0.07547068866639697
35.7143,19.3878,197,0.00197,432,0.00432,0.3776223776223776,0.1317624241087228,0.09644670050761425,0.013697112934305884
35.7143,21.4286,186,0.00186,420,0.004200000000000001,0.3006993006993007,0.06856756794021543,0.06598984771573621,-0.014461140202758039
35.7143,23.4694,144,0.00144,433,0.0043300000000000005,0.006993006993006993,-0.17272188288499452,0.09898477157360422,0.016043634029061327
35.7143,25.5102,169,0.00169,419,0.00419,0.18181818181818182,-0.029097209774750502,0.06345177664974624,-0.016807661297513484
35.7143,27.551,220,0.0022,458,0.00458,0.5384615384615384,0.26389712337014726,0.16243654822335024,0.07470666139794462
35.7143,29.5918,163,0.00163,440,0.0044,0.13986013986013987,-0.06356713132120906,0.11675126903553308,0.03246928169234863
35.7143,31.6327,170,0.0017000000000000001,386,0.0038599999999999997,0.1888111888111888,-0.02335222285034074,-0.020304568527918836,-0.09424285742443973
35.7143,33.6735,139,0.00139,397,0.00397,-0.027972027972027972,-0.20144681750704332,0.007614213197969453,-0.06843112538213104
35.7143,35.7143,138,0.00138,388,0.00388,-0.03496503496503497,-0.20719180443145307,-0.015228426395939016,-0.08954981523492894
35.7143,37.7551,161,0.0016099999999999999,451,0.00451,0.1258741258741259,-0.07505710517002859,0.14467005076142136,0.058281013734657314
35.7143,39.7959,154,0.0015400000000000001,413,0.00413,0.07692307692307693,-0.11527201364089691,0.048223350253807126,-0.030886787866045547
35.7143,41.8367,188,0.00188,411,0.00411,0.3146853146853147,0.08005754178903494,0.043147208121827416,-0.03557983005555623
35.7143,43.8776,196,0.00196,423,0.00423,0.3706293706293706,0.12601743718431302,0.07360406091370567,-0.00742157691849211
35.7143,45.9184,185,0.00185,406,0.00406,0.2937062937062937,0.06282258101580566,0.030456852791878253,-0.047312435529332855
35.7143,47.9592,169,0.00169,405,0.00405,0.18181818181818182,-0.029097209774750502,0.027918781725888287,-0.0496589566240883
35.7143,50.0,153,0.00153,402,0.00402,0.06993006993006994,-0.12101700056530666,0.020304568527918836,-0.05669851990835423
37.7551,-50.0,161,0.0016099999999999999,442,0.00442,0.1258741258741259,-0.07505710517002859,0.12182741116751279,0.03716232388185932
37.7551,-47.9592,185,0.00185,429,0.0042899999999999995,0.2937062937062937,0.06282258101580566,0.08883248730964458,0.00665754965003975
37.7551,-45.9184,162,0.00162,436,0.00436,0.13286713286713286,-0.06931211824561882,0.10659898477157366,0.02308319731332726
37.7551,-43.8776,146,0.00146,417,0.00417,0.02097902097902098,-0.161231909036175,0.05837563451776654,-0.021500703487024174
37.7551,-41.8367,172,0.00172,399,0.00399,0.20279720279720279,-0.011862249001521222,0.012690355329949162,-0.06373808319262037
37.7551,-39.7959,176,0.00176,416,0.00416,0.23076923076923078,0.01111769869611782,0.055837563451776574,-0.023847224581779618
37.7551,-37.7551,193,0.00193,420,0.0042,0.34965034965034963,0.10878247641108374,0.06598984771573599,-0.014461140202758243
37.7551,-35.7143,154,0.0015400000000000001,406,0.00406,0.07692307692307693,-0.11527201364089691,0.030456852791878253,-0.047312435529332855
37.7551,-33.6735,163,0.00163,418,0.00418,0.13986013986013987,-0.06356713132120906,0.060913705583756285,-0.01915418239226893
37.7551,-31.6327,148,0.00148,415,0.00415,0.03496503496503497,-0.14974193518735546,0.05329949238578683,-0.02619374567653486
37.7551,-29.5918,152,0.00152,416,0.00416,0.06293706293706294,-0.12676198748971643,0.055837563451776574,-0.023847224581779618
37.7551,-27.551,182,0.00182,430,0.0043,0.2727272727272727,0.045587620242576385,0.09137055837563454,0.009004070744795195
37.7551,-25.5102,219,0.00219,441,0.00441,0.5314685314685315,0.25815213644573753,0.11928934010152283,0.034815802787103875
37.7551,-23.4694,154,0.0015400000000000001,388,0.00388,0.07692307692307693,-0.11527201364089691,-0.015228426395939016,-0.08954981523492894
37.7551,-21.4286,190,0.0019,417,0.00417,0.32867132867132864,0.09154751563785446,0.05837563451776654,-0.021500703487024174
37.7551,-19.3878,178,0.00178,450,0.0045,0.24475524475524477,0.02260767254493734,0.1421319796954314,0.05593449263990187
37.7551,-17.3469,191,0.00191,461,0.00461,0.3356643356643357,0.09729250256226422,0.17005076142131992,0.08174622468221075
37.7551,-15.3061,176,0.0017599999999999998,401,0.00401,0.23076923076923078,0.01111769869611782,0.01776649746192887,-0.05904504100310967
37.7551,-13.2653,221,0.00221,442,0.00442,0.5454545454545454,0.26964211029455704,0.12182741116751279,0.03716232388185932
37.7551,-11.2245,162,0.00162,419,0.00419,0.13286713286713286,-0.06931211824561882,0.06345177664974624,-0.016807661297513484
37.7551,-9.18367,146,0.00146,363,0.00363,0.02097902097902098,-0.161231909036175,-0.07868020304568527,-0.14821284260381243
37.7551,-7.14286,191,0.00191,458,0.00458,0.3356643356643357,0.09729250256226422,0.16243654822335024,0.07470666139794462
37.7551,-5.10204,147,0.00147,408,0.00408,0.027972027972027972,-0.15548692211176524,0.03553299492385796,-0.04261939333982216
37.7551,-3.06122,153,0.0015300000000000001,390,0.0039000000000000003,0.06993006993006994,-0.12101700056530666,-0.010152284263959307,-0.08485677304541825
37.7551,-1.02041,197,0.00197,434,0.00434,0.3776223776223776,0.1317624241087228,0.10152284263959396,0.01839015512381657
37.7551,1.02041,153,0.0015300000000000001,412,0.00412,0.06993006993006994,-0.12101700056530666,0.04568527918781738,-0.03323330896080079
37.7551,3.06122,147,0.00147,430,0.0043,0.027972027972027972,-0.15548692211176524,0.09137055837563454,0.009004070744795195
37.7551,5.10204,156,0.00156,418,0.00418,0.09090909090909091,-0.10378203979207738,0.060913705583756285,-0.01915418239226893
37.7551,7.14286,156,0.00156,429,0.00429,0.09090909090909091,-0.10378203979207738,0.0888324873096448,0.006657549650039954
37.7551,9.18367,232,0.00232,463,0.00463,0.6223776223776224,0.3328369664630644,0.1751269035532994,0.08643926687172124
37.7551,11.2245,176,0.0017599999999999998,439,0.00439,0.23076923076923078,0.01111769869611782,0.11421319796954311,0.03012276059759319
37.7551,13.2653,155,0.00155,405,0.00405,0.08391608391608392,-0.10952702671648715,0.027918781725888287,-0.0496589566240883
37.7551,15.3061,131,0.00131,375,0.00375,-0.08391608391608392,-0.24740671290232139,-0.048223350253807126,-0.12005458946674841
37.7551,17.3469,155,0.00155,422,0.00422,0.08391608391608392,-0.10952702671648715,0.0710659898477157,-0.009768098013247555
37.7551,19.3878,164,0.00164,429,0.00429,0.14685314685314685,-0.05782214439679931,0.0888324873096448,0.006657549650039954
37.7551,21.4286,178,0.0017800000000000001,423,0.00423,0.24475524475524477,0.02260767254493734,0.07360406091370567,-0.00742157691849211
37.7551,23.4694,200,0.002,433,0.0043300000000000005,0.3986013986013986,0.14899738488195208,0.09898477157360422,0.016043634029061327
37.7551,25.5102,175,0.00175,414,0.0041400000000000005,0.22377622377622378,0.005372711771708059,0.050761421319797086,-0.028540266771290103
37.7551,27.551,203,0.00203,452,0.00452,0.4195804195804196,0.16623234565518136,0.1472081218274111,0.060627534829412556
37.7551,29.5918,185,0.00185,445,0.00445,0.2937062937062937,0.06282258101580566,0.12944162436548223,0.04420188716612525
37.7551,31.6327,204,0.00204,436,0.00436,0.42657342657342656,0.1719773325795911,0.10659898477157366,0.02308319731332726
37.7551,33.6735,166,0.00166,415,0.00415,0.16083916083916083,-0.046332170547979785,0.05329949238578683,-0.02619374567653486
37.7551,35.7143,152,0.00152,390,0.0039,0.06293706293706294,-0.12676198748971643,-0.010152284263959418,-0.08485677304541836
37.7551,37.7551,189,0.00189,454,0.00454,0.32167832167832167,0.08580252871344471,0.15228426395939082,0.06532057701892324
37.7551,39.7959,182,0.00182,415,0.00415,0.2727272727272727,0.045587620242576385,0.05329949238578683,-0.02619374567653486
37.7551,41.8367,215,0.00215,432,0.00432,0.5034965034965035,0.23517218874809848,0.09644670050761425,0.013697112934305884
37.7551,43.8776,212,0.00212,439,0.00439,0.4825174825174825,0.2179372279748692,0.11421319796954311,0.03012276059759319
37.7551,45.9184,140,0.0014,371,0.0037099999999999998,-0.02097902097902098,-0.19570183058263355,-0.05837563451776654,-0.1294406738457698
37.7551,47.9592,181,0.00181,434,0.00434,0.26573426573426573,0.03984263331816662,0.10152284263959396,0.01839015512381657
37.7551,50.0,159,0.00159,402,0.00402,0.11188811188811189,-0.0865470790188481,0.020304568527918836,-0.05669851990835423
39.7959,-50.0,172,0.0017200000000000002,397,0.0039700000000000004,0.20279720279720279,-0.011862249001521222,0.0076142131979696735,-0.06843112538213085
39.7959,-47.9592,181,0.00181,453,0.00453,0.26573426573426573,0.03984263331816662,0.14974619289340108,0.06297405592416801
39.7959,-45.9184,165,0.00165,463,0.0046300000000000004,0.15384615384615385,-0.05207715747238954,0.17512690355329963,0.08643926687172145
39.7959,-43.8776,167,0.00167,428,0.00428,0.16783216783216784,-0.04058718362357002,0.08629441624365483,0.004311028555284508
39.7959,-41.8367,182,0.00182,440,0.0044,0.2727272727272727,0.045587620242576385,0.11675126903553308,0.03246928169234863
39.7959,-39.7959,141,0.00141,414,0.00414,-0.013986013986013986,-0.1899568436582238,0.05076142131979687,-0.028540266771290304
39.7959,-37.7551,208,0.00208,451,0.00451,0.45454545454545453,0.19495728027723014,0.14467005076142136,0.058281013734657314
39.7959,-35.7143,196,0.00196,378,0.00378,0.3706293706293706,0.12601743718431302,-0.04060913705583756,-0.11301502618248238
39.7959,-33.6735,136,0.00136,405,0.00405,-0.04895104895104895,-0.2186817782802726,0.027918781725888287,-0.0496589566240883
39.7959,-31.6327,182,0.00182,380,0.0038,0.2727272727272727,0.045587620242576385,-0.03553299492385785,-0.10832198399297169
39.7959,-29.5918,147,0.00147,351,0.00351,0.027972027972027972,-0.15548692211176524,-0.1091370558375634,-0.17637109574087645
39.7959,-27.551,191,0.00191,416,0.0041600000000000005,0.3356643356643357,0.09729250256226422,0.055837563451776796,-0.023847224581779413
39.7959,-25.5102,179,0.00179,421,0.00421,0.2517482517482518,0.0283526594693471,0.06852791878172595,-0.012114619108002798
39.7959,-23.4694,200,0.002,388,0.0038799999999999998,0.3986013986013986,0.14899738488195208,-0.015228426395939127,-0.08954981523492904
39.7959,-21.4286,169,0.00169,428,0.00428,0.18181818181818182,-0.029097209774750502,0.08629441624365483,0.004311028555284508
39.7959,-19.3878,168,0.00168,463,0.00463,0.17482517482517482,-0.03484219669916026,0.1751269035532994,0.08643926687172124
39.7959,-17.3469,162,0.00162,430,0.0043,0.13286713286713286,-0.06931211824561882,0.09137055837563454,0.009004070744795195
39.7959,-15.3061,167,0.00167,424,0.00424,0.16783216783216784,-0.04058718362357002,0.07614213197969541,-0.005075055823736867
39.7959,-13.2653,140,0.0014,378,0.00378,-0.02097902097902098,-0.19570183058263355,-0.04060913705583756,-0.11301502618248238
39.7959,-11.2245,141,0.00141,398,0.00398,-0.013986013986013986,-0.1899568436582238,0.010152284263959418,-0.0660846042873756
39.7959,-9.18367,159,0.00159,414,0.00414,0.11188811188811189,-0.0865470790188481,0.05076142131979687,-0.028540266771290304
39.7959,-7.14286,186,0.0018599999999999999,415,0.00415,0.3006993006993007,0.06856756794021543,0.05329949238578683,-0.02619374567653486
39.7959,-5.10204,172,0.00172,443,0.00443,0.20279720279720279,-0.011862249001521222,0.12436548223350254,0.03950884497661456
39.7959,-3.06122,184,0.00184,414,0.00414,0.2867132867132867,0.0570775940913959,0.05076142131979687,-0.028540266771290304
39.7959,-1.02041,163,0.00163,393,0.0039299999999999995,0.13986013986013987,-0.06356713132120906,-0.0025380710659899646,-0.07781720976115242
39.7959,1.02041,184,0.00184,450,0.0045000000000000005,0.2867132867132867,0.0570775940913959,0.14213197969543162,0.05593449263990207
39.7959,3.06122,218,0.00218,447,0.00447,0.5244755244755245,0.25240714952132776,0.13451776649746194,0.04889492935563594
39.7959,5.10204,231,0.00231,456,0.00456,0.6153846153846154,0.32709197953865465,0.15736040609137053,0.07001361920843394
39.7959,7.14286,207,0.00207,463,0.0046300000000000004,0.44755244755244755,0.1892122933528204,0.17512690355329963,0.08643926687172145
39.7959,9.18367,201,0.00201,422,0.00422,0.40559440559440557,0.15474237180636183,0.0710659898477157,-0.009768098013247555
39.7959,11.2245,205,0.0020499999999999997,467,0.00467,0.43356643356643354,0.17772231950400086,0.18527918781725883,0.09582535125074261
39.7959,13.2653,197,0.00197,425,0.00425,0.3776223776223776,0.1317624241087228,0.07868020304568538,-0.002728534728981422
39.7959,15.3061,129,0.0012900000000000001,390,0.0039,-0.0979020979020979,-0.2588966867511409,-0.010152284263959418,-0.08485677304541836
39.7959,17.3469,171,0.00171,425,0.00425,0.1958041958041958,-0.017607235925930984,0.07868020304568538,-0.002728534728981422
39.7959,19.3878,167,0.00167,426,0.00426,0.16783216783216784,-0.04058718362357002,0.08121827411167512,-0.00038201363422617977
39.7959,21.4286,126,0.00126,402,0.00402,-0.11888111888111888,-0.2761316475243702,0.020304568527918836,-0.05669851990835423
39.7959,23.4694,166,0.00166,445,0.00445,0.16083916083916083,-0.046332170547979785,0.12944162436548223,0.04420188716612525
39.7959,25.5102,179,0.00179,407,0.00407,0.2517482517482518,0.0283526594693471,0.032994923857867994,-0.04496591443457761
39.7959,27.551,162,0.0016200000000000001,410,0.0041,0.13286713286713286,-0.06931211824561882,0.04060913705583767,-0.037926351150311476
39.7959,29.5918,200,0.002,432,0.00432,0.3986013986013986,0.14899738488195208,0.09644670050761425,0.013697112934305884
39.7959,31.6327,164,0.00164,420,0.0042,0.14685314685314685,-0.05782214439679931,0.06598984771573599,-0.014461140202758243
39.7959,33.6735,175,0.00175,407,0.00407,0.22377622377622378,0.005372711771708059,0.032994923857867994,-0.04496591443457761
39.7959,35.7143,189,0.00189,413,0.00413,0.32167832167832167,0.08580252871344471,0.048223350253807126,-0.030886787866045547
39.7959,37.7551,183,0.00183,435,0.00435,0.27972027972027974,0.05133260716698614,0.10406091370558371,0.020736676218571812
39.7959,39.7959,177,0.00177,420,0.0042,0.23776223776223776,0.01686268562052758,0.06598984771573599,-0.014461140202758243
39.7959,41.8367,165,0.00165,404,0.00404,0.15384615384615385,-0.05207715747238954,0.025380710659898543,-0.05200547771884354
39.7959,43.8776,191,0.00191,422,0.00422,0.3356643356643357,0.09729250256226422,0.0710659898477157,-0.009768098013247555
39.7959,45.9184,221,0.00221,459,0.00459,0.5454545454545454,0.26964211029455704,0.1649746192893402,0.07705318249270006
39.7959,47.9592,163,0.00163,429,0.00429,0.13986013986013987,-0.06356713132120906,0.0888324873096448,0.006657549650039954
39.7959,50.0,174,0.00174,417,0.00417,0.21678321678321677,-0.00037227515270170126,0.05837563451776654,-0.021500703487024174
41.8367,-50.0,212,0.00212,436,0.00436,0.4825174825174825,0.2179372279748692,0.10659898477157366,0.02308319731332726
41.8367,-47.9592,169,0.00169,443,0.00443,0.18181818181818182,-0.029097209774750502,0.12436548223350254,0.03950884497661456
41.8367,-45.9184,191,0.00191,391,0.00391,0.3356643356643357,0.09729250256226422,-0.007614213197969453,-0.0825102519506629
41.8367,-43.8776,161,0.0016099999999999999,397,0.00397,0.1258741258741259,-0.07505710517002859,0.007614213197969453,-0.06843112538213104
41.8367,-41.8367,156,0.00156,437,0.00437,0.09090909090909091,-0.10378203979207738,0.1091370558375634,0.0254297184080825
41.8367,-39.7959,195,0.00195,451,0.00451,0.36363636363636365,0.12027245025990327,0.14467005076142136,0.058281013734657314
41.8367,-37.7551,174,0.00174,421,0.00421,0.21678321678321677,-0.00037227515270170126,0.06852791878172595,-0.012114619108002798
41.8367,-35.7143,149,0.00149,450,0.0045000000000000005,0.04195804195804196,-0.1439969482629457,0.14213197969543162,0.05593449263990207
41.8367,-33.6735,199,0.00199,433,0.0043300000000000005,0.3916083916083916,0.1432523979575423,0.09898477157360422,0.016043634029061327
41.8367,-31.6327,203,0.00203,433,0.0043300000000000005,0.4195804195804196,0.16623234565518136,0.09898477157360422,0.016043634029061327
41.8367,-29.5918,214,0.00214,439,0.00439,0.4965034965034965,0.22942720182368873,0.11421319796954311,0.03012276059759319
41.8367,-27.551,148,0.00148,435,0.00435,0.03496503496503497,-0.14974193518735546,0.10406091370558371,0.020736676218571812
41.8367,-25.5102,160,0.0016,384,0.00384,0.11888111888111888,-0.08080209209443835,-0.025380710659898435,-0.09893589961395031
41.8367,-23.4694,209,0.00209,446,0.00446,0.46153846153846156,0.20070226720163992,0.1319796954314722,0.0465484082608807
41.8367,-21.4286,191,0.00191,431,0.0043100000000000005,0.3356643356643357,0.09729250256226422,0.09390862944162451,0.011350591839550641
41.8367,-19.3878,155,0.00155,392,0.00392,0.08391608391608392,-0.10952702671648715,-0.005076142131979709,-0.08016373085590767
41.8367,-17.3469,149,0.00149,396,0.00396,0.04195804195804196,-0.1439969482629457,0.005076142131979709,-0.0707776464768863
41.8367,-15.3061,131,0.00131,390,0.0039,-0.08391608391608392,-0.24740671290232139,-0.010152284263959418,-0.08485677304541836
41.8367,-13.2653,151,0.00151,449,0.00449,0.055944055944055944,-0.13250697441412618,0.13959390862944165,0.05358797154514663
41.8367,-11.2245,164,0.00164,420,0.0042,0.14685314685314685,-0.05782214439679931,0.06598984771573599,-0.014461140202758243
41.8367,-9.18367,187,0.00187,421,0.00421,0.3076923076923077,0.07431255486462518,0.06852791878172595,-0.012114619108002798
41.8367,-7.14286,210,0.0021,424,0.00424,0.46853146853146854,0.20644725412604967,0.07614213197969541,-0.005075055823736867
41.8367,-5.10204,172,0.00172,404,0.00404,0.20279720279720279,-0.011862249001521222,0.025380710659898543,-0.05200547771884354
41.8367,-3.06122,159,0.0015899999999999998,370,0.0037,0.11188811188811189,-0.0865470790188481,-0.060913705583756285,-0.13178719494052502
41.8367,-1.02041,156,0.00156,379,0.00379,0.09090909090909091,-0.10378203979207738,-0.038071065989847705,-0.11066850508772703
41.8367,1.02041,158,0.00158,433,0.00433,0.1048951048951049,-0.09229206594325787,0.098984771573604,0.016043634029061126
41.8367,3.06122,181,0.00181,449,0.00449,0.26573426573426573,0.03984263331816662,0.13959390862944165,0.05358797154514663
41.8367,5.10204,157,0.00157,416,0.00416,0.0979020979020979,-0.09803705286766763,0.055837563451776574,-0.023847224581779618
41.8367,7.14286,153,0.0015300000000000001,464,0.00464,0.06993006993006994,-0.12101700056530666,0.17766497461928937,0.08878578796647668
41.8367,9.18367,174,0.00174,420,0.0042,0.21678321678321677,-0.00037227515270170126,0.06598984771573599,-0.014461140202758243
41.8367,11.2245,172,0.00172,442,0.00442,0.20279720279720279,-0.011862249001521222,0.12182741116751279,0.03716232388185932
41.8367,13.2653,181,0.00181,392,0.00392,0.26573426573426573,0.03984263331816662,-0.005076142131979709,-0.08016373085590767
41.8367,15.3061,167,0.00167,420,0.0042,0.16783216783216784,-0.04058718362357002,0.06598984771573599,-0.014461140202758243
41.8367,17.3469,164,0.00164,403,0.00403,0.14685314685314685,-0.05782214439679931,0.02284263959390858,-0.054351998813598985
41.8367,19.3878,160,0.0015999999999999999,446,0.00446,0.11888111888111888,-0.08080209209443835,0.1319796954314722,0.0465484082608807
41.8367,21.4286,126,0.00126,405,0.00405,-0.11888111888111888,-0.2761316475243702,0.027918781725888287,-0.0496589566240883
41.8367,23.4694,200,0.002,426,0.00426,0.3986013986013986,0.14899738488195208,0.08121827411167512,-0.00038201363422617977
41.8367,25.5102,199,0.00199,432,0.00432,0.3916083916083916,0.1432523979575423,0.09644670050761425,0.013697112934305884
41.8367,27.551,149,0.00149,369,0.0036899999999999997,0.04195804195804196,-0.1439969482629457,-0.06345177664974624,-0.13413371603528046
41.8367,29.5918,187,0.0018700000000000001,448,0.0044800000000000005,0.3076923076923077,0.07431255486462518,0.1370558375634519,0.051241450450391385
41.8367,31.6327,186,0.00186,450,0.0045000000000000005,0.3006993006993007,0.06856756794021543,0.14213197969543162,0.05593449263990207
41.8367,33.6735,190,0.0019,449,0.00449,0.32867132867132864,0.09154751563785446,0.13959390862944165,0.05358797154514663
41.8367,35.7143,185,0.00185,407,0.00407,0.2937062937062937,0.06282258101580566,0.032994923857867994,-0.04496591443457761
41.8367,37.7551,206,0.0020599999999999998,425,0.00425,0.4405594405594406,0.18346730642841064,0.07868020304568538,-0.002728534728981422
41.8367,39.7959,147,0.00147,422,0.00422,0.027972027972027972,-0.15548692211176524,0.0710659898477157,-0.009768098013247555
41.8367,41.8367,159,0.00159,382,0.00382,0.11188811188811189,-0.0865470790188481,-0.030456852791878142,-0.10362894180346101
41.8367,43.8776,166,0.00166,453,0.00453,0.16083916083916083,-0.046332170547979785,0.14974619289340108,0.06297405592416801
41.8367,45.9184,149,0.00149,410,0.0041,0.04195804195804196,-0.1439969482629457,0.04060913705583767,-0.037926351150311476
41.8367,47.9592,157,0.00157,398,0.00398,0.0979020979020979,-0.09803705286766763,0.010152284263959418,-0.0660846042873756
41.8367,50.0,192,0.00192,440,0.0044,0.34265734265734266,0.10303748948667399,0.11675126903553308,0.03246928169234863
43.8776,-50.0,151,0.00151,410,0.0040999999999999995,0.055944055944055944,-0.13250697441412618,0.04060913705583745,-0.037926351150311684
43.8776,-47.9592,155,0.00155,417,0.00417,0.08391608391608392,-0.10952702671648715,0.05837563451776654,-0.021500703487024174
43.8776,-45.9184,184,0.00184,431,0.00431,0.2867132867132867,0.0570775940913959,0.09390862944162429,0.011350591839550438
43.8776,-43.8776,165,0.00165,409,0.00409,0.15384615384615385,-0.05207715747238954,0.038071065989847705,-0.040272872245066926
43.8776,-41.8367,209,0.00209,449,0.00449,0.46153846153846156,0.20070226720163992,0.13959390862944165,0.05358797154514663
43.8776,-39.7959,192,0.00192,425,0.00425,0.34265734265734266,0.10303748948667399,0.07868020304568538,-0.002728534728981422
43.8776,-37.7551,147,0.00147,422,0.00422,0.027972027972027972,-0.15548692211176524,0.0710659898477157,-0.009768098013247555
43.8776,-35.7143,128,0.0012799999999999999,383,0.00383,-0.1048951048951049,-0.2646416736755507,-0.027918781725888287,-0.10128242070870566
43.8776,-33.6735,139,0.0013900000000000002,391,0.00391,-0.027972027972027972,-0.20144681750704332,-0.007614213197969453,-0.0825102519506629
43.8776,-31.6327,160,0.0016,425,0.00425,0.11888111888111888,-0.08080209209443835,0.07868020304568538,-0.002728534728981422
43.8776,-29.5918,164,0.00164,454,0.00454,0.14685314685314685,-0.05782214439679931,0.15228426395939082,0.06532057701892324
43.8776,-27.551,226,0.00226,423,0.004229999999999999,0.5804195804195804,0.2983670449166058,0.07360406091370544,-0.007421576918492313
43.8776,-25.5102,182,0.00182,427,0.0042699999999999995,0.2727272727272727,0.045587620242576385,0.08375634517766486,0.0019645074605290623
43.8776,-23.4694,185,0.00185,431,0.0043100000000000005,0.2937062937062937,0.06282258101580566,0.09390862944162451,0.011350591839550641
43.8776,-21.4286,193,0.00193,453,0.00453,0.34965034965034963,0.10878247641108374,0.14974619289340108,0.06297405592416801
43.8776,-19.3878,214,0.00214,457,0.00457,0.4965034965034965,0.22942720182368873,0.1598984771573605,0.07236014030318938
43.8776,-17.3469,177,0.0017699999999999999,407,0.00407,0.23776223776223776,0.01686268562052758,0.032994923857867994,-0.04496591443457761
43.8776,-15.3061,151,0.00151,400,0.004,0.055944055944055944,-0.13250697441412618,0.015228426395939127,-0.061391562097864914
43.8776,-13.2653,187,0.0018700000000000001,463,0.0046300000000000004,0.3076923076923077,0.07431255486462518,0.17512690355329963,0.08643926687172145
43.8776,-11.2245,175,0.00175,426,0.00426,0.22377622377622378,0.005372711771708059,0.08121827411167512,-0.00038201363422617977
43.8776,-9.18367,207,0.00207,442,0.00442,0.44755244755244755,0.1892122933528204,0.12182741116751279,0.03716232388185932
43.8776,-7.14286,189,0.00189,403,0.00403,0.32167832167832167,0.08580252871344471,0.02284263959390858,-0.054351998813598985
43.8776,-5.10204,186,0.00186,377,0.00377,0.3006993006993007,0.06856756794021543,-0.043147208121827416,-0.11536154727723773
43.8776,-3.06122,173,0.0017299999999999998,437,0.00437,0.2097902097902098,-0.006117262077111461,0.1091370558375634,0.0254297184080825
43.8776,-1.02041,160,0.0016,402,0.00402,0.11888111888111888,-0.08080209209443835,0.020304568527918836,-0.05669851990835423
43.8776,1.02041,171,0.00171,428,0.00428,0.1958041958041958,-0.017607235925930984,0.08629441624365483,0.004311028555284508
43.8776,3.06122,169,0.00169,420,0.004200000000000001,0.18181818181818182,-0.029097209774750502,0.06598984771573621,-0.014461140202758039
43.8776,5.10204,148,0.00148,438,0.00438,0.03496503496503497,-0.14974193518735546,0.11167512690355337,0.027776239502837946
43.8776,7.14286,149,0.00149,436,0.00436,0.04195804195804196,-0.1439969482629457,0.10659898477157366,0.02308319731332726
43.8776,9.18367,187,0.00187,449,0.00449,0.3076923076923077,0.07431255486462518,0.13959390862944165,0.05358797154514663
43.8776,11.2245,149,0.00149,404,0.00404,0.04195804195804196,-0.1439969482629457,0.025380710659898543,-0.05200547771884354
43.8776,13.2653,207,0.0020700000000000002,471,0.00471,0.44755244755244755,0.1892122933528204,0.19543147208121825,0.10521143562976398
43.8776,15.3061,197,0.00197,402,0.00402,0.3776223776223776,0.1317624241087228,0.020304568527918836,-0.05669851990835423
43.8776,17.3469,138,0.0013800000000000002,406,0.00406,-0.03496503496503497,-0.20719180443145307,0.030456852791878253,-0.047312435529332855
43.8776,19.3878,188,0.00188,392,0.00392,0.3146853146853147,0.08005754178903494,-0.005076142131979709,-0.08016373085590767
43.8776,21.4286,131,0.00131,356,0.00356,-0.08391608391608392,-0.24740671290232139,-0.09644670050761425,-0.16463849026709984
43.8776,23.4694,173,0.00173,403,0.004030000000000001,0.2097902097902098,-0.006117262077111461,0.0228426395939088,-0.054351998813598784
43.8776,25.5102,179,0.00179,407,0.00407,0.2517482517482518,0.0283526594693471,0.032994923857867994,-0.04496591443457761
43.8776,27.551,183,0.00183,388,0.0038799999999999998,0.27972027972027974,0.05133260716698614,-0.015228426395939127,-0.08954981523492904
43.8776,29.5918,189,0.00189,394,0.00394,0.32167832167832167,0.08580252871344471,0.0,-0.07547068866639697
43.8776,31.6327,145,0.0014500000000000001,439,0.00439,0.013986013986013986,-0.16697689596058476,0.11421319796954311,0.03012276059759319
43.8776,33.6735,146,0.00146,430,0.0043,0.02097902097902098,-0.161231909036175,0.09137055837563454,0.009004070744795195
43.8776,35.7143,146,0.00146,404,0.00404,0.02097902097902098,-0.161231909036175,0.025380710659898543,-0.05200547771884354
43.8776,37.7551,171,0.00171,422,0.00422,0.1958041958041958,-0.017607235925930984,0.0710659898477157,-0.009768098013247555
43.8776,39.7959,134,0.00134,390,0.0039,-0.06293706293706294,-0.2301717521290921,-0.010152284263959418,-0.08485677304541836
43.8776,41.8367,135,0.00135,413,0.00413,-0.055944055944055944,-0.22442676520468235,0.048223350253807126,-0.030886787866045547
43.8776,43.8776,193,0.0019299999999999999,411,0.00411,0.34965034965034963,0.10878247641108374,0.043147208121827416,-0.03557983005555623
43.8776,45.9184,161,0.0016099999999999999,411,0.00411,0.1258741258741259,-0.07505710517002859,0.043147208121827416,-0.03557983005555623
43.8776,47.9592,150,0.0015,431,0.00431,0.04895104895104895,-0.13825196133853596,0.09390862944162429,0.011350591839550438
43.8776,50.0,188,0.00188,443,0.00443,0.3146853146853147,0.08005754178903494,0.12436548223350254,0.03950884497661456
45.9184,-50.0,161,0.00161,426,0.00426,0.1258741258741259,-0.07505710517002859,0.08121827411167512,-0.00038201363422617977
45.9184,-47.9592,197,0.00197,448,0.00448,0.3776223776223776,0.1317624241087228,0.1370558375634517,0.051241450450391184
45.9184,-45.9184,225,0.0022500000000000003,440,0.0044,0.5734265734265734,0.2926220579921961,0.11675126903553308,0.03246928169234863
45.9184,-43.8776,205,0.00205,455,0.00455,0.43356643356643354,0.17772231950400086,0.1548223350253808,0.06766709811367869
45.9184,-41.8367,212,0.00212,448,0.00448,0.4825174825174825,0.2179372279748692,0.1370558375634517,0.051241450450391184
45.9184,-39.7959,191,0.00191,438,0.00438,0.3356643356643357,0.09729250256226422,0.11167512690355337,0.027776239502837946
45.9184,-37.7551,184,0.00184,400,0.004,0.2867132867132867,0.0570775940913959,0.015228426395939127,-0.061391562097864914
45.9184,-35.7143,130,0.0013,390,0.0039,-0.09090909090909091,-0.25315169982673114,-0.010152284263959418,-0.08485677304541836
45.9184,-33.6735,166,0.00166,434,0.00434,0.16083916083916083,-0.046332170547979785,0.10152284263959396,0.01839015512381657
45.9184,-31.6327,165,0.00165,423,0.00423,0.15384615384615385,-0.05207715747238954,0.07360406091370567,-0.00742157691849211
45.9184,-29.5918,137,0.0013700000000000001,410,0.0041,-0.04195804195804196,-0.21293679135586283,0.04060913705583767,-0.037926351150311476
45.9184,-27.551,136,0.00136,433,0.00433,-0.04895104895104895,-0.2186817782802726,0.098984771573604,0.016043634029061126
45.9184,-25.5102,187,0.0018700000000000001,420,0.0042,0.3076923076923077,0.07431255486462518,0.06598984771573599,-0.014461140202758243
45.9184,-23.4694,165,0.00165,435,0.00435,0.15384615384615385,-0.05207715747238954,0.10406091370558371,0.020736676218571812
45.9184,-21.4286,156,0.00156,403,0.00403,0.09090909090909091,-0.10378203979207738,0.02284263959390858,-0.054351998813598985
45.9184,-19.3878,188,0.00188,438,0.00438,0.3146853146853147,0.08005754178903494,0.11167512690355337,0.027776239502837946
45.9184,-17.3469,182,0.00182,393,0.00393,0.2727272727272727,0.045587620242576385,-0.0025380710659897443,-0.07781720976115222
45.9184,-15.3061,168,0.00168,391,0.00391,0.17482517482517482,-0.03484219669916026,-0.007614213197969453,-0.0825102519506629
45.9184,-13.2653,168,0.00168,458,0.00458,0.17482517482517482,-0.03484219669916026,0.16243654822335024,0.07470666139794462
45.9184,-11.2245,201,0.00201,423,0.00423,0.40559440559440557,0.15474237180636183,0.07360406091370567,-0.00742157691849211
45.9184,-9.18367,170,0.0017000000000000001,412,0.00412,0.1888111888111888,-0.02335222285034074,0.04568527918781738,-0.03323330896080079
45.9184,-7.14286,199,0.00199,426,0.00426,0.3916083916083916,0.1432523979575423,0.08121827411167512,-0.00038201363422617977
45.9184,-5.10204,174,0.00174,443,0.00443,0.21678321678321677,-0.00037227515270170126,0.12436548223350254,0.03950884497661456
45.9184,-3.06122,171,0.0017100000000000001,404,0.00404,0.1958041958041958,-0.017607235925930984,0.025380710659898543,-0.05200547771884354
45.9184,-1.02041,203,0.00203,422,0.00422,0.4195804195804196,0.16623234565518136,0.0710659898477157,-0.009768098013247555
45.9184,1.02041,214,0.00214,421,0.00421,0.4965034965034965,0.22942720182368873,0.06852791878172595,-0.012114619108002798
45.9184,3.06122,159,0.00159,417,0.00417,0.11188811188811189,-0.0865470790188481,0.05837563451776654,-0.021500703487024174
45.9184,5.10204,157,0.00157,392,0.00392,0.0979020979020979,-0.09803705286766763,-0.005076142131979709,-0.08016373085590767
45.9184,7.14286,171,0.00171,402,0.00402,0.1958041958041958,-0.017607235925930984,0.020304568527918836,-0.05669851990835423
45.9184,9.18367,164,0.00164,454,0.00454,0.14685314685314685,-0.05782214439679931,0.15228426395939082,0.06532057701892324
45.9184,11.2245,191,0.00191,494,0.00494,0.3356643356643357,0.09729250256226422,0.25380710659898476,0.1591814208091368
45.9184,13.2653,188,0.0018800000000000002,423,0.00423,0.3146853146853147,0.08005754178903494,0.07360406091370567,-0.00742157691849211
45.9184,15.3061,163,0.00163,428,0.00428,0.13986013986013987,-0.06356713132120906,0.08629441624365483,0.004311028555284508
45.9184,17.3469,173,0.00173,411,0.00411,0.2097902097902098,-0.006117262077111461,0.043147208121827416,-0.03557983005555623
45.9184,19.3878,217,0.00217,430,0.0043,0.5174825174825175,0.246662162596918,0.09137055837563454,0.009004070744795195
45.9184,21.4286,190,0.0019,431,0.00431,0.32867132867132864,0.09154751563785446,0.09390862944162429,0.011350591839550438
45.9184,23.4694,146,0.00146,426,0.00426,0.02097902097902098,-0.161231909036175,0.08121827411167512,-0.00038201363422617977
45.9184,25.5102,172,0.00172,408,0.00408,0.20279720279720279,-0.011862249001521222,0.03553299492385796,-0.04261939333982216
45.9184,27.551,179,0.00179,426,0.00426,0.2517482517482518,0.0283526594693471,0.08121827411167512,-0.00038201363422617977
45.9184,29.5918,201,0.00201,455,0.00455,0.40559440559440557,0.15474237180636183,0.1548223350253808,0.06766709811367869
45.9184,31.6327,197,0.00197,412,0.00412,0.3776223776223776,0.1317624241087228,0.04568527918781738,-0.03323330896080079
45.9184,33.6735,144,0.00144,384,0.0038399999999999997,0.006993006993006993,-0.17272188288499452,-0.025380710659898543,-0.09893589961395041
45.9184,35.7143,134,0.00134,412,0.00412,-0.06293706293706294,-0.2301717521290921,0.04568527918781738,-0.03323330896080079
45.9184,37.7551,151,0.00151,435,0.00435,0.055944055944055944,-0.13250697441412618,0.10406091370558371,0.020736676218571812
45.9184,39.7959,134,0.00134,398,0.00398,-0.06293706293706294,-0.2301717521290921,0.010152284263959418,-0.0660846042873756
45.9184,41.8367,197,0.00197,429,0.00429,0.3776223776223776,0.1317624241087228,0.0888324873096448,0.006657549650039954
45.9184,43.8776,207,0.0020700000000000002,440,0.0044,0.44755244755244755,0.1892122933528204,0.11675126903553308,0.03246928169234863
45.9184,45.9184,192,0.0019199999999999998,401,0.00401,0.34265734265734266,0.10303748948667399,0.01776649746192887,-0.05904504100310967
45.9184,47.9592,161,0.0016099999999999999,409,0.00409,0.1258741258741259,-0.07505710517002859,0.038071065989847705,-0.040272872245066926
45.9184,50.0,144,0.0014399999999999999,387,0.00387,0.006993006993006993,-0.17272188288499452,-0.01776649746192887,-0.09189633632968429
47.9592,-50.0,182,0.00182,451,0.00451,0.2727272727272727,0.045587620242576385,0.14467005076142136,0.058281013734657314
47.9592,-47.9592,186,0.00186,427,0.00427,0.3006993006993007,0.06856756794021543,0.08375634517766509,0.0019645074605292656
47.9592,-45.9184,151,0.00151,414,0.00414,0.055944055944055944,-0.13250697441412618,0.05076142131979687,-0.028540266771290304
47.9592,-43.8776,171,0.0017100000000000001,441,0.00441,0.1958041958041958,-0.017607235925930984,0.11928934010152283,0.034815802787103875
47.9592,-41.8367,171,0.00171,412,0.00412,0.1958041958041958,-0.017607235925930984,0.04568527918781738,-0.03323330896080079
47.9592,-39.7959,182,0.00182,425,0.00425,0.2727272727272727,0.045587620242576385,0.07868020304568538,-0.002728534728981422
47.9592,-37.7551,196,0.00196,432,0.00432,0.3706293706293706,0.12601743718431302,0.09644670050761425,0.013697112934305884
47.9592,-35.7143,149,0.00149,393,0.0039299999999999995,0.04195804195804196,-0.1439969482629457,-0.0025380710659899646,-0.07781720976115242
47.9592,-33.6735,159,0.00159,407,0.00407,0.11188811188811189,-0.0865470790188481,0.032994923857867994,-0.04496591443457761
47.9592,-31.6327,161,0.0016099999999999999,398,0.00398,0.1258741258741259,-0.07505710517002859,0.010152284263959418,-0.0660846042873756
47.9592,-29.5918,150,0.0015,409,0.00409,0.04895104895104895,-0.13825196133853596,0.038071065989847705,-0.040272872245066926
47.9592,-27.551,149,0.00149,409,0.00409,0.04195804195804196,-0.1439969482629457,0.038071065989847705,-0.040272872245066926
47.9592,-25.5102,208,0.0020800000000000003,438,0.00438,0.45454545454545453,0.19495728027723014,0.11167512690355337,0.027776239502837946
47.9592,-23.4694,157,0.00157,381,0.00381,0.0979020979020979,-0.09803705286766763,-0.032994923857867994,-0.10597546289821634
47.9592,-21.4286,163,0.00163,417,0.00417,0.13986013986013987,-0.06356713132120906,0.05837563451776654,-0.021500703487024174
47.9592,-19.3878,196,0.00196,467,0.0046700000000000005,0.3706293706293706,0.12601743718431302,0.18527918781725905,0.09582535125074282
47.9592,-17.3469,192,0.00192,449,0.00449,0.34265734265734266,0.10303748948667399,0.13959390862944165,0.05358797154514663
47.9592,-15.3061,161,0.00161,393,0.00393,0.1258741258741259,-0.07505710517002859,-0.0025380710659897443,-0.07781720976115222
47.9592,-13.2653,219,0.00219,434,0.00434,0.5314685314685315,0.25815213644573753,0.10152284263959396,0.01839015512381657
47.9592,-11.2245,148,0.00148,435,0.00435,0.03496503496503497,-0.14974193518735546,0.10406091370558371,0.020736676218571812
47.9592,-9.18367,147,0.00147,389,0.0038900000000000002,0.027972027972027972,-0.15548692211176524,-0.012690355329949162,-0.0872032941401736
47.9592,-7.14286,186,0.00186,436,0.00436,0.3006993006993007,0.06856756794021543,0.10659898477157366,0.02308319731332726
47.9592,-5.10204,174,0.00174,423,0.00423,0.21678321678321677,-0.00037227515270170126,0.07360406091370567,-0.00742157691849211
47.9592,-3.06122,146,0.00146,397,0.00397,0.02097902097902098,-0.161231909036175,0.007614213197969453,-0.06843112538213104
47.9592,-1.02041,210,0.0021,446,0.00446,0.46853146853146854,0.20644725412604967,0.1319796954314722,0.0465484082608807
47.9592,1.02041,157,0.00157,408,0.00408,0.0979020979020979,-0.09803705286766763,0.03553299492385796,-0.04261939333982216
47.9592,3.06122,160,0.0016,439,0.00439,0.11888111888111888,-0.08080209209443835,0.11421319796954311,0.03012276059759319
47.9592,5.10204,180,0.0018,423,0.00423,0.25874125874125875,0.03409764639375686,0.07360406091370567,-0.00742157691849211
47.9592,7.14286,177,0.00177,430,0.0043,0.23776223776223776,0.01686268562052758,0.09137055837563454,0.009004070744795195
47.9592,9.18367,215,0.00215,416,0.0041600000000000005,0.5034965034965035,0.23517218874809848,0.055837563451776796,-0.023847224581779413
47.9592,11.2245,184,0.00184,449,0.00449,0.2867132867132867,0.0570775940913959,0.13959390862944165,0.05358797154514663
47.9592,13.2653,166,0.00166,434,0.00434,0.16083916083916083,-0.046332170547979785,0.10152284263959396,0.01839015512381657
47.9592,15.3061,135,0.00135,379,0.00379,-0.055944055944055944,-0.22442676520468235,-0.038071065989847705,-0.11066850508772703
47.9592,17.3469,141,0.00141,404,0.00404,-0.013986013986013986,-0.1899568436582238,0.025380710659898543,-0.05200547771884354
47.9592,19.3878,151,0.00151,427,0.00427,0.055944055944055944,-0.13250697441412618,0.08375634517766509,0.0019645074605292656
47.9592,21.4286,170,0.0017000000000000001,414,0.0041400000000000005,0.1888111888111888,-0.02335222285034074,0.050761421319797086,-0.028540266771290103
47.9592,23.4694,217,0.00217,430,0.0043,0.5174825174825175,0.246662162596918,0.09137055837563454,0.009004070744795195
47.9592,25.5102,185,0.00185,433,0.00433,0.2937062937062937,0.06282258101580566,0.098984771573604,0.016043634029061126
47.9592,27.551,213,0.00213,457,0.00457,0.48951048951048953,0.22368221489927895,0.1598984771573605,0.07236014030318938
47.9592,29.5918,202,0.00202,441,0.00441,0.4125874125874126,0.16048735873077158,0.11928934010152283,0.034815802787103875
47.9592,31.6327,166,0.00166,434,0.00434,0.16083916083916083,-0.046332170547979785,0.10152284263959396,0.01839015512381657
47.9592,33.6735,213,0.00213,442,0.00442,0.48951048951048953,0.22368221489927895,0.12182741116751279,0.03716232388185932
47.9592,35.7143,153,0.0015300000000000001,381,0.00381,0.06993006993006994,-0.12101700056530666,-0.032994923857867994,-0.10597546289821634
47.9592,37.7551,171,0.0017100000000000001,468,0.00468,0.1958041958041958,-0.017607235925930984,0.1878172588832488,0.09817187234549805
47.9592,39.7959,168,0.00168,398,0.00398,0.17482517482517482,-0.03484219669916026,0.010152284263959418,-0.0660846042873756
47.9592,41.8367,189,0.00189,423,0.00423,0.32167832167832167,0.08580252871344471,0.07360406091370567,-0.00742157691849211
47.9592,43.8776,209,0.00209,445,0.00445,0.46153846153846156,0.20070226720163992,0.12944162436548223,0.04420188716612525
47.9592,45.9184,213,0.00213,382,0.00382,0.48951048951048953,0.22368221489927895,-0.030456852791878142,-0.10362894180346101
47.9592,47.9592,130,0.0013,407,0.00407,-0.09090909090909091,-0.25315169982673114,0.032994923857867994,-0.04496591443457761
47.9592,50.0,178,0.00178,403,0.00403,0.24475524475524477,0.02260767254493734,0.02284263959390858,-0.054351998813598985
50.0,-50.0,172,0.00172,442,0.00442,0.20279720279720279,-0.011862249001521222,0.12182741116751279,0.03716232388185932
50.0,-47.9592,176,0.00176,426,0.00426,0.23076923076923078,0.01111769869611782,0.08121827411167512,-0.00038201363422617977
50.0,-45.9184,143,0.00143,429,0.00429,0.0,-0.17846686980940427,0.0888324873096448,0.006657549650039954
50.0,-43.8776,159,0.00159,426,0.00426,0.11188811188811189,-0.0865470790188481,0.08121827411167512,-0.00038201363422617977
50.0,-41.8367,184,0.00184,427,0.00427,0.2867132867132867,0.0570775940913959,0.08375634517766509,0.0019645074605292656
50.0,-39.7959,171,0.00171,437,0.00437,0.1958041958041958,-0.017607235925930984,0.1091370558375634,0.0254297184080825
50.0,-37.7551,213,0.00213,457,0.00457,0.48951048951048953,0.22368221489927895,0.1598984771573605,0.07236014030318938
50.0,-35.7143,176,0.00176,387,0.00387,0.23076923076923078,0.01111769869611782,-0.01776649746192887,-0.09189633632968429
50.0,-33.6735,161,0.00161,406,0.00406,0.1258741258741259,-0.07505710517002859,0.030456852791878253,-0.047312435529332855
50.0,-31.6327,174,0.00174,369,0.00369,0.21678321678321677,-0.00037227515270170126,-0.06345177664974615,-0.13413371603528038
50.0,-29.5918,144,0.00144,371,0.00371,0.006993006993006993,-0.17272188288499452,-0.05837563451776643,-0.12944067384576968
50.0,-27.551,205,0.0020499999999999997,422,0.00422,0.43356643356643354,0.17772231950400086,0.0710659898477157,-0.009768098013247555
50.0,-25.5102,172,0.00172,422,0.00422,0.20279720279720279,-0.011862249001521222,0.0710659898477157,-0.009768098013247555
50.0,-23.4694,185,0.00185,395,0.00395,0.2937062937062937,0.06282258101580566,0.0025380710659899646,-0.07312416757164153
50.0,-21.4286,180,0.0018,372,0.00372,0.25874125874125875,0.03409764639375686,-0.055837563451776574,-0.12709415275101435
50.0,-19.3878,149,0.00149,447,0.00447,0.04195804195804196,-0.1439969482629457,0.13451776649746194,0.04889492935563594
50.0,-17.3469,168,0.00168,436,0.00436,0.17482517482517482,-0.03484219669916026,0.10659898477157366,0.02308319731332726
50.0,-15.3061,147,0.00147,403,0.00403,0.027972027972027972,-0.15548692211176524,0.02284263959390858,-0.054351998813598985
50.0,-13.2653,160,0.0016,423,0.00423,0.11888111888111888,-0.08080209209443835,0.07360406091370567,-0.00742157691849211
50.0,-11.2245,138,0.00138,403,0.00403,-0.03496503496503497,-0.20719180443145307,0.02284263959390858,-0.054351998813598985
50.0,-9.18367,136,0.0013599999999999999,411,0.00411,-0.04895104895104895,-0.2186817782802726,0.043147208121827416,-0.03557983005555623
50.0,-7.14286,180,0.0018,412,0.00412,0.25874125874125875,0.03409764639375686,0.04568527918781738,-0.03323330896080079
50.0,-5.10204,148,0.00148,403,0.00403,0.03496503496503497,-0.14974193518735546,0.02284263959390858,-0.054351998813598985
50.0,-3.06122,176,0.00176,428,0.00428,0.23076923076923078,0.01111769869611782,0.08629441624365483,0.004311028555284508
50.0,-1.02041,190,0.0019,433,0.00433,0.32867132867132864,0.09154751563785446,0.098984771573604,0.016043634029061126
50.0,1.02041,157,0.00157,422,0.00422,0.0979020979020979,-0.09803705286766763,0.0710659898477157,-0.009768098013247555
50.0,3.06122,210,0.0021,442,0.00442,0.46853146853146854,0.20644725412604967,0.12182741116751279,0.03716232388185932
50.0,5.10204,238,0.00238,442,0.00442,0.6643356643356644,0.36730688800952294,0.12182741116751279,0.03716232388185932
50.0,7.14286,225,0.0022500000000000003,473,0.00473,0.5734265734265734,0.2926220579921961,0.20050761421319796,0.10990447781927468
50.0,9.18367,215,0.00215,426,0.00426,0.5034965034965035,0.23517218874809848,0.08121827411167512,-0.00038201363422617977
50.0,11.2245,181,0.00181,450,0.0045,0.26573426573426573,0.03984263331816662,0.1421319796954314,0.05593449263990187
50.0,13.2653,185,0.00185,391,0.00391,0.2937062937062937,0.06282258101580566,-0.007614213197969453,-0.0825102519506629
50.0,15.3061,144,0.0014399999999999999,396,0.00396,0.006993006993006993,-0.17272188288499452,0.005076142131979709,-0.0707776464768863
50.0,17.3469,167,0.00167,427,0.00427,0.16783216783216784,-0.04058718362357002,0.08375634517766509,0.0019645074605292656
50.0,19.3878,170,0.0017000000000000001,413,0.00413,0.1888111888111888,-0.02335222285034074,0.048223350253807126,-0.030886787866045547
50.0,21.4286,129,0.00129,398,0.00398,-0.0979020979020979,-0.2588966867511409,0.010152284263959418,-0.0660846042873756
50.0,23.4694,143,0.00143,429,0.00429,0.0,-0.17846686980940427,0.0888324873096448,0.006657549650039954
50.0,25.5102,178,0.00178,414,0.00414,0.24475524475524477,0.02260767254493734,0.05076142131979687,-0.028540266771290304
50.0,27.551,173,0.00173,437,0.00437,0.2097902097902098,-0.006117262077111461,0.1091370558375634,0.0254297184080825
50.0,29.5918,148,0.00148,400,0.004,0.03496503496503497,-0.14974193518735546,0.015228426395939127,-0.061391562097864914
50.0,31.6327,174,0.00174,420,0.0042,0.21678321678321677,-0.00037227515270170126,0.06598984771573599,-0.014461140202758243
50.0,33.6735,174,0.00174,393,0.00393,0.21678321678321677,-0.00037227515270170126,-0.0025380710659897443,-0.07781720976115222
50.0,35.7143,172,0.00172,412,0.00412,0.20279720279720279,-0.011862249001521222,0.04568527918781738,-0.03323330896080079
50.0,37.7551,186,0.0018599999999999999,460,0.0046,0.3006993006993007,0.06856756794021543,0.16751269035532995,0.07939970358745531
50.0,39.7959,186,0.00186,405,0.00405,0.3006993006993007,0.06856756794021543,0.027918781725888287,-0.0496589566240883
50.0,41.8367,139,0.00139,379,0.00379,-0.027972027972027972,-0.20144681750704332,-0.038071065989847705,-0.11066850508772703
50.0,43.8776,177,0.00177,431,0.00431,0.23776223776223776,0.01686268562052758,0.09390862944162429,0.011350591839550438
50.0,45.9184,202,0.00202,456,0.00456,0.4125874125874126,0.16048735873077158,0.15736040609137053,0.07001361920843394
50.0,47.9592,201,0.00201,442,0.00442,0.40559440559440557,0.15474237180636183,0.12182741116751279,0.03716232388185932
50.0,50.0,138,0.0013800000000000002,392,0.00392,-0.03496503496503497,-0.20719180443145307,-0.005076142131979709,-0.08016373085590767
