x,y,detectorID,nPrimary,roiCounts,normalizedCounts,flux,normalizedFlux
36,-49,0,100000,23,0.00023,73,0.00073
36,-49,1,100000,36,0.00036,66,0.00066
36,-49,2,100000,34,0.00034,63,0.00063
36,-49,3,100000,23,0.00023,80,0.0008
36,-49,4,100000,40,0.0004,65,0.00065
36,-49,5,100000,34,0.00034,86,0.00086
36,-48,0,100000,37,0.00037,86,0.00086
36,-48,1,100000,25,0.00025,67,0.00067
36,-48,2,100000,40,0.0004,82,0.00082
36,-48,3,100000,33,0.00033,70,0.0007
36,-48,4,100000,24,0.00024,75,0.00075
36,-48,5,100000,38,0.00038,85,0.00085
36,-47,0,100000,31,0.00031,71,0.00071
36,-47,1,100000,19,0.00019,55,0.00055
36,-47,2,100000,45,0.00045,71,0.00071
36,-47,3,100000,30,0.0003,79,0.00079
36,-47,4,100000,16,0.00016,73,0.00073
36,-47,5,100000,28,0.00028,73,0.00073
36,-46,0,100000,42,0.00042,91,0.00091
36,-46,1,100000,49,0.00049,95,0.00095
36,-46,2,100000,32,0.00032,79,0.00079
36,-46,3,100000,57,0.00057,82,0.00082
36,-46,4,100000,43,0.00043,81,0.00081
36,-46,5,100000,23,0.00023,71,0.00071
36,-45,0,100000,27,0.00027,72,0.00072
36,-45,1,100000,28,0.00028,76,0.00076
36,-45,2,100000,29,0.00029,81,0.00081
36,-45,3,100000,26,0.00026,68,0.00068
36,-45,4,100000,10,0.0001,70,0.0007
36,-45,5,100000,29,0.00029,81,0.00081
36,-44,0,100000,27,0.00027,66,0.00066
36,-44,1,100000,26,0.00026,88,0.00088
36,-44,2,100000,30,0.0003,80,0.0008
36,-44,3,100000,14,0.00014,65,0.00065
36,-44,4,100000,28,0.00028,74,0.00074
36,-44,5,100000,26,0.00026,71,0.00071
36,-43,0,100000,22,0.00022,64,0.00064
36,-43,1,100000,23,0.00023,71,0.00071
36,-43,2,100000,8,8e-05,63,0.00063
36,-43,3,100000,21,0.00021,56,0.00056
36,-43,4,100000,29,0.00029,68,0.00068
36,-43,5,100000,21,0.00021,53,0.00053
36,-42,0,100000,17,0.00017,83,0.00083
36,-42,1,100000,50,0.0005,76,0.00076
36,-42,2,100000,24,0.00024,82,0.00082
36,-42,3,100000,38,0.00038,63,0.00063
36,-42,4,100000,71,0.00071,84,0.00084
36,-42,5,100000,26,0.00026,57,0.00057
36,-41,0,100000,36,0.00036,64,0.00064
36,-41,1,100000,39,0.00039,64,0.00064
36,-41,2,100000,27,0.00027,76,0.00076
36,-41,3,100000,31,0.00031,71,0.00071
36,-41,4,100000,23,0.00023,80,0.0008
36,-41,5,100000,29,0.00029,73,0.00073
36,-40,0,100000,30,0.0003,69,0.00069
36,-40,1,100000,30,0.0003,79,0.00079
36,-40,2,100000,43,0.00043,71,0.00071
36,-40,3,100000,40,0.0004,76,0.00076
36,-40,4,100000,34,0.00034,81,0.00081
36,-40,5,100000,33,0.00033,82,0.00082
36,-39,0,100000,40,0.0004,80,0.0008
36,-39,1,100000,33,0.00033,75,0.00075
36,-39,2,100000,35,0.00035,65,0.00065
36,-39,3,100000,34,0.00034,86,0.00086
36,-39,4,100000,19,0.00019,67,0.00067
36,-39,5,100000,41,0.00041,79,0.00079
36,-38,0,100000,53,0.00053,83,0.00083
36,-38,1,100000,26,0.00026,74,0.00074
36,-38,2,100000,31,0.00031,59,0.00059
36,-38,3,100000,21,0.00021,83,0.00083
36,-38,4,100000,33,0.00033,66,0.00066
36,-38,5,100000,26,0.00026,68,0.00068
36,-37,0,100000,32,0.00032,80,0.0008
36,-37,1,100000,23,0.00023,62,0.00062
36,-37,2,100000,26,0.00026,59,0.00059
36,-37,3,100000,34,0.00034,78,0.00078
36,-37,4,100000,36,0.00036,70,0.0007
36,-37,5,100000,26,0.00026,69,0.00069
36,-36,0,100000,19,0.00019,59,0.00059
36,-36,1,100000,31,0.00031,72,0.00072
36,-36,2,100000,22,0.00022,75,0.00075
36,-36,3,100000,31,0.00031,82,0.00082
36,-36,4,100000,17,0.00017,52,0.00052
36,-36,5,100000,27,0.00027,64,0.00064
36,-35,0,100000,50,0.0005,78,0.00078
36,-35,1,100000,41,0.00041,63,0.00063
36,-35,2,100000,28,0.00028,70,0.0007
36,-35,3,100000,16,0.00016,69,0.00069
36,-35,4,100000,35,0.00035,72,0.00072
36,-35,5,100000,29,0.00029,73,0.00073
36,-34,0,100000,32,0.00032,73,0.00073
36,-34,1,100000,22,0.00022,72,0.00072
36,-34,2,100000,20,0.0002,70,0.0007
36,-34,3,100000,21,0.00021,59,0.00059
36,-34,4,100000,29,0.00029,71,0.00071
36,-34,5,100000,27,0.00027,63,0.00063
36,-33,0,100000,32,0.00032,77,0.00077
36,-33,1,100000,17,0.00017,64,0.00064
36,-33,2,100000,23,0.00023,81,0.00081
36,-33,3,100000,17,0.00017,62,0.00062
36,-33,4,100000,20,0.0002,71,0.00071
36,-33,5,100000,54,0.00054,86,0.00086
36,-32,0,100000,32,0.00032,66,0.00066
36,-32,1,100000,39,0.00039,64,0.00064
36,-32,2,100000,24,0.00024,74,0.00074
36,-32,3,100000,14,0.00014,73,0.00073
36,-32,4,100000,18,0.00018,68,0.00068
36,-32,5,100000,24,0.00024,76,0.00076
36,-31,0,100000,33,0.00033,72,0.00072
36,-31,1,100000,15,0.00015,61,0.00061
36,-31,2,100000,24,0.00024,83,0.00083
36,-31,3,100000,39,0.00039,77,0.00077
36,-31,4,100000,33,0.00033,61,0.00061
36,-31,5,100000,31,0.00031,74,0.00074
36,-30,0,100000,24,0.00024,61,0.00061
36,-30,1,100000,21,0.00021,68,0.00068
36,-30,2,100000,32,0.00032,87,0.00087
36,-30,3,100000,25,0.00025,67,0.00067
36,-30,4,100000,19,0.00019,59,0.00059
36,-30,5,100000,23,0.00023,69,0.00069
36,-29,0,100000,23,0.00023,77,0.00077
36,-29,1,100000,23,0.00023,78,0.00078
36,-29,2,100000,37,0.00037,71,0.00071
36,-29,3,100000,24,0.00024,73,0.00073
36,-29,4,100000,35,0.00035,74,0.00074
36,-29,5,100000,20,0.0002,56,0.00056
36,-28,0,100000,38,0.00038,81,0.00081
36,-28,1,100000,33,0.00033,77,0.00077
36,-28,2,100000,19,0.00019,66,0.00066
36,-28,3,100000,35,0.00035,73,0.00073
36,-28,4,100000,35,0.00035,68,0.00068
36,-28,5,100000,20,0.0002,68,0.00068
36,-27,0,100000,27,0.00027,70,0.0007
36,-27,1,100000,25,0.00025,62,0.00062
36,-27,2,100000,17,0.00017,75,0.00075
36,-27,3,100000,31,0.00031,78,0.00078
36,-27,4,100000,39,0.00039,69,0.00069
36,-27,5,100000,37,0.00037,73,0.00073
36,-26,0,100000,23,0.00023,73,0.00073
36,-26,1,100000,28,0.00028,78,0.00078
36,-26,2,100000,22,0.00022,62,0.00062
36,-26,3,100000,30,0.0003,70,0.0007
36,-26,4,100000,46,0.00046,79,0.00079
36,-26,5,100000,30,0.0003,67,0.00067
36,-25,0,100000,32,0.00032,72,0.00072
36,-25,1,100000,23,0.00023,72,0.00072
36,-25,2,100000,30,0.0003,75,0.00075
36,-25,3,100000,18,0.00018,63,0.00063
36,-25,4,100000,25,0.00025,70,0.0007
36,-25,5,100000,21,0.00021,69,0.00069
36,-24,0,100000,31,0.00031,79,0.00079
36,-24,1,100000,21,0.00021,58,0.00058
36,-24,2,100000,18,0.00018,64,0.00064
36,-24,3,100000,29,0.00029,82,0.00082
36,-24,4,100000,26,0.00026,73,0.00073
36,-24,5,100000,28,0.00028,68,0.00068
36,-23,0,100000,30,0.0003,64,0.00064
36,-23,1,100000,27,0.00027,65,0.00065
36,-23,2,100000,25,0.00025,75,0.00075
36,-23,3,100000,55,0.00055,90,0.0009
36,-23,4,100000,28,0.00028,69,0.00069
36,-23,5,100000,35,0.00035,77,0.00077
36,-22,0,100000,47,0.00047,72,0.00072
36,-22,1,100000,21,0.00021,66,0.00066
36,-22,2,100000,31,0.00031,70,0.0007
36,-22,3,100000,35,0.00035,73,0.00073
36,-22,4,100000,44,0.00044,65,0.00065
36,-22,5,100000,30,0.0003,69,0.00069
36,-21,0,100000,24,0.00024,68,0.00068
36,-21,1,100000,27,0.00027,68,0.00068
36,-21,2,100000,53,0.00053,80,0.0008
36,-21,3,100000,35,0.00035,83,0.00083
36,-21,4,100000,40,0.0004,75,0.00075
36,-21,5,100000,13,0.00013,70,0.0007
36,-20,0,100000,16,0.00016,68,0.00068
36,-20,1,100000,26,0.00026,73,0.00073
36,-20,2,100000,27,0.00027,80,0.0008
36,-20,3,100000,29,0.00029,71,0.00071
36,-20,4,100000,31,0.00031,86,0.00086
36,-20,5,100000,33,0.00033,75,0.00075
36,-19,0,100000,41,0.00041,75,0.00075
36,-19,1,100000,23,0.00023,70,0.0007
36,-19,2,100000,27,0.00027,76,0.00076
36,-19,3,100000,38,0.00038,72,0.00072
36,-19,4,100000,27,0.00027,62,0.00062
36,-19,5,100000,29,0.00029,91,0.00091
36,-18,0,100000,29,0.00029,56,0.00056
36,-18,1,100000,37,0.00037,75,0.00075
36,-18,2,100000,27,0.00027,82,0.00082
36,-18,3,100000,37,0.00037,70,0.0007
36,-18,4,100000,35,0.00035,80,0.0008
36,-18,5,100000,34,0.00034,67,0.00067
36,-17,0,100000,15,0.00015,55,0.00055
36,-17,1,100000,23,0.00023,82,0.00082
36,-17,2,100000,20,0.0002,66,0.00066
36,-17,3,100000,24,0.00024,72,0.00072
36,-17,4,100000,26,0.00026,63,0.00063
36,-17,5,100000,29,0.00029,62,0.00062
36,-16,0,100000,34,0.00034,80,0.0008
36,-16,1,100000,21,0.00021,72,0.00072
36,-16,2,100000,23,0.00023,70,0.0007
36,-16,3,100000,32,0.00032,79,0.00079
36,-16,4,100000,18,0.00018,72,0.00072
36,-16,5,100000,25,0.00025,73,0.00073
36,-15,0,100000,26,0.00026,67,0.00067
36,-15,1,100000,42,0.00042,102,0.00102
36,-15,2,100000,25,0.00025,71,0.00071
36,-15,3,100000,34,0.00034,62,0.00062
36,-15,4,100000,33,0.00033,76,0.00076
36,-15,5,100000,38,0.00038,71,0.00071
36,-14,0,100000,25,0.00025,63,0.00063
36,-14,1,100000,19,0.00019,74,0.00074
36,-14,2,100000,19,0.00019,73,0.00073
36,-14,3,100000,19,0.00019,71,0.00071
36,-14,4,100000,33,0.00033,88,0.00088
36,-14,5,100000,53,0.00053,89,0.00089
36,-13,0,100000,30,0.0003,69,0.00069
36,-13,1,100000,42,0.00042,73,0.00073
36,-13,2,100000,34,0.00034,77,0.00077
36,-13,3,100000,41,0.00041,85,0.00085
36,-13,4,100000,19,0.00019,79,0.00079
36,-13,5,100000,33,0.00033,75,0.00075
36,-12,0,100000,31,0.00031,82,0.00082
36,-12,1,100000,31,0.00031,61,0.00061
36,-12,2,100000,23,0.00023,71,0.00071
36,-12,3,100000,17,0.00017,79,0.00079
36,-12,4,100000,30,0.0003,71,0.00071
36,-12,5,100000,37,0.00037,77,0.00077
36,-11,0,100000,27,0.00027,63,0.00063
36,-11,1,100000,29,0.00029,64,0.00064
36,-11,2,100000,32,0.00032,73,0.00073
36,-11,3,100000,25,0.00025,69,0.00069
36,-11,4,100000,37,0.00037,69,0.00069
36,-11,5,100000,33,0.00033,75,0.00075
36,-10,0,100000,53,0.00053,80,0.0008
36,-10,1,100000,31,0.00031,74,0.00074
36,-10,2,100000,29,0.00029,65,0.00065
36,-10,3,100000,39,0.00039,71,0.00071
36,-10,4,100000,21,0.00021,90,0.0009
36,-10,5,100000,38,0.00038,87,0.00087
36,-9,0,100000,43,0.00043,73,0.00073
36,-9,1,100000,22,0.00022,69,0.00069
36,-9,2,100000,21,0.00021,78,0.00078
36,-9,3,100000,30,0.0003,54,0.00054
36,-9,4,100000,21,0.00021,72,0.00072
36,-9,5,100000,43,0.00043,71,0.00071
36,-8,0,100000,24,0.00024,65,0.00065
36,-8,1,100000,28,0.00028,74,0.00074
36,-8,2,100000,28,0.00028,70,0.0007
36,-8,3,100000,60,0.0006,82,0.00082
36,-8,4,100000,46,0.00046,80,0.0008
36,-8,5,100000,23,0.00023,65,0.00065
36,-7,0,100000,49,0.00049,90,0.0009
36,-7,1,100000,54,0.00054,66,0.00066
36,-7,2,100000,20,0.0002,86,0.00086
36,-7,3,100000,34,0.00034,80,0.0008
36,-7,4,100000,45,0.00045,82,0.00082
36,-7,5,100000,33,0.00033,72,0.00072
36,-6,0,100000,15,0.00015,70,0.0007
36,-6,1,100000,29,0.00029,70,0.0007
36,-6,2,100000,37,0.00037,71,0.00071
36,-6,3,100000,28,0.00028,61,0.00061
36,-6,4,100000,22,0.00022,75,0.00075
36,-6,5,100000,36,0.00036,78,0.00078
36,-5,0,100000,22,0.00022,76,0.00076
36,-5,1,100000,25,0.00025,75,0.00075
36,-5,2,100000,31,0.00031,58,0.00058
36,-5,3,100000,35,0.00035,78,0.00078
36,-5,4,100000,29,0.00029,79,0.00079
36,-5,5,100000,31,0.00031,68,0.00068
36,-4,0,100000,28,0.00028,66,0.00066
36,-4,1,100000,28,0.00028,68,0.00068
36,-4,2,100000,21,0.00021,84,0.00084
36,-4,3,100000,43,0.00043,84,0.00084
36,-4,4,100000,15,0.00015,77,0.00077
36,-4,5,100000,30,0.0003,71,0.00071
36,-3,0,100000,23,0.00023,69,0.00069
36,-3,1,100000,30,0.0003,57,0.00057
36,-3,2,100000,43,0.00043,95,0.00095
36,-3,3,100000,24,0.00024,68,0.00068
36,-3,4,100000,27,0.00027,71,0.00071
36,-3,5,100000,28,0.00028,59,0.00059
36,-2,0,100000,16,0.00016,67,0.00067
36,-2,1,100000,53,0.00053,87,0.00087
36,-2,2,100000,31,0.00031,69,0.00069
36,-2,3,100000,35,0.00035,80,0.0008
36,-2,4,100000,19,0.00019,52,0.00052
36,-2,5,100000,40,0.0004,77,0.00077
36,-1,0,100000,18,0.00018,64,0.00064
36,-1,1,100000,50,0.0005,83,0.00083
36,-1,2,100000,31,0.00031,89,0.00089
36,-1,3,100000,64,0.00064,84,0.00084
36,-1,4,100000,18,0.00018,67,0.00067
36,-1,5,100000,25,0.00025,68,0.00068
36,0,0,100000,33,0.00033,80,0.0008
36,0,1,100000,30,0.0003,78,0.00078
36,0,2,100000,33,0.00033,76,0.00076
36,0,3,100000,25,0.00025,65,0.00065
36,0,4,100000,22,0.00022,75,0.00075
36,0,5,100000,27,0.00027,75,0.00075
36,1,0,100000,31,0.00031,65,0.00065
36,1,1,100000,23,0.00023,67,0.00067
36,1,2,100000,26,0.00026,75,0.00075
36,1,3,100000,34,0.00034,60,0.0006
36,1,4,100000,29,0.00029,82,0.00082
36,1,5,100000,30,0.0003,67,0.00067
36,2,0,100000,25,0.00025,84,0.00084
36,2,1,100000,29,0.00029,66,0.00066
36,2,2,100000,40,0.0004,82,0.00082
36,2,3,100000,61,0.00061,78,0.00078
36,2,4,100000,30,0.0003,88,0.00088
36,2,5,100000,22,0.00022,50,0.0005
36,3,0,100000,36,0.00036,79,0.00079
36,3,1,100000,35,0.00035,66,0.00066
36,3,2,100000,29,0.00029,77,0.00077
36,3,3,100000,36,0.00036,75,0.00075
36,3,4,100000,35,0.00035,68,0.00068
36,3,5,100000,40,0.0004,78,0.00078
36,4,0,100000,25,0.00025,64,0.00064
36,4,1,100000,28,0.00028,78,0.00078
36,4,2,100000,30,0.0003,60,0.0006
36,4,3,100000,25,0.00025,100,0.001
36,4,4,100000,15,0.00015,60,0.0006
36,4,5,100000,23,0.00023,77,0.00077
36,5,0,100000,31,0.00031,61,0.00061
36,5,1,100000,28,0.00028,72,0.00072
36,5,2,100000,41,0.00041,82,0.00082
36,5,3,100000,49,0.00049,72,0.00072
36,5,4,100000,35,0.00035,71,0.00071
36,5,5,100000,18,0.00018,70,0.0007
36,6,0,100000,13,0.00013,61,0.00061
36,6,1,100000,27,0.00027,77,0.00077
36,6,2,100000,29,0.00029,58,0.00058
36,6,3,100000,41,0.00041,81,0.00081
36,6,4,100000,40,0.0004,72,0.00072
36,6,5,100000,31,0.00031,55,0.00055
36,7,0,100000,43,0.00043,74,0.00074
36,7,1,100000,29,0.00029,59,0.00059
36,7,2,100000,35,0.00035,67,0.00067
36,7,3,100000,23,0.00023,79,0.00079
36,7,4,100000,59,0.00059,93,0.00093
36,7,5,100000,38,0.00038,78,0.00078
36,8,0,100000,19,0.00019,74,0.00074
36,8,1,100000,49,0.00049,80,0.0008
36,8,2,100000,39,0.00039,69,0.00069
36,8,3,100000,23,0.00023,66,0.00066
36,8,4,100000,38,0.00038,73,0.00073
36,8,5,100000,31,0.00031,74,0.00074
36,9,0,100000,31,0.00031,64,0.00064
36,9,1,100000,33,0.00033,77,0.00077
36,9,2,100000,54,0.00054,89,0.00089
36,9,3,100000,34,0.00034,80,0.0008
36,9,4,100000,41,0.00041,86,0.00086
36,9,5,100000,25,0.00025,66,0.00066
36,10,0,100000,27,0.00027,79,0.00079
36,10,1,100000,51,0.00051,85,0.00085
36,10,2,100000,37,0.00037,70,0.0007
36,10,3,100000,36,0.00036,74,0.00074
36,10,4,100000,37,0.00037,83,0.00083
36,10,5,100000,14,0.00014,68,0.00068
36,11,0,100000,41,0.00041,73,0.00073
36,11,1,100000,37,0.00037,64,0.00064
36,11,2,100000,48,0.00048,70,0.0007
36,11,3,100000,19,0.00019,69,0.00069
36,11,4,100000,35,0.00035,64,0.00064
36,11,5,100000,35,0.00035,72,0.00072
36,12,0,100000,28,0.00028,67,0.00067
36,12,1,100000,19,0.00019,72,0.00072
36,12,2,100000,52,0.00052,81,0.00081
36,12,3,100000,40,0.0004,72,0.00072
36,12,4,100000,53,0.00053,89,0.00089
36,12,5,100000,37,0.00037,84,0.00084
36,13,0,100000,23,0.00023,77,0.00077
36,13,1,100000,45,0.00045,80,0.0008
36,13,2,100000,27,0.00027,73,0.00073
36,13,3,100000,34,0.00034,78,0.00078
36,13,4,100000,28,0.00028,68,0.00068
36,13,5,100000,27,0.00027,72,0.00072
36,14,0,100000,7,7e-05,59,0.00059
36,14,1,100000,27,0.00027,79,0.00079
36,14,2,100000,29,0.00029,65,0.00065
36,14,3,100000,40,0.0004,66,0.00066
36,14,4,100000,32,0.00032,86,0.00086
36,14,5,100000,21,0.00021,63,0.00063
36,15,0,100000,22,0.00022,72,0.00072
36,15,1,100000,43,0.00043,86,0.00086
36,15,2,100000,19,0.00019,86,0.00086
36,15,3,100000,49,0.00049,79,0.00079
36,15,4,100000,28,0.00028,76,0.00076
36,15,5,100000,56,0.00056,73,0.00073
36,16,0,100000,11,0.00011,47,0.00047
36,16,1,100000,41,0.00041,67,0.00067
36,16,2,100000,18,0.00018,72,0.00072
36,16,3,100000,29,0.00029,70,0.0007
36,16,4,100000,45,0.00045,70,0.0007
36,16,5,100000,22,0.00022,69,0.00069
36,17,0,100000,33,0.00033,74,0.00074
36,17,1,100000,32,0.00032,73,0.00073
36,17,2,100000,20,0.0002,86,0.00086
36,17,3,100000,9,9e-05,66,0.00066
36,17,4,100000,35,0.00035,78,0.00078
36,17,5,100000,29,0.00029,89,0.00089
36,18,0,100000,37,0.00037,83,0.00083
36,18,1,100000,51,0.00051,89,0.00089
36,18,2,100000,24,0.00024,68,0.00068
36,18,3,100000,34,0.00034,86,0.00086
36,18,4,100000,30,0.0003,75,0.00075
36,18,5,100000,28,0.00028,65,0.00065
36,19,0,100000,32,0.00032,70,0.0007
36,19,1,100000,23,0.00023,67,0.00067
36,19,2,100000,20,0.0002,60,0.0006
36,19,3,100000,41,0.00041,74,0.00074
36,19,4,100000,28,0.00028,57,0.00057
36,19,5,100000,32,0.00032,82,0.00082
36,20,0,100000,31,0.00031,65,0.00065
36,20,1,100000,23,0.00023,67,0.00067
36,20,2,100000,28,0.00028,67,0.00067
36,20,3,100000,28,0.00028,79,0.00079
36,20,4,100000,25,0.00025,73,0.00073
36,20,5,100000,25,0.00025,83,0.00083
36,21,0,100000,39,0.00039,93,0.00093
36,21,1,100000,29,0.00029,86,0.00086
36,21,2,100000,46,0.00046,66,0.00066
36,21,3,100000,38,0.00038,69,0.00069
36,21,4,100000,34,0.00034,75,0.00075
36,21,5,100000,38,0.00038,74,0.00074
36,22,0,100000,34,0.00034,85,0.00085
36,22,1,100000,20,0.0002,57,0.00057
36,22,2,100000,24,0.00024,82,0.00082
36,22,3,100000,26,0.00026,64,0.00064
36,22,4,100000,26,0.00026,75,0.00075
36,22,5,100000,45,0.00045,77,0.00077
36,23,0,100000,37,0.00037,58,0.00058
36,23,1,100000,35,0.00035,75,0.00075
36,23,2,100000,29,0.00029,79,0.00079
36,23,3,100000,30,0.0003,69,0.00069
36,23,4,100000,12,0.00012,58,0.00058
36,23,5,100000,30,0.0003,72,0.00072
36,24,0,100000,20,0.0002,67,0.00067
36,24,1,100000,20,0.0002,68,0.00068
36,24,2,100000,33,0.00033,63,0.00063
36,24,3,100000,25,0.00025,65,0.00065
36,24,4,100000,39,0.00039,69,0.00069
36,24,5,100000,33,0.00033,69,0.00069
36,25,0,100000,41,0.00041,69,0.00069
36,25,1,100000,41,0.00041,63,0.00063
36,25,2,100000,38,0.00038,72,0.00072
36,25,3,100000,28,0.00028,65,0.00065
36,25,4,100000,36,0.00036,79,0.00079
36,25,5,100000,30,0.0003,71,0.00071
36,26,0,100000,18,0.00018,63,0.00063
36,26,1,100000,40,0.0004,81,0.00081
36,26,2,100000,26,0.00026,81,0.00081
36,26,3,100000,35,0.00035,83,0.00083
36,26,4,100000,40,0.0004,90,0.0009
36,26,5,100000,35,0.00035,72,0.00072
36,27,0,100000,47,0.00047,87,0.00087
36,27,1,100000,37,0.00037,75,0.00075
36,27,2,100000,55,0.00055,77,0.00077
36,27,3,100000,21,0.00021,66,0.00066
36,27,4,100000,23,0.00023,65,0.00065
36,27,5,100000,12,0.00012,61,0.00061
36,28,0,100000,28,0.00028,67,0.00067
36,28,1,100000,26,0.00026,69,0.00069
36,28,2,100000,24,0.00024,80,0.0008
36,28,3,100000,27,0.00027,82,0.00082
36,28,4,100000,29,0.00029,67,0.00067
36,28,5,100000,27,0.00027,67,0.00067
36,29,0,100000,40,0.0004,77,0.00077
36,29,1,100000,20,0.0002,58,0.00058
36,29,2,100000,35,0.00035,82,0.00082
36,29,3,100000,24,0.00024,74,0.00074
36,29,4,100000,17,0.00017,69,0.00069
36,29,5,100000,48,0.00048,79,0.00079
36,30,0,100000,24,0.00024,68,0.00068
36,30,1,100000,26,0.00026,68,0.00068
36,30,2,100000,24,0.00024,63,0.00063
36,30,3,100000,24,0.00024,73,0.00073
36,30,4,100000,32,0.00032,73,0.00073
36,30,5,100000,28,0.00028,84,0.00084
36,31,0,100000,35,0.00035,68,0.00068
36,31,1,100000,28,0.00028,60,0.0006
36,31,2,100000,47,0.00047,62,0.00062
36,31,3,100000,36,0.00036,74,0.00074
36,31,4,100000,27,0.00027,62,0.00062
36,31,5,100000,34,0.00034,70,0.0007
36,32,0,100000,15,0.00015,55,0.00055
36,32,1,100000,22,0.00022,74,0.00074
36,32,2,100000,33,0.00033,58,0.00058
36,32,3,100000,39,0.00039,80,0.0008
36,32,4,100000,19,0.00019,61,0.00061
36,32,5,100000,33,0.00033,63,0.00063
36,33,0,100000,42,0.00042,74,0.00074
36,33,1,100000,22,0.00022,63,0.00063
36,33,2,100000,23,0.00023,77,0.00077
36,33,3,100000,16,0.00016,52,0.00052
36,33,4,100000,31,0.00031,72,0.00072
36,33,5,100000,34,0.00034,68,0.00068
36,34,0,100000,37,0.00037,82,0.00082
36,34,1,100000,22,0.00022,64,0.00064
36,34,2,100000,27,0.00027,62,0.00062
36,34,3,100000,39,0.00039,85,0.00085
36,34,4,100000,41,0.00041,89,0.00089
36,34,5,100000,31,0.00031,85,0.00085
36,35,0,100000,26,0.00026,75,0.00075
36,35,1,100000,25,0.00025,72,0.00072
36,35,2,100000,20,0.0002,59,0.00059
36,35,3,100000,24,0.00024,58,0.00058
36,35,4,100000,34,0.00034,74,0.00074
36,35,5,100000,21,0.00021,72,0.00072
36,36,0,100000,16,0.00016,66,0.00066
36,36,1,100000,45,0.00045,87,0.00087
36,36,2,100000,11,0.00011,68,0.00068
36,36,3,100000,31,0.00031,75,0.00075
36,36,4,100000,25,0.00025,69,0.00069
36,36,5,100000,20,0.0002,81,0.00081
36,37,0,100000,21,0.00021,68,0.00068
36,37,1,100000,37,0.00037,80,0.0008
36,37,2,100000,31,0.00031,79,0.00079
36,37,3,100000,26,0.00026,74,0.00074
36,37,4,100000,18,0.00018,74,0.00074
36,37,5,100000,27,0.00027,77,0.00077
36,38,0,100000,31,0.00031,73,0.00073
36,38,1,100000,34,0.00034,73,0.00073
36,38,2,100000,52,0.00052,69,0.00069
36,38,3,100000,27,0.00027,61,0.00061
36,38,4,100000,30,0.0003,84,0.00084
36,38,5,100000,32,0.00032,83,0.00083
36,39,0,100000,23,0.00023,69,0.00069
36,39,1,100000,42,0.00042,72,0.00072
36,39,2,100000,26,0.00026,72,0.00072
36,39,3,100000,36,0.00036,76,0.00076
36,39,4,100000,28,0.00028,75,0.00075
36,39,5,100000,13,0.00013,71,0.00071
36,40,0,100000,37,0.00037,72,0.00072
36,40,1,100000,33,0.00033,78,0.00078
36,40,2,100000,36,0.00036,72,0.00072
36,40,3,100000,39,0.00039,68,0.00068
36,40,4,100000,25,0.00025,69,0.00069
36,40,5,100000,25,0.00025,70,0.0007
36,41,0,100000,19,0.00019,68,0.00068
36,41,1,100000,33,0.00033,85,0.00085
36,41,2,100000,26,0.00026,92,0.00092
36,41,3,100000,22,0.00022,67,0.00067
36,41,4,100000,39,0.00039,83,0.00083
36,41,5,100000,28,0.00028,64,0.00064
36,42,0,100000,39,0.00039,83,0.00083
36,42,1,100000,38,0.00038,78,0.00078
36,42,2,100000,33,0.00033,74,0.00074
36,42,3,100000,32,0.00032,71,0.00071
36,42,4,100000,24,0.00024,84,0.00084
36,42,5,100000,41,0.00041,83,0.00083
36,43,0,100000,22,0.00022,75,0.00075
36,43,1,100000,35,0.00035,82,0.00082
36,43,2,100000,31,0.00031,80,0.0008
36,43,3,100000,14,0.00014,66,0.00066
36,43,4,100000,31,0.00031,73,0.00073
36,43,5,100000,30,0.0003,69,0.00069
36,44,0,100000,33,0.00033,74,0.00074
36,44,1,100000,25,0.00025,73,0.00073
36,44,2,100000,28,0.00028,77,0.00077
36,44,3,100000,31,0.00031,79,0.00079
36,44,4,100000,23,0.00023,69,0.00069
36,44,5,100000,20,0.0002,65,0.00065
36,45,0,100000,47,0.00047,79,0.00079
36,45,1,100000,42,0.00042,61,0.00061
36,45,2,100000,22,0.00022,69,0.00069
36,45,3,100000,38,0.00038,72,0.00072
36,45,4,100000,33,0.00033,61,0.00061
36,45,5,100000,21,0.00021,69,0.00069
36,46,0,100000,26,0.00026,66,0.00066
36,46,1,100000,31,0.00031,73,0.00073
36,46,2,100000,42,0.00042,69,0.00069
36,46,3,100000,34,0.00034,75,0.00075
36,46,4,100000,33,0.00033,59,0.00059
36,46,5,100000,37,0.00037,75,0.00075
36,47,0,100000,38,0.00038,72,0.00072
36,47,1,100000,44,0.00044,69,0.00069
36,47,2,100000,41,0.00041,63,0.00063
36,47,3,100000,25,0.00025,73,0.00073
36,47,4,100000,24,0.00024,65,0.00065
36,47,5,100000,33,0.00033,65,0.00065
36,48,0,100000,32,0.00032,80,0.0008
36,48,1,100000,21,0.00021,65,0.00065
36,48,2,100000,24,0.00024,67,0.00067
36,48,3,100000,29,0.00029,65,0.00065
36,48,4,100000,28,0.00028,62,0.00062
36,48,5,100000,24,0.00024,71,0.00071
36,49,0,100000,38,0.00038,76,0.00076
36,49,1,100000,24,0.00024,68,0.00068
36,49,2,100000,22,0.00022,58,0.00058
36,49,3,100000,35,0.00035,74,0.00074
36,49,4,100000,46,0.00046,85,0.00085
36,49,5,100000,33,0.00033,80,0.0008
36,50,0,100000,44,0.00044,76,0.00076
36,50,1,100000,37,0.00037,77,0.00077
36,50,2,100000,35,0.00035,85,0.00085
36,50,3,100000,33,0.00033,80,0.0008
36,50,4,100000,32,0.00032,78,0.00078
36,50,5,100000,44,0.00044,74,0.00074
37,-50,0,100000,24,0.00024,76,0.00076
37,-50,1,100000,25,0.00025,75,0.00075
37,-50,2,100000,42,0.00042,86,0.00086
37,-50,3,100000,38,0.00038,75,0.00075
37,-50,4,100000,30,0.0003,66,0.00066
37,-50,5,100000,38,0.00038,77,0.00077
37,-49,0,100000,31,0.00031,78,0.00078
37,-49,1,100000,31,0.00031,66,0.00066
37,-49,2,100000,30,0.0003,75,0.00075
37,-49,3,100000,29,0.00029,78,0.00078
37,-49,4,100000,15,0.00015,57,0.00057
37,-49,5,100000,54,0.00054,74,0.00074
37,-48,0,100000,32,0.00032,73,0.00073
37,-48,1,100000,17,0.00017,66,0.00066
37,-48,2,100000,17,0.00017,65,0.00065
37,-48,3,100000,27,0.00027,75,0.00075
37,-48,4,100000,39,0.00039,86,0.00086
37,-48,5,100000,23,0.00023,55,0.00055
37,-47,0,100000,23,0.00023,61,0.00061
37,-47,1,100000,22,0.00022,67,0.00067
37,-47,2,100000,36,0.00036,95,0.00095
37,-47,3,100000,29,0.00029,72,0.00072
37,-47,4,100000,18,0.00018,70,0.0007
37,-47,5,100000,23,0.00023,65,0.00065
37,-46,0,100000,29,0.00029,63,0.00063
37,-46,1,100000,44,0.00044,78,0.00078
37,-46,2,100000,21,0.00021,77,0.00077
37,-46,3,100000,29,0.00029,84,0.00084
37,-46,4,100000,29,0.00029,82,0.00082
37,-46,5,100000,22,0.00022,73,0.00073
37,-45,0,100000,36,0.00036,81,0.00081
37,-45,1,100000,36,0.00036,65,0.00065
37,-45,2,100000,16,0.00016,46,0.00046
37,-45,3,100000,33,0.00033,90,0.0009
37,-45,4,100000,23,0.00023,66,0.00066
37,-45,5,100000,12,0.00012,51,0.00051
37,-44,0,100000,30,0.0003,66,0.00066
37,-44,1,100000,28,0.00028,62,0.00062
37,-44,2,100000,41,0.00041,67,0.00067
37,-44,3,100000,24,0.00024,71,0.00071
37,-44,4,100000,31,0.00031,72,0.00072
37,-44,5,100000,28,0.00028,83,0.00083
37,-43,0,100000,37,0.00037,77,0.00077
37,-43,1,100000,16,0.00016,54,0.00054
37,-43,2,100000,36,0.00036,84,0.00084
37,-43,3,100000,39,0.00039,91,0.00091
37,-43,4,100000,36,0.00036,94,0.00094
37,-43,5,100000,38,0.00038,89,0.00089
37,-42,0,100000,13,0.00013,59,0.00059
37,-42,1,100000,17,0.00017,62,0.00062
37,-42,2,100000,13,0.00013,67,0.00067
37,-42,3,100000,19,0.00019,67,0.00067
37,-42,4,100000,33,0.00033,63,0.00063
37,-42,5,100000,47,0.00047,86,0.00086
37,-41,0,100000,27,0.00027,80,0.0008
37,-41,1,100000,57,0.00057,81,0.00081
37,-41,2,100000,32,0.00032,66,0.00066
37,-41,3,100000,28,0.00028,68,0.00068
37,-41,4,100000,29,0.00029,73,0.00073
37,-41,5,100000,19,0.00019,67,0.00067
37,-40,0,100000,14,0.00014,74,0.00074
37,-40,1,100000,48,0.00048,83,0.00083
37,-40,2,100000,40,0.0004,73,0.00073
37,-40,3,100000,48,0.00048,76,0.00076
37,-40,4,100000,23,0.00023,79,0.00079
37,-40,5,100000,20,0.0002,80,0.0008
37,-39,0,100000,55,0.00055,79,0.00079
37,-39,1,100000,37,0.00037,66,0.00066
37,-39,2,100000,25,0.00025,90,0.0009
37,-39,3,100000,32,0.00032,86,0.00086
37,-39,4,100000,39,0.00039,90,0.0009
37,-39,5,100000,29,0.00029,57,0.00057
37,-38,0,100000,64,0.00064,80,0.0008
37,-38,1,100000,43,0.00043,61,0.00061
37,-38,2,100000,24,0.00024,76,0.00076
37,-38,3,100000,32,0.00032,71,0.00071
37,-38,4,100000,24,0.00024,78,0.00078
37,-38,5,100000,37,0.00037,62,0.00062
37,-37,0,100000,42,0.00042,77,0.00077
37,-37,1,100000,35,0.00035,91,0.00091
37,-37,2,100000,36,0.00036,73,0.00073
37,-37,3,100000,15,0.00015,68,0.00068
37,-37,4,100000,41,0.00041,73,0.00073
37,-37,5,100000,45,0.00045,81,0.00081
37,-36,0,100000,23,0.00023,79,0.00079
37,-36,1,100000,18,0.00018,59,0.00059
37,-36,2,100000,28,0.00028,71,0.00071
37,-36,3,100000,37,0.00037,78,0.00078
37,-36,4,100000,15,0.00015,57,0.00057
37,-36,5,100000,35,0.00035,67,0.00067
37,-35,0,100000,39,0.00039,69,0.00069
37,-35,1,100000,21,0.00021,63,0.00063
37,-35,2,100000,31,0.00031,75,0.00075
37,-35,3,100000,30,0.0003,76,0.00076
37,-35,4,100000,36,0.00036,76,0.00076
37,-35,5,100000,28,0.00028,72,0.00072
37,-34,0,100000,21,0.00021,69,0.00069
37,-34,1,100000,33,0.00033,66,0.00066
37,-34,2,100000,22,0.00022,63,0.00063
37,-34,3,100000,23,0.00023,69,0.00069
37,-34,4,100000,29,0.00029,76,0.00076
37,-34,5,100000,31,0.00031,74,0.00074
37,-33,0,100000,16,0.00016,51,0.00051
37,-33,1,100000,38,0.00038,79,0.00079
37,-33,2,100000,15,0.00015,70,0.0007
37,-33,3,100000,24,0.00024,74,0.00074
37,-33,4,100000,23,0.00023,84,0.00084
37,-33,5,100000,54,0.00054,62,0.00062
37,-32,0,100000,16,0.00016,69,0.00069
37,-32,1,100000,53,0.00053,89,0.00089
37,-32,2,100000,41,0.00041,82,0.00082
37,-32,3,100000,27,0.00027,72,0.00072
37,-32,4,100000,31,0.00031,71,0.00071
37,-32,5,100000,37,0.00037,70,0.0007
37,-31,0,100000,40,0.0004,74,0.00074
37,-31,1,100000,36,0.00036,72,0.00072
37,-31,2,100000,32,0.00032,72,0.00072
37,-31,3,100000,35,0.00035,68,0.00068
37,-31,4,100000,19,0.00019,62,0.00062
37,-31,5,100000,24,0.00024,57,0.00057
37,-30,0,100000,12,0.00012,68,0.00068
37,-30,1,100000,22,0.00022,71,0.00071
37,-30,2,100000,20,0.0002,80,0.0008
37,-30,3,100000,37,0.00037,70,0.0007
37,-30,4,100000,24,0.00024,77,0.00077
37,-30,5,100000,35,0.00035,72,0.00072
37,-29,0,100000,24,0.00024,62,0.00062
37,-29,1,100000,38,0.00038,69,0.00069
37,-29,2,100000,48,0.00048,73,0.00073
37,-29,3,100000,24,0.00024,78,0.00078
37,-29,4,100000,34,0.00034,87,0.00087
37,-29,5,100000,34,0.00034,91,0.00091
37,-28,0,100000,26,0.00026,63,0.00063
37,-28,1,100000,25,0.00025,73,0.00073
37,-28,2,100000,65,0.00065,76,0.00076
37,-28,3,100000,42,0.00042,84,0.00084
37,-28,4,100000,25,0.00025,60,0.0006
37,-28,5,100000,16,0.00016,58,0.00058
37,-27,0,100000,31,0.00031,67,0.00067
37,-27,1,100000,17,0.00017,70,0.0007
37,-27,2,100000,24,0.00024,67,0.00067
37,-27,3,100000,36,0.00036,75,0.00075
37,-27,4,100000,34,0.00034,62,0.00062
37,-27,5,100000,28,0.00028,71,0.00071
37,-26,0,100000,18,0.00018,67,0.00067
37,-26,1,100000,31,0.00031,66,0.00066
37,-26,2,100000,22,0.00022,68,0.00068
37,-26,3,100000,38,0.00038,94,0.00094
37,-26,4,100000,17,0.00017,71,0.00071
37,-26,5,100000,25,0.00025,55,0.00055
37,-25,0,100000,29,0.00029,82,0.00082
37,-25,1,100000,15,0.00015,61,0.00061
37,-25,2,100000,23,0.00023,68,0.00068
37,-25,3,100000,23,0.00023,75,0.00075
37,-25,4,100000,24,0.00024,70,0.0007
37,-25,5,100000,25,0.00025,64,0.00064
37,-24,0,100000,32,0.00032,62,0.00062
37,-24,1,100000,28,0.00028,72,0.00072
37,-24,2,100000,23,0.00023,63,0.00063
37,-24,3,100000,24,0.00024,75,0.00075
37,-24,4,100000,26,0.00026,70,0.0007
37,-24,5,100000,22,0.00022,70,0.0007
37,-23,0,100000,21,0.00021,74,0.00074
37,-23,1,100000,36,0.00036,74,0.00074
37,-23,2,100000,31,0.00031,79,0.00079
37,-23,3,100000,30,0.0003,68,0.00068
37,-23,4,100000,25,0.00025,69,0.00069
37,-23,5,100000,42,0.00042,77,0.00077
37,-22,0,100000,31,0.00031,75,0.00075
37,-22,1,100000,34,0.00034,81,0.00081
37,-22,2,100000,36,0.00036,83,0.00083
37,-22,3,100000,12,0.00012,58,0.00058
37,-22,4,100000,30,0.0003,63,0.00063
37,-22,5,100000,27,0.00027,75,0.00075
37,-21,0,100000,23,0.00023,75,0.00075
37,-21,1,100000,35,0.00035,75,0.00075
37,-21,2,100000,35,0.00035,82,0.00082
37,-21,3,100000,36,0.00036,90,0.0009
37,-21,4,100000,12,0.00012,61,0.00061
37,-21,5,100000,20,0.0002,59,0.00059
37,-20,0,100000,45,0.00045,93,0.00093
37,-20,1,100000,25,0.00025,73,0.00073
37,-20,2,100000,26,0.00026,59,0.00059
37,-20,3,100000,37,0.00037,72,0.00072
37,-20,4,100000,26,0.00026,69,0.00069
37,-20,5,100000,11,0.00011,68,0.00068
37,-19,0,100000,23,0.00023,82,0.00082
37,-19,1,100000,25,0.00025,74,0.00074
37,-19,2,100000,36,0.00036,83,0.00083
37,-19,3,100000,30,0.0003,80,0.0008
37,-19,4,100000,42,0.00042,74,0.00074
37,-19,5,100000,22,0.00022,56,0.00056
37,-18,0,100000,22,0.00022,79,0.00079
37,-18,1,100000,28,0.00028,58,0.00058
37,-18,2,100000,42,0.00042,79,0.00079
37,-18,3,100000,31,0.00031,90,0.0009
37,-18,4,100000,33,0.00033,67,0.00067
37,-18,5,100000,39,0.00039,82,0.00082
37,-17,0,100000,20,0.0002,72,0.00072
37,-17,1,100000,23,0.00023,62,0.00062
37,-17,2,100000,31,0.00031,69,0.00069
37,-17,3,100000,30,0.0003,68,0.00068
37,-17,4,100000,32,0.00032,76,0.00076
37,-17,5,100000,36,0.00036,69,0.00069
37,-16,0,100000,46,0.00046,95,0.00095
37,-16,1,100000,40,0.0004,79,0.00079
37,-16,2,100000,38,0.00038,77,0.00077
37,-16,3,100000,32,0.00032,75,0.00075
37,-16,4,100000,41,0.00041,65,0.00065
37,-16,5,100000,41,0.00041,66,0.00066
37,-15,0,100000,30,0.0003,80,0.0008
37,-15,1,100000,46,0.00046,82,0.00082
37,-15,2,100000,26,0.00026,71,0.00071
37,-15,3,100000,33,0.00033,74,0.00074
37,-15,4,100000,37,0.00037,79,0.00079
37,-15,5,100000,23,0.00023,75,0.00075
37,-14,0,100000,20,0.0002,56,0.00056
37,-14,1,100000,38,0.00038,70,0.0007
37,-14,2,100000,38,0.00038,78,0.00078
37,-14,3,100000,44,0.00044,79,0.00079
37,-14,4,100000,31,0.00031,73,0.00073
37,-14,5,100000,22,0.00022,66,0.00066
37,-13,0,100000,22,0.00022,81,0.00081
37,-13,1,100000,43,0.00043,73,0.00073
37,-13,2,100000,28,0.00028,87,0.00087
37,-13,3,100000,22,0.00022,77,0.00077
37,-13,4,100000,14,0.00014,63,0.00063
37,-13,5,100000,53,0.00053,80,0.0008
37,-12,0,100000,25,0.00025,69,0.00069
37,-12,1,100000,19,0.00019,66,0.00066
37,-12,2,100000,31,0.00031,69,0.00069
37,-12,3,100000,18,0.00018,74,0.00074
37,-12,4,100000,33,0.00033,55,0.00055
37,-12,5,100000,42,0.00042,81,0.00081
37,-11,0,100000,26,0.00026,73,0.00073
37,-11,1,100000,30,0.0003,66,0.00066
37,-11,2,100000,27,0.00027,73,0.00073
37,-11,3,100000,31,0.00031,73,0.00073
37,-11,4,100000,25,0.00025,64,0.00064
37,-11,5,100000,28,0.00028,77,0.00077
37,-10,0,100000,27,0.00027,77,0.00077
37,-10,1,100000,40,0.0004,80,0.0008
37,-10,2,100000,31,0.00031,72,0.00072
37,-10,3,100000,41,0.00041,69,0.00069
37,-10,4,100000,32,0.00032,79,0.00079
37,-10,5,100000,16,0.00016,76,0.00076
37,-9,0,100000,27,0.00027,70,0.0007
37,-9,1,100000,17,0.00017,69,0.00069
37,-9,2,100000,29,0.00029,64,0.00064
37,-9,3,100000,23,0.00023,60,0.0006
37,-9,4,100000,30,0.0003,74,0.00074
37,-9,5,100000,32,0.00032,67,0.00067
37,-8,0,100000,31,0.00031,72,0.00072
37,-8,1,100000,29,0.00029,69,0.00069
37,-8,2,100000,22,0.00022,59,0.00059
37,-8,3,100000,17,0.00017,68,0.00068
37,-8,4,100000,32,0.00032,71,0.00071
37,-8,5,100000,62,0.00062,84,0.00084
37,-7,0,100000,18,0.00018,64,0.00064
37,-7,1,100000,39,0.00039,64,0.00064
37,-7,2,100000,27,0.00027,77,0.00077
37,-7,3,100000,24,0.00024,71,0.00071
37,-7,4,100000,28,0.00028,75,0.00075
37,-7,5,100000,15,0.00015,64,0.00064
37,-6,0,100000,35,0.00035,62,0.00062
37,-6,1,100000,29,0.00029,68,0.00068
37,-6,2,100000,32,0.00032,68,0.00068
37,-6,3,100000,14,0.00014,76,0.00076
37,-6,4,100000,19,0.00019,63,0.00063
37,-6,5,100000,19,0.00019,81,0.00081
37,-5,0,100000,39,0.00039,64,0.00064
37,-5,1,100000,33,0.00033,66,0.00066
37,-5,2,100000,22,0.00022,60,0.0006
37,-5,3,100000,21,0.00021,68,0.00068
37,-5,4,100000,28,0.00028,81,0.00081
37,-5,5,100000,42,0.00042,70,0.0007
37,-4,0,100000,21,0.00021,86,0.00086
37,-4,1,100000,45,0.00045,67,0.00067
37,-4,2,100000,40,0.0004,81,0.00081
37,-4,3,100000,40,0.0004,81,0.00081
37,-4,4,100000,24,0.00024,72,0.00072
37,-4,5,100000,18,0.00018,76,0.00076
37,-3,0,100000,40,0.0004,72,0.00072
37,-3,1,100000,27,0.00027,81,0.00081
37,-3,2,100000,26,0.00026,71,0.00071
37,-3,3,100000,37,0.00037,65,0.00065
37,-3,4,100000,33,0.00033,68,0.00068
37,-3,5,100000,49,0.00049,73,0.00073
37,-2,0,100000,23,0.00023,68,0.00068
37,-2,1,100000,38,0.00038,69,0.00069
37,-2,2,100000,27,0.00027,75,0.00075
37,-2,3,100000,30,0.0003,65,0.00065
37,-2,4,100000,31,0.00031,72,0.00072
37,-2,5,100000,24,0.00024,69,0.00069
37,-1,0,100000,41,0.00041,71,0.00071
37,-1,1,100000,20,0.0002,75,0.00075
37,-1,2,100000,36,0.00036,74,0.00074
37,-1,3,100000,26,0.00026,74,0.00074
37,-1,4,100000,30,0.0003,83,0.00083
37,-1,5,100000,30,0.0003,69,0.00069
37,0,0,100000,31,0.00031,57,0.00057
37,0,1,100000,31,0.00031,76,0.00076
37,0,2,100000,38,0.00038,71,0.00071
37,0,3,100000,37,0.00037,70,0.0007
37,0,4,100000,43,0.00043,70,0.0007
37,0,5,100000,26,0.00026,72,0.00072
37,1,0,100000,20,0.0002,72,0.00072
37,1,1,100000,31,0.00031,71,0.00071
37,1,2,100000,29,0.00029,60,0.0006
37,1,3,100000,17,0.00017,76,0.00076
37,1,4,100000,27,0.00027,74,0.00074
37,1,5,100000,19,0.00019,69,0.00069
37,2,0,100000,25,0.00025,64,0.00064
37,2,1,100000,28,0.00028,89,0.00089
37,2,2,100000,44,0.00044,87,0.00087
37,2,3,100000,30,0.0003,82,0.00082
37,2,4,100000,43,0.00043,82,0.00082
37,2,5,100000,43,0.00043,65,0.00065
37,3,0,100000,16,0.00016,84,0.00084
37,3,1,100000,31,0.00031,73,0.00073
37,3,2,100000,63,0.00063,90,0.0009
37,3,3,100000,34,0.00034,68,0.00068
37,3,4,100000,30,0.0003,68,0.00068
37,3,5,100000,23,0.00023,84,0.00084
37,4,0,100000,33,0.00033,75,0.00075
37,4,1,100000,12,0.00012,58,0.00058
37,4,2,100000,25,0.00025,53,0.00053
37,4,3,100000,31,0.00031,62,0.00062
37,4,4,100000,42,0.00042,64,0.00064
37,4,5,100000,23,0.00023,61,0.00061
37,5,0,100000,12,0.00012,63,0.00063
37,5,1,100000,17,0.00017,67,0.00067
37,5,2,100000,41,0.00041,74,0.00074
37,5,3,100000,44,0.00044,85,0.00085
37,5,4,100000,42,0.00042,73,0.00073
37,5,5,100000,17,0.00017,68,0.00068
37,6,0,100000,28,0.00028,69,0.00069
37,6,1,100000,33,0.00033,59,0.00059
37,6,2,100000,19,0.00019,77,0.00077
37,6,3,100000,31,0.00031,76,0.00076
37,6,4,100000,53,0.00053,83,0.00083
37,6,5,100000,22,0.00022,78,0.00078
37,7,0,100000,33,0.00033,75,0.00075
37,7,1,100000,21,0.00021,66,0.00066
37,7,2,100000,34,0.00034,74,0.00074
37,7,3,100000,32,0.00032,78,0.00078
37,7,4,100000,25,0.00025,74,0.00074
37,7,5,100000,44,0.00044,76,0.00076
37,8,0,100000,30,0.0003,60,0.0006
37,8,1,100000,14,0.00014,60,0.0006
37,8,2,100000,24,0.00024,75,0.00075
37,8,3,100000,16,0.00016,71,0.00071
37,8,4,100000,26,0.00026,69,0.00069
37,8,5,100000,45,0.00045,79,0.00079
37,9,0,100000,29,0.00029,69,0.00069
37,9,1,100000,20,0.0002,66,0.00066
37,9,2,100000,30,0.0003,72,0.00072
37,9,3,100000,19,0.00019,68,0.00068
37,9,4,100000,34,0.00034,76,0.00076
37,9,5,100000,24,0.00024,80,0.0008
37,10,0,100000,46,0.00046,63,0.00063
37,10,1,100000,40,0.0004,83,0.00083
37,10,2,100000,15,0.00015,79,0.00079
37,10,3,100000,18,0.00018,74,0.00074
37,10,4,100000,27,0.00027,67,0.00067
37,10,5,100000,32,0.00032,84,0.00084
37,11,0,100000,24,0.00024,75,0.00075
37,11,1,100000,23,0.00023,83,0.00083
37,11,2,100000,29,0.00029,74,0.00074
37,11,3,100000,25,0.00025,73,0.00073
37,11,4,100000,22,0.00022,76,0.00076
37,11,5,100000,29,0.00029,74,0.00074
37,12,0,100000,30,0.0003,85,0.00085
37,12,1,100000,36,0.00036,75,0.00075
37,12,2,100000,31,0.00031,80,0.0008
37,12,3,100000,30,0.0003,71,0.00071
37,12,4,100000,27,0.00027,65,0.00065
37,12,5,100000,25,0.00025,60,0.0006
37,13,0,100000,18,0.00018,63,0.00063
37,13,1,100000,31,0.00031,86,0.00086
37,13,2,100000,40,0.0004,84,0.00084
37,13,3,100000,36,0.00036,77,0.00077
37,13,4,100000,37,0.00037,64,0.00064
37,13,5,100000,49,0.00049,79,0.00079
37,14,0,100000,40,0.0004,90,0.0009
37,14,1,100000,14,0.00014,62,0.00062
37,14,2,100000,40,0.0004,73,0.00073
37,14,3,100000,19,0.00019,73,0.00073
37,14,4,100000,22,0.00022,54,0.00054
37,14,5,100000,41,0.00041,83,0.00083
37,15,0,100000,15,0.00015,63,0.00063
37,15,1,100000,47,0.00047,72,0.00072
37,15,2,100000,18,0.00018,64,0.00064
37,15,3,100000,37,0.00037,71,0.00071
37,15,4,100000,37,0.00037,74,0.00074
37,15,5,100000,26,0.00026,61,0.00061
37,16,0,100000,40,0.0004,84,0.00084
37,16,1,100000,30,0.0003,80,0.0008
37,16,2,100000,28,0.00028,71,0.00071
37,16,3,100000,20,0.0002,63,0.00063
37,16,4,100000,23,0.00023,61,0.00061
37,16,5,100000,28,0.00028,83,0.00083
37,17,0,100000,32,0.00032,70,0.0007
37,17,1,100000,26,0.00026,53,0.00053
37,17,2,100000,29,0.00029,71,0.00071
37,17,3,100000,25,0.00025,58,0.00058
37,17,4,100000,21,0.00021,65,0.00065
37,17,5,100000,52,0.00052,88,0.00088
37,18,0,100000,25,0.00025,73,0.00073
37,18,1,100000,23,0.00023,78,0.00078
37,18,2,100000,19,0.00019,66,0.00066
37,18,3,100000,41,0.00041,69,0.00069
37,18,4,100000,29,0.00029,79,0.00079
37,18,5,100000,31,0.00031,93,0.00093
37,19,0,100000,29,0.00029,75,0.00075
37,19,1,100000,29,0.00029,80,0.0008
37,19,2,100000,33,0.00033,71,0.00071
37,19,3,100000,30,0.0003,79,0.00079
37,19,4,100000,22,0.00022,55,0.00055
37,19,5,100000,17,0.00017,74,0.00074
37,20,0,100000,27,0.00027,71,0.00071
37,20,1,100000,23,0.00023,66,0.00066
37,20,2,100000,24,0.00024,50,0.0005
37,20,3,100000,24,0.00024,68,0.00068
37,20,4,100000,28,0.00028,70,0.0007
37,20,5,100000,41,0.00041,73,0.00073
37,21,0,100000,28,0.00028,45,0.00045
37,21,1,100000,33,0.00033,69,0.00069
37,21,2,100000,23,0.00023,86,0.00086
37,21,3,100000,22,0.00022,63,0.00063
37,21,4,100000,32,0.00032,79,0.00079
37,21,5,100000,33,0.00033,70,0.0007
37,22,0,100000,27,0.00027,70,0.0007
37,22,1,100000,28,0.00028,68,0.00068
37,22,2,100000,25,0.00025,78,0.00078
37,22,3,100000,22,0.00022,85,0.00085
37,22,4,100000,24,0.00024,62,0.00062
37,22,5,100000,23,0.00023,68,0.00068
37,23,0,100000,27,0.00027,51,0.00051
37,23,1,100000,16,0.00016,68,0.00068
37,23,2,100000,40,0.0004,67,0.00067
37,23,3,100000,41,0.00041,67,0.00067
37,23,4,100000,39,0.00039,62,0.00062
37,23,5,100000,31,0.00031,67,0.00067
37,24,0,100000,46,0.00046,79,0.00079
37,24,1,100000,26,0.00026,73,0.00073
37,24,2,100000,21,0.00021,82,0.00082
37,24,3,100000,34,0.00034,73,0.00073
37,24,4,100000,34,0.00034,88,0.00088
37,24,5,100000,30,0.0003,75,0.00075
37,25,0,100000,30,0.0003,78,0.00078
37,25,1,100000,32,0.00032,76,0.00076
37,25,2,100000,32,0.00032,80,0.0008
37,25,3,100000,18,0.00018,69,0.00069
37,25,4,100000,14,0.00014,73,0.00073
37,25,5,100000,30,0.0003,66,0.00066
37,26,0,100000,24,0.00024,58,0.00058
37,26,1,100000,24,0.00024,74,0.00074
37,26,2,100000,11,0.00011,76,0.00076
37,26,3,100000,28,0.00028,66,0.00066
37,26,4,100000,15,0.00015,60,0.0006
37,26,5,100000,31,0.00031,66,0.00066
37,27,0,100000,18,0.00018,59,0.00059
37,27,1,100000,28,0.00028,73,0.00073
37,27,2,100000,39,0.00039,81,0.00081
37,27,3,100000,19,0.00019,69,0.00069
37,27,4,100000,28,0.00028,71,0.00071
37,27,5,100000,33,0.00033,76,0.00076
37,28,0,100000,41,0.00041,73,0.00073
37,28,1,100000,11,0.00011,59,0.00059
37,28,2,100000,20,0.0002,78,0.00078
37,28,3,100000,21,0.00021,68,0.00068
37,28,4,100000,29,0.00029,78,0.00078
37,28,5,100000,18,0.00018,73,0.00073
37,29,0,100000,36,0.00036,74,0.00074
37,29,1,100000,32,0.00032,76,0.00076
37,29,2,100000,45,0.00045,68,0.00068
37,29,3,100000,29,0.00029,75,0.00075
37,29,4,100000,26,0.00026,64,0.00064
37,29,5,100000,27,0.00027,94,0.00094
37,30,0,100000,47,0.00047,93,0.00093
37,30,1,100000,19,0.00019,85,0.00085
37,30,2,100000,39,0.00039,78,0.00078
37,30,3,100000,41,0.00041,83,0.00083
37,30,4,100000,37,0.00037,88,0.00088
37,30,5,100000,19,0.00019,68,0.00068
37,31,0,100000,26,0.00026,86,0.00086
37,31,1,100000,31,0.00031,72,0.00072
37,31,2,100000,26,0.00026,61,0.00061
37,31,3,100000,16,0.00016,66,0.00066
37,31,4,100000,38,0.00038,79,0.00079
37,31,5,100000,38,0.00038,78,0.00078
37,32,0,100000,38,0.00038,83,0.00083
37,32,1,100000,24,0.00024,72,0.00072
37,32,2,100000,24,0.00024,62,0.00062
37,32,3,100000,39,0.00039,85,0.00085
37,32,4,100000,15,0.00015,79,0.00079
37,32,5,100000,30,0.0003,82,0.00082
37,33,0,100000,35,0.00035,68,0.00068
37,33,1,100000,29,0.00029,75,0.00075
37,33,2,100000,25,0.00025,74,0.00074
37,33,3,100000,49,0.00049,83,0.00083
37,33,4,100000,30,0.0003,60,0.0006
37,33,5,100000,35,0.00035,63,0.00063
37,34,0,100000,44,0.00044,73,0.00073
37,34,1,100000,23,0.00023,78,0.00078
37,34,2,100000,34,0.00034,75,0.00075
37,34,3,100000,32,0.00032,82,0.00082
37,34,4,100000,31,0.00031,64,0.00064
37,34,5,100000,36,0.00036,74,0.00074
37,35,0,100000,32,0.00032,73,0.00073
37,35,1,100000,28,0.00028,81,0.00081
37,35,2,100000,33,0.00033,68,0.00068
37,35,3,100000,25,0.00025,56,0.00056
37,35,4,100000,18,0.00018,70,0.0007
37,35,5,100000,25,0.00025,76,0.00076
37,36,0,100000,32,0.00032,70,0.0007
37,36,1,100000,17,0.00017,58,0.00058
37,36,2,100000,15,0.00015,72,0.00072
37,36,3,100000,38,0.00038,83,0.00083
37,36,4,100000,28,0.00028,74,0.00074
37,36,5,100000,22,0.00022,64,0.00064
37,37,0,100000,20,0.0002,73,0.00073
37,37,1,100000,31,0.00031,79,0.00079
37,37,2,100000,40,0.0004,74,0.00074
37,37,3,100000,25,0.00025,71,0.00071
37,37,4,100000,38,0.00038,76,0.00076
37,37,5,100000,27,0.00027,66,0.00066
37,38,0,100000,46,0.00046,80,0.0008
37,38,1,100000,25,0.00025,78,0.00078
37,38,2,100000,31,0.00031,62,0.00062
37,38,3,100000,27,0.00027,74,0.00074
37,38,4,100000,29,0.00029,67,0.00067
37,38,5,100000,22,0.00022,65,0.00065
37,39,0,100000,33,0.00033,85,0.00085
37,39,1,100000,40,0.0004,73,0.00073
37,39,2,100000,22,0.00022,76,0.00076
37,39,3,100000,24,0.00024,70,0.0007
37,39,4,100000,18,0.00018,70,0.0007
37,39,5,100000,31,0.00031,62,0.00062
37,40,0,100000,26,0.00026,65,0.00065
37,40,1,100000,23,0.00023,49,0.00049
37,40,2,100000,30,0.0003,65,0.00065
37,40,3,100000,48,0.00048,85,0.00085
37,40,4,100000,24,0.00024,70,0.0007
37,40,5,100000,27,0.00027,71,0.00071
37,41,0,100000,31,0.00031,71,0.00071
37,41,1,100000,31,0.00031,64,0.00064
37,41,2,100000,27,0.00027,75,0.00075
37,41,3,100000,32,0.00032,74,0.00074
37,41,4,100000,24,0.00024,63,0.00063
37,41,5,100000,25,0.00025,76,0.00076
37,42,0,100000,24,0.00024,75,0.00075
37,42,1,100000,49,0.00049,72,0.00072
37,42,2,100000,17,0.00017,68,0.00068
37,42,3,100000,45,0.00045,74,0.00074
37,42,4,100000,40,0.0004,96,0.00096
37,42,5,100000,54,0.00054,88,0.00088
37,43,0,100000,21,0.00021,83,0.00083
37,43,1,100000,25,0.00025,76,0.00076
37,43,2,100000,31,0.00031,72,0.00072
37,43,3,100000,33,0.00033,78,0.00078
37,43,4,100000,25,0.00025,64,0.00064
37,43,5,100000,20,0.0002,70,0.0007
37,44,0,100000,26,0.00026,76,0.00076
37,44,1,100000,21,0.00021,68,0.00068
37,44,2,100000,27,0.00027,74,0.00074
37,44,3,100000,32,0.00032,63,0.00063
37,44,4,100000,34,0.00034,72,0.00072
37,44,5,100000,28,0.00028,80,0.0008
37,45,0,100000,26,0.00026,68,0.00068
37,45,1,100000,42,0.00042,67,0.00067
37,45,2,100000,35,0.00035,71,0.00071
37,45,3,100000,35,0.00035,84,0.00084
37,45,4,100000,33,0.00033,78,0.00078
37,45,5,100000,32,0.00032,67,0.00067
37,46,0,100000,20,0.0002,81,0.00081
37,46,1,100000,26,0.00026,75,0.00075
37,46,2,100000,17,0.00017,84,0.00084
37,46,3,100000,31,0.00031,68,0.00068
37,46,4,100000,51,0.00051,86,0.00086
37,46,5,100000,30,0.0003,91,0.00091
37,47,0,100000,36,0.00036,73,0.00073
37,47,1,100000,25,0.00025,80,0.0008
37,47,2,100000,26,0.00026,75,0.00075
37,47,3,100000,40,0.0004,81,0.00081
37,47,4,100000,38,0.00038,69,0.00069
37,47,5,100000,19,0.00019,65,0.00065
37,48,0,100000,24,0.00024,76,0.00076
37,48,1,100000,29,0.00029,60,0.0006
37,48,2,100000,49,0.00049,74,0.00074
37,48,3,100000,43,0.00043,62,0.00062
37,48,4,100000,32,0.00032,69,0.00069
37,48,5,100000,19,0.00019,72,0.00072
37,49,0,100000,23,0.00023,74,0.00074
37,49,1,100000,21,0.00021,66,0.00066
37,49,2,100000,35,0.00035,75,0.00075
37,49,3,100000,39,0.00039,71,0.00071
37,49,4,100000,24,0.00024,70,0.0007
37,49,5,100000,17,0.00017,83,0.00083
37,50,0,100000,48,0.00048,59,0.00059
37,50,1,100000,43,0.00043,91,0.00091
37,50,2,100000,36,0.00036,75,0.00075
37,50,3,100000,20,0.0002,49,0.00049
37,50,4,100000,47,0.00047,80,0.0008
37,50,5,100000,13,0.00013,82,0.00082
38,-50,0,100000,22,0.00022,66,0.00066
38,-50,1,100000,29,0.00029,78,0.00078
38,-50,2,100000,30,0.0003,73,0.00073
38,-50,3,100000,33,0.00033,69,0.00069
38,-50,4,100000,22,0.00022,71,0.00071
38,-50,5,100000,37,0.00037,77,0.00077
38,-49,0,100000,23,0.00023,75,0.00075
38,-49,1,100000,24,0.00024,64,0.00064
38,-49,2,100000,45,0.00045,80,0.0008
38,-49,3,100000,29,0.00029,51,0.00051
38,-49,4,100000,35,0.00035,80,0.0008
38,-49,5,100000,26,0.00026,66,0.00066
38,-48,0,100000,25,0.00025,73,0.00073
38,-48,1,100000,24,0.00024,78,0.00078
38,-48,2,100000,30,0.0003,86,0.00086
38,-48,3,100000,31,0.00031,71,0.00071
38,-48,4,100000,31,0.00031,74,0.00074
38,-48,5,100000,22,0.00022,67,0.00067
38,-47,0,100000,24,0.00024,77,0.00077
38,-47,1,100000,30,0.0003,70,0.0007
38,-47,2,100000,37,0.00037,73,0.00073
38,-47,3,100000,23,0.00023,70,0.0007
38,-47,4,100000,39,0.00039,90,0.0009
38,-47,5,100000,33,0.00033,85,0.00085
38,-46,0,100000,25,0.00025,73,0.00073
38,-46,1,100000,22,0.00022,74,0.00074
38,-46,2,100000,35,0.00035,78,0.00078
38,-46,3,100000,35,0.00035,71,0.00071
38,-46,4,100000,31,0.00031,80,0.0008
38,-46,5,100000,33,0.00033,82,0.00082
38,-45,0,100000,50,0.0005,65,0.00065
38,-45,1,100000,21,0.00021,67,0.00067
38,-45,2,100000,23,0.00023,69,0.00069
38,-45,3,100000,33,0.00033,68,0.00068
38,-45,4,100000,38,0.00038,71,0.00071
38,-45,5,100000,39,0.00039,77,0.00077
38,-44,0,100000,28,0.00028,72,0.00072
38,-44,1,100000,43,0.00043,81,0.00081
38,-44,2,100000,39,0.00039,79,0.00079
38,-44,3,100000,38,0.00038,87,0.00087
38,-44,4,100000,15,0.00015,66,0.00066
38,-44,5,100000,28,0.00028,73,0.00073
38,-43,0,100000,33,0.00033,70,0.0007
38,-43,1,100000,18,0.00018,59,0.00059
38,-43,2,100000,34,0.00034,76,0.00076
38,-43,3,100000,25,0.00025,65,0.00065
38,-43,4,100000,21,0.00021,76,0.00076
38,-43,5,100000,40,0.0004,69,0.00069
38,-42,0,100000,41,0.00041,70,0.0007
38,-42,1,100000,18,0.00018,78,0.00078
38,-42,2,100000,41,0.00041,81,0.00081
38,-42,3,100000,15,0.00015,62,0.00062
38,-42,4,100000,56,0.00056,97,0.00097
38,-42,5,100000,35,0.00035,72,0.00072
38,-41,0,100000,30,0.0003,73,0.00073
38,-41,1,100000,25,0.00025,72,0.00072
38,-41,2,100000,34,0.00034,73,0.00073
38,-41,3,100000,49,0.00049,72,0.00072
38,-41,4,100000,23,0.00023,70,0.0007
38,-41,5,100000,24,0.00024,68,0.00068
38,-40,0,100000,27,0.00027,75,0.00075
38,-40,1,100000,30,0.0003,63,0.00063
38,-40,2,100000,29,0.00029,65,0.00065
38,-40,3,100000,33,0.00033,51,0.00051
38,-40,4,100000,24,0.00024,73,0.00073
38,-40,5,100000,29,0.00029,76,0.00076
38,-39,0,100000,40,0.0004,68,0.00068
38,-39,1,100000,35,0.00035,74,0.00074
38,-39,2,100000,27,0.00027,73,0.00073
38,-39,3,100000,16,0.00016,55,0.00055
38,-39,4,100000,41,0.00041,79,0.00079
38,-39,5,100000,18,0.00018,82,0.00082
38,-38,0,100000,24,0.00024,69,0.00069
38,-38,1,100000,37,0.00037,91,0.00091
38,-38,2,100000,44,0.00044,75,0.00075
38,-38,3,100000,22,0.00022,78,0.00078
38,-38,4,100000,42,0.00042,89,0.00089
38,-38,5,100000,28,0.00028,73,0.00073
38,-37,0,100000,38,0.00038,83,0.00083
38,-37,1,100000,27,0.00027,74,0.00074
38,-37,2,100000,26,0.00026,69,0.00069
38,-37,3,100000,25,0.00025,77,0.00077
38,-37,4,100000,22,0.00022,68,0.00068
38,-37,5,100000,27,0.00027,65,0.00065
38,-36,0,100000,37,0.00037,83,0.00083
38,-36,1,100000,28,0.00028,76,0.00076
38,-36,2,100000,38,0.00038,78,0.00078
38,-36,3,100000,18,0.00018,67,0.00067
38,-36,4,100000,33,0.00033,72,0.00072
38,-36,5,100000,37,0.00037,76,0.00076
38,-35,0,100000,32,0.00032,75,0.00075
38,-35,1,100000,20,0.0002,62,0.00062
38,-35,2,100000,39,0.00039,71,0.00071
38,-35,3,100000,22,0.00022,66,0.00066
38,-35,4,100000,42,0.00042,84,0.00084
38,-35,5,100000,27,0.00027,78,0.00078
38,-34,0,100000,40,0.0004,73,0.00073
38,-34,1,100000,30,0.0003,63,0.00063
38,-34,2,100000,43,0.00043,86,0.00086
38,-34,3,100000,32,0.00032,64,0.00064
38,-34,4,100000,25,0.00025,62,0.00062
38,-34,5,100000,28,0.00028,87,0.00087
38,-33,0,100000,42,0.00042,77,0.00077
38,-33,1,100000,35,0.00035,75,0.00075
38,-33,2,100000,31,0.00031,68,0.00068
38,-33,3,100000,27,0.00027,70,0.0007
38,-33,4,100000,14,0.00014,75,0.00075
38,-33,5,100000,20,0.0002,67,0.00067
38,-32,0,100000,30,0.0003,81,0.00081
38,-32,1,100000,40,0.0004,80,0.0008
38,-32,2,100000,26,0.00026,69,0.00069
38,-32,3,100000,26,0.00026,63,0.00063
38,-32,4,100000,23,0.00023,78,0.00078
38,-32,5,100000,41,0.00041,71,0.00071
38,-31,0,100000,43,0.00043,61,0.00061
38,-31,1,100000,22,0.00022,64,0.00064
38,-31,2,100000,26,0.00026,72,0.00072
38,-31,3,100000,10,0.0001,60,0.0006
38,-31,4,100000,25,0.00025,76,0.00076
38,-31,5,100000,32,0.00032,77,0.00077
38,-30,0,100000,30,0.0003,75,0.00075
38,-30,1,100000,14,0.00014,61,0.00061
38,-30,2,100000,30,0.0003,71,0.00071
38,-30,3,100000,25,0.00025,65,0.00065
38,-30,4,100000,37,0.00037,78,0.00078
38,-30,5,100000,40,0.0004,73,0.00073
38,-29,0,100000,40,0.0004,82,0.00082
38,-29,1,100000,13,0.00013,65,0.00065
38,-29,2,100000,50,0.0005,68,0.00068
38,-29,3,100000,22,0.00022,60,0.0006
38,-29,4,100000,36,0.00036,81,0.00081
38,-29,5,100000,38,0.00038,87,0.00087
38,-28,0,100000,33,0.00033,73,0.00073
38,-28,1,100000,55,0.00055,87,0.00087
38,-28,2,100000,25,0.00025,58,0.00058
38,-28,3,100000,34,0.00034,87,0.00087
38,-28,4,100000,34,0.00034,68,0.00068
38,-28,5,100000,21,0.00021,44,0.00044
38,-27,0,100000,22,0.00022,69,0.00069
38,-27,1,100000,46,0.00046,82,0.00082
38,-27,2,100000,27,0.00027,74,0.00074
38,-27,3,100000,27,0.00027,64,0.00064
38,-27,4,100000,23,0.00023,80,0.0008
38,-27,5,100000,31,0.00031,76,0.00076
38,-26,0,100000,27,0.00027,79,0.00079
38,-26,1,100000,28,0.00028,76,0.00076
38,-26,2,100000,35,0.00035,67,0.00067
38,-26,3,100000,38,0.00038,81,0.00081
38,-26,4,100000,26,0.00026,65,0.00065
38,-26,5,100000,24,0.00024,75,0.00075
38,-25,0,100000,25,0.00025,62,0.00062
38,-25,1,100000,24,0.00024,75,0.00075
38,-25,2,100000,29,0.00029,59,0.00059
38,-25,3,100000,28,0.00028,79,0.00079
38,-25,4,100000,19,0.00019,70,0.0007
38,-25,5,100000,55,0.00055,74,0.00074
38,-24,0,100000,28,0.00028,77,0.00077
38,-24,1,100000,43,0.00043,79,0.00079
38,-24,2,100000,15,0.00015,70,0.0007
38,-24,3,100000,23,0.00023,58,0.00058
38,-24,4,100000,33,0.00033,62,0.00062
38,-24,5,100000,34,0.00034,61,0.00061
38,-23,0,100000,10,0.0001,64,0.00064
38,-23,1,100000,23,0.00023,70,0.0007
38,-23,2,100000,21,0.00021,73,0.00073
38,-23,3,100000,19,0.00019,71,0.00071
38,-23,4,100000,55,0.00055,85,0.00085
38,-23,5,100000,33,0.00033,76,0.00076
38,-22,0,100000,30,0.0003,67,0.00067
38,-22,1,100000,15,0.00015,58,0.00058
38,-22,2,100000,17,0.00017,55,0.00055
38,-22,3,100000,34,0.00034,64,0.00064
38,-22,4,100000,26,0.00026,84,0.00084
38,-22,5,100000,38,0.00038,82,0.00082
38,-21,0,100000,17,0.00017,61,0.00061
38,-21,1,100000,26,0.00026,69,0.00069
38,-21,2,100000,30,0.0003,64,0.00064
38,-21,3,100000,26,0.00026,65,0.00065
38,-21,4,100000,22,0.00022,70,0.0007
38,-21,5,100000,29,0.00029,70,0.0007
38,-20,0,100000,36,0.00036,65,0.00065
38,-20,1,100000,24,0.00024,68,0.00068
38,-20,2,100000,21,0.00021,72,0.00072
38,-20,3,100000,30,0.0003,65,0.00065
38,-20,4,100000,38,0.00038,65,0.00065
38,-20,5,100000,44,0.00044,83,0.00083
38,-19,0,100000,34,0.00034,64,0.00064
38,-19,1,100000,32,0.00032,72,0.00072
38,-19,2,100000,26,0.00026,80,0.0008
38,-19,3,100000,18,0.00018,57,0.00057
38,-19,4,100000,27,0.00027,83,0.00083
38,-19,5,100000,12,0.00012,64,0.00064
38,-18,0,100000,32,0.00032,81,0.00081
38,-18,1,100000,21,0.00021,70,0.0007
38,-18,2,100000,43,0.00043,79,0.00079
38,-18,3,100000,28,0.00028,74,0.00074
38,-18,4,100000,24,0.00024,52,0.00052
38,-18,5,100000,11,0.00011,72,0.00072
38,-17,0,100000,32,0.00032,79,0.00079
38,-17,1,100000,14,0.00014,67,0.00067
38,-17,2,100000,42,0.00042,76,0.00076
38,-17,3,100000,25,0.00025,72,0.00072
38,-17,4,100000,24,0.00024,60,0.0006
38,-17,5,100000,22,0.00022,56,0.00056
38,-16,0,100000,31,0.00031,69,0.00069
38,-16,1,100000,27,0.00027,54,0.00054
38,-16,2,100000,22,0.00022,74,0.00074
38,-16,3,100000,28,0.00028,72,0.00072
38,-16,4,100000,35,0.00035,62,0.00062
38,-16,5,100000,48,0.00048,76,0.00076
38,-15,0,100000,16,0.00016,64,0.00064
38,-15,1,100000,45,0.00045,72,0.00072
38,-15,2,100000,21,0.00021,68,0.00068
38,-15,3,100000,15,0.00015,63,0.00063
38,-15,4,100000,33,0.00033,87,0.00087
38,-15,5,100000,21,0.00021,71,0.00071
38,-14,0,100000,38,0.00038,80,0.0008
38,-14,1,100000,12,0.00012,60,0.0006
38,-14,2,100000,31,0.00031,69,0.00069
38,-14,3,100000,40,0.0004,76,0.00076
38,-14,4,100000,38,0.00038,79,0.00079
38,-14,5,100000,35,0.00035,81,0.00081
38,-13,0,100000,29,0.00029,79,0.00079
38,-13,1,100000,36,0.00036,63,0.00063
38,-13,2,100000,55,0.00055,98,0.00098
38,-13,3,100000,18,0.00018,69,0.00069
38,-13,4,100000,20,0.0002,59,0.00059
38,-13,5,100000,22,0.00022,66,0.00066
38,-12,0,100000,39,0.00039,74,0.00074
38,-12,1,100000,25,0.00025,65,0.00065
38,-12,2,100000,35,0.00035,69,0.00069
38,-12,3,100000,37,0.00037,68,0.00068
38,-12,4,100000,37,0.00037,74,0.00074
38,-12,5,100000,32,0.00032,72,0.00072
38,-11,0,100000,15,0.00015,56,0.00056
38,-11,1,100000,51,0.00051,83,0.00083
38,-11,2,100000,26,0.00026,84,0.00084
38,-11,3,100000,27,0.00027,79,0.00079
38,-11,4,100000,37,0.00037,66,0.00066
38,-11,5,100000,32,0.00032,70,0.0007
38,-10,0,100000,29,0.00029,70,0.0007
38,-10,1,100000,24,0.00024,72,0.00072
38,-10,2,100000,13,0.00013,60,0.0006
38,-10,3,100000,21,0.00021,62,0.00062
38,-10,4,100000,35,0.00035,69,0.00069
38,-10,5,100000,38,0.00038,67,0.00067
38,-9,0,100000,35,0.00035,75,0.00075
38,-9,1,100000,23,0.00023,75,0.00075
38,-9,2,100000,15,0.00015,54,0.00054
38,-9,3,100000,37,0.00037,70,0.0007
38,-9,4,100000,42,0.00042,86,0.00086
38,-9,5,100000,25,0.00025,79,0.00079
38,-8,0,100000,27,0.00027,72,0.00072
38,-8,1,100000,36,0.00036,78,0.00078
38,-8,2,100000,27,0.00027,71,0.00071
38,-8,3,100000,40,0.0004,74,0.00074
38,-8,4,100000,34,0.00034,83,0.00083
38,-8,5,100000,46,0.00046,73,0.00073
38,-7,0,100000,35,0.00035,76,0.00076
38,-7,1,100000,20,0.0002,76,0.00076
38,-7,2,100000,31,0.00031,73,0.00073
38,-7,3,100000,36,0.00036,84,0.00084
38,-7,4,100000,30,0.0003,70,0.0007
38,-7,5,100000,52,0.00052,97,0.00097
38,-6,0,100000,33,0.00033,65,0.00065
38,-6,1,100000,39,0.00039,73,0.00073
38,-6,2,100000,23,0.00023,83,0.00083
38,-6,3,100000,24,0.00024,69,0.00069
38,-6,4,100000,34,0.00034,59,0.00059
38,-6,5,100000,42,0.00042,92,0.00092
38,-5,0,100000,26,0.00026,83,0.00083
38,-5,1,100000,37,0.00037,71,0.00071
38,-5,2,100000,31,0.00031,76,0.00076
38,-5,3,100000,15,0.00015,65,0.00065
38,-5,4,100000,33,0.00033,71,0.00071
38,-5,5,100000,30,0.0003,71,0.00071
38,-4,0,100000,19,0.00019,70,0.0007
38,-4,1,100000,23,0.00023,52,0.00052
38,-4,2,100000,29,0.00029,81,0.00081
38,-4,3,100000,33,0.00033,78,0.00078
38,-4,4,100000,29,0.00029,70,0.0007
38,-4,5,100000,46,0.00046,76,0.00076
38,-3,0,100000,39,0.00039,83,0.00083
38,-3,1,100000,29,0.00029,72,0.00072
38,-3,2,100000,42,0.00042,71,0.00071
38,-3,3,100000,33,0.00033,86,0.00086
38,-3,4,100000,33,0.00033,67,0.00067
38,-3,5,100000,15,0.00015,67,0.00067
38,-2,0,100000,23,0.00023,76,0.00076
38,-2,1,100000,21,0.00021,77,0.00077
38,-2,2,100000,27,0.00027,55,0.00055
38,-2,3,100000,49,0.00049,65,0.00065
38,-2,4,100000,43,0.00043,69,0.00069
38,-2,5,100000,25,0.00025,95,0.00095
38,-1,0,100000,49,0.00049,77,0.00077
38,-1,1,100000,21,0.00021,89,0.00089
38,-1,2,100000,39,0.00039,72,0.00072
38,-1,3,100000,37,0.00037,63,0.00063
38,-1,4,100000,25,0.00025,72,0.00072
38,-1,5,100000,29,0.00029,77,0.00077
38,0,0,100000,21,0.00021,69,0.00069
38,0,1,100000,35,0.00035,70,0.0007
38,0,2,100000,27,0.00027,60,0.0006
38,0,3,100000,34,0.00034,88,0.00088
38,0,4,100000,30,0.0003,95,0.00095
38,0,5,100000,34,0.00034,94,0.00094
38,1,0,100000,42,0.00042,82,0.00082
38,1,1,100000,28,0.00028,57,0.00057
38,1,2,100000,23,0.00023,59,0.00059
38,1,3,100000,35,0.00035,73,0.00073
38,1,4,100000,26,0.00026,61,0.00061
38,1,5,100000,23,0.00023,58,0.00058
38,2,0,100000,32,0.00032,80,0.0008
38,2,1,100000,23,0.00023,84,0.00084
38,2,2,100000,28,0.00028,79,0.00079
38,2,3,100000,13,0.00013,80,0.0008
38,2,4,100000,34,0.00034,84,0.00084
38,2,5,100000,34,0.00034,60,0.0006
38,3,0,100000,40,0.0004,78,0.00078
38,3,1,100000,24,0.00024,75,0.00075
38,3,2,100000,17,0.00017,68,0.00068
38,3,3,100000,33,0.00033,76,0.00076
38,3,4,100000,32,0.00032,64,0.00064
38,3,5,100000,33,0.00033,71,0.00071
38,4,0,100000,23,0.00023,57,0.00057
38,4,1,100000,44,0.00044,63,0.00063
38,4,2,100000,35,0.00035,78,0.00078
38,4,3,100000,31,0.00031,73,0.00073
38,4,4,100000,35,0.00035,76,0.00076
38,4,5,100000,23,0.00023,68,0.00068
38,5,0,100000,33,0.00033,83,0.00083
38,5,1,100000,29,0.00029,67,0.00067
38,5,2,100000,34,0.00034,74,0.00074
38,5,3,100000,39,0.00039,77,0.00077
38,5,4,100000,15,0.00015,81,0.00081
38,5,5,100000,33,0.00033,71,0.00071
38,6,0,100000,29,0.00029,82,0.00082
38,6,1,100000,13,0.00013,56,0.00056
38,6,2,100000,32,0.00032,73,0.00073
38,6,3,100000,9,9e-05,65,0.00065
38,6,4,100000,35,0.00035,73,0.00073
38,6,5,100000,39,0.00039,53,0.00053
38,7,0,100000,27,0.00027,67,0.00067
38,7,1,100000,32,0.00032,87,0.00087
38,7,2,100000,22,0.00022,56,0.00056
38,7,3,100000,39,0.00039,75,0.00075
38,7,4,100000,27,0.00027,75,0.00075
38,7,5,100000,33,0.00033,61,0.00061
38,8,0,100000,40,0.0004,80,0.0008
38,8,1,100000,52,0.00052,78,0.00078
38,8,2,100000,26,0.00026,74,0.00074
38,8,3,100000,63,0.00063,78,0.00078
38,8,4,100000,16,0.00016,61,0.00061
38,8,5,100000,35,0.00035,87,0.00087
38,9,0,100000,33,0.00033,68,0.00068
38,9,1,100000,31,0.00031,78,0.00078
38,9,2,100000,25,0.00025,71,0.00071
38,9,3,100000,27,0.00027,78,0.00078
38,9,4,100000,36,0.00036,75,0.00075
38,9,5,100000,43,0.00043,84,0.00084
38,10,0,100000,27,0.00027,72,0.00072
38,10,1,100000,32,0.00032,76,0.00076
38,10,2,100000,39,0.00039,73,0.00073
38,10,3,100000,51,0.00051,65,0.00065
38,10,4,100000,36,0.00036,77,0.00077
38,10,5,100000,14,0.00014,72,0.00072
38,11,0,100000,42,0.00042,78,0.00078
38,11,1,100000,24,0.00024,74,0.00074
38,11,2,100000,33,0.00033,59,0.00059
38,11,3,100000,19,0.00019,77,0.00077
38,11,4,100000,24,0.00024,80,0.0008
38,11,5,100000,27,0.00027,73,0.00073
38,12,0,100000,29,0.00029,63,0.00063
38,12,1,100000,19,0.00019,70,0.0007
38,12,2,100000,23,0.00023,80,0.0008
38,12,3,100000,35,0.00035,71,0.00071
38,12,4,100000,38,0.00038,85,0.00085
38,12,5,100000,44,0.00044,67,0.00067
38,13,0,100000,35,0.00035,76,0.00076
38,13,1,100000,25,0.00025,90,0.0009
38,13,2,100000,36,0.00036,74,0.00074
38,13,3,100000,41,0.00041,60,0.0006
38,13,4,100000,33,0.00033,72,0.00072
38,13,5,100000,33,0.00033,87,0.00087
38,14,0,100000,33,0.00033,66,0.00066
38,14,1,100000,32,0.00032,81,0.00081
38,14,2,100000,36,0.00036,79,0.00079
38,14,3,100000,37,0.00037,80,0.0008
38,14,4,100000,30,0.0003,58,0.00058
38,14,5,100000,22,0.00022,65,0.00065
38,15,0,100000,34,0.00034,63,0.00063
38,15,1,100000,24,0.00024,58,0.00058
38,15,2,100000,37,0.00037,75,0.00075
38,15,3,100000,23,0.00023,78,0.00078
38,15,4,100000,48,0.00048,76,0.00076
38,15,5,100000,31,0.00031,65,0.00065
38,16,0,100000,28,0.00028,70,0.0007
38,16,1,100000,45,0.00045,82,0.00082
38,16,2,100000,35,0.00035,70,0.0007
38,16,3,100000,26,0.00026,76,0.00076
38,16,4,100000,19,0.00019,62,0.00062
38,16,5,100000,44,0.00044,67,0.00067
38,17,0,100000,33,0.00033,72,0.00072
38,17,1,100000,28,0.00028,70,0.0007
38,17,2,100000,31,0.00031,78,0.00078
38,17,3,100000,27,0.00027,55,0.00055
38,17,4,100000,33,0.00033,65,0.00065
38,17,5,100000,21,0.00021,71,0.00071
38,18,0,100000,29,0.00029,77,0.00077
38,18,1,100000,53,0.00053,83,0.00083
38,18,2,100000,18,0.00018,71,0.00071
38,18,3,100000,30,0.0003,84,0.00084
38,18,4,100000,19,0.00019,67,0.00067
38,18,5,100000,35,0.00035,79,0.00079
38,19,0,100000,19,0.00019,77,0.00077
38,19,1,100000,17,0.00017,63,0.00063
38,19,2,100000,40,0.0004,76,0.00076
38,19,3,100000,35,0.00035,72,0.00072
38,19,4,100000,16,0.00016,65,0.00065
38,19,5,100000,25,0.00025,67,0.00067
38,20,0,100000,40,0.0004,77,0.00077
38,20,1,100000,32,0.00032,74,0.00074
38,20,2,100000,21,0.00021,65,0.00065
38,20,3,100000,28,0.00028,66,0.00066
38,20,4,100000,31,0.00031,77,0.00077
38,20,5,100000,37,0.00037,89,0.00089
38,21,0,100000,51,0.00051,71,0.00071
38,21,1,100000,26,0.00026,68,0.00068
38,21,2,100000,31,0.00031,53,0.00053
38,21,3,100000,45,0.00045,87,0.00087
38,21,4,100000,23,0.00023,75,0.00075
38,21,5,100000,24,0.00024,72,0.00072
38,22,0,100000,34,0.00034,70,0.0007
38,22,1,100000,28,0.00028,80,0.0008
38,22,2,100000,26,0.00026,76,0.00076
38,22,3,100000,22,0.00022,69,0.00069
38,22,4,100000,26,0.00026,77,0.00077
38,22,5,100000,27,0.00027,71,0.00071
38,23,0,100000,21,0.00021,64,0.00064
38,23,1,100000,28,0.00028,71,0.00071
38,23,2,100000,63,0.00063,86,0.00086
38,23,3,100000,29,0.00029,69,0.00069
38,23,4,100000,25,0.00025,80,0.0008
38,23,5,100000,28,0.00028,83,0.00083
38,24,0,100000,39,0.00039,74,0.00074
38,24,1,100000,24,0.00024,65,0.00065
38,24,2,100000,23,0.00023,70,0.0007
38,24,3,100000,13,0.00013,69,0.00069
38,24,4,100000,36,0.00036,74,0.00074
38,24,5,100000,28,0.00028,80,0.0008
38,25,0,100000,41,0.00041,85,0.00085
38,25,1,100000,18,0.00018,70,0.0007
38,25,2,100000,38,0.00038,83,0.00083
38,25,3,100000,39,0.00039,87,0.00087
38,25,4,100000,27,0.00027,69,0.00069
38,25,5,100000,21,0.00021,69,0.00069
38,26,0,100000,25,0.00025,64,0.00064
38,26,1,100000,26,0.00026,69,0.00069
38,26,2,100000,46,0.00046,70,0.0007
38,26,3,100000,33,0.00033,75,0.00075
38,26,4,100000,37,0.00037,72,0.00072
38,26,5,100000,50,0.0005,79,0.00079
38,27,0,100000,27,0.00027,67,0.00067
38,27,1,100000,31,0.00031,79,0.00079
38,27,2,100000,13,0.00013,66,0.00066
38,27,3,100000,47,0.00047,78,0.00078
38,27,4,100000,16,0.00016,66,0.00066
38,27,5,100000,37,0.00037,95,0.00095
38,28,0,100000,16,0.00016,71,0.00071
38,28,1,100000,31,0.00031,79,0.00079
38,28,2,100000,42,0.00042,91,0.00091
38,28,3,100000,22,0.00022,69,0.00069
38,28,4,100000,37,0.00037,88,0.00088
38,28,5,100000,22,0.00022,62,0.00062
38,29,0,100000,25,0.00025,70,0.0007
38,29,1,100000,32,0.00032,81,0.00081
38,29,2,100000,37,0.00037,68,0.00068
38,29,3,100000,12,0.00012,51,0.00051
38,29,4,100000,47,0.00047,75,0.00075
38,29,5,100000,24,0.00024,84,0.00084
38,30,0,100000,19,0.00019,64,0.00064
38,30,1,100000,21,0.00021,75,0.00075
38,30,2,100000,29,0.00029,64,0.00064
38,30,3,100000,45,0.00045,85,0.00085
38,30,4,100000,48,0.00048,90,0.0009
38,30,5,100000,31,0.00031,67,0.00067
38,31,0,100000,33,0.00033,68,0.00068
38,31,1,100000,40,0.0004,73,0.00073
38,31,2,100000,38,0.00038,73,0.00073
38,31,3,100000,37,0.00037,83,0.00083
38,31,4,100000,21,0.00021,60,0.0006
38,31,5,100000,30,0.0003,78,0.00078
38,32,0,100000,36,0.00036,76,0.00076
38,32,1,100000,45,0.00045,77,0.00077
38,32,2,100000,31,0.00031,66,0.00066
38,32,3,100000,32,0.00032,77,0.00077
38,32,4,100000,11,0.00011,69,0.00069
38,32,5,100000,34,0.00034,79,0.00079
38,33,0,100000,29,0.00029,65,0.00065
38,33,1,100000,27,0.00027,72,0.00072
38,33,2,100000,24,0.00024,70,0.0007
38,33,3,100000,42,0.00042,79,0.00079
38,33,4,100000,21,0.00021,58,0.00058
38,33,5,100000,25,0.00025,75,0.00075
38,34,0,100000,23,0.00023,60,0.0006
38,34,1,100000,18,0.00018,68,0.00068
38,34,2,100000,40,0.0004,81,0.00081
38,34,3,100000,46,0.00046,87,0.00087
38,34,4,100000,37,0.00037,81,0.00081
38,34,5,100000,23,0.00023,63,0.00063
38,35,0,100000,44,0.00044,66,0.00066
38,35,1,100000,18,0.00018,75,0.00075
38,35,2,100000,37,0.00037,78,0.00078
38,35,3,100000,20,0.0002,58,0.00058
38,35,4,100000,46,0.00046,92,0.00092
38,35,5,100000,31,0.00031,77,0.00077
38,36,0,100000,35,0.00035,78,0.00078
38,36,1,100000,31,0.00031,69,0.00069
38,36,2,100000,49,0.00049,75,0.00075
38,36,3,100000,11,0.00011,68,0.00068
38,36,4,100000,15,0.00015,55,0.00055
38,36,5,100000,27,0.00027,73,0.00073
38,37,0,100000,40,0.0004,74,0.00074
38,37,1,100000,47,0.00047,77,0.00077
38,37,2,100000,33,0.00033,71,0.00071
38,37,3,100000,43,0.00043,75,0.00075
38,37,4,100000,22,0.00022,69,0.00069
38,37,5,100000,37,0.00037,60,0.0006
38,38,0,100000,41,0.00041,77,0.00077
38,38,1,100000,35,0.00035,74,0.00074
38,38,2,100000,12,0.00012,67,0.00067
38,38,3,100000,43,0.00043,67,0.00067
38,38,4,100000,51,0.00051,63,0.00063
38,38,5,100000,35,0.00035,82,0.00082
38,39,0,100000,37,0.00037,74,0.00074
38,39,1,100000,30,0.0003,72,0.00072
38,39,2,100000,32,0.00032,83,0.00083
38,39,3,100000,24,0.00024,65,0.00065
38,39,4,100000,30,0.0003,85,0.00085
38,39,5,100000,28,0.00028,94,0.00094
38,40,0,100000,37,0.00037,76,0.00076
38,40,1,100000,26,0.00026,74,0.00074
38,40,2,100000,25,0.00025,73,0.00073
38,40,3,100000,34,0.00034,74,0.00074
38,40,4,100000,43,0.00043,63,0.00063
38,40,5,100000,33,0.00033,63,0.00063
38,41,0,100000,23,0.00023,77,0.00077
38,41,1,100000,38,0.00038,94,0.00094
38,41,2,100000,22,0.00022,69,0.00069
38,41,3,100000,17,0.00017,60,0.0006
38,41,4,100000,33,0.00033,55,0.00055
38,41,5,100000,25,0.00025,65,0.00065
38,42,0,100000,30,0.0003,74,0.00074
38,42,1,100000,40,0.0004,63,0.00063
38,42,2,100000,17,0.00017,55,0.00055
38,42,3,100000,43,0.00043,75,0.00075
38,42,4,100000,42,0.00042,77,0.00077
38,42,5,100000,20,0.0002,76,0.00076
38,43,0,100000,35,0.00035,68,0.00068
38,43,1,100000,27,0.00027,78,0.00078
38,43,2,100000,36,0.00036,68,0.00068
38,43,3,100000,41,0.00041,81,0.00081
38,43,4,100000,46,0.00046,74,0.00074
38,43,5,100000,27,0.00027,68,0.00068
38,44,0,100000,49,0.00049,82,0.00082
38,44,1,100000,42,0.00042,77,0.00077
38,44,2,100000,29,0.00029,79,0.00079
38,44,3,100000,23,0.00023,60,0.0006
38,44,4,100000,26,0.00026,78,0.00078
38,44,5,100000,28,0.00028,68,0.00068
38,45,0,100000,25,0.00025,74,0.00074
38,45,1,100000,32,0.00032,74,0.00074
38,45,2,100000,18,0.00018,52,0.00052
38,45,3,100000,34,0.00034,81,0.00081
38,45,4,100000,42,0.00042,69,0.00069
38,45,5,100000,33,0.00033,64,0.00064
38,46,0,100000,30,0.0003,69,0.00069
38,46,1,100000,40,0.0004,80,0.0008
38,46,2,100000,29,0.00029,55,0.00055
38,46,3,100000,39,0.00039,65,0.00065
38,46,4,100000,46,0.00046,91,0.00091
38,46,5,100000,23,0.00023,79,0.00079
38,47,0,100000,32,0.00032,79,0.00079
38,47,1,100000,25,0.00025,66,0.00066
38,47,2,100000,44,0.00044,78,0.00078
38,47,3,100000,15,0.00015,67,0.00067
38,47,4,100000,35,0.00035,68,0.00068
38,47,5,100000,18,0.00018,60,0.0006
38,48,0,100000,35,0.00035,75,0.00075
38,48,1,100000,50,0.0005,86,0.00086
38,48,2,100000,28,0.00028,79,0.00079
38,48,3,100000,36,0.00036,71,0.00071
38,48,4,100000,17,0.00017,69,0.00069
38,48,5,100000,30,0.0003,78,0.00078
38,49,0,100000,28,0.00028,65,0.00065
38,49,1,100000,33,0.00033,85,0.00085
38,49,2,100000,24,0.00024,65,0.00065
38,49,3,100000,22,0.00022,69,0.00069
38,49,4,100000,31,0.00031,85,0.00085
38,49,5,100000,19,0.00019,68,0.00068
38,50,0,100000,41,0.00041,74,0.00074
38,50,1,100000,35,0.00035,69,0.00069
38,50,2,100000,40,0.0004,70,0.0007
38,50,3,100000,22,0.00022,68,0.00068
38,50,4,100000,20,0.0002,68,0.00068
38,50,5,100000,41,0.00041,82,0.00082
39,-50,0,100000,20,0.0002,81,0.00081
39,-50,1,100000,30,0.0003,88,0.00088
39,-50,2,100000,46,0.00046,81,0.00081
39,-50,3,100000,40,0.0004,80,0.0008
39,-50,4,100000,19,0.00019,62,0.00062
39,-50,5,100000,28,0.00028,75,0.00075
39,-49,0,100000,43,0.00043,81,0.00081
39,-49,1,100000,33,0.00033,70,0.0007
39,-49,2,100000,25,0.00025,67,0.00067
39,-49,3,100000,45,0.00045,75,0.00075
39,-49,4,100000,51,0.00051,77,0.00077
39,-49,5,100000,19,0.00019,67,0.00067
39,-48,0,100000,31,0.00031,67,0.00067
39,-48,1,100000,18,0.00018,68,0.00068
39,-48,2,100000,24,0.00024,82,0.00082
39,-48,3,100000,32,0.00032,76,0.00076
39,-48,4,100000,12,0.00012,61,0.00061
39,-48,5,100000,25,0.00025,68,0.00068
39,-47,0,100000,53,0.00053,98,0.00098
39,-47,1,100000,36,0.00036,78,0.00078
39,-47,2,100000,62,0.00062,68,0.00068
39,-47,3,100000,41,0.00041,70,0.0007
39,-47,4,100000,32,0.00032,75,0.00075
39,-47,5,100000,39,0.00039,69,0.00069
39,-46,0,100000,40,0.0004,77,0.00077
39,-46,1,100000,50,0.0005,66,0.00066
39,-46,2,100000,35,0.00035,67,0.00067
39,-46,3,100000,22,0.00022,69,0.00069
39,-46,4,100000,17,0.00017,75,0.00075
39,-46,5,100000,30,0.0003,66,0.00066
39,-45,0,100000,29,0.00029,79,0.00079
39,-45,1,100000,31,0.00031,79,0.00079
39,-45,2,100000,43,0.00043,80,0.0008
39,-45,3,100000,44,0.00044,75,0.00075
39,-45,4,100000,26,0.00026,62,0.00062
39,-45,5,100000,21,0.00021,65,0.00065
39,-44,0,100000,29,0.00029,78,0.00078
39,-44,1,100000,41,0.00041,68,0.00068
39,-44,2,100000,29,0.00029,67,0.00067
39,-44,3,100000,20,0.0002,65,0.00065
39,-44,4,100000,41,0.00041,69,0.00069
39,-44,5,100000,28,0.00028,85,0.00085
39,-43,0,100000,35,0.00035,70,0.0007
39,-43,1,100000,25,0.00025,74,0.00074
39,-43,2,100000,15,0.00015,78,0.00078
39,-43,3,100000,31,0.00031,83,0.00083
39,-43,4,100000,46,0.00046,75,0.00075
39,-43,5,100000,36,0.00036,73,0.00073
39,-42,0,100000,22,0.00022,69,0.00069
39,-42,1,100000,23,0.00023,70,0.0007
39,-42,2,100000,30,0.0003,66,0.00066
39,-42,3,100000,20,0.0002,61,0.00061
39,-42,4,100000,34,0.00034,69,0.00069
39,-42,5,100000,38,0.00038,73,0.00073
39,-41,0,100000,27,0.00027,78,0.00078
39,-41,1,100000,27,0.00027,63,0.00063
39,-41,2,100000,19,0.00019,64,0.00064
39,-41,3,100000,43,0.00043,70,0.0007
39,-41,4,100000,28,0.00028,63,0.00063
39,-41,5,100000,25,0.00025,72,0.00072
39,-40,0,100000,28,0.00028,76,0.00076
39,-40,1,100000,30,0.0003,65,0.00065
39,-40,2,100000,26,0.00026,85,0.00085
39,-40,3,100000,23,0.00023,78,0.00078
39,-40,4,100000,21,0.00021,65,0.00065
39,-40,5,100000,50,0.0005,92,0.00092
39,-39,0,100000,21,0.00021,58,0.00058
39,-39,1,100000,19,0.00019,52,0.00052
39,-39,2,100000,16,0.00016,68,0.00068
39,-39,3,100000,27,0.00027,68,0.00068
39,-39,4,100000,26,0.00026,63,0.00063
39,-39,5,100000,31,0.00031,72,0.00072
39,-38,0,100000,37,0.00037,66,0.00066
39,-38,1,100000,28,0.00028,77,0.00077
39,-38,2,100000,28,0.00028,72,0.00072
39,-38,3,100000,23,0.00023,54,0.00054
39,-38,4,100000,17,0.00017,79,0.00079
39,-38,5,100000,40,0.0004,71,0.00071
39,-37,0,100000,27,0.00027,73,0.00073
39,-37,1,100000,31,0.00031,64,0.00064
39,-37,2,100000,33,0.00033,72,0.00072
39,-37,3,100000,51,0.00051,91,0.00091
39,-37,4,100000,15,0.00015,74,0.00074
39,-37,5,100000,36,0.00036,77,0.00077
39,-36,0,100000,34,0.00034,83,0.00083
39,-36,1,100000,32,0.00032,82,0.00082
39,-36,2,100000,13,0.00013,54,0.00054
39,-36,3,100000,28,0.00028,73,0.00073
39,-36,4,100000,31,0.00031,70,0.0007
39,-36,5,100000,32,0.00032,87,0.00087
39,-35,0,100000,30,0.0003,76,0.00076
39,-35,1,100000,30,0.0003,72,0.00072
39,-35,2,100000,54,0.00054,87,0.00087
39,-35,3,100000,32,0.00032,83,0.00083
39,-35,4,100000,31,0.00031,70,0.0007
39,-35,5,100000,37,0.00037,59,0.00059
39,-34,0,100000,12,0.00012,58,0.00058
39,-34,1,100000,25,0.00025,73,0.00073
39,-34,2,100000,17,0.00017,69,0.00069
39,-34,3,100000,37,0.00037,83,0.00083
39,-34,4,100000,25,0.00025,64,0.00064
39,-34,5,100000,41,0.00041,73,0.00073
39,-33,0,100000,20,0.0002,61,0.00061
39,-33,1,100000,17,0.00017,76,0.00076
39,-33,2,100000,38,0.00038,67,0.00067
39,-33,3,100000,30,0.0003,70,0.0007
39,-33,4,100000,23,0.00023,76,0.00076
39,-33,5,100000,16,0.00016,67,0.00067
39,-32,0,100000,41,0.00041,95,0.00095
39,-32,1,100000,29,0.00029,92,0.00092
39,-32,2,100000,31,0.00031,88,0.00088
39,-32,3,100000,42,0.00042,91,0.00091
39,-32,4,100000,34,0.00034,67,0.00067
39,-32,5,100000,30,0.0003,84,0.00084
39,-31,0,100000,41,0.00041,73,0.00073
39,-31,1,100000,51,0.00051,85,0.00085
39,-31,2,100000,6,6e-05,53,0.00053
39,-31,3,100000,42,0.00042,81,0.00081
39,-31,4,100000,18,0.00018,51,0.00051
39,-31,5,100000,17,0.00017,54,0.00054
39,-30,0,100000,26,0.00026,75,0.00075
39,-30,1,100000,27,0.00027,76,0.00076
39,-30,2,100000,24,0.00024,75,0.00075
39,-30,3,100000,27,0.00027,77,0.00077
39,-30,4,100000,33,0.00033,87,0.00087
39,-30,5,100000,27,0.00027,64,0.00064
39,-29,0,100000,26,0.00026,66,0.00066
39,-29,1,100000,22,0.00022,68,0.00068
39,-29,2,100000,46,0.00046,81,0.00081
39,-29,3,100000,35,0.00035,84,0.00084
39,-29,4,100000,16,0.00016,69,0.00069
39,-29,5,100000,32,0.00032,63,0.00063
39,-28,0,100000,28,0.00028,69,0.00069
39,-28,1,100000,34,0.00034,92,0.00092
39,-28,2,100000,46,0.00046,65,0.00065
39,-28,3,100000,27,0.00027,57,0.00057
39,-28,4,100000,32,0.00032,56,0.00056
39,-28,5,100000,29,0.00029,71,0.00071
39,-27,0,100000,40,0.0004,73,0.00073
39,-27,1,100000,18,0.00018,65,0.00065
39,-27,2,100000,46,0.00046,84,0.00084
39,-27,3,100000,37,0.00037,61,0.00061
39,-27,4,100000,33,0.00033,59,0.00059
39,-27,5,100000,23,0.00023,71,0.00071
39,-26,0,100000,37,0.00037,69,0.00069
39,-26,1,100000,32,0.00032,68,0.00068
39,-26,2,100000,26,0.00026,68,0.00068
39,-26,3,100000,32,0.00032,73,0.00073
39,-26,4,100000,9,9e-05,50,0.0005
39,-26,5,100000,28,0.00028,69,0.00069
39,-25,0,100000,37,0.00037,79,0.00079
39,-25,1,100000,45,0.00045,73,0.00073
39,-25,2,100000,35,0.00035,69,0.00069
39,-25,3,100000,15,0.00015,59,0.00059
39,-25,4,100000,21,0.00021,65,0.00065
39,-25,5,100000,30,0.0003,75,0.00075
39,-24,0,100000,18,0.00018,62,0.00062
39,-24,1,100000,47,0.00047,64,0.00064
39,-24,2,100000,19,0.00019,69,0.00069
39,-24,3,100000,30,0.0003,63,0.00063
39,-24,4,100000,25,0.00025,71,0.00071
39,-24,5,100000,43,0.00043,81,0.00081
39,-23,0,100000,22,0.00022,78,0.00078
39,-23,1,100000,22,0.00022,77,0.00077
39,-23,2,100000,24,0.00024,59,0.00059
39,-23,3,100000,35,0.00035,85,0.00085
39,-23,4,100000,23,0.00023,73,0.00073
39,-23,5,100000,35,0.00035,81,0.00081
39,-22,0,100000,42,0.00042,83,0.00083
39,-22,1,100000,36,0.00036,98,0.00098
39,-22,2,100000,35,0.00035,71,0.00071
39,-22,3,100000,26,0.00026,69,0.00069
39,-22,4,100000,17,0.00017,73,0.00073
39,-22,5,100000,32,0.00032,82,0.00082
39,-21,0,100000,45,0.00045,81,0.00081
39,-21,1,100000,39,0.00039,81,0.00081
39,-21,2,100000,29,0.00029,70,0.0007
39,-21,3,100000,30,0.0003,71,0.00071
39,-21,4,100000,29,0.00029,71,0.00071
39,-21,5,100000,19,0.00019,79,0.00079
39,-20,0,100000,29,0.00029,73,0.00073
39,-20,1,100000,19,0.00019,68,0.00068
39,-20,2,100000,17,0.00017,63,0.00063
39,-20,3,100000,18,0.00018,59,0.00059
39,-20,4,100000,17,0.00017,68,0.00068
39,-20,5,100000,27,0.00027,77,0.00077
39,-19,0,100000,17,0.00017,62,0.00062
39,-19,1,100000,17,0.00017,67,0.00067
39,-19,2,100000,23,0.00023,72,0.00072
39,-19,3,100000,24,0.00024,72,0.00072
39,-19,4,100000,28,0.00028,64,0.00064
39,-19,5,100000,35,0.00035,72,0.00072
39,-18,0,100000,43,0.00043,62,0.00062
39,-18,1,100000,20,0.0002,87,0.00087
39,-18,2,100000,12,0.00012,66,0.00066
39,-18,3,100000,27,0.00027,80,0.0008
39,-18,4,100000,27,0.00027,81,0.00081
39,-18,5,100000,27,0.00027,77,0.00077
39,-17,0,100000,21,0.00021,68,0.00068
39,-17,1,100000,31,0.00031,75,0.00075
39,-17,2,100000,35,0.00035,73,0.00073
39,-17,3,100000,26,0.00026,57,0.00057
39,-17,4,100000,22,0.00022,74,0.00074
39,-17,5,100000,47,0.00047,77,0.00077
39,-16,0,100000,31,0.00031,80,0.0008
39,-16,1,100000,26,0.00026,60,0.0006
39,-16,2,100000,27,0.00027,72,0.00072
39,-16,3,100000,26,0.00026,74,0.00074
39,-16,4,100000,32,0.00032,79,0.00079
39,-16,5,100000,37,0.00037,72,0.00072
39,-15,0,100000,28,0.00028,83,0.00083
39,-15,1,100000,33,0.00033,78,0.00078
39,-15,2,100000,60,0.0006,73,0.00073
39,-15,3,100000,39,0.00039,88,0.00088
39,-15,4,100000,14,0.00014,64,0.00064
39,-15,5,100000,48,0.00048,81,0.00081
39,-14,0,100000,20,0.0002,75,0.00075
39,-14,1,100000,39,0.00039,70,0.0007
39,-14,2,100000,24,0.00024,72,0.00072
39,-14,3,100000,30,0.0003,63,0.00063
39,-14,4,100000,31,0.00031,67,0.00067
39,-14,5,100000,25,0.00025,81,0.00081
39,-13,0,100000,33,0.00033,70,0.0007
39,-13,1,100000,32,0.00032,71,0.00071
39,-13,2,100000,42,0.00042,77,0.00077
39,-13,3,100000,25,0.00025,76,0.00076
39,-13,4,100000,53,0.00053,70,0.0007
39,-13,5,100000,25,0.00025,74,0.00074
39,-12,0,100000,22,0.00022,77,0.00077
39,-12,1,100000,33,0.00033,74,0.00074
39,-12,2,100000,34,0.00034,57,0.00057
39,-12,3,100000,28,0.00028,70,0.0007
39,-12,4,100000,21,0.00021,78,0.00078
39,-12,5,100000,16,0.00016,66,0.00066
39,-11,0,100000,33,0.00033,78,0.00078
39,-11,1,100000,38,0.00038,68,0.00068
39,-11,2,100000,14,0.00014,64,0.00064
39,-11,3,100000,37,0.00037,76,0.00076
39,-11,4,100000,35,0.00035,83,0.00083
39,-11,5,100000,21,0.00021,66,0.00066
39,-10,0,100000,42,0.00042,78,0.00078
39,-10,1,100000,22,0.00022,80,0.0008
39,-10,2,100000,55,0.00055,76,0.00076
39,-10,3,100000,23,0.00023,67,0.00067
39,-10,4,100000,33,0.00033,79,0.00079
39,-10,5,100000,35,0.00035,77,0.00077
39,-9,0,100000,28,0.00028,55,0.00055
39,-9,1,100000,26,0.00026,77,0.00077
39,-9,2,100000,10,0.0001,58,0.00058
39,-9,3,100000,20,0.0002,55,0.00055
39,-9,4,100000,31,0.00031,73,0.00073
39,-9,5,100000,41,0.00041,80,0.0008
39,-8,0,100000,25,0.00025,68,0.00068
39,-8,1,100000,14,0.00014,64,0.00064
39,-8,2,100000,24,0.00024,94,0.00094
39,-8,3,100000,30,0.0003,90,0.0009
39,-8,4,100000,27,0.00027,63,0.00063
39,-8,5,100000,37,0.00037,73,0.00073
39,-7,0,100000,12,0.00012,69,0.00069
39,-7,1,100000,23,0.00023,68,0.00068
39,-7,2,100000,28,0.00028,63,0.00063
39,-7,3,100000,49,0.00049,87,0.00087
39,-7,4,100000,32,0.00032,78,0.00078
39,-7,5,100000,41,0.00041,79,0.00079
39,-6,0,100000,31,0.00031,78,0.00078
39,-6,1,100000,29,0.00029,66,0.00066
39,-6,2,100000,37,0.00037,63,0.00063
39,-6,3,100000,41,0.00041,87,0.00087
39,-6,4,100000,35,0.00035,75,0.00075
39,-6,5,100000,19,0.00019,64,0.00064
39,-5,0,100000,34,0.00034,79,0.00079
39,-5,1,100000,30,0.0003,72,0.00072
39,-5,2,100000,29,0.00029,63,0.00063
39,-5,3,100000,46,0.00046,77,0.00077
39,-5,4,100000,45,0.00045,71,0.00071
39,-5,5,100000,26,0.00026,68,0.00068
39,-4,0,100000,55,0.00055,85,0.00085
39,-4,1,100000,36,0.00036,85,0.00085
39,-4,2,100000,44,0.00044,73,0.00073
39,-4,3,100000,22,0.00022,78,0.00078
39,-4,4,100000,34,0.00034,72,0.00072
39,-4,5,100000,33,0.00033,69,0.00069
39,-3,0,100000,27,0.00027,71,0.00071
39,-3,1,100000,33,0.00033,89,0.00089
39,-3,2,100000,35,0.00035,77,0.00077
39,-3,3,100000,23,0.00023,77,0.00077
39,-3,4,100000,16,0.00016,57,0.00057
39,-3,5,100000,24,0.00024,60,0.0006
39,-2,0,100000,26,0.00026,64,0.00064
39,-2,1,100000,26,0.00026,67,0.00067
39,-2,2,100000,35,0.00035,84,0.00084
39,-2,3,100000,24,0.00024,70,0.0007
39,-2,4,100000,35,0.00035,78,0.00078
39,-2,5,100000,39,0.00039,77,0.00077
39,-1,0,100000,41,0.00041,87,0.00087
39,-1,1,100000,21,0.00021,69,0.00069
39,-1,2,100000,21,0.00021,66,0.00066
39,-1,3,100000,23,0.00023,71,0.00071
39,-1,4,100000,29,0.00029,63,0.00063
39,-1,5,100000,46,0.00046,75,0.00075
39,0,0,100000,38,0.00038,83,0.00083
39,0,1,100000,22,0.00022,61,0.00061
39,0,2,100000,18,0.00018,65,0.00065
39,0,3,100000,38,0.00038,73,0.00073
39,0,4,100000,17,0.00017,67,0.00067
39,0,5,100000,24,0.00024,80,0.0008
39,1,0,100000,37,0.00037,82,0.00082
39,1,1,100000,40,0.0004,73,0.00073
39,1,2,100000,41,0.00041,78,0.00078
39,1,3,100000,12,0.00012,64,0.00064
39,1,4,100000,27,0.00027,72,0.00072
39,1,5,100000,30,0.0003,81,0.00081
39,2,0,100000,38,0.00038,83,0.00083
39,2,1,100000,46,0.00046,81,0.00081
39,2,2,100000,24,0.00024,78,0.00078
39,2,3,100000,30,0.0003,66,0.00066
39,2,4,100000,19,0.00019,75,0.00075
39,2,5,100000,28,0.00028,76,0.00076
39,3,0,100000,28,0.00028,65,0.00065
39,3,1,100000,38,0.00038,75,0.00075
39,3,2,100000,39,0.00039,80,0.0008
39,3,3,100000,40,0.0004,68,0.00068
39,3,4,100000,28,0.00028,85,0.00085
39,3,5,100000,39,0.00039,81,0.00081
39,4,0,100000,25,0.00025,69,0.00069
39,4,1,100000,30,0.0003,82,0.00082
39,4,2,100000,34,0.00034,75,0.00075
39,4,3,100000,21,0.00021,64,0.00064
39,4,4,100000,49,0.00049,72,0.00072
39,4,5,100000,24,0.00024,87,0.00087
39,5,0,100000,39,0.00039,69,0.00069
39,5,1,100000,37,0.00037,72,0.00072
39,5,2,100000,34,0.00034,67,0.00067
39,5,3,100000,37,0.00037,74,0.00074
39,5,4,100000,28,0.00028,75,0.00075
39,5,5,100000,21,0.00021,62,0.00062
39,6,0,100000,31,0.00031,73,0.00073
39,6,1,100000,39,0.00039,78,0.00078
39,6,2,100000,16,0.00016,69,0.00069
39,6,3,100000,38,0.00038,77,0.00077
39,6,4,100000,33,0.00033,81,0.00081
39,6,5,100000,29,0.00029,76,0.00076
39,7,0,100000,35,0.00035,70,0.0007
39,7,1,100000,22,0.00022,67,0.00067
39,7,2,100000,22,0.00022,63,0.00063
39,7,3,100000,33,0.00033,68,0.00068
39,7,4,100000,27,0.00027,76,0.00076
39,7,5,100000,50,0.0005,70,0.0007
39,8,0,100000,21,0.00021,70,0.0007
39,8,1,100000,28,0.00028,82,0.00082
39,8,2,100000,33,0.00033,83,0.00083
39,8,3,100000,26,0.00026,82,0.00082
39,8,4,100000,24,0.00024,72,0.00072
39,8,5,100000,26,0.00026,72,0.00072
39,9,0,100000,27,0.00027,82,0.00082
39,9,1,100000,43,0.00043,64,0.00064
39,9,2,100000,16,0.00016,64,0.00064
39,9,3,100000,17,0.00017,68,0.00068
39,9,4,100000,21,0.00021,70,0.0007
39,9,5,100000,33,0.00033,69,0.00069
39,10,0,100000,34,0.00034,87,0.00087
39,10,1,100000,28,0.00028,86,0.00086
39,10,2,100000,24,0.00024,78,0.00078
39,10,3,100000,18,0.00018,63,0.00063
39,10,4,100000,26,0.00026,72,0.00072
39,10,5,100000,31,0.00031,82,0.00082
39,11,0,100000,31,0.00031,69,0.00069
39,11,1,100000,28,0.00028,53,0.00053
39,11,2,100000,42,0.00042,84,0.00084
39,11,3,100000,27,0.00027,70,0.0007
39,11,4,100000,34,0.00034,78,0.00078
39,11,5,100000,44,0.00044,84,0.00084
39,12,0,100000,27,0.00027,68,0.00068
39,12,1,100000,24,0.00024,80,0.0008
39,12,2,100000,17,0.00017,53,0.00053
39,12,3,100000,23,0.00023,79,0.00079
39,12,4,100000,58,0.00058,85,0.00085
39,12,5,100000,36,0.00036,72,0.00072
39,13,0,100000,56,0.00056,85,0.00085
39,13,1,100000,37,0.00037,76,0.00076
39,13,2,100000,28,0.00028,57,0.00057
39,13,3,100000,26,0.00026,90,0.0009
39,13,4,100000,38,0.00038,84,0.00084
39,13,5,100000,33,0.00033,71,0.00071
39,14,0,100000,29,0.00029,70,0.0007
39,14,1,100000,28,0.00028,59,0.00059
39,14,2,100000,23,0.00023,60,0.0006
39,14,3,100000,12,0.00012,76,0.00076
39,14,4,100000,45,0.00045,73,0.00073
39,14,5,100000,29,0.00029,65,0.00065
39,15,0,100000,29,0.00029,81,0.00081
39,15,1,100000,17,0.00017,71,0.00071
39,15,2,100000,26,0.00026,68,0.00068
39,15,3,100000,21,0.00021,70,0.0007
39,15,4,100000,27,0.00027,65,0.00065
39,15,5,100000,42,0.00042,77,0.00077
39,16,0,100000,32,0.00032,81,0.00081
39,16,1,100000,40,0.0004,78,0.00078
39,16,2,100000,23,0.00023,66,0.00066
39,16,3,100000,12,0.00012,63,0.00063
39,16,4,100000,22,0.00022,66,0.00066
39,16,5,100000,44,0.00044,72,0.00072
39,17,0,100000,33,0.00033,66,0.00066
39,17,1,100000,29,0.00029,89,0.00089
39,17,2,100000,33,0.00033,87,0.00087
39,17,3,100000,29,0.00029,75,0.00075
39,17,4,100000,20,0.0002,65,0.00065
39,17,5,100000,39,0.00039,65,0.00065
39,18,0,100000,30,0.0003,78,0.00078
39,18,1,100000,28,0.00028,60,0.0006
39,18,2,100000,25,0.00025,75,0.00075
39,18,3,100000,53,0.00053,88,0.00088
39,18,4,100000,43,0.00043,77,0.00077
39,18,5,100000,33,0.00033,81,0.00081
39,19,0,100000,29,0.00029,71,0.00071
39,19,1,100000,42,0.00042,78,0.00078
39,19,2,100000,27,0.00027,78,0.00078
39,19,3,100000,27,0.00027,72,0.00072
39,19,4,100000,23,0.00023,71,0.00071
39,19,5,100000,16,0.00016,60,0.0006
39,20,0,100000,37,0.00037,68,0.00068
39,20,1,100000,18,0.00018,52,0.00052
39,20,2,100000,33,0.00033,74,0.00074
39,20,3,100000,15,0.00015,53,0.00053
39,20,4,100000,34,0.00034,65,0.00065
39,20,5,100000,51,0.00051,86,0.00086
39,21,0,100000,33,0.00033,64,0.00064
39,21,1,100000,37,0.00037,71,0.00071
39,21,2,100000,36,0.00036,69,0.00069
39,21,3,100000,12,0.00012,61,0.00061
39,21,4,100000,25,0.00025,68,0.00068
39,21,5,100000,22,0.00022,68,0.00068
39,22,0,100000,37,0.00037,76,0.00076
39,22,1,100000,38,0.00038,67,0.00067
39,22,2,100000,24,0.00024,59,0.00059
39,22,3,100000,29,0.00029,85,0.00085
39,22,4,100000,36,0.00036,70,0.0007
39,22,5,100000,33,0.00033,79,0.00079
39,23,0,100000,43,0.00043,86,0.00086
39,23,1,100000,25,0.00025,86,0.00086
39,23,2,100000,13,0.00013,62,0.00062
39,23,3,100000,37,0.00037,71,0.00071
39,23,4,100000,23,0.00023,70,0.0007
39,23,5,100000,44,0.00044,70,0.0007
39,24,0,100000,36,0.00036,76,0.00076
39,24,1,100000,40,0.0004,72,0.00072
39,24,2,100000,21,0.00021,74,0.00074
39,24,3,100000,34,0.00034,74,0.00074
39,24,4,100000,31,0.00031,71,0.00071
39,24,5,100000,31,0.00031,84,0.00084
39,25,0,100000,23,0.00023,72,0.00072
39,25,1,100000,22,0.00022,74,0.00074
39,25,2,100000,37,0.00037,79,0.00079
39,25,3,100000,33,0.00033,86,0.00086
39,25,4,100000,23,0.00023,77,0.00077
39,25,5,100000,38,0.00038,73,0.00073
39,26,0,100000,34,0.00034,71,0.00071
39,26,1,100000,41,0.00041,92,0.00092
39,26,2,100000,25,0.00025,70,0.0007
39,26,3,100000,24,0.00024,65,0.00065
39,26,4,100000,39,0.00039,74,0.00074
39,26,5,100000,43,0.00043,78,0.00078
39,27,0,100000,18,0.00018,65,0.00065
39,27,1,100000,32,0.00032,72,0.00072
39,27,2,100000,21,0.00021,77,0.00077
39,27,3,100000,27,0.00027,84,0.00084
39,27,4,100000,22,0.00022,67,0.00067
39,27,5,100000,22,0.00022,87,0.00087
39,28,0,100000,26,0.00026,65,0.00065
39,28,1,100000,28,0.00028,75,0.00075
39,28,2,100000,35,0.00035,73,0.00073
39,28,3,100000,40,0.0004,69,0.00069
39,28,4,100000,48,0.00048,66,0.00066
39,28,5,100000,34,0.00034,72,0.00072
39,29,0,100000,22,0.00022,61,0.00061
39,29,1,100000,33,0.00033,93,0.00093
39,29,2,100000,22,0.00022,78,0.00078
39,29,3,100000,37,0.00037,74,0.00074
39,29,4,100000,45,0.00045,69,0.00069
39,29,5,100000,38,0.00038,92,0.00092
39,30,0,100000,19,0.00019,73,0.00073
39,30,1,100000,40,0.0004,69,0.00069
39,30,2,100000,34,0.00034,64,0.00064
39,30,3,100000,34,0.00034,69,0.00069
39,30,4,100000,37,0.00037,73,0.00073
39,30,5,100000,47,0.00047,70,0.0007
39,31,0,100000,33,0.00033,83,0.00083
39,31,1,100000,31,0.00031,69,0.00069
39,31,2,100000,26,0.00026,65,0.00065
39,31,3,100000,15,0.00015,62,0.00062
39,31,4,100000,39,0.00039,74,0.00074
39,31,5,100000,25,0.00025,59,0.00059
39,32,0,100000,35,0.00035,84,0.00084
39,32,1,100000,30,0.0003,56,0.00056
39,32,2,100000,20,0.0002,68,0.00068
39,32,3,100000,27,0.00027,69,0.00069
39,32,4,100000,24,0.00024,68,0.00068
39,32,5,100000,24,0.00024,76,0.00076
39,33,0,100000,25,0.00025,69,0.00069
39,33,1,100000,27,0.00027,76,0.00076
39,33,2,100000,19,0.00019,80,0.0008
39,33,3,100000,28,0.00028,68,0.00068
39,33,4,100000,24,0.00024,78,0.00078
39,33,5,100000,34,0.00034,56,0.00056
39,34,0,100000,26,0.00026,80,0.0008
39,34,1,100000,42,0.00042,64,0.00064
39,34,2,100000,30,0.0003,80,0.0008
39,34,3,100000,34,0.00034,79,0.00079
39,34,4,100000,44,0.00044,82,0.00082
39,34,5,100000,28,0.00028,73,0.00073
39,35,0,100000,18,0.00018,59,0.00059
39,35,1,100000,21,0.00021,66,0.00066
39,35,2,100000,34,0.00034,79,0.00079
39,35,3,100000,21,0.00021,87,0.00087
39,35,4,100000,32,0.00032,83,0.00083
39,35,5,100000,45,0.00045,67,0.00067
39,36,0,100000,32,0.00032,79,0.00079
39,36,1,100000,33,0.00033,66,0.00066
39,36,2,100000,24,0.00024,64,0.00064
39,36,3,100000,21,0.00021,61,0.00061
39,36,4,100000,38,0.00038,86,0.00086
39,36,5,100000,21,0.00021,68,0.00068
39,37,0,100000,27,0.00027,73,0.00073
39,37,1,100000,37,0.00037,75,0.00075
39,37,2,100000,22,0.00022,60,0.0006
39,37,3,100000,24,0.00024,61,0.00061
39,37,4,100000,33,0.00033,74,0.00074
39,37,5,100000,34,0.00034,75,0.00075
39,38,0,100000,42,0.00042,78,0.00078
39,38,1,100000,17,0.00017,69,0.00069
39,38,2,100000,25,0.00025,69,0.00069
39,38,3,100000,37,0.00037,65,0.00065
39,38,4,100000,46,0.00046,87,0.00087
39,38,5,100000,16,0.00016,58,0.00058
39,39,0,100000,46,0.00046,69,0.00069
39,39,1,100000,31,0.00031,71,0.00071
39,39,2,100000,20,0.0002,71,0.00071
39,39,3,100000,12,0.00012,59,0.00059
39,39,4,100000,26,0.00026,81,0.00081
39,39,5,100000,29,0.00029,61,0.00061
39,40,0,100000,28,0.00028,83,0.00083
39,40,1,100000,46,0.00046,74,0.00074
39,40,2,100000,28,0.00028,63,0.00063
39,40,3,100000,22,0.00022,69,0.00069
39,40,4,100000,28,0.00028,75,0.00075
39,40,5,100000,60,0.0006,92,0.00092
39,41,0,100000,30,0.0003,79,0.00079
39,41,1,100000,20,0.0002,77,0.00077
39,41,2,100000,29,0.00029,70,0.0007
39,41,3,100000,50,0.0005,69,0.00069
39,41,4,100000,30,0.0003,55,0.00055
39,41,5,100000,16,0.00016,68,0.00068
39,42,0,100000,43,0.00043,84,0.00084
39,42,1,100000,45,0.00045,70,0.0007
39,42,2,100000,30,0.0003,85,0.00085
39,42,3,100000,22,0.00022,69,0.00069
39,42,4,100000,35,0.00035,65,0.00065
39,42,5,100000,24,0.00024,77,0.00077
39,43,0,100000,19,0.00019,65,0.00065
39,43,1,100000,21,0.00021,65,0.00065
39,43,2,100000,46,0.00046,80,0.0008
39,43,3,100000,46,0.00046,66,0.00066
39,43,4,100000,48,0.00048,82,0.00082
39,43,5,100000,24,0.00024,74,0.00074
39,44,0,100000,36,0.00036,80,0.0008
39,44,1,100000,31,0.00031,84,0.00084
39,44,2,100000,23,0.00023,64,0.00064
39,44,3,100000,24,0.00024,73,0.00073
39,44,4,100000,19,0.00019,70,0.0007
39,44,5,100000,18,0.00018,61,0.00061
39,45,0,100000,29,0.00029,66,0.00066
39,45,1,100000,25,0.00025,51,0.00051
39,45,2,100000,20,0.0002,76,0.00076
39,45,3,100000,36,0.00036,70,0.0007
39,45,4,100000,27,0.00027,75,0.00075
39,45,5,100000,25,0.00025,70,0.0007
39,46,0,100000,37,0.00037,93,0.00093
39,46,1,100000,39,0.00039,87,0.00087
39,46,2,100000,50,0.0005,81,0.00081
39,46,3,100000,46,0.00046,63,0.00063
39,46,4,100000,32,0.00032,73,0.00073
39,46,5,100000,27,0.00027,67,0.00067
39,47,0,100000,24,0.00024,61,0.00061
39,47,1,100000,36,0.00036,85,0.00085
39,47,2,100000,37,0.00037,80,0.0008
39,47,3,100000,37,0.00037,53,0.00053
39,47,4,100000,38,0.00038,74,0.00074
39,47,5,100000,28,0.00028,77,0.00077
39,48,0,100000,39,0.00039,61,0.00061
39,48,1,100000,16,0.00016,63,0.00063
39,48,2,100000,20,0.0002,62,0.00062
39,48,3,100000,48,0.00048,77,0.00077
39,48,4,100000,30,0.0003,85,0.00085
39,48,5,100000,21,0.00021,55,0.00055
39,49,0,100000,18,0.00018,48,0.00048
39,49,1,100000,20,0.0002,71,0.00071
39,49,2,100000,40,0.0004,63,0.00063
39,49,3,100000,26,0.00026,57,0.00057
39,49,4,100000,44,0.00044,71,0.00071
39,49,5,100000,20,0.0002,81,0.00081
39,50,0,100000,25,0.00025,77,0.00077
39,50,1,100000,20,0.0002,63,0.00063
39,50,2,100000,13,0.00013,65,0.00065
39,50,3,100000,40,0.0004,76,0.00076
39,50,4,100000,18,0.00018,67,0.00067
39,50,5,100000,37,0.00037,72,0.00072
40,-50,0,100000,21,0.00021,60,0.0006
40,-50,1,100000,37,0.00037,69,0.00069
40,-50,2,100000,33,0.00033,68,0.00068
40,-50,3,100000,22,0.00022,75,0.00075
40,-50,4,100000,38,0.00038,77,0.00077
40,-50,5,100000,39,0.00039,82,0.00082
40,-49,0,100000,26,0.00026,76,0.00076
40,-49,1,100000,14,0.00014,65,0.00065
40,-49,2,100000,32,0.00032,69,0.00069
40,-49,3,100000,38,0.00038,79,0.00079
40,-49,4,100000,38,0.00038,68,0.00068
40,-49,5,100000,22,0.00022,73,0.00073
40,-48,0,100000,28,0.00028,73,0.00073
40,-48,1,100000,27,0.00027,76,0.00076
40,-48,2,100000,46,0.00046,87,0.00087
40,-48,3,100000,31,0.00031,70,0.0007
40,-48,4,100000,25,0.00025,67,0.00067
40,-48,5,100000,43,0.00043,102,0.00102
40,-47,0,100000,32,0.00032,64,0.00064
40,-47,1,100000,36,0.00036,68,0.00068
40,-47,2,100000,29,0.00029,68,0.00068
40,-47,3,100000,17,0.00017,73,0.00073
40,-47,4,100000,10,0.0001,59,0.00059
40,-47,5,100000,34,0.00034,74,0.00074
40,-46,0,100000,26,0.00026,65,0.00065
40,-46,1,100000,21,0.00021,60,0.0006
40,-46,2,100000,16,0.00016,56,0.00056
40,-46,3,100000,33,0.00033,67,0.00067
40,-46,4,100000,51,0.00051,75,0.00075
40,-46,5,100000,27,0.00027,80,0.0008
40,-45,0,100000,18,0.00018,61,0.00061
40,-45,1,100000,29,0.00029,73,0.00073
40,-45,2,100000,22,0.00022,67,0.00067
40,-45,3,100000,57,0.00057,84,0.00084
40,-45,4,100000,26,0.00026,77,0.00077
40,-45,5,100000,27,0.00027,70,0.0007
40,-44,0,100000,35,0.00035,80,0.0008
40,-44,1,100000,56,0.00056,81,0.00081
40,-44,2,100000,31,0.00031,64,0.00064
40,-44,3,100000,16,0.00016,78,0.00078
40,-44,4,100000,29,0.00029,79,0.00079
40,-44,5,100000,47,0.00047,73,0.00073
40,-43,0,100000,32,0.00032,67,0.00067
40,-43,1,100000,26,0.00026,61,0.00061
40,-43,2,100000,30,0.0003,76,0.00076
40,-43,3,100000,48,0.00048,72,0.00072
40,-43,4,100000,29,0.00029,75,0.00075
40,-43,5,100000,24,0.00024,75,0.00075
40,-42,0,100000,31,0.00031,78,0.00078
40,-42,1,100000,51,0.00051,75,0.00075
40,-42,2,100000,34,0.00034,61,0.00061
40,-42,3,100000,41,0.00041,85,0.00085
40,-42,4,100000,25,0.00025,59,0.00059
40,-42,5,100000,34,0.00034,81,0.00081
40,-41,0,100000,28,0.00028,55,0.00055
40,-41,1,100000,24,0.00024,72,0.00072
40,-41,2,100000,36,0.00036,67,0.00067
40,-41,3,100000,29,0.00029,83,0.00083
40,-41,4,100000,34,0.00034,71,0.00071
40,-41,5,100000,30,0.0003,70,0.0007
40,-40,0,100000,19,0.00019,67,0.00067
40,-40,1,100000,18,0.00018,63,0.00063
40,-40,2,100000,20,0.0002,64,0.00064
40,-40,3,100000,56,0.00056,86,0.00086
40,-40,4,100000,30,0.0003,85,0.00085
40,-40,5,100000,31,0.00031,72,0.00072
40,-39,0,100000,23,0.00023,85,0.00085
40,-39,1,100000,36,0.00036,79,0.00079
40,-39,2,100000,31,0.00031,77,0.00077
40,-39,3,100000,23,0.00023,74,0.00074
40,-39,4,100000,34,0.00034,78,0.00078
40,-39,5,100000,22,0.00022,59,0.00059
40,-38,0,100000,32,0.00032,84,0.00084
40,-38,1,100000,35,0.00035,79,0.00079
40,-38,2,100000,34,0.00034,74,0.00074
40,-38,3,100000,18,0.00018,70,0.0007
40,-38,4,100000,30,0.0003,73,0.00073
40,-38,5,100000,24,0.00024,77,0.00077
40,-37,0,100000,24,0.00024,68,0.00068
40,-37,1,100000,22,0.00022,65,0.00065
40,-37,2,100000,29,0.00029,62,0.00062
40,-37,3,100000,41,0.00041,87,0.00087
40,-37,4,100000,30,0.0003,79,0.00079
40,-37,5,100000,26,0.00026,65,0.00065
40,-36,0,100000,39,0.00039,77,0.00077
40,-36,1,100000,45,0.00045,70,0.0007
40,-36,2,100000,30,0.0003,81,0.00081
40,-36,3,100000,23,0.00023,66,0.00066
40,-36,4,100000,37,0.00037,77,0.00077
40,-36,5,100000,31,0.00031,68,0.00068
40,-35,0,100000,25,0.00025,73,0.00073
40,-35,1,100000,42,0.00042,59,0.00059
40,-35,2,100000,28,0.00028,80,0.0008
40,-35,3,100000,40,0.0004,74,0.00074
40,-35,4,100000,38,0.00038,64,0.00064
40,-35,5,100000,14,0.00014,70,0.0007
40,-34,0,100000,18,0.00018,65,0.00065
40,-34,1,100000,24,0.00024,57,0.00057
40,-34,2,100000,30,0.0003,71,0.00071
40,-34,3,100000,38,0.00038,82,0.00082
40,-34,4,100000,35,0.00035,78,0.00078
40,-34,5,100000,22,0.00022,82,0.00082
40,-33,0,100000,25,0.00025,67,0.00067
40,-33,1,100000,41,0.00041,81,0.00081
40,-33,2,100000,6,6e-05,66,0.00066
40,-33,3,100000,39,0.00039,82,0.00082
40,-33,4,100000,26,0.00026,69,0.00069
40,-33,5,100000,32,0.00032,78,0.00078
40,-32,0,100000,16,0.00016,70,0.0007
40,-32,1,100000,13,0.00013,61,0.00061
40,-32,2,100000,18,0.00018,68,0.00068
40,-32,3,100000,30,0.0003,70,0.0007
40,-32,4,100000,36,0.00036,72,0.00072
40,-32,5,100000,27,0.00027,74,0.00074
40,-31,0,100000,36,0.00036,85,0.00085
40,-31,1,100000,35,0.00035,72,0.00072
40,-31,2,100000,22,0.00022,64,0.00064
40,-31,3,100000,26,0.00026,76,0.00076
40,-31,4,100000,35,0.00035,82,0.00082
40,-31,5,100000,55,0.00055,80,0.0008
40,-30,0,100000,36,0.00036,74,0.00074
40,-30,1,100000,34,0.00034,77,0.00077
40,-30,2,100000,26,0.00026,67,0.00067
40,-30,3,100000,38,0.00038,77,0.00077
40,-30,4,100000,25,0.00025,69,0.00069
40,-30,5,100000,59,0.00059,78,0.00078
40,-29,0,100000,36,0.00036,69,0.00069
40,-29,1,100000,25,0.00025,62,0.00062
40,-29,2,100000,27,0.00027,78,0.00078
40,-29,3,100000,29,0.00029,72,0.00072
40,-29,4,100000,23,0.00023,69,0.00069
40,-29,5,100000,23,0.00023,67,0.00067
40,-28,0,100000,35,0.00035,73,0.00073
40,-28,1,100000,22,0.00022,66,0.00066
40,-28,2,100000,30,0.0003,57,0.00057
40,-28,3,100000,38,0.00038,76,0.00076
40,-28,4,100000,37,0.00037,56,0.00056
40,-28,5,100000,16,0.00016,72,0.00072
40,-27,0,100000,43,0.00043,64,0.00064
40,-27,1,100000,42,0.00042,83,0.00083
40,-27,2,100000,28,0.00028,70,0.0007
40,-27,3,100000,23,0.00023,70,0.0007
40,-27,4,100000,42,0.00042,73,0.00073
40,-27,5,100000,41,0.00041,60,0.0006
40,-26,0,100000,46,0.00046,70,0.0007
40,-26,1,100000,19,0.00019,82,0.00082
40,-26,2,100000,15,0.00015,71,0.00071
40,-26,3,100000,27,0.00027,74,0.00074
40,-26,4,100000,25,0.00025,71,0.00071
40,-26,5,100000,30,0.0003,71,0.00071
40,-25,0,100000,25,0.00025,79,0.00079
40,-25,1,100000,23,0.00023,64,0.00064
40,-25,2,100000,29,0.00029,60,0.0006
40,-25,3,100000,27,0.00027,74,0.00074
40,-25,4,100000,27,0.00027,65,0.00065
40,-25,5,100000,22,0.00022,60,0.0006
40,-24,0,100000,26,0.00026,77,0.00077
40,-24,1,100000,35,0.00035,68,0.00068
40,-24,2,100000,37,0.00037,88,0.00088
40,-24,3,100000,39,0.00039,65,0.00065
40,-24,4,100000,35,0.00035,72,0.00072
40,-24,5,100000,38,0.00038,73,0.00073
40,-23,0,100000,15,0.00015,69,0.00069
40,-23,1,100000,32,0.00032,72,0.00072
40,-23,2,100000,40,0.0004,95,0.00095
40,-23,3,100000,42,0.00042,80,0.0008
40,-23,4,100000,39,0.00039,62,0.00062
40,-23,5,100000,45,0.00045,79,0.00079
40,-22,0,100000,23,0.00023,81,0.00081
40,-22,1,100000,49,0.00049,85,0.00085
40,-22,2,100000,27,0.00027,69,0.00069
40,-22,3,100000,25,0.00025,62,0.00062
40,-22,4,100000,23,0.00023,63,0.00063
40,-22,5,100000,43,0.00043,73,0.00073
40,-21,0,100000,30,0.0003,65,0.00065
40,-21,1,100000,27,0.00027,98,0.00098
40,-21,2,100000,33,0.00033,75,0.00075
40,-21,3,100000,34,0.00034,63,0.00063
40,-21,4,100000,32,0.00032,62,0.00062
40,-21,5,100000,36,0.00036,89,0.00089
40,-20,0,100000,33,0.00033,78,0.00078
40,-20,1,100000,24,0.00024,67,0.00067
40,-20,2,100000,22,0.00022,64,0.00064
40,-20,3,100000,29,0.00029,80,0.0008
40,-20,4,100000,37,0.00037,70,0.0007
40,-20,5,100000,52,0.00052,75,0.00075
40,-19,0,100000,41,0.00041,72,0.00072
40,-19,1,100000,47,0.00047,72,0.00072
40,-19,2,100000,14,0.00014,71,0.00071
40,-19,3,100000,36,0.00036,81,0.00081
40,-19,4,100000,19,0.00019,71,0.00071
40,-19,5,100000,19,0.00019,64,0.00064
40,-18,0,100000,24,0.00024,68,0.00068
40,-18,1,100000,37,0.00037,85,0.00085
40,-18,2,100000,35,0.00035,69,0.00069
40,-18,3,100000,30,0.0003,62,0.00062
40,-18,4,100000,26,0.00026,77,0.00077
40,-18,5,100000,37,0.00037,74,0.00074
40,-17,0,100000,39,0.00039,83,0.00083
40,-17,1,100000,43,0.00043,69,0.00069
40,-17,2,100000,34,0.00034,75,0.00075
40,-17,3,100000,15,0.00015,52,0.00052
40,-17,4,100000,27,0.00027,80,0.0008
40,-17,5,100000,20,0.0002,63,0.00063
40,-16,0,100000,39,0.00039,77,0.00077
40,-16,1,100000,35,0.00035,74,0.00074
40,-16,2,100000,33,0.00033,79,0.00079
40,-16,3,100000,24,0.00024,62,0.00062
40,-16,4,100000,24,0.00024,72,0.00072
40,-16,5,100000,22,0.00022,60,0.0006
40,-15,0,100000,23,0.00023,65,0.00065
40,-15,1,100000,28,0.00028,66,0.00066
40,-15,2,100000,27,0.00027,57,0.00057
40,-15,3,100000,10,0.0001,54,0.00054
40,-15,4,100000,30,0.0003,84,0.00084
40,-15,5,100000,21,0.00021,61,0.00061
40,-14,0,100000,32,0.00032,77,0.00077
40,-14,1,100000,40,0.0004,68,0.00068
40,-14,2,100000,19,0.00019,61,0.00061
40,-14,3,100000,62,0.00062,78,0.00078
40,-14,4,100000,26,0.00026,82,0.00082
40,-14,5,100000,34,0.00034,84,0.00084
40,-13,0,100000,46,0.00046,73,0.00073
40,-13,1,100000,32,0.00032,75,0.00075
40,-13,2,100000,22,0.00022,68,0.00068
40,-13,3,100000,40,0.0004,77,0.00077
40,-13,4,100000,23,0.00023,76,0.00076
40,-13,5,100000,46,0.00046,69,0.00069
40,-12,0,100000,44,0.00044,95,0.00095
40,-12,1,100000,10,0.0001,54,0.00054
40,-12,2,100000,26,0.00026,88,0.00088
40,-12,3,100000,27,0.00027,71,0.00071
40,-12,4,100000,21,0.00021,63,0.00063
40,-12,5,100000,32,0.00032,80,0.0008
40,-11,0,100000,30,0.0003,92,0.00092
40,-11,1,100000,35,0.00035,77,0.00077
40,-11,2,100000,26,0.00026,75,0.00075
40,-11,3,100000,36,0.00036,78,0.00078
40,-11,4,100000,34,0.00034,76,0.00076
40,-11,5,100000,40,0.0004,69,0.00069
40,-10,0,100000,26,0.00026,83,0.00083
40,-10,1,100000,20,0.0002,59,0.00059
40,-10,2,100000,20,0.0002,70,0.0007
40,-10,3,100000,33,0.00033,85,0.00085
40,-10,4,100000,33,0.00033,67,0.00067
40,-10,5,100000,32,0.00032,67,0.00067
40,-9,0,100000,38,0.00038,73,0.00073
40,-9,1,100000,18,0.00018,55,0.00055
40,-9,2,100000,8,8e-05,67,0.00067
40,-9,3,100000,25,0.00025,61,0.00061
40,-9,4,100000,30,0.0003,72,0.00072
40,-9,5,100000,36,0.00036,82,0.00082
40,-8,0,100000,27,0.00027,88,0.00088
40,-8,1,100000,31,0.00031,62,0.00062
40,-8,2,100000,49,0.00049,70,0.0007
40,-8,3,100000,26,0.00026,78,0.00078
40,-8,4,100000,32,0.00032,72,0.00072
40,-8,5,100000,30,0.0003,61,0.00061
40,-7,0,100000,42,0.00042,77,0.00077
40,-7,1,100000,59,0.00059,86,0.00086
40,-7,2,100000,26,0.00026,88,0.00088
40,-7,3,100000,29,0.00029,65,0.00065
40,-7,4,100000,33,0.00033,77,0.00077
40,-7,5,100000,25,0.00025,83,0.00083
40,-6,0,100000,36,0.00036,85,0.00085
40,-6,1,100000,35,0.00035,77,0.00077
40,-6,2,100000,27,0.00027,81,0.00081
40,-6,3,100000,30,0.0003,70,0.0007
40,-6,4,100000,33,0.00033,83,0.00083
40,-6,5,100000,49,0.00049,79,0.00079
40,-5,0,100000,34,0.00034,73,0.00073
40,-5,1,100000,23,0.00023,66,0.00066
40,-5,2,100000,29,0.00029,74,0.00074
40,-5,3,100000,60,0.0006,81,0.00081
40,-5,4,100000,41,0.00041,100,0.001
40,-5,5,100000,30,0.0003,69,0.00069
40,-4,0,100000,41,0.00041,76,0.00076
40,-4,1,100000,29,0.00029,67,0.00067
40,-4,2,100000,34,0.00034,84,0.00084
40,-4,3,100000,35,0.00035,68,0.00068
40,-4,4,100000,33,0.00033,88,0.00088
40,-4,5,100000,33,0.00033,73,0.00073
40,-3,0,100000,30,0.0003,69,0.00069
40,-3,1,100000,54,0.00054,81,0.00081
40,-3,2,100000,33,0.00033,69,0.00069
40,-3,3,100000,28,0.00028,66,0.00066
40,-3,4,100000,42,0.00042,66,0.00066
40,-3,5,100000,36,0.00036,86,0.00086
40,-2,0,100000,32,0.00032,76,0.00076
40,-2,1,100000,23,0.00023,91,0.00091
40,-2,2,100000,35,0.00035,66,0.00066
40,-2,3,100000,37,0.00037,67,0.00067
40,-2,4,100000,22,0.00022,60,0.0006
40,-2,5,100000,17,0.00017,64,0.00064
40,-1,0,100000,32,0.00032,82,0.00082
40,-1,1,100000,16,0.00016,73,0.00073
40,-1,2,100000,29,0.00029,65,0.00065
40,-1,3,100000,25,0.00025,74,0.00074
40,-1,4,100000,45,0.00045,80,0.0008
40,-1,5,100000,19,0.00019,62,0.00062
40,0,0,100000,26,0.00026,64,0.00064
40,0,1,100000,60,0.0006,92,0.00092
40,0,2,100000,34,0.00034,73,0.00073
40,0,3,100000,31,0.00031,70,0.0007
40,0,4,100000,30,0.0003,73,0.00073
40,0,5,100000,43,0.00043,75,0.00075
40,1,0,100000,34,0.00034,82,0.00082
40,1,1,100000,36,0.00036,76,0.00076
40,1,2,100000,27,0.00027,70,0.0007
40,1,3,100000,31,0.00031,85,0.00085
40,1,4,100000,29,0.00029,84,0.00084
40,1,5,100000,39,0.00039,84,0.00084
40,2,0,100000,22,0.00022,62,0.00062
40,2,1,100000,25,0.00025,71,0.00071
40,2,2,100000,16,0.00016,65,0.00065
40,2,3,100000,18,0.00018,66,0.00066
40,2,4,100000,33,0.00033,73,0.00073
40,2,5,100000,29,0.00029,88,0.00088
40,3,0,100000,24,0.00024,60,0.0006
40,3,1,100000,27,0.00027,76,0.00076
40,3,2,100000,35,0.00035,64,0.00064
40,3,3,100000,40,0.0004,96,0.00096
40,3,4,100000,19,0.00019,72,0.00072
40,3,5,100000,34,0.00034,78,0.00078
40,4,0,100000,34,0.00034,73,0.00073
40,4,1,100000,44,0.00044,77,0.00077
40,4,2,100000,26,0.00026,70,0.0007
40,4,3,100000,35,0.00035,73,0.00073
40,4,4,100000,29,0.00029,64,0.00064
40,4,5,100000,42,0.00042,65,0.00065
40,5,0,100000,36,0.00036,76,0.00076
40,5,1,100000,26,0.00026,75,0.00075
40,5,2,100000,31,0.00031,67,0.00067
40,5,3,100000,37,0.00037,70,0.0007
40,5,4,100000,26,0.00026,79,0.00079
40,5,5,100000,54,0.00054,74,0.00074
40,6,0,100000,37,0.00037,71,0.00071
40,6,1,100000,20,0.0002,71,0.00071
40,6,2,100000,12,0.00012,55,0.00055
40,6,3,100000,26,0.00026,81,0.00081
40,6,4,100000,23,0.00023,72,0.00072
40,6,5,100000,31,0.00031,79,0.00079
40,7,0,100000,32,0.00032,73,0.00073
40,7,1,100000,28,0.00028,80,0.0008
40,7,2,100000,18,0.00018,62,0.00062
40,7,3,100000,42,0.00042,70,0.0007
40,7,4,100000,23,0.00023,81,0.00081
40,7,5,100000,16,0.00016,67,0.00067
40,8,0,100000,29,0.00029,75,0.00075
40,8,1,100000,33,0.00033,91,0.00091
40,8,2,100000,42,0.00042,68,0.00068
40,8,3,100000,32,0.00032,79,0.00079
40,8,4,100000,32,0.00032,76,0.00076
40,8,5,100000,16,0.00016,52,0.00052
40,9,0,100000,28,0.00028,63,0.00063
40,9,1,100000,27,0.00027,62,0.00062
40,9,2,100000,35,0.00035,72,0.00072
40,9,3,100000,22,0.00022,77,0.00077
40,9,4,100000,12,0.00012,57,0.00057
40,9,5,100000,19,0.00019,70,0.0007
40,10,0,100000,43,0.00043,81,0.00081
40,10,1,100000,44,0.00044,66,0.00066
40,10,2,100000,24,0.00024,94,0.00094
40,10,3,100000,12,0.00012,62,0.00062
40,10,4,100000,35,0.00035,75,0.00075
40,10,5,100000,14,0.00014,60,0.0006
40,11,0,100000,30,0.0003,79,0.00079
40,11,1,100000,34,0.00034,73,0.00073
40,11,2,100000,24,0.00024,73,0.00073
40,11,3,100000,38,0.00038,80,0.0008
40,11,4,100000,27,0.00027,81,0.00081
40,11,5,100000,30,0.0003,79,0.00079
40,12,0,100000,38,0.00038,73,0.00073
40,12,1,100000,43,0.00043,75,0.00075
40,12,2,100000,20,0.0002,79,0.00079
40,12,3,100000,29,0.00029,62,0.00062
40,12,4,100000,23,0.00023,80,0.0008
40,12,5,100000,53,0.00053,103,0.00103
40,13,0,100000,24,0.00024,54,0.00054
40,13,1,100000,55,0.00055,74,0.00074
40,13,2,100000,33,0.00033,78,0.00078
40,13,3,100000,40,0.0004,66,0.00066
40,13,4,100000,13,0.00013,65,0.00065
40,13,5,100000,23,0.00023,74,0.00074
40,14,0,100000,20,0.0002,52,0.00052
40,14,1,100000,31,0.00031,70,0.0007
40,14,2,100000,30,0.0003,81,0.00081
40,14,3,100000,35,0.00035,82,0.00082
40,14,4,100000,30,0.0003,75,0.00075
40,14,5,100000,19,0.00019,72,0.00072
40,15,0,100000,45,0.00045,85,0.00085
40,15,1,100000,22,0.00022,80,0.0008
40,15,2,100000,24,0.00024,68,0.00068
40,15,3,100000,34,0.00034,72,0.00072
40,15,4,100000,20,0.0002,69,0.00069
40,15,5,100000,38,0.00038,69,0.00069
40,16,0,100000,29,0.00029,69,0.00069
40,16,1,100000,46,0.00046,70,0.0007
40,16,2,100000,28,0.00028,70,0.0007
40,16,3,100000,51,0.00051,84,0.00084
40,16,4,100000,21,0.00021,76,0.00076
40,16,5,100000,17,0.00017,58,0.00058
40,17,0,100000,28,0.00028,72,0.00072
40,17,1,100000,46,0.00046,75,0.00075
40,17,2,100000,31,0.00031,80,0.0008
40,17,3,100000,38,0.00038,67,0.00067
40,17,4,100000,40,0.0004,69,0.00069
40,17,5,100000,21,0.00021,74,0.00074
40,18,0,100000,38,0.00038,75,0.00075
40,18,1,100000,23,0.00023,77,0.00077
40,18,2,100000,18,0.00018,66,0.00066
40,18,3,100000,28,0.00028,74,0.00074
40,18,4,100000,22,0.00022,52,0.00052
40,18,5,100000,25,0.00025,53,0.00053
40,19,0,100000,35,0.00035,86,0.00086
40,19,1,100000,27,0.00027,79,0.00079
40,19,2,100000,32,0.00032,76,0.00076
40,19,3,100000,29,0.00029,65,0.00065
40,19,4,100000,49,0.00049,77,0.00077
40,19,5,100000,17,0.00017,72,0.00072
40,20,0,100000,29,0.00029,67,0.00067
40,20,1,100000,19,0.00019,78,0.00078
40,20,2,100000,32,0.00032,69,0.00069
40,20,3,100000,31,0.00031,70,0.0007
40,20,4,100000,18,0.00018,78,0.00078
40,20,5,100000,36,0.00036,64,0.00064
40,21,0,100000,40,0.0004,68,0.00068
40,21,1,100000,38,0.00038,72,0.00072
40,21,2,100000,34,0.00034,72,0.00072
40,21,3,100000,56,0.00056,81,0.00081
40,21,4,100000,23,0.00023,55,0.00055
40,21,5,100000,22,0.00022,58,0.00058
40,22,0,100000,43,0.00043,87,0.00087
40,22,1,100000,15,0.00015,62,0.00062
40,22,2,100000,27,0.00027,79,0.00079
40,22,3,100000,21,0.00021,80,0.0008
40,22,4,100000,20,0.0002,67,0.00067
40,22,5,100000,22,0.00022,73,0.00073
40,23,0,100000,31,0.00031,67,0.00067
40,23,1,100000,29,0.00029,70,0.0007
40,23,2,100000,21,0.00021,66,0.00066
40,23,3,100000,28,0.00028,70,0.0007
40,23,4,100000,24,0.00024,74,0.00074
40,23,5,100000,53,0.00053,74,0.00074
40,24,0,100000,26,0.00026,71,0.00071
40,24,1,100000,14,0.00014,75,0.00075
40,24,2,100000,39,0.00039,67,0.00067
40,24,3,100000,25,0.00025,80,0.0008
40,24,4,100000,29,0.00029,75,0.00075
40,24,5,100000,37,0.00037,88,0.00088
40,25,0,100000,29,0.00029,67,0.00067
40,25,1,100000,27,0.00027,78,0.00078
40,25,2,100000,27,0.00027,79,0.00079
40,25,3,100000,33,0.00033,65,0.00065
40,25,4,100000,41,0.00041,80,0.0008
40,25,5,100000,32,0.00032,68,0.00068
40,26,0,100000,35,0.00035,74,0.00074
40,26,1,100000,18,0.00018,67,0.00067
40,26,2,100000,45,0.00045,83,0.00083
40,26,3,100000,44,0.00044,73,0.00073
40,26,4,100000,36,0.00036,83,0.00083
40,26,5,100000,43,0.00043,80,0.0008
40,27,0,100000,18,0.00018,54,0.00054
40,27,1,100000,28,0.00028,56,0.00056
40,27,2,100000,34,0.00034,63,0.00063
40,27,3,100000,32,0.00032,67,0.00067
40,27,4,100000,28,0.00028,60,0.0006
40,27,5,100000,28,0.00028,79,0.00079
40,28,0,100000,28,0.00028,81,0.00081
40,28,1,100000,26,0.00026,66,0.00066
40,28,2,100000,20,0.0002,60,0.0006
40,28,3,100000,42,0.00042,74,0.00074
40,28,4,100000,38,0.00038,70,0.0007
40,28,5,100000,29,0.00029,58,0.00058
40,29,0,100000,32,0.00032,77,0.00077
40,29,1,100000,12,0.00012,64,0.00064
40,29,2,100000,24,0.00024,82,0.00082
40,29,3,100000,57,0.00057,76,0.00076
40,29,4,100000,47,0.00047,74,0.00074
40,29,5,100000,25,0.00025,71,0.00071
40,30,0,100000,28,0.00028,57,0.00057
40,30,1,100000,35,0.00035,72,0.00072
40,30,2,100000,17,0.00017,55,0.00055
40,30,3,100000,37,0.00037,84,0.00084
40,30,4,100000,13,0.00013,70,0.0007
40,30,5,100000,22,0.00022,73,0.00073
40,31,0,100000,26,0.00026,59,0.00059
40,31,1,100000,35,0.00035,77,0.00077
40,31,2,100000,22,0.00022,56,0.00056
40,31,3,100000,38,0.00038,83,0.00083
40,31,4,100000,27,0.00027,71,0.00071
40,31,5,100000,11,0.00011,73,0.00073
40,32,0,100000,33,0.00033,69,0.00069
40,32,1,100000,33,0.00033,71,0.00071
40,32,2,100000,34,0.00034,84,0.00084
40,32,3,100000,37,0.00037,69,0.00069
40,32,4,100000,29,0.00029,80,0.0008
40,32,5,100000,26,0.00026,71,0.00071
40,33,0,100000,24,0.00024,64,0.00064
40,33,1,100000,26,0.00026,65,0.00065
40,33,2,100000,18,0.00018,60,0.0006
40,33,3,100000,45,0.00045,81,0.00081
40,33,4,100000,30,0.0003,65,0.00065
40,33,5,100000,21,0.00021,64,0.00064
40,34,0,100000,25,0.00025,72,0.00072
40,34,1,100000,29,0.00029,66,0.00066
40,34,2,100000,34,0.00034,81,0.00081
40,34,3,100000,26,0.00026,62,0.00062
40,34,4,100000,32,0.00032,68,0.00068
40,34,5,100000,60,0.0006,74,0.00074
40,35,0,100000,37,0.00037,88,0.00088
40,35,1,100000,26,0.00026,65,0.00065
40,35,2,100000,34,0.00034,73,0.00073
40,35,3,100000,35,0.00035,64,0.00064
40,35,4,100000,38,0.00038,67,0.00067
40,35,5,100000,30,0.0003,70,0.0007
40,36,0,100000,35,0.00035,80,0.0008
40,36,1,100000,30,0.0003,78,0.00078
40,36,2,100000,27,0.00027,71,0.00071
40,36,3,100000,40,0.0004,75,0.00075
40,36,4,100000,40,0.0004,74,0.00074
40,36,5,100000,37,0.00037,78,0.00078
40,37,0,100000,39,0.00039,82,0.00082
40,37,1,100000,22,0.00022,74,0.00074
40,37,2,100000,15,0.00015,68,0.00068
40,37,3,100000,18,0.00018,61,0.00061
40,37,4,100000,33,0.00033,77,0.00077
40,37,5,100000,27,0.00027,73,0.00073
40,38,0,100000,21,0.00021,63,0.00063
40,38,1,100000,38,0.00038,76,0.00076
40,38,2,100000,23,0.00023,73,0.00073
40,38,3,100000,17,0.00017,66,0.00066
40,38,4,100000,38,0.00038,68,0.00068
40,38,5,100000,31,0.00031,70,0.0007
40,39,0,100000,40,0.0004,71,0.00071
40,39,1,100000,22,0.00022,70,0.0007
40,39,2,100000,17,0.00017,69,0.00069
40,39,3,100000,31,0.00031,67,0.00067
40,39,4,100000,22,0.00022,83,0.00083
40,39,5,100000,19,0.00019,63,0.00063
40,40,0,100000,31,0.00031,75,0.00075
40,40,1,100000,13,0.00013,64,0.00064
40,40,2,100000,40,0.0004,65,0.00065
40,40,3,100000,27,0.00027,67,0.00067
40,40,4,100000,35,0.00035,57,0.00057
40,40,5,100000,22,0.00022,71,0.00071
40,41,0,100000,30,0.0003,65,0.00065
40,41,1,100000,22,0.00022,71,0.00071
40,41,2,100000,25,0.00025,73,0.00073
40,41,3,100000,22,0.00022,74,0.00074
40,41,4,100000,36,0.00036,87,0.00087
40,41,5,100000,31,0.00031,69,0.00069
40,42,0,100000,16,0.00016,63,0.00063
40,42,1,100000,24,0.00024,72,0.00072
40,42,2,100000,31,0.00031,77,0.00077
40,42,3,100000,51,0.00051,72,0.00072
40,42,4,100000,45,0.00045,71,0.00071
40,42,5,100000,13,0.00013,66,0.00066
40,43,0,100000,34,0.00034,90,0.0009
40,43,1,100000,26,0.00026,77,0.00077
40,43,2,100000,20,0.0002,58,0.00058
40,43,3,100000,24,0.00024,74,0.00074
40,43,4,100000,23,0.00023,77,0.00077
40,43,5,100000,26,0.00026,69,0.00069
40,44,0,100000,37,0.00037,76,0.00076
40,44,1,100000,34,0.00034,65,0.00065
40,44,2,100000,31,0.00031,74,0.00074
40,44,3,100000,36,0.00036,72,0.00072
40,44,4,100000,28,0.00028,69,0.00069
40,44,5,100000,28,0.00028,68,0.00068
40,45,0,100000,35,0.00035,71,0.00071
40,45,1,100000,23,0.00023,67,0.00067
40,45,2,100000,47,0.00047,78,0.00078
40,45,3,100000,39,0.00039,70,0.0007
40,45,4,100000,17,0.00017,72,0.00072
40,45,5,100000,20,0.0002,73,0.00073
40,46,0,100000,31,0.00031,82,0.00082
40,46,1,100000,46,0.00046,77,0.00077
40,46,2,100000,33,0.00033,70,0.0007
40,46,3,100000,29,0.00029,74,0.00074
40,46,4,100000,34,0.00034,72,0.00072
40,46,5,100000,19,0.00019,63,0.00063
40,47,0,100000,23,0.00023,60,0.0006
40,47,1,100000,19,0.00019,67,0.00067
40,47,2,100000,51,0.00051,70,0.0007
40,47,3,100000,26,0.00026,76,0.00076
40,47,4,100000,59,0.00059,87,0.00087
40,47,5,100000,17,0.00017,67,0.00067
40,48,0,100000,19,0.00019,70,0.0007
40,48,1,100000,42,0.00042,89,0.00089
40,48,2,100000,19,0.00019,72,0.00072
40,48,3,100000,52,0.00052,74,0.00074
40,48,4,100000,60,0.0006,77,0.00077
40,48,5,100000,21,0.00021,67,0.00067
40,49,0,100000,24,0.00024,71,0.00071
40,49,1,100000,12,0.00012,53,0.00053
40,49,2,100000,19,0.00019,65,0.00065
40,49,3,100000,42,0.00042,72,0.00072
40,49,4,100000,39,0.00039,68,0.00068
40,49,5,100000,26,0.00026,75,0.00075
40,50,0,100000,45,0.00045,77,0.00077
40,50,1,100000,27,0.00027,63,0.00063
40,50,2,100000,23,0.00023,79,0.00079
40,50,3,100000,45,0.00045,75,0.00075
40,50,4,100000,15,0.00015,67,0.00067
40,50,5,100000,21,0.00021,76,0.00076
41,-50,0,100000,32,0.00032,78,0.00078
41,-50,1,100000,42,0.00042,68,0.00068
41,-50,2,100000,29,0.00029,66,0.00066
41,-50,3,100000,42,0.00042,70,0.0007
41,-50,4,100000,31,0.00031,63,0.00063
41,-50,5,100000,17,0.00017,69,0.00069
41,-49,0,100000,31,0.00031,79,0.00079
41,-49,1,100000,17,0.00017,69,0.00069
41,-49,2,100000,25,0.00025,78,0.00078
41,-49,3,100000,24,0.00024,66,0.00066
41,-49,4,100000,45,0.00045,84,0.00084
41,-49,5,100000,28,0.00028,70,0.0007
41,-48,0,100000,32,0.00032,79,0.00079
41,-48,1,100000,52,0.00052,87,0.00087
41,-48,2,100000,17,0.00017,69,0.00069
41,-48,3,100000,38,0.00038,72,0.00072
41,-48,4,100000,40,0.0004,67,0.00067
41,-48,5,100000,25,0.00025,86,0.00086
41,-47,0,100000,39,0.00039,76,0.00076
41,-47,1,100000,23,0.00023,91,0.00091
41,-47,2,100000,29,0.00029,75,0.00075
41,-47,3,100000,26,0.00026,58,0.00058
41,-47,4,100000,25,0.00025,60,0.0006
41,-47,5,100000,34,0.00034,68,0.00068
41,-46,0,100000,38,0.00038,69,0.00069
41,-46,1,100000,36,0.00036,76,0.00076
41,-46,2,100000,21,0.00021,74,0.00074
41,-46,3,100000,30,0.0003,68,0.00068
41,-46,4,100000,27,0.00027,64,0.00064
41,-46,5,100000,34,0.00034,72,0.00072
41,-45,0,100000,38,0.00038,77,0.00077
41,-45,1,100000,44,0.00044,82,0.00082
41,-45,2,100000,26,0.00026,77,0.00077
41,-45,3,100000,18,0.00018,62,0.00062
41,-45,4,100000,25,0.00025,71,0.00071
41,-45,5,100000,47,0.00047,71,0.00071
41,-44,0,100000,29,0.00029,76,0.00076
41,-44,1,100000,26,0.00026,72,0.00072
41,-44,2,100000,15,0.00015,56,0.00056
41,-44,3,100000,35,0.00035,60,0.0006
41,-44,4,100000,27,0.00027,78,0.00078
41,-44,5,100000,37,0.00037,71,0.00071
