x,y,nPrimary,roiCounts,normalizedCounts,flux,normalizedFlux
-6.2,-30.6,400000,44808,0.11202,151983,0.379958
-6.2,-30.4,400000,44893,0.112232,152327,0.380817
-6.2,-30.2,400000,44870,0.112175,152110,0.380275
-6.2,-30,400000,44829,0.112073,152796,0.38199
-6.2,-29.8,400000,44796,0.11199,152156,0.38039
-6.2,-29.6,400000,44443,0.111107,151989,0.379972
-6.2,-29.4,400000,44879,0.112198,152177,0.380443
-6.2,-29.2,400000,44348,0.11087,151586,0.378965
-6.2,-29,400000,44999,0.112498,151654,0.379135
-6.2,-28.8,400000,44712,0.11178,152090,0.380225
-6.2,-28.6,400000,44397,0.110992,152087,0.380217
-6.2,-28.4,400000,44325,0.110812,151944,0.37986
-6.2,-28.2,400000,44467,0.111168,151545,0.378862
-6.2,-28,400000,45103,0.112757,152590,0.381475
-6.2,-27.8,400000,44723,0.111808,152555,0.381387
-6.2,-27.6,400000,44998,0.112495,152311,0.380777
-6.2,-27.4,400000,45539,0.113848,152561,0.381402
-6.2,-27.2,400000,44873,0.112183,152085,0.380213
-6.2,-27,400000,45045,0.112613,152434,0.381085
-6.2,-26.8,400000,44973,0.112433,152826,0.382065
-6.2,-26.6,400000,44662,0.111655,151915,0.379788
-6.2,-26.4,400000,44634,0.111585,151483,0.378707
-6.2,-26.2,400000,44841,0.112102,152387,0.380968
-6.2,-26,400000,45245,0.113113,151963,0.379908
-6.2,-25.8,400000,44992,0.11248,152163,0.380408
-6.2,-25.6,400000,44702,0.111755,152750,0.381875
-6.2,-25.4,400000,45309,0.113272,152842,0.382105
-6.2,-25.2,400000,45104,0.11276,151991,0.379978
-6.2,-25,400000,44883,0.112208,152003,0.380007
-6.2,-24.8,400000,45091,0.112727,152631,0.381578
-6.2,-24.6,400000,44748,0.11187,151938,0.379845
-6.2,-24.4,400000,45114,0.112785,152148,0.38037
-6.2,-24.2,400000,44425,0.111062,151705,0.379263
-6.2,-24,400000,44806,0.112015,151820,0.37955
-6.2,-23.8,400000,44937,0.112342,151952,0.37988
-6.2,-23.6,400000,44452,0.11113,151844,0.37961
-6.2,-23.4,400000,44979,0.112448,152227,0.380568
-6.2,-23.2,400000,45287,0.113217,152081,0.380202
-6.2,-23,400000,44595,0.111488,151813,0.379532
-6.2,-22.8,400000,44851,0.112128,152402,0.381005
-6.2,-22.6,400000,44502,0.111255,151977,0.379943
-6.2,-22.4,400000,44629,0.111573,152370,0.380925
-6.2,-22.2,400000,45372,0.11343,152124,0.38031
-6.2,-22,400000,45059,0.112647,152153,0.380383
-6.2,-21.8,400000,44763,0.111907,152190,0.380475
-6.2,-21.6,400000,44290,0.110725,151397,0.378493
-6.2,-21.4,400000,45043,0.112607,152281,0.380702
-6.2,-21.2,400000,44604,0.11151,151746,0.379365
-6.2,-21,400000,45075,0.112687,152446,0.381115
-6.2,-20.8,400000,45127,0.112818,152620,0.38155
-6.2,-20.6,400000,44932,0.11233,151753,0.379383
-6.2,-20.4,400000,44776,0.11194,152120,0.3803
-6.2,-20.2,400000,44819,0.112047,152060,0.38015
-6.2,-20,400000,44656,0.11164,152153,0.380383
-6.2,-19.8,400000,44437,0.111092,152198,0.380495
-6.2,-19.6,400000,44421,0.111052,151680,0.3792
-6.2,-19.4,400000,45150,0.112875,152654,0.381635
-6.2,-19.2,400000,44608,0.11152,152564,0.38141
-6.2,-19,400000,45124,0.11281,152316,0.38079
-6.2,-18.8,400000,44878,0.112195,151753,0.379383
-6.2,-18.6,400000,44084,0.11021,151937,0.379843
-6.2,-18.4,400000,45546,0.113865,152623,0.381557
-6.2,-18.2,400000,44867,0.112168,152586,0.381465
-6.2,-18,400000,45015,0.112537,151527,0.378817
-6.2,-17.8,400000,44626,0.111565,152327,0.380817
-6.2,-17.6,400000,44983,0.112458,151931,0.379827
-6.2,-17.4,400000,44411,0.111028,151945,0.379862
-6.2,-17.2,400000,44470,0.111175,152051,0.380128
-6.2,-17,400000,44682,0.111705,151692,0.37923
-6.2,-16.8,400000,44416,0.11104,151516,0.37879
-6.2,-16.6,400000,44920,0.1123,151948,0.37987
-6.2,-16.4,400000,44621,0.111552,152055,0.380138
-6.2,-16.2,400000,44946,0.112365,152161,0.380402
-6.2,-16,400000,44709,0.111772,152245,0.380613
-6.2,-15.8,400000,45404,0.11351,152854,0.382135
-6.2,-15.6,400000,45025,0.112562,151900,0.37975
-6.2,-15.4,400000,44852,0.11213,152524,0.38131
-6.2,-15.2,400000,44829,0.112073,152329,0.380823
-6.2,-15,400000,44195,0.110488,151987,0.379968
-6.2,-14.8,400000,44340,0.11085,151913,0.379783
-6.2,-14.6,400000,44523,0.111308,151778,0.379445
-6.2,-14.4,400000,44928,0.11232,152486,0.381215
-6.2,-14.2,400000,44563,0.111408,152353,0.380883
-6.2,-14,400000,44632,0.11158,151936,0.37984
-6.2,-13.8,400000,44799,0.111997,152377,0.380943
-6.2,-13.6,400000,44749,0.111872,152128,0.38032
-6.2,-13.4,400000,44822,0.112055,152415,0.381037
-6.2,-13.2,400000,44219,0.110548,151924,0.37981
-6.2,-13,400000,45237,0.113092,152226,0.380565
-6.2,-12.8,400000,44984,0.11246,152325,0.380812
-6.2,-12.6,400000,44465,0.111162,152332,0.38083
-6.2,-12.4,400000,45129,0.112823,151858,0.379645
-6.2,-12.2,400000,45031,0.112577,153086,0.382715
-6.2,-12,400000,44034,0.110085,151501,0.378752
-6.2,-11.8,400000,45266,0.113165,151878,0.379695
-6.2,-11.6,400000,44199,0.110497,152250,0.380625
-6.2,-11.4,400000,45359,0.113397,152263,0.380657
-6.2,-11.2,400000,44759,0.111897,152306,0.380765
-6.2,-11,400000,44780,0.11195,152103,0.380258
-6.2,-10.8,400000,44926,0.112315,152370,0.380925
-6.2,-10.6,400000,44556,0.11139,151745,0.379362
-6.2,-10.4,400000,44504,0.11126,151296,0.37824
-6.2,-10.2,400000,45107,0.112768,152598,0.381495
-6.2,-10,400000,44746,0.111865,152067,0.380167
-6.2,-9.8,400000,44446,0.111115,151734,0.379335
-6.2,-9.6,400000,44971,0.112427,152146,0.380365
-6.2,-9.4,400000,45271,0.113178,152038,0.380095
-6.2,-9.2,400000,44893,0.112232,152686,0.381715
-6.2,-9,400000,44776,0.11194,151466,0.378665
-6.2,-8.8,400000,45516,0.11379,152550,0.381375
-6.2,-8.6,400000,45202,0.113005,152059,0.380148
-6.2,-8.4,400000,44925,0.112312,152217,0.380543
-6.2,-8.2,400000,44504,0.11126,152009,0.380022
-6.2,-8,400000,44915,0.112287,151947,0.379868
-6.2,-7.8,400000,44531,0.111327,152241,0.380603
-6.2,-7.6,400000,44345,0.110863,151862,0.379655
-6.2,-7.4,400000,45072,0.11268,152197,0.380493
-6.2,-7.2,400000,44661,0.111653,151818,0.379545
-6.2,-7,400000,44584,0.11146,152279,0.380698
-6.2,-6.8,400000,44618,0.111545,152250,0.380625
-6.2,-6.6,400000,44952,0.11238,152058,0.380145
-6.2,-6.4,400000,44586,0.111465,152381,0.380953
-6.2,-6.2,400000,44894,0.112235,152444,0.38111
-6.2,-6,400000,45050,0.112625,152086,0.380215
-6.2,-5.8,400000,44975,0.112437,151821,0.379553
-6.2,-5.6,400000,44676,0.11169,151856,0.37964
-6.2,-5.4,400000,44804,0.11201,152029,0.380072
-6.2,-5.2,400000,44757,0.111893,151992,0.37998
-6.2,-5,400000,45156,0.11289,152543,0.381358
-6.2,-4.8,400000,45421,0.113553,152507,0.381267
-6.2,-4.6,400000,44545,0.111363,152488,0.38122
-6.2,-4.4,400000,44492,0.11123,151823,0.379557
-6.2,-4.2,400000,44809,0.112022,152032,0.38008
-6.2,-4,400000,45181,0.112952,152547,0.381368
-6.2,-3.8,400000,45086,0.112715,152521,0.381302
-6.2,-3.6,400000,44907,0.112268,152224,0.38056
-6.2,-3.4,400000,45200,0.113,152255,0.380638
-6.2,-3.2,400000,44880,0.1122,152352,0.38088
-6.2,-3,400000,45124,0.11281,152472,0.38118
-6.2,-2.8,400000,44881,0.112202,151806,0.379515
-6.2,-2.6,400000,44436,0.11109,152160,0.3804
-6.2,-2.4,400000,45043,0.112607,152091,0.380227
-6.2,-2.2,400000,45120,0.1128,152156,0.38039
-6.2,-2,400000,44965,0.112412,152459,0.381147
-6.2,-1.8,400000,44307,0.110768,151854,0.379635
-6.2,-1.6,400000,44783,0.111958,152029,0.380072
-6.2,-1.4,400000,44968,0.11242,152180,0.38045
-6.2,-1.2,400000,45376,0.11344,151867,0.379667
-6.2,-1,400000,45385,0.113462,152234,0.380585
-6.2,-0.8,400000,44990,0.112475,152550,0.381375
-6.2,-0.6,400000,44725,0.111812,152224,0.38056
-6.2,-0.4,400000,44838,0.112095,152557,0.381393
-6.2,-0.2,400000,45065,0.112662,152463,0.381157
-6.2,0,400000,44875,0.112187,152508,0.38127
-6.2,0.2,400000,44664,0.11166,151762,0.379405
-6.2,0.4,400000,45645,0.114113,152275,0.380688
-6.2,0.6,400000,44740,0.11185,152188,0.38047
-6.2,0.8,400000,45288,0.11322,152507,0.381267
-6.2,1,400000,45097,0.112742,151799,0.379497
-6.2,1.2,400000,44835,0.112088,151528,0.37882
-6.2,1.4,400000,44747,0.111867,151872,0.37968
-6.2,1.6,400000,44549,0.111372,151970,0.379925
-6.2,1.8,400000,45341,0.113352,152025,0.380063
-6.2,2,400000,44319,0.110797,151934,0.379835
-6.2,2.2,400000,44554,0.111385,151490,0.378725
-6.2,2.4,400000,44990,0.112475,152203,0.380507
-6.2,2.6,400000,45022,0.112555,152366,0.380915
-6.2,2.8,400000,45063,0.112657,152248,0.38062
-6.2,3,400000,45221,0.113053,152874,0.382185
-6.2,3.2,400000,44905,0.112263,151796,0.37949
-6.2,3.4,400000,45135,0.112837,152513,0.381283
-6.2,3.6,400000,45245,0.113113,152464,0.38116
-6.2,3.8,400000,44597,0.111492,152063,0.380157
-6.2,4,400000,44624,0.11156,152906,0.382265
-6.2,4.2,400000,44505,0.111263,152163,0.380408
-6.2,4.4,400000,44921,0.112302,151996,0.37999
-6.2,4.6,400000,44722,0.111805,151963,0.379908
-6.2,4.8,400000,45512,0.11378,152372,0.38093
-6.2,5,400000,44681,0.111702,151604,0.37901
-6.2,5.2,400000,45243,0.113107,152232,0.38058
-6.2,5.4,400000,44795,0.111988,151600,0.379
-6.2,5.6,400000,45179,0.112948,152257,0.380642
-6.2,5.8,400000,44954,0.112385,151895,0.379738
-6.2,6,400000,44888,0.11222,152960,0.3824
-6.2,6.2,400000,44508,0.11127,152492,0.38123
-6.2,6.4,400000,44579,0.111448,152019,0.380047
-6.2,6.6,400000,44785,0.111963,152110,0.380275
-6.2,6.8,400000,44948,0.11237,152360,0.3809
-6.2,7,400000,44551,0.111378,152076,0.38019
-6.2,7.2,400000,44608,0.11152,151753,0.379383
-6.2,7.4,400000,44916,0.11229,151998,0.379995
-6.2,7.6,400000,44916,0.11229,152341,0.380852
-6.2,7.8,400000,44800,0.112,151578,0.378945
-6.2,8,400000,44727,0.111818,151711,0.379277
-6.2,8.2,400000,44599,0.111497,151600,0.379
-6.2,8.4,400000,44729,0.111823,152026,0.380065
-6.2,8.6,400000,44557,0.111393,152519,0.381298
-6.2,8.8,400000,44985,0.112463,152923,0.382308
-6.2,9,400000,44911,0.112278,152204,0.38051
-6.2,9.2,400000,45053,0.112632,152327,0.380817
-6.2,9.4,400000,44340,0.11085,152044,0.38011
-6.2,9.6,400000,44507,0.111268,151563,0.378908
-6.2,9.8,400000,45278,0.113195,152444,0.38111
-6.2,10,400000,45180,0.11295,152639,0.381597
-6.2,10.2,400000,44748,0.11187,151736,0.37934
-6.2,10.4,400000,44749,0.111872,152010,0.380025
-6.2,10.6,400000,45647,0.114117,152663,0.381657
-6.2,10.8,400000,44436,0.11109,151637,0.379092
-6.2,11,400000,44598,0.111495,152004,0.38001
-6.2,11.2,400000,45082,0.112705,152231,0.380578
-6.2,11.4,400000,44925,0.112312,152298,0.380745
-6.2,11.6,400000,44517,0.111293,152259,0.380648
-6.2,11.8,400000,44575,0.111437,152240,0.3806
-6.2,12,400000,44682,0.111705,152075,0.380188
-6.2,12.2,400000,44646,0.111615,151981,0.379953
-6.2,12.4,400000,44770,0.111925,152116,0.38029
-6.2,12.6,400000,44912,0.11228,152072,0.38018
-6.2,12.8,400000,45308,0.11327,152217,0.380543
-6.2,13,400000,45134,0.112835,152427,0.381068
-6.2,13.2,400000,44740,0.11185,152278,0.380695
-6.2,13.4,400000,44666,0.111665,152234,0.380585
-6.2,13.6,400000,44763,0.111907,152220,0.38055
-6.2,13.8,400000,45028,0.11257,151921,0.379802
-6.2,14,400000,45070,0.112675,152212,0.38053
-6.2,14.2,400000,44807,0.112018,151363,0.378408
-6.2,14.4,400000,45066,0.112665,152006,0.380015
-6.2,14.6,400000,44776,0.11194,151827,0.379568
-6.2,14.8,400000,45452,0.11363,151933,0.379833
-6.2,15,400000,44707,0.111768,152307,0.380767
-6.2,15.2,400000,44040,0.1101,151836,0.37959
-6.2,15.4,400000,44891,0.112227,152064,0.38016
-6.2,15.6,400000,44786,0.111965,152218,0.380545
-6.2,15.8,400000,45035,0.112587,152209,0.380522
-6.2,16,400000,44589,0.111473,152390,0.380975
-6.2,16.2,400000,44998,0.112495,152543,0.381358
-6.2,16.4,400000,44401,0.111003,152087,0.380217
-6.2,16.6,400000,44545,0.111363,152427,0.381068
-6.2,16.8,400000,45418,0.113545,152571,0.381427
-6.2,17,400000,44650,0.111625,151766,0.379415
-6.2,17.2,400000,45003,0.112507,152208,0.38052
-6.2,17.4,400000,44885,0.112213,152048,0.38012
-6.2,17.6,400000,45477,0.113693,152133,0.380333
-6.2,17.8,400000,44753,0.111882,151830,0.379575
-6.2,18,400000,44617,0.111543,152133,0.380333
-6.2,18.2,400000,44838,0.112095,152155,0.380387
-6.2,18.4,400000,44970,0.112425,152570,0.381425
-6.2,18.6,400000,45455,0.113638,152256,0.38064
-6.2,18.8,400000,44404,0.11101,152027,0.380068
-6.2,19,400000,44754,0.111885,152293,0.380732
-6.2,19.2,400000,44911,0.112278,152068,0.38017
-6.2,19.4,400000,44705,0.111763,152059,0.380148
-6.2,19.6,400000,44870,0.112175,152406,0.381015
-6.2,19.8,400000,44560,0.1114,152393,0.380983
-6.2,20,400000,45634,0.114085,151988,0.37997
-6.2,20.2,400000,44921,0.112302,152432,0.38108
-6.2,20.4,400000,44873,0.112183,152239,0.380597
-6.2,20.6,400000,44483,0.111208,151656,0.37914
-6.2,20.8,400000,45134,0.112835,152010,0.380025
-6.2,21,400000,44860,0.11215,152244,0.38061
-6.2,21.2,400000,45074,0.112685,151888,0.37972
-6.2,21.4,400000,44614,0.111535,152102,0.380255
-6.2,21.6,400000,44878,0.112195,152340,0.38085
-6.2,21.8,400000,44937,0.112342,153042,0.382605
-6.2,22,400000,44654,0.111635,152262,0.380655
-6.2,22.2,400000,45300,0.11325,151872,0.37968
-6.2,22.4,400000,44561,0.111403,152443,0.381107
-6.2,22.6,400000,44843,0.112107,152351,0.380877
-6.2,22.8,400000,44324,0.11081,152089,0.380223
-6.2,23,400000,45428,0.11357,152394,0.380985
-6.2,23.2,400000,44675,0.111687,151920,0.3798
-6.2,23.4,400000,44900,0.11225,151739,0.379348
-6.2,23.6,400000,44972,0.11243,151968,0.37992
-6.2,23.8,400000,44671,0.111677,152177,0.380443
-6.2,24,400000,45103,0.112757,152821,0.382053
-6.2,24.2,400000,44697,0.111742,152192,0.38048
-6.2,24.4,400000,44388,0.11097,151725,0.379312
-6.2,24.6,400000,45145,0.112863,152226,0.380565
-6.2,24.8,400000,44818,0.112045,152212,0.38053
-6.2,25,400000,44679,0.111698,152131,0.380327
-6.2,25.2,400000,44779,0.111948,152012,0.38003
-6.2,25.4,400000,44762,0.111905,152147,0.380368
-6.2,25.6,400000,45332,0.11333,152256,0.38064
-6.2,25.8,400000,44741,0.111852,152379,0.380947
-6.2,26,400000,44708,0.11177,151843,0.379607
-6.2,26.2,400000,44368,0.11092,152015,0.380037
-6.2,26.4,400000,44746,0.111865,152184,0.38046
-6.2,26.6,400000,44689,0.111723,151926,0.379815
-6.2,26.8,400000,44837,0.112092,152443,0.381107
-6.2,27,400000,44838,0.112095,152147,0.380368
-6.2,27.2,400000,44890,0.112225,152080,0.3802
-6.2,27.4,400000,45060,0.11265,152246,0.380615
-6.2,27.6,400000,45011,0.112528,152259,0.380648
-6.2,27.8,400000,45233,0.113083,152901,0.382252
-6.2,28,400000,45323,0.113308,152212,0.38053
-6.2,28.2,400000,45485,0.113712,152255,0.380638
-6.2,28.4,400000,44571,0.111427,151635,0.379088
-6.2,28.6,400000,44689,0.111723,152790,0.381975
-6.2,28.8,400000,44540,0.11135,152362,0.380905
-6.2,29,400000,44859,0.112147,152276,0.38069
-6.2,29.2,400000,44677,0.111693,151657,0.379142
-6.2,29.4,400000,45046,0.112615,152339,0.380848
-6.2,29.6,400000,45244,0.11311,152302,0.380755
-6.2,29.8,400000,45106,0.112765,151780,0.37945
-6.2,30,400000,44787,0.111967,152124,0.38031
-6.2,30.2,400000,44697,0.111742,152058,0.380145
-6.2,30.4,400000,44990,0.112475,152655,0.381638
-6.2,30.6,400000,45131,0.112827,151584,0.37896
-6.2,30.8,400000,44625,0.111562,152366,0.380915
-6.2,31,400000,44883,0.112208,151755,0.379387
-6.2,31.2,400000,44867,0.112168,152576,0.38144
-6.2,31.4,400000,44373,0.110933,152154,0.380385
-6.2,31.6,400000,44239,0.110598,152190,0.380475
-6.2,31.8,400000,44695,0.111738,152314,0.380785
-6.2,32,400000,45329,0.113323,152528,0.38132
-6.2,32.2,400000,44512,0.11128,152229,0.380572
-6.2,32.4,400000,45402,0.113505,152834,0.382085
-6.2,32.6,400000,45100,0.11275,152518,0.381295
-6.2,32.8,400000,44955,0.112388,152035,0.380088
-6.2,33,400000,44848,0.11212,152524,0.38131
-6.2,33.2,400000,45005,0.112513,152391,0.380978
-6.2,33.4,400000,45152,0.11288,151663,0.379157
-6.2,33.6,400000,44580,0.11145,152153,0.380383
-6.2,33.8,400000,44690,0.111725,152014,0.380035
-6.2,34,400000,45079,0.112698,151987,0.379968
-6.2,34.2,400000,45165,0.112912,152397,0.380993
-6.2,34.4,400000,45095,0.112738,152630,0.381575
-6.2,34.6,400000,44358,0.110895,152219,0.380547
-6.2,34.8,400000,45292,0.11323,152572,0.38143
-6.2,35,400000,44807,0.112018,151829,0.379572
-6.2,35.2,400000,44668,0.11167,152085,0.380213
-6.2,35.4,400000,44495,0.111238,152344,0.38086
-6.2,35.6,400000,44594,0.111485,152323,0.380808
-6.2,35.8,400000,44710,0.111775,152002,0.380005
-6.2,36,400000,44692,0.11173,152104,0.38026
-6.2,36.2,400000,44612,0.11153,151762,0.379405
-6.2,36.4,400000,44922,0.112305,152574,0.381435
-6.2,36.6,400000,45263,0.113157,152340,0.38085
-6.2,36.8,400000,44843,0.112107,152639,0.381597
-6.2,37,400000,45077,0.112693,152482,0.381205
-6.2,37.2,400000,44450,0.111125,151930,0.379825
-6.2,37.4,400000,44549,0.111372,152125,0.380312
-6.2,37.6,400000,44463,0.111158,152358,0.380895
-6.2,37.8,400000,44801,0.112003,152038,0.380095
-6.2,38,400000,44860,0.11215,152482,0.381205
-6.2,38.2,400000,44904,0.11226,152347,0.380868
-6.2,38.4,400000,44931,0.112327,151768,0.37942
-6.2,38.6,400000,44621,0.111552,152367,0.380918
-6.2,38.8,400000,44720,0.1118,151895,0.379738
-6.2,39,400000,44804,0.11201,152134,0.380335
-6.2,39.2,400000,44915,0.112287,152358,0.380895
-6.2,39.4,400000,44978,0.112445,152569,0.381422
-6.2,39.6,400000,44956,0.11239,152110,0.380275
-6.2,39.8,400000,44466,0.111165,151618,0.379045
-6.2,40,400000,44893,0.112232,152023,0.380057
-6.2,40.2,400000,44297,0.110742,151690,0.379225
-6.2,40.4,400000,45213,0.113032,151813,0.379532
-6.2,40.6,400000,44551,0.111378,152138,0.380345
-6.2,40.8,400000,44798,0.111995,152823,0.382057
-6.2,41,400000,44530,0.111325,151863,0.379657
-6.2,41.2,400000,44775,0.111937,151772,0.37943
-6.2,41.4,400000,45082,0.112705,152221,0.380553
-6.2,41.6,400000,44435,0.111088,151879,0.379698
-6.2,41.8,400000,44941,0.112352,151659,0.379148
-6.2,42,400000,45046,0.112615,151986,0.379965
-6.2,42.2,400000,44460,0.11115,152003,0.380007
-6.2,42.4,400000,44917,0.112293,151819,0.379547
-6.2,42.6,400000,44804,0.11201,152607,0.381518
-6.2,42.8,400000,45162,0.112905,152353,0.380883
-6.2,43,400000,45300,0.11325,152525,0.381312
-6.2,43.2,400000,44708,0.11177,152419,0.381047
-6.2,43.4,400000,45441,0.113602,152392,0.38098
-6.2,43.6,400000,44764,0.11191,152474,0.381185
-6.2,43.8,400000,44721,0.111802,151877,0.379692
-6.2,44,400000,45044,0.11261,152676,0.38169
-6.2,44.2,400000,44846,0.112115,151888,0.37972
-6.2,44.4,400000,45032,0.11258,152174,0.380435
-6.2,44.6,400000,44964,0.11241,152026,0.380065
-6.2,44.8,400000,45035,0.112587,152210,0.380525
-6.2,45,400000,45040,0.1126,151873,0.379682
-6.2,45.2,400000,44833,0.112083,151409,0.378522
-6.2,45.4,400000,44478,0.111195,151885,0.379713
-6.2,45.6,400000,44621,0.111552,152337,0.380842
-6.2,45.8,400000,45096,0.11274,152490,0.381225
-6.2,46,400000,44320,0.1108,151680,0.3792
-6.2,46.2,400000,45075,0.112687,152532,0.38133
-6.2,46.4,400000,44566,0.111415,152128,0.38032
-6.2,46.6,400000,44868,0.11217,152069,0.380173
-6.2,46.8,400000,44916,0.11229,152005,0.380012
-6.2,47,400000,45042,0.112605,151886,0.379715
-6.2,47.2,400000,44963,0.112407,152611,0.381528
-6.2,47.4,400000,44749,0.111872,151958,0.379895
-6.2,47.6,400000,44855,0.112138,151987,0.379968
-6.2,47.8,400000,44409,0.111022,151477,0.378692
-6.2,48,400000,44846,0.112115,151966,0.379915
-6.2,48.2,400000,44465,0.111162,152210,0.380525
-6.2,48.4,400000,44923,0.112308,152264,0.38066
-6.2,48.6,400000,44964,0.11241,151553,0.378883
-6.2,48.8,400000,44396,0.11099,151794,0.379485
-6.2,49,400000,44894,0.112235,152261,0.380653
-6.2,49.2,400000,44811,0.112028,152144,0.38036
-6.2,49.4,400000,44436,0.11109,151824,0.37956
-6.2,49.6,400000,45169,0.112922,152432,0.38108
-6.2,49.8,400000,44638,0.111595,151819,0.379547
-6.2,50,400000,45274,0.113185,152617,0.381543
-6,-50,400000,44808,0.11202,152255,0.380638
-6,-49.8,400000,44850,0.112125,151854,0.379635
-6,-49.6,400000,44912,0.11228,152100,0.38025
-6,-49.4,400000,44677,0.111693,151891,0.379727
-6,-49.2,400000,45321,0.113303,152461,0.381153
-6,-49,400000,44771,0.111927,151799,0.379497
-6,-48.8,400000,44633,0.111583,152002,0.380005
-6,-48.6,400000,44258,0.110645,152212,0.38053
-6,-48.4,400000,44880,0.1122,151236,0.37809
-6,-48.2,400000,44726,0.111815,152100,0.38025
-6,-48,400000,44812,0.11203,151712,0.37928
-6,-47.8,400000,44087,0.110217,151362,0.378405
-6,-47.6,400000,44943,0.112357,152549,0.381373
-6,-47.4,400000,45019,0.112547,151541,0.378852
-6,-47.2,400000,45184,0.11296,151768,0.37942
-6,-47,400000,44810,0.112025,152392,0.38098
-6,-46.8,400000,45283,0.113208,151443,0.378607
-6,-46.6,400000,44438,0.111095,151968,0.37992
-6,-46.4,400000,44895,0.112238,152123,0.380308
-6,-46.2,400000,44529,0.111323,152615,0.381537
-6,-46,400000,45111,0.112778,152583,0.381458
-6,-45.8,400000,44746,0.111865,151678,0.379195
-6,-45.6,400000,44849,0.112122,152099,0.380248
-6,-45.4,400000,44786,0.111965,152028,0.38007
-6,-45.2,400000,44887,0.112217,152039,0.380097
-6,-45,400000,44662,0.111655,151953,0.379883
-6,-44.8,400000,45280,0.1132,152346,0.380865
-6,-44.6,400000,45140,0.11285,152289,0.380723
-6,-44.4,400000,45372,0.11343,152122,0.380305
-6,-44.2,400000,45201,0.113003,152583,0.381458
-6,-44,400000,45159,0.112897,152253,0.380632
-6,-43.8,400000,45118,0.112795,152205,0.380512
-6,-43.6,400000,45221,0.113053,152095,0.380238
-6,-43.4,400000,44775,0.111937,152308,0.38077
-6,-43.2,400000,44245,0.110613,151743,0.379358
-6,-43,400000,44807,0.112018,152012,0.38003
-6,-42.8,400000,44986,0.112465,152613,0.381532
-6,-42.6,400000,45050,0.112625,151686,0.379215
-6,-42.4,400000,45000,0.1125,151970,0.379925
-6,-42.2,400000,45230,0.113075,152435,0.381088
-6,-42,400000,44687,0.111717,152204,0.38051
-6,-41.8,400000,44860,0.11215,152886,0.382215
-6,-41.6,400000,44774,0.111935,151702,0.379255
-6,-41.4,400000,44755,0.111888,151409,0.378522
-6,-41.2,400000,44883,0.112208,152254,0.380635
-6,-41,400000,45039,0.112598,152251,0.380628
-6,-40.8,400000,44845,0.112113,151893,0.379732
-6,-40.6,400000,44382,0.110955,151800,0.3795
-6,-40.4,400000,44761,0.111903,152326,0.380815
-6,-40.2,400000,45013,0.112532,152159,0.380397
-6,-40,400000,44679,0.111698,151802,0.379505
-6,-39.8,400000,44464,0.11116,152080,0.3802
-6,-39.6,400000,44484,0.11121,151740,0.37935
-6,-39.4,400000,45017,0.112543,151764,0.37941
-6,-39.2,400000,44708,0.11177,152045,0.380113
-6,-39,400000,44742,0.111855,152117,0.380292
-6,-38.8,400000,44506,0.111265,152131,0.380327
-6,-38.6,400000,45525,0.113812,152369,0.380922
-6,-38.4,400000,45234,0.113085,152113,0.380283
-6,-38.2,400000,45040,0.1126,152272,0.38068
-6,-38,400000,44933,0.112333,152004,0.38001
-6,-37.8,400000,44677,0.111693,152864,0.38216
-6,-37.6,400000,44640,0.1116,151745,0.379362
-6,-37.4,400000,44563,0.111408,151845,0.379613
-6,-37.2,400000,44932,0.11233,152344,0.38086
-6,-37,400000,45214,0.113035,152654,0.381635
-6,-36.8,400000,44598,0.111495,151716,0.37929
-6,-36.6,400000,44871,0.112177,151802,0.379505
-6,-36.4,400000,44531,0.111327,152479,0.381198
-6,-36.2,400000,45515,0.113787,152279,0.380698
-6,-36,400000,44717,0.111793,152252,0.38063
-6,-35.8,400000,44978,0.112445,151957,0.379893
-6,-35.6,400000,44607,0.111518,151875,0.379688
-6,-35.4,400000,45131,0.112827,152204,0.38051
-6,-35.2,400000,44776,0.11194,152007,0.380018
-6,-35,400000,44969,0.112422,151845,0.379613
-6,-34.8,400000,44856,0.11214,151573,0.378933
-6,-34.6,400000,44724,0.11181,151681,0.379202
-6,-34.4,400000,44784,0.11196,152446,0.381115
-6,-34.2,400000,45038,0.112595,152347,0.380868
-6,-34,400000,45032,0.11258,152495,0.381238
-6,-33.8,400000,44895,0.112238,152232,0.38058
-6,-33.6,400000,45235,0.113087,152640,0.3816
-6,-33.4,400000,44590,0.111475,152668,0.38167
-6,-33.2,400000,44747,0.111867,152009,0.380022
-6,-33,400000,44695,0.111738,151439,0.378597
-6,-32.8,400000,44505,0.111263,151619,0.379047
-6,-32.6,400000,44805,0.112013,152210,0.380525
-6,-32.4,400000,44849,0.112122,152407,0.381018
-6,-32.2,400000,44934,0.112335,151715,0.379287
-6,-32,400000,44924,0.11231,152131,0.380327
-6,-31.8,400000,44462,0.111155,152301,0.380752
-6,-31.6,400000,44613,0.111533,152239,0.380597
-6,-31.4,400000,44941,0.112352,152246,0.380615
-6,-31.2,400000,45015,0.112537,152583,0.381458
-6,-31,400000,44688,0.11172,152035,0.380088
-6,-30.8,400000,44723,0.111808,151737,0.379343
-6,-30.6,400000,44899,0.112248,152162,0.380405
-6,-30.4,400000,44592,0.11148,151911,0.379777
-6,-30.2,400000,44493,0.111232,151884,0.37971
-6,-30,400000,44653,0.111632,152160,0.3804
-6,-29.8,400000,45354,0.113385,152378,0.380945
-6,-29.6,400000,44898,0.112245,152240,0.3806
-6,-29.4,400000,44585,0.111463,152385,0.380962
-6,-29.2,400000,45322,0.113305,152572,0.38143
-6,-29,400000,44730,0.111825,152422,0.381055
-6,-28.8,400000,45026,0.112565,152049,0.380122
-6,-28.6,400000,44490,0.111225,151746,0.379365
-6,-28.4,400000,44548,0.11137,152047,0.380117
-6,-28.2,400000,44175,0.110437,152055,0.380138
-6,-28,400000,44385,0.110963,152236,0.38059
-6,-27.8,400000,45321,0.113303,152547,0.381368
-6,-27.6,400000,44947,0.112367,152210,0.380525
-6,-27.4,400000,45042,0.112605,152528,0.38132
-6,-27.2,400000,44381,0.110952,151326,0.378315
-6,-27,400000,45234,0.113085,152060,0.38015
-6,-26.8,400000,45089,0.112723,152729,0.381823
-6,-26.6,400000,44782,0.111955,152471,0.381178
-6,-26.4,400000,45008,0.11252,152138,0.380345
-6,-26.2,400000,45043,0.112607,152063,0.380157
-6,-26,400000,44386,0.110965,152068,0.38017
-6,-25.8,400000,44756,0.11189,152217,0.380543
-6,-25.6,400000,45191,0.112977,151923,0.379808
-6,-25.4,400000,44494,0.111235,151875,0.379688
-6,-25.2,400000,44528,0.11132,152039,0.380097
-6,-25,400000,44570,0.111425,152040,0.3801
-6,-24.8,400000,45151,0.112878,152307,0.380767
-6,-24.6,400000,45073,0.112683,151889,0.379723
-6,-24.4,400000,45161,0.112903,152164,0.38041
-6,-24.2,400000,44561,0.111403,152136,0.38034
-6,-24,400000,45222,0.113055,152328,0.38082
-6,-23.8,400000,44907,0.112268,152279,0.380698
-6,-23.6,400000,45166,0.112915,152328,0.38082
-6,-23.4,400000,44449,0.111122,152095,0.380238
-6,-23.2,400000,44956,0.11239,152362,0.380905
-6,-23,400000,44517,0.111293,151428,0.37857
-6,-22.8,400000,44909,0.112272,152270,0.380675
-6,-22.6,400000,44568,0.11142,151790,0.379475
-6,-22.4,400000,44982,0.112455,151892,0.37973
-6,-22.2,400000,44282,0.110705,151204,0.37801
-6,-22,400000,44979,0.112448,152445,0.381113
-6,-21.8,400000,45146,0.112865,152140,0.38035
-6,-21.6,400000,44654,0.111635,152110,0.380275
-6,-21.4,400000,44412,0.11103,151586,0.378965
-6,-21.2,400000,44054,0.110135,151849,0.379622
-6,-21,400000,44606,0.111515,152756,0.38189
-6,-20.8,400000,44883,0.112208,152544,0.38136
-6,-20.6,400000,45067,0.112668,152327,0.380817
-6,-20.4,400000,44463,0.111158,152560,0.3814
-6,-20.2,400000,45079,0.112698,152522,0.381305
-6,-20,400000,45253,0.113132,151634,0.379085
-6,-19.8,400000,44476,0.11119,151698,0.379245
-6,-19.6,400000,44866,0.112165,152242,0.380605
-6,-19.4,400000,44792,0.11198,152319,0.380798
-6,-19.2,400000,43867,0.109668,151410,0.378525
-6,-19,400000,44910,0.112275,152128,0.38032
-6,-18.8,400000,44846,0.112115,151968,0.37992
-6,-18.6,400000,44670,0.111675,152169,0.380422
-6,-18.4,400000,45334,0.113335,151815,0.379538
-6,-18.2,400000,44312,0.11078,151584,0.37896
-6,-18,400000,45042,0.112605,152377,0.380943
-6,-17.8,400000,44955,0.112388,152486,0.381215
-6,-17.6,400000,45202,0.113005,152308,0.38077
-6,-17.4,400000,45135,0.112837,152664,0.38166
-6,-17.2,400000,45313,0.113282,152488,0.38122
-6,-17,400000,44970,0.112425,151981,0.379953
-6,-16.8,400000,44663,0.111658,150999,0.377497
-6,-16.6,400000,45342,0.113355,152238,0.380595
-6,-16.4,400000,45418,0.113545,152278,0.380695
-6,-16.2,400000,45309,0.113272,152680,0.3817
-6,-16,400000,44555,0.111388,151470,0.378675
-6,-15.8,400000,45346,0.113365,152206,0.380515
-6,-15.6,400000,44928,0.11232,152584,0.38146
-6,-15.4,400000,44423,0.111058,152414,0.381035
-6,-15.2,400000,45062,0.112655,152101,0.380252
-6,-15,400000,44616,0.11154,152228,0.38057
-6,-14.8,400000,44793,0.111982,152112,0.38028
-6,-14.6,400000,44597,0.111492,152049,0.380122
-6,-14.4,400000,44955,0.112388,153015,0.382537
-6,-14.2,400000,45071,0.112677,152824,0.38206
-6,-14,400000,45054,0.112635,152351,0.380877
-6,-13.8,400000,45224,0.11306,152184,0.38046
-6,-13.6,400000,44875,0.112187,151860,0.37965
-6,-13.4,400000,45124,0.11281,152189,0.380472
-6,-13.2,400000,45172,0.11293,152387,0.380968
-6,-13,400000,44256,0.11064,151984,0.37996
-6,-12.8,400000,45147,0.112867,152555,0.381387
-6,-12.6,400000,44380,0.11095,152045,0.380113
-6,-12.4,400000,44405,0.111013,151570,0.378925
-6,-12.2,400000,45190,0.112975,152126,0.380315
-6,-12,400000,44630,0.111575,151678,0.379195
-6,-11.8,400000,44818,0.112045,152099,0.380248
-6,-11.6,400000,44520,0.1113,151994,0.379985
-6,-11.4,400000,44392,0.11098,151871,0.379678
-6,-11.2,400000,44528,0.11132,151409,0.378522
-6,-11,400000,45146,0.112865,151822,0.379555
-6,-10.8,400000,45203,0.113007,152438,0.381095
-6,-10.6,400000,44936,0.11234,151856,0.37964
-6,-10.4,400000,44671,0.111677,151736,0.37934
-6,-10.2,400000,44411,0.111028,151915,0.379788
-6,-10,400000,45102,0.112755,152136,0.38034
-6,-9.8,400000,45288,0.11322,152762,0.381905
-6,-9.6,400000,44625,0.111562,151739,0.379348
-6,-9.4,400000,44953,0.112382,152371,0.380927
-6,-9.2,400000,45483,0.113708,153284,0.38321
-6,-9,400000,45232,0.11308,152442,0.381105
-6,-8.8,400000,45167,0.112918,152104,0.38026
-6,-8.6,400000,44653,0.111632,152457,0.381142
-6,-8.4,400000,45307,0.113267,152270,0.380675
-6,-8.2,400000,44627,0.111568,152272,0.38068
-6,-8,400000,44797,0.111992,152575,0.381437
-6,-7.8,400000,45014,0.112535,152072,0.38018
-6,-7.6,400000,44606,0.111515,151927,0.379817
-6,-7.4,400000,44725,0.111812,151679,0.379198
-6,-7.2,400000,45145,0.112863,152351,0.380877
-6,-7,400000,44507,0.111268,151957,0.379893
-6,-6.8,400000,44821,0.112052,152452,0.38113
-6,-6.6,400000,44951,0.112378,152598,0.381495
-6,-6.4,400000,44720,0.1118,151795,0.379487
-6,-6.2,400000,45106,0.112765,152403,0.381007
-6,-6,400000,44274,0.110685,151909,0.379773
-6,-5.8,400000,44892,0.11223,151995,0.379987
-6,-5.6,400000,45084,0.11271,152756,0.38189
-6,-5.4,400000,44189,0.110473,151574,0.378935
-6,-5.2,400000,45393,0.113483,152458,0.381145
-6,-5,400000,44770,0.111925,151783,0.379458
-6,-4.8,400000,44632,0.11158,151986,0.379965
-6,-4.6,400000,45572,0.11393,152196,0.38049
-6,-4.4,400000,44446,0.111115,151836,0.37959
-6,-4.2,400000,44958,0.112395,152631,0.381578
-6,-4,400000,44363,0.110908,151965,0.379912
-6,-3.8,400000,45275,0.113187,152389,0.380972
-6,-3.6,400000,44834,0.112085,152069,0.380173
-6,-3.4,400000,44692,0.11173,152664,0.38166
-6,-3.2,400000,44990,0.112475,152779,0.381947
-6,-3,400000,45235,0.113087,151534,0.378835
-6,-2.8,400000,44943,0.112357,152041,0.380103
-6,-2.6,400000,44702,0.111755,151947,0.379868
-6,-2.4,400000,44732,0.11183,151884,0.37971
-6,-2.2,400000,44662,0.111655,152359,0.380897
-6,-2,400000,45286,0.113215,152099,0.380248
-6,-1.8,400000,44611,0.111528,152189,0.380472
-6,-1.6,400000,44893,0.112232,152259,0.380648
-6,-1.4,400000,44690,0.111725,151854,0.379635
-6,-1.2,400000,45217,0.113043,151909,0.379773
-6,-1,400000,43993,0.109982,151665,0.379163
-6,-0.8,400000,44912,0.11228,152009,0.380022
-6,-0.6,400000,44625,0.111562,151886,0.379715
-6,-0.4,400000,44794,0.111985,152477,0.381192
-6,-0.2,400000,45028,0.11257,152251,0.380628
-6,0,400000,44384,0.11096,152205,0.380512
-6,0.2,400000,44776,0.11194,152335,0.380837
-6,0.4,400000,44576,0.11144,151539,0.378848
-6,0.6,400000,45156,0.11289,152679,0.381698
-6,0.8,400000,44959,0.112397,152210,0.380525
-6,1,400000,44265,0.110662,152070,0.380175
-6,1.2,400000,45475,0.113687,151607,0.379018
-6,1.4,400000,44795,0.111988,152496,0.38124
-6,1.6,400000,44506,0.111265,152223,0.380557
-6,1.8,400000,44744,0.11186,151868,0.37967
-6,2,400000,45081,0.112702,152684,0.38171
-6,2.2,400000,44884,0.11221,152461,0.381153
-6,2.4,400000,44677,0.111693,152195,0.380487
-6,2.6,400000,44454,0.111135,151707,0.379267
-6,2.8,400000,44618,0.111545,151701,0.379252
-6,3,400000,44788,0.11197,152444,0.38111
-6,3.2,400000,44611,0.111528,151661,0.379153
-6,3.4,400000,44716,0.11179,152300,0.38075
-6,3.6,400000,44945,0.112363,152330,0.380825
-6,3.8,400000,45192,0.11298,152899,0.382248
-6,4,400000,44769,0.111922,151490,0.378725
-6,4.2,400000,45136,0.11284,152789,0.381972
-6,4.4,400000,44995,0.112488,152077,0.380192
-6,4.6,400000,44349,0.110872,151824,0.37956
-6,4.8,400000,44961,0.112403,152393,0.380983
-6,5,400000,44760,0.1119,152185,0.380462
-6,5.2,400000,44526,0.111315,152011,0.380028
-6,5.4,400000,44696,0.11174,151816,0.37954
-6,5.6,400000,44342,0.110855,151915,0.379788
-6,5.8,400000,45076,0.11269,152010,0.380025
-6,6,400000,44493,0.111232,151945,0.379862
-6,6.2,400000,45043,0.112607,151898,0.379745
-6,6.4,400000,44580,0.11145,151633,0.379082
-6,6.6,400000,44972,0.11243,152563,0.381408
-6,6.8,400000,45100,0.11275,152318,0.380795
-6,7,400000,44643,0.111607,152064,0.38016
-6,7.2,400000,44298,0.110745,151654,0.379135
-6,7.4,400000,44814,0.112035,152211,0.380528
-6,7.6,400000,44823,0.112058,151810,0.379525
-6,7.8,400000,45257,0.113142,152597,0.381493
-6,8,400000,44342,0.110855,151350,0.378375
-6,8.2,400000,44490,0.111225,152041,0.380103
-6,8.4,400000,44714,0.111785,151986,0.379965
-6,8.6,400000,44857,0.112143,152470,0.381175
-6,8.8,400000,45111,0.112778,152468,0.38117
-6,9,400000,45118,0.112795,152183,0.380458
-6,9.2,400000,45041,0.112602,152819,0.382047
-6,9.4,400000,45205,0.113013,152533,0.381333
-6,9.6,400000,45177,0.112943,152016,0.38004
-6,9.8,400000,45007,0.112518,152027,0.380068
-6,10,400000,44441,0.111103,151650,0.379125
-6,10.2,400000,45249,0.113123,152618,0.381545
-6,10.4,400000,44794,0.111985,152600,0.3815
-6,10.6,400000,44922,0.112305,152095,0.380238
-6,10.8,400000,44070,0.110175,151418,0.378545
-6,11,400000,45085,0.112712,152135,0.380337
-6,11.2,400000,44681,0.111702,152313,0.380783
-6,11.4,400000,44715,0.111787,152019,0.380047
-6,11.6,400000,45178,0.112945,152209,0.380522
-6,11.8,400000,44924,0.11231,152707,0.381767
-6,12,400000,45120,0.1128,152464,0.38116
-6,12.2,400000,44558,0.111395,152621,0.381553
-6,12.4,400000,44601,0.111503,152694,0.381735
-6,12.6,400000,44914,0.112285,152335,0.380837
-6,12.8,400000,45369,0.113422,152569,0.381422
-6,13,400000,45343,0.113357,151723,0.379308
-6,13.2,400000,44309,0.110772,151818,0.379545
-6,13.4,400000,44908,0.11227,152123,0.380308
-6,13.6,400000,44895,0.112238,151534,0.378835
-6,13.8,400000,44808,0.11202,151943,0.379858
-6,14,400000,45006,0.112515,151892,0.37973
-6,14.2,400000,44766,0.111915,151862,0.379655
-6,14.4,400000,44601,0.111503,151986,0.379965
-6,14.6,400000,44808,0.11202,152487,0.381217
-6,14.8,400000,44763,0.111907,151705,0.379263
-6,15,400000,44870,0.112175,152111,0.380277
-6,15.2,400000,45204,0.11301,152577,0.381443
-6,15.4,400000,44895,0.112238,152662,0.381655
-6,15.6,400000,44684,0.11171,152426,0.381065
-6,15.8,400000,44952,0.11238,152007,0.380018
-6,16,400000,44604,0.11151,152109,0.380273
-6,16.2,400000,44434,0.111085,151873,0.379682
-6,16.4,400000,44988,0.11247,152032,0.38008
-6,16.6,400000,44886,0.112215,152051,0.380128
-6,16.8,400000,44884,0.11221,152270,0.380675
-6,17,400000,44727,0.111818,151934,0.379835
-6,17.2,400000,45033,0.112583,152634,0.381585
-6,17.4,400000,45057,0.112643,152552,0.38138
-6,17.6,400000,44619,0.111547,152058,0.380145
-6,17.8,400000,44631,0.111577,152316,0.38079
-6,18,400000,45087,0.112717,152776,0.38194
-6,18.2,400000,44864,0.11216,151849,0.379622
-6,18.4,400000,44732,0.11183,152069,0.380173
-6,18.6,400000,45020,0.11255,152610,0.381525
-6,18.8,400000,44515,0.111287,151543,0.378858
-6,19,400000,45265,0.113162,152106,0.380265
-6,19.2,400000,44592,0.11148,151901,0.379752
-6,19.4,400000,44602,0.111505,152043,0.380107
-6,19.6,400000,44509,0.111272,152003,0.380007
-6,19.8,400000,44918,0.112295,152501,0.381252
-6,20,400000,44924,0.11231,151732,0.37933
-6,20.2,400000,44837,0.112092,152539,0.381348
-6,20.4,400000,44728,0.11182,152652,0.38163
-6,20.6,400000,45092,0.11273,151937,0.379843
-6,20.8,400000,44693,0.111732,152497,0.381242
-6,21,400000,44626,0.111565,151282,0.378205
-6,21.2,400000,44872,0.11218,152263,0.380657
-6,21.4,400000,44577,0.111442,151681,0.379202
-6,21.6,400000,44997,0.112492,152068,0.38017
-6,21.8,400000,44779,0.111948,152116,0.38029
-6,22,400000,45026,0.112565,152442,0.381105
-6,22.2,400000,44880,0.1122,152157,0.380393
-6,22.4,400000,45129,0.112823,152306,0.380765
-6,22.6,400000,44676,0.11169,152035,0.380088
-6,22.8,400000,45096,0.11274,152487,0.381217
-6,23,400000,45346,0.113365,152752,0.38188
-6,23.2,400000,45093,0.112732,152273,0.380682
-6,23.4,400000,44921,0.112302,152281,0.380702
-6,23.6,400000,45276,0.11319,152103,0.380258
-6,23.8,400000,45356,0.11339,152346,0.380865
-6,24,400000,44845,0.112113,152396,0.38099
-6,24.2,400000,44993,0.112482,152635,0.381588
-6,24.4,400000,45345,0.113363,152816,0.38204
-6,24.6,400000,44718,0.111795,151849,0.379622
-6,24.8,400000,44489,0.111223,152086,0.380215
-6,25,400000,44679,0.111698,151659,0.379148
-6,25.2,400000,44529,0.111323,151817,0.379543
-6,25.4,400000,45263,0.113157,152748,0.38187
-6,25.6,400000,45133,0.112833,152038,0.380095
-6,25.8,400000,44492,0.11123,152151,0.380377
-6,26,400000,44867,0.112168,152091,0.380227
-6,26.2,400000,44792,0.11198,151854,0.379635
-6,26.4,400000,45235,0.113087,152312,0.38078
-6,26.6,400000,45019,0.112547,151878,0.379695
-6,26.8,400000,44239,0.110598,152004,0.38001
-6,27,400000,44594,0.111485,151908,0.37977
-6,27.2,400000,44216,0.11054,152210,0.380525
-6,27.4,400000,44395,0.110988,151489,0.378723
-6,27.6,400000,44992,0.11248,152049,0.380122
-6,27.8,400000,44383,0.110958,152252,0.38063
-6,28,400000,44729,0.111823,151828,0.37957
-6,28.2,400000,45206,0.113015,152398,0.380995
-6,28.4,400000,44767,0.111918,152530,0.381325
-6,28.6,400000,44981,0.112452,152015,0.380037
-6,28.8,400000,44379,0.110948,151621,0.379053
-6,29,400000,44845,0.112113,152541,0.381352
-6,29.2,400000,45178,0.112945,152222,0.380555
-6,29.4,400000,44503,0.111257,151883,0.379707
-6,29.6,400000,45512,0.11378,152573,0.381433
-6,29.8,400000,44910,0.112275,152241,0.380603
-6,30,400000,44993,0.112482,152297,0.380742
-6,30.2,400000,45107,0.112768,152255,0.380638
-6,30.4,400000,45530,0.113825,152549,0.381373
-6,30.6,400000,44703,0.111757,152323,0.380808
-6,30.8,400000,44883,0.112208,151919,0.379798
-6,31,400000,44426,0.111065,151828,0.37957
-6,31.2,400000,45016,0.11254,152398,0.380995
-6,31.4,400000,44837,0.112092,151769,0.379422
-6,31.6,400000,44660,0.11165,152498,0.381245
-6,31.8,400000,44877,0.112193,152127,0.380317
-6,32,400000,44970,0.112425,151979,0.379947
-6,32.2,400000,45241,0.113102,152531,0.381327
-6,32.4,400000,45050,0.112625,152557,0.381393
-6,32.6,400000,44119,0.110298,151914,0.379785
-6,32.8,400000,44623,0.111558,152061,0.380153
-6,33,400000,44955,0.112388,152560,0.3814
-6,33.2,400000,44776,0.11194,152015,0.380037
-6,33.4,400000,45288,0.11322,152443,0.381107
-6,33.6,400000,44537,0.111342,152025,0.380063
-6,33.8,400000,44160,0.1104,151888,0.37972
-6,34,400000,45075,0.112687,152459,0.381147
-6,34.2,400000,44622,0.111555,152239,0.380597
-6,34.4,400000,44650,0.111625,151258,0.378145
-6,34.6,400000,44721,0.111802,152153,0.380383
-6,34.8,400000,44933,0.112333,152055,0.380138
-6,35,400000,44483,0.111208,151408,0.37852
-6,35.2,400000,45328,0.11332,152059,0.380148
-6,35.4,400000,45181,0.112952,152465,0.381163
-6,35.6,400000,44912,0.11228,152543,0.381358
-6,35.8,400000,44393,0.110982,151361,0.378402
-6,36,400000,44445,0.111113,151295,0.378238
-6,36.2,400000,45022,0.112555,151686,0.379215
-6,36.4,400000,44309,0.110772,151726,0.379315
-6,36.6,400000,44535,0.111338,152399,0.380997
-6,36.8,400000,44578,0.111445,151821,0.379553
-6,37,400000,44823,0.112058,152643,0.381607
-6,37.2,400000,44524,0.11131,152075,0.380188
-6,37.4,400000,44592,0.11148,151663,0.379157
-6,37.6,400000,44573,0.111433,152210,0.380525
-6,37.8,400000,44400,0.111,151997,0.379993
-6,38,400000,44339,0.110848,152012,0.38003
-6,38.2,400000,44801,0.112003,152150,0.380375
-6,38.4,400000,44968,0.11242,152987,0.382468
-6,38.6,400000,44663,0.111658,151856,0.37964
-6,38.8,400000,45056,0.11264,152845,0.382113
-6,39,400000,45306,0.113265,151745,0.379362
-6,39.2,400000,45048,0.11262,151969,0.379922
-6,39.4,400000,45247,0.113117,152154,0.380385
-6,39.6,400000,45085,0.112712,152268,0.38067
-6,39.8,400000,45003,0.112507,152191,0.380478
-6,40,400000,44758,0.111895,152410,0.381025
-6,40.2,400000,45174,0.112935,152704,0.38176
-6,40.4,400000,45021,0.112552,151812,0.37953
-6,40.6,400000,44689,0.111723,152030,0.380075
-6,40.8,400000,44740,0.11185,151706,0.379265
-6,41,400000,44922,0.112305,151644,0.37911
-6,41.2,400000,44829,0.112073,152534,0.381335
-6,41.4,400000,44795,0.111988,152278,0.380695
-6,41.6,400000,45140,0.11285,152311,0.380777
-6,41.8,400000,44817,0.112043,151443,0.378607
-6,42,400000,44871,0.112177,151447,0.378617
-6,42.2,400000,44692,0.11173,152235,0.380588
-6,42.4,400000,44544,0.11136,152236,0.38059
-6,42.6,400000,44564,0.11141,152251,0.380628
-6,42.8,400000,44209,0.110522,151678,0.379195
-6,43,400000,44797,0.111992,151533,0.378833
-6,43.2,400000,44461,0.111153,152076,0.38019
-6,43.4,400000,44882,0.112205,152634,0.381585
-6,43.6,400000,44772,0.11193,152280,0.3807
-6,43.8,400000,44838,0.112095,152311,0.380777
-6,44,400000,45088,0.11272,152034,0.380085
-6,44.2,400000,44731,0.111827,152487,0.381217
-6,44.4,400000,44379,0.110948,151724,0.37931
-6,44.6,400000,44842,0.112105,152254,0.380635
-6,44.8,400000,45202,0.113005,152601,0.381503
-6,45,400000,44631,0.111577,151306,0.378265
-6,45.2,400000,45056,0.11264,152634,0.381585
-6,45.4,400000,45232,0.11308,152394,0.380985
-6,45.6,400000,44695,0.111738,152416,0.38104
-6,45.8,400000,44561,0.111403,151726,0.379315
-6,46,400000,44827,0.112068,152417,0.381043
-6,46.2,400000,44686,0.111715,151865,0.379663
-6,46.4,400000,44483,0.111208,151575,0.378937
-6,46.6,400000,44869,0.112172,152314,0.380785
-6,46.8,400000,45477,0.113693,151877,0.379692
-6,47,400000,44472,0.11118,151584,0.37896
-6,47.2,400000,45351,0.113378,152107,0.380267
-6,47.4,400000,45086,0.112715,152429,0.381072
-6,47.6,400000,44598,0.111495,151694,0.379235
-6,47.8,400000,45049,0.112623,152320,0.3808
-6,48,400000,44658,0.111645,152133,0.380333
-6,48.2,400000,45026,0.112565,152666,0.381665
-6,48.4,400000,44189,0.110473,151470,0.378675
-6,48.6,400000,44859,0.112147,151697,0.379242
-6,48.8,400000,45048,0.11262,151598,0.378995
-6,49,400000,44733,0.111833,152008,0.38002
-6,49.2,400000,45150,0.112875,151700,0.37925
-6,49.4,400000,44780,0.11195,152323,0.380808
-6,49.6,400000,45037,0.112592,152323,0.380808
-6,49.8,400000,44924,0.11231,152413,0.381032
-6,50,400000,44718,0.111795,152127,0.380317
-5.8,-50,400000,44915,0.112287,152016,0.38004
-5.8,-49.8,400000,45010,0.112525,151877,0.379692
-5.8,-49.6,400000,45194,0.112985,152306,0.380765
-5.8,-49.4,400000,45020,0.11255,152127,0.380317
-5.8,-49.2,400000,45330,0.113325,151879,0.379698
-5.8,-49,400000,45040,0.1126,152278,0.380695
-5.8,-48.8,400000,44918,0.112295,152640,0.3816
-5.8,-48.6,400000,44813,0.112032,151694,0.379235
-5.8,-48.4,400000,45075,0.112687,152037,0.380092
-5.8,-48.2,400000,44980,0.11245,152440,0.3811
-5.8,-48,400000,45199,0.112998,152251,0.380628
-5.8,-47.8,400000,44597,0.111492,152465,0.381163
-5.8,-47.6,400000,45055,0.112638,152322,0.380805
-5.8,-47.4,400000,44733,0.111833,151782,0.379455
-5.8,-47.2,400000,45129,0.112823,152327,0.380817
-5.8,-47,400000,44686,0.111715,151511,0.378777
-5.8,-46.8,400000,44887,0.112217,152034,0.380085
-5.8,-46.6,400000,45059,0.112647,151878,0.379695
-5.8,-46.4,400000,44364,0.11091,152111,0.380277
-5.8,-46.2,400000,44968,0.11242,152289,0.380723
-5.8,-46,400000,44229,0.110573,152135,0.380337
-5.8,-45.8,400000,45094,0.112735,152429,0.381072
-5.8,-45.6,400000,44119,0.110298,151980,0.37995
-5.8,-45.4,400000,45210,0.113025,152647,0.381617
-5.8,-45.2,400000,44797,0.111992,151660,0.37915
-5.8,-45,400000,44454,0.111135,151842,0.379605
-5.8,-44.8,400000,45140,0.11285,151820,0.37955
-5.8,-44.6,400000,44769,0.111922,151900,0.37975
-5.8,-44.4,400000,44295,0.110738,152207,0.380518
-5.8,-44.2,400000,44351,0.110878,152382,0.380955
-5.8,-44,400000,44677,0.111693,151399,0.378497
-5.8,-43.8,400000,44645,0.111613,151756,0.37939
-5.8,-43.6,400000,44943,0.112357,152099,0.380248
-5.8,-43.4,400000,44332,0.11083,152005,0.380012
-5.8,-43.2,400000,44607,0.111518,151702,0.379255
-5.8,-43,400000,44913,0.112282,151844,0.37961
-5.8,-42.8,400000,44734,0.111835,151624,0.37906
-5.8,-42.6,400000,45142,0.112855,152594,0.381485
-5.8,-42.4,400000,44814,0.112035,152116,0.38029
-5.8,-42.2,400000,44898,0.112245,152595,0.381487
-5.8,-42,400000,44732,0.11183,152447,0.381117
-5.8,-41.8,400000,45098,0.112745,151932,0.37983
-5.8,-41.6,400000,44614,0.111535,152054,0.380135
-5.8,-41.4,400000,44542,0.111355,152294,0.380735
-5.8,-41.2,400000,44538,0.111345,152114,0.380285
-5.8,-41,400000,44775,0.111937,151820,0.37955
-5.8,-40.8,400000,44802,0.112005,152035,0.380088
-5.8,-40.6,400000,44836,0.11209,152701,0.381752
-5.8,-40.4,400000,44796,0.11199,152095,0.380238
-5.8,-40.2,400000,44820,0.11205,151298,0.378245
-5.8,-40,400000,44714,0.111785,152088,0.38022
-5.8,-39.8,400000,45245,0.113113,152340,0.38085
-5.8,-39.6,400000,44740,0.11185,151797,0.379493
-5.8,-39.4,400000,45342,0.113355,152381,0.380953
-5.8,-39.2,400000,45038,0.112595,151864,0.37966
-5.8,-39,400000,44894,0.112235,151880,0.3797
-5.8,-38.8,400000,44489,0.111223,151637,0.379092
-5.8,-38.6,400000,45211,0.113028,152631,0.381578
-5.8,-38.4,400000,44902,0.112255,151677,0.379192
-5.8,-38.2,400000,44822,0.112055,152124,0.38031
-5.8,-38,400000,44491,0.111228,151637,0.379092
-5.8,-37.8,400000,44364,0.11091,151637,0.379092
-5.8,-37.6,400000,44872,0.11218,152521,0.381302
-5.8,-37.4,400000,45224,0.11306,152214,0.380535
-5.8,-37.2,400000,44564,0.11141,151851,0.379628
-5.8,-37,400000,45369,0.113422,152500,0.38125
-5.8,-36.8,400000,44698,0.111745,152044,0.38011
-5.8,-36.6,400000,44997,0.112492,152197,0.380493
-5.8,-36.4,400000,45291,0.113227,151990,0.379975
-5.8,-36.2,400000,45088,0.11272,153082,0.382705
-5.8,-36,400000,44543,0.111357,152046,0.380115
-5.8,-35.8,400000,45079,0.112698,152373,0.380933
-5.8,-35.6,400000,45220,0.11305,152289,0.380723
-5.8,-35.4,400000,44951,0.112378,152011,0.380028
-5.8,-35.2,400000,45183,0.112958,152234,0.380585
-5.8,-35,400000,45195,0.112988,152744,0.38186
-5.8,-34.8,400000,45199,0.112998,151873,0.379682
-5.8,-34.6,400000,44415,0.111037,151422,0.378555
-5.8,-34.4,400000,44532,0.11133,152065,0.380163
-5.8,-34.2,400000,45228,0.11307,152256,0.38064
-5.8,-34,400000,45106,0.112765,152831,0.382078
-5.8,-33.8,400000,44803,0.112007,151876,0.37969
-5.8,-33.6,400000,44774,0.111935,152098,0.380245
-5.8,-33.4,400000,45156,0.11289,152346,0.380865
-5.8,-33.2,400000,44962,0.112405,151532,0.37883
-5.8,-33,400000,44719,0.111797,151983,0.379958
-5.8,-32.8,400000,44995,0.112488,152278,0.380695
-5.8,-32.6,400000,45047,0.112617,152715,0.381788
-5.8,-32.4,400000,44985,0.112463,152444,0.38111
-5.8,-32.2,400000,45242,0.113105,152803,0.382007
-5.8,-32,400000,44924,0.11231,152185,0.380462
-5.8,-31.8,400000,44689,0.111723,152219,0.380547
-5.8,-31.6,400000,44517,0.111293,152418,0.381045
-5.8,-31.4,400000,44908,0.11227,152529,0.381323
-5.8,-31.2,400000,44694,0.111735,152325,0.380812
-5.8,-31,400000,44967,0.112418,152149,0.380373
-5.8,-30.8,400000,44725,0.111812,151835,0.379588
-5.8,-30.6,400000,44739,0.111848,152379,0.380947
-5.8,-30.4,400000,45373,0.113433,151840,0.3796
-5.8,-30.2,400000,45171,0.112928,152794,0.381985
-5.8,-30,400000,45137,0.112842,151595,0.378987
-5.8,-29.8,400000,45269,0.113172,152585,0.381462
-5.8,-29.6,400000,44942,0.112355,151613,0.379032
-5.8,-29.4,400000,44957,0.112393,152034,0.380085
-5.8,-29.2,400000,44489,0.111223,152329,0.380823
-5.8,-29,400000,44569,0.111422,152168,0.38042
-5.8,-28.8,400000,45265,0.113162,151547,0.378868
-5.8,-28.6,400000,44781,0.111952,151780,0.37945
-5.8,-28.4,400000,44731,0.111827,152803,0.382007
-5.8,-28.2,400000,45256,0.11314,152265,0.380663
-5.8,-28,400000,44620,0.11155,152540,0.38135
-5.8,-27.8,400000,44033,0.110082,151900,0.37975
-5.8,-27.6,400000,44713,0.111783,151813,0.379532
-5.8,-27.4,400000,44828,0.11207,152023,0.380057
-5.8,-27.2,400000,44764,0.11191,152024,0.38006
-5.8,-27,400000,44449,0.111122,152487,0.381217
-5.8,-26.8,400000,45261,0.113153,152161,0.380402
-5.8,-26.6,400000,44472,0.11118,151850,0.379625
-5.8,-26.4,400000,45102,0.112755,152214,0.380535
-5.8,-26.2,400000,45120,0.1128,151975,0.379937
-5.8,-26,400000,44825,0.112062,152320,0.3808
-5.8,-25.8,400000,44756,0.11189,151709,0.379273
-5.8,-25.6,400000,44370,0.110925,151719,0.379298
-5.8,-25.4,400000,45479,0.113698,152308,0.38077
-5.8,-25.2,400000,45162,0.112905,152482,0.381205
-5.8,-25,400000,45205,0.113013,152373,0.380933
-5.8,-24.8,400000,44963,0.112407,152457,0.381142
-5.8,-24.6,400000,44615,0.111537,152457,0.381142
-5.8,-24.4,400000,44993,0.112482,152130,0.380325
-5.8,-24.2,400000,44398,0.110995,151788,0.37947
-5.8,-24,400000,44470,0.111175,152021,0.380053
-5.8,-23.8,400000,44604,0.11151,152195,0.380487
-5.8,-23.6,400000,44980,0.11245,152301,0.380752
-5.8,-23.4,400000,44854,0.112135,152382,0.380955
-5.8,-23.2,400000,44995,0.112488,152156,0.38039
-5.8,-23,400000,44924,0.11231,152169,0.380422
-5.8,-22.8,400000,44445,0.111113,151394,0.378485
-5.8,-22.6,400000,45381,0.113452,152446,0.381115
-5.8,-22.4,400000,44744,0.11186,152242,0.380605
-5.8,-22.2,400000,44366,0.110915,150959,0.377397
-5.8,-22,400000,45039,0.112598,152387,0.380968
-5.8,-21.8,400000,44587,0.111467,151991,0.379978
-5.8,-21.6,400000,44575,0.111437,152350,0.380875
-5.8,-21.4,400000,44732,0.11183,151965,0.379912
-5.8,-21.2,400000,44939,0.112348,152031,0.380078
-5.8,-21,400000,45083,0.112708,152131,0.380327
-5.8,-20.8,400000,44641,0.111602,151751,0.379377
-5.8,-20.6,400000,44897,0.112242,152350,0.380875
-5.8,-20.4,400000,44477,0.111192,151909,0.379773
-5.8,-20.2,400000,45479,0.113698,152561,0.381402
-5.8,-20,400000,44604,0.11151,152398,0.380995
-5.8,-19.8,400000,44290,0.110725,151779,0.379447
-5.8,-19.6,400000,44566,0.111415,151903,0.379758
-5.8,-19.4,400000,44912,0.11228,151982,0.379955
-5.8,-19.2,400000,45133,0.112833,152412,0.38103
-5.8,-19,400000,45204,0.11301,152162,0.380405
-5.8,-18.8,400000,45063,0.112657,152294,0.380735
-5.8,-18.6,400000,44595,0.111488,152178,0.380445
-5.8,-18.4,400000,44237,0.110592,151701,0.379252
-5.8,-18.2,400000,44563,0.111408,152084,0.38021
-5.8,-18,400000,45390,0.113475,152526,0.381315
-5.8,-17.8,400000,44405,0.111013,151675,0.379188
-5.8,-17.6,400000,44828,0.11207,152152,0.38038
-5.8,-17.4,400000,45384,0.11346,151825,0.379563
-5.8,-17.2,400000,44345,0.110863,151911,0.379777
-5.8,-17,400000,44986,0.112465,152371,0.380927
-5.8,-16.8,400000,45335,0.113337,152447,0.381117
-5.8,-16.6,400000,44538,0.111345,152329,0.380823
-5.8,-16.4,400000,44628,0.11157,152298,0.380745
-5.8,-16.2,400000,45448,0.11362,152387,0.380968
-5.8,-16,400000,44310,0.110775,151766,0.379415
-5.8,-15.8,400000,44594,0.111485,151862,0.379655
-5.8,-15.6,400000,44907,0.112268,152499,0.381248
-5.8,-15.4,400000,44571,0.111427,152154,0.380385
-5.8,-15.2,400000,44770,0.111925,152018,0.380045
-5.8,-15,400000,44685,0.111713,153084,0.38271
-5.8,-14.8,400000,44606,0.111515,151825,0.379563
-5.8,-14.6,400000,44699,0.111747,152457,0.381142
-5.8,-14.4,400000,44492,0.11123,151984,0.37996
-5.8,-14.2,400000,44813,0.112032,151971,0.379927
-5.8,-14,400000,44723,0.111808,151972,0.37993
-5.8,-13.8,400000,44646,0.111615,152231,0.380578
-5.8,-13.6,400000,44495,0.111238,151832,0.37958
-5.8,-13.4,400000,44851,0.112128,151563,0.378908
-5.8,-13.2,400000,44901,0.112253,152298,0.380745
-5.8,-13,400000,45262,0.113155,151981,0.379953
-5.8,-12.8,400000,44945,0.112363,152302,0.380755
-5.8,-12.6,400000,45027,0.112568,152158,0.380395
-5.8,-12.4,400000,44905,0.112263,151513,0.378783
-5.8,-12.2,400000,45382,0.113455,153096,0.38274
-5.8,-12,400000,45101,0.112753,151448,0.37862
-5.8,-11.8,400000,44747,0.111867,151968,0.37992
-5.8,-11.6,400000,44792,0.11198,152104,0.38026
-5.8,-11.4,400000,45423,0.113558,153073,0.382682
-5.8,-11.2,400000,45012,0.11253,152560,0.3814
-5.8,-11,400000,45110,0.112775,152704,0.38176
-5.8,-10.8,400000,44975,0.112437,151804,0.37951
-5.8,-10.6,400000,44600,0.1115,152357,0.380893
-5.8,-10.4,400000,44709,0.111772,152578,0.381445
-5.8,-10.2,400000,45371,0.113428,152727,0.381817
-5.8,-10,400000,44795,0.111988,151593,0.378982
-5.8,-9.8,400000,44559,0.111397,152382,0.380955
-5.8,-9.6,400000,45125,0.112812,152451,0.381128
-5.8,-9.4,400000,44834,0.112085,152599,0.381497
-5.8,-9.2,400000,45623,0.114058,152612,0.38153
-5.8,-9,400000,44608,0.11152,151792,0.37948
-5.8,-8.8,400000,45074,0.112685,152466,0.381165
-5.8,-8.6,400000,44735,0.111838,152128,0.38032
-5.8,-8.4,400000,44712,0.11178,151759,0.379397
-5.8,-8.2,400000,44918,0.112295,152057,0.380142
-5.8,-8,400000,44874,0.112185,151857,0.379642
-5.8,-7.8,400000,45043,0.112607,152224,0.38056
-5.8,-7.6,400000,44861,0.112153,151675,0.379188
-5.8,-7.4,400000,44746,0.111865,152025,0.380063
-5.8,-7.2,400000,45119,0.112797,152738,0.381845
-5.8,-7,400000,44793,0.111982,151832,0.37958
-5.8,-6.8,400000,44928,0.11232,152257,0.380642
-5.8,-6.6,400000,44826,0.112065,151834,0.379585
-5.8,-6.4,400000,44600,0.1115,151790,0.379475
-5.8,-6.2,400000,45201,0.113003,152113,0.380283
-5.8,-6,400000,44985,0.112463,152599,0.381497
-5.8,-5.8,400000,45470,0.113675,152286,0.380715
-5.8,-5.6,400000,45146,0.112865,152089,0.380223
-5.8,-5.4,400000,45201,0.113003,151911,0.379777
-5.8,-5.2,400000,44780,0.11195,151677,0.379192
-5.8,-5,400000,44517,0.111293,152133,0.380333
-5.8,-4.8,400000,45164,0.11291,153092,0.38273
-5.8,-4.6,400000,44374,0.110935,151965,0.379912
-5.8,-4.4,400000,44662,0.111655,152040,0.3801
-5.8,-4.2,400000,45088,0.11272,151833,0.379582
-5.8,-4,400000,44850,0.112125,152695,0.381738
-5.8,-3.8,400000,44746,0.111865,151614,0.379035
-5.8,-3.6,400000,45096,0.11274,152279,0.380698
-5.8,-3.4,400000,45129,0.112823,152125,0.380312
-5.8,-3.2,400000,45084,0.11271,151993,0.379983
-5.8,-3,400000,45019,0.112547,152290,0.380725
-5.8,-2.8,400000,45111,0.112778,152376,0.38094
-5.8,-2.6,400000,44765,0.111912,151810,0.379525
-5.8,-2.4,400000,45056,0.11264,151939,0.379848
-5.8,-2.2,400000,44814,0.112035,152029,0.380072
-5.8,-2,400000,44966,0.112415,152244,0.38061
-5.8,-1.8,400000,45021,0.112552,151986,0.379965
-5.8,-1.6,400000,44347,0.110867,151913,0.379783
-5.8,-1.4,400000,45053,0.112632,152252,0.38063
-5.8,-1.2,400000,44473,0.111183,151651,0.379128
-5.8,-1,400000,44942,0.112355,152450,0.381125
-5.8,-0.8,400000,45069,0.112672,151839,0.379597
-5.8,-0.6,400000,44377,0.110942,152311,0.380777
-5.8,-0.4,400000,44983,0.112458,152171,0.380427
-5.8,-0.2,400000,45024,0.11256,152329,0.380823
-5.8,0,400000,45212,0.11303,152238,0.380595
-5.8,0.2,400000,44465,0.111162,152114,0.380285
-5.8,0.4,400000,44693,0.111732,151621,0.379053
-5.8,0.6,400000,44325,0.110812,151993,0.379983
-5.8,0.8,400000,44765,0.111912,151960,0.3799
-5.8,1,400000,44877,0.112193,152089,0.380223
-5.8,1.2,400000,45184,0.11296,152572,0.38143
-5.8,1.4,400000,44957,0.112393,151964,0.37991
-5.8,1.6,400000,44734,0.111835,152285,0.380713
-5.8,1.8,400000,45320,0.1133,152300,0.38075
-5.8,2,400000,44541,0.111352,152510,0.381275
-5.8,2.2,400000,45300,0.11325,152066,0.380165
-5.8,2.4,400000,44391,0.110978,151297,0.378242
-5.8,2.6,400000,45104,0.11276,152281,0.380702
-5.8,2.8,400000,45234,0.113085,152340,0.38085
-5.8,3,400000,44720,0.1118,152275,0.380688
-5.8,3.2,400000,44943,0.112357,152024,0.38006
-5.8,3.4,400000,44690,0.111725,151685,0.379213
-5.8,3.6,400000,44924,0.11231,151568,0.37892
-5.8,3.8,400000,44394,0.110985,152321,0.380802
-5.8,4,400000,45622,0.114055,152699,0.381748
-5.8,4.2,400000,45056,0.11264,152132,0.38033
-5.8,4.4,400000,44417,0.111043,151945,0.379862
-5.8,4.6,400000,44437,0.111092,151704,0.37926
-5.8,4.8,400000,44853,0.112132,151814,0.379535
-5.8,5,400000,45056,0.11264,152874,0.382185
-5.8,5.2,400000,44937,0.112342,152467,0.381167
-5.8,5.4,400000,44588,0.11147,151345,0.378362
-5.8,5.6,400000,44854,0.112135,152372,0.38093
-5.8,5.8,400000,44617,0.111543,151821,0.379553
-5.8,6,400000,44867,0.112168,151977,0.379943
-5.8,6.2,400000,44641,0.111602,152114,0.380285
-5.8,6.4,400000,44992,0.11248,152065,0.380163
-5.8,6.6,400000,44660,0.11165,151862,0.379655
-5.8,6.8,400000,44846,0.112115,152530,0.381325
-5.8,7,400000,44776,0.11194,151825,0.379563
-5.8,7.2,400000,44694,0.111735,152271,0.380678
-5.8,7.4,400000,44876,0.11219,152579,0.381447
-5.8,7.6,400000,44702,0.111755,152150,0.380375
-5.8,7.8,400000,44837,0.112092,152174,0.380435
-5.8,8,400000,45104,0.11276,152682,0.381705
-5.8,8.2,400000,45101,0.112753,152458,0.381145
-5.8,8.4,400000,44991,0.112477,151924,0.37981
-5.8,8.6,400000,44856,0.11214,152409,0.381022
-5.8,8.8,400000,44846,0.112115,151381,0.378453
-5.8,9,400000,45268,0.11317,152091,0.380227
-5.8,9.2,400000,44833,0.112083,151702,0.379255
-5.8,9.4,400000,44837,0.112092,151891,0.379727
-5.8,9.6,400000,44741,0.111852,151735,0.379337
-5.8,9.8,400000,45313,0.113282,152594,0.381485
-5.8,10,400000,44739,0.111848,152298,0.380745
-5.8,10.2,400000,44767,0.111918,152093,0.380232
-5.8,10.4,400000,45090,0.112725,152150,0.380375
-5.8,10.6,400000,44550,0.111375,152367,0.380918
-5.8,10.8,400000,44246,0.110615,151655,0.379138
-5.8,11,400000,44910,0.112275,152194,0.380485
-5.8,11.2,400000,45158,0.112895,152664,0.38166
-5.8,11.4,400000,44462,0.111155,152342,0.380855
-5.8,11.6,400000,44811,0.112028,152419,0.381047
-5.8,11.8,400000,44325,0.110812,151973,0.379933
-5.8,12,400000,44316,0.11079,151694,0.379235
-5.8,12.2,400000,44511,0.111278,151924,0.37981
-5.8,12.4,400000,44862,0.112155,151641,0.379103
-5.8,12.6,400000,44764,0.11191,152416,0.38104
-5.8,12.8,400000,45252,0.11313,151542,0.378855
-5.8,13,400000,44708,0.11177,152368,0.38092
-5.8,13.2,400000,44592,0.11148,151945,0.379862
-5.8,13.4,400000,45378,0.113445,152765,0.381912
-5.8,13.6,400000,45216,0.11304,152595,0.381487
-5.8,13.8,400000,44938,0.112345,151942,0.379855
-5.8,14,400000,44350,0.110875,151384,0.37846
-5.8,14.2,400000,45224,0.11306,152394,0.380985
-5.8,14.4,400000,44997,0.112492,152318,0.380795
-5.8,14.6,400000,44418,0.111045,151677,0.379192
-5.8,14.8,400000,44204,0.11051,152233,0.380582
-5.8,15,400000,44552,0.11138,152117,0.380292
-5.8,15.2,400000,44583,0.111458,152021,0.380053
-5.8,15.4,400000,44768,0.11192,152833,0.382082
-5.8,15.6,400000,45011,0.112528,152250,0.380625
-5.8,15.8,400000,44731,0.111827,152304,0.38076
-5.8,16,400000,44778,0.111945,152219,0.380547
-5.8,16.2,400000,44569,0.111422,151247,0.378117
-5.8,16.4,400000,44686,0.111715,152366,0.380915
-5.8,16.6,400000,45152,0.11288,152262,0.380655
-5.8,16.8,400000,44707,0.111768,152046,0.380115
-5.8,17,400000,44996,0.11249,152340,0.38085
-5.8,17.2,400000,45018,0.112545,152517,0.381292
-5.8,17.4,400000,45106,0.112765,151662,0.379155
-5.8,17.6,400000,44113,0.110283,151530,0.378825
-5.8,17.8,400000,44537,0.111342,151128,0.37782
-5.8,18,400000,44675,0.111687,152322,0.380805
-5.8,18.2,400000,44830,0.112075,152138,0.380345
-5.8,18.4,400000,44068,0.11017,151910,0.379775
-5.8,18.6,400000,44660,0.11165,152191,0.380478
-5.8,18.8,400000,44931,0.112327,152344,0.38086
-5.8,19,400000,45036,0.11259,151907,0.379767
-5.8,19.2,400000,44681,0.111702,151828,0.37957
-5.8,19.4,400000,45398,0.113495,152855,0.382138
-5.8,19.6,400000,44500,0.11125,152001,0.380003
-5.8,19.8,400000,45341,0.113352,152621,0.381553
-5.8,20,400000,44661,0.111653,151319,0.378298
-5.8,20.2,400000,44617,0.111543,152147,0.380368
-5.8,20.4,400000,45454,0.113635,152261,0.380653
-5.8,20.6,400000,45240,0.1131,152134,0.380335
-5.8,20.8,400000,44960,0.1124,152276,0.38069
-5.8,21,400000,45366,0.113415,152861,0.382153
-5.8,21.2,400000,44861,0.112153,151954,0.379885
-5.8,21.4,400000,45119,0.112797,151969,0.379922
-5.8,21.6,400000,45024,0.11256,151984,0.37996
-5.8,21.8,400000,44913,0.112282,152433,0.381082
-5.8,22,400000,44694,0.111735,151816,0.37954
-5.8,22.2,400000,44746,0.111865,152395,0.380987
-5.8,22.4,400000,44726,0.111815,151976,0.37994
-5.8,22.6,400000,44644,0.11161,152554,0.381385
-5.8,22.8,400000,44475,0.111187,152292,0.38073
-5.8,23,400000,44611,0.111528,152276,0.38069
-5.8,23.2,400000,44961,0.112403,151856,0.37964
-5.8,23.4,400000,44753,0.111882,151904,0.37976
-5.8,23.6,400000,45295,0.113238,152466,0.381165
-5.8,23.8,400000,45376,0.11344,152471,0.381178
-5.8,24,400000,45038,0.112595,152174,0.380435
-5.8,24.2,400000,44285,0.110713,151584,0.37896
-5.8,24.4,400000,44540,0.11135,151478,0.378695
-5.8,24.6,400000,44551,0.111378,152267,0.380667
-5.8,24.8,400000,44029,0.110073,151639,0.379097
-5.8,25,400000,44546,0.111365,151942,0.379855
-5.8,25.2,400000,44926,0.112315,152311,0.380777
-5.8,25.4,400000,45343,0.113357,152648,0.38162
-5.8,25.6,400000,44850,0.112125,152322,0.380805
-5.8,25.8,400000,44608,0.11152,151852,0.37963
-5.8,26,400000,44891,0.112227,152551,0.381377
-5.8,26.2,400000,44927,0.112318,152030,0.380075
-5.8,26.4,400000,44394,0.110985,152131,0.380327
-5.8,26.6,400000,45052,0.11263,152091,0.380227
-5.8,26.8,400000,45031,0.112577,152100,0.38025
-5.8,27,400000,44904,0.11226,151883,0.379707
-5.8,27.2,400000,44831,0.112077,152426,0.381065
-5.8,27.4,400000,44761,0.111903,151229,0.378072
-5.8,27.6,400000,44838,0.112095,152410,0.381025
-5.8,27.8,400000,44625,0.111562,151742,0.379355
-5.8,28,400000,44961,0.112403,152390,0.380975
-5.8,28.2,400000,44790,0.111975,152555,0.381387
-5.8,28.4,400000,44797,0.111992,151744,0.37936
-5.8,28.6,400000,44794,0.111985,152047,0.380117
-5.8,28.8,400000,44588,0.11147,151733,0.379333
-5.8,29,400000,44745,0.111863,151607,0.379018
-5.8,29.2,400000,44744,0.11186,151762,0.379405
-5.8,29.4,400000,44350,0.110875,151517,0.378792
-5.8,29.6,400000,44722,0.111805,152456,0.38114
-5.8,29.8,400000,45183,0.112958,152523,0.381308
-5.8,30,400000,44969,0.112422,152755,0.381887
-5.8,30.2,400000,44912,0.11228,151867,0.379667
-5.8,30.4,400000,44751,0.111878,151525,0.378812
-5.8,30.6,400000,45225,0.113062,152509,0.381273
-5.8,30.8,400000,44989,0.112473,152118,0.380295
-5.8,31,400000,44946,0.112365,152650,0.381625
-5.8,31.2,400000,45267,0.113168,151948,0.37987
-5.8,31.4,400000,44875,0.112187,152119,0.380298
-5.8,31.6,400000,44779,0.111948,152653,0.381632
-5.8,31.8,400000,44421,0.111052,151766,0.379415
-5.8,32,400000,44676,0.11169,152235,0.380588
-5.8,32.2,400000,45526,0.113815,152891,0.382227
-5.8,32.4,400000,45157,0.112893,152283,0.380707
-5.8,32.6,400000,44736,0.11184,151987,0.379968
-5.8,32.8,400000,45224,0.11306,152245,0.380613
-5.8,33,400000,45131,0.112827,152497,0.381242
-5.8,33.2,400000,44988,0.11247,152191,0.380478
-5.8,33.4,400000,45409,0.113522,152033,0.380082
-5.8,33.6,400000,44667,0.111668,151628,0.37907
-5.8,33.8,400000,44944,0.11236,152069,0.380173
-5.8,34,400000,45151,0.112878,151743,0.379358
-5.8,34.2,400000,44507,0.111268,151704,0.37926
-5.8,34.4,400000,45012,0.11253,151924,0.37981
-5.8,34.6,400000,44451,0.111128,151527,0.378817
-5.8,34.8,400000,44629,0.111573,152026,0.380065
-5.8,35,400000,45200,0.113,152080,0.3802
-5.8,35.2,400000,44607,0.111518,152044,0.38011
-5.8,35.4,400000,44938,0.112345,152460,0.38115
-5.8,35.6,400000,45141,0.112852,152159,0.380397
-5.8,35.8,400000,44792,0.11198,151883,0.379707
-5.8,36,400000,44974,0.112435,152078,0.380195
-5.8,36.2,400000,44725,0.111812,152285,0.380713
-5.8,36.4,400000,44664,0.11166,151915,0.379788
-5.8,36.6,400000,45168,0.11292,151940,0.37985
-5.8,36.8,400000,44997,0.112492,151813,0.379532
-5.8,37,400000,44939,0.112348,151593,0.378982
-5.8,37.2,400000,45116,0.11279,152701,0.381752
-5.8,37.4,400000,44906,0.112265,152252,0.38063
-5.8,37.6,400000,44990,0.112475,152218,0.380545
-5.8,37.8,400000,44888,0.11222,151914,0.379785
-5.8,38,400000,45220,0.11305,151848,0.37962
-5.8,38.2,400000,45090,0.112725,152303,0.380758
-5.8,38.4,400000,44309,0.110772,151441,0.378603
-5.8,38.6,400000,44448,0.11112,151727,0.379317
-5.8,38.8,400000,44988,0.11247,152376,0.38094
-5.8,39,400000,44754,0.111885,151757,0.379393
-5.8,39.2,400000,44830,0.112075,152125,0.380312
-5.8,39.4,400000,45001,0.112503,152327,0.380817
-5.8,39.6,400000,44697,0.111742,151872,0.37968
-5.8,39.8,400000,44888,0.11222,151850,0.379625
-5.8,40,400000,44511,0.111278,151881,0.379702
-5.8,40.2,400000,44396,0.11099,152080,0.3802
-5.8,40.4,400000,44972,0.11243,152392,0.38098
-5.8,40.6,400000,44474,0.111185,152004,0.38001
-5.8,40.8,400000,44641,0.111602,151884,0.37971
-5.8,41,400000,44706,0.111765,152363,0.380908
-5.8,41.2,400000,44949,0.112373,152199,0.380497
-5.8,41.4,400000,44854,0.112135,151835,0.379588
-5.8,41.6,400000,45506,0.113765,152605,0.381512
-5.8,41.8,400000,44967,0.112418,152610,0.381525
-5.8,42,400000,44703,0.111757,151885,0.379713
-5.8,42.2,400000,45032,0.11258,152867,0.382167
-5.8,42.4,400000,45097,0.112742,152053,0.380132
-5.8,42.6,400000,44793,0.111982,152181,0.380453
-5.8,42.8,400000,45441,0.113602,152520,0.3813
-5.8,43,400000,44785,0.111963,152441,0.381103
-5.8,43.2,400000,45339,0.113348,152270,0.380675
-5.8,43.4,400000,44469,0.111172,151754,0.379385
-5.8,43.6,400000,44963,0.112407,151599,0.378997
-5.8,43.8,400000,44479,0.111198,152019,0.380047
-5.8,44,400000,45494,0.113735,152709,0.381773
-5.8,44.2,400000,44736,0.11184,152242,0.380605
-5.8,44.4,400000,45125,0.112812,152019,0.380047
-5.8,44.6,400000,44793,0.111982,152069,0.380173
-5.8,44.8,400000,44981,0.112452,152235,0.380588
-5.8,45,400000,44670,0.111675,152753,0.381883
-5.8,45.2,400000,45315,0.113287,152133,0.380333
-5.8,45.4,400000,44274,0.110685,152304,0.38076
-5.8,45.6,400000,44701,0.111753,152216,0.38054
-5.8,45.8,400000,44919,0.112297,152299,0.380748
-5.8,46,400000,44529,0.111323,152079,0.380198
-5.8,46.2,400000,44964,0.11241,152069,0.380173
-5.8,46.4,400000,44521,0.111302,152090,0.380225
-5.8,46.6,400000,44966,0.112415,152311,0.380777
-5.8,46.8,400000,44932,0.11233,152219,0.380547
-5.8,47,400000,44959,0.112397,152356,0.38089
-5.8,47.2,400000,45030,0.112575,151306,0.378265
-5.8,47.4,400000,44860,0.11215,152440,0.3811
-5.8,47.6,400000,44576,0.11144,151610,0.379025
-5.8,47.8,400000,44981,0.112452,152326,0.380815
-5.8,48,400000,44667,0.111668,151554,0.378885
-5.8,48.2,400000,44474,0.111185,151418,0.378545
-5.8,48.4,400000,44650,0.111625,151300,0.37825
-5.8,48.6,400000,44843,0.112107,151732,0.37933
-5.8,48.8,400000,44784,0.11196,152094,0.380235
-5.8,49,400000,44765,0.111912,151942,0.379855
-5.8,49.2,400000,45185,0.112962,151983,0.379958
-5.8,49.4,400000,44768,0.11192,152070,0.380175
-5.8,49.6,400000,44242,0.110605,151790,0.379475
-5.8,49.8,400000,44454,0.111135,151841,0.379603
-5.8,50,400000,44807,0.112018,151881,0.379702
-5.6,-50,400000,44993,0.112482,151799,0.379497
-5.6,-49.8,400000,44884,0.11221,152197,0.380493
-5.6,-49.6,400000,44956,0.11239,151930,0.379825
-5.6,-49.4,400000,45041,0.112602,152429,0.381072
-5.6,-49.2,400000,45302,0.113255,152111,0.380277
-5.6,-49,400000,44650,0.111625,152915,0.382288
-5.6,-48.8,400000,44490,0.111225,151870,0.379675
-5.6,-48.6,400000,44688,0.11172,151293,0.378233
-5.6,-48.4,400000,44538,0.111345,151974,0.379935
-5.6,-48.2,400000,45362,0.113405,152136,0.38034
-5.6,-48,400000,44584,0.11146,152128,0.38032
-5.6,-47.8,400000,44823,0.112058,151768,0.37942
-5.6,-47.6,400000,44440,0.1111,151375,0.378437
-5.6,-47.4,400000,44745,0.111863,152593,0.381483
-5.6,-47.2,400000,45450,0.113625,152253,0.380632
-5.6,-47,400000,45097,0.112742,151855,0.379638
-5.6,-46.8,400000,44330,0.110825,151978,0.379945
-5.6,-46.6,400000,44468,0.11117,152127,0.380317
-5.6,-46.4,400000,45030,0.112575,152301,0.380752
-5.6,-46.2,400000,44829,0.112073,151468,0.37867
-5.6,-46,400000,45356,0.11339,151939,0.379848
-5.6,-45.8,400000,44776,0.11194,152591,0.381478
-5.6,-45.6,400000,44619,0.111547,151610,0.379025
-5.6,-45.4,400000,44952,0.11238,151642,0.379105
-5.6,-45.2,400000,45090,0.112725,151865,0.379663
-5.6,-45,400000,45244,0.11311,152181,0.380453
-5.6,-44.8,400000,44842,0.112105,151935,0.379837
-5.6,-44.6,400000,44742,0.111855,151700,0.37925
-5.6,-44.4,400000,45082,0.112705,152137,0.380342
-5.6,-44.2,400000,44894,0.112235,152102,0.380255
-5.6,-44,400000,44878,0.112195,152048,0.38012
-5.6,-43.8,400000,44664,0.11166,151789,0.379472
-5.6,-43.6,400000,44815,0.112037,151962,0.379905
-5.6,-43.4,400000,44873,0.112183,152710,0.381775
-5.6,-43.2,400000,44785,0.111963,151536,0.37884
-5.6,-43,400000,45176,0.11294,152353,0.380883
-5.6,-42.8,400000,45021,0.112552,151960,0.3799
-5.6,-42.6,400000,44709,0.111772,151888,0.37972
-5.6,-42.4,400000,45180,0.11295,152377,0.380943
-5.6,-42.2,400000,45058,0.112645,152832,0.38208
-5.6,-42,400000,45252,0.11313,152279,0.380698
-5.6,-41.8,400000,44507,0.111268,152443,0.381107
-5.6,-41.6,400000,44820,0.11205,151452,0.37863
-5.6,-41.4,400000,44666,0.111665,152346,0.380865
-5.6,-41.2,400000,44866,0.112165,151766,0.379415
-5.6,-41,400000,44137,0.110342,152062,0.380155
-5.6,-40.8,400000,44788,0.11197,152546,0.381365
-5.6,-40.6,400000,45003,0.112507,151489,0.378723
-5.6,-40.4,400000,44100,0.11025,151910,0.379775
-5.6,-40.2,400000,44417,0.111043,152294,0.380735
-5.6,-40,400000,44513,0.111283,151708,0.37927
-5.6,-39.8,400000,44775,0.111937,151839,0.379597
-5.6,-39.6,400000,44891,0.112227,151930,0.379825
-5.6,-39.4,400000,44881,0.112202,152180,0.38045
-5.6,-39.2,400000,45075,0.112687,151888,0.37972
-5.6,-39,400000,44837,0.112092,152409,0.381022
-5.6,-38.8,400000,45101,0.112753,151360,0.3784
-5.6,-38.6,400000,45395,0.113488,152239,0.380597
-5.6,-38.4,400000,44700,0.11175,151907,0.379767
-5.6,-38.2,400000,44371,0.110927,151980,0.37995
-5.6,-38,400000,44751,0.111878,152231,0.380578
-5.6,-37.8,400000,44434,0.111085,151952,0.37988
-5.6,-37.6,400000,44999,0.112498,152094,0.380235
-5.6,-37.4,400000,44834,0.112085,151666,0.379165
-5.6,-37.2,400000,44741,0.111852,151502,0.378755
-5.6,-37,400000,44867,0.112168,153055,0.382638
-5.6,-36.8,400000,44739,0.111848,151937,0.379843
-5.6,-36.6,400000,44623,0.111558,151897,0.379742
-5.6,-36.4,400000,44664,0.11166,152270,0.380675
-5.6,-36.2,400000,44639,0.111598,151725,0.379312
-5.6,-36,400000,44885,0.112213,152013,0.380032
-5.6,-35.8,400000,44707,0.111768,152089,0.380223
-5.6,-35.6,400000,44936,0.11234,151949,0.379873
-5.6,-35.4,400000,44198,0.110495,151945,0.379862
-5.6,-35.2,400000,45133,0.112833,151955,0.379887
-5.6,-35,400000,45044,0.11261,151884,0.37971
-5.6,-34.8,400000,44757,0.111893,151786,0.379465
-5.6,-34.6,400000,45520,0.1138,151837,0.379592
-5.6,-34.4,400000,44970,0.112425,152357,0.380893
-5.6,-34.2,400000,44818,0.112045,151782,0.379455
-5.6,-34,400000,44832,0.11208,152223,0.380557
-5.6,-33.8,400000,44666,0.111665,151914,0.379785
-5.6,-33.6,400000,45356,0.11339,152644,0.38161
-5.6,-33.4,400000,44845,0.112113,152009,0.380022
-5.6,-33.2,400000,44884,0.11221,152297,0.380742
-5.6,-33,400000,44678,0.111695,152105,0.380263
-5.6,-32.8,400000,44790,0.111975,151886,0.379715
-5.6,-32.6,400000,44683,0.111708,152365,0.380912
-5.6,-32.4,400000,45364,0.11341,152535,0.381337
-5.6,-32.2,400000,44828,0.11207,152270,0.380675
-5.6,-32,400000,45309,0.113272,152143,0.380358
-5.6,-31.8,400000,44917,0.112293,152043,0.380107
-5.6,-31.6,400000,44951,0.112378,152786,0.381965
-5.6,-31.4,400000,44871,0.112177,151944,0.37986
-5.6,-31.2,400000,44434,0.111085,151792,0.37948
-5.6,-31,400000,45019,0.112547,152028,0.38007
-5.6,-30.8,400000,44942,0.112355,151892,0.37973
-5.6,-30.6,400000,45079,0.112698,151891,0.379727
-5.6,-30.4,400000,45172,0.11293,152518,0.381295
-5.6,-30.2,400000,44887,0.112217,152183,0.380458
-5.6,-30,400000,44659,0.111647,152081,0.380202
-5.6,-29.8,400000,45268,0.11317,152980,0.38245
-5.6,-29.6,400000,44661,0.111653,151822,0.379555
-5.6,-29.4,400000,44865,0.112162,152852,0.38213
-5.6,-29.2,400000,45146,0.112865,152573,0.381433
-5.6,-29,400000,44215,0.110537,152107,0.380267
-5.6,-28.8,400000,44744,0.11186,152370,0.380925
-5.6,-28.6,400000,44722,0.111805,152985,0.382462
-5.6,-28.4,400000,44515,0.111287,152150,0.380375
-5.6,-28.2,400000,44883,0.112208,152265,0.380663
-5.6,-28,400000,45193,0.112982,151983,0.379958
-5.6,-27.8,400000,44651,0.111628,152263,0.380657
-5.6,-27.6,400000,44218,0.110545,152139,0.380348
-5.6,-27.4,400000,45100,0.11275,152067,0.380167
-5.6,-27.2,400000,44978,0.112445,152077,0.380192
-5.6,-27,400000,45184,0.11296,152352,0.38088
-5.6,-26.8,400000,44982,0.112455,152374,0.380935
-5.6,-26.6,400000,44539,0.111348,151469,0.378673
-5.6,-26.4,400000,44876,0.11219,151995,0.379987
-5.6,-26.2,400000,45185,0.112962,152335,0.380837
-5.6,-26,400000,44824,0.11206,152191,0.380478
-5.6,-25.8,400000,45003,0.112507,151581,0.378953
-5.6,-25.6,400000,44591,0.111477,152348,0.38087
-5.6,-25.4,400000,44759,0.111897,152047,0.380117
-5.6,-25.2,400000,44867,0.112168,151539,0.378848
-5.6,-25,400000,45078,0.112695,152687,0.381717
-5.6,-24.8,400000,44029,0.110073,151302,0.378255
-5.6,-24.6,400000,44819,0.112047,152084,0.38021
-5.6,-24.4,400000,45061,0.112653,152564,0.38141
-5.6,-24.2,400000,44722,0.111805,151888,0.37972
-5.6,-24,400000,44461,0.111153,151899,0.379748
-5.6,-23.8,400000,44842,0.112105,152114,0.380285
-5.6,-23.6,400000,45034,0.112585,152083,0.380207
-5.6,-23.4,400000,45032,0.11258,152066,0.380165
-5.6,-23.2,400000,44504,0.11126,151858,0.379645
-5.6,-23,400000,44839,0.112098,151885,0.379713
-5.6,-22.8,400000,44699,0.111747,152187,0.380468
-5.6,-22.6,400000,44601,0.111503,150831,0.377078
-5.6,-22.4,400000,44974,0.112435,152776,0.38194
-5.6,-22.2,400000,45034,0.112585,152840,0.3821
-5.6,-22,400000,45481,0.113702,152441,0.381103
-5.6,-21.8,400000,45042,0.112605,151737,0.379343
-5.6,-21.6,400000,45087,0.112717,152763,0.381908
-5.6,-21.4,400000,45364,0.11341,152257,0.380642
-5.6,-21.2,400000,44701,0.111753,151646,0.379115
-5.6,-21,400000,44816,0.11204,152364,0.38091
-5.6,-20.8,400000,44636,0.11159,151822,0.379555
-5.6,-20.6,400000,44839,0.112098,151889,0.379723
-5.6,-20.4,400000,44477,0.111192,152574,0.381435
-5.6,-20.2,400000,44570,0.111425,151918,0.379795
-5.6,-20,400000,45275,0.113187,152435,0.381088
-5.6,-19.8,400000,44576,0.11144,151987,0.379968
-5.6,-19.6,400000,44993,0.112482,152324,0.38081
-5.6,-19.4,400000,44538,0.111345,151496,0.37874
-5.6,-19.2,400000,44845,0.112113,152008,0.38002
-5.6,-19,400000,44814,0.112035,151305,0.378263
-5.6,-18.8,400000,44606,0.111515,151694,0.379235
-5.6,-18.6,400000,44882,0.112205,152071,0.380178
-5.6,-18.4,400000,44731,0.111827,152608,0.38152
-5.6,-18.2,400000,44990,0.112475,151885,0.379713
-5.6,-18,400000,45130,0.112825,151787,0.379468
-5.6,-17.8,400000,44842,0.112105,151984,0.37996
-5.6,-17.6,400000,44711,0.111778,152124,0.38031
-5.6,-17.4,400000,44860,0.11215,152357,0.380893
-5.6,-17.2,400000,44695,0.111738,152552,0.38138
-5.6,-17,400000,44485,0.111213,151479,0.378698
-5.6,-16.8,400000,44979,0.112448,151695,0.379238
-5.6,-16.6,400000,44736,0.11184,152373,0.380933
-5.6,-16.4,400000,44325,0.110812,151962,0.379905
-5.6,-16.2,400000,45399,0.113498,152833,0.382082
-5.6,-16,400000,45136,0.11284,152005,0.380012
-5.6,-15.8,400000,45336,0.11334,152411,0.381028
-5.6,-15.6,400000,44440,0.1111,152014,0.380035
-5.6,-15.4,400000,44802,0.112005,153053,0.382632
-5.6,-15.2,400000,44822,0.112055,152057,0.380142
-5.6,-15,400000,44714,0.111785,151688,0.37922
-5.6,-14.8,400000,44464,0.11116,151902,0.379755
-5.6,-14.6,400000,44677,0.111693,152260,0.38065
-5.6,-14.4,400000,44852,0.11213,152641,0.381603
-5.6,-14.2,400000,44743,0.111857,152566,0.381415
-5.6,-14,400000,44949,0.112373,151966,0.379915
-5.6,-13.8,400000,44782,0.111955,152405,0.381012
-5.6,-13.6,400000,44612,0.11153,152507,0.381267
-5.6,-13.4,400000,44561,0.111403,151833,0.379582
-5.6,-13.2,400000,45103,0.112757,151710,0.379275
-5.6,-13,400000,45075,0.112687,152408,0.38102
-5.6,-12.8,400000,44360,0.1109,151537,0.378843
-5.6,-12.6,400000,44492,0.11123,151711,0.379277
-5.6,-12.4,400000,44693,0.111732,152374,0.380935
-5.6,-12.2,400000,44337,0.110842,151561,0.378902
-5.6,-12,400000,44458,0.111145,151309,0.378273
-5.6,-11.8,400000,44585,0.111463,151532,0.37883
-5.6,-11.6,400000,44982,0.112455,152043,0.380107
-5.6,-11.4,400000,44966,0.112415,151739,0.379348
-5.6,-11.2,400000,44543,0.111357,152282,0.380705
-5.6,-11,400000,44516,0.11129,151615,0.379038
-5.6,-10.8,400000,44573,0.111433,151857,0.379642
-5.6,-10.6,400000,45201,0.113003,152291,0.380727
-5.6,-10.4,400000,45075,0.112687,151837,0.379592
-5.6,-10.2,400000,45037,0.112592,151462,0.378655
-5.6,-10,400000,44777,0.111943,152589,0.381472
-5.6,-9.8,400000,45065,0.112662,152156,0.38039
-5.6,-9.6,400000,45041,0.112602,151892,0.37973
-5.6,-9.4,400000,45211,0.113028,152551,0.381377
-5.6,-9.2,400000,44723,0.111808,152102,0.380255
-5.6,-9,400000,44717,0.111793,152018,0.380045
-5.6,-8.8,400000,44593,0.111482,151949,0.379873
-5.6,-8.6,400000,44911,0.112278,152138,0.380345
-5.6,-8.4,400000,44529,0.111323,152330,0.380825
-5.6,-8.2,400000,44602,0.111505,152080,0.3802
-5.6,-8,400000,44433,0.111083,151309,0.378273
-5.6,-7.8,400000,44729,0.111823,152096,0.38024
-5.6,-7.6,400000,44393,0.110982,152127,0.380317
-5.6,-7.4,400000,44857,0.112143,152136,0.38034
-5.6,-7.2,400000,44560,0.1114,152248,0.38062
-5.6,-7,400000,44740,0.11185,151907,0.379767
-5.6,-6.8,400000,44849,0.112122,152186,0.380465
-5.6,-6.6,400000,44765,0.111912,152513,0.381283
-5.6,-6.4,400000,45423,0.113558,152474,0.381185
-5.6,-6.2,400000,44974,0.112435,152060,0.38015
-5.6,-6,400000,44601,0.111503,152081,0.380202
-5.6,-5.8,400000,44980,0.11245,152688,0.38172
-5.6,-5.6,400000,45000,0.1125,152259,0.380648
-5.6,-5.4,400000,44611,0.111528,152244,0.38061
-5.6,-5.2,400000,45276,0.11319,152772,0.38193
-5.6,-5,400000,44500,0.11125,152252,0.38063
-5.6,-4.8,400000,44848,0.11212,151796,0.37949
-5.6,-4.6,400000,44758,0.111895,152040,0.3801
-5.6,-4.4,400000,44079,0.110198,151429,0.378572
-5.6,-4.2,400000,44741,0.111852,152091,0.380227
-5.6,-4,400000,45181,0.112952,152714,0.381785
-5.6,-3.8,400000,44912,0.11228,152341,0.380852
-5.6,-3.6,400000,44798,0.111995,152310,0.380775
-5.6,-3.4,400000,44753,0.111882,152376,0.38094
-5.6,-3.2,400000,44754,0.111885,152452,0.38113
-5.6,-3,400000,44138,0.110345,152363,0.380908
-5.6,-2.8,400000,44997,0.112492,152646,0.381615
-5.6,-2.6,400000,44875,0.112187,152038,0.380095
-5.6,-2.4,400000,45095,0.112738,152187,0.380468
-5.6,-2.2,400000,44735,0.111838,152312,0.38078
-5.6,-2,400000,44678,0.111695,152088,0.38022
-5.6,-1.8,400000,44907,0.112268,152208,0.38052
-5.6,-1.6,400000,44753,0.111882,151923,0.379808
-5.6,-1.4,400000,44657,0.111643,152285,0.380713
-5.6,-1.2,400000,44765,0.111912,152648,0.38162
-5.6,-1,400000,45244,0.11311,152512,0.38128
-5.6,-0.8,400000,44568,0.11142,151744,0.37936
-5.6,-0.6,400000,44611,0.111528,151673,0.379182
-5.6,-0.4,400000,45228,0.11307,152433,0.381082
-5.6,-0.2,400000,44931,0.112327,152184,0.38046
-5.6,0,400000,44972,0.11243,151707,0.379267
-5.6,0.2,400000,44963,0.112407,151679,0.379198
-5.6,0.4,400000,45018,0.112545,152248,0.38062
-5.6,0.6,400000,44788,0.11197,152017,0.380043
-5.6,0.8,400000,44680,0.1117,151817,0.379543
-5.6,1,400000,45202,0.113005,152521,0.381302
-5.6,1.2,400000,44931,0.112327,151598,0.378995
-5.6,1.4,400000,44558,0.111395,152860,0.38215
-5.6,1.6,400000,44681,0.111702,152306,0.380765
-5.6,1.8,400000,45124,0.11281,152206,0.380515
-5.6,2,400000,45059,0.112647,152434,0.381085
-5.6,2.2,400000,44444,0.11111,151735,0.379337
-5.6,2.4,400000,44380,0.11095,151817,0.379543
-5.6,2.6,400000,44885,0.112213,152348,0.38087
-5.6,2.8,400000,44702,0.111755,152576,0.38144
-5.6,3,400000,45592,0.11398,152883,0.382207
-5.6,3.2,400000,44705,0.111763,151985,0.379962
-5.6,3.4,400000,45196,0.11299,151978,0.379945
-5.6,3.6,400000,44949,0.112373,151842,0.379605
-5.6,3.8,400000,45008,0.11252,151675,0.379188
-5.6,4,400000,45242,0.113105,152340,0.38085
-5.6,4.2,400000,44150,0.110375,151686,0.379215
-5.6,4.4,400000,44519,0.111297,152124,0.38031
-5.6,4.6,400000,44974,0.112435,152641,0.381603
-5.6,4.8,400000,45120,0.1128,152478,0.381195
-5.6,5,400000,44875,0.112187,151828,0.37957
-5.6,5.2,400000,44775,0.111937,152580,0.38145
-5.6,5.4,400000,44946,0.112365,152397,0.380993
-5.6,5.6,400000,44598,0.111495,151783,0.379458
-5.6,5.8,400000,44677,0.111693,151644,0.37911
-5.6,6,400000,44745,0.111863,151969,0.379922
-5.6,6.2,400000,45139,0.112848,152790,0.381975
-5.6,6.4,400000,44937,0.112342,152222,0.380555
-5.6,6.6,400000,44577,0.111442,151673,0.379182
-5.6,6.8,400000,44533,0.111333,151761,0.379402
-5.6,7,400000,44304,0.11076,151498,0.378745
-5.6,7.2,400000,44673,0.111683,151670,0.379175
-5.6,7.4,400000,44440,0.1111,151971,0.379927
-5.6,7.6,400000,44969,0.112422,151601,0.379003
-5.6,7.8,400000,45046,0.112615,151991,0.379978
-5.6,8,400000,44572,0.11143,152137,0.380342
-5.6,8.2,400000,45021,0.112552,152370,0.380925
-5.6,8.4,400000,44829,0.112073,152493,0.381232
-5.6,8.6,400000,44983,0.112458,151930,0.379825
-5.6,8.8,400000,45025,0.112562,152043,0.380107
-5.6,9,400000,44570,0.111425,151737,0.379343
-5.6,9.2,400000,44928,0.11232,152111,0.380277
-5.6,9.4,400000,44817,0.112043,151845,0.379613
-5.6,9.6,400000,44612,0.11153,151986,0.379965
-5.6,9.8,400000,45106,0.112765,152811,0.382028
-5.6,10,400000,44699,0.111747,152093,0.380232
-5.6,10.2,400000,44784,0.11196,152830,0.382075
-5.6,10.4,400000,44936,0.11234,152480,0.3812
-5.6,10.6,400000,44804,0.11201,152194,0.380485
-5.6,10.8,400000,45056,0.11264,152368,0.38092
-5.6,11,400000,45068,0.11267,152253,0.380632
-5.6,11.2,400000,45204,0.11301,152254,0.380635
-5.6,11.4,400000,44237,0.110592,151757,0.379393
-5.6,11.6,400000,44972,0.11243,151507,0.378767
-5.6,11.8,400000,44812,0.11203,151810,0.379525
-5.6,12,400000,44994,0.112485,152846,0.382115
-5.6,12.2,400000,45157,0.112893,152550,0.381375
-5.6,12.4,400000,44966,0.112415,152139,0.380348
-5.6,12.6,400000,45186,0.112965,152444,0.38111
-5.6,12.8,400000,45191,0.112977,153182,0.382955
-5.6,13,400000,45384,0.11346,152904,0.38226
-5.6,13.2,400000,45158,0.112895,152431,0.381078
-5.6,13.4,400000,44993,0.112482,152276,0.38069
-5.6,13.6,400000,44906,0.112265,151747,0.379368
-5.6,13.8,400000,44668,0.11167,151294,0.378235
-5.6,14,400000,45055,0.112638,152092,0.38023
-5.6,14.2,400000,44874,0.112185,152283,0.380707
-5.6,14.4,400000,44865,0.112162,152137,0.380342
-5.6,14.6,400000,44813,0.112032,152257,0.380642
-5.6,14.8,400000,45033,0.112583,152422,0.381055
-5.6,15,400000,44827,0.112068,151907,0.379767
-5.6,15.2,400000,44621,0.111552,152440,0.3811
-5.6,15.4,400000,44524,0.11131,151942,0.379855
-5.6,15.6,400000,44845,0.112113,151633,0.379082
-5.6,15.8,400000,45486,0.113715,152359,0.380897
-5.6,16,400000,44866,0.112165,152139,0.380348
-5.6,16.2,400000,44708,0.11177,151648,0.37912
-5.6,16.4,400000,45443,0.113608,152646,0.381615
-5.6,16.6,400000,44914,0.112285,152393,0.380983
-5.6,16.8,400000,44836,0.11209,151956,0.37989
-5.6,17,400000,44875,0.112187,152302,0.380755
-5.6,17.2,400000,44930,0.112325,152230,0.380575
-5.6,17.4,400000,44357,0.110893,152102,0.380255
-5.6,17.6,400000,45194,0.112985,152025,0.380063
-5.6,17.8,400000,44996,0.11249,152454,0.381135
-5.6,18,400000,44805,0.112013,152186,0.380465
-5.6,18.2,400000,44577,0.111442,152411,0.381028
-5.6,18.4,400000,44603,0.111507,151836,0.37959
-5.6,18.6,400000,44328,0.11082,151814,0.379535
-5.6,18.8,400000,45145,0.112863,152433,0.381082
-5.6,19,400000,44894,0.112235,152898,0.382245
-5.6,19.2,400000,45035,0.112587,152377,0.380943
-5.6,19.4,400000,44633,0.111583,152318,0.380795
-5.6,19.6,400000,44875,0.112187,152307,0.380767
-5.6,19.8,400000,44888,0.11222,152285,0.380713
-5.6,20,400000,44589,0.111473,151825,0.379563
-5.6,20.2,400000,45124,0.11281,152777,0.381943
-5.6,20.4,400000,44523,0.111308,152398,0.380995
-5.6,20.6,400000,44670,0.111675,151849,0.379622
-5.6,20.8,400000,44154,0.110385,152101,0.380252
-5.6,21,400000,44676,0.11169,151965,0.379912
-5.6,21.2,400000,45056,0.11264,153143,0.382858
-5.6,21.4,400000,44403,0.111007,151715,0.379287
-5.6,21.6,400000,44978,0.112445,152103,0.380258
-5.6,21.8,400000,44914,0.112285,151804,0.37951
-5.6,22,400000,44766,0.111915,151723,0.379308
-5.6,22.2,400000,45288,0.11322,152577,0.381443
-5.6,22.4,400000,45116,0.11279,151622,0.379055
-5.6,22.6,400000,44892,0.11223,152114,0.380285
-5.6,22.8,400000,44588,0.11147,151867,0.379667
-5.6,23,400000,44468,0.11117,151708,0.37927
-5.6,23.2,400000,44989,0.112473,152284,0.38071
-5.6,23.4,400000,44635,0.111588,152290,0.380725
-5.6,23.6,400000,45079,0.112698,152301,0.380752
-5.6,23.8,400000,44277,0.110692,151418,0.378545
-5.6,24,400000,44684,0.11171,151872,0.37968
-5.6,24.2,400000,44873,0.112183,152191,0.380478
-5.6,24.4,400000,44859,0.112147,152073,0.380182
-5.6,24.6,400000,44900,0.11225,152083,0.380207
-5.6,24.8,400000,44824,0.11206,152151,0.380377
-5.6,25,400000,44905,0.112263,152382,0.380955
-5.6,25.2,400000,44865,0.112162,152244,0.38061
-5.6,25.4,400000,45009,0.112522,152730,0.381825
-5.6,25.6,400000,45138,0.112845,152097,0.380242
-5.6,25.8,400000,45419,0.113547,152377,0.380943
-5.6,26,400000,44670,0.111675,151659,0.379148
-5.6,26.2,400000,45097,0.112742,152253,0.380632
-5.6,26.4,400000,44243,0.110607,151362,0.378405
-5.6,26.6,400000,44725,0.111812,151970,0.379925
-5.6,26.8,400000,44536,0.11134,152223,0.380557
-5.6,27,400000,45058,0.112645,152074,0.380185
-5.6,27.2,400000,45076,0.11269,151901,0.379752
-5.6,27.4,400000,44896,0.11224,152644,0.38161
-5.6,27.6,400000,44784,0.11196,152219,0.380547
-5.6,27.8,400000,44226,0.110565,151985,0.379962
-5.6,28,400000,44408,0.11102,151967,0.379918
-5.6,28.2,400000,44784,0.11196,152405,0.381012
-5.6,28.4,400000,45470,0.113675,152134,0.380335
-5.6,28.6,400000,44783,0.111958,152082,0.380205
-5.6,28.8,400000,45233,0.113083,152830,0.382075
-5.6,29,400000,44638,0.111595,152335,0.380837
-5.6,29.2,400000,45065,0.112662,152463,0.381157
-5.6,29.4,400000,45281,0.113202,152211,0.380528
-5.6,29.6,400000,45243,0.113107,152055,0.380138
-5.6,29.8,400000,44729,0.111823,152137,0.380342
-5.6,30,400000,44757,0.111893,151964,0.37991
-5.6,30.2,400000,44375,0.110937,151834,0.379585
-5.6,30.4,400000,44801,0.112003,152108,0.38027
-5.6,30.6,400000,45006,0.112515,152163,0.380408
-5.6,30.8,400000,44840,0.1121,152335,0.380837
-5.6,31,400000,45213,0.113032,152374,0.380935
-5.6,31.2,400000,44917,0.112293,151616,0.37904
-5.6,31.4,400000,44783,0.111958,152777,0.381943
-5.6,31.6,400000,44854,0.112135,152173,0.380433
-5.6,31.8,400000,44424,0.11106,151618,0.379045
-5.6,32,400000,44658,0.111645,152066,0.380165
-5.6,32.2,400000,44727,0.111818,152184,0.38046
-5.6,32.4,400000,45008,0.11252,152424,0.38106
-5.6,32.6,400000,45000,0.1125,152105,0.380263
-5.6,32.8,400000,44525,0.111312,152266,0.380665
-5.6,33,400000,44886,0.112215,152841,0.382103
-5.6,33.2,400000,45111,0.112778,152581,0.381453
-5.6,33.4,400000,44717,0.111793,152129,0.380323
-5.6,33.6,400000,44666,0.111665,151917,0.379792
-5.6,33.8,400000,45105,0.112763,151933,0.379833
-5.6,34,400000,44577,0.111442,151997,0.379993
-5.6,34.2,400000,44307,0.110768,152292,0.38073
-5.6,34.4,400000,44644,0.11161,151777,0.379443
-5.6,34.6,400000,45176,0.11294,152298,0.380745
-5.6,34.8,400000,45144,0.11286,152502,0.381255
-5.6,35,400000,45006,0.112515,152000,0.38
-5.6,35.2,400000,44891,0.112227,151930,0.379825
-5.6,35.4,400000,44917,0.112293,152488,0.38122
-5.6,35.6,400000,45654,0.114135,152801,0.382003
-5.6,35.8,400000,44716,0.11179,152346,0.380865
-5.6,36,400000,44920,0.1123,152185,0.380462
-5.6,36.2,400000,44917,0.112293,151528,0.37882
-5.6,36.4,400000,44507,0.111268,151973,0.379933
-5.6,36.6,400000,44393,0.110982,152013,0.380032
-5.6,36.8,400000,45410,0.113525,152702,0.381755
-5.6,37,400000,44784,0.11196,152108,0.38027
-5.6,37.2,400000,44922,0.112305,151937,0.379843
-5.6,37.4,400000,44607,0.111518,152108,0.38027
-5.6,37.6,400000,44576,0.11144,151970,0.379925
-5.6,37.8,400000,44807,0.112018,151847,0.379617
-5.6,38,400000,44675,0.111687,151931,0.379827
-5.6,38.2,400000,45346,0.113365,151913,0.379783
-5.6,38.4,400000,44839,0.112098,152148,0.38037
-5.6,38.6,400000,44383,0.110958,151614,0.379035
-5.6,38.8,400000,44533,0.111333,151670,0.379175
-5.6,39,400000,45018,0.112545,152401,0.381003
-5.6,39.2,400000,44899,0.112248,152444,0.38111
-5.6,39.4,400000,44548,0.11137,151901,0.379752
-5.6,39.6,400000,45053,0.112632,152191,0.380478
-5.6,39.8,400000,44640,0.1116,151914,0.379785
-5.6,40,400000,44552,0.11138,152002,0.380005
-5.6,40.2,400000,44697,0.111742,151767,0.379418
-5.6,40.4,400000,44738,0.111845,152168,0.38042
-5.6,40.6,400000,44863,0.112157,152290,0.380725
-5.6,40.8,400000,44663,0.111658,152470,0.381175
-5.6,41,400000,45090,0.112725,151670,0.379175
-5.6,41.2,400000,45265,0.113162,152444,0.38111
-5.6,41.4,400000,45125,0.112812,152264,0.38066
-5.6,41.6,400000,44423,0.111058,152060,0.38015
-5.6,41.8,400000,44660,0.11165,152063,0.380157
-5.6,42,400000,44652,0.11163,152304,0.38076
-5.6,42.2,400000,44853,0.112132,152128,0.38032
-5.6,42.4,400000,44863,0.112157,151769,0.379422
-5.6,42.6,400000,44780,0.11195,151833,0.379582
-5.6,42.8,400000,45043,0.112607,152257,0.380642
-5.6,43,400000,44395,0.110988,151920,0.3798
-5.6,43.2,400000,44861,0.112153,152568,0.38142
-5.6,43.4,400000,44912,0.11228,152256,0.38064
-5.6,43.6,400000,44785,0.111963,151943,0.379858
-5.6,43.8,400000,44352,0.11088,151879,0.379698
-5.6,44,400000,45620,0.11405,152448,0.38112
-5.6,44.2,400000,44690,0.111725,151849,0.379622
-5.6,44.4,400000,45044,0.11261,151570,0.378925
-5.6,44.6,400000,44990,0.112475,152308,0.38077
-5.6,44.8,400000,44580,0.11145,152163,0.380408
-5.6,45,400000,44364,0.11091,151622,0.379055
-5.6,45.2,400000,44518,0.111295,151446,0.378615
-5.6,45.4,400000,45246,0.113115,151699,0.379248
-5.6,45.6,400000,44091,0.110228,151710,0.379275
-5.6,45.8,400000,45079,0.112698,152757,0.381893
-5.6,46,400000,44952,0.11238,152001,0.380003
-5.6,46.2,400000,45491,0.113727,152832,0.38208
-5.6,46.4,400000,45180,0.11295,151981,0.379953
-5.6,46.6,400000,45293,0.113232,152320,0.3808
-5.6,46.8,400000,45083,0.112708,151756,0.37939
-5.6,47,400000,44567,0.111418,151991,0.379978
-5.6,47.2,400000,44907,0.112268,151233,0.378082
-5.6,47.4,400000,45037,0.112592,152005,0.380012
-5.6,47.6,400000,44644,0.11161,151746,0.379365
-5.6,47.8,400000,45205,0.113013,152572,0.38143
-5.6,48,400000,44686,0.111715,151756,0.37939
-5.6,48.2,400000,44730,0.111825,151856,0.37964
-5.6,48.4,400000,44795,0.111988,152295,0.380738
-5.6,48.6,400000,44419,0.111047,152304,0.38076
-5.6,48.8,400000,45218,0.113045,152438,0.381095
-5.6,49,400000,45540,0.11385,152754,0.381885
-5.6,49.2,400000,44445,0.111113,151602,0.379005
-5.6,49.4,400000,45038,0.112595,152597,0.381493
-5.6,49.6,400000,44637,0.111592,151913,0.379783
-5.6,49.8,400000,44842,0.112105,151686,0.379215
-5.6,50,400000,44950,0.112375,152265,0.380663
-5.4,-50,400000,45004,0.11251,152053,0.380132
-5.4,-49.8,400000,44849,0.112122,151973,0.379933
-5.4,-49.6,400000,44386,0.110965,151990,0.379975
-5.4,-49.4,400000,44626,0.111565,152157,0.380393
-5.4,-49.2,400000,44623,0.111558,151827,0.379568
-5.4,-49,400000,45221,0.113053,152054,0.380135
-5.4,-48.8,400000,44695,0.111738,152191,0.380478
-5.4,-48.6,400000,44319,0.110797,151225,0.378063
-5.4,-48.4,400000,44725,0.111812,152566,0.381415
-5.4,-48.2,400000,45359,0.113397,152528,0.38132
-5.4,-48,400000,45136,0.11284,152586,0.381465
-5.4,-47.8,400000,44513,0.111283,151614,0.379035
-5.4,-47.6,400000,44489,0.111223,152181,0.380453
-5.4,-47.4,400000,44444,0.11111,152139,0.380348
-5.4,-47.2,400000,45154,0.112885,152451,0.381128
-5.4,-47,400000,44876,0.11219,151803,0.379507
-5.4,-46.8,400000,45086,0.112715,151919,0.379798
-5.4,-46.6,400000,45324,0.11331,152310,0.380775
-5.4,-46.4,400000,44821,0.112052,152514,0.381285
-5.4,-46.2,400000,44891,0.112227,152276,0.38069
-5.4,-46,400000,44912,0.11228,152225,0.380563
-5.4,-45.8,400000,44950,0.112375,152234,0.380585
-5.4,-45.6,400000,44382,0.110955,152046,0.380115
-5.4,-45.4,400000,44460,0.11115,151370,0.378425
-5.4,-45.2,400000,45130,0.112825,152645,0.381613
-5.4,-45,400000,44581,0.111452,151890,0.379725
-5.4,-44.8,400000,44563,0.111408,152308,0.38077
-5.4,-44.6,400000,44511,0.111278,152763,0.381908
-5.4,-44.4,400000,45046,0.112615,151807,0.379518
-5.4,-44.2,400000,44924,0.11231,151937,0.379843
-5.4,-44,400000,44615,0.111537,151726,0.379315
-5.4,-43.8,400000,45428,0.11357,152284,0.38071
-5.4,-43.6,400000,44743,0.111857,151868,0.37967
-5.4,-43.4,400000,44594,0.111485,151549,0.378873
-5.4,-43.2,400000,45090,0.112725,152202,0.380505
-5.4,-43,400000,45159,0.112897,152626,0.381565
-5.4,-42.8,400000,44814,0.112035,151667,0.379167
-5.4,-42.6,400000,44702,0.111755,151708,0.37927
-5.4,-42.4,400000,44476,0.11119,152094,0.380235
-5.4,-42.2,400000,45029,0.112573,151708,0.37927
-5.4,-42,400000,44720,0.1118,151922,0.379805
-5.4,-41.8,400000,44628,0.11157,152068,0.38017
-5.4,-41.6,400000,44502,0.111255,152452,0.38113
-5.4,-41.4,400000,44918,0.112295,152092,0.38023
-5.4,-41.2,400000,44849,0.112122,151318,0.378295
-5.4,-41,400000,44639,0.111598,152013,0.380032
-5.4,-40.8,400000,44684,0.11171,151771,0.379427
-5.4,-40.6,400000,44368,0.11092,152176,0.38044
-5.4,-40.4,400000,45355,0.113388,152407,0.381018
-5.4,-40.2,400000,44373,0.110933,151785,0.379462
-5.4,-40,400000,44658,0.111645,151319,0.378298
-5.4,-39.8,400000,44553,0.111382,151625,0.379063
-5.4,-39.6,400000,44857,0.112143,151681,0.379202
-5.4,-39.4,400000,44930,0.112325,151723,0.379308
-5.4,-39.2,400000,45071,0.112677,152396,0.38099
-5.4,-39,400000,45197,0.112992,152685,0.381713
-5.4,-38.8,400000,44946,0.112365,152255,0.380638
-5.4,-38.6,400000,45076,0.11269,151924,0.37981
-5.4,-38.4,400000,44757,0.111893,152161,0.380402
-5.4,-38.2,400000,44730,0.111825,151964,0.37991
-5.4,-38,400000,45161,0.112903,152327,0.380817
-5.4,-37.8,400000,45120,0.1128,152205,0.380512
-5.4,-37.6,400000,45151,0.112878,152127,0.380317
-5.4,-37.4,400000,45314,0.113285,152589,0.381472
-5.4,-37.2,400000,44713,0.111783,152013,0.380032
-5.4,-37,400000,44925,0.112312,151745,0.379362
-5.4,-36.8,400000,44665,0.111662,152261,0.380653
-5.4,-36.6,400000,44677,0.111693,152121,0.380302
-5.4,-36.4,400000,44787,0.111967,152223,0.380557
-5.4,-36.2,400000,44739,0.111848,152405,0.381012
-5.4,-36,400000,44775,0.111937,152087,0.380217
-5.4,-35.8,400000,44474,0.111185,151925,0.379812
-5.4,-35.6,400000,44868,0.11217,152358,0.380895
-5.4,-35.4,400000,44561,0.111403,151924,0.37981
-5.4,-35.2,400000,44526,0.111315,152020,0.38005
-5.4,-35,400000,44497,0.111242,152317,0.380792
-5.4,-34.8,400000,45509,0.113772,151795,0.379487
-5.4,-34.6,400000,44711,0.111778,152694,0.381735
-5.4,-34.4,400000,44669,0.111672,152217,0.380543
-5.4,-34.2,400000,45193,0.112982,152334,0.380835
-5.4,-34,400000,44988,0.11247,152200,0.3805
-5.4,-33.8,400000,44844,0.11211,152270,0.380675
-5.4,-33.6,400000,44809,0.112022,152499,0.381248
-5.4,-33.4,400000,45238,0.113095,152375,0.380937
-5.4,-33.2,400000,44842,0.112105,152048,0.38012
-5.4,-33,400000,44737,0.111842,152132,0.38033
-5.4,-32.8,400000,44630,0.111575,151909,0.379773
-5.4,-32.6,400000,44541,0.111352,152134,0.380335
-5.4,-32.4,400000,44986,0.112465,151758,0.379395
-5.4,-32.2,400000,44807,0.112018,152366,0.380915
-5.4,-32,400000,45062,0.112655,151546,0.378865
-5.4,-31.8,400000,44929,0.112323,152328,0.38082
-5.4,-31.6,400000,44671,0.111677,152153,0.380383
-5.4,-31.4,400000,44991,0.112477,152112,0.38028
-5.4,-31.2,400000,45055,0.112638,152442,0.381105
-5.4,-31,400000,44518,0.111295,152332,0.38083
-5.4,-30.8,400000,45072,0.11268,152540,0.38135
-5.4,-30.6,400000,44865,0.112162,152004,0.38001
-5.4,-30.4,400000,44605,0.111513,152346,0.380865
-5.4,-30.2,400000,45164,0.11291,152456,0.38114
-5.4,-30,400000,44839,0.112098,151587,0.378968
-5.4,-29.8,400000,44795,0.111988,152333,0.380833
-5.4,-29.6,400000,44760,0.1119,152359,0.380897
-5.4,-29.4,400000,45135,0.112837,152228,0.38057
-5.4,-29.2,400000,44803,0.112007,151864,0.37966
-5.4,-29,400000,44936,0.11234,152260,0.38065
-5.4,-28.8,400000,44617,0.111543,152443,0.381107
-5.4,-28.6,400000,45180,0.11295,152184,0.38046
-5.4,-28.4,400000,45312,0.11328,152425,0.381063
-5.4,-28.2,400000,44973,0.112433,152648,0.38162
-5.4,-28,400000,44744,0.11186,152226,0.380565
-5.4,-27.8,400000,44804,0.11201,152951,0.382377
-5.4,-27.6,400000,44731,0.111827,151704,0.37926
-5.4,-27.4,400000,44378,0.110945,152050,0.380125
-5.4,-27.2,400000,44520,0.1113,152402,0.381005
-5.4,-27,400000,44985,0.112463,152194,0.380485
-5.4,-26.8,400000,44710,0.111775,151810,0.379525
-5.4,-26.6,400000,44860,0.11215,152601,0.381503
-5.4,-26.4,400000,44321,0.110802,151327,0.378317
-5.4,-26.2,400000,45625,0.114062,152766,0.381915
-5.4,-26,400000,45020,0.11255,152101,0.380252
-5.4,-25.8,400000,44714,0.111785,151598,0.378995
-5.4,-25.6,400000,45261,0.113153,152643,0.381607
-5.4,-25.4,400000,44844,0.11211,151907,0.379767
-5.4,-25.2,400000,44715,0.111787,152012,0.38003
-5.4,-25,400000,44517,0.111293,151779,0.379447
-5.4,-24.8,400000,44846,0.112115,152842,0.382105
-5.4,-24.6,400000,44423,0.111058,151572,0.37893
-5.4,-24.4,400000,44833,0.112083,152072,0.38018
-5.4,-24.2,400000,44753,0.111882,151988,0.37997
-5.4,-24,400000,44738,0.111845,152092,0.38023
-5.4,-23.8,400000,44535,0.111338,151914,0.379785
-5.4,-23.6,400000,44871,0.112177,151901,0.379752
-5.4,-23.4,400000,44659,0.111647,151736,0.37934
-5.4,-23.2,400000,44384,0.11096,152495,0.381238
-5.4,-23,400000,45313,0.113282,152700,0.38175
-5.4,-22.8,400000,44454,0.111135,151765,0.379412
-5.4,-22.6,400000,45100,0.11275,153035,0.382588
-5.4,-22.4,400000,45047,0.112617,152393,0.380983
-5.4,-22.2,400000,44866,0.112165,152023,0.380057
-5.4,-22,400000,44845,0.112113,152185,0.380462
-5.4,-21.8,400000,44927,0.112318,152010,0.380025
-5.4,-21.6,400000,44389,0.110973,152326,0.380815
-5.4,-21.4,400000,45429,0.113573,152628,0.38157
-5.4,-21.2,400000,44977,0.112443,152598,0.381495
-5.4,-21,400000,44359,0.110897,151960,0.3799
-5.4,-20.8,400000,44782,0.111955,152476,0.38119
-5.4,-20.6,400000,45070,0.112675,152252,0.38063
-5.4,-20.4,400000,44215,0.110537,151803,0.379507
-5.4,-20.2,400000,44597,0.111492,151267,0.378167
-5.4,-20,400000,45027,0.112568,152296,0.38074
-5.4,-19.8,400000,44374,0.110935,152157,0.380393
-5.4,-19.6,400000,44755,0.111888,151886,0.379715
-5.4,-19.4,400000,44579,0.111448,151573,0.378933
-5.4,-19.2,400000,44605,0.111513,151783,0.379458
-5.4,-19,400000,44483,0.111208,151758,0.379395
-5.4,-18.8,400000,44953,0.112382,152669,0.381673
-5.4,-18.6,400000,45060,0.11265,151935,0.379837
-5.4,-18.4,400000,44538,0.111345,152259,0.380648
-5.4,-18.2,400000,44339,0.110848,151966,0.379915
-5.4,-18,400000,45049,0.112623,152305,0.380763
-5.4,-17.8,400000,45189,0.112973,151822,0.379555
-5.4,-17.6,400000,44701,0.111753,152239,0.380597
-5.4,-17.4,400000,44779,0.111948,151976,0.37994
-5.4,-17.2,400000,45079,0.112698,152814,0.382035
-5.4,-17,400000,45294,0.113235,152109,0.380273
-5.4,-16.8,400000,44305,0.110762,151669,0.379173
-5.4,-16.6,400000,44843,0.112107,152614,0.381535
-5.4,-16.4,400000,44669,0.111672,151898,0.379745
-5.4,-16.2,400000,45080,0.1127,152418,0.381045
-5.4,-16,400000,44907,0.112268,151989,0.379972
-5.4,-15.8,400000,44441,0.111103,152095,0.380238
-5.4,-15.6,400000,44932,0.11233,152302,0.380755
-5.4,-15.4,400000,44882,0.112205,152134,0.380335
-5.4,-15.2,400000,44632,0.11158,152203,0.380507
-5.4,-15,400000,44466,0.111165,152100,0.38025
-5.4,-14.8,400000,44741,0.111852,152113,0.380283
-5.4,-14.6,400000,44856,0.11214,151794,0.379485
-5.4,-14.4,400000,44821,0.112052,152369,0.380922
-5.4,-14.2,400000,44724,0.11181,152041,0.380103
-5.4,-14,400000,44466,0.111165,152505,0.381263
-5.4,-13.8,400000,45078,0.112695,152112,0.38028
-5.4,-13.6,400000,44754,0.111885,151851,0.379628
-5.4,-13.4,400000,44751,0.111878,152186,0.380465
-5.4,-13.2,400000,44572,0.11143,152248,0.38062
-5.4,-13,400000,44939,0.112348,152707,0.381767
-5.4,-12.8,400000,44534,0.111335,151676,0.37919
-5.4,-12.6,400000,45055,0.112638,152224,0.38056
-5.4,-12.4,400000,44605,0.111513,152188,0.38047
-5.4,-12.2,400000,44811,0.112028,151940,0.37985
-5.4,-12,400000,44716,0.11179,152691,0.381727
-5.4,-11.8,400000,44623,0.111558,152004,0.38001
-5.4,-11.6,400000,44586,0.111465,151763,0.379408
-5.4,-11.4,400000,44835,0.112088,151851,0.379628
-5.4,-11.2,400000,44487,0.111217,151663,0.379157
-5.4,-11,400000,45074,0.112685,151974,0.379935
-5.4,-10.8,400000,44945,0.112363,152139,0.380348
-5.4,-10.6,400000,44500,0.11125,151813,0.379532
-5.4,-10.4,400000,44371,0.110927,151931,0.379827
-5.4,-10.2,400000,44779,0.111948,151770,0.379425
-5.4,-10,400000,44577,0.111442,151671,0.379178
-5.4,-9.8,400000,44428,0.11107,151756,0.37939
-5.4,-9.6,400000,44791,0.111977,152368,0.38092
-5.4,-9.4,400000,44851,0.112128,152150,0.380375
-5.4,-9.2,400000,45209,0.113022,152491,0.381227
-5.4,-9,400000,44521,0.111302,151868,0.37967
-5.4,-8.8,400000,44628,0.11157,152107,0.380267
-5.4,-8.6,400000,44920,0.1123,152451,0.381128
-5.4,-8.4,400000,44582,0.111455,151983,0.379958
-5.4,-8.2,400000,44999,0.112498,151695,0.379238
-5.4,-8,400000,44851,0.112128,152285,0.380713
-5.4,-7.8,400000,44745,0.111863,152342,0.380855
-5.4,-7.6,400000,45345,0.113363,153019,0.382547
-5.4,-7.4,400000,44847,0.112117,151975,0.379937
-5.4,-7.2,400000,45213,0.113032,152134,0.380335
-5.4,-7,400000,44812,0.11203,152132,0.38033
-5.4,-6.8,400000,45000,0.1125,152690,0.381725
-5.4,-6.6,400000,45418,0.113545,152027,0.380068
-5.4,-6.4,400000,44680,0.1117,152105,0.380263
-5.4,-6.2,400000,45005,0.112513,152262,0.380655
-5.4,-6,400000,44405,0.111013,152092,0.38023
-5.4,-5.8,400000,44885,0.112213,152185,0.380462
-5.4,-5.6,400000,44608,0.11152,151860,0.37965
-5.4,-5.4,400000,44594,0.111485,150700,0.37675
-5.4,-5.2,400000,44548,0.11137,151878,0.379695
-5.4,-5,400000,44199,0.110497,151709,0.379273
-5.4,-4.8,400000,44904,0.11226,152364,0.38091
-5.4,-4.6,400000,44744,0.11186,151766,0.379415
-5.4,-4.4,400000,45010,0.112525,152606,0.381515
-5.4,-4.2,400000,44936,0.11234,152020,0.38005
-5.4,-4,400000,45221,0.113053,152508,0.38127
-5.4,-3.8,400000,44447,0.111117,151975,0.379937
-5.4,-3.6,400000,44834,0.112085,151983,0.379958
-5.4,-3.4,400000,44974,0.112435,152573,0.381433
-5.4,-3.2,400000,44910,0.112275,152646,0.381615
-5.4,-3,400000,45370,0.113425,152520,0.3813
-5.4,-2.8,400000,44523,0.111308,152142,0.380355
-5.4,-2.6,400000,44690,0.111725,152396,0.38099
-5.4,-2.4,400000,44586,0.111465,152181,0.380453
-5.4,-2.2,400000,44035,0.110088,151980,0.37995
-5.4,-2,400000,44527,0.111317,151334,0.378335
-5.4,-1.8,400000,45176,0.11294,152406,0.381015
-5.4,-1.6,400000,45347,0.113367,151864,0.37966
-5.4,-1.4,400000,44848,0.11212,151917,0.379792
-5.4,-1.2,400000,44341,0.110853,151818,0.379545
-5.4,-1,400000,44462,0.111155,152194,0.380485
-5.4,-0.8,400000,45437,0.113592,152221,0.380553
-5.4,-0.6,400000,44966,0.112415,151284,0.37821
-5.4,-0.4,400000,44472,0.11118,152011,0.380028
-5.4,-0.2,400000,44937,0.112342,152347,0.380868
-5.4,0,400000,44926,0.112315,151838,0.379595
-5.4,0.2,400000,44739,0.111848,152269,0.380673
-5.4,0.4,400000,44654,0.111635,152263,0.380657
-5.4,0.6,400000,44891,0.112227,152170,0.380425
-5.4,0.8,400000,45034,0.112585,151804,0.37951
-5.4,1,400000,45061,0.112653,152175,0.380437
-5.4,1.2,400000,44608,0.11152,151436,0.37859
-5.4,1.4,400000,44305,0.110762,151130,0.377825
-5.4,1.6,400000,44942,0.112355,152324,0.38081
-5.4,1.8,400000,44472,0.11118,152283,0.380707
-5.4,2,400000,45407,0.113517,152216,0.38054
-5.4,2.2,400000,44321,0.110802,152025,0.380063
-5.4,2.4,400000,44178,0.110445,151323,0.378308
-5.4,2.6,400000,44812,0.11203,152086,0.380215
-5.4,2.8,400000,44740,0.11185,151661,0.379153
-5.4,3,400000,44720,0.1118,152408,0.38102
-5.4,3.2,400000,44737,0.111842,151575,0.378937
-5.4,3.4,400000,44554,0.111385,152109,0.380273
-5.4,3.6,400000,44676,0.11169,152582,0.381455
-5.4,3.8,400000,44925,0.112312,152453,0.381132
-5.4,4,400000,44833,0.112083,151421,0.378553
-5.4,4.2,400000,44543,0.111357,151676,0.37919
-5.4,4.4,400000,44678,0.111695,151728,0.37932
-5.4,4.6,400000,44864,0.11216,151981,0.379953
-5.4,4.8,400000,44277,0.110692,151931,0.379827
-5.4,5,400000,44429,0.111073,152716,0.38179
-5.4,5.2,400000,45031,0.112577,152569,0.381422
-5.4,5.4,400000,44731,0.111827,151758,0.379395
-5.4,5.6,400000,44953,0.112382,151961,0.379902
-5.4,5.8,400000,44891,0.112227,152087,0.380217
-5.4,6,400000,44742,0.111855,151942,0.379855
-5.4,6.2,400000,44674,0.111685,151692,0.37923
-5.4,6.4,400000,44764,0.11191,152419,0.381047
-5.4,6.6,400000,45314,0.113285,152699,0.381748
-5.4,6.8,400000,44967,0.112418,152170,0.380425
-5.4,7,400000,44950,0.112375,152613,0.381532
-5.4,7.2,400000,44680,0.1117,152390,0.380975
-5.4,7.4,400000,45039,0.112598,152914,0.382285
-5.4,7.6,400000,44373,0.110933,152107,0.380267
-5.4,7.8,400000,44593,0.111482,152509,0.381273
-5.4,8,400000,44716,0.11179,152168,0.38042
-5.4,8.2,400000,44680,0.1117,152231,0.380578
-5.4,8.4,400000,45165,0.112912,152380,0.38095
-5.4,8.6,400000,45247,0.113117,152570,0.381425
-5.4,8.8,400000,44847,0.112117,151909,0.379773
-5.4,9,400000,44491,0.111228,152424,0.38106
-5.4,9.2,400000,44486,0.111215,151796,0.37949
-5.4,9.4,400000,44717,0.111793,151903,0.379758
-5.4,9.6,400000,44816,0.11204,152172,0.38043
-5.4,9.8,400000,45360,0.1134,152014,0.380035
-5.4,10,400000,44928,0.11232,152295,0.380738
-5.4,10.2,400000,44899,0.112248,152310,0.380775
-5.4,10.4,400000,44700,0.11175,151836,0.37959
-5.4,10.6,400000,44714,0.111785,152428,0.38107
-5.4,10.8,400000,45112,0.11278,152112,0.38028
-5.4,11,400000,44700,0.11175,152356,0.38089
-5.4,11.2,400000,44989,0.112473,152017,0.380043
-5.4,11.4,400000,44547,0.111367,151959,0.379897
-5.4,11.6,400000,44872,0.11218,152248,0.38062
-5.4,11.8,400000,45111,0.112778,152580,0.38145
-5.4,12,400000,44634,0.111585,152125,0.380312
-5.4,12.2,400000,44480,0.1112,151830,0.379575
-5.4,12.4,400000,44809,0.112022,152173,0.380433
-5.4,12.6,400000,45159,0.112897,152689,0.381723
-5.4,12.8,400000,44927,0.112318,152316,0.38079
-5.4,13,400000,45066,0.112665,152018,0.380045
-5.4,13.2,400000,44967,0.112418,152284,0.38071
-5.4,13.4,400000,44652,0.11163,152081,0.380202
-5.4,13.6,400000,44694,0.111735,151621,0.379053
-5.4,13.8,400000,44754,0.111885,152723,0.381808
-5.4,14,400000,45222,0.113055,152297,0.380742
-5.4,14.2,400000,44675,0.111687,152077,0.380192
-5.4,14.4,400000,45074,0.112685,152097,0.380242
-5.4,14.6,400000,44848,0.11212,152421,0.381053
-5.4,14.8,400000,45077,0.112693,152807,0.382018
-5.4,15,400000,44449,0.111122,151490,0.378725
-5.4,15.2,400000,45066,0.112665,151950,0.379875
-5.4,15.4,400000,44871,0.112177,152465,0.381163
-5.4,15.6,400000,44681,0.111702,152036,0.38009
-5.4,15.8,400000,44702,0.111755,152000,0.38
-5.4,16,400000,44810,0.112025,151437,0.378592
-5.4,16.2,400000,44646,0.111615,152449,0.381122
-5.4,16.4,400000,44805,0.112013,152517,0.381292
-5.4,16.6,400000,44781,0.111952,151870,0.379675
-5.4,16.8,400000,45340,0.11335,152047,0.380117
-5.4,17,400000,45309,0.113272,152348,0.38087
-5.4,17.2,400000,45074,0.112685,152384,0.38096
-5.4,17.4,400000,44349,0.110872,151832,0.37958
-5.4,17.6,400000,44562,0.111405,152139,0.380348
-5.4,17.8,400000,44810,0.112025,152161,0.380402
-5.4,18,400000,44613,0.111533,151747,0.379368
-5.4,18.2,400000,44345,0.110863,152771,0.381927
-5.4,18.4,400000,44739,0.111848,152336,0.38084
-5.4,18.6,400000,45046,0.112615,152553,0.381383
-5.4,18.8,400000,44692,0.11173,151507,0.378767
-5.4,19,400000,45256,0.11314,152579,0.381447
-5.4,19.2,400000,45033,0.112583,151927,0.379817
-5.4,19.4,400000,45213,0.113032,152315,0.380788
-5.4,19.6,400000,44796,0.11199,152320,0.3808
-5.4,19.8,400000,44605,0.111513,152521,0.381302
-5.4,20,400000,44348,0.11087,151643,0.379107
-5.4,20.2,400000,44636,0.11159,152041,0.380103
-5.4,20.4,400000,44801,0.112003,152364,0.38091
-5.4,20.6,400000,44602,0.111505,151720,0.3793
-5.4,20.8,400000,45107,0.112768,151674,0.379185
-5.4,21,400000,44681,0.111702,151807,0.379518
-5.4,21.2,400000,44722,0.111805,152352,0.38088
-5.4,21.4,400000,44403,0.111007,151837,0.379592
-5.4,21.6,400000,44820,0.11205,151940,0.37985
-5.4,21.8,400000,45232,0.11308,152437,0.381093
-5.4,22,400000,44907,0.112268,151893,0.379732
-5.4,22.2,400000,45062,0.112655,152400,0.381
-5.4,22.4,400000,44530,0.111325,151501,0.378752
-5.4,22.6,400000,45117,0.112793,152527,0.381317
-5.4,22.8,400000,45046,0.112615,152351,0.380877
-5.4,23,400000,44604,0.11151,152208,0.38052
-5.4,23.2,400000,45062,0.112655,151856,0.37964
-5.4,23.4,400000,44305,0.110762,151783,0.379458
-5.4,23.6,400000,45073,0.112683,152272,0.38068
-5.4,23.8,400000,44915,0.112287,151901,0.379752
-5.4,24,400000,44965,0.112412,152549,0.381373
-5.4,24.2,400000,45447,0.113617,152052,0.38013
-5.4,24.4,400000,45023,0.112558,151950,0.379875
-5.4,24.6,400000,44081,0.110202,151526,0.378815
-5.4,24.8,400000,45272,0.11318,152874,0.382185
-5.4,25,400000,44681,0.111702,152341,0.380852
-5.4,25.2,400000,45305,0.113263,152505,0.381263
-5.4,25.4,400000,44947,0.112367,152479,0.381198
-5.4,25.6,400000,45049,0.112623,151986,0.379965
-5.4,25.8,400000,45032,0.11258,152494,0.381235
-5.4,26,400000,44557,0.111393,151829,0.379572
-5.4,26.2,400000,44986,0.112465,152066,0.380165
-5.4,26.4,400000,44888,0.11222,152711,0.381777
-5.4,26.6,400000,45131,0.112827,151989,0.379972
-5.4,26.8,400000,44806,0.112015,152107,0.380267
-5.4,27,400000,44503,0.111257,151656,0.37914
-5.4,27.2,400000,44944,0.11236,152178,0.380445
-5.4,27.4,400000,45012,0.11253,151884,0.37971
-5.4,27.6,400000,44688,0.11172,152233,0.380582
-5.4,27.8,400000,45174,0.112935,152678,0.381695
-5.4,28,400000,44634,0.111585,151644,0.37911
-5.4,28.2,400000,44805,0.112013,152183,0.380458
-5.4,28.4,400000,45028,0.11257,151969,0.379922
-5.4,28.6,400000,45263,0.113157,152157,0.380393
-5.4,28.8,400000,44689,0.111723,152423,0.381057
-5.4,29,400000,44644,0.11161,151738,0.379345
-5.4,29.2,400000,44461,0.111153,152420,0.38105
-5.4,29.4,400000,45229,0.113073,152246,0.380615
-5.4,29.6,400000,44948,0.11237,151318,0.378295
-5.4,29.8,400000,45214,0.113035,152561,0.381402
-5.4,30,400000,45102,0.112755,152391,0.380978
-5.4,30.2,400000,44776,0.11194,152916,0.38229
-5.4,30.4,400000,44479,0.111198,152310,0.380775
-5.4,30.6,400000,44964,0.11241,151916,0.37979
-5.4,30.8,400000,44685,0.111713,151491,0.378727
-5.4,31,400000,45037,0.112592,152316,0.38079
-5.4,31.2,400000,45089,0.112723,152030,0.380075
-5.4,31.4,400000,44955,0.112388,152134,0.380335
-5.4,31.6,400000,44473,0.111183,152254,0.380635
-5.4,31.8,400000,45017,0.112543,152832,0.38208
-5.4,32,400000,45024,0.11256,152300,0.38075
-5.4,32.2,400000,44953,0.112382,151990,0.379975
-5.4,32.4,400000,45102,0.112755,152204,0.38051
-5.4,32.6,400000,44676,0.11169,152054,0.380135
-5.4,32.8,400000,44832,0.11208,152793,0.381983
-5.4,33,400000,45098,0.112745,152637,0.381593
-5.4,33.2,400000,44932,0.11233,152036,0.38009
-5.4,33.4,400000,44786,0.111965,151427,0.378568
-5.4,33.6,400000,44805,0.112013,152353,0.380883
-5.4,33.8,400000,44779,0.111948,152076,0.38019
-5.4,34,400000,44654,0.111635,152265,0.380663
-5.4,34.2,400000,45018,0.112545,152175,0.380437
-5.4,34.4,400000,44892,0.11223,152371,0.380927
-5.4,34.6,400000,44912,0.11228,152431,0.381078
-5.4,34.8,400000,45003,0.112507,153027,0.382568
-5.4,35,400000,45142,0.112855,152544,0.38136
-5.4,35.2,400000,45174,0.112935,152729,0.381823
-5.4,35.4,400000,44497,0.111242,151543,0.378858
-5.4,35.6,400000,44638,0.111595,151890,0.379725
-5.4,35.8,400000,45417,0.113543,152581,0.381453
-5.4,36,400000,44940,0.11235,152728,0.38182
-5.4,36.2,400000,45032,0.11258,151960,0.3799
-5.4,36.4,400000,44932,0.11233,152319,0.380798
-5.4,36.6,400000,45039,0.112598,152615,0.381537
-5.4,36.8,400000,44544,0.11136,151922,0.379805
-5.4,37,400000,44179,0.110448,151253,0.378132
-5.4,37.2,400000,44836,0.11209,152034,0.380085
-5.4,37.4,400000,44495,0.111238,152223,0.380557
-5.4,37.6,400000,44878,0.112195,152712,0.38178
-5.4,37.8,400000,44588,0.11147,151812,0.37953
-5.4,38,400000,44398,0.110995,152156,0.38039
-5.4,38.2,400000,44666,0.111665,152165,0.380412
-5.4,38.4,400000,44594,0.111485,152126,0.380315
-5.4,38.6,400000,44529,0.111323,151632,0.37908
-5.4,38.8,400000,44744,0.11186,152179,0.380447
-5.4,39,400000,44775,0.111937,152286,0.380715
-5.4,39.2,400000,44832,0.11208,152687,0.381717
-5.4,39.4,400000,44816,0.11204,152279,0.380698
-5.4,39.6,400000,45247,0.113117,151980,0.37995
-5.4,39.8,400000,44638,0.111595,151722,0.379305
-5.4,40,400000,44651,0.111628,152310,0.380775
-5.4,40.2,400000,44024,0.11006,151401,0.378503
-5.4,40.4,400000,44751,0.111878,151752,0.37938
-5.4,40.6,400000,45050,0.112625,152367,0.380918
-5.4,40.8,400000,44143,0.110357,151646,0.379115
-5.4,41,400000,45034,0.112585,152403,0.381007
-5.4,41.2,400000,44156,0.11039,151641,0.379103
-5.4,41.4,400000,44818,0.112045,152199,0.380497
-5.4,41.6,400000,44882,0.112205,152395,0.380987
-5.4,41.8,400000,44417,0.111043,151730,0.379325
-5.4,42,400000,44871,0.112177,152444,0.38111
-5.4,42.2,400000,44811,0.112028,151788,0.37947
-5.4,42.4,400000,45175,0.112937,152097,0.380242
-5.4,42.6,400000,44579,0.111448,152290,0.380725
-5.4,42.8,400000,44716,0.11179,151738,0.379345
-5.4,43,400000,44874,0.112185,151923,0.379808
-5.4,43.2,400000,44901,0.112253,152265,0.380663
-5.4,43.4,400000,44921,0.112302,151156,0.37789
-5.4,43.6,400000,44747,0.111867,151795,0.379487
-5.4,43.8,400000,44550,0.111375,152062,0.380155
-5.4,44,400000,44592,0.11148,152194,0.380485
-5.4,44.2,400000,44699,0.111747,151586,0.378965
-5.4,44.4,400000,44548,0.11137,151446,0.378615
-5.4,44.6,400000,44836,0.11209,152409,0.381022
-5.4,44.8,400000,44544,0.11136,152081,0.380202
-5.4,45,400000,45089,0.112723,152379,0.380947
-5.4,45.2,400000,44935,0.112338,152031,0.380078
-5.4,45.4,400000,45168,0.11292,152629,0.381572
-5.4,45.6,400000,44712,0.11178,151901,0.379752
-5.4,45.8,400000,45261,0.113153,152619,0.381547
-5.4,46,400000,44617,0.111543,151174,0.377935
-5.4,46.2,400000,44205,0.110512,152198,0.380495
-5.4,46.4,400000,44931,0.112327,152503,0.381258
-5.4,46.6,400000,44511,0.111278,151756,0.37939
-5.4,46.8,400000,45243,0.113107,152352,0.38088
-5.4,47,400000,44743,0.111857,152450,0.381125
-5.4,47.2,400000,44687,0.111717,152406,0.381015
-5.4,47.4,400000,44554,0.111385,151141,0.377852
-5.4,47.6,400000,44612,0.11153,152110,0.380275
-5.4,47.8,400000,44639,0.111598,152081,0.380202
-5.4,48,400000,44799,0.111997,151888,0.37972
-5.4,48.2,400000,45221,0.113053,152299,0.380748
-5.4,48.4,400000,44530,0.111325,151662,0.379155
-5.4,48.6,400000,44675,0.111687,152029,0.380072
-5.4,48.8,400000,45179,0.112948,152234,0.380585
-5.4,49,400000,44947,0.112367,152268,0.38067
-5.4,49.2,400000,44589,0.111473,152080,0.3802
-5.4,49.4,400000,44619,0.111547,152448,0.38112
-5.4,49.6,400000,44526,0.111315,151940,0.37985
-5.4,49.8,400000,44821,0.112052,152532,0.38133
-5.4,50,400000,45178,0.112945,152259,0.380648
-5.2,-50,400000,44650,0.111625,151708,0.37927
-5.2,-49.8,400000,44934,0.112335,152121,0.380302
-5.2,-49.6,400000,44607,0.111518,151432,0.37858
-5.2,-49.4,400000,44799,0.111997,152003,0.380007
-5.2,-49.2,400000,44535,0.111338,151706,0.379265
-5.2,-49,400000,44683,0.111708,152034,0.380085
-5.2,-48.8,400000,44186,0.110465,152176,0.38044
-5.2,-48.6,400000,44783,0.111958,151910,0.379775
-5.2,-48.4,400000,44525,0.111312,151999,0.379997
-5.2,-48.2,400000,44653,0.111632,152399,0.380997
-5.2,-48,400000,44899,0.112248,152296,0.38074
-5.2,-47.8,400000,44781,0.111952,152122,0.380305
-5.2,-47.6,400000,44650,0.111625,152062,0.380155
-5.2,-47.4,400000,44933,0.112333,151959,0.379897
-5.2,-47.2,400000,44944,0.11236,152237,0.380593
-5.2,-47,400000,44648,0.11162,151727,0.379317
-5.2,-46.8,400000,45007,0.112518,152149,0.380373
-5.2,-46.6,400000,44625,0.111562,152158,0.380395
-5.2,-46.4,400000,44488,0.11122,151892,0.37973
-5.2,-46.2,400000,44142,0.110355,151872,0.37968
-5.2,-46,400000,44497,0.111242,151909,0.379773
-5.2,-45.8,400000,44158,0.110395,151228,0.37807
-5.2,-45.6,400000,44656,0.11164,151963,0.379908
-5.2,-45.4,400000,44635,0.111588,152303,0.380758
-5.2,-45.2,400000,44684,0.11171,151883,0.379707
-5.2,-45,400000,44663,0.111658,151985,0.379962
-5.2,-44.8,400000,44620,0.11155,152034,0.380085
-5.2,-44.6,400000,45161,0.112903,152225,0.380563
-5.2,-44.4,400000,44992,0.11248,152393,0.380983
-5.2,-44.2,400000,45466,0.113665,152108,0.38027
-5.2,-44,400000,45297,0.113242,152447,0.381117
-5.2,-43.8,400000,45063,0.112657,152079,0.380198
-5.2,-43.6,400000,45224,0.11306,151925,0.379812
-5.2,-43.4,400000,45073,0.112683,152443,0.381107
-5.2,-43.2,400000,44363,0.110908,151699,0.379248
-5.2,-43,400000,44387,0.110967,151913,0.379783
-5.2,-42.8,400000,44888,0.11222,151811,0.379528
-5.2,-42.6,400000,44766,0.111915,151974,0.379935
-5.2,-42.4,400000,45157,0.112893,152682,0.381705
-5.2,-42.2,400000,44622,0.111555,151164,0.37791
-5.2,-42,400000,44850,0.112125,151724,0.37931
-5.2,-41.8,400000,44979,0.112448,152339,0.380848
-5.2,-41.6,400000,44864,0.11216,151658,0.379145
-5.2,-41.4,400000,44571,0.111427,152730,0.381825
-5.2,-41.2,400000,44731,0.111827,152414,0.381035
-5.2,-41,400000,44936,0.11234,152085,0.380213
-5.2,-40.8,400000,45118,0.112795,151853,0.379632
-5.2,-40.6,400000,44952,0.11238,151992,0.37998
-5.2,-40.4,400000,44561,0.111403,152055,0.380138
-5.2,-40.2,400000,45064,0.11266,152413,0.381032
-5.2,-40,400000,44320,0.1108,151775,0.379437
-5.2,-39.8,400000,45023,0.112558,152679,0.381698
-5.2,-39.6,400000,45057,0.112643,151775,0.379437
-5.2,-39.4,400000,44999,0.112498,152417,0.381043
-5.2,-39.2,400000,44792,0.11198,152165,0.380412
-5.2,-39,400000,44332,0.11083,151669,0.379173
-5.2,-38.8,400000,44922,0.112305,152214,0.380535
-5.2,-38.6,400000,44312,0.11078,151917,0.379792
-5.2,-38.4,400000,43953,0.109882,151355,0.378387
-5.2,-38.2,400000,44943,0.112357,151767,0.379418
-5.2,-38,400000,44553,0.111382,151432,0.37858
-5.2,-37.8,400000,44493,0.111232,151596,0.37899
-5.2,-37.6,400000,44832,0.11208,152169,0.380422
-5.2,-37.4,400000,45142,0.112855,152359,0.380897
-5.2,-37.2,400000,45216,0.11304,152727,0.381817
-5.2,-37,400000,44020,0.11005,151848,0.37962
-5.2,-36.8,400000,45181,0.112952,151749,0.379373
-5.2,-36.6,400000,44994,0.112485,152684,0.38171
-5.2,-36.4,400000,44606,0.111515,152172,0.38043
-5.2,-36.2,400000,45318,0.113295,152081,0.380202
-5.2,-36,400000,44783,0.111958,151903,0.379758
-5.2,-35.8,400000,44871,0.112177,152442,0.381105
-5.2,-35.6,400000,44938,0.112345,152593,0.381483
-5.2,-35.4,400000,44915,0.112287,152016,0.38004
-5.2,-35.2,400000,44940,0.11235,152179,0.380447
-5.2,-35,400000,44623,0.111558,151976,0.37994
-5.2,-34.8,400000,44924,0.11231,152484,0.38121
-5.2,-34.6,400000,45143,0.112857,152207,0.380518
-5.2,-34.4,400000,45296,0.11324,152279,0.380698
-5.2,-34.2,400000,44905,0.112263,151933,0.379833
-5.2,-34,400000,44332,0.11083,151525,0.378812
-5.2,-33.8,400000,44971,0.112427,151903,0.379758
-5.2,-33.6,400000,44564,0.11141,150958,0.377395
-5.2,-33.4,400000,44902,0.112255,152424,0.38106
-5.2,-33.2,400000,44924,0.11231,152475,0.381188
-5.2,-33,400000,45092,0.11273,152787,0.381968
-5.2,-32.8,400000,45035,0.112587,152037,0.380092
-5.2,-32.6,400000,45225,0.113062,152672,0.38168
-5.2,-32.4,400000,44366,0.110915,152125,0.380312
-5.2,-32.2,400000,44657,0.111643,151773,0.379433
-5.2,-32,400000,45131,0.112827,152220,0.38055
-5.2,-31.8,400000,44716,0.11179,152684,0.38171
-5.2,-31.6,400000,44964,0.11241,152551,0.381377
-5.2,-31.4,400000,45010,0.112525,152173,0.380433
-5.2,-31.2,400000,44879,0.112198,152142,0.380355
-5.2,-31,400000,44623,0.111558,151786,0.379465
-5.2,-30.8,400000,45170,0.112925,153099,0.382748
-5.2,-30.6,400000,44935,0.112338,152334,0.380835
-5.2,-30.4,400000,44558,0.111395,152199,0.380497
-5.2,-30.2,400000,44836,0.11209,151487,0.378717
-5.2,-30,400000,44807,0.112018,152294,0.380735
-5.2,-29.8,400000,44776,0.11194,152275,0.380688
-5.2,-29.6,400000,44616,0.11154,151675,0.379188
-5.2,-29.4,400000,44763,0.111907,152026,0.380065
-5.2,-29.2,400000,44550,0.111375,151988,0.37997
-5.2,-29,400000,44696,0.11174,152371,0.380927
-5.2,-28.8,400000,44781,0.111952,152696,0.38174
-5.2,-28.6,400000,45237,0.113092,152417,0.381043
-5.2,-28.4,400000,45300,0.11325,152308,0.38077
-5.2,-28.2,400000,44713,0.111783,151389,0.378472
-5.2,-28,400000,45022,0.112555,151852,0.37963
-5.2,-27.8,400000,44813,0.112032,151835,0.379588
-5.2,-27.6,400000,44693,0.111732,152132,0.38033
-5.2,-27.4,400000,44611,0.111528,152340,0.38085
-5.2,-27.2,400000,44976,0.11244,152028,0.38007
-5.2,-27,400000,44514,0.111285,151850,0.379625
-5.2,-26.8,400000,44792,0.11198,152470,0.381175
-5.2,-26.6,400000,45149,0.112873,152053,0.380132
-5.2,-26.4,400000,44721,0.111802,151733,0.379333
-5.2,-26.2,400000,45066,0.112665,152615,0.381537
-5.2,-26,400000,45134,0.112835,152042,0.380105
-5.2,-25.8,400000,45053,0.112632,152182,0.380455
-5.2,-25.6,400000,44900,0.11225,152397,0.380993
-5.2,-25.4,400000,44901,0.112253,152524,0.38131
-5.2,-25.2,400000,44719,0.111797,151836,0.37959
-5.2,-25,400000,44681,0.111702,151520,0.3788
-5.2,-24.8,400000,44649,0.111622,152443,0.381107
-5.2,-24.6,400000,44700,0.11175,152569,0.381422
-5.2,-24.4,400000,45177,0.112943,152149,0.380373
-5.2,-24.2,400000,44815,0.112037,151877,0.379692
-5.2,-24,400000,44095,0.110238,151942,0.379855
-5.2,-23.8,400000,44728,0.11182,151474,0.378685
-5.2,-23.6,400000,44873,0.112183,152071,0.380178
-5.2,-23.4,400000,44816,0.11204,152381,0.380953
-5.2,-23.2,400000,44588,0.11147,152156,0.38039
-5.2,-23,400000,44495,0.111238,152341,0.380852
-5.2,-22.8,400000,45196,0.11299,152874,0.382185
-5.2,-22.6,400000,45386,0.113465,152821,0.382053
-5.2,-22.4,400000,44873,0.112183,151778,0.379445
-5.2,-22.2,400000,44639,0.111598,151787,0.379468
-5.2,-22,400000,44696,0.11174,151789,0.379472
-5.2,-21.8,400000,45071,0.112677,152226,0.380565
-5.2,-21.6,400000,44957,0.112393,152295,0.380738
-5.2,-21.4,400000,45005,0.112513,151588,0.37897
-5.2,-21.2,400000,45085,0.112712,152621,0.381553
-5.2,-21,400000,44843,0.112107,152291,0.380727
-5.2,-20.8,400000,44304,0.11076,152050,0.380125
-5.2,-20.6,400000,44470,0.111175,152044,0.38011
-5.2,-20.4,400000,45179,0.112948,152674,0.381685
-5.2,-20.2,400000,44459,0.111147,151821,0.379553
-5.2,-20,400000,44714,0.111785,152077,0.380192
-5.2,-19.8,400000,45161,0.112903,152339,0.380848
-5.2,-19.6,400000,44148,0.11037,152152,0.38038
-5.2,-19.4,400000,44843,0.112107,152360,0.3809
-5.2,-19.2,400000,44829,0.112073,152143,0.380358
-5.2,-19,400000,44612,0.11153,152155,0.380387
-5.2,-18.8,400000,44478,0.111195,152473,0.381182
-5.2,-18.6,400000,45142,0.112855,152566,0.381415
-5.2,-18.4,400000,44440,0.1111,152214,0.380535
-5.2,-18.2,400000,44830,0.112075,151506,0.378765
-5.2,-18,400000,44716,0.11179,152281,0.380702
-5.2,-17.8,400000,44252,0.11063,151676,0.37919
-5.2,-17.6,400000,45115,0.112787,152656,0.38164
-5.2,-17.4,400000,45081,0.112702,152075,0.380188
-5.2,-17.2,400000,45401,0.113503,151987,0.379968
-5.2,-17,400000,44859,0.112147,151926,0.379815
-5.2,-16.8,400000,45405,0.113513,152533,0.381333
-5.2,-16.6,400000,44493,0.111232,152637,0.381593
-5.2,-16.4,400000,44173,0.110433,151748,0.37937
-5.2,-16.2,400000,44525,0.111312,152297,0.380742
-5.2,-16,400000,45034,0.112585,151725,0.379312
-5.2,-15.8,400000,44919,0.112297,152123,0.380308
-5.2,-15.6,400000,45039,0.112598,152254,0.380635
-5.2,-15.4,400000,45164,0.11291,152227,0.380568
-5.2,-15.2,400000,44924,0.11231,151564,0.37891
-5.2,-15,400000,44512,0.11128,151868,0.37967
-5.2,-14.8,400000,45056,0.11264,152772,0.38193
-5.2,-14.6,400000,45103,0.112757,152195,0.380487
-5.2,-14.4,400000,44722,0.111805,151912,0.37978
-5.2,-14.2,400000,44593,0.111482,152171,0.380427
-5.2,-14,400000,44214,0.110535,151609,0.379022
-5.2,-13.8,400000,44597,0.111492,152570,0.381425
-5.2,-13.6,400000,44742,0.111855,151965,0.379912
-5.2,-13.4,400000,45207,0.113018,152398,0.380995
-5.2,-13.2,400000,45055,0.112638,152710,0.381775
-5.2,-13,400000,44948,0.11237,152049,0.380122
-5.2,-12.8,400000,44629,0.111573,151901,0.379752
-5.2,-12.6,400000,44455,0.111138,152394,0.380985
-5.2,-12.4,400000,44555,0.111388,151919,0.379798
-5.2,-12.2,400000,45091,0.112727,152790,0.381975
-5.2,-12,400000,44832,0.11208,152381,0.380953
-5.2,-11.8,400000,44805,0.112013,152257,0.380642
-5.2,-11.6,400000,44981,0.112452,152535,0.381337
-5.2,-11.4,400000,44779,0.111948,152133,0.380333
-5.2,-11.2,400000,44725,0.111812,152167,0.380418
-5.2,-11,400000,44942,0.112355,152428,0.38107
-5.2,-10.8,400000,45489,0.113723,152403,0.381007
-5.2,-10.6,400000,45177,0.112943,152738,0.381845
-5.2,-10.4,400000,45074,0.112685,152265,0.380663
-5.2,-10.2,400000,44810,0.112025,151842,0.379605
-5.2,-10,400000,44524,0.11131,151814,0.379535
-5.2,-9.8,400000,45199,0.112998,152795,0.381987
-5.2,-9.6,400000,44344,0.11086,152093,0.380232
-5.2,-9.4,400000,44651,0.111628,151898,0.379745
-5.2,-9.2,400000,44473,0.111183,151841,0.379603
-5.2,-9,400000,44524,0.11131,152356,0.38089
-5.2,-8.8,400000,44567,0.111418,151614,0.379035
-5.2,-8.6,400000,44867,0.112168,151726,0.379315
-5.2,-8.4,400000,44895,0.112238,151841,0.379603
-5.2,-8.2,400000,45055,0.112638,152097,0.380242
-5.2,-8,400000,45101,0.112753,152044,0.38011
-5.2,-7.8,400000,44885,0.112213,152052,0.38013
-5.2,-7.6,400000,45034,0.112585,152860,0.38215
-5.2,-7.4,400000,44720,0.1118,151763,0.379408
-5.2,-7.2,400000,45332,0.11333,152190,0.380475
-5.2,-7,400000,44752,0.11188,152015,0.380037
-5.2,-6.8,400000,44429,0.111073,152082,0.380205
-5.2,-6.6,400000,44654,0.111635,151990,0.379975
-5.2,-6.4,400000,44286,0.110715,151883,0.379707
-5.2,-6.2,400000,44309,0.110772,151621,0.379053
-5.2,-6,400000,44816,0.11204,152574,0.381435
-5.2,-5.8,400000,44729,0.111823,152029,0.380072
-5.2,-5.6,400000,44934,0.112335,151895,0.379738
-5.2,-5.4,400000,44487,0.111217,151423,0.378557
-5.2,-5.2,400000,45123,0.112808,152118,0.380295
-5.2,-5,400000,44648,0.11162,152451,0.381128
-5.2,-4.8,400000,44519,0.111297,151644,0.37911
-5.2,-4.6,400000,44548,0.11137,152408,0.38102
-5.2,-4.4,400000,44832,0.11208,151975,0.379937
-5.2,-4.2,400000,44891,0.112227,151869,0.379673
-5.2,-4,400000,44771,0.111927,152103,0.380258
-5.2,-3.8,400000,44380,0.11095,151789,0.379472
-5.2,-3.6,400000,45238,0.113095,152435,0.381088
-5.2,-3.4,400000,45312,0.11328,152721,0.381802
-5.2,-3.2,400000,44825,0.112062,151637,0.379092
-5.2,-3,400000,45295,0.113238,152448,0.38112
-5.2,-2.8,400000,44774,0.111935,152267,0.380667
-5.2,-2.6,400000,45262,0.113155,152731,0.381827
-5.2,-2.4,400000,44874,0.112185,152524,0.38131
-5.2,-2.2,400000,44600,0.1115,152046,0.380115
-5.2,-2,400000,44816,0.11204,151810,0.379525
-5.2,-1.8,400000,45131,0.112827,152114,0.380285
-5.2,-1.6,400000,44589,0.111473,151658,0.379145
-5.2,-1.4,400000,45171,0.112928,151966,0.379915
-5.2,-1.2,400000,45047,0.112617,152267,0.380667
-5.2,-1,400000,45236,0.11309,152527,0.381317
-5.2,-0.8,400000,44989,0.112473,152186,0.380465
-5.2,-0.6,400000,45138,0.112845,152336,0.38084
-5.2,-0.4,400000,44495,0.111238,152501,0.381252
-5.2,-0.2,400000,44522,0.111305,152262,0.380655
-5.2,0,400000,44708,0.11177,151916,0.37979
-5.2,0.2,400000,44659,0.111647,152447,0.381117
-5.2,0.4,400000,44824,0.11206,151898,0.379745
-5.2,0.6,400000,44707,0.111768,151693,0.379232
-5.2,0.8,400000,44921,0.112302,151838,0.379595
-5.2,1,400000,44823,0.112058,153014,0.382535
-5.2,1.2,400000,44961,0.112403,152257,0.380642
-5.2,1.4,400000,44883,0.112208,152192,0.38048
-5.2,1.6,400000,44808,0.11202,151836,0.37959
-5.2,1.8,400000,44633,0.111583,152189,0.380472
-5.2,2,400000,44995,0.112488,152349,0.380873
-5.2,2.2,400000,44795,0.111988,152506,0.381265
-5.2,2.4,400000,44633,0.111583,152390,0.380975
-5.2,2.6,400000,44322,0.110805,151485,0.378713
-5.2,2.8,400000,45131,0.112827,152315,0.380788
-5.2,3,400000,44872,0.11218,152282,0.380705
-5.2,3.2,400000,44888,0.11222,151830,0.379575
-5.2,3.4,400000,45230,0.113075,152190,0.380475
-5.2,3.6,400000,44851,0.112128,152153,0.380383
-5.2,3.8,400000,44320,0.1108,151647,0.379117
-5.2,4,400000,44280,0.1107,152010,0.380025
-5.2,4.2,400000,44852,0.11213,152158,0.380395
-5.2,4.4,400000,44531,0.111327,151555,0.378887
-5.2,4.6,400000,44594,0.111485,152277,0.380692
-5.2,4.8,400000,44200,0.1105,151828,0.37957
-5.2,5,400000,45123,0.112808,152228,0.38057
-5.2,5.2,400000,44288,0.11072,152031,0.380078
-5.2,5.4,400000,44583,0.111458,152297,0.380742
-5.2,5.6,400000,45137,0.112842,152430,0.381075
-5.2,5.8,400000,44633,0.111583,152036,0.38009
-5.2,6,400000,44979,0.112448,152294,0.380735
-5.2,6.2,400000,44382,0.110955,152031,0.380078
-5.2,6.4,400000,44875,0.112187,151896,0.37974
-5.2,6.6,400000,44507,0.111268,152135,0.380337
-5.2,6.8,400000,44703,0.111757,151895,0.379738
-5.2,7,400000,44757,0.111893,152093,0.380232
-5.2,7.2,400000,44121,0.110302,151752,0.37938
-5.2,7.4,400000,45125,0.112812,152154,0.380385
-5.2,7.6,400000,45041,0.112602,152488,0.38122
-5.2,7.8,400000,44836,0.11209,152919,0.382298
-5.2,8,400000,44825,0.112062,151957,0.379893
-5.2,8.2,400000,44661,0.111653,152178,0.380445
-5.2,8.4,400000,44872,0.11218,152146,0.380365
-5.2,8.6,400000,44512,0.11128,151796,0.37949
-5.2,8.8,400000,44883,0.112208,152664,0.38166
-5.2,9,400000,44519,0.111297,152040,0.3801
-5.2,9.2,400000,45065,0.112662,152041,0.380103
-5.2,9.4,400000,45405,0.113513,152850,0.382125
-5.2,9.6,400000,44992,0.11248,151478,0.378695
-5.2,9.8,400000,44471,0.111177,151250,0.378125
-5.2,10,400000,44607,0.111518,152187,0.380468
-5.2,10.2,400000,44502,0.111255,152119,0.380298
-5.2,10.4,400000,44681,0.111702,152036,0.38009
-5.2,10.6,400000,45009,0.112522,153154,0.382885
-5.2,10.8,400000,45228,0.11307,152385,0.380962
-5.2,11,400000,44795,0.111988,152292,0.38073
-5.2,11.2,400000,44782,0.111955,151516,0.37879
-5.2,11.4,400000,44408,0.11102,152271,0.380678
-5.2,11.6,400000,44885,0.112213,152387,0.380968
-5.2,11.8,400000,44761,0.111903,152225,0.380563
-5.2,12,400000,44969,0.112422,151870,0.379675
-5.2,12.2,400000,45028,0.11257,152219,0.380547
-5.2,12.4,400000,44588,0.11147,151669,0.379173
-5.2,12.6,400000,44552,0.11138,151756,0.37939
-5.2,12.8,400000,44851,0.112128,151874,0.379685
-5.2,13,400000,44887,0.112217,152669,0.381673
-5.2,13.2,400000,44867,0.112168,151789,0.379472
-5.2,13.4,400000,44748,0.11187,152117,0.380292
-5.2,13.6,400000,45192,0.11298,152555,0.381387
-5.2,13.8,400000,45065,0.112662,152641,0.381603
-5.2,14,400000,44805,0.112013,151911,0.379777
-5.2,14.2,400000,44828,0.11207,152404,0.38101
-5.2,14.4,400000,43990,0.109975,151023,0.377557
-5.2,14.6,400000,44461,0.111153,151967,0.379918
-5.2,14.8,400000,44735,0.111838,152089,0.380223
-5.2,15,400000,44951,0.112378,152433,0.381082
-5.2,15.2,400000,45375,0.113437,152589,0.381472
-5.2,15.4,400000,45075,0.112687,152130,0.380325
-5.2,15.6,400000,44800,0.112,152351,0.380877
-5.2,15.8,400000,44650,0.111625,151750,0.379375
-5.2,16,400000,44455,0.111138,151600,0.379
-5.2,16.2,400000,44694,0.111735,152041,0.380103
-5.2,16.4,400000,45024,0.11256,151918,0.379795
-5.2,16.6,400000,44735,0.111838,152034,0.380085
-5.2,16.8,400000,44271,0.110677,151700,0.37925
-5.2,17,400000,44954,0.112385,151705,0.379263
-5.2,17.2,400000,44957,0.112393,151637,0.379092
-5.2,17.4,400000,44439,0.111098,152347,0.380868
-5.2,17.6,400000,45060,0.11265,152231,0.380578
-5.2,17.8,400000,45310,0.113275,152533,0.381333
-5.2,18,400000,45045,0.112613,152238,0.380595
-5.2,18.2,400000,44597,0.111492,152750,0.381875
-5.2,18.4,400000,45004,0.11251,152765,0.381912
-5.2,18.6,400000,45741,0.114352,152945,0.382362
-5.2,18.8,400000,44873,0.112183,151513,0.378783
-5.2,19,400000,44682,0.111705,151455,0.378638
-5.2,19.2,400000,45196,0.11299,152100,0.38025
-5.2,19.4,400000,45261,0.113153,152794,0.381985
-5.2,19.6,400000,45468,0.11367,152499,0.381248
-5.2,19.8,400000,44888,0.11222,151731,0.379327
-5.2,20,400000,44749,0.111872,151617,0.379043
-5.2,20.2,400000,45390,0.113475,151550,0.378875
-5.2,20.4,400000,44760,0.1119,152043,0.380107
-5.2,20.6,400000,44820,0.11205,152477,0.381192
-5.2,20.8,400000,45056,0.11264,151684,0.37921
-5.2,21,400000,44753,0.111882,151687,0.379217
-5.2,21.2,400000,44711,0.111778,151929,0.379823
-5.2,21.4,400000,44423,0.111058,152047,0.380117
-5.2,21.6,400000,45004,0.11251,152768,0.38192
-5.2,21.8,400000,44534,0.111335,151909,0.379773
-5.2,22,400000,45048,0.11262,152471,0.381178
-5.2,22.2,400000,44788,0.11197,151454,0.378635
-5.2,22.4,400000,44968,0.11242,151974,0.379935
-5.2,22.6,400000,44577,0.111442,151700,0.37925
-5.2,22.8,400000,44605,0.111513,152028,0.38007
-5.2,23,400000,44823,0.112058,152340,0.38085
-5.2,23.2,400000,44596,0.11149,151712,0.37928
-5.2,23.4,400000,44671,0.111677,152119,0.380298
-5.2,23.6,400000,45049,0.112623,152761,0.381902
-5.2,23.8,400000,44913,0.112282,152373,0.380933
-5.2,24,400000,44555,0.111388,152411,0.381028
-5.2,24.2,400000,44583,0.111458,151931,0.379827
-5.2,24.4,400000,44669,0.111672,151571,0.378927
-5.2,24.6,400000,44994,0.112485,151945,0.379862
-5.2,24.8,400000,45136,0.11284,152569,0.381422
-5.2,25,400000,44511,0.111278,151685,0.379213
-5.2,25.2,400000,44989,0.112473,152041,0.380103
-5.2,25.4,400000,44998,0.112495,152244,0.38061
-5.2,25.6,400000,44821,0.112052,152165,0.380412
-5.2,25.8,400000,44921,0.112302,151845,0.379613
-5.2,26,400000,44686,0.111715,152094,0.380235
-5.2,26.2,400000,44844,0.11211,152331,0.380827
-5.2,26.4,400000,44801,0.112003,151298,0.378245
-5.2,26.6,400000,44858,0.112145,152386,0.380965
-5.2,26.8,400000,44483,0.111208,152202,0.380505
-5.2,27,400000,45046,0.112615,152511,0.381277
-5.2,27.2,400000,44659,0.111647,152087,0.380217
-5.2,27.4,400000,44421,0.111052,151440,0.3786
-5.2,27.6,400000,44725,0.111812,151545,0.378862
-5.2,27.8,400000,44847,0.112117,152005,0.380012
-5.2,28,400000,45337,0.113342,151988,0.37997
-5.2,28.2,400000,45146,0.112865,152572,0.38143
-5.2,28.4,400000,44880,0.1122,151857,0.379642
-5.2,28.6,400000,44557,0.111393,152136,0.38034
-5.2,28.8,400000,45064,0.11266,152441,0.381103
-5.2,29,400000,45262,0.113155,152207,0.380518
-5.2,29.2,400000,44868,0.11217,152320,0.3808
-5.2,29.4,400000,44523,0.111308,151854,0.379635
-5.2,29.6,400000,44675,0.111687,152140,0.38035
-5.2,29.8,400000,45394,0.113485,151857,0.379642
-5.2,30,400000,45024,0.11256,151733,0.379333
-5.2,30.2,400000,44969,0.112422,151867,0.379667
-5.2,30.4,400000,44913,0.112282,151967,0.379918
-5.2,30.6,400000,44573,0.111433,151996,0.37999
-5.2,30.8,400000,45146,0.112865,151893,0.379732
-5.2,31,400000,44837,0.112092,152292,0.38073
-5.2,31.2,400000,44607,0.111518,151807,0.379518
-5.2,31.4,400000,44398,0.110995,152191,0.380478
-5.2,31.6,400000,44704,0.11176,151860,0.37965
-5.2,31.8,400000,44449,0.111122,152297,0.380742
-5.2,32,400000,44461,0.111153,151685,0.379213
-5.2,32.2,400000,44636,0.11159,152075,0.380188
-5.2,32.4,400000,45176,0.11294,152500,0.38125
-5.2,32.6,400000,45015,0.112537,152183,0.380458
-5.2,32.8,400000,45033,0.112583,152175,0.380437
-5.2,33,400000,44520,0.1113,152281,0.380702
-5.2,33.2,400000,44760,0.1119,152261,0.380653
-5.2,33.4,400000,45274,0.113185,152336,0.38084
-5.2,33.6,400000,44583,0.111458,151867,0.379667
-5.2,33.8,400000,45058,0.112645,152056,0.38014
-5.2,34,400000,44813,0.112032,152499,0.381248
-5.2,34.2,400000,45045,0.112613,152506,0.381265
-5.2,34.4,400000,44857,0.112143,152070,0.380175
-5.2,34.6,400000,44720,0.1118,152513,0.381283
-5.2,34.8,400000,44511,0.111278,151534,0.378835
-5.2,35,400000,44869,0.112172,152152,0.38038
-5.2,35.2,400000,45160,0.1129,152595,0.381487
-5.2,35.4,400000,44894,0.112235,152002,0.380005
-5.2,35.6,400000,45082,0.112705,151805,0.379512
-5.2,35.8,400000,44680,0.1117,150946,0.377365
-5.2,36,400000,45184,0.11296,152575,0.381437
-5.2,36.2,400000,45193,0.112982,152231,0.380578
-5.2,36.4,400000,44716,0.11179,152464,0.38116
-5.2,36.6,400000,45241,0.113102,151792,0.37948
-5.2,36.8,400000,44885,0.112213,152082,0.380205
-5.2,37,400000,44848,0.11212,152718,0.381795
-5.2,37.2,400000,44347,0.110867,152107,0.380267
-5.2,37.4,400000,44899,0.112248,152306,0.380765
-5.2,37.6,400000,45041,0.112602,152171,0.380427
-5.2,37.8,400000,44935,0.112338,152041,0.380103
-5.2,38,400000,44908,0.11227,152090,0.380225
-5.2,38.2,400000,44572,0.11143,151897,0.379742
-5.2,38.4,400000,44709,0.111772,151541,0.378852
-5.2,38.6,400000,44529,0.111323,151734,0.379335
-5.2,38.8,400000,45147,0.112867,152241,0.380603
-5.2,39,400000,44516,0.11129,152071,0.380178
-5.2,39.2,400000,45018,0.112545,152382,0.380955
-5.2,39.4,400000,45086,0.112715,152435,0.381088
-5.2,39.6,400000,44404,0.11101,151973,0.379933
-5.2,39.8,400000,44619,0.111547,152074,0.380185
-5.2,40,400000,44658,0.111645,152667,0.381667
-5.2,40.2,400000,44798,0.111995,152370,0.380925
-5.2,40.4,400000,44805,0.112013,152093,0.380232
-5.2,40.6,400000,44375,0.110937,152384,0.38096
-5.2,40.8,400000,44721,0.111802,152274,0.380685
-5.2,41,400000,44837,0.112092,151985,0.379962
-5.2,41.2,400000,45288,0.11322,152550,0.381375
-5.2,41.4,400000,45271,0.113178,152007,0.380018
-5.2,41.6,400000,44445,0.111113,151898,0.379745
-5.2,41.8,400000,44480,0.1112,152351,0.380877
-5.2,42,400000,44291,0.110728,152576,0.38144
-5.2,42.2,400000,44694,0.111735,152347,0.380868
-5.2,42.4,400000,44756,0.11189,151910,0.379775
-5.2,42.6,400000,44761,0.111903,151701,0.379252
-5.2,42.8,400000,44904,0.11226,152285,0.380713
-5.2,43,400000,45030,0.112575,152180,0.38045
-5.2,43.2,400000,44476,0.11119,152161,0.380402
-5.2,43.4,400000,45052,0.11263,152384,0.38096
-5.2,43.6,400000,45128,0.11282,152458,0.381145
-5.2,43.8,400000,44608,0.11152,152113,0.380283
-5.2,44,400000,45407,0.113517,152332,0.38083
-5.2,44.2,400000,44885,0.112213,152064,0.38016
-5.2,44.4,400000,45130,0.112825,152484,0.38121
-5.2,44.6,400000,45107,0.112768,151815,0.379538
-5.2,44.8,400000,44267,0.110668,151752,0.37938
-5.2,45,400000,44008,0.11002,151417,0.378543
-5.2,45.2,400000,44851,0.112128,152065,0.380163
-5.2,45.4,400000,44596,0.11149,151994,0.379985
-5.2,45.6,400000,44669,0.111672,152351,0.380877
-5.2,45.8,400000,44828,0.11207,152505,0.381263
-5.2,46,400000,44861,0.112153,152462,0.381155
-5.2,46.2,400000,44904,0.11226,152232,0.38058
-5.2,46.4,400000,44536,0.11134,151694,0.379235
-5.2,46.6,400000,44660,0.11165,151721,0.379302
-5.2,46.8,400000,44593,0.111482,152232,0.38058
-5.2,47,400000,44607,0.111518,151920,0.3798
-5.2,47.2,400000,45029,0.112573,152230,0.380575
-5.2,47.4,400000,45124,0.11281,152318,0.380795
-5.2,47.6,400000,45125,0.112812,152210,0.380525
-5.2,47.8,400000,44756,0.11189,151647,0.379117
-5.2,48,400000,44399,0.110997,152226,0.380565
-5.2,48.2,400000,44875,0.112187,152028,0.38007
-5.2,48.4,400000,45827,0.114568,152573,0.381433
-5.2,48.6,400000,44947,0.112367,152195,0.380487
-5.2,48.8,400000,45057,0.112643,152553,0.381383
-5.2,49,400000,45382,0.113455,152388,0.38097
-5.2,49.2,400000,44598,0.111495,152328,0.38082
-5.2,49.4,400000,45197,0.112992,152283,0.380707
-5.2,49.6,400000,45057,0.112643,152377,0.380943
-5.2,49.8,400000,44520,0.1113,151825,0.379563
-5.2,50,400000,45042,0.112605,152755,0.381887
-5,-50,400000,45011,0.112528,151888,0.37972
-5,-49.8,400000,45028,0.11257,152227,0.380568
-5,-49.6,400000,45019,0.112547,152257,0.380642
-5,-49.4,400000,45143,0.112857,152127,0.380317
-5,-49.2,400000,44659,0.111647,151751,0.379377
-5,-49,400000,44535,0.111338,151901,0.379752
-5,-48.8,400000,44593,0.111482,152896,0.38224
-5,-48.6,400000,44935,0.112338,152338,0.380845
-5,-48.4,400000,44668,0.11167,152163,0.380408
-5,-48.2,400000,44980,0.11245,151783,0.379458
-5,-48,400000,44383,0.110958,152134,0.380335
-5,-47.8,400000,44516,0.11129,151606,0.379015
-5,-47.6,400000,45264,0.11316,152711,0.381777
-5,-47.4,400000,44892,0.11223,152156,0.38039
-5,-47.2,400000,45331,0.113327,152832,0.38208
-5,-47,400000,45003,0.112507,151802,0.379505
-5,-46.8,400000,44930,0.112325,151855,0.379638
-5,-46.6,400000,44959,0.112397,152166,0.380415
-5,-46.4,400000,44540,0.11135,152670,0.381675
-5,-46.2,400000,44121,0.110302,151992,0.37998
-5,-46,400000,44918,0.112295,152618,0.381545
-5,-45.8,400000,44730,0.111825,152254,0.380635
-5,-45.6,400000,45331,0.113327,152071,0.380178
-5,-45.4,400000,44665,0.111662,151620,0.37905
-5,-45.2,400000,44658,0.111645,152194,0.380485
-5,-45,400000,44664,0.11166,152132,0.38033
-5,-44.8,400000,45260,0.11315,152758,0.381895
-5,-44.6,400000,44652,0.11163,151718,0.379295
-5,-44.4,400000,44364,0.11091,152375,0.380937
-5,-44.2,400000,44589,0.111473,152363,0.380908
-5,-44,400000,45115,0.112787,152255,0.380638
-5,-43.8,400000,45123,0.112808,152237,0.380593
-5,-43.6,400000,44918,0.112295,152182,0.380455
-5,-43.4,400000,44924,0.11231,152854,0.382135
-5,-43.2,400000,44590,0.111475,151988,0.37997
-5,-43,400000,44817,0.112043,152721,0.381802
-5,-42.8,400000,44660,0.11165,152129,0.380323
-5,-42.6,400000,44774,0.111935,152594,0.381485
-5,-42.4,400000,44785,0.111963,152049,0.380122
-5,-42.2,400000,44555,0.111388,151622,0.379055
-5,-42,400000,44839,0.112098,152119,0.380298
-5,-41.8,400000,44821,0.112052,152432,0.38108
-5,-41.6,400000,44705,0.111763,152290,0.380725
-5,-41.4,400000,45233,0.113083,152169,0.380422
-5,-41.2,400000,45053,0.112632,151337,0.378343
-5,-41,400000,44336,0.11084,151606,0.379015
-5,-40.8,400000,44630,0.111575,151815,0.379538
-5,-40.6,400000,44919,0.112297,152184,0.38046
-5,-40.4,400000,45091,0.112727,152718,0.381795
-5,-40.2,400000,44836,0.11209,151959,0.379897
-5,-40,400000,44366,0.110915,151704,0.37926
-5,-39.8,400000,44955,0.112388,151684,0.37921
-5,-39.6,400000,44828,0.11207,151728,0.37932
-5,-39.4,400000,44715,0.111787,152347,0.380868
-5,-39.2,400000,44399,0.110997,151803,0.379507
-5,-39,400000,44691,0.111727,152287,0.380717
-5,-38.8,400000,44803,0.112007,152191,0.380478
-5,-38.6,400000,44782,0.111955,152365,0.380912
-5,-38.4,400000,44818,0.112045,152043,0.380107
-5,-38.2,400000,45130,0.112825,152557,0.381393
-5,-38,400000,44853,0.112132,152201,0.380503
-5,-37.8,400000,45479,0.113698,152603,0.381507
-5,-37.6,400000,44211,0.110528,151478,0.378695
-5,-37.4,400000,44818,0.112045,152064,0.38016
-5,-37.2,400000,45395,0.113488,152528,0.38132
-5,-37,400000,44916,0.11229,151869,0.379673
-5,-36.8,400000,44865,0.112162,152150,0.380375
-5,-36.6,400000,44991,0.112477,152480,0.3812
-5,-36.4,400000,45014,0.112535,151675,0.379188
-5,-36.2,400000,44581,0.111452,152626,0.381565
-5,-36,400000,44656,0.11164,152283,0.380707
-5,-35.8,400000,44352,0.11088,151903,0.379758
-5,-35.6,400000,44588,0.11147,152231,0.380578
-5,-35.4,400000,44638,0.111595,152238,0.380595
-5,-35.2,400000,44557,0.111393,152200,0.3805
-5,-35,400000,44827,0.112068,151923,0.379808
-5,-34.8,400000,44992,0.11248,152436,0.38109
-5,-34.6,400000,44763,0.111907,151253,0.378132
-5,-34.4,400000,44713,0.111783,152594,0.381485
-5,-34.2,400000,45019,0.112547,152087,0.380217
-5,-34,400000,44734,0.111835,152235,0.380588
-5,-33.8,400000,45099,0.112748,152308,0.38077
-5,-33.6,400000,44789,0.111973,152109,0.380273
-5,-33.4,400000,44416,0.11104,151761,0.379402
-5,-33.2,400000,44328,0.11082,152353,0.380883
-5,-33,400000,44771,0.111927,152108,0.38027
-5,-32.8,400000,44961,0.112403,152522,0.381305
-5,-32.6,400000,44115,0.110287,152277,0.380692
-5,-32.4,400000,44624,0.11156,151815,0.379538
-5,-32.2,400000,44830,0.112075,151902,0.379755
-5,-32,400000,45069,0.112672,152204,0.38051
-5,-31.8,400000,45425,0.113562,152658,0.381645
-5,-31.6,400000,44725,0.111812,152520,0.3813
-5,-31.4,400000,44565,0.111412,152034,0.380085
-5,-31.2,400000,44673,0.111683,152256,0.38064
-5,-31,400000,45723,0.114308,152828,0.38207
-5,-30.8,400000,44496,0.11124,152636,0.38159
-5,-30.6,400000,45464,0.11366,152773,0.381933
-5,-30.4,400000,44820,0.11205,152354,0.380885
-5,-30.2,400000,44673,0.111683,151363,0.378408
-5,-30,400000,44767,0.111918,152176,0.38044
-5,-29.8,400000,44504,0.11126,152195,0.380487
-5,-29.6,400000,44590,0.111475,152025,0.380063
-5,-29.4,400000,45566,0.113915,152051,0.380128
-5,-29.2,400000,45099,0.112748,152111,0.380277
-5,-29,400000,44855,0.112138,151713,0.379283
-5,-28.8,400000,44460,0.11115,152022,0.380055
-5,-28.6,400000,44890,0.112225,152370,0.380925
-5,-28.4,400000,44533,0.111333,152217,0.380543
-5,-28.2,400000,44751,0.111878,152415,0.381037
-5,-28,400000,44661,0.111653,151441,0.378603
-5,-27.8,400000,44825,0.112062,151448,0.37862
-5,-27.6,400000,44815,0.112037,152652,0.38163
-5,-27.4,400000,44754,0.111885,152378,0.380945
-5,-27.2,400000,44947,0.112367,151694,0.379235
-5,-27,400000,44701,0.111753,152142,0.380355
-5,-26.8,400000,44654,0.111635,151964,0.37991
-5,-26.6,400000,44775,0.111937,152002,0.380005
-5,-26.4,400000,44760,0.1119,152150,0.380375
-5,-26.2,400000,45515,0.113787,151890,0.379725
-5,-26,400000,44805,0.112013,151996,0.37999
-5,-25.8,400000,44738,0.111845,151571,0.378927
-5,-25.6,400000,44828,0.11207,152474,0.381185
-5,-25.4,400000,44822,0.112055,152233,0.380582
-5,-25.2,400000,44853,0.112132,152350,0.380875
-5,-25,400000,44998,0.112495,151962,0.379905
-5,-24.8,400000,44808,0.11202,151832,0.37958
-5,-24.6,400000,44717,0.111793,152093,0.380232
-5,-24.4,400000,44753,0.111882,151939,0.379848
-5,-24.2,400000,44987,0.112467,151796,0.37949
-5,-24,400000,44887,0.112217,151956,0.37989
-5,-23.8,400000,45102,0.112755,152165,0.380412
-5,-23.6,400000,45071,0.112677,151720,0.3793
-5,-23.4,400000,44755,0.111888,152119,0.380298
-5,-23.2,400000,44353,0.110882,151579,0.378947
-5,-23,400000,44509,0.111272,151933,0.379833
-5,-22.8,400000,44958,0.112395,151558,0.378895
-5,-22.6,400000,44985,0.112463,152485,0.381213
-5,-22.4,400000,44711,0.111778,151687,0.379217
-5,-22.2,400000,44776,0.11194,151635,0.379088
-5,-22,400000,45386,0.113465,153184,0.38296
-5,-21.8,400000,44716,0.11179,151596,0.37899
-5,-21.6,400000,44736,0.11184,152282,0.380705
-5,-21.4,400000,44462,0.111155,152165,0.380412
-5,-21.2,400000,44782,0.111955,152029,0.380072
-5,-21,400000,45163,0.112907,152037,0.380092
-5,-20.8,400000,44508,0.11127,151230,0.378075
-5,-20.6,400000,44790,0.111975,152298,0.380745
-5,-20.4,400000,44606,0.111515,152201,0.380503
-5,-20.2,400000,44932,0.11233,152321,0.380802
-5,-20,400000,44707,0.111768,152768,0.38192
-5,-19.8,400000,44917,0.112293,152113,0.380283
-5,-19.6,400000,44492,0.11123,151535,0.378837
-5,-19.4,400000,44874,0.112185,152079,0.380198
-5,-19.2,400000,45062,0.112655,152424,0.38106
-5,-19,400000,45246,0.113115,152044,0.38011
-5,-18.8,400000,44837,0.112092,152101,0.380252
-5,-18.6,400000,45070,0.112675,152372,0.38093
-5,-18.4,400000,44898,0.112245,152115,0.380288
-5,-18.2,400000,45495,0.113738,152573,0.381433
-5,-18,400000,44778,0.111945,151967,0.379918
-5,-17.8,400000,44381,0.110952,151435,0.378588
-5,-17.6,400000,44623,0.111558,151808,0.37952
-5,-17.4,400000,44876,0.11219,152242,0.380605
-5,-17.2,400000,44405,0.111013,151712,0.37928
-5,-17,400000,44344,0.11086,152166,0.380415
-5,-16.8,400000,44809,0.112022,151602,0.379005
-5,-16.6,400000,44813,0.112032,151574,0.378935
-5,-16.4,400000,45245,0.113113,152339,0.380848
-5,-16.2,400000,44488,0.11122,152310,0.380775
-5,-16,400000,45165,0.112912,151828,0.37957
-5,-15.8,400000,44337,0.110842,152344,0.38086
-5,-15.6,400000,44907,0.112268,152689,0.381723
-5,-15.4,400000,45104,0.11276,152316,0.38079
-5,-15.2,400000,44215,0.110537,151737,0.379343
-5,-15,400000,44234,0.110585,151995,0.379987
-5,-14.8,400000,45018,0.112545,152354,0.380885
-5,-14.6,400000,44996,0.11249,152320,0.3808
-5,-14.4,400000,44962,0.112405,151651,0.379128
-5,-14.2,400000,45255,0.113138,153123,0.382808
-5,-14,400000,44772,0.11193,151359,0.378397
-5,-13.8,400000,45040,0.1126,152353,0.380883
-5,-13.6,400000,44443,0.111107,151708,0.37927
-5,-13.4,400000,45467,0.113668,152712,0.38178
-5,-13.2,400000,44945,0.112363,152164,0.38041
-5,-13,400000,44965,0.112412,151503,0.378758
-5,-12.8,400000,44482,0.111205,151915,0.379788
-5,-12.6,400000,45241,0.113102,152458,0.381145
-5,-12.4,400000,44941,0.112352,152813,0.382032
-5,-12.2,400000,44973,0.112433,151651,0.379128
-5,-12,400000,45073,0.112683,152968,0.38242
-5,-11.8,400000,44578,0.111445,151535,0.378837
-5,-11.6,400000,45020,0.11255,151931,0.379827
-5,-11.4,400000,45184,0.11296,152680,0.3817
-5,-11.2,400000,44702,0.111755,152864,0.38216
-5,-11,400000,44578,0.111445,152091,0.380227
-5,-10.8,400000,44653,0.111632,152389,0.380972
-5,-10.6,400000,44328,0.11082,152322,0.380805
-5,-10.4,400000,44804,0.11201,151716,0.37929
-5,-10.2,400000,45352,0.11338,152475,0.381188
-5,-10,400000,45042,0.112605,152326,0.380815
-5,-9.8,400000,45129,0.112823,151850,0.379625
-5,-9.6,400000,44387,0.110967,152143,0.380358
-5,-9.4,400000,44715,0.111787,152079,0.380198
-5,-9.2,400000,44619,0.111547,152435,0.381088
-5,-9,400000,44614,0.111535,151951,0.379877
-5,-8.8,400000,44742,0.111855,152285,0.380713
-5,-8.6,400000,44133,0.110333,152059,0.380148
-5,-8.4,400000,44576,0.11144,151602,0.379005
-5,-8.2,400000,45083,0.112708,151926,0.379815
-5,-8,400000,45118,0.112795,152516,0.38129
-5,-7.8,400000,44438,0.111095,151723,0.379308
-5,-7.6,400000,45456,0.11364,152473,0.381182
-5,-7.4,400000,45187,0.112967,152230,0.380575
-5,-7.2,400000,44311,0.110778,151843,0.379607
-5,-7,400000,45211,0.113028,151668,0.37917
-5,-6.8,400000,44859,0.112147,151712,0.37928
-5,-6.6,400000,44636,0.11159,152007,0.380018
-5,-6.4,400000,44618,0.111545,151698,0.379245
-5,-6.2,400000,44785,0.111963,152478,0.381195
-5,-6,400000,44697,0.111742,152012,0.38003
-5,-5.8,400000,45397,0.113492,152544,0.38136
-5,-5.6,400000,45099,0.112748,152401,0.381003
-5,-5.4,400000,44924,0.11231,152887,0.382217
-5,-5.2,400000,44984,0.11246,152333,0.380833
-5,-5,400000,45186,0.112965,152329,0.380823
-5,-4.8,400000,45063,0.112657,152434,0.381085
-5,-4.6,400000,44959,0.112397,152047,0.380117
-5,-4.4,400000,44232,0.11058,151526,0.378815
-5,-4.2,400000,44831,0.112077,151928,0.37982
-5,-4,400000,45206,0.113015,152828,0.38207
-5,-3.8,400000,44746,0.111865,152750,0.381875
-5,-3.6,400000,44360,0.1109,151931,0.379827
-5,-3.4,400000,44582,0.111455,151538,0.378845
-5,-3.2,400000,45260,0.11315,152379,0.380947
-5,-3,400000,44728,0.11182,152030,0.380075
-5,-2.8,400000,44832,0.11208,151801,0.379503
-5,-2.6,400000,44680,0.1117,151918,0.379795
-5,-2.4,400000,44957,0.112393,152138,0.380345
-5,-2.2,400000,44906,0.112265,152574,0.381435
-5,-2,400000,45320,0.1133,152175,0.380437
-5,-1.8,400000,44582,0.111455,151204,0.37801
-5,-1.6,400000,44724,0.11181,151811,0.379528
-5,-1.4,400000,44335,0.110838,152818,0.382045
-5,-1.2,400000,44516,0.11129,152168,0.38042
-5,-1,400000,45182,0.112955,151806,0.379515
-5,-0.8,400000,44961,0.112403,152275,0.380688
-5,-0.6,400000,45109,0.112772,151979,0.379947
-5,-0.4,400000,45118,0.112795,152046,0.380115
-5,-0.2,400000,45192,0.11298,151847,0.379617
-5,0,400000,44843,0.112107,152541,0.381352
-5,0.2,400000,44959,0.112397,152035,0.380088
-5,0.4,400000,45182,0.112955,152566,0.381415
-5,0.6,400000,45146,0.112865,152367,0.380918
-5,0.8,400000,45193,0.112982,152584,0.38146
-5,1,400000,45029,0.112573,151790,0.379475
-5,1.2,400000,44715,0.111787,152053,0.380132
-5,1.4,400000,45179,0.112948,152108,0.38027
-5,1.6,400000,44351,0.110878,152089,0.380223
-5,1.8,400000,44954,0.112385,152520,0.3813
-5,2,400000,44559,0.111397,152160,0.3804
-5,2.2,400000,45290,0.113225,152812,0.38203
-5,2.4,400000,45050,0.112625,152786,0.381965
-5,2.6,400000,44814,0.112035,152289,0.380723
-5,2.8,400000,45356,0.11339,151908,0.37977
-5,3,400000,45108,0.11277,152898,0.382245
-5,3.2,400000,44526,0.111315,152095,0.380238
-5,3.4,400000,44757,0.111893,151768,0.37942
-5,3.6,400000,45012,0.11253,152061,0.380153
-5,3.8,400000,45145,0.112863,153037,0.382593
-5,4,400000,44873,0.112183,152025,0.380063
-5,4.2,400000,45092,0.11273,151774,0.379435
-5,4.4,400000,44629,0.111573,152064,0.38016
-5,4.6,400000,45089,0.112723,152115,0.380288
-5,4.8,400000,44497,0.111242,152295,0.380738
-5,5,400000,44349,0.110872,152409,0.381022
-5,5.2,400000,44903,0.112257,152369,0.380922
-5,5.4,400000,45304,0.11326,152809,0.382022
-5,5.6,400000,44205,0.110512,151905,0.379763
-5,5.8,400000,44996,0.11249,151575,0.378937
-5,6,400000,45120,0.1128,152172,0.38043
-5,6.2,400000,44479,0.111198,151637,0.379092
-5,6.4,400000,44272,0.11068,151662,0.379155
-5,6.6,400000,44832,0.11208,152458,0.381145
-5,6.8,400000,44866,0.112165,151944,0.37986
-5,7,400000,44828,0.11207,152207,0.380518
-5,7.2,400000,44229,0.110573,151867,0.379667
-5,7.4,400000,44547,0.111367,151745,0.379362
-5,7.6,400000,44816,0.11204,152227,0.380568
-5,7.8,400000,45060,0.11265,152167,0.380418
-5,8,400000,45023,0.112558,152788,0.38197
-5,8.2,400000,45164,0.11291,153250,0.383125
-5,8.4,400000,44169,0.110423,152070,0.380175
-5,8.6,400000,44876,0.11219,151915,0.379788
-5,8.8,400000,44932,0.11233,152592,0.38148
-5,9,400000,44844,0.11211,152199,0.380497
-5,9.2,400000,44607,0.111518,152065,0.380163
-5,9.4,400000,44864,0.11216,152092,0.38023
-5,9.6,400000,44441,0.111103,151848,0.37962
-5,9.8,400000,45221,0.113053,152449,0.381122
-5,10,400000,45134,0.112835,152364,0.38091
-5,10.2,400000,44552,0.11138,151731,0.379327
-5,10.4,400000,44955,0.112388,152641,0.381603
-5,10.6,400000,45144,0.11286,152524,0.38131
-5,10.8,400000,44619,0.111547,152246,0.380615
-5,11,400000,44306,0.110765,152144,0.38036
-5,11.2,400000,44815,0.112037,152031,0.380078
-5,11.4,400000,44987,0.112467,152063,0.380157
-5,11.6,400000,44813,0.112032,152315,0.380788
-5,11.8,400000,45251,0.113128,152432,0.38108
-5,12,400000,44887,0.112217,152185,0.380462
-5,12.2,400000,44999,0.112498,151987,0.379968
-5,12.4,400000,44942,0.112355,152454,0.381135
-5,12.6,400000,44967,0.112418,152157,0.380393
-5,12.8,400000,44640,0.1116,152045,0.380113
-5,13,400000,44996,0.11249,151635,0.379088
-5,13.2,400000,44030,0.110075,151757,0.379393
-5,13.4,400000,44391,0.110978,151910,0.379775
-5,13.6,400000,44612,0.11153,151922,0.379805
-5,13.8,400000,44951,0.112378,151867,0.379667
-5,14,400000,45133,0.112833,151946,0.379865
-5,14.2,400000,44873,0.112183,152051,0.380128
-5,14.4,400000,44412,0.11103,152272,0.38068
-5,14.6,400000,45127,0.112818,152272,0.38068
-5,14.8,400000,44066,0.110165,151415,0.378538
-5,15,400000,44352,0.11088,151957,0.379893
-5,15.2,400000,45403,0.113507,152854,0.382135
-5,15.4,400000,44761,0.111903,151678,0.379195
-5,15.6,400000,44772,0.11193,152184,0.38046
-5,15.8,400000,45212,0.11303,152596,0.38149
-5,16,400000,44802,0.112005,152200,0.3805
-5,16.2,400000,44991,0.112477,152065,0.380163
-5,16.4,400000,44761,0.111903,151991,0.379978
-5,16.6,400000,45444,0.11361,152393,0.380983
-5,16.8,400000,44729,0.111823,152046,0.380115
-5,17,400000,44665,0.111662,152615,0.381537
-5,17.2,400000,44837,0.112092,152462,0.381155
-5,17.4,400000,44337,0.110842,152059,0.380148
-5,17.6,400000,44408,0.11102,151979,0.379947
-5,17.8,400000,44634,0.111585,152345,0.380862
-5,18,400000,45028,0.11257,152564,0.38141
-5,18.2,400000,45183,0.112958,151937,0.379843
-5,18.4,400000,45070,0.112675,152614,0.381535
-5,18.6,400000,44840,0.1121,152470,0.381175
-5,18.8,400000,44802,0.112005,152521,0.381302
-5,19,400000,45409,0.113522,152087,0.380217
-5,19.2,400000,44591,0.111477,151874,0.379685
-5,19.4,400000,44949,0.112373,152317,0.380792
-5,19.6,400000,45021,0.112552,151977,0.379943
-5,19.8,400000,44817,0.112043,152115,0.380288
-5,20,400000,44498,0.111245,152130,0.380325
-5,20.2,400000,45065,0.112662,152242,0.380605
-5,20.4,400000,44754,0.111885,151435,0.378588
-5,20.6,400000,44894,0.112235,152548,0.38137
-5,20.8,400000,45011,0.112528,152571,0.381427
-5,21,400000,45161,0.112903,151796,0.37949
-5,21.2,400000,44775,0.111937,152456,0.38114
-5,21.4,400000,44580,0.11145,151857,0.379642
-5,21.6,400000,44927,0.112318,152040,0.3801
-5,21.8,400000,44874,0.112185,152759,0.381898
-5,22,400000,44572,0.11143,152201,0.380503
-5,22.2,400000,44647,0.111617,152213,0.380532
-5,22.4,400000,45070,0.112675,153285,0.383213
-5,22.6,400000,44719,0.111797,152835,0.382088
-5,22.8,400000,44480,0.1112,151980,0.37995
-5,23,400000,45010,0.112525,151971,0.379927
-5,23.2,400000,44476,0.11119,152032,0.38008
-5,23.4,400000,45045,0.112613,152181,0.380453
-5,23.6,400000,44530,0.111325,151982,0.379955
-5,23.8,400000,44416,0.11104,152302,0.380755
-5,24,400000,44947,0.112367,152322,0.380805
-5,24.2,400000,45043,0.112607,152283,0.380707
-5,24.4,400000,45663,0.114157,152317,0.380792
-5,24.6,400000,44435,0.111088,152140,0.38035
-5,24.8,400000,45123,0.112808,152307,0.380767
-5,25,400000,44766,0.111915,151869,0.379673
-5,25.2,400000,44688,0.11172,151491,0.378727
-5,25.4,400000,45002,0.112505,152035,0.380088
-5,25.6,400000,44708,0.11177,152156,0.38039
-5,25.8,400000,44516,0.11129,152270,0.380675
-5,26,400000,44970,0.112425,152823,0.382057
-5,26.2,400000,44995,0.112488,151965,0.379912
-5,26.4,400000,44888,0.11222,151802,0.379505
-5,26.6,400000,45025,0.112562,152001,0.380003
-5,26.8,400000,45121,0.112802,152357,0.380893
-5,27,400000,44687,0.111717,151395,0.378487
-5,27.2,400000,44913,0.112282,152382,0.380955
-5,27.4,400000,44933,0.112333,152505,0.381263
-5,27.6,400000,45374,0.113435,152405,0.381012
-5,27.8,400000,44593,0.111482,151818,0.379545
-5,28,400000,44603,0.111507,152181,0.380453
-5,28.2,400000,44830,0.112075,151961,0.379902
-5,28.4,400000,45118,0.112795,152501,0.381252
-5,28.6,400000,44783,0.111958,152014,0.380035
-5,28.8,400000,44462,0.111155,151815,0.379538
-5,29,400000,44651,0.111628,152242,0.380605
-5,29.2,400000,44987,0.112467,152392,0.38098
-5,29.4,400000,44652,0.11163,151678,0.379195
-5,29.6,400000,44505,0.111263,152091,0.380227
-5,29.8,400000,44880,0.1122,151460,0.37865
-5,30,400000,44776,0.11194,152188,0.38047
-5,30.2,400000,44444,0.11111,151951,0.379877
-5,30.4,400000,45312,0.11328,152452,0.38113
-5,30.6,400000,44831,0.112077,152091,0.380227
-5,30.8,400000,44552,0.11138,152148,0.38037
-5,31,400000,44762,0.111905,151584,0.37896
-5,31.2,400000,44994,0.112485,151771,0.379427
-5,31.4,400000,44705,0.111763,152959,0.382398
-5,31.6,400000,44896,0.11224,152186,0.380465
-5,31.8,400000,45143,0.112857,152531,0.381327
-5,32,400000,44564,0.11141,152352,0.38088
-5,32.2,400000,45109,0.112772,151775,0.379437
-5,32.4,400000,44531,0.111327,152137,0.380342
-5,32.6,400000,44354,0.110885,151430,0.378575
-5,32.8,400000,45117,0.112793,152531,0.381327
-5,33,400000,45033,0.112583,152338,0.380845
-5,33.2,400000,44727,0.111818,152519,0.381298
-5,33.4,400000,44945,0.112363,152319,0.380798
-5,33.6,400000,45200,0.113,152259,0.380648
-5,33.8,400000,45342,0.113355,152132,0.38033
-5,34,400000,44527,0.111317,151999,0.379997
-5,34.2,400000,44885,0.112213,152136,0.38034
-5,34.4,400000,45051,0.112628,152607,0.381518
-5,34.6,400000,44848,0.11212,151384,0.37846
-5,34.8,400000,44902,0.112255,152193,0.380483
-5,35,400000,44907,0.112268,151996,0.37999
-5,35.2,400000,44670,0.111675,151797,0.379493
-5,35.4,400000,44820,0.11205,151961,0.379902
-5,35.6,400000,45018,0.112545,152049,0.380122
-5,35.8,400000,44566,0.111415,151944,0.37986
-5,36,400000,44946,0.112365,152129,0.380323
-5,36.2,400000,44730,0.111825,152570,0.381425
-5,36.4,400000,44895,0.112238,152088,0.38022
-5,36.6,400000,45073,0.112683,152934,0.382335
-5,36.8,400000,45348,0.11337,151895,0.379738
-5,37,400000,45253,0.113132,152032,0.38008
-5,37.2,400000,44281,0.110702,151557,0.378893
-5,37.4,400000,44379,0.110948,151577,0.378943
-5,37.6,400000,45001,0.112503,152618,0.381545
-5,37.8,400000,45057,0.112643,151904,0.37976
-5,38,400000,44622,0.111555,152391,0.380978
-5,38.2,400000,44776,0.11194,152023,0.380057
-5,38.4,400000,44827,0.112068,152373,0.380933
-5,38.6,400000,44890,0.112225,152224,0.38056
-5,38.8,400000,45080,0.1127,151816,0.37954
-5,39,400000,44986,0.112465,151859,0.379648
-5,39.2,400000,44917,0.112293,152675,0.381688
-5,39.4,400000,44540,0.11135,151843,0.379607
-5,39.6,400000,45095,0.112738,152703,0.381758
-5,39.8,400000,44442,0.111105,152246,0.380615
-5,40,400000,44415,0.111037,151314,0.378285
-5,40.2,400000,44300,0.11075,151742,0.379355
-5,40.4,400000,44723,0.111808,152258,0.380645
-5,40.6,400000,45262,0.113155,152004,0.38001
-5,40.8,400000,44735,0.111838,151370,0.378425
-5,41,400000,45244,0.11311,152194,0.380485
-5,41.2,400000,44607,0.111518,152072,0.38018
-5,41.4,400000,44986,0.112465,152161,0.380402
-5,41.6,400000,44508,0.11127,152298,0.380745
-5,41.8,400000,45045,0.112613,152630,0.381575
-5,42,400000,45400,0.1135,152375,0.380937
-5,42.2,400000,44789,0.111973,151612,0.37903
-5,42.4,400000,45446,0.113615,152948,0.38237
-5,42.6,400000,44914,0.112285,152149,0.380373
-5,42.8,400000,44762,0.111905,151965,0.379912
-5,43,400000,44848,0.11212,152126,0.380315
-5,43.2,400000,44771,0.111927,151968,0.37992
-5,43.4,400000,44665,0.111662,151687,0.379217
-5,43.6,400000,45242,0.113105,152140,0.38035
-5,43.8,400000,44359,0.110897,152160,0.3804
-5,44,400000,45176,0.11294,151683,0.379207
-5,44.2,400000,45010,0.112525,152036,0.38009
-5,44.4,400000,44847,0.112117,151525,0.378812
-5,44.6,400000,44357,0.110893,151680,0.3792
-5,44.8,400000,44476,0.11119,151513,0.378783
-5,45,400000,44862,0.112155,151296,0.37824
-5,45.2,400000,44521,0.111302,151846,0.379615
-5,45.4,400000,44586,0.111465,151187,0.377968
-5,45.6,400000,44482,0.111205,151704,0.37926
-5,45.8,400000,45051,0.112628,151911,0.379777
-5,46,400000,45157,0.112893,151835,0.379588
-5,46.2,400000,44744,0.11186,152806,0.382015
-5,46.4,400000,45046,0.112615,152781,0.381952
-5,46.6,400000,45140,0.11285,152226,0.380565
-5,46.8,400000,44460,0.11115,151180,0.37795
-5,47,400000,44854,0.112135,151731,0.379327
-5,47.2,400000,44429,0.111073,152117,0.380292
-5,47.4,400000,44848,0.11212,151605,0.379012
-5,47.6,400000,44526,0.111315,151975,0.379937
-5,47.8,400000,44168,0.11042,151723,0.379308
-5,48,400000,44584,0.11146,151819,0.379547
-5,48.2,400000,45139,0.112848,152448,0.38112
-5,48.4,400000,45598,0.113995,152216,0.38054
-5,48.6,400000,44674,0.111685,151847,0.379617
-5,48.8,400000,44804,0.11201,151791,0.379478
-5,49,400000,44831,0.112077,152529,0.381323
-5,49.2,400000,45144,0.11286,152168,0.38042
-5,49.4,400000,45496,0.11374,152693,0.381732
-5,49.6,400000,44312,0.11078,151786,0.379465
-5,49.8,400000,44916,0.11229,152280,0.3807
-5,50,400000,44965,0.112412,152108,0.38027
-4.8,-50,400000,44586,0.111465,151769,0.379422
-4.8,-49.8,400000,44578,0.111445,152062,0.380155
-4.8,-49.6,400000,45039,0.112598,152478,0.381195
-4.8,-49.4,400000,44813,0.112032,152012,0.38003
-4.8,-49.2,400000,44913,0.112282,151346,0.378365
-4.8,-49,400000,45012,0.11253,152578,0.381445
-4.8,-48.8,400000,44029,0.110073,151277,0.378192
-4.8,-48.6,400000,44919,0.112297,151658,0.379145
-4.8,-48.4,400000,44674,0.111685,152018,0.380045
-4.8,-48.2,400000,44394,0.110985,151997,0.379993
-4.8,-48,400000,45001,0.112503,152305,0.380763
-4.8,-47.8,400000,45041,0.112602,152142,0.380355
-4.8,-47.6,400000,45534,0.113835,152686,0.381715
-4.8,-47.4,400000,44842,0.112105,151597,0.378993
-4.8,-47.2,400000,44662,0.111655,151706,0.379265
-4.8,-47,400000,44686,0.111715,151967,0.379918
-4.8,-46.8,400000,44883,0.112208,152080,0.3802
-4.8,-46.6,400000,44859,0.112147,152472,0.38118
-4.8,-46.4,400000,44944,0.11236,152189,0.380472
-4.8,-46.2,400000,44477,0.111192,151893,0.379732
-4.8,-46,400000,44101,0.110253,151776,0.37944
-4.8,-45.8,400000,45065,0.112662,152276,0.38069
-4.8,-45.6,400000,44750,0.111875,151981,0.379953
-4.8,-45.4,400000,44607,0.111518,151692,0.37923
-4.8,-45.2,400000,44922,0.112305,151897,0.379742
-4.8,-45,400000,45526,0.113815,153010,0.382525
-4.8,-44.8,400000,45364,0.11341,152167,0.380418
-4.8,-44.6,400000,44426,0.111065,151772,0.37943
-4.8,-44.4,400000,45169,0.112922,152107,0.380267
-4.8,-44.2,400000,44576,0.11144,152206,0.380515
-4.8,-44,400000,45205,0.113013,152158,0.380395
-4.8,-43.8,400000,44749,0.111872,152092,0.38023
-4.8,-43.6,400000,44388,0.11097,151908,0.37977
-4.8,-43.4,400000,44610,0.111525,152203,0.380507
-4.8,-43.2,400000,44991,0.112477,152120,0.3803
-4.8,-43,400000,44755,0.111888,151940,0.37985
-4.8,-42.8,400000,45379,0.113448,152026,0.380065
-4.8,-42.6,400000,44657,0.111643,151667,0.379167
-4.8,-42.4,400000,44592,0.11148,151462,0.378655
-4.8,-42.2,400000,45046,0.112615,152384,0.38096
-4.8,-42,400000,44657,0.111643,151685,0.379213
-4.8,-41.8,400000,44471,0.111177,151635,0.379088
-4.8,-41.6,400000,44893,0.112232,152063,0.380157
-4.8,-41.4,400000,44705,0.111763,151874,0.379685
-4.8,-41.2,400000,45162,0.112905,151891,0.379727
-4.8,-41,400000,44847,0.112117,151480,0.3787
-4.8,-40.8,400000,44812,0.11203,151073,0.377682
-4.8,-40.6,400000,44855,0.112138,152444,0.38111
-4.8,-40.4,400000,44866,0.112165,152145,0.380362
-4.8,-40.2,400000,44448,0.11112,151732,0.37933
-4.8,-40,400000,44644,0.11161,152079,0.380198
-4.8,-39.8,400000,44805,0.112013,152116,0.38029
-4.8,-39.6,400000,45572,0.11393,152805,0.382012
-4.8,-39.4,400000,44695,0.111738,151787,0.379468
-4.8,-39.2,400000,44949,0.112373,152258,0.380645
-4.8,-39,400000,45083,0.112708,152674,0.381685
-4.8,-38.8,400000,44835,0.112088,152145,0.380362
-4.8,-38.6,400000,45122,0.112805,152192,0.38048
-4.8,-38.4,400000,45262,0.113155,152058,0.380145
-4.8,-38.2,400000,44889,0.112223,152885,0.382213
-4.8,-38,400000,44763,0.111907,152417,0.381043
-4.8,-37.8,400000,44633,0.111583,152371,0.380927
-4.8,-37.6,400000,44796,0.11199,152365,0.380912
-4.8,-37.4,400000,44909,0.112272,151944,0.37986
-4.8,-37.2,400000,45131,0.112827,152086,0.380215
-4.8,-37,400000,45116,0.11279,151777,0.379443
-4.8,-36.8,400000,44972,0.11243,152069,0.380173
-4.8,-36.6,400000,44504,0.11126,151393,0.378482
-4.8,-36.4,400000,45425,0.113562,152966,0.382415
-4.8,-36.2,400000,44768,0.11192,152312,0.38078
-4.8,-36,400000,44915,0.112287,151938,0.379845
-4.8,-35.8,400000,44887,0.112217,152204,0.38051
-4.8,-35.6,400000,45021,0.112552,152026,0.380065
-4.8,-35.4,400000,44923,0.112308,152053,0.380132
-4.8,-35.2,400000,44920,0.1123,151856,0.37964
-4.8,-35,400000,45026,0.112565,152190,0.380475
-4.8,-34.8,400000,45122,0.112805,152381,0.380953
-4.8,-34.6,400000,44493,0.111232,152099,0.380248
-4.8,-34.4,400000,45238,0.113095,151666,0.379165
-4.8,-34.2,400000,45346,0.113365,152340,0.38085
-4.8,-34,400000,45070,0.112675,151835,0.379588
-4.8,-33.8,400000,44770,0.111925,152333,0.380833
-4.8,-33.6,400000,44462,0.111155,152119,0.380298
-4.8,-33.4,400000,44932,0.11233,152154,0.380385
-4.8,-33.2,400000,45270,0.113175,152223,0.380557
-4.8,-33,400000,44695,0.111738,151514,0.378785
-4.8,-32.8,400000,44831,0.112077,151894,0.379735
-4.8,-32.6,400000,44882,0.112205,152066,0.380165
-4.8,-32.4,400000,45084,0.11271,152637,0.381593
-4.8,-32.2,400000,45104,0.11276,152298,0.380745
-4.8,-32,400000,44554,0.111385,152209,0.380522
-4.8,-31.8,400000,45417,0.113543,153011,0.382528
-4.8,-31.6,400000,44930,0.112325,152193,0.380483
-4.8,-31.4,400000,45211,0.113028,152365,0.380912
-4.8,-31.2,400000,45056,0.11264,151622,0.379055
-4.8,-31,400000,45034,0.112585,152247,0.380617
-4.8,-30.8,400000,44928,0.11232,152607,0.381518
-4.8,-30.6,400000,44510,0.111275,151907,0.379767
-4.8,-30.4,400000,44757,0.111893,151577,0.378943
-4.8,-30.2,400000,45029,0.112573,151874,0.379685
-4.8,-30,400000,44828,0.11207,152091,0.380227
-4.8,-29.8,400000,45110,0.112775,152257,0.380642
-4.8,-29.6,400000,44829,0.112073,152199,0.380497
-4.8,-29.4,400000,45003,0.112507,152082,0.380205
-4.8,-29.2,400000,44706,0.111765,152226,0.380565
-4.8,-29,400000,45208,0.11302,153041,0.382603
-4.8,-28.8,400000,44432,0.11108,151339,0.378348
-4.8,-28.6,400000,44990,0.112475,152190,0.380475
-4.8,-28.4,400000,44515,0.111287,152110,0.380275
-4.8,-28.2,400000,44999,0.112498,152183,0.380458
-4.8,-28,400000,44619,0.111547,151790,0.379475
-4.8,-27.8,400000,44505,0.111263,151581,0.378953
-4.8,-27.6,400000,45625,0.114062,152322,0.380805
-4.8,-27.4,400000,44351,0.110878,152625,0.381563
-4.8,-27.2,400000,44737,0.111842,151814,0.379535
-4.8,-27,400000,45015,0.112537,151804,0.37951
-4.8,-26.8,400000,44239,0.110598,151678,0.379195
-4.8,-26.6,400000,45077,0.112693,153003,0.382508
-4.8,-26.4,400000,44479,0.111198,151338,0.378345
-4.8,-26.2,400000,44954,0.112385,152284,0.38071
-4.8,-26,400000,44926,0.112315,151810,0.379525
-4.8,-25.8,400000,44660,0.11165,152363,0.380908
-4.8,-25.6,400000,44957,0.112393,152707,0.381767
-4.8,-25.4,400000,44807,0.112018,152522,0.381305
-4.8,-25.2,400000,45414,0.113535,152414,0.381035
-4.8,-25,400000,45400,0.1135,152238,0.380595
-4.8,-24.8,400000,44706,0.111765,152017,0.380043
-4.8,-24.6,400000,44656,0.11164,152295,0.380738
-4.8,-24.4,400000,45030,0.112575,151973,0.379933
-4.8,-24.2,400000,45430,0.113575,152021,0.380053
-4.8,-24,400000,44493,0.111232,152361,0.380902
-4.8,-23.8,400000,44231,0.110577,151856,0.37964
-4.8,-23.6,400000,44788,0.11197,152310,0.380775
-4.8,-23.4,400000,44641,0.111602,151238,0.378095
-4.8,-23.2,400000,44626,0.111565,151774,0.379435
-4.8,-23,400000,44526,0.111315,152692,0.38173
-4.8,-22.8,400000,45673,0.114183,153191,0.382978
-4.8,-22.6,400000,44214,0.110535,151498,0.378745
-4.8,-22.4,400000,44423,0.111058,151660,0.37915
-4.8,-22.2,400000,45059,0.112647,151923,0.379808
-4.8,-22,400000,44770,0.111925,152057,0.380142
-4.8,-21.8,400000,45054,0.112635,152420,0.38105
-4.8,-21.6,400000,45151,0.112878,152297,0.380742
-4.8,-21.4,400000,44716,0.11179,152044,0.38011
-4.8,-21.2,400000,44828,0.11207,152575,0.381437
-4.8,-21,400000,44655,0.111638,152222,0.380555
-4.8,-20.8,400000,45114,0.112785,151793,0.379483
-4.8,-20.6,400000,44711,0.111778,152194,0.380485
-4.8,-20.4,400000,44730,0.111825,152805,0.382012
-4.8,-20.2,400000,44708,0.11177,152198,0.380495
-4.8,-20,400000,44782,0.111955,152127,0.380317
-4.8,-19.8,400000,44483,0.111208,151340,0.37835
-4.8,-19.6,400000,44749,0.111872,152610,0.381525
-4.8,-19.4,400000,44818,0.112045,152141,0.380352
-4.8,-19.2,400000,44938,0.112345,151997,0.379993
-4.8,-19,400000,44975,0.112437,152385,0.380962
-4.8,-18.8,400000,44769,0.111922,152499,0.381248
-4.8,-18.6,400000,45002,0.112505,152706,0.381765
-4.8,-18.4,400000,45014,0.112535,152048,0.38012
-4.8,-18.2,400000,44929,0.112323,152339,0.380848
-4.8,-18,400000,44803,0.112007,152245,0.380613
-4.8,-17.8,400000,44932,0.11233,151872,0.37968
-4.8,-17.6,400000,44200,0.1105,152520,0.3813
-4.8,-17.4,400000,44559,0.111397,151656,0.37914
-4.8,-17.2,400000,45564,0.11391,152181,0.380453
-4.8,-17,400000,44709,0.111772,152368,0.38092
-4.8,-16.8,400000,44762,0.111905,151651,0.379128
-4.8,-16.6,400000,44821,0.112052,152178,0.380445
-4.8,-16.4,400000,44544,0.11136,151892,0.37973
-4.8,-16.2,400000,44750,0.111875,152274,0.380685
-4.8,-16,400000,45114,0.112785,152405,0.381012
-4.8,-15.8,400000,44956,0.11239,152574,0.381435
-4.8,-15.6,400000,44895,0.112238,151634,0.379085
-4.8,-15.4,400000,44985,0.112463,152307,0.380767
-4.8,-15.2,400000,45280,0.1132,152573,0.381433
-4.8,-15,400000,45184,0.11296,152184,0.38046
-4.8,-14.8,400000,44935,0.112338,152635,0.381588
-4.8,-14.6,400000,44801,0.112003,152285,0.380713
-4.8,-14.4,400000,44262,0.110655,152303,0.380758
-4.8,-14.2,400000,44659,0.111647,151859,0.379648
-4.8,-14,400000,44760,0.1119,152101,0.380252
-4.8,-13.8,400000,44781,0.111952,151532,0.37883
-4.8,-13.6,400000,44546,0.111365,151789,0.379472
-4.8,-13.4,400000,44614,0.111535,152008,0.38002
-4.8,-13.2,400000,44853,0.112132,152037,0.380092
-4.8,-13,400000,44925,0.112312,151889,0.379723
-4.8,-12.8,400000,44381,0.110952,152359,0.380897
-4.8,-12.6,400000,44913,0.112282,151630,0.379075
-4.8,-12.4,400000,45462,0.113655,152752,0.38188
-4.8,-12.2,400000,45060,0.11265,152311,0.380777
-4.8,-12,400000,45018,0.112545,152038,0.380095
-4.8,-11.8,400000,44599,0.111497,152147,0.380368
-4.8,-11.6,400000,44638,0.111595,151846,0.379615
-4.8,-11.4,400000,44848,0.11212,152064,0.38016
-4.8,-11.2,400000,44970,0.112425,152386,0.380965
-4.8,-11,400000,44721,0.111802,152516,0.38129
-4.8,-10.8,400000,44958,0.112395,152251,0.380628
-4.8,-10.6,400000,44525,0.111312,152091,0.380227
-4.8,-10.4,400000,44899,0.112248,152010,0.380025
-4.8,-10.2,400000,44984,0.11246,152392,0.38098
-4.8,-10,400000,45795,0.114488,152971,0.382427
-4.8,-9.8,400000,44657,0.111643,152194,0.380485
-4.8,-9.6,400000,45049,0.112623,152265,0.380663
-4.8,-9.4,400000,44722,0.111805,152464,0.38116
-4.8,-9.2,400000,45229,0.113073,152822,0.382055
-4.8,-9,400000,45017,0.112543,152757,0.381893
-4.8,-8.8,400000,44938,0.112345,152105,0.380263
-4.8,-8.6,400000,44582,0.111455,151819,0.379547
-4.8,-8.4,400000,45709,0.114272,152451,0.381128
-4.8,-8.2,400000,44584,0.11146,152036,0.38009
-4.8,-8,400000,44881,0.112202,152037,0.380092
-4.8,-7.8,400000,44789,0.111973,151843,0.379607
-4.8,-7.6,400000,44394,0.110985,152097,0.380242
-4.8,-7.4,400000,44718,0.111795,152483,0.381207
-4.8,-7.2,400000,45038,0.112595,151935,0.379837
-4.8,-7,400000,45548,0.11387,152440,0.3811
-4.8,-6.8,400000,44257,0.110643,151811,0.379528
-4.8,-6.6,400000,45188,0.11297,152360,0.3809
-4.8,-6.4,400000,45088,0.11272,152391,0.380978
-4.8,-6.2,400000,44937,0.112342,152041,0.380103
-4.8,-6,400000,45038,0.112595,152394,0.380985
-4.8,-5.8,400000,44551,0.111378,152229,0.380572
-4.8,-5.6,400000,44816,0.11204,152291,0.380727
-4.8,-5.4,400000,44966,0.112415,152662,0.381655
-4.8,-5.2,400000,45106,0.112765,152084,0.38021
-4.8,-5,400000,45361,0.113403,152298,0.380745
-4.8,-4.8,400000,45179,0.112948,151836,0.37959
-4.8,-4.6,400000,44795,0.111988,152250,0.380625
-4.8,-4.4,400000,44760,0.1119,152002,0.380005
-4.8,-4.2,400000,44988,0.11247,151536,0.37884
-4.8,-4,400000,44501,0.111253,152037,0.380092
-4.8,-3.8,400000,45458,0.113645,152676,0.38169
-4.8,-3.6,400000,44495,0.111238,151806,0.379515
-4.8,-3.4,400000,44604,0.11151,151968,0.37992
-4.8,-3.2,400000,45079,0.112698,152578,0.381445
-4.8,-3,400000,45117,0.112793,152628,0.38157
-4.8,-2.8,400000,45053,0.112632,152036,0.38009
-4.8,-2.6,400000,44696,0.11174,152069,0.380173
-4.8,-2.4,400000,44258,0.110645,151605,0.379012
-4.8,-2.2,400000,44982,0.112455,152334,0.380835
-4.8,-2,400000,45196,0.11299,152246,0.380615
-4.8,-1.8,400000,44547,0.111367,151783,0.379458
-4.8,-1.6,400000,45343,0.113357,152706,0.381765
-4.8,-1.4,400000,44497,0.111242,152674,0.381685
-4.8,-1.2,400000,44756,0.11189,151868,0.37967
-4.8,-1,400000,44778,0.111945,152632,0.38158
-4.8,-0.8,400000,44840,0.1121,152504,0.38126
-4.8,-0.6,400000,44981,0.112452,152424,0.38106
-4.8,-0.4,400000,44857,0.112143,151811,0.379528
-4.8,-0.2,400000,44711,0.111778,152595,0.381487
-4.8,0,400000,45347,0.113367,152739,0.381848
-4.8,0.2,400000,44373,0.110933,151990,0.379975
-4.8,0.4,400000,44932,0.11233,152479,0.381198
-4.8,0.6,400000,44905,0.112263,152339,0.380848
-4.8,0.8,400000,45171,0.112928,152654,0.381635
-4.8,1,400000,44423,0.111058,152148,0.38037
-4.8,1.2,400000,44571,0.111427,152063,0.380157
-4.8,1.4,400000,45041,0.112602,152272,0.38068
-4.8,1.6,400000,44990,0.112475,152182,0.380455
-4.8,1.8,400000,44923,0.112308,152465,0.381163
-4.8,2,400000,44613,0.111533,152675,0.381688
-4.8,2.2,400000,44692,0.11173,151682,0.379205
-4.8,2.4,400000,44479,0.111198,152029,0.380072
-4.8,2.6,400000,44608,0.11152,152226,0.380565
-4.8,2.8,400000,45198,0.112995,152376,0.38094
-4.8,3,400000,44848,0.11212,152211,0.380528
-4.8,3.2,400000,44788,0.11197,152486,0.381215
-4.8,3.4,400000,44911,0.112278,151880,0.3797
-4.8,3.6,400000,44264,0.11066,151277,0.378192
-4.8,3.8,400000,44263,0.110658,152153,0.380383
-4.8,4,400000,44275,0.110687,152147,0.380368
-4.8,4.2,400000,44942,0.112355,152177,0.380443
-4.8,4.4,400000,44781,0.111952,151884,0.37971
-4.8,4.6,400000,45351,0.113378,152672,0.38168
-4.8,4.8,400000,45171,0.112928,152581,0.381453
-4.8,5,400000,45222,0.113055,151589,0.378972
-4.8,5.2,400000,44771,0.111927,151734,0.379335
-4.8,5.4,400000,45322,0.113305,152437,0.381093
-4.8,5.6,400000,44643,0.111607,152166,0.380415
-4.8,5.8,400000,44865,0.112162,152550,0.381375
-4.8,6,400000,44913,0.112282,152130,0.380325
-4.8,6.2,400000,45596,0.11399,152436,0.38109
-4.8,6.4,400000,45000,0.1125,152465,0.381163
-4.8,6.6,400000,44284,0.11071,151728,0.37932
-4.8,6.8,400000,44593,0.111482,152502,0.381255
-4.8,7,400000,45269,0.113172,152578,0.381445
-4.8,7.2,400000,44747,0.111867,152307,0.380767
-4.8,7.4,400000,44491,0.111228,151827,0.379568
-4.8,7.6,400000,45044,0.11261,152791,0.381978
-4.8,7.8,400000,45291,0.113227,153122,0.382805
-4.8,8,400000,44903,0.112257,152566,0.381415
-4.8,8.2,400000,44709,0.111772,152408,0.38102
-4.8,8.4,400000,45198,0.112995,152017,0.380043
-4.8,8.6,400000,45041,0.112602,152274,0.380685
-4.8,8.8,400000,44895,0.112238,152063,0.380157
-4.8,9,400000,44923,0.112308,152350,0.380875
-4.8,9.2,400000,45191,0.112977,152307,0.380767
-4.8,9.4,400000,44861,0.112153,152181,0.380453
-4.8,9.6,400000,44406,0.111015,151759,0.379397
-4.8,9.8,400000,44851,0.112128,152026,0.380065
-4.8,10,400000,45002,0.112505,152662,0.381655
-4.8,10.2,400000,44929,0.112323,152351,0.380877
-4.8,10.4,400000,45229,0.113073,152593,0.381483
-4.8,10.6,400000,44799,0.111997,152471,0.381178
-4.8,10.8,400000,44568,0.11142,152355,0.380887
-4.8,11,400000,44570,0.111425,151662,0.379155
-4.8,11.2,400000,44410,0.111025,152293,0.380732
-4.8,11.4,400000,44962,0.112405,152461,0.381153
-4.8,11.6,400000,44081,0.110202,151775,0.379437
-4.8,11.8,400000,44943,0.112357,151843,0.379607
-4.8,12,400000,45004,0.11251,152392,0.38098
-4.8,12.2,400000,44842,0.112105,151627,0.379068
-4.8,12.4,400000,45151,0.112878,151952,0.37988
-4.8,12.6,400000,44822,0.112055,152039,0.380097
-4.8,12.8,400000,44779,0.111948,152154,0.380385
-4.8,13,400000,44981,0.112452,152351,0.380877
-4.8,13.2,400000,45109,0.112772,152612,0.38153
-4.8,13.4,400000,44462,0.111155,151581,0.378953
-4.8,13.6,400000,45082,0.112705,151974,0.379935
-4.8,13.8,400000,44882,0.112205,152293,0.380732
-4.8,14,400000,45229,0.113073,151853,0.379632
-4.8,14.2,400000,44971,0.112427,152488,0.38122
-4.8,14.4,400000,44806,0.112015,151719,0.379298
-4.8,14.6,400000,44799,0.111997,151897,0.379742
-4.8,14.8,400000,45023,0.112558,152409,0.381022
-4.8,15,400000,45473,0.113683,152677,0.381692
-4.8,15.2,400000,44694,0.111735,151911,0.379777
-4.8,15.4,400000,44721,0.111802,151887,0.379717
-4.8,15.6,400000,45130,0.112825,152117,0.380292
-4.8,15.8,400000,45126,0.112815,152443,0.381107
-4.8,16,400000,45297,0.113242,152119,0.380298
-4.8,16.2,400000,45066,0.112665,151893,0.379732
-4.8,16.4,400000,44618,0.111545,152372,0.38093
-4.8,16.6,400000,45045,0.112613,152505,0.381263
-4.8,16.8,400000,45344,0.11336,152569,0.381422
-4.8,17,400000,45009,0.112522,152295,0.380738
-4.8,17.2,400000,44576,0.11144,152210,0.380525
-4.8,17.4,400000,44811,0.112028,152138,0.380345
-4.8,17.6,400000,45275,0.113187,152427,0.381068
-4.8,17.8,400000,45205,0.113013,152752,0.38188
-4.8,18,400000,44615,0.111537,151896,0.37974
-4.8,18.2,400000,45207,0.113018,152229,0.380572
-4.8,18.4,400000,45102,0.112755,152302,0.380755
-4.8,18.6,400000,44940,0.11235,151934,0.379835
-4.8,18.8,400000,45003,0.112507,152434,0.381085
-4.8,19,400000,45108,0.11277,152290,0.380725
-4.8,19.2,400000,45013,0.112532,152479,0.381198
-4.8,19.4,400000,44945,0.112363,152182,0.380455
-4.8,19.6,400000,45021,0.112552,152197,0.380493
-4.8,19.8,400000,45100,0.11275,152098,0.380245
-4.8,20,400000,44892,0.11223,152284,0.38071
-4.8,20.2,400000,44659,0.111647,152696,0.38174
-4.8,20.4,400000,44703,0.111757,152197,0.380493
-4.8,20.6,400000,45146,0.112865,151529,0.378823
-4.8,20.8,400000,44876,0.11219,151872,0.37968
-4.8,21,400000,44517,0.111293,151588,0.37897
-4.8,21.2,400000,44923,0.112308,152713,0.381783
-4.8,21.4,400000,45017,0.112543,152034,0.380085
-4.8,21.6,400000,44952,0.11238,152588,0.38147
-4.8,21.8,400000,44779,0.111948,152730,0.381825
-4.8,22,400000,44644,0.11161,152105,0.380263
-4.8,22.2,400000,44351,0.110878,151664,0.37916
-4.8,22.4,400000,45254,0.113135,152586,0.381465
-4.8,22.6,400000,44814,0.112035,151857,0.379642
-4.8,22.8,400000,44676,0.11169,151997,0.379993
-4.8,23,400000,44706,0.111765,151873,0.379682
-4.8,23.2,400000,44823,0.112058,151751,0.379377
-4.8,23.4,400000,44915,0.112287,152006,0.380015
-4.8,23.6,400000,45175,0.112937,152650,0.381625
-4.8,23.8,400000,44662,0.111655,151877,0.379692
-4.8,24,400000,44583,0.111458,151441,0.378603
-4.8,24.2,400000,45079,0.112698,152171,0.380427
-4.8,24.4,400000,45047,0.112617,152050,0.380125
-4.8,24.6,400000,44853,0.112132,152281,0.380702
-4.8,24.8,400000,45252,0.11313,152395,0.380987
-4.8,25,400000,45182,0.112955,152703,0.381758
-4.8,25.2,400000,44507,0.111268,152144,0.38036
-4.8,25.4,400000,44731,0.111827,151600,0.379
-4.8,25.6,400000,44480,0.1112,152068,0.38017
-4.8,25.8,400000,45034,0.112585,152266,0.380665
-4.8,26,400000,45127,0.112818,152538,0.381345
-4.8,26.2,400000,44406,0.111015,152069,0.380173
-4.8,26.4,400000,45247,0.113117,152357,0.380893
-4.8,26.6,400000,44719,0.111797,152036,0.38009
-4.8,26.8,400000,44997,0.112492,151889,0.379723
-4.8,27,400000,44560,0.1114,151632,0.37908
-4.8,27.2,400000,45042,0.112605,152717,0.381792
-4.8,27.4,400000,44506,0.111265,151747,0.379368
-4.8,27.6,400000,44598,0.111495,151905,0.379763
-4.8,27.8,400000,44458,0.111145,151050,0.377625
-4.8,28,400000,45001,0.112503,152250,0.380625
-4.8,28.2,400000,44877,0.112193,151965,0.379912
-4.8,28.4,400000,44576,0.11144,152159,0.380397
-4.8,28.6,400000,45409,0.113522,152418,0.381045
-4.8,28.8,400000,44383,0.110958,151604,0.37901
-4.8,29,400000,44770,0.111925,152686,0.381715
-4.8,29.2,400000,44742,0.111855,152804,0.38201
-4.8,29.4,400000,44641,0.111602,152853,0.382132
-4.8,29.6,400000,45109,0.112772,151960,0.3799
-4.8,29.8,400000,44816,0.11204,151604,0.37901
-4.8,30,400000,44864,0.11216,152355,0.380887
-4.8,30.2,400000,44560,0.1114,151825,0.379563
-4.8,30.4,400000,45246,0.113115,152134,0.380335
-4.8,30.6,400000,44292,0.11073,151888,0.37972
-4.8,30.8,400000,44655,0.111638,151833,0.379582
-4.8,31,400000,44816,0.11204,152046,0.380115
-4.8,31.2,400000,44569,0.111422,151959,0.379897
-4.8,31.4,400000,45232,0.11308,152762,0.381905
-4.8,31.6,400000,45306,0.113265,152231,0.380578
-4.8,31.8,400000,44399,0.110997,151864,0.37966
-4.8,32,400000,44241,0.110603,151712,0.37928
-4.8,32.2,400000,45112,0.11278,151957,0.379893
-4.8,32.4,400000,44316,0.11079,151907,0.379767
-4.8,32.6,400000,44860,0.11215,151821,0.379553
-4.8,32.8,400000,44949,0.112373,151921,0.379802
-4.8,33,400000,43779,0.109448,151887,0.379717
-4.8,33.2,400000,45067,0.112668,152155,0.380387
-4.8,33.4,400000,44531,0.111327,151810,0.379525
-4.8,33.6,400000,45452,0.11363,152522,0.381305
-4.8,33.8,400000,44529,0.111323,152341,0.380852
-4.8,34,400000,44897,0.112242,151972,0.37993
-4.8,34.2,400000,44898,0.112245,152372,0.38093
-4.8,34.4,400000,45105,0.112763,151797,0.379493
-4.8,34.6,400000,44561,0.111403,151868,0.37967
-4.8,34.8,400000,44402,0.111005,151728,0.37932
-4.8,35,400000,44655,0.111638,152246,0.380615
-4.8,35.2,400000,44604,0.11151,152351,0.380877
-4.8,35.4,400000,44930,0.112325,152297,0.380742
-4.8,35.6,400000,44900,0.11225,152231,0.380578
-4.8,35.8,400000,44396,0.11099,151537,0.378843
-4.8,36,400000,44296,0.11074,151889,0.379723
-4.8,36.2,400000,44940,0.11235,152086,0.380215
-4.8,36.4,400000,44512,0.11128,152313,0.380783
-4.8,36.6,400000,44832,0.11208,152089,0.380223
-4.8,36.8,400000,44364,0.11091,151785,0.379462
-4.8,37,400000,45164,0.11291,152319,0.380798
-4.8,37.2,400000,44912,0.11228,151517,0.378792
-4.8,37.4,400000,45189,0.112973,152305,0.380763
-4.8,37.6,400000,44383,0.110958,151851,0.379628
-4.8,37.8,400000,45280,0.1132,152097,0.380242
-4.8,38,400000,44899,0.112248,152273,0.380682
-4.8,38.2,400000,44579,0.111448,151422,0.378555
-4.8,38.4,400000,45101,0.112753,152300,0.38075
-4.8,38.6,400000,44659,0.111647,152062,0.380155
-4.8,38.8,400000,44099,0.110247,151344,0.37836
-4.8,39,400000,45092,0.11273,152245,0.380613
-4.8,39.2,400000,44690,0.111725,151950,0.379875
-4.8,39.4,400000,45309,0.113272,152757,0.381893
-4.8,39.6,400000,44635,0.111588,152151,0.380377
-4.8,39.8,400000,44609,0.111522,151763,0.379408
-4.8,40,400000,44544,0.11136,151847,0.379617
-4.8,40.2,400000,45110,0.112775,151792,0.37948
-4.8,40.4,400000,44570,0.111425,151975,0.379937
-4.8,40.6,400000,44729,0.111823,152021,0.380053
-4.8,40.8,400000,44874,0.112185,152124,0.38031
-4.8,41,400000,45089,0.112723,152190,0.380475
-4.8,41.2,400000,44568,0.11142,151673,0.379182
-4.8,41.4,400000,44357,0.110893,152032,0.38008
-4.8,41.6,400000,44830,0.112075,152249,0.380622
-4.8,41.8,400000,45229,0.113073,152340,0.38085
-4.8,42,400000,44717,0.111793,152035,0.380088
-4.8,42.2,400000,45242,0.113105,152408,0.38102
-4.8,42.4,400000,44488,0.11122,151276,0.37819
-4.8,42.6,400000,44906,0.112265,151874,0.379685
-4.8,42.8,400000,44583,0.111458,152443,0.381107
-4.8,43,400000,44382,0.110955,151543,0.378858
-4.8,43.2,400000,44599,0.111497,152210,0.380525
-4.8,43.4,400000,44955,0.112388,152024,0.38006
-4.8,43.6,400000,45019,0.112547,152338,0.380845
-4.8,43.8,400000,44396,0.11099,151546,0.378865
-4.8,44,400000,44971,0.112427,152414,0.381035
-4.8,44.2,400000,44827,0.112068,151888,0.37972
-4.8,44.4,400000,45005,0.112513,151883,0.379707
-4.8,44.6,400000,44706,0.111765,152065,0.380163
-4.8,44.8,400000,45091,0.112727,152133,0.380333
-4.8,45,400000,44784,0.11196,151888,0.37972
-4.8,45.2,400000,44671,0.111677,151448,0.37862
-4.8,45.4,400000,45067,0.112668,151880,0.3797
-4.8,45.6,400000,45075,0.112687,152384,0.38096
-4.8,45.8,400000,45142,0.112855,151619,0.379047
-4.8,46,400000,45025,0.112562,152063,0.380157
-4.8,46.2,400000,44059,0.110147,151908,0.37977
-4.8,46.4,400000,44802,0.112005,152808,0.38202
-4.8,46.6,400000,45004,0.11251,152082,0.380205
-4.8,46.8,400000,45151,0.112878,152477,0.381192
-4.8,47,400000,45540,0.11385,152268,0.38067
-4.8,47.2,400000,44535,0.111338,151937,0.379843
-4.8,47.4,400000,44730,0.111825,151891,0.379727
-4.8,47.6,400000,44555,0.111388,152319,0.380798
-4.8,47.8,400000,44932,0.11233,151927,0.379817
-4.8,48,400000,44938,0.112345,152184,0.38046
-4.8,48.2,400000,44605,0.111513,152085,0.380213
-4.8,48.4,400000,44577,0.111442,152351,0.380877
-4.8,48.6,400000,45262,0.113155,152155,0.380387
-4.8,48.8,400000,45293,0.113232,152237,0.380593
-4.8,49,400000,44767,0.111918,152095,0.380238
-4.8,49.2,400000,45035,0.112587,151899,0.379748
-4.8,49.4,400000,44391,0.110978,151021,0.377553
-4.8,49.6,400000,44265,0.110662,151842,0.379605
-4.8,49.8,400000,44808,0.11202,152723,0.381808
-4.8,50,400000,44727,0.111818,152210,0.380525
-4.6,-50,400000,44795,0.111988,152037,0.380092
-4.6,-49.8,400000,44725,0.111812,151641,0.379103
-4.6,-49.6,400000,44353,0.110882,151724,0.37931
-4.6,-49.4,400000,45264,0.11316,152457,0.381142
-4.6,-49.2,400000,44965,0.112412,151634,0.379085
-4.6,-49,400000,44816,0.11204,151814,0.379535
-4.6,-48.8,400000,45409,0.113522,152537,0.381342
-4.6,-48.6,400000,45149,0.112873,152245,0.380613
-4.6,-48.4,400000,44791,0.111977,152329,0.380823
-4.6,-48.2,400000,44846,0.112115,152339,0.380848
-4.6,-48,400000,44447,0.111117,151820,0.37955
-4.6,-47.8,400000,44697,0.111742,152152,0.38038
-4.6,-47.6,400000,45148,0.11287,151904,0.37976
-4.6,-47.4,400000,44616,0.11154,151834,0.379585
-4.6,-47.2,400000,44637,0.111592,152523,0.381308
-4.6,-47,400000,44880,0.1122,151851,0.379628
-4.6,-46.8,400000,45203,0.113007,152454,0.381135
-4.6,-46.6,400000,45193,0.112982,152033,0.380082
-4.6,-46.4,400000,44878,0.112195,151452,0.37863
-4.6,-46.2,400000,44937,0.112342,152193,0.380483
-4.6,-46,400000,44220,0.11055,151745,0.379362
-4.6,-45.8,400000,44650,0.111625,151654,0.379135
-4.6,-45.6,400000,45391,0.113477,152027,0.380068
-4.6,-45.4,400000,44537,0.111342,152502,0.381255
-4.6,-45.2,400000,44514,0.111285,152098,0.380245
-4.6,-45,400000,44942,0.112355,152234,0.380585
-4.6,-44.8,400000,45032,0.11258,152419,0.381047
-4.6,-44.6,400000,44170,0.110425,151775,0.379437
-4.6,-44.4,400000,45237,0.113092,152772,0.38193
-4.6,-44.2,400000,44972,0.11243,152290,0.380725
-4.6,-44,400000,44746,0.111865,152585,0.381462
-4.6,-43.8,400000,44240,0.1106,151949,0.379873
-4.6,-43.6,400000,44760,0.1119,152482,0.381205
-4.6,-43.4,400000,44689,0.111723,152022,0.380055
-4.6,-43.2,400000,44786,0.111965,151798,0.379495
-4.6,-43,400000,44766,0.111915,151541,0.378852
-4.6,-42.8,400000,43979,0.109948,151325,0.378312
-4.6,-42.6,400000,44641,0.111602,151946,0.379865
-4.6,-42.4,400000,44154,0.110385,151647,0.379117
-4.6,-42.2,400000,44649,0.111622,151997,0.379993
-4.6,-42,400000,44594,0.111485,152108,0.38027
-4.6,-41.8,400000,45026,0.112565,152512,0.38128
-4.6,-41.6,400000,44895,0.112238,152356,0.38089
-4.6,-41.4,400000,44620,0.11155,151893,0.379732
-4.6,-41.2,400000,44902,0.112255,152157,0.380393
-4.6,-41,400000,45181,0.112952,152196,0.38049
-4.6,-40.8,400000,45253,0.113132,152010,0.380025
-4.6,-40.6,400000,44404,0.11101,151496,0.37874
-4.6,-40.4,400000,45197,0.112992,152346,0.380865
-4.6,-40.2,400000,44629,0.111573,151932,0.37983
-4.6,-40,400000,44942,0.112355,152498,0.381245
-4.6,-39.8,400000,44432,0.11108,151915,0.379788
-4.6,-39.6,400000,44349,0.110872,151542,0.378855
-4.6,-39.4,400000,44587,0.111467,152068,0.38017
-4.6,-39.2,400000,45082,0.112705,152804,0.38201
-4.6,-39,400000,44892,0.11223,152083,0.380207
-4.6,-38.8,400000,44713,0.111783,152428,0.38107
-4.6,-38.6,400000,44540,0.11135,151527,0.378817
-4.6,-38.4,400000,44715,0.111787,152603,0.381507
-4.6,-38.2,400000,45056,0.11264,151736,0.37934
-4.6,-38,400000,44791,0.111977,151987,0.379968
-4.6,-37.8,400000,44797,0.111992,152081,0.380202
-4.6,-37.6,400000,44918,0.112295,151955,0.379887
-4.6,-37.4,400000,44720,0.1118,151189,0.377972
-4.6,-37.2,400000,44357,0.110893,151890,0.379725
-4.6,-37,400000,45028,0.11257,152072,0.38018
-4.6,-36.8,400000,44379,0.110948,151898,0.379745
-4.6,-36.6,400000,44108,0.11027,150868,0.37717
-4.6,-36.4,400000,44885,0.112213,152072,0.38018
-4.6,-36.2,400000,43973,0.109933,151844,0.37961
-4.6,-36,400000,45204,0.11301,152399,0.380997
-4.6,-35.8,400000,44877,0.112193,151996,0.37999
-4.6,-35.6,400000,45187,0.112967,152200,0.3805
-4.6,-35.4,400000,44527,0.111317,151648,0.37912
-4.6,-35.2,400000,44581,0.111452,151909,0.379773
-4.6,-35,400000,44934,0.112335,152128,0.38032
-4.6,-34.8,400000,44840,0.1121,152182,0.380455
-4.6,-34.6,400000,44874,0.112185,152093,0.380232
-4.6,-34.4,400000,45466,0.113665,152076,0.38019
-4.6,-34.2,400000,44292,0.11073,151384,0.37846
-4.6,-34,400000,44657,0.111643,152265,0.380663
-4.6,-33.8,400000,44867,0.112168,151721,0.379302
-4.6,-33.6,400000,44485,0.111213,151810,0.379525
-4.6,-33.4,400000,45157,0.112893,152460,0.38115
-4.6,-33.2,400000,44441,0.111103,151471,0.378678
-4.6,-33,400000,44837,0.112092,152605,0.381512
-4.6,-32.8,400000,44782,0.111955,152456,0.38114
-4.6,-32.6,400000,44545,0.111363,151265,0.378163
-4.6,-32.4,400000,44561,0.111403,152243,0.380607
-4.6,-32.2,400000,44906,0.112265,151754,0.379385
-4.6,-32,400000,44996,0.11249,152276,0.38069
-4.6,-31.8,400000,45010,0.112525,152019,0.380047
-4.6,-31.6,400000,44668,0.11167,151839,0.379597
-4.6,-31.4,400000,45098,0.112745,152585,0.381462
-4.6,-31.2,400000,44786,0.111965,151938,0.379845
-4.6,-31,400000,45098,0.112745,152243,0.380607
-4.6,-30.8,400000,44690,0.111725,152065,0.380163
-4.6,-30.6,400000,44307,0.110768,152034,0.380085
-4.6,-30.4,400000,44654,0.111635,152321,0.380802
-4.6,-30.2,400000,45063,0.112657,152603,0.381507
-4.6,-30,400000,45337,0.113342,152565,0.381412
-4.6,-29.8,400000,45210,0.113025,152759,0.381898
-4.6,-29.6,400000,44994,0.112485,151967,0.379918
-4.6,-29.4,400000,44749,0.111872,151835,0.379588
-4.6,-29.2,400000,45143,0.112857,151590,0.378975
-4.6,-29,400000,44967,0.112418,152305,0.380763
-4.6,-28.8,400000,44678,0.111695,151476,0.37869
-4.6,-28.6,400000,44301,0.110753,151790,0.379475
-4.6,-28.4,400000,44666,0.111665,152230,0.380575
-4.6,-28.2,400000,44749,0.111872,151737,0.379343
-4.6,-28,400000,44592,0.11148,152071,0.380178
-4.6,-27.8,400000,45243,0.113107,152237,0.380593
-4.6,-27.6,400000,45086,0.112715,152233,0.380582
-4.6,-27.4,400000,45128,0.11282,152334,0.380835
-4.6,-27.2,400000,44960,0.1124,152443,0.381107
-4.6,-27,400000,44461,0.111153,151797,0.379493
-4.6,-26.8,400000,44557,0.111393,152436,0.38109
-4.6,-26.6,400000,44566,0.111415,152007,0.380018
-4.6,-26.4,400000,44751,0.111878,152029,0.380072
-4.6,-26.2,400000,44595,0.111488,151847,0.379617
-4.6,-26,400000,44845,0.112113,152568,0.38142
-4.6,-25.8,400000,44604,0.11151,151878,0.379695
-4.6,-25.6,400000,45326,0.113315,152520,0.3813
-4.6,-25.4,400000,45033,0.112583,152646,0.381615
-4.6,-25.2,400000,45012,0.11253,152363,0.380908
-4.6,-25,400000,45016,0.11254,152956,0.38239
-4.6,-24.8,400000,44842,0.112105,152309,0.380773
-4.6,-24.6,400000,44606,0.111515,151741,0.379352
-4.6,-24.4,400000,44837,0.112092,152822,0.382055
-4.6,-24.2,400000,44501,0.111253,151192,0.37798
-4.6,-24,400000,44449,0.111122,152007,0.380018
-4.6,-23.8,400000,44669,0.111672,151190,0.377975
-4.6,-23.6,400000,44394,0.110985,151908,0.37977
-4.6,-23.4,400000,45068,0.11267,152103,0.380258
-4.6,-23.2,400000,45186,0.112965,152137,0.380342
-4.6,-23,400000,44773,0.111933,151626,0.379065
-4.6,-22.8,400000,45076,0.11269,151909,0.379773
-4.6,-22.6,400000,44615,0.111537,151929,0.379823
-4.6,-22.4,400000,44737,0.111842,152652,0.38163
-4.6,-22.2,400000,44532,0.11133,151556,0.37889
-4.6,-22,400000,44781,0.111952,152340,0.38085
-4.6,-21.8,400000,44793,0.111982,152403,0.381007
-4.6,-21.6,400000,44976,0.11244,152290,0.380725
-4.6,-21.4,400000,45079,0.112698,152067,0.380167
-4.6,-21.2,400000,44518,0.111295,152165,0.380412
-4.6,-21,400000,44568,0.11142,152298,0.380745
-4.6,-20.8,400000,45062,0.112655,152132,0.38033
-4.6,-20.6,400000,44840,0.1121,152185,0.380462
-4.6,-20.4,400000,44498,0.111245,152393,0.380983
-4.6,-20.2,400000,44808,0.11202,151350,0.378375
-4.6,-20,400000,44790,0.111975,152409,0.381022
-4.6,-19.8,400000,44775,0.111937,151718,0.379295
-4.6,-19.6,400000,44486,0.111215,151581,0.378953
-4.6,-19.4,400000,44593,0.111482,152544,0.38136
-4.6,-19.2,400000,45144,0.11286,152534,0.381335
-4.6,-19,400000,44525,0.111312,151614,0.379035
-4.6,-18.8,400000,45044,0.11261,152353,0.380883
-4.6,-18.6,400000,44863,0.112157,152408,0.38102
-4.6,-18.4,400000,44709,0.111772,151687,0.379217
-4.6,-18.2,400000,44566,0.111415,151730,0.379325
-4.6,-18,400000,44999,0.112498,152099,0.380248
-4.6,-17.8,400000,45085,0.112712,152303,0.380758
-4.6,-17.6,400000,45196,0.11299,152467,0.381167
-4.6,-17.4,400000,44053,0.110132,151969,0.379922
-4.6,-17.2,400000,44810,0.112025,152514,0.381285
-4.6,-17,400000,44593,0.111482,152376,0.38094
-4.6,-16.8,400000,44530,0.111325,152213,0.380532
-4.6,-16.6,400000,44647,0.111617,152497,0.381242
-4.6,-16.4,400000,44860,0.11215,152112,0.38028
-4.6,-16.2,400000,44323,0.110808,151577,0.378943
-4.6,-16,400000,44840,0.1121,152439,0.381097
-4.6,-15.8,400000,44828,0.11207,152458,0.381145
-4.6,-15.6,400000,44476,0.11119,151538,0.378845
-4.6,-15.4,400000,44792,0.11198,151989,0.379972
-4.6,-15.2,400000,45313,0.113282,152621,0.381553
-4.6,-15,400000,44940,0.11235,152384,0.38096
-4.6,-14.8,400000,44773,0.111933,152103,0.380258
-4.6,-14.6,400000,44440,0.1111,151629,0.379072
-4.6,-14.4,400000,44351,0.110878,151613,0.379032
-4.6,-14.2,400000,44213,0.110533,152246,0.380615
-4.6,-14,400000,44985,0.112463,151757,0.379393
-4.6,-13.8,400000,44953,0.112382,152397,0.380993
-4.6,-13.6,400000,44824,0.11206,152105,0.380263
-4.6,-13.4,400000,44802,0.112005,152068,0.38017
-4.6,-13.2,400000,44528,0.11132,151383,0.378458
-4.6,-13,400000,44761,0.111903,151611,0.379028
-4.6,-12.8,400000,45096,0.11274,152264,0.38066
-4.6,-12.6,400000,44799,0.111997,152334,0.380835
-4.6,-12.4,400000,44673,0.111683,151991,0.379978
-4.6,-12.2,400000,44662,0.111655,151726,0.379315
-4.6,-12,400000,45307,0.113267,152297,0.380742
-4.6,-11.8,400000,44790,0.111975,152416,0.38104
-4.6,-11.6,400000,44427,0.111067,151965,0.379912
-4.6,-11.4,400000,44964,0.11241,152255,0.380638
-4.6,-11.2,400000,44887,0.112217,152660,0.38165
-4.6,-11,400000,44474,0.111185,152107,0.380267
-4.6,-10.8,400000,44414,0.111035,151801,0.379503
-4.6,-10.6,400000,44406,0.111015,152145,0.380362
-4.6,-10.4,400000,44713,0.111783,152580,0.38145
-4.6,-10.2,400000,44518,0.111295,152325,0.380812
-4.6,-10,400000,44877,0.112193,152325,0.380812
-4.6,-9.8,400000,44649,0.111622,152565,0.381412
-4.6,-9.6,400000,44303,0.110757,151584,0.37896
-4.6,-9.4,400000,44663,0.111658,152142,0.380355
-4.6,-9.2,400000,44619,0.111547,152288,0.38072
-4.6,-9,400000,44502,0.111255,151996,0.37999
-4.6,-8.8,400000,45033,0.112583,152769,0.381922
-4.6,-8.6,400000,44857,0.112143,152258,0.380645
-4.6,-8.4,400000,45115,0.112787,151835,0.379588
-4.6,-8.2,400000,44622,0.111555,152032,0.38008
-4.6,-8,400000,44637,0.111592,152423,0.381057
-4.6,-7.8,400000,44511,0.111278,151761,0.379402
-4.6,-7.6,400000,45064,0.11266,152054,0.380135
-4.6,-7.4,400000,44898,0.112245,152164,0.38041
-4.6,-7.2,400000,44989,0.112473,152293,0.380732
-4.6,-7,400000,44517,0.111293,151882,0.379705
-4.6,-6.8,400000,44275,0.110687,151639,0.379097
-4.6,-6.6,400000,45083,0.112708,151921,0.379802
-4.6,-6.4,400000,44751,0.111878,152131,0.380327
-4.6,-6.2,400000,44622,0.111555,152398,0.380995
-4.6,-6,400000,44854,0.112135,151421,0.378553
-4.6,-5.8,400000,45101,0.112753,152199,0.380497
-4.6,-5.6,400000,45011,0.112528,152164,0.38041
-4.6,-5.4,400000,44915,0.112287,152029,0.380072
-4.6,-5.2,400000,44332,0.11083,151654,0.379135
-4.6,-5,400000,44192,0.11048,151899,0.379748
-4.6,-4.8,400000,44685,0.111713,151495,0.378738
-4.6,-4.6,400000,45048,0.11262,152204,0.38051
-4.6,-4.4,400000,44290,0.110725,151582,0.378955
-4.6,-4.2,400000,44787,0.111967,152385,0.380962
-4.6,-4,400000,44806,0.112015,152318,0.380795
-4.6,-3.8,400000,44647,0.111617,151472,0.37868
-4.6,-3.6,400000,44823,0.112058,151874,0.379685
-4.6,-3.4,400000,44748,0.11187,152178,0.380445
-4.6,-3.2,400000,45060,0.11265,152026,0.380065
-4.6,-3,400000,44865,0.112162,152266,0.380665
-4.6,-2.8,400000,44989,0.112473,152582,0.381455
-4.6,-2.6,400000,44776,0.11194,152317,0.380792
-4.6,-2.4,400000,45180,0.11295,152575,0.381437
-4.6,-2.2,400000,44449,0.111122,151908,0.37977
-4.6,-2,400000,45143,0.112857,152386,0.380965
-4.6,-1.8,400000,44929,0.112323,151855,0.379638
-4.6,-1.6,400000,44735,0.111838,151983,0.379958
-4.6,-1.4,400000,44571,0.111427,152077,0.380192
-4.6,-1.2,400000,44582,0.111455,152253,0.380632
-4.6,-1,400000,44705,0.111763,152010,0.380025
-4.6,-0.8,400000,45099,0.112748,152543,0.381358
-4.6,-0.6,400000,45226,0.113065,151888,0.37972
-4.6,-0.4,400000,44811,0.112028,151888,0.37972
-4.6,-0.2,400000,45108,0.11277,152603,0.381507
-4.6,0,400000,45566,0.113915,152316,0.38079
-4.6,0.2,400000,44093,0.110232,151957,0.379893
-4.6,0.4,400000,45168,0.11292,152231,0.380578
-4.6,0.6,400000,45149,0.112873,151951,0.379877
-4.6,0.8,400000,44918,0.112295,151816,0.37954
-4.6,1,400000,45295,0.113238,152101,0.380252
-4.6,1.2,400000,44798,0.111995,151714,0.379285
-4.6,1.4,400000,44544,0.11136,152005,0.380012
-4.6,1.6,400000,44827,0.112068,152428,0.38107
-4.6,1.8,400000,45123,0.112808,151983,0.379958
-4.6,2,400000,45008,0.11252,152023,0.380057
-4.6,2.2,400000,44928,0.11232,152135,0.380337
-4.6,2.4,400000,44206,0.110515,151352,0.37838
-4.6,2.6,400000,44890,0.112225,152512,0.38128
-4.6,2.8,400000,44970,0.112425,152180,0.38045
-4.6,3,400000,44716,0.11179,152086,0.380215
-4.6,3.2,400000,44864,0.11216,152075,0.380188
-4.6,3.4,400000,44617,0.111543,152434,0.381085
-4.6,3.6,400000,44786,0.111965,152943,0.382358
-4.6,3.8,400000,44832,0.11208,152442,0.381105
-4.6,4,400000,44722,0.111805,151682,0.379205
-4.6,4.2,400000,44858,0.112145,152714,0.381785
-4.6,4.4,400000,45052,0.11263,152142,0.380355
-4.6,4.6,400000,44862,0.112155,152387,0.380968
-4.6,4.8,400000,44896,0.11224,151837,0.379592
-4.6,5,400000,45042,0.112605,152561,0.381402
-4.6,5.2,400000,44909,0.112272,151637,0.379092
-4.6,5.4,400000,44465,0.111162,152155,0.380387
-4.6,5.6,400000,44944,0.11236,152485,0.381213
-4.6,5.8,400000,44901,0.112253,152484,0.38121
-4.6,6,400000,44544,0.11136,152373,0.380933
-4.6,6.2,400000,45013,0.112532,152099,0.380248
-4.6,6.4,400000,44419,0.111047,152205,0.380512
-4.6,6.6,400000,44573,0.111433,152070,0.380175
-4.6,6.8,400000,44926,0.112315,152479,0.381198
-4.6,7,400000,45092,0.11273,151933,0.379833
-4.6,7.2,400000,45053,0.112632,152529,0.381323
-4.6,7.4,400000,44798,0.111995,151584,0.37896
-4.6,7.6,400000,45003,0.112507,152423,0.381057
-4.6,7.8,400000,44384,0.11096,152107,0.380267
-4.6,8,400000,44419,0.111047,151900,0.37975
-4.6,8.2,400000,44991,0.112477,151534,0.378835
-4.6,8.4,400000,44865,0.112162,152708,0.38177
-4.6,8.6,400000,44876,0.11219,152394,0.380985
-4.6,8.8,400000,44964,0.11241,152111,0.380277
-4.6,9,400000,44807,0.112018,152420,0.38105
-4.6,9.2,400000,44937,0.112342,152558,0.381395
-4.6,9.4,400000,45084,0.11271,152094,0.380235
-4.6,9.6,400000,44538,0.111345,152063,0.380157
-4.6,9.8,400000,44404,0.11101,152071,0.380178
-4.6,10,400000,44538,0.111345,152654,0.381635
-4.6,10.2,400000,44784,0.11196,151901,0.379752
-4.6,10.4,400000,44591,0.111477,151886,0.379715
-4.6,10.6,400000,44138,0.110345,151589,0.378972
-4.6,10.8,400000,45035,0.112587,152500,0.38125
-4.6,11,400000,44510,0.111275,151825,0.379563
-4.6,11.2,400000,44350,0.110875,152202,0.380505
-4.6,11.4,400000,44598,0.111495,151879,0.379698
-4.6,11.6,400000,45564,0.11391,152471,0.381178
-4.6,11.8,400000,44548,0.11137,151455,0.378638
-4.6,12,400000,44734,0.111835,152074,0.380185
-4.6,12.2,400000,44871,0.112177,152465,0.381163
-4.6,12.4,400000,44856,0.11214,152543,0.381358
-4.6,12.6,400000,44650,0.111625,152322,0.380805
-4.6,12.8,400000,44781,0.111952,151819,0.379547
-4.6,13,400000,44844,0.11211,152278,0.380695
-4.6,13.2,400000,44534,0.111335,151768,0.37942
-4.6,13.4,400000,45099,0.112748,152719,0.381798
-4.6,13.6,400000,44746,0.111865,152187,0.380468
-4.6,13.8,400000,45231,0.113077,152184,0.38046
-4.6,14,400000,44718,0.111795,151619,0.379047
-4.6,14.2,400000,44926,0.112315,152468,0.38117
-4.6,14.4,400000,45315,0.113287,152358,0.380895
-4.6,14.6,400000,45018,0.112545,152070,0.380175
-4.6,14.8,400000,45445,0.113613,152512,0.38128
-4.6,15,400000,44639,0.111598,151950,0.379875
-4.6,15.2,400000,44793,0.111982,152555,0.381387
-4.6,15.4,400000,45189,0.112973,152196,0.38049
-4.6,15.6,400000,44789,0.111973,152047,0.380117
-4.6,15.8,400000,45081,0.112702,152253,0.380632
-4.6,16,400000,44535,0.111338,151725,0.379312
-4.6,16.2,400000,44769,0.111922,152237,0.380593
-4.6,16.4,400000,45076,0.11269,152042,0.380105
-4.6,16.6,400000,45045,0.112613,152239,0.380597
-4.6,16.8,400000,44889,0.112223,152222,0.380555
-4.6,17,400000,44386,0.110965,152078,0.380195
-4.6,17.2,400000,45123,0.112808,152121,0.380302
-4.6,17.4,400000,44889,0.112223,151645,0.379113
-4.6,17.6,400000,45001,0.112503,152091,0.380227
-4.6,17.8,400000,45214,0.113035,152469,0.381173
-4.6,18,400000,44978,0.112445,152463,0.381157
-4.6,18.2,400000,44967,0.112418,152383,0.380958
-4.6,18.4,400000,44482,0.111205,151862,0.379655
-4.6,18.6,400000,44512,0.11128,152242,0.380605
-4.6,18.8,400000,44482,0.111205,152097,0.380242
-4.6,19,400000,44496,0.11124,152115,0.380288
-4.6,19.2,400000,44794,0.111985,151897,0.379742
-4.6,19.4,400000,44224,0.11056,151751,0.379377
-4.6,19.6,400000,44418,0.111045,151880,0.3797
-4.6,19.8,400000,44296,0.11074,151475,0.378688
-4.6,20,400000,45098,0.112745,151844,0.37961
-4.6,20.2,400000,44312,0.11078,152108,0.38027
-4.6,20.4,400000,44398,0.110995,152309,0.380773
-4.6,20.6,400000,45437,0.113592,152576,0.38144
-4.6,20.8,400000,44937,0.112342,152510,0.381275
-4.6,21,400000,44716,0.11179,152451,0.381128
-4.6,21.2,400000,44762,0.111905,151981,0.379953
-4.6,21.4,400000,44328,0.11082,151659,0.379148
-4.6,21.6,400000,45260,0.11315,152582,0.381455
-4.6,21.8,400000,44952,0.11238,152192,0.38048
-4.6,22,400000,44190,0.110475,151846,0.379615
-4.6,22.2,400000,44619,0.111547,151455,0.378638
-4.6,22.4,400000,44327,0.110817,152227,0.380568
-4.6,22.6,400000,45191,0.112977,152365,0.380912
-4.6,22.8,400000,44522,0.111305,152401,0.381003
-4.6,23,400000,45224,0.11306,152661,0.381653
-4.6,23.2,400000,44532,0.11133,151696,0.37924
-4.6,23.4,400000,44826,0.112065,151951,0.379877
-4.6,23.6,400000,45000,0.1125,152071,0.380178
-4.6,23.8,400000,44992,0.11248,151929,0.379823
-4.6,24,400000,45124,0.11281,152916,0.38229
-4.6,24.2,400000,44236,0.11059,152362,0.380905
-4.6,24.4,400000,44398,0.110995,151704,0.37926
-4.6,24.6,400000,44944,0.11236,152047,0.380117
-4.6,24.8,400000,44520,0.1113,152183,0.380458
-4.6,25,400000,44575,0.111437,151860,0.37965
-4.6,25.2,400000,44807,0.112018,152207,0.380518
-4.6,25.4,400000,45179,0.112948,152907,0.382267
-4.6,25.6,400000,44908,0.11227,152015,0.380037
-4.6,25.8,400000,44922,0.112305,151822,0.379555
-4.6,26,400000,45281,0.113202,152677,0.381692
-4.6,26.2,400000,44826,0.112065,152096,0.38024
-4.6,26.4,400000,45375,0.113437,152234,0.380585
-4.6,26.6,400000,44508,0.11127,151596,0.37899
-4.6,26.8,400000,45312,0.11328,152100,0.38025
-4.6,27,400000,44871,0.112177,151926,0.379815
-4.6,27.2,400000,44447,0.111117,151484,0.37871
-4.6,27.4,400000,44882,0.112205,151639,0.379097
-4.6,27.6,400000,44428,0.11107,151315,0.378287
-4.6,27.8,400000,44976,0.11244,152320,0.3808
-4.6,28,400000,44878,0.112195,152437,0.381093
-4.6,28.2,400000,44263,0.110658,152376,0.38094
-4.6,28.4,400000,45161,0.112903,152530,0.381325
-4.6,28.6,400000,44891,0.112227,151864,0.37966
-4.6,28.8,400000,44721,0.111802,151756,0.37939
-4.6,29,400000,44750,0.111875,152670,0.381675
-4.6,29.2,400000,44384,0.11096,151571,0.378927
-4.6,29.4,400000,44725,0.111812,151692,0.37923
-4.6,29.6,400000,44403,0.111007,152470,0.381175
-4.6,29.8,400000,45444,0.11361,152137,0.380342
-4.6,30,400000,44726,0.111815,152444,0.38111
-4.6,30.2,400000,44933,0.112333,152538,0.381345
-4.6,30.4,400000,44589,0.111473,152169,0.380422
-4.6,30.6,400000,44870,0.112175,152465,0.381163
-4.6,30.8,400000,44636,0.11159,152163,0.380408
-4.6,31,400000,44879,0.112198,152594,0.381485
-4.6,31.2,400000,44865,0.112162,151984,0.37996
-4.6,31.4,400000,44709,0.111772,152374,0.380935
-4.6,31.6,400000,45195,0.112988,152042,0.380105
-4.6,31.8,400000,45180,0.11295,152353,0.380883
-4.6,32,400000,44650,0.111625,151855,0.379638
-4.6,32.2,400000,45190,0.112975,151889,0.379723
-4.6,32.4,400000,45030,0.112575,152885,0.382213
-4.6,32.6,400000,44472,0.11118,151508,0.37877
-4.6,32.8,400000,45090,0.112725,152233,0.380582
-4.6,33,400000,44483,0.111208,152334,0.380835
-4.6,33.2,400000,44867,0.112168,151668,0.37917
-4.6,33.4,400000,44932,0.11233,152448,0.38112
-4.6,33.6,400000,44514,0.111285,152156,0.38039
-4.6,33.8,400000,45160,0.1129,151534,0.378835
-4.6,34,400000,44829,0.112073,151933,0.379833
-4.6,34.2,400000,44734,0.111835,152145,0.380362
-4.6,34.4,400000,45378,0.113445,151964,0.37991
-4.6,34.6,400000,44985,0.112463,152496,0.38124
-4.6,34.8,400000,44884,0.11221,152036,0.38009
-4.6,35,400000,45078,0.112695,152904,0.38226
-4.6,35.2,400000,44957,0.112393,152181,0.380453
-4.6,35.4,400000,44833,0.112083,152187,0.380468
-4.6,35.6,400000,45337,0.113342,152062,0.380155
-4.6,35.8,400000,44659,0.111647,152041,0.380103
-4.6,36,400000,45294,0.113235,151928,0.37982
-4.6,36.2,400000,44396,0.11099,151353,0.378383
-4.6,36.4,400000,44848,0.11212,152632,0.38158
-4.6,36.6,400000,44426,0.111065,151644,0.37911
-4.6,36.8,400000,45146,0.112865,152105,0.380263
-4.6,37,400000,44941,0.112352,152410,0.381025
-4.6,37.2,400000,44462,0.111155,151252,0.37813
-4.6,37.4,400000,44774,0.111935,151954,0.379885
-4.6,37.6,400000,44489,0.111223,151791,0.379478
-4.6,37.8,400000,44828,0.11207,152236,0.38059
-4.6,38,400000,44404,0.11101,151608,0.37902
-4.6,38.2,400000,45084,0.11271,152647,0.381617
-4.6,38.4,400000,44946,0.112365,152895,0.382238
-4.6,38.6,400000,44891,0.112227,152423,0.381057
-4.6,38.8,400000,44871,0.112177,151763,0.379408
-4.6,39,400000,45002,0.112505,152163,0.380408
-4.6,39.2,400000,45222,0.113055,152191,0.380478
-4.6,39.4,400000,44964,0.11241,151979,0.379947
-4.6,39.6,400000,44479,0.111198,152581,0.381453
-4.6,39.8,400000,44670,0.111675,152696,0.38174
-4.6,40,400000,44706,0.111765,151916,0.37979
-4.6,40.2,400000,44773,0.111933,151714,0.379285
-4.6,40.4,400000,44858,0.112145,152463,0.381157
-4.6,40.6,400000,44604,0.11151,152119,0.380298
-4.6,40.8,400000,44706,0.111765,152370,0.380925
-4.6,41,400000,44699,0.111747,152225,0.380563
-4.6,41.2,400000,44852,0.11213,152518,0.381295
-4.6,41.4,400000,45040,0.1126,152153,0.380383
-4.6,41.6,400000,45185,0.112962,152297,0.380742
-4.6,41.8,400000,44712,0.11178,151935,0.379837
-4.6,42,400000,45326,0.113315,153007,0.382518
-4.6,42.2,400000,44750,0.111875,152079,0.380198
-4.6,42.4,400000,44860,0.11215,152031,0.380078
-4.6,42.6,400000,44340,0.11085,151652,0.37913
-4.6,42.8,400000,44804,0.11201,151989,0.379972
-4.6,43,400000,44560,0.1114,151688,0.37922
-4.6,43.2,400000,44492,0.11123,151518,0.378795
-4.6,43.4,400000,44692,0.11173,152383,0.380958
-4.6,43.6,400000,44506,0.111265,152202,0.380505
-4.6,43.8,400000,45040,0.1126,151982,0.379955
-4.6,44,400000,45065,0.112662,152120,0.3803
-4.6,44.2,400000,44754,0.111885,151669,0.379173
-4.6,44.4,400000,44905,0.112263,151813,0.379532
-4.6,44.6,400000,44768,0.11192,151911,0.379777
-4.6,44.8,400000,44876,0.11219,152106,0.380265
-4.6,45,400000,44803,0.112007,152770,0.381925
-4.6,45.2,400000,44602,0.111505,151817,0.379543
-4.6,45.4,400000,44838,0.112095,151994,0.379985
-4.6,45.6,400000,44838,0.112095,152061,0.380153
-4.6,45.8,400000,44754,0.111885,152242,0.380605
-4.6,46,400000,44612,0.11153,151848,0.37962
-4.6,46.2,400000,44562,0.111405,152092,0.38023
-4.6,46.4,400000,45319,0.113297,152421,0.381053
-4.6,46.6,400000,44634,0.111585,152431,0.381078
-4.6,46.8,400000,45090,0.112725,152133,0.380333
-4.6,47,400000,45516,0.11379,152813,0.382032
-4.6,47.2,400000,44927,0.112318,152205,0.380512
-4.6,47.4,400000,44588,0.11147,152513,0.381283
-4.6,47.6,400000,45124,0.11281,152327,0.380817
-4.6,47.8,400000,44947,0.112367,152036,0.38009
-4.6,48,400000,44711,0.111778,152597,0.381493
-4.6,48.2,400000,44491,0.111228,151634,0.379085
-4.6,48.4,400000,44637,0.111592,152149,0.380373
-4.6,48.6,400000,44528,0.11132,151638,0.379095
-4.6,48.8,400000,44568,0.11142,151880,0.3797
-4.6,49,400000,44721,0.111802,151693,0.379232
-4.6,49.2,400000,44703,0.111757,151870,0.379675
-4.6,49.4,400000,45241,0.113102,152014,0.380035
-4.6,49.6,400000,44638,0.111595,151330,0.378325
-4.6,49.8,400000,44257,0.110643,151806,0.379515
-4.6,50,400000,44892,0.11223,151801,0.379503
-4.4,-50,400000,44782,0.111955,152062,0.380155
-4.4,-49.8,400000,44980,0.11245,152611,0.381528
-4.4,-49.6,400000,45167,0.112918,152202,0.380505
-4.4,-49.4,400000,44875,0.112187,151645,0.379113
-4.4,-49.2,400000,44515,0.111287,152220,0.38055
-4.4,-49,400000,45325,0.113312,152406,0.381015
-4.4,-48.8,400000,44563,0.111408,152112,0.38028
-4.4,-48.6,400000,44852,0.11213,151567,0.378918
-4.4,-48.4,400000,45127,0.112818,152078,0.380195
-4.4,-48.2,400000,44635,0.111588,151022,0.377555
-4.4,-48,400000,44298,0.110745,151550,0.378875
-4.4,-47.8,400000,44344,0.11086,151907,0.379767
-4.4,-47.6,400000,44408,0.11102,152012,0.38003
-4.4,-47.4,400000,44577,0.111442,152372,0.38093
-4.4,-47.2,400000,44971,0.112427,151462,0.378655
-4.4,-47,400000,44674,0.111685,152011,0.380028
-4.4,-46.8,400000,44444,0.11111,151787,0.379468
-4.4,-46.6,400000,44891,0.112227,151936,0.37984
-4.4,-46.4,400000,45012,0.11253,152353,0.380883
-4.4,-46.2,400000,44663,0.111658,151964,0.37991
-4.4,-46,400000,44923,0.112308,152001,0.380003
-4.4,-45.8,400000,45014,0.112535,152536,0.38134
-4.4,-45.6,400000,44688,0.11172,151734,0.379335
-4.4,-45.4,400000,44744,0.11186,151507,0.378767
-4.4,-45.2,400000,44720,0.1118,151709,0.379273
-4.4,-45,400000,44923,0.112308,151828,0.37957
-4.4,-44.8,400000,44561,0.111403,151508,0.37877
-4.4,-44.6,400000,44697,0.111742,151939,0.379848
-4.4,-44.4,400000,44813,0.112032,151848,0.37962
-4.4,-44.2,400000,44893,0.112232,152150,0.380375
-4.4,-44,400000,44519,0.111297,151669,0.379173
-4.4,-43.8,400000,45243,0.113107,151797,0.379493
-4.4,-43.6,400000,44842,0.112105,151409,0.378522
-4.4,-43.4,400000,44963,0.112407,152497,0.381242
-4.4,-43.2,400000,44597,0.111492,152094,0.380235
-4.4,-43,400000,44791,0.111977,151512,0.37878
-4.4,-42.8,400000,45064,0.11266,151784,0.37946
-4.4,-42.6,400000,44784,0.11196,152243,0.380607
-4.4,-42.4,400000,45286,0.113215,152161,0.380402
-4.4,-42.2,400000,44662,0.111655,151915,0.379788
-4.4,-42,400000,44617,0.111543,152218,0.380545
-4.4,-41.8,400000,44592,0.11148,151457,0.378642
-4.4,-41.6,400000,44335,0.110838,152177,0.380443
-4.4,-41.4,400000,45061,0.112653,152231,0.380578
-4.4,-41.2,400000,44575,0.111437,151358,0.378395
-4.4,-41,400000,44877,0.112193,151984,0.37996
-4.4,-40.8,400000,44740,0.11185,152093,0.380232
-4.4,-40.6,400000,45110,0.112775,152208,0.38052
-4.4,-40.4,400000,45098,0.112745,152330,0.380825
-4.4,-40.2,400000,44629,0.111573,152286,0.380715
-4.4,-40,400000,44888,0.11222,151980,0.37995
-4.4,-39.8,400000,45122,0.112805,152400,0.381
-4.4,-39.6,400000,44730,0.111825,151626,0.379065
-4.4,-39.4,400000,44410,0.111025,151150,0.377875
-4.4,-39.2,400000,44423,0.111058,151431,0.378578
-4.4,-39,400000,45258,0.113145,152089,0.380223
-4.4,-38.8,400000,44798,0.111995,152005,0.380012
-4.4,-38.6,400000,44896,0.11224,151679,0.379198
-4.4,-38.4,400000,44757,0.111893,151941,0.379852
-4.4,-38.2,400000,45204,0.11301,152162,0.380405
-4.4,-38,400000,45088,0.11272,152111,0.380277
-4.4,-37.8,400000,44685,0.111713,151910,0.379775
-4.4,-37.6,400000,44464,0.11116,151687,0.379217
-4.4,-37.4,400000,45185,0.112962,151963,0.379908
-4.4,-37.2,400000,45034,0.112585,152328,0.38082
-4.4,-37,400000,44745,0.111863,151955,0.379887
-4.4,-36.8,400000,45431,0.113577,153013,0.382532
-4.4,-36.6,400000,44870,0.112175,152186,0.380465
-4.4,-36.4,400000,45163,0.112907,151726,0.379315
-4.4,-36.2,400000,45105,0.112763,152355,0.380887
-4.4,-36,400000,44501,0.111253,151968,0.37992
-4.4,-35.8,400000,44513,0.111283,151672,0.37918
-4.4,-35.6,400000,45077,0.112693,151882,0.379705
-4.4,-35.4,400000,44883,0.112208,151866,0.379665
-4.4,-35.2,400000,45257,0.113142,152147,0.380368
-4.4,-35,400000,44361,0.110903,151083,0.377707
-4.4,-34.8,400000,44845,0.112113,152200,0.3805
-4.4,-34.6,400000,45033,0.112583,152679,0.381698
-4.4,-34.4,400000,45029,0.112573,152977,0.382443
-4.4,-34.2,400000,45208,0.11302,152056,0.38014
-4.4,-34,400000,44072,0.11018,151988,0.37997
-4.4,-33.8,400000,44498,0.111245,151407,0.378518
-4.4,-33.6,400000,45048,0.11262,152185,0.380462
-4.4,-33.4,400000,44167,0.110418,152001,0.380003
-4.4,-33.2,400000,44954,0.112385,152441,0.381103
-4.4,-33,400000,44790,0.111975,152009,0.380022
-4.4,-32.8,400000,44736,0.11184,151887,0.379717
-4.4,-32.6,400000,45503,0.113757,152409,0.381022
-4.4,-32.4,400000,44730,0.111825,152177,0.380443
-4.4,-32.2,400000,44803,0.112007,152218,0.380545
-4.4,-32,400000,45096,0.11274,152445,0.381113
-4.4,-31.8,400000,44913,0.112282,152184,0.38046
-4.4,-31.6,400000,44621,0.111552,152461,0.381153
-4.4,-31.4,400000,44607,0.111518,151266,0.378165
-4.4,-31.2,400000,45058,0.112645,151926,0.379815
-4.4,-31,400000,44762,0.111905,151634,0.379085
-4.4,-30.8,400000,45214,0.113035,152010,0.380025
-4.4,-30.6,400000,44724,0.11181,152476,0.38119
-4.4,-30.4,400000,44435,0.111088,151738,0.379345
-4.4,-30.2,400000,45024,0.11256,151767,0.379418
-4.4,-30,400000,44741,0.111852,152048,0.38012
-4.4,-29.8,400000,45003,0.112507,151546,0.378865
-4.4,-29.6,400000,44418,0.111045,151545,0.378862
-4.4,-29.4,400000,44913,0.112282,151570,0.378925
-4.4,-29.2,400000,44700,0.11175,151770,0.379425
-4.4,-29,400000,44491,0.111228,152461,0.381153
-4.4,-28.8,400000,44820,0.11205,151962,0.379905
-4.4,-28.6,400000,45314,0.113285,152559,0.381398
-4.4,-28.4,400000,45081,0.112702,152101,0.380252
-4.4,-28.2,400000,44784,0.11196,152381,0.380953
-4.4,-28,400000,44927,0.112318,152505,0.381263
-4.4,-27.8,400000,44628,0.11157,152387,0.380968
-4.4,-27.6,400000,45038,0.112595,152769,0.381922
-4.4,-27.4,400000,44656,0.11164,152452,0.38113
-4.4,-27.2,400000,44627,0.111568,152616,0.38154
-4.4,-27,400000,44832,0.11208,151888,0.37972
-4.4,-26.8,400000,45366,0.113415,152713,0.381783
-4.4,-26.6,400000,44515,0.111287,152689,0.381723
-4.4,-26.4,400000,45383,0.113458,152447,0.381117
-4.4,-26.2,400000,44760,0.1119,151483,0.378707
-4.4,-26,400000,45404,0.11351,152781,0.381952
-4.4,-25.8,400000,45217,0.113043,152379,0.380947
-4.4,-25.6,400000,45405,0.113513,152415,0.381037
-4.4,-25.4,400000,44541,0.111352,151874,0.379685
-4.4,-25.2,400000,44542,0.111355,152459,0.381147
-4.4,-25,400000,44917,0.112293,151709,0.379273
-4.4,-24.8,400000,45428,0.11357,152643,0.381607
-4.4,-24.6,400000,44635,0.111588,151881,0.379702
-4.4,-24.4,400000,44666,0.111665,152217,0.380543
-4.4,-24.2,400000,45227,0.113068,152063,0.380157
-4.4,-24,400000,44530,0.111325,151890,0.379725
-4.4,-23.8,400000,44974,0.112435,152816,0.38204
-4.4,-23.6,400000,44759,0.111897,151825,0.379563
-4.4,-23.4,400000,44613,0.111533,151585,0.378962
-4.4,-23.2,400000,44932,0.11233,152251,0.380628
-4.4,-23,400000,44864,0.11216,151474,0.378685
-4.4,-22.8,400000,45012,0.11253,152316,0.38079
-4.4,-22.6,400000,44905,0.112263,152138,0.380345
-4.4,-22.4,400000,45289,0.113223,152503,0.381258
-4.4,-22.2,400000,45677,0.114193,152699,0.381748
-4.4,-22,400000,44898,0.112245,151910,0.379775
-4.4,-21.8,400000,44642,0.111605,151838,0.379595
-4.4,-21.6,400000,45095,0.112738,152653,0.381632
-4.4,-21.4,400000,45161,0.112903,152146,0.380365
-4.4,-21.2,400000,44618,0.111545,152220,0.38055
-4.4,-21,400000,45324,0.11331,152131,0.380327
-4.4,-20.8,400000,44914,0.112285,152289,0.380723
-4.4,-20.6,400000,44541,0.111352,152240,0.3806
-4.4,-20.4,400000,44467,0.111168,151746,0.379365
-4.4,-20.2,400000,44477,0.111192,152143,0.380358
-4.4,-20,400000,44871,0.112177,152114,0.380285
-4.4,-19.8,400000,45327,0.113318,152605,0.381512
-4.4,-19.6,400000,45353,0.113382,152323,0.380808
-4.4,-19.4,400000,44573,0.111433,151635,0.379088
-4.4,-19.2,400000,45169,0.112922,152154,0.380385
-4.4,-19,400000,44413,0.111033,151900,0.37975
-4.4,-18.8,400000,45104,0.11276,152426,0.381065
-4.4,-18.6,400000,45008,0.11252,152472,0.38118
-4.4,-18.4,400000,44949,0.112373,151725,0.379312
-4.4,-18.2,400000,44434,0.111085,151804,0.37951
-4.4,-18,400000,44999,0.112498,151966,0.379915
-4.4,-17.8,400000,44986,0.112465,152541,0.381352
-4.4,-17.6,400000,44851,0.112128,151951,0.379877
-4.4,-17.4,400000,44730,0.111825,152369,0.380922
-4.4,-17.2,400000,44839,0.112098,152099,0.380248
-4.4,-17,400000,44906,0.112265,152132,0.38033
-4.4,-16.8,400000,45436,0.11359,152702,0.381755
-4.4,-16.6,400000,44868,0.11217,151861,0.379653
-4.4,-16.4,400000,44740,0.11185,152408,0.38102
-4.4,-16.2,400000,44974,0.112435,152194,0.380485
-4.4,-16,400000,44854,0.112135,151996,0.37999
-4.4,-15.8,400000,44511,0.111278,151686,0.379215
-4.4,-15.6,400000,44963,0.112407,152181,0.380453
-4.4,-15.4,400000,44779,0.111948,152110,0.380275
-4.4,-15.2,400000,45070,0.112675,152634,0.381585
-4.4,-15,400000,45269,0.113172,152737,0.381842
-4.4,-14.8,400000,44555,0.111388,152078,0.380195
-4.4,-14.6,400000,44450,0.111125,151687,0.379217
-4.4,-14.4,400000,44349,0.110872,152325,0.380812
-4.4,-14.2,400000,44290,0.110725,151428,0.37857
-4.4,-14,400000,44791,0.111977,152078,0.380195
-4.4,-13.8,400000,44799,0.111997,152500,0.38125
-4.4,-13.6,400000,44968,0.11242,152298,0.380745
-4.4,-13.4,400000,44555,0.111388,151680,0.3792
-4.4,-13.2,400000,44876,0.11219,151951,0.379877
-4.4,-13,400000,44459,0.111147,151878,0.379695
-4.4,-12.8,400000,45343,0.113357,151936,0.37984
-4.4,-12.6,400000,44949,0.112373,152607,0.381518
-4.4,-12.4,400000,45079,0.112698,151818,0.379545
-4.4,-12.2,400000,44397,0.110992,151533,0.378833
-4.4,-12,400000,45185,0.112962,152438,0.381095
-4.4,-11.8,400000,44625,0.111562,152444,0.38111
-4.4,-11.6,400000,44630,0.111575,152511,0.381277
-4.4,-11.4,400000,44705,0.111763,152141,0.380352
-4.4,-11.2,400000,44729,0.111823,151899,0.379748
-4.4,-11,400000,44648,0.11162,152356,0.38089
-4.4,-10.8,400000,45217,0.113043,152559,0.381398
-4.4,-10.6,400000,44891,0.112227,151241,0.378103
-4.4,-10.4,400000,44691,0.111727,151752,0.37938
-4.4,-10.2,400000,44322,0.110805,152004,0.38001
-4.4,-10,400000,44973,0.112433,151861,0.379653
-4.4,-9.8,400000,44999,0.112498,151886,0.379715
-4.4,-9.6,400000,45141,0.112852,152331,0.380827
-4.4,-9.4,400000,44522,0.111305,151869,0.379673
-4.4,-9.2,400000,44753,0.111882,151946,0.379865
-4.4,-9,400000,44829,0.112073,151892,0.37973
-4.4,-8.8,400000,44651,0.111628,152275,0.380688
-4.4,-8.6,400000,45420,0.11355,152236,0.38059
-4.4,-8.4,400000,44636,0.11159,151899,0.379748
-4.4,-8.2,400000,45121,0.112802,152719,0.381798
-4.4,-8,400000,44971,0.112427,152077,0.380192
-4.4,-7.8,400000,44438,0.111095,151993,0.379983
-4.4,-7.6,400000,45067,0.112668,152129,0.380323
-4.4,-7.4,400000,44924,0.11231,151942,0.379855
-4.4,-7.2,400000,44625,0.111562,152207,0.380518
-4.4,-7,400000,44955,0.112388,151994,0.379985
-4.4,-6.8,400000,44441,0.111103,152228,0.38057
-4.4,-6.6,400000,44255,0.110637,151915,0.379788
-4.4,-6.4,400000,45131,0.112827,152426,0.381065
-4.4,-6.2,400000,45041,0.112602,151902,0.379755
-4.4,-6,400000,45030,0.112575,152263,0.380657
-4.4,-5.8,400000,44897,0.112242,152008,0.38002
-4.4,-5.6,400000,44961,0.112403,151539,0.378848
-4.4,-5.4,400000,44540,0.11135,151838,0.379595
-4.4,-5.2,400000,44767,0.111918,152516,0.38129
-4.4,-5,400000,45146,0.112865,152314,0.380785
-4.4,-4.8,400000,45037,0.112592,151860,0.37965
-4.4,-4.6,400000,44989,0.112473,152374,0.380935
-4.4,-4.4,400000,44204,0.11051,152093,0.380232
-4.4,-4.2,400000,44397,0.110992,151972,0.37993
-4.4,-4,400000,44966,0.112415,152000,0.38
-4.4,-3.8,400000,44988,0.11247,151872,0.37968
-4.4,-3.6,400000,44993,0.112482,151902,0.379755
-4.4,-3.4,400000,44839,0.112098,152509,0.381273
-4.4,-3.2,400000,44717,0.111793,151932,0.37983
-4.4,-3,400000,44671,0.111677,152817,0.382043
-4.4,-2.8,400000,44814,0.112035,152412,0.38103
-4.4,-2.6,400000,45103,0.112757,152921,0.382302
-4.4,-2.4,400000,45173,0.112933,152035,0.380088
-4.4,-2.2,400000,44793,0.111982,152166,0.380415
-4.4,-2,400000,44838,0.112095,151964,0.37991
-4.4,-1.8,400000,44655,0.111638,151945,0.379862
-4.4,-1.6,400000,44470,0.111175,152482,0.381205
-4.4,-1.4,400000,44618,0.111545,151581,0.378953
-4.4,-1.2,400000,45223,0.113058,152183,0.380458
-4.4,-1,400000,44199,0.110497,151709,0.379273
-4.4,-0.8,400000,44725,0.111812,152416,0.38104
-4.4,-0.6,400000,44874,0.112185,151692,0.37923
-4.4,-0.4,400000,44889,0.112223,151995,0.379987
-4.4,-0.2,400000,44774,0.111935,152011,0.380028
-4.4,0,400000,44982,0.112455,151736,0.37934
-4.4,0.2,400000,44645,0.111613,152368,0.38092
-4.4,0.4,400000,44929,0.112323,152178,0.380445
-4.4,0.6,400000,45427,0.113568,152784,0.38196
-4.4,0.8,400000,44973,0.112433,151704,0.37926
-4.4,1,400000,45019,0.112547,152094,0.380235
-4.4,1.2,400000,44902,0.112255,151690,0.379225
-4.4,1.4,400000,44340,0.11085,151924,0.37981
-4.4,1.6,400000,45113,0.112782,151970,0.379925
-4.4,1.8,400000,44401,0.111003,152027,0.380068
-4.4,2,400000,44698,0.111745,151584,0.37896
-4.4,2.2,400000,44629,0.111573,152740,0.38185
-4.4,2.4,400000,44706,0.111765,151853,0.379632
-4.4,2.6,400000,44430,0.111075,151784,0.37946
-4.4,2.8,400000,44642,0.111605,151863,0.379657
-4.4,3,400000,44722,0.111805,151895,0.379738
-4.4,3.2,400000,44148,0.11037,152189,0.380472
-4.4,3.4,400000,44517,0.111293,152091,0.380227
-4.4,3.6,400000,45033,0.112583,152381,0.380953
-4.4,3.8,400000,45172,0.11293,152560,0.3814
-4.4,4,400000,44691,0.111727,152360,0.3809
-4.4,4.2,400000,45072,0.11268,152328,0.38082
-4.4,4.4,400000,44715,0.111787,152038,0.380095
-4.4,4.6,400000,45252,0.11313,151508,0.37877
-4.4,4.8,400000,44869,0.112172,151651,0.379128
-4.4,5,400000,44990,0.112475,152515,0.381288
-4.4,5.2,400000,44294,0.110735,152317,0.380792
-4.4,5.4,400000,45039,0.112598,152391,0.380978
-4.4,5.6,400000,44876,0.11219,151808,0.37952
-4.4,5.8,400000,45349,0.113373,152975,0.382437
-4.4,6,400000,45073,0.112683,151953,0.379883
-4.4,6.2,400000,44857,0.112143,152228,0.38057
-4.4,6.4,400000,44810,0.112025,152323,0.380808
-4.4,6.6,400000,45024,0.11256,152807,0.382018
-4.4,6.8,400000,45207,0.113018,152137,0.380342
-4.4,7,400000,44974,0.112435,152324,0.38081
-4.4,7.2,400000,44731,0.111827,151498,0.378745
-4.4,7.4,400000,44629,0.111573,152429,0.381072
-4.4,7.6,400000,44399,0.110997,151781,0.379453
-4.4,7.8,400000,44757,0.111893,151579,0.378947
-4.4,8,400000,44880,0.1122,152143,0.380358
-4.4,8.2,400000,44679,0.111698,151787,0.379468
-4.4,8.4,400000,44615,0.111537,152224,0.38056
-4.4,8.6,400000,44543,0.111357,151133,0.377833
-4.4,8.8,400000,44784,0.11196,152048,0.38012
-4.4,9,400000,44871,0.112177,152723,0.381808
-4.4,9.2,400000,45068,0.11267,152305,0.380763
-4.4,9.4,400000,44669,0.111672,152019,0.380047
-4.4,9.6,400000,44878,0.112195,152244,0.38061
-4.4,9.8,400000,45176,0.11294,152377,0.380943
-4.4,10,400000,45070,0.112675,152450,0.381125
-4.4,10.2,400000,44801,0.112003,151953,0.379883
-4.4,10.4,400000,45124,0.11281,153000,0.3825
-4.4,10.6,400000,44925,0.112312,152004,0.38001
-4.4,10.8,400000,44945,0.112363,152179,0.380447
-4.4,11,400000,44738,0.111845,151967,0.379918
-4.4,11.2,400000,44659,0.111647,152156,0.38039
-4.4,11.4,400000,44862,0.112155,152347,0.380868
-4.4,11.6,400000,44822,0.112055,152582,0.381455
-4.4,11.8,400000,45084,0.11271,152426,0.381065
-4.4,12,400000,44882,0.112205,152546,0.381365
-4.4,12.2,400000,45321,0.113303,152645,0.381613
-4.4,12.4,400000,44580,0.11145,152147,0.380368
-4.4,12.6,400000,44644,0.11161,152365,0.380912
-4.4,12.8,400000,44971,0.112427,152236,0.38059
-4.4,13,400000,45167,0.112918,151932,0.37983
-4.4,13.2,400000,45098,0.112745,152052,0.38013
-4.4,13.4,400000,44488,0.11122,151682,0.379205
-4.4,13.6,400000,45035,0.112587,152131,0.380327
-4.4,13.8,400000,44706,0.111765,151891,0.379727
-4.4,14,400000,44929,0.112323,151807,0.379518
-4.4,14.2,400000,44961,0.112403,152078,0.380195
-4.4,14.4,400000,44591,0.111477,151931,0.379827
-4.4,14.6,400000,44634,0.111585,152055,0.380138
-4.4,14.8,400000,45150,0.112875,152435,0.381088
-4.4,15,400000,44713,0.111783,152034,0.380085
-4.4,15.2,400000,44959,0.112397,152079,0.380198
-4.4,15.4,400000,44966,0.112415,152459,0.381147
-4.4,15.6,400000,44724,0.11181,152237,0.380593
-4.4,15.8,400000,44692,0.11173,152009,0.380022
-4.4,16,400000,44928,0.11232,152438,0.381095
-4.4,16.2,400000,44779,0.111948,151915,0.379788
-4.4,16.4,400000,45334,0.113335,152821,0.382053
-4.4,16.6,400000,44626,0.111565,151797,0.379493
-4.4,16.8,400000,44310,0.110775,151888,0.37972
-4.4,17,400000,44702,0.111755,151889,0.379723
-4.4,17.2,400000,44736,0.11184,151922,0.379805
-4.4,17.4,400000,44772,0.11193,152186,0.380465
-4.4,17.6,400000,45017,0.112543,151970,0.379925
-4.4,17.8,400000,45274,0.113185,152137,0.380342
-4.4,18,400000,44709,0.111772,152214,0.380535
-4.4,18.2,400000,44903,0.112257,152465,0.381163
-4.4,18.4,400000,45178,0.112945,152791,0.381978
-4.4,18.6,400000,45123,0.112808,152355,0.380887
-4.4,18.8,400000,44821,0.112052,152088,0.38022
-4.4,19,400000,44450,0.111125,151886,0.379715
-4.4,19.2,400000,44937,0.112342,152461,0.381153
-4.4,19.4,400000,44919,0.112297,152113,0.380283
-4.4,19.6,400000,44500,0.11125,151866,0.379665
-4.4,19.8,400000,44871,0.112177,152475,0.381188
-4.4,20,400000,44547,0.111367,151922,0.379805
-4.4,20.2,400000,45073,0.112683,152933,0.382333
-4.4,20.4,400000,45270,0.113175,152490,0.381225
-4.4,20.6,400000,45073,0.112683,152143,0.380358
-4.4,20.8,400000,45147,0.112867,152400,0.381
-4.4,21,400000,44501,0.111253,151507,0.378767
-4.4,21.2,400000,44919,0.112297,152765,0.381912
-4.4,21.4,400000,44851,0.112128,152331,0.380827
-4.4,21.6,400000,44208,0.11052,151856,0.37964
-4.4,21.8,400000,44945,0.112363,152327,0.380817
-4.4,22,400000,44524,0.11131,151773,0.379433
-4.4,22.2,400000,44910,0.112275,152118,0.380295
-4.4,22.4,400000,44818,0.112045,151735,0.379337
-4.4,22.6,400000,44948,0.11237,152564,0.38141
-4.4,22.8,400000,44460,0.11115,151739,0.379348
-4.4,23,400000,45005,0.112513,152220,0.38055
-4.4,23.2,400000,44772,0.11193,152098,0.380245
-4.4,23.4,400000,44578,0.111445,152354,0.380885
-4.4,23.6,400000,44387,0.110967,152221,0.380553
-4.4,23.8,400000,44652,0.11163,151901,0.379752
-4.4,24,400000,44318,0.110795,152336,0.38084
-4.4,24.2,400000,45267,0.113168,152270,0.380675
-4.4,24.4,400000,45343,0.113357,152206,0.380515
-4.4,24.6,400000,44463,0.111158,151842,0.379605
-4.4,24.8,400000,45010,0.112525,152225,0.380563
-4.4,25,400000,44329,0.110823,152328,0.38082
-4.4,25.2,400000,45171,0.112928,152363,0.380908
-4.4,25.4,400000,44904,0.11226,152387,0.380968
-4.4,25.6,400000,44656,0.11164,151952,0.37988
-4.4,25.8,400000,45226,0.113065,152231,0.380578
-4.4,26,400000,44964,0.11241,152750,0.381875
-4.4,26.2,400000,45336,0.11334,152401,0.381003
-4.4,26.4,400000,44543,0.111357,151697,0.379242
-4.4,26.6,400000,44567,0.111418,151409,0.378522
-4.4,26.8,400000,44875,0.112187,152163,0.380408
-4.4,27,400000,44991,0.112477,152379,0.380947
-4.4,27.2,400000,44576,0.11144,151992,0.37998
-4.4,27.4,400000,44941,0.112352,152583,0.381458
-4.4,27.6,400000,44876,0.11219,152119,0.380298
-4.4,27.8,400000,44804,0.11201,152229,0.380572
-4.4,28,400000,44953,0.112382,151983,0.379958
-4.4,28.2,400000,44591,0.111477,152109,0.380273
-4.4,28.4,400000,44733,0.111833,152201,0.380503
-4.4,28.6,400000,44569,0.111422,152094,0.380235
-4.4,28.8,400000,44454,0.111135,152043,0.380107
-4.4,29,400000,45097,0.112742,152106,0.380265
-4.4,29.2,400000,44599,0.111497,151928,0.37982
-4.4,29.4,400000,44363,0.110908,151535,0.378837
-4.4,29.6,400000,44781,0.111952,151463,0.378657
-4.4,29.8,400000,45087,0.112717,152429,0.381072
-4.4,30,400000,44858,0.112145,152085,0.380213
-4.4,30.2,400000,44689,0.111723,152191,0.380478
-4.4,30.4,400000,44720,0.1118,152055,0.380138
-4.4,30.6,400000,44962,0.112405,152283,0.380707
-4.4,30.8,400000,45117,0.112793,152254,0.380635
-4.4,31,400000,45497,0.113742,152082,0.380205
-4.4,31.2,400000,44935,0.112338,151932,0.37983
-4.4,31.4,400000,45069,0.112672,152543,0.381358
-4.4,31.6,400000,44893,0.112232,152092,0.38023
-4.4,31.8,400000,44596,0.11149,151711,0.379277
-4.4,32,400000,44799,0.111997,151912,0.37978
-4.4,32.2,400000,44467,0.111168,151516,0.37879
-4.4,32.4,400000,44842,0.112105,152502,0.381255
-4.4,32.6,400000,44748,0.11187,152730,0.381825
-4.4,32.8,400000,44717,0.111793,151453,0.378632
-4.4,33,400000,45333,0.113333,152456,0.38114
-4.4,33.2,400000,44490,0.111225,151835,0.379588
-4.4,33.4,400000,44607,0.111518,151770,0.379425
-4.4,33.6,400000,44846,0.112115,151734,0.379335
-4.4,33.8,400000,45095,0.112738,152762,0.381905
-4.4,34,400000,44568,0.11142,151928,0.37982
-4.4,34.2,400000,44955,0.112388,152649,0.381622
-4.4,34.4,400000,44931,0.112327,151965,0.379912
-4.4,34.6,400000,44690,0.111725,152493,0.381232
-4.4,34.8,400000,44534,0.111335,152053,0.380132
-4.4,35,400000,44918,0.112295,151757,0.379393
-4.4,35.2,400000,45368,0.11342,152877,0.382192
-4.4,35.4,400000,44789,0.111973,152350,0.380875
-4.4,35.6,400000,44528,0.11132,151950,0.379875
-4.4,35.8,400000,45452,0.11363,152643,0.381607
-4.4,36,400000,44427,0.111067,152021,0.380053
-4.4,36.2,400000,44722,0.111805,152216,0.38054
-4.4,36.4,400000,44548,0.11137,152299,0.380748
-4.4,36.6,400000,44629,0.111573,151938,0.379845
-4.4,36.8,400000,45029,0.112573,152013,0.380032
-4.4,37,400000,44356,0.11089,152004,0.38001
-4.4,37.2,400000,44618,0.111545,151901,0.379752
-4.4,37.4,400000,44248,0.11062,151346,0.378365
-4.4,37.6,400000,44857,0.112143,152199,0.380497
-4.4,37.8,400000,44680,0.1117,151580,0.37895
-4.4,38,400000,45155,0.112888,152008,0.38002
-4.4,38.2,400000,44909,0.112272,151696,0.37924
-4.4,38.4,400000,44973,0.112433,152566,0.381415
-4.4,38.6,400000,44845,0.112113,151711,0.379277
-4.4,38.8,400000,44771,0.111927,151662,0.379155
-4.4,39,400000,44645,0.111613,152395,0.380987
-4.4,39.2,400000,44827,0.112068,152485,0.381213
-4.4,39.4,400000,45101,0.112753,151833,0.379582
-4.4,39.6,400000,44959,0.112397,152370,0.380925
-4.4,39.8,400000,44707,0.111768,151984,0.37996
-4.4,40,400000,44701,0.111753,152115,0.380288
-4.4,40.2,400000,45129,0.112823,152323,0.380808
-4.4,40.4,400000,44728,0.11182,152214,0.380535
-4.4,40.6,400000,45107,0.112768,151607,0.379018
-4.4,40.8,400000,44886,0.112215,151830,0.379575
-4.4,41,400000,45066,0.112665,152584,0.38146
-4.4,41.2,400000,44262,0.110655,151450,0.378625
-4.4,41.4,400000,44928,0.11232,151538,0.378845
-4.4,41.6,400000,44509,0.111272,152017,0.380043
-4.4,41.8,400000,45022,0.112555,151638,0.379095
-4.4,42,400000,44528,0.11132,151889,0.379723
-4.4,42.2,400000,45139,0.112848,152425,0.381063
-4.4,42.4,400000,44886,0.112215,152592,0.38148
-4.4,42.6,400000,45169,0.112922,151829,0.379572
-4.4,42.8,400000,44862,0.112155,151803,0.379507
-4.4,43,400000,44620,0.11155,151563,0.378908
-4.4,43.2,400000,44771,0.111927,152147,0.380368
-4.4,43.4,400000,44864,0.11216,151897,0.379742
-4.4,43.6,400000,44787,0.111967,152219,0.380547
-4.4,43.8,400000,44614,0.111535,152144,0.38036
-4.4,44,400000,44800,0.112,152162,0.380405
-4.4,44.2,400000,45180,0.11295,152589,0.381472
-4.4,44.4,400000,44973,0.112433,151519,0.378798
-4.4,44.6,400000,44618,0.111545,151568,0.37892
-4.4,44.8,400000,44683,0.111708,152030,0.380075
-4.4,45,400000,44695,0.111738,152186,0.380465
-4.4,45.2,400000,44869,0.112172,152507,0.381267
-4.4,45.4,400000,45215,0.113037,152151,0.380377
-4.4,45.6,400000,45149,0.112873,151823,0.379557
-4.4,45.8,400000,45242,0.113105,152646,0.381615
-4.4,46,400000,45015,0.112537,151560,0.3789
-4.4,46.2,400000,44985,0.112463,152253,0.380632
-4.4,46.4,400000,44711,0.111778,151892,0.37973
-4.4,46.6,400000,44395,0.110988,151656,0.37914
-4.4,46.8,400000,44712,0.11178,152242,0.380605
-4.4,47,400000,44536,0.11134,151557,0.378893
-4.4,47.2,400000,45140,0.11285,152040,0.3801
-4.4,47.4,400000,44939,0.112348,152154,0.380385
-4.4,47.6,400000,44873,0.112183,152012,0.38003
-4.4,47.8,400000,44949,0.112373,152322,0.380805
-4.4,48,400000,44937,0.112342,151554,0.378885
-4.4,48.2,400000,45145,0.112863,151654,0.379135
-4.4,48.4,400000,45084,0.11271,152217,0.380543
-4.4,48.6,400000,45263,0.113157,152282,0.380705
-4.4,48.8,400000,44445,0.111113,151740,0.37935
-4.4,49,400000,44997,0.112492,152232,0.38058
-4.4,49.2,400000,44667,0.111668,152245,0.380613
-4.4,49.4,400000,44727,0.111818,152087,0.380217
-4.4,49.6,400000,44887,0.112217,152359,0.380897
-4.4,49.8,400000,45213,0.113032,152020,0.38005
-4.4,50,400000,44619,0.111547,151630,0.379075
-4.2,-50,400000,45050,0.112625,151919,0.379798
-4.2,-49.8,400000,44700,0.11175,151524,0.37881
-4.2,-49.6,400000,45218,0.113045,151650,0.379125
-4.2,-49.4,400000,44563,0.111408,152194,0.380485
-4.2,-49.2,400000,44430,0.111075,152160,0.3804
-4.2,-49,400000,44850,0.112125,152309,0.380773
-4.2,-48.8,400000,44760,0.1119,152521,0.381302
-4.2,-48.6,400000,44665,0.111662,151988,0.37997
-4.2,-48.4,400000,44940,0.11235,152179,0.380447
-4.2,-48.2,400000,44650,0.111625,151481,0.378702
-4.2,-48,400000,44629,0.111573,151485,0.378713
-4.2,-47.8,400000,45206,0.113015,152368,0.38092
-4.2,-47.6,400000,45174,0.112935,152478,0.381195
-4.2,-47.4,400000,44907,0.112268,151953,0.379883
-4.2,-47.2,400000,45025,0.112562,152227,0.380568
-4.2,-47,400000,45092,0.11273,152170,0.380425
-4.2,-46.8,400000,44454,0.111135,151367,0.378418
-4.2,-46.6,400000,44947,0.112367,152059,0.380148
-4.2,-46.4,400000,44522,0.111305,151808,0.37952
-4.2,-46.2,400000,44672,0.11168,151401,0.378503
-4.2,-46,400000,44996,0.11249,152600,0.3815
-4.2,-45.8,400000,44803,0.112007,152532,0.38133
-4.2,-45.6,400000,44718,0.111795,152018,0.380045
-4.2,-45.4,400000,44530,0.111325,151620,0.37905
-4.2,-45.2,400000,45818,0.114545,152755,0.381887
-4.2,-45,400000,44828,0.11207,151386,0.378465
-4.2,-44.8,400000,44838,0.112095,151747,0.379368
-4.2,-44.6,400000,44648,0.11162,151339,0.378348
-4.2,-44.4,400000,44342,0.110855,151345,0.378362
-4.2,-44.2,400000,44528,0.11132,152023,0.380057
-4.2,-44,400000,45002,0.112505,151468,0.37867
-4.2,-43.8,400000,44854,0.112135,152400,0.381
-4.2,-43.6,400000,45651,0.114128,153054,0.382635
-4.2,-43.4,400000,44581,0.111452,151285,0.378213
-4.2,-43.2,400000,44349,0.110872,152118,0.380295
-4.2,-43,400000,45211,0.113028,152050,0.380125
-4.2,-42.8,400000,44692,0.11173,151909,0.379773
-4.2,-42.6,400000,44815,0.112037,151994,0.379985
-4.2,-42.4,400000,44989,0.112473,152235,0.380588
-4.2,-42.2,400000,44841,0.112102,152318,0.380795
-4.2,-42,400000,44633,0.111583,152009,0.380022
-4.2,-41.8,400000,44664,0.11166,151882,0.379705
-4.2,-41.6,400000,44747,0.111867,152132,0.38033
-4.2,-41.4,400000,44354,0.110885,152084,0.38021
-4.2,-41.2,400000,44917,0.112293,151427,0.378568
-4.2,-41,400000,44745,0.111863,151540,0.37885
-4.2,-40.8,400000,44784,0.11196,152226,0.380565
-4.2,-40.6,400000,44959,0.112397,152650,0.381625
-4.2,-40.4,400000,44945,0.112363,152368,0.38092
-4.2,-40.2,400000,44722,0.111805,151904,0.37976
-4.2,-40,400000,45051,0.112628,152141,0.380352
-4.2,-39.8,400000,45025,0.112562,152418,0.381045
-4.2,-39.6,400000,44982,0.112455,152191,0.380478
-4.2,-39.4,400000,44751,0.111878,151976,0.37994
-4.2,-39.2,400000,44635,0.111588,151922,0.379805
-4.2,-39,400000,44801,0.112003,152068,0.38017
-4.2,-38.8,400000,45242,0.113105,152120,0.3803
-4.2,-38.6,400000,45021,0.112552,152019,0.380047
-4.2,-38.4,400000,44242,0.110605,151568,0.37892
-4.2,-38.2,400000,44915,0.112287,152401,0.381003
-4.2,-38,400000,44982,0.112455,152277,0.380692
-4.2,-37.8,400000,45113,0.112782,152583,0.381458
-4.2,-37.6,400000,44281,0.110702,151977,0.379943
-4.2,-37.4,400000,44828,0.11207,151991,0.379978
-4.2,-37.2,400000,45407,0.113517,152114,0.380285
-4.2,-37,400000,45039,0.112598,151980,0.37995
-4.2,-36.8,400000,44917,0.112293,151845,0.379613
-4.2,-36.6,400000,44657,0.111643,152129,0.380323
-4.2,-36.4,400000,44740,0.11185,152106,0.380265
-4.2,-36.2,400000,45165,0.112912,152361,0.380902
-4.2,-36,400000,44998,0.112495,152473,0.381182
-4.2,-35.8,400000,44146,0.110365,151875,0.379688
-4.2,-35.6,400000,44566,0.111415,152229,0.380572
-4.2,-35.4,400000,44463,0.111158,151732,0.37933
-4.2,-35.2,400000,45384,0.11346,152265,0.380663
-4.2,-35,400000,45149,0.112873,151732,0.37933
-4.2,-34.8,400000,45266,0.113165,151784,0.37946
-4.2,-34.6,400000,44623,0.111558,152535,0.381337
-4.2,-34.4,400000,44976,0.11244,152563,0.381408
-4.2,-34.2,400000,44797,0.111992,152168,0.38042
-4.2,-34,400000,45168,0.11292,151811,0.379528
-4.2,-33.8,400000,45040,0.1126,151924,0.37981
-4.2,-33.6,400000,44855,0.112138,152266,0.380665
-4.2,-33.4,400000,45017,0.112543,152142,0.380355
-4.2,-33.2,400000,44789,0.111973,152554,0.381385
-4.2,-33,400000,45364,0.11341,152289,0.380723
-4.2,-32.8,400000,44659,0.111647,152096,0.38024
-4.2,-32.6,400000,44193,0.110482,151937,0.379843
-4.2,-32.4,400000,44716,0.11179,152010,0.380025
-4.2,-32.2,400000,44923,0.112308,152130,0.380325
-4.2,-32,400000,44965,0.112412,152148,0.38037
-4.2,-31.8,400000,44840,0.1121,151499,0.378748
-4.2,-31.6,400000,45019,0.112547,152416,0.38104
-4.2,-31.4,400000,44398,0.110995,151625,0.379063
-4.2,-31.2,400000,44231,0.110577,151638,0.379095
-4.2,-31,400000,44570,0.111425,152369,0.380922
-4.2,-30.8,400000,44915,0.112287,152077,0.380192
-4.2,-30.6,400000,44719,0.111797,151267,0.378167
-4.2,-30.4,400000,44952,0.11238,151898,0.379745
-4.2,-30.2,400000,44755,0.111888,152086,0.380215
-4.2,-30,400000,44806,0.112015,152560,0.3814
-4.2,-29.8,400000,45179,0.112948,152175,0.380437
-4.2,-29.6,400000,45131,0.112827,152707,0.381767
-4.2,-29.4,400000,45321,0.113303,152482,0.381205
-4.2,-29.2,400000,44947,0.112367,152339,0.380848
-4.2,-29,400000,45444,0.11361,152385,0.380962
-4.2,-28.8,400000,44915,0.112287,152012,0.38003
-4.2,-28.6,400000,45033,0.112583,152395,0.380987
-4.2,-28.4,400000,45144,0.11286,152647,0.381617
-4.2,-28.2,400000,45141,0.112852,152236,0.38059
-4.2,-28,400000,44880,0.1122,151749,0.379373
-4.2,-27.8,400000,44793,0.111982,151667,0.379167
-4.2,-27.6,400000,44730,0.111825,152194,0.380485
-4.2,-27.4,400000,44617,0.111543,152002,0.380005
-4.2,-27.2,400000,44788,0.11197,152711,0.381777
-4.2,-27,400000,45077,0.112693,152265,0.380663
-4.2,-26.8,400000,44857,0.112143,151632,0.37908
-4.2,-26.6,400000,44793,0.111982,152076,0.38019
-4.2,-26.4,400000,45213,0.113032,152998,0.382495
-4.2,-26.2,400000,44475,0.111187,151394,0.378485
-4.2,-26,400000,44780,0.11195,152536,0.38134
-4.2,-25.8,400000,44842,0.112105,152194,0.380485
-4.2,-25.6,400000,45034,0.112585,152315,0.380788
-4.2,-25.4,400000,44179,0.110448,150965,0.377412
-4.2,-25.2,400000,44591,0.111477,152198,0.380495
-4.2,-25,400000,44555,0.111388,152247,0.380617
-4.2,-24.8,400000,44860,0.11215,152425,0.381063
-4.2,-24.6,400000,45228,0.11307,152440,0.3811
-4.2,-24.4,400000,45029,0.112573,152790,0.381975
-4.2,-24.2,400000,44430,0.111075,151695,0.379238
-4.2,-24,400000,44348,0.11087,152447,0.381117
-4.2,-23.8,400000,44569,0.111422,151532,0.37883
-4.2,-23.6,400000,44886,0.112215,151964,0.37991
-4.2,-23.4,400000,44955,0.112388,152169,0.380422
-4.2,-23.2,400000,45060,0.11265,152105,0.380263
-4.2,-23,400000,44394,0.110985,151993,0.379983
-4.2,-22.8,400000,45111,0.112778,152430,0.381075
-4.2,-22.6,400000,44937,0.112342,151991,0.379978
-4.2,-22.4,400000,44758,0.111895,152169,0.380422
-4.2,-22.2,400000,44493,0.111232,151987,0.379968
-4.2,-22,400000,45155,0.112888,152675,0.381688
-4.2,-21.8,400000,44265,0.110662,152057,0.380142
-4.2,-21.6,400000,44515,0.111287,151446,0.378615
-4.2,-21.4,400000,44641,0.111602,151588,0.37897
-4.2,-21.2,400000,44613,0.111533,152337,0.380842
-4.2,-21,400000,44607,0.111518,152311,0.380777
-4.2,-20.8,400000,44687,0.111717,152150,0.380375
-4.2,-20.6,400000,44947,0.112367,151985,0.379962
-4.2,-20.4,400000,44922,0.112305,152899,0.382248
-4.2,-20.2,400000,44967,0.112418,152269,0.380673
-4.2,-20,400000,45327,0.113318,152241,0.380603
-4.2,-19.8,400000,44789,0.111973,151947,0.379868
-4.2,-19.6,400000,45140,0.11285,152277,0.380692
-4.2,-19.4,400000,45215,0.113037,152645,0.381613
-4.2,-19.2,400000,44879,0.112198,152071,0.380178
-4.2,-19,400000,44564,0.11141,151971,0.379927
-4.2,-18.8,400000,44983,0.112458,152306,0.380765
-4.2,-18.6,400000,44816,0.11204,152471,0.381178
-4.2,-18.4,400000,45143,0.112857,152596,0.38149
-4.2,-18.2,400000,44896,0.11224,151936,0.37984
-4.2,-18,400000,44482,0.111205,151966,0.379915
-4.2,-17.8,400000,45134,0.112835,152291,0.380727
-4.2,-17.6,400000,45607,0.114017,152018,0.380045
-4.2,-17.4,400000,44413,0.111033,152287,0.380717
-4.2,-17.2,400000,44432,0.11108,151641,0.379103
-4.2,-17,400000,44901,0.112253,151921,0.379802
-4.2,-16.8,400000,45020,0.11255,151765,0.379412
-4.2,-16.6,400000,44779,0.111948,152482,0.381205
-4.2,-16.4,400000,45025,0.112562,152414,0.381035
-4.2,-16.2,400000,44394,0.110985,151614,0.379035
-4.2,-16,400000,45123,0.112808,152102,0.380255
-4.2,-15.8,400000,44886,0.112215,152189,0.380472
-4.2,-15.6,400000,45125,0.112812,152603,0.381507
-4.2,-15.4,400000,45260,0.11315,152639,0.381597
-4.2,-15.2,400000,44499,0.111247,152024,0.38006
-4.2,-15,400000,45033,0.112583,152590,0.381475
-4.2,-14.8,400000,44360,0.1109,151750,0.379375
-4.2,-14.6,400000,45347,0.113367,152723,0.381808
-4.2,-14.4,400000,44777,0.111943,152386,0.380965
-4.2,-14.2,400000,45294,0.113235,152482,0.381205
-4.2,-14,400000,45105,0.112763,152835,0.382088
-4.2,-13.8,400000,44569,0.111422,151957,0.379893
-4.2,-13.6,400000,44938,0.112345,151863,0.379657
-4.2,-13.4,400000,44722,0.111805,152385,0.380962
-4.2,-13.2,400000,45488,0.11372,152044,0.38011
-4.2,-13,400000,44764,0.11191,151985,0.379962
-4.2,-12.8,400000,45260,0.11315,152533,0.381333
-4.2,-12.6,400000,44705,0.111763,152371,0.380927
-4.2,-12.4,400000,45203,0.113007,151713,0.379283
-4.2,-12.2,400000,44812,0.11203,151957,0.379893
-4.2,-12,400000,45201,0.113003,152838,0.382095
-4.2,-11.8,400000,45095,0.112738,152784,0.38196
-4.2,-11.6,400000,44764,0.11191,151629,0.379072
-4.2,-11.4,400000,44987,0.112467,152574,0.381435
-4.2,-11.2,400000,44845,0.112113,151924,0.37981
-4.2,-11,400000,44904,0.11226,152327,0.380817
-4.2,-10.8,400000,44803,0.112007,152353,0.380883
-4.2,-10.6,400000,45069,0.112672,152473,0.381182
-4.2,-10.4,400000,45216,0.11304,152135,0.380337
-4.2,-10.2,400000,44471,0.111177,152256,0.38064
-4.2,-10,400000,45017,0.112543,151804,0.37951
-4.2,-9.8,400000,44984,0.11246,152430,0.381075
-4.2,-9.6,400000,45003,0.112507,152194,0.380485
-4.2,-9.4,400000,45144,0.11286,152624,0.38156
-4.2,-9.2,400000,45256,0.11314,152256,0.38064
-4.2,-9,400000,44898,0.112245,151981,0.379953
-4.2,-8.8,400000,45050,0.112625,152337,0.380842
-4.2,-8.6,400000,45210,0.113025,151650,0.379125
-4.2,-8.4,400000,45196,0.11299,152037,0.380092
-4.2,-8.2,400000,44810,0.112025,152212,0.38053
-4.2,-8,400000,44473,0.111183,152192,0.38048
-4.2,-7.8,400000,44702,0.111755,152208,0.38052
-4.2,-7.6,400000,44874,0.112185,152281,0.380702
-4.2,-7.4,400000,44937,0.112342,152610,0.381525
-4.2,-7.2,400000,45452,0.11363,152086,0.380215
-4.2,-7,400000,44847,0.112117,152142,0.380355
-4.2,-6.8,400000,44562,0.111405,152390,0.380975
-4.2,-6.6,400000,44586,0.111465,151820,0.37955
-4.2,-6.4,400000,44746,0.111865,151896,0.37974
-4.2,-6.2,400000,44893,0.112232,152055,0.380138
-4.2,-6,400000,44832,0.11208,152676,0.38169
-4.2,-5.8,400000,44574,0.111435,151798,0.379495
-4.2,-5.6,400000,44287,0.110717,152283,0.380707
-4.2,-5.4,400000,44315,0.110787,152130,0.380325
-4.2,-5.2,400000,44907,0.112268,152325,0.380812
-4.2,-5,400000,45139,0.112848,152245,0.380613
-4.2,-4.8,400000,45067,0.112668,152659,0.381647
-4.2,-4.6,400000,44770,0.111925,152164,0.38041
-4.2,-4.4,400000,45052,0.11263,152379,0.380947
-4.2,-4.2,400000,44855,0.112138,151902,0.379755
-4.2,-4,400000,44495,0.111238,151776,0.37944
-4.2,-3.8,400000,44590,0.111475,151966,0.379915
-4.2,-3.6,400000,45078,0.112695,152357,0.380893
-4.2,-3.4,400000,44871,0.112177,151631,0.379078
-4.2,-3.2,400000,44804,0.11201,151895,0.379738
-4.2,-3,400000,44777,0.111943,151921,0.379802
-4.2,-2.8,400000,45081,0.112702,152040,0.3801
-4.2,-2.6,400000,44973,0.112433,152757,0.381893
-4.2,-2.4,400000,44642,0.111605,152478,0.381195
-4.2,-2.2,400000,44991,0.112477,152547,0.381368
-4.2,-2,400000,44849,0.112122,152468,0.38117
-4.2,-1.8,400000,44627,0.111568,152147,0.380368
-4.2,-1.6,400000,44991,0.112477,152377,0.380943
-4.2,-1.4,400000,44753,0.111882,151924,0.37981
-4.2,-1.2,400000,45359,0.113397,152381,0.380953
-4.2,-1,400000,44749,0.111872,151833,0.379582
-4.2,-0.8,400000,45471,0.113678,152319,0.380798
-4.2,-0.6,400000,45368,0.11342,152208,0.38052
-4.2,-0.4,400000,44980,0.11245,152243,0.380607
-4.2,-0.2,400000,45023,0.112558,152149,0.380373
-4.2,0,400000,44772,0.11193,152096,0.38024
-4.2,0.2,400000,44498,0.111245,152187,0.380468
-4.2,0.4,400000,45030,0.112575,152183,0.380458
-4.2,0.6,400000,44866,0.112165,152477,0.381192
-4.2,0.8,400000,44949,0.112373,152716,0.38179
-4.2,1,400000,44946,0.112365,152279,0.380698
-4.2,1.2,400000,45115,0.112787,152832,0.38208
-4.2,1.4,400000,45012,0.11253,151780,0.37945
-4.2,1.6,400000,44871,0.112177,152364,0.38091
-4.2,1.8,400000,44427,0.111067,151638,0.379095
-4.2,2,400000,44774,0.111935,151648,0.37912
-4.2,2.2,400000,45102,0.112755,152550,0.381375
-4.2,2.4,400000,44951,0.112378,151742,0.379355
-4.2,2.6,400000,44853,0.112132,152521,0.381302
-4.2,2.8,400000,44836,0.11209,152397,0.380993
-4.2,3,400000,45078,0.112695,152965,0.382412
-4.2,3.2,400000,45069,0.112672,152467,0.381167
-4.2,3.4,400000,44620,0.11155,152247,0.380617
-4.2,3.6,400000,45402,0.113505,152405,0.381012
-4.2,3.8,400000,45044,0.11261,152136,0.38034
-4.2,4,400000,44548,0.11137,152297,0.380742
-4.2,4.2,400000,44596,0.11149,151783,0.379458
-4.2,4.4,400000,45180,0.11295,151886,0.379715
-4.2,4.6,400000,44818,0.112045,151754,0.379385
-4.2,4.8,400000,44584,0.11146,152181,0.380453
-4.2,5,400000,44922,0.112305,151738,0.379345
-4.2,5.2,400000,44689,0.111723,152421,0.381053
-4.2,5.4,400000,44711,0.111778,151652,0.37913
-4.2,5.6,400000,44734,0.111835,151791,0.379478
-4.2,5.8,400000,45501,0.113753,152231,0.380578
-4.2,6,400000,45066,0.112665,152152,0.38038
-4.2,6.2,400000,44868,0.11217,152867,0.382167
-4.2,6.4,400000,45117,0.112793,152269,0.380673
-4.2,6.6,400000,44748,0.11187,151729,0.379323
-4.2,6.8,400000,44954,0.112385,152145,0.380362
-4.2,7,400000,44786,0.111965,152000,0.38
-4.2,7.2,400000,45173,0.112933,152100,0.38025
-4.2,7.4,400000,44933,0.112333,152887,0.382217
-4.2,7.6,400000,44638,0.111595,152458,0.381145
-4.2,7.8,400000,44677,0.111693,151658,0.379145
-4.2,8,400000,44523,0.111308,151583,0.378958
-4.2,8.2,400000,44930,0.112325,152502,0.381255
-4.2,8.4,400000,44587,0.111467,152112,0.38028
-4.2,8.6,400000,44188,0.11047,152207,0.380518
-4.2,8.8,400000,44898,0.112245,152202,0.380505
-4.2,9,400000,44421,0.111052,151931,0.379827
-4.2,9.2,400000,44750,0.111875,151582,0.378955
-4.2,9.4,400000,44988,0.11247,152145,0.380362
-4.2,9.6,400000,44973,0.112433,152460,0.38115
-4.2,9.8,400000,44492,0.11123,151914,0.379785
-4.2,10,400000,45343,0.113357,152905,0.382263
-4.2,10.2,400000,44707,0.111768,152109,0.380273
-4.2,10.4,400000,45005,0.112513,152594,0.381485
-4.2,10.6,400000,44721,0.111802,152353,0.380883
-4.2,10.8,400000,45174,0.112935,152782,0.381955
-4.2,11,400000,44890,0.112225,152296,0.38074
-4.2,11.2,400000,44796,0.11199,151948,0.37987
-4.2,11.4,400000,44565,0.111412,152175,0.380437
-4.2,11.6,400000,44585,0.111463,152110,0.380275
-4.2,11.8,400000,44441,0.111103,152152,0.38038
-4.2,12,400000,44925,0.112312,152168,0.38042
-4.2,12.2,400000,44606,0.111515,152050,0.380125
-4.2,12.4,400000,44824,0.11206,152254,0.380635
-4.2,12.6,400000,44867,0.112168,151999,0.379997
-4.2,12.8,400000,44872,0.11218,151760,0.3794
-4.2,13,400000,44748,0.11187,152038,0.380095
-4.2,13.2,400000,44754,0.111885,152224,0.38056
-4.2,13.4,400000,44960,0.1124,153017,0.382543
-4.2,13.6,400000,44902,0.112255,151930,0.379825
-4.2,13.8,400000,44770,0.111925,151992,0.37998
-4.2,14,400000,44676,0.11169,152049,0.380122
-4.2,14.2,400000,44700,0.11175,152299,0.380748
-4.2,14.4,400000,44886,0.112215,151685,0.379213
-4.2,14.6,400000,44814,0.112035,152425,0.381063
-4.2,14.8,400000,44904,0.11226,152307,0.380767
-4.2,15,400000,45117,0.112793,152407,0.381018
-4.2,15.2,400000,45334,0.113335,152354,0.380885
-4.2,15.4,400000,44636,0.11159,152126,0.380315
-4.2,15.6,400000,44759,0.111897,151953,0.379883
-4.2,15.8,400000,44759,0.111897,151814,0.379535
-4.2,16,400000,44783,0.111958,151666,0.379165
-4.2,16.2,400000,44336,0.11084,152198,0.380495
-4.2,16.4,400000,45299,0.113248,152402,0.381005
-4.2,16.6,400000,44402,0.111005,151982,0.379955
-4.2,16.8,400000,44795,0.111988,152317,0.380792
-4.2,17,400000,44722,0.111805,152508,0.38127
-4.2,17.2,400000,44675,0.111687,152503,0.381258
-4.2,17.4,400000,44837,0.112092,152207,0.380518
-4.2,17.6,400000,44682,0.111705,152077,0.380192
-4.2,17.8,400000,44826,0.112065,151553,0.378883
-4.2,18,400000,45070,0.112675,152475,0.381188
-4.2,18.2,400000,45091,0.112727,152335,0.380837
-4.2,18.4,400000,44419,0.111047,151959,0.379897
-4.2,18.6,400000,44891,0.112227,152399,0.380997
-4.2,18.8,400000,44872,0.11218,152099,0.380248
-4.2,19,400000,44743,0.111857,152454,0.381135
-4.2,19.2,400000,44954,0.112385,152078,0.380195
-4.2,19.4,400000,45155,0.112888,152660,0.38165
-4.2,19.6,400000,44215,0.110537,151885,0.379713
-4.2,19.8,400000,44721,0.111802,152055,0.380138
-4.2,20,400000,45187,0.112967,152217,0.380543
-4.2,20.2,400000,44842,0.112105,152396,0.38099
-4.2,20.4,400000,44992,0.11248,152736,0.38184
-4.2,20.6,400000,45665,0.114163,152563,0.381408
-4.2,20.8,400000,45405,0.113513,152756,0.38189
-4.2,21,400000,45062,0.112655,152296,0.38074
-4.2,21.2,400000,44450,0.111125,151698,0.379245
-4.2,21.4,400000,45214,0.113035,152700,0.38175
-4.2,21.6,400000,44516,0.11129,152289,0.380723
-4.2,21.8,400000,44795,0.111988,152330,0.380825
-4.2,22,400000,44762,0.111905,151993,0.379983
-4.2,22.2,400000,44517,0.111293,152001,0.380003
-4.2,22.4,400000,44912,0.11228,152037,0.380092
-4.2,22.6,400000,45273,0.113183,151849,0.379622
-4.2,22.8,400000,44891,0.112227,152441,0.381103
-4.2,23,400000,44850,0.112125,152432,0.38108
-4.2,23.2,400000,45140,0.11285,152312,0.38078
-4.2,23.4,400000,44970,0.112425,152115,0.380288
-4.2,23.6,400000,44605,0.111513,151735,0.379337
-4.2,23.8,400000,44840,0.1121,152137,0.380342
-4.2,24,400000,44709,0.111772,151811,0.379528
-4.2,24.2,400000,44944,0.11236,152452,0.38113
-4.2,24.4,400000,45271,0.113178,151957,0.379893
-4.2,24.6,400000,44808,0.11202,152134,0.380335
-4.2,24.8,400000,44746,0.111865,152453,0.381132
-4.2,25,400000,45191,0.112977,152179,0.380447
-4.2,25.2,400000,44983,0.112458,153402,0.383505
-4.2,25.4,400000,44587,0.111467,151863,0.379657
-4.2,25.6,400000,44825,0.112062,152303,0.380758
-4.2,25.8,400000,45455,0.113638,152724,0.38181
-4.2,26,400000,44636,0.11159,152407,0.381018
-4.2,26.2,400000,45039,0.112598,152677,0.381692
-4.2,26.4,400000,44409,0.111022,152181,0.380453
-4.2,26.6,400000,45092,0.11273,152325,0.380812
-4.2,26.8,400000,44963,0.112407,151799,0.379497
-4.2,27,400000,44898,0.112245,152283,0.380707
-4.2,27.2,400000,44599,0.111497,152303,0.380758
-4.2,27.4,400000,44733,0.111833,151979,0.379947
-4.2,27.6,400000,44146,0.110365,151044,0.37761
-4.2,27.8,400000,45107,0.112768,152257,0.380642
-4.2,28,400000,44895,0.112238,152390,0.380975
-4.2,28.2,400000,44247,0.110617,152273,0.380682
-4.2,28.4,400000,44800,0.112,152682,0.381705
-4.2,28.6,400000,44937,0.112342,152017,0.380043
-4.2,28.8,400000,45028,0.11257,152244,0.38061
-4.2,29,400000,44370,0.110925,152137,0.380342
-4.2,29.2,400000,44826,0.112065,152613,0.381532
-4.2,29.4,400000,44233,0.110583,151544,0.37886
-4.2,29.6,400000,44448,0.11112,151206,0.378015
-4.2,29.8,400000,44871,0.112177,152132,0.38033
-4.2,30,400000,45266,0.113165,152925,0.382312
-4.2,30.2,400000,44858,0.112145,152709,0.381773
-4.2,30.4,400000,44522,0.111305,152179,0.380447
-4.2,30.6,400000,44932,0.11233,151749,0.379373
-4.2,30.8,400000,44959,0.112397,151516,0.37879
-4.2,31,400000,44999,0.112498,152249,0.380622
-4.2,31.2,400000,45217,0.113043,152258,0.380645
-4.2,31.4,400000,44562,0.111405,151712,0.37928
-4.2,31.6,400000,44638,0.111595,152068,0.38017
-4.2,31.8,400000,44982,0.112455,152334,0.380835
-4.2,32,400000,44224,0.11056,151962,0.379905
-4.2,32.2,400000,44425,0.111062,151739,0.379348
-4.2,32.4,400000,44502,0.111255,151507,0.378767
-4.2,32.6,400000,44678,0.111695,152607,0.381518
-4.2,32.8,400000,44368,0.11092,151796,0.37949
-4.2,33,400000,44309,0.110772,151944,0.37986
-4.2,33.2,400000,44766,0.111915,152370,0.380925
-4.2,33.4,400000,45037,0.112592,152487,0.381217
-4.2,33.6,400000,45139,0.112848,152078,0.380195
-4.2,33.8,400000,44632,0.11158,152491,0.381227
-4.2,34,400000,44626,0.111565,151508,0.37877
-4.2,34.2,400000,44766,0.111915,152196,0.38049
-4.2,34.4,400000,45204,0.11301,151988,0.37997
-4.2,34.6,400000,44618,0.111545,152328,0.38082
-4.2,34.8,400000,45337,0.113342,152532,0.38133
-4.2,35,400000,44451,0.111128,152116,0.38029
-4.2,35.2,400000,44703,0.111757,151716,0.37929
-4.2,35.4,400000,44518,0.111295,151979,0.379947
-4.2,35.6,400000,44575,0.111437,151966,0.379915
-4.2,35.8,400000,44569,0.111422,151481,0.378702
-4.2,36,400000,44789,0.111973,152095,0.380238
-4.2,36.2,400000,44912,0.11228,151962,0.379905
-4.2,36.4,400000,44636,0.11159,151670,0.379175
-4.2,36.6,400000,44820,0.11205,151981,0.379953
-4.2,36.8,400000,44727,0.111818,151660,0.37915
-4.2,37,400000,44811,0.112028,152406,0.381015
-4.2,37.2,400000,44471,0.111177,152126,0.380315
-4.2,37.4,400000,44489,0.111223,152389,0.380972
-4.2,37.6,400000,45030,0.112575,152598,0.381495
-4.2,37.8,400000,45178,0.112945,152133,0.380333
-4.2,38,400000,44940,0.11235,152408,0.38102
-4.2,38.2,400000,45055,0.112638,151785,0.379462
-4.2,38.4,400000,44975,0.112437,152036,0.38009
-4.2,38.6,400000,45153,0.112882,151958,0.379895
-4.2,38.8,400000,44953,0.112382,151787,0.379468
-4.2,39,400000,44830,0.112075,152131,0.380327
-4.2,39.2,400000,44563,0.111408,151980,0.37995
-4.2,39.4,400000,45090,0.112725,152369,0.380922
-4.2,39.6,400000,44579,0.111448,152064,0.38016
-4.2,39.8,400000,44914,0.112285,152389,0.380972
-4.2,40,400000,44351,0.110878,152002,0.380005
-4.2,40.2,400000,45050,0.112625,152213,0.380532
-4.2,40.4,400000,44723,0.111808,152231,0.380578
-4.2,40.6,400000,44726,0.111815,151865,0.379663
-4.2,40.8,400000,44474,0.111185,151036,0.37759
-4.2,41,400000,44842,0.112105,151585,0.378962
-4.2,41.2,400000,44907,0.112268,151963,0.379908
-4.2,41.4,400000,44756,0.11189,152886,0.382215
-4.2,41.6,400000,44886,0.112215,152408,0.38102
-4.2,41.8,400000,44867,0.112168,152131,0.380327
-4.2,42,400000,45314,0.113285,152493,0.381232
-4.2,42.2,400000,44862,0.112155,152373,0.380933
-4.2,42.4,400000,44208,0.11052,151492,0.37873
-4.2,42.6,400000,45060,0.11265,151939,0.379848
-4.2,42.8,400000,44986,0.112465,151982,0.379955
-4.2,43,400000,44937,0.112342,152045,0.380113
-4.2,43.2,400000,45477,0.113693,152200,0.3805
-4.2,43.4,400000,44924,0.11231,151813,0.379532
-4.2,43.6,400000,45196,0.11299,152550,0.381375
-4.2,43.8,400000,44938,0.112345,152267,0.380667
-4.2,44,400000,44923,0.112308,151830,0.379575
-4.2,44.2,400000,45250,0.113125,152291,0.380727
-4.2,44.4,400000,45184,0.11296,151986,0.379965
-4.2,44.6,400000,44665,0.111662,152181,0.380453
-4.2,44.8,400000,45195,0.112988,152454,0.381135
-4.2,45,400000,44082,0.110205,152482,0.381205
-4.2,45.2,400000,45064,0.11266,151842,0.379605
-4.2,45.4,400000,44667,0.111668,152115,0.380288
-4.2,45.6,400000,44829,0.112073,152660,0.38165
-4.2,45.8,400000,45506,0.113765,152898,0.382245
-4.2,46,400000,45124,0.11281,152183,0.380458
-4.2,46.2,400000,44926,0.112315,152228,0.38057
-4.2,46.4,400000,44395,0.110988,151919,0.379798
-4.2,46.6,400000,44782,0.111955,151734,0.379335
-4.2,46.8,400000,44975,0.112437,152488,0.38122
-4.2,47,400000,45224,0.11306,152388,0.38097
-4.2,47.2,400000,44950,0.112375,151613,0.379032
-4.2,47.4,400000,45220,0.11305,152656,0.38164
-4.2,47.6,400000,45285,0.113212,152481,0.381202
-4.2,47.8,400000,44124,0.11031,151718,0.379295
-4.2,48,400000,45130,0.112825,152309,0.380773
-4.2,48.2,400000,45154,0.112885,151920,0.3798
-4.2,48.4,400000,44615,0.111537,151686,0.379215
-4.2,48.6,400000,44996,0.11249,151783,0.379458
-4.2,48.8,400000,45535,0.113837,152354,0.380885
-4.2,49,400000,44311,0.110778,151599,0.378997
-4.2,49.2,400000,44818,0.112045,152205,0.380512
-4.2,49.4,400000,44282,0.110705,151042,0.377605
-4.2,49.6,400000,44588,0.11147,151952,0.37988
-4.2,49.8,400000,44974,0.112435,152181,0.380453
-4.2,50,400000,44896,0.11224,152047,0.380117
-4,-50,400000,44539,0.111348,151838,0.379595
-4,-49.8,400000,44953,0.112382,151780,0.37945
-4,-49.6,400000,44567,0.111418,151875,0.379688
-4,-49.4,400000,44978,0.112445,151973,0.379933
-4,-49.2,400000,45268,0.11317,151886,0.379715
-4,-49,400000,44353,0.110882,151751,0.379377
-4,-48.8,400000,44730,0.111825,152096,0.38024
-4,-48.6,400000,44767,0.111918,151997,0.379993
-4,-48.4,400000,44876,0.11219,151756,0.37939
-4,-48.2,400000,45143,0.112857,152508,0.38127
-4,-48,400000,45039,0.112598,151682,0.379205
-4,-47.8,400000,44889,0.112223,152213,0.380532
-4,-47.6,400000,45004,0.11251,152341,0.380852
-4,-47.4,400000,44487,0.111217,151696,0.37924
-4,-47.2,400000,44673,0.111683,152346,0.380865
-4,-47,400000,44319,0.110797,151599,0.378997
-4,-46.8,400000,44723,0.111808,151122,0.377805
-4,-46.6,400000,45131,0.112827,152006,0.380015
-4,-46.4,400000,44912,0.11228,152174,0.380435
-4,-46.2,400000,44569,0.111422,152029,0.380072
-4,-46,400000,44921,0.112302,152227,0.380568
-4,-45.8,400000,44653,0.111632,151552,0.37888
-4,-45.6,400000,45406,0.113515,152177,0.380443
-4,-45.4,400000,44791,0.111977,152322,0.380805
-4,-45.2,400000,44821,0.112052,152135,0.380337
-4,-45,400000,45116,0.11279,152210,0.380525
-4,-44.8,400000,44670,0.111675,151594,0.378985
-4,-44.6,400000,44789,0.111973,152015,0.380037
-4,-44.4,400000,45030,0.112575,152001,0.380003
-4,-44.2,400000,45236,0.11309,152530,0.381325
-4,-44,400000,44586,0.111465,151620,0.37905
-4,-43.8,400000,44643,0.111607,152005,0.380012
-4,-43.6,400000,44967,0.112418,152089,0.380223
-4,-43.4,400000,45073,0.112683,152415,0.381037
-4,-43.2,400000,44578,0.111445,152066,0.380165
-4,-43,400000,44775,0.111937,152734,0.381835
-4,-42.8,400000,45175,0.112937,152072,0.38018
-4,-42.6,400000,44916,0.11229,152050,0.380125
-4,-42.4,400000,44112,0.11028,151466,0.378665
-4,-42.2,400000,44948,0.11237,152028,0.38007
-4,-42,400000,44098,0.110245,151757,0.379393
-4,-41.8,400000,44485,0.111213,151808,0.37952
-4,-41.6,400000,44900,0.11225,152233,0.380582
-4,-41.4,400000,44744,0.11186,151600,0.379
-4,-41.2,400000,44361,0.110903,151846,0.379615
-4,-41,400000,44893,0.112232,152018,0.380045
-4,-40.8,400000,44905,0.112263,152358,0.380895
-4,-40.6,400000,44996,0.11249,152201,0.380503
-4,-40.4,400000,45222,0.113055,152361,0.380902
-4,-40.2,400000,44958,0.112395,151551,0.378877
-4,-40,400000,44702,0.111755,152138,0.380345
-4,-39.8,400000,44716,0.11179,152181,0.380453
-4,-39.6,400000,44449,0.111122,152027,0.380068
-4,-39.4,400000,45243,0.113107,152323,0.380808
-4,-39.2,400000,44959,0.112397,152346,0.380865
-4,-39,400000,44563,0.111408,152214,0.380535
-4,-38.8,400000,44898,0.112245,152124,0.38031
-4,-38.6,400000,45147,0.112867,152441,0.381103
-4,-38.4,400000,44848,0.11212,151913,0.379783
-4,-38.2,400000,44908,0.11227,152111,0.380277
-4,-38,400000,44501,0.111253,151864,0.37966
-4,-37.8,400000,44841,0.112102,152033,0.380082
-4,-37.6,400000,45085,0.112712,152346,0.380865
-4,-37.4,400000,44824,0.11206,151628,0.37907
-4,-37.2,400000,44372,0.11093,152164,0.38041
-4,-37,400000,45364,0.11341,152633,0.381582
-4,-36.8,400000,44730,0.111825,152013,0.380032
-4,-36.6,400000,44889,0.112223,151702,0.379255
-4,-36.4,400000,44696,0.11174,151489,0.378723
-4,-36.2,400000,45083,0.112708,152428,0.38107
-4,-36,400000,44508,0.11127,151622,0.379055
-4,-35.8,400000,44791,0.111977,152356,0.38089
-4,-35.6,400000,44823,0.112058,152121,0.380302
-4,-35.4,400000,44791,0.111977,152438,0.381095
-4,-35.2,400000,44602,0.111505,151688,0.37922
-4,-35,400000,44906,0.112265,152009,0.380022
-4,-34.8,400000,44826,0.112065,152198,0.380495
-4,-34.6,400000,44772,0.11193,152363,0.380908
-4,-34.4,400000,44762,0.111905,152082,0.380205
-4,-34.2,400000,44655,0.111638,152471,0.381178
-4,-34,400000,45009,0.112522,152305,0.380763
-4,-33.8,400000,44904,0.11226,151642,0.379105
-4,-33.6,400000,44857,0.112143,151823,0.379557
-4,-33.4,400000,44831,0.112077,152804,0.38201
-4,-33.2,400000,44722,0.111805,152251,0.380628
-4,-33,400000,44260,0.11065,151404,0.37851
-4,-32.8,400000,44509,0.111272,152131,0.380327
-4,-32.6,400000,44802,0.112005,152347,0.380868
-4,-32.4,400000,44730,0.111825,152245,0.380613
-4,-32.2,400000,44933,0.112333,152139,0.380348
-4,-32,400000,44686,0.111715,151935,0.379837
-4,-31.8,400000,45251,0.113128,152027,0.380068
-4,-31.6,400000,44886,0.112215,151998,0.379995
-4,-31.4,400000,45402,0.113505,151911,0.379777
-4,-31.2,400000,44989,0.112473,152320,0.3808
-4,-31,400000,44115,0.110287,152205,0.380512
-4,-30.8,400000,44845,0.112113,151724,0.37931
-4,-30.6,400000,44915,0.112287,152046,0.380115
-4,-30.4,400000,44592,0.11148,152051,0.380128
-4,-30.2,400000,44337,0.110842,151975,0.379937
-4,-30,400000,44852,0.11213,152226,0.380565
-4,-29.8,400000,44914,0.112285,151671,0.379178
-4,-29.6,400000,45272,0.11318,152257,0.380642
-4,-29.4,400000,44630,0.111575,151533,0.378833
-4,-29.2,400000,44660,0.11165,152227,0.380568
-4,-29,400000,45377,0.113443,153346,0.383365
-4,-28.8,400000,44726,0.111815,151761,0.379402
-4,-28.6,400000,44731,0.111827,152246,0.380615
-4,-28.4,400000,45047,0.112617,152398,0.380995
-4,-28.2,400000,44611,0.111528,152590,0.381475
-4,-28,400000,44660,0.11165,152183,0.380458
-4,-27.8,400000,44900,0.11225,152676,0.38169
-4,-27.6,400000,44680,0.1117,152526,0.381315
-4,-27.4,400000,45184,0.11296,152096,0.38024
-4,-27.2,400000,44881,0.112202,152268,0.38067
-4,-27,400000,44887,0.112217,151963,0.379908
-4,-26.8,400000,44566,0.111415,152040,0.3801
-4,-26.6,400000,44908,0.11227,152078,0.380195
-4,-26.4,400000,45189,0.112973,152042,0.380105
-4,-26.2,400000,44959,0.112397,152387,0.380968
-4,-26,400000,45063,0.112657,152720,0.3818
-4,-25.8,400000,45068,0.11267,152674,0.381685
-4,-25.6,400000,44766,0.111915,151940,0.37985
-4,-25.4,400000,44332,0.11083,151471,0.378678
-4,-25.2,400000,44556,0.11139,151927,0.379817
-4,-25,400000,45114,0.112785,152352,0.38088
-4,-24.8,400000,44817,0.112043,151426,0.378565
-4,-24.6,400000,44720,0.1118,151986,0.379965
-4,-24.4,400000,44570,0.111425,152235,0.380588
-4,-24.2,400000,45084,0.11271,152417,0.381043
-4,-24,400000,44704,0.11176,152587,0.381468
-4,-23.8,400000,44733,0.111833,152895,0.382238
-4,-23.6,400000,45090,0.112725,152471,0.381178
-4,-23.4,400000,44733,0.111833,151869,0.379673
-4,-23.2,400000,45151,0.112878,152707,0.381767
-4,-23,400000,44503,0.111257,152454,0.381135
-4,-22.8,400000,44680,0.1117,152069,0.380173
-4,-22.6,400000,45232,0.11308,152396,0.38099
-4,-22.4,400000,45132,0.11283,152676,0.38169
-4,-22.2,400000,44735,0.111838,151963,0.379908
-4,-22,400000,44918,0.112295,151896,0.37974
-4,-21.8,400000,44689,0.111723,151531,0.378827
-4,-21.6,400000,45295,0.113238,151818,0.379545
-4,-21.4,400000,44652,0.11163,152108,0.38027
-4,-21.2,400000,44594,0.111485,152339,0.380848
-4,-21,400000,44350,0.110875,151923,0.379808
-4,-20.8,400000,44915,0.112287,151508,0.37877
-4,-20.6,400000,44809,0.112022,152266,0.380665
-4,-20.4,400000,44655,0.111638,151896,0.37974
-4,-20.2,400000,45014,0.112535,151802,0.379505
-4,-20,400000,44799,0.111997,152038,0.380095
-4,-19.8,400000,45322,0.113305,152335,0.380837
-4,-19.6,400000,45030,0.112575,152306,0.380765
-4,-19.4,400000,44813,0.112032,152343,0.380858
-4,-19.2,400000,44682,0.111705,151714,0.379285
-4,-19,400000,45110,0.112775,152746,0.381865
-4,-18.8,400000,44925,0.112312,151791,0.379478
-4,-18.6,400000,44620,0.11155,152390,0.380975
-4,-18.4,400000,45091,0.112727,152470,0.381175
-4,-18.2,400000,44473,0.111183,151793,0.379483
-4,-18,400000,45041,0.112602,152422,0.381055
-4,-17.8,400000,45161,0.112903,152475,0.381188
-4,-17.6,400000,44855,0.112138,151898,0.379745
-4,-17.4,400000,45200,0.113,152302,0.380755
-4,-17.2,400000,45150,0.112875,152409,0.381022
-4,-17,400000,45037,0.112592,152498,0.381245
-4,-16.8,400000,44641,0.111602,151819,0.379547
-4,-16.6,400000,44650,0.111625,151729,0.379323
-4,-16.4,400000,45176,0.11294,152397,0.380993
-4,-16.2,400000,44893,0.112232,152109,0.380273
-4,-16,400000,44855,0.112138,152830,0.382075
-4,-15.8,400000,45339,0.113348,152044,0.38011
-4,-15.6,400000,45083,0.112708,151819,0.379547
-4,-15.4,400000,44801,0.112003,152493,0.381232
-4,-15.2,400000,45166,0.112915,152019,0.380047
-4,-15,400000,44936,0.11234,152009,0.380022
-4,-14.8,400000,44997,0.112492,152039,0.380097
-4,-14.6,400000,44876,0.11219,151899,0.379748
-4,-14.4,400000,44957,0.112393,152249,0.380622
-4,-14.2,400000,44428,0.11107,151679,0.379198
-4,-14,400000,44357,0.110893,151500,0.37875
-4,-13.8,400000,44562,0.111405,152633,0.381582
-4,-13.6,400000,44463,0.111158,151874,0.379685
-4,-13.4,400000,45175,0.112937,152679,0.381698
-4,-13.2,400000,45123,0.112808,152178,0.380445
-4,-13,400000,45031,0.112577,151964,0.37991
-4,-12.8,400000,44512,0.11128,152110,0.380275
-4,-12.6,400000,44846,0.112115,152268,0.38067
-4,-12.4,400000,44758,0.111895,152199,0.380497
-4,-12.2,400000,44926,0.112315,152371,0.380927
-4,-12,400000,44860,0.11215,152104,0.38026
-4,-11.8,400000,44820,0.11205,151741,0.379352
-4,-11.6,400000,44555,0.111388,152738,0.381845
-4,-11.4,400000,45416,0.11354,152523,0.381308
-4,-11.2,400000,44363,0.110908,151834,0.379585
-4,-11,400000,44934,0.112335,152682,0.381705
-4,-10.8,400000,45098,0.112745,152952,0.38238
-4,-10.6,400000,45224,0.11306,151835,0.379588
-4,-10.4,400000,44590,0.111475,152252,0.38063
-4,-10.2,400000,45008,0.11252,152520,0.3813
-4,-10,400000,44908,0.11227,152182,0.380455
-4,-9.8,400000,45134,0.112835,152254,0.380635
-4,-9.6,400000,44894,0.112235,152614,0.381535
-4,-9.4,400000,45083,0.112708,152568,0.38142
-4,-9.2,400000,44902,0.112255,151908,0.37977
-4,-9,400000,44604,0.11151,152014,0.380035
-4,-8.8,400000,45253,0.113132,151736,0.37934
-4,-8.6,400000,44738,0.111845,151425,0.378563
-4,-8.4,400000,45286,0.113215,152149,0.380373
-4,-8.2,400000,45075,0.112687,152784,0.38196
-4,-8,400000,44647,0.111617,152067,0.380167
-4,-7.8,400000,44745,0.111863,151844,0.37961
-4,-7.6,400000,44300,0.11075,151766,0.379415
-4,-7.4,400000,44445,0.111113,151920,0.3798
-4,-7.2,400000,45108,0.11277,152640,0.3816
-4,-7,400000,44959,0.112397,152129,0.380323
-4,-6.8,400000,44728,0.11182,152122,0.380305
-4,-6.6,400000,44374,0.110935,151751,0.379377
-4,-6.4,400000,45282,0.113205,152763,0.381908
-4,-6.2,400000,44950,0.112375,152556,0.38139
-4,-6,400000,44919,0.112297,152245,0.380613
-4,-5.8,400000,44742,0.111855,152309,0.380773
-4,-5.6,400000,45198,0.112995,152548,0.38137
-4,-5.4,400000,44555,0.111388,152229,0.380572
-4,-5.2,400000,45112,0.11278,152016,0.38004
-4,-5,400000,45027,0.112568,152696,0.38174
-4,-4.8,400000,45117,0.112793,152319,0.380798
-4,-4.6,400000,45111,0.112778,152478,0.381195
-4,-4.4,400000,44865,0.112162,152507,0.381267
-4,-4.2,400000,44673,0.111683,151959,0.379897
-4,-4,400000,45138,0.112845,152715,0.381788
-4,-3.8,400000,44587,0.111467,152468,0.38117
-4,-3.6,400000,44796,0.11199,151989,0.379972
-4,-3.4,400000,45032,0.11258,152255,0.380638
-4,-3.2,400000,45047,0.112617,152087,0.380217
-4,-3,400000,44584,0.11146,151932,0.37983
-4,-2.8,400000,44763,0.111907,152216,0.38054
-4,-2.6,400000,44777,0.111943,151487,0.378717
-4,-2.4,400000,44491,0.111228,152071,0.380178
-4,-2.2,400000,44844,0.11211,152033,0.380082
-4,-2,400000,45010,0.112525,152210,0.380525
-4,-1.8,400000,44820,0.11205,152052,0.38013
-4,-1.6,400000,44746,0.111865,152868,0.38217
-4,-1.4,400000,44779,0.111948,152375,0.380937
-4,-1.2,400000,44664,0.11166,152190,0.380475
-4,-1,400000,44873,0.112183,152247,0.380617
-4,-0.8,400000,45211,0.113028,152367,0.380918
-4,-0.6,400000,44715,0.111787,151540,0.37885
-4,-0.4,400000,44900,0.11225,152362,0.380905
-4,-0.2,400000,45256,0.11314,151976,0.37994
-4,0,400000,44758,0.111895,152097,0.380242
-4,0.2,400000,45374,0.113435,152731,0.381827
-4,0.4,400000,44976,0.11244,151844,0.37961
-4,0.6,400000,44443,0.111107,151834,0.379585
-4,0.8,400000,44561,0.111403,151770,0.379425
-4,1,400000,45124,0.11281,152472,0.38118
-4,1.2,400000,44811,0.112028,152667,0.381667
-4,1.4,400000,44942,0.112355,152288,0.38072
-4,1.6,400000,45204,0.11301,152586,0.381465
-4,1.8,400000,44598,0.111495,152677,0.381692
-4,2,400000,44869,0.112172,152255,0.380638
-4,2.2,400000,44257,0.110643,151863,0.379657
-4,2.4,400000,44869,0.112172,151741,0.379352
-4,2.6,400000,44998,0.112495,152091,0.380227
-4,2.8,400000,45074,0.112685,152385,0.380962
-4,3,400000,44339,0.110848,151962,0.379905
-4,3.2,400000,44448,0.11112,152271,0.380678
-4,3.4,400000,44556,0.11139,151497,0.378742
-4,3.6,400000,44430,0.111075,152004,0.38001
-4,3.8,400000,44867,0.112168,152141,0.380352
-4,4,400000,44763,0.111907,151270,0.378175
-4,4.2,400000,44961,0.112403,152800,0.382
-4,4.4,400000,44722,0.111805,152377,0.380943
-4,4.6,400000,44918,0.112295,151644,0.37911
-4,4.8,400000,44988,0.11247,152009,0.380022
-4,5,400000,44272,0.11068,152107,0.380267
-4,5.2,400000,44519,0.111297,152695,0.381738
-4,5.4,400000,44867,0.112168,152823,0.382057
-4,5.6,400000,45044,0.11261,152463,0.381157
-4,5.8,400000,45323,0.113308,152413,0.381032
-4,6,400000,44516,0.11129,151970,0.379925
-4,6.2,400000,44772,0.11193,151996,0.37999
-4,6.4,400000,44788,0.11197,152036,0.38009
-4,6.6,400000,45260,0.11315,152233,0.380582
-4,6.8,400000,44277,0.110692,151794,0.379485
-4,7,400000,44670,0.111675,151583,0.378958
-4,7.2,400000,44958,0.112395,152918,0.382295
-4,7.4,400000,45123,0.112808,152276,0.38069
-4,7.6,400000,44697,0.111742,151441,0.378603
-4,7.8,400000,44887,0.112217,152191,0.380478
-4,8,400000,44848,0.11212,152088,0.38022
-4,8.2,400000,44658,0.111645,152017,0.380043
-4,8.4,400000,45132,0.11283,152803,0.382007
-4,8.6,400000,44720,0.1118,151756,0.37939
-4,8.8,400000,44826,0.112065,152449,0.381122
-4,9,400000,45070,0.112675,152100,0.38025
-4,9.2,400000,45074,0.112685,152360,0.3809
-4,9.4,400000,45181,0.112952,152631,0.381578
-4,9.6,400000,44661,0.111653,152612,0.38153
-4,9.8,400000,44815,0.112037,151513,0.378783
-4,10,400000,44827,0.112068,152626,0.381565
-4,10.2,400000,44971,0.112427,152044,0.38011
-4,10.4,400000,45353,0.113382,152719,0.381798
-4,10.6,400000,45063,0.112657,151771,0.379427
-4,10.8,400000,44817,0.112043,152498,0.381245
-4,11,400000,44885,0.112213,151406,0.378515
-4,11.2,400000,44539,0.111348,151979,0.379947
-4,11.4,400000,45078,0.112695,152366,0.380915
-4,11.6,400000,44791,0.111977,152236,0.38059
-4,11.8,400000,45164,0.11291,151428,0.37857
-4,12,400000,44984,0.11246,152080,0.3802
-4,12.2,400000,44947,0.112367,151908,0.37977
-4,12.4,400000,44818,0.112045,152286,0.380715
-4,12.6,400000,44943,0.112357,152397,0.380993
-4,12.8,400000,45007,0.112518,152080,0.3802
-4,13,400000,44998,0.112495,152376,0.38094
-4,13.2,400000,44701,0.111753,152221,0.380553
-4,13.4,400000,44719,0.111797,151605,0.379012
-4,13.6,400000,44951,0.112378,153039,0.382597
-4,13.8,400000,44591,0.111477,151306,0.378265
-4,14,400000,44775,0.111937,151752,0.37938
-4,14.2,400000,45063,0.112657,152087,0.380217
-4,14.4,400000,45174,0.112935,152802,0.382005
-4,14.6,400000,44920,0.1123,152688,0.38172
-4,14.8,400000,45074,0.112685,152616,0.38154
-4,15,400000,44851,0.112128,152509,0.381273
-4,15.2,400000,44825,0.112062,152332,0.38083
-4,15.4,400000,44952,0.11238,152254,0.380635
-4,15.6,400000,45077,0.112693,151751,0.379377
-4,15.8,400000,44930,0.112325,152124,0.38031
-4,16,400000,45174,0.112935,152442,0.381105
-4,16.2,400000,44557,0.111393,152673,0.381682
-4,16.4,400000,44849,0.112122,151661,0.379153
-4,16.6,400000,45103,0.112757,152007,0.380018
-4,16.8,400000,44823,0.112058,152361,0.380902
-4,17,400000,44375,0.110937,151884,0.37971
-4,17.2,400000,44729,0.111823,151804,0.37951
-4,17.4,400000,44791,0.111977,152116,0.38029
-4,17.6,400000,44810,0.112025,152296,0.38074
-4,17.8,400000,44717,0.111793,152153,0.380383
-4,18,400000,44944,0.11236,152720,0.3818
-4,18.2,400000,44553,0.111382,152256,0.38064
-4,18.4,400000,44590,0.111475,152001,0.380003
-4,18.6,400000,45107,0.112768,152118,0.380295
-4,18.8,400000,44949,0.112373,152028,0.38007
-4,19,400000,45089,0.112723,152141,0.380352
-4,19.2,400000,44837,0.112092,151744,0.37936
-4,19.4,400000,44873,0.112183,152247,0.380617
-4,19.6,400000,45013,0.112532,152814,0.382035
-4,19.8,400000,44360,0.1109,152230,0.380575
-4,20,400000,44545,0.111363,152101,0.380252
-4,20.2,400000,44687,0.111717,152371,0.380927
-4,20.4,400000,44409,0.111022,152358,0.380895
-4,20.6,400000,45199,0.112998,152523,0.381308
-4,20.8,400000,44912,0.11228,151896,0.37974
-4,21,400000,45066,0.112665,152119,0.380298
-4,21.2,400000,44515,0.111287,151634,0.379085
-4,21.4,400000,45031,0.112577,152777,0.381943
-4,21.6,400000,44853,0.112132,151628,0.37907
-4,21.8,400000,44874,0.112185,152043,0.380107
-4,22,400000,45017,0.112543,151724,0.37931
-4,22.2,400000,44887,0.112217,152021,0.380053
-4,22.4,400000,44783,0.111958,151941,0.379852
-4,22.6,400000,44778,0.111945,152444,0.38111
-4,22.8,400000,45115,0.112787,152130,0.380325
-4,23,400000,44736,0.11184,151777,0.379443
-4,23.2,400000,45167,0.112918,152737,0.381842
-4,23.4,400000,44821,0.112052,152186,0.380465
-4,23.6,400000,44634,0.111585,152200,0.3805
-4,23.8,400000,44625,0.111562,151687,0.379217
-4,24,400000,44520,0.1113,151744,0.37936
-4,24.2,400000,44642,0.111605,151720,0.3793
-4,24.4,400000,44730,0.111825,152776,0.38194
-4,24.6,400000,45215,0.113037,152704,0.38176
-4,24.8,400000,45032,0.11258,152666,0.381665
-4,25,400000,44428,0.11107,151341,0.378352
-4,25.2,400000,44748,0.11187,151867,0.379667
-4,25.4,400000,45067,0.112668,151999,0.379997
-4,25.6,400000,44760,0.1119,152074,0.380185
-4,25.8,400000,44560,0.1114,152358,0.380895
-4,26,400000,45198,0.112995,152081,0.380202
-4,26.2,400000,45203,0.113007,152190,0.380475
-4,26.4,400000,44958,0.112395,151705,0.379263
-4,26.6,400000,44822,0.112055,152015,0.380037
-4,26.8,400000,44670,0.111675,151752,0.37938
-4,27,400000,45537,0.113842,152343,0.380858
-4,27.2,400000,45059,0.112647,152641,0.381603
-4,27.4,400000,44719,0.111797,151736,0.37934
-4,27.6,400000,44661,0.111653,152333,0.380833
-4,27.8,400000,45387,0.113467,152714,0.381785
-4,28,400000,44913,0.112282,151803,0.379507
-4,28.2,400000,44893,0.112232,152334,0.380835
-4,28.4,400000,44490,0.111225,152071,0.380178
-4,28.6,400000,44878,0.112195,152367,0.380918
-4,28.8,400000,45380,0.11345,152309,0.380773
-4,29,400000,44923,0.112308,152575,0.381437
-4,29.2,400000,45066,0.112665,152273,0.380682
-4,29.4,400000,44786,0.111965,152277,0.380692
-4,29.6,400000,44723,0.111808,151973,0.379933
-4,29.8,400000,44557,0.111393,152101,0.380252
-4,30,400000,45170,0.112925,151994,0.379985
-4,30.2,400000,45060,0.11265,152112,0.38028
-4,30.4,400000,44818,0.112045,151658,0.379145
-4,30.6,400000,44760,0.1119,152572,0.38143
-4,30.8,400000,45338,0.113345,152257,0.380642
-4,31,400000,44898,0.112245,151970,0.379925
-4,31.2,400000,44758,0.111895,151707,0.379267
-4,31.4,400000,44958,0.112395,152229,0.380572
-4,31.6,400000,45016,0.11254,152110,0.380275
-4,31.8,400000,44795,0.111988,152456,0.38114
-4,32,400000,44844,0.11211,152226,0.380565
-4,32.2,400000,44622,0.111555,152206,0.380515
-4,32.4,400000,44837,0.112092,152280,0.3807
-4,32.6,400000,44896,0.11224,152237,0.380593
-4,32.8,400000,44968,0.11242,151750,0.379375
-4,33,400000,44828,0.11207,151988,0.37997
-4,33.2,400000,45238,0.113095,152547,0.381368
-4,33.4,400000,45026,0.112565,151996,0.37999
-4,33.6,400000,44296,0.11074,151934,0.379835
-4,33.8,400000,44952,0.11238,152029,0.380072
-4,34,400000,45035,0.112587,153140,0.38285
-4,34.2,400000,44048,0.11012,151561,0.378902
-4,34.4,400000,44715,0.111787,152049,0.380122
-4,34.6,400000,44400,0.111,151856,0.37964
-4,34.8,400000,44819,0.112047,152400,0.381
-4,35,400000,44993,0.112482,152210,0.380525
-4,35.2,400000,44775,0.111937,151450,0.378625
-4,35.4,400000,44386,0.110965,152461,0.381153
-4,35.6,400000,44276,0.11069,151718,0.379295
-4,35.8,400000,44963,0.112407,152232,0.38058
-4,36,400000,44873,0.112183,152179,0.380447
-4,36.2,400000,45173,0.112933,152156,0.38039
-4,36.4,400000,44969,0.112422,152289,0.380723
-4,36.6,400000,44673,0.111683,151751,0.379377
-4,36.8,400000,44506,0.111265,151597,0.378993
-4,37,400000,44561,0.111403,152014,0.380035
-4,37.2,400000,44669,0.111672,152470,0.381175
-4,37.4,400000,44915,0.112287,151718,0.379295
-4,37.6,400000,45153,0.112882,152352,0.38088
-4,37.8,400000,45080,0.1127,152113,0.380283
-4,38,400000,44492,0.11123,152296,0.38074
-4,38.2,400000,44874,0.112185,151877,0.379692
-4,38.4,400000,44557,0.111393,151982,0.379955
-4,38.6,400000,44839,0.112098,152113,0.380283
-4,38.8,400000,45396,0.11349,152412,0.38103
-4,39,400000,44431,0.111077,152107,0.380267
-4,39.2,400000,44904,0.11226,152177,0.380443
-4,39.4,400000,44905,0.112263,152150,0.380375
-4,39.6,400000,44785,0.111963,152730,0.381825
-4,39.8,400000,44767,0.111918,151950,0.379875
-4,40,400000,44570,0.111425,151820,0.37955
-4,40.2,400000,44963,0.112407,152143,0.380358
-4,40.4,400000,44652,0.11163,152405,0.381012
-4,40.6,400000,45155,0.112888,152427,0.381068
-4,40.8,400000,45186,0.112965,152796,0.38199
-4,41,400000,44722,0.111805,152348,0.38087
-4,41.2,400000,45342,0.113355,151985,0.379962
-4,41.4,400000,45008,0.11252,152130,0.380325
-4,41.6,400000,45083,0.112708,152485,0.381213
-4,41.8,400000,44751,0.111878,151896,0.37974
-4,42,400000,44572,0.11143,152223,0.380557
-4,42.2,400000,44740,0.11185,151366,0.378415
-4,42.4,400000,44625,0.111562,151676,0.37919
-4,42.6,400000,44760,0.1119,151817,0.379543
-4,42.8,400000,44839,0.112098,151924,0.37981
-4,43,400000,44256,0.11064,151802,0.379505
-4,43.2,400000,44764,0.11191,152117,0.380292
-4,43.4,400000,44986,0.112465,151954,0.379885
-4,43.6,400000,45203,0.113007,152904,0.38226
-4,43.8,400000,44990,0.112475,152259,0.380648
-4,44,400000,45013,0.112532,151847,0.379617
-4,44.2,400000,45420,0.11355,152142,0.380355
-4,44.4,400000,44710,0.111775,152003,0.380007
-4,44.6,400000,44779,0.111948,152621,0.381553
-4,44.8,400000,45233,0.113083,152545,0.381362
-4,45,400000,44780,0.11195,152499,0.381248
-4,45.2,400000,44810,0.112025,151745,0.379362
-4,45.4,400000,44705,0.111763,151901,0.379752
-4,45.6,400000,44563,0.111408,151651,0.379128
-4,45.8,400000,45018,0.112545,151905,0.379763
-4,46,400000,44581,0.111452,152101,0.380252
-4,46.2,400000,44767,0.111918,152076,0.38019
-4,46.4,400000,44599,0.111497,151231,0.378078
-4,46.6,400000,44724,0.11181,151182,0.377955
-4,46.8,400000,44483,0.111208,151293,0.378233
-4,47,400000,44323,0.110808,151194,0.377985
-4,47.2,400000,45041,0.112602,152331,0.380827
-4,47.4,400000,44657,0.111643,152110,0.380275
-4,47.6,400000,45047,0.112617,152318,0.380795
-4,47.8,400000,45049,0.112623,151942,0.379855
-4,48,400000,44679,0.111698,151820,0.37955
-4,48.2,400000,44810,0.112025,152252,0.38063
-4,48.4,400000,44982,0.112455,151979,0.379947
-4,48.6,400000,45172,0.11293,152557,0.381393
-4,48.8,400000,44697,0.111742,152108,0.38027
-4,49,400000,44857,0.112143,151709,0.379273
-4,49.2,400000,44928,0.11232,152341,0.380852
-4,49.4,400000,45113,0.112782,151763,0.379408
-4,49.6,400000,45128,0.11282,152505,0.381263
-4,49.8,400000,45003,0.112507,151504,0.37876
-4,50,400000,44848,0.11212,152234,0.380585
-3.8,-50,400000,44242,0.110605,151573,0.378933
-3.8,-49.8,400000,45182,0.112955,151649,0.379122
-3.8,-49.6,400000,44612,0.11153,151793,0.379483
-3.8,-49.4,400000,44584,0.11146,152235,0.380588
-3.8,-49.2,400000,44696,0.11174,151775,0.379437
-3.8,-49,400000,45026,0.112565,152214,0.380535
-3.8,-48.8,400000,45179,0.112948,152683,0.381707
-3.8,-48.6,400000,44947,0.112367,152422,0.381055
-3.8,-48.4,400000,44997,0.112492,151556,0.37889
-3.8,-48.2,400000,45448,0.11362,152095,0.380238
-3.8,-48,400000,45086,0.112715,152487,0.381217
-3.8,-47.8,400000,44935,0.112338,152304,0.38076
-3.8,-47.6,400000,45161,0.112903,152197,0.380493
-3.8,-47.4,400000,44777,0.111943,152048,0.38012
-3.8,-47.2,400000,44674,0.111685,152105,0.380263
-3.8,-47,400000,45044,0.11261,151633,0.379082
-3.8,-46.8,400000,44599,0.111497,151643,0.379107
-3.8,-46.6,400000,44772,0.11193,151856,0.37964
-3.8,-46.4,400000,44823,0.112058,151307,0.378267
-3.8,-46.2,400000,44828,0.11207,152215,0.380537
-3.8,-46,400000,44961,0.112403,152727,0.381817
-3.8,-45.8,400000,44625,0.111562,152116,0.38029
-3.8,-45.6,400000,44568,0.11142,151844,0.37961
-3.8,-45.4,400000,44910,0.112275,152318,0.380795
-3.8,-45.2,400000,44860,0.11215,151734,0.379335
-3.8,-45,400000,44898,0.112245,152259,0.380648
-3.8,-44.8,400000,45086,0.112715,152060,0.38015
-3.8,-44.6,400000,44271,0.110677,152093,0.380232
-3.8,-44.4,400000,44712,0.11178,152234,0.380585
-3.8,-44.2,400000,44784,0.11196,151809,0.379522
-3.8,-44,400000,45237,0.113092,151958,0.379895
-3.8,-43.8,400000,44429,0.111073,151774,0.379435
-3.8,-43.6,400000,44811,0.112028,151769,0.379422
-3.8,-43.4,400000,44367,0.110918,151781,0.379453
-3.8,-43.2,400000,45288,0.11322,152841,0.382103
-3.8,-43,400000,44552,0.11138,152144,0.38036
-3.8,-42.8,400000,44434,0.111085,151712,0.37928
-3.8,-42.6,400000,44585,0.111463,151958,0.379895
-3.8,-42.4,400000,44436,0.11109,151714,0.379285
-3.8,-42.2,400000,44624,0.11156,151959,0.379897
-3.8,-42,400000,45226,0.113065,152049,0.380122
-3.8,-41.8,400000,44996,0.11249,152416,0.38104
-3.8,-41.6,400000,45089,0.112723,152207,0.380518
-3.8,-41.4,400000,44462,0.111155,151997,0.379993
-3.8,-41.2,400000,44887,0.112217,152238,0.380595
-3.8,-41,400000,45301,0.113253,152141,0.380352
-3.8,-40.8,400000,44808,0.11202,152448,0.38112
-3.8,-40.6,400000,44390,0.110975,152021,0.380053
-3.8,-40.4,400000,44587,0.111467,151598,0.378995
-3.8,-40.2,400000,44449,0.111122,151211,0.378028
-3.8,-40,400000,44841,0.112102,152213,0.380532
-3.8,-39.8,400000,44138,0.110345,151907,0.379767
-3.8,-39.6,400000,44702,0.111755,151864,0.37966
-3.8,-39.4,400000,44523,0.111308,151667,0.379167
-3.8,-39.2,400000,45013,0.112532,151868,0.37967
-3.8,-39,400000,44633,0.111583,151810,0.379525
-3.8,-38.8,400000,45222,0.113055,152509,0.381273
-3.8,-38.6,400000,44983,0.112458,152414,0.381035
