x,y,detectorID,nPrimary,roiCounts,normalizedCounts,flux,normalizedFlux
30,46,0,100000,23,0.00023,62,0.00062
30,46,1,100000,39,0.00039,65,0.00065
30,46,2,100000,23,0.00023,55,0.00055
30,46,3,100000,35,0.00035,86,0.00086
30,46,4,100000,35,0.00035,73,0.00073
30,46,5,100000,32,0.00032,78,0.00078
30,47,0,100000,32,0.00032,86,0.00086
30,47,1,100000,16,0.00016,67,0.00067
30,47,2,100000,32,0.00032,79,0.00079
30,47,3,100000,29,0.00029,77,0.00077
30,47,4,100000,44,0.00044,81,0.00081
30,47,5,100000,40,0.0004,71,0.00071
30,48,0,100000,30,0.0003,74,0.00074
30,48,1,100000,22,0.00022,53,0.00053
30,48,2,100000,42,0.00042,70,0.0007
30,48,3,100000,27,0.00027,63,0.00063
30,48,4,100000,21,0.00021,74,0.00074
30,48,5,100000,16,0.00016,75,0.00075
30,49,0,100000,42,0.00042,89,0.00089
30,49,1,100000,43,0.00043,99,0.00099
30,49,2,100000,29,0.00029,79,0.00079
30,49,3,100000,47,0.00047,83,0.00083
30,49,4,100000,42,0.00042,90,0.0009
30,49,5,100000,35,0.00035,70,0.0007
30,50,0,100000,20,0.0002,79,0.00079
30,50,1,100000,30,0.0003,73,0.00073
30,50,2,100000,23,0.00023,71,0.00071
30,50,3,100000,21,0.00021,68,0.00068
30,50,4,100000,18,0.00018,64,0.00064
30,50,5,100000,23,0.00023,70,0.0007
31,-50,0,100000,24,0.00024,63,0.00063
31,-50,1,100000,30,0.0003,91,0.00091
31,-50,2,100000,24,0.00024,74,0.00074
31,-50,3,100000,27,0.00027,67,0.00067
31,-50,4,100000,28,0.00028,83,0.00083
31,-50,5,100000,29,0.00029,72,0.00072
31,-49,0,100000,33,0.00033,63,0.00063
31,-49,1,100000,22,0.00022,66,0.00066
31,-49,2,100000,16,0.00016,75,0.00075
31,-49,3,100000,15,0.00015,58,0.00058
31,-49,4,100000,23,0.00023,77,0.00077
31,-49,5,100000,22,0.00022,54,0.00054
31,-48,0,100000,23,0.00023,82,0.00082
31,-48,1,100000,49,0.00049,75,0.00075
31,-48,2,100000,28,0.00028,85,0.00085
31,-48,3,100000,36,0.00036,64,0.00064
31,-48,4,100000,68,0.00068,82,0.00082
31,-48,5,100000,22,0.00022,60,0.0006
31,-47,0,100000,26,0.00026,65,0.00065
31,-47,1,100000,31,0.00031,61,0.00061
31,-47,2,100000,31,0.00031,78,0.00078
31,-47,3,100000,31,0.00031,64,0.00064
31,-47,4,100000,21,0.00021,78,0.00078
31,-47,5,100000,28,0.00028,67,0.00067
31,-46,0,100000,26,0.00026,69,0.00069
31,-46,1,100000,37,0.00037,81,0.00081
31,-46,2,100000,41,0.00041,65,0.00065
31,-46,3,100000,37,0.00037,74,0.00074
31,-46,4,100000,31,0.00031,81,0.00081
31,-46,5,100000,30,0.0003,76,0.00076
31,-45,0,100000,42,0.00042,85,0.00085
31,-45,1,100000,36,0.00036,71,0.00071
31,-45,2,100000,37,0.00037,70,0.0007
31,-45,3,100000,32,0.00032,87,0.00087
31,-45,4,100000,20,0.0002,69,0.00069
31,-45,5,100000,44,0.00044,75,0.00075
31,-44,0,100000,44,0.00044,74,0.00074
31,-44,1,100000,19,0.00019,73,0.00073
31,-44,2,100000,30,0.0003,65,0.00065
31,-44,3,100000,21,0.00021,86,0.00086
31,-44,4,100000,34,0.00034,75,0.00075
31,-44,5,100000,30,0.0003,76,0.00076
31,-43,0,100000,30,0.0003,77,0.00077
31,-43,1,100000,26,0.00026,58,0.00058
31,-43,2,100000,29,0.00029,65,0.00065
31,-43,3,100000,44,0.00044,85,0.00085
31,-43,4,100000,40,0.0004,65,0.00065
31,-43,5,100000,28,0.00028,69,0.00069
31,-42,0,100000,28,0.00028,61,0.00061
31,-42,1,100000,28,0.00028,71,0.00071
31,-42,2,100000,15,0.00015,65,0.00065
31,-42,3,100000,32,0.00032,82,0.00082
31,-42,4,100000,25,0.00025,57,0.00057
31,-42,5,100000,31,0.00031,80,0.0008
31,-41,0,100000,40,0.0004,67,0.00067
31,-41,1,100000,44,0.00044,64,0.00064
31,-41,2,100000,25,0.00025,66,0.00066
31,-41,3,100000,15,0.00015,60,0.0006
31,-41,4,100000,35,0.00035,68,0.00068
31,-41,5,100000,47,0.00047,69,0.00069
31,-40,0,100000,32,0.00032,73,0.00073
31,-40,1,100000,23,0.00023,70,0.0007
31,-40,2,100000,20,0.0002,74,0.00074
31,-40,3,100000,21,0.00021,63,0.00063
31,-40,4,100000,38,0.00038,75,0.00075
31,-40,5,100000,42,0.00042,73,0.00073
31,-39,0,100000,34,0.00034,83,0.00083
31,-39,1,100000,17,0.00017,65,0.00065
31,-39,2,100000,25,0.00025,92,0.00092
31,-39,3,100000,18,0.00018,69,0.00069
31,-39,4,100000,23,0.00023,74,0.00074
31,-39,5,100000,51,0.00051,93,0.00093
31,-38,0,100000,35,0.00035,58,0.00058
31,-38,1,100000,34,0.00034,73,0.00073
31,-38,2,100000,22,0.00022,68,0.00068
31,-38,3,100000,18,0.00018,66,0.00066
31,-38,4,100000,16,0.00016,71,0.00071
31,-38,5,100000,23,0.00023,75,0.00075
31,-37,0,100000,36,0.00036,81,0.00081
31,-37,1,100000,23,0.00023,59,0.00059
31,-37,2,100000,21,0.00021,81,0.00081
31,-37,3,100000,38,0.00038,75,0.00075
31,-37,4,100000,29,0.00029,66,0.00066
31,-37,5,100000,35,0.00035,76,0.00076
31,-36,0,100000,23,0.00023,67,0.00067
31,-36,1,100000,24,0.00024,71,0.00071
31,-36,2,100000,34,0.00034,83,0.00083
31,-36,3,100000,23,0.00023,59,0.00059
31,-36,4,100000,19,0.00019,61,0.00061
31,-36,5,100000,28,0.00028,76,0.00076
31,-35,0,100000,14,0.00014,69,0.00069
31,-35,1,100000,23,0.00023,78,0.00078
31,-35,2,100000,37,0.00037,69,0.00069
31,-35,3,100000,27,0.00027,81,0.00081
31,-35,4,100000,31,0.00031,68,0.00068
31,-35,5,100000,17,0.00017,63,0.00063
31,-34,0,100000,42,0.00042,84,0.00084
31,-34,1,100000,32,0.00032,73,0.00073
31,-34,2,100000,19,0.00019,60,0.0006
31,-34,3,100000,38,0.00038,69,0.00069
31,-34,4,100000,44,0.00044,77,0.00077
31,-34,5,100000,27,0.00027,75,0.00075
31,-33,0,100000,27,0.00027,61,0.00061
31,-33,1,100000,31,0.00031,66,0.00066
31,-33,2,100000,25,0.00025,76,0.00076
31,-33,3,100000,29,0.00029,76,0.00076
31,-33,4,100000,42,0.00042,64,0.00064
31,-33,5,100000,33,0.00033,61,0.00061
31,-32,0,100000,46,0.00046,83,0.00083
31,-32,1,100000,36,0.00036,79,0.00079
31,-32,2,100000,20,0.0002,61,0.00061
31,-32,3,100000,22,0.00022,73,0.00073
31,-32,4,100000,32,0.00032,91,0.00091
31,-32,5,100000,26,0.00026,72,0.00072
31,-31,0,100000,16,0.00016,73,0.00073
31,-31,1,100000,21,0.00021,63,0.00063
31,-31,2,100000,40,0.0004,82,0.00082
31,-31,3,100000,24,0.00024,67,0.00067
31,-31,4,100000,22,0.00022,71,0.00071
31,-31,5,100000,33,0.00033,63,0.00063
31,-30,0,100000,40,0.0004,83,0.00083
31,-30,1,100000,23,0.00023,61,0.00061
31,-30,2,100000,18,0.00018,61,0.00061
31,-30,3,100000,37,0.00037,81,0.00081
31,-30,4,100000,28,0.00028,75,0.00075
31,-30,5,100000,25,0.00025,70,0.0007
31,-29,0,100000,25,0.00025,61,0.00061
31,-29,1,100000,24,0.00024,63,0.00063
31,-29,2,100000,27,0.00027,74,0.00074
31,-29,3,100000,40,0.0004,82,0.00082
31,-29,4,100000,26,0.00026,66,0.00066
31,-29,5,100000,46,0.00046,82,0.00082
31,-28,0,100000,35,0.00035,70,0.0007
31,-28,1,100000,24,0.00024,74,0.00074
31,-28,2,100000,38,0.00038,68,0.00068
31,-28,3,100000,41,0.00041,73,0.00073
31,-28,4,100000,39,0.00039,66,0.00066
31,-28,5,100000,31,0.00031,75,0.00075
31,-27,0,100000,23,0.00023,67,0.00067
31,-27,1,100000,33,0.00033,69,0.00069
31,-27,2,100000,43,0.00043,70,0.0007
31,-27,3,100000,36,0.00036,76,0.00076
31,-27,4,100000,34,0.00034,69,0.00069
31,-27,5,100000,19,0.00019,80,0.0008
31,-26,0,100000,21,0.00021,77,0.00077
31,-26,1,100000,28,0.00028,81,0.00081
31,-26,2,100000,35,0.00035,83,0.00083
31,-26,3,100000,40,0.0004,76,0.00076
31,-26,4,100000,33,0.00033,101,0.00101
31,-26,5,100000,29,0.00029,76,0.00076
31,-25,0,100000,63,0.00063,85,0.00085
31,-25,1,100000,32,0.00032,77,0.00077
31,-25,2,100000,21,0.00021,72,0.00072
31,-25,3,100000,44,0.00044,75,0.00075
31,-25,4,100000,25,0.00025,57,0.00057
31,-25,5,100000,32,0.00032,90,0.0009
31,-24,0,100000,18,0.00018,57,0.00057
31,-24,1,100000,26,0.00026,61,0.00061
31,-24,2,100000,24,0.00024,73,0.00073
31,-24,3,100000,39,0.00039,67,0.00067
31,-24,4,100000,43,0.00043,77,0.00077
31,-24,5,100000,34,0.00034,64,0.00064
31,-23,0,100000,32,0.00032,66,0.00066
31,-23,1,100000,21,0.00021,83,0.00083
31,-23,2,100000,18,0.00018,65,0.00065
31,-23,3,100000,36,0.00036,73,0.00073
31,-23,4,100000,22,0.00022,66,0.00066
31,-23,5,100000,39,0.00039,70,0.0007
31,-22,0,100000,32,0.00032,79,0.00079
31,-22,1,100000,17,0.00017,74,0.00074
31,-22,2,100000,29,0.00029,66,0.00066
31,-22,3,100000,29,0.00029,79,0.00079
31,-22,4,100000,17,0.00017,73,0.00073
31,-22,5,100000,23,0.00023,69,0.00069
31,-21,0,100000,29,0.00029,79,0.00079
31,-21,1,100000,36,0.00036,90,0.0009
31,-21,2,100000,27,0.00027,72,0.00072
31,-21,3,100000,33,0.00033,65,0.00065
31,-21,4,100000,34,0.00034,77,0.00077
31,-21,5,100000,39,0.00039,72,0.00072
31,-20,0,100000,21,0.00021,69,0.00069
31,-20,1,100000,17,0.00017,74,0.00074
31,-20,2,100000,34,0.00034,77,0.00077
31,-20,3,100000,28,0.00028,70,0.0007
31,-20,4,100000,26,0.00026,79,0.00079
31,-20,5,100000,47,0.00047,82,0.00082
31,-19,0,100000,24,0.00024,68,0.00068
31,-19,1,100000,40,0.0004,64,0.00064
31,-19,2,100000,30,0.0003,74,0.00074
31,-19,3,100000,35,0.00035,81,0.00081
31,-19,4,100000,17,0.00017,81,0.00081
31,-19,5,100000,34,0.00034,78,0.00078
31,-18,0,100000,37,0.00037,78,0.00078
31,-18,1,100000,26,0.00026,65,0.00065
31,-18,2,100000,25,0.00025,72,0.00072
31,-18,3,100000,16,0.00016,81,0.00081
31,-18,4,100000,24,0.00024,67,0.00067
31,-18,5,100000,51,0.00051,77,0.00077
31,-17,0,100000,25,0.00025,62,0.00062
31,-17,1,100000,22,0.00022,69,0.00069
31,-17,2,100000,30,0.0003,73,0.00073
31,-17,3,100000,28,0.00028,79,0.00079
31,-17,4,100000,37,0.00037,78,0.00078
31,-17,5,100000,25,0.00025,76,0.00076
31,-16,0,100000,51,0.00051,85,0.00085
31,-16,1,100000,33,0.00033,67,0.00067
31,-16,2,100000,27,0.00027,75,0.00075
31,-16,3,100000,33,0.00033,68,0.00068
31,-16,4,100000,20,0.0002,86,0.00086
31,-16,5,100000,47,0.00047,86,0.00086
31,-15,0,100000,47,0.00047,76,0.00076
31,-15,1,100000,16,0.00016,69,0.00069
31,-15,2,100000,20,0.0002,69,0.00069
31,-15,3,100000,22,0.00022,54,0.00054
31,-15,4,100000,24,0.00024,73,0.00073
31,-15,5,100000,46,0.00046,67,0.00067
31,-14,0,100000,32,0.00032,65,0.00065
31,-14,1,100000,22,0.00022,70,0.0007
31,-14,2,100000,25,0.00025,81,0.00081
31,-14,3,100000,59,0.00059,83,0.00083
31,-14,4,100000,49,0.00049,83,0.00083
31,-14,5,100000,30,0.0003,60,0.0006
31,-13,0,100000,35,0.00035,86,0.00086
31,-13,1,100000,56,0.00056,74,0.00074
31,-13,2,100000,20,0.0002,82,0.00082
31,-13,3,100000,34,0.00034,76,0.00076
31,-13,4,100000,54,0.00054,78,0.00078
31,-13,5,100000,30,0.0003,76,0.00076
31,-12,0,100000,19,0.00019,71,0.00071
31,-12,1,100000,23,0.00023,65,0.00065
31,-12,2,100000,47,0.00047,69,0.00069
31,-12,3,100000,36,0.00036,62,0.00062
31,-12,4,100000,22,0.00022,81,0.00081
31,-12,5,100000,46,0.00046,75,0.00075
31,-11,0,100000,17,0.00017,67,0.00067
31,-11,1,100000,26,0.00026,83,0.00083
31,-11,2,100000,15,0.00015,67,0.00067
31,-11,3,100000,42,0.00042,79,0.00079
31,-11,4,100000,26,0.00026,65,0.00065
31,-11,5,100000,27,0.00027,65,0.00065
31,-10,0,100000,25,0.00025,69,0.00069
31,-10,1,100000,26,0.00026,65,0.00065
31,-10,2,100000,19,0.00019,77,0.00077
31,-10,3,100000,33,0.00033,71,0.00071
31,-10,4,100000,13,0.00013,68,0.00068
31,-10,5,100000,26,0.00026,70,0.0007
31,-9,0,100000,26,0.00026,67,0.00067
31,-9,1,100000,40,0.0004,59,0.00059
31,-9,2,100000,37,0.00037,94,0.00094
31,-9,3,100000,25,0.00025,73,0.00073
31,-9,4,100000,24,0.00024,77,0.00077
31,-9,5,100000,45,0.00045,80,0.0008
31,-8,0,100000,20,0.0002,72,0.00072
31,-8,1,100000,56,0.00056,87,0.00087
31,-8,2,100000,32,0.00032,68,0.00068
31,-8,3,100000,43,0.00043,83,0.00083
31,-8,4,100000,13,0.00013,45,0.00045
31,-8,5,100000,38,0.00038,72,0.00072
31,-7,0,100000,25,0.00025,64,0.00064
31,-7,1,100000,48,0.00048,85,0.00085
31,-7,2,100000,29,0.00029,79,0.00079
31,-7,3,100000,59,0.00059,83,0.00083
31,-7,4,100000,20,0.0002,70,0.0007
31,-7,5,100000,25,0.00025,63,0.00063
31,-6,0,100000,33,0.00033,76,0.00076
31,-6,1,100000,24,0.00024,74,0.00074
31,-6,2,100000,34,0.00034,77,0.00077
31,-6,3,100000,33,0.00033,67,0.00067
31,-6,4,100000,19,0.00019,72,0.00072
31,-6,5,100000,26,0.00026,79,0.00079
31,-5,0,100000,34,0.00034,69,0.00069
31,-5,1,100000,20,0.0002,62,0.00062
31,-5,2,100000,29,0.00029,81,0.00081
31,-5,3,100000,37,0.00037,62,0.00062
31,-5,4,100000,29,0.00029,80,0.0008
31,-5,5,100000,27,0.00027,68,0.00068
31,-4,0,100000,30,0.0003,84,0.00084
31,-4,1,100000,26,0.00026,64,0.00064
31,-4,2,100000,43,0.00043,78,0.00078
31,-4,3,100000,55,0.00055,80,0.0008
31,-4,4,100000,22,0.00022,82,0.00082
31,-4,5,100000,30,0.0003,57,0.00057
31,-3,0,100000,41,0.00041,84,0.00084
31,-3,1,100000,33,0.00033,60,0.0006
31,-3,2,100000,35,0.00035,81,0.00081
31,-3,3,100000,30,0.0003,74,0.00074
31,-3,4,100000,30,0.0003,72,0.00072
31,-3,5,100000,34,0.00034,77,0.00077
31,-2,0,100000,25,0.00025,72,0.00072
31,-2,1,100000,24,0.00024,76,0.00076
31,-2,2,100000,37,0.00037,64,0.00064
31,-2,3,100000,32,0.00032,100,0.001
31,-2,4,100000,14,0.00014,59,0.00059
31,-2,5,100000,20,0.0002,73,0.00073
31,-1,0,100000,22,0.00022,57,0.00057
31,-1,1,100000,24,0.00024,69,0.00069
31,-1,2,100000,48,0.00048,83,0.00083
31,-1,3,100000,40,0.0004,72,0.00072
31,-1,4,100000,43,0.00043,73,0.00073
31,-1,5,100000,9,9e-05,70,0.0007
31,0,0,100000,16,0.00016,56,0.00056
31,0,1,100000,29,0.00029,75,0.00075
31,0,2,100000,32,0.00032,74,0.00074
31,0,3,100000,33,0.00033,81,0.00081
31,0,4,100000,42,0.00042,75,0.00075
31,0,5,100000,45,0.00045,62,0.00062
31,1,0,100000,39,0.00039,68,0.00068
31,1,1,100000,22,0.00022,52,0.00052
31,1,2,100000,31,0.00031,63,0.00063
31,1,3,100000,30,0.0003,81,0.00081
31,1,4,100000,45,0.00045,84,0.00084
31,1,5,100000,35,0.00035,70,0.0007
31,2,0,100000,15,0.00015,75,0.00075
31,2,1,100000,53,0.00053,69,0.00069
31,2,2,100000,33,0.00033,70,0.0007
31,2,3,100000,24,0.00024,60,0.0006
31,2,4,100000,32,0.00032,65,0.00065
31,2,5,100000,41,0.00041,76,0.00076
31,3,0,100000,36,0.00036,68,0.00068
31,3,1,100000,51,0.00051,83,0.00083
31,3,2,100000,61,0.00061,83,0.00083
31,3,3,100000,28,0.00028,78,0.00078
31,3,4,100000,47,0.00047,86,0.00086
31,3,5,100000,31,0.00031,64,0.00064
31,4,0,100000,33,0.00033,83,0.00083
31,4,1,100000,39,0.00039,77,0.00077
31,4,2,100000,40,0.0004,74,0.00074
31,4,3,100000,40,0.0004,80,0.0008
31,4,4,100000,41,0.00041,83,0.00083
31,4,5,100000,33,0.00033,71,0.00071
31,5,0,100000,37,0.00037,72,0.00072
31,5,1,100000,51,0.00051,76,0.00076
31,5,2,100000,36,0.00036,60,0.0006
31,5,3,100000,24,0.00024,75,0.00075
31,5,4,100000,32,0.00032,68,0.00068
31,5,5,100000,39,0.00039,69,0.00069
31,6,0,100000,30,0.0003,64,0.00064
31,6,1,100000,25,0.00025,76,0.00076
31,6,2,100000,52,0.00052,91,0.00091
31,6,3,100000,38,0.00038,75,0.00075
31,6,4,100000,52,0.00052,87,0.00087
31,6,5,100000,29,0.00029,83,0.00083
31,7,0,100000,16,0.00016,77,0.00077
31,7,1,100000,36,0.00036,79,0.00079
31,7,2,100000,41,0.00041,83,0.00083
31,7,3,100000,25,0.00025,76,0.00076
31,7,4,100000,23,0.00023,69,0.00069
31,7,5,100000,25,0.00025,69,0.00069
31,8,0,100000,6,6e-05,56,0.00056
31,8,1,100000,24,0.00024,75,0.00075
31,8,2,100000,24,0.00024,67,0.00067
31,8,3,100000,44,0.00044,77,0.00077
31,8,4,100000,31,0.00031,80,0.0008
31,8,5,100000,18,0.00018,66,0.00066
31,9,0,100000,20,0.0002,82,0.00082
31,9,1,100000,40,0.0004,80,0.0008
31,9,2,100000,28,0.00028,82,0.00082
31,9,3,100000,29,0.00029,70,0.0007
31,9,4,100000,24,0.00024,78,0.00078
31,9,5,100000,62,0.00062,81,0.00081
31,10,0,100000,12,0.00012,45,0.00045
31,10,1,100000,38,0.00038,75,0.00075
31,10,2,100000,17,0.00017,73,0.00073
31,10,3,100000,32,0.00032,77,0.00077
31,10,4,100000,38,0.00038,66,0.00066
31,10,5,100000,22,0.00022,67,0.00067
31,11,0,100000,31,0.00031,76,0.00076
31,11,1,100000,44,0.00044,78,0.00078
31,11,2,100000,21,0.00021,91,0.00091
31,11,3,100000,8,8e-05,72,0.00072
31,11,4,100000,54,0.00054,80,0.0008
31,11,5,100000,27,0.00027,84,0.00084
31,12,0,100000,44,0.00044,82,0.00082
31,12,1,100000,32,0.00032,79,0.00079
31,12,2,100000,28,0.00028,70,0.0007
31,12,3,100000,37,0.00037,77,0.00077
31,12,4,100000,45,0.00045,74,0.00074
31,12,5,100000,30,0.0003,70,0.0007
31,13,0,100000,35,0.00035,75,0.00075
31,13,1,100000,29,0.00029,68,0.00068
31,13,2,100000,29,0.00029,70,0.0007
31,13,3,100000,43,0.00043,77,0.00077
31,13,4,100000,24,0.00024,60,0.0006
31,13,5,100000,32,0.00032,77,0.00077
31,14,0,100000,41,0.00041,73,0.00073
31,14,1,100000,20,0.0002,62,0.00062
31,14,2,100000,28,0.00028,61,0.00061
31,14,3,100000,29,0.00029,72,0.00072
31,14,4,100000,28,0.00028,81,0.00081
31,14,5,100000,22,0.00022,78,0.00078
31,15,0,100000,31,0.00031,85,0.00085
31,15,1,100000,24,0.00024,78,0.00078
31,15,2,100000,36,0.00036,68,0.00068
31,15,3,100000,20,0.0002,61,0.00061
31,15,4,100000,36,0.00036,77,0.00077
31,15,5,100000,38,0.00038,70,0.0007
31,16,0,100000,39,0.00039,81,0.00081
31,16,1,100000,24,0.00024,55,0.00055
31,16,2,100000,19,0.00019,72,0.00072
31,16,3,100000,36,0.00036,81,0.00081
31,16,4,100000,23,0.00023,69,0.00069
31,16,5,100000,45,0.00045,69,0.00069
31,17,0,100000,29,0.00029,60,0.0006
31,17,1,100000,30,0.0003,73,0.00073
31,17,2,100000,31,0.00031,81,0.00081
31,17,3,100000,30,0.0003,61,0.00061
31,17,4,100000,22,0.00022,63,0.00063
31,17,5,100000,30,0.0003,70,0.0007
31,18,0,100000,16,0.00016,61,0.00061
31,18,1,100000,29,0.00029,68,0.00068
31,18,2,100000,22,0.00022,62,0.00062
31,18,3,100000,27,0.00027,68,0.00068
31,18,4,100000,40,0.0004,67,0.00067
31,18,5,100000,38,0.00038,64,0.00064
31,19,0,100000,28,0.00028,68,0.00068
31,19,1,100000,33,0.00033,70,0.0007
31,19,2,100000,43,0.00043,69,0.00069
31,19,3,100000,27,0.00027,63,0.00063
31,19,4,100000,34,0.00034,74,0.00074
31,19,5,100000,27,0.00027,65,0.00065
31,20,0,100000,18,0.00018,62,0.00062
31,20,1,100000,39,0.00039,78,0.00078
31,20,2,100000,27,0.00027,78,0.00078
31,20,3,100000,37,0.00037,81,0.00081
31,20,4,100000,36,0.00036,91,0.00091
31,20,5,100000,32,0.00032,71,0.00071
31,21,0,100000,47,0.00047,91,0.00091
31,21,1,100000,48,0.00048,76,0.00076
31,21,2,100000,57,0.00057,84,0.00084
31,21,3,100000,23,0.00023,70,0.0007
31,21,4,100000,40,0.0004,73,0.00073
31,21,5,100000,13,0.00013,61,0.00061
31,22,0,100000,30,0.0003,65,0.00065
31,22,1,100000,26,0.00026,68,0.00068
31,22,2,100000,27,0.00027,76,0.00076
31,22,3,100000,27,0.00027,80,0.0008
31,22,4,100000,38,0.00038,64,0.00064
31,22,5,100000,29,0.00029,64,0.00064
31,23,0,100000,36,0.00036,68,0.00068
31,23,1,100000,19,0.00019,62,0.00062
31,23,2,100000,37,0.00037,85,0.00085
31,23,3,100000,36,0.00036,74,0.00074
31,23,4,100000,18,0.00018,78,0.00078
31,23,5,100000,61,0.00061,84,0.00084
31,24,0,100000,28,0.00028,72,0.00072
31,24,1,100000,25,0.00025,68,0.00068
31,24,2,100000,30,0.0003,64,0.00064
31,24,3,100000,28,0.00028,80,0.0008
31,24,4,100000,31,0.00031,72,0.00072
31,24,5,100000,26,0.00026,80,0.0008
31,25,0,100000,23,0.00023,61,0.00061
31,25,1,100000,29,0.00029,61,0.00061
31,25,2,100000,42,0.00042,66,0.00066
31,25,3,100000,30,0.0003,75,0.00075
31,25,4,100000,26,0.00026,57,0.00057
31,25,5,100000,30,0.0003,59,0.00059
31,26,0,100000,25,0.00025,60,0.0006
31,26,1,100000,18,0.00018,70,0.0007
31,26,2,100000,33,0.00033,67,0.00067
31,26,3,100000,34,0.00034,76,0.00076
31,26,4,100000,23,0.00023,67,0.00067
31,26,5,100000,30,0.0003,63,0.00063
31,27,0,100000,23,0.00023,64,0.00064
31,27,1,100000,20,0.0002,67,0.00067
31,27,2,100000,30,0.0003,69,0.00069
31,27,3,100000,17,0.00017,63,0.00063
31,27,4,100000,36,0.00036,72,0.00072
31,27,5,100000,43,0.00043,73,0.00073
31,28,0,100000,31,0.00031,85,0.00085
31,28,1,100000,30,0.0003,70,0.0007
31,28,2,100000,27,0.00027,67,0.00067
31,28,3,100000,30,0.0003,74,0.00074
31,28,4,100000,25,0.00025,79,0.00079
31,28,5,100000,34,0.00034,82,0.00082
31,29,0,100000,18,0.00018,74,0.00074
31,29,1,100000,32,0.00032,65,0.00065
31,29,2,100000,22,0.00022,57,0.00057
31,29,3,100000,16,0.00016,51,0.00051
31,29,4,100000,45,0.00045,80,0.0008
31,29,5,100000,24,0.00024,68,0.00068
31,30,0,100000,37,0.00037,70,0.0007
31,30,1,100000,28,0.00028,80,0.0008
31,30,2,100000,12,0.00012,62,0.00062
31,30,3,100000,32,0.00032,71,0.00071
31,30,4,100000,29,0.00029,70,0.0007
31,30,5,100000,24,0.00024,85,0.00085
31,31,0,100000,20,0.0002,68,0.00068
31,31,1,100000,58,0.00058,87,0.00087
31,31,2,100000,22,0.00022,73,0.00073
31,31,3,100000,22,0.00022,72,0.00072
31,31,4,100000,20,0.0002,79,0.00079
31,31,5,100000,30,0.0003,77,0.00077
31,32,0,100000,33,0.00033,72,0.00072
31,32,1,100000,32,0.00032,69,0.00069
31,32,2,100000,44,0.00044,64,0.00064
31,32,3,100000,34,0.00034,72,0.00072
31,32,4,100000,26,0.00026,80,0.0008
31,32,5,100000,24,0.00024,77,0.00077
31,33,0,100000,19,0.00019,72,0.00072
31,33,1,100000,38,0.00038,80,0.0008
31,33,2,100000,35,0.00035,74,0.00074
31,33,3,100000,30,0.0003,70,0.0007
31,33,4,100000,35,0.00035,84,0.00084
31,33,5,100000,18,0.00018,73,0.00073
31,34,0,100000,32,0.00032,76,0.00076
31,34,1,100000,29,0.00029,69,0.00069
31,34,2,100000,25,0.00025,67,0.00067
31,34,3,100000,34,0.00034,74,0.00074
31,34,4,100000,23,0.00023,69,0.00069
31,34,5,100000,24,0.00024,68,0.00068
31,35,0,100000,30,0.0003,75,0.00075
31,35,1,100000,30,0.0003,83,0.00083
31,35,2,100000,27,0.00027,91,0.00091
31,35,3,100000,27,0.00027,65,0.00065
31,35,4,100000,40,0.0004,79,0.00079
31,35,5,100000,31,0.00031,64,0.00064
31,36,0,100000,30,0.0003,74,0.00074
31,36,1,100000,37,0.00037,72,0.00072
31,36,2,100000,30,0.0003,78,0.00078
31,36,3,100000,29,0.00029,70,0.0007
31,36,4,100000,36,0.00036,83,0.00083
31,36,5,100000,20,0.0002,79,0.00079
31,37,0,100000,35,0.00035,80,0.0008
31,37,1,100000,32,0.00032,72,0.00072
31,37,2,100000,36,0.00036,82,0.00082
31,37,3,100000,18,0.00018,65,0.00065
31,37,4,100000,25,0.00025,60,0.0006
31,37,5,100000,33,0.00033,71,0.00071
31,38,0,100000,28,0.00028,70,0.0007
31,38,1,100000,19,0.00019,70,0.0007
31,38,2,100000,21,0.00021,72,0.00072
31,38,3,100000,39,0.00039,86,0.00086
31,38,4,100000,24,0.00024,73,0.00073
31,38,5,100000,21,0.00021,64,0.00064
31,39,0,100000,48,0.00048,79,0.00079
31,39,1,100000,41,0.00041,61,0.00061
31,39,2,100000,25,0.00025,77,0.00077
31,39,3,100000,47,0.00047,78,0.00078
31,39,4,100000,26,0.00026,64,0.00064
31,39,5,100000,24,0.00024,66,0.00066
31,40,0,100000,28,0.00028,67,0.00067
31,40,1,100000,33,0.00033,70,0.0007
31,40,2,100000,41,0.00041,72,0.00072
31,40,3,100000,33,0.00033,73,0.00073
31,40,4,100000,27,0.00027,63,0.00063
31,40,5,100000,32,0.00032,75,0.00075
31,41,0,100000,35,0.00035,67,0.00067
31,41,1,100000,40,0.0004,77,0.00077
31,41,2,100000,41,0.00041,61,0.00061
31,41,3,100000,28,0.00028,76,0.00076
31,41,4,100000,37,0.00037,71,0.00071
31,41,5,100000,33,0.00033,68,0.00068
31,42,0,100000,37,0.00037,85,0.00085
31,42,1,100000,25,0.00025,69,0.00069
31,42,2,100000,28,0.00028,76,0.00076
31,42,3,100000,32,0.00032,76,0.00076
31,42,4,100000,29,0.00029,64,0.00064
31,42,5,100000,28,0.00028,71,0.00071
31,43,0,100000,34,0.00034,74,0.00074
31,43,1,100000,21,0.00021,65,0.00065
31,43,2,100000,21,0.00021,67,0.00067
31,43,3,100000,33,0.00033,71,0.00071
31,43,4,100000,45,0.00045,89,0.00089
31,43,5,100000,44,0.00044,76,0.00076
31,44,0,100000,50,0.0005,69,0.00069
31,44,1,100000,40,0.0004,71,0.00071
31,44,2,100000,40,0.0004,90,0.0009
31,44,3,100000,20,0.0002,71,0.00071
31,44,4,100000,24,0.00024,71,0.00071
31,44,5,100000,48,0.00048,83,0.00083
31,45,0,100000,28,0.00028,76,0.00076
31,45,1,100000,22,0.00022,90,0.0009
31,45,2,100000,41,0.00041,84,0.00084
31,45,3,100000,36,0.00036,78,0.00078
31,45,4,100000,51,0.00051,75,0.00075
31,45,5,100000,40,0.0004,80,0.0008
31,46,0,100000,31,0.00031,71,0.00071
31,46,1,100000,36,0.00036,75,0.00075
31,46,2,100000,19,0.00019,80,0.0008
31,46,3,100000,19,0.00019,69,0.00069
31,46,4,100000,17,0.00017,51,0.00051
31,46,5,100000,44,0.00044,82,0.00082
31,47,0,100000,35,0.00035,72,0.00072
31,47,1,100000,17,0.00017,67,0.00067
31,47,2,100000,19,0.00019,61,0.00061
31,47,3,100000,38,0.00038,71,0.00071
31,47,4,100000,27,0.00027,85,0.00085
31,47,5,100000,17,0.00017,49,0.00049
31,48,0,100000,19,0.00019,66,0.00066
31,48,1,100000,21,0.00021,71,0.00071
31,48,2,100000,29,0.00029,82,0.00082
31,48,3,100000,31,0.00031,84,0.00084
31,48,4,100000,25,0.00025,69,0.00069
31,48,5,100000,14,0.00014,61,0.00061
31,49,0,100000,25,0.00025,65,0.00065
31,49,1,100000,48,0.00048,79,0.00079
31,49,2,100000,13,0.00013,78,0.00078
31,49,3,100000,31,0.00031,80,0.0008
31,49,4,100000,23,0.00023,75,0.00075
31,49,5,100000,23,0.00023,77,0.00077
31,50,0,100000,24,0.00024,82,0.00082
31,50,1,100000,39,0.00039,60,0.0006
31,50,2,100000,17,0.00017,55,0.00055
31,50,3,100000,28,0.00028,91,0.00091
31,50,4,100000,29,0.00029,76,0.00076
31,50,5,100000,14,0.00014,54,0.00054
32,-50,0,100000,32,0.00032,66,0.00066
32,-50,1,100000,37,0.00037,69,0.00069
32,-50,2,100000,52,0.00052,70,0.0007
32,-50,3,100000,25,0.00025,67,0.00067
32,-50,4,100000,38,0.00038,80,0.0008
32,-50,5,100000,35,0.00035,80,0.0008
32,-49,0,100000,43,0.00043,76,0.00076
32,-49,1,100000,15,0.00015,55,0.00055
32,-49,2,100000,32,0.00032,84,0.00084
32,-49,3,100000,26,0.00026,78,0.00078
32,-49,4,100000,37,0.00037,94,0.00094
32,-49,5,100000,36,0.00036,89,0.00089
32,-48,0,100000,12,0.00012,57,0.00057
32,-48,1,100000,26,0.00026,65,0.00065
32,-48,2,100000,15,0.00015,72,0.00072
32,-48,3,100000,21,0.00021,67,0.00067
32,-48,4,100000,32,0.00032,63,0.00063
32,-48,5,100000,49,0.00049,85,0.00085
32,-47,0,100000,39,0.00039,93,0.00093
32,-47,1,100000,54,0.00054,91,0.00091
32,-47,2,100000,29,0.00029,66,0.00066
32,-47,3,100000,31,0.00031,69,0.00069
32,-47,4,100000,24,0.00024,66,0.00066
32,-47,5,100000,28,0.00028,70,0.0007
32,-46,0,100000,20,0.0002,71,0.00071
32,-46,1,100000,47,0.00047,82,0.00082
32,-46,2,100000,45,0.00045,77,0.00077
32,-46,3,100000,47,0.00047,74,0.00074
32,-46,4,100000,26,0.00026,82,0.00082
32,-46,5,100000,22,0.00022,76,0.00076
32,-45,0,100000,48,0.00048,77,0.00077
32,-45,1,100000,36,0.00036,66,0.00066
32,-45,2,100000,23,0.00023,81,0.00081
32,-45,3,100000,24,0.00024,84,0.00084
32,-45,4,100000,36,0.00036,79,0.00079
32,-45,5,100000,21,0.00021,52,0.00052
32,-44,0,100000,47,0.00047,75,0.00075
32,-44,1,100000,35,0.00035,56,0.00056
32,-44,2,100000,31,0.00031,73,0.00073
32,-44,3,100000,31,0.00031,68,0.00068
32,-44,4,100000,23,0.00023,69,0.00069
32,-44,5,100000,31,0.00031,60,0.0006
32,-43,0,100000,38,0.00038,72,0.00072
32,-43,1,100000,29,0.00029,80,0.0008
32,-43,2,100000,34,0.00034,74,0.00074
32,-43,3,100000,35,0.00035,68,0.00068
32,-43,4,100000,44,0.00044,74,0.00074
32,-43,5,100000,38,0.00038,78,0.00078
32,-42,0,100000,25,0.00025,75,0.00075
32,-42,1,100000,15,0.00015,63,0.00063
32,-42,2,100000,44,0.00044,84,0.00084
32,-42,3,100000,38,0.00038,73,0.00073
32,-42,4,100000,27,0.00027,66,0.00066
32,-42,5,100000,31,0.00031,61,0.00061
32,-41,0,100000,34,0.00034,68,0.00068
32,-41,1,100000,35,0.00035,64,0.00064
32,-41,2,100000,23,0.00023,67,0.00067
32,-41,3,100000,26,0.00026,73,0.00073
32,-41,4,100000,30,0.0003,76,0.00076
32,-41,5,100000,21,0.00021,71,0.00071
32,-40,0,100000,10,0.0001,62,0.00062
32,-40,1,100000,19,0.00019,64,0.00064
32,-40,2,100000,27,0.00027,69,0.00069
32,-40,3,100000,23,0.00023,71,0.00071
32,-40,4,100000,28,0.00028,69,0.00069
32,-40,5,100000,20,0.0002,73,0.00073
32,-39,0,100000,15,0.00015,53,0.00053
32,-39,1,100000,37,0.00037,78,0.00078
32,-39,2,100000,18,0.00018,74,0.00074
32,-39,3,100000,27,0.00027,73,0.00073
32,-39,4,100000,25,0.00025,87,0.00087
32,-39,5,100000,38,0.00038,63,0.00063
32,-38,0,100000,20,0.0002,73,0.00073
32,-38,1,100000,71,0.00071,91,0.00091
32,-38,2,100000,34,0.00034,76,0.00076
32,-38,3,100000,31,0.00031,78,0.00078
32,-38,4,100000,28,0.00028,74,0.00074
32,-38,5,100000,39,0.00039,64,0.00064
32,-37,0,100000,43,0.00043,78,0.00078
32,-37,1,100000,44,0.00044,79,0.00079
32,-37,2,100000,35,0.00035,71,0.00071
32,-37,3,100000,32,0.00032,67,0.00067
32,-37,4,100000,26,0.00026,67,0.00067
32,-37,5,100000,22,0.00022,60,0.0006
32,-36,0,100000,15,0.00015,74,0.00074
32,-36,1,100000,24,0.00024,72,0.00072
32,-36,2,100000,19,0.00019,76,0.00076
32,-36,3,100000,30,0.0003,81,0.00081
32,-36,4,100000,22,0.00022,77,0.00077
32,-36,5,100000,34,0.00034,64,0.00064
32,-35,0,100000,26,0.00026,62,0.00062
32,-35,1,100000,41,0.00041,72,0.00072
32,-35,2,100000,58,0.00058,73,0.00073
32,-35,3,100000,19,0.00019,79,0.00079
32,-35,4,100000,32,0.00032,75,0.00075
32,-35,5,100000,25,0.00025,84,0.00084
32,-34,0,100000,23,0.00023,72,0.00072
32,-34,1,100000,20,0.0002,62,0.00062
32,-34,2,100000,62,0.00062,71,0.00071
32,-34,3,100000,52,0.00052,85,0.00085
32,-34,4,100000,28,0.00028,68,0.00068
32,-34,5,100000,16,0.00016,63,0.00063
32,-33,0,100000,34,0.00034,61,0.00061
32,-33,1,100000,18,0.00018,68,0.00068
32,-33,2,100000,21,0.00021,66,0.00066
32,-33,3,100000,33,0.00033,75,0.00075
32,-33,4,100000,24,0.00024,57,0.00057
32,-33,5,100000,49,0.00049,77,0.00077
32,-32,0,100000,29,0.00029,66,0.00066
32,-32,1,100000,46,0.00046,67,0.00067
32,-32,2,100000,27,0.00027,74,0.00074
32,-32,3,100000,34,0.00034,93,0.00093
32,-32,4,100000,17,0.00017,74,0.00074
32,-32,5,100000,23,0.00023,59,0.00059
32,-31,0,100000,32,0.00032,82,0.00082
32,-31,1,100000,14,0.00014,73,0.00073
32,-31,2,100000,23,0.00023,63,0.00063
32,-31,3,100000,22,0.00022,73,0.00073
32,-31,4,100000,25,0.00025,66,0.00066
32,-31,5,100000,23,0.00023,68,0.00068
32,-30,0,100000,31,0.00031,67,0.00067
32,-30,1,100000,27,0.00027,77,0.00077
32,-30,2,100000,29,0.00029,68,0.00068
32,-30,3,100000,25,0.00025,73,0.00073
32,-30,4,100000,37,0.00037,75,0.00075
32,-30,5,100000,19,0.00019,77,0.00077
32,-29,0,100000,22,0.00022,76,0.00076
32,-29,1,100000,34,0.00034,71,0.00071
32,-29,2,100000,31,0.00031,73,0.00073
32,-29,3,100000,24,0.00024,58,0.00058
32,-29,4,100000,28,0.00028,65,0.00065
32,-29,5,100000,41,0.00041,73,0.00073
32,-28,0,100000,29,0.00029,74,0.00074
32,-28,1,100000,25,0.00025,74,0.00074
32,-28,2,100000,33,0.00033,92,0.00092
32,-28,3,100000,14,0.00014,59,0.00059
32,-28,4,100000,27,0.00027,61,0.00061
32,-28,5,100000,38,0.00038,79,0.00079
32,-27,0,100000,23,0.00023,78,0.00078
32,-27,1,100000,32,0.00032,66,0.00066
32,-27,2,100000,30,0.0003,72,0.00072
32,-27,3,100000,35,0.00035,94,0.00094
32,-27,4,100000,20,0.0002,71,0.00071
32,-27,5,100000,16,0.00016,57,0.00057
32,-26,0,100000,38,0.00038,84,0.00084
32,-26,1,100000,29,0.00029,77,0.00077
32,-26,2,100000,32,0.00032,72,0.00072
32,-26,3,100000,32,0.00032,72,0.00072
32,-26,4,100000,32,0.00032,66,0.00066
32,-26,5,100000,18,0.00018,64,0.00064
32,-25,0,100000,14,0.00014,74,0.00074
32,-25,1,100000,28,0.00028,72,0.00072
32,-25,2,100000,36,0.00036,75,0.00075
32,-25,3,100000,33,0.00033,80,0.0008
32,-25,4,100000,18,0.00018,77,0.00077
32,-25,5,100000,23,0.00023,64,0.00064
32,-24,0,100000,30,0.0003,85,0.00085
32,-24,1,100000,28,0.00028,58,0.00058
32,-24,2,100000,43,0.00043,95,0.00095
32,-24,3,100000,18,0.00018,84,0.00084
32,-24,4,100000,41,0.00041,71,0.00071
32,-24,5,100000,62,0.00062,87,0.00087
32,-23,0,100000,25,0.00025,68,0.00068
32,-23,1,100000,34,0.00034,68,0.00068
32,-23,2,100000,29,0.00029,64,0.00064
32,-23,3,100000,15,0.00015,56,0.00056
32,-23,4,100000,26,0.00026,76,0.00076
32,-23,5,100000,17,0.00017,62,0.00062
32,-22,0,100000,48,0.00048,87,0.00087
32,-22,1,100000,32,0.00032,73,0.00073
32,-22,2,100000,34,0.00034,71,0.00071
32,-22,3,100000,28,0.00028,77,0.00077
32,-22,4,100000,32,0.00032,64,0.00064
32,-22,5,100000,46,0.00046,74,0.00074
32,-21,0,100000,32,0.00032,76,0.00076
32,-21,1,100000,36,0.00036,84,0.00084
32,-21,2,100000,24,0.00024,69,0.00069
32,-21,3,100000,51,0.00051,85,0.00085
32,-21,4,100000,39,0.00039,72,0.00072
32,-21,5,100000,20,0.0002,70,0.0007
32,-20,0,100000,19,0.00019,58,0.00058
32,-20,1,100000,36,0.00036,71,0.00071
32,-20,2,100000,37,0.00037,77,0.00077
32,-20,3,100000,34,0.00034,79,0.00079
32,-20,4,100000,34,0.00034,71,0.00071
32,-20,5,100000,26,0.00026,62,0.00062
32,-19,0,100000,13,0.00013,81,0.00081
32,-19,1,100000,41,0.00041,70,0.0007
32,-19,2,100000,26,0.00026,85,0.00085
32,-19,3,100000,17,0.00017,72,0.00072
32,-19,4,100000,13,0.00013,60,0.0006
32,-19,5,100000,43,0.00043,92,0.00092
32,-18,0,100000,22,0.00022,66,0.00066
32,-18,1,100000,16,0.00016,74,0.00074
32,-18,2,100000,36,0.00036,67,0.00067
32,-18,3,100000,20,0.0002,76,0.00076
32,-18,4,100000,33,0.00033,60,0.0006
32,-18,5,100000,39,0.00039,70,0.0007
32,-17,0,100000,28,0.00028,66,0.00066
32,-17,1,100000,29,0.00029,60,0.0006
32,-17,2,100000,26,0.00026,69,0.00069
32,-17,3,100000,35,0.00035,77,0.00077
32,-17,4,100000,21,0.00021,68,0.00068
32,-17,5,100000,22,0.00022,66,0.00066
32,-16,0,100000,19,0.00019,79,0.00079
32,-16,1,100000,36,0.00036,71,0.00071
32,-16,2,100000,26,0.00026,76,0.00076
32,-16,3,100000,37,0.00037,74,0.00074
32,-16,4,100000,30,0.0003,79,0.00079
32,-16,5,100000,27,0.00027,79,0.00079
32,-15,0,100000,29,0.00029,69,0.00069
32,-15,1,100000,19,0.00019,70,0.0007
32,-15,2,100000,31,0.00031,64,0.00064
32,-15,3,100000,23,0.00023,63,0.00063
32,-15,4,100000,31,0.00031,67,0.00067
32,-15,5,100000,26,0.00026,71,0.00071
32,-14,0,100000,38,0.00038,71,0.00071
32,-14,1,100000,34,0.00034,72,0.00072
32,-14,2,100000,20,0.0002,68,0.00068
32,-14,3,100000,11,0.00011,66,0.00066
32,-14,4,100000,22,0.00022,69,0.00069
32,-14,5,100000,60,0.0006,80,0.0008
32,-13,0,100000,22,0.00022,64,0.00064
32,-13,1,100000,39,0.00039,64,0.00064
32,-13,2,100000,25,0.00025,71,0.00071
32,-13,3,100000,27,0.00027,75,0.00075
32,-13,4,100000,30,0.0003,81,0.00081
32,-13,5,100000,20,0.0002,76,0.00076
32,-12,0,100000,25,0.00025,66,0.00066
32,-12,1,100000,30,0.0003,69,0.00069
32,-12,2,100000,36,0.00036,60,0.0006
32,-12,3,100000,16,0.00016,75,0.00075
32,-12,4,100000,21,0.00021,60,0.0006
32,-12,5,100000,26,0.00026,76,0.00076
32,-11,0,100000,32,0.00032,66,0.00066
32,-11,1,100000,34,0.00034,78,0.00078
32,-11,2,100000,36,0.00036,60,0.0006
32,-11,3,100000,32,0.00032,73,0.00073
32,-11,4,100000,28,0.00028,69,0.00069
32,-11,5,100000,39,0.00039,67,0.00067
32,-10,0,100000,18,0.00018,80,0.0008
32,-10,1,100000,39,0.00039,76,0.00076
32,-10,2,100000,35,0.00035,71,0.00071
32,-10,3,100000,29,0.00029,71,0.00071
32,-10,4,100000,22,0.00022,73,0.00073
32,-10,5,100000,20,0.0002,78,0.00078
32,-9,0,100000,36,0.00036,74,0.00074
32,-9,1,100000,35,0.00035,85,0.00085
32,-9,2,100000,24,0.00024,69,0.00069
32,-9,3,100000,24,0.00024,67,0.00067
32,-9,4,100000,41,0.00041,68,0.00068
32,-9,5,100000,51,0.00051,74,0.00074
32,-8,0,100000,28,0.00028,72,0.00072
32,-8,1,100000,32,0.00032,79,0.00079
32,-8,2,100000,17,0.00017,66,0.00066
32,-8,3,100000,33,0.00033,76,0.00076
32,-8,4,100000,34,0.00034,70,0.0007
32,-8,5,100000,34,0.00034,69,0.00069
32,-7,0,100000,42,0.00042,67,0.00067
32,-7,1,100000,27,0.00027,80,0.0008
32,-7,2,100000,35,0.00035,69,0.00069
32,-7,3,100000,31,0.00031,80,0.0008
32,-7,4,100000,36,0.00036,77,0.00077
32,-7,5,100000,29,0.00029,74,0.00074
32,-6,0,100000,30,0.0003,58,0.00058
32,-6,1,100000,36,0.00036,81,0.00081
32,-6,2,100000,38,0.00038,75,0.00075
32,-6,3,100000,43,0.00043,77,0.00077
32,-6,4,100000,43,0.00043,66,0.00066
32,-6,5,100000,30,0.0003,78,0.00078
32,-5,0,100000,20,0.0002,73,0.00073
32,-5,1,100000,28,0.00028,72,0.00072
32,-5,2,100000,27,0.00027,57,0.00057
32,-5,3,100000,21,0.00021,78,0.00078
32,-5,4,100000,27,0.00027,76,0.00076
32,-5,5,100000,19,0.00019,63,0.00063
32,-4,0,100000,29,0.00029,71,0.00071
32,-4,1,100000,25,0.00025,86,0.00086
32,-4,2,100000,45,0.00045,92,0.00092
32,-4,3,100000,27,0.00027,77,0.00077
32,-4,4,100000,49,0.00049,86,0.00086
32,-4,5,100000,36,0.00036,69,0.00069
32,-3,0,100000,22,0.00022,80,0.0008
32,-3,1,100000,32,0.00032,73,0.00073
32,-3,2,100000,59,0.00059,86,0.00086
32,-3,3,100000,36,0.00036,73,0.00073
32,-3,4,100000,33,0.00033,69,0.00069
32,-3,5,100000,24,0.00024,75,0.00075
32,-2,0,100000,37,0.00037,76,0.00076
32,-2,1,100000,6,6e-05,60,0.0006
32,-2,2,100000,31,0.00031,60,0.0006
32,-2,3,100000,32,0.00032,61,0.00061
32,-2,4,100000,44,0.00044,70,0.0007
32,-2,5,100000,21,0.00021,70,0.0007
32,-1,0,100000,13,0.00013,61,0.00061
32,-1,1,100000,18,0.00018,71,0.00071
32,-1,2,100000,38,0.00038,65,0.00065
32,-1,3,100000,42,0.00042,85,0.00085
32,-1,4,100000,40,0.0004,67,0.00067
32,-1,5,100000,19,0.00019,72,0.00072
32,0,0,100000,30,0.0003,67,0.00067
32,0,1,100000,33,0.00033,61,0.00061
32,0,2,100000,17,0.00017,81,0.00081
32,0,3,100000,24,0.00024,81,0.00081
32,0,4,100000,53,0.00053,75,0.00075
32,0,5,100000,21,0.00021,82,0.00082
32,1,0,100000,38,0.00038,79,0.00079
32,1,1,100000,23,0.00023,67,0.00067
32,1,2,100000,36,0.00036,76,0.00076
32,1,3,100000,33,0.00033,71,0.00071
32,1,4,100000,26,0.00026,69,0.00069
32,1,5,100000,34,0.00034,73,0.00073
32,2,0,100000,28,0.00028,64,0.00064
32,2,1,100000,32,0.00032,70,0.0007
32,2,2,100000,21,0.00021,74,0.00074
32,2,3,100000,28,0.00028,74,0.00074
32,2,4,100000,27,0.00027,71,0.00071
32,2,5,100000,45,0.00045,78,0.00078
32,3,0,100000,27,0.00027,68,0.00068
32,3,1,100000,23,0.00023,59,0.00059
32,3,2,100000,33,0.00033,72,0.00072
32,3,3,100000,18,0.00018,68,0.00068
32,3,4,100000,26,0.00026,71,0.00071
32,3,5,100000,26,0.00026,83,0.00083
32,4,0,100000,38,0.00038,63,0.00063
32,4,1,100000,25,0.00025,75,0.00075
32,4,2,100000,26,0.00026,75,0.00075
32,4,3,100000,22,0.00022,74,0.00074
32,4,4,100000,29,0.00029,70,0.0007
32,4,5,100000,32,0.00032,90,0.0009
32,5,0,100000,29,0.00029,76,0.00076
32,5,1,100000,33,0.00033,79,0.00079
32,5,2,100000,31,0.00031,71,0.00071
32,5,3,100000,24,0.00024,63,0.00063
32,5,4,100000,25,0.00025,78,0.00078
32,5,5,100000,37,0.00037,77,0.00077
32,6,0,100000,33,0.00033,76,0.00076
32,6,1,100000,29,0.00029,65,0.00065
32,6,2,100000,24,0.00024,75,0.00075
32,6,3,100000,32,0.00032,71,0.00071
32,6,4,100000,21,0.00021,67,0.00067
32,6,5,100000,17,0.00017,59,0.00059
32,7,0,100000,24,0.00024,66,0.00066
32,7,1,100000,33,0.00033,84,0.00084
32,7,2,100000,41,0.00041,81,0.00081
32,7,3,100000,40,0.0004,78,0.00078
32,7,4,100000,38,0.00038,58,0.00058
32,7,5,100000,48,0.00048,77,0.00077
32,8,0,100000,39,0.00039,86,0.00086
32,8,1,100000,9,9e-05,61,0.00061
32,8,2,100000,38,0.00038,79,0.00079
32,8,3,100000,16,0.00016,72,0.00072
32,8,4,100000,22,0.00022,58,0.00058
32,8,5,100000,25,0.00025,75,0.00075
32,9,0,100000,17,0.00017,65,0.00065
32,9,1,100000,55,0.00055,79,0.00079
32,9,2,100000,17,0.00017,64,0.00064
32,9,3,100000,36,0.00036,77,0.00077
32,9,4,100000,34,0.00034,74,0.00074
32,9,5,100000,28,0.00028,67,0.00067
32,10,0,100000,23,0.00023,79,0.00079
32,10,1,100000,29,0.00029,78,0.00078
32,10,2,100000,20,0.0002,64,0.00064
32,10,3,100000,22,0.00022,59,0.00059
32,10,4,100000,23,0.00023,64,0.00064
32,10,5,100000,29,0.00029,75,0.00075
32,11,0,100000,41,0.00041,79,0.00079
32,11,1,100000,28,0.00028,63,0.00063
32,11,2,100000,28,0.00028,72,0.00072
32,11,3,100000,31,0.00031,57,0.00057
32,11,4,100000,22,0.00022,64,0.00064
32,11,5,100000,48,0.00048,80,0.0008
32,12,0,100000,30,0.0003,83,0.00083
32,12,1,100000,18,0.00018,72,0.00072
32,12,2,100000,21,0.00021,66,0.00066
32,12,3,100000,38,0.00038,73,0.00073
32,12,4,100000,21,0.00021,83,0.00083
32,12,5,100000,32,0.00032,95,0.00095
32,13,0,100000,35,0.00035,78,0.00078
32,13,1,100000,31,0.00031,77,0.00077
32,13,2,100000,35,0.00035,72,0.00072
32,13,3,100000,39,0.00039,78,0.00078
32,13,4,100000,19,0.00019,60,0.0006
32,13,5,100000,15,0.00015,72,0.00072
32,14,0,100000,29,0.00029,74,0.00074
32,14,1,100000,27,0.00027,77,0.00077
32,14,2,100000,19,0.00019,52,0.00052
32,14,3,100000,21,0.00021,64,0.00064
32,14,4,100000,29,0.00029,71,0.00071
32,14,5,100000,45,0.00045,73,0.00073
32,15,0,100000,31,0.00031,61,0.00061
32,15,1,100000,38,0.00038,72,0.00072
32,15,2,100000,37,0.00037,93,0.00093
32,15,3,100000,32,0.00032,78,0.00078
32,15,4,100000,20,0.0002,76,0.00076
32,15,5,100000,33,0.00033,73,0.00073
32,16,0,100000,26,0.00026,72,0.00072
32,16,1,100000,33,0.00033,70,0.0007
32,16,2,100000,27,0.00027,75,0.00075
32,16,3,100000,19,0.00019,77,0.00077
32,16,4,100000,19,0.00019,62,0.00062
32,16,5,100000,20,0.0002,66,0.00066
32,17,0,100000,34,0.00034,55,0.00055
32,17,1,100000,20,0.0002,68,0.00068
32,17,2,100000,39,0.00039,63,0.00063
32,17,3,100000,44,0.00044,73,0.00073
32,17,4,100000,44,0.00044,68,0.00068
32,17,5,100000,31,0.00031,68,0.00068
32,18,0,100000,43,0.00043,81,0.00081
32,18,1,100000,18,0.00018,69,0.00069
32,18,2,100000,28,0.00028,88,0.00088
32,18,3,100000,33,0.00033,75,0.00075
32,18,4,100000,32,0.00032,80,0.0008
32,18,5,100000,29,0.00029,73,0.00073
32,19,0,100000,27,0.00027,77,0.00077
32,19,1,100000,34,0.00034,71,0.00071
32,19,2,100000,36,0.00036,87,0.00087
32,19,3,100000,22,0.00022,79,0.00079
32,19,4,100000,24,0.00024,73,0.00073
32,19,5,100000,29,0.00029,75,0.00075
32,20,0,100000,29,0.00029,63,0.00063
32,20,1,100000,22,0.00022,71,0.00071
32,20,2,100000,16,0.00016,76,0.00076
32,20,3,100000,33,0.00033,69,0.00069
32,20,4,100000,13,0.00013,55,0.00055
32,20,5,100000,27,0.00027,57,0.00057
32,21,0,100000,28,0.00028,69,0.00069
32,21,1,100000,24,0.00024,73,0.00073
32,21,2,100000,41,0.00041,75,0.00075
32,21,3,100000,28,0.00028,76,0.00076
32,21,4,100000,27,0.00027,70,0.0007
32,21,5,100000,38,0.00038,77,0.00077
32,22,0,100000,33,0.00033,80,0.0008
32,22,1,100000,16,0.00016,61,0.00061
32,22,2,100000,19,0.00019,74,0.00074
32,22,3,100000,20,0.0002,74,0.00074
32,22,4,100000,28,0.00028,76,0.00076
32,22,5,100000,19,0.00019,71,0.00071
32,23,0,100000,44,0.00044,77,0.00077
32,23,1,100000,39,0.00039,79,0.00079
32,23,2,100000,31,0.00031,68,0.00068
32,23,3,100000,28,0.00028,74,0.00074
32,23,4,100000,26,0.00026,64,0.00064
32,23,5,100000,19,0.00019,94,0.00094
32,24,0,100000,34,0.00034,91,0.00091
32,24,1,100000,21,0.00021,76,0.00076
32,24,2,100000,37,0.00037,75,0.00075
32,24,3,100000,38,0.00038,73,0.00073
32,24,4,100000,38,0.00038,79,0.00079
32,24,5,100000,26,0.00026,78,0.00078
32,25,0,100000,22,0.00022,86,0.00086
32,25,1,100000,28,0.00028,70,0.0007
32,25,2,100000,25,0.00025,67,0.00067
32,25,3,100000,17,0.00017,61,0.00061
32,25,4,100000,39,0.00039,75,0.00075
32,25,5,100000,36,0.00036,79,0.00079
32,26,0,100000,42,0.00042,82,0.00082
32,26,1,100000,18,0.00018,66,0.00066
32,26,2,100000,38,0.00038,77,0.00077
32,26,3,100000,36,0.00036,83,0.00083
32,26,4,100000,18,0.00018,79,0.00079
32,26,5,100000,32,0.00032,84,0.00084
32,27,0,100000,33,0.00033,66,0.00066
32,27,1,100000,32,0.00032,80,0.0008
32,27,2,100000,30,0.0003,71,0.00071
32,27,3,100000,43,0.00043,75,0.00075
32,27,4,100000,28,0.00028,60,0.0006
32,27,5,100000,37,0.00037,59,0.00059
32,28,0,100000,35,0.00035,66,0.00066
32,28,1,100000,26,0.00026,78,0.00078
32,28,2,100000,24,0.00024,66,0.00066
32,28,3,100000,30,0.0003,85,0.00085
32,28,4,100000,42,0.00042,68,0.00068
32,28,5,100000,38,0.00038,81,0.00081
32,29,0,100000,29,0.00029,72,0.00072
32,29,1,100000,27,0.00027,78,0.00078
32,29,2,100000,36,0.00036,73,0.00073
32,29,3,100000,16,0.00016,60,0.0006
32,29,4,100000,16,0.00016,72,0.00072
32,29,5,100000,25,0.00025,79,0.00079
32,30,0,100000,28,0.00028,68,0.00068
32,30,1,100000,17,0.00017,52,0.00052
32,30,2,100000,20,0.0002,70,0.0007
32,30,3,100000,37,0.00037,77,0.00077
32,30,4,100000,33,0.00033,73,0.00073
32,30,5,100000,24,0.00024,67,0.00067
32,31,0,100000,25,0.00025,68,0.00068
32,31,1,100000,19,0.00019,64,0.00064
32,31,2,100000,42,0.00042,82,0.00082
32,31,3,100000,34,0.00034,79,0.00079
32,31,4,100000,40,0.0004,83,0.00083
32,31,5,100000,34,0.00034,74,0.00074
32,32,0,100000,46,0.00046,74,0.00074
32,32,1,100000,18,0.00018,71,0.00071
32,32,2,100000,33,0.00033,71,0.00071
32,32,3,100000,27,0.00027,69,0.00069
32,32,4,100000,29,0.00029,68,0.00068
32,32,5,100000,25,0.00025,61,0.00061
32,33,0,100000,30,0.0003,81,0.00081
32,33,1,100000,30,0.0003,66,0.00066
32,33,2,100000,31,0.00031,70,0.0007
32,33,3,100000,24,0.00024,74,0.00074
32,33,4,100000,17,0.00017,64,0.00064
32,33,5,100000,28,0.00028,61,0.00061
32,34,0,100000,23,0.00023,65,0.00065
32,34,1,100000,30,0.0003,54,0.00054
32,34,2,100000,23,0.00023,65,0.00065
32,34,3,100000,47,0.00047,89,0.00089
32,34,4,100000,17,0.00017,69,0.00069
32,34,5,100000,33,0.00033,74,0.00074
32,35,0,100000,28,0.00028,72,0.00072
32,35,1,100000,39,0.00039,70,0.0007
32,35,2,100000,28,0.00028,74,0.00074
32,35,3,100000,31,0.00031,72,0.00072
32,35,4,100000,22,0.00022,64,0.00064
32,35,5,100000,25,0.00025,75,0.00075
32,36,0,100000,30,0.0003,78,0.00078
32,36,1,100000,47,0.00047,72,0.00072
32,36,2,100000,16,0.00016,65,0.00065
32,36,3,100000,40,0.0004,65,0.00065
32,36,4,100000,36,0.00036,90,0.0009
32,36,5,100000,57,0.00057,87,0.00087
32,37,0,100000,19,0.00019,74,0.00074
32,37,1,100000,20,0.0002,82,0.00082
32,37,2,100000,26,0.00026,72,0.00072
32,37,3,100000,22,0.00022,81,0.00081
32,37,4,100000,30,0.0003,70,0.0007
32,37,5,100000,26,0.00026,72,0.00072
32,38,0,100000,30,0.0003,68,0.00068
32,38,1,100000,22,0.00022,67,0.00067
32,38,2,100000,20,0.0002,78,0.00078
32,38,3,100000,31,0.00031,58,0.00058
32,38,4,100000,28,0.00028,79,0.00079
32,38,5,100000,30,0.0003,83,0.00083
32,39,0,100000,28,0.00028,63,0.00063
32,39,1,100000,38,0.00038,63,0.00063
32,39,2,100000,42,0.00042,78,0.00078
32,39,3,100000,38,0.00038,87,0.00087
32,39,4,100000,38,0.00038,70,0.0007
32,39,5,100000,37,0.00037,69,0.00069
32,40,0,100000,25,0.00025,90,0.0009
32,40,1,100000,27,0.00027,78,0.00078
32,40,2,100000,13,0.00013,77,0.00077
32,40,3,100000,37,0.00037,76,0.00076
32,40,4,100000,62,0.00062,98,0.00098
32,40,5,100000,37,0.00037,92,0.00092
32,41,0,100000,36,0.00036,69,0.00069
32,41,1,100000,41,0.00041,90,0.0009
32,41,2,100000,23,0.00023,62,0.00062
32,41,3,100000,31,0.00031,76,0.00076
32,41,4,100000,38,0.00038,69,0.00069
32,41,5,100000,21,0.00021,69,0.00069
32,42,0,100000,29,0.00029,76,0.00076
32,42,1,100000,29,0.00029,64,0.00064
32,42,2,100000,36,0.00036,75,0.00075
32,42,3,100000,45,0.00045,67,0.00067
32,42,4,100000,38,0.00038,76,0.00076
32,42,5,100000,18,0.00018,60,0.0006
32,43,0,100000,18,0.00018,72,0.00072
32,43,1,100000,22,0.00022,66,0.00066
32,43,2,100000,25,0.00025,78,0.00078
32,43,3,100000,24,0.00024,65,0.00065
32,43,4,100000,27,0.00027,72,0.00072
32,43,5,100000,14,0.00014,84,0.00084
32,44,0,100000,44,0.00044,55,0.00055
32,44,1,100000,38,0.00038,82,0.00082
32,44,2,100000,36,0.00036,72,0.00072
32,44,3,100000,25,0.00025,48,0.00048
32,44,4,100000,39,0.00039,75,0.00075
32,44,5,100000,8,8e-05,70,0.0007
32,45,0,100000,21,0.00021,62,0.00062
32,45,1,100000,29,0.00029,71,0.00071
32,45,2,100000,33,0.00033,66,0.00066
32,45,3,100000,30,0.0003,75,0.00075
32,45,4,100000,24,0.00024,69,0.00069
32,45,5,100000,48,0.00048,81,0.00081
32,46,0,100000,22,0.00022,67,0.00067
32,46,1,100000,22,0.00022,66,0.00066
32,46,2,100000,47,0.00047,77,0.00077
32,46,3,100000,23,0.00023,51,0.00051
32,46,4,100000,43,0.00043,67,0.00067
32,46,5,100000,35,0.00035,75,0.00075
32,47,0,100000,28,0.00028,63,0.00063
32,47,1,100000,26,0.00026,76,0.00076
32,47,2,100000,28,0.00028,91,0.00091
32,47,3,100000,29,0.00029,79,0.00079
32,47,4,100000,25,0.00025,74,0.00074
32,47,5,100000,23,0.00023,67,0.00067
32,48,0,100000,16,0.00016,81,0.00081
32,48,1,100000,27,0.00027,69,0.00069
32,48,2,100000,27,0.00027,68,0.00068
32,48,3,100000,18,0.00018,75,0.00075
32,48,4,100000,32,0.00032,84,0.00084
32,48,5,100000,32,0.00032,74,0.00074
32,49,0,100000,39,0.00039,67,0.00067
32,49,1,100000,15,0.00015,78,0.00078
32,49,2,100000,30,0.0003,64,0.00064
32,49,3,100000,33,0.00033,90,0.0009
32,49,4,100000,31,0.00031,71,0.00071
32,49,5,100000,34,0.00034,80,0.0008
32,50,0,100000,54,0.00054,73,0.00073
32,50,1,100000,19,0.00019,60,0.0006
32,50,2,100000,25,0.00025,75,0.00075
32,50,3,100000,28,0.00028,68,0.00068
32,50,4,100000,40,0.0004,80,0.0008
32,50,5,100000,35,0.00035,76,0.00076
33,-50,0,100000,28,0.00028,73,0.00073
33,-50,1,100000,42,0.00042,89,0.00089
33,-50,2,100000,30,0.0003,79,0.00079
33,-50,3,100000,36,0.00036,83,0.00083
33,-50,4,100000,15,0.00015,71,0.00071
33,-50,5,100000,23,0.00023,72,0.00072
33,-49,0,100000,34,0.00034,77,0.00077
33,-49,1,100000,17,0.00017,61,0.00061
33,-49,2,100000,34,0.00034,79,0.00079
33,-49,3,100000,34,0.00034,65,0.00065
33,-49,4,100000,22,0.00022,77,0.00077
33,-49,5,100000,44,0.00044,76,0.00076
33,-48,0,100000,36,0.00036,64,0.00064
33,-48,1,100000,23,0.00023,74,0.00074
33,-48,2,100000,43,0.00043,90,0.0009
33,-48,3,100000,28,0.00028,70,0.0007
33,-48,4,100000,53,0.00053,93,0.00093
33,-48,5,100000,27,0.00027,72,0.00072
33,-47,0,100000,35,0.00035,73,0.00073
33,-47,1,100000,29,0.00029,69,0.00069
33,-47,2,100000,34,0.00034,70,0.0007
33,-47,3,100000,37,0.00037,68,0.00068
33,-47,4,100000,23,0.00023,68,0.00068
33,-47,5,100000,23,0.00023,71,0.00071
33,-46,0,100000,22,0.00022,71,0.00071
33,-46,1,100000,29,0.00029,67,0.00067
33,-46,2,100000,30,0.0003,75,0.00075
33,-46,3,100000,37,0.00037,61,0.00061
33,-46,4,100000,18,0.00018,70,0.0007
33,-46,5,100000,25,0.00025,69,0.00069
33,-45,0,100000,35,0.00035,69,0.00069
33,-45,1,100000,40,0.0004,79,0.00079
33,-45,2,100000,20,0.0002,77,0.00077
33,-45,3,100000,10,0.0001,63,0.00063
33,-45,4,100000,43,0.00043,78,0.00078
33,-45,5,100000,28,0.00028,77,0.00077
33,-44,0,100000,34,0.00034,82,0.00082
33,-44,1,100000,36,0.00036,95,0.00095
33,-44,2,100000,52,0.00052,78,0.00078
33,-44,3,100000,24,0.00024,68,0.00068
33,-44,4,100000,42,0.00042,86,0.00086
33,-44,5,100000,27,0.00027,70,0.0007
33,-43,0,100000,26,0.00026,75,0.00075
33,-43,1,100000,17,0.00017,67,0.00067
33,-43,2,100000,23,0.00023,67,0.00067
33,-43,3,100000,24,0.00024,80,0.0008
33,-43,4,100000,24,0.00024,77,0.00077
33,-43,5,100000,30,0.0003,71,0.00071
33,-42,0,100000,40,0.0004,83,0.00083
33,-42,1,100000,33,0.00033,80,0.0008
33,-42,2,100000,30,0.0003,69,0.00069
33,-42,3,100000,24,0.00024,75,0.00075
33,-42,4,100000,25,0.00025,74,0.00074
33,-42,5,100000,34,0.00034,68,0.00068
33,-41,0,100000,34,0.00034,84,0.00084
33,-41,1,100000,24,0.00024,64,0.00064
33,-41,2,100000,26,0.00026,71,0.00071
33,-41,3,100000,21,0.00021,67,0.00067
33,-41,4,100000,37,0.00037,78,0.00078
33,-41,5,100000,32,0.00032,75,0.00075
33,-40,0,100000,36,0.00036,77,0.00077
33,-40,1,100000,34,0.00034,57,0.00057
33,-40,2,100000,43,0.00043,79,0.00079
33,-40,3,100000,35,0.00035,71,0.00071
33,-40,4,100000,28,0.00028,64,0.00064
33,-40,5,100000,32,0.00032,83,0.00083
33,-39,0,100000,32,0.00032,70,0.0007
33,-39,1,100000,38,0.00038,80,0.0008
33,-39,2,100000,35,0.00035,79,0.00079
33,-39,3,100000,28,0.00028,69,0.00069
33,-39,4,100000,11,0.00011,73,0.00073
33,-39,5,100000,14,0.00014,65,0.00065
33,-38,0,100000,33,0.00033,89,0.00089
33,-38,1,100000,36,0.00036,75,0.00075
33,-38,2,100000,24,0.00024,69,0.00069
33,-38,3,100000,29,0.00029,66,0.00066
33,-38,4,100000,23,0.00023,80,0.0008
33,-38,5,100000,35,0.00035,68,0.00068
33,-37,0,100000,46,0.00046,70,0.0007
33,-37,1,100000,19,0.00019,64,0.00064
33,-37,2,100000,28,0.00028,80,0.0008
33,-37,3,100000,15,0.00015,62,0.00062
33,-37,4,100000,26,0.00026,79,0.00079
33,-37,5,100000,28,0.00028,74,0.00074
33,-36,0,100000,26,0.00026,69,0.00069
33,-36,1,100000,16,0.00016,64,0.00064
33,-36,2,100000,27,0.00027,77,0.00077
33,-36,3,100000,16,0.00016,64,0.00064
33,-36,4,100000,29,0.00029,74,0.00074
33,-36,5,100000,43,0.00043,80,0.0008
33,-35,0,100000,28,0.00028,76,0.00076
33,-35,1,100000,13,0.00013,68,0.00068
33,-35,2,100000,53,0.00053,77,0.00077
33,-35,3,100000,29,0.00029,60,0.0006
33,-35,4,100000,30,0.0003,87,0.00087
33,-35,5,100000,35,0.00035,90,0.0009
33,-34,0,100000,21,0.00021,67,0.00067
33,-34,1,100000,52,0.00052,85,0.00085
33,-34,2,100000,25,0.00025,63,0.00063
33,-34,3,100000,35,0.00035,87,0.00087
33,-34,4,100000,42,0.00042,85,0.00085
33,-34,5,100000,26,0.00026,52,0.00052
33,-33,0,100000,19,0.00019,65,0.00065
33,-33,1,100000,38,0.00038,74,0.00074
33,-33,2,100000,16,0.00016,67,0.00067
33,-33,3,100000,33,0.00033,66,0.00066
33,-33,4,100000,28,0.00028,74,0.00074
33,-33,5,100000,30,0.0003,70,0.0007
33,-32,0,100000,31,0.00031,81,0.00081
33,-32,1,100000,27,0.00027,71,0.00071
33,-32,2,100000,28,0.00028,70,0.0007
33,-32,3,100000,30,0.0003,77,0.00077
33,-32,4,100000,29,0.00029,67,0.00067
33,-32,5,100000,25,0.00025,71,0.00071
33,-31,0,100000,27,0.00027,68,0.00068
33,-31,1,100000,22,0.00022,85,0.00085
33,-31,2,100000,28,0.00028,68,0.00068
33,-31,3,100000,40,0.0004,75,0.00075
33,-31,4,100000,19,0.00019,69,0.00069
33,-31,5,100000,50,0.0005,71,0.00071
33,-30,0,100000,26,0.00026,74,0.00074
33,-30,1,100000,41,0.00041,74,0.00074
33,-30,2,100000,16,0.00016,69,0.00069
33,-30,3,100000,20,0.0002,64,0.00064
33,-30,4,100000,38,0.00038,66,0.00066
33,-30,5,100000,39,0.00039,62,0.00062
33,-29,0,100000,7,7e-05,53,0.00053
33,-29,1,100000,20,0.0002,67,0.00067
33,-29,2,100000,24,0.00024,69,0.00069
33,-29,3,100000,20,0.0002,63,0.00063
33,-29,4,100000,38,0.00038,77,0.00077
33,-29,5,100000,23,0.00023,76,0.00076
33,-28,0,100000,32,0.00032,63,0.00063
33,-28,1,100000,23,0.00023,66,0.00066
33,-28,2,100000,16,0.00016,56,0.00056
33,-28,3,100000,36,0.00036,68,0.00068
33,-28,4,100000,30,0.0003,84,0.00084
33,-28,5,100000,40,0.0004,80,0.0008
33,-27,0,100000,19,0.00019,70,0.0007
33,-27,1,100000,19,0.00019,65,0.00065
33,-27,2,100000,25,0.00025,62,0.00062
33,-27,3,100000,25,0.00025,62,0.00062
33,-27,4,100000,29,0.00029,73,0.00073
33,-27,5,100000,32,0.00032,68,0.00068
33,-26,0,100000,33,0.00033,66,0.00066
33,-26,1,100000,26,0.00026,69,0.00069
33,-26,2,100000,24,0.00024,79,0.00079
33,-26,3,100000,25,0.00025,71,0.00071
33,-26,4,100000,30,0.0003,69,0.00069
33,-26,5,100000,53,0.00053,86,0.00086
33,-25,0,100000,30,0.0003,55,0.00055
33,-25,1,100000,36,0.00036,72,0.00072
33,-25,2,100000,35,0.00035,94,0.00094
33,-25,3,100000,21,0.00021,62,0.00062
33,-25,4,100000,19,0.00019,68,0.00068
33,-25,5,100000,12,0.00012,61,0.00061
33,-24,0,100000,32,0.00032,89,0.00089
33,-24,1,100000,25,0.00025,59,0.00059
33,-24,2,100000,36,0.00036,73,0.00073
33,-24,3,100000,30,0.0003,76,0.00076
33,-24,4,100000,19,0.00019,56,0.00056
33,-24,5,100000,7,7e-05,67,0.00067
33,-23,0,100000,19,0.00019,73,0.00073
33,-23,1,100000,12,0.00012,63,0.00063
33,-23,2,100000,45,0.00045,73,0.00073
33,-23,3,100000,25,0.00025,74,0.00074
33,-23,4,100000,26,0.00026,55,0.00055
33,-23,5,100000,28,0.00028,60,0.0006
33,-22,0,100000,24,0.00024,62,0.00062
33,-22,1,100000,26,0.00026,53,0.00053
33,-22,2,100000,25,0.00025,77,0.00077
33,-22,3,100000,34,0.00034,70,0.0007
33,-22,4,100000,34,0.00034,65,0.00065
33,-22,5,100000,49,0.00049,91,0.00091
33,-21,0,100000,19,0.00019,67,0.00067
33,-21,1,100000,42,0.00042,73,0.00073
33,-21,2,100000,15,0.00015,58,0.00058
33,-21,3,100000,20,0.0002,71,0.00071
33,-21,4,100000,39,0.00039,84,0.00084
33,-21,5,100000,20,0.0002,68,0.00068
33,-20,0,100000,34,0.00034,84,0.00084
33,-20,1,100000,14,0.00014,59,0.00059
33,-20,2,100000,23,0.00023,70,0.0007
33,-20,3,100000,31,0.00031,69,0.00069
33,-20,4,100000,37,0.00037,74,0.00074
33,-20,5,100000,34,0.00034,74,0.00074
33,-19,0,100000,26,0.00026,70,0.0007
33,-19,1,100000,29,0.00029,63,0.00063
33,-19,2,100000,56,0.00056,93,0.00093
33,-19,3,100000,25,0.00025,69,0.00069
33,-19,4,100000,24,0.00024,60,0.0006
33,-19,5,100000,28,0.00028,75,0.00075
33,-18,0,100000,34,0.00034,66,0.00066
33,-18,1,100000,26,0.00026,64,0.00064
33,-18,2,100000,30,0.0003,65,0.00065
33,-18,3,100000,38,0.00038,71,0.00071
33,-18,4,100000,31,0.00031,73,0.00073
33,-18,5,100000,32,0.00032,77,0.00077
33,-17,0,100000,24,0.00024,67,0.00067
33,-17,1,100000,46,0.00046,74,0.00074
33,-17,2,100000,23,0.00023,80,0.0008
33,-17,3,100000,29,0.00029,74,0.00074
33,-17,4,100000,36,0.00036,68,0.00068
33,-17,5,100000,29,0.00029,71,0.00071
33,-16,0,100000,25,0.00025,67,0.00067
33,-16,1,100000,23,0.00023,75,0.00075
33,-16,2,100000,10,0.0001,60,0.0006
33,-16,3,100000,22,0.00022,66,0.00066
33,-16,4,100000,35,0.00035,69,0.00069
33,-16,5,100000,29,0.00029,72,0.00072
33,-15,0,100000,38,0.00038,75,0.00075
33,-15,1,100000,20,0.0002,59,0.00059
33,-15,2,100000,21,0.00021,46,0.00046
33,-15,3,100000,25,0.00025,80,0.0008
33,-15,4,100000,46,0.00046,83,0.00083
33,-15,5,100000,21,0.00021,72,0.00072
33,-14,0,100000,30,0.0003,73,0.00073
33,-14,1,100000,31,0.00031,77,0.00077
33,-14,2,100000,21,0.00021,71,0.00071
33,-14,3,100000,30,0.0003,81,0.00081
33,-14,4,100000,35,0.00035,77,0.00077
33,-14,5,100000,34,0.00034,73,0.00073
33,-13,0,100000,38,0.00038,75,0.00075
33,-13,1,100000,23,0.00023,75,0.00075
33,-13,2,100000,32,0.00032,78,0.00078
33,-13,3,100000,33,0.00033,82,0.00082
33,-13,4,100000,39,0.00039,70,0.0007
33,-13,5,100000,46,0.00046,88,0.00088
33,-12,0,100000,35,0.00035,62,0.00062
33,-12,1,100000,48,0.00048,79,0.00079
33,-12,2,100000,25,0.00025,78,0.00078
33,-12,3,100000,22,0.00022,76,0.00076
33,-12,4,100000,26,0.00026,60,0.0006
33,-12,5,100000,41,0.00041,87,0.00087
33,-11,0,100000,27,0.00027,81,0.00081
33,-11,1,100000,38,0.00038,73,0.00073
33,-11,2,100000,33,0.00033,83,0.00083
33,-11,3,100000,32,0.00032,68,0.00068
33,-11,4,100000,33,0.00033,76,0.00076
33,-11,5,100000,39,0.00039,81,0.00081
33,-10,0,100000,21,0.00021,67,0.00067
33,-10,1,100000,29,0.00029,61,0.00061
33,-10,2,100000,31,0.00031,80,0.0008
33,-10,3,100000,27,0.00027,80,0.0008
33,-10,4,100000,32,0.00032,65,0.00065
33,-10,5,100000,40,0.0004,65,0.00065
33,-9,0,100000,33,0.00033,80,0.0008
33,-9,1,100000,27,0.00027,62,0.00062
33,-9,2,100000,36,0.00036,74,0.00074
33,-9,3,100000,32,0.00032,80,0.0008
33,-9,4,100000,25,0.00025,69,0.00069
33,-9,5,100000,18,0.00018,76,0.00076
33,-8,0,100000,30,0.0003,82,0.00082
33,-8,1,100000,26,0.00026,71,0.00071
33,-8,2,100000,35,0.00035,64,0.00064
33,-8,3,100000,57,0.00057,65,0.00065
33,-8,4,100000,38,0.00038,68,0.00068
33,-8,5,100000,30,0.0003,98,0.00098
33,-7,0,100000,36,0.00036,70,0.0007
33,-7,1,100000,24,0.00024,83,0.00083
33,-7,2,100000,31,0.00031,72,0.00072
33,-7,3,100000,44,0.00044,64,0.00064
33,-7,4,100000,25,0.00025,67,0.00067
33,-7,5,100000,26,0.00026,75,0.00075
33,-6,0,100000,24,0.00024,68,0.00068
33,-6,1,100000,33,0.00033,67,0.00067
33,-6,2,100000,28,0.00028,62,0.00062
33,-6,3,100000,31,0.00031,89,0.00089
33,-6,4,100000,23,0.00023,77,0.00077
33,-6,5,100000,32,0.00032,95,0.00095
33,-5,0,100000,37,0.00037,59,0.00059
33,-5,1,100000,23,0.00023,58,0.00058
33,-5,2,100000,22,0.00022,62,0.00062
33,-5,3,100000,35,0.00035,71,0.00071
33,-5,4,100000,24,0.00024,62,0.00062
33,-5,5,100000,25,0.00025,56,0.00056
33,-4,0,100000,23,0.00023,77,0.00077
33,-4,1,100000,25,0.00025,75,0.00075
33,-4,2,100000,29,0.00029,68,0.00068
33,-4,3,100000,36,0.00036,87,0.00087
33,-4,4,100000,35,0.00035,73,0.00073
33,-4,5,100000,16,0.00016,55,0.00055
33,-3,0,100000,27,0.00027,69,0.00069
33,-3,1,100000,20,0.0002,71,0.00071
33,-3,2,100000,15,0.00015,63,0.00063
33,-3,3,100000,37,0.00037,76,0.00076
33,-3,4,100000,40,0.0004,70,0.0007
33,-3,5,100000,34,0.00034,73,0.00073
33,-2,0,100000,22,0.00022,58,0.00058
33,-2,1,100000,54,0.00054,61,0.00061
33,-2,2,100000,33,0.00033,78,0.00078
33,-2,3,100000,30,0.0003,68,0.00068
33,-2,4,100000,35,0.00035,71,0.00071
33,-2,5,100000,35,0.00035,77,0.00077
33,-1,0,100000,33,0.00033,91,0.00091
33,-1,1,100000,27,0.00027,73,0.00073
33,-1,2,100000,26,0.00026,69,0.00069
33,-1,3,100000,32,0.00032,64,0.00064
33,-1,4,100000,19,0.00019,84,0.00084
33,-1,5,100000,42,0.00042,77,0.00077
33,0,0,100000,30,0.0003,72,0.00072
33,0,1,100000,12,0.00012,65,0.00065
33,0,2,100000,21,0.00021,72,0.00072
33,0,3,100000,14,0.00014,63,0.00063
33,0,4,100000,32,0.00032,74,0.00074
33,0,5,100000,30,0.0003,66,0.00066
33,1,0,100000,28,0.00028,69,0.00069
33,1,1,100000,33,0.00033,92,0.00092
33,1,2,100000,20,0.0002,60,0.0006
33,1,3,100000,36,0.00036,76,0.00076
33,1,4,100000,27,0.00027,74,0.00074
33,1,5,100000,35,0.00035,69,0.00069
33,2,0,100000,42,0.00042,73,0.00073
33,2,1,100000,42,0.00042,76,0.00076
33,2,2,100000,28,0.00028,69,0.00069
33,2,3,100000,59,0.00059,75,0.00075
33,2,4,100000,15,0.00015,58,0.00058
33,2,5,100000,30,0.0003,80,0.0008
33,3,0,100000,23,0.00023,62,0.00062
33,3,1,100000,28,0.00028,73,0.00073
33,3,2,100000,26,0.00026,77,0.00077
33,3,3,100000,26,0.00026,76,0.00076
33,3,4,100000,40,0.0004,81,0.00081
33,3,5,100000,46,0.00046,88,0.00088
33,4,0,100000,34,0.00034,82,0.00082
33,4,1,100000,35,0.00035,79,0.00079
33,4,2,100000,32,0.00032,77,0.00077
33,4,3,100000,53,0.00053,66,0.00066
33,4,4,100000,32,0.00032,77,0.00077
33,4,5,100000,17,0.00017,82,0.00082
33,5,0,100000,35,0.00035,74,0.00074
33,5,1,100000,24,0.00024,72,0.00072
33,5,2,100000,29,0.00029,62,0.00062
33,5,3,100000,19,0.00019,80,0.0008
33,5,4,100000,32,0.00032,77,0.00077
33,5,5,100000,38,0.00038,75,0.00075
33,6,0,100000,29,0.00029,63,0.00063
33,6,1,100000,13,0.00013,73,0.00073
33,6,2,100000,24,0.00024,78,0.00078
33,6,3,100000,32,0.00032,71,0.00071
33,6,4,100000,45,0.00045,90,0.0009
33,6,5,100000,37,0.00037,65,0.00065
33,7,0,100000,42,0.00042,80,0.0008
33,7,1,100000,34,0.00034,94,0.00094
33,7,2,100000,39,0.00039,73,0.00073
33,7,3,100000,43,0.00043,56,0.00056
33,7,4,100000,28,0.00028,72,0.00072
33,7,5,100000,33,0.00033,101,0.00101
33,8,0,100000,15,0.00015,57,0.00057
33,8,1,100000,30,0.0003,71,0.00071
33,8,2,100000,38,0.00038,71,0.00071
33,8,3,100000,42,0.00042,80,0.0008
33,8,4,100000,34,0.00034,66,0.00066
33,8,5,100000,24,0.00024,61,0.00061
33,9,0,100000,37,0.00037,69,0.00069
33,9,1,100000,20,0.0002,61,0.00061
33,9,2,100000,34,0.00034,72,0.00072
33,9,3,100000,28,0.00028,75,0.00075
33,9,4,100000,49,0.00049,80,0.0008
33,9,5,100000,42,0.00042,67,0.00067
33,10,0,100000,28,0.00028,76,0.00076
33,10,1,100000,39,0.00039,81,0.00081
33,10,2,100000,27,0.00027,68,0.00068
33,10,3,100000,24,0.00024,77,0.00077
33,10,4,100000,33,0.00033,71,0.00071
33,10,5,100000,40,0.0004,69,0.00069
33,11,0,100000,32,0.00032,65,0.00065
33,11,1,100000,27,0.00027,67,0.00067
33,11,2,100000,37,0.00037,79,0.00079
33,11,3,100000,32,0.00032,56,0.00056
33,11,4,100000,15,0.00015,59,0.00059
33,11,5,100000,17,0.00017,70,0.0007
33,12,0,100000,27,0.00027,75,0.00075
33,12,1,100000,47,0.00047,86,0.00086
33,12,2,100000,14,0.00014,67,0.00067
33,12,3,100000,27,0.00027,82,0.00082
33,12,4,100000,25,0.00025,69,0.00069
33,12,5,100000,30,0.0003,73,0.00073
33,13,0,100000,22,0.00022,83,0.00083
33,13,1,100000,21,0.00021,60,0.0006
33,13,2,100000,31,0.00031,70,0.0007
33,13,3,100000,28,0.00028,68,0.00068
33,13,4,100000,20,0.0002,61,0.00061
33,13,5,100000,21,0.00021,67,0.00067
33,14,0,100000,34,0.00034,73,0.00073
33,14,1,100000,28,0.00028,74,0.00074
33,14,2,100000,15,0.00015,64,0.00064
33,14,3,100000,28,0.00028,65,0.00065
33,14,4,100000,27,0.00027,70,0.0007
33,14,5,100000,37,0.00037,90,0.0009
33,15,0,100000,60,0.0006,67,0.00067
33,15,1,100000,29,0.00029,68,0.00068
33,15,2,100000,33,0.00033,61,0.00061
33,15,3,100000,46,0.00046,89,0.00089
33,15,4,100000,25,0.00025,78,0.00078
33,15,5,100000,26,0.00026,71,0.00071
33,16,0,100000,28,0.00028,83,0.00083
33,16,1,100000,32,0.00032,83,0.00083
33,16,2,100000,44,0.00044,78,0.00078
33,16,3,100000,22,0.00022,72,0.00072
33,16,4,100000,40,0.0004,85,0.00085
33,16,5,100000,34,0.00034,78,0.00078
33,17,0,100000,32,0.00032,71,0.00071
33,17,1,100000,33,0.00033,78,0.00078
33,17,2,100000,52,0.00052,76,0.00076
33,17,3,100000,39,0.00039,77,0.00077
33,17,4,100000,27,0.00027,74,0.00074
33,17,5,100000,27,0.00027,84,0.00084
33,18,0,100000,39,0.00039,75,0.00075
33,18,1,100000,30,0.0003,73,0.00073
33,18,2,100000,33,0.00033,72,0.00072
33,18,3,100000,23,0.00023,79,0.00079
33,18,4,100000,28,0.00028,71,0.00071
33,18,5,100000,18,0.00018,70,0.0007
33,19,0,100000,43,0.00043,85,0.00085
33,19,1,100000,20,0.0002,79,0.00079
33,19,2,100000,31,0.00031,79,0.00079
33,19,3,100000,39,0.00039,79,0.00079
33,19,4,100000,37,0.00037,67,0.00067
33,19,5,100000,24,0.00024,76,0.00076
33,20,0,100000,38,0.00038,75,0.00075
33,20,1,100000,28,0.00028,64,0.00064
33,20,2,100000,45,0.00045,75,0.00075
33,20,3,100000,35,0.00035,73,0.00073
33,20,4,100000,33,0.00033,66,0.00066
33,20,5,100000,49,0.00049,76,0.00076
33,21,0,100000,30,0.0003,68,0.00068
33,21,1,100000,23,0.00023,76,0.00076
33,21,2,100000,17,0.00017,66,0.00066
33,21,3,100000,33,0.00033,71,0.00071
33,21,4,100000,17,0.00017,66,0.00066
33,21,5,100000,43,0.00043,92,0.00092
33,22,0,100000,19,0.00019,83,0.00083
33,22,1,100000,36,0.00036,76,0.00076
33,22,2,100000,41,0.00041,87,0.00087
33,22,3,100000,23,0.00023,68,0.00068
33,22,4,100000,32,0.00032,91,0.00091
33,22,5,100000,20,0.0002,53,0.00053
33,23,0,100000,17,0.00017,65,0.00065
33,23,1,100000,33,0.00033,77,0.00077
33,23,2,100000,31,0.00031,65,0.00065
33,23,3,100000,13,0.00013,56,0.00056
33,23,4,100000,28,0.00028,66,0.00066
33,23,5,100000,23,0.00023,72,0.00072
33,24,0,100000,30,0.0003,55,0.00055
33,24,1,100000,14,0.00014,64,0.00064
33,24,2,100000,22,0.00022,60,0.0006
33,24,3,100000,30,0.0003,73,0.00073
33,24,4,100000,44,0.00044,84,0.00084
33,24,5,100000,29,0.00029,69,0.00069
33,25,0,100000,29,0.00029,65,0.00065
33,25,1,100000,33,0.00033,70,0.0007
33,25,2,100000,40,0.0004,74,0.00074
33,25,3,100000,22,0.00022,77,0.00077
33,25,4,100000,19,0.00019,64,0.00064
33,25,5,100000,24,0.00024,69,0.00069
33,26,0,100000,22,0.00022,63,0.00063
33,26,1,100000,39,0.00039,73,0.00073
33,26,2,100000,31,0.00031,66,0.00066
33,26,3,100000,27,0.00027,71,0.00071
33,26,4,100000,11,0.00011,72,0.00072
33,26,5,100000,38,0.00038,89,0.00089
33,27,0,100000,27,0.00027,61,0.00061
33,27,1,100000,32,0.00032,75,0.00075
33,27,2,100000,26,0.00026,76,0.00076
33,27,3,100000,41,0.00041,77,0.00077
33,27,4,100000,27,0.00027,55,0.00055
33,27,5,100000,28,0.00028,73,0.00073
33,28,0,100000,23,0.00023,58,0.00058
33,28,1,100000,14,0.00014,62,0.00062
33,28,2,100000,38,0.00038,75,0.00075
33,28,3,100000,34,0.00034,76,0.00076
33,28,4,100000,39,0.00039,86,0.00086
33,28,5,100000,22,0.00022,67,0.00067
33,29,0,100000,37,0.00037,63,0.00063
33,29,1,100000,19,0.00019,79,0.00079
33,29,2,100000,37,0.00037,79,0.00079
33,29,3,100000,19,0.00019,59,0.00059
33,29,4,100000,47,0.00047,87,0.00087
33,29,5,100000,28,0.00028,78,0.00078
33,30,0,100000,33,0.00033,70,0.0007
33,30,1,100000,27,0.00027,68,0.00068
33,30,2,100000,45,0.00045,79,0.00079
33,30,3,100000,15,0.00015,75,0.00075
33,30,4,100000,16,0.00016,60,0.0006
33,30,5,100000,33,0.00033,86,0.00086
33,31,0,100000,35,0.00035,70,0.0007
33,31,1,100000,49,0.00049,78,0.00078
33,31,2,100000,30,0.0003,74,0.00074
33,31,3,100000,43,0.00043,73,0.00073
33,31,4,100000,21,0.00021,70,0.0007
33,31,5,100000,38,0.00038,66,0.00066
33,32,0,100000,51,0.00051,88,0.00088
33,32,1,100000,30,0.0003,71,0.00071
33,32,2,100000,13,0.00013,65,0.00065
33,32,3,100000,38,0.00038,73,0.00073
33,32,4,100000,51,0.00051,65,0.00065
33,32,5,100000,36,0.00036,79,0.00079
33,33,0,100000,25,0.00025,74,0.00074
33,33,1,100000,23,0.00023,68,0.00068
33,33,2,100000,31,0.00031,91,0.00091
33,33,3,100000,33,0.00033,69,0.00069
33,33,4,100000,33,0.00033,81,0.00081
33,33,5,100000,24,0.00024,85,0.00085
33,34,0,100000,41,0.00041,75,0.00075
33,34,1,100000,21,0.00021,75,0.00075
33,34,2,100000,17,0.00017,62,0.00062
33,34,3,100000,37,0.00037,80,0.0008
33,34,4,100000,44,0.00044,62,0.00062
33,34,5,100000,26,0.00026,70,0.0007
33,35,0,100000,27,0.00027,73,0.00073
33,35,1,100000,38,0.00038,95,0.00095
33,35,2,100000,22,0.00022,67,0.00067
33,35,3,100000,21,0.00021,62,0.00062
33,35,4,100000,39,0.00039,62,0.00062
33,35,5,100000,23,0.00023,60,0.0006
33,36,0,100000,33,0.00033,71,0.00071
33,36,1,100000,41,0.00041,65,0.00065
33,36,2,100000,14,0.00014,61,0.00061
33,36,3,100000,50,0.0005,86,0.00086
33,36,4,100000,50,0.0005,80,0.0008
33,36,5,100000,18,0.00018,80,0.0008
33,37,0,100000,34,0.00034,70,0.0007
33,37,1,100000,24,0.00024,77,0.00077
33,37,2,100000,25,0.00025,72,0.00072
33,37,3,100000,34,0.00034,69,0.00069
33,37,4,100000,31,0.00031,66,0.00066
33,37,5,100000,29,0.00029,69,0.00069
33,38,0,100000,54,0.00054,83,0.00083
33,38,1,100000,47,0.00047,84,0.00084
33,38,2,100000,28,0.00028,71,0.00071
33,38,3,100000,28,0.00028,62,0.00062
33,38,4,100000,25,0.00025,89,0.00089
33,38,5,100000,23,0.00023,69,0.00069
33,39,0,100000,39,0.00039,89,0.00089
33,39,1,100000,35,0.00035,80,0.0008
33,39,2,100000,20,0.0002,54,0.00054
33,39,3,100000,32,0.00032,76,0.00076
33,39,4,100000,40,0.0004,74,0.00074
33,39,5,100000,34,0.00034,72,0.00072
33,40,0,100000,33,0.00033,80,0.0008
33,40,1,100000,31,0.00031,82,0.00082
33,40,2,100000,34,0.00034,62,0.00062
33,40,3,100000,32,0.00032,67,0.00067
33,40,4,100000,66,0.00066,92,0.00092
33,40,5,100000,19,0.00019,73,0.00073
33,41,0,100000,25,0.00025,74,0.00074
33,41,1,100000,40,0.0004,59,0.00059
33,41,2,100000,34,0.00034,88,0.00088
33,41,3,100000,15,0.00015,64,0.00064
33,41,4,100000,18,0.00018,51,0.00051
33,41,5,100000,18,0.00018,66,0.00066
33,42,0,100000,40,0.0004,71,0.00071
33,42,1,100000,45,0.00045,89,0.00089
33,42,2,100000,39,0.00039,80,0.0008
33,42,3,100000,31,0.00031,71,0.00071
33,42,4,100000,16,0.00016,75,0.00075
33,42,5,100000,19,0.00019,68,0.00068
33,43,0,100000,30,0.0003,71,0.00071
33,43,1,100000,25,0.00025,76,0.00076
33,43,2,100000,15,0.00015,74,0.00074
33,43,3,100000,22,0.00022,69,0.00069
33,43,4,100000,23,0.00023,72,0.00072
33,43,5,100000,20,0.0002,73,0.00073
33,44,0,100000,29,0.00029,73,0.00073
33,44,1,100000,33,0.00033,68,0.00068
33,44,2,100000,39,0.00039,63,0.00063
33,44,3,100000,14,0.00014,69,0.00069
33,44,4,100000,24,0.00024,64,0.00064
33,44,5,100000,41,0.00041,72,0.00072
33,45,0,100000,11,0.00011,70,0.0007
33,45,1,100000,24,0.00024,80,0.0008
33,45,2,100000,38,0.00038,90,0.0009
33,45,3,100000,36,0.00036,76,0.00076
33,45,4,100000,10,0.0001,65,0.00065
33,45,5,100000,39,0.00039,81,0.00081
33,46,0,100000,31,0.00031,69,0.00069
33,46,1,100000,35,0.00035,74,0.00074
33,46,2,100000,34,0.00034,68,0.00068
33,46,3,100000,32,0.00032,73,0.00073
33,46,4,100000,46,0.00046,79,0.00079
33,46,5,100000,25,0.00025,84,0.00084
33,47,0,100000,32,0.00032,68,0.00068
33,47,1,100000,27,0.00027,67,0.00067
33,47,2,100000,25,0.00025,85,0.00085
33,47,3,100000,27,0.00027,74,0.00074
33,47,4,100000,20,0.0002,71,0.00071
33,47,5,100000,25,0.00025,68,0.00068
33,48,0,100000,42,0.00042,92,0.00092
33,48,1,100000,24,0.00024,77,0.00077
33,48,2,100000,56,0.00056,61,0.00061
33,48,3,100000,28,0.00028,75,0.00075
33,48,4,100000,33,0.00033,79,0.00079
33,48,5,100000,37,0.00037,70,0.0007
33,49,0,100000,32,0.00032,72,0.00072
33,49,1,100000,37,0.00037,68,0.00068
33,49,2,100000,43,0.00043,66,0.00066
33,49,3,100000,22,0.00022,70,0.0007
33,49,4,100000,27,0.00027,69,0.00069
33,49,5,100000,25,0.00025,70,0.0007
33,50,0,100000,43,0.00043,77,0.00077
33,50,1,100000,29,0.00029,74,0.00074
33,50,2,100000,51,0.00051,79,0.00079
33,50,3,100000,35,0.00035,80,0.0008
33,50,4,100000,27,0.00027,71,0.00071
33,50,5,100000,27,0.00027,63,0.00063
34,-50,0,100000,28,0.00028,73,0.00073
34,-50,1,100000,41,0.00041,66,0.00066
34,-50,2,100000,35,0.00035,65,0.00065
34,-50,3,100000,29,0.00029,70,0.0007
34,-50,4,100000,42,0.00042,68,0.00068
34,-50,5,100000,36,0.00036,91,0.00091
34,-49,0,100000,38,0.00038,71,0.00071
34,-49,1,100000,19,0.00019,67,0.00067
34,-49,2,100000,16,0.00016,71,0.00071
34,-49,3,100000,29,0.00029,89,0.00089
34,-49,4,100000,37,0.00037,69,0.00069
34,-49,5,100000,34,0.00034,67,0.00067
34,-48,0,100000,29,0.00029,71,0.00071
34,-48,1,100000,24,0.00024,81,0.00081
34,-48,2,100000,27,0.00027,69,0.00069
34,-48,3,100000,34,0.00034,65,0.00065
34,-48,4,100000,42,0.00042,75,0.00075
34,-48,5,100000,28,0.00028,82,0.00082
34,-47,0,100000,22,0.00022,81,0.00081
34,-47,1,100000,31,0.00031,74,0.00074
34,-47,2,100000,24,0.00024,64,0.00064
34,-47,3,100000,38,0.00038,67,0.00067
34,-47,4,100000,30,0.0003,67,0.00067
34,-47,5,100000,23,0.00023,74,0.00074
34,-46,0,100000,32,0.00032,76,0.00076
34,-46,1,100000,48,0.00048,71,0.00071
34,-46,2,100000,24,0.00024,73,0.00073
34,-46,3,100000,25,0.00025,82,0.00082
34,-46,4,100000,33,0.00033,68,0.00068
34,-46,5,100000,58,0.00058,86,0.00086
34,-45,0,100000,20,0.0002,55,0.00055
34,-45,1,100000,20,0.0002,60,0.0006
34,-45,2,100000,14,0.00014,67,0.00067
34,-45,3,100000,31,0.00031,75,0.00075
34,-45,4,100000,40,0.0004,76,0.00076
34,-45,5,100000,33,0.00033,82,0.00082
34,-44,0,100000,27,0.00027,67,0.00067
34,-44,1,100000,35,0.00035,75,0.00075
34,-44,2,100000,30,0.0003,69,0.00069
34,-44,3,100000,19,0.00019,52,0.00052
34,-44,4,100000,12,0.00012,70,0.0007
34,-44,5,100000,40,0.0004,73,0.00073
34,-43,0,100000,14,0.00014,62,0.00062
34,-43,1,100000,26,0.00026,66,0.00066
34,-43,2,100000,32,0.00032,74,0.00074
34,-43,3,100000,46,0.00046,92,0.00092
34,-43,4,100000,16,0.00016,72,0.00072
34,-43,5,100000,29,0.00029,71,0.00071
34,-42,0,100000,33,0.00033,81,0.00081
34,-42,1,100000,33,0.00033,80,0.0008
34,-42,2,100000,17,0.00017,56,0.00056
34,-42,3,100000,29,0.00029,70,0.0007
34,-42,4,100000,31,0.00031,65,0.00065
34,-42,5,100000,32,0.00032,74,0.00074
34,-41,0,100000,30,0.0003,70,0.0007
34,-41,1,100000,33,0.00033,69,0.00069
34,-41,2,100000,41,0.00041,77,0.00077
34,-41,3,100000,35,0.00035,82,0.00082
34,-41,4,100000,36,0.00036,65,0.00065
34,-41,5,100000,41,0.00041,57,0.00057
34,-40,0,100000,12,0.00012,60,0.0006
34,-40,1,100000,29,0.00029,87,0.00087
34,-40,2,100000,26,0.00026,76,0.00076
34,-40,3,100000,38,0.00038,78,0.00078
34,-40,4,100000,20,0.0002,60,0.0006
34,-40,5,100000,37,0.00037,70,0.0007
34,-39,0,100000,24,0.00024,61,0.00061
34,-39,1,100000,23,0.00023,74,0.00074
34,-39,2,100000,41,0.00041,71,0.00071
34,-39,3,100000,23,0.00023,67,0.00067
34,-39,4,100000,18,0.00018,72,0.00072
34,-39,5,100000,20,0.0002,68,0.00068
34,-38,0,100000,46,0.00046,97,0.00097
34,-38,1,100000,27,0.00027,90,0.0009
34,-38,2,100000,33,0.00033,81,0.00081
34,-38,3,100000,50,0.0005,95,0.00095
34,-38,4,100000,36,0.00036,67,0.00067
34,-38,5,100000,29,0.00029,83,0.00083
34,-37,0,100000,40,0.0004,72,0.00072
34,-37,1,100000,48,0.00048,84,0.00084
34,-37,2,100000,14,0.00014,69,0.00069
34,-37,3,100000,30,0.0003,82,0.00082
34,-37,4,100000,14,0.00014,50,0.0005
34,-37,5,100000,18,0.00018,57,0.00057
34,-36,0,100000,20,0.0002,67,0.00067
34,-36,1,100000,26,0.00026,77,0.00077
34,-36,2,100000,29,0.00029,70,0.0007
34,-36,3,100000,31,0.00031,78,0.00078
34,-36,4,100000,31,0.00031,84,0.00084
34,-36,5,100000,40,0.0004,87,0.00087
34,-35,0,100000,19,0.00019,57,0.00057
34,-35,1,100000,25,0.00025,73,0.00073
34,-35,2,100000,36,0.00036,78,0.00078
34,-35,3,100000,27,0.00027,83,0.00083
34,-35,4,100000,11,0.00011,57,0.00057
34,-35,5,100000,26,0.00026,53,0.00053
34,-34,0,100000,24,0.00024,78,0.00078
34,-34,1,100000,26,0.00026,83,0.00083
34,-34,2,100000,39,0.00039,57,0.00057
34,-34,3,100000,29,0.00029,57,0.00057
34,-34,4,100000,41,0.00041,66,0.00066
34,-34,5,100000,29,0.00029,77,0.00077
34,-33,0,100000,49,0.00049,74,0.00074
34,-33,1,100000,17,0.00017,65,0.00065
34,-33,2,100000,31,0.00031,89,0.00089
34,-33,3,100000,21,0.00021,62,0.00062
34,-33,4,100000,26,0.00026,51,0.00051
34,-33,5,100000,27,0.00027,78,0.00078
34,-32,0,100000,23,0.00023,60,0.0006
34,-32,1,100000,35,0.00035,78,0.00078
34,-32,2,100000,26,0.00026,63,0.00063
34,-32,3,100000,39,0.00039,73,0.00073
34,-32,4,100000,16,0.00016,55,0.00055
34,-32,5,100000,38,0.00038,76,0.00076
34,-31,0,100000,46,0.00046,82,0.00082
34,-31,1,100000,53,0.00053,67,0.00067
34,-31,2,100000,40,0.0004,67,0.00067
34,-31,3,100000,26,0.00026,69,0.00069
34,-31,4,100000,24,0.00024,66,0.00066
34,-31,5,100000,14,0.00014,68,0.00068
34,-30,0,100000,19,0.00019,65,0.00065
34,-30,1,100000,37,0.00037,56,0.00056
34,-30,2,100000,18,0.00018,63,0.00063
34,-30,3,100000,20,0.0002,56,0.00056
34,-30,4,100000,51,0.00051,83,0.00083
34,-30,5,100000,37,0.00037,82,0.00082
34,-29,0,100000,20,0.0002,80,0.0008
34,-29,1,100000,29,0.00029,82,0.00082
34,-29,2,100000,17,0.00017,52,0.00052
34,-29,3,100000,44,0.00044,90,0.0009
34,-29,4,100000,22,0.00022,65,0.00065
34,-29,5,100000,26,0.00026,70,0.0007
34,-28,0,100000,43,0.00043,73,0.00073
34,-28,1,100000,32,0.00032,91,0.00091
34,-28,2,100000,28,0.00028,69,0.00069
34,-28,3,100000,33,0.00033,70,0.0007
34,-28,4,100000,25,0.00025,69,0.00069
34,-28,5,100000,15,0.00015,76,0.00076
34,-27,0,100000,38,0.00038,78,0.00078
34,-27,1,100000,31,0.00031,74,0.00074
34,-27,2,100000,31,0.00031,70,0.0007
34,-27,3,100000,26,0.00026,66,0.00066
34,-27,4,100000,30,0.0003,68,0.00068
34,-27,5,100000,23,0.00023,88,0.00088
34,-26,0,100000,34,0.00034,76,0.00076
34,-26,1,100000,15,0.00015,73,0.00073
34,-26,2,100000,28,0.00028,84,0.00084
34,-26,3,100000,16,0.00016,69,0.00069
34,-26,4,100000,13,0.00013,70,0.0007
34,-26,5,100000,31,0.00031,64,0.00064
34,-25,0,100000,18,0.00018,68,0.00068
34,-25,1,100000,30,0.0003,86,0.00086
34,-25,2,100000,11,0.00011,62,0.00062
34,-25,3,100000,29,0.00029,68,0.00068
34,-25,4,100000,29,0.00029,74,0.00074
34,-25,5,100000,30,0.0003,77,0.00077
34,-24,0,100000,49,0.00049,65,0.00065
34,-24,1,100000,28,0.00028,79,0.00079
34,-24,2,100000,19,0.00019,72,0.00072
34,-24,3,100000,23,0.00023,85,0.00085
34,-24,4,100000,19,0.00019,81,0.00081
34,-24,5,100000,33,0.00033,79,0.00079
34,-23,0,100000,24,0.00024,64,0.00064
34,-23,1,100000,30,0.0003,79,0.00079
34,-23,2,100000,34,0.00034,73,0.00073
34,-23,3,100000,38,0.00038,63,0.00063
34,-23,4,100000,25,0.00025,84,0.00084
34,-23,5,100000,41,0.00041,73,0.00073
34,-22,0,100000,27,0.00027,75,0.00075
34,-22,1,100000,39,0.00039,64,0.00064
34,-22,2,100000,27,0.00027,73,0.00073
34,-22,3,100000,19,0.00019,65,0.00065
34,-22,4,100000,24,0.00024,73,0.00073
34,-22,5,100000,26,0.00026,60,0.0006
34,-21,0,100000,25,0.00025,83,0.00083
34,-21,1,100000,34,0.00034,74,0.00074
34,-21,2,100000,59,0.00059,67,0.00067
34,-21,3,100000,33,0.00033,84,0.00084
34,-21,4,100000,18,0.00018,71,0.00071
34,-21,5,100000,47,0.00047,83,0.00083
34,-20,0,100000,23,0.00023,75,0.00075
34,-20,1,100000,43,0.00043,75,0.00075
34,-20,2,100000,26,0.00026,64,0.00064
34,-20,3,100000,30,0.0003,74,0.00074
34,-20,4,100000,48,0.00048,68,0.00068
34,-20,5,100000,34,0.00034,85,0.00085
34,-19,0,100000,23,0.00023,74,0.00074
34,-19,1,100000,30,0.0003,75,0.00075
34,-19,2,100000,42,0.00042,73,0.00073
34,-19,3,100000,25,0.00025,72,0.00072
34,-19,4,100000,34,0.00034,67,0.00067
34,-19,5,100000,21,0.00021,68,0.00068
34,-18,0,100000,35,0.00035,80,0.0008
34,-18,1,100000,31,0.00031,74,0.00074
34,-18,2,100000,28,0.00028,65,0.00065
34,-18,3,100000,25,0.00025,72,0.00072
34,-18,4,100000,24,0.00024,85,0.00085
34,-18,5,100000,23,0.00023,67,0.00067
34,-17,0,100000,23,0.00023,76,0.00076
34,-17,1,100000,32,0.00032,69,0.00069
34,-17,2,100000,22,0.00022,72,0.00072
34,-17,3,100000,37,0.00037,66,0.00066
34,-17,4,100000,40,0.0004,83,0.00083
34,-17,5,100000,18,0.00018,75,0.00075
34,-16,0,100000,40,0.0004,74,0.00074
34,-16,1,100000,28,0.00028,87,0.00087
34,-16,2,100000,54,0.00054,78,0.00078
34,-16,3,100000,22,0.00022,70,0.0007
34,-16,4,100000,25,0.00025,82,0.00082
34,-16,5,100000,49,0.00049,76,0.00076
34,-15,0,100000,31,0.00031,53,0.00053
34,-15,1,100000,15,0.00015,76,0.00076
34,-15,2,100000,13,0.00013,62,0.00062
34,-15,3,100000,16,0.00016,54,0.00054
34,-15,4,100000,25,0.00025,64,0.00064
34,-15,5,100000,29,0.00029,79,0.00079
34,-14,0,100000,31,0.00031,70,0.0007
34,-14,1,100000,22,0.00022,60,0.0006
34,-14,2,100000,22,0.00022,85,0.00085
34,-14,3,100000,42,0.00042,86,0.00086
34,-14,4,100000,26,0.00026,63,0.00063
34,-14,5,100000,31,0.00031,75,0.00075
34,-13,0,100000,13,0.00013,75,0.00075
34,-13,1,100000,19,0.00019,68,0.00068
34,-13,2,100000,34,0.00034,60,0.0006
34,-13,3,100000,45,0.00045,84,0.00084
34,-13,4,100000,30,0.0003,76,0.00076
34,-13,5,100000,27,0.00027,74,0.00074
34,-12,0,100000,32,0.00032,82,0.00082
34,-12,1,100000,26,0.00026,66,0.00066
34,-12,2,100000,40,0.0004,69,0.00069
34,-12,3,100000,35,0.00035,85,0.00085
34,-12,4,100000,32,0.00032,90,0.0009
34,-12,5,100000,22,0.00022,66,0.00066
34,-11,0,100000,45,0.00045,83,0.00083
34,-11,1,100000,31,0.00031,76,0.00076
34,-11,2,100000,29,0.00029,71,0.00071
34,-11,3,100000,36,0.00036,71,0.00071
34,-11,4,100000,38,0.00038,69,0.00069
34,-11,5,100000,29,0.00029,74,0.00074
34,-10,0,100000,45,0.00045,83,0.00083
34,-10,1,100000,47,0.00047,93,0.00093
34,-10,2,100000,30,0.0003,71,0.00071
34,-10,3,100000,25,0.00025,75,0.00075
34,-10,4,100000,33,0.00033,77,0.00077
34,-10,5,100000,32,0.00032,63,0.00063
34,-9,0,100000,25,0.00025,75,0.00075
34,-9,1,100000,29,0.00029,89,0.00089
34,-9,2,100000,37,0.00037,83,0.00083
34,-9,3,100000,22,0.00022,77,0.00077
34,-9,4,100000,13,0.00013,51,0.00051
34,-9,5,100000,31,0.00031,66,0.00066
34,-8,0,100000,31,0.00031,71,0.00071
34,-8,1,100000,19,0.00019,68,0.00068
34,-8,2,100000,29,0.00029,78,0.00078
34,-8,3,100000,22,0.00022,64,0.00064
34,-8,4,100000,32,0.00032,73,0.00073
34,-8,5,100000,35,0.00035,86,0.00086
34,-7,0,100000,37,0.00037,78,0.00078
34,-7,1,100000,25,0.00025,69,0.00069
34,-7,2,100000,23,0.00023,64,0.00064
34,-7,3,100000,25,0.00025,78,0.00078
34,-7,4,100000,16,0.00016,67,0.00067
34,-7,5,100000,34,0.00034,76,0.00076
34,-6,0,100000,34,0.00034,82,0.00082
34,-6,1,100000,15,0.00015,57,0.00057
34,-6,2,100000,15,0.00015,61,0.00061
34,-6,3,100000,26,0.00026,71,0.00071
34,-6,4,100000,23,0.00023,68,0.00068
34,-6,5,100000,27,0.00027,87,0.00087
34,-5,0,100000,23,0.00023,73,0.00073
34,-5,1,100000,39,0.00039,74,0.00074
34,-5,2,100000,40,0.0004,82,0.00082
34,-5,3,100000,12,0.00012,69,0.00069
34,-5,4,100000,24,0.00024,74,0.00074
34,-5,5,100000,29,0.00029,78,0.00078
34,-4,0,100000,28,0.00028,75,0.00075
34,-4,1,100000,42,0.00042,85,0.00085
34,-4,2,100000,24,0.00024,74,0.00074
34,-4,3,100000,52,0.00052,68,0.00068
34,-4,4,100000,23,0.00023,63,0.00063
34,-4,5,100000,26,0.00026,80,0.0008
34,-3,0,100000,30,0.0003,68,0.00068
34,-3,1,100000,28,0.00028,76,0.00076
34,-3,2,100000,45,0.00045,84,0.00084
34,-3,3,100000,33,0.00033,67,0.00067
34,-3,4,100000,29,0.00029,85,0.00085
34,-3,5,100000,46,0.00046,81,0.00081
34,-2,0,100000,32,0.00032,63,0.00063
34,-2,1,100000,34,0.00034,77,0.00077
34,-2,2,100000,40,0.0004,74,0.00074
34,-2,3,100000,26,0.00026,63,0.00063
34,-2,4,100000,43,0.00043,78,0.00078
34,-2,5,100000,18,0.00018,82,0.00082
34,-1,0,100000,34,0.00034,65,0.00065
34,-1,1,100000,30,0.0003,72,0.00072
34,-1,2,100000,36,0.00036,70,0.0007
34,-1,3,100000,29,0.00029,74,0.00074
34,-1,4,100000,35,0.00035,67,0.00067
34,-1,5,100000,16,0.00016,67,0.00067
34,0,0,100000,32,0.00032,72,0.00072
34,0,1,100000,37,0.00037,77,0.00077
34,0,2,100000,19,0.00019,73,0.00073
34,0,3,100000,36,0.00036,75,0.00075
34,0,4,100000,29,0.00029,80,0.0008
34,0,5,100000,37,0.00037,77,0.00077
34,1,0,100000,43,0.00043,76,0.00076
34,1,1,100000,25,0.00025,64,0.00064
34,1,2,100000,25,0.00025,66,0.00066
34,1,3,100000,46,0.00046,68,0.00068
34,1,4,100000,30,0.0003,80,0.0008
34,1,5,100000,47,0.00047,61,0.00061
34,2,0,100000,31,0.00031,66,0.00066
34,2,1,100000,35,0.00035,96,0.00096
34,2,2,100000,40,0.0004,76,0.00076
34,2,3,100000,18,0.00018,67,0.00067
34,2,4,100000,29,0.00029,78,0.00078
34,2,5,100000,32,0.00032,80,0.0008
34,3,0,100000,29,0.00029,71,0.00071
34,3,1,100000,29,0.00029,72,0.00072
34,3,2,100000,26,0.00026,62,0.00062
34,3,3,100000,24,0.00024,82,0.00082
34,3,4,100000,21,0.00021,82,0.00082
34,3,5,100000,27,0.00027,69,0.00069
34,4,0,100000,21,0.00021,84,0.00084
34,4,1,100000,28,0.00028,77,0.00077
34,4,2,100000,25,0.00025,82,0.00082
34,4,3,100000,16,0.00016,64,0.00064
34,4,4,100000,34,0.00034,80,0.0008
34,4,5,100000,35,0.00035,75,0.00075
34,5,0,100000,41,0.00041,73,0.00073
34,5,1,100000,26,0.00026,52,0.00052
34,5,2,100000,38,0.00038,81,0.00081
34,5,3,100000,29,0.00029,78,0.00078
34,5,4,100000,16,0.00016,59,0.00059
34,5,5,100000,33,0.00033,81,0.00081
34,6,0,100000,17,0.00017,64,0.00064
34,6,1,100000,31,0.00031,75,0.00075
34,6,2,100000,14,0.00014,53,0.00053
34,6,3,100000,29,0.00029,81,0.00081
34,6,4,100000,50,0.0005,82,0.00082
34,6,5,100000,50,0.0005,81,0.00081
34,7,0,100000,55,0.00055,84,0.00084
34,7,1,100000,35,0.00035,72,0.00072
34,7,2,100000,30,0.0003,56,0.00056
34,7,3,100000,18,0.00018,83,0.00083
34,7,4,100000,40,0.0004,89,0.00089
34,7,5,100000,34,0.00034,65,0.00065
34,8,0,100000,29,0.00029,68,0.00068
34,8,1,100000,24,0.00024,60,0.0006
34,8,2,100000,24,0.00024,69,0.00069
34,8,3,100000,19,0.00019,79,0.00079
34,8,4,100000,45,0.00045,70,0.0007
34,8,5,100000,21,0.00021,60,0.0006
34,9,0,100000,25,0.00025,87,0.00087
34,9,1,100000,20,0.0002,74,0.00074
34,9,2,100000,29,0.00029,70,0.0007
34,9,3,100000,26,0.00026,70,0.0007
34,9,4,100000,27,0.00027,65,0.00065
34,9,5,100000,50,0.0005,79,0.00079
34,10,0,100000,37,0.00037,71,0.00071
34,10,1,100000,38,0.00038,78,0.00078
34,10,2,100000,32,0.00032,77,0.00077
34,10,3,100000,21,0.00021,72,0.00072
34,10,4,100000,17,0.00017,68,0.00068
34,10,5,100000,38,0.00038,66,0.00066
34,11,0,100000,35,0.00035,66,0.00066
34,11,1,100000,35,0.00035,81,0.00081
34,11,2,100000,37,0.00037,89,0.00089
34,11,3,100000,27,0.00027,70,0.0007
34,11,4,100000,26,0.00026,72,0.00072
34,11,5,100000,40,0.0004,66,0.00066
34,12,0,100000,28,0.00028,65,0.00065
34,12,1,100000,41,0.00041,69,0.00069
34,12,2,100000,25,0.00025,74,0.00074
34,12,3,100000,46,0.00046,77,0.00077
34,12,4,100000,41,0.00041,77,0.00077
34,12,5,100000,27,0.00027,78,0.00078
34,13,0,100000,34,0.00034,86,0.00086
34,13,1,100000,37,0.00037,66,0.00066
34,13,2,100000,30,0.0003,80,0.0008
34,13,3,100000,23,0.00023,72,0.00072
34,13,4,100000,20,0.0002,76,0.00076
34,13,5,100000,24,0.00024,73,0.00073
34,14,0,100000,39,0.00039,65,0.00065
34,14,1,100000,23,0.00023,49,0.00049
34,14,2,100000,35,0.00035,83,0.00083
34,14,3,100000,13,0.00013,52,0.00052
34,14,4,100000,36,0.00036,69,0.00069
34,14,5,100000,50,0.0005,78,0.00078
34,15,0,100000,25,0.00025,56,0.00056
34,15,1,100000,32,0.00032,59,0.00059
34,15,2,100000,41,0.00041,75,0.00075
34,15,3,100000,19,0.00019,66,0.00066
34,15,4,100000,19,0.00019,61,0.00061
34,15,5,100000,28,0.00028,70,0.0007
34,16,0,100000,35,0.00035,74,0.00074
34,16,1,100000,31,0.00031,66,0.00066
34,16,2,100000,24,0.00024,55,0.00055
34,16,3,100000,30,0.0003,76,0.00076
34,16,4,100000,28,0.00028,64,0.00064
34,16,5,100000,40,0.0004,76,0.00076
34,17,0,100000,33,0.00033,87,0.00087
34,17,1,100000,29,0.00029,80,0.0008
34,17,2,100000,7,7e-05,58,0.00058
34,17,3,100000,45,0.00045,74,0.00074
34,17,4,100000,17,0.00017,66,0.00066
34,17,5,100000,47,0.00047,72,0.00072
34,18,0,100000,38,0.00038,87,0.00087
34,18,1,100000,38,0.00038,66,0.00066
34,18,2,100000,26,0.00026,77,0.00077
34,18,3,100000,29,0.00029,65,0.00065
34,18,4,100000,34,0.00034,81,0.00081
34,18,5,100000,40,0.0004,81,0.00081
34,19,0,100000,32,0.00032,68,0.00068
34,19,1,100000,30,0.0003,83,0.00083
34,19,2,100000,39,0.00039,73,0.00073
34,19,3,100000,35,0.00035,85,0.00085
34,19,4,100000,25,0.00025,78,0.00078
34,19,5,100000,34,0.00034,63,0.00063
34,20,0,100000,29,0.00029,77,0.00077
34,20,1,100000,36,0.00036,91,0.00091
34,20,2,100000,32,0.00032,84,0.00084
34,20,3,100000,26,0.00026,79,0.00079
34,20,4,100000,53,0.00053,71,0.00071
34,20,5,100000,40,0.0004,90,0.0009
34,21,0,100000,28,0.00028,70,0.0007
34,21,1,100000,25,0.00025,73,0.00073
34,21,2,100000,22,0.00022,75,0.00075
34,21,3,100000,26,0.00026,72,0.00072
34,21,4,100000,27,0.00027,69,0.00069
34,21,5,100000,22,0.00022,81,0.00081
34,22,0,100000,20,0.0002,59,0.00059
34,22,1,100000,25,0.00025,83,0.00083
34,22,2,100000,40,0.0004,90,0.0009
34,22,3,100000,37,0.00037,69,0.00069
34,22,4,100000,41,0.00041,69,0.00069
34,22,5,100000,30,0.0003,77,0.00077
34,23,0,100000,26,0.00026,71,0.00071
34,23,1,100000,59,0.00059,85,0.00085
34,23,2,100000,15,0.00015,75,0.00075
34,23,3,100000,38,0.00038,74,0.00074
34,23,4,100000,52,0.00052,83,0.00083
34,23,5,100000,50,0.0005,85,0.00085
34,24,0,100000,23,0.00023,71,0.00071
34,24,1,100000,18,0.00018,65,0.00065
34,24,2,100000,30,0.0003,62,0.00062
34,24,3,100000,27,0.00027,62,0.00062
34,24,4,100000,40,0.0004,70,0.0007
34,24,5,100000,30,0.0003,64,0.00064
34,25,0,100000,27,0.00027,80,0.0008
34,25,1,100000,25,0.00025,68,0.00068
34,25,2,100000,30,0.0003,69,0.00069
34,25,3,100000,17,0.00017,67,0.00067
34,25,4,100000,33,0.00033,69,0.00069
34,25,5,100000,23,0.00023,64,0.00064
34,26,0,100000,30,0.0003,77,0.00077
34,26,1,100000,33,0.00033,52,0.00052
34,26,2,100000,23,0.00023,66,0.00066
34,26,3,100000,26,0.00026,73,0.00073
34,26,4,100000,26,0.00026,73,0.00073
34,26,5,100000,22,0.00022,74,0.00074
34,27,0,100000,24,0.00024,64,0.00064
34,27,1,100000,42,0.00042,80,0.0008
34,27,2,100000,22,0.00022,73,0.00073
34,27,3,100000,31,0.00031,68,0.00068
34,27,4,100000,30,0.0003,82,0.00082
34,27,5,100000,27,0.00027,55,0.00055
34,28,0,100000,24,0.00024,76,0.00076
34,28,1,100000,33,0.00033,60,0.0006
34,28,2,100000,37,0.00037,75,0.00075
34,28,3,100000,39,0.00039,83,0.00083
34,28,4,100000,33,0.00033,74,0.00074
34,28,5,100000,24,0.00024,77,0.00077
34,29,0,100000,30,0.0003,60,0.0006
34,29,1,100000,25,0.00025,76,0.00076
34,29,2,100000,33,0.00033,73,0.00073
34,29,3,100000,15,0.00015,88,0.00088
34,29,4,100000,23,0.00023,74,0.00074
34,29,5,100000,48,0.00048,73,0.00073
34,30,0,100000,21,0.00021,76,0.00076
34,30,1,100000,37,0.00037,65,0.00065
34,30,2,100000,15,0.00015,66,0.00066
34,30,3,100000,23,0.00023,68,0.00068
34,30,4,100000,45,0.00045,89,0.00089
34,30,5,100000,37,0.00037,84,0.00084
34,31,0,100000,26,0.00026,74,0.00074
34,31,1,100000,33,0.00033,71,0.00071
34,31,2,100000,24,0.00024,73,0.00073
34,31,3,100000,24,0.00024,58,0.00058
34,31,4,100000,23,0.00023,65,0.00065
34,31,5,100000,29,0.00029,69,0.00069
34,32,0,100000,44,0.00044,71,0.00071
34,32,1,100000,22,0.00022,67,0.00067
34,32,2,100000,23,0.00023,67,0.00067
34,32,3,100000,35,0.00035,67,0.00067
34,32,4,100000,42,0.00042,87,0.00087
34,32,5,100000,16,0.00016,54,0.00054
34,33,0,100000,49,0.00049,72,0.00072
34,33,1,100000,23,0.00023,73,0.00073
34,33,2,100000,25,0.00025,70,0.0007
34,33,3,100000,15,0.00015,59,0.00059
34,33,4,100000,27,0.00027,71,0.00071
34,33,5,100000,33,0.00033,65,0.00065
34,34,0,100000,25,0.00025,74,0.00074
34,34,1,100000,50,0.0005,74,0.00074
34,34,2,100000,28,0.00028,57,0.00057
34,34,3,100000,24,0.00024,78,0.00078
34,34,4,100000,23,0.00023,71,0.00071
34,34,5,100000,55,0.00055,90,0.0009
34,35,0,100000,25,0.00025,74,0.00074
34,35,1,100000,19,0.00019,75,0.00075
34,35,2,100000,26,0.00026,79,0.00079
34,35,3,100000,38,0.00038,68,0.00068
34,35,4,100000,30,0.0003,65,0.00065
34,35,5,100000,17,0.00017,74,0.00074
34,36,0,100000,34,0.00034,72,0.00072
34,36,1,100000,49,0.00049,70,0.0007
34,36,2,100000,34,0.00034,77,0.00077
34,36,3,100000,38,0.00038,73,0.00073
34,36,4,100000,34,0.00034,75,0.00075
34,36,5,100000,21,0.00021,69,0.00069
34,37,0,100000,21,0.00021,61,0.00061
34,37,1,100000,29,0.00029,78,0.00078
34,37,2,100000,51,0.00051,82,0.00082
34,37,3,100000,41,0.00041,65,0.00065
34,37,4,100000,52,0.00052,78,0.00078
34,37,5,100000,30,0.0003,80,0.0008
34,38,0,100000,37,0.00037,82,0.00082
34,38,1,100000,26,0.00026,86,0.00086
34,38,2,100000,15,0.00015,61,0.00061
34,38,3,100000,16,0.00016,66,0.00066
34,38,4,100000,27,0.00027,79,0.00079
34,38,5,100000,19,0.00019,67,0.00067
34,39,0,100000,22,0.00022,69,0.00069
34,39,1,100000,23,0.00023,53,0.00053
34,39,2,100000,28,0.00028,74,0.00074
34,39,3,100000,38,0.00038,76,0.00076
34,39,4,100000,28,0.00028,81,0.00081
34,39,5,100000,31,0.00031,73,0.00073
34,40,0,100000,23,0.00023,85,0.00085
34,40,1,100000,36,0.00036,79,0.00079
34,40,2,100000,39,0.00039,77,0.00077
34,40,3,100000,37,0.00037,60,0.0006
34,40,4,100000,30,0.0003,71,0.00071
34,40,5,100000,18,0.00018,67,0.00067
34,41,0,100000,28,0.00028,65,0.00065
34,41,1,100000,42,0.00042,85,0.00085
34,41,2,100000,36,0.00036,75,0.00075
34,41,3,100000,38,0.00038,58,0.00058
34,41,4,100000,38,0.00038,82,0.00082
34,41,5,100000,27,0.00027,73,0.00073
34,42,0,100000,42,0.00042,65,0.00065
34,42,1,100000,20,0.0002,63,0.00063
34,42,2,100000,23,0.00023,66,0.00066
34,42,3,100000,51,0.00051,76,0.00076
34,42,4,100000,30,0.0003,73,0.00073
34,42,5,100000,18,0.00018,57,0.00057
34,43,0,100000,19,0.00019,49,0.00049
34,43,1,100000,23,0.00023,73,0.00073
34,43,2,100000,39,0.00039,63,0.00063
34,43,3,100000,28,0.00028,66,0.00066
34,43,4,100000,50,0.0005,62,0.00062
34,43,5,100000,20,0.0002,71,0.00071
34,44,0,100000,23,0.00023,74,0.00074
34,44,1,100000,23,0.00023,71,0.00071
34,44,2,100000,14,0.00014,60,0.0006
34,44,3,100000,40,0.0004,70,0.0007
34,44,4,100000,23,0.00023,69,0.00069
34,44,5,100000,25,0.00025,72,0.00072
34,45,0,100000,22,0.00022,63,0.00063
34,45,1,100000,41,0.00041,70,0.0007
34,45,2,100000,45,0.00045,82,0.00082
34,45,3,100000,28,0.00028,78,0.00078
34,45,4,100000,37,0.00037,83,0.00083
34,45,5,100000,37,0.00037,87,0.00087
34,46,0,100000,28,0.00028,76,0.00076
34,46,1,100000,27,0.00027,74,0.00074
34,46,2,100000,22,0.00022,73,0.00073
34,46,3,100000,30,0.0003,76,0.00076
34,46,4,100000,44,0.00044,74,0.00074
34,46,5,100000,38,0.00038,89,0.00089
34,47,0,100000,29,0.00029,67,0.00067
34,47,1,100000,32,0.00032,67,0.00067
34,47,2,100000,53,0.00053,81,0.00081
34,47,3,100000,18,0.00018,84,0.00084
34,47,4,100000,17,0.00017,66,0.00066
34,47,5,100000,34,0.00034,84,0.00084
34,48,0,100000,28,0.00028,67,0.00067
34,48,1,100000,23,0.00023,69,0.00069
34,48,2,100000,20,0.0002,65,0.00065
34,48,3,100000,29,0.00029,79,0.00079
34,48,4,100000,14,0.00014,71,0.00071
34,48,5,100000,30,0.0003,71,0.00071
34,49,0,100000,21,0.00021,65,0.00065
34,49,1,100000,20,0.0002,64,0.00064
34,49,2,100000,17,0.00017,65,0.00065
34,49,3,100000,39,0.00039,70,0.0007
34,49,4,100000,52,0.00052,90,0.0009
34,49,5,100000,32,0.00032,79,0.00079
34,50,0,100000,16,0.00016,66,0.00066
34,50,1,100000,29,0.00029,72,0.00072
34,50,2,100000,21,0.00021,59,0.00059
34,50,3,100000,38,0.00038,80,0.0008
34,50,4,100000,25,0.00025,73,0.00073
34,50,5,100000,26,0.00026,67,0.00067
35,-50,0,100000,32,0.00032,78,0.00078
35,-50,1,100000,46,0.00046,77,0.00077
35,-50,2,100000,27,0.00027,61,0.00061
35,-50,3,100000,20,0.0002,78,0.00078
35,-50,4,100000,28,0.00028,62,0.00062
35,-50,5,100000,34,0.00034,70,0.0007
35,-49,0,100000,43,0.00043,73,0.00073
35,-49,1,100000,36,0.00036,67,0.00067
35,-49,2,100000,20,0.0002,71,0.00071
35,-49,3,100000,48,0.00048,66,0.00066
35,-49,4,100000,34,0.00034,76,0.00076
35,-49,5,100000,32,0.00032,81,0.00081
35,-48,0,100000,31,0.00031,73,0.00073
35,-48,1,100000,54,0.00054,73,0.00073
35,-48,2,100000,39,0.00039,56,0.00056
35,-48,3,100000,42,0.00042,86,0.00086
35,-48,4,100000,23,0.00023,60,0.0006
35,-48,5,100000,41,0.00041,86,0.00086
35,-47,0,100000,16,0.00016,49,0.00049
35,-47,1,100000,27,0.00027,76,0.00076
35,-47,2,100000,31,0.00031,68,0.00068
35,-47,3,100000,26,0.00026,79,0.00079
35,-47,4,100000,29,0.00029,72,0.00072
35,-47,5,100000,23,0.00023,63,0.00063
35,-46,0,100000,35,0.00035,82,0.00082
35,-46,1,100000,17,0.00017,73,0.00073
35,-46,2,100000,27,0.00027,73,0.00073
35,-46,3,100000,52,0.00052,81,0.00081
35,-46,4,100000,28,0.00028,84,0.00084
35,-46,5,100000,30,0.0003,73,0.00073
35,-45,0,100000,32,0.00032,81,0.00081
35,-45,1,100000,30,0.0003,76,0.00076
35,-45,2,100000,30,0.0003,79,0.00079
35,-45,3,100000,21,0.00021,70,0.0007
35,-45,4,100000,31,0.00031,69,0.00069
35,-45,5,100000,31,0.00031,68,0.00068
35,-44,0,100000,26,0.00026,84,0.00084
35,-44,1,100000,28,0.00028,73,0.00073
35,-44,2,100000,40,0.0004,72,0.00072
35,-44,3,100000,15,0.00015,80,0.0008
35,-44,4,100000,33,0.00033,72,0.00072
35,-44,5,100000,23,0.00023,73,0.00073
35,-43,0,100000,19,0.00019,60,0.0006
35,-43,1,100000,19,0.00019,61,0.00061
35,-43,2,100000,32,0.00032,62,0.00062
35,-43,3,100000,32,0.00032,74,0.00074
35,-43,4,100000,32,0.00032,77,0.00077
35,-43,5,100000,33,0.00033,73,0.00073
35,-42,0,100000,38,0.00038,77,0.00077
35,-42,1,100000,50,0.0005,69,0.00069
35,-42,2,100000,29,0.00029,78,0.00078
35,-42,3,100000,24,0.00024,69,0.00069
35,-42,4,100000,37,0.00037,72,0.00072
35,-42,5,100000,27,0.00027,73,0.00073
35,-41,0,100000,22,0.00022,77,0.00077
35,-41,1,100000,40,0.0004,62,0.00062
35,-41,2,100000,32,0.00032,92,0.00092
35,-41,3,100000,38,0.00038,72,0.00072
35,-41,4,100000,44,0.00044,62,0.00062
35,-41,5,100000,18,0.00018,71,0.00071
35,-40,0,100000,20,0.0002,69,0.00069
35,-40,1,100000,20,0.0002,62,0.00062
35,-40,2,100000,24,0.00024,58,0.00058
35,-40,3,100000,44,0.00044,78,0.00078
35,-40,4,100000,34,0.00034,76,0.00076
35,-40,5,100000,28,0.00028,72,0.00072
35,-39,0,100000,27,0.00027,64,0.00064
35,-39,1,100000,46,0.00046,93,0.00093
35,-39,2,100000,10,0.0001,67,0.00067
35,-39,3,100000,37,0.00037,84,0.00084
35,-39,4,100000,31,0.00031,73,0.00073
35,-39,5,100000,36,0.00036,77,0.00077
35,-38,0,100000,19,0.00019,69,0.00069
35,-38,1,100000,16,0.00016,61,0.00061
35,-38,2,100000,17,0.00017,72,0.00072
35,-38,3,100000,37,0.00037,71,0.00071
35,-38,4,100000,39,0.00039,76,0.00076
35,-38,5,100000,27,0.00027,73,0.00073
35,-37,0,100000,34,0.00034,94,0.00094
35,-37,1,100000,30,0.0003,59,0.00059
35,-37,2,100000,23,0.00023,56,0.00056
35,-37,3,100000,27,0.00027,70,0.0007
35,-37,4,100000,20,0.0002,75,0.00075
35,-37,5,100000,47,0.00047,72,0.00072
35,-36,0,100000,43,0.00043,72,0.00072
35,-36,1,100000,36,0.00036,82,0.00082
35,-36,2,100000,23,0.00023,73,0.00073
35,-36,3,100000,23,0.00023,76,0.00076
35,-36,4,100000,24,0.00024,75,0.00075
35,-36,5,100000,46,0.00046,75,0.00075
35,-35,0,100000,29,0.00029,72,0.00072
35,-35,1,100000,20,0.0002,64,0.00064
35,-35,2,100000,23,0.00023,75,0.00075
35,-35,3,100000,33,0.00033,70,0.0007
35,-35,4,100000,22,0.00022,61,0.00061
35,-35,5,100000,17,0.00017,64,0.00064
35,-34,0,100000,36,0.00036,69,0.00069
35,-34,1,100000,21,0.00021,58,0.00058
35,-34,2,100000,19,0.00019,51,0.00051
35,-34,3,100000,41,0.00041,74,0.00074
35,-34,4,100000,33,0.00033,62,0.00062
35,-34,5,100000,18,0.00018,78,0.00078
35,-33,0,100000,48,0.00048,62,0.00062
35,-33,1,100000,38,0.00038,80,0.0008
35,-33,2,100000,32,0.00032,68,0.00068
35,-33,3,100000,27,0.00027,76,0.00076
35,-33,4,100000,45,0.00045,83,0.00083
35,-33,5,100000,40,0.0004,61,0.00061
35,-32,0,100000,48,0.00048,79,0.00079
35,-32,1,100000,18,0.00018,68,0.00068
35,-32,2,100000,20,0.0002,63,0.00063
35,-32,3,100000,35,0.00035,77,0.00077
35,-32,4,100000,19,0.00019,63,0.00063
35,-32,5,100000,26,0.00026,71,0.00071
35,-31,0,100000,27,0.00027,73,0.00073
35,-31,1,100000,30,0.0003,69,0.00069
35,-31,2,100000,24,0.00024,70,0.0007
35,-31,3,100000,23,0.00023,75,0.00075
35,-31,4,100000,23,0.00023,69,0.00069
35,-31,5,100000,22,0.00022,60,0.0006
35,-30,0,100000,22,0.00022,66,0.00066
35,-30,1,100000,31,0.00031,55,0.00055
35,-30,2,100000,38,0.00038,84,0.00084
35,-30,3,100000,43,0.00043,70,0.0007
35,-30,4,100000,35,0.00035,65,0.00065
35,-30,5,100000,31,0.00031,68,0.00068
35,-29,0,100000,11,0.00011,59,0.00059
35,-29,1,100000,37,0.00037,68,0.00068
35,-29,2,100000,29,0.00029,83,0.00083
35,-29,3,100000,27,0.00027,69,0.00069
35,-29,4,100000,37,0.00037,76,0.00076
35,-29,5,100000,42,0.00042,82,0.00082
35,-28,0,100000,23,0.00023,72,0.00072
35,-28,1,100000,50,0.0005,83,0.00083
35,-28,2,100000,28,0.00028,64,0.00064
35,-28,3,100000,26,0.00026,58,0.00058
35,-28,4,100000,19,0.00019,55,0.00055
35,-28,5,100000,35,0.00035,75,0.00075
35,-27,0,100000,39,0.00039,80,0.0008
35,-27,1,100000,32,0.00032,83,0.00083
35,-27,2,100000,26,0.00026,66,0.00066
35,-27,3,100000,32,0.00032,71,0.00071
35,-27,4,100000,36,0.00036,74,0.00074
35,-27,5,100000,41,0.00041,89,0.00089
35,-26,0,100000,33,0.00033,66,0.00066
35,-26,1,100000,21,0.00021,66,0.00066
35,-26,2,100000,22,0.00022,64,0.00064
35,-26,3,100000,29,0.00029,85,0.00085
35,-26,4,100000,37,0.00037,69,0.00069
35,-26,5,100000,41,0.00041,72,0.00072
35,-25,0,100000,39,0.00039,70,0.0007
35,-25,1,100000,46,0.00046,70,0.0007
35,-25,2,100000,17,0.00017,68,0.00068
35,-25,3,100000,39,0.00039,73,0.00073
35,-25,4,100000,12,0.00012,72,0.00072
35,-25,5,100000,18,0.00018,63,0.00063
35,-24,0,100000,24,0.00024,73,0.00073
35,-24,1,100000,43,0.00043,84,0.00084
35,-24,2,100000,32,0.00032,61,0.00061
35,-24,3,100000,30,0.0003,61,0.00061
35,-24,4,100000,30,0.0003,78,0.00078
35,-24,5,100000,38,0.00038,65,0.00065
35,-23,0,100000,35,0.00035,81,0.00081
35,-23,1,100000,36,0.00036,76,0.00076
35,-23,2,100000,33,0.00033,79,0.00079
35,-23,3,100000,22,0.00022,55,0.00055
35,-23,4,100000,25,0.00025,83,0.00083
35,-23,5,100000,27,0.00027,71,0.00071
35,-22,0,100000,35,0.00035,67,0.00067
35,-22,1,100000,26,0.00026,58,0.00058
35,-22,2,100000,22,0.00022,69,0.00069
35,-22,3,100000,25,0.00025,61,0.00061
35,-22,4,100000,35,0.00035,80,0.0008
35,-22,5,100000,33,0.00033,73,0.00073
35,-21,0,100000,19,0.00019,63,0.00063
35,-21,1,100000,29,0.00029,78,0.00078
35,-21,2,100000,33,0.00033,62,0.00062
35,-21,3,100000,16,0.00016,58,0.00058
35,-21,4,100000,27,0.00027,84,0.00084
35,-21,5,100000,28,0.00028,64,0.00064
35,-20,0,100000,43,0.00043,78,0.00078
35,-20,1,100000,27,0.00027,65,0.00065
35,-20,2,100000,24,0.00024,64,0.00064
35,-20,3,100000,70,0.0007,73,0.00073
35,-20,4,100000,30,0.0003,81,0.00081
35,-20,5,100000,30,0.0003,76,0.00076
35,-19,0,100000,49,0.00049,76,0.00076
35,-19,1,100000,25,0.00025,70,0.0007
35,-19,2,100000,25,0.00025,64,0.00064
35,-19,3,100000,45,0.00045,74,0.00074
35,-19,4,100000,27,0.00027,70,0.0007
35,-19,5,100000,40,0.0004,72,0.00072
35,-18,0,100000,43,0.00043,91,0.00091
35,-18,1,100000,10,0.0001,56,0.00056
35,-18,2,100000,27,0.00027,89,0.00089
35,-18,3,100000,25,0.00025,74,0.00074
35,-18,4,100000,23,0.00023,59,0.00059
35,-18,5,100000,37,0.00037,79,0.00079
35,-17,0,100000,34,0.00034,90,0.0009
35,-17,1,100000,34,0.00034,82,0.00082
35,-17,2,100000,31,0.00031,71,0.00071
35,-17,3,100000,27,0.00027,74,0.00074
35,-17,4,100000,41,0.00041,79,0.00079
35,-17,5,100000,23,0.00023,67,0.00067
35,-16,0,100000,30,0.0003,83,0.00083
35,-16,1,100000,15,0.00015,66,0.00066
35,-16,2,100000,18,0.00018,72,0.00072
35,-16,3,100000,34,0.00034,90,0.0009
35,-16,4,100000,29,0.00029,60,0.0006
35,-16,5,100000,46,0.00046,76,0.00076
35,-15,0,100000,36,0.00036,69,0.00069
35,-15,1,100000,26,0.00026,56,0.00056
35,-15,2,100000,13,0.00013,66,0.00066
35,-15,3,100000,26,0.00026,76,0.00076
35,-15,4,100000,33,0.00033,76,0.00076
35,-15,5,100000,33,0.00033,79,0.00079
35,-14,0,100000,27,0.00027,82,0.00082
35,-14,1,100000,33,0.00033,58,0.00058
35,-14,2,100000,48,0.00048,76,0.00076
35,-14,3,100000,21,0.00021,70,0.0007
35,-14,4,100000,34,0.00034,79,0.00079
35,-14,5,100000,33,0.00033,71,0.00071
35,-13,0,100000,32,0.00032,72,0.00072
35,-13,1,100000,37,0.00037,84,0.00084
35,-13,2,100000,43,0.00043,88,0.00088
35,-13,3,100000,29,0.00029,61,0.00061
35,-13,4,100000,23,0.00023,67,0.00067
35,-13,5,100000,30,0.0003,89,0.00089
35,-12,0,100000,32,0.00032,65,0.00065
35,-12,1,100000,37,0.00037,75,0.00075
35,-12,2,100000,26,0.00026,73,0.00073
35,-12,3,100000,37,0.00037,85,0.00085
35,-12,4,100000,39,0.00039,88,0.00088
35,-12,5,100000,40,0.0004,75,0.00075
35,-11,0,100000,36,0.00036,72,0.00072
35,-11,1,100000,16,0.00016,69,0.00069
35,-11,2,100000,25,0.00025,73,0.00073
35,-11,3,100000,61,0.00061,82,0.00082
35,-11,4,100000,36,0.00036,88,0.00088
35,-11,5,100000,32,0.00032,70,0.0007
35,-10,0,100000,41,0.00041,80,0.0008
35,-10,1,100000,39,0.00039,75,0.00075
35,-10,2,100000,33,0.00033,81,0.00081
35,-10,3,100000,31,0.00031,68,0.00068
35,-10,4,100000,29,0.00029,84,0.00084
35,-10,5,100000,43,0.00043,74,0.00074
35,-9,0,100000,33,0.00033,61,0.00061
35,-9,1,100000,50,0.0005,73,0.00073
35,-9,2,100000,24,0.00024,61,0.00061
35,-9,3,100000,29,0.00029,66,0.00066
35,-9,4,100000,48,0.00048,71,0.00071
35,-9,5,100000,26,0.00026,80,0.0008
35,-8,0,100000,34,0.00034,77,0.00077
35,-8,1,100000,27,0.00027,88,0.00088
35,-8,2,100000,48,0.00048,77,0.00077
35,-8,3,100000,30,0.0003,73,0.00073
35,-8,4,100000,23,0.00023,62,0.00062
35,-8,5,100000,20,0.0002,74,0.00074
35,-7,0,100000,32,0.00032,73,0.00073
35,-7,1,100000,21,0.00021,66,0.00066
35,-7,2,100000,25,0.00025,69,0.00069
35,-7,3,100000,26,0.00026,77,0.00077
35,-7,4,100000,48,0.00048,69,0.00069
35,-7,5,100000,13,0.00013,56,0.00056
35,-6,0,100000,19,0.00019,69,0.00069
35,-6,1,100000,50,0.0005,81,0.00081
35,-6,2,100000,29,0.00029,71,0.00071
35,-6,3,100000,28,0.00028,71,0.00071
35,-6,4,100000,31,0.00031,81,0.00081
35,-6,5,100000,44,0.00044,77,0.00077
35,-5,0,100000,34,0.00034,77,0.00077
35,-5,1,100000,34,0.00034,77,0.00077
35,-5,2,100000,26,0.00026,70,0.0007
35,-5,3,100000,31,0.00031,78,0.00078
35,-5,4,100000,36,0.00036,79,0.00079
35,-5,5,100000,34,0.00034,77,0.00077
35,-4,0,100000,22,0.00022,70,0.0007
35,-4,1,100000,36,0.00036,68,0.00068
35,-4,2,100000,26,0.00026,67,0.00067
35,-4,3,100000,18,0.00018,65,0.00065
35,-4,4,100000,26,0.00026,74,0.00074
35,-4,5,100000,35,0.00035,87,0.00087
35,-3,0,100000,22,0.00022,61,0.00061
35,-3,1,100000,16,0.00016,76,0.00076
35,-3,2,100000,42,0.00042,65,0.00065
35,-3,3,100000,39,0.00039,89,0.00089
35,-3,4,100000,23,0.00023,69,0.00069
35,-3,5,100000,25,0.00025,80,0.0008
35,-2,0,100000,33,0.00033,73,0.00073
35,-2,1,100000,50,0.0005,85,0.00085
35,-2,2,100000,27,0.00027,70,0.0007
35,-2,3,100000,32,0.00032,77,0.00077
35,-2,4,100000,30,0.0003,75,0.00075
35,-2,5,100000,37,0.00037,64,0.00064
35,-1,0,100000,31,0.00031,73,0.00073
35,-1,1,100000,25,0.00025,65,0.00065
35,-1,2,100000,29,0.00029,66,0.00066
35,-1,3,100000,37,0.00037,74,0.00074
35,-1,4,100000,31,0.00031,74,0.00074
35,-1,5,100000,53,0.00053,76,0.00076
35,0,0,100000,35,0.00035,64,0.00064
35,0,1,100000,18,0.00018,63,0.00063
35,0,2,100000,11,0.00011,53,0.00053
35,0,3,100000,23,0.00023,77,0.00077
35,0,4,100000,18,0.00018,71,0.00071
35,0,5,100000,26,0.00026,78,0.00078
35,1,0,100000,29,0.00029,74,0.00074
35,1,1,100000,18,0.00018,77,0.00077
35,1,2,100000,16,0.00016,61,0.00061
35,1,3,100000,38,0.00038,72,0.00072
35,1,4,100000,23,0.00023,79,0.00079
35,1,5,100000,18,0.00018,60,0.0006
35,2,0,100000,49,0.00049,81,0.00081
35,2,1,100000,49,0.00049,96,0.00096
35,2,2,100000,41,0.00041,73,0.00073
35,2,3,100000,36,0.00036,67,0.00067
35,2,4,100000,38,0.00038,78,0.00078
35,2,5,100000,18,0.00018,62,0.00062
35,3,0,100000,36,0.00036,67,0.00067
35,3,1,100000,36,0.00036,73,0.00073
35,3,2,100000,38,0.00038,79,0.00079
35,3,3,100000,23,0.00023,75,0.00075
35,3,4,100000,11,0.00011,62,0.00062
35,3,5,100000,20,0.0002,60,0.0006
35,4,0,100000,35,0.00035,76,0.00076
35,4,1,100000,41,0.00041,62,0.00062
35,4,2,100000,31,0.00031,100,0.001
35,4,3,100000,21,0.00021,70,0.0007
35,4,4,100000,36,0.00036,66,0.00066
35,4,5,100000,15,0.00015,60,0.0006
35,5,0,100000,25,0.00025,80,0.0008
35,5,1,100000,28,0.00028,78,0.00078
35,5,2,100000,26,0.00026,78,0.00078
35,5,3,100000,32,0.00032,80,0.0008
35,5,4,100000,26,0.00026,75,0.00075
35,5,5,100000,29,0.00029,76,0.00076
35,6,0,100000,41,0.00041,68,0.00068
35,6,1,100000,37,0.00037,65,0.00065
35,6,2,100000,18,0.00018,82,0.00082
35,6,3,100000,31,0.00031,72,0.00072
35,6,4,100000,18,0.00018,69,0.00069
35,6,5,100000,45,0.00045,93,0.00093
35,7,0,100000,23,0.00023,59,0.00059
35,7,1,100000,55,0.00055,72,0.00072
35,7,2,100000,18,0.00018,78,0.00078
35,7,3,100000,34,0.00034,67,0.00067
35,7,4,100000,13,0.00013,68,0.00068
35,7,5,100000,23,0.00023,75,0.00075
35,8,0,100000,23,0.00023,54,0.00054
35,8,1,100000,20,0.0002,65,0.00065
35,8,2,100000,31,0.00031,74,0.00074
35,8,3,100000,30,0.0003,75,0.00075
35,8,4,100000,34,0.00034,79,0.00079
35,8,5,100000,13,0.00013,65,0.00065
35,9,0,100000,30,0.0003,80,0.0008
35,9,1,100000,27,0.00027,78,0.00078
35,9,2,100000,24,0.00024,75,0.00075
35,9,3,100000,30,0.0003,69,0.00069
35,9,4,100000,27,0.00027,72,0.00072
35,9,5,100000,44,0.00044,73,0.00073
35,10,0,100000,27,0.00027,68,0.00068
35,10,1,100000,45,0.00045,66,0.00066
35,10,2,100000,31,0.00031,63,0.00063
35,10,3,100000,43,0.00043,87,0.00087
35,10,4,100000,27,0.00027,79,0.00079
35,10,5,100000,17,0.00017,59,0.00059
35,11,0,100000,34,0.00034,73,0.00073
35,11,1,100000,38,0.00038,70,0.0007
35,11,2,100000,39,0.00039,82,0.00082
35,11,3,100000,28,0.00028,66,0.00066
35,11,4,100000,33,0.00033,63,0.00063
35,11,5,100000,22,0.00022,73,0.00073
35,12,0,100000,24,0.00024,73,0.00073
35,12,1,100000,23,0.00023,76,0.00076
35,12,2,100000,21,0.00021,70,0.0007
35,12,3,100000,29,0.00029,72,0.00072
35,12,4,100000,25,0.00025,50,0.0005
35,12,5,100000,28,0.00028,59,0.00059
35,13,0,100000,34,0.00034,81,0.00081
35,13,1,100000,32,0.00032,78,0.00078
35,13,2,100000,24,0.00024,70,0.0007
35,13,3,100000,19,0.00019,60,0.0006
35,13,4,100000,40,0.0004,75,0.00075
35,13,5,100000,22,0.00022,72,0.00072
35,14,0,100000,22,0.00022,70,0.0007
35,14,1,100000,24,0.00024,78,0.00078
35,14,2,100000,39,0.00039,68,0.00068
35,14,3,100000,41,0.00041,69,0.00069
35,14,4,100000,21,0.00021,83,0.00083
35,14,5,100000,40,0.0004,63,0.00063
35,15,0,100000,28,0.00028,65,0.00065
35,15,1,100000,36,0.00036,81,0.00081
35,15,2,100000,30,0.0003,73,0.00073
35,15,3,100000,45,0.00045,85,0.00085
35,15,4,100000,27,0.00027,54,0.00054
35,15,5,100000,23,0.00023,63,0.00063
35,16,0,100000,43,0.00043,86,0.00086
35,16,1,100000,18,0.00018,64,0.00064
35,16,2,100000,35,0.00035,79,0.00079
35,16,3,100000,18,0.00018,67,0.00067
35,16,4,100000,18,0.00018,78,0.00078
35,16,5,100000,26,0.00026,73,0.00073
35,17,0,100000,26,0.00026,69,0.00069
35,17,1,100000,26,0.00026,64,0.00064
35,17,2,100000,14,0.00014,67,0.00067
35,17,3,100000,34,0.00034,71,0.00071
35,17,4,100000,26,0.00026,76,0.00076
35,17,5,100000,45,0.00045,70,0.0007
35,18,0,100000,28,0.00028,69,0.00069
35,18,1,100000,19,0.00019,75,0.00075
35,18,2,100000,34,0.00034,64,0.00064
35,18,3,100000,18,0.00018,66,0.00066
35,18,4,100000,29,0.00029,67,0.00067
35,18,5,100000,38,0.00038,86,0.00086
35,19,0,100000,28,0.00028,66,0.00066
35,19,1,100000,24,0.00024,79,0.00079
35,19,2,100000,28,0.00028,78,0.00078
35,19,3,100000,40,0.0004,77,0.00077
35,19,4,100000,39,0.00039,79,0.00079
35,19,5,100000,36,0.00036,72,0.00072
35,20,0,100000,35,0.00035,72,0.00072
35,20,1,100000,26,0.00026,77,0.00077
35,20,2,100000,40,0.0004,82,0.00082
35,20,3,100000,36,0.00036,66,0.00066
35,20,4,100000,40,0.0004,82,0.00082
35,20,5,100000,45,0.00045,77,0.00077
35,21,0,100000,27,0.00027,60,0.0006
35,21,1,100000,25,0.00025,59,0.00059
35,21,2,100000,29,0.00029,66,0.00066
35,21,3,100000,26,0.00026,72,0.00072
35,21,4,100000,27,0.00027,62,0.00062
35,21,5,100000,37,0.00037,86,0.00086
35,22,0,100000,32,0.00032,84,0.00084
35,22,1,100000,23,0.00023,65,0.00065
35,22,2,100000,13,0.00013,60,0.0006
35,22,3,100000,38,0.00038,74,0.00074
35,22,4,100000,48,0.00048,75,0.00075
35,22,5,100000,28,0.00028,60,0.0006
35,23,0,100000,26,0.00026,67,0.00067
35,23,1,100000,23,0.00023,72,0.00072
35,23,2,100000,21,0.00021,81,0.00081
35,23,3,100000,54,0.00054,72,0.00072
35,23,4,100000,43,0.00043,74,0.00074
35,23,5,100000,27,0.00027,66,0.00066
35,24,0,100000,26,0.00026,61,0.00061
35,24,1,100000,40,0.0004,81,0.00081
35,24,2,100000,15,0.00015,54,0.00054
35,24,3,100000,42,0.00042,72,0.00072
35,24,4,100000,19,0.00019,70,0.0007
35,24,5,100000,26,0.00026,70,0.0007
35,25,0,100000,20,0.0002,51,0.00051
35,25,1,100000,30,0.0003,73,0.00073
35,25,2,100000,24,0.00024,61,0.00061
35,25,3,100000,36,0.00036,80,0.0008
35,25,4,100000,34,0.00034,70,0.0007
35,25,5,100000,10,0.0001,68,0.00068
35,26,0,100000,37,0.00037,74,0.00074
35,26,1,100000,29,0.00029,70,0.0007
35,26,2,100000,34,0.00034,81,0.00081
35,26,3,100000,42,0.00042,78,0.00078
35,26,4,100000,22,0.00022,78,0.00078
35,26,5,100000,27,0.00027,68,0.00068
35,27,0,100000,36,0.00036,69,0.00069
35,27,1,100000,26,0.00026,59,0.00059
35,27,2,100000,28,0.00028,70,0.0007
35,27,3,100000,34,0.00034,76,0.00076
35,27,4,100000,36,0.00036,71,0.00071
35,27,5,100000,24,0.00024,71,0.00071
35,28,0,100000,23,0.00023,73,0.00073
35,28,1,100000,32,0.00032,65,0.00065
35,28,2,100000,37,0.00037,76,0.00076
35,28,3,100000,28,0.00028,57,0.00057
35,28,4,100000,31,0.00031,65,0.00065
35,28,5,100000,46,0.00046,67,0.00067
35,29,0,100000,47,0.00047,87,0.00087
35,29,1,100000,36,0.00036,61,0.00061
35,29,2,100000,26,0.00026,63,0.00063
35,29,3,100000,31,0.00031,68,0.00068
35,29,4,100000,31,0.00031,71,0.00071
35,29,5,100000,34,0.00034,67,0.00067
35,30,0,100000,34,0.00034,80,0.0008
35,30,1,100000,32,0.00032,75,0.00075
35,30,2,100000,34,0.00034,72,0.00072
35,30,3,100000,38,0.00038,67,0.00067
35,30,4,100000,38,0.00038,77,0.00077
35,30,5,100000,34,0.00034,73,0.00073
35,31,0,100000,36,0.00036,88,0.00088
35,31,1,100000,21,0.00021,68,0.00068
35,31,2,100000,16,0.00016,64,0.00064
35,31,3,100000,20,0.0002,63,0.00063
35,31,4,100000,43,0.00043,77,0.00077
35,31,5,100000,14,0.00014,73,0.00073
35,32,0,100000,25,0.00025,61,0.00061
35,32,1,100000,36,0.00036,75,0.00075
35,32,2,100000,27,0.00027,79,0.00079
35,32,3,100000,23,0.00023,71,0.00071
35,32,4,100000,40,0.0004,70,0.0007
35,32,5,100000,42,0.00042,72,0.00072
35,33,0,100000,48,0.00048,74,0.00074
35,33,1,100000,24,0.00024,73,0.00073
35,33,2,100000,14,0.00014,62,0.00062
35,33,3,100000,30,0.0003,72,0.00072
35,33,4,100000,31,0.00031,81,0.00081
35,33,5,100000,16,0.00016,62,0.00062
35,34,0,100000,28,0.00028,71,0.00071
35,34,1,100000,10,0.0001,59,0.00059
35,34,2,100000,35,0.00035,61,0.00061
35,34,3,100000,23,0.00023,65,0.00065
35,34,4,100000,27,0.00027,57,0.00057
35,34,5,100000,18,0.00018,65,0.00065
35,35,0,100000,37,0.00037,72,0.00072
35,35,1,100000,27,0.00027,79,0.00079
35,35,2,100000,26,0.00026,71,0.00071
35,35,3,100000,17,0.00017,72,0.00072
35,35,4,100000,45,0.00045,86,0.00086
35,35,5,100000,31,0.00031,73,0.00073
35,36,0,100000,26,0.00026,64,0.00064
35,36,1,100000,16,0.00016,74,0.00074
35,36,2,100000,42,0.00042,78,0.00078
35,36,3,100000,57,0.00057,75,0.00075
35,36,4,100000,47,0.00047,78,0.00078
35,36,5,100000,22,0.00022,73,0.00073
35,37,0,100000,31,0.00031,79,0.00079
35,37,1,100000,19,0.00019,62,0.00062
35,37,2,100000,24,0.00024,64,0.00064
35,37,3,100000,26,0.00026,66,0.00066
35,37,4,100000,27,0.00027,76,0.00076
35,37,5,100000,27,0.00027,70,0.0007
35,38,0,100000,35,0.00035,77,0.00077
35,38,1,100000,33,0.00033,66,0.00066
35,38,2,100000,38,0.00038,78,0.00078
35,38,3,100000,34,0.00034,69,0.00069
35,38,4,100000,28,0.00028,72,0.00072
35,38,5,100000,36,0.00036,76,0.00076
35,39,0,100000,30,0.0003,69,0.00069
35,39,1,100000,33,0.00033,77,0.00077
35,39,2,100000,43,0.00043,71,0.00071
35,39,3,100000,43,0.00043,73,0.00073
35,39,4,100000,18,0.00018,70,0.0007
35,39,5,100000,16,0.00016,62,0.00062
35,40,0,100000,32,0.00032,80,0.0008
35,40,1,100000,39,0.00039,78,0.00078
35,40,2,100000,37,0.00037,74,0.00074
35,40,3,100000,30,0.0003,71,0.00071
35,40,4,100000,26,0.00026,81,0.00081
35,40,5,100000,23,0.00023,62,0.00062
35,41,0,100000,23,0.00023,61,0.00061
35,41,1,100000,21,0.00021,69,0.00069
35,41,2,100000,38,0.00038,60,0.0006
35,41,3,100000,21,0.00021,72,0.00072
35,41,4,100000,54,0.00054,83,0.00083
35,41,5,100000,14,0.00014,70,0.0007
35,42,0,100000,19,0.00019,69,0.00069
35,42,1,100000,32,0.00032,80,0.0008
35,42,2,100000,19,0.00019,64,0.00064
35,42,3,100000,41,0.00041,69,0.00069
35,42,4,100000,56,0.00056,77,0.00077
35,42,5,100000,29,0.00029,70,0.0007
35,43,0,100000,24,0.00024,77,0.00077
35,43,1,100000,11,0.00011,58,0.00058
35,43,2,100000,16,0.00016,60,0.0006
35,43,3,100000,46,0.00046,81,0.00081
35,43,4,100000,30,0.0003,61,0.00061
35,43,5,100000,42,0.00042,82,0.00082
35,44,0,100000,47,0.00047,87,0.00087
35,44,1,100000,23,0.00023,61,0.00061
35,44,2,100000,21,0.00021,79,0.00079
35,44,3,100000,49,0.00049,78,0.00078
35,44,4,100000,18,0.00018,67,0.00067
35,44,5,100000,26,0.00026,77,0.00077
35,45,0,100000,37,0.00037,81,0.00081
35,45,1,100000,32,0.00032,74,0.00074
35,45,2,100000,21,0.00021,69,0.00069
35,45,3,100000,20,0.0002,66,0.00066
35,45,4,100000,26,0.00026,65,0.00065
35,45,5,100000,24,0.00024,74,0.00074
35,46,0,100000,27,0.00027,79,0.00079
35,46,1,100000,26,0.00026,86,0.00086
35,46,2,100000,31,0.00031,79,0.00079
35,46,3,100000,17,0.00017,65,0.00065
35,46,4,100000,35,0.00035,74,0.00074
35,46,5,100000,19,0.00019,64,0.00064
35,47,0,100000,33,0.00033,78,0.00078
35,47,1,100000,33,0.00033,90,0.0009
35,47,2,100000,18,0.00018,68,0.00068
35,47,3,100000,21,0.00021,63,0.00063
35,47,4,100000,28,0.00028,57,0.00057
35,47,5,100000,20,0.0002,71,0.00071
35,48,0,100000,29,0.00029,69,0.00069
35,48,1,100000,32,0.00032,71,0.00071
35,48,2,100000,30,0.0003,86,0.00086
35,48,3,100000,33,0.00033,62,0.00062
35,48,4,100000,26,0.00026,54,0.00054
35,48,5,100000,31,0.00031,67,0.00067
35,49,0,100000,39,0.00039,70,0.0007
35,49,1,100000,37,0.00037,80,0.0008
35,49,2,100000,17,0.00017,68,0.00068
35,49,3,100000,30,0.0003,67,0.00067
35,49,4,100000,32,0.00032,68,0.00068
35,49,5,100000,35,0.00035,70,0.0007
35,50,0,100000,36,0.00036,74,0.00074
35,50,1,100000,38,0.00038,68,0.00068
35,50,2,100000,33,0.00033,77,0.00077
35,50,3,100000,13,0.00013,63,0.00063
35,50,4,100000,34,0.00034,65,0.00065
35,50,5,100000,33,0.00033,80,0.0008
36,-50,0,100000,30,0.0003,80,0.0008
36,-50,1,100000,34,0.00034,75,0.00075
36,-50,2,100000,23,0.00023,69,0.00069
36,-50,3,100000,24,0.00024,52,0.00052
36,-50,4,100000,34,0.00034,78,0.00078
36,-50,5,100000,34,0.00034,68,0.00068
