x,y,nPrimary,roiCounts,normalizedCounts,flux,normalizedFlux
-40.8,47.2,400000,44786,0.111965,151812,0.37953
-40.8,47.4,400000,44949,0.112373,151932,0.37983
-40.8,47.6,400000,44640,0.1116,151990,0.379975
-40.8,47.8,400000,45067,0.112668,152727,0.381817
-40.8,48,400000,44577,0.111442,151988,0.37997
-40.8,48.2,400000,44682,0.111705,151928,0.37982
-40.8,48.4,400000,44898,0.112245,152034,0.380085
-40.8,48.6,400000,44542,0.111355,151533,0.378833
-40.8,48.8,400000,44879,0.112198,151447,0.378617
-40.8,49,400000,44697,0.111742,151955,0.379887
-40.8,49.2,400000,44357,0.110893,152043,0.380107
-40.8,49.4,400000,44415,0.111037,152089,0.380223
-40.8,49.6,400000,44904,0.11226,151981,0.379953
-40.8,49.8,400000,44888,0.11222,151899,0.379748
-40.8,50,400000,44754,0.111885,152527,0.381317
-40.6,-50,400000,44887,0.112217,151982,0.379955
-40.6,-49.8,400000,45697,0.114242,152458,0.381145
-40.6,-49.6,400000,44799,0.111997,152140,0.38035
-40.6,-49.4,400000,45127,0.112818,152532,0.38133
-40.6,-49.2,400000,44920,0.1123,152548,0.38137
-40.6,-49,400000,44808,0.11202,152133,0.380333
-40.6,-48.8,400000,44627,0.111568,151508,0.37877
-40.6,-48.6,400000,45132,0.11283,152481,0.381202
-40.6,-48.4,400000,44926,0.112315,151649,0.379122
-40.6,-48.2,400000,45033,0.112583,151985,0.379962
-40.6,-48,400000,44853,0.112132,152560,0.3814
-40.6,-47.8,400000,45411,0.113528,152489,0.381223
-40.6,-47.6,400000,45220,0.11305,152022,0.380055
-40.6,-47.4,400000,44588,0.11147,151589,0.378972
-40.6,-47.2,400000,45016,0.11254,152364,0.38091
-40.6,-47,400000,44765,0.111912,151929,0.379823
-40.6,-46.8,400000,45165,0.112912,151850,0.379625
-40.6,-46.6,400000,44151,0.110378,151481,0.378702
-40.6,-46.4,400000,44602,0.111505,151523,0.378808
-40.6,-46.2,400000,45039,0.112598,152030,0.380075
-40.6,-46,400000,44729,0.111823,151446,0.378615
-40.6,-45.8,400000,44741,0.111852,152247,0.380617
-40.6,-45.6,400000,45179,0.112948,151908,0.37977
-40.6,-45.4,400000,44454,0.111135,151644,0.37911
-40.6,-45.2,400000,44902,0.112255,152463,0.381157
-40.6,-45,400000,44514,0.111285,151832,0.37958
-40.6,-44.8,400000,44361,0.110903,152413,0.381032
-40.6,-44.6,400000,45403,0.113507,151896,0.37974
-40.6,-44.4,400000,44975,0.112437,152302,0.380755
-40.6,-44.2,400000,44838,0.112095,151907,0.379767
-40.6,-44,400000,44774,0.111935,151341,0.378352
-40.6,-43.8,400000,44770,0.111925,152154,0.380385
-40.6,-43.6,400000,44810,0.112025,151551,0.378877
-40.6,-43.4,400000,44887,0.112217,152238,0.380595
-40.6,-43.2,400000,45364,0.11341,152725,0.381812
-40.6,-43,400000,44745,0.111863,151916,0.37979
-40.6,-42.8,400000,44740,0.11185,151769,0.379422
-40.6,-42.6,400000,44720,0.1118,152085,0.380213
-40.6,-42.4,400000,44637,0.111592,152030,0.380075
-40.6,-42.2,400000,44534,0.111335,152177,0.380443
-40.6,-42,400000,44639,0.111598,151866,0.379665
-40.6,-41.8,400000,45005,0.112513,152183,0.380458
-40.6,-41.6,400000,44833,0.112083,152639,0.381597
-40.6,-41.4,400000,45050,0.112625,152065,0.380163
-40.6,-41.2,400000,44810,0.112025,151798,0.379495
-40.6,-41,400000,44099,0.110247,151801,0.379503
-40.6,-40.8,400000,45082,0.112705,152128,0.38032
-40.6,-40.6,400000,44688,0.11172,152310,0.380775
-40.6,-40.4,400000,44721,0.111802,151791,0.379478
-40.6,-40.2,400000,44586,0.111465,151748,0.37937
-40.6,-40,400000,45048,0.11262,152422,0.381055
-40.6,-39.8,400000,44244,0.11061,152132,0.38033
-40.6,-39.6,400000,44134,0.110335,151248,0.37812
-40.6,-39.4,400000,44844,0.11211,151936,0.37984
-40.6,-39.2,400000,44361,0.110903,151336,0.37834
-40.6,-39,400000,44691,0.111727,152132,0.38033
-40.6,-38.8,400000,44932,0.11233,152352,0.38088
-40.6,-38.6,400000,44611,0.111528,151869,0.379673
-40.6,-38.4,400000,44903,0.112257,152203,0.380507
-40.6,-38.2,400000,45443,0.113608,153070,0.382675
-40.6,-38,400000,45007,0.112518,151967,0.379918
-40.6,-37.8,400000,44620,0.11155,152242,0.380605
-40.6,-37.6,400000,44923,0.112308,152416,0.38104
-40.6,-37.4,400000,44478,0.111195,152129,0.380323
-40.6,-37.2,400000,44357,0.110893,152196,0.38049
-40.6,-37,400000,44979,0.112448,151736,0.37934
-40.6,-36.8,400000,44946,0.112365,152565,0.381412
-40.6,-36.6,400000,44555,0.111388,152148,0.38037
-40.6,-36.4,400000,44737,0.111842,151880,0.3797
-40.6,-36.2,400000,44743,0.111857,152535,0.381337
-40.6,-36,400000,44769,0.111922,152499,0.381248
-40.6,-35.8,400000,45005,0.112513,152178,0.380445
-40.6,-35.6,400000,44139,0.110348,151643,0.379107
-40.6,-35.4,400000,45080,0.1127,152235,0.380588
-40.6,-35.2,400000,45134,0.112835,151891,0.379727
-40.6,-35,400000,44392,0.11098,152198,0.380495
-40.6,-34.8,400000,44748,0.11187,151762,0.379405
-40.6,-34.6,400000,45402,0.113505,153215,0.383037
-40.6,-34.4,400000,44266,0.110665,151671,0.379178
-40.6,-34.2,400000,45285,0.113212,152064,0.38016
-40.6,-34,400000,44200,0.1105,151868,0.37967
-40.6,-33.8,400000,45112,0.11278,152533,0.381333
-40.6,-33.6,400000,44873,0.112183,151928,0.37982
-40.6,-33.4,400000,44752,0.11188,152460,0.38115
-40.6,-33.2,400000,44683,0.111708,152044,0.38011
-40.6,-33,400000,44596,0.11149,151951,0.379877
-40.6,-32.8,400000,44290,0.110725,151306,0.378265
-40.6,-32.6,400000,44677,0.111693,152264,0.38066
-40.6,-32.4,400000,45006,0.112515,152148,0.38037
-40.6,-32.2,400000,44431,0.111077,151599,0.378997
-40.6,-32,400000,45004,0.11251,152191,0.380478
-40.6,-31.8,400000,45057,0.112643,152331,0.380827
-40.6,-31.6,400000,44941,0.112352,152631,0.381578
-40.6,-31.4,400000,44770,0.111925,151164,0.37791
-40.6,-31.2,400000,45365,0.113412,152269,0.380673
-40.6,-31,400000,45373,0.113433,152260,0.38065
-40.6,-30.8,400000,45031,0.112577,152088,0.38022
-40.6,-30.6,400000,44368,0.11092,151858,0.379645
-40.6,-30.4,400000,45119,0.112797,152068,0.38017
-40.6,-30.2,400000,44761,0.111903,152265,0.380663
-40.6,-30,400000,44455,0.111138,151855,0.379638
-40.6,-29.8,400000,45145,0.112863,152244,0.38061
-40.6,-29.6,400000,44554,0.111385,151530,0.378825
-40.6,-29.4,400000,44970,0.112425,152147,0.380368
-40.6,-29.2,400000,44360,0.1109,152093,0.380232
-40.6,-29,400000,45194,0.112985,152048,0.38012
-40.6,-28.8,400000,44494,0.111235,152457,0.381142
-40.6,-28.6,400000,45139,0.112848,152519,0.381298
-40.6,-28.4,400000,45044,0.11261,152376,0.38094
-40.6,-28.2,400000,45177,0.112943,152049,0.380122
-40.6,-28,400000,44274,0.110685,151374,0.378435
-40.6,-27.8,400000,44722,0.111805,152324,0.38081
-40.6,-27.6,400000,45025,0.112562,151802,0.379505
-40.6,-27.4,400000,44978,0.112445,152333,0.380833
-40.6,-27.2,400000,45673,0.114183,152676,0.38169
-40.6,-27,400000,44518,0.111295,152461,0.381153
-40.6,-26.8,400000,44383,0.110958,151571,0.378927
-40.6,-26.6,400000,44836,0.11209,151945,0.379862
-40.6,-26.4,400000,45430,0.113575,151985,0.379962
-40.6,-26.2,400000,44656,0.11164,152287,0.380717
-40.6,-26,400000,44929,0.112323,151998,0.379995
-40.6,-25.8,400000,45059,0.112647,152581,0.381453
-40.6,-25.6,400000,45169,0.112922,152024,0.38006
-40.6,-25.4,400000,44862,0.112155,152526,0.381315
-40.6,-25.2,400000,44982,0.112455,151873,0.379682
-40.6,-25,400000,44745,0.111863,152220,0.38055
-40.6,-24.8,400000,45068,0.11267,151899,0.379748
-40.6,-24.6,400000,44923,0.112308,152252,0.38063
-40.6,-24.4,400000,44963,0.112407,152251,0.380628
-40.6,-24.2,400000,44432,0.11108,151838,0.379595
-40.6,-24,400000,44508,0.11127,151904,0.37976
-40.6,-23.8,400000,44669,0.111672,152264,0.38066
-40.6,-23.6,400000,45285,0.113212,152165,0.380412
-40.6,-23.4,400000,45557,0.113892,152298,0.380745
-40.6,-23.2,400000,44837,0.112092,152211,0.380528
-40.6,-23,400000,45020,0.11255,152223,0.380557
-40.6,-22.8,400000,44864,0.11216,152387,0.380968
-40.6,-22.6,400000,45057,0.112643,151790,0.379475
-40.6,-22.4,400000,44695,0.111738,152232,0.38058
-40.6,-22.2,400000,44821,0.112052,151790,0.379475
-40.6,-22,400000,45237,0.113092,152173,0.380433
-40.6,-21.8,400000,45282,0.113205,151754,0.379385
-40.6,-21.6,400000,45151,0.112878,152098,0.380245
-40.6,-21.4,400000,44840,0.1121,152034,0.380085
-40.6,-21.2,400000,45250,0.113125,151815,0.379538
-40.6,-21,400000,44541,0.111352,151729,0.379323
-40.6,-20.8,400000,44808,0.11202,152052,0.38013
-40.6,-20.6,400000,45307,0.113267,152233,0.380582
-40.6,-20.4,400000,44684,0.11171,151686,0.379215
-40.6,-20.2,400000,44777,0.111943,151661,0.379153
-40.6,-20,400000,44900,0.11225,151883,0.379707
-40.6,-19.8,400000,44969,0.112422,151990,0.379975
-40.6,-19.6,400000,45179,0.112948,152682,0.381705
-40.6,-19.4,400000,45413,0.113532,152491,0.381227
-40.6,-19.2,400000,44986,0.112465,151847,0.379617
-40.6,-19,400000,45003,0.112507,152515,0.381288
-40.6,-18.8,400000,45572,0.11393,152555,0.381387
-40.6,-18.6,400000,44673,0.111683,152292,0.38073
-40.6,-18.4,400000,44687,0.111717,152661,0.381653
-40.6,-18.2,400000,44453,0.111132,152069,0.380173
-40.6,-18,400000,44655,0.111638,151941,0.379852
-40.6,-17.8,400000,44975,0.112437,151915,0.379788
-40.6,-17.6,400000,45349,0.113373,152520,0.3813
-40.6,-17.4,400000,44845,0.112113,151597,0.378993
-40.6,-17.2,400000,45139,0.112848,152035,0.380088
-40.6,-17,400000,44514,0.111285,151662,0.379155
-40.6,-16.8,400000,44942,0.112355,151711,0.379277
-40.6,-16.6,400000,44851,0.112128,151823,0.379557
-40.6,-16.4,400000,44937,0.112342,152567,0.381418
-40.6,-16.2,400000,44443,0.111107,152305,0.380763
-40.6,-16,400000,44883,0.112208,152119,0.380298
-40.6,-15.8,400000,44834,0.112085,151979,0.379947
-40.6,-15.6,400000,44940,0.11235,152442,0.381105
-40.6,-15.4,400000,44694,0.111735,152143,0.380358
-40.6,-15.2,400000,44601,0.111503,151634,0.379085
-40.6,-15,400000,44786,0.111965,152211,0.380528
-40.6,-14.8,400000,44556,0.11139,152072,0.38018
-40.6,-14.6,400000,44367,0.110918,151558,0.378895
-40.6,-14.4,400000,44782,0.111955,151847,0.379617
-40.6,-14.2,400000,44646,0.111615,151398,0.378495
-40.6,-14,400000,44496,0.11124,151670,0.379175
-40.6,-13.8,400000,44930,0.112325,152172,0.38043
-40.6,-13.6,400000,44733,0.111833,153097,0.382742
-40.6,-13.4,400000,45031,0.112577,152061,0.380153
-40.6,-13.2,400000,45337,0.113342,152632,0.38158
-40.6,-13,400000,44525,0.111312,152356,0.38089
-40.6,-12.8,400000,44643,0.111607,151792,0.37948
-40.6,-12.6,400000,45510,0.113775,151767,0.379418
-40.6,-12.4,400000,45241,0.113102,152589,0.381472
-40.6,-12.2,400000,44495,0.111238,151732,0.37933
-40.6,-12,400000,44980,0.11245,152355,0.380887
-40.6,-11.8,400000,45192,0.11298,152467,0.381167
-40.6,-11.6,400000,44834,0.112085,152282,0.380705
-40.6,-11.4,400000,44288,0.11072,152115,0.380288
-40.6,-11.2,400000,44974,0.112435,152132,0.38033
-40.6,-11,400000,45175,0.112937,152493,0.381232
-40.6,-10.8,400000,44819,0.112047,151872,0.37968
-40.6,-10.6,400000,44464,0.11116,152018,0.380045
-40.6,-10.4,400000,44837,0.112092,152255,0.380638
-40.6,-10.2,400000,44303,0.110757,152271,0.380678
-40.6,-10,400000,45065,0.112662,151877,0.379692
-40.6,-9.8,400000,44924,0.11231,152244,0.38061
-40.6,-9.6,400000,45080,0.1127,152067,0.380167
-40.6,-9.4,400000,45336,0.11334,151793,0.379483
-40.6,-9.2,400000,45056,0.11264,152624,0.38156
-40.6,-9,400000,44490,0.111225,151827,0.379568
-40.6,-8.8,400000,44886,0.112215,152164,0.38041
-40.6,-8.6,400000,44690,0.111725,151541,0.378852
-40.6,-8.4,400000,45360,0.1134,152430,0.381075
-40.6,-8.2,400000,44773,0.111933,151677,0.379192
-40.6,-8,400000,44599,0.111497,151829,0.379572
-40.6,-7.8,400000,45039,0.112598,151996,0.37999
-40.6,-7.6,400000,45186,0.112965,151809,0.379522
-40.6,-7.4,400000,44936,0.11234,152349,0.380873
-40.6,-7.2,400000,44078,0.110195,151845,0.379613
-40.6,-7,400000,44726,0.111815,151650,0.379125
-40.6,-6.8,400000,45071,0.112677,152312,0.38078
-40.6,-6.6,400000,45023,0.112558,152260,0.38065
-40.6,-6.4,400000,44597,0.111492,152096,0.38024
-40.6,-6.2,400000,44855,0.112138,152473,0.381182
-40.6,-6,400000,44590,0.111475,152000,0.38
-40.6,-5.8,400000,44577,0.111442,152369,0.380922
-40.6,-5.6,400000,45289,0.113223,152682,0.381705
-40.6,-5.4,400000,44726,0.111815,151857,0.379642
-40.6,-5.2,400000,44904,0.11226,151835,0.379588
-40.6,-5,400000,44762,0.111905,152259,0.380648
-40.6,-4.8,400000,45611,0.114028,152271,0.380678
-40.6,-4.6,400000,44544,0.11136,151618,0.379045
-40.6,-4.4,400000,44563,0.111408,151949,0.379873
-40.6,-4.2,400000,44628,0.11157,151747,0.379368
-40.6,-4,400000,44525,0.111312,152515,0.381288
-40.6,-3.8,400000,45287,0.113217,152169,0.380422
-40.6,-3.6,400000,44867,0.112168,152039,0.380097
-40.6,-3.4,400000,44443,0.111107,151915,0.379788
-40.6,-3.2,400000,44419,0.111047,151972,0.37993
-40.6,-3,400000,44815,0.112037,152171,0.380427
-40.6,-2.8,400000,45084,0.11271,152460,0.38115
-40.6,-2.6,400000,44464,0.11116,152191,0.380478
-40.6,-2.4,400000,45344,0.11336,151567,0.378918
-40.6,-2.2,400000,44997,0.112492,152353,0.380883
-40.6,-2,400000,44548,0.11137,152067,0.380167
-40.6,-1.8,400000,44472,0.11118,151762,0.379405
-40.6,-1.6,400000,45076,0.11269,152019,0.380047
-40.6,-1.4,400000,44875,0.112187,152037,0.380092
-40.6,-1.2,400000,44819,0.112047,151945,0.379862
-40.6,-1,400000,44619,0.111547,151718,0.379295
-40.6,-0.8,400000,44675,0.111687,152298,0.380745
-40.6,-0.6,400000,44660,0.11165,153099,0.382748
-40.6,-0.4,400000,44650,0.111625,152193,0.380483
-40.6,-0.2,400000,45259,0.113147,151877,0.379692
-40.6,0,400000,44715,0.111787,152041,0.380103
-40.6,0.2,400000,44946,0.112365,152548,0.38137
-40.6,0.4,400000,44157,0.110393,151898,0.379745
-40.6,0.6,400000,45191,0.112977,152707,0.381767
-40.6,0.8,400000,44727,0.111818,151661,0.379153
-40.6,1,400000,44802,0.112005,151553,0.378883
-40.6,1.2,400000,44661,0.111653,151937,0.379843
-40.6,1.4,400000,44543,0.111357,151752,0.37938
-40.6,1.6,400000,45383,0.113458,152749,0.381873
-40.6,1.8,400000,44960,0.1124,152450,0.381125
-40.6,2,400000,44606,0.111515,151546,0.378865
-40.6,2.2,400000,44849,0.112122,151925,0.379812
-40.6,2.4,400000,45209,0.113022,152289,0.380723
-40.6,2.6,400000,44298,0.110745,151761,0.379402
-40.6,2.8,400000,44668,0.11167,151851,0.379628
-40.6,3,400000,45049,0.112623,152353,0.380883
-40.6,3.2,400000,45126,0.112815,152210,0.380525
-40.6,3.4,400000,45162,0.112905,152445,0.381113
-40.6,3.6,400000,44322,0.110805,152176,0.38044
-40.6,3.8,400000,44692,0.11173,152162,0.380405
-40.6,4,400000,44677,0.111693,151923,0.379808
-40.6,4.2,400000,44976,0.11244,151945,0.379862
-40.6,4.4,400000,44578,0.111445,152516,0.38129
-40.6,4.6,400000,44876,0.11219,152491,0.381227
-40.6,4.8,400000,44928,0.11232,152415,0.381037
-40.6,5,400000,45414,0.113535,152020,0.38005
-40.6,5.2,400000,45174,0.112935,152427,0.381068
-40.6,5.4,400000,45027,0.112568,152723,0.381808
-40.6,5.6,400000,45183,0.112958,152085,0.380213
-40.6,5.8,400000,45028,0.11257,152066,0.380165
-40.6,6,400000,45133,0.112833,151888,0.37972
-40.6,6.2,400000,44647,0.111617,152480,0.3812
-40.6,6.4,400000,44458,0.111145,151943,0.379858
-40.6,6.6,400000,45023,0.112558,152369,0.380922
-40.6,6.8,400000,44530,0.111325,151931,0.379827
-40.6,7,400000,44648,0.11162,152069,0.380173
-40.6,7.2,400000,45085,0.112712,151967,0.379918
-40.6,7.4,400000,45055,0.112638,152074,0.380185
-40.6,7.6,400000,44969,0.112422,152043,0.380107
-40.6,7.8,400000,45108,0.11277,152407,0.381018
-40.6,8,400000,44971,0.112427,152576,0.38144
-40.6,8.2,400000,45120,0.1128,151323,0.378308
-40.6,8.4,400000,44604,0.11151,152075,0.380188
-40.6,8.6,400000,44758,0.111895,152126,0.380315
-40.6,8.8,400000,45268,0.11317,152367,0.380918
-40.6,9,400000,44531,0.111327,152477,0.381192
-40.6,9.2,400000,44318,0.110795,151927,0.379817
-40.6,9.4,400000,44508,0.11127,152194,0.380485
-40.6,9.6,400000,45046,0.112615,152279,0.380698
-40.6,9.8,400000,44448,0.11112,152105,0.380263
-40.6,10,400000,45029,0.112573,152147,0.380368
-40.6,10.2,400000,45201,0.113003,152570,0.381425
-40.6,10.4,400000,45197,0.112992,152188,0.38047
-40.6,10.6,400000,44931,0.112327,152300,0.38075
-40.6,10.8,400000,44891,0.112227,152370,0.380925
-40.6,11,400000,44495,0.111238,151720,0.3793
-40.6,11.2,400000,44805,0.112013,151811,0.379528
-40.6,11.4,400000,44741,0.111852,152053,0.380132
-40.6,11.6,400000,45138,0.112845,152165,0.380412
-40.6,11.8,400000,45186,0.112965,152492,0.38123
-40.6,12,400000,45286,0.113215,152686,0.381715
-40.6,12.2,400000,44730,0.111825,152583,0.381458
-40.6,12.4,400000,44814,0.112035,151724,0.37931
-40.6,12.6,400000,44878,0.112195,152242,0.380605
-40.6,12.8,400000,44547,0.111367,152154,0.380385
-40.6,13,400000,44813,0.112032,152153,0.380383
-40.6,13.2,400000,44674,0.111685,152128,0.38032
-40.6,13.4,400000,44537,0.111342,152222,0.380555
-40.6,13.6,400000,44780,0.11195,152154,0.380385
-40.6,13.8,400000,44538,0.111345,151887,0.379717
-40.6,14,400000,45241,0.113102,152407,0.381018
-40.6,14.2,400000,45089,0.112723,152321,0.380802
-40.6,14.4,400000,45687,0.114217,152582,0.381455
-40.6,14.6,400000,44716,0.11179,152430,0.381075
-40.6,14.8,400000,44690,0.111725,151988,0.37997
-40.6,15,400000,44883,0.112208,152105,0.380263
-40.6,15.2,400000,44722,0.111805,152535,0.381337
-40.6,15.4,400000,44681,0.111702,152300,0.38075
-40.6,15.6,400000,44531,0.111327,152052,0.38013
-40.6,15.8,400000,44957,0.112393,152170,0.380425
-40.6,16,400000,44850,0.112125,151903,0.379758
-40.6,16.2,400000,44572,0.11143,151711,0.379277
-40.6,16.4,400000,44672,0.11168,152089,0.380223
-40.6,16.6,400000,44772,0.11193,151783,0.379458
-40.6,16.8,400000,44616,0.11154,152288,0.38072
-40.6,17,400000,45074,0.112685,152449,0.381122
-40.6,17.2,400000,45106,0.112765,152235,0.380588
-40.6,17.4,400000,44564,0.11141,151886,0.379715
-40.6,17.6,400000,45072,0.11268,151974,0.379935
-40.6,17.8,400000,44399,0.110997,151714,0.379285
-40.6,18,400000,44784,0.11196,151857,0.379642
-40.6,18.2,400000,44786,0.111965,151998,0.379995
-40.6,18.4,400000,45044,0.11261,153120,0.3828
-40.6,18.6,400000,44844,0.11211,152250,0.380625
-40.6,18.8,400000,44600,0.1115,151266,0.378165
-40.6,19,400000,45067,0.112668,152207,0.380518
-40.6,19.2,400000,44592,0.11148,151956,0.37989
-40.6,19.4,400000,44796,0.11199,151646,0.379115
-40.6,19.6,400000,45139,0.112848,152014,0.380035
-40.6,19.8,400000,44600,0.1115,151945,0.379862
-40.6,20,400000,44695,0.111738,151292,0.37823
-40.6,20.2,400000,45030,0.112575,152586,0.381465
-40.6,20.4,400000,45055,0.112638,152370,0.380925
-40.6,20.6,400000,45372,0.11343,152430,0.381075
-40.6,20.8,400000,44720,0.1118,152235,0.380588
-40.6,21,400000,45127,0.112818,152156,0.38039
-40.6,21.2,400000,44603,0.111507,152204,0.38051
-40.6,21.4,400000,44823,0.112058,152083,0.380207
-40.6,21.6,400000,45140,0.11285,152435,0.381088
-40.6,21.8,400000,44812,0.11203,152214,0.380535
-40.6,22,400000,44971,0.112427,152387,0.380968
-40.6,22.2,400000,44832,0.11208,151645,0.379113
-40.6,22.4,400000,45236,0.11309,152845,0.382113
-40.6,22.6,400000,44990,0.112475,151781,0.379453
-40.6,22.8,400000,44558,0.111395,151415,0.378538
-40.6,23,400000,44772,0.11193,152208,0.38052
-40.6,23.2,400000,44733,0.111833,152332,0.38083
-40.6,23.4,400000,44594,0.111485,152100,0.38025
-40.6,23.6,400000,44220,0.11055,151731,0.379327
-40.6,23.8,400000,45030,0.112575,152344,0.38086
-40.6,24,400000,44849,0.112122,152385,0.380962
-40.6,24.2,400000,44521,0.111302,151933,0.379833
-40.6,24.4,400000,45113,0.112782,152172,0.38043
-40.6,24.6,400000,44897,0.112242,152074,0.380185
-40.6,24.8,400000,45021,0.112552,152408,0.38102
-40.6,25,400000,44755,0.111888,152131,0.380327
-40.6,25.2,400000,44903,0.112257,152257,0.380642
-40.6,25.4,400000,44728,0.11182,151690,0.379225
-40.6,25.6,400000,44602,0.111505,151922,0.379805
-40.6,25.8,400000,44425,0.111062,151972,0.37993
-40.6,26,400000,44591,0.111477,152037,0.380092
-40.6,26.2,400000,45063,0.112657,152022,0.380055
-40.6,26.4,400000,44399,0.110997,152080,0.3802
-40.6,26.6,400000,44857,0.112143,152548,0.38137
-40.6,26.8,400000,44734,0.111835,151791,0.379478
-40.6,27,400000,44634,0.111585,151873,0.379682
-40.6,27.2,400000,44979,0.112448,152382,0.380955
-40.6,27.4,400000,44912,0.11228,152429,0.381072
-40.6,27.6,400000,45030,0.112575,152630,0.381575
-40.6,27.8,400000,45037,0.112592,151819,0.379547
-40.6,28,400000,44953,0.112382,152281,0.380702
-40.6,28.2,400000,44878,0.112195,151955,0.379887
-40.6,28.4,400000,44895,0.112238,151899,0.379748
-40.6,28.6,400000,44991,0.112477,152121,0.380302
-40.6,28.8,400000,44446,0.111115,151967,0.379918
-40.6,29,400000,44736,0.11184,151601,0.379003
-40.6,29.2,400000,44613,0.111533,152342,0.380855
-40.6,29.4,400000,44353,0.110882,151300,0.37825
-40.6,29.6,400000,44835,0.112088,152126,0.380315
-40.6,29.8,400000,44943,0.112357,151708,0.37927
-40.6,30,400000,43990,0.109975,151302,0.378255
-40.6,30.2,400000,44898,0.112245,152551,0.381377
-40.6,30.4,400000,45232,0.11308,152104,0.38026
-40.6,30.6,400000,45249,0.113123,151793,0.379483
-40.6,30.8,400000,44763,0.111907,152160,0.3804
-40.6,31,400000,45257,0.113142,151897,0.379742
-40.6,31.2,400000,44514,0.111285,152048,0.38012
-40.6,31.4,400000,44878,0.112195,152216,0.38054
-40.6,31.6,400000,44482,0.111205,152237,0.380593
-40.6,31.8,400000,45068,0.11267,152625,0.381563
-40.6,32,400000,44699,0.111747,151746,0.379365
-40.6,32.2,400000,44863,0.112157,151773,0.379433
-40.6,32.4,400000,45002,0.112505,152300,0.38075
-40.6,32.6,400000,44941,0.112352,152160,0.3804
-40.6,32.8,400000,44640,0.1116,152165,0.380412
-40.6,33,400000,45277,0.113193,152089,0.380223
-40.6,33.2,400000,45067,0.112668,152051,0.380128
-40.6,33.4,400000,45381,0.113452,152196,0.38049
-40.6,33.6,400000,45227,0.113068,152481,0.381202
-40.6,33.8,400000,44854,0.112135,151566,0.378915
-40.6,34,400000,45370,0.113425,152004,0.38001
-40.6,34.2,400000,45313,0.113282,152285,0.380713
-40.6,34.4,400000,44970,0.112425,152425,0.381063
-40.6,34.6,400000,44321,0.110802,151727,0.379317
-40.6,34.8,400000,44787,0.111967,151894,0.379735
-40.6,35,400000,45075,0.112687,152657,0.381642
-40.6,35.2,400000,45180,0.11295,151801,0.379503
-40.6,35.4,400000,44583,0.111458,151456,0.37864
-40.6,35.6,400000,45174,0.112935,152535,0.381337
-40.6,35.8,400000,44867,0.112168,152138,0.380345
-40.6,36,400000,44705,0.111763,152656,0.38164
-40.6,36.2,400000,44735,0.111838,151432,0.37858
-40.6,36.4,400000,44869,0.112172,151470,0.378675
-40.6,36.6,400000,44897,0.112242,152040,0.3801
-40.6,36.8,400000,44929,0.112323,152483,0.381207
-40.6,37,400000,44863,0.112157,152112,0.38028
-40.6,37.2,400000,44769,0.111922,152134,0.380335
-40.6,37.4,400000,44761,0.111903,151940,0.37985
-40.6,37.6,400000,45095,0.112738,152536,0.38134
-40.6,37.8,400000,45036,0.11259,152053,0.380132
-40.6,38,400000,44463,0.111158,151735,0.379337
-40.6,38.2,400000,44855,0.112138,152179,0.380447
-40.6,38.4,400000,44960,0.1124,151867,0.379667
-40.6,38.6,400000,44769,0.111922,152412,0.38103
-40.6,38.8,400000,44538,0.111345,151898,0.379745
-40.6,39,400000,44386,0.110965,151990,0.379975
-40.6,39.2,400000,45660,0.11415,151980,0.37995
-40.6,39.4,400000,45162,0.112905,151777,0.379443
-40.6,39.6,400000,45062,0.112655,152758,0.381895
-40.6,39.8,400000,44818,0.112045,151746,0.379365
-40.6,40,400000,45146,0.112865,152653,0.381632
-40.6,40.2,400000,44882,0.112205,151884,0.37971
-40.6,40.4,400000,44405,0.111013,151605,0.379012
-40.6,40.6,400000,44749,0.111872,152119,0.380298
-40.6,40.8,400000,44960,0.1124,152583,0.381458
-40.6,41,400000,44956,0.11239,152111,0.380277
-40.6,41.2,400000,44872,0.11218,152269,0.380673
-40.6,41.4,400000,44600,0.1115,152445,0.381113
-40.6,41.6,400000,45144,0.11286,151926,0.379815
-40.6,41.8,400000,44710,0.111775,152132,0.38033
-40.6,42,400000,45093,0.112732,152113,0.380283
-40.6,42.2,400000,44607,0.111518,151628,0.37907
-40.6,42.4,400000,45111,0.112778,152297,0.380742
-40.6,42.6,400000,44769,0.111922,151836,0.37959
-40.6,42.8,400000,45442,0.113605,152318,0.380795
-40.6,43,400000,44519,0.111297,151380,0.37845
-40.6,43.2,400000,44721,0.111802,151906,0.379765
-40.6,43.4,400000,44565,0.111412,152446,0.381115
-40.6,43.6,400000,44953,0.112382,152158,0.380395
-40.6,43.8,400000,44961,0.112403,152608,0.38152
-40.6,44,400000,44891,0.112227,152253,0.380632
-40.6,44.2,400000,45588,0.11397,152679,0.381698
-40.6,44.4,400000,44651,0.111628,152184,0.38046
-40.6,44.6,400000,44678,0.111695,152482,0.381205
-40.6,44.8,400000,45057,0.112643,151935,0.379837
-40.6,45,400000,44445,0.111113,150938,0.377345
-40.6,45.2,400000,44793,0.111982,152069,0.380173
-40.6,45.4,400000,44590,0.111475,151883,0.379707
-40.6,45.6,400000,45309,0.113272,152093,0.380232
-40.6,45.8,400000,44868,0.11217,151752,0.37938
-40.6,46,400000,44380,0.11095,152026,0.380065
-40.6,46.2,400000,44700,0.11175,152017,0.380043
-40.6,46.4,400000,45311,0.113278,152292,0.38073
-40.6,46.6,400000,44891,0.112227,152164,0.38041
-40.6,46.8,400000,44514,0.111285,151933,0.379833
-40.6,47,400000,44729,0.111823,151871,0.379678
-40.6,47.2,400000,44641,0.111602,151706,0.379265
-40.6,47.4,400000,44830,0.112075,151848,0.37962
-40.6,47.6,400000,44688,0.11172,152378,0.380945
-40.6,47.8,400000,44506,0.111265,151923,0.379808
-40.6,48,400000,45243,0.113107,152607,0.381518
-40.6,48.2,400000,44448,0.11112,152080,0.3802
-40.6,48.4,400000,44801,0.112003,152445,0.381113
-40.6,48.6,400000,45058,0.112645,152156,0.38039
-40.6,48.8,400000,45041,0.112602,152840,0.3821
-40.6,49,400000,44707,0.111768,151972,0.37993
-40.6,49.2,400000,44361,0.110903,151272,0.37818
-40.6,49.4,400000,44569,0.111422,152427,0.381068
-40.6,49.6,400000,44115,0.110287,151554,0.378885
-40.6,49.8,400000,44480,0.1112,152162,0.380405
-40.6,50,400000,44803,0.112007,152134,0.380335
-40.4,-50,400000,44927,0.112318,152576,0.38144
-40.4,-49.8,400000,44801,0.112003,152247,0.380617
-40.4,-49.6,400000,44516,0.11129,151837,0.379592
-40.4,-49.4,400000,45518,0.113795,152319,0.380798
-40.4,-49.2,400000,44772,0.11193,152170,0.380425
-40.4,-49,400000,44925,0.112312,152280,0.3807
-40.4,-48.8,400000,44846,0.112115,151855,0.379638
-40.4,-48.6,400000,45026,0.112565,152003,0.380007
-40.4,-48.4,400000,44535,0.111338,151890,0.379725
-40.4,-48.2,400000,45162,0.112905,152553,0.381383
-40.4,-48,400000,44960,0.1124,152000,0.38
-40.4,-47.8,400000,44824,0.11206,151729,0.379323
-40.4,-47.6,400000,44670,0.111675,151787,0.379468
-40.4,-47.4,400000,44374,0.110935,151868,0.37967
-40.4,-47.2,400000,45032,0.11258,151898,0.379745
-40.4,-47,400000,44782,0.111955,151961,0.379902
-40.4,-46.8,400000,44963,0.112407,151933,0.379833
-40.4,-46.6,400000,44571,0.111427,151911,0.379777
-40.4,-46.4,400000,45128,0.11282,152115,0.380288
-40.4,-46.2,400000,45082,0.112705,152217,0.380543
-40.4,-46,400000,44878,0.112195,151890,0.379725
-40.4,-45.8,400000,44722,0.111805,152035,0.380088
-40.4,-45.6,400000,44803,0.112007,152328,0.38082
-40.4,-45.4,400000,44554,0.111385,151544,0.37886
-40.4,-45.2,400000,44662,0.111655,152154,0.380385
-40.4,-45,400000,44750,0.111875,152015,0.380037
-40.4,-44.8,400000,44990,0.112475,151601,0.379003
-40.4,-44.6,400000,44388,0.11097,151357,0.378393
-40.4,-44.4,400000,44923,0.112308,151913,0.379783
-40.4,-44.2,400000,45260,0.11315,152162,0.380405
-40.4,-44,400000,44611,0.111528,151948,0.37987
-40.4,-43.8,400000,44024,0.11006,151157,0.377893
-40.4,-43.6,400000,44229,0.110573,151890,0.379725
-40.4,-43.4,400000,44573,0.111433,152520,0.3813
-40.4,-43.2,400000,44590,0.111475,152320,0.3808
-40.4,-43,400000,45519,0.113797,152457,0.381142
-40.4,-42.8,400000,44431,0.111077,151908,0.37977
-40.4,-42.6,400000,44827,0.112068,152452,0.38113
-40.4,-42.4,400000,45218,0.113045,151760,0.3794
-40.4,-42.2,400000,44783,0.111958,151695,0.379238
-40.4,-42,400000,44773,0.111933,151954,0.379885
-40.4,-41.8,400000,44987,0.112467,152257,0.380642
-40.4,-41.6,400000,44064,0.11016,151622,0.379055
-40.4,-41.4,400000,44711,0.111778,151997,0.379993
-40.4,-41.2,400000,45069,0.112672,151585,0.378962
-40.4,-41,400000,44679,0.111698,152040,0.3801
-40.4,-40.8,400000,45154,0.112885,151701,0.379252
-40.4,-40.6,400000,44363,0.110908,151387,0.378468
-40.4,-40.4,400000,45136,0.11284,152361,0.380902
-40.4,-40.2,400000,44556,0.11139,152314,0.380785
-40.4,-40,400000,45217,0.113043,152321,0.380802
-40.4,-39.8,400000,44896,0.11224,152037,0.380092
-40.4,-39.6,400000,45116,0.11279,152064,0.38016
-40.4,-39.4,400000,44826,0.112065,152034,0.380085
-40.4,-39.2,400000,44513,0.111283,150957,0.377393
-40.4,-39,400000,45325,0.113312,151678,0.379195
-40.4,-38.8,400000,45338,0.113345,152253,0.380632
-40.4,-38.6,400000,45124,0.11281,152816,0.38204
-40.4,-38.4,400000,44754,0.111885,151965,0.379912
-40.4,-38.2,400000,45065,0.112662,151457,0.378642
-40.4,-38,400000,45237,0.113092,152529,0.381323
-40.4,-37.8,400000,44639,0.111598,152252,0.38063
-40.4,-37.6,400000,44516,0.11129,152004,0.38001
-40.4,-37.4,400000,44889,0.112223,151820,0.37955
-40.4,-37.2,400000,44772,0.11193,152029,0.380072
-40.4,-37,400000,44953,0.112382,152009,0.380022
-40.4,-36.8,400000,45043,0.112607,152810,0.382025
-40.4,-36.6,400000,44821,0.112052,152459,0.381147
-40.4,-36.4,400000,44811,0.112028,152104,0.38026
-40.4,-36.2,400000,45039,0.112598,152133,0.380333
-40.4,-36,400000,44955,0.112388,152232,0.38058
-40.4,-35.8,400000,45244,0.11311,151927,0.379817
-40.4,-35.6,400000,45555,0.113888,152145,0.380362
-40.4,-35.4,400000,44315,0.110787,152144,0.38036
-40.4,-35.2,400000,45045,0.112613,151966,0.379915
-40.4,-35,400000,44135,0.110338,151974,0.379935
-40.4,-34.8,400000,44261,0.110653,151587,0.378968
-40.4,-34.6,400000,45075,0.112687,152049,0.380122
-40.4,-34.4,400000,44953,0.112382,151795,0.379487
-40.4,-34.2,400000,45090,0.112725,152252,0.38063
-40.4,-34,400000,44536,0.11134,151900,0.37975
-40.4,-33.8,400000,44617,0.111543,151856,0.37964
-40.4,-33.6,400000,44934,0.112335,151491,0.378727
-40.4,-33.4,400000,44885,0.112213,152053,0.380132
-40.4,-33.2,400000,45154,0.112885,151927,0.379817
-40.4,-33,400000,45365,0.113412,152033,0.380082
-40.4,-32.8,400000,44754,0.111885,152308,0.38077
-40.4,-32.6,400000,44385,0.110963,151759,0.379397
-40.4,-32.4,400000,44569,0.111422,151708,0.37927
-40.4,-32.2,400000,45389,0.113473,152317,0.380792
-40.4,-32,400000,45116,0.11279,152184,0.38046
-40.4,-31.8,400000,44727,0.111818,152028,0.38007
-40.4,-31.6,400000,45054,0.112635,152893,0.382232
-40.4,-31.4,400000,45346,0.113365,152690,0.381725
-40.4,-31.2,400000,45218,0.113045,152351,0.380877
-40.4,-31,400000,44654,0.111635,152386,0.380965
-40.4,-30.8,400000,44924,0.11231,152047,0.380117
-40.4,-30.6,400000,45110,0.112775,152596,0.38149
-40.4,-30.4,400000,44699,0.111747,152067,0.380167
-40.4,-30.2,400000,44997,0.112492,152203,0.380507
-40.4,-30,400000,44972,0.11243,152259,0.380648
-40.4,-29.8,400000,44777,0.111943,151583,0.378958
-40.4,-29.6,400000,45130,0.112825,151976,0.37994
-40.4,-29.4,400000,44649,0.111622,151530,0.378825
-40.4,-29.2,400000,44750,0.111875,152531,0.381327
-40.4,-29,400000,44968,0.11242,151976,0.37994
-40.4,-28.8,400000,44808,0.11202,152149,0.380373
-40.4,-28.6,400000,45029,0.112573,152256,0.38064
-40.4,-28.4,400000,44473,0.111183,152217,0.380543
-40.4,-28.2,400000,44756,0.11189,151885,0.379713
-40.4,-28,400000,44858,0.112145,152508,0.38127
-40.4,-27.8,400000,44051,0.110128,151745,0.379362
-40.4,-27.6,400000,44813,0.112032,151968,0.37992
-40.4,-27.4,400000,44873,0.112183,151802,0.379505
-40.4,-27.2,400000,44634,0.111585,152126,0.380315
-40.4,-27,400000,45277,0.113193,152104,0.38026
-40.4,-26.8,400000,44409,0.111022,151438,0.378595
-40.4,-26.6,400000,45309,0.113272,152585,0.381462
-40.4,-26.4,400000,44469,0.111172,151738,0.379345
-40.4,-26.2,400000,44660,0.11165,151855,0.379638
-40.4,-26,400000,45363,0.113407,152132,0.38033
-40.4,-25.8,400000,44576,0.11144,152509,0.381273
-40.4,-25.6,400000,44592,0.11148,152299,0.380748
-40.4,-25.4,400000,45110,0.112775,151700,0.37925
-40.4,-25.2,400000,44918,0.112295,151578,0.378945
-40.4,-25,400000,44817,0.112043,152412,0.38103
-40.4,-24.8,400000,45014,0.112535,151938,0.379845
-40.4,-24.6,400000,44584,0.11146,151876,0.37969
-40.4,-24.4,400000,45294,0.113235,152349,0.380873
-40.4,-24.2,400000,44945,0.112363,152329,0.380823
-40.4,-24,400000,44888,0.11222,151793,0.379483
-40.4,-23.8,400000,44713,0.111783,151826,0.379565
-40.4,-23.6,400000,44982,0.112455,151883,0.379707
-40.4,-23.4,400000,44454,0.111135,151571,0.378927
-40.4,-23.2,400000,44827,0.112068,151955,0.379887
-40.4,-23,400000,44733,0.111833,151845,0.379613
-40.4,-22.8,400000,44697,0.111742,152370,0.380925
-40.4,-22.6,400000,44873,0.112183,152128,0.38032
-40.4,-22.4,400000,44885,0.112213,152344,0.38086
-40.4,-22.2,400000,44275,0.110687,151753,0.379383
-40.4,-22,400000,44702,0.111755,151824,0.37956
-40.4,-21.8,400000,44789,0.111973,152144,0.38036
-40.4,-21.6,400000,44898,0.112245,152360,0.3809
-40.4,-21.4,400000,44793,0.111982,151714,0.379285
-40.4,-21.2,400000,44617,0.111543,151520,0.3788
-40.4,-21,400000,45196,0.11299,152017,0.380043
-40.4,-20.8,400000,44413,0.111033,151842,0.379605
-40.4,-20.6,400000,44496,0.11124,151907,0.379767
-40.4,-20.4,400000,45099,0.112748,152448,0.38112
-40.4,-20.2,400000,45114,0.112785,152250,0.380625
-40.4,-20,400000,44411,0.111028,151913,0.379783
-40.4,-19.8,400000,44604,0.11151,152031,0.380078
-40.4,-19.6,400000,44508,0.11127,151450,0.378625
-40.4,-19.4,400000,44872,0.11218,152147,0.380368
-40.4,-19.2,400000,44898,0.112245,152303,0.380758
-40.4,-19,400000,44864,0.11216,152197,0.380493
-40.4,-18.8,400000,44699,0.111747,151809,0.379522
-40.4,-18.6,400000,45292,0.11323,152415,0.381037
-40.4,-18.4,400000,44852,0.11213,152611,0.381528
-40.4,-18.2,400000,44879,0.112198,151851,0.379628
-40.4,-18,400000,44838,0.112095,152000,0.38
-40.4,-17.8,400000,45112,0.11278,152567,0.381418
-40.4,-17.6,400000,44954,0.112385,152046,0.380115
-40.4,-17.4,400000,44982,0.112455,151736,0.37934
-40.4,-17.2,400000,44860,0.11215,152453,0.381132
-40.4,-17,400000,44702,0.111755,152223,0.380557
-40.4,-16.8,400000,44294,0.110735,151611,0.379028
-40.4,-16.6,400000,44914,0.112285,152059,0.380148
-40.4,-16.4,400000,44980,0.11245,152122,0.380305
-40.4,-16.2,400000,45134,0.112835,152113,0.380283
-40.4,-16,400000,44576,0.11144,151371,0.378428
-40.4,-15.8,400000,45101,0.112753,152277,0.380692
-40.4,-15.6,400000,44714,0.111785,152280,0.3807
-40.4,-15.4,400000,44421,0.111052,151742,0.379355
-40.4,-15.2,400000,44591,0.111477,151987,0.379968
-40.4,-15,400000,45031,0.112577,152013,0.380032
-40.4,-14.8,400000,45068,0.11267,152292,0.38073
-40.4,-14.6,400000,44787,0.111967,151693,0.379232
-40.4,-14.4,400000,44762,0.111905,151853,0.379632
-40.4,-14.2,400000,44700,0.11175,151684,0.37921
-40.4,-14,400000,44289,0.110723,151758,0.379395
-40.4,-13.8,400000,44915,0.112287,152180,0.38045
-40.4,-13.6,400000,44947,0.112367,152583,0.381458
-40.4,-13.4,400000,44918,0.112295,152171,0.380427
-40.4,-13.2,400000,45276,0.11319,152466,0.381165
-40.4,-13,400000,44850,0.112125,152528,0.38132
-40.4,-12.8,400000,45016,0.11254,152021,0.380053
-40.4,-12.6,400000,44972,0.11243,152095,0.380238
-40.4,-12.4,400000,44711,0.111778,151637,0.379092
-40.4,-12.2,400000,45015,0.112537,152017,0.380043
-40.4,-12,400000,44427,0.111067,152262,0.380655
-40.4,-11.8,400000,44494,0.111235,151757,0.379393
-40.4,-11.6,400000,44644,0.11161,152256,0.38064
-40.4,-11.4,400000,44811,0.112028,152060,0.38015
-40.4,-11.2,400000,44967,0.112418,152101,0.380252
-40.4,-11,400000,44686,0.111715,151826,0.379565
-40.4,-10.8,400000,45106,0.112765,152586,0.381465
-40.4,-10.6,400000,45077,0.112693,152448,0.38112
-40.4,-10.4,400000,45101,0.112753,152468,0.38117
-40.4,-10.2,400000,44661,0.111653,152196,0.38049
-40.4,-10,400000,44450,0.111125,152705,0.381763
-40.4,-9.8,400000,44615,0.111537,152097,0.380242
-40.4,-9.6,400000,45313,0.113282,152662,0.381655
-40.4,-9.4,400000,44939,0.112348,152167,0.380418
-40.4,-9.2,400000,44682,0.111705,151865,0.379663
-40.4,-9,400000,44857,0.112143,152223,0.380557
-40.4,-8.8,400000,44498,0.111245,152006,0.380015
-40.4,-8.6,400000,45032,0.11258,151895,0.379738
-40.4,-8.4,400000,44685,0.111713,151224,0.37806
-40.4,-8.2,400000,45170,0.112925,151836,0.37959
-40.4,-8,400000,44578,0.111445,151958,0.379895
-40.4,-7.8,400000,44734,0.111835,152259,0.380648
-40.4,-7.6,400000,44509,0.111272,151888,0.37972
-40.4,-7.4,400000,44831,0.112077,151954,0.379885
-40.4,-7.2,400000,45199,0.112998,152598,0.381495
-40.4,-7,400000,44875,0.112187,152611,0.381528
-40.4,-6.8,400000,44948,0.11237,152420,0.38105
-40.4,-6.6,400000,45068,0.11267,152001,0.380003
-40.4,-6.4,400000,44784,0.11196,151952,0.37988
-40.4,-6.2,400000,43979,0.109948,151648,0.37912
-40.4,-6,400000,45209,0.113022,152236,0.38059
-40.4,-5.8,400000,44941,0.112352,152241,0.380603
-40.4,-5.6,400000,44984,0.11246,152128,0.38032
-40.4,-5.4,400000,44659,0.111647,151689,0.379223
-40.4,-5.2,400000,45070,0.112675,152634,0.381585
-40.4,-5,400000,45298,0.113245,152812,0.38203
-40.4,-4.8,400000,45234,0.113085,151933,0.379833
-40.4,-4.6,400000,44278,0.110695,151794,0.379485
-40.4,-4.4,400000,44820,0.11205,152108,0.38027
-40.4,-4.2,400000,44950,0.112375,152817,0.382043
-40.4,-4,400000,44452,0.11113,152281,0.380702
-40.4,-3.8,400000,45309,0.113272,152415,0.381037
-40.4,-3.6,400000,44435,0.111088,152175,0.380437
-40.4,-3.4,400000,45003,0.112507,151313,0.378283
-40.4,-3.2,400000,44673,0.111683,152173,0.380433
-40.4,-3,400000,44792,0.11198,152626,0.381565
-40.4,-2.8,400000,44841,0.112102,152152,0.38038
-40.4,-2.6,400000,44598,0.111495,152134,0.380335
-40.4,-2.4,400000,44851,0.112128,151636,0.37909
-40.4,-2.2,400000,44762,0.111905,152569,0.381422
-40.4,-2,400000,44799,0.111997,152135,0.380337
-40.4,-1.8,400000,44932,0.11233,152190,0.380475
-40.4,-1.6,400000,44722,0.111805,151717,0.379292
-40.4,-1.4,400000,44795,0.111988,151677,0.379192
-40.4,-1.2,400000,44762,0.111905,152307,0.380767
-40.4,-1,400000,45011,0.112528,152262,0.380655
-40.4,-0.8,400000,45219,0.113047,151989,0.379972
-40.4,-0.6,400000,44973,0.112433,152293,0.380732
-40.4,-0.4,400000,44926,0.112315,152316,0.38079
-40.4,-0.2,400000,44889,0.112223,151792,0.37948
-40.4,0,400000,44886,0.112215,151910,0.379775
-40.4,0.2,400000,45018,0.112545,152292,0.38073
-40.4,0.4,400000,45055,0.112638,152140,0.38035
-40.4,0.6,400000,45540,0.11385,152690,0.381725
-40.4,0.8,400000,44956,0.11239,152392,0.38098
-40.4,1,400000,45358,0.113395,152796,0.38199
-40.4,1.2,400000,45090,0.112725,152127,0.380317
-40.4,1.4,400000,45236,0.11309,152391,0.380978
-40.4,1.6,400000,44884,0.11221,151888,0.37972
-40.4,1.8,400000,44913,0.112282,152558,0.381395
-40.4,2,400000,45127,0.112818,152541,0.381352
-40.4,2.2,400000,44954,0.112385,152384,0.38096
-40.4,2.4,400000,44224,0.11056,151843,0.379607
-40.4,2.6,400000,44750,0.111875,152190,0.380475
-40.4,2.8,400000,44319,0.110797,151471,0.378678
-40.4,3,400000,45078,0.112695,152376,0.38094
-40.4,3.2,400000,45290,0.113225,152471,0.381178
-40.4,3.4,400000,44856,0.11214,152257,0.380642
-40.4,3.6,400000,44494,0.111235,151879,0.379698
-40.4,3.8,400000,44924,0.11231,152019,0.380047
-40.4,4,400000,44778,0.111945,152101,0.380252
-40.4,4.2,400000,45042,0.112605,151846,0.379615
-40.4,4.4,400000,44694,0.111735,151689,0.379223
-40.4,4.6,400000,44426,0.111065,151665,0.379163
-40.4,4.8,400000,44417,0.111043,152486,0.381215
-40.4,5,400000,44575,0.111437,151991,0.379978
-40.4,5.2,400000,44671,0.111677,152097,0.380242
-40.4,5.4,400000,45057,0.112643,151676,0.37919
-40.4,5.6,400000,44405,0.111013,152100,0.38025
-40.4,5.8,400000,45325,0.113312,152044,0.38011
-40.4,6,400000,44880,0.1122,152559,0.381398
-40.4,6.2,400000,45367,0.113418,152711,0.381777
-40.4,6.4,400000,44449,0.111122,151569,0.378922
-40.4,6.6,400000,44645,0.111613,151890,0.379725
-40.4,6.8,400000,44936,0.11234,152274,0.380685
-40.4,7,400000,45105,0.112763,152131,0.380327
-40.4,7.2,400000,45103,0.112757,152167,0.380418
-40.4,7.4,400000,45457,0.113642,152358,0.380895
-40.4,7.6,400000,44951,0.112378,152419,0.381047
-40.4,7.8,400000,44757,0.111893,152559,0.381398
-40.4,8,400000,45102,0.112755,151930,0.379825
-40.4,8.2,400000,45054,0.112635,152611,0.381528
-40.4,8.4,400000,44993,0.112482,152455,0.381138
-40.4,8.6,400000,44461,0.111153,152434,0.381085
-40.4,8.8,400000,44801,0.112003,152196,0.38049
-40.4,9,400000,44877,0.112193,151959,0.379897
-40.4,9.2,400000,44704,0.11176,152217,0.380543
-40.4,9.4,400000,44756,0.11189,152210,0.380525
-40.4,9.6,400000,45182,0.112955,152618,0.381545
-40.4,9.8,400000,44955,0.112388,152658,0.381645
-40.4,10,400000,45063,0.112657,151714,0.379285
-40.4,10.2,400000,44234,0.110585,152135,0.380337
-40.4,10.4,400000,44634,0.111585,151814,0.379535
-40.4,10.6,400000,44794,0.111985,152402,0.381005
-40.4,10.8,400000,45014,0.112535,151759,0.379397
-40.4,11,400000,45039,0.112598,152375,0.380937
-40.4,11.2,400000,44801,0.112003,152549,0.381373
-40.4,11.4,400000,44200,0.1105,151216,0.37804
-40.4,11.6,400000,44926,0.112315,152104,0.38026
-40.4,11.8,400000,44809,0.112022,152164,0.38041
-40.4,12,400000,44602,0.111505,151577,0.378943
-40.4,12.2,400000,44385,0.110963,151460,0.37865
-40.4,12.4,400000,45255,0.113138,152201,0.380503
-40.4,12.6,400000,44664,0.11166,151753,0.379383
-40.4,12.8,400000,45070,0.112675,151774,0.379435
-40.4,13,400000,45131,0.112827,152066,0.380165
-40.4,13.2,400000,44963,0.112407,152572,0.38143
-40.4,13.4,400000,44337,0.110842,151813,0.379532
-40.4,13.6,400000,44869,0.112172,151265,0.378163
-40.4,13.8,400000,44672,0.11168,151524,0.37881
-40.4,14,400000,44928,0.11232,151793,0.379483
-40.4,14.2,400000,44417,0.111043,152284,0.38071
-40.4,14.4,400000,44772,0.11193,151788,0.37947
-40.4,14.6,400000,44778,0.111945,152327,0.380817
-40.4,14.8,400000,44631,0.111577,151927,0.379817
-40.4,15,400000,44804,0.11201,152071,0.380178
-40.4,15.2,400000,44424,0.11106,151855,0.379638
-40.4,15.4,400000,44215,0.110537,152046,0.380115
-40.4,15.6,400000,44590,0.111475,152408,0.38102
-40.4,15.8,400000,44476,0.11119,152368,0.38092
-40.4,16,400000,45217,0.113043,152587,0.381468
-40.4,16.2,400000,44595,0.111488,152087,0.380217
-40.4,16.4,400000,45225,0.113062,152955,0.382387
-40.4,16.6,400000,45006,0.112515,151772,0.37943
-40.4,16.8,400000,45067,0.112668,152231,0.380578
-40.4,17,400000,45293,0.113232,152452,0.38113
-40.4,17.2,400000,44678,0.111695,151869,0.379673
-40.4,17.4,400000,45153,0.112882,152078,0.380195
-40.4,17.6,400000,44813,0.112032,152380,0.38095
-40.4,17.8,400000,45072,0.11268,152742,0.381855
-40.4,18,400000,45048,0.11262,152005,0.380012
-40.4,18.2,400000,44854,0.112135,151996,0.37999
-40.4,18.4,400000,44941,0.112352,151870,0.379675
-40.4,18.6,400000,44566,0.111415,151908,0.37977
-40.4,18.8,400000,44665,0.111662,152530,0.381325
-40.4,19,400000,44145,0.110363,152104,0.38026
-40.4,19.2,400000,45081,0.112702,152654,0.381635
-40.4,19.4,400000,45129,0.112823,151707,0.379267
-40.4,19.6,400000,44763,0.111907,151499,0.378748
-40.4,19.8,400000,44922,0.112305,152251,0.380628
-40.4,20,400000,44708,0.11177,152760,0.3819
-40.4,20.2,400000,44554,0.111385,152085,0.380213
-40.4,20.4,400000,44279,0.110698,151742,0.379355
-40.4,20.6,400000,44671,0.111677,151660,0.37915
-40.4,20.8,400000,44756,0.11189,151631,0.379078
-40.4,21,400000,44856,0.11214,152925,0.382312
-40.4,21.2,400000,44667,0.111668,152405,0.381012
-40.4,21.4,400000,44610,0.111525,152589,0.381472
-40.4,21.6,400000,44679,0.111698,152126,0.380315
-40.4,21.8,400000,45046,0.112615,151750,0.379375
-40.4,22,400000,44863,0.112157,152014,0.380035
-40.4,22.2,400000,44468,0.11117,152320,0.3808
-40.4,22.4,400000,45026,0.112565,152450,0.381125
-40.4,22.6,400000,45010,0.112525,151695,0.379238
-40.4,22.8,400000,44778,0.111945,152242,0.380605
-40.4,23,400000,45702,0.114255,152996,0.38249
-40.4,23.2,400000,44656,0.11164,152043,0.380107
-40.4,23.4,400000,44474,0.111185,152017,0.380043
-40.4,23.6,400000,44688,0.11172,152508,0.38127
-40.4,23.8,400000,45143,0.112857,152273,0.380682
-40.4,24,400000,44745,0.111863,152142,0.380355
-40.4,24.2,400000,44684,0.11171,152073,0.380182
-40.4,24.4,400000,45137,0.112842,151974,0.379935
-40.4,24.6,400000,44747,0.111867,151736,0.37934
-40.4,24.8,400000,45107,0.112768,152213,0.380532
-40.4,25,400000,45336,0.11334,152513,0.381283
-40.4,25.2,400000,44574,0.111435,151737,0.379343
-40.4,25.4,400000,44895,0.112238,152261,0.380653
-40.4,25.6,400000,44852,0.11213,152525,0.381312
-40.4,25.8,400000,44581,0.111452,152511,0.381277
-40.4,26,400000,44308,0.11077,151477,0.378692
-40.4,26.2,400000,44774,0.111935,151994,0.379985
-40.4,26.4,400000,44838,0.112095,151515,0.378787
-40.4,26.6,400000,44614,0.111535,151987,0.379968
-40.4,26.8,400000,45068,0.11267,151936,0.37984
-40.4,27,400000,45057,0.112643,152168,0.38042
-40.4,27.2,400000,44735,0.111838,152072,0.38018
-40.4,27.4,400000,44871,0.112177,152597,0.381493
-40.4,27.6,400000,44603,0.111507,152091,0.380227
-40.4,27.8,400000,44625,0.111562,151283,0.378207
-40.4,28,400000,45285,0.113212,152317,0.380792
-40.4,28.2,400000,45273,0.113183,152014,0.380035
-40.4,28.4,400000,45201,0.113003,152129,0.380323
-40.4,28.6,400000,45222,0.113055,151366,0.378415
-40.4,28.8,400000,45248,0.11312,152048,0.38012
-40.4,29,400000,45087,0.112717,152913,0.382283
-40.4,29.2,400000,45059,0.112647,151616,0.37904
-40.4,29.4,400000,44351,0.110878,151566,0.378915
-40.4,29.6,400000,45049,0.112623,152708,0.38177
-40.4,29.8,400000,45295,0.113238,152105,0.380263
-40.4,30,400000,45036,0.11259,152632,0.38158
-40.4,30.2,400000,44825,0.112062,152266,0.380665
-40.4,30.4,400000,44949,0.112373,152003,0.380007
-40.4,30.6,400000,45457,0.113642,152341,0.380852
-40.4,30.8,400000,45048,0.11262,151552,0.37888
-40.4,31,400000,44856,0.11214,152100,0.38025
-40.4,31.2,400000,45232,0.11308,152260,0.38065
-40.4,31.4,400000,44626,0.111565,152065,0.380163
-40.4,31.6,400000,45086,0.112715,152179,0.380447
-40.4,31.8,400000,44696,0.11174,152166,0.380415
-40.4,32,400000,44590,0.111475,152183,0.380458
-40.4,32.2,400000,44174,0.110435,151984,0.37996
-40.4,32.4,400000,45005,0.112513,152634,0.381585
-40.4,32.6,400000,45137,0.112842,151982,0.379955
-40.4,32.8,400000,44177,0.110442,151357,0.378393
-40.4,33,400000,45123,0.112808,151974,0.379935
-40.4,33.2,400000,44820,0.11205,152485,0.381213
-40.4,33.4,400000,44396,0.11099,152331,0.380827
-40.4,33.6,400000,44208,0.11052,151577,0.378943
-40.4,33.8,400000,44633,0.111583,151586,0.378965
-40.4,34,400000,44687,0.111717,151965,0.379912
-40.4,34.2,400000,44792,0.11198,151892,0.37973
-40.4,34.4,400000,44757,0.111893,151966,0.379915
-40.4,34.6,400000,44246,0.110615,151345,0.378362
-40.4,34.8,400000,44945,0.112363,152242,0.380605
-40.4,35,400000,45224,0.11306,151863,0.379657
-40.4,35.2,400000,44801,0.112003,152369,0.380922
-40.4,35.4,400000,44950,0.112375,152280,0.3807
-40.4,35.6,400000,44876,0.11219,152359,0.380897
-40.4,35.8,400000,44554,0.111385,152096,0.38024
-40.4,36,400000,45142,0.112855,152496,0.38124
-40.4,36.2,400000,45042,0.112605,152383,0.380958
-40.4,36.4,400000,44532,0.11133,152173,0.380433
-40.4,36.6,400000,44618,0.111545,151914,0.379785
-40.4,36.8,400000,44833,0.112083,151821,0.379553
-40.4,37,400000,44845,0.112113,152278,0.380695
-40.4,37.2,400000,44835,0.112088,152626,0.381565
-40.4,37.4,400000,45193,0.112982,151929,0.379823
-40.4,37.6,400000,44890,0.112225,151431,0.378578
-40.4,37.8,400000,44340,0.11085,151916,0.37979
-40.4,38,400000,45231,0.113077,152196,0.38049
-40.4,38.2,400000,44699,0.111747,151867,0.379667
-40.4,38.4,400000,45266,0.113165,152183,0.380458
-40.4,38.6,400000,45145,0.112863,151895,0.379738
-40.4,38.8,400000,44749,0.111872,151708,0.37927
-40.4,39,400000,44367,0.110918,151841,0.379603
-40.4,39.2,400000,45166,0.112915,152685,0.381713
-40.4,39.4,400000,44696,0.11174,151544,0.37886
-40.4,39.6,400000,44840,0.1121,151922,0.379805
-40.4,39.8,400000,44421,0.111052,151458,0.378645
-40.4,40,400000,44398,0.110995,151963,0.379908
-40.4,40.2,400000,44886,0.112215,152539,0.381348
-40.4,40.4,400000,45307,0.113267,152013,0.380032
-40.4,40.6,400000,44762,0.111905,151902,0.379755
-40.4,40.8,400000,45540,0.11385,152813,0.382032
-40.4,41,400000,44762,0.111905,152158,0.380395
-40.4,41.2,400000,44875,0.112187,152340,0.38085
-40.4,41.4,400000,45407,0.113517,152301,0.380752
-40.4,41.6,400000,45269,0.113172,153370,0.383425
-40.4,41.8,400000,44513,0.111283,151749,0.379373
-40.4,42,400000,44971,0.112427,152221,0.380553
-40.4,42.2,400000,45225,0.113062,152369,0.380922
-40.4,42.4,400000,45055,0.112638,152054,0.380135
-40.4,42.6,400000,44844,0.11211,152205,0.380512
-40.4,42.8,400000,45161,0.112903,152243,0.380607
-40.4,43,400000,44740,0.11185,151739,0.379348
-40.4,43.2,400000,44810,0.112025,151863,0.379657
-40.4,43.4,400000,44620,0.11155,151703,0.379258
-40.4,43.6,400000,44552,0.11138,152039,0.380097
-40.4,43.8,400000,45214,0.113035,152812,0.38203
-40.4,44,400000,44595,0.111488,151672,0.37918
-40.4,44.2,400000,44732,0.11183,151905,0.379763
-40.4,44.4,400000,44765,0.111912,152221,0.380553
-40.4,44.6,400000,45155,0.112888,152134,0.380335
-40.4,44.8,400000,44595,0.111488,151329,0.378323
-40.4,45,400000,44781,0.111952,152143,0.380358
-40.4,45.2,400000,45177,0.112943,152333,0.380833
-40.4,45.4,400000,44837,0.112092,152735,0.381837
-40.4,45.6,400000,45201,0.113003,152485,0.381213
-40.4,45.8,400000,44760,0.1119,152303,0.380758
-40.4,46,400000,45001,0.112503,152099,0.380248
-40.4,46.2,400000,44446,0.111115,152360,0.3809
-40.4,46.4,400000,44808,0.11202,152260,0.38065
-40.4,46.6,400000,44703,0.111757,151905,0.379763
-40.4,46.8,400000,44982,0.112455,152325,0.380812
-40.4,47,400000,44393,0.110982,151585,0.378962
-40.4,47.2,400000,45062,0.112655,152177,0.380443
-40.4,47.4,400000,45262,0.113155,151799,0.379497
-40.4,47.6,400000,44902,0.112255,152170,0.380425
-40.4,47.8,400000,45310,0.113275,152132,0.38033
-40.4,48,400000,45415,0.113537,152210,0.380525
-40.4,48.2,400000,45353,0.113382,152057,0.380142
-40.4,48.4,400000,45113,0.112782,151530,0.378825
-40.4,48.6,400000,44280,0.1107,152283,0.380707
-40.4,48.8,400000,45014,0.112535,151800,0.3795
-40.4,49,400000,44890,0.112225,151763,0.379408
-40.4,49.2,400000,44902,0.112255,151592,0.37898
-40.4,49.4,400000,44959,0.112397,152040,0.3801
-40.4,49.6,400000,44822,0.112055,151982,0.379955
-40.4,49.8,400000,45098,0.112745,152400,0.381
-40.4,50,400000,43692,0.10923,151755,0.379387
-40.2,-50,400000,44911,0.112278,151912,0.37978
-40.2,-49.8,400000,44563,0.111408,151784,0.37946
-40.2,-49.6,400000,45160,0.1129,152344,0.38086
-40.2,-49.4,400000,44260,0.11065,151752,0.37938
-40.2,-49.2,400000,44788,0.11197,151859,0.379648
-40.2,-49,400000,44671,0.111677,151513,0.378783
-40.2,-48.8,400000,45046,0.112615,152224,0.38056
-40.2,-48.6,400000,44900,0.11225,151916,0.37979
-40.2,-48.4,400000,45319,0.113297,152217,0.380543
-40.2,-48.2,400000,44730,0.111825,151578,0.378945
-40.2,-48,400000,44514,0.111285,152089,0.380223
-40.2,-47.8,400000,45181,0.112952,151912,0.37978
-40.2,-47.6,400000,45326,0.113315,152567,0.381418
-40.2,-47.4,400000,45118,0.112795,152306,0.380765
-40.2,-47.2,400000,44816,0.11204,152386,0.380965
-40.2,-47,400000,44780,0.11195,152558,0.381395
-40.2,-46.8,400000,44900,0.11225,151841,0.379603
-40.2,-46.6,400000,44902,0.112255,152185,0.380462
-40.2,-46.4,400000,44512,0.11128,152103,0.380258
-40.2,-46.2,400000,44688,0.11172,152016,0.38004
-40.2,-46,400000,45037,0.112592,151888,0.37972
-40.2,-45.8,400000,44674,0.111685,151776,0.37944
-40.2,-45.6,400000,44517,0.111293,152265,0.380663
-40.2,-45.4,400000,45264,0.11316,152211,0.380528
-40.2,-45.2,400000,44874,0.112185,151221,0.378053
-40.2,-45,400000,44993,0.112482,151755,0.379387
-40.2,-44.8,400000,44922,0.112305,152233,0.380582
-40.2,-44.6,400000,44609,0.111522,151265,0.378163
-40.2,-44.4,400000,44851,0.112128,151669,0.379173
-40.2,-44.2,400000,44383,0.110958,152142,0.380355
-40.2,-44,400000,44746,0.111865,152238,0.380595
-40.2,-43.8,400000,44513,0.111283,152024,0.38006
-40.2,-43.6,400000,44983,0.112458,151931,0.379827
-40.2,-43.4,400000,44942,0.112355,151742,0.379355
-40.2,-43.2,400000,44816,0.11204,152491,0.381227
-40.2,-43,400000,44803,0.112007,151524,0.37881
-40.2,-42.8,400000,44533,0.111333,151815,0.379538
-40.2,-42.6,400000,45061,0.112653,152579,0.381447
-40.2,-42.4,400000,44396,0.11099,151991,0.379978
-40.2,-42.2,400000,44568,0.11142,151727,0.379317
-40.2,-42,400000,44602,0.111505,151985,0.379962
-40.2,-41.8,400000,44956,0.11239,151853,0.379632
-40.2,-41.6,400000,44686,0.111715,152024,0.38006
-40.2,-41.4,400000,45611,0.114028,152692,0.38173
-40.2,-41.2,400000,44853,0.112132,151965,0.379912
-40.2,-41,400000,44660,0.11165,151561,0.378902
-40.2,-40.8,400000,44746,0.111865,151538,0.378845
-40.2,-40.6,400000,44663,0.111658,152121,0.380302
-40.2,-40.4,400000,44938,0.112345,152172,0.38043
-40.2,-40.2,400000,44654,0.111635,151850,0.379625
-40.2,-40,400000,44585,0.111463,151931,0.379827
-40.2,-39.8,400000,45444,0.11361,151872,0.37968
-40.2,-39.6,400000,44429,0.111073,151757,0.379393
-40.2,-39.4,400000,44513,0.111283,152044,0.38011
-40.2,-39.2,400000,45524,0.11381,151857,0.379642
-40.2,-39,400000,44508,0.11127,152499,0.381248
-40.2,-38.8,400000,45185,0.112962,152510,0.381275
-40.2,-38.6,400000,44874,0.112185,152047,0.380117
-40.2,-38.4,400000,44650,0.111625,152300,0.38075
-40.2,-38.2,400000,44678,0.111695,151633,0.379082
-40.2,-38,400000,44713,0.111783,152233,0.380582
-40.2,-37.8,400000,44668,0.11167,152596,0.38149
-40.2,-37.6,400000,44714,0.111785,151036,0.37759
-40.2,-37.4,400000,44381,0.110952,152795,0.381987
-40.2,-37.2,400000,44842,0.112105,152253,0.380632
-40.2,-37,400000,44861,0.112153,152205,0.380512
-40.2,-36.8,400000,44299,0.110747,151799,0.379497
-40.2,-36.6,400000,44592,0.11148,152123,0.380308
-40.2,-36.4,400000,45108,0.11277,151777,0.379443
-40.2,-36.2,400000,44870,0.112175,152333,0.380833
-40.2,-36,400000,44428,0.11107,151982,0.379955
-40.2,-35.8,400000,44774,0.111935,151619,0.379047
-40.2,-35.6,400000,45073,0.112683,151980,0.37995
-40.2,-35.4,400000,44985,0.112463,151761,0.379402
-40.2,-35.2,400000,44831,0.112077,152159,0.380397
-40.2,-35,400000,44702,0.111755,151946,0.379865
-40.2,-34.8,400000,44897,0.112242,152050,0.380125
-40.2,-34.6,400000,44921,0.112302,152073,0.380182
-40.2,-34.4,400000,45318,0.113295,151964,0.37991
-40.2,-34.2,400000,44954,0.112385,151535,0.378837
-40.2,-34,400000,44500,0.11125,151857,0.379642
-40.2,-33.8,400000,45726,0.114315,152829,0.382072
-40.2,-33.6,400000,44738,0.111845,152438,0.381095
-40.2,-33.4,400000,45060,0.11265,152262,0.380655
-40.2,-33.2,400000,45216,0.11304,152491,0.381227
-40.2,-33,400000,44775,0.111937,152187,0.380468
-40.2,-32.8,400000,44324,0.11081,151903,0.379758
-40.2,-32.6,400000,44966,0.112415,152320,0.3808
-40.2,-32.4,400000,44682,0.111705,151474,0.378685
-40.2,-32.2,400000,44831,0.112077,152405,0.381012
-40.2,-32,400000,44418,0.111045,152154,0.380385
-40.2,-31.8,400000,44702,0.111755,151875,0.379688
-40.2,-31.6,400000,45704,0.11426,152624,0.38156
-40.2,-31.4,400000,44830,0.112075,152273,0.380682
-40.2,-31.2,400000,44627,0.111568,151909,0.379773
-40.2,-31,400000,44887,0.112217,151802,0.379505
-40.2,-30.8,400000,45015,0.112537,152744,0.38186
-40.2,-30.6,400000,44961,0.112403,151880,0.3797
-40.2,-30.4,400000,44820,0.11205,151746,0.379365
-40.2,-30.2,400000,44801,0.112003,152118,0.380295
-40.2,-30,400000,44988,0.11247,152034,0.380085
-40.2,-29.8,400000,44833,0.112083,151695,0.379238
-40.2,-29.6,400000,45217,0.113043,152521,0.381302
-40.2,-29.4,400000,44411,0.111028,152207,0.380518
-40.2,-29.2,400000,44858,0.112145,152345,0.380862
-40.2,-29,400000,44854,0.112135,151819,0.379547
-40.2,-28.8,400000,45076,0.11269,151661,0.379153
-40.2,-28.6,400000,44911,0.112278,152001,0.380003
-40.2,-28.4,400000,45349,0.113373,152509,0.381273
-40.2,-28.2,400000,45035,0.112587,151977,0.379943
-40.2,-28,400000,45372,0.11343,152337,0.380842
-40.2,-27.8,400000,44934,0.112335,151630,0.379075
-40.2,-27.6,400000,45095,0.112738,152244,0.38061
-40.2,-27.4,400000,44712,0.11178,152148,0.38037
-40.2,-27.2,400000,45081,0.112702,152474,0.381185
-40.2,-27,400000,44426,0.111065,152573,0.381433
-40.2,-26.8,400000,44993,0.112482,152026,0.380065
-40.2,-26.6,400000,44651,0.111628,151510,0.378775
-40.2,-26.4,400000,45237,0.113092,152504,0.38126
-40.2,-26.2,400000,44287,0.110717,151144,0.37786
-40.2,-26,400000,44799,0.111997,152212,0.38053
-40.2,-25.8,400000,45161,0.112903,152057,0.380142
-40.2,-25.6,400000,44732,0.11183,151757,0.379393
-40.2,-25.4,400000,44993,0.112482,152070,0.380175
-40.2,-25.2,400000,45111,0.112778,152475,0.381188
-40.2,-25,400000,45108,0.11277,152198,0.380495
-40.2,-24.8,400000,45071,0.112677,151755,0.379387
-40.2,-24.6,400000,45007,0.112518,151803,0.379507
-40.2,-24.4,400000,44538,0.111345,151784,0.37946
-40.2,-24.2,400000,45077,0.112693,152379,0.380947
-40.2,-24,400000,44921,0.112302,152228,0.38057
-40.2,-23.8,400000,45102,0.112755,151989,0.379972
-40.2,-23.6,400000,44561,0.111403,151413,0.378532
-40.2,-23.4,400000,44743,0.111857,151961,0.379902
-40.2,-23.2,400000,45126,0.112815,152110,0.380275
-40.2,-23,400000,44602,0.111505,151724,0.37931
-40.2,-22.8,400000,44626,0.111565,152099,0.380248
-40.2,-22.6,400000,45052,0.11263,152374,0.380935
-40.2,-22.4,400000,45173,0.112933,152366,0.380915
-40.2,-22.2,400000,44697,0.111742,152199,0.380497
-40.2,-22,400000,44813,0.112032,151358,0.378395
-40.2,-21.8,400000,44622,0.111555,151724,0.37931
-40.2,-21.6,400000,44741,0.111852,151920,0.3798
-40.2,-21.4,400000,44806,0.112015,151939,0.379848
-40.2,-21.2,400000,44512,0.11128,152041,0.380103
-40.2,-21,400000,44906,0.112265,151801,0.379503
-40.2,-20.8,400000,44800,0.112,152064,0.38016
-40.2,-20.6,400000,44867,0.112168,151963,0.379908
-40.2,-20.4,400000,44398,0.110995,151808,0.37952
-40.2,-20.2,400000,44786,0.111965,152225,0.380563
-40.2,-20,400000,44764,0.11191,151639,0.379097
-40.2,-19.8,400000,44845,0.112113,152247,0.380617
-40.2,-19.6,400000,44871,0.112177,151828,0.37957
-40.2,-19.4,400000,44733,0.111833,152459,0.381147
-40.2,-19.2,400000,44794,0.111985,152403,0.381007
-40.2,-19,400000,44777,0.111943,151416,0.37854
-40.2,-18.8,400000,44777,0.111943,151960,0.3799
-40.2,-18.6,400000,44610,0.111525,152330,0.380825
-40.2,-18.4,400000,45221,0.113053,152074,0.380185
-40.2,-18.2,400000,45494,0.113735,152164,0.38041
-40.2,-18,400000,44423,0.111058,151786,0.379465
-40.2,-17.8,400000,44389,0.110973,151931,0.379827
-40.2,-17.6,400000,44737,0.111842,151896,0.37974
-40.2,-17.4,400000,45147,0.112867,152407,0.381018
-40.2,-17.2,400000,44983,0.112458,152641,0.381603
-40.2,-17,400000,44890,0.112225,151456,0.37864
-40.2,-16.8,400000,44469,0.111172,151839,0.379597
-40.2,-16.6,400000,44994,0.112485,152299,0.380748
-40.2,-16.4,400000,44489,0.111223,151717,0.379292
-40.2,-16.2,400000,44645,0.111613,151416,0.37854
-40.2,-16,400000,45059,0.112647,152588,0.38147
-40.2,-15.8,400000,44855,0.112138,151766,0.379415
-40.2,-15.6,400000,44858,0.112145,151996,0.37999
-40.2,-15.4,400000,44894,0.112235,151967,0.379918
-40.2,-15.2,400000,44705,0.111763,152087,0.380217
-40.2,-15,400000,44891,0.112227,152286,0.380715
-40.2,-14.8,400000,44223,0.110558,152180,0.38045
-40.2,-14.6,400000,45007,0.112518,152148,0.38037
-40.2,-14.4,400000,44805,0.112013,152305,0.380763
-40.2,-14.2,400000,44852,0.11213,152212,0.38053
-40.2,-14,400000,45239,0.113098,151989,0.379972
-40.2,-13.8,400000,45031,0.112577,152685,0.381713
-40.2,-13.6,400000,44511,0.111278,151729,0.379323
-40.2,-13.4,400000,45029,0.112573,151561,0.378902
-40.2,-13.2,400000,45017,0.112543,151600,0.379
-40.2,-13,400000,44863,0.112157,151536,0.37884
-40.2,-12.8,400000,44680,0.1117,151625,0.379063
-40.2,-12.6,400000,44768,0.11192,151988,0.37997
-40.2,-12.4,400000,44961,0.112403,152304,0.38076
-40.2,-12.2,400000,44558,0.111395,152193,0.380483
-40.2,-12,400000,44980,0.11245,152194,0.380485
-40.2,-11.8,400000,45030,0.112575,151843,0.379607
-40.2,-11.6,400000,44571,0.111427,152046,0.380115
-40.2,-11.4,400000,44311,0.110778,151725,0.379312
-40.2,-11.2,400000,45308,0.11327,152898,0.382245
-40.2,-11,400000,44812,0.11203,152545,0.381362
-40.2,-10.8,400000,44612,0.11153,152084,0.38021
-40.2,-10.6,400000,44617,0.111543,152059,0.380148
-40.2,-10.4,400000,44506,0.111265,152003,0.380007
-40.2,-10.2,400000,44358,0.110895,151700,0.37925
-40.2,-10,400000,45060,0.11265,152117,0.380292
-40.2,-9.8,400000,45209,0.113022,152490,0.381225
-40.2,-9.6,400000,45015,0.112537,151739,0.379348
-40.2,-9.4,400000,44939,0.112348,151866,0.379665
-40.2,-9.2,400000,44557,0.111393,152239,0.380597
-40.2,-9,400000,45470,0.113675,152131,0.380327
-40.2,-8.8,400000,44980,0.11245,152527,0.381317
-40.2,-8.6,400000,44766,0.111915,151954,0.379885
-40.2,-8.4,400000,44610,0.111525,151587,0.378968
-40.2,-8.2,400000,44775,0.111937,151852,0.37963
-40.2,-8,400000,45174,0.112935,152461,0.381153
-40.2,-7.8,400000,45133,0.112833,151770,0.379425
-40.2,-7.6,400000,44377,0.110942,152038,0.380095
-40.2,-7.4,400000,44019,0.110048,151866,0.379665
-40.2,-7.2,400000,44558,0.111395,151843,0.379607
-40.2,-7,400000,44943,0.112357,152933,0.382333
-40.2,-6.8,400000,44749,0.111872,152467,0.381167
-40.2,-6.6,400000,44887,0.112217,152505,0.381263
-40.2,-6.4,400000,44854,0.112135,152435,0.381088
-40.2,-6.2,400000,44557,0.111393,151154,0.377885
-40.2,-6,400000,44352,0.11088,151639,0.379097
-40.2,-5.8,400000,44947,0.112367,152299,0.380748
-40.2,-5.6,400000,45106,0.112765,151907,0.379767
-40.2,-5.4,400000,44585,0.111463,152018,0.380045
-40.2,-5.2,400000,45082,0.112705,152209,0.380522
-40.2,-5,400000,45047,0.112617,151964,0.37991
-40.2,-4.8,400000,44717,0.111793,151985,0.379962
-40.2,-4.6,400000,44511,0.111278,151045,0.377613
-40.2,-4.4,400000,44494,0.111235,152345,0.380862
-40.2,-4.2,400000,44700,0.11175,151852,0.37963
-40.2,-4,400000,44441,0.111103,152315,0.380788
-40.2,-3.8,400000,44665,0.111662,151964,0.37991
-40.2,-3.6,400000,45017,0.112543,152210,0.380525
-40.2,-3.4,400000,44804,0.11201,151965,0.379912
-40.2,-3.2,400000,45172,0.11293,151739,0.379348
-40.2,-3,400000,44988,0.11247,152625,0.381563
-40.2,-2.8,400000,44471,0.111177,152040,0.3801
-40.2,-2.6,400000,45001,0.112503,152483,0.381207
-40.2,-2.4,400000,44825,0.112062,151471,0.378678
-40.2,-2.2,400000,44414,0.111035,151542,0.378855
-40.2,-2,400000,44786,0.111965,152174,0.380435
-40.2,-1.8,400000,45044,0.11261,152202,0.380505
-40.2,-1.6,400000,45471,0.113678,152460,0.38115
-40.2,-1.4,400000,44909,0.112272,152282,0.380705
-40.2,-1.2,400000,45228,0.11307,152282,0.380705
-40.2,-1,400000,45446,0.113615,152042,0.380105
-40.2,-0.8,400000,44748,0.11187,151573,0.378933
-40.2,-0.6,400000,44966,0.112415,152197,0.380493
-40.2,-0.4,400000,44916,0.11229,151929,0.379823
-40.2,-0.2,400000,44682,0.111705,152413,0.381032
-40.2,0,400000,44486,0.111215,151803,0.379507
-40.2,0.2,400000,45168,0.11292,152004,0.38001
-40.2,0.4,400000,44479,0.111198,152142,0.380355
-40.2,0.6,400000,44859,0.112147,152530,0.381325
-40.2,0.8,400000,44615,0.111537,152127,0.380317
-40.2,1,400000,45035,0.112587,151771,0.379427
-40.2,1.2,400000,44814,0.112035,152446,0.381115
-40.2,1.4,400000,44942,0.112355,151926,0.379815
-40.2,1.6,400000,45324,0.11331,152561,0.381402
-40.2,1.8,400000,44865,0.112162,152092,0.38023
-40.2,2,400000,44304,0.11076,151292,0.37823
-40.2,2.2,400000,44308,0.11077,152186,0.380465
-40.2,2.4,400000,44381,0.110952,151583,0.378958
-40.2,2.6,400000,44477,0.111192,151438,0.378595
-40.2,2.8,400000,44987,0.112467,152279,0.380698
-40.2,3,400000,44998,0.112495,152585,0.381462
-40.2,3.2,400000,44812,0.11203,151534,0.378835
-40.2,3.4,400000,44999,0.112498,152156,0.38039
-40.2,3.6,400000,44826,0.112065,152328,0.38082
-40.2,3.8,400000,44747,0.111867,151952,0.37988
-40.2,4,400000,44832,0.11208,152410,0.381025
-40.2,4.2,400000,44996,0.11249,152532,0.38133
-40.2,4.4,400000,44790,0.111975,151393,0.378482
-40.2,4.6,400000,45304,0.11326,152374,0.380935
-40.2,4.8,400000,44795,0.111988,152199,0.380497
-40.2,5,400000,44664,0.11166,151901,0.379752
-40.2,5.2,400000,44497,0.111242,151609,0.379022
-40.2,5.4,400000,45036,0.11259,152291,0.380727
-40.2,5.6,400000,45374,0.113435,152004,0.38001
-40.2,5.8,400000,44918,0.112295,152400,0.381
-40.2,6,400000,44774,0.111935,151914,0.379785
-40.2,6.2,400000,44556,0.11139,152290,0.380725
-40.2,6.4,400000,44994,0.112485,152438,0.381095
-40.2,6.6,400000,44759,0.111897,152165,0.380412
-40.2,6.8,400000,44804,0.11201,151847,0.379617
-40.2,7,400000,44459,0.111147,151715,0.379287
-40.2,7.2,400000,44404,0.11101,151535,0.378837
-40.2,7.4,400000,44884,0.11221,152397,0.380993
-40.2,7.6,400000,45344,0.11336,152469,0.381173
-40.2,7.8,400000,44808,0.11202,151997,0.379993
-40.2,8,400000,44705,0.111763,151605,0.379012
-40.2,8.2,400000,45212,0.11303,152080,0.3802
-40.2,8.4,400000,44956,0.11239,152324,0.38081
-40.2,8.6,400000,44871,0.112177,152460,0.38115
-40.2,8.8,400000,45299,0.113248,152316,0.38079
-40.2,9,400000,44971,0.112427,151817,0.379543
-40.2,9.2,400000,45049,0.112623,152286,0.380715
-40.2,9.4,400000,44981,0.112452,152533,0.381333
-40.2,9.6,400000,44945,0.112363,152023,0.380057
-40.2,9.8,400000,44186,0.110465,151989,0.379972
-40.2,10,400000,44938,0.112345,152138,0.380345
-40.2,10.2,400000,45167,0.112918,152184,0.38046
-40.2,10.4,400000,45189,0.112973,152296,0.38074
-40.2,10.6,400000,44909,0.112272,151844,0.37961
-40.2,10.8,400000,45074,0.112685,152295,0.380738
-40.2,11,400000,44947,0.112367,151408,0.37852
-40.2,11.2,400000,44665,0.111662,151706,0.379265
-40.2,11.4,400000,44814,0.112035,151981,0.379953
-40.2,11.6,400000,44980,0.11245,152027,0.380068
-40.2,11.8,400000,44702,0.111755,151899,0.379748
-40.2,12,400000,45208,0.11302,151855,0.379638
-40.2,12.2,400000,44373,0.110933,151171,0.377928
-40.2,12.4,400000,44904,0.11226,152127,0.380317
-40.2,12.6,400000,45159,0.112897,151999,0.379997
-40.2,12.8,400000,44730,0.111825,151934,0.379835
-40.2,13,400000,44585,0.111463,152298,0.380745
-40.2,13.2,400000,45269,0.113172,152493,0.381232
-40.2,13.4,400000,44948,0.11237,151967,0.379918
-40.2,13.6,400000,44833,0.112083,151617,0.379043
-40.2,13.8,400000,44948,0.11237,152368,0.38092
-40.2,14,400000,44801,0.112003,152520,0.3813
-40.2,14.2,400000,45120,0.1128,152410,0.381025
-40.2,14.4,400000,44509,0.111272,151595,0.378987
-40.2,14.6,400000,44760,0.1119,151643,0.379107
-40.2,14.8,400000,45246,0.113115,152265,0.380663
-40.2,15,400000,44927,0.112318,152667,0.381667
-40.2,15.2,400000,44857,0.112143,152240,0.3806
-40.2,15.4,400000,44725,0.111812,151663,0.379157
-40.2,15.6,400000,45096,0.11274,151816,0.37954
-40.2,15.8,400000,44838,0.112095,151535,0.378837
-40.2,16,400000,44563,0.111408,151933,0.379833
-40.2,16.2,400000,44465,0.111162,151703,0.379258
-40.2,16.4,400000,44573,0.111433,152359,0.380897
-40.2,16.6,400000,44720,0.1118,151747,0.379368
-40.2,16.8,400000,44995,0.112488,151521,0.378802
-40.2,17,400000,44973,0.112433,152236,0.38059
-40.2,17.2,400000,44891,0.112227,152280,0.3807
-40.2,17.4,400000,44923,0.112308,151910,0.379775
-40.2,17.6,400000,44749,0.111872,151539,0.378848
-40.2,17.8,400000,44559,0.111397,151877,0.379692
-40.2,18,400000,44705,0.111763,151996,0.37999
-40.2,18.2,400000,44376,0.11094,151967,0.379918
-40.2,18.4,400000,44721,0.111802,152202,0.380505
-40.2,18.6,400000,44815,0.112037,152246,0.380615
-40.2,18.8,400000,45023,0.112558,152151,0.380377
-40.2,19,400000,44324,0.11081,151891,0.379727
-40.2,19.2,400000,45607,0.114017,152564,0.38141
-40.2,19.4,400000,44919,0.112297,152526,0.381315
-40.2,19.6,400000,44519,0.111297,152022,0.380055
-40.2,19.8,400000,45192,0.11298,152435,0.381088
-40.2,20,400000,44878,0.112195,152527,0.381317
-40.2,20.2,400000,45060,0.11265,152082,0.380205
-40.2,20.4,400000,44817,0.112043,152229,0.380572
-40.2,20.6,400000,45196,0.11299,152308,0.38077
-40.2,20.8,400000,45234,0.113085,152255,0.380638
-40.2,21,400000,44565,0.111412,151603,0.379007
-40.2,21.2,400000,45035,0.112587,151895,0.379738
-40.2,21.4,400000,44537,0.111342,151621,0.379053
-40.2,21.6,400000,45070,0.112675,152220,0.38055
-40.2,21.8,400000,45045,0.112613,152319,0.380798
-40.2,22,400000,45217,0.113043,152718,0.381795
-40.2,22.2,400000,44879,0.112198,151553,0.378883
-40.2,22.4,400000,44933,0.112333,152182,0.380455
-40.2,22.6,400000,44657,0.111643,152368,0.38092
-40.2,22.8,400000,45350,0.113375,152712,0.38178
-40.2,23,400000,44769,0.111922,152150,0.380375
-40.2,23.2,400000,44492,0.11123,151895,0.379738
-40.2,23.4,400000,44986,0.112465,152667,0.381667
-40.2,23.6,400000,44658,0.111645,151986,0.379965
-40.2,23.8,400000,44384,0.11096,151762,0.379405
-40.2,24,400000,44728,0.11182,152219,0.380547
-40.2,24.2,400000,45094,0.112735,152294,0.380735
-40.2,24.4,400000,45203,0.113007,152173,0.380433
-40.2,24.6,400000,45025,0.112562,152721,0.381802
-40.2,24.8,400000,45375,0.113437,151656,0.37914
-40.2,25,400000,44768,0.11192,152276,0.38069
-40.2,25.2,400000,44993,0.112482,151711,0.379277
-40.2,25.4,400000,44565,0.111412,151568,0.37892
-40.2,25.6,400000,44964,0.11241,151791,0.379478
-40.2,25.8,400000,44336,0.11084,151341,0.378352
-40.2,26,400000,44770,0.111925,151919,0.379798
-40.2,26.2,400000,44501,0.111253,151498,0.378745
-40.2,26.4,400000,44887,0.112217,152400,0.381
-40.2,26.6,400000,44848,0.11212,151855,0.379638
-40.2,26.8,400000,44978,0.112445,151987,0.379968
-40.2,27,400000,45263,0.113157,152263,0.380657
-40.2,27.2,400000,44244,0.11061,151765,0.379412
-40.2,27.4,400000,44339,0.110848,151657,0.379142
-40.2,27.6,400000,44834,0.112085,151777,0.379443
-40.2,27.8,400000,44999,0.112498,152137,0.380342
-40.2,28,400000,44833,0.112083,152854,0.382135
-40.2,28.2,400000,44784,0.11196,151634,0.379085
-40.2,28.4,400000,44779,0.111948,152095,0.380238
-40.2,28.6,400000,45057,0.112643,151838,0.379595
-40.2,28.8,400000,45143,0.112857,152613,0.381532
-40.2,29,400000,44873,0.112183,153065,0.382663
-40.2,29.2,400000,44463,0.111158,151707,0.379267
-40.2,29.4,400000,44878,0.112195,151442,0.378605
-40.2,29.6,400000,44904,0.11226,152346,0.380865
-40.2,29.8,400000,44890,0.112225,151864,0.37966
-40.2,30,400000,44572,0.11143,152351,0.380877
-40.2,30.2,400000,44756,0.11189,151393,0.378482
-40.2,30.4,400000,45182,0.112955,152579,0.381447
-40.2,30.6,400000,44992,0.11248,152480,0.3812
-40.2,30.8,400000,44988,0.11247,151671,0.379178
-40.2,31,400000,44717,0.111793,151855,0.379638
-40.2,31.2,400000,44463,0.111158,151909,0.379773
-40.2,31.4,400000,44562,0.111405,151995,0.379987
-40.2,31.6,400000,45058,0.112645,151973,0.379933
-40.2,31.8,400000,45333,0.113333,152233,0.380582
-40.2,32,400000,44948,0.11237,151995,0.379987
-40.2,32.2,400000,44537,0.111342,151961,0.379902
-40.2,32.4,400000,44962,0.112405,151930,0.379825
-40.2,32.6,400000,44696,0.11174,151449,0.378622
-40.2,32.8,400000,45078,0.112695,152097,0.380242
-40.2,33,400000,44964,0.11241,151857,0.379642
-40.2,33.2,400000,44679,0.111698,151864,0.37966
-40.2,33.4,400000,44809,0.112022,152420,0.38105
-40.2,33.6,400000,45058,0.112645,152090,0.380225
-40.2,33.8,400000,44887,0.112217,151790,0.379475
-40.2,34,400000,44738,0.111845,152112,0.38028
-40.2,34.2,400000,45247,0.113117,151925,0.379812
-40.2,34.4,400000,44639,0.111598,152610,0.381525
-40.2,34.6,400000,45002,0.112505,151943,0.379858
-40.2,34.8,400000,45046,0.112615,151951,0.379877
-40.2,35,400000,44847,0.112117,151948,0.37987
-40.2,35.2,400000,44864,0.11216,151874,0.379685
-40.2,35.4,400000,44721,0.111802,152174,0.380435
-40.2,35.6,400000,45050,0.112625,152619,0.381547
-40.2,35.8,400000,45318,0.113295,152229,0.380572
-40.2,36,400000,44707,0.111768,152337,0.380842
-40.2,36.2,400000,44688,0.11172,151828,0.37957
-40.2,36.4,400000,44656,0.11164,151900,0.37975
-40.2,36.6,400000,44930,0.112325,152328,0.38082
-40.2,36.8,400000,44144,0.11036,151840,0.3796
-40.2,37,400000,44533,0.111333,152515,0.381288
-40.2,37.2,400000,45338,0.113345,152402,0.381005
-40.2,37.4,400000,44048,0.11012,151373,0.378433
-40.2,37.6,400000,44481,0.111202,152251,0.380628
-40.2,37.8,400000,44282,0.110705,151300,0.37825
-40.2,38,400000,45370,0.113425,152683,0.381707
-40.2,38.2,400000,44792,0.11198,151980,0.37995
-40.2,38.4,400000,44946,0.112365,152018,0.380045
-40.2,38.6,400000,44557,0.111393,151849,0.379622
-40.2,38.8,400000,44489,0.111223,151768,0.37942
-40.2,39,400000,44908,0.11227,151468,0.37867
-40.2,39.2,400000,45306,0.113265,152175,0.380437
-40.2,39.4,400000,44778,0.111945,151826,0.379565
-40.2,39.6,400000,44424,0.11106,151878,0.379695
-40.2,39.8,400000,44721,0.111802,152008,0.38002
-40.2,40,400000,44462,0.111155,151795,0.379487
-40.2,40.2,400000,45012,0.11253,152147,0.380368
-40.2,40.4,400000,45255,0.113138,152088,0.38022
-40.2,40.6,400000,44647,0.111617,151260,0.37815
-40.2,40.8,400000,45075,0.112687,152802,0.382005
-40.2,41,400000,44958,0.112395,151949,0.379873
-40.2,41.2,400000,44720,0.1118,151858,0.379645
-40.2,41.4,400000,44635,0.111588,151745,0.379362
-40.2,41.6,400000,44800,0.112,151964,0.37991
-40.2,41.8,400000,44893,0.112232,152080,0.3802
-40.2,42,400000,44315,0.110787,151610,0.379025
-40.2,42.2,400000,44961,0.112403,152085,0.380213
-40.2,42.4,400000,44136,0.11034,151711,0.379277
-40.2,42.6,400000,44722,0.111805,152276,0.38069
-40.2,42.8,400000,45178,0.112945,151550,0.378875
-40.2,43,400000,45005,0.112513,151553,0.378883
-40.2,43.2,400000,45661,0.114153,152127,0.380317
-40.2,43.4,400000,45017,0.112543,151934,0.379835
-40.2,43.6,400000,45077,0.112693,152261,0.380653
-40.2,43.8,400000,44351,0.110878,152138,0.380345
-40.2,44,400000,44994,0.112485,151964,0.37991
-40.2,44.2,400000,45337,0.113342,152103,0.380258
-40.2,44.4,400000,45053,0.112632,152240,0.3806
-40.2,44.6,400000,44662,0.111655,151820,0.37955
-40.2,44.8,400000,45062,0.112655,151758,0.379395
-40.2,45,400000,44526,0.111315,151682,0.379205
-40.2,45.2,400000,44635,0.111588,152156,0.38039
-40.2,45.4,400000,45486,0.113715,152840,0.3821
-40.2,45.6,400000,44974,0.112435,152390,0.380975
-40.2,45.8,400000,45153,0.112882,151925,0.379812
-40.2,46,400000,44749,0.111872,152231,0.380578
-40.2,46.2,400000,44811,0.112028,152250,0.380625
-40.2,46.4,400000,44612,0.11153,151910,0.379775
-40.2,46.6,400000,44651,0.111628,151531,0.378827
-40.2,46.8,400000,45004,0.11251,151951,0.379877
-40.2,47,400000,44801,0.112003,151892,0.37973
-40.2,47.2,400000,44698,0.111745,151599,0.378997
-40.2,47.4,400000,45408,0.11352,152556,0.38139
-40.2,47.6,400000,45229,0.113073,152385,0.380962
-40.2,47.8,400000,44512,0.11128,151764,0.37941
-40.2,48,400000,45276,0.11319,152360,0.3809
-40.2,48.2,400000,44529,0.111323,151966,0.379915
-40.2,48.4,400000,45167,0.112918,152682,0.381705
-40.2,48.6,400000,44985,0.112463,152184,0.38046
-40.2,48.8,400000,44688,0.11172,152762,0.381905
-40.2,49,400000,44657,0.111643,151982,0.379955
-40.2,49.2,400000,45134,0.112835,152898,0.382245
-40.2,49.4,400000,44587,0.111467,152712,0.38178
-40.2,49.6,400000,44762,0.111905,152042,0.380105
-40.2,49.8,400000,45311,0.113278,152105,0.380263
-40.2,50,400000,44808,0.11202,152284,0.38071
-40,-50,400000,44123,0.110308,152042,0.380105
-40,-49.8,400000,45073,0.112683,152124,0.38031
-40,-49.6,400000,45241,0.113102,152109,0.380273
-40,-49.4,400000,44951,0.112378,151748,0.37937
-40,-49.2,400000,45234,0.113085,152798,0.381995
-40,-49,400000,44948,0.11237,151861,0.379653
-40,-48.8,400000,44719,0.111797,151277,0.378192
-40,-48.6,400000,44869,0.112172,152212,0.38053
-40,-48.4,400000,44985,0.112463,152247,0.380617
-40,-48.2,400000,45084,0.11271,151617,0.379043
-40,-48,400000,44170,0.110425,151720,0.3793
-40,-47.8,400000,44978,0.112445,151954,0.379885
-40,-47.6,400000,44879,0.112198,151567,0.378918
-40,-47.4,400000,44859,0.112147,152210,0.380525
-40,-47.2,400000,44476,0.11119,151544,0.37886
-40,-47,400000,44819,0.112047,152278,0.380695
-40,-46.8,400000,44538,0.111345,152029,0.380072
-40,-46.6,400000,44888,0.11222,152180,0.38045
-40,-46.4,400000,44803,0.112007,151567,0.378918
-40,-46.2,400000,44721,0.111802,152018,0.380045
-40,-46,400000,45220,0.11305,152430,0.381075
-40,-45.8,400000,44999,0.112498,151692,0.37923
-40,-45.6,400000,44673,0.111683,152116,0.38029
-40,-45.4,400000,44932,0.11233,151676,0.37919
-40,-45.2,400000,44725,0.111812,151975,0.379937
-40,-45,400000,44522,0.111305,151217,0.378043
-40,-44.8,400000,44726,0.111815,151914,0.379785
-40,-44.6,400000,45048,0.11262,153170,0.382925
-40,-44.4,400000,45056,0.11264,152382,0.380955
-40,-44.2,400000,45132,0.11283,151698,0.379245
-40,-44,400000,44983,0.112458,152491,0.381227
-40,-43.8,400000,45112,0.11278,151886,0.379715
-40,-43.6,400000,44866,0.112165,151518,0.378795
-40,-43.4,400000,45375,0.113437,152653,0.381632
-40,-43.2,400000,44488,0.11122,151930,0.379825
-40,-43,400000,45158,0.112895,151987,0.379968
-40,-42.8,400000,44858,0.112145,152500,0.38125
-40,-42.6,400000,44552,0.11138,151774,0.379435
-40,-42.4,400000,44817,0.112043,152328,0.38082
-40,-42.2,400000,44937,0.112342,151679,0.379198
-40,-42,400000,44572,0.11143,151792,0.37948
-40,-41.8,400000,44773,0.111933,151590,0.378975
-40,-41.6,400000,44668,0.11167,151995,0.379987
-40,-41.4,400000,44604,0.11151,151855,0.379638
-40,-41.2,400000,44638,0.111595,151131,0.377827
-40,-41,400000,44434,0.111085,151766,0.379415
-40,-40.8,400000,45066,0.112665,152398,0.380995
-40,-40.6,400000,44676,0.11169,151839,0.379597
-40,-40.4,400000,45498,0.113745,151838,0.379595
-40,-40.2,400000,44637,0.111592,151108,0.37777
-40,-40,400000,44620,0.11155,152223,0.380557
-40,-39.8,400000,44784,0.11196,152394,0.380985
-40,-39.6,400000,44160,0.1104,151586,0.378965
-40,-39.4,400000,44489,0.111223,152258,0.380645
-40,-39.2,400000,45071,0.112677,151599,0.378997
-40,-39,400000,44820,0.11205,151534,0.378835
-40,-38.8,400000,44561,0.111403,152015,0.380037
-40,-38.6,400000,45007,0.112518,152594,0.381485
-40,-38.4,400000,45270,0.113175,152058,0.380145
-40,-38.2,400000,45212,0.11303,152173,0.380433
-40,-38,400000,45247,0.113117,152143,0.380358
-40,-37.8,400000,44595,0.111488,152617,0.381543
-40,-37.6,400000,45206,0.113015,152361,0.380902
-40,-37.4,400000,44802,0.112005,152041,0.380103
-40,-37.2,400000,44336,0.11084,151302,0.378255
-40,-37,400000,44896,0.11224,152084,0.38021
-40,-36.8,400000,45057,0.112643,152770,0.381925
-40,-36.6,400000,44484,0.11121,152060,0.38015
-40,-36.4,400000,44871,0.112177,152128,0.38032
-40,-36.2,400000,45138,0.112845,152307,0.380767
-40,-36,400000,44153,0.110382,152197,0.380493
-40,-35.8,400000,44496,0.11124,151677,0.379192
-40,-35.6,400000,44642,0.111605,152018,0.380045
-40,-35.4,400000,45170,0.112925,151731,0.379327
-40,-35.2,400000,44645,0.111613,151584,0.37896
-40,-35,400000,44270,0.110675,151662,0.379155
-40,-34.8,400000,44527,0.111317,152261,0.380653
-40,-34.6,400000,44932,0.11233,152175,0.380437
-40,-34.4,400000,44646,0.111615,151780,0.37945
-40,-34.2,400000,44201,0.110503,151291,0.378227
-40,-34,400000,45139,0.112848,152048,0.38012
-40,-33.8,400000,44930,0.112325,151517,0.378792
-40,-33.6,400000,45040,0.1126,152295,0.380738
-40,-33.4,400000,44244,0.11061,152152,0.38038
-40,-33.2,400000,44355,0.110887,150911,0.377277
-40,-33,400000,44907,0.112268,152242,0.380605
-40,-32.8,400000,45279,0.113198,152003,0.380007
-40,-32.6,400000,44901,0.112253,151855,0.379638
-40,-32.4,400000,44925,0.112312,152124,0.38031
-40,-32.2,400000,45002,0.112505,151979,0.379947
-40,-32,400000,45081,0.112702,152292,0.38073
-40,-31.8,400000,45000,0.1125,152260,0.38065
-40,-31.6,400000,45051,0.112628,152695,0.381738
-40,-31.4,400000,44795,0.111988,151953,0.379883
-40,-31.2,400000,44701,0.111753,152221,0.380553
-40,-31,400000,45211,0.113028,151993,0.379983
-40,-30.8,400000,44649,0.111622,152000,0.38
-40,-30.6,400000,44565,0.111412,152602,0.381505
-40,-30.4,400000,44395,0.110988,151420,0.37855
-40,-30.2,400000,45130,0.112825,152073,0.380182
-40,-30,400000,44239,0.110598,151678,0.379195
-40,-29.8,400000,44944,0.11236,151938,0.379845
-40,-29.6,400000,44528,0.11132,152010,0.380025
-40,-29.4,400000,45086,0.112715,152383,0.380958
-40,-29.2,400000,45066,0.112665,151918,0.379795
-40,-29,400000,44476,0.11119,152297,0.380742
-40,-28.8,400000,45941,0.114852,152709,0.381773
-40,-28.6,400000,45172,0.11293,151442,0.378605
-40,-28.4,400000,44766,0.111915,152612,0.38153
-40,-28.2,400000,44562,0.111405,152129,0.380323
-40,-28,400000,44910,0.112275,151997,0.379993
-40,-27.8,400000,44845,0.112113,151776,0.37944
-40,-27.6,400000,45569,0.113922,152913,0.382283
-40,-27.4,400000,44954,0.112385,152070,0.380175
-40,-27.2,400000,44715,0.111787,152128,0.38032
-40,-27,400000,45058,0.112645,152478,0.381195
-40,-26.8,400000,44469,0.111172,151729,0.379323
-40,-26.6,400000,44727,0.111818,151715,0.379287
-40,-26.4,400000,45017,0.112543,152360,0.3809
-40,-26.2,400000,44798,0.111995,152517,0.381292
-40,-26,400000,44822,0.112055,151869,0.379673
-40,-25.8,400000,44809,0.112022,152511,0.381277
-40,-25.6,400000,44521,0.111302,152307,0.380767
-40,-25.4,400000,44756,0.11189,152705,0.381763
-40,-25.2,400000,44312,0.11078,151912,0.37978
-40,-25,400000,44613,0.111533,152495,0.381238
-40,-24.8,400000,45337,0.113342,152141,0.380352
-40,-24.6,400000,45015,0.112537,152423,0.381057
-40,-24.4,400000,44741,0.111852,152093,0.380232
-40,-24.2,400000,45284,0.11321,152079,0.380198
-40,-24,400000,44874,0.112185,152019,0.380047
-40,-23.8,400000,45122,0.112805,152297,0.380742
-40,-23.6,400000,44750,0.111875,152904,0.38226
-40,-23.4,400000,44326,0.110815,151994,0.379985
-40,-23.2,400000,45550,0.113875,152076,0.38019
-40,-23,400000,44634,0.111585,151859,0.379648
-40,-22.8,400000,45036,0.11259,152099,0.380248
-40,-22.6,400000,45175,0.112937,152003,0.380007
-40,-22.4,400000,44402,0.111005,151669,0.379173
-40,-22.2,400000,45428,0.11357,152078,0.380195
-40,-22,400000,44796,0.11199,151529,0.378823
-40,-21.8,400000,45180,0.11295,152069,0.380173
-40,-21.6,400000,44504,0.11126,151841,0.379603
-40,-21.4,400000,44680,0.1117,151974,0.379935
-40,-21.2,400000,45000,0.1125,152194,0.380485
-40,-21,400000,44715,0.111787,152122,0.380305
-40,-20.8,400000,44782,0.111955,152269,0.380673
-40,-20.6,400000,44904,0.11226,152286,0.380715
-40,-20.4,400000,45187,0.112967,152166,0.380415
-40,-20.2,400000,44894,0.112235,151916,0.37979
-40,-20,400000,44541,0.111352,152055,0.380138
-40,-19.8,400000,44427,0.111067,152153,0.380383
-40,-19.6,400000,45045,0.112613,152263,0.380657
-40,-19.4,400000,45387,0.113467,152917,0.382292
-40,-19.2,400000,44983,0.112458,152064,0.38016
-40,-19,400000,44843,0.112107,151765,0.379412
-40,-18.8,400000,45095,0.112738,151866,0.379665
-40,-18.6,400000,44896,0.11224,151390,0.378475
-40,-18.4,400000,45216,0.11304,151795,0.379487
-40,-18.2,400000,44459,0.111147,151437,0.378592
-40,-18,400000,44646,0.111615,151981,0.379953
-40,-17.8,400000,44867,0.112168,152548,0.38137
-40,-17.6,400000,45428,0.11357,152634,0.381585
-40,-17.4,400000,44651,0.111628,151254,0.378135
-40,-17.2,400000,44602,0.111505,151848,0.37962
-40,-17,400000,45032,0.11258,152475,0.381188
-40,-16.8,400000,44886,0.112215,152025,0.380063
-40,-16.6,400000,44242,0.110605,151504,0.37876
-40,-16.4,400000,44592,0.11148,151554,0.378885
-40,-16.2,400000,45253,0.113132,152233,0.380582
-40,-16,400000,44635,0.111588,152131,0.380327
-40,-15.8,400000,44554,0.111385,151870,0.379675
-40,-15.6,400000,44561,0.111403,151907,0.379767
-40,-15.4,400000,44641,0.111602,151782,0.379455
-40,-15.2,400000,44505,0.111263,151491,0.378727
-40,-15,400000,44861,0.112153,152537,0.381342
-40,-14.8,400000,44769,0.111922,151292,0.37823
-40,-14.6,400000,44662,0.111655,151633,0.379082
-40,-14.4,400000,45353,0.113382,152594,0.381485
-40,-14.2,400000,44587,0.111467,151950,0.379875
-40,-14,400000,44954,0.112385,152399,0.380997
-40,-13.8,400000,44818,0.112045,152265,0.380663
-40,-13.6,400000,45197,0.112992,152266,0.380665
-40,-13.4,400000,44326,0.110815,151749,0.379373
-40,-13.2,400000,44618,0.111545,151604,0.37901
-40,-13,400000,44778,0.111945,152059,0.380148
-40,-12.8,400000,45167,0.112918,151823,0.379557
-40,-12.6,400000,45051,0.112628,152733,0.381833
-40,-12.4,400000,44718,0.111795,151864,0.37966
-40,-12.2,400000,45100,0.11275,152499,0.381248
-40,-12,400000,44729,0.111823,152723,0.381808
-40,-11.8,400000,44989,0.112473,152337,0.380842
-40,-11.6,400000,44716,0.11179,152057,0.380142
-40,-11.4,400000,45508,0.11377,152543,0.381358
-40,-11.2,400000,44807,0.112018,152158,0.380395
-40,-11,400000,44468,0.11117,151479,0.378698
-40,-10.8,400000,45219,0.113047,151444,0.37861
-40,-10.6,400000,44482,0.111205,151600,0.379
-40,-10.4,400000,44698,0.111745,152174,0.380435
-40,-10.2,400000,44777,0.111943,152099,0.380248
-40,-10,400000,45256,0.11314,152518,0.381295
-40,-9.8,400000,45201,0.113003,152094,0.380235
-40,-9.6,400000,44995,0.112488,152478,0.381195
-40,-9.4,400000,45309,0.113272,152593,0.381483
-40,-9.2,400000,44782,0.111955,152304,0.38076
-40,-9,400000,45157,0.112893,152701,0.381752
-40,-8.8,400000,44449,0.111122,151884,0.37971
-40,-8.6,400000,44915,0.112287,151370,0.378425
-40,-8.4,400000,44984,0.11246,152040,0.3801
-40,-8.2,400000,44803,0.112007,151871,0.379678
-40,-8,400000,44907,0.112268,152114,0.380285
-40,-7.8,400000,44592,0.11148,151831,0.379578
-40,-7.6,400000,45221,0.113053,152092,0.38023
-40,-7.4,400000,44823,0.112058,152623,0.381557
-40,-7.2,400000,45072,0.11268,152188,0.38047
-40,-7,400000,44727,0.111818,152191,0.380478
-40,-6.8,400000,44792,0.11198,151801,0.379503
-40,-6.6,400000,45337,0.113342,152029,0.380072
-40,-6.4,400000,44588,0.11147,151579,0.378947
-40,-6.2,400000,45124,0.11281,151777,0.379443
-40,-6,400000,44872,0.11218,151901,0.379752
-40,-5.8,400000,45130,0.112825,152175,0.380437
-40,-5.6,400000,44761,0.111903,151841,0.379603
-40,-5.4,400000,44747,0.111867,152086,0.380215
-40,-5.2,400000,44676,0.11169,152127,0.380317
-40,-5,400000,44692,0.11173,152007,0.380018
-40,-4.8,400000,44942,0.112355,151958,0.379895
-40,-4.6,400000,44857,0.112143,152080,0.3802
-40,-4.4,400000,44661,0.111653,152570,0.381425
-40,-4.2,400000,45047,0.112617,153003,0.382508
-40,-4,400000,44134,0.110335,151568,0.37892
-40,-3.8,400000,44416,0.11104,151656,0.37914
-40,-3.6,400000,45134,0.112835,152464,0.38116
-40,-3.4,400000,44802,0.112005,152390,0.380975
-40,-3.2,400000,44672,0.11168,152053,0.380132
-40,-3,400000,44646,0.111615,152221,0.380553
-40,-2.8,400000,44825,0.112062,152184,0.38046
-40,-2.6,400000,44791,0.111977,152340,0.38085
-40,-2.4,400000,44730,0.111825,152037,0.380092
-40,-2.2,400000,45249,0.113123,152498,0.381245
-40,-2,400000,44776,0.11194,152260,0.38065
-40,-1.8,400000,44472,0.11118,151797,0.379493
-40,-1.6,400000,44817,0.112043,152396,0.38099
-40,-1.4,400000,44427,0.111067,152266,0.380665
-40,-1.2,400000,44639,0.111598,152216,0.38054
-40,-1,400000,45161,0.112903,152293,0.380732
-40,-0.8,400000,44465,0.111162,151826,0.379565
-40,-0.6,400000,45198,0.112995,152301,0.380752
-40,-0.4,400000,44624,0.11156,151180,0.37795
-40,-0.2,400000,45377,0.113443,152532,0.38133
-40,0,400000,44982,0.112455,151826,0.379565
-40,0.2,400000,45097,0.112742,152283,0.380707
-40,0.4,400000,44460,0.11115,151864,0.37966
-40,0.6,400000,44719,0.111797,151629,0.379072
-40,0.8,400000,44725,0.111812,152460,0.38115
-40,1,400000,44869,0.112172,151848,0.37962
-40,1.2,400000,44647,0.111617,151880,0.3797
-40,1.4,400000,44790,0.111975,151899,0.379748
-40,1.6,400000,44254,0.110635,151728,0.37932
-40,1.8,400000,44831,0.112077,151625,0.379063
-40,2,400000,44929,0.112323,152363,0.380908
-40,2.2,400000,44521,0.111302,151810,0.379525
-40,2.4,400000,44945,0.112363,152291,0.380727
-40,2.6,400000,44741,0.111852,152331,0.380827
-40,2.8,400000,45026,0.112565,152165,0.380412
-40,3,400000,44874,0.112185,152653,0.381632
-40,3.2,400000,44623,0.111558,152371,0.380927
-40,3.4,400000,45194,0.112985,152455,0.381138
-40,3.6,400000,45090,0.112725,151663,0.379157
-40,3.8,400000,45081,0.112702,151864,0.37966
-40,4,400000,44820,0.11205,151963,0.379908
-40,4.2,400000,44289,0.110723,151201,0.378003
-40,4.4,400000,44719,0.111797,152045,0.380113
-40,4.6,400000,44386,0.110965,152016,0.38004
-40,4.8,400000,44979,0.112448,151878,0.379695
-40,5,400000,45397,0.113492,152969,0.382422
-40,5.2,400000,44811,0.112028,152241,0.380603
-40,5.4,400000,45021,0.112552,152744,0.38186
-40,5.6,400000,44544,0.11136,151398,0.378495
-40,5.8,400000,44291,0.110728,152177,0.380443
-40,6,400000,45152,0.11288,152382,0.380955
-40,6.2,400000,45341,0.113352,152329,0.380823
-40,6.4,400000,44904,0.11226,152063,0.380157
-40,6.6,400000,44977,0.112443,152209,0.380522
-40,6.8,400000,45155,0.112888,152591,0.381478
-40,7,400000,45603,0.114007,152389,0.380972
-40,7.2,400000,45029,0.112573,152019,0.380047
-40,7.4,400000,44919,0.112297,151964,0.37991
-40,7.6,400000,44848,0.11212,152155,0.380387
-40,7.8,400000,44902,0.112255,152238,0.380595
-40,8,400000,44484,0.11121,151671,0.379178
-40,8.2,400000,45009,0.112522,152365,0.380912
-40,8.4,400000,44644,0.11161,151960,0.3799
-40,8.6,400000,45333,0.113333,152508,0.38127
-40,8.8,400000,45016,0.11254,152438,0.381095
-40,9,400000,45076,0.11269,152298,0.380745
-40,9.2,400000,44805,0.112013,152145,0.380362
-40,9.4,400000,44752,0.11188,151998,0.379995
-40,9.6,400000,44663,0.111658,151827,0.379568
-40,9.8,400000,44455,0.111138,152130,0.380325
-40,10,400000,44708,0.11177,152275,0.380688
-40,10.2,400000,45132,0.11283,152568,0.38142
-40,10.4,400000,44831,0.112077,152101,0.380252
-40,10.6,400000,44613,0.111533,152795,0.381987
-40,10.8,400000,45331,0.113327,152531,0.381327
-40,11,400000,45064,0.11266,152497,0.381242
-40,11.2,400000,44446,0.111115,151865,0.379663
-40,11.4,400000,44972,0.11243,151790,0.379475
-40,11.6,400000,44475,0.111187,151595,0.378987
-40,11.8,400000,44885,0.112213,152129,0.380323
-40,12,400000,44589,0.111473,151968,0.37992
-40,12.2,400000,44273,0.110683,151737,0.379343
-40,12.4,400000,44745,0.111863,151688,0.37922
-40,12.6,400000,45457,0.113642,152631,0.381578
-40,12.8,400000,44731,0.111827,151509,0.378773
-40,13,400000,44988,0.11247,152449,0.381122
-40,13.2,400000,45368,0.11342,152826,0.382065
-40,13.4,400000,45046,0.112615,152285,0.380713
-40,13.6,400000,45039,0.112598,152362,0.380905
-40,13.8,400000,44400,0.111,151792,0.37948
-40,14,400000,44855,0.112138,151368,0.37842
-40,14.2,400000,44614,0.111535,152087,0.380217
-40,14.4,400000,44493,0.111232,152521,0.381302
-40,14.6,400000,45297,0.113242,152401,0.381003
-40,14.8,400000,44829,0.112073,151897,0.379742
-40,15,400000,44910,0.112275,152694,0.381735
-40,15.2,400000,44527,0.111317,151947,0.379868
-40,15.4,400000,44482,0.111205,151886,0.379715
-40,15.6,400000,44751,0.111878,151683,0.379207
-40,15.8,400000,44857,0.112143,151631,0.379078
-40,16,400000,45009,0.112522,152057,0.380142
-40,16.2,400000,44852,0.11213,151904,0.37976
-40,16.4,400000,44313,0.110783,151267,0.378167
-40,16.6,400000,44601,0.111503,152061,0.380153
-40,16.8,400000,44995,0.112488,152229,0.380572
-40,17,400000,44811,0.112028,152060,0.38015
-40,17.2,400000,44716,0.11179,152201,0.380503
-40,17.4,400000,45242,0.113105,152307,0.380767
-40,17.6,400000,44410,0.111025,152136,0.38034
-40,17.8,400000,44492,0.11123,151415,0.378538
-40,18,400000,44950,0.112375,151911,0.379777
-40,18.2,400000,44934,0.112335,152574,0.381435
-40,18.4,400000,44408,0.11102,152124,0.38031
-40,18.6,400000,44734,0.111835,152266,0.380665
-40,18.8,400000,45223,0.113058,152426,0.381065
-40,19,400000,44988,0.11247,152094,0.380235
-40,19.2,400000,44540,0.11135,151836,0.37959
-40,19.4,400000,44986,0.112465,152182,0.380455
-40,19.6,400000,44396,0.11099,152284,0.38071
-40,19.8,400000,44996,0.11249,152024,0.38006
-40,20,400000,44694,0.111735,151959,0.379897
-40,20.2,400000,44871,0.112177,152244,0.38061
-40,20.4,400000,44752,0.11188,152005,0.380012
-40,20.6,400000,44807,0.112018,152028,0.38007
-40,20.8,400000,44666,0.111665,152267,0.380667
-40,21,400000,45111,0.112778,152291,0.380727
-40,21.2,400000,44097,0.110242,151658,0.379145
-40,21.4,400000,44817,0.112043,152048,0.38012
-40,21.6,400000,45431,0.113577,152238,0.380595
-40,21.8,400000,44895,0.112238,151775,0.379437
-40,22,400000,44798,0.111995,151706,0.379265
-40,22.2,400000,44750,0.111875,151522,0.378805
-40,22.4,400000,44762,0.111905,152033,0.380082
-40,22.6,400000,44603,0.111507,151996,0.37999
-40,22.8,400000,44397,0.110992,151589,0.378972
-40,23,400000,45147,0.112867,152201,0.380503
-40,23.2,400000,43987,0.109967,151271,0.378177
-40,23.4,400000,45200,0.113,152550,0.381375
-40,23.6,400000,44782,0.111955,152595,0.381487
-40,23.8,400000,45227,0.113068,152562,0.381405
-40,24,400000,45387,0.113467,152610,0.381525
-40,24.2,400000,44851,0.112128,151829,0.379572
-40,24.4,400000,45085,0.112712,151584,0.37896
-40,24.6,400000,44799,0.111997,152289,0.380723
-40,24.8,400000,44702,0.111755,151565,0.378912
-40,25,400000,44832,0.11208,151504,0.37876
-40,25.2,400000,44895,0.112238,151864,0.37966
-40,25.4,400000,44873,0.112183,152340,0.38085
-40,25.6,400000,44812,0.11203,152372,0.38093
-40,25.8,400000,44891,0.112227,151838,0.379595
-40,26,400000,44936,0.11234,152208,0.38052
-40,26.2,400000,44779,0.111948,152600,0.3815
-40,26.4,400000,45088,0.11272,152363,0.380908
-40,26.6,400000,44941,0.112352,152249,0.380622
-40,26.8,400000,45009,0.112522,152294,0.380735
-40,27,400000,44572,0.11143,152110,0.380275
-40,27.2,400000,44927,0.112318,151797,0.379493
-40,27.4,400000,44755,0.111888,151829,0.379572
-40,27.6,400000,44796,0.11199,152202,0.380505
-40,27.8,400000,45457,0.113642,152216,0.38054
-40,28,400000,44519,0.111297,151653,0.379132
-40,28.2,400000,44530,0.111325,151821,0.379553
-40,28.4,400000,44616,0.11154,152012,0.38003
-40,28.6,400000,44590,0.111475,151923,0.379808
-40,28.8,400000,45108,0.11277,152010,0.380025
-40,29,400000,45041,0.112602,151946,0.379865
-40,29.2,400000,44223,0.110558,151487,0.378717
-40,29.4,400000,44823,0.112058,152183,0.380458
-40,29.6,400000,45280,0.1132,152549,0.381373
-40,29.8,400000,44781,0.111952,152572,0.38143
-40,30,400000,45120,0.1128,152156,0.38039
-40,30.2,400000,44561,0.111403,152283,0.380707
-40,30.4,400000,44387,0.110967,151824,0.37956
-40,30.6,400000,44807,0.112018,152633,0.381582
-40,30.8,400000,44720,0.1118,152041,0.380103
-40,31,400000,44945,0.112363,151559,0.378897
-40,31.2,400000,44829,0.112073,152645,0.381613
-40,31.4,400000,44912,0.11228,152330,0.380825
-40,31.6,400000,44966,0.112415,152749,0.381873
-40,31.8,400000,44516,0.11129,151856,0.37964
-40,32,400000,45340,0.11335,152429,0.381072
-40,32.2,400000,44257,0.110643,152519,0.381298
-40,32.4,400000,44378,0.110945,151846,0.379615
-40,32.6,400000,44854,0.112135,151848,0.37962
-40,32.8,400000,44808,0.11202,151729,0.379323
-40,33,400000,44697,0.111742,152252,0.38063
-40,33.2,400000,44449,0.111122,152200,0.3805
-40,33.4,400000,44511,0.111278,151944,0.37986
-40,33.6,400000,45377,0.113443,152484,0.38121
-40,33.8,400000,44651,0.111628,151259,0.378148
-40,34,400000,45299,0.113248,151753,0.379383
-40,34.2,400000,45060,0.11265,152795,0.381987
-40,34.4,400000,44510,0.111275,151581,0.378953
-40,34.6,400000,45266,0.113165,151684,0.37921
-40,34.8,400000,45069,0.112672,151897,0.379742
-40,35,400000,45256,0.11314,152248,0.38062
-40,35.2,400000,44276,0.11069,151734,0.379335
-40,35.4,400000,44726,0.111815,152026,0.380065
-40,35.6,400000,44547,0.111367,151689,0.379223
-40,35.8,400000,44455,0.111138,151894,0.379735
-40,36,400000,44843,0.112107,151764,0.37941
-40,36.2,400000,44756,0.11189,152086,0.380215
-40,36.4,400000,44825,0.112062,152674,0.381685
-40,36.6,400000,44753,0.111882,151435,0.378588
-40,36.8,400000,45102,0.112755,151502,0.378755
-40,37,400000,44502,0.111255,152020,0.38005
-40,37.2,400000,44522,0.111305,151395,0.378487
-40,37.4,400000,45023,0.112558,152397,0.380993
-40,37.6,400000,44494,0.111235,151812,0.37953
-40,37.8,400000,44339,0.110848,150972,0.37743
-40,38,400000,44806,0.112015,151271,0.378177
-40,38.2,400000,44870,0.112175,151801,0.379503
-40,38.4,400000,44507,0.111268,151904,0.37976
-40,38.6,400000,45038,0.112595,151573,0.378933
-40,38.8,400000,45391,0.113477,152691,0.381727
-40,39,400000,45207,0.113018,152267,0.380667
-40,39.2,400000,44741,0.111852,152004,0.38001
-40,39.4,400000,45407,0.113517,152189,0.380472
-40,39.6,400000,44604,0.11151,151754,0.379385
-40,39.8,400000,45059,0.112647,152000,0.38
-40,40,400000,45234,0.113085,152641,0.381603
-40,40.2,400000,45094,0.112735,151804,0.37951
-40,40.4,400000,44980,0.11245,152430,0.381075
-40,40.6,400000,44910,0.112275,152206,0.380515
-40,40.8,400000,44690,0.111725,151826,0.379565
-40,41,400000,44944,0.11236,152075,0.380188
-40,41.2,400000,44525,0.111312,151818,0.379545
-40,41.4,400000,44280,0.1107,151958,0.379895
-40,41.6,400000,44709,0.111772,152249,0.380622
-40,41.8,400000,44980,0.11245,152278,0.380695
-40,42,400000,44546,0.111365,151741,0.379352
-40,42.2,400000,44843,0.112107,152324,0.38081
-40,42.4,400000,44673,0.111683,151769,0.379422
-40,42.6,400000,44492,0.11123,152201,0.380503
-40,42.8,400000,45115,0.112787,152581,0.381453
-40,43,400000,44961,0.112403,152111,0.380277
-40,43.2,400000,45411,0.113528,152174,0.380435
-40,43.4,400000,44851,0.112128,152614,0.381535
-40,43.6,400000,44854,0.112135,152754,0.381885
-40,43.8,400000,45404,0.11351,152111,0.380277
-40,44,400000,44711,0.111778,152319,0.380798
-40,44.2,400000,44890,0.112225,151807,0.379518
-40,44.4,400000,45100,0.11275,152050,0.380125
-40,44.6,400000,45244,0.11311,152026,0.380065
-40,44.8,400000,44074,0.110185,151365,0.378412
-40,45,400000,45583,0.113958,153058,0.382645
-40,45.2,400000,44280,0.1107,151827,0.379568
-40,45.4,400000,44940,0.11235,151787,0.379468
-40,45.6,400000,44669,0.111672,151617,0.379043
-40,45.8,400000,44750,0.111875,152391,0.380978
-40,46,400000,44799,0.111997,151884,0.37971
-40,46.2,400000,45195,0.112988,152583,0.381458
-40,46.4,400000,44747,0.111867,151860,0.37965
-40,46.6,400000,44928,0.11232,152443,0.381107
-40,46.8,400000,44798,0.111995,152347,0.380868
-40,47,400000,44937,0.112342,152568,0.38142
-40,47.2,400000,45053,0.112632,151613,0.379032
-40,47.4,400000,44916,0.11229,151956,0.37989
-40,47.6,400000,44941,0.112352,152285,0.380713
-40,47.8,400000,44797,0.111992,152272,0.38068
-40,48,400000,44910,0.112275,151556,0.37889
-40,48.2,400000,44996,0.11249,152893,0.382232
-40,48.4,400000,44783,0.111958,152232,0.38058
-40,48.6,400000,44553,0.111382,151278,0.378195
-40,48.8,400000,45198,0.112995,152423,0.381057
-40,49,400000,44769,0.111922,152100,0.38025
-40,49.2,400000,44726,0.111815,151691,0.379227
-40,49.4,400000,45280,0.1132,151768,0.37942
-40,49.6,400000,45451,0.113628,152901,0.382252
-40,49.8,400000,45026,0.112565,152008,0.38002
-40,50,400000,44868,0.11217,152918,0.382295
-39.8,-50,400000,44781,0.111952,152081,0.380202
-39.8,-49.8,400000,44794,0.111985,151861,0.379653
-39.8,-49.6,400000,44247,0.110617,152128,0.38032
-39.8,-49.4,400000,44866,0.112165,152403,0.381007
-39.8,-49.2,400000,44853,0.112132,151668,0.37917
-39.8,-49,400000,44814,0.112035,152198,0.380495
-39.8,-48.8,400000,44680,0.1117,151848,0.37962
-39.8,-48.6,400000,44935,0.112338,152621,0.381553
-39.8,-48.4,400000,45124,0.11281,151993,0.379983
-39.8,-48.2,400000,44704,0.11176,151765,0.379412
-39.8,-48,400000,44472,0.11118,151846,0.379615
-39.8,-47.8,400000,45441,0.113602,152612,0.38153
-39.8,-47.6,400000,44618,0.111545,151437,0.378592
-39.8,-47.4,400000,44576,0.11144,152118,0.380295
-39.8,-47.2,400000,44817,0.112043,152112,0.38028
-39.8,-47,400000,44950,0.112375,152253,0.380632
-39.8,-46.8,400000,44718,0.111795,151738,0.379345
-39.8,-46.6,400000,44669,0.111672,152254,0.380635
-39.8,-46.4,400000,44966,0.112415,151901,0.379752
-39.8,-46.2,400000,44291,0.110728,151950,0.379875
-39.8,-46,400000,44934,0.112335,152296,0.38074
-39.8,-45.8,400000,44420,0.11105,151460,0.37865
-39.8,-45.6,400000,44926,0.112315,152424,0.38106
-39.8,-45.4,400000,44615,0.111537,152693,0.381732
-39.8,-45.2,400000,44978,0.112445,152026,0.380065
-39.8,-45,400000,44807,0.112018,152255,0.380638
-39.8,-44.8,400000,44876,0.11219,152280,0.3807
-39.8,-44.6,400000,45163,0.112907,152231,0.380578
-39.8,-44.4,400000,44701,0.111753,152309,0.380773
-39.8,-44.2,400000,44814,0.112035,151854,0.379635
-39.8,-44,400000,44739,0.111848,152219,0.380547
-39.8,-43.8,400000,44965,0.112412,152141,0.380352
-39.8,-43.6,400000,45250,0.113125,152707,0.381767
-39.8,-43.4,400000,44671,0.111677,152178,0.380445
-39.8,-43.2,400000,44501,0.111253,151987,0.379968
-39.8,-43,400000,45273,0.113183,152273,0.380682
-39.8,-42.8,400000,44561,0.111403,152080,0.3802
-39.8,-42.6,400000,44526,0.111315,151331,0.378327
-39.8,-42.4,400000,44937,0.112342,151886,0.379715
-39.8,-42.2,400000,44707,0.111768,152325,0.380812
-39.8,-42,400000,44382,0.110955,151758,0.379395
-39.8,-41.8,400000,44457,0.111143,151310,0.378275
-39.8,-41.6,400000,44283,0.110708,151721,0.379302
-39.8,-41.4,400000,45187,0.112967,151550,0.378875
-39.8,-41.2,400000,44340,0.11085,152085,0.380213
-39.8,-41,400000,45203,0.113007,152592,0.38148
-39.8,-40.8,400000,44823,0.112058,151657,0.379142
-39.8,-40.6,400000,44339,0.110848,151913,0.379783
-39.8,-40.4,400000,44887,0.112217,151967,0.379918
-39.8,-40.2,400000,44945,0.112363,151911,0.379777
-39.8,-40,400000,44987,0.112467,151647,0.379117
-39.8,-39.8,400000,44904,0.11226,152267,0.380667
-39.8,-39.6,400000,44736,0.11184,152492,0.38123
-39.8,-39.4,400000,45327,0.113318,152690,0.381725
-39.8,-39.2,400000,44642,0.111605,151728,0.37932
-39.8,-39,400000,44726,0.111815,152061,0.380153
-39.8,-38.8,400000,44832,0.11208,151992,0.37998
-39.8,-38.6,400000,45180,0.11295,152310,0.380775
-39.8,-38.4,400000,44766,0.111915,151974,0.379935
-39.8,-38.2,400000,44916,0.11229,152069,0.380173
-39.8,-38,400000,44691,0.111727,152223,0.380557
-39.8,-37.8,400000,44915,0.112287,152472,0.38118
-39.8,-37.6,400000,44568,0.11142,151688,0.37922
-39.8,-37.4,400000,44767,0.111918,152026,0.380065
-39.8,-37.2,400000,44459,0.111147,152243,0.380607
-39.8,-37,400000,44956,0.11239,151890,0.379725
-39.8,-36.8,400000,45002,0.112505,151856,0.37964
-39.8,-36.6,400000,44756,0.11189,152162,0.380405
-39.8,-36.4,400000,44732,0.11183,151918,0.379795
-39.8,-36.2,400000,44279,0.110698,152340,0.38085
-39.8,-36,400000,45143,0.112857,151645,0.379113
-39.8,-35.8,400000,44813,0.112032,152069,0.380173
-39.8,-35.6,400000,44538,0.111345,152067,0.380167
-39.8,-35.4,400000,44835,0.112088,152509,0.381273
-39.8,-35.2,400000,44532,0.11133,152012,0.38003
-39.8,-35,400000,44807,0.112018,151695,0.379238
-39.8,-34.8,400000,44614,0.111535,151956,0.37989
-39.8,-34.6,400000,44499,0.111247,151745,0.379362
-39.8,-34.4,400000,45060,0.11265,152115,0.380288
-39.8,-34.2,400000,44678,0.111695,152539,0.381348
-39.8,-34,400000,44319,0.110797,151951,0.379877
-39.8,-33.8,400000,44877,0.112193,152067,0.380167
-39.8,-33.6,400000,44945,0.112363,152234,0.380585
-39.8,-33.4,400000,44771,0.111927,151519,0.378798
-39.8,-33.2,400000,44928,0.11232,152086,0.380215
-39.8,-33,400000,45033,0.112583,151932,0.37983
-39.8,-32.8,400000,44361,0.110903,151532,0.37883
-39.8,-32.6,400000,44669,0.111672,151772,0.37943
-39.8,-32.4,400000,44793,0.111982,151407,0.378518
-39.8,-32.2,400000,44759,0.111897,151756,0.37939
-39.8,-32,400000,44745,0.111863,152069,0.380173
-39.8,-31.8,400000,44854,0.112135,152240,0.3806
-39.8,-31.6,400000,44869,0.112172,152394,0.380985
-39.8,-31.4,400000,45202,0.113005,152072,0.38018
-39.8,-31.2,400000,44348,0.11087,151793,0.379483
-39.8,-31,400000,45050,0.112625,152634,0.381585
-39.8,-30.8,400000,44197,0.110492,151391,0.378478
-39.8,-30.6,400000,44687,0.111717,152168,0.38042
-39.8,-30.4,400000,45018,0.112545,151463,0.378657
-39.8,-30.2,400000,44657,0.111643,152001,0.380003
-39.8,-30,400000,45126,0.112815,152512,0.38128
-39.8,-29.8,400000,45301,0.113253,152670,0.381675
-39.8,-29.6,400000,44594,0.111485,151936,0.37984
-39.8,-29.4,400000,45006,0.112515,151878,0.379695
-39.8,-29.2,400000,45073,0.112683,152238,0.380595
-39.8,-29,400000,45137,0.112842,152101,0.380252
-39.8,-28.8,400000,44826,0.112065,152189,0.380472
-39.8,-28.6,400000,44616,0.11154,151517,0.378792
-39.8,-28.4,400000,45041,0.112602,152154,0.380385
-39.8,-28.2,400000,44380,0.11095,152160,0.3804
-39.8,-28,400000,44928,0.11232,151890,0.379725
-39.8,-27.8,400000,45058,0.112645,152084,0.38021
-39.8,-27.6,400000,44558,0.111395,150833,0.377082
-39.8,-27.4,400000,44003,0.110007,151756,0.37939
-39.8,-27.2,400000,44820,0.11205,152048,0.38012
-39.8,-27,400000,44791,0.111977,152403,0.381007
-39.8,-26.8,400000,45194,0.112985,152638,0.381595
-39.8,-26.6,400000,44810,0.112025,151890,0.379725
-39.8,-26.4,400000,45047,0.112617,152442,0.381105
-39.8,-26.2,400000,44870,0.112175,151661,0.379153
-39.8,-26,400000,44287,0.110717,151762,0.379405
-39.8,-25.8,400000,45353,0.113382,152625,0.381563
-39.8,-25.6,400000,44770,0.111925,152209,0.380522
-39.8,-25.4,400000,45057,0.112643,152642,0.381605
-39.8,-25.2,400000,44990,0.112475,152003,0.380007
-39.8,-25,400000,44535,0.111338,152328,0.38082
-39.8,-24.8,400000,44684,0.11171,152193,0.380483
-39.8,-24.6,400000,44098,0.110245,152176,0.38044
-39.8,-24.4,400000,44682,0.111705,151966,0.379915
-39.8,-24.2,400000,45089,0.112723,151525,0.378812
-39.8,-24,400000,45251,0.113128,152190,0.380475
-39.8,-23.8,400000,44843,0.112107,151583,0.378958
-39.8,-23.6,400000,45041,0.112602,152453,0.381132
-39.8,-23.4,400000,45005,0.112513,152180,0.38045
-39.8,-23.2,400000,44595,0.111488,151931,0.379827
-39.8,-23,400000,45069,0.112672,151621,0.379053
-39.8,-22.8,400000,44626,0.111565,151563,0.378908
-39.8,-22.6,400000,44777,0.111943,152094,0.380235
-39.8,-22.4,400000,44842,0.112105,152216,0.38054
-39.8,-22.2,400000,44993,0.112482,151580,0.37895
-39.8,-22,400000,44834,0.112085,152326,0.380815
-39.8,-21.8,400000,44533,0.111333,151831,0.379578
-39.8,-21.6,400000,44885,0.112213,151679,0.379198
-39.8,-21.4,400000,45257,0.113142,152376,0.38094
-39.8,-21.2,400000,44439,0.111098,151474,0.378685
-39.8,-21,400000,44651,0.111628,151313,0.378283
-39.8,-20.8,400000,44473,0.111183,151724,0.37931
-39.8,-20.6,400000,44735,0.111838,151765,0.379412
-39.8,-20.4,400000,45139,0.112848,152573,0.381433
-39.8,-20.2,400000,44921,0.112302,152073,0.380182
-39.8,-20,400000,44156,0.11039,151995,0.379987
-39.8,-19.8,400000,44084,0.11021,151453,0.378632
-39.8,-19.6,400000,45239,0.113098,151987,0.379968
-39.8,-19.4,400000,44581,0.111452,152059,0.380148
-39.8,-19.2,400000,44805,0.112013,151944,0.37986
-39.8,-19,400000,44405,0.111013,151903,0.379758
-39.8,-18.8,400000,44425,0.111062,152164,0.38041
-39.8,-18.6,400000,44700,0.11175,152317,0.380792
-39.8,-18.4,400000,45361,0.113403,151986,0.379965
-39.8,-18.2,400000,44709,0.111772,151709,0.379273
-39.8,-18,400000,44711,0.111778,151759,0.379397
-39.8,-17.8,400000,44989,0.112473,151549,0.378873
-39.8,-17.6,400000,44557,0.111393,152455,0.381138
-39.8,-17.4,400000,44206,0.110515,152032,0.38008
-39.8,-17.2,400000,44362,0.110905,152318,0.380795
-39.8,-17,400000,45130,0.112825,152189,0.380472
-39.8,-16.8,400000,44702,0.111755,151857,0.379642
-39.8,-16.6,400000,44631,0.111577,151825,0.379563
-39.8,-16.4,400000,44731,0.111827,151905,0.379763
-39.8,-16.2,400000,44653,0.111632,152018,0.380045
-39.8,-16,400000,44777,0.111943,151937,0.379843
-39.8,-15.8,400000,44692,0.11173,152338,0.380845
-39.8,-15.6,400000,45062,0.112655,151953,0.379883
-39.8,-15.4,400000,45073,0.112683,152612,0.38153
-39.8,-15.2,400000,44906,0.112265,152401,0.381003
-39.8,-15,400000,44856,0.11214,152419,0.381047
-39.8,-14.8,400000,44753,0.111882,152099,0.380248
-39.8,-14.6,400000,44862,0.112155,152041,0.380103
-39.8,-14.4,400000,45160,0.1129,152568,0.38142
-39.8,-14.2,400000,44449,0.111122,151901,0.379752
-39.8,-14,400000,44827,0.112068,152420,0.38105
-39.8,-13.8,400000,45268,0.11317,152267,0.380667
-39.8,-13.6,400000,44924,0.11231,152311,0.380777
-39.8,-13.4,400000,45070,0.112675,152605,0.381512
-39.8,-13.2,400000,44167,0.110418,151677,0.379192
-39.8,-13,400000,44781,0.111952,152197,0.380493
-39.8,-12.8,400000,44485,0.111213,151869,0.379673
-39.8,-12.6,400000,45343,0.113357,152019,0.380047
-39.8,-12.4,400000,44595,0.111488,151835,0.379588
-39.8,-12.2,400000,45400,0.1135,152082,0.380205
-39.8,-12,400000,44916,0.11229,152141,0.380352
-39.8,-11.8,400000,44218,0.110545,151690,0.379225
-39.8,-11.6,400000,44819,0.112047,152196,0.38049
-39.8,-11.4,400000,44752,0.11188,151894,0.379735
-39.8,-11.2,400000,44489,0.111223,152256,0.38064
-39.8,-11,400000,45252,0.11313,152291,0.380727
-39.8,-10.8,400000,44665,0.111662,151813,0.379532
-39.8,-10.6,400000,44989,0.112473,152565,0.381412
-39.8,-10.4,400000,44994,0.112485,152584,0.38146
-39.8,-10.2,400000,44556,0.11139,151965,0.379912
-39.8,-10,400000,44586,0.111465,152089,0.380223
-39.8,-9.8,400000,44950,0.112375,152267,0.380667
-39.8,-9.6,400000,44858,0.112145,152132,0.38033
-39.8,-9.4,400000,44921,0.112302,152280,0.3807
-39.8,-9.2,400000,45129,0.112823,152435,0.381088
-39.8,-9,400000,44625,0.111562,151955,0.379887
-39.8,-8.8,400000,45057,0.112643,151977,0.379943
-39.8,-8.6,400000,44673,0.111683,152073,0.380182
-39.8,-8.4,400000,45282,0.113205,153072,0.38268
-39.8,-8.2,400000,45049,0.112623,152015,0.380037
-39.8,-8,400000,44703,0.111757,151920,0.3798
-39.8,-7.8,400000,44686,0.111715,152466,0.381165
-39.8,-7.6,400000,44649,0.111622,152373,0.380933
-39.8,-7.4,400000,44994,0.112485,152404,0.38101
-39.8,-7.2,400000,44750,0.111875,152209,0.380522
-39.8,-7,400000,44742,0.111855,151903,0.379758
-39.8,-6.8,400000,45028,0.11257,152573,0.381433
-39.8,-6.6,400000,44569,0.111422,151766,0.379415
-39.8,-6.4,400000,44852,0.11213,152094,0.380235
-39.8,-6.2,400000,44835,0.112088,151837,0.379592
-39.8,-6,400000,44642,0.111605,152419,0.381047
-39.8,-5.8,400000,44400,0.111,152012,0.38003
-39.8,-5.6,400000,45325,0.113312,151853,0.379632
-39.8,-5.4,400000,45557,0.113892,152363,0.380908
-39.8,-5.2,400000,44827,0.112068,152053,0.380132
-39.8,-5,400000,44621,0.111552,151939,0.379848
-39.8,-4.8,400000,44328,0.11082,151734,0.379335
-39.8,-4.6,400000,44579,0.111448,152173,0.380433
-39.8,-4.4,400000,44646,0.111615,151855,0.379638
-39.8,-4.2,400000,44674,0.111685,151970,0.379925
-39.8,-4,400000,44603,0.111507,152551,0.381377
-39.8,-3.8,400000,44683,0.111708,151893,0.379732
-39.8,-3.6,400000,45286,0.113215,152462,0.381155
-39.8,-3.4,400000,44642,0.111605,151454,0.378635
-39.8,-3.2,400000,44936,0.11234,152343,0.380858
-39.8,-3,400000,45075,0.112687,152453,0.381132
-39.8,-2.8,400000,44951,0.112378,152043,0.380107
-39.8,-2.6,400000,44845,0.112113,152642,0.381605
-39.8,-2.4,400000,44310,0.110775,151795,0.379487
-39.8,-2.2,400000,44504,0.11126,151693,0.379232
-39.8,-2,400000,44550,0.111375,151935,0.379837
-39.8,-1.8,400000,44709,0.111772,152218,0.380545
-39.8,-1.6,400000,44983,0.112458,151810,0.379525
-39.8,-1.4,400000,44783,0.111958,151424,0.37856
-39.8,-1.2,400000,44455,0.111138,151790,0.379475
-39.8,-1,400000,44915,0.112287,152197,0.380493
-39.8,-0.8,400000,44638,0.111595,151927,0.379817
-39.8,-0.6,400000,45084,0.11271,151751,0.379377
-39.8,-0.4,400000,45067,0.112668,152160,0.3804
-39.8,-0.2,400000,45196,0.11299,152378,0.380945
-39.8,0,400000,44577,0.111442,151512,0.37878
-39.8,0.2,400000,44957,0.112393,152483,0.381207
-39.8,0.4,400000,44936,0.11234,152042,0.380105
-39.8,0.6,400000,45035,0.112587,151740,0.37935
-39.8,0.8,400000,44878,0.112195,151916,0.37979
-39.8,1,400000,44507,0.111268,152175,0.380437
-39.8,1.2,400000,44728,0.11182,151664,0.37916
-39.8,1.4,400000,44619,0.111547,152027,0.380068
-39.8,1.6,400000,44891,0.112227,152298,0.380745
-39.8,1.8,400000,45065,0.112662,151901,0.379752
-39.8,2,400000,45440,0.1136,152266,0.380665
-39.8,2.2,400000,44465,0.111162,151683,0.379207
-39.8,2.4,400000,44857,0.112143,152377,0.380943
-39.8,2.6,400000,44817,0.112043,152401,0.381003
-39.8,2.8,400000,45086,0.112715,152596,0.38149
-39.8,3,400000,45380,0.11345,152733,0.381833
-39.8,3.2,400000,44840,0.1121,151865,0.379663
-39.8,3.4,400000,45401,0.113503,152519,0.381298
-39.8,3.6,400000,44827,0.112068,152111,0.380277
-39.8,3.8,400000,44638,0.111595,151771,0.379427
-39.8,4,400000,44897,0.112242,151776,0.37944
-39.8,4.2,400000,44527,0.111317,152358,0.380895
-39.8,4.4,400000,45008,0.11252,152162,0.380405
-39.8,4.6,400000,44968,0.11242,151882,0.379705
-39.8,4.8,400000,44095,0.110238,151625,0.379063
-39.8,5,400000,45084,0.11271,152209,0.380522
-39.8,5.2,400000,45145,0.112863,152327,0.380817
-39.8,5.4,400000,44634,0.111585,151982,0.379955
-39.8,5.6,400000,44569,0.111422,152285,0.380713
-39.8,5.8,400000,44756,0.11189,151687,0.379217
-39.8,6,400000,45242,0.113105,152315,0.380788
-39.8,6.2,400000,45343,0.113357,152257,0.380642
-39.8,6.4,400000,44832,0.11208,151695,0.379238
-39.8,6.6,400000,44705,0.111763,151724,0.37931
-39.8,6.8,400000,44495,0.111238,151859,0.379648
-39.8,7,400000,45099,0.112748,152636,0.38159
-39.8,7.2,400000,44934,0.112335,151364,0.37841
-39.8,7.4,400000,45210,0.113025,152425,0.381063
-39.8,7.6,400000,44826,0.112065,152324,0.38081
-39.8,7.8,400000,45170,0.112925,152392,0.38098
-39.8,8,400000,44828,0.11207,152493,0.381232
-39.8,8.2,400000,44646,0.111615,152135,0.380337
-39.8,8.4,400000,44652,0.11163,151406,0.378515
-39.8,8.6,400000,45197,0.112992,152244,0.38061
-39.8,8.8,400000,44998,0.112495,152428,0.38107
-39.8,9,400000,44973,0.112433,152066,0.380165
-39.8,9.2,400000,44861,0.112153,151948,0.37987
-39.8,9.4,400000,44402,0.111005,152757,0.381893
-39.8,9.6,400000,45134,0.112835,152272,0.38068
-39.8,9.8,400000,45045,0.112613,152365,0.380912
-39.8,10,400000,44825,0.112062,151865,0.379663
-39.8,10.2,400000,44694,0.111735,152238,0.380595
-39.8,10.4,400000,45050,0.112625,152693,0.381732
-39.8,10.6,400000,44902,0.112255,152727,0.381817
-39.8,10.8,400000,44940,0.11235,152281,0.380702
-39.8,11,400000,45094,0.112735,151982,0.379955
-39.8,11.2,400000,44543,0.111357,151685,0.379213
-39.8,11.4,400000,44683,0.111708,152315,0.380788
-39.8,11.6,400000,44234,0.110585,151736,0.37934
-39.8,11.8,400000,44986,0.112465,152354,0.380885
-39.8,12,400000,44665,0.111662,152141,0.380352
-39.8,12.2,400000,44800,0.112,152109,0.380273
-39.8,12.4,400000,45025,0.112562,152843,0.382107
-39.8,12.6,400000,44894,0.112235,152606,0.381515
-39.8,12.8,400000,45194,0.112985,152834,0.382085
-39.8,13,400000,44803,0.112007,152608,0.38152
-39.8,13.2,400000,44326,0.110815,151305,0.378263
-39.8,13.4,400000,44814,0.112035,151906,0.379765
-39.8,13.6,400000,45521,0.113803,152979,0.382447
-39.8,13.8,400000,45075,0.112687,152505,0.381263
-39.8,14,400000,44810,0.112025,152440,0.3811
-39.8,14.2,400000,45213,0.113032,152493,0.381232
-39.8,14.4,400000,44860,0.11215,151914,0.379785
-39.8,14.6,400000,44198,0.110495,151822,0.379555
-39.8,14.8,400000,44549,0.111372,151194,0.377985
-39.8,15,400000,44796,0.11199,152263,0.380657
-39.8,15.2,400000,44702,0.111755,152282,0.380705
-39.8,15.4,400000,44715,0.111787,152279,0.380698
-39.8,15.6,400000,45089,0.112723,152278,0.380695
-39.8,15.8,400000,44544,0.11136,151986,0.379965
-39.8,16,400000,44633,0.111583,152063,0.380157
-39.8,16.2,400000,44374,0.110935,151653,0.379132
-39.8,16.4,400000,45187,0.112967,152276,0.38069
-39.8,16.6,400000,44802,0.112005,151979,0.379947
-39.8,16.8,400000,44912,0.11228,152612,0.38153
-39.8,17,400000,44960,0.1124,152494,0.381235
-39.8,17.2,400000,45075,0.112687,151921,0.379802
-39.8,17.4,400000,45022,0.112555,151780,0.37945
-39.8,17.6,400000,44724,0.11181,151851,0.379628
-39.8,17.8,400000,44611,0.111528,152208,0.38052
-39.8,18,400000,44344,0.11086,152188,0.38047
-39.8,18.2,400000,44981,0.112452,151657,0.379142
-39.8,18.4,400000,44983,0.112458,152698,0.381745
-39.8,18.6,400000,44035,0.110088,151316,0.37829
-39.8,18.8,400000,44338,0.110845,151774,0.379435
-39.8,19,400000,44558,0.111395,152054,0.380135
-39.8,19.2,400000,45254,0.113135,152151,0.380377
-39.8,19.4,400000,44871,0.112177,152453,0.381132
-39.8,19.6,400000,44355,0.110887,152111,0.380277
-39.8,19.8,400000,44996,0.11249,152680,0.3817
-39.8,20,400000,45184,0.11296,151763,0.379408
-39.8,20.2,400000,44653,0.111632,151938,0.379845
-39.8,20.4,400000,44859,0.112147,152375,0.380937
-39.8,20.6,400000,44687,0.111717,151820,0.37955
-39.8,20.8,400000,44878,0.112195,152137,0.380342
-39.8,21,400000,44617,0.111543,151775,0.379437
-39.8,21.2,400000,44835,0.112088,151202,0.378005
-39.8,21.4,400000,44903,0.112257,152280,0.3807
-39.8,21.6,400000,44854,0.112135,152458,0.381145
-39.8,21.8,400000,44701,0.111753,152177,0.380443
-39.8,22,400000,44795,0.111988,151574,0.378935
-39.8,22.2,400000,44622,0.111555,151590,0.378975
-39.8,22.4,400000,44665,0.111662,152122,0.380305
-39.8,22.6,400000,44971,0.112427,152128,0.38032
-39.8,22.8,400000,44964,0.11241,152587,0.381468
-39.8,23,400000,44939,0.112348,152354,0.380885
-39.8,23.2,400000,44985,0.112463,152447,0.381117
-39.8,23.4,400000,45361,0.113403,151898,0.379745
-39.8,23.6,400000,44743,0.111857,152449,0.381122
-39.8,23.8,400000,44487,0.111217,151757,0.379393
-39.8,24,400000,44754,0.111885,151877,0.379692
-39.8,24.2,400000,44884,0.11221,152352,0.38088
-39.8,24.4,400000,44669,0.111672,151834,0.379585
-39.8,24.6,400000,44950,0.112375,152284,0.38071
-39.8,24.8,400000,44707,0.111768,152328,0.38082
-39.8,25,400000,44805,0.112013,151881,0.379702
-39.8,25.2,400000,44453,0.111132,151703,0.379258
-39.8,25.4,400000,44897,0.112242,152205,0.380512
-39.8,25.6,400000,44773,0.111933,151933,0.379833
-39.8,25.8,400000,44984,0.11246,151846,0.379615
-39.8,26,400000,44944,0.11236,152358,0.380895
-39.8,26.2,400000,44722,0.111805,151784,0.37946
-39.8,26.4,400000,44888,0.11222,151981,0.379953
-39.8,26.6,400000,44764,0.11191,152571,0.381427
-39.8,26.8,400000,44904,0.11226,152018,0.380045
-39.8,27,400000,44669,0.111672,152304,0.38076
-39.8,27.2,400000,44593,0.111482,151889,0.379723
-39.8,27.4,400000,44625,0.111562,152394,0.380985
-39.8,27.6,400000,45195,0.112988,152870,0.382175
-39.8,27.8,400000,44932,0.11233,151489,0.378723
-39.8,28,400000,44765,0.111912,152071,0.380178
-39.8,28.2,400000,44691,0.111727,151611,0.379028
-39.8,28.4,400000,44887,0.112217,152128,0.38032
-39.8,28.6,400000,44765,0.111912,152339,0.380848
-39.8,28.8,400000,44457,0.111143,151258,0.378145
-39.8,29,400000,44539,0.111348,152117,0.380292
-39.8,29.2,400000,44548,0.11137,151942,0.379855
-39.8,29.4,400000,44123,0.110308,151699,0.379248
-39.8,29.6,400000,44830,0.112075,152250,0.380625
-39.8,29.8,400000,44861,0.112153,152135,0.380337
-39.8,30,400000,44611,0.111528,152142,0.380355
-39.8,30.2,400000,44893,0.112232,152349,0.380873
-39.8,30.4,400000,44886,0.112215,151962,0.379905
-39.8,30.6,400000,44900,0.11225,151865,0.379663
-39.8,30.8,400000,45112,0.11278,152272,0.38068
-39.8,31,400000,44969,0.112422,152299,0.380748
-39.8,31.2,400000,44783,0.111958,152322,0.380805
-39.8,31.4,400000,44547,0.111367,152037,0.380092
-39.8,31.6,400000,44568,0.11142,151734,0.379335
-39.8,31.8,400000,44177,0.110442,151851,0.379628
-39.8,32,400000,44719,0.111797,151853,0.379632
-39.8,32.2,400000,44299,0.110747,151712,0.37928
-39.8,32.4,400000,45140,0.11285,152614,0.381535
-39.8,32.6,400000,44423,0.111058,151697,0.379242
-39.8,32.8,400000,44790,0.111975,151744,0.37936
-39.8,33,400000,44763,0.111907,152362,0.380905
-39.8,33.2,400000,44701,0.111753,151980,0.37995
-39.8,33.4,400000,45163,0.112907,152938,0.382345
-39.8,33.6,400000,45008,0.11252,151921,0.379802
-39.8,33.8,400000,45710,0.114275,152089,0.380223
-39.8,34,400000,45071,0.112677,152319,0.380798
-39.8,34.2,400000,45282,0.113205,152165,0.380412
-39.8,34.4,400000,45274,0.113185,152578,0.381445
-39.8,34.6,400000,44443,0.111107,152189,0.380472
-39.8,34.8,400000,44632,0.11158,151939,0.379848
-39.8,35,400000,44713,0.111783,151913,0.379783
-39.8,35.2,400000,44280,0.1107,151698,0.379245
-39.8,35.4,400000,45251,0.113128,152210,0.380525
-39.8,35.6,400000,44532,0.11133,151320,0.3783
-39.8,35.8,400000,44913,0.112282,152181,0.380453
-39.8,36,400000,44689,0.111723,151598,0.378995
-39.8,36.2,400000,44868,0.11217,151992,0.37998
-39.8,36.4,400000,44501,0.111253,151684,0.37921
-39.8,36.6,400000,44928,0.11232,152567,0.381418
-39.8,36.8,400000,44890,0.112225,152017,0.380043
-39.8,37,400000,44941,0.112352,151562,0.378905
-39.8,37.2,400000,45336,0.11334,152720,0.3818
-39.8,37.4,400000,44337,0.110842,151631,0.379078
-39.8,37.6,400000,44793,0.111982,151977,0.379943
-39.8,37.8,400000,44921,0.112302,151923,0.379808
-39.8,38,400000,44651,0.111628,151833,0.379582
-39.8,38.2,400000,45055,0.112638,152553,0.381383
-39.8,38.4,400000,44512,0.11128,151287,0.378217
-39.8,38.6,400000,45011,0.112528,152169,0.380422
-39.8,38.8,400000,44606,0.111515,151925,0.379812
-39.8,39,400000,44487,0.111217,152065,0.380163
-39.8,39.2,400000,44279,0.110698,151868,0.37967
-39.8,39.4,400000,44993,0.112482,152008,0.38002
-39.8,39.6,400000,44539,0.111348,151490,0.378725
-39.8,39.8,400000,44596,0.11149,151447,0.378617
-39.8,40,400000,44521,0.111302,151830,0.379575
-39.8,40.2,400000,44657,0.111643,151605,0.379012
-39.8,40.4,400000,44665,0.111662,152499,0.381248
-39.8,40.6,400000,44779,0.111948,152496,0.38124
-39.8,40.8,400000,44868,0.11217,152218,0.380545
-39.8,41,400000,44375,0.110937,151940,0.37985
-39.8,41.2,400000,45125,0.112812,152115,0.380288
-39.8,41.4,400000,44553,0.111382,152272,0.38068
-39.8,41.6,400000,44744,0.11186,151882,0.379705
-39.8,41.8,400000,45049,0.112623,152050,0.380125
-39.8,42,400000,44647,0.111617,151967,0.379918
-39.8,42.2,400000,44977,0.112443,151876,0.37969
-39.8,42.4,400000,44945,0.112363,152227,0.380568
-39.8,42.6,400000,44764,0.11191,151930,0.379825
-39.8,42.8,400000,44861,0.112153,151920,0.3798
-39.8,43,400000,44999,0.112498,152299,0.380748
-39.8,43.2,400000,44825,0.112062,152060,0.38015
-39.8,43.4,400000,44972,0.11243,152568,0.38142
-39.8,43.6,400000,45199,0.112998,151643,0.379107
-39.8,43.8,400000,44669,0.111672,151870,0.379675
-39.8,44,400000,44364,0.11091,151575,0.378937
-39.8,44.2,400000,45066,0.112665,151819,0.379547
-39.8,44.4,400000,44546,0.111365,151536,0.37884
-39.8,44.6,400000,45119,0.112797,152615,0.381537
-39.8,44.8,400000,45076,0.11269,152189,0.380472
-39.8,45,400000,45068,0.11267,152131,0.380327
-39.8,45.2,400000,44595,0.111488,151852,0.37963
-39.8,45.4,400000,45074,0.112685,152230,0.380575
-39.8,45.6,400000,44653,0.111632,152292,0.38073
-39.8,45.8,400000,44841,0.112102,151885,0.379713
-39.8,46,400000,44833,0.112083,152371,0.380927
-39.8,46.2,400000,44744,0.11186,152534,0.381335
-39.8,46.4,400000,44853,0.112132,152081,0.380202
-39.8,46.6,400000,45055,0.112638,151880,0.3797
-39.8,46.8,400000,44695,0.111738,151847,0.379617
-39.8,47,400000,45168,0.11292,152310,0.380775
-39.8,47.2,400000,44848,0.11212,152634,0.381585
-39.8,47.4,400000,44854,0.112135,152289,0.380723
-39.8,47.6,400000,44309,0.110772,151397,0.378493
-39.8,47.8,400000,45283,0.113208,152461,0.381153
-39.8,48,400000,44747,0.111867,152088,0.38022
-39.8,48.2,400000,44751,0.111878,152103,0.380258
-39.8,48.4,400000,44487,0.111217,151255,0.378138
-39.8,48.6,400000,44911,0.112278,152025,0.380063
-39.8,48.8,400000,44507,0.111268,151643,0.379107
-39.8,49,400000,44865,0.112162,152951,0.382377
-39.8,49.2,400000,44906,0.112265,152412,0.38103
-39.8,49.4,400000,44916,0.11229,151939,0.379848
-39.8,49.6,400000,45032,0.11258,152008,0.38002
-39.8,49.8,400000,45268,0.11317,151632,0.37908
-39.8,50,400000,44747,0.111867,151721,0.379302
-39.6,-50,400000,44594,0.111485,151690,0.379225
-39.6,-49.8,400000,44687,0.111717,151613,0.379032
-39.6,-49.6,400000,45077,0.112693,152403,0.381007
-39.6,-49.4,400000,44617,0.111543,152066,0.380165
-39.6,-49.2,400000,44380,0.11095,151443,0.378607
-39.6,-49,400000,45054,0.112635,152140,0.38035
-39.6,-48.8,400000,45146,0.112865,152163,0.380408
-39.6,-48.6,400000,44580,0.11145,151975,0.379937
-39.6,-48.4,400000,45333,0.113333,152475,0.381188
-39.6,-48.2,400000,45226,0.113065,151937,0.379843
-39.6,-48,400000,45123,0.112808,152254,0.380635
-39.6,-47.8,400000,45379,0.113448,152504,0.38126
-39.6,-47.6,400000,44846,0.112115,152145,0.380362
-39.6,-47.4,400000,44685,0.111713,151886,0.379715
-39.6,-47.2,400000,44715,0.111787,151752,0.37938
-39.6,-47,400000,44808,0.11202,152146,0.380365
-39.6,-46.8,400000,44537,0.111342,151912,0.37978
-39.6,-46.6,400000,45292,0.11323,152059,0.380148
-39.6,-46.4,400000,44413,0.111033,151625,0.379063
-39.6,-46.2,400000,44008,0.11002,151652,0.37913
-39.6,-46,400000,44747,0.111867,151506,0.378765
-39.6,-45.8,400000,45001,0.112503,152187,0.380468
-39.6,-45.6,400000,44746,0.111865,152325,0.380812
-39.6,-45.4,400000,45043,0.112607,152234,0.380585
-39.6,-45.2,400000,44967,0.112418,152631,0.381578
-39.6,-45,400000,45156,0.11289,152575,0.381437
-39.6,-44.8,400000,45412,0.11353,152585,0.381462
-39.6,-44.6,400000,45073,0.112683,151573,0.378933
-39.6,-44.4,400000,44463,0.111158,151726,0.379315
-39.6,-44.2,400000,44806,0.112015,151904,0.37976
-39.6,-44,400000,44935,0.112338,152000,0.38
-39.6,-43.8,400000,44985,0.112463,151921,0.379802
-39.6,-43.6,400000,45315,0.113287,151967,0.379918
-39.6,-43.4,400000,44908,0.11227,152658,0.381645
-39.6,-43.2,400000,44712,0.11178,151864,0.37966
-39.6,-43,400000,44499,0.111247,152129,0.380323
-39.6,-42.8,400000,44617,0.111543,151904,0.37976
-39.6,-42.6,400000,44818,0.112045,152576,0.38144
-39.6,-42.4,400000,44610,0.111525,151512,0.37878
-39.6,-42.2,400000,44775,0.111937,151880,0.3797
-39.6,-42,400000,44945,0.112363,152193,0.380483
-39.6,-41.8,400000,44430,0.111075,152246,0.380615
-39.6,-41.6,400000,44586,0.111465,152206,0.380515
-39.6,-41.4,400000,44835,0.112088,151823,0.379557
-39.6,-41.2,400000,44544,0.11136,152756,0.38189
-39.6,-41,400000,44700,0.11175,151823,0.379557
-39.6,-40.8,400000,44643,0.111607,152294,0.380735
-39.6,-40.6,400000,44302,0.110755,151514,0.378785
-39.6,-40.4,400000,44884,0.11221,151982,0.379955
-39.6,-40.2,400000,44371,0.110927,151711,0.379277
-39.6,-40,400000,44404,0.11101,151720,0.3793
-39.6,-39.8,400000,44988,0.11247,152497,0.381242
-39.6,-39.6,400000,45104,0.11276,152415,0.381037
-39.6,-39.4,400000,44945,0.112363,151546,0.378865
-39.6,-39.2,400000,45170,0.112925,152395,0.380987
-39.6,-39,400000,44757,0.111893,152383,0.380958
-39.6,-38.8,400000,44565,0.111412,152195,0.380487
-39.6,-38.6,400000,44311,0.110778,151595,0.378987
-39.6,-38.4,400000,44710,0.111775,152149,0.380373
-39.6,-38.2,400000,44910,0.112275,152102,0.380255
-39.6,-38,400000,44708,0.11177,151960,0.3799
-39.6,-37.8,400000,45337,0.113342,152130,0.380325
-39.6,-37.6,400000,44687,0.111717,151904,0.37976
-39.6,-37.4,400000,44885,0.112213,151185,0.377962
-39.6,-37.2,400000,44944,0.11236,152421,0.381053
-39.6,-37,400000,44762,0.111905,152048,0.38012
-39.6,-36.8,400000,44612,0.11153,151441,0.378603
-39.6,-36.6,400000,44539,0.111348,151791,0.379478
-39.6,-36.4,400000,44718,0.111795,151750,0.379375
-39.6,-36.2,400000,44298,0.110745,151647,0.379117
-39.6,-36,400000,44583,0.111458,152101,0.380252
-39.6,-35.8,400000,45042,0.112605,152003,0.380007
-39.6,-35.6,400000,45074,0.112685,152148,0.38037
-39.6,-35.4,400000,44640,0.1116,152176,0.38044
-39.6,-35.2,400000,44874,0.112185,151850,0.379625
-39.6,-35,400000,44691,0.111727,152676,0.38169
-39.6,-34.8,400000,44235,0.110588,151833,0.379582
-39.6,-34.6,400000,45028,0.11257,151862,0.379655
-39.6,-34.4,400000,45347,0.113367,152340,0.38085
-39.6,-34.2,400000,44884,0.11221,152892,0.38223
-39.6,-34,400000,44453,0.111132,152227,0.380568
-39.6,-33.8,400000,44683,0.111708,152532,0.38133
-39.6,-33.6,400000,44809,0.112022,151738,0.379345
-39.6,-33.4,400000,44940,0.11235,152487,0.381217
-39.6,-33.2,400000,44750,0.111875,152616,0.38154
-39.6,-33,400000,45201,0.113003,152415,0.381037
-39.6,-32.8,400000,45043,0.112607,152430,0.381075
-39.6,-32.6,400000,44932,0.11233,151836,0.37959
-39.6,-32.4,400000,44733,0.111833,151869,0.379673
-39.6,-32.2,400000,44259,0.110647,151891,0.379727
-39.6,-32,400000,45578,0.113945,153076,0.38269
-39.6,-31.8,400000,44480,0.1112,152225,0.380563
-39.6,-31.6,400000,44839,0.112098,151931,0.379827
-39.6,-31.4,400000,44359,0.110897,152068,0.38017
-39.6,-31.2,400000,44832,0.11208,152339,0.380848
-39.6,-31,400000,44427,0.111067,151789,0.379472
-39.6,-30.8,400000,45189,0.112973,152100,0.38025
-39.6,-30.6,400000,44458,0.111145,151767,0.379418
-39.6,-30.4,400000,44778,0.111945,151753,0.379383
-39.6,-30.2,400000,45513,0.113782,152096,0.38024
-39.6,-30,400000,44904,0.11226,152371,0.380927
-39.6,-29.8,400000,44858,0.112145,152454,0.381135
-39.6,-29.6,400000,45085,0.112712,151735,0.379337
-39.6,-29.4,400000,44843,0.112107,151992,0.37998
-39.6,-29.2,400000,44998,0.112495,152268,0.38067
-39.6,-29,400000,44869,0.112172,152191,0.380478
-39.6,-28.8,400000,44375,0.110937,151469,0.378673
-39.6,-28.6,400000,44817,0.112043,151860,0.37965
-39.6,-28.4,400000,44319,0.110797,151712,0.37928
-39.6,-28.2,400000,44864,0.11216,152149,0.380373
-39.6,-28,400000,44737,0.111842,152120,0.3803
-39.6,-27.8,400000,44709,0.111772,151821,0.379553
-39.6,-27.6,400000,44441,0.111103,151445,0.378613
-39.6,-27.4,400000,44851,0.112128,151931,0.379827
-39.6,-27.2,400000,44860,0.11215,152188,0.38047
-39.6,-27,400000,44557,0.111393,151823,0.379557
-39.6,-26.8,400000,44885,0.112213,152281,0.380702
-39.6,-26.6,400000,44674,0.111685,151963,0.379908
-39.6,-26.4,400000,44941,0.112352,151513,0.378783
-39.6,-26.2,400000,44420,0.11105,152252,0.38063
-39.6,-26,400000,44324,0.11081,151814,0.379535
-39.6,-25.8,400000,45246,0.113115,153038,0.382595
-39.6,-25.6,400000,45204,0.11301,152660,0.38165
-39.6,-25.4,400000,44380,0.11095,151472,0.37868
-39.6,-25.2,400000,45291,0.113227,152152,0.38038
-39.6,-25,400000,44860,0.11215,152147,0.380368
-39.6,-24.8,400000,44801,0.112003,152597,0.381493
-39.6,-24.6,400000,44890,0.112225,151793,0.379483
-39.6,-24.4,400000,44618,0.111545,152622,0.381555
-39.6,-24.2,400000,44873,0.112183,151743,0.379358
-39.6,-24,400000,44838,0.112095,151933,0.379833
-39.6,-23.8,400000,45044,0.11261,151792,0.37948
-39.6,-23.6,400000,45179,0.112948,151669,0.379173
-39.6,-23.4,400000,44712,0.11178,152183,0.380458
-39.6,-23.2,400000,45817,0.114543,152496,0.38124
-39.6,-23,400000,44968,0.11242,152121,0.380302
-39.6,-22.8,400000,44985,0.112463,152152,0.38038
-39.6,-22.6,400000,44317,0.110793,152215,0.380537
-39.6,-22.4,400000,44694,0.111735,152362,0.380905
-39.6,-22.2,400000,44727,0.111818,151977,0.379943
-39.6,-22,400000,45043,0.112607,152498,0.381245
-39.6,-21.8,400000,44797,0.111992,151449,0.378622
-39.6,-21.6,400000,45110,0.112775,151887,0.379717
-39.6,-21.4,400000,44829,0.112073,152600,0.3815
-39.6,-21.2,400000,44629,0.111573,151818,0.379545
-39.6,-21,400000,45227,0.113068,152223,0.380557
-39.6,-20.8,400000,44950,0.112375,152555,0.381387
-39.6,-20.6,400000,44654,0.111635,151970,0.379925
-39.6,-20.4,400000,44750,0.111875,152205,0.380512
-39.6,-20.2,400000,45064,0.11266,152411,0.381028
-39.6,-20,400000,45184,0.11296,152461,0.381153
-39.6,-19.8,400000,44533,0.111333,151886,0.379715
-39.6,-19.6,400000,45036,0.11259,152096,0.38024
-39.6,-19.4,400000,44866,0.112165,151983,0.379958
-39.6,-19.2,400000,44758,0.111895,152059,0.380148
-39.6,-19,400000,44928,0.11232,152059,0.380148
-39.6,-18.8,400000,45001,0.112503,152007,0.380018
-39.6,-18.6,400000,44555,0.111388,152092,0.38023
-39.6,-18.4,400000,44243,0.110607,151354,0.378385
-39.6,-18.2,400000,44665,0.111662,152588,0.38147
-39.6,-18,400000,44691,0.111727,151709,0.379273
-39.6,-17.8,400000,44702,0.111755,151867,0.379667
-39.6,-17.6,400000,44677,0.111693,151893,0.379732
-39.6,-17.4,400000,44592,0.11148,151940,0.37985
-39.6,-17.2,400000,44943,0.112357,151990,0.379975
-39.6,-17,400000,44235,0.110588,152042,0.380105
-39.6,-16.8,400000,45314,0.113285,152312,0.38078
-39.6,-16.6,400000,44664,0.11166,151979,0.379947
-39.6,-16.4,400000,44481,0.111202,151973,0.379933
-39.6,-16.2,400000,44892,0.11223,152396,0.38099
-39.6,-16,400000,44764,0.11191,152255,0.380638
-39.6,-15.8,400000,44437,0.111092,151823,0.379557
-39.6,-15.6,400000,44706,0.111765,152068,0.38017
-39.6,-15.4,400000,44694,0.111735,151885,0.379713
-39.6,-15.2,400000,44581,0.111452,152072,0.38018
-39.6,-15,400000,44774,0.111935,152073,0.380182
-39.6,-14.8,400000,44924,0.11231,152179,0.380447
-39.6,-14.6,400000,44500,0.11125,152423,0.381057
-39.6,-14.4,400000,44603,0.111507,152532,0.38133
-39.6,-14.2,400000,44653,0.111632,151836,0.37959
-39.6,-14,400000,44885,0.112213,152282,0.380705
-39.6,-13.8,400000,44582,0.111455,151566,0.378915
-39.6,-13.6,400000,44658,0.111645,152076,0.38019
-39.6,-13.4,400000,44760,0.1119,152723,0.381808
-39.6,-13.2,400000,44748,0.11187,152264,0.38066
-39.6,-13,400000,45163,0.112907,151921,0.379802
-39.6,-12.8,400000,45298,0.113245,152546,0.381365
-39.6,-12.6,400000,44670,0.111675,151475,0.378688
-39.6,-12.4,400000,44624,0.11156,151506,0.378765
-39.6,-12.2,400000,44791,0.111977,152452,0.38113
-39.6,-12,400000,44467,0.111168,152176,0.38044
-39.6,-11.8,400000,44667,0.111668,152385,0.380962
-39.6,-11.6,400000,44957,0.112393,152694,0.381735
-39.6,-11.4,400000,44944,0.11236,152419,0.381047
-39.6,-11.2,400000,44814,0.112035,152246,0.380615
-39.6,-11,400000,45144,0.11286,152016,0.38004
-39.6,-10.8,400000,44265,0.110662,152071,0.380178
-39.6,-10.6,400000,44526,0.111315,152330,0.380825
-39.6,-10.4,400000,44769,0.111922,151775,0.379437
-39.6,-10.2,400000,44675,0.111687,151281,0.378202
-39.6,-10,400000,45190,0.112975,152087,0.380217
-39.6,-9.8,400000,44850,0.112125,152118,0.380295
-39.6,-9.6,400000,44553,0.111382,151795,0.379487
-39.6,-9.4,400000,44996,0.11249,152260,0.38065
-39.6,-9.2,400000,44688,0.11172,152055,0.380138
-39.6,-9,400000,44606,0.111515,151988,0.37997
-39.6,-8.8,400000,45232,0.11308,152483,0.381207
-39.6,-8.6,400000,44962,0.112405,152067,0.380167
-39.6,-8.4,400000,45164,0.11291,152296,0.38074
-39.6,-8.2,400000,44907,0.112268,151962,0.379905
-39.6,-8,400000,44774,0.111935,152305,0.380763
-39.6,-7.8,400000,43921,0.109802,151207,0.378018
-39.6,-7.6,400000,44690,0.111725,151986,0.379965
-39.6,-7.4,400000,44986,0.112465,152429,0.381072
-39.6,-7.2,400000,44661,0.111653,152237,0.380593
-39.6,-7,400000,45269,0.113172,152267,0.380667
-39.6,-6.8,400000,45104,0.11276,152313,0.380783
-39.6,-6.6,400000,44583,0.111458,151997,0.379993
-39.6,-6.4,400000,44616,0.11154,151541,0.378852
-39.6,-6.2,400000,44568,0.11142,151827,0.379568
-39.6,-6,400000,44537,0.111342,151764,0.37941
-39.6,-5.8,400000,44784,0.11196,151554,0.378885
-39.6,-5.6,400000,44766,0.111915,152247,0.380617
-39.6,-5.4,400000,44048,0.11012,151278,0.378195
-39.6,-5.2,400000,45002,0.112505,151966,0.379915
-39.6,-5,400000,44994,0.112485,151708,0.37927
-39.6,-4.8,400000,44593,0.111482,152137,0.380342
-39.6,-4.6,400000,45312,0.11328,152472,0.38118
-39.6,-4.4,400000,45283,0.113208,152405,0.381012
-39.6,-4.2,400000,44753,0.111882,152006,0.380015
-39.6,-4,400000,44826,0.112065,152426,0.381065
-39.6,-3.8,400000,45157,0.112893,152564,0.38141
-39.6,-3.6,400000,45013,0.112532,152459,0.381147
-39.6,-3.4,400000,45038,0.112595,151770,0.379425
-39.6,-3.2,400000,44684,0.11171,151515,0.378787
-39.6,-3,400000,45127,0.112818,152685,0.381713
-39.6,-2.8,400000,45224,0.11306,152506,0.381265
-39.6,-2.6,400000,45543,0.113858,152324,0.38081
-39.6,-2.4,400000,44863,0.112157,151851,0.379628
-39.6,-2.2,400000,44835,0.112088,151799,0.379497
-39.6,-2,400000,45216,0.11304,151595,0.378987
-39.6,-1.8,400000,44754,0.111885,152383,0.380958
-39.6,-1.6,400000,44984,0.11246,152159,0.380397
-39.6,-1.4,400000,44676,0.11169,151589,0.378972
-39.6,-1.2,400000,44960,0.1124,152056,0.38014
-39.6,-1,400000,44490,0.111225,151407,0.378518
-39.6,-0.8,400000,44639,0.111598,151733,0.379333
-39.6,-0.6,400000,44882,0.112205,152033,0.380082
-39.6,-0.4,400000,45079,0.112698,152144,0.38036
-39.6,-0.2,400000,44850,0.112125,152083,0.380207
-39.6,0,400000,44424,0.11106,151515,0.378787
-39.6,0.2,400000,45077,0.112693,152036,0.38009
-39.6,0.4,400000,44921,0.112302,151377,0.378443
-39.6,0.6,400000,44718,0.111795,151983,0.379958
-39.6,0.8,400000,44897,0.112242,152207,0.380518
-39.6,1,400000,44297,0.110742,151445,0.378613
-39.6,1.2,400000,45036,0.11259,152492,0.38123
-39.6,1.4,400000,44818,0.112045,152519,0.381298
-39.6,1.6,400000,44932,0.11233,152841,0.382103
-39.6,1.8,400000,44673,0.111683,152127,0.380317
-39.6,2,400000,44456,0.11114,151623,0.379057
-39.6,2.2,400000,44865,0.112162,151423,0.378557
-39.6,2.4,400000,45148,0.11287,152037,0.380092
-39.6,2.6,400000,45311,0.113278,152210,0.380525
-39.6,2.8,400000,44574,0.111435,152055,0.380138
-39.6,3,400000,44795,0.111988,152014,0.380035
-39.6,3.2,400000,44815,0.112037,151801,0.379503
-39.6,3.4,400000,45316,0.11329,152278,0.380695
-39.6,3.6,400000,44625,0.111562,151873,0.379682
-39.6,3.8,400000,44759,0.111897,152273,0.380682
-39.6,4,400000,44654,0.111635,151820,0.37955
-39.6,4.2,400000,44701,0.111753,151202,0.378005
-39.6,4.4,400000,44758,0.111895,152358,0.380895
-39.6,4.6,400000,44803,0.112007,152332,0.38083
-39.6,4.8,400000,44983,0.112458,152581,0.381453
-39.6,5,400000,44731,0.111827,151606,0.379015
-39.6,5.2,400000,44814,0.112035,151496,0.37874
-39.6,5.4,400000,44785,0.111963,151929,0.379823
-39.6,5.6,400000,45033,0.112583,151886,0.379715
-39.6,5.8,400000,45116,0.11279,151693,0.379232
-39.6,6,400000,45181,0.112952,152648,0.38162
-39.6,6.2,400000,45074,0.112685,151951,0.379877
-39.6,6.4,400000,44453,0.111132,152180,0.38045
-39.6,6.6,400000,45016,0.11254,152272,0.38068
-39.6,6.8,400000,44791,0.111977,151994,0.379985
-39.6,7,400000,44602,0.111505,151900,0.37975
-39.6,7.2,400000,44456,0.11114,152291,0.380727
-39.6,7.4,400000,45140,0.11285,151945,0.379862
-39.6,7.6,400000,44762,0.111905,151690,0.379225
-39.6,7.8,400000,45409,0.113522,152273,0.380682
-39.6,8,400000,44642,0.111605,151504,0.37876
-39.6,8.2,400000,44743,0.111857,152137,0.380342
-39.6,8.4,400000,44663,0.111658,151894,0.379735
-39.6,8.6,400000,45007,0.112518,151868,0.37967
-39.6,8.8,400000,45178,0.112945,152407,0.381018
-39.6,9,400000,44674,0.111685,151643,0.379107
-39.6,9.2,400000,44695,0.111738,152111,0.380277
-39.6,9.4,400000,44565,0.111412,152113,0.380283
-39.6,9.6,400000,44628,0.11157,152305,0.380763
-39.6,9.8,400000,45096,0.11274,152252,0.38063
-39.6,10,400000,44930,0.112325,152161,0.380402
-39.6,10.2,400000,45350,0.113375,152277,0.380692
-39.6,10.4,400000,44746,0.111865,152074,0.380185
-39.6,10.6,400000,44987,0.112467,152172,0.38043
-39.6,10.8,400000,44639,0.111598,152288,0.38072
-39.6,11,400000,44374,0.110935,151898,0.379745
-39.6,11.2,400000,45118,0.112795,152257,0.380642
-39.6,11.4,400000,44559,0.111397,151755,0.379387
-39.6,11.6,400000,45064,0.11266,152303,0.380758
-39.6,11.8,400000,44820,0.11205,152432,0.38108
-39.6,12,400000,44913,0.112282,152279,0.380698
-39.6,12.2,400000,44816,0.11204,152238,0.380595
-39.6,12.4,400000,44646,0.111615,152406,0.381015
-39.6,12.6,400000,44764,0.11191,151919,0.379798
-39.6,12.8,400000,44964,0.11241,152476,0.38119
-39.6,13,400000,44683,0.111708,152136,0.38034
-39.6,13.2,400000,44937,0.112342,151874,0.379685
-39.6,13.4,400000,44958,0.112395,151632,0.37908
-39.6,13.6,400000,44749,0.111872,151250,0.378125
-39.6,13.8,400000,45009,0.112522,152446,0.381115
-39.6,14,400000,45147,0.112867,152297,0.380742
-39.6,14.2,400000,44982,0.112455,152162,0.380405
-39.6,14.4,400000,45286,0.113215,151879,0.379698
-39.6,14.6,400000,44607,0.111518,151833,0.379582
-39.6,14.8,400000,44609,0.111522,152426,0.381065
-39.6,15,400000,44511,0.111278,152255,0.380638
-39.6,15.2,400000,44907,0.112268,152328,0.38082
-39.6,15.4,400000,44855,0.112138,152401,0.381003
-39.6,15.6,400000,44649,0.111622,151982,0.379955
-39.6,15.8,400000,44878,0.112195,152084,0.38021
-39.6,16,400000,44665,0.111662,151631,0.379078
-39.6,16.2,400000,44880,0.1122,151428,0.37857
-39.6,16.4,400000,44789,0.111973,152048,0.38012
-39.6,16.6,400000,45131,0.112827,152531,0.381327
-39.6,16.8,400000,44649,0.111622,152040,0.3801
-39.6,17,400000,45253,0.113132,152679,0.381698
-39.6,17.2,400000,44819,0.112047,152072,0.38018
-39.6,17.4,400000,44766,0.111915,152197,0.380493
-39.6,17.6,400000,44931,0.112327,152383,0.380958
-39.6,17.8,400000,44784,0.11196,152611,0.381528
-39.6,18,400000,44720,0.1118,151929,0.379823
-39.6,18.2,400000,44742,0.111855,151974,0.379935
-39.6,18.4,400000,44012,0.11003,151922,0.379805
-39.6,18.6,400000,44945,0.112363,152405,0.381012
-39.6,18.8,400000,44804,0.11201,152050,0.380125
-39.6,19,400000,45321,0.113303,152521,0.381302
-39.6,19.2,400000,45136,0.11284,152148,0.38037
-39.6,19.4,400000,44751,0.111878,152025,0.380063
-39.6,19.6,400000,44471,0.111177,152155,0.380387
-39.6,19.8,400000,44122,0.110305,152605,0.381512
-39.6,20,400000,44834,0.112085,152344,0.38086
-39.6,20.2,400000,44630,0.111575,152009,0.380022
-39.6,20.4,400000,44792,0.11198,151918,0.379795
-39.6,20.6,400000,44978,0.112445,152492,0.38123
-39.6,20.8,400000,44907,0.112268,152087,0.380217
-39.6,21,400000,44757,0.111893,152185,0.380462
-39.6,21.2,400000,45350,0.113375,152642,0.381605
-39.6,21.4,400000,45171,0.112928,152427,0.381068
-39.6,21.6,400000,45465,0.113662,152778,0.381945
-39.6,21.8,400000,45213,0.113032,151814,0.379535
-39.6,22,400000,44670,0.111675,152511,0.381277
-39.6,22.2,400000,45038,0.112595,151976,0.37994
-39.6,22.4,400000,44947,0.112367,152151,0.380377
-39.6,22.6,400000,44013,0.110033,151710,0.379275
-39.6,22.8,400000,44600,0.1115,151862,0.379655
-39.6,23,400000,44782,0.111955,152222,0.380555
-39.6,23.2,400000,44889,0.112223,152147,0.380368
-39.6,23.4,400000,44854,0.112135,152498,0.381245
-39.6,23.6,400000,44494,0.111235,151886,0.379715
-39.6,23.8,400000,44853,0.112132,152521,0.381302
-39.6,24,400000,44824,0.11206,152184,0.38046
-39.6,24.2,400000,44669,0.111672,151812,0.37953
-39.6,24.4,400000,44717,0.111793,151886,0.379715
-39.6,24.6,400000,44678,0.111695,151862,0.379655
-39.6,24.8,400000,44264,0.11066,152119,0.380298
-39.6,25,400000,45003,0.112507,152317,0.380792
-39.6,25.2,400000,44937,0.112342,151706,0.379265
-39.6,25.4,400000,45135,0.112837,152221,0.380553
-39.6,25.6,400000,44478,0.111195,151690,0.379225
-39.6,25.8,400000,44801,0.112003,151816,0.37954
-39.6,26,400000,44928,0.11232,152622,0.381555
-39.6,26.2,400000,45324,0.11331,152063,0.380157
-39.6,26.4,400000,45059,0.112647,152347,0.380868
-39.6,26.6,400000,44794,0.111985,152430,0.381075
-39.6,26.8,400000,45586,0.113965,152786,0.381965
-39.6,27,400000,45024,0.11256,152936,0.38234
-39.6,27.2,400000,45307,0.113267,152189,0.380472
-39.6,27.4,400000,44719,0.111797,152302,0.380755
-39.6,27.6,400000,44652,0.11163,152095,0.380238
-39.6,27.8,400000,44899,0.112248,152619,0.381547
-39.6,28,400000,44708,0.11177,151710,0.379275
-39.6,28.2,400000,45077,0.112693,152256,0.38064
-39.6,28.4,400000,45133,0.112833,152328,0.38082
-39.6,28.6,400000,45170,0.112925,152504,0.38126
-39.6,28.8,400000,44826,0.112065,151696,0.37924
-39.6,29,400000,44325,0.110812,152471,0.381178
-39.6,29.2,400000,44806,0.112015,152468,0.38117
-39.6,29.4,400000,44825,0.112062,152627,0.381568
-39.6,29.6,400000,44871,0.112177,152100,0.38025
-39.6,29.8,400000,44917,0.112293,152220,0.38055
-39.6,30,400000,44345,0.110863,152097,0.380242
-39.6,30.2,400000,44921,0.112302,151578,0.378945
-39.6,30.4,400000,45269,0.113172,152350,0.380875
-39.6,30.6,400000,44752,0.11188,152271,0.380678
-39.6,30.8,400000,45454,0.113635,152733,0.381833
-39.6,31,400000,45270,0.113175,152302,0.380755
-39.6,31.2,400000,45376,0.11344,152097,0.380242
-39.6,31.4,400000,44512,0.11128,152003,0.380007
-39.6,31.6,400000,44522,0.111305,152704,0.38176
-39.6,31.8,400000,44418,0.111045,151933,0.379833
-39.6,32,400000,44890,0.112225,152544,0.38136
-39.6,32.2,400000,44788,0.11197,152283,0.380707
-39.6,32.4,400000,45178,0.112945,152121,0.380302
-39.6,32.6,400000,44893,0.112232,151694,0.379235
-39.6,32.8,400000,44467,0.111168,152080,0.3802
-39.6,33,400000,44855,0.112138,152672,0.38168
-39.6,33.2,400000,45071,0.112677,152171,0.380427
-39.6,33.4,400000,44393,0.110982,151742,0.379355
-39.6,33.6,400000,44740,0.11185,152177,0.380443
-39.6,33.8,400000,45198,0.112995,152470,0.381175
-39.6,34,400000,45058,0.112645,152181,0.380453
-39.6,34.2,400000,45305,0.113263,152201,0.380503
-39.6,34.4,400000,44629,0.111573,152725,0.381812
-39.6,34.6,400000,44902,0.112255,152009,0.380022
-39.6,34.8,400000,44870,0.112175,152304,0.38076
-39.6,35,400000,44804,0.11201,152614,0.381535
-39.6,35.2,400000,44762,0.111905,152115,0.380288
-39.6,35.4,400000,45057,0.112643,152598,0.381495
-39.6,35.6,400000,44357,0.110893,151639,0.379097
-39.6,35.8,400000,44721,0.111802,152119,0.380298
-39.6,36,400000,44804,0.11201,152304,0.38076
-39.6,36.2,400000,44582,0.111455,152119,0.380298
-39.6,36.4,400000,45027,0.112568,151938,0.379845
-39.6,36.6,400000,45086,0.112715,151804,0.37951
-39.6,36.8,400000,44759,0.111897,151229,0.378072
-39.6,37,400000,44339,0.110848,152106,0.380265
-39.6,37.2,400000,44525,0.111312,151284,0.37821
-39.6,37.4,400000,45413,0.113532,152486,0.381215
-39.6,37.6,400000,45196,0.11299,152267,0.380667
-39.6,37.8,400000,44319,0.110797,151741,0.379352
-39.6,38,400000,44449,0.111122,151891,0.379727
-39.6,38.2,400000,45113,0.112782,151414,0.378535
-39.6,38.4,400000,44991,0.112477,152169,0.380422
-39.6,38.6,400000,44732,0.11183,152198,0.380495
-39.6,38.8,400000,44481,0.111202,151797,0.379493
-39.6,39,400000,44854,0.112135,152332,0.38083
-39.6,39.2,400000,45087,0.112717,152308,0.38077
-39.6,39.4,400000,45216,0.11304,153008,0.38252
-39.6,39.6,400000,44391,0.110978,151401,0.378503
-39.6,39.8,400000,45257,0.113142,152706,0.381765
-39.6,40,400000,44840,0.1121,151911,0.379777
-39.6,40.2,400000,44812,0.11203,152346,0.380865
-39.6,40.4,400000,44443,0.111107,151931,0.379827
-39.6,40.6,400000,45020,0.11255,151780,0.37945
-39.6,40.8,400000,45139,0.112848,152619,0.381547
-39.6,41,400000,44943,0.112357,151858,0.379645
-39.6,41.2,400000,44715,0.111787,152304,0.38076
-39.6,41.4,400000,45119,0.112797,152498,0.381245
-39.6,41.6,400000,44636,0.11159,151757,0.379393
-39.6,41.8,400000,45052,0.11263,152678,0.381695
-39.6,42,400000,44664,0.11166,152122,0.380305
-39.6,42.2,400000,44421,0.111052,151660,0.37915
-39.6,42.4,400000,44433,0.111083,152311,0.380777
-39.6,42.6,400000,45043,0.112607,152132,0.38033
-39.6,42.8,400000,44768,0.11192,152038,0.380095
-39.6,43,400000,44678,0.111695,151901,0.379752
-39.6,43.2,400000,44870,0.112175,152395,0.380987
-39.6,43.4,400000,44400,0.111,151508,0.37877
-39.6,43.6,400000,44789,0.111973,151918,0.379795
-39.6,43.8,400000,45088,0.11272,152256,0.38064
-39.6,44,400000,45183,0.112958,152289,0.380723
-39.6,44.2,400000,45049,0.112623,152484,0.38121
-39.6,44.4,400000,45046,0.112615,152269,0.380673
-39.6,44.6,400000,44191,0.110478,151597,0.378993
-39.6,44.8,400000,44822,0.112055,152533,0.381333
-39.6,45,400000,45026,0.112565,152411,0.381028
-39.6,45.2,400000,44605,0.111513,152252,0.38063
-39.6,45.4,400000,44402,0.111005,152597,0.381493
-39.6,45.6,400000,44792,0.11198,152059,0.380148
-39.6,45.8,400000,45079,0.112698,151740,0.37935
-39.6,46,400000,44938,0.112345,151924,0.37981
-39.6,46.2,400000,45313,0.113282,152963,0.382408
-39.6,46.4,400000,44626,0.111565,152123,0.380308
-39.6,46.6,400000,44709,0.111772,151796,0.37949
-39.6,46.8,400000,44850,0.112125,151957,0.379893
-39.6,47,400000,45023,0.112558,152443,0.381107
-39.6,47.2,400000,44912,0.11228,152463,0.381157
-39.6,47.4,400000,45069,0.112672,152223,0.380557
-39.6,47.6,400000,44682,0.111705,151973,0.379933
-39.6,47.8,400000,44432,0.11108,151595,0.378987
-39.6,48,400000,44787,0.111967,151959,0.379897
-39.6,48.2,400000,44751,0.111878,151981,0.379953
-39.6,48.4,400000,44842,0.112105,152158,0.380395
-39.6,48.6,400000,45743,0.114358,152129,0.380323
-39.6,48.8,400000,45420,0.11355,151866,0.379665
-39.6,49,400000,44651,0.111628,151521,0.378802
-39.6,49.2,400000,44733,0.111833,152281,0.380702
-39.6,49.4,400000,45247,0.113117,152418,0.381045
-39.6,49.6,400000,44398,0.110995,151978,0.379945
-39.6,49.8,400000,44796,0.11199,152424,0.38106
-39.6,50,400000,44833,0.112083,151024,0.37756
-39.4,-50,400000,44694,0.111735,151474,0.378685
-39.4,-49.8,400000,45071,0.112677,152987,0.382468
-39.4,-49.6,400000,44455,0.111138,152041,0.380103
-39.4,-49.4,400000,44919,0.112297,151603,0.379007
-39.4,-49.2,400000,44994,0.112485,152307,0.380767
-39.4,-49,400000,44581,0.111452,151835,0.379588
-39.4,-48.8,400000,44673,0.111683,152003,0.380007
-39.4,-48.6,400000,44957,0.112393,151868,0.37967
-39.4,-48.4,400000,44961,0.112403,151530,0.378825
-39.4,-48.2,400000,44619,0.111547,151718,0.379295
-39.4,-48,400000,44975,0.112437,151821,0.379553
-39.4,-47.8,400000,44929,0.112323,152633,0.381582
-39.4,-47.6,400000,44682,0.111705,151685,0.379213
-39.4,-47.4,400000,44666,0.111665,151996,0.37999
-39.4,-47.2,400000,44993,0.112482,151763,0.379408
-39.4,-47,400000,44650,0.111625,151813,0.379532
-39.4,-46.8,400000,44974,0.112435,152117,0.380292
-39.4,-46.6,400000,44827,0.112068,152077,0.380192
-39.4,-46.4,400000,45203,0.113007,151578,0.378945
-39.4,-46.2,400000,45116,0.11279,152146,0.380365
-39.4,-46,400000,44967,0.112418,151996,0.37999
-39.4,-45.8,400000,45346,0.113365,151796,0.37949
-39.4,-45.6,400000,44797,0.111992,152500,0.38125
-39.4,-45.4,400000,43969,0.109923,151139,0.377848
-39.4,-45.2,400000,45091,0.112727,151898,0.379745
-39.4,-45,400000,44952,0.11238,151766,0.379415
-39.4,-44.8,400000,44941,0.112352,152425,0.381063
-39.4,-44.6,400000,44889,0.112223,151848,0.37962
-39.4,-44.4,400000,44757,0.111893,151565,0.378912
-39.4,-44.2,400000,45152,0.11288,152802,0.382005
-39.4,-44,400000,44681,0.111702,151579,0.378947
-39.4,-43.8,400000,44659,0.111647,152247,0.380617
-39.4,-43.6,400000,44798,0.111995,152637,0.381593
-39.4,-43.4,400000,44617,0.111543,151349,0.378373
-39.4,-43.2,400000,45046,0.112615,152068,0.38017
-39.4,-43,400000,44493,0.111232,151583,0.378958
-39.4,-42.8,400000,45207,0.113018,152074,0.380185
-39.4,-42.6,400000,44385,0.110963,151582,0.378955
-39.4,-42.4,400000,45056,0.11264,152479,0.381198
-39.4,-42.2,400000,44442,0.111105,152102,0.380255
-39.4,-42,400000,45094,0.112735,151889,0.379723
-39.4,-41.8,400000,44708,0.11177,151693,0.379232
-39.4,-41.6,400000,44560,0.1114,151925,0.379812
-39.4,-41.4,400000,45119,0.112797,152322,0.380805
-39.4,-41.2,400000,45017,0.112543,151811,0.379528
-39.4,-41,400000,44770,0.111925,151947,0.379868
-39.4,-40.8,400000,44836,0.11209,151883,0.379707
-39.4,-40.6,400000,45116,0.11279,152325,0.380812
-39.4,-40.4,400000,45011,0.112528,152098,0.380245
-39.4,-40.2,400000,44416,0.11104,151626,0.379065
-39.4,-40,400000,44210,0.110525,151260,0.37815
-39.4,-39.8,400000,44684,0.11171,151614,0.379035
-39.4,-39.6,400000,44985,0.112463,152181,0.380453
-39.4,-39.4,400000,44486,0.111215,151929,0.379823
-39.4,-39.2,400000,44750,0.111875,152075,0.380188
-39.4,-39,400000,44648,0.11162,151335,0.378337
-39.4,-38.8,400000,44593,0.111482,151469,0.378673
-39.4,-38.6,400000,45294,0.113235,152508,0.38127
-39.4,-38.4,400000,44628,0.11157,151387,0.378468
-39.4,-38.2,400000,44957,0.112393,152026,0.380065
-39.4,-38,400000,44856,0.11214,152771,0.381927
-39.4,-37.8,400000,44774,0.111935,152279,0.380698
-39.4,-37.6,400000,45139,0.112848,152321,0.380802
-39.4,-37.4,400000,43933,0.109832,151782,0.379455
-39.4,-37.2,400000,44867,0.112168,151992,0.37998
-39.4,-37,400000,45075,0.112687,152379,0.380947
-39.4,-36.8,400000,45017,0.112543,151918,0.379795
-39.4,-36.6,400000,44861,0.112153,151713,0.379283
-39.4,-36.4,400000,45408,0.11352,152971,0.382427
-39.4,-36.2,400000,45365,0.113412,151740,0.37935
-39.4,-36,400000,44900,0.11225,151520,0.3788
-39.4,-35.8,400000,44602,0.111505,151979,0.379947
-39.4,-35.6,400000,45299,0.113248,152296,0.38074
-39.4,-35.4,400000,45031,0.112577,152327,0.380817
-39.4,-35.2,400000,44731,0.111827,151463,0.378657
-39.4,-35,400000,44633,0.111583,151728,0.37932
-39.4,-34.8,400000,45070,0.112675,152404,0.38101
-39.4,-34.6,400000,45115,0.112787,152939,0.382348
-39.4,-34.4,400000,44708,0.11177,151441,0.378603
-39.4,-34.2,400000,45515,0.113787,153013,0.382532
-39.4,-34,400000,44368,0.11092,151452,0.37863
-39.4,-33.8,400000,44865,0.112162,151841,0.379603
-39.4,-33.6,400000,44906,0.112265,152407,0.381018
-39.4,-33.4,400000,44670,0.111675,152578,0.381445
-39.4,-33.2,400000,44669,0.111672,152263,0.380657
-39.4,-33,400000,44792,0.11198,151993,0.379983
-39.4,-32.8,400000,44358,0.110895,151801,0.379503
-39.4,-32.6,400000,44743,0.111857,152292,0.38073
-39.4,-32.4,400000,45523,0.113808,152362,0.380905
-39.4,-32.2,400000,44838,0.112095,152047,0.380117
-39.4,-32,400000,45237,0.113092,152012,0.38003
-39.4,-31.8,400000,44333,0.110833,151720,0.3793
-39.4,-31.6,400000,44812,0.11203,152121,0.380302
-39.4,-31.4,400000,44657,0.111643,152435,0.381088
-39.4,-31.2,400000,44950,0.112375,152214,0.380535
-39.4,-31,400000,44519,0.111297,152191,0.380478
-39.4,-30.8,400000,44467,0.111168,152309,0.380773
-39.4,-30.6,400000,44738,0.111845,151743,0.379358
-39.4,-30.4,400000,45091,0.112727,152324,0.38081
-39.4,-30.2,400000,45106,0.112765,152298,0.380745
-39.4,-30,400000,44671,0.111677,151707,0.379267
-39.4,-29.8,400000,45321,0.113303,152090,0.380225
-39.4,-29.6,400000,44967,0.112418,151926,0.379815
-39.4,-29.4,400000,44617,0.111543,152069,0.380173
-39.4,-29.2,400000,45102,0.112755,151427,0.378568
-39.4,-29,400000,44661,0.111653,151564,0.37891
-39.4,-28.8,400000,44444,0.11111,151799,0.379497
-39.4,-28.6,400000,44735,0.111838,151982,0.379955
-39.4,-28.4,400000,44896,0.11224,152462,0.381155
-39.4,-28.2,400000,44834,0.112085,152297,0.380742
-39.4,-28,400000,45519,0.113797,152154,0.380385
-39.4,-27.8,400000,45202,0.113005,152896,0.38224
-39.4,-27.6,400000,44847,0.112117,152519,0.381298
-39.4,-27.4,400000,45091,0.112727,152593,0.381483
-39.4,-27.2,400000,45054,0.112635,152290,0.380725
-39.4,-27,400000,45283,0.113208,152326,0.380815
-39.4,-26.8,400000,44780,0.11195,151672,0.37918
-39.4,-26.6,400000,44472,0.11118,151631,0.379078
-39.4,-26.4,400000,44937,0.112342,151816,0.37954
-39.4,-26.2,400000,45224,0.11306,153119,0.382798
-39.4,-26,400000,44602,0.111505,152335,0.380837
-39.4,-25.8,400000,44553,0.111382,151811,0.379528
-39.4,-25.6,400000,44359,0.110897,151118,0.377795
-39.4,-25.4,400000,45301,0.113253,152326,0.380815
-39.4,-25.2,400000,44767,0.111918,151881,0.379702
-39.4,-25,400000,45125,0.112812,151540,0.37885
-39.4,-24.8,400000,44702,0.111755,151995,0.379987
-39.4,-24.6,400000,45045,0.112613,152296,0.38074
-39.4,-24.4,400000,44758,0.111895,152286,0.380715
-39.4,-24.2,400000,45322,0.113305,152005,0.380012
-39.4,-24,400000,44525,0.111312,151692,0.37923
-39.4,-23.8,400000,45152,0.11288,151985,0.379962
-39.4,-23.6,400000,44778,0.111945,153088,0.38272
-39.4,-23.4,400000,44523,0.111308,152113,0.380283
-39.4,-23.2,400000,45172,0.11293,151927,0.379817
-39.4,-23,400000,44639,0.111598,152316,0.38079
-39.4,-22.8,400000,45144,0.11286,151785,0.379462
-39.4,-22.6,400000,44759,0.111897,152050,0.380125
-39.4,-22.4,400000,45147,0.112867,152128,0.38032
-39.4,-22.2,400000,44933,0.112333,152416,0.38104
-39.4,-22,400000,44902,0.112255,152196,0.38049
-39.4,-21.8,400000,44898,0.112245,152551,0.381377
-39.4,-21.6,400000,45129,0.112823,152417,0.381043
-39.4,-21.4,400000,45388,0.11347,152362,0.380905
-39.4,-21.2,400000,45013,0.112532,151791,0.379478
-39.4,-21,400000,44705,0.111763,152195,0.380487
-39.4,-20.8,400000,45353,0.113382,152490,0.381225
-39.4,-20.6,400000,44157,0.110393,151761,0.379402
-39.4,-20.4,400000,44548,0.11137,152015,0.380037
-39.4,-20.2,400000,44802,0.112005,152266,0.380665
-39.4,-20,400000,45244,0.11311,152601,0.381503
-39.4,-19.8,400000,44995,0.112488,152153,0.380383
-39.4,-19.6,400000,44980,0.11245,152107,0.380267
-39.4,-19.4,400000,45613,0.114032,152133,0.380333
-39.4,-19.2,400000,44968,0.11242,152214,0.380535
-39.4,-19,400000,44599,0.111497,152170,0.380425
-39.4,-18.8,400000,44549,0.111372,151575,0.378937
-39.4,-18.6,400000,44884,0.11221,152039,0.380097
-39.4,-18.4,400000,44889,0.112223,152705,0.381763
-39.4,-18.2,400000,44458,0.111145,151946,0.379865
-39.4,-18,400000,45301,0.113253,151841,0.379603
-39.4,-17.8,400000,44402,0.111005,151999,0.379997
-39.4,-17.6,400000,45163,0.112907,152000,0.38
-39.4,-17.4,400000,44468,0.11117,152163,0.380408
-39.4,-17.2,400000,44511,0.111278,152249,0.380622
-39.4,-17,400000,45308,0.11327,152420,0.38105
-39.4,-16.8,400000,45113,0.112782,152398,0.380995
-39.4,-16.6,400000,44287,0.110717,151525,0.378812
-39.4,-16.4,400000,44779,0.111948,151562,0.378905
-39.4,-16.2,400000,45075,0.112687,152073,0.380182
-39.4,-16,400000,44407,0.111018,151642,0.379105
-39.4,-15.8,400000,44312,0.11078,151813,0.379532
-39.4,-15.6,400000,44623,0.111558,152116,0.38029
-39.4,-15.4,400000,45190,0.112975,152402,0.381005
-39.4,-15.2,400000,44580,0.11145,152241,0.380603
-39.4,-15,400000,44356,0.11089,152229,0.380572
-39.4,-14.8,400000,44467,0.111168,151716,0.37929
-39.4,-14.6,400000,44948,0.11237,152210,0.380525
-39.4,-14.4,400000,44939,0.112348,151789,0.379472
-39.4,-14.2,400000,45118,0.112795,152750,0.381875
-39.4,-14,400000,44841,0.112102,153003,0.382508
-39.4,-13.8,400000,44360,0.1109,152007,0.380018
-39.4,-13.6,400000,44823,0.112058,151978,0.379945
-39.4,-13.4,400000,45041,0.112602,152691,0.381727
-39.4,-13.2,400000,44402,0.111005,152164,0.38041
-39.4,-13,400000,44761,0.111903,152247,0.380617
-39.4,-12.8,400000,44777,0.111943,151820,0.37955
-39.4,-12.6,400000,44719,0.111797,152069,0.380173
-39.4,-12.4,400000,45385,0.113462,152152,0.38038
-39.4,-12.2,400000,45006,0.112515,152155,0.380387
-39.4,-12,400000,44683,0.111708,151884,0.37971
-39.4,-11.8,400000,44916,0.11229,152409,0.381022
-39.4,-11.6,400000,44597,0.111492,152453,0.381132
-39.4,-11.4,400000,44818,0.112045,152057,0.380142
-39.4,-11.2,400000,44548,0.11137,152060,0.38015
-39.4,-11,400000,44968,0.11242,151991,0.379978
-39.4,-10.8,400000,44806,0.112015,152054,0.380135
-39.4,-10.6,400000,44731,0.111827,152410,0.381025
-39.4,-10.4,400000,45057,0.112643,152141,0.380352
-39.4,-10.2,400000,44756,0.11189,151660,0.37915
-39.4,-10,400000,44809,0.112022,151759,0.379397
-39.4,-9.8,400000,44893,0.112232,152512,0.38128
-39.4,-9.6,400000,44950,0.112375,152390,0.380975
-39.4,-9.4,400000,44471,0.111177,151611,0.379028
-39.4,-9.2,400000,44612,0.11153,151572,0.37893
-39.4,-9,400000,44438,0.111095,151815,0.379538
-39.4,-8.8,400000,44615,0.111537,152253,0.380632
-39.4,-8.6,400000,44761,0.111903,152149,0.380373
-39.4,-8.4,400000,45282,0.113205,151586,0.378965
-39.4,-8.2,400000,45336,0.11334,152140,0.38035
-39.4,-8,400000,44803,0.112007,152119,0.380298
-39.4,-7.8,400000,44781,0.111952,152464,0.38116
-39.4,-7.6,400000,44963,0.112407,152048,0.38012
-39.4,-7.4,400000,43915,0.109787,151574,0.378935
-39.4,-7.2,400000,44445,0.111113,151712,0.37928
-39.4,-7,400000,45402,0.113505,152461,0.381153
-39.4,-6.8,400000,44593,0.111482,151583,0.378958
-39.4,-6.6,400000,44821,0.112052,152135,0.380337
-39.4,-6.4,400000,45269,0.113172,152558,0.381395
-39.4,-6.2,400000,44661,0.111653,152076,0.38019
-39.4,-6,400000,45021,0.112552,152385,0.380962
-39.4,-5.8,400000,44893,0.112232,152467,0.381167
-39.4,-5.6,400000,45232,0.11308,152307,0.380767
-39.4,-5.4,400000,44443,0.111107,152155,0.380387
-39.4,-5.2,400000,44687,0.111717,152195,0.380487
-39.4,-5,400000,44878,0.112195,152094,0.380235
-39.4,-4.8,400000,44396,0.11099,152212,0.38053
-39.4,-4.6,400000,44413,0.111033,151819,0.379547
-39.4,-4.4,400000,44811,0.112028,152258,0.380645
-39.4,-4.2,400000,44993,0.112482,152385,0.380962
-39.4,-4,400000,45354,0.113385,151977,0.379943
-39.4,-3.8,400000,44738,0.111845,152384,0.38096
-39.4,-3.6,400000,44340,0.11085,152011,0.380028
-39.4,-3.4,400000,45410,0.113525,152495,0.381238
-39.4,-3.2,400000,44853,0.112132,151654,0.379135
-39.4,-3,400000,44257,0.110643,151546,0.378865
-39.4,-2.8,400000,45093,0.112732,152307,0.380767
-39.4,-2.6,400000,45099,0.112748,152026,0.380065
-39.4,-2.4,400000,45232,0.11308,152334,0.380835
-39.4,-2.2,400000,44646,0.111615,152215,0.380537
-39.4,-2,400000,44578,0.111445,151944,0.37986
-39.4,-1.8,400000,44972,0.11243,152024,0.38006
-39.4,-1.6,400000,44677,0.111693,152345,0.380862
-39.4,-1.4,400000,45287,0.113217,152354,0.380885
-39.4,-1.2,400000,44925,0.112312,151542,0.378855
-39.4,-1,400000,44889,0.112223,152515,0.381288
-39.4,-0.8,400000,44928,0.11232,151923,0.379808
-39.4,-0.6,400000,44979,0.112448,152141,0.380352
-39.4,-0.4,400000,44533,0.111333,152299,0.380748
-39.4,-0.2,400000,44395,0.110988,152111,0.380277
-39.4,0,400000,44684,0.11171,152117,0.380292
-39.4,0.2,400000,44995,0.112488,153094,0.382735
-39.4,0.4,400000,44452,0.11113,152613,0.381532
-39.4,0.6,400000,44932,0.11233,152233,0.380582
-39.4,0.8,400000,44854,0.112135,151623,0.379057
-39.4,1,400000,44641,0.111602,152149,0.380373
-39.4,1.2,400000,44911,0.112278,152294,0.380735
-39.4,1.4,400000,44310,0.110775,151789,0.379472
-39.4,1.6,400000,44555,0.111388,151931,0.379827
-39.4,1.8,400000,45010,0.112525,152044,0.38011
-39.4,2,400000,45046,0.112615,151901,0.379752
-39.4,2.2,400000,45150,0.112875,151641,0.379103
-39.4,2.4,400000,44887,0.112217,152281,0.380702
-39.4,2.6,400000,45019,0.112547,152067,0.380167
-39.4,2.8,400000,44897,0.112242,151837,0.379592
-39.4,3,400000,44791,0.111977,151868,0.37967
-39.4,3.2,400000,44726,0.111815,151753,0.379383
-39.4,3.4,400000,44649,0.111622,152145,0.380362
-39.4,3.6,400000,44605,0.111513,152177,0.380443
-39.4,3.8,400000,44949,0.112373,152779,0.381947
-39.4,4,400000,45128,0.11282,151624,0.37906
-39.4,4.2,400000,44590,0.111475,151597,0.378993
-39.4,4.4,400000,44950,0.112375,152253,0.380632
-39.4,4.6,400000,45012,0.11253,152141,0.380352
-39.4,4.8,400000,44561,0.111403,151253,0.378132
-39.4,5,400000,44907,0.112268,152280,0.3807
-39.4,5.2,400000,44470,0.111175,152168,0.38042
-39.4,5.4,400000,45492,0.11373,152237,0.380593
-39.4,5.6,400000,44661,0.111653,151718,0.379295
-39.4,5.8,400000,44509,0.111272,152464,0.38116
-39.4,6,400000,45021,0.112552,151847,0.379617
-39.4,6.2,400000,44994,0.112485,152270,0.380675
-39.4,6.4,400000,44853,0.112132,152011,0.380028
-39.4,6.6,400000,44370,0.110925,151800,0.3795
-39.4,6.8,400000,44823,0.112058,152403,0.381007
-39.4,7,400000,44752,0.11188,152026,0.380065
-39.4,7.2,400000,44773,0.111933,151628,0.37907
-39.4,7.4,400000,44095,0.110238,151664,0.37916
-39.4,7.6,400000,44849,0.112122,151549,0.378873
-39.4,7.8,400000,44650,0.111625,152206,0.380515
-39.4,8,400000,44693,0.111732,151895,0.379738
-39.4,8.2,400000,45165,0.112912,152368,0.38092
-39.4,8.4,400000,44764,0.11191,152023,0.380057
-39.4,8.6,400000,44700,0.11175,151740,0.37935
-39.4,8.8,400000,44901,0.112253,151781,0.379453
-39.4,9,400000,44990,0.112475,151780,0.37945
-39.4,9.2,400000,44798,0.111995,152653,0.381632
-39.4,9.4,400000,44463,0.111158,152065,0.380163
-39.4,9.6,400000,45137,0.112842,152044,0.38011
-39.4,9.8,400000,44555,0.111388,152449,0.381122
-39.4,10,400000,44728,0.11182,151688,0.37922
-39.4,10.2,400000,44455,0.111138,152094,0.380235
-39.4,10.4,400000,44491,0.111228,151323,0.378308
-39.4,10.6,400000,45396,0.11349,152675,0.381688
-39.4,10.8,400000,44941,0.112352,151826,0.379565
-39.4,11,400000,44927,0.112318,152770,0.381925
-39.4,11.2,400000,44795,0.111988,152337,0.380842
-39.4,11.4,400000,45147,0.112867,151958,0.379895
-39.4,11.6,400000,45179,0.112948,151963,0.379908
-39.4,11.8,400000,44651,0.111628,152144,0.38036
-39.4,12,400000,45094,0.112735,152056,0.38014
-39.4,12.2,400000,45387,0.113467,152618,0.381545
-39.4,12.4,400000,44930,0.112325,151740,0.37935
-39.4,12.6,400000,45120,0.1128,152123,0.380308
-39.4,12.8,400000,44929,0.112323,151790,0.379475
-39.4,13,400000,44803,0.112007,151805,0.379512
-39.4,13.2,400000,44754,0.111885,151764,0.37941
-39.4,13.4,400000,45349,0.113373,152378,0.380945
-39.4,13.6,400000,44683,0.111708,151975,0.379937
-39.4,13.8,400000,44525,0.111312,151949,0.379873
-39.4,14,400000,44873,0.112183,152169,0.380422
-39.4,14.2,400000,44968,0.11242,152011,0.380028
-39.4,14.4,400000,45361,0.113403,153000,0.3825
-39.4,14.6,400000,45339,0.113348,152007,0.380018
-39.4,14.8,400000,44959,0.112397,151588,0.37897
-39.4,15,400000,44476,0.11119,151303,0.378258
-39.4,15.2,400000,44573,0.111433,151664,0.37916
-39.4,15.4,400000,45033,0.112583,152379,0.380947
-39.4,15.6,400000,44912,0.11228,151535,0.378837
-39.4,15.8,400000,44523,0.111308,152392,0.38098
-39.4,16,400000,44745,0.111863,151895,0.379738
-39.4,16.2,400000,44593,0.111482,152068,0.38017
-39.4,16.4,400000,44606,0.111515,152202,0.380505
-39.4,16.6,400000,45071,0.112677,151922,0.379805
-39.4,16.8,400000,44565,0.111412,151500,0.37875
-39.4,17,400000,45153,0.112882,152975,0.382437
-39.4,17.2,400000,44443,0.111107,151741,0.379352
-39.4,17.4,400000,45253,0.113132,152755,0.381887
-39.4,17.6,400000,44520,0.1113,152434,0.381085
-39.4,17.8,400000,44287,0.110717,151400,0.3785
-39.4,18,400000,44156,0.11039,151932,0.37983
-39.4,18.2,400000,44849,0.112122,152064,0.38016
-39.4,18.4,400000,45197,0.112992,152150,0.380375
-39.4,18.6,400000,44703,0.111757,151258,0.378145
-39.4,18.8,400000,45003,0.112507,152351,0.380877
-39.4,19,400000,44566,0.111415,152008,0.38002
-39.4,19.2,400000,45002,0.112505,152028,0.38007
-39.4,19.4,400000,44607,0.111518,152247,0.380617
-39.4,19.6,400000,44868,0.11217,152499,0.381248
-39.4,19.8,400000,45079,0.112698,152263,0.380657
-39.4,20,400000,44752,0.11188,151818,0.379545
-39.4,20.2,400000,45186,0.112965,152915,0.382288
-39.4,20.4,400000,45178,0.112945,152102,0.380255
-39.4,20.6,400000,45069,0.112672,152116,0.38029
-39.4,20.8,400000,44813,0.112032,152348,0.38087
-39.4,21,400000,44984,0.11246,152004,0.38001
-39.4,21.2,400000,44710,0.111775,151775,0.379437
-39.4,21.4,400000,45111,0.112778,152241,0.380603
-39.4,21.6,400000,44501,0.111253,152189,0.380472
-39.4,21.8,400000,45189,0.112973,151618,0.379045
-39.4,22,400000,44581,0.111452,151799,0.379497
-39.4,22.2,400000,44893,0.112232,152047,0.380117
-39.4,22.4,400000,44541,0.111352,152137,0.380342
-39.4,22.6,400000,44410,0.111025,151332,0.37833
-39.4,22.8,400000,45094,0.112735,151899,0.379748
-39.4,23,400000,44797,0.111992,151719,0.379298
-39.4,23.2,400000,44317,0.110793,151270,0.378175
-39.4,23.4,400000,44772,0.11193,152045,0.380113
-39.4,23.6,400000,44984,0.11246,152111,0.380277
-39.4,23.8,400000,44824,0.11206,151512,0.37878
-39.4,24,400000,44697,0.111742,152565,0.381412
-39.4,24.2,400000,45166,0.112915,152824,0.38206
-39.4,24.4,400000,44995,0.112488,152479,0.381198
-39.4,24.6,400000,44558,0.111395,151421,0.378553
-39.4,24.8,400000,44562,0.111405,151487,0.378717
-39.4,25,400000,44508,0.11127,152072,0.38018
-39.4,25.2,400000,44855,0.112138,151718,0.379295
-39.4,25.4,400000,44448,0.11112,152264,0.38066
-39.4,25.6,400000,44255,0.110637,151431,0.378578
-39.4,25.8,400000,44659,0.111647,152269,0.380673
-39.4,26,400000,45375,0.113437,152441,0.381103
-39.4,26.2,400000,45474,0.113685,152029,0.380072
-39.4,26.4,400000,44483,0.111208,152086,0.380215
-39.4,26.6,400000,44889,0.112223,152197,0.380493
-39.4,26.8,400000,44888,0.11222,152699,0.381748
-39.4,27,400000,44988,0.11247,151727,0.379317
-39.4,27.2,400000,45796,0.11449,152989,0.382472
-39.4,27.4,400000,44070,0.110175,151619,0.379047
-39.4,27.6,400000,44822,0.112055,151927,0.379817
-39.4,27.8,400000,44933,0.112333,151978,0.379945
-39.4,28,400000,44745,0.111863,152584,0.38146
-39.4,28.2,400000,44375,0.110937,151830,0.379575
-39.4,28.4,400000,44969,0.112422,152651,0.381628
-39.4,28.6,400000,45120,0.1128,152401,0.381003
-39.4,28.8,400000,44797,0.111992,151368,0.37842
-39.4,29,400000,44650,0.111625,152661,0.381653
-39.4,29.2,400000,44557,0.111393,151732,0.37933
-39.4,29.4,400000,44939,0.112348,152038,0.380095
-39.4,29.6,400000,44665,0.111662,152354,0.380885
-39.4,29.8,400000,44226,0.110565,151894,0.379735
-39.4,30,400000,45132,0.11283,152353,0.380883
-39.4,30.2,400000,44959,0.112397,152420,0.38105
-39.4,30.4,400000,45588,0.11397,152641,0.381603
-39.4,30.6,400000,44580,0.11145,151729,0.379323
-39.4,30.8,400000,44540,0.11135,151713,0.379283
-39.4,31,400000,44817,0.112043,151949,0.379873
-39.4,31.2,400000,44628,0.11157,151807,0.379518
-39.4,31.4,400000,44868,0.11217,152509,0.381273
-39.4,31.6,400000,44944,0.11236,152248,0.38062
-39.4,31.8,400000,44597,0.111492,152271,0.380678
-39.4,32,400000,44035,0.110088,151780,0.37945
-39.4,32.2,400000,45079,0.112698,152439,0.381097
-39.4,32.4,400000,44692,0.11173,151570,0.378925
-39.4,32.6,400000,44747,0.111867,152083,0.380207
-39.4,32.8,400000,44672,0.11168,151712,0.37928
-39.4,33,400000,45520,0.1138,153095,0.382738
-39.4,33.2,400000,44717,0.111793,152115,0.380288
-39.4,33.4,400000,44564,0.11141,151819,0.379547
-39.4,33.6,400000,44927,0.112318,151817,0.379543
-39.4,33.8,400000,44891,0.112227,152646,0.381615
-39.4,34,400000,45153,0.112882,152295,0.380738
-39.4,34.2,400000,44661,0.111653,151751,0.379377
-39.4,34.4,400000,44445,0.111113,151863,0.379657
-39.4,34.6,400000,44635,0.111588,152456,0.38114
-39.4,34.8,400000,44819,0.112047,152058,0.380145
-39.4,35,400000,44748,0.11187,151986,0.379965
-39.4,35.2,400000,45325,0.113312,151852,0.37963
-39.4,35.4,400000,44707,0.111768,151874,0.379685
-39.4,35.6,400000,44633,0.111583,151410,0.378525
-39.4,35.8,400000,44975,0.112437,152270,0.380675
-39.4,36,400000,44786,0.111965,151497,0.378742
-39.4,36.2,400000,44813,0.112032,151783,0.379458
-39.4,36.4,400000,44550,0.111375,151905,0.379763
-39.4,36.6,400000,44741,0.111852,152125,0.380312
-39.4,36.8,400000,44836,0.11209,151621,0.379053
-39.4,37,400000,44842,0.112105,151526,0.378815
-39.4,37.2,400000,44872,0.11218,151257,0.378142
-39.4,37.4,400000,45013,0.112532,152379,0.380947
-39.4,37.6,400000,44742,0.111855,152194,0.380485
-39.4,37.8,400000,44653,0.111632,152156,0.38039
-39.4,38,400000,44562,0.111405,151971,0.379927
-39.4,38.2,400000,44748,0.11187,152066,0.380165
-39.4,38.4,400000,45318,0.113295,152916,0.38229
-39.4,38.6,400000,45012,0.11253,152010,0.380025
-39.4,38.8,400000,44647,0.111617,151949,0.379873
-39.4,39,400000,45292,0.11323,152705,0.381763
-39.4,39.2,400000,45021,0.112552,152401,0.381003
-39.4,39.4,400000,45250,0.113125,151937,0.379843
-39.4,39.6,400000,45232,0.11308,152198,0.380495
-39.4,39.8,400000,44940,0.11235,152932,0.38233
-39.4,40,400000,44881,0.112202,152336,0.38084
-39.4,40.2,400000,44487,0.111217,152051,0.380128
-39.4,40.4,400000,45162,0.112905,152485,0.381213
-39.4,40.6,400000,44955,0.112388,151746,0.379365
-39.4,40.8,400000,45271,0.113178,152324,0.38081
-39.4,41,400000,45155,0.112888,151880,0.3797
-39.4,41.2,400000,45236,0.11309,152673,0.381682
-39.4,41.4,400000,44763,0.111907,151222,0.378055
-39.4,41.6,400000,45508,0.11377,152799,0.381997
-39.4,41.8,400000,44531,0.111327,151958,0.379895
-39.4,42,400000,44904,0.11226,151571,0.378927
-39.4,42.2,400000,44807,0.112018,152090,0.380225
-39.4,42.4,400000,44749,0.111872,151928,0.37982
-39.4,42.6,400000,45214,0.113035,152119,0.380298
-39.4,42.8,400000,44621,0.111552,151693,0.379232
-39.4,43,400000,45081,0.112702,152034,0.380085
-39.4,43.2,400000,44982,0.112455,152466,0.381165
-39.4,43.4,400000,44543,0.111357,151582,0.378955
-39.4,43.6,400000,45527,0.113818,152079,0.380198
-39.4,43.8,400000,45279,0.113198,152552,0.38138
-39.4,44,400000,44848,0.11212,151879,0.379698
-39.4,44.2,400000,44663,0.111658,151934,0.379835
-39.4,44.4,400000,44553,0.111382,151813,0.379532
-39.4,44.6,400000,44942,0.112355,151933,0.379833
-39.4,44.8,400000,44776,0.11194,152277,0.380692
-39.4,45,400000,44852,0.11213,151556,0.37889
-39.4,45.2,400000,44763,0.111907,152005,0.380012
-39.4,45.4,400000,44897,0.112242,152034,0.380085
-39.4,45.6,400000,45460,0.11365,152810,0.382025
-39.4,45.8,400000,44756,0.11189,152337,0.380842
-39.4,46,400000,44419,0.111047,152159,0.380397
-39.4,46.2,400000,45377,0.113443,153220,0.38305
-39.4,46.4,400000,44839,0.112098,152142,0.380355
-39.4,46.6,400000,45313,0.113282,152174,0.380435
-39.4,46.8,400000,44877,0.112193,151548,0.37887
-39.4,47,400000,44768,0.11192,151960,0.3799
-39.4,47.2,400000,44585,0.111463,152585,0.381462
-39.4,47.4,400000,44878,0.112195,151869,0.379673
-39.4,47.6,400000,44810,0.112025,151666,0.379165
-39.4,47.8,400000,44876,0.11219,151587,0.378968
-39.4,48,400000,45001,0.112503,152068,0.38017
-39.4,48.2,400000,44983,0.112458,152227,0.380568
-39.4,48.4,400000,44822,0.112055,152034,0.380085
-39.4,48.6,400000,45006,0.112515,152161,0.380402
-39.4,48.8,400000,44877,0.112193,152214,0.380535
-39.4,49,400000,44952,0.11238,152158,0.380395
-39.4,49.2,400000,44847,0.112117,151547,0.378868
-39.4,49.4,400000,44906,0.112265,152006,0.380015
-39.4,49.6,400000,44818,0.112045,152437,0.381093
-39.4,49.8,400000,45019,0.112547,151814,0.379535
-39.4,50,400000,44382,0.110955,151897,0.379742
-39.2,-50,400000,44601,0.111503,151289,0.378223
-39.2,-49.8,400000,45670,0.114175,152193,0.380483
-39.2,-49.6,400000,44229,0.110573,152338,0.380845
-39.2,-49.4,400000,44889,0.112223,151975,0.379937
-39.2,-49.2,400000,44788,0.11197,151569,0.378922
-39.2,-49,400000,44254,0.110635,151578,0.378945
-39.2,-48.8,400000,45059,0.112647,152616,0.38154
-39.2,-48.6,400000,44188,0.11047,151410,0.378525
-39.2,-48.4,400000,45045,0.112613,151960,0.3799
-39.2,-48.2,400000,44973,0.112433,151494,0.378735
-39.2,-48,400000,44545,0.111363,152239,0.380597
-39.2,-47.8,400000,45076,0.11269,152631,0.381578
-39.2,-47.6,400000,44883,0.112208,152110,0.380275
-39.2,-47.4,400000,45370,0.113425,152354,0.380885
-39.2,-47.2,400000,45195,0.112988,152077,0.380192
-39.2,-47,400000,44945,0.112363,152201,0.380503
-39.2,-46.8,400000,44438,0.111095,151843,0.379607
-39.2,-46.6,400000,44984,0.11246,151870,0.379675
-39.2,-46.4,400000,45256,0.11314,151988,0.37997
-39.2,-46.2,400000,44543,0.111357,152238,0.380595
-39.2,-46,400000,44651,0.111628,152074,0.380185
-39.2,-45.8,400000,44814,0.112035,152115,0.380288
-39.2,-45.6,400000,44488,0.11122,151272,0.37818
-39.2,-45.4,400000,44904,0.11226,151998,0.379995
-39.2,-45.2,400000,44658,0.111645,152372,0.38093
-39.2,-45,400000,45204,0.11301,152423,0.381057
-39.2,-44.8,400000,44290,0.110725,151393,0.378482
-39.2,-44.6,400000,44424,0.11106,151745,0.379362
-39.2,-44.4,400000,45046,0.112615,151772,0.37943
-39.2,-44.2,400000,44411,0.111028,151958,0.379895
-39.2,-44,400000,44529,0.111323,152142,0.380355
-39.2,-43.8,400000,45210,0.113025,152250,0.380625
-39.2,-43.6,400000,44694,0.111735,151966,0.379915
-39.2,-43.4,400000,44985,0.112463,152834,0.382085
-39.2,-43.2,400000,44836,0.11209,152178,0.380445
-39.2,-43,400000,45062,0.112655,151895,0.379738
-39.2,-42.8,400000,44398,0.110995,152240,0.3806
-39.2,-42.6,400000,44675,0.111687,152315,0.380788
-39.2,-42.4,400000,45138,0.112845,152214,0.380535
-39.2,-42.2,400000,44756,0.11189,151894,0.379735
-39.2,-42,400000,44438,0.111095,151347,0.378368
-39.2,-41.8,400000,44877,0.112193,152575,0.381437
-39.2,-41.6,400000,44970,0.112425,152136,0.38034
-39.2,-41.4,400000,45088,0.11272,152094,0.380235
-39.2,-41.2,400000,45088,0.11272,152543,0.381358
-39.2,-41,400000,44701,0.111753,152281,0.380702
-39.2,-40.8,400000,44803,0.112007,152037,0.380092
-39.2,-40.6,400000,44671,0.111677,151933,0.379833
-39.2,-40.4,400000,44968,0.11242,152031,0.380078
-39.2,-40.2,400000,44904,0.11226,152010,0.380025
-39.2,-40,400000,44947,0.112367,151875,0.379688
-39.2,-39.8,400000,44260,0.11065,152275,0.380688
-39.2,-39.6,400000,44451,0.111128,151190,0.377975
-39.2,-39.4,400000,45152,0.11288,151868,0.37967
-39.2,-39.2,400000,44457,0.111143,152075,0.380188
-39.2,-39,400000,44790,0.111975,151478,0.378695
-39.2,-38.8,400000,45007,0.112518,152431,0.381078
-39.2,-38.6,400000,44856,0.11214,152005,0.380012
-39.2,-38.4,400000,44621,0.111552,152132,0.38033
-39.2,-38.2,400000,44830,0.112075,152320,0.3808
-39.2,-38,400000,45003,0.112507,152540,0.38135
-39.2,-37.8,400000,44959,0.112397,151556,0.37889
-39.2,-37.6,400000,44952,0.11238,151952,0.37988
-39.2,-37.4,400000,45127,0.112818,152234,0.380585
-39.2,-37.2,400000,44927,0.112318,152121,0.380302
-39.2,-37,400000,44753,0.111882,152137,0.380342
-39.2,-36.8,400000,44875,0.112187,152328,0.38082
-39.2,-36.6,400000,44214,0.110535,152200,0.3805
-39.2,-36.4,400000,44622,0.111555,152070,0.380175
-39.2,-36.2,400000,44605,0.111513,151962,0.379905
-39.2,-36,400000,44861,0.112153,151260,0.37815
-39.2,-35.8,400000,44544,0.11136,151719,0.379298
-39.2,-35.6,400000,44719,0.111797,152084,0.38021
-39.2,-35.4,400000,44585,0.111463,151587,0.378968
-39.2,-35.2,400000,44814,0.112035,151613,0.379032
-39.2,-35,400000,44333,0.110833,152355,0.380887
-39.2,-34.8,400000,45024,0.11256,151916,0.37979
-39.2,-34.6,400000,44883,0.112208,152490,0.381225
-39.2,-34.4,400000,45151,0.112878,152235,0.380588
-39.2,-34.2,400000,45059,0.112647,151531,0.378827
-39.2,-34,400000,44409,0.111022,151910,0.379775
-39.2,-33.8,400000,44584,0.11146,152034,0.380085
-39.2,-33.6,400000,44984,0.11246,152185,0.380462
-39.2,-33.4,400000,44597,0.111492,152145,0.380362
-39.2,-33.2,400000,44701,0.111753,152080,0.3802
-39.2,-33,400000,44993,0.112482,152301,0.380752
-39.2,-32.8,400000,44580,0.11145,152066,0.380165
-39.2,-32.6,400000,44946,0.112365,152134,0.380335
-39.2,-32.4,400000,44685,0.111713,152222,0.380555
-39.2,-32.2,400000,45669,0.114172,152635,0.381588
-39.2,-32,400000,44730,0.111825,152322,0.380805
-39.2,-31.8,400000,44832,0.11208,152121,0.380302
-39.2,-31.6,400000,44871,0.112177,152647,0.381617
-39.2,-31.4,400000,45394,0.113485,153169,0.382922
-39.2,-31.2,400000,44673,0.111683,152358,0.380895
-39.2,-31,400000,45042,0.112605,152110,0.380275
-39.2,-30.8,400000,44495,0.111238,151753,0.379383
-39.2,-30.6,400000,45643,0.114108,152270,0.380675
-39.2,-30.4,400000,44807,0.112018,152030,0.380075
-39.2,-30.2,400000,44638,0.111595,151872,0.37968
-39.2,-30,400000,44878,0.112195,151710,0.379275
-39.2,-29.8,400000,44089,0.110223,151354,0.378385
-39.2,-29.6,400000,44769,0.111922,152261,0.380653
-39.2,-29.4,400000,44696,0.11174,151758,0.379395
-39.2,-29.2,400000,45496,0.11374,152498,0.381245
-39.2,-29,400000,44468,0.11117,151769,0.379422
-39.2,-28.8,400000,44812,0.11203,152300,0.38075
-39.2,-28.6,400000,44853,0.112132,152138,0.380345
-39.2,-28.4,400000,44676,0.11169,152094,0.380235
-39.2,-28.2,400000,44923,0.112308,151874,0.379685
-39.2,-28,400000,44369,0.110922,151756,0.37939
-39.2,-27.8,400000,44800,0.112,152026,0.380065
-39.2,-27.6,400000,44887,0.112217,152628,0.38157
-39.2,-27.4,400000,45058,0.112645,151934,0.379835
-39.2,-27.2,400000,45173,0.112933,152257,0.380642
-39.2,-27,400000,45100,0.11275,151677,0.379192
-39.2,-26.8,400000,44647,0.111617,151804,0.37951
-39.2,-26.6,400000,44430,0.111075,151680,0.3792
-39.2,-26.4,400000,45033,0.112583,151997,0.379993
-39.2,-26.2,400000,44756,0.11189,152233,0.380582
-39.2,-26,400000,45258,0.113145,152449,0.381122
-39.2,-25.8,400000,44664,0.11166,151725,0.379312
-39.2,-25.6,400000,44818,0.112045,151450,0.378625
-39.2,-25.4,400000,44828,0.11207,152299,0.380748
-39.2,-25.2,400000,45215,0.113037,152407,0.381018
-39.2,-25,400000,45113,0.112782,151941,0.379852
-39.2,-24.8,400000,44984,0.11246,151856,0.37964
-39.2,-24.6,400000,44463,0.111158,151751,0.379377
-39.2,-24.4,400000,44910,0.112275,152125,0.380312
-39.2,-24.2,400000,45311,0.113278,152103,0.380258
-39.2,-24,400000,44671,0.111677,151896,0.37974
-39.2,-23.8,400000,45088,0.11272,152372,0.38093
-39.2,-23.6,400000,44529,0.111323,152383,0.380958
-39.2,-23.4,400000,44559,0.111397,151613,0.379032
-39.2,-23.2,400000,44703,0.111757,152019,0.380047
-39.2,-23,400000,45017,0.112543,152351,0.380877
-39.2,-22.8,400000,44919,0.112297,152335,0.380837
-39.2,-22.6,400000,44864,0.11216,152007,0.380018
-39.2,-22.4,400000,44575,0.111437,152344,0.38086
-39.2,-22.2,400000,45130,0.112825,152689,0.381723
-39.2,-22,400000,44640,0.1116,152097,0.380242
-39.2,-21.8,400000,45028,0.11257,152247,0.380617
-39.2,-21.6,400000,44902,0.112255,152261,0.380653
-39.2,-21.4,400000,45244,0.11311,152747,0.381868
-39.2,-21.2,400000,44601,0.111503,152270,0.380675
-39.2,-21,400000,44604,0.11151,152010,0.380025
-39.2,-20.8,400000,44858,0.112145,152324,0.38081
-39.2,-20.6,400000,45034,0.112585,152252,0.38063
-39.2,-20.4,400000,45004,0.11251,152331,0.380827
-39.2,-20.2,400000,44466,0.111165,152613,0.381532
-39.2,-20,400000,45169,0.112922,151910,0.379775
-39.2,-19.8,400000,44583,0.111458,151519,0.378798
-39.2,-19.6,400000,44646,0.111615,152167,0.380418
-39.2,-19.4,400000,45079,0.112698,152419,0.381047
-39.2,-19.2,400000,44912,0.11228,152211,0.380528
-39.2,-19,400000,44581,0.111452,152137,0.380342
-39.2,-18.8,400000,45026,0.112565,151600,0.379
-39.2,-18.6,400000,44471,0.111177,151576,0.37894
-39.2,-18.4,400000,43963,0.109908,151367,0.378418
-39.2,-18.2,400000,44552,0.11138,152140,0.38035
-39.2,-18,400000,44870,0.112175,151862,0.379655
-39.2,-17.8,400000,44930,0.112325,151600,0.379
-39.2,-17.6,400000,45283,0.113208,152573,0.381433
-39.2,-17.4,400000,45020,0.11255,152294,0.380735
-39.2,-17.2,400000,45059,0.112647,151737,0.379343
-39.2,-17,400000,44588,0.11147,151494,0.378735
-39.2,-16.8,400000,44977,0.112443,152141,0.380352
-39.2,-16.6,400000,45181,0.112952,152232,0.38058
-39.2,-16.4,400000,44564,0.11141,152257,0.380642
-39.2,-16.2,400000,45030,0.112575,152067,0.380167
-39.2,-16,400000,45390,0.113475,152262,0.380655
-39.2,-15.8,400000,44887,0.112217,152232,0.38058
-39.2,-15.6,400000,44443,0.111107,151891,0.379727
-39.2,-15.4,400000,44673,0.111683,152122,0.380305
-39.2,-15.2,400000,45043,0.112607,152142,0.380355
-39.2,-15,400000,45020,0.11255,152461,0.381153
-39.2,-14.8,400000,44703,0.111757,152209,0.380522
-39.2,-14.6,400000,44762,0.111905,152396,0.38099
-39.2,-14.4,400000,45197,0.112992,152743,0.381858
-39.2,-14.2,400000,44931,0.112327,152519,0.381298
-39.2,-14,400000,44810,0.112025,152071,0.380178
-39.2,-13.8,400000,45092,0.11273,151870,0.379675
-39.2,-13.6,400000,44962,0.112405,152347,0.380868
-39.2,-13.4,400000,45083,0.112708,151993,0.379983
-39.2,-13.2,400000,44695,0.111738,151555,0.378887
-39.2,-13,400000,44996,0.11249,152051,0.380128
-39.2,-12.8,400000,44819,0.112047,152102,0.380255
-39.2,-12.6,400000,44567,0.111418,151722,0.379305
-39.2,-12.4,400000,44883,0.112208,151998,0.379995
-39.2,-12.2,400000,44843,0.112107,152452,0.38113
-39.2,-12,400000,44542,0.111355,152226,0.380565
-39.2,-11.8,400000,45228,0.11307,152254,0.380635
-39.2,-11.6,400000,44584,0.11146,152180,0.38045
-39.2,-11.4,400000,44423,0.111058,152231,0.380578
-39.2,-11.2,400000,44476,0.11119,151562,0.378905
-39.2,-11,400000,44721,0.111802,152402,0.381005
-39.2,-10.8,400000,44622,0.111555,152136,0.38034
-39.2,-10.6,400000,44410,0.111025,151861,0.379653
-39.2,-10.4,400000,45161,0.112903,152151,0.380377
-39.2,-10.2,400000,44879,0.112198,152105,0.380263
-39.2,-10,400000,45032,0.11258,151744,0.37936
-39.2,-9.8,400000,44903,0.112257,151951,0.379877
-39.2,-9.6,400000,44693,0.111732,152019,0.380047
-39.2,-9.4,400000,44920,0.1123,152450,0.381125
-39.2,-9.2,400000,44954,0.112385,152289,0.380723
-39.2,-9,400000,45090,0.112725,152157,0.380393
-39.2,-8.8,400000,44365,0.110912,151787,0.379468
-39.2,-8.6,400000,45059,0.112647,152277,0.380692
-39.2,-8.4,400000,44546,0.111365,152069,0.380173
-39.2,-8.2,400000,45026,0.112565,151447,0.378617
-39.2,-8,400000,44553,0.111382,152264,0.38066
-39.2,-7.8,400000,45079,0.112698,151422,0.378555
-39.2,-7.6,400000,45024,0.11256,151985,0.379962
-39.2,-7.4,400000,45257,0.113142,152581,0.381453
-39.2,-7.2,400000,45200,0.113,152238,0.380595
-39.2,-7,400000,44633,0.111583,151866,0.379665
-39.2,-6.8,400000,44972,0.11243,151931,0.379827
-39.2,-6.6,400000,45064,0.11266,152198,0.380495
-39.2,-6.4,400000,45245,0.113113,152240,0.3806
-39.2,-6.2,400000,45324,0.11331,151970,0.379925
-39.2,-6,400000,44813,0.112032,151895,0.379738
-39.2,-5.8,400000,44681,0.111702,152114,0.380285
-39.2,-5.6,400000,44824,0.11206,152184,0.38046
-39.2,-5.4,400000,45247,0.113117,152227,0.380568
-39.2,-5.2,400000,44941,0.112352,152257,0.380642
-39.2,-5,400000,44613,0.111533,152301,0.380752
-39.2,-4.8,400000,44836,0.11209,151980,0.37995
-39.2,-4.6,400000,45318,0.113295,152336,0.38084
-39.2,-4.4,400000,44986,0.112465,152461,0.381153
-39.2,-4.2,400000,44643,0.111607,152029,0.380072
-39.2,-4,400000,44940,0.11235,152144,0.38036
-39.2,-3.8,400000,45018,0.112545,152170,0.380425
-39.2,-3.6,400000,44784,0.11196,151820,0.37955
-39.2,-3.4,400000,44645,0.111613,151813,0.379532
-39.2,-3.2,400000,45047,0.112617,152079,0.380198
-39.2,-3,400000,44836,0.11209,151817,0.379543
-39.2,-2.8,400000,45238,0.113095,152245,0.380613
-39.2,-2.6,400000,44721,0.111802,151906,0.379765
-39.2,-2.4,400000,44824,0.11206,152234,0.380585
-39.2,-2.2,400000,45205,0.113013,152491,0.381227
-39.2,-2,400000,44382,0.110955,152234,0.380585
-39.2,-1.8,400000,44653,0.111632,151731,0.379327
-39.2,-1.6,400000,45046,0.112615,151897,0.379742
-39.2,-1.4,400000,44863,0.112157,152330,0.380825
-39.2,-1.2,400000,44352,0.11088,151274,0.378185
-39.2,-1,400000,44798,0.111995,152315,0.380788
-39.2,-0.8,400000,45007,0.112518,152166,0.380415
-39.2,-0.6,400000,44760,0.1119,152453,0.381132
-39.2,-0.4,400000,44849,0.112122,152677,0.381692
-39.2,-0.2,400000,44529,0.111323,152025,0.380063
-39.2,0,400000,44424,0.11106,151244,0.37811
-39.2,0.2,400000,45399,0.113498,152792,0.38198
-39.2,0.4,400000,44742,0.111855,152023,0.380057
-39.2,0.6,400000,44684,0.11171,151653,0.379132
-39.2,0.8,400000,44322,0.110805,151600,0.379
-39.2,1,400000,44498,0.111245,151486,0.378715
-39.2,1.2,400000,44999,0.112498,152000,0.38
-39.2,1.4,400000,45100,0.11275,152685,0.381713
-39.2,1.6,400000,44838,0.112095,152449,0.381122
-39.2,1.8,400000,44611,0.111528,151514,0.378785
-39.2,2,400000,44906,0.112265,152054,0.380135
-39.2,2.2,400000,45155,0.112888,152090,0.380225
-39.2,2.4,400000,45144,0.11286,151883,0.379707
-39.2,2.6,400000,45062,0.112655,152003,0.380007
-39.2,2.8,400000,45187,0.112967,152832,0.38208
-39.2,3,400000,44582,0.111455,151936,0.37984
-39.2,3.2,400000,44827,0.112068,151852,0.37963
-39.2,3.4,400000,44507,0.111268,152013,0.380032
-39.2,3.6,400000,44513,0.111283,151754,0.379385
-39.2,3.8,400000,45248,0.11312,152620,0.38155
-39.2,4,400000,44653,0.111632,151945,0.379862
-39.2,4.2,400000,44906,0.112265,151803,0.379507
-39.2,4.4,400000,45059,0.112647,152057,0.380142
-39.2,4.6,400000,45425,0.113562,152291,0.380727
-39.2,4.8,400000,44415,0.111037,151636,0.37909
-39.2,5,400000,45123,0.112808,152553,0.381383
-39.2,5.2,400000,44689,0.111723,151848,0.37962
-39.2,5.4,400000,44224,0.11056,151438,0.378595
-39.2,5.6,400000,44731,0.111827,151241,0.378103
-39.2,5.8,400000,44697,0.111742,151910,0.379775
-39.2,6,400000,44809,0.112022,151767,0.379418
-39.2,6.2,400000,44548,0.11137,152138,0.380345
-39.2,6.4,400000,45339,0.113348,151950,0.379875
-39.2,6.6,400000,44776,0.11194,151883,0.379707
-39.2,6.8,400000,44696,0.11174,152537,0.381342
-39.2,7,400000,44779,0.111948,152924,0.38231
-39.2,7.2,400000,44894,0.112235,153033,0.382582
-39.2,7.4,400000,44730,0.111825,151696,0.37924
-39.2,7.6,400000,44825,0.112062,151586,0.378965
-39.2,7.8,400000,44980,0.11245,152169,0.380422
-39.2,8,400000,44669,0.111672,152215,0.380537
-39.2,8.2,400000,44961,0.112403,151850,0.379625
-39.2,8.4,400000,44632,0.11158,152092,0.38023
-39.2,8.6,400000,44816,0.11204,151598,0.378995
-39.2,8.8,400000,44537,0.111342,151740,0.37935
-39.2,9,400000,45017,0.112543,151981,0.379953
-39.2,9.2,400000,45096,0.11274,152394,0.380985
-39.2,9.4,400000,45633,0.114083,152790,0.381975
-39.2,9.6,400000,44310,0.110775,151798,0.379495
-39.2,9.8,400000,44408,0.11102,152220,0.38055
-39.2,10,400000,45229,0.113073,151790,0.379475
-39.2,10.2,400000,44461,0.111153,151730,0.379325
-39.2,10.4,400000,44685,0.111713,151928,0.37982
-39.2,10.6,400000,45107,0.112768,152244,0.38061
-39.2,10.8,400000,43971,0.109927,151722,0.379305
-39.2,11,400000,44883,0.112208,152333,0.380833
-39.2,11.2,400000,44626,0.111565,152122,0.380305
-39.2,11.4,400000,45188,0.11297,152129,0.380323
-39.2,11.6,400000,44549,0.111372,152061,0.380153
-39.2,11.8,400000,44961,0.112403,151910,0.379775
-39.2,12,400000,44808,0.11202,152200,0.3805
-39.2,12.2,400000,44921,0.112302,151907,0.379767
-39.2,12.4,400000,44786,0.111965,151773,0.379433
-39.2,12.6,400000,44476,0.11119,151772,0.37943
-39.2,12.8,400000,44820,0.11205,152208,0.38052
-39.2,13,400000,44819,0.112047,152172,0.38043
-39.2,13.2,400000,44951,0.112378,151968,0.37992
-39.2,13.4,400000,44988,0.11247,152432,0.38108
-39.2,13.6,400000,44724,0.11181,151908,0.37977
-39.2,13.8,400000,44414,0.111035,151896,0.37974
-39.2,14,400000,44716,0.11179,151905,0.379763
-39.2,14.2,400000,44813,0.112032,152695,0.381738
-39.2,14.4,400000,44858,0.112145,151918,0.379795
-39.2,14.6,400000,44370,0.110925,151995,0.379987
-39.2,14.8,400000,44965,0.112412,151916,0.37979
-39.2,15,400000,44978,0.112445,151528,0.37882
-39.2,15.2,400000,45195,0.112988,152255,0.380638
-39.2,15.4,400000,44884,0.11221,152261,0.380653
-39.2,15.6,400000,44977,0.112443,152029,0.380072
-39.2,15.8,400000,45124,0.11281,152393,0.380983
-39.2,16,400000,44832,0.11208,151470,0.378675
-39.2,16.2,400000,44999,0.112498,151977,0.379943
-39.2,16.4,400000,44663,0.111658,152205,0.380512
-39.2,16.6,400000,44175,0.110437,151210,0.378025
-39.2,16.8,400000,45179,0.112948,152719,0.381798
-39.2,17,400000,44604,0.11151,152052,0.38013
-39.2,17.2,400000,44959,0.112397,152597,0.381493
-39.2,17.4,400000,44751,0.111878,152542,0.381355
-39.2,17.6,400000,44869,0.112172,151938,0.379845
-39.2,17.8,400000,44634,0.111585,152220,0.38055
-39.2,18,400000,45185,0.112962,152088,0.38022
-39.2,18.2,400000,44507,0.111268,151946,0.379865
-39.2,18.4,400000,44601,0.111503,151669,0.379173
-39.2,18.6,400000,45073,0.112683,152165,0.380412
-39.2,18.8,400000,45141,0.112852,152278,0.380695
-39.2,19,400000,44397,0.110992,151612,0.37903
-39.2,19.2,400000,44470,0.111175,151955,0.379887
-39.2,19.4,400000,45104,0.11276,152402,0.381005
-39.2,19.6,400000,45135,0.112837,152488,0.38122
-39.2,19.8,400000,44727,0.111818,151914,0.379785
-39.2,20,400000,45177,0.112943,152239,0.380597
-39.2,20.2,400000,44503,0.111257,151347,0.378368
-39.2,20.4,400000,44940,0.11235,151889,0.379723
-39.2,20.6,400000,44672,0.11168,152430,0.381075
-39.2,20.8,400000,44280,0.1107,151478,0.378695
-39.2,21,400000,45106,0.112765,152620,0.38155
-39.2,21.2,400000,44998,0.112495,151858,0.379645
-39.2,21.4,400000,45047,0.112617,152511,0.381277
-39.2,21.6,400000,44392,0.11098,151530,0.378825
-39.2,21.8,400000,44882,0.112205,152318,0.380795
-39.2,22,400000,44754,0.111885,151918,0.379795
-39.2,22.2,400000,45369,0.113422,151797,0.379493
-39.2,22.4,400000,44881,0.112202,152206,0.380515
-39.2,22.6,400000,45114,0.112785,152473,0.381182
-39.2,22.8,400000,44792,0.11198,151920,0.3798
-39.2,23,400000,44793,0.111982,151900,0.37975
-39.2,23.2,400000,44960,0.1124,152098,0.380245
-39.2,23.4,400000,45270,0.113175,152658,0.381645
-39.2,23.6,400000,45235,0.113087,152016,0.38004
-39.2,23.8,400000,44896,0.11224,151659,0.379148
-39.2,24,400000,44188,0.11047,151887,0.379717
-39.2,24.2,400000,44856,0.11214,153081,0.382703
-39.2,24.4,400000,44879,0.112198,151954,0.379885
-39.2,24.6,400000,44917,0.112293,152383,0.380958
-39.2,24.8,400000,45473,0.113683,152534,0.381335
-39.2,25,400000,44605,0.111513,151950,0.379875
-39.2,25.2,400000,44747,0.111867,152108,0.38027
-39.2,25.4,400000,44545,0.111363,152528,0.38132
-39.2,25.6,400000,44849,0.112122,152078,0.380195
-39.2,25.8,400000,44841,0.112102,152206,0.380515
-39.2,26,400000,44653,0.111632,152128,0.38032
-39.2,26.2,400000,44529,0.111323,152433,0.381082
-39.2,26.4,400000,45368,0.11342,152480,0.3812
-39.2,26.6,400000,45184,0.11296,152080,0.3802
-39.2,26.8,400000,44858,0.112145,152410,0.381025
-39.2,27,400000,45111,0.112778,152092,0.38023
-39.2,27.2,400000,44602,0.111505,151220,0.37805
-39.2,27.4,400000,44075,0.110187,151724,0.37931
-39.2,27.6,400000,44776,0.11194,152797,0.381993
-39.2,27.8,400000,44845,0.112113,152273,0.380682
-39.2,28,400000,44739,0.111848,152019,0.380047
-39.2,28.2,400000,44562,0.111405,151821,0.379553
-39.2,28.4,400000,44551,0.111378,151929,0.379823
-39.2,28.6,400000,45115,0.112787,152907,0.382267
-39.2,28.8,400000,45078,0.112695,152029,0.380072
-39.2,29,400000,44772,0.11193,151841,0.379603
-39.2,29.2,400000,45510,0.113775,152811,0.382028
-39.2,29.4,400000,45176,0.11294,152317,0.380792
-39.2,29.6,400000,44736,0.11184,152425,0.381063
-39.2,29.8,400000,44838,0.112095,152149,0.380373
-39.2,30,400000,44753,0.111882,152021,0.380053
-39.2,30.2,400000,44636,0.11159,152261,0.380653
-39.2,30.4,400000,45043,0.112607,151946,0.379865
-39.2,30.6,400000,44538,0.111345,151750,0.379375
-39.2,30.8,400000,44570,0.111425,152690,0.381725
-39.2,31,400000,44531,0.111327,151890,0.379725
-39.2,31.2,400000,45358,0.113395,152548,0.38137
-39.2,31.4,400000,45398,0.113495,152190,0.380475
-39.2,31.6,400000,45023,0.112558,151383,0.378458
-39.2,31.8,400000,45060,0.11265,152260,0.38065
-39.2,32,400000,44552,0.11138,152127,0.380317
-39.2,32.2,400000,44579,0.111448,151577,0.378943
-39.2,32.4,400000,45106,0.112765,151761,0.379402
-39.2,32.6,400000,44482,0.111205,152337,0.380842
-39.2,32.8,400000,44398,0.110995,151951,0.379877
-39.2,33,400000,45022,0.112555,152290,0.380725
-39.2,33.2,400000,45217,0.113043,152544,0.38136
-39.2,33.4,400000,44222,0.110555,151752,0.37938
-39.2,33.6,400000,45048,0.11262,152482,0.381205
-39.2,33.8,400000,44740,0.11185,152362,0.380905
-39.2,34,400000,44884,0.11221,152763,0.381908
-39.2,34.2,400000,44340,0.11085,151957,0.379893
-39.2,34.4,400000,44690,0.111725,152635,0.381588
-39.2,34.6,400000,44647,0.111617,151921,0.379802
-39.2,34.8,400000,44932,0.11233,151867,0.379667
-39.2,35,400000,44619,0.111547,151827,0.379568
-39.2,35.2,400000,44267,0.110668,151568,0.37892
-39.2,35.4,400000,44495,0.111238,151671,0.379178
-39.2,35.6,400000,44361,0.110903,151763,0.379408
-39.2,35.8,400000,44751,0.111878,152031,0.380078
-39.2,36,400000,44775,0.111937,152136,0.38034
-39.2,36.2,400000,45044,0.11261,152334,0.380835
-39.2,36.4,400000,44807,0.112018,152253,0.380632
-39.2,36.6,400000,44641,0.111602,151807,0.379518
-39.2,36.8,400000,44909,0.112272,152038,0.380095
-39.2,37,400000,45033,0.112583,152414,0.381035
-39.2,37.2,400000,44972,0.11243,152076,0.38019
-39.2,37.4,400000,44817,0.112043,151524,0.37881
-39.2,37.6,400000,45079,0.112698,152085,0.380213
-39.2,37.8,400000,44394,0.110985,151814,0.379535
-39.2,38,400000,45099,0.112748,152443,0.381107
-39.2,38.2,400000,44404,0.11101,151939,0.379848
-39.2,38.4,400000,44550,0.111375,151712,0.37928
-39.2,38.6,400000,44913,0.112282,152247,0.380617
-39.2,38.8,400000,45042,0.112605,152642,0.381605
-39.2,39,400000,44670,0.111675,151969,0.379922
-39.2,39.2,400000,44752,0.11188,152361,0.380902
-39.2,39.4,400000,44843,0.112107,151811,0.379528
-39.2,39.6,400000,44583,0.111458,152092,0.38023
-39.2,39.8,400000,45103,0.112757,151528,0.37882
-39.2,40,400000,44426,0.111065,151659,0.379148
-39.2,40.2,400000,44675,0.111687,152194,0.380485
-39.2,40.4,400000,44866,0.112165,151857,0.379642
-39.2,40.6,400000,44509,0.111272,151377,0.378443
-39.2,40.8,400000,44735,0.111838,152050,0.380125
-39.2,41,400000,44723,0.111808,151934,0.379835
-39.2,41.2,400000,44460,0.11115,151782,0.379455
-39.2,41.4,400000,44171,0.110427,151308,0.37827
-39.2,41.6,400000,45077,0.112693,151878,0.379695
-39.2,41.8,400000,44043,0.110107,151948,0.37987
-39.2,42,400000,45307,0.113267,152355,0.380887
-39.2,42.2,400000,44778,0.111945,151654,0.379135
-39.2,42.4,400000,45117,0.112793,151956,0.37989
-39.2,42.6,400000,44568,0.11142,151625,0.379063
-39.2,42.8,400000,44542,0.111355,152063,0.380157
-39.2,43,400000,44743,0.111857,151775,0.379437
-39.2,43.2,400000,44579,0.111448,151908,0.37977
-39.2,43.4,400000,44952,0.11238,152311,0.380777
-39.2,43.6,400000,45402,0.113505,151351,0.378377
-39.2,43.8,400000,44243,0.110607,151653,0.379132
-39.2,44,400000,44819,0.112047,152256,0.38064
-39.2,44.2,400000,44313,0.110783,150990,0.377475
-39.2,44.4,400000,44523,0.111308,151908,0.37977
-39.2,44.6,400000,45027,0.112568,152213,0.380532
-39.2,44.8,400000,44327,0.110817,151229,0.378072
-39.2,45,400000,44814,0.112035,152401,0.381003
-39.2,45.2,400000,44744,0.11186,152128,0.38032
-39.2,45.4,400000,44564,0.11141,151486,0.378715
-39.2,45.6,400000,44645,0.111613,152083,0.380207
-39.2,45.8,400000,44779,0.111948,151710,0.379275
-39.2,46,400000,45058,0.112645,152159,0.380397
-39.2,46.2,400000,45044,0.11261,152119,0.380298
-39.2,46.4,400000,44682,0.111705,151770,0.379425
-39.2,46.6,400000,45152,0.11288,152579,0.381447
-39.2,46.8,400000,44598,0.111495,151842,0.379605
-39.2,47,400000,45199,0.112998,152093,0.380232
-39.2,47.2,400000,44368,0.11092,151540,0.37885
-39.2,47.4,400000,44303,0.110757,151447,0.378617
-39.2,47.6,400000,44938,0.112345,152224,0.38056
-39.2,47.8,400000,44970,0.112425,152311,0.380777
-39.2,48,400000,45448,0.11362,151994,0.379985
-39.2,48.2,400000,45139,0.112848,152861,0.382153
-39.2,48.4,400000,45214,0.113035,152186,0.380465
-39.2,48.6,400000,44839,0.112098,151740,0.37935
-39.2,48.8,400000,45000,0.1125,151697,0.379242
-39.2,49,400000,44982,0.112455,152155,0.380387
-39.2,49.2,400000,44780,0.11195,151399,0.378497
-39.2,49.4,400000,44341,0.110853,151715,0.379287
-39.2,49.6,400000,44608,0.11152,152414,0.381035
-39.2,49.8,400000,44772,0.11193,151693,0.379232
-39.2,50,400000,44806,0.112015,152037,0.380092
-39,-50,400000,45085,0.112712,151721,0.379302
-39,-49.8,400000,45183,0.112958,152352,0.38088
-39,-49.6,400000,45141,0.112852,152282,0.380705
-39,-49.4,400000,44714,0.111785,152140,0.38035
-39,-49.2,400000,44493,0.111232,151655,0.379138
-39,-49,400000,44491,0.111228,152274,0.380685
-39,-48.8,400000,44726,0.111815,151886,0.379715
-39,-48.6,400000,44521,0.111302,151549,0.378873
-39,-48.4,400000,44790,0.111975,151885,0.379713
-39,-48.2,400000,44939,0.112348,152414,0.381035
-39,-48,400000,44724,0.11181,151477,0.378692
-39,-47.8,400000,45453,0.113632,152625,0.381563
-39,-47.6,400000,44897,0.112242,152146,0.380365
-39,-47.4,400000,45053,0.112632,152102,0.380255
-39,-47.2,400000,45019,0.112547,152097,0.380242
-39,-47,400000,44922,0.112305,152181,0.380453
-39,-46.8,400000,44650,0.111625,151514,0.378785
-39,-46.6,400000,44646,0.111615,152437,0.381093
-39,-46.4,400000,44538,0.111345,151179,0.377947
-39,-46.2,400000,44348,0.11087,152077,0.380192
-39,-46,400000,44770,0.111925,151333,0.378333
-39,-45.8,400000,44543,0.111357,151874,0.379685
-39,-45.6,400000,45163,0.112907,151865,0.379663
-39,-45.4,400000,44893,0.112232,151785,0.379462
-39,-45.2,400000,44543,0.111357,151424,0.37856
-39,-45,400000,44895,0.112238,152144,0.38036
-39,-44.8,400000,44834,0.112085,151895,0.379738
-39,-44.6,400000,44845,0.112113,152854,0.382135
-39,-44.4,400000,44706,0.111765,151678,0.379195
-39,-44.2,400000,44708,0.11177,152425,0.381063
-39,-44,400000,44569,0.111422,152013,0.380032
-39,-43.8,400000,44874,0.112185,151915,0.379788
-39,-43.6,400000,44841,0.112102,151651,0.379128
-39,-43.4,400000,44776,0.11194,151843,0.379607
-39,-43.2,400000,44462,0.111155,152115,0.380288
-39,-43,400000,45052,0.11263,152242,0.380605
-39,-42.8,400000,44708,0.11177,152009,0.380022
-39,-42.6,400000,44444,0.11111,152031,0.380078
-39,-42.4,400000,45183,0.112958,151748,0.37937
-39,-42.2,400000,44867,0.112168,152741,0.381852
-39,-42,400000,44695,0.111738,151585,0.378962
-39,-41.8,400000,44242,0.110605,151164,0.37791
-39,-41.6,400000,44572,0.11143,152499,0.381248
-39,-41.4,400000,44862,0.112155,152110,0.380275
-39,-41.2,400000,44595,0.111488,151510,0.378775
-39,-41,400000,44781,0.111952,151993,0.379983
-39,-40.8,400000,44984,0.11246,152473,0.381182
-39,-40.6,400000,44518,0.111295,151459,0.378648
-39,-40.4,400000,44385,0.110963,151276,0.37819
-39,-40.2,400000,44811,0.112028,151953,0.379883
-39,-40,400000,45262,0.113155,152387,0.380968
-39,-39.8,400000,45053,0.112632,152091,0.380227
-39,-39.6,400000,44314,0.110785,152283,0.380707
-39,-39.4,400000,44840,0.1121,152423,0.381057
-39,-39.2,400000,44806,0.112015,152611,0.381528
-39,-39,400000,44447,0.111117,152145,0.380362
-39,-38.8,400000,44440,0.1111,152148,0.38037
-39,-38.6,400000,44789,0.111973,151637,0.379092
-39,-38.4,400000,44194,0.110485,151527,0.378817
-39,-38.2,400000,44835,0.112088,152180,0.38045
-39,-38,400000,44974,0.112435,152522,0.381305
-39,-37.8,400000,44586,0.111465,151561,0.378902
-39,-37.6,400000,44683,0.111708,151810,0.379525
-39,-37.4,400000,45194,0.112985,152616,0.38154
-39,-37.2,400000,45189,0.112973,152416,0.38104
-39,-37,400000,44954,0.112385,152011,0.380028
-39,-36.8,400000,44489,0.111223,151619,0.379047
-39,-36.6,400000,44676,0.11169,151865,0.379663
-39,-36.4,400000,44393,0.110982,152190,0.380475
-39,-36.2,400000,44617,0.111543,151898,0.379745
-39,-36,400000,44773,0.111933,152434,0.381085
-39,-35.8,400000,44886,0.112215,152163,0.380408
-39,-35.6,400000,44651,0.111628,151897,0.379742
-39,-35.4,400000,44699,0.111747,151771,0.379427
-39,-35.2,400000,44873,0.112183,151621,0.379053
-39,-35,400000,45077,0.112693,152025,0.380063
-39,-34.8,400000,44983,0.112458,152574,0.381435
-39,-34.6,400000,44732,0.11183,151735,0.379337
-39,-34.4,400000,44667,0.111668,151710,0.379275
-39,-34.2,400000,45398,0.113495,152200,0.3805
-39,-34,400000,44718,0.111795,152121,0.380302
-39,-33.8,400000,44481,0.111202,152035,0.380088
-39,-33.6,400000,45204,0.11301,152401,0.381003
-39,-33.4,400000,44978,0.112445,152530,0.381325
-39,-33.2,400000,44489,0.111223,151849,0.379622
-39,-33,400000,44132,0.11033,151792,0.37948
-39,-32.8,400000,44186,0.110465,151949,0.379873
-39,-32.6,400000,44652,0.11163,152402,0.381005
-39,-32.4,400000,44451,0.111128,152090,0.380225
-39,-32.2,400000,44836,0.11209,152315,0.380788
-39,-32,400000,44789,0.111973,152302,0.380755
-39,-31.8,400000,44335,0.110838,151594,0.378985
-39,-31.6,400000,44623,0.111558,151578,0.378945
-39,-31.4,400000,44634,0.111585,152118,0.380295
-39,-31.2,400000,44671,0.111677,152070,0.380175
-39,-31,400000,45207,0.113018,152727,0.381817
-39,-30.8,400000,44907,0.112268,152145,0.380362
-39,-30.6,400000,44916,0.11229,151710,0.379275
-39,-30.4,400000,44563,0.111408,152499,0.381248
-39,-30.2,400000,44793,0.111982,152243,0.380607
-39,-30,400000,44150,0.110375,151227,0.378068
-39,-29.8,400000,44982,0.112455,152299,0.380748
-39,-29.6,400000,44820,0.11205,151811,0.379528
-39,-29.4,400000,44860,0.11215,152369,0.380922
-39,-29.2,400000,45046,0.112615,152176,0.38044
-39,-29,400000,44062,0.110155,151450,0.378625
-39,-28.8,400000,44900,0.11225,151765,0.379412
-39,-28.6,400000,44723,0.111808,152284,0.38071
-39,-28.4,400000,44666,0.111665,152093,0.380232
-39,-28.2,400000,44906,0.112265,151533,0.378833
-39,-28,400000,45026,0.112565,152265,0.380663
-39,-27.8,400000,45209,0.113022,152402,0.381005
-39,-27.6,400000,44747,0.111867,151561,0.378902
-39,-27.4,400000,44478,0.111195,151803,0.379507
-39,-27.2,400000,44304,0.11076,151649,0.379122
-39,-27,400000,44795,0.111988,151675,0.379188
-39,-26.8,400000,44654,0.111635,151890,0.379725
-39,-26.6,400000,44365,0.110912,151765,0.379412
-39,-26.4,400000,44525,0.111312,151866,0.379665
-39,-26.2,400000,44658,0.111645,152324,0.38081
-39,-26,400000,44605,0.111513,151375,0.378437
-39,-25.8,400000,44634,0.111585,151647,0.379117
-39,-25.6,400000,44757,0.111893,152304,0.38076
-39,-25.4,400000,45169,0.112922,152206,0.380515
-39,-25.2,400000,44647,0.111617,152295,0.380738
-39,-25,400000,44988,0.11247,152262,0.380655
-39,-24.8,400000,44625,0.111562,152356,0.38089
-39,-24.6,400000,45516,0.11379,152627,0.381568
-39,-24.4,400000,44261,0.110653,151950,0.379875
-39,-24.2,400000,44696,0.11174,151995,0.379987
-39,-24,400000,44887,0.112217,151987,0.379968
-39,-23.8,400000,44906,0.112265,151864,0.37966
-39,-23.6,400000,44813,0.112032,151872,0.37968
-39,-23.4,400000,44622,0.111555,151975,0.379937
-39,-23.2,400000,44746,0.111865,152131,0.380327
-39,-23,400000,45163,0.112907,152524,0.38131
-39,-22.8,400000,45272,0.11318,151824,0.37956
-39,-22.6,400000,44646,0.111615,151782,0.379455
-39,-22.4,400000,45180,0.11295,152574,0.381435
-39,-22.2,400000,45711,0.114278,152301,0.380752
-39,-22,400000,44275,0.110687,151519,0.378798
-39,-21.8,400000,45203,0.113007,152396,0.38099
-39,-21.6,400000,44895,0.112238,151768,0.37942
-39,-21.4,400000,45311,0.113278,151976,0.37994
-39,-21.2,400000,45336,0.11334,152233,0.380582
-39,-21,400000,44522,0.111305,151314,0.378285
-39,-20.8,400000,44854,0.112135,152223,0.380557
-39,-20.6,400000,44949,0.112373,152195,0.380487
-39,-20.4,400000,44918,0.112295,152021,0.380053
-39,-20.2,400000,45062,0.112655,152171,0.380427
-39,-20,400000,44799,0.111997,151838,0.379595
-39,-19.8,400000,44319,0.110797,151405,0.378512
-39,-19.6,400000,44830,0.112075,152470,0.381175
-39,-19.4,400000,44995,0.112488,152224,0.38056
-39,-19.2,400000,44570,0.111425,151770,0.379425
-39,-19,400000,45175,0.112937,151938,0.379845
-39,-18.8,400000,44723,0.111808,152518,0.381295
-39,-18.6,400000,44872,0.11218,153190,0.382975
-39,-18.4,400000,44745,0.111863,152377,0.380943
-39,-18.2,400000,44752,0.11188,151769,0.379422
-39,-18,400000,44729,0.111823,152316,0.38079
-39,-17.8,400000,45183,0.112958,152364,0.38091
-39,-17.6,400000,45059,0.112647,151953,0.379883
-39,-17.4,400000,44879,0.112198,151661,0.379153
-39,-17.2,400000,45104,0.11276,152421,0.381053
-39,-17,400000,44676,0.11169,151729,0.379323
-39,-16.8,400000,44440,0.1111,152046,0.380115
-39,-16.6,400000,44564,0.11141,152204,0.38051
-39,-16.4,400000,44778,0.111945,152485,0.381213
-39,-16.2,400000,44678,0.111695,152074,0.380185
-39,-16,400000,44880,0.1122,151983,0.379958
-39,-15.8,400000,44506,0.111265,151919,0.379798
-39,-15.6,400000,44777,0.111943,152274,0.380685
-39,-15.4,400000,44943,0.112357,152098,0.380245
-39,-15.2,400000,45403,0.113507,152330,0.380825
-39,-15,400000,44797,0.111992,152207,0.380518
-39,-14.8,400000,44956,0.11239,151810,0.379525
-39,-14.6,400000,45266,0.113165,152332,0.38083
-39,-14.4,400000,44641,0.111602,152172,0.38043
-39,-14.2,400000,44371,0.110927,151810,0.379525
-39,-14,400000,44852,0.11213,151148,0.37787
-39,-13.8,400000,45040,0.1126,153056,0.38264
-39,-13.6,400000,44536,0.11134,152281,0.380702
-39,-13.4,400000,44674,0.111685,151628,0.37907
-39,-13.2,400000,44878,0.112195,152542,0.381355
-39,-13,400000,44939,0.112348,152367,0.380918
-39,-12.8,400000,45199,0.112998,152248,0.38062
-39,-12.6,400000,44645,0.111613,151995,0.379987
-39,-12.4,400000,44175,0.110437,151694,0.379235
-39,-12.2,400000,45126,0.112815,152635,0.381588
-39,-12,400000,44984,0.11246,152238,0.380595
-39,-11.8,400000,44908,0.11227,151582,0.378955
-39,-11.6,400000,44134,0.110335,151681,0.379202
-39,-11.4,400000,45086,0.112715,152305,0.380763
-39,-11.2,400000,44728,0.11182,151992,0.37998
-39,-11,400000,44419,0.111047,151971,0.379927
-39,-10.8,400000,44639,0.111598,151960,0.3799
-39,-10.6,400000,45456,0.11364,152144,0.38036
-39,-10.4,400000,44831,0.112077,151946,0.379865
-39,-10.2,400000,44749,0.111872,151878,0.379695
-39,-10,400000,45089,0.112723,152367,0.380918
-39,-9.8,400000,45096,0.11274,152520,0.3813
-39,-9.6,400000,44810,0.112025,152043,0.380107
-39,-9.4,400000,44469,0.111172,151596,0.37899
-39,-9.2,400000,44705,0.111763,152054,0.380135
-39,-9,400000,44779,0.111948,152086,0.380215
-39,-8.8,400000,45377,0.113443,152285,0.380713
-39,-8.6,400000,44677,0.111693,152195,0.380487
-39,-8.4,400000,45074,0.112685,152149,0.380373
-39,-8.2,400000,44764,0.11191,151753,0.379383
-39,-8,400000,44819,0.112047,152432,0.38108
-39,-7.8,400000,45293,0.113232,152141,0.380352
-39,-7.6,400000,44975,0.112437,152017,0.380043
-39,-7.4,400000,45410,0.113525,152232,0.38058
-39,-7.2,400000,45034,0.112585,152322,0.380805
-39,-7,400000,44946,0.112365,152926,0.382315
-39,-6.8,400000,45266,0.113165,152135,0.380337
-39,-6.6,400000,44909,0.112272,152279,0.380698
-39,-6.4,400000,45163,0.112907,151898,0.379745
-39,-6.2,400000,44273,0.110683,151353,0.378383
-39,-6,400000,44938,0.112345,152475,0.381188
-39,-5.8,400000,45105,0.112763,152229,0.380572
-39,-5.6,400000,44903,0.112257,152016,0.38004
-39,-5.4,400000,44803,0.112007,152028,0.38007
-39,-5.2,400000,44466,0.111165,152209,0.380522
-39,-5,400000,45330,0.113325,152389,0.380972
-39,-4.8,400000,44941,0.112352,151594,0.378985
-39,-4.6,400000,44837,0.112092,152195,0.380487
-39,-4.4,400000,45205,0.113013,152634,0.381585
-39,-4.2,400000,44977,0.112443,152557,0.381393
-39,-4,400000,44677,0.111693,152012,0.38003
-39,-3.8,400000,44727,0.111818,151895,0.379738
-39,-3.6,400000,44624,0.11156,152470,0.381175
-39,-3.4,400000,44390,0.110975,152310,0.380775
-39,-3.2,400000,44404,0.11101,152173,0.380433
-39,-3,400000,44692,0.11173,151611,0.379028
-39,-2.8,400000,43993,0.109982,151303,0.378258
-39,-2.6,400000,44638,0.111595,152079,0.380198
-39,-2.4,400000,44603,0.111507,151615,0.379038
-39,-2.2,400000,44844,0.11211,151436,0.37859
-39,-2,400000,44340,0.11085,152181,0.380453
-39,-1.8,400000,44657,0.111643,151787,0.379468
-39,-1.6,400000,45325,0.113312,152657,0.381642
-39,-1.4,400000,44989,0.112473,152234,0.380585
-39,-1.2,400000,44888,0.11222,152450,0.381125
-39,-1,400000,44932,0.11233,152125,0.380312
-39,-0.8,400000,44491,0.111228,151640,0.3791
-39,-0.6,400000,45225,0.113062,152847,0.382117
-39,-0.4,400000,45361,0.113403,152031,0.380078
-39,-0.2,400000,43906,0.109765,151512,0.37878
-39,0,400000,44707,0.111768,151723,0.379308
-39,0.2,400000,44605,0.111513,152646,0.381615
-39,0.4,400000,45168,0.11292,152434,0.381085
-39,0.6,400000,44817,0.112043,152433,0.381082
-39,0.8,400000,45045,0.112613,152360,0.3809
-39,1,400000,44871,0.112177,151906,0.379765
-39,1.2,400000,44956,0.11239,151544,0.37886
-39,1.4,400000,45173,0.112933,152386,0.380965
-39,1.6,400000,44900,0.11225,151666,0.379165
-39,1.8,400000,45157,0.112893,152553,0.381383
-39,2,400000,44552,0.11138,152588,0.38147
-39,2.2,400000,44719,0.111797,151635,0.379088
-39,2.4,400000,44508,0.11127,152017,0.380043
-39,2.6,400000,44884,0.11221,152111,0.380277
-39,2.8,400000,44809,0.112022,152003,0.380007
-39,3,400000,44671,0.111677,151819,0.379547
-39,3.2,400000,45007,0.112518,152422,0.381055
-39,3.4,400000,44791,0.111977,151786,0.379465
-39,3.6,400000,44926,0.112315,152176,0.38044
-39,3.8,400000,45222,0.113055,152711,0.381777
-39,4,400000,44472,0.11118,151859,0.379648
-39,4.2,400000,45262,0.113155,151785,0.379462
-39,4.4,400000,44234,0.110585,151361,0.378402
-39,4.6,400000,45110,0.112775,151639,0.379097
-39,4.8,400000,44836,0.11209,151763,0.379408
-39,5,400000,44362,0.110905,151412,0.37853
-39,5.2,400000,44595,0.111488,151883,0.379707
-39,5.4,400000,44683,0.111708,151497,0.378742
-39,5.6,400000,45010,0.112525,152721,0.381802
-39,5.8,400000,44821,0.112052,152433,0.381082
-39,6,400000,44265,0.110662,152484,0.38121
-39,6.2,400000,45073,0.112683,152533,0.381333
-39,6.4,400000,45090,0.112725,152222,0.380555
-39,6.6,400000,44726,0.111815,152403,0.381007
-39,6.8,400000,44821,0.112052,152171,0.380427
-39,7,400000,44305,0.110762,151617,0.379043
-39,7.2,400000,44758,0.111895,151628,0.37907
-39,7.4,400000,44726,0.111815,152545,0.381362
-39,7.6,400000,45173,0.112933,152249,0.380622
-39,7.8,400000,44766,0.111915,152251,0.380628
-39,8,400000,45030,0.112575,152527,0.381317
-39,8.2,400000,44477,0.111192,152127,0.380317
-39,8.4,400000,44852,0.11213,152165,0.380412
-39,8.6,400000,44993,0.112482,152261,0.380653
-39,8.8,400000,45058,0.112645,152571,0.381427
-39,9,400000,44951,0.112378,152260,0.38065
-39,9.2,400000,44604,0.11151,152046,0.380115
-39,9.4,400000,45229,0.113073,151966,0.379915
-39,9.6,400000,44867,0.112168,152083,0.380207
-39,9.8,400000,44564,0.11141,151486,0.378715
-39,10,400000,45128,0.11282,151776,0.37944
-39,10.2,400000,45009,0.112522,152662,0.381655
-39,10.4,400000,44704,0.11176,151630,0.379075
-39,10.6,400000,45254,0.113135,152520,0.3813
-39,10.8,400000,44778,0.111945,152668,0.38167
-39,11,400000,45081,0.112702,151722,0.379305
-39,11.2,400000,44962,0.112405,152198,0.380495
-39,11.4,400000,44591,0.111477,151959,0.379897
-39,11.6,400000,45028,0.11257,151776,0.37944
-39,11.8,400000,44867,0.112168,151998,0.379995
-39,12,400000,44846,0.112115,152163,0.380408
-39,12.2,400000,45385,0.113462,152218,0.380545
-39,12.4,400000,45035,0.112587,152394,0.380985
-39,12.6,400000,45098,0.112745,151937,0.379843
-39,12.8,400000,45071,0.112677,152879,0.382198
-39,13,400000,44715,0.111787,152095,0.380238
-39,13.2,400000,45018,0.112545,152347,0.380868
-39,13.4,400000,45370,0.113425,151918,0.379795
-39,13.6,400000,44745,0.111863,152326,0.380815
-39,13.8,400000,45210,0.113025,151889,0.379723
-39,14,400000,44793,0.111982,151549,0.378873
-39,14.2,400000,44957,0.112393,152678,0.381695
-39,14.4,400000,44730,0.111825,151823,0.379557
-39,14.6,400000,45187,0.112967,152050,0.380125
-39,14.8,400000,44705,0.111763,152739,0.381848
-39,15,400000,44510,0.111275,151457,0.378642
-39,15.2,400000,44904,0.11226,152041,0.380103
-39,15.4,400000,44539,0.111348,151679,0.379198
-39,15.6,400000,44688,0.11172,152266,0.380665
-39,15.8,400000,44426,0.111065,151806,0.379515
-39,16,400000,45141,0.112852,152889,0.382223
-39,16.2,400000,44881,0.112202,152934,0.382335
-39,16.4,400000,44587,0.111467,152040,0.3801
-39,16.6,400000,45027,0.112568,151899,0.379748
-39,16.8,400000,44951,0.112378,152246,0.380615
-39,17,400000,45317,0.113293,152312,0.38078
-39,17.2,400000,45343,0.113357,152194,0.380485
-39,17.4,400000,44432,0.11108,152400,0.381
-39,17.6,400000,44857,0.112143,152793,0.381983
-39,17.8,400000,44373,0.110933,151914,0.379785
-39,18,400000,44735,0.111838,151667,0.379167
-39,18.2,400000,44711,0.111778,152278,0.380695
-39,18.4,400000,44648,0.11162,151946,0.379865
-39,18.6,400000,44611,0.111528,152428,0.38107
-39,18.8,400000,44784,0.11196,152390,0.380975
-39,19,400000,44901,0.112253,152571,0.381427
-39,19.2,400000,44906,0.112265,152076,0.38019
-39,19.4,400000,44786,0.111965,151947,0.379868
-39,19.6,400000,44891,0.112227,151902,0.379755
-39,19.8,400000,45314,0.113285,152994,0.382485
-39,20,400000,44931,0.112327,152224,0.38056
-39,20.2,400000,44826,0.112065,151704,0.37926
-39,20.4,400000,44200,0.1105,151627,0.379068
-39,20.6,400000,45031,0.112577,152010,0.380025
-39,20.8,400000,44630,0.111575,151904,0.37976
-39,21,400000,44581,0.111452,151854,0.379635
-39,21.2,400000,44820,0.11205,152351,0.380877
-39,21.4,400000,44577,0.111442,151970,0.379925
-39,21.6,400000,45207,0.113018,152238,0.380595
-39,21.8,400000,44679,0.111698,152162,0.380405
-39,22,400000,44719,0.111797,151783,0.379458
-39,22.2,400000,44797,0.111992,151938,0.379845
-39,22.4,400000,44786,0.111965,151929,0.379823
-39,22.6,400000,44891,0.112227,152038,0.380095
-39,22.8,400000,44772,0.11193,152635,0.381588
-39,23,400000,44695,0.111738,151587,0.378968
-39,23.2,400000,44944,0.11236,151969,0.379922
-39,23.4,400000,45047,0.112617,152036,0.38009
-39,23.6,400000,44547,0.111367,152500,0.38125
-39,23.8,400000,44846,0.112115,151932,0.37983
-39,24,400000,44441,0.111103,152083,0.380207
-39,24.2,400000,45284,0.11321,152666,0.381665
-39,24.4,400000,44689,0.111723,152412,0.38103
-39,24.6,400000,45064,0.11266,152065,0.380163
-39,24.8,400000,45405,0.113513,152935,0.382337
-39,25,400000,44786,0.111965,151941,0.379852
-39,25.2,400000,44861,0.112153,152678,0.381695
-39,25.4,400000,44944,0.11236,152263,0.380657
-39,25.6,400000,44668,0.11167,151898,0.379745
-39,25.8,400000,44491,0.111228,152676,0.38169
-39,26,400000,44617,0.111543,152008,0.38002
-39,26.2,400000,44549,0.111372,152180,0.38045
-39,26.4,400000,44231,0.110577,151287,0.378217
-39,26.6,400000,44529,0.111323,151951,0.379877
-39,26.8,400000,44614,0.111535,151501,0.378752
-39,27,400000,44577,0.111442,152026,0.380065
-39,27.2,400000,45409,0.113522,151864,0.37966
-39,27.4,400000,44631,0.111577,151547,0.378868
-39,27.6,400000,44343,0.110857,151780,0.37945
-39,27.8,400000,44808,0.11202,151853,0.379632
-39,28,400000,44841,0.112102,152208,0.38052
-39,28.2,400000,44917,0.112293,152575,0.381437
-39,28.4,400000,45474,0.113685,152549,0.381373
-39,28.6,400000,45088,0.11272,152180,0.38045
-39,28.8,400000,44427,0.111067,152296,0.38074
-39,29,400000,45467,0.113668,152715,0.381788
-39,29.2,400000,44716,0.11179,151985,0.379962
-39,29.4,400000,44784,0.11196,151595,0.378987
-39,29.6,400000,44909,0.112272,151708,0.37927
-39,29.8,400000,44823,0.112058,151205,0.378012
-39,30,400000,44501,0.111253,151831,0.379578
-39,30.2,400000,44344,0.11086,151806,0.379515
-39,30.4,400000,44499,0.111247,152303,0.380758
-39,30.6,400000,44673,0.111683,152136,0.38034
-39,30.8,400000,45053,0.112632,151862,0.379655
-39,31,400000,44916,0.11229,152036,0.38009
-39,31.2,400000,44574,0.111435,151869,0.379673
-39,31.4,400000,44514,0.111285,151846,0.379615
-39,31.6,400000,44873,0.112183,152026,0.380065
-39,31.8,400000,44534,0.111335,151889,0.379723
-39,32,400000,44723,0.111808,152178,0.380445
-39,32.2,400000,44935,0.112338,152190,0.380475
-39,32.4,400000,44692,0.11173,151907,0.379767
-39,32.6,400000,44596,0.11149,151180,0.37795
-39,32.8,400000,44795,0.111988,151772,0.37943
-39,33,400000,45145,0.112863,151925,0.379812
-39,33.2,400000,44762,0.111905,151595,0.378987
-39,33.4,400000,44678,0.111695,151904,0.37976
-39,33.6,400000,45107,0.112768,151882,0.379705
-39,33.8,400000,44810,0.112025,152131,0.380327
-39,34,400000,44791,0.111977,151837,0.379592
-39,34.2,400000,45081,0.112702,152093,0.380232
-39,34.4,400000,44680,0.1117,151274,0.378185
-39,34.6,400000,45082,0.112705,152605,0.381512
-39,34.8,400000,44609,0.111522,152291,0.380727
-39,35,400000,44945,0.112363,151569,0.378922
-39,35.2,400000,44929,0.112323,151713,0.379283
-39,35.4,400000,44950,0.112375,152277,0.380692
-39,35.6,400000,45028,0.11257,151614,0.379035
-39,35.8,400000,44600,0.1115,151742,0.379355
-39,36,400000,44535,0.111338,152370,0.380925
-39,36.2,400000,44432,0.11108,151397,0.378493
-39,36.4,400000,44367,0.110918,152024,0.38006
-39,36.6,400000,45068,0.11267,152013,0.380032
-39,36.8,400000,44496,0.11124,151623,0.379057
-39,37,400000,44896,0.11224,151865,0.379663
-39,37.2,400000,44823,0.112058,152031,0.380078
-39,37.4,400000,45109,0.112772,152372,0.38093
-39,37.6,400000,44855,0.112138,152212,0.38053
-39,37.8,400000,44379,0.110948,151746,0.379365
-39,38,400000,44985,0.112463,151879,0.379698
-39,38.2,400000,45115,0.112787,152530,0.381325
-39,38.4,400000,44842,0.112105,151623,0.379057
-39,38.6,400000,44313,0.110783,151232,0.37808
-39,38.8,400000,44188,0.11047,151463,0.378657
-39,39,400000,45298,0.113245,152281,0.380702
-39,39.2,400000,44976,0.11244,152014,0.380035
-39,39.4,400000,44594,0.111485,151534,0.378835
-39,39.6,400000,44875,0.112187,152068,0.38017
-39,39.8,400000,45281,0.113202,152047,0.380117
-39,40,400000,44947,0.112367,152431,0.381078
-39,40.2,400000,44536,0.11134,151837,0.379592
-39,40.4,400000,44255,0.110637,152031,0.380078
-39,40.6,400000,44992,0.11248,151770,0.379425
-39,40.8,400000,45037,0.112592,152293,0.380732
-39,41,400000,44765,0.111912,151674,0.379185
-39,41.2,400000,45237,0.113092,152860,0.38215
-39,41.4,400000,44965,0.112412,152142,0.380355
-39,41.6,400000,45466,0.113665,152314,0.380785
-39,41.8,400000,45062,0.112655,152325,0.380812
-39,42,400000,44345,0.110863,151621,0.379053
-39,42.2,400000,44742,0.111855,151528,0.37882
-39,42.4,400000,44886,0.112215,152051,0.380128
-39,42.6,400000,44745,0.111863,151593,0.378982
-39,42.8,400000,45065,0.112662,152143,0.380358
-39,43,400000,44539,0.111348,151203,0.378007
-39,43.2,400000,45000,0.1125,152138,0.380345
-39,43.4,400000,45114,0.112785,152785,0.381962
-39,43.6,400000,44928,0.11232,152727,0.381817
-39,43.8,400000,44865,0.112162,152017,0.380043
-39,44,400000,44342,0.110855,151944,0.37986
-39,44.2,400000,44596,0.11149,151216,0.37804
-39,44.4,400000,45045,0.112613,152274,0.380685
-39,44.6,400000,44139,0.110348,151702,0.379255
-39,44.8,400000,45301,0.113253,152777,0.381943
-39,45,400000,45235,0.113087,151924,0.37981
-39,45.2,400000,44478,0.111195,151516,0.37879
-39,45.4,400000,45651,0.114128,152406,0.381015
-39,45.6,400000,44452,0.11113,152365,0.380912
-39,45.8,400000,44791,0.111977,151936,0.37984
-39,46,400000,44898,0.112245,152197,0.380493
-39,46.2,400000,44809,0.112022,151864,0.37966
-39,46.4,400000,44464,0.11116,152073,0.380182
-39,46.6,400000,44694,0.111735,151533,0.378833
-39,46.8,400000,45243,0.113107,151943,0.379858
-39,47,400000,44946,0.112365,151596,0.37899
-39,47.2,400000,45139,0.112848,151611,0.379028
-39,47.4,400000,44645,0.111613,152129,0.380323
-39,47.6,400000,44683,0.111708,151457,0.378642
-39,47.8,400000,44950,0.112375,151736,0.37934
-39,48,400000,44912,0.11228,152299,0.380748
-39,48.2,400000,44789,0.111973,151692,0.37923
-39,48.4,400000,44490,0.111225,151567,0.378918
-39,48.6,400000,44941,0.112352,151708,0.37927
-39,48.8,400000,44772,0.11193,151775,0.379437
-39,49,400000,44444,0.11111,152069,0.380173
-39,49.2,400000,44816,0.11204,152027,0.380068
-39,49.4,400000,45139,0.112848,152688,0.38172
-39,49.6,400000,44847,0.112117,151778,0.379445
-39,49.8,400000,45084,0.11271,152144,0.38036
-39,50,400000,44859,0.112147,152094,0.380235
-38.8,-50,400000,44803,0.112007,152447,0.381117
-38.8,-49.8,400000,44890,0.112225,152641,0.381603
-38.8,-49.6,400000,44559,0.111397,152005,0.380012
-38.8,-49.4,400000,44887,0.112217,152574,0.381435
-38.8,-49.2,400000,44915,0.112287,151770,0.379425
-38.8,-49,400000,45335,0.113337,152281,0.380702
-38.8,-48.8,400000,44395,0.110988,152323,0.380808
-38.8,-48.6,400000,45446,0.113615,152740,0.38185
-38.8,-48.4,400000,44614,0.111535,151756,0.37939
-38.8,-48.2,400000,45448,0.11362,153116,0.38279
-38.8,-48,400000,45416,0.11354,152075,0.380188
-38.8,-47.8,400000,45159,0.112897,152197,0.380493
-38.8,-47.6,400000,44698,0.111745,152063,0.380157
-38.8,-47.4,400000,44577,0.111442,152377,0.380943
-38.8,-47.2,400000,44612,0.11153,151313,0.378283
-38.8,-47,400000,45220,0.11305,152185,0.380462
-38.8,-46.8,400000,44434,0.111085,151591,0.378978
-38.8,-46.6,400000,44317,0.110793,152074,0.380185
-38.8,-46.4,400000,45150,0.112875,152010,0.380025
-38.8,-46.2,400000,44729,0.111823,151774,0.379435
-38.8,-46,400000,45049,0.112623,152456,0.38114
-38.8,-45.8,400000,44851,0.112128,151831,0.379578
-38.8,-45.6,400000,44943,0.112357,151301,0.378252
-38.8,-45.4,400000,44732,0.11183,151950,0.379875
-38.8,-45.2,400000,44854,0.112135,151339,0.378348
-38.8,-45,400000,44922,0.112305,151932,0.37983
-38.8,-44.8,400000,44928,0.11232,151903,0.379758
-38.8,-44.6,400000,45315,0.113287,152218,0.380545
-38.8,-44.4,400000,45665,0.114163,152456,0.38114
-38.8,-44.2,400000,44891,0.112227,151665,0.379163
-38.8,-44,400000,44676,0.11169,151936,0.37984
-38.8,-43.8,400000,45226,0.113065,152292,0.38073
-38.8,-43.6,400000,45255,0.113138,151796,0.37949
-38.8,-43.4,400000,44610,0.111525,151973,0.379933
-38.8,-43.2,400000,45278,0.113195,152392,0.38098
-38.8,-43,400000,44967,0.112418,151996,0.37999
-38.8,-42.8,400000,44566,0.111415,151921,0.379802
-38.8,-42.6,400000,44175,0.110437,151471,0.378678
-38.8,-42.4,400000,44457,0.111143,151809,0.379522
-38.8,-42.2,400000,45042,0.112605,152439,0.381097
-38.8,-42,400000,45387,0.113467,152236,0.38059
-38.8,-41.8,400000,45154,0.112885,152410,0.381025
-38.8,-41.6,400000,44550,0.111375,151548,0.37887
-38.8,-41.4,400000,45065,0.112662,151776,0.37944
-38.8,-41.2,400000,44357,0.110893,151723,0.379308
-38.8,-41,400000,45212,0.11303,152326,0.380815
-38.8,-40.8,400000,45170,0.112925,152679,0.381698
-38.8,-40.6,400000,44812,0.11203,151810,0.379525
-38.8,-40.4,400000,44450,0.111125,151853,0.379632
-38.8,-40.2,400000,44983,0.112458,151947,0.379868
-38.8,-40,400000,44661,0.111653,152176,0.38044
-38.8,-39.8,400000,44842,0.112105,152136,0.38034
-38.8,-39.6,400000,44630,0.111575,151810,0.379525
-38.8,-39.4,400000,44994,0.112485,152330,0.380825
-38.8,-39.2,400000,45120,0.1128,152024,0.38006
-38.8,-39,400000,45354,0.113385,152498,0.381245
-38.8,-38.8,400000,44600,0.1115,151599,0.378997
-38.8,-38.6,400000,44832,0.11208,152325,0.380812
-38.8,-38.4,400000,44798,0.111995,151823,0.379557
-38.8,-38.2,400000,44776,0.11194,151863,0.379657
-38.8,-38,400000,44651,0.111628,151519,0.378798
-38.8,-37.8,400000,44640,0.1116,151990,0.379975
-38.8,-37.6,400000,44501,0.111253,151697,0.379242
-38.8,-37.4,400000,45071,0.112677,152738,0.381845
-38.8,-37.2,400000,45293,0.113232,152567,0.381418
-38.8,-37,400000,44610,0.111525,152174,0.380435
-38.8,-36.8,400000,44253,0.110632,151003,0.377507
-38.8,-36.6,400000,44704,0.11176,152293,0.380732
-38.8,-36.4,400000,44148,0.11037,151464,0.37866
-38.8,-36.2,400000,45080,0.1127,152182,0.380455
-38.8,-36,400000,44720,0.1118,152272,0.38068
-38.8,-35.8,400000,44908,0.11227,152011,0.380028
-38.8,-35.6,400000,44962,0.112405,151994,0.379985
-38.8,-35.4,400000,44581,0.111452,151868,0.37967
-38.8,-35.2,400000,44723,0.111808,151753,0.379383
-38.8,-35,400000,45312,0.11328,152067,0.380167
-38.8,-34.8,400000,44696,0.11174,152327,0.380817
-38.8,-34.6,400000,45034,0.112585,152186,0.380465
-38.8,-34.4,400000,44664,0.11166,151666,0.379165
-38.8,-34.2,400000,44884,0.11221,151983,0.379958
-38.8,-34,400000,44963,0.112407,152741,0.381852
-38.8,-33.8,400000,44739,0.111848,152313,0.380783
-38.8,-33.6,400000,44725,0.111812,152133,0.380333
-38.8,-33.4,400000,44365,0.110912,151668,0.37917
-38.8,-33.2,400000,44475,0.111187,152438,0.381095
-38.8,-33,400000,44995,0.112488,152417,0.381043
-38.8,-32.8,400000,44698,0.111745,150793,0.376982
-38.8,-32.6,400000,44713,0.111783,151745,0.379362
-38.8,-32.4,400000,44973,0.112433,151981,0.379953
-38.8,-32.2,400000,44994,0.112485,152251,0.380628
-38.8,-32,400000,45258,0.113145,151930,0.379825
-38.8,-31.8,400000,44774,0.111935,152286,0.380715
-38.8,-31.6,400000,44597,0.111492,152155,0.380387
-38.8,-31.4,400000,45145,0.112863,152115,0.380288
-38.8,-31.2,400000,44696,0.11174,151940,0.37985
-38.8,-31,400000,44485,0.111213,151885,0.379713
-38.8,-30.8,400000,45331,0.113327,152248,0.38062
-38.8,-30.6,400000,44585,0.111463,151878,0.379695
-38.8,-30.4,400000,45257,0.113142,152503,0.381258
-38.8,-30.2,400000,44848,0.11212,152163,0.380408
-38.8,-30,400000,44401,0.111003,151565,0.378912
-38.8,-29.8,400000,44997,0.112492,152053,0.380132
-38.8,-29.6,400000,44883,0.112208,151737,0.379343
-38.8,-29.4,400000,44718,0.111795,152299,0.380748
-38.8,-29.2,400000,44720,0.1118,151680,0.3792
-38.8,-29,400000,44185,0.110463,152244,0.38061
-38.8,-28.8,400000,44737,0.111842,151926,0.379815
-38.8,-28.6,400000,45107,0.112768,152494,0.381235
-38.8,-28.4,400000,45086,0.112715,151783,0.379458
-38.8,-28.2,400000,44899,0.112248,152323,0.380808
-38.8,-28,400000,44588,0.11147,151398,0.378495
-38.8,-27.8,400000,44798,0.111995,151467,0.378667
-38.8,-27.6,400000,44916,0.11229,151644,0.37911
-38.8,-27.4,400000,44850,0.112125,152686,0.381715
-38.8,-27.2,400000,45402,0.113505,152493,0.381232
-38.8,-27,400000,45301,0.113253,151998,0.379995
-38.8,-26.8,400000,45012,0.11253,152438,0.381095
-38.8,-26.6,400000,44456,0.11114,151702,0.379255
-38.8,-26.4,400000,44515,0.111287,151939,0.379848
-38.8,-26.2,400000,44535,0.111338,151962,0.379905
-38.8,-26,400000,45187,0.112967,151865,0.379663
-38.8,-25.8,400000,44832,0.11208,151808,0.37952
-38.8,-25.6,400000,44856,0.11214,152149,0.380373
-38.8,-25.4,400000,44880,0.1122,152142,0.380355
-38.8,-25.2,400000,44540,0.11135,152555,0.381387
-38.8,-25,400000,45053,0.112632,152460,0.38115
-38.8,-24.8,400000,44877,0.112193,153011,0.382528
-38.8,-24.6,400000,44899,0.112248,151743,0.379358
-38.8,-24.4,400000,44725,0.111812,151687,0.379217
-38.8,-24.2,400000,44723,0.111808,151963,0.379908
-38.8,-24,400000,44603,0.111507,151443,0.378607
-38.8,-23.8,400000,44812,0.11203,152632,0.38158
-38.8,-23.6,400000,44530,0.111325,151804,0.37951
-38.8,-23.4,400000,45277,0.113193,151798,0.379495
-38.8,-23.2,400000,44219,0.110548,152010,0.380025
-38.8,-23,400000,44652,0.11163,151796,0.37949
-38.8,-22.8,400000,44923,0.112308,151692,0.37923
-38.8,-22.6,400000,44913,0.112282,151851,0.379628
-38.8,-22.4,400000,44781,0.111952,152071,0.380178
-38.8,-22.2,400000,45251,0.113128,152082,0.380205
-38.8,-22,400000,44281,0.110702,152192,0.38048
-38.8,-21.8,400000,44932,0.11233,151883,0.379707
-38.8,-21.6,400000,45536,0.11384,152819,0.382047
-38.8,-21.4,400000,44820,0.11205,151302,0.378255
-38.8,-21.2,400000,44931,0.112327,151850,0.379625
-38.8,-21,400000,44667,0.111668,152094,0.380235
-38.8,-20.8,400000,44223,0.110558,151513,0.378783
-38.8,-20.6,400000,44877,0.112193,152076,0.38019
-38.8,-20.4,400000,44561,0.111403,151942,0.379855
-38.8,-20.2,400000,44702,0.111755,151604,0.37901
-38.8,-20,400000,44552,0.11138,152146,0.380365
-38.8,-19.8,400000,45073,0.112683,151808,0.37952
-38.8,-19.6,400000,44405,0.111013,152106,0.380265
-38.8,-19.4,400000,44926,0.112315,151998,0.379995
-38.8,-19.2,400000,44684,0.11171,151903,0.379758
-38.8,-19,400000,44429,0.111073,152180,0.38045
-38.8,-18.8,400000,44754,0.111885,152506,0.381265
-38.8,-18.6,400000,44774,0.111935,152401,0.381003
-38.8,-18.4,400000,44983,0.112458,152505,0.381263
-38.8,-18.2,400000,44676,0.11169,152401,0.381003
-38.8,-18,400000,44895,0.112238,152322,0.380805
-38.8,-17.8,400000,44926,0.112315,152130,0.380325
-38.8,-17.6,400000,45115,0.112787,151591,0.378978
-38.8,-17.4,400000,45021,0.112552,151660,0.37915
-38.8,-17.2,400000,44867,0.112168,152214,0.380535
-38.8,-17,400000,44308,0.11077,151831,0.379578
-38.8,-16.8,400000,44868,0.11217,151954,0.379885
-38.8,-16.6,400000,45089,0.112723,151964,0.37991
-38.8,-16.4,400000,45359,0.113397,153061,0.382653
-38.8,-16.2,400000,44981,0.112452,151974,0.379935
-38.8,-16,400000,44728,0.11182,152122,0.380305
-38.8,-15.8,400000,44865,0.112162,152270,0.380675
-38.8,-15.6,400000,44657,0.111643,152686,0.381715
-38.8,-15.4,400000,45439,0.113598,151960,0.3799
-38.8,-15.2,400000,44794,0.111985,152497,0.381242
-38.8,-15,400000,45157,0.112893,151473,0.378682
-38.8,-14.8,400000,44366,0.110915,152421,0.381053
-38.8,-14.6,400000,44710,0.111775,151542,0.378855
-38.8,-14.4,400000,44649,0.111622,151704,0.37926
-38.8,-14.2,400000,44969,0.112422,151800,0.3795
-38.8,-14,400000,44725,0.111812,151814,0.379535
-38.8,-13.8,400000,45034,0.112585,152345,0.380862
-38.8,-13.6,400000,44863,0.112157,151077,0.377692
-38.8,-13.4,400000,44753,0.111882,151500,0.37875
-38.8,-13.2,400000,44604,0.11151,152669,0.381673
-38.8,-13,400000,44952,0.11238,152312,0.38078
-38.8,-12.8,400000,44902,0.112255,152467,0.381167
-38.8,-12.6,400000,44785,0.111963,151720,0.3793
-38.8,-12.4,400000,45064,0.11266,152651,0.381628
-38.8,-12.2,400000,45080,0.1127,152517,0.381292
-38.8,-12,400000,44972,0.11243,151796,0.37949
-38.8,-11.8,400000,45102,0.112755,153016,0.38254
-38.8,-11.6,400000,44901,0.112253,152075,0.380188
-38.8,-11.4,400000,44897,0.112242,151897,0.379742
-38.8,-11.2,400000,45104,0.11276,151825,0.379563
-38.8,-11,400000,44575,0.111437,152235,0.380588
-38.8,-10.8,400000,44728,0.11182,152421,0.381053
-38.8,-10.6,400000,44849,0.112122,152351,0.380877
-38.8,-10.4,400000,45367,0.113418,152779,0.381947
-38.8,-10.2,400000,44858,0.112145,152624,0.38156
-38.8,-10,400000,45503,0.113757,152684,0.38171
-38.8,-9.8,400000,44822,0.112055,152305,0.380763
-38.8,-9.6,400000,44734,0.111835,152037,0.380092
-38.8,-9.4,400000,44824,0.11206,152326,0.380815
-38.8,-9.2,400000,44845,0.112113,151411,0.378528
-38.8,-9,400000,44815,0.112037,151503,0.378758
-38.8,-8.8,400000,44835,0.112088,151724,0.37931
-38.8,-8.6,400000,44957,0.112393,152238,0.380595
-38.8,-8.4,400000,44782,0.111955,152097,0.380242
-38.8,-8.2,400000,44904,0.11226,151862,0.379655
-38.8,-8,400000,44543,0.111357,151777,0.379443
-38.8,-7.8,400000,44615,0.111537,151974,0.379935
-38.8,-7.6,400000,44610,0.111525,152068,0.38017
-38.8,-7.4,400000,45029,0.112573,152182,0.380455
-38.8,-7.2,400000,45183,0.112958,152283,0.380707
-38.8,-7,400000,44571,0.111427,152122,0.380305
-38.8,-6.8,400000,45034,0.112585,152495,0.381238
-38.8,-6.6,400000,44927,0.112318,152058,0.380145
-38.8,-6.4,400000,44815,0.112037,152156,0.38039
-38.8,-6.2,400000,44865,0.112162,152115,0.380288
-38.8,-6,400000,44675,0.111687,151862,0.379655
-38.8,-5.8,400000,45376,0.11344,152417,0.381043
-38.8,-5.6,400000,44578,0.111445,151734,0.379335
-38.8,-5.4,400000,44329,0.110823,151972,0.37993
-38.8,-5.2,400000,44814,0.112035,152160,0.3804
-38.8,-5,400000,44810,0.112025,151830,0.379575
-38.8,-4.8,400000,44439,0.111098,152061,0.380153
-38.8,-4.6,400000,45136,0.11284,152087,0.380217
-38.8,-4.4,400000,45295,0.113238,151972,0.37993
-38.8,-4.2,400000,44984,0.11246,151932,0.37983
-38.8,-4,400000,44655,0.111638,151774,0.379435
-38.8,-3.8,400000,45238,0.113095,152721,0.381802
-38.8,-3.6,400000,45255,0.113138,152261,0.380653
-38.8,-3.4,400000,45025,0.112562,152015,0.380037
-38.8,-3.2,400000,44260,0.11065,151491,0.378727
-38.8,-3,400000,44826,0.112065,152541,0.381352
-38.8,-2.8,400000,44927,0.112318,152035,0.380088
-38.8,-2.6,400000,44277,0.110692,151788,0.37947
-38.8,-2.4,400000,44790,0.111975,152485,0.381213
-38.8,-2.2,400000,44361,0.110903,151462,0.378655
-38.8,-2,400000,45108,0.11277,152877,0.382192
-38.8,-1.8,400000,44908,0.11227,152294,0.380735
-38.8,-1.6,400000,45142,0.112855,152146,0.380365
-38.8,-1.4,400000,45294,0.113235,152597,0.381493
-38.8,-1.2,400000,44764,0.11191,151539,0.378848
-38.8,-1,400000,44842,0.112105,152514,0.381285
-38.8,-0.8,400000,44631,0.111577,152062,0.380155
-38.8,-0.6,400000,44552,0.11138,152043,0.380107
-38.8,-0.4,400000,44901,0.112253,152544,0.38136
-38.8,-0.2,400000,44926,0.112315,152121,0.380302
-38.8,0,400000,44427,0.111067,151809,0.379522
-38.8,0.2,400000,44737,0.111842,151350,0.378375
-38.8,0.4,400000,44976,0.11244,152222,0.380555
-38.8,0.6,400000,44475,0.111187,152110,0.380275
-38.8,0.8,400000,44557,0.111393,151966,0.379915
-38.8,1,400000,44776,0.11194,151991,0.379978
-38.8,1.2,400000,44987,0.112467,152459,0.381147
-38.8,1.4,400000,44114,0.110285,151941,0.379852
-38.8,1.6,400000,44657,0.111643,151928,0.37982
-38.8,1.8,400000,44555,0.111388,151790,0.379475
-38.8,2,400000,45422,0.113555,152350,0.380875
-38.8,2.2,400000,45502,0.113755,152241,0.380603
-38.8,2.4,400000,44733,0.111833,151978,0.379945
-38.8,2.6,400000,45136,0.11284,152441,0.381103
-38.8,2.8,400000,44453,0.111132,152282,0.380705
-38.8,3,400000,45365,0.113412,152133,0.380333
-38.8,3.2,400000,44875,0.112187,152983,0.382458
-38.8,3.4,400000,44544,0.11136,151975,0.379937
-38.8,3.6,400000,45260,0.11315,151933,0.379833
-38.8,3.8,400000,45009,0.112522,152892,0.38223
-38.8,4,400000,45389,0.113473,152242,0.380605
-38.8,4.2,400000,44543,0.111357,151517,0.378792
-38.8,4.4,400000,44738,0.111845,151603,0.379007
-38.8,4.6,400000,44546,0.111365,152119,0.380298
-38.8,4.8,400000,45110,0.112775,152356,0.38089
-38.8,5,400000,44564,0.11141,151529,0.378823
-38.8,5.2,400000,45008,0.11252,152705,0.381763
-38.8,5.4,400000,44888,0.11222,151967,0.379918
-38.8,5.6,400000,45021,0.112552,152363,0.380908
-38.8,5.8,400000,45038,0.112595,152151,0.380377
-38.8,6,400000,45026,0.112565,151857,0.379642
-38.8,6.2,400000,44344,0.11086,151810,0.379525
-38.8,6.4,400000,44810,0.112025,152173,0.380433
-38.8,6.6,400000,44778,0.111945,152018,0.380045
-38.8,6.8,400000,44676,0.11169,152074,0.380185
-38.8,7,400000,44574,0.111435,151806,0.379515
-38.8,7.2,400000,44219,0.110548,151454,0.378635
-38.8,7.4,400000,44629,0.111573,151305,0.378263
-38.8,7.6,400000,45372,0.11343,152642,0.381605
-38.8,7.8,400000,45049,0.112623,151940,0.37985
-38.8,8,400000,44744,0.11186,152270,0.380675
-38.8,8.2,400000,44669,0.111672,152000,0.38
-38.8,8.4,400000,44766,0.111915,151901,0.379752
-38.8,8.6,400000,45118,0.112795,152249,0.380622
-38.8,8.8,400000,45345,0.113363,152450,0.381125
-38.8,9,400000,44923,0.112308,151756,0.37939
-38.8,9.2,400000,45203,0.113007,151855,0.379638
-38.8,9.4,400000,44524,0.11131,151860,0.37965
-38.8,9.6,400000,44715,0.111787,151333,0.378333
-38.8,9.8,400000,44753,0.111882,152444,0.38111
-38.8,10,400000,44560,0.1114,151201,0.378003
-38.8,10.2,400000,44456,0.11114,152256,0.38064
-38.8,10.4,400000,44864,0.11216,152365,0.380912
-38.8,10.6,400000,44806,0.112015,152106,0.380265
-38.8,10.8,400000,45604,0.11401,152190,0.380475
-38.8,11,400000,44250,0.110625,151974,0.379935
-38.8,11.2,400000,44716,0.11179,151589,0.378972
-38.8,11.4,400000,44650,0.111625,151601,0.379003
-38.8,11.6,400000,44741,0.111852,152455,0.381138
-38.8,11.8,400000,44839,0.112098,152109,0.380273
-38.8,12,400000,44825,0.112062,152505,0.381263
-38.8,12.2,400000,44846,0.112115,152118,0.380295
-38.8,12.4,400000,44450,0.111125,152020,0.38005
-38.8,12.6,400000,44743,0.111857,152607,0.381518
-38.8,12.8,400000,44889,0.112223,151727,0.379317
-38.8,13,400000,45029,0.112573,152723,0.381808
-38.8,13.2,400000,44804,0.11201,152727,0.381817
-38.8,13.4,400000,44967,0.112418,151994,0.379985
-38.8,13.6,400000,44716,0.11179,152472,0.38118
-38.8,13.8,400000,44787,0.111967,152342,0.380855
-38.8,14,400000,44671,0.111677,151941,0.379852
-38.8,14.2,400000,44455,0.111138,152015,0.380037
-38.8,14.4,400000,44398,0.110995,152300,0.38075
-38.8,14.6,400000,44906,0.112265,151975,0.379937
-38.8,14.8,400000,44453,0.111132,151689,0.379223
-38.8,15,400000,45069,0.112672,152144,0.38036
-38.8,15.2,400000,44038,0.110095,151147,0.377868
-38.8,15.4,400000,44624,0.11156,151838,0.379595
-38.8,15.6,400000,44906,0.112265,152000,0.38
-38.8,15.8,400000,44849,0.112122,151652,0.37913
-38.8,16,400000,45047,0.112617,151746,0.379365
-38.8,16.2,400000,44598,0.111495,152262,0.380655
-38.8,16.4,400000,44772,0.11193,151768,0.37942
-38.8,16.6,400000,44908,0.11227,151915,0.379788
-38.8,16.8,400000,44431,0.111077,152276,0.38069
-38.8,17,400000,45084,0.11271,152704,0.38176
-38.8,17.2,400000,45102,0.112755,151734,0.379335
-38.8,17.4,400000,44794,0.111985,152115,0.380288
-38.8,17.6,400000,44838,0.112095,151730,0.379325
-38.8,17.8,400000,44574,0.111435,152134,0.380335
-38.8,18,400000,44898,0.112245,152395,0.380987
-38.8,18.2,400000,44907,0.112268,152108,0.38027
-38.8,18.4,400000,44926,0.112315,151960,0.3799
-38.8,18.6,400000,44732,0.11183,151760,0.3794
-38.8,18.8,400000,44977,0.112443,152510,0.381275
-38.8,19,400000,44520,0.1113,151470,0.378675
-38.8,19.2,400000,45027,0.112568,151874,0.379685
-38.8,19.4,400000,44692,0.11173,151842,0.379605
-38.8,19.6,400000,45012,0.11253,151871,0.379678
-38.8,19.8,400000,44776,0.11194,151796,0.37949
-38.8,20,400000,44926,0.112315,152139,0.380348
-38.8,20.2,400000,44901,0.112253,152525,0.381312
-38.8,20.4,400000,45203,0.113007,152331,0.380827
-38.8,20.6,400000,44933,0.112333,151670,0.379175
-38.8,20.8,400000,44477,0.111192,152097,0.380242
-38.8,21,400000,44585,0.111463,152033,0.380082
-38.8,21.2,400000,45039,0.112598,151947,0.379868
-38.8,21.4,400000,45000,0.1125,152501,0.381252
-38.8,21.6,400000,44881,0.112202,152327,0.380817
-38.8,21.8,400000,44753,0.111882,152291,0.380727
-38.8,22,400000,45132,0.11283,152694,0.381735
-38.8,22.2,400000,44822,0.112055,151500,0.37875
-38.8,22.4,400000,44727,0.111818,151667,0.379167
-38.8,22.6,400000,44743,0.111857,152254,0.380635
-38.8,22.8,400000,44587,0.111467,152228,0.38057
-38.8,23,400000,44715,0.111787,152578,0.381445
-38.8,23.2,400000,45044,0.11261,152361,0.380902
-38.8,23.4,400000,44933,0.112333,151923,0.379808
-38.8,23.6,400000,45033,0.112583,152483,0.381207
-38.8,23.8,400000,44966,0.112415,151871,0.379678
-38.8,24,400000,44825,0.112062,151841,0.379603
-38.8,24.2,400000,44843,0.112107,151874,0.379685
-38.8,24.4,400000,44439,0.111098,151930,0.379825
-38.8,24.6,400000,44619,0.111547,152089,0.380223
-38.8,24.8,400000,44260,0.11065,151781,0.379453
-38.8,25,400000,44800,0.112,151887,0.379717
-38.8,25.2,400000,44819,0.112047,152442,0.381105
-38.8,25.4,400000,44721,0.111802,152062,0.380155
-38.8,25.6,400000,44861,0.112153,152291,0.380727
-38.8,25.8,400000,45104,0.11276,151694,0.379235
-38.8,26,400000,45161,0.112903,151549,0.378873
-38.8,26.2,400000,44879,0.112198,152127,0.380317
-38.8,26.4,400000,45114,0.112785,152107,0.380267
-38.8,26.6,400000,44431,0.111077,151789,0.379472
-38.8,26.8,400000,45164,0.11291,152127,0.380317
-38.8,27,400000,44756,0.11189,152211,0.380528
-38.8,27.2,400000,44828,0.11207,152445,0.381113
-38.8,27.4,400000,45016,0.11254,152157,0.380393
-38.8,27.6,400000,45039,0.112598,152253,0.380632
-38.8,27.8,400000,44870,0.112175,151731,0.379327
-38.8,28,400000,45081,0.112702,152235,0.380588
-38.8,28.2,400000,44831,0.112077,151837,0.379592
-38.8,28.4,400000,45104,0.11276,151855,0.379638
-38.8,28.6,400000,44647,0.111617,152154,0.380385
-38.8,28.8,400000,44276,0.11069,151837,0.379592
-38.8,29,400000,44677,0.111693,152175,0.380437
-38.8,29.2,400000,44964,0.11241,152673,0.381682
-38.8,29.4,400000,44592,0.11148,151910,0.379775
-38.8,29.6,400000,44970,0.112425,152336,0.38084
-38.8,29.8,400000,45009,0.112522,151517,0.378792
-38.8,30,400000,44497,0.111242,151723,0.379308
-38.8,30.2,400000,45129,0.112823,152036,0.38009
-38.8,30.4,400000,45223,0.113058,152444,0.38111
-38.8,30.6,400000,44797,0.111992,151966,0.379915
-38.8,30.8,400000,44907,0.112268,152284,0.38071
-38.8,31,400000,45153,0.112882,152073,0.380182
-38.8,31.2,400000,44513,0.111283,151543,0.378858
-38.8,31.4,400000,44883,0.112208,152053,0.380132
-38.8,31.6,400000,44406,0.111015,151743,0.379358
-38.8,31.8,400000,44680,0.1117,151519,0.378798
-38.8,32,400000,45063,0.112657,152563,0.381408
-38.8,32.2,400000,44701,0.111753,152725,0.381812
-38.8,32.4,400000,44759,0.111897,152100,0.38025
-38.8,32.6,400000,44586,0.111465,151664,0.37916
-38.8,32.8,400000,45872,0.11468,152815,0.382037
-38.8,33,400000,44814,0.112035,151259,0.378148
-38.8,33.2,400000,44905,0.112263,151783,0.379458
-38.8,33.4,400000,44727,0.111818,151741,0.379352
-38.8,33.6,400000,44082,0.110205,151639,0.379097
-38.8,33.8,400000,44489,0.111223,152036,0.38009
-38.8,34,400000,44990,0.112475,151623,0.379057
-38.8,34.2,400000,44992,0.11248,152130,0.380325
-38.8,34.4,400000,45382,0.113455,152883,0.382207
-38.8,34.6,400000,44295,0.110738,151539,0.378848
-38.8,34.8,400000,44577,0.111442,151949,0.379873
-38.8,35,400000,45087,0.112717,152009,0.380022
-38.8,35.2,400000,44922,0.112305,151776,0.37944
-38.8,35.4,400000,44798,0.111995,151926,0.379815
-38.8,35.6,400000,44977,0.112443,152039,0.380097
-38.8,35.8,400000,44777,0.111943,152265,0.380663
-38.8,36,400000,44653,0.111632,151903,0.379758
-38.8,36.2,400000,44620,0.11155,151877,0.379692
-38.8,36.4,400000,45032,0.11258,152051,0.380128
-38.8,36.6,400000,44500,0.11125,152027,0.380068
-38.8,36.8,400000,44890,0.112225,151462,0.378655
-38.8,37,400000,44747,0.111867,151727,0.379317
-38.8,37.2,400000,44951,0.112378,152357,0.380893
-38.8,37.4,400000,45104,0.11276,152757,0.381893
-38.8,37.6,400000,45068,0.11267,152447,0.381117
-38.8,37.8,400000,44388,0.11097,151778,0.379445
-38.8,38,400000,44853,0.112132,152151,0.380377
-38.8,38.2,400000,44951,0.112378,152132,0.38033
-38.8,38.4,400000,45192,0.11298,152347,0.380868
-38.8,38.6,400000,44914,0.112285,152216,0.38054
-38.8,38.8,400000,44672,0.11168,151869,0.379673
-38.8,39,400000,44841,0.112102,152093,0.380232
-38.8,39.2,400000,44977,0.112443,151776,0.37944
-38.8,39.4,400000,45020,0.11255,151900,0.37975
-38.8,39.6,400000,44054,0.110135,151613,0.379032
-38.8,39.8,400000,45013,0.112532,152338,0.380845
-38.8,40,400000,44871,0.112177,152308,0.38077
-38.8,40.2,400000,44924,0.11231,152554,0.381385
-38.8,40.4,400000,44422,0.111055,151764,0.37941
-38.8,40.6,400000,44708,0.11177,151891,0.379727
-38.8,40.8,400000,44988,0.11247,151586,0.378965
-38.8,41,400000,44864,0.11216,151975,0.379937
-38.8,41.2,400000,45190,0.112975,151915,0.379788
-38.8,41.4,400000,44487,0.111217,151930,0.379825
-38.8,41.6,400000,44876,0.11219,152351,0.380877
-38.8,41.8,400000,45050,0.112625,152300,0.38075
-38.8,42,400000,44996,0.11249,152271,0.380678
-38.8,42.2,400000,44108,0.11027,151579,0.378947
-38.8,42.4,400000,44359,0.110897,152044,0.38011
-38.8,42.6,400000,44387,0.110967,151765,0.379412
-38.8,42.8,400000,45394,0.113485,152192,0.38048
-38.8,43,400000,45194,0.112985,151590,0.378975
-38.8,43.2,400000,45388,0.11347,151912,0.37978
-38.8,43.4,400000,44629,0.111573,152412,0.38103
-38.8,43.6,400000,44951,0.112378,152565,0.381412
-38.8,43.8,400000,44783,0.111958,152153,0.380383
-38.8,44,400000,44949,0.112373,151961,0.379902
-38.8,44.2,400000,45055,0.112638,151889,0.379723
-38.8,44.4,400000,44608,0.11152,151937,0.379843
-38.8,44.6,400000,44923,0.112308,152220,0.38055
-38.8,44.8,400000,44808,0.11202,152486,0.381215
-38.8,45,400000,45223,0.113058,152272,0.38068
-38.8,45.2,400000,44702,0.111755,152227,0.380568
-38.8,45.4,400000,44292,0.11073,151587,0.378968
-38.8,45.6,400000,44588,0.11147,151675,0.379188
-38.8,45.8,400000,45275,0.113187,151947,0.379868
-38.8,46,400000,44869,0.112172,151977,0.379943
-38.8,46.2,400000,44739,0.111848,151279,0.378198
-38.8,46.4,400000,44831,0.112077,152320,0.3808
-38.8,46.6,400000,44738,0.111845,152042,0.380105
-38.8,46.8,400000,43982,0.109955,151485,0.378713
-38.8,47,400000,44671,0.111677,151797,0.379493
-38.8,47.2,400000,44638,0.111595,151378,0.378445
-38.8,47.4,400000,45129,0.112823,151660,0.37915
-38.8,47.6,400000,44819,0.112047,151552,0.37888
-38.8,47.8,400000,44653,0.111632,151837,0.379592
-38.8,48,400000,44938,0.112345,152021,0.380053
-38.8,48.2,400000,45271,0.113178,152115,0.380288
-38.8,48.4,400000,44945,0.112363,152652,0.38163
-38.8,48.6,400000,45445,0.113613,152526,0.381315
-38.8,48.8,400000,45016,0.11254,151974,0.379935
-38.8,49,400000,45311,0.113278,152149,0.380373
-38.8,49.2,400000,44809,0.112022,151936,0.37984
-38.8,49.4,400000,45237,0.113092,152301,0.380752
-38.8,49.6,400000,44873,0.112183,152648,0.38162
-38.8,49.8,400000,45233,0.113083,152025,0.380063
-38.8,50,400000,44856,0.11214,151971,0.379927
-38.6,-50,400000,44479,0.111198,151480,0.3787
-38.6,-49.8,400000,44589,0.111473,152072,0.38018
-38.6,-49.6,400000,44657,0.111643,151686,0.379215
-38.6,-49.4,400000,45158,0.112895,152622,0.381555
-38.6,-49.2,400000,44856,0.11214,151893,0.379732
-38.6,-49,400000,44886,0.112215,151580,0.37895
-38.6,-48.8,400000,45193,0.112982,152163,0.380408
-38.6,-48.6,400000,45062,0.112655,152594,0.381485
-38.6,-48.4,400000,44536,0.11134,151241,0.378103
-38.6,-48.2,400000,44782,0.111955,152465,0.381163
-38.6,-48,400000,44958,0.112395,152024,0.38006
-38.6,-47.8,400000,45245,0.113113,152466,0.381165
-38.6,-47.6,400000,44268,0.11067,151358,0.378395
-38.6,-47.4,400000,44547,0.111367,151794,0.379485
-38.6,-47.2,400000,44595,0.111488,152360,0.3809
-38.6,-47,400000,45044,0.11261,152347,0.380868
-38.6,-46.8,400000,45018,0.112545,152357,0.380893
-38.6,-46.6,400000,45316,0.11329,152738,0.381845
-38.6,-46.4,400000,44616,0.11154,151792,0.37948
-38.6,-46.2,400000,44384,0.11096,152296,0.38074
-38.6,-46,400000,44431,0.111077,151658,0.379145
-38.6,-45.8,400000,45010,0.112525,151815,0.379538
-38.6,-45.6,400000,45167,0.112918,151886,0.379715
-38.6,-45.4,400000,44990,0.112475,152121,0.380302
-38.6,-45.2,400000,44336,0.11084,151738,0.379345
-38.6,-45,400000,45261,0.113153,152538,0.381345
-38.6,-44.8,400000,44512,0.11128,151470,0.378675
-38.6,-44.6,400000,44916,0.11229,152584,0.38146
-38.6,-44.4,400000,44358,0.110895,151720,0.3793
-38.6,-44.2,400000,44927,0.112318,152190,0.380475
-38.6,-44,400000,44628,0.11157,152145,0.380362
-38.6,-43.8,400000,44385,0.110963,151634,0.379085
-38.6,-43.6,400000,44835,0.112088,151520,0.3788
-38.6,-43.4,400000,44711,0.111778,152061,0.380153
-38.6,-43.2,400000,44488,0.11122,151876,0.37969
-38.6,-43,400000,44668,0.11167,152114,0.380285
-38.6,-42.8,400000,44472,0.11118,151559,0.378897
-38.6,-42.6,400000,44932,0.11233,152520,0.3813
-38.6,-42.4,400000,45427,0.113568,152568,0.38142
-38.6,-42.2,400000,45446,0.113615,151953,0.379883
-38.6,-42,400000,44898,0.112245,151873,0.379682
-38.6,-41.8,400000,44819,0.112047,152105,0.380263
-38.6,-41.6,400000,45182,0.112955,152444,0.38111
-38.6,-41.4,400000,44997,0.112492,152202,0.380505
-38.6,-41.2,400000,44368,0.11092,151664,0.37916
-38.6,-41,400000,44684,0.11171,152006,0.380015
-38.6,-40.8,400000,44796,0.11199,152455,0.381138
-38.6,-40.6,400000,45297,0.113242,152614,0.381535
-38.6,-40.4,400000,45130,0.112825,151961,0.379902
-38.6,-40.2,400000,44599,0.111497,151784,0.37946
-38.6,-40,400000,44915,0.112287,152037,0.380092
-38.6,-39.8,400000,45353,0.113382,151849,0.379622
-38.6,-39.6,400000,44743,0.111857,152365,0.380912
-38.6,-39.4,400000,44249,0.110622,151286,0.378215
-38.6,-39.2,400000,44493,0.111232,151459,0.378648
-38.6,-39,400000,45092,0.11273,151988,0.37997
-38.6,-38.8,400000,44523,0.111308,152176,0.38044
-38.6,-38.6,400000,45139,0.112848,152434,0.381085
-38.6,-38.4,400000,44290,0.110725,151312,0.37828
-38.6,-38.2,400000,45037,0.112592,151810,0.379525
-38.6,-38,400000,44897,0.112242,152178,0.380445
-38.6,-37.8,400000,44886,0.112215,152512,0.38128
-38.6,-37.6,400000,45103,0.112757,152603,0.381507
-38.6,-37.4,400000,44667,0.111668,152308,0.38077
-38.6,-37.2,400000,45133,0.112833,152308,0.38077
-38.6,-37,400000,44717,0.111793,152101,0.380252
-38.6,-36.8,400000,45327,0.113318,152723,0.381808
-38.6,-36.6,400000,44852,0.11213,152171,0.380427
-38.6,-36.4,400000,45313,0.113282,152517,0.381292
-38.6,-36.2,400000,44945,0.112363,152898,0.382245
-38.6,-36,400000,44757,0.111893,152116,0.38029
-38.6,-35.8,400000,44865,0.112162,151633,0.379082
-38.6,-35.6,400000,44687,0.111717,151715,0.379287
-38.6,-35.4,400000,45097,0.112742,152084,0.38021
-38.6,-35.2,400000,44978,0.112445,151981,0.379953
-38.6,-35,400000,44990,0.112475,152048,0.38012
-38.6,-34.8,400000,44766,0.111915,152014,0.380035
-38.6,-34.6,400000,45192,0.11298,151835,0.379588
-38.6,-34.4,400000,44946,0.112365,151595,0.378987
-38.6,-34.2,400000,45293,0.113232,152567,0.381418
-38.6,-34,400000,44795,0.111988,152491,0.381227
-38.6,-33.8,400000,45011,0.112528,152047,0.380117
-38.6,-33.6,400000,45123,0.112808,152523,0.381308
-38.6,-33.4,400000,44922,0.112305,151948,0.37987
-38.6,-33.2,400000,44634,0.111585,152356,0.38089
-38.6,-33,400000,44820,0.11205,151946,0.379865
-38.6,-32.8,400000,44882,0.112205,152521,0.381302
-38.6,-32.6,400000,45302,0.113255,152411,0.381028
-38.6,-32.4,400000,44511,0.111278,151830,0.379575
-38.6,-32.2,400000,44827,0.112068,151936,0.37984
-38.6,-32,400000,45025,0.112562,152340,0.38085
-38.6,-31.8,400000,44988,0.11247,151888,0.37972
-38.6,-31.6,400000,45134,0.112835,152304,0.38076
-38.6,-31.4,400000,45458,0.113645,152519,0.381298
-38.6,-31.2,400000,44844,0.11211,151436,0.37859
-38.6,-31,400000,44767,0.111918,152534,0.381335
-38.6,-30.8,400000,45223,0.113058,151704,0.37926
-38.6,-30.6,400000,44733,0.111833,152271,0.380678
-38.6,-30.4,400000,44966,0.112415,152136,0.38034
-38.6,-30.2,400000,44945,0.112363,152064,0.38016
-38.6,-30,400000,44529,0.111323,152403,0.381007
-38.6,-29.8,400000,44774,0.111935,152010,0.380025
-38.6,-29.6,400000,45143,0.112857,152843,0.382107
-38.6,-29.4,400000,45285,0.113212,152161,0.380402
-38.6,-29.2,400000,44623,0.111558,152013,0.380032
-38.6,-29,400000,44622,0.111555,152772,0.38193
-38.6,-28.8,400000,44546,0.111365,151642,0.379105
-38.6,-28.6,400000,44351,0.110878,152033,0.380082
-38.6,-28.4,400000,44956,0.11239,151787,0.379468
-38.6,-28.2,400000,45163,0.112907,152509,0.381273
-38.6,-28,400000,44533,0.111333,151938,0.379845
-38.6,-27.8,400000,45034,0.112585,152658,0.381645
-38.6,-27.6,400000,44478,0.111195,151727,0.379317
-38.6,-27.4,400000,45026,0.112565,152370,0.380925
-38.6,-27.2,400000,44938,0.112345,152021,0.380053
-38.6,-27,400000,44919,0.112297,152712,0.38178
-38.6,-26.8,400000,45124,0.11281,152468,0.38117
-38.6,-26.6,400000,44961,0.112403,151951,0.379877
-38.6,-26.4,400000,44801,0.112003,151795,0.379487
-38.6,-26.2,400000,44880,0.1122,151856,0.37964
-38.6,-26,400000,44646,0.111615,152260,0.38065
-38.6,-25.8,400000,44910,0.112275,152003,0.380007
-38.6,-25.6,400000,45150,0.112875,151649,0.379122
-38.6,-25.4,400000,45024,0.11256,152048,0.38012
-38.6,-25.2,400000,45148,0.11287,151800,0.3795
-38.6,-25,400000,44637,0.111592,151773,0.379433
-38.6,-24.8,400000,44842,0.112105,152573,0.381433
-38.6,-24.6,400000,44580,0.11145,152285,0.380713
-38.6,-24.4,400000,44665,0.111662,152037,0.380092
-38.6,-24.2,400000,44832,0.11208,152564,0.38141
-38.6,-24,400000,44503,0.111257,151880,0.3797
-38.6,-23.8,400000,45068,0.11267,152548,0.38137
-38.6,-23.6,400000,44534,0.111335,151641,0.379103
-38.6,-23.4,400000,45226,0.113065,152170,0.380425
-38.6,-23.2,400000,44752,0.11188,151501,0.378752
-38.6,-23,400000,45239,0.113098,152118,0.380295
-38.6,-22.8,400000,45614,0.114035,152191,0.380478
-38.6,-22.6,400000,44972,0.11243,152684,0.38171
-38.6,-22.4,400000,44635,0.111588,151883,0.379707
-38.6,-22.2,400000,45043,0.112607,151922,0.379805
-38.6,-22,400000,44863,0.112157,152430,0.381075
-38.6,-21.8,400000,44901,0.112253,151758,0.379395
-38.6,-21.6,400000,44790,0.111975,152574,0.381435
-38.6,-21.4,400000,44898,0.112245,152715,0.381788
-38.6,-21.2,400000,44794,0.111985,151999,0.379997
-38.6,-21,400000,45310,0.113275,152635,0.381588
-38.6,-20.8,400000,44711,0.111778,151740,0.37935
-38.6,-20.6,400000,44825,0.112062,152462,0.381155
-38.6,-20.4,400000,44579,0.111448,151631,0.379078
-38.6,-20.2,400000,44831,0.112077,151813,0.379532
-38.6,-20,400000,44936,0.11234,152246,0.380615
-38.6,-19.8,400000,45197,0.112992,152030,0.380075
-38.6,-19.6,400000,44743,0.111857,152348,0.38087
-38.6,-19.4,400000,44908,0.11227,152451,0.381128
-38.6,-19.2,400000,45031,0.112577,152858,0.382145
-38.6,-19,400000,45177,0.112943,152692,0.38173
-38.6,-18.8,400000,44644,0.11161,151827,0.379568
-38.6,-18.6,400000,45097,0.112742,152224,0.38056
-38.6,-18.4,400000,44891,0.112227,152341,0.380852
-38.6,-18.2,400000,44448,0.11112,151934,0.379835
-38.6,-18,400000,44500,0.11125,152071,0.380178
-38.6,-17.8,400000,44854,0.112135,152008,0.38002
-38.6,-17.6,400000,44420,0.11105,151556,0.37889
-38.6,-17.4,400000,44758,0.111895,151890,0.379725
-38.6,-17.2,400000,44838,0.112095,151925,0.379812
-38.6,-17,400000,44628,0.11157,152561,0.381402
-38.6,-16.8,400000,44516,0.11129,151592,0.37898
-38.6,-16.6,400000,44810,0.112025,151840,0.3796
-38.6,-16.4,400000,44939,0.112348,152006,0.380015
-38.6,-16.2,400000,44871,0.112177,151820,0.37955
-38.6,-16,400000,44742,0.111855,152331,0.380827
-38.6,-15.8,400000,45236,0.11309,152401,0.381003
-38.6,-15.6,400000,45319,0.113297,151925,0.379812
-38.6,-15.4,400000,45060,0.11265,151971,0.379927
-38.6,-15.2,400000,44695,0.111738,152137,0.380342
-38.6,-15,400000,44970,0.112425,151988,0.37997
-38.6,-14.8,400000,45157,0.112893,152966,0.382415
-38.6,-14.6,400000,44491,0.111228,152204,0.38051
-38.6,-14.4,400000,44603,0.111507,152052,0.38013
-38.6,-14.2,400000,44429,0.111073,151299,0.378248
-38.6,-14,400000,45169,0.112922,152297,0.380742
-38.6,-13.8,400000,44240,0.1106,151949,0.379873
-38.6,-13.6,400000,44375,0.110937,152518,0.381295
-38.6,-13.4,400000,44393,0.110982,151695,0.379238
-38.6,-13.2,400000,44757,0.111893,151927,0.379817
-38.6,-13,400000,44660,0.11165,151593,0.378982
-38.6,-12.8,400000,44864,0.11216,151747,0.379368
-38.6,-12.6,400000,44680,0.1117,152004,0.38001
-38.6,-12.4,400000,44719,0.111797,151715,0.379287
-38.6,-12.2,400000,45288,0.11322,152520,0.3813
-38.6,-12,400000,44695,0.111738,152008,0.38002
-38.6,-11.8,400000,45166,0.112915,152649,0.381622
-38.6,-11.6,400000,44728,0.11182,152262,0.380655
-38.6,-11.4,400000,45323,0.113308,152725,0.381812
-38.6,-11.2,400000,45041,0.112602,152444,0.38111
-38.6,-11,400000,44747,0.111867,151694,0.379235
-38.6,-10.8,400000,44267,0.110668,152256,0.38064
-38.6,-10.6,400000,44748,0.11187,151893,0.379732
-38.6,-10.4,400000,44218,0.110545,151938,0.379845
-38.6,-10.2,400000,44923,0.112308,152237,0.380593
-38.6,-10,400000,44332,0.11083,151418,0.378545
-38.6,-9.8,400000,44848,0.11212,151964,0.37991
-38.6,-9.6,400000,44706,0.111765,152261,0.380653
-38.6,-9.4,400000,44904,0.11226,151942,0.379855
-38.6,-9.2,400000,44840,0.1121,152088,0.38022
-38.6,-9,400000,44518,0.111295,151678,0.379195
-38.6,-8.8,400000,44882,0.112205,152816,0.38204
-38.6,-8.6,400000,45182,0.112955,152160,0.3804
-38.6,-8.4,400000,44703,0.111757,152135,0.380337
-38.6,-8.2,400000,44751,0.111878,152111,0.380277
-38.6,-8,400000,44918,0.112295,151899,0.379748
-38.6,-7.8,400000,45019,0.112547,152040,0.3801
-38.6,-7.6,400000,44759,0.111897,152013,0.380032
-38.6,-7.4,400000,44871,0.112177,152439,0.381097
-38.6,-7.2,400000,45513,0.113782,152059,0.380148
-38.6,-7,400000,45366,0.113415,152609,0.381522
-38.6,-6.8,400000,44579,0.111448,152138,0.380345
-38.6,-6.6,400000,44790,0.111975,151889,0.379723
-38.6,-6.4,400000,44607,0.111518,152082,0.380205
-38.6,-6.2,400000,44807,0.112018,152049,0.380122
-38.6,-6,400000,44130,0.110325,151888,0.37972
-38.6,-5.8,400000,44937,0.112342,151993,0.379983
-38.6,-5.6,400000,44734,0.111835,152257,0.380642
-38.6,-5.4,400000,44921,0.112302,152566,0.381415
-38.6,-5.2,400000,44668,0.11167,152178,0.380445
-38.6,-5,400000,44266,0.110665,152116,0.38029
-38.6,-4.8,400000,44592,0.11148,151638,0.379095
-38.6,-4.6,400000,44842,0.112105,151958,0.379895
-38.6,-4.4,400000,44928,0.11232,152049,0.380122
-38.6,-4.2,400000,44688,0.11172,152085,0.380213
-38.6,-4,400000,45377,0.113443,152120,0.3803
-38.6,-3.8,400000,44561,0.111403,151942,0.379855
-38.6,-3.6,400000,45340,0.11335,152520,0.3813
-38.6,-3.4,400000,45173,0.112933,151826,0.379565
-38.6,-3.2,400000,44581,0.111452,152199,0.380497
-38.6,-3,400000,44898,0.112245,152138,0.380345
-38.6,-2.8,400000,45300,0.11325,152691,0.381727
-38.6,-2.6,400000,44378,0.110945,151917,0.379792
-38.6,-2.4,400000,44289,0.110723,151773,0.379433
-38.6,-2.2,400000,45246,0.113115,152279,0.380698
-38.6,-2,400000,44801,0.112003,152504,0.38126
-38.6,-1.8,400000,44845,0.112113,152417,0.381043
-38.6,-1.6,400000,45301,0.113253,152274,0.380685
-38.6,-1.4,400000,45223,0.113058,152404,0.38101
-38.6,-1.2,400000,45186,0.112965,152618,0.381545
-38.6,-1,400000,44540,0.11135,151746,0.379365
-38.6,-0.8,400000,44988,0.11247,152233,0.380582
-38.6,-0.6,400000,44608,0.11152,151678,0.379195
-38.6,-0.4,400000,44920,0.1123,152327,0.380817
-38.6,-0.2,400000,44909,0.112272,152249,0.380622
-38.6,0,400000,45067,0.112668,152328,0.38082
-38.6,0.2,400000,44441,0.111103,151522,0.378805
-38.6,0.4,400000,45585,0.113962,152051,0.380128
-38.6,0.6,400000,44933,0.112333,152098,0.380245
-38.6,0.8,400000,44883,0.112208,152006,0.380015
-38.6,1,400000,45174,0.112935,151873,0.379682
-38.6,1.2,400000,44799,0.111997,151751,0.379377
-38.6,1.4,400000,44997,0.112492,151819,0.379547
-38.6,1.6,400000,45170,0.112925,152320,0.3808
-38.6,1.8,400000,44439,0.111098,151555,0.378887
-38.6,2,400000,44630,0.111575,152165,0.380412
-38.6,2.2,400000,45522,0.113805,152214,0.380535
-38.6,2.4,400000,44517,0.111293,151708,0.37927
-38.6,2.6,400000,44872,0.11218,152176,0.38044
-38.6,2.8,400000,44804,0.11201,152251,0.380628
-38.6,3,400000,45244,0.11311,153231,0.383078
-38.6,3.2,400000,44366,0.110915,151789,0.379472
-38.6,3.4,400000,44746,0.111865,152275,0.380688
-38.6,3.6,400000,45335,0.113337,152527,0.381317
-38.6,3.8,400000,45019,0.112547,152403,0.381007
-38.6,4,400000,45124,0.11281,152706,0.381765
-38.6,4.2,400000,44507,0.111268,152190,0.380475
-38.6,4.4,400000,45087,0.112717,152603,0.381507
-38.6,4.6,400000,44925,0.112312,151992,0.37998
-38.6,4.8,400000,44590,0.111475,151775,0.379437
-38.6,5,400000,44566,0.111415,151917,0.379792
-38.6,5.2,400000,45189,0.112973,152499,0.381248
-38.6,5.4,400000,44638,0.111595,151661,0.379153
-38.6,5.6,400000,44874,0.112185,151859,0.379648
-38.6,5.8,400000,45022,0.112555,152065,0.380163
-38.6,6,400000,44646,0.111615,152274,0.380685
-38.6,6.2,400000,45003,0.112507,152345,0.380862
-38.6,6.4,400000,44299,0.110747,152003,0.380007
-38.6,6.6,400000,44810,0.112025,151828,0.37957
-38.6,6.8,400000,44493,0.111232,151946,0.379865
-38.6,7,400000,44731,0.111827,152735,0.381837
-38.6,7.2,400000,44091,0.110228,151443,0.378607
-38.6,7.4,400000,44765,0.111912,151439,0.378597
-38.6,7.6,400000,44331,0.110827,151469,0.378673
-38.6,7.8,400000,44936,0.11234,152307,0.380767
-38.6,8,400000,44664,0.11166,152613,0.381532
-38.6,8.2,400000,44729,0.111823,152129,0.380323
-38.6,8.4,400000,44925,0.112312,151735,0.379337
-38.6,8.6,400000,45067,0.112668,152119,0.380298
-38.6,8.8,400000,44954,0.112385,152287,0.380717
-38.6,9,400000,45235,0.113087,152118,0.380295
-38.6,9.2,400000,44904,0.11226,152039,0.380097
-38.6,9.4,400000,44583,0.111458,151685,0.379213
-38.6,9.6,400000,44759,0.111897,152250,0.380625
-38.6,9.8,400000,44619,0.111547,151815,0.379538
-38.6,10,400000,44407,0.111018,151737,0.379343
-38.6,10.2,400000,44675,0.111687,151436,0.37859
-38.6,10.4,400000,45027,0.112568,152339,0.380848
-38.6,10.6,400000,44638,0.111595,152227,0.380568
-38.6,10.8,400000,43978,0.109945,151566,0.378915
-38.6,11,400000,44697,0.111742,152654,0.381635
-38.6,11.2,400000,44974,0.112435,152141,0.380352
-38.6,11.4,400000,44763,0.111907,152085,0.380213
-38.6,11.6,400000,44988,0.11247,152478,0.381195
-38.6,11.8,400000,44695,0.111738,151762,0.379405
-38.6,12,400000,44734,0.111835,152431,0.381078
-38.6,12.2,400000,45112,0.11278,151914,0.379785
-38.6,12.4,400000,44964,0.11241,152486,0.381215
-38.6,12.6,400000,44488,0.11122,152043,0.380107
-38.6,12.8,400000,44362,0.110905,152271,0.380678
-38.6,13,400000,44700,0.11175,151857,0.379642
-38.6,13.2,400000,44465,0.111162,151490,0.378725
-38.6,13.4,400000,44659,0.111647,152219,0.380547
-38.6,13.6,400000,44512,0.11128,151493,0.378733
-38.6,13.8,400000,44337,0.110842,151636,0.37909
-38.6,14,400000,44689,0.111723,152019,0.380047
-38.6,14.2,400000,44934,0.112335,151829,0.379572
-38.6,14.4,400000,44680,0.1117,151675,0.379188
-38.6,14.6,400000,44689,0.111723,151987,0.379968
-38.6,14.8,400000,44798,0.111995,152364,0.38091
-38.6,15,400000,44602,0.111505,151897,0.379742
-38.6,15.2,400000,44827,0.112068,152699,0.381748
-38.6,15.4,400000,45169,0.112922,152555,0.381387
-38.6,15.6,400000,45066,0.112665,152068,0.38017
-38.6,15.8,400000,45099,0.112748,152820,0.38205
-38.6,16,400000,45134,0.112835,151897,0.379742
-38.6,16.2,400000,45087,0.112717,152107,0.380267
-38.6,16.4,400000,45287,0.113217,151680,0.3792
-38.6,16.6,400000,44877,0.112193,151778,0.379445
-38.6,16.8,400000,44705,0.111763,152113,0.380283
-38.6,17,400000,44840,0.1121,152019,0.380047
-38.6,17.2,400000,45061,0.112653,152776,0.38194
-38.6,17.4,400000,44305,0.110762,151625,0.379063
-38.6,17.6,400000,44780,0.11195,152472,0.38118
-38.6,17.8,400000,44276,0.11069,151873,0.379682
-38.6,18,400000,45181,0.112952,151985,0.379962
-38.6,18.2,400000,44687,0.111717,152546,0.381365
-38.6,18.4,400000,44672,0.11168,151953,0.379883
-38.6,18.6,400000,44710,0.111775,150805,0.377012
-38.6,18.8,400000,44819,0.112047,151749,0.379373
-38.6,19,400000,44848,0.11212,152225,0.380563
-38.6,19.2,400000,45058,0.112645,152187,0.380468
-38.6,19.4,400000,44706,0.111765,152251,0.380628
-38.6,19.6,400000,44923,0.112308,152201,0.380503
-38.6,19.8,400000,45487,0.113717,152659,0.381647
-38.6,20,400000,44767,0.111918,152335,0.380837
-38.6,20.2,400000,44257,0.110643,151840,0.3796
-38.6,20.4,400000,44866,0.112165,152054,0.380135
-38.6,20.6,400000,44887,0.112217,151703,0.379258
-38.6,20.8,400000,44924,0.11231,152236,0.38059
-38.6,21,400000,45332,0.11333,151876,0.37969
-38.6,21.2,400000,45250,0.113125,151948,0.37987
-38.6,21.4,400000,45107,0.112768,152708,0.38177
-38.6,21.6,400000,45201,0.113003,152602,0.381505
-38.6,21.8,400000,44972,0.11243,152215,0.380537
-38.6,22,400000,45313,0.113282,152010,0.380025
-38.6,22.2,400000,45142,0.112855,152181,0.380453
-38.6,22.4,400000,44901,0.112253,152511,0.381277
-38.6,22.6,400000,44939,0.112348,152029,0.380072
-38.6,22.8,400000,44451,0.111128,152365,0.380912
-38.6,23,400000,45114,0.112785,152379,0.380947
-38.6,23.2,400000,44740,0.11185,152439,0.381097
-38.6,23.4,400000,44834,0.112085,152442,0.381105
-38.6,23.6,400000,44826,0.112065,152441,0.381103
-38.6,23.8,400000,45215,0.113037,152108,0.38027
-38.6,24,400000,44991,0.112477,152575,0.381437
-38.6,24.2,400000,44454,0.111135,151975,0.379937
-38.6,24.4,400000,45076,0.11269,152010,0.380025
-38.6,24.6,400000,44955,0.112388,152606,0.381515
-38.6,24.8,400000,44921,0.112302,152220,0.38055
-38.6,25,400000,44987,0.112467,152218,0.380545
-38.6,25.2,400000,45163,0.112907,152487,0.381217
-38.6,25.4,400000,45054,0.112635,152323,0.380808
-38.6,25.6,400000,44669,0.111672,152241,0.380603
-38.6,25.8,400000,44982,0.112455,152183,0.380458
-38.6,26,400000,44983,0.112458,152258,0.380645
-38.6,26.2,400000,44693,0.111732,151794,0.379485
-38.6,26.4,400000,44651,0.111628,151518,0.378795
-38.6,26.6,400000,45324,0.11331,152111,0.380277
-38.6,26.8,400000,44646,0.111615,151582,0.378955
-38.6,27,400000,44759,0.111897,152603,0.381507
-38.6,27.2,400000,44282,0.110705,151449,0.378622
-38.6,27.4,400000,44643,0.111607,151862,0.379655
-38.6,27.6,400000,44570,0.111425,151917,0.379792
-38.6,27.8,400000,45039,0.112598,152118,0.380295
-38.6,28,400000,44596,0.11149,152134,0.380335
-38.6,28.2,400000,44605,0.111513,151861,0.379653
-38.6,28.4,400000,44490,0.111225,151790,0.379475
-38.6,28.6,400000,45160,0.1129,152361,0.380902
-38.6,28.8,400000,45295,0.113238,151774,0.379435
-38.6,29,400000,44576,0.11144,152434,0.381085
-38.6,29.2,400000,44331,0.110827,151647,0.379117
-38.6,29.4,400000,44943,0.112357,151964,0.37991
-38.6,29.6,400000,44835,0.112088,151207,0.378018
-38.6,29.8,400000,45245,0.113113,152787,0.381968
-38.6,30,400000,45208,0.11302,151728,0.37932
-38.6,30.2,400000,44954,0.112385,151990,0.379975
-38.6,30.4,400000,44889,0.112223,152305,0.380763
-38.6,30.6,400000,44711,0.111778,152066,0.380165
-38.6,30.8,400000,44814,0.112035,152367,0.380918
-38.6,31,400000,44500,0.11125,152117,0.380292
-38.6,31.2,400000,44792,0.11198,151410,0.378525
-38.6,31.4,400000,44779,0.111948,151949,0.379873
-38.6,31.6,400000,44890,0.112225,152071,0.380178
-38.6,31.8,400000,44287,0.110717,151692,0.37923
-38.6,32,400000,44729,0.111823,152050,0.380125
-38.6,32.2,400000,44612,0.11153,151799,0.379497
-38.6,32.4,400000,45075,0.112687,151958,0.379895
-38.6,32.6,400000,44802,0.112005,152208,0.38052
-38.6,32.8,400000,45031,0.112577,152655,0.381638
-38.6,33,400000,44934,0.112335,152183,0.380458
-38.6,33.2,400000,44650,0.111625,151991,0.379978
-38.6,33.4,400000,44694,0.111735,151976,0.37994
-38.6,33.6,400000,44858,0.112145,152049,0.380122
-38.6,33.8,400000,45067,0.112668,152249,0.380622
-38.6,34,400000,44642,0.111605,151951,0.379877
-38.6,34.2,400000,44962,0.112405,151840,0.3796
-38.6,34.4,400000,44858,0.112145,152110,0.380275
-38.6,34.6,400000,45056,0.11264,152692,0.38173
-38.6,34.8,400000,44626,0.111565,151756,0.37939
-38.6,35,400000,44946,0.112365,152691,0.381727
-38.6,35.2,400000,45013,0.112532,152180,0.38045
-38.6,35.4,400000,44902,0.112255,152224,0.38056
-38.6,35.6,400000,44494,0.111235,151515,0.378787
-38.6,35.8,400000,44407,0.111018,151995,0.379987
-38.6,36,400000,43898,0.109745,151312,0.37828
-38.6,36.2,400000,44610,0.111525,152097,0.380242
-38.6,36.4,400000,44731,0.111827,152000,0.38
-38.6,36.6,400000,44602,0.111505,151859,0.379648
-38.6,36.8,400000,44484,0.11121,152066,0.380165
-38.6,37,400000,44851,0.112128,152192,0.38048
-38.6,37.2,400000,45016,0.11254,152460,0.38115
-38.6,37.4,400000,44866,0.112165,151991,0.379978
-38.6,37.6,400000,45479,0.113698,152841,0.382103
-38.6,37.8,400000,45079,0.112698,151973,0.379933
-38.6,38,400000,44961,0.112403,151878,0.379695
-38.6,38.2,400000,44625,0.111562,152535,0.381337
-38.6,38.4,400000,44337,0.110842,151888,0.37972
-38.6,38.6,400000,45178,0.112945,152328,0.38082
-38.6,38.8,400000,44825,0.112062,152183,0.380458
-38.6,39,400000,44690,0.111725,152322,0.380805
-38.6,39.2,400000,44882,0.112205,152190,0.380475
-38.6,39.4,400000,44995,0.112488,152497,0.381242
-38.6,39.6,400000,44748,0.11187,151869,0.379673
-38.6,39.8,400000,45008,0.11252,151950,0.379875
-38.6,40,400000,44736,0.11184,152297,0.380742
-38.6,40.2,400000,44573,0.111433,152190,0.380475
-38.6,40.4,400000,45145,0.112863,152257,0.380642
-38.6,40.6,400000,44870,0.112175,151833,0.379582
-38.6,40.8,400000,44210,0.110525,151709,0.379273
-38.6,41,400000,45133,0.112833,152812,0.38203
-38.6,41.2,400000,44944,0.11236,151729,0.379323
-38.6,41.4,400000,44975,0.112437,152096,0.38024
-38.6,41.6,400000,44911,0.112278,151772,0.37943
-38.6,41.8,400000,44877,0.112193,151688,0.37922
-38.6,42,400000,44551,0.111378,151489,0.378723
-38.6,42.2,400000,44909,0.112272,152338,0.380845
-38.6,42.4,400000,44731,0.111827,151953,0.379883
-38.6,42.6,400000,44928,0.11232,152411,0.381028
-38.6,42.8,400000,44808,0.11202,151840,0.3796
-38.6,43,400000,44939,0.112348,151976,0.37994
-38.6,43.2,400000,44820,0.11205,152257,0.380642
-38.6,43.4,400000,44824,0.11206,152084,0.38021
-38.6,43.6,400000,44881,0.112202,152194,0.380485
-38.6,43.8,400000,44740,0.11185,152576,0.38144
-38.6,44,400000,44638,0.111595,152045,0.380113
-38.6,44.2,400000,44855,0.112138,151535,0.378837
-38.6,44.4,400000,45072,0.11268,151599,0.378997
-38.6,44.6,400000,44894,0.112235,152649,0.381622
-38.6,44.8,400000,44543,0.111357,151786,0.379465
-38.6,45,400000,44741,0.111852,151700,0.37925
-38.6,45.2,400000,44364,0.11091,152086,0.380215
-38.6,45.4,400000,44695,0.111738,152685,0.381713
-38.6,45.6,400000,44744,0.11186,152118,0.380295
-38.6,45.8,400000,44831,0.112077,152404,0.38101
-38.6,46,400000,44670,0.111675,152232,0.38058
-38.6,46.2,400000,44844,0.11211,151580,0.37895
-38.6,46.4,400000,44782,0.111955,152076,0.38019
-38.6,46.6,400000,45223,0.113058,151763,0.379408
-38.6,46.8,400000,45215,0.113037,152433,0.381082
-38.6,47,400000,44224,0.11056,151980,0.37995
-38.6,47.2,400000,44902,0.112255,151786,0.379465
-38.6,47.4,400000,44590,0.111475,152044,0.38011
-38.6,47.6,400000,45011,0.112528,152072,0.38018
-38.6,47.8,400000,44233,0.110583,151860,0.37965
-38.6,48,400000,44542,0.111355,152013,0.380032
-38.6,48.2,400000,45099,0.112748,151910,0.379775
-38.6,48.4,400000,45029,0.112573,151825,0.379563
-38.6,48.6,400000,45268,0.11317,151527,0.378817
-38.6,48.8,400000,44441,0.111103,152135,0.380337
-38.6,49,400000,45074,0.112685,152852,0.38213
-38.6,49.2,400000,45268,0.11317,151666,0.379165
-38.6,49.4,400000,44540,0.11135,151969,0.379922
-38.6,49.6,400000,45067,0.112668,151923,0.379808
-38.6,49.8,400000,44372,0.11093,152465,0.381163
-38.6,50,400000,44859,0.112147,152119,0.380298
-38.4,-50,400000,44524,0.11131,152322,0.380805
-38.4,-49.8,400000,44529,0.111323,152140,0.38035
-38.4,-49.6,400000,45042,0.112605,151804,0.37951
-38.4,-49.4,400000,44746,0.111865,152154,0.380385
-38.4,-49.2,400000,44494,0.111235,151732,0.37933
-38.4,-49,400000,44813,0.112032,151944,0.37986
-38.4,-48.8,400000,44745,0.111863,151455,0.378638
-38.4,-48.6,400000,45265,0.113162,152348,0.38087
-38.4,-48.4,400000,44892,0.11223,152581,0.381453
-38.4,-48.2,400000,44906,0.112265,152561,0.381402
-38.4,-48,400000,45444,0.11361,152998,0.382495
-38.4,-47.8,400000,44804,0.11201,151808,0.37952
-38.4,-47.6,400000,44356,0.11089,151499,0.378748
-38.4,-47.4,400000,44376,0.11094,152084,0.38021
-38.4,-47.2,400000,45171,0.112928,152030,0.380075
-38.4,-47,400000,44729,0.111823,151142,0.377855
-38.4,-46.8,400000,44822,0.112055,151667,0.379167
-38.4,-46.6,400000,44959,0.112397,152319,0.380798
-38.4,-46.4,400000,44918,0.112295,152021,0.380053
-38.4,-46.2,400000,44621,0.111552,152357,0.380893
-38.4,-46,400000,44752,0.11188,152409,0.381022
-38.4,-45.8,400000,45339,0.113348,152579,0.381447
-38.4,-45.6,400000,44847,0.112117,151964,0.37991
-38.4,-45.4,400000,45214,0.113035,153041,0.382603
-38.4,-45.2,400000,44503,0.111257,152140,0.38035
-38.4,-45,400000,44810,0.112025,151645,0.379113
-38.4,-44.8,400000,45097,0.112742,152108,0.38027
-38.4,-44.6,400000,44983,0.112458,152374,0.380935
-38.4,-44.4,400000,44609,0.111522,151834,0.379585
-38.4,-44.2,400000,45139,0.112848,151979,0.379947
-38.4,-44,400000,44803,0.112007,151838,0.379595
-38.4,-43.8,400000,44828,0.11207,151353,0.378383
-38.4,-43.6,400000,44535,0.111338,151595,0.378987
-38.4,-43.4,400000,44772,0.11193,152386,0.380965
-38.4,-43.2,400000,44405,0.111013,151797,0.379493
-38.4,-43,400000,44958,0.112395,152031,0.380078
-38.4,-42.8,400000,44743,0.111857,152101,0.380252
-38.4,-42.6,400000,44405,0.111013,151713,0.379283
-38.4,-42.4,400000,45378,0.113445,152294,0.380735
-38.4,-42.2,400000,44950,0.112375,151921,0.379802
-38.4,-42,400000,45163,0.112907,152447,0.381117
-38.4,-41.8,400000,45286,0.113215,152141,0.380352
-38.4,-41.6,400000,44802,0.112005,152349,0.380873
-38.4,-41.4,400000,44661,0.111653,151947,0.379868
-38.4,-41.2,400000,44849,0.112122,152493,0.381232
-38.4,-41,400000,45257,0.113142,152150,0.380375
-38.4,-40.8,400000,44315,0.110787,152406,0.381015
-38.4,-40.6,400000,45354,0.113385,152865,0.382163
-38.4,-40.4,400000,44375,0.110937,151847,0.379617
-38.4,-40.2,400000,44983,0.112458,151927,0.379817
-38.4,-40,400000,45190,0.112975,152246,0.380615
-38.4,-39.8,400000,45036,0.11259,151893,0.379732
-38.4,-39.6,400000,45334,0.113335,152539,0.381348
-38.4,-39.4,400000,44812,0.11203,151872,0.37968
-38.4,-39.2,400000,44971,0.112427,152547,0.381368
-38.4,-39,400000,44938,0.112345,152015,0.380037
-38.4,-38.8,400000,44488,0.11122,151679,0.379198
-38.4,-38.6,400000,44974,0.112435,151852,0.37963
-38.4,-38.4,400000,44806,0.112015,151677,0.379192
-38.4,-38.2,400000,45071,0.112677,152722,0.381805
-38.4,-38,400000,45436,0.11359,152224,0.38056
-38.4,-37.8,400000,45462,0.113655,152102,0.380255
-38.4,-37.6,400000,44867,0.112168,152171,0.380427
-38.4,-37.4,400000,44850,0.112125,152216,0.38054
-38.4,-37.2,400000,44969,0.112422,151956,0.37989
-38.4,-37,400000,44849,0.112122,151838,0.379595
-38.4,-36.8,400000,45013,0.112532,152646,0.381615
-38.4,-36.6,400000,44742,0.111855,151705,0.379263
-38.4,-36.4,400000,44317,0.110793,151384,0.37846
-38.4,-36.2,400000,44384,0.11096,151548,0.37887
-38.4,-36,400000,44544,0.11136,152606,0.381515
-38.4,-35.8,400000,44128,0.11032,151438,0.378595
-38.4,-35.6,400000,45110,0.112775,152329,0.380823
-38.4,-35.4,400000,44984,0.11246,151919,0.379798
-38.4,-35.2,400000,45385,0.113462,152138,0.380345
-38.4,-35,400000,44327,0.110817,151931,0.379827
-38.4,-34.8,400000,44454,0.111135,151948,0.37987
-38.4,-34.6,400000,45221,0.113053,152447,0.381117
-38.4,-34.4,400000,44321,0.110802,152147,0.380368
-38.4,-34.2,400000,45024,0.11256,151971,0.379927
-38.4,-34,400000,44969,0.112422,152255,0.380638
-38.4,-33.8,400000,44424,0.11106,152363,0.380908
-38.4,-33.6,400000,45081,0.112702,152579,0.381447
-38.4,-33.4,400000,44559,0.111397,151943,0.379858
-38.4,-33.2,400000,45007,0.112518,151947,0.379868
-38.4,-33,400000,44682,0.111705,152990,0.382475
-38.4,-32.8,400000,45517,0.113793,152193,0.380483
-38.4,-32.6,400000,44502,0.111255,151413,0.378532
-38.4,-32.4,400000,44564,0.11141,152422,0.381055
-38.4,-32.2,400000,44889,0.112223,152234,0.380585
-38.4,-32,400000,44732,0.11183,152069,0.380173
-38.4,-31.8,400000,45382,0.113455,152686,0.381715
-38.4,-31.6,400000,45320,0.1133,152394,0.380985
-38.4,-31.4,400000,44703,0.111757,152016,0.38004
-38.4,-31.2,400000,44325,0.110812,151807,0.379518
-38.4,-31,400000,45338,0.113345,151958,0.379895
-38.4,-30.8,400000,44825,0.112062,151341,0.378352
-38.4,-30.6,400000,45211,0.113028,151687,0.379217
-38.4,-30.4,400000,45018,0.112545,152550,0.381375
-38.4,-30.2,400000,44813,0.112032,152458,0.381145
-38.4,-30,400000,44684,0.11171,151609,0.379022
-38.4,-29.8,400000,43998,0.109995,151800,0.3795
-38.4,-29.6,400000,45154,0.112885,151950,0.379875
-38.4,-29.4,400000,44552,0.11138,152355,0.380887
-38.4,-29.2,400000,44906,0.112265,151893,0.379732
-38.4,-29,400000,44739,0.111848,151659,0.379148
-38.4,-28.8,400000,44750,0.111875,152079,0.380198
-38.4,-28.6,400000,44745,0.111863,151992,0.37998
-38.4,-28.4,400000,44620,0.11155,152530,0.381325
-38.4,-28.2,400000,45176,0.11294,152302,0.380755
-38.4,-28,400000,44832,0.11208,152335,0.380837
-38.4,-27.8,400000,44968,0.11242,152188,0.38047
-38.4,-27.6,400000,44279,0.110698,151512,0.37878
-38.4,-27.4,400000,45200,0.113,152349,0.380873
-38.4,-27.2,400000,44982,0.112455,152365,0.380912
-38.4,-27,400000,45000,0.1125,152990,0.382475
-38.4,-26.8,400000,44783,0.111958,151926,0.379815
-38.4,-26.6,400000,45068,0.11267,152496,0.38124
-38.4,-26.4,400000,44822,0.112055,151871,0.379678
-38.4,-26.2,400000,44915,0.112287,152575,0.381437
-38.4,-26,400000,44626,0.111565,151915,0.379788
-38.4,-25.8,400000,44822,0.112055,152211,0.380528
-38.4,-25.6,400000,44831,0.112077,151625,0.379063
-38.4,-25.4,400000,45215,0.113037,152199,0.380497
-38.4,-25.2,400000,44615,0.111537,151861,0.379653
-38.4,-25,400000,44852,0.11213,152365,0.380912
-38.4,-24.8,400000,44679,0.111698,151597,0.378993
-38.4,-24.6,400000,44463,0.111158,151634,0.379085
-38.4,-24.4,400000,44548,0.11137,151702,0.379255
-38.4,-24.2,400000,44925,0.112312,152187,0.380468
-38.4,-24,400000,44778,0.111945,152065,0.380163
-38.4,-23.8,400000,44807,0.112018,152671,0.381678
-38.4,-23.6,400000,45041,0.112602,152552,0.38138
-38.4,-23.4,400000,44613,0.111533,152006,0.380015
-38.4,-23.2,400000,44777,0.111943,151810,0.379525
-38.4,-23,400000,44604,0.11151,151820,0.37955
-38.4,-22.8,400000,44907,0.112268,151728,0.37932
-38.4,-22.6,400000,44604,0.11151,152148,0.38037
-38.4,-22.4,400000,44953,0.112382,152082,0.380205
-38.4,-22.2,400000,44795,0.111988,151867,0.379667
-38.4,-22,400000,45667,0.114168,152942,0.382355
-38.4,-21.8,400000,45209,0.113022,152342,0.380855
-38.4,-21.6,400000,44444,0.11111,151663,0.379157
-38.4,-21.4,400000,44507,0.111268,152239,0.380597
-38.4,-21.2,400000,45221,0.113053,152344,0.38086
-38.4,-21,400000,44657,0.111643,151968,0.37992
-38.4,-20.8,400000,44984,0.11246,152627,0.381568
-38.4,-20.6,400000,44926,0.112315,151782,0.379455
-38.4,-20.4,400000,44503,0.111257,152449,0.381122
-38.4,-20.2,400000,44923,0.112308,152689,0.381723
-38.4,-20,400000,44503,0.111257,152027,0.380068
-38.4,-19.8,400000,44431,0.111077,151737,0.379343
-38.4,-19.6,400000,44833,0.112083,151752,0.37938
-38.4,-19.4,400000,45122,0.112805,151923,0.379808
-38.4,-19.2,400000,44323,0.110808,151922,0.379805
-38.4,-19,400000,44351,0.110878,152135,0.380337
-38.4,-18.8,400000,44450,0.111125,151846,0.379615
-38.4,-18.6,400000,44818,0.112045,152088,0.38022
-38.4,-18.4,400000,45153,0.112882,152826,0.382065
-38.4,-18.2,400000,45072,0.11268,151443,0.378607
-38.4,-18,400000,44708,0.11177,152043,0.380107
-38.4,-17.8,400000,44593,0.111482,152133,0.380333
-38.4,-17.6,400000,44784,0.11196,151714,0.379285
-38.4,-17.4,400000,44788,0.11197,151929,0.379823
-38.4,-17.2,400000,44392,0.11098,151926,0.379815
-38.4,-17,400000,44800,0.112,152081,0.380202
-38.4,-16.8,400000,44534,0.111335,152753,0.381883
-38.4,-16.6,400000,45312,0.11328,152705,0.381763
-38.4,-16.4,400000,44933,0.112333,152119,0.380298
-38.4,-16.2,400000,44413,0.111033,151813,0.379532
-38.4,-16,400000,45114,0.112785,152023,0.380057
-38.4,-15.8,400000,44685,0.111713,151824,0.37956
-38.4,-15.6,400000,45299,0.113248,152331,0.380827
-38.4,-15.4,400000,44855,0.112138,152047,0.380117
-38.4,-15.2,400000,44150,0.110375,151235,0.378088
-38.4,-15,400000,45011,0.112528,152575,0.381437
-38.4,-14.8,400000,45225,0.113062,151886,0.379715
-38.4,-14.6,400000,44677,0.111693,151599,0.378997
-38.4,-14.4,400000,44707,0.111768,151869,0.379673
-38.4,-14.2,400000,44840,0.1121,152130,0.380325
-38.4,-14,400000,44984,0.11246,152446,0.381115
-38.4,-13.8,400000,44720,0.1118,152295,0.380738
-38.4,-13.6,400000,44775,0.111937,152143,0.380358
-38.4,-13.4,400000,44778,0.111945,152110,0.380275
-38.4,-13.2,400000,45222,0.113055,152313,0.380783
-38.4,-13,400000,44468,0.11117,151987,0.379968
-38.4,-12.8,400000,45187,0.112967,152544,0.38136
-38.4,-12.6,400000,44650,0.111625,152341,0.380852
-38.4,-12.4,400000,45041,0.112602,151739,0.379348
-38.4,-12.2,400000,44876,0.11219,152445,0.381113
-38.4,-12,400000,45158,0.112895,152461,0.381153
-38.4,-11.8,400000,45622,0.114055,152731,0.381827
-38.4,-11.6,400000,45186,0.112965,151995,0.379987
-38.4,-11.4,400000,44661,0.111653,151978,0.379945
-38.4,-11.2,400000,45184,0.11296,152123,0.380308
-38.4,-11,400000,44562,0.111405,151855,0.379638
-38.4,-10.8,400000,45107,0.112768,152121,0.380302
-38.4,-10.6,400000,44596,0.11149,152199,0.380497
-38.4,-10.4,400000,44661,0.111653,151381,0.378453
-38.4,-10.2,400000,45444,0.11361,152401,0.381003
-38.4,-10,400000,45040,0.1126,151860,0.37965
-38.4,-9.8,400000,44681,0.111702,151758,0.379395
-38.4,-9.6,400000,44861,0.112153,152884,0.38221
-38.4,-9.4,400000,44925,0.112312,151980,0.37995
-38.4,-9.2,400000,45389,0.113473,152490,0.381225
-38.4,-9,400000,44483,0.111208,151802,0.379505
-38.4,-8.8,400000,44460,0.11115,151854,0.379635
-38.4,-8.6,400000,44661,0.111653,152045,0.380113
-38.4,-8.4,400000,44598,0.111495,151740,0.37935
-38.4,-8.2,400000,44751,0.111878,151999,0.379997
-38.4,-8,400000,45017,0.112543,151994,0.379985
-38.4,-7.8,400000,45359,0.113397,152672,0.38168
-38.4,-7.6,400000,44537,0.111342,152520,0.3813
-38.4,-7.4,400000,45293,0.113232,152464,0.38116
-38.4,-7.2,400000,44912,0.11228,152536,0.38134
-38.4,-7,400000,44997,0.112492,152236,0.38059
-38.4,-6.8,400000,45175,0.112937,152139,0.380348
-38.4,-6.6,400000,44715,0.111787,151683,0.379207
-38.4,-6.4,400000,45044,0.11261,151933,0.379833
-38.4,-6.2,400000,44895,0.112238,151945,0.379862
-38.4,-6,400000,44939,0.112348,152665,0.381663
-38.4,-5.8,400000,45220,0.11305,151866,0.379665
-38.4,-5.6,400000,44878,0.112195,152287,0.380717
-38.4,-5.4,400000,45004,0.11251,152083,0.380207
-38.4,-5.2,400000,44628,0.11157,152165,0.380412
-38.4,-5,400000,45105,0.112763,152067,0.380167
-38.4,-4.8,400000,44777,0.111943,152389,0.380972
-38.4,-4.6,400000,45229,0.113073,152136,0.38034
-38.4,-4.4,400000,44985,0.112463,152341,0.380852
-38.4,-4.2,400000,44724,0.11181,152590,0.381475
-38.4,-4,400000,44652,0.11163,151704,0.37926
-38.4,-3.8,400000,45091,0.112727,152638,0.381595
-38.4,-3.6,400000,45497,0.113742,152140,0.38035
-38.4,-3.4,400000,44595,0.111488,152012,0.38003
-38.4,-3.2,400000,45218,0.113045,152131,0.380327
-38.4,-3,400000,44586,0.111465,151891,0.379727
-38.4,-2.8,400000,44889,0.112223,152473,0.381182
-38.4,-2.6,400000,45106,0.112765,152325,0.380812
-38.4,-2.4,400000,44814,0.112035,152760,0.3819
-38.4,-2.2,400000,44599,0.111497,152346,0.380865
-38.4,-2,400000,44347,0.110867,152082,0.380205
-38.4,-1.8,400000,44281,0.110702,152269,0.380673
-38.4,-1.6,400000,45030,0.112575,152436,0.38109
-38.4,-1.4,400000,45070,0.112675,152493,0.381232
-38.4,-1.2,400000,45101,0.112753,151934,0.379835
-38.4,-1,400000,44398,0.110995,151726,0.379315
-38.4,-0.8,400000,44921,0.112302,152371,0.380927
-38.4,-0.6,400000,44644,0.11161,151718,0.379295
-38.4,-0.4,400000,45359,0.113397,152321,0.380802
-38.4,-0.2,400000,44999,0.112498,151835,0.379588
-38.4,0,400000,44811,0.112028,151777,0.379443
-38.4,0.2,400000,44685,0.111713,151595,0.378987
-38.4,0.4,400000,44801,0.112003,152860,0.38215
-38.4,0.6,400000,45472,0.11368,151944,0.37986
-38.4,0.8,400000,44964,0.11241,151983,0.379958
-38.4,1,400000,44742,0.111855,152485,0.381213
-38.4,1.2,400000,45206,0.113015,152380,0.38095
-38.4,1.4,400000,44948,0.11237,152154,0.380385
-38.4,1.6,400000,44589,0.111473,151339,0.378348
-38.4,1.8,400000,44582,0.111455,151772,0.37943
-38.4,2,400000,44723,0.111808,151779,0.379447
-38.4,2.2,400000,44901,0.112253,152184,0.38046
-38.4,2.4,400000,44711,0.111778,152270,0.380675
-38.4,2.6,400000,45067,0.112668,152489,0.381223
-38.4,2.8,400000,44738,0.111845,151654,0.379135
-38.4,3,400000,44308,0.11077,151973,0.379933
-38.4,3.2,400000,45343,0.113357,151962,0.379905
-38.4,3.4,400000,44625,0.111562,152267,0.380667
-38.4,3.6,400000,44937,0.112342,152188,0.38047
-38.4,3.8,400000,44773,0.111933,151389,0.378472
-38.4,4,400000,45220,0.11305,152117,0.380292
-38.4,4.2,400000,45245,0.113113,152169,0.380422
-38.4,4.4,400000,44880,0.1122,152061,0.380153
-38.4,4.6,400000,45183,0.112958,152643,0.381607
-38.4,4.8,400000,45174,0.112935,151246,0.378115
-38.4,5,400000,45160,0.1129,152840,0.3821
-38.4,5.2,400000,44602,0.111505,152069,0.380173
-38.4,5.4,400000,44406,0.111015,151359,0.378397
-38.4,5.6,400000,45106,0.112765,152529,0.381323
-38.4,5.8,400000,45122,0.112805,151869,0.379673
-38.4,6,400000,44837,0.112092,152315,0.380788
-38.4,6.2,400000,44813,0.112032,152026,0.380065
-38.4,6.4,400000,44740,0.11185,152392,0.38098
-38.4,6.6,400000,45259,0.113147,151867,0.379667
-38.4,6.8,400000,45327,0.113318,152976,0.38244
-38.4,7,400000,44285,0.110713,151667,0.379167
-38.4,7.2,400000,45225,0.113062,152739,0.381848
-38.4,7.4,400000,44482,0.111205,151773,0.379433
-38.4,7.6,400000,44214,0.110535,152006,0.380015
-38.4,7.8,400000,45167,0.112918,152016,0.38004
-38.4,8,400000,45003,0.112507,152248,0.38062
-38.4,8.2,400000,45042,0.112605,152042,0.380105
-38.4,8.4,400000,45033,0.112583,152196,0.38049
-38.4,8.6,400000,45070,0.112675,152584,0.38146
-38.4,8.8,400000,45323,0.113308,152424,0.38106
-38.4,9,400000,44531,0.111327,151832,0.37958
-38.4,9.2,400000,44930,0.112325,152215,0.380537
-38.4,9.4,400000,44765,0.111912,152131,0.380327
-38.4,9.6,400000,44652,0.11163,151881,0.379702
-38.4,9.8,400000,44778,0.111945,151940,0.37985
-38.4,10,400000,44908,0.11227,152374,0.380935
-38.4,10.2,400000,44327,0.110817,151748,0.37937
-38.4,10.4,400000,45117,0.112793,152600,0.3815
-38.4,10.6,400000,44863,0.112157,151767,0.379418
-38.4,10.8,400000,44565,0.111412,151691,0.379227
-38.4,11,400000,45138,0.112845,152445,0.381113
-38.4,11.2,400000,44992,0.11248,152248,0.38062
-38.4,11.4,400000,44518,0.111295,152140,0.38035
-38.4,11.6,400000,44876,0.11219,151973,0.379933
-38.4,11.8,400000,44884,0.11221,152282,0.380705
-38.4,12,400000,44479,0.111198,152320,0.3808
-38.4,12.2,400000,44234,0.110585,151697,0.379242
-38.4,12.4,400000,44892,0.11223,151759,0.379397
-38.4,12.6,400000,44471,0.111177,152032,0.38008
-38.4,12.8,400000,44796,0.11199,151933,0.379833
-38.4,13,400000,44859,0.112147,151978,0.379945
-38.4,13.2,400000,44306,0.110765,152063,0.380157
-38.4,13.4,400000,44530,0.111325,152333,0.380833
-38.4,13.6,400000,44839,0.112098,152239,0.380597
-38.4,13.8,400000,45126,0.112815,152290,0.380725
-38.4,14,400000,45124,0.11281,151986,0.379965
-38.4,14.2,400000,45279,0.113198,152649,0.381622
-38.4,14.4,400000,44841,0.112102,152162,0.380405
-38.4,14.6,400000,44576,0.11144,151194,0.377985
-38.4,14.8,400000,44676,0.11169,151753,0.379383
-38.4,15,400000,44845,0.112113,152186,0.380465
-38.4,15.2,400000,44976,0.11244,151787,0.379468
-38.4,15.4,400000,44782,0.111955,151933,0.379833
-38.4,15.6,400000,45164,0.11291,151783,0.379458
-38.4,15.8,400000,44461,0.111153,152168,0.38042
-38.4,16,400000,44938,0.112345,152210,0.380525
-38.4,16.2,400000,44479,0.111198,151666,0.379165
-38.4,16.4,400000,44945,0.112363,151823,0.379557
-38.4,16.6,400000,45272,0.11318,152161,0.380402
-38.4,16.8,400000,44327,0.110817,152186,0.380465
-38.4,17,400000,44863,0.112157,152114,0.380285
-38.4,17.2,400000,44916,0.11229,152391,0.380978
-38.4,17.4,400000,45136,0.11284,152885,0.382213
-38.4,17.6,400000,44674,0.111685,152082,0.380205
-38.4,17.8,400000,44237,0.110592,151954,0.379885
-38.4,18,400000,45072,0.11268,152041,0.380103
-38.4,18.2,400000,44508,0.11127,152186,0.380465
-38.4,18.4,400000,45139,0.112848,152435,0.381088
-38.4,18.6,400000,45316,0.11329,152661,0.381653
-38.4,18.8,400000,45026,0.112565,152372,0.38093
-38.4,19,400000,45075,0.112687,152204,0.38051
-38.4,19.2,400000,45055,0.112638,151894,0.379735
-38.4,19.4,400000,44898,0.112245,152585,0.381462
-38.4,19.6,400000,44850,0.112125,151402,0.378505
-38.4,19.8,400000,44585,0.111463,152198,0.380495
-38.4,20,400000,44914,0.112285,151716,0.37929
-38.4,20.2,400000,44472,0.11118,151323,0.378308
-38.4,20.4,400000,44868,0.11217,152021,0.380053
-38.4,20.6,400000,44746,0.111865,151857,0.379642
-38.4,20.8,400000,44374,0.110935,151760,0.3794
-38.4,21,400000,44664,0.11166,151790,0.379475
-38.4,21.2,400000,44746,0.111865,151843,0.379607
-38.4,21.4,400000,45206,0.113015,152792,0.38198
-38.4,21.6,400000,45182,0.112955,152596,0.38149
-38.4,21.8,400000,44828,0.11207,151504,0.37876
-38.4,22,400000,45515,0.113787,152149,0.380373
-38.4,22.2,400000,44903,0.112257,152395,0.380987
-38.4,22.4,400000,44859,0.112147,152443,0.381107
-38.4,22.6,400000,44972,0.11243,152585,0.381462
-38.4,22.8,400000,45271,0.113178,152448,0.38112
-38.4,23,400000,44786,0.111965,152145,0.380362
-38.4,23.2,400000,44806,0.112015,151822,0.379555
-38.4,23.4,400000,44835,0.112088,152037,0.380092
-38.4,23.6,400000,44727,0.111818,151883,0.379707
-38.4,23.8,400000,44573,0.111433,152047,0.380117
-38.4,24,400000,44554,0.111385,152236,0.38059
-38.4,24.2,400000,44616,0.11154,151458,0.378645
-38.4,24.4,400000,44795,0.111988,151389,0.378472
-38.4,24.6,400000,44540,0.11135,151460,0.37865
-38.4,24.8,400000,44374,0.110935,150957,0.377393
-38.4,25,400000,44988,0.11247,151856,0.37964
-38.4,25.2,400000,44436,0.11109,152056,0.38014
-38.4,25.4,400000,45148,0.11287,152157,0.380393
-38.4,25.6,400000,45303,0.113257,152234,0.380585
-38.4,25.8,400000,44454,0.111135,151797,0.379493
-38.4,26,400000,44935,0.112338,152346,0.380865
-38.4,26.2,400000,44817,0.112043,151739,0.379348
-38.4,26.4,400000,45027,0.112568,152595,0.381487
-38.4,26.6,400000,44834,0.112085,151880,0.3797
-38.4,26.8,400000,45069,0.112672,152314,0.380785
-38.4,27,400000,44786,0.111965,152003,0.380007
-38.4,27.2,400000,44846,0.112115,151820,0.37955
-38.4,27.4,400000,45306,0.113265,152462,0.381155
-38.4,27.6,400000,45110,0.112775,152598,0.381495
-38.4,27.8,400000,44863,0.112157,151755,0.379387
-38.4,28,400000,44221,0.110552,151398,0.378495
-38.4,28.2,400000,45261,0.113153,151827,0.379568
-38.4,28.4,400000,44817,0.112043,151846,0.379615
-38.4,28.6,400000,44637,0.111592,152219,0.380547
-38.4,28.8,400000,44685,0.111713,151877,0.379692
-38.4,29,400000,45220,0.11305,152250,0.380625
-38.4,29.2,400000,45172,0.11293,152761,0.381902
-38.4,29.4,400000,44894,0.112235,152244,0.38061
-38.4,29.6,400000,44952,0.11238,151809,0.379522
-38.4,29.8,400000,45598,0.113995,152227,0.380568
-38.4,30,400000,45093,0.112732,152505,0.381263
-38.4,30.2,400000,45093,0.112732,152326,0.380815
-38.4,30.4,400000,45225,0.113062,152484,0.38121
-38.4,30.6,400000,44969,0.112422,152328,0.38082
-38.4,30.8,400000,44657,0.111643,151991,0.379978
-38.4,31,400000,45074,0.112685,151982,0.379955
-38.4,31.2,400000,44630,0.111575,152063,0.380157
-38.4,31.4,400000,44785,0.111963,151557,0.378893
-38.4,31.6,400000,44808,0.11202,151508,0.37877
-38.4,31.8,400000,44997,0.112492,151863,0.379657
-38.4,32,400000,45119,0.112797,152695,0.381738
-38.4,32.2,400000,44584,0.11146,151996,0.37999
-38.4,32.4,400000,44707,0.111768,151708,0.37927
-38.4,32.6,400000,44789,0.111973,152036,0.38009
-38.4,32.8,400000,44961,0.112403,152149,0.380373
-38.4,33,400000,44932,0.11233,152017,0.380043
-38.4,33.2,400000,44878,0.112195,151950,0.379875
-38.4,33.4,400000,44469,0.111172,152153,0.380383
-38.4,33.6,400000,45178,0.112945,152481,0.381202
-38.4,33.8,400000,45003,0.112507,152153,0.380383
-38.4,34,400000,45163,0.112907,152172,0.38043
-38.4,34.2,400000,44731,0.111827,151906,0.379765
-38.4,34.4,400000,44661,0.111653,151637,0.379092
-38.4,34.6,400000,44532,0.11133,151694,0.379235
-38.4,34.8,400000,45191,0.112977,152755,0.381887
-38.4,35,400000,44788,0.11197,152159,0.380397
-38.4,35.2,400000,44623,0.111558,151983,0.379958
-38.4,35.4,400000,44486,0.111215,151781,0.379453
-38.4,35.6,400000,44794,0.111985,152120,0.3803
-38.4,35.8,400000,44168,0.11042,151858,0.379645
-38.4,36,400000,45264,0.11316,152187,0.380468
-38.4,36.2,400000,44965,0.112412,152297,0.380742
-38.4,36.4,400000,45069,0.112672,152415,0.381037
-38.4,36.6,400000,44806,0.112015,152401,0.381003
-38.4,36.8,400000,44520,0.1113,151755,0.379387
-38.4,37,400000,45344,0.11336,152812,0.38203
-38.4,37.2,400000,44560,0.1114,152338,0.380845
-38.4,37.4,400000,44857,0.112143,152254,0.380635
-38.4,37.6,400000,44736,0.11184,151834,0.379585
-38.4,37.8,400000,44745,0.111863,150903,0.377258
-38.4,38,400000,44527,0.111317,152393,0.380983
-38.4,38.2,400000,44548,0.11137,151755,0.379387
-38.4,38.4,400000,44602,0.111505,151655,0.379138
-38.4,38.6,400000,44544,0.11136,151628,0.37907
-38.4,38.8,400000,44967,0.112418,152007,0.380018
-38.4,39,400000,44928,0.11232,151794,0.379485
-38.4,39.2,400000,45333,0.113333,152656,0.38164
-38.4,39.4,400000,44891,0.112227,152479,0.381198
-38.4,39.6,400000,44747,0.111867,152808,0.38202
-38.4,39.8,400000,44747,0.111867,151777,0.379443
-38.4,40,400000,44986,0.112465,152149,0.380373
-38.4,40.2,400000,44475,0.111187,152183,0.380458
-38.4,40.4,400000,44979,0.112448,152295,0.380738
-38.4,40.6,400000,44695,0.111738,151862,0.379655
-38.4,40.8,400000,44967,0.112418,152428,0.38107
-38.4,41,400000,44801,0.112003,151891,0.379727
-38.4,41.2,400000,44607,0.111518,151994,0.379985
-38.4,41.4,400000,44682,0.111705,152135,0.380337
-38.4,41.6,400000,44950,0.112375,152019,0.380047
-38.4,41.8,400000,44828,0.11207,152024,0.38006
-38.4,42,400000,44947,0.112367,152439,0.381097
-38.4,42.2,400000,45109,0.112772,151942,0.379855
-38.4,42.4,400000,45053,0.112632,152158,0.380395
-38.4,42.6,400000,44917,0.112293,151834,0.379585
-38.4,42.8,400000,44415,0.111037,151952,0.37988
-38.4,43,400000,44619,0.111547,151927,0.379817
-38.4,43.2,400000,44636,0.11159,152026,0.380065
-38.4,43.4,400000,45194,0.112985,152796,0.38199
-38.4,43.6,400000,45018,0.112545,152048,0.38012
-38.4,43.8,400000,44706,0.111765,151626,0.379065
-38.4,44,400000,45010,0.112525,152025,0.380063
-38.4,44.2,400000,44644,0.11161,151978,0.379945
-38.4,44.4,400000,44393,0.110982,151496,0.37874
-38.4,44.6,400000,44471,0.111177,151936,0.37984
-38.4,44.8,400000,44795,0.111988,152236,0.38059
-38.4,45,400000,44688,0.11172,152502,0.381255
-38.4,45.2,400000,44321,0.110802,151897,0.379742
-38.4,45.4,400000,44975,0.112437,152274,0.380685
-38.4,45.6,400000,44501,0.111253,152385,0.380962
-38.4,45.8,400000,44809,0.112022,151959,0.379897
-38.4,46,400000,45038,0.112595,152013,0.380032
-38.4,46.2,400000,45211,0.113028,152470,0.381175
-38.4,46.4,400000,44980,0.11245,152469,0.381173
-38.4,46.6,400000,44624,0.11156,151962,0.379905
-38.4,46.8,400000,44595,0.111488,151995,0.379987
-38.4,47,400000,44225,0.110562,151611,0.379028
-38.4,47.2,400000,44594,0.111485,151977,0.379943
-38.4,47.4,400000,44633,0.111583,152374,0.380935
-38.4,47.6,400000,45036,0.11259,152593,0.381483
-38.4,47.8,400000,45306,0.113265,152098,0.380245
-38.4,48,400000,45129,0.112823,152158,0.380395
-38.4,48.2,400000,44647,0.111617,152238,0.380595
-38.4,48.4,400000,44924,0.11231,152078,0.380195
-38.4,48.6,400000,44923,0.112308,152111,0.380277
-38.4,48.8,400000,44407,0.111018,151691,0.379227
-38.4,49,400000,44777,0.111943,152546,0.381365
-38.4,49.2,400000,44874,0.112185,152238,0.380595
-38.4,49.4,400000,45151,0.112878,152129,0.380323
-38.4,49.6,400000,44470,0.111175,152133,0.380333
-38.4,49.8,400000,45091,0.112727,152679,0.381698
-38.4,50,400000,45147,0.112867,152109,0.380273
-38.2,-50,400000,45093,0.112732,152038,0.380095
-38.2,-49.8,400000,44449,0.111122,152351,0.380877
-38.2,-49.6,400000,45024,0.11256,152006,0.380015
-38.2,-49.4,400000,44834,0.112085,152428,0.38107
-38.2,-49.2,400000,44649,0.111622,152034,0.380085
-38.2,-49,400000,44790,0.111975,152004,0.38001
-38.2,-48.8,400000,44751,0.111878,151891,0.379727
-38.2,-48.6,400000,44875,0.112187,152381,0.380953
-38.2,-48.4,400000,44865,0.112162,151653,0.379132
-38.2,-48.2,400000,44773,0.111933,151742,0.379355
-38.2,-48,400000,44764,0.11191,152081,0.380202
-38.2,-47.8,400000,44770,0.111925,152102,0.380255
-38.2,-47.6,400000,44292,0.11073,151245,0.378113
-38.2,-47.4,400000,44913,0.112282,152154,0.380385
