x,y,nPrimary,roiCounts,normalizedCounts,flux,normalizedFlux
12.6,-36.6,400000,44792,0.11198,151617,0.379043
12.6,-36.4,400000,45184,0.11296,152229,0.380572
12.6,-36.2,400000,44610,0.111525,151973,0.379933
12.6,-36,400000,44863,0.112157,152899,0.382248
12.6,-35.8,400000,44571,0.111427,152080,0.3802
12.6,-35.6,400000,44775,0.111937,151977,0.379943
12.6,-35.4,400000,44913,0.112282,151965,0.379912
12.6,-35.2,400000,44493,0.111232,151580,0.37895
12.6,-35,400000,45071,0.112677,151579,0.378947
12.6,-34.8,400000,44636,0.11159,152013,0.380032
12.6,-34.6,400000,44545,0.111363,151919,0.379798
12.6,-34.4,400000,44443,0.111107,152203,0.380507
12.6,-34.2,400000,44796,0.11199,151505,0.378763
12.6,-34,400000,45073,0.112683,152171,0.380427
12.6,-33.8,400000,44643,0.111607,152559,0.381398
12.6,-33.6,400000,44982,0.112455,152462,0.381155
12.6,-33.4,400000,45420,0.11355,152423,0.381057
12.6,-33.2,400000,44974,0.112435,152252,0.38063
12.6,-33,400000,44987,0.112467,152588,0.38147
12.6,-32.8,400000,44940,0.11235,153086,0.382715
12.6,-32.6,400000,44708,0.11177,152164,0.38041
12.6,-32.4,400000,44627,0.111568,151778,0.379445
12.6,-32.2,400000,44909,0.112272,152647,0.381617
12.6,-32,400000,45020,0.11255,152058,0.380145
12.6,-31.8,400000,45028,0.11257,152221,0.380553
12.6,-31.6,400000,44633,0.111583,152464,0.38116
12.6,-31.4,400000,45549,0.113873,152841,0.382103
12.6,-31.2,400000,44876,0.11219,152111,0.380277
12.6,-31,400000,44734,0.111835,151892,0.37973
12.6,-30.8,400000,45199,0.112998,152400,0.381
12.6,-30.6,400000,44558,0.111395,151850,0.379625
12.6,-30.4,400000,44947,0.112367,152117,0.380292
12.6,-30.2,400000,44535,0.111338,151515,0.378787
12.6,-30,400000,44779,0.111948,151985,0.379962
12.6,-29.8,400000,45085,0.112712,152195,0.380487
12.6,-29.6,400000,44938,0.112345,152087,0.380217
12.6,-29.4,400000,44773,0.111933,152201,0.380503
12.6,-29.2,400000,45254,0.113135,152069,0.380173
12.6,-29,400000,44615,0.111537,151691,0.379227
12.6,-28.8,400000,44598,0.111495,152364,0.38091
12.6,-28.6,400000,44532,0.11133,151872,0.37968
12.6,-28.4,400000,44753,0.111882,152298,0.380745
12.6,-28.2,400000,45166,0.112915,151529,0.378823
12.6,-28,400000,45013,0.112532,152438,0.381095
12.6,-27.8,400000,44862,0.112155,152403,0.381007
12.6,-27.6,400000,44378,0.110945,151529,0.378823
12.6,-27.4,400000,45011,0.112528,152075,0.380188
12.6,-27.2,400000,44285,0.110713,151545,0.378862
12.6,-27,400000,44906,0.112265,152474,0.381185
12.6,-26.8,400000,45284,0.11321,152675,0.381688
12.6,-26.6,400000,45056,0.11264,152322,0.380805
12.6,-26.4,400000,44640,0.1116,152158,0.380395
12.6,-26.2,400000,44834,0.112085,151928,0.37982
12.6,-26,400000,44870,0.112175,152244,0.38061
12.6,-25.8,400000,44653,0.111632,152254,0.380635
12.6,-25.6,400000,44413,0.111033,151565,0.378912
12.6,-25.4,400000,45320,0.1133,152786,0.381965
12.6,-25.2,400000,44770,0.111925,152587,0.381468
12.6,-25,400000,45181,0.112952,152383,0.380958
12.6,-24.8,400000,44778,0.111945,152031,0.380078
12.6,-24.6,400000,44291,0.110728,151884,0.37971
12.6,-24.4,400000,45244,0.11311,152231,0.380578
12.6,-24.2,400000,44793,0.111982,152413,0.381032
12.6,-24,400000,44805,0.112013,151721,0.379302
12.6,-23.8,400000,44528,0.11132,152064,0.38016
12.6,-23.6,400000,44860,0.11215,152296,0.38074
12.6,-23.4,400000,44390,0.110975,151884,0.37971
12.6,-23.2,400000,44649,0.111622,151901,0.379752
12.6,-23,400000,44477,0.111192,151648,0.37912
12.6,-22.8,400000,44412,0.11103,151582,0.378955
12.6,-22.6,400000,44911,0.112278,151962,0.379905
12.6,-22.4,400000,44668,0.11167,152034,0.380085
12.6,-22.2,400000,44945,0.112363,152189,0.380472
12.6,-22,400000,44633,0.111583,152098,0.380245
12.6,-21.8,400000,45355,0.113388,153081,0.382703
12.6,-21.6,400000,44914,0.112285,151848,0.37962
12.6,-21.4,400000,45009,0.112522,153004,0.38251
12.6,-21.2,400000,45060,0.11265,152459,0.381147
12.6,-21,400000,44453,0.111132,152544,0.38136
12.6,-20.8,400000,44336,0.11084,151865,0.379663
12.6,-20.6,400000,44808,0.11202,151921,0.379802
12.6,-20.4,400000,44960,0.1124,152478,0.381195
12.6,-20.2,400000,44545,0.111363,152362,0.380905
12.6,-20,400000,44752,0.11188,152181,0.380453
12.6,-19.8,400000,44667,0.111668,152036,0.38009
12.6,-19.6,400000,44886,0.112215,152179,0.380447
12.6,-19.4,400000,44821,0.112052,152465,0.381163
12.6,-19.2,400000,44413,0.111033,151942,0.379855
12.6,-19,400000,45052,0.11263,152323,0.380808
12.6,-18.8,400000,44862,0.112155,152230,0.380575
12.6,-18.6,400000,44573,0.111433,152448,0.38112
12.6,-18.4,400000,45161,0.112903,151952,0.37988
12.6,-18.2,400000,45385,0.113462,153237,0.383093
12.6,-18,400000,44198,0.110495,151735,0.379337
12.6,-17.8,400000,45153,0.112882,152003,0.380007
12.6,-17.6,400000,44307,0.110768,152249,0.380622
12.6,-17.4,400000,45367,0.113418,152131,0.380327
12.6,-17.2,400000,44951,0.112378,152494,0.381235
12.6,-17,400000,44728,0.11182,152160,0.3804
12.6,-16.8,400000,44922,0.112305,152055,0.380138
12.6,-16.6,400000,44502,0.111255,151424,0.37856
12.6,-16.4,400000,44465,0.111162,151483,0.378707
12.6,-16.2,400000,45019,0.112547,152380,0.38095
12.6,-16,400000,45117,0.112793,152243,0.380607
12.6,-15.8,400000,44836,0.11209,151536,0.37884
12.6,-15.6,400000,45295,0.113238,152599,0.381497
12.6,-15.4,400000,44756,0.11189,152062,0.380155
12.6,-15.2,400000,44919,0.112297,152575,0.381437
12.6,-15,400000,44814,0.112035,151346,0.378365
12.6,-14.8,400000,45404,0.11351,152404,0.38101
12.6,-14.6,400000,45034,0.112585,152534,0.381335
12.6,-14.4,400000,44928,0.11232,152285,0.380713
12.6,-14.2,400000,44532,0.11133,152072,0.38018
12.6,-14,400000,45088,0.11272,152011,0.380028
12.6,-13.8,400000,44730,0.111825,152444,0.38111
12.6,-13.6,400000,44195,0.110488,151620,0.37905
12.6,-13.4,400000,44627,0.111568,152001,0.380003
12.6,-13.2,400000,44503,0.111257,151886,0.379715
12.6,-13,400000,45147,0.112867,152296,0.38074
12.6,-12.8,400000,44817,0.112043,152369,0.380922
12.6,-12.6,400000,44797,0.111992,152084,0.38021
12.6,-12.4,400000,44831,0.112077,152553,0.381383
12.6,-12.2,400000,44829,0.112073,152361,0.380902
12.6,-12,400000,44985,0.112463,152230,0.380575
12.6,-11.8,400000,45077,0.112693,152042,0.380105
12.6,-11.6,400000,45058,0.112645,152026,0.380065
12.6,-11.4,400000,44994,0.112485,152294,0.380735
12.6,-11.2,400000,45022,0.112555,151920,0.3798
12.6,-11,400000,45129,0.112823,152657,0.381642
12.6,-10.8,400000,45329,0.113323,152471,0.381178
12.6,-10.6,400000,44327,0.110817,152189,0.380472
12.6,-10.4,400000,44670,0.111675,151715,0.379287
12.6,-10.2,400000,44791,0.111977,151773,0.379433
12.6,-10,400000,44971,0.112427,152126,0.380315
12.6,-9.8,400000,45232,0.11308,152963,0.382408
12.6,-9.6,400000,45031,0.112577,152199,0.380497
12.6,-9.4,400000,44877,0.112193,152107,0.380267
12.6,-9.2,400000,44842,0.112105,152209,0.380522
12.6,-9,400000,45242,0.113105,152328,0.38082
12.6,-8.8,400000,44690,0.111725,151712,0.37928
12.6,-8.6,400000,44331,0.110827,152281,0.380702
12.6,-8.4,400000,44956,0.11239,151927,0.379817
12.6,-8.2,400000,44968,0.11242,152275,0.380688
12.6,-8,400000,44904,0.11226,152522,0.381305
12.6,-7.8,400000,44292,0.11073,151518,0.378795
12.6,-7.6,400000,44803,0.112007,152006,0.380015
12.6,-7.4,400000,45074,0.112685,152515,0.381288
12.6,-7.2,400000,45392,0.11348,151863,0.379657
12.6,-7,400000,45543,0.113858,152379,0.380947
12.6,-6.8,400000,44966,0.112415,152403,0.381007
12.6,-6.6,400000,44890,0.112225,152145,0.380362
12.6,-6.4,400000,44885,0.112213,152659,0.381647
12.6,-6.2,400000,45165,0.112912,152559,0.381398
12.6,-6,400000,44760,0.1119,152092,0.38023
12.6,-5.8,400000,45129,0.112823,152020,0.38005
12.6,-5.6,400000,45639,0.114098,152051,0.380128
12.6,-5.4,400000,44904,0.11226,152104,0.38026
12.6,-5.2,400000,45316,0.11329,152294,0.380735
12.6,-5,400000,44834,0.112085,151681,0.379202
12.6,-4.8,400000,44739,0.111848,151642,0.379105
12.6,-4.6,400000,44926,0.112315,151939,0.379848
12.6,-4.4,400000,44920,0.1123,152164,0.38041
12.6,-4.2,400000,45372,0.11343,152168,0.38042
12.6,-4,400000,44188,0.11047,151688,0.37922
12.6,-3.8,400000,44816,0.11204,151494,0.378735
12.6,-3.6,400000,44971,0.112427,152242,0.380605
12.6,-3.4,400000,45258,0.113145,152672,0.38168
12.6,-3.2,400000,45312,0.11328,152466,0.381165
12.6,-3,400000,45144,0.11286,152574,0.381435
12.6,-2.8,400000,44962,0.112405,151940,0.37985
12.6,-2.6,400000,45205,0.113013,152447,0.381117
12.6,-2.4,400000,45094,0.112735,152444,0.38111
12.6,-2.2,400000,44346,0.110865,152090,0.380225
12.6,-2,400000,44654,0.111635,152900,0.38225
12.6,-1.8,400000,44542,0.111355,152027,0.380068
12.6,-1.6,400000,45289,0.113223,151998,0.379995
12.6,-1.4,400000,44656,0.11164,152228,0.38057
12.6,-1.2,400000,45326,0.113315,152601,0.381503
12.6,-1,400000,44473,0.111183,151592,0.37898
12.6,-0.8,400000,45043,0.112607,151966,0.379915
12.6,-0.6,400000,44751,0.111878,151528,0.37882
12.6,-0.4,400000,45024,0.11256,152182,0.380455
12.6,-0.2,400000,44983,0.112458,151681,0.379202
12.6,0,400000,45076,0.11269,152871,0.382178
12.6,0.2,400000,44381,0.110952,152394,0.380985
12.6,0.4,400000,44685,0.111713,151865,0.379663
12.6,0.6,400000,44775,0.111937,151869,0.379673
12.6,0.8,400000,44891,0.112227,152330,0.380825
12.6,1,400000,44557,0.111393,152044,0.38011
12.6,1.2,400000,44639,0.111598,152195,0.380487
12.6,1.4,400000,44567,0.111418,151544,0.37886
12.6,1.6,400000,44882,0.112205,152174,0.380435
12.6,1.8,400000,44787,0.111967,151460,0.37865
12.6,2,400000,44986,0.112465,151848,0.37962
12.6,2.2,400000,44784,0.11196,151948,0.37987
12.6,2.4,400000,44843,0.112107,151981,0.379953
12.6,2.6,400000,44514,0.111285,152389,0.380972
12.6,2.8,400000,45052,0.11263,152889,0.382223
12.6,3,400000,44562,0.111405,151950,0.379875
12.6,3.2,400000,45150,0.112875,152274,0.380685
12.6,3.4,400000,44630,0.111575,152319,0.380798
12.6,3.6,400000,44437,0.111092,151574,0.378935
12.6,3.8,400000,45240,0.1131,152457,0.381142
12.6,4,400000,45337,0.113342,152735,0.381837
12.6,4.2,400000,44628,0.11157,151800,0.3795
12.6,4.4,400000,45022,0.112555,152455,0.381138
12.6,4.6,400000,45385,0.113462,152825,0.382063
12.6,4.8,400000,44548,0.11137,151686,0.379215
12.6,5,400000,44295,0.110738,152104,0.38026
12.6,5.2,400000,44916,0.11229,152100,0.38025
12.6,5.4,400000,45069,0.112672,152188,0.38047
12.6,5.6,400000,44502,0.111255,152216,0.38054
12.6,5.8,400000,44438,0.111095,152033,0.380082
12.6,6,400000,44868,0.11217,152180,0.38045
12.6,6.2,400000,44332,0.11083,151918,0.379795
12.6,6.4,400000,44953,0.112382,152002,0.380005
12.6,6.6,400000,45148,0.11287,152151,0.380377
12.6,6.8,400000,45142,0.112855,151937,0.379843
12.6,7,400000,44801,0.112003,152383,0.380958
12.6,7.2,400000,44775,0.111937,152237,0.380593
12.6,7.4,400000,44626,0.111565,152100,0.38025
12.6,7.6,400000,44901,0.112253,151964,0.37991
12.6,7.8,400000,44968,0.11242,151918,0.379795
12.6,8,400000,45085,0.112712,152308,0.38077
12.6,8.2,400000,44851,0.112128,151843,0.379607
12.6,8.4,400000,44720,0.1118,151711,0.379277
12.6,8.6,400000,45035,0.112587,152125,0.380312
12.6,8.8,400000,45381,0.113452,151959,0.379897
12.6,9,400000,45078,0.112695,152577,0.381443
12.6,9.2,400000,44155,0.110387,152370,0.380925
12.6,9.4,400000,44915,0.112287,151963,0.379908
12.6,9.6,400000,44812,0.11203,152418,0.381045
12.6,9.8,400000,44922,0.112305,152139,0.380348
12.6,10,400000,44837,0.112092,152374,0.380935
12.6,10.2,400000,45005,0.112513,152726,0.381815
12.6,10.4,400000,44424,0.11106,151944,0.37986
12.6,10.6,400000,44529,0.111323,152553,0.381383
12.6,10.8,400000,45257,0.113142,152750,0.381875
12.6,11,400000,44837,0.112092,152124,0.38031
12.6,11.2,400000,45166,0.112915,152652,0.38163
12.6,11.4,400000,44860,0.11215,152169,0.380422
12.6,11.6,400000,45495,0.113738,152444,0.38111
12.6,11.8,400000,44851,0.112128,152183,0.380458
12.6,12,400000,44271,0.110677,151891,0.379727
12.6,12.2,400000,44714,0.111785,152019,0.380047
12.6,12.4,400000,44593,0.111482,152421,0.381053
12.6,12.6,400000,45407,0.113517,152572,0.38143
12.6,12.8,400000,44347,0.110867,151954,0.379885
12.6,13,400000,44420,0.11105,152268,0.38067
12.6,13.2,400000,44716,0.11179,152058,0.380145
12.6,13.4,400000,44702,0.111755,152095,0.380238
12.6,13.6,400000,45122,0.112805,152384,0.38096
12.6,13.8,400000,44495,0.111238,152180,0.38045
12.6,14,400000,45663,0.114157,152089,0.380223
12.6,14.2,400000,44852,0.11213,152295,0.380738
12.6,14.4,400000,44664,0.11166,152019,0.380047
12.6,14.6,400000,44674,0.111685,151560,0.3789
12.6,14.8,400000,45023,0.112558,151925,0.379812
12.6,15,400000,44829,0.112073,152329,0.380823
12.6,15.2,400000,44816,0.11204,152059,0.380148
12.6,15.4,400000,44965,0.112412,152323,0.380808
12.6,15.6,400000,44856,0.11214,151919,0.379798
12.6,15.8,400000,45091,0.112727,152947,0.382368
12.6,16,400000,44938,0.112345,151877,0.379692
12.6,16.2,400000,45397,0.113492,151861,0.379653
12.6,16.4,400000,44495,0.111238,152483,0.381207
12.6,16.6,400000,44571,0.111427,152322,0.380805
12.6,16.8,400000,44157,0.110393,152046,0.380115
12.6,17,400000,45182,0.112955,152100,0.38025
12.6,17.2,400000,44529,0.111323,151594,0.378985
12.6,17.4,400000,44780,0.11195,151731,0.379327
12.6,17.6,400000,44899,0.112248,152364,0.38091
12.6,17.8,400000,45036,0.11259,152201,0.380503
12.6,18,400000,44981,0.112452,152430,0.381075
12.6,18.2,400000,45198,0.112995,152569,0.381422
12.6,18.4,400000,44666,0.111665,151916,0.37979
12.6,18.6,400000,45115,0.112787,152091,0.380227
12.6,18.8,400000,44830,0.112075,152282,0.380705
12.6,19,400000,44918,0.112295,152318,0.380795
12.6,19.2,400000,44800,0.112,151889,0.379723
12.6,19.4,400000,44729,0.111823,152232,0.38058
12.6,19.6,400000,45381,0.113452,152399,0.380997
12.6,19.8,400000,44692,0.11173,152178,0.380445
12.6,20,400000,45106,0.112765,151977,0.379943
12.6,20.2,400000,44455,0.111138,152299,0.380748
12.6,20.4,400000,44813,0.112032,151972,0.37993
12.6,20.6,400000,44459,0.111147,151995,0.379987
12.6,20.8,400000,44966,0.112415,152242,0.380605
12.6,21,400000,45064,0.11266,152220,0.38055
12.6,21.2,400000,44738,0.111845,151791,0.379478
12.6,21.4,400000,45072,0.11268,151955,0.379887
12.6,21.6,400000,45348,0.11337,152591,0.381478
12.6,21.8,400000,44925,0.112312,152643,0.381607
12.6,22,400000,45102,0.112755,152187,0.380468
12.6,22.2,400000,45343,0.113357,152374,0.380935
12.6,22.4,400000,44570,0.111425,152154,0.380385
12.6,22.6,400000,44859,0.112147,152794,0.381985
12.6,22.8,400000,44654,0.111635,152136,0.38034
12.6,23,400000,44915,0.112287,152363,0.380908
12.6,23.2,400000,44747,0.111867,151727,0.379317
12.6,23.4,400000,44747,0.111867,152339,0.380848
12.6,23.6,400000,45069,0.112672,152524,0.38131
12.6,23.8,400000,45021,0.112552,151934,0.379835
12.6,24,400000,44559,0.111397,151855,0.379638
12.6,24.2,400000,45085,0.112712,152144,0.38036
12.6,24.4,400000,45158,0.112895,152460,0.38115
12.6,24.6,400000,45401,0.113503,152012,0.38003
12.6,24.8,400000,44464,0.11116,152126,0.380315
12.6,25,400000,45043,0.112607,151910,0.379775
12.6,25.2,400000,44964,0.11241,152474,0.381185
12.6,25.4,400000,44520,0.1113,152397,0.380993
12.6,25.6,400000,44240,0.1106,151998,0.379995
12.6,25.8,400000,44585,0.111463,152156,0.38039
12.6,26,400000,45357,0.113392,152618,0.381545
12.6,26.2,400000,44644,0.11161,152390,0.380975
12.6,26.4,400000,45169,0.112922,152674,0.381685
12.6,26.6,400000,45127,0.112818,152465,0.381163
12.6,26.8,400000,44822,0.112055,151474,0.378685
12.6,27,400000,45003,0.112507,152585,0.381462
12.6,27.2,400000,44828,0.11207,152431,0.381078
12.6,27.4,400000,45129,0.112823,151531,0.378827
12.6,27.6,400000,44597,0.111492,152211,0.380528
12.6,27.8,400000,44624,0.11156,151940,0.37985
12.6,28,400000,45091,0.112727,152340,0.38085
12.6,28.2,400000,45324,0.11331,152622,0.381555
12.6,28.4,400000,45008,0.11252,152465,0.381163
12.6,28.6,400000,44012,0.11003,151732,0.37933
12.6,28.8,400000,45233,0.113083,152445,0.381113
12.6,29,400000,44778,0.111945,151866,0.379665
12.6,29.2,400000,44480,0.1112,151944,0.37986
12.6,29.4,400000,44651,0.111628,152521,0.381302
12.6,29.6,400000,44438,0.111095,152392,0.38098
12.6,29.8,400000,44864,0.11216,152410,0.381025
12.6,30,400000,44524,0.11131,152377,0.380943
12.6,30.2,400000,44502,0.111255,151508,0.37877
12.6,30.4,400000,44984,0.11246,152308,0.38077
12.6,30.6,400000,45245,0.113113,152166,0.380415
12.6,30.8,400000,44674,0.111685,152454,0.381135
12.6,31,400000,44984,0.11246,152645,0.381613
12.6,31.2,400000,44428,0.11107,151746,0.379365
12.6,31.4,400000,44776,0.11194,152166,0.380415
12.6,31.6,400000,44885,0.112213,152767,0.381918
12.6,31.8,400000,44791,0.111977,152067,0.380167
12.6,32,400000,44358,0.110895,152173,0.380433
12.6,32.2,400000,44820,0.11205,152466,0.381165
12.6,32.4,400000,45003,0.112507,151860,0.37965
12.6,32.6,400000,44609,0.111522,152379,0.380947
12.6,32.8,400000,44602,0.111505,152071,0.380178
12.6,33,400000,44838,0.112095,152064,0.38016
12.6,33.2,400000,44810,0.112025,151980,0.37995
12.6,33.4,400000,44966,0.112415,152591,0.381478
12.6,33.6,400000,44999,0.112498,152250,0.380625
12.6,33.8,400000,44300,0.11075,151642,0.379105
12.6,34,400000,44776,0.11194,151834,0.379585
12.6,34.2,400000,44470,0.111175,151893,0.379732
12.6,34.4,400000,45126,0.112815,151792,0.37948
12.6,34.6,400000,44601,0.111503,152197,0.380493
12.6,34.8,400000,44876,0.11219,152973,0.382433
12.6,35,400000,44558,0.111395,151781,0.379453
12.6,35.2,400000,44545,0.111363,151623,0.379057
12.6,35.4,400000,44939,0.112348,151894,0.379735
12.6,35.6,400000,44286,0.110715,151753,0.379383
12.6,35.8,400000,44764,0.11191,151604,0.37901
12.6,36,400000,44955,0.112388,152126,0.380315
12.6,36.2,400000,44569,0.111422,152257,0.380642
12.6,36.4,400000,44927,0.112318,151863,0.379657
12.6,36.6,400000,44789,0.111973,152550,0.381375
12.6,36.8,400000,45277,0.113193,152577,0.381443
12.6,37,400000,45228,0.11307,152644,0.38161
12.6,37.2,400000,44688,0.11172,152372,0.38093
12.6,37.4,400000,45438,0.113595,152191,0.380478
12.6,37.6,400000,44594,0.111485,152339,0.380848
12.6,37.8,400000,44941,0.112352,151997,0.379993
12.6,38,400000,45150,0.112875,152806,0.382015
12.6,38.2,400000,44729,0.111823,152189,0.380472
12.6,38.4,400000,45205,0.113013,152385,0.380962
12.6,38.6,400000,45381,0.113452,152200,0.3805
12.6,38.8,400000,45054,0.112635,152475,0.381188
12.6,39,400000,44918,0.112295,151929,0.379823
12.6,39.2,400000,44965,0.112412,151640,0.3791
12.6,39.4,400000,44856,0.11214,151942,0.379855
12.6,39.6,400000,44640,0.1116,152293,0.380732
12.6,39.8,400000,45170,0.112925,152478,0.381195
12.6,40,400000,44459,0.111147,151718,0.379295
12.6,40.2,400000,45076,0.11269,152452,0.38113
12.6,40.4,400000,44789,0.111973,152087,0.380217
12.6,40.6,400000,44930,0.112325,152427,0.381068
12.6,40.8,400000,44796,0.11199,151932,0.37983
12.6,41,400000,44857,0.112143,151851,0.379628
12.6,41.2,400000,44849,0.112122,152567,0.381418
12.6,41.4,400000,44618,0.111545,152019,0.380047
12.6,41.6,400000,44979,0.112448,151994,0.379985
12.6,41.8,400000,44466,0.111165,151498,0.378745
12.6,42,400000,44794,0.111985,151894,0.379735
12.6,42.2,400000,44447,0.111117,152047,0.380117
12.6,42.4,400000,44982,0.112455,152095,0.380238
12.6,42.6,400000,45088,0.11272,151695,0.379238
12.6,42.8,400000,44272,0.11068,151644,0.37911
12.6,43,400000,45021,0.112552,152255,0.380638
12.6,43.2,400000,44827,0.112068,151958,0.379895
12.6,43.4,400000,44299,0.110747,151831,0.379578
12.6,43.6,400000,45203,0.113007,152208,0.38052
12.6,43.8,400000,44570,0.111425,151738,0.379345
12.6,44,400000,45269,0.113172,152770,0.381925
12.6,44.2,400000,44647,0.111617,151912,0.37978
12.6,44.4,400000,44884,0.11221,151896,0.37974
12.6,44.6,400000,44865,0.112162,152071,0.380178
12.6,44.8,400000,44681,0.111702,151734,0.379335
12.6,45,400000,45346,0.113365,152406,0.381015
12.6,45.2,400000,44614,0.111535,152083,0.380207
12.6,45.4,400000,44644,0.11161,151783,0.379458
12.6,45.6,400000,44266,0.110665,152001,0.380003
12.6,45.8,400000,44685,0.111713,151407,0.378518
12.6,46,400000,44973,0.112433,152090,0.380225
12.6,46.2,400000,44682,0.111705,151547,0.378868
12.6,46.4,400000,44114,0.110285,151202,0.378005
12.6,46.6,400000,44906,0.112265,152375,0.380937
12.6,46.8,400000,45252,0.11313,152055,0.380138
12.6,47,400000,45143,0.112857,151813,0.379532
12.6,47.2,400000,44887,0.112217,152475,0.381188
12.6,47.4,400000,45095,0.112738,151307,0.378267
12.6,47.6,400000,44557,0.111393,152146,0.380365
12.6,47.8,400000,44855,0.112138,152367,0.380918
12.6,48,400000,44683,0.111708,152512,0.38128
12.6,48.2,400000,45030,0.112575,152625,0.381563
12.6,48.4,400000,44784,0.11196,151618,0.379045
12.6,48.6,400000,44943,0.112357,152478,0.381195
12.6,48.8,400000,44756,0.11189,152029,0.380072
12.6,49,400000,44959,0.112397,152007,0.380018
12.6,49.2,400000,44580,0.11145,151812,0.37953
12.6,49.4,400000,45491,0.113727,152288,0.38072
12.6,49.6,400000,45093,0.112732,152399,0.380997
12.6,49.8,400000,45419,0.113547,152142,0.380355
12.6,50,400000,45116,0.11279,152273,0.380682
12.8,-50,400000,45188,0.11297,152069,0.380173
12.8,-49.8,400000,45123,0.112808,151978,0.379945
12.8,-49.6,400000,45162,0.112905,151910,0.379775
12.8,-49.4,400000,44911,0.112278,152485,0.381213
12.8,-49.2,400000,44179,0.110448,151678,0.379195
12.8,-49,400000,44718,0.111795,151998,0.379995
12.8,-48.8,400000,45109,0.112772,152612,0.38153
12.8,-48.6,400000,45107,0.112768,151668,0.37917
12.8,-48.4,400000,45031,0.112577,151853,0.379632
12.8,-48.2,400000,45115,0.112787,152341,0.380852
12.8,-48,400000,44771,0.111927,152150,0.380375
12.8,-47.8,400000,44835,0.112088,152688,0.38172
12.8,-47.6,400000,44727,0.111818,151704,0.37926
12.8,-47.4,400000,44861,0.112153,151491,0.378727
12.8,-47.2,400000,44635,0.111588,152169,0.380422
12.8,-47,400000,45040,0.1126,152147,0.380368
12.8,-46.8,400000,44719,0.111797,151833,0.379582
12.8,-46.6,400000,44313,0.110783,151798,0.379495
12.8,-46.4,400000,44746,0.111865,152250,0.380625
12.8,-46.2,400000,45263,0.113157,152336,0.38084
12.8,-46,400000,44903,0.112257,151822,0.379555
12.8,-45.8,400000,44715,0.111787,152238,0.380595
12.8,-45.6,400000,44523,0.111308,151770,0.379425
12.8,-45.4,400000,45057,0.112643,151831,0.379578
12.8,-45.2,400000,44625,0.111562,152168,0.38042
12.8,-45,400000,44777,0.111943,152172,0.38043
12.8,-44.8,400000,44480,0.1112,152039,0.380097
12.8,-44.6,400000,45556,0.11389,152107,0.380267
12.8,-44.4,400000,45063,0.112657,152097,0.380242
12.8,-44.2,400000,44918,0.112295,152222,0.380555
12.8,-44,400000,44829,0.112073,151946,0.379865
12.8,-43.8,400000,44743,0.111857,152543,0.381358
12.8,-43.6,400000,44599,0.111497,151687,0.379217
12.8,-43.4,400000,44397,0.110992,151812,0.37953
12.8,-43.2,400000,44702,0.111755,152139,0.380348
12.8,-43,400000,45066,0.112665,152604,0.38151
12.8,-42.8,400000,44738,0.111845,151927,0.379817
12.8,-42.6,400000,44769,0.111922,152127,0.380317
12.8,-42.4,400000,44393,0.110982,152360,0.3809
12.8,-42.2,400000,45152,0.11288,152177,0.380443
12.8,-42,400000,44786,0.111965,152184,0.38046
12.8,-41.8,400000,44775,0.111937,151768,0.37942
12.8,-41.6,400000,44563,0.111408,151747,0.379368
12.8,-41.4,400000,45085,0.112712,152279,0.380698
12.8,-41.2,400000,44936,0.11234,151926,0.379815
12.8,-41,400000,45006,0.112515,152094,0.380235
12.8,-40.8,400000,44870,0.112175,151591,0.378978
12.8,-40.6,400000,44533,0.111333,151864,0.37966
12.8,-40.4,400000,44786,0.111965,152430,0.381075
12.8,-40.2,400000,45026,0.112565,152248,0.38062
12.8,-40,400000,44946,0.112365,152459,0.381147
12.8,-39.8,400000,45045,0.112613,151943,0.379858
12.8,-39.6,400000,45708,0.11427,153029,0.382572
12.8,-39.4,400000,44536,0.11134,152272,0.38068
12.8,-39.2,400000,44721,0.111802,152431,0.381078
12.8,-39,400000,44830,0.112075,151285,0.378213
12.8,-38.8,400000,44629,0.111573,151435,0.378588
12.8,-38.6,400000,44899,0.112248,152387,0.380968
12.8,-38.4,400000,44480,0.1112,151946,0.379865
12.8,-38.2,400000,44961,0.112403,151966,0.379915
12.8,-38,400000,45107,0.112768,151848,0.37962
12.8,-37.8,400000,44409,0.111022,152517,0.381292
12.8,-37.6,400000,44461,0.111153,151931,0.379827
12.8,-37.4,400000,45009,0.112522,152220,0.38055
12.8,-37.2,400000,45032,0.11258,152382,0.380955
12.8,-37,400000,44461,0.111153,151625,0.379063
12.8,-36.8,400000,44693,0.111732,151883,0.379707
12.8,-36.6,400000,44796,0.11199,152070,0.380175
12.8,-36.4,400000,44866,0.112165,151830,0.379575
12.8,-36.2,400000,44468,0.11117,151755,0.379387
12.8,-36,400000,44748,0.11187,152296,0.38074
12.8,-35.8,400000,45222,0.113055,152667,0.381667
12.8,-35.6,400000,44954,0.112385,152271,0.380678
12.8,-35.4,400000,44741,0.111852,152307,0.380767
12.8,-35.2,400000,45126,0.112815,152057,0.380142
12.8,-35,400000,45063,0.112657,152884,0.38221
12.8,-34.8,400000,44825,0.112062,152015,0.380037
12.8,-34.6,400000,44665,0.111662,151775,0.379437
12.8,-34.4,400000,44367,0.110918,152148,0.38037
12.8,-34.2,400000,44081,0.110202,151903,0.379758
12.8,-34,400000,44174,0.110435,151981,0.379953
12.8,-33.8,400000,45011,0.112528,152446,0.381115
12.8,-33.6,400000,44956,0.11239,152437,0.381093
12.8,-33.4,400000,45075,0.112687,152824,0.38206
12.8,-33.2,400000,44701,0.111753,151970,0.379925
12.8,-33,400000,45037,0.112592,152114,0.380285
12.8,-32.8,400000,44771,0.111927,152455,0.381138
12.8,-32.6,400000,45014,0.112535,152503,0.381258
12.8,-32.4,400000,45179,0.112948,151950,0.379875
12.8,-32.2,400000,44961,0.112403,151686,0.379215
12.8,-32,400000,44471,0.111177,152005,0.380012
12.8,-31.8,400000,44664,0.11166,152260,0.38065
12.8,-31.6,400000,45341,0.113352,151705,0.379263
12.8,-31.4,400000,44578,0.111445,152130,0.380325
12.8,-31.2,400000,44706,0.111765,151753,0.379383
12.8,-31,400000,44661,0.111653,151922,0.379805
12.8,-30.8,400000,45055,0.112638,152088,0.38022
12.8,-30.6,400000,44922,0.112305,151619,0.379047
12.8,-30.4,400000,45022,0.112555,151922,0.379805
12.8,-30.2,400000,44765,0.111912,152099,0.380248
12.8,-30,400000,45288,0.11322,152266,0.380665
12.8,-29.8,400000,44873,0.112183,151958,0.379895
12.8,-29.6,400000,44548,0.11137,152182,0.380455
12.8,-29.4,400000,44416,0.11104,151988,0.37997
12.8,-29.2,400000,44985,0.112463,152396,0.38099
12.8,-29,400000,44668,0.11167,151799,0.379497
12.8,-28.8,400000,44811,0.112028,152058,0.380145
12.8,-28.6,400000,44875,0.112187,151853,0.379632
12.8,-28.4,400000,45051,0.112628,152109,0.380273
12.8,-28.2,400000,44332,0.11083,151163,0.377908
12.8,-28,400000,44964,0.11241,152174,0.380435
12.8,-27.8,400000,45088,0.11272,151940,0.37985
12.8,-27.6,400000,44578,0.111445,152161,0.380402
12.8,-27.4,400000,44165,0.110412,151537,0.378843
12.8,-27.2,400000,44195,0.110488,152078,0.380195
12.8,-27,400000,44859,0.112147,152888,0.38222
12.8,-26.8,400000,44694,0.111735,152434,0.381085
12.8,-26.6,400000,45200,0.113,152265,0.380663
12.8,-26.4,400000,44854,0.112135,152576,0.38144
12.8,-26.2,400000,45039,0.112598,152743,0.381858
12.8,-26,400000,45069,0.112672,151672,0.37918
12.8,-25.8,400000,44394,0.110985,151645,0.379113
12.8,-25.6,400000,44772,0.11193,152106,0.380265
12.8,-25.4,400000,45140,0.11285,152294,0.380735
12.8,-25.2,400000,43987,0.109967,151313,0.378283
12.8,-25,400000,44764,0.11191,151869,0.379673
12.8,-24.8,400000,44832,0.11208,151956,0.37989
12.8,-24.6,400000,44714,0.111785,152084,0.38021
12.8,-24.4,400000,45307,0.113267,151633,0.379082
12.8,-24.2,400000,44302,0.110755,151712,0.37928
12.8,-24,400000,44738,0.111845,152321,0.380802
12.8,-23.8,400000,44770,0.111925,152251,0.380628
12.8,-23.6,400000,45062,0.112655,151956,0.37989
12.8,-23.4,400000,45141,0.112852,152389,0.380972
12.8,-23.2,400000,45295,0.113238,152272,0.38068
12.8,-23,400000,44952,0.11238,151924,0.37981
12.8,-22.8,400000,44687,0.111717,151187,0.377968
12.8,-22.6,400000,45331,0.113327,152144,0.38036
12.8,-22.4,400000,45097,0.112742,152359,0.380897
12.8,-22.2,400000,45105,0.112763,152748,0.38187
12.8,-22,400000,44578,0.111445,151749,0.379373
12.8,-21.8,400000,45448,0.11362,152312,0.38078
12.8,-21.6,400000,45056,0.11264,152446,0.381115
12.8,-21.4,400000,44591,0.111477,152333,0.380833
12.8,-21.2,400000,45025,0.112562,152298,0.380745
12.8,-21,400000,44537,0.111342,152206,0.380515
12.8,-20.8,400000,44591,0.111477,152162,0.380405
12.8,-20.6,400000,44543,0.111357,152162,0.380405
12.8,-20.4,400000,44712,0.11178,152579,0.381447
12.8,-20.2,400000,45051,0.112628,152688,0.38172
12.8,-20,400000,45064,0.11266,152038,0.380095
12.8,-19.8,400000,45047,0.112617,152432,0.38108
12.8,-19.6,400000,44910,0.112275,152080,0.3802
12.8,-19.4,400000,44922,0.112305,152061,0.380153
12.8,-19.2,400000,45177,0.112943,152694,0.381735
12.8,-19,400000,44064,0.11016,151896,0.37974
12.8,-18.8,400000,45161,0.112903,152077,0.380192
12.8,-18.6,400000,44253,0.110632,152043,0.380107
12.8,-18.4,400000,44623,0.111558,151369,0.378422
12.8,-18.2,400000,45137,0.112842,152090,0.380225
12.8,-18,400000,44784,0.11196,151876,0.37969
12.8,-17.8,400000,44885,0.112213,152272,0.38068
12.8,-17.6,400000,45007,0.112518,152422,0.381055
12.8,-17.4,400000,44795,0.111988,151962,0.379905
12.8,-17.2,400000,44651,0.111628,151443,0.378607
12.8,-17,400000,45381,0.113452,152290,0.380725
12.8,-16.8,400000,45392,0.11348,152302,0.380755
12.8,-16.6,400000,44924,0.11231,151956,0.37989
12.8,-16.4,400000,44753,0.111882,152188,0.38047
12.8,-16.2,400000,44372,0.11093,151965,0.379912
12.8,-16,400000,45055,0.112638,152192,0.38048
12.8,-15.8,400000,44830,0.112075,152697,0.381742
12.8,-15.6,400000,44870,0.112175,152079,0.380198
12.8,-15.4,400000,44881,0.112202,152660,0.38165
12.8,-15.2,400000,45252,0.11313,153193,0.382983
12.8,-15,400000,45184,0.11296,152561,0.381402
12.8,-14.8,400000,45217,0.113043,151975,0.379937
12.8,-14.6,400000,44363,0.110908,152238,0.380595
12.8,-14.4,400000,45152,0.11288,152180,0.38045
12.8,-14.2,400000,45004,0.11251,152190,0.380475
12.8,-14,400000,44998,0.112495,152659,0.381647
12.8,-13.8,400000,44848,0.11212,151665,0.379163
12.8,-13.6,400000,44949,0.112373,152276,0.38069
12.8,-13.4,400000,44477,0.111192,151127,0.377817
12.8,-13.2,400000,45275,0.113187,152524,0.38131
12.8,-13,400000,44773,0.111933,151942,0.379855
12.8,-12.8,400000,44753,0.111882,152471,0.381178
12.8,-12.6,400000,45137,0.112842,152400,0.381
12.8,-12.4,400000,45020,0.11255,152160,0.3804
12.8,-12.2,400000,44548,0.11137,152006,0.380015
12.8,-12,400000,44421,0.111052,152205,0.380512
12.8,-11.8,400000,44963,0.112407,152013,0.380032
12.8,-11.6,400000,45450,0.113625,153064,0.38266
12.8,-11.4,400000,44179,0.110448,151747,0.379368
12.8,-11.2,400000,45120,0.1128,152074,0.380185
12.8,-11,400000,44683,0.111708,151851,0.379628
12.8,-10.8,400000,44648,0.11162,152017,0.380043
12.8,-10.6,400000,45729,0.114322,152565,0.381412
12.8,-10.4,400000,44389,0.110973,151817,0.379543
12.8,-10.2,400000,44930,0.112325,152479,0.381198
12.8,-10,400000,44460,0.11115,152001,0.380003
12.8,-9.8,400000,45207,0.113018,152340,0.38085
12.8,-9.6,400000,44552,0.11138,152024,0.38006
12.8,-9.4,400000,44542,0.111355,152314,0.380785
12.8,-9.2,400000,44942,0.112355,152899,0.382248
12.8,-9,400000,45044,0.11261,151745,0.379362
12.8,-8.8,400000,44965,0.112412,151943,0.379858
12.8,-8.6,400000,44465,0.111162,151917,0.379792
12.8,-8.4,400000,44886,0.112215,152175,0.380437
12.8,-8.2,400000,44468,0.11117,152257,0.380642
12.8,-8,400000,45120,0.1128,152041,0.380103
12.8,-7.8,400000,44606,0.111515,152023,0.380057
12.8,-7.6,400000,45084,0.11271,152838,0.382095
12.8,-7.4,400000,45080,0.1127,151692,0.37923
12.8,-7.2,400000,44988,0.11247,151843,0.379607
12.8,-7,400000,43955,0.109887,151499,0.378748
12.8,-6.8,400000,45142,0.112855,152173,0.380433
12.8,-6.6,400000,44682,0.111705,151947,0.379868
12.8,-6.4,400000,44833,0.112083,152674,0.381685
12.8,-6.2,400000,44743,0.111857,152054,0.380135
12.8,-6,400000,44773,0.111933,152129,0.380323
12.8,-5.8,400000,44998,0.112495,152045,0.380113
12.8,-5.6,400000,44510,0.111275,151536,0.37884
12.8,-5.4,400000,44900,0.11225,152668,0.38167
12.8,-5.2,400000,44911,0.112278,151646,0.379115
12.8,-5,400000,44789,0.111973,152098,0.380245
12.8,-4.8,400000,45043,0.112607,151298,0.378245
12.8,-4.6,400000,44952,0.11238,152370,0.380925
12.8,-4.4,400000,44705,0.111763,152337,0.380842
12.8,-4.2,400000,44693,0.111732,152042,0.380105
12.8,-4,400000,45298,0.113245,152732,0.38183
12.8,-3.8,400000,44527,0.111317,151949,0.379873
12.8,-3.6,400000,44214,0.110535,152001,0.380003
12.8,-3.4,400000,44529,0.111323,152123,0.380308
12.8,-3.2,400000,44401,0.111003,151763,0.379408
12.8,-3,400000,44667,0.111668,152479,0.381198
12.8,-2.8,400000,44820,0.11205,151553,0.378883
12.8,-2.6,400000,44734,0.111835,152353,0.380883
12.8,-2.4,400000,45008,0.11252,152688,0.38172
12.8,-2.2,400000,45217,0.113043,152782,0.381955
12.8,-2,400000,44900,0.11225,151829,0.379572
12.8,-1.8,400000,44975,0.112437,152855,0.382138
12.8,-1.6,400000,45151,0.112878,152262,0.380655
12.8,-1.4,400000,44428,0.11107,151672,0.37918
12.8,-1.2,400000,44821,0.112052,152189,0.380472
12.8,-1,400000,44841,0.112102,152182,0.380455
12.8,-0.8,400000,44968,0.11242,152319,0.380798
12.8,-0.6,400000,44712,0.11178,152081,0.380202
12.8,-0.4,400000,44119,0.110298,151753,0.379383
12.8,-0.2,400000,45137,0.112842,151638,0.379095
12.8,0,400000,44551,0.111378,151901,0.379752
12.8,0.2,400000,44893,0.112232,152217,0.380543
12.8,0.4,400000,44628,0.11157,151541,0.378852
12.8,0.6,400000,44985,0.112463,152407,0.381018
12.8,0.8,400000,44937,0.112342,152538,0.381345
12.8,1,400000,44721,0.111802,152096,0.38024
12.8,1.2,400000,44201,0.110503,151423,0.378557
12.8,1.4,400000,44784,0.11196,152429,0.381072
12.8,1.6,400000,44658,0.111645,151865,0.379663
12.8,1.8,400000,44843,0.112107,152289,0.380723
12.8,2,400000,44492,0.11123,151703,0.379258
12.8,2.2,400000,44516,0.11129,151877,0.379692
12.8,2.4,400000,44648,0.11162,151651,0.379128
12.8,2.6,400000,44820,0.11205,152623,0.381557
12.8,2.8,400000,45041,0.112602,152413,0.381032
12.8,3,400000,45072,0.11268,152037,0.380092
12.8,3.2,400000,45248,0.11312,152848,0.38212
12.8,3.4,400000,45160,0.1129,152431,0.381078
12.8,3.6,400000,45183,0.112958,151897,0.379742
12.8,3.8,400000,45000,0.1125,152364,0.38091
12.8,4,400000,44477,0.111192,151643,0.379107
12.8,4.2,400000,45166,0.112915,152552,0.38138
12.8,4.4,400000,44834,0.112085,152424,0.38106
12.8,4.6,400000,44681,0.111702,151960,0.3799
12.8,4.8,400000,44341,0.110853,151756,0.37939
12.8,5,400000,45065,0.112662,151933,0.379833
12.8,5.2,400000,44440,0.1111,151854,0.379635
12.8,5.4,400000,44502,0.111255,152166,0.380415
12.8,5.6,400000,45277,0.113193,151913,0.379783
12.8,5.8,400000,44984,0.11246,152417,0.381043
12.8,6,400000,45286,0.113215,152395,0.380987
12.8,6.2,400000,44746,0.111865,152577,0.381443
12.8,6.4,400000,44390,0.110975,152255,0.380638
12.8,6.6,400000,44970,0.112425,152146,0.380365
12.8,6.8,400000,45447,0.113617,152814,0.382035
12.8,7,400000,45199,0.112998,151930,0.379825
12.8,7.2,400000,44247,0.110617,151746,0.379365
12.8,7.4,400000,44883,0.112208,152402,0.381005
12.8,7.6,400000,45138,0.112845,151777,0.379443
12.8,7.8,400000,44939,0.112348,151773,0.379433
12.8,8,400000,44703,0.111757,151546,0.378865
12.8,8.2,400000,45029,0.112573,152105,0.380263
12.8,8.4,400000,44828,0.11207,152289,0.380723
12.8,8.6,400000,45259,0.113147,152862,0.382155
12.8,8.8,400000,44473,0.111183,151473,0.378682
12.8,9,400000,44540,0.11135,152628,0.38157
12.8,9.2,400000,45161,0.112903,152700,0.38175
12.8,9.4,400000,45041,0.112602,152478,0.381195
12.8,9.6,400000,44913,0.112282,152494,0.381235
12.8,9.8,400000,45233,0.113083,152198,0.380495
12.8,10,400000,44454,0.111135,151772,0.37943
12.8,10.2,400000,44321,0.110802,151588,0.37897
12.8,10.4,400000,45072,0.11268,152011,0.380028
12.8,10.6,400000,44969,0.112422,152185,0.380462
12.8,10.8,400000,45194,0.112985,152244,0.38061
12.8,11,400000,44474,0.111185,151935,0.379837
12.8,11.2,400000,44803,0.112007,152480,0.3812
12.8,11.4,400000,45409,0.113522,152794,0.381985
12.8,11.6,400000,44513,0.111283,151914,0.379785
12.8,11.8,400000,44799,0.111997,152622,0.381555
12.8,12,400000,44967,0.112418,152614,0.381535
12.8,12.2,400000,44976,0.11244,152153,0.380383
12.8,12.4,400000,44835,0.112088,152172,0.38043
12.8,12.6,400000,44559,0.111397,152612,0.38153
12.8,12.8,400000,44795,0.111988,151665,0.379163
12.8,13,400000,45386,0.113465,152283,0.380707
12.8,13.2,400000,44765,0.111912,151924,0.37981
12.8,13.4,400000,44708,0.11177,152343,0.380858
12.8,13.6,400000,44554,0.111385,151819,0.379547
12.8,13.8,400000,44767,0.111918,152625,0.381563
12.8,14,400000,45087,0.112717,151725,0.379312
12.8,14.2,400000,44530,0.111325,152491,0.381227
12.8,14.4,400000,44958,0.112395,152500,0.38125
12.8,14.6,400000,45253,0.113132,151798,0.379495
12.8,14.8,400000,44771,0.111927,152795,0.381987
12.8,15,400000,44839,0.112098,151203,0.378007
12.8,15.2,400000,45046,0.112615,152368,0.38092
12.8,15.4,400000,44823,0.112058,152009,0.380022
12.8,15.6,400000,44878,0.112195,151936,0.37984
12.8,15.8,400000,44669,0.111672,151951,0.379877
12.8,16,400000,45066,0.112665,152332,0.38083
12.8,16.2,400000,44871,0.112177,152099,0.380248
12.8,16.4,400000,44833,0.112083,152171,0.380427
12.8,16.6,400000,44820,0.11205,152210,0.380525
12.8,16.8,400000,44869,0.112172,152056,0.38014
12.8,17,400000,45433,0.113583,152810,0.382025
12.8,17.2,400000,45055,0.112638,152146,0.380365
12.8,17.4,400000,45079,0.112698,152569,0.381422
12.8,17.6,400000,44933,0.112333,152373,0.380933
12.8,17.8,400000,45442,0.113605,152349,0.380873
12.8,18,400000,44986,0.112465,152409,0.381022
12.8,18.2,400000,44981,0.112452,152460,0.38115
12.8,18.4,400000,45165,0.112912,152791,0.381978
12.8,18.6,400000,44901,0.112253,151925,0.379812
12.8,18.8,400000,44457,0.111143,152136,0.38034
12.8,19,400000,44478,0.111195,151784,0.37946
12.8,19.2,400000,44692,0.11173,152412,0.38103
12.8,19.4,400000,44987,0.112467,152460,0.38115
12.8,19.6,400000,45014,0.112535,151950,0.379875
12.8,19.8,400000,44637,0.111592,151915,0.379788
12.8,20,400000,44808,0.11202,152322,0.380805
12.8,20.2,400000,44744,0.11186,151719,0.379298
12.8,20.4,400000,44900,0.11225,152465,0.381163
12.8,20.6,400000,44935,0.112338,151821,0.379553
12.8,20.8,400000,44266,0.110665,151991,0.379978
12.8,21,400000,44764,0.11191,151996,0.37999
12.8,21.2,400000,44336,0.11084,152096,0.38024
12.8,21.4,400000,44591,0.111477,151816,0.37954
12.8,21.6,400000,44880,0.1122,152394,0.380985
12.8,21.8,400000,44672,0.11168,151963,0.379908
12.8,22,400000,44717,0.111793,151786,0.379465
12.8,22.2,400000,45198,0.112995,152474,0.381185
12.8,22.4,400000,44740,0.11185,152460,0.38115
12.8,22.6,400000,45038,0.112595,152270,0.380675
12.8,22.8,400000,44293,0.110732,151694,0.379235
12.8,23,400000,44872,0.11218,152217,0.380543
12.8,23.2,400000,45232,0.11308,152116,0.38029
12.8,23.4,400000,44344,0.11086,151742,0.379355
12.8,23.6,400000,45420,0.11355,152694,0.381735
12.8,23.8,400000,45276,0.11319,152440,0.3811
12.8,24,400000,45109,0.112772,152601,0.381503
12.8,24.2,400000,44899,0.112248,151831,0.379578
12.8,24.4,400000,45569,0.113922,152602,0.381505
12.8,24.6,400000,44730,0.111825,152272,0.38068
12.8,24.8,400000,44976,0.11244,152309,0.380773
12.8,25,400000,44256,0.11064,151661,0.379153
12.8,25.2,400000,44641,0.111602,152272,0.38068
12.8,25.4,400000,44927,0.112318,151492,0.37873
12.8,25.6,400000,44676,0.11169,152608,0.38152
12.8,25.8,400000,44721,0.111802,152145,0.380362
12.8,26,400000,45011,0.112528,152404,0.38101
12.8,26.2,400000,45062,0.112655,152186,0.380465
12.8,26.4,400000,44961,0.112403,152415,0.381037
12.8,26.6,400000,44345,0.110863,151897,0.379742
12.8,26.8,400000,44931,0.112327,152208,0.38052
12.8,27,400000,44731,0.111827,152537,0.381342
12.8,27.2,400000,44782,0.111955,151786,0.379465
12.8,27.4,400000,44758,0.111895,152099,0.380248
12.8,27.6,400000,44881,0.112202,152081,0.380202
12.8,27.8,400000,44395,0.110988,151836,0.37959
12.8,28,400000,44921,0.112302,152345,0.380862
12.8,28.2,400000,44767,0.111918,152441,0.381103
12.8,28.4,400000,44593,0.111482,151377,0.378443
12.8,28.6,400000,44888,0.11222,152195,0.380487
12.8,28.8,400000,45014,0.112535,152004,0.38001
12.8,29,400000,44696,0.11174,151458,0.378645
12.8,29.2,400000,45258,0.113145,152256,0.38064
12.8,29.4,400000,45085,0.112712,152623,0.381557
12.8,29.6,400000,44971,0.112427,152641,0.381603
12.8,29.8,400000,44606,0.111515,151614,0.379035
12.8,30,400000,44435,0.111088,151298,0.378245
12.8,30.2,400000,44834,0.112085,151489,0.378723
12.8,30.4,400000,44451,0.111128,152186,0.380465
12.8,30.6,400000,44339,0.110848,152016,0.38004
12.8,30.8,400000,44779,0.111948,151874,0.379685
12.8,31,400000,44995,0.112488,152245,0.380613
12.8,31.2,400000,44678,0.111695,151863,0.379657
12.8,31.4,400000,44771,0.111927,151775,0.379437
12.8,31.6,400000,44626,0.111565,152599,0.381497
12.8,31.8,400000,44346,0.110865,152229,0.380572
12.8,32,400000,44354,0.110885,152241,0.380603
12.8,32.2,400000,44870,0.112175,152412,0.38103
12.8,32.4,400000,45030,0.112575,152843,0.382107
12.8,32.6,400000,44513,0.111283,151847,0.379617
12.8,32.8,400000,44920,0.1123,152808,0.38202
12.8,33,400000,45370,0.113425,151863,0.379657
12.8,33.2,400000,44963,0.112407,152096,0.38024
12.8,33.4,400000,45006,0.112515,152054,0.380135
12.8,33.6,400000,45092,0.11273,152088,0.38022
12.8,33.8,400000,44979,0.112448,152285,0.380713
12.8,34,400000,44710,0.111775,152330,0.380825
12.8,34.2,400000,44977,0.112443,152242,0.380605
12.8,34.4,400000,45084,0.11271,151927,0.379817
12.8,34.6,400000,44689,0.111723,152021,0.380053
12.8,34.8,400000,44545,0.111363,151635,0.379088
12.8,35,400000,44562,0.111405,151788,0.37947
12.8,35.2,400000,44703,0.111757,152717,0.381792
12.8,35.4,400000,44757,0.111893,152212,0.38053
12.8,35.6,400000,45105,0.112763,152400,0.381
12.8,35.8,400000,44879,0.112198,151698,0.379245
12.8,36,400000,45069,0.112672,151785,0.379462
12.8,36.2,400000,44863,0.112157,152571,0.381427
12.8,36.4,400000,44893,0.112232,152522,0.381305
12.8,36.6,400000,44700,0.11175,152294,0.380735
12.8,36.8,400000,44415,0.111037,151699,0.379248
12.8,37,400000,44903,0.112257,151644,0.37911
12.8,37.2,400000,44478,0.111195,152159,0.380397
12.8,37.4,400000,44803,0.112007,152350,0.380875
12.8,37.6,400000,44630,0.111575,152057,0.380142
12.8,37.8,400000,44720,0.1118,152434,0.381085
12.8,38,400000,45023,0.112558,152162,0.380405
12.8,38.2,400000,44887,0.112217,152526,0.381315
12.8,38.4,400000,44463,0.111158,151731,0.379327
12.8,38.6,400000,44699,0.111747,152122,0.380305
12.8,38.8,400000,45259,0.113147,152527,0.381317
12.8,39,400000,44691,0.111727,151340,0.37835
12.8,39.2,400000,44904,0.11226,152716,0.38179
12.8,39.4,400000,45262,0.113155,152241,0.380603
12.8,39.6,400000,44479,0.111198,152054,0.380135
12.8,39.8,400000,44452,0.11113,151751,0.379377
12.8,40,400000,44904,0.11226,152399,0.380997
12.8,40.2,400000,44715,0.111787,152108,0.38027
12.8,40.4,400000,44475,0.111187,151605,0.379012
12.8,40.6,400000,44869,0.112172,152173,0.380433
12.8,40.8,400000,45430,0.113575,152026,0.380065
12.8,41,400000,44680,0.1117,151634,0.379085
12.8,41.2,400000,45146,0.112865,152097,0.380242
12.8,41.4,400000,45002,0.112505,152624,0.38156
12.8,41.6,400000,44657,0.111643,151845,0.379613
12.8,41.8,400000,45017,0.112543,152180,0.38045
12.8,42,400000,44941,0.112352,152520,0.3813
12.8,42.2,400000,44645,0.111613,152439,0.381097
12.8,42.4,400000,44366,0.110915,151549,0.378873
12.8,42.6,400000,44833,0.112083,152130,0.380325
12.8,42.8,400000,44955,0.112388,151657,0.379142
12.8,43,400000,44684,0.11171,152124,0.38031
12.8,43.2,400000,45170,0.112925,152083,0.380207
12.8,43.4,400000,44744,0.11186,152167,0.380418
12.8,43.6,400000,45188,0.11297,152456,0.38114
12.8,43.8,400000,44832,0.11208,152322,0.380805
12.8,44,400000,44528,0.11132,152179,0.380447
12.8,44.2,400000,44961,0.112403,151971,0.379927
12.8,44.4,400000,45000,0.1125,151674,0.379185
12.8,44.6,400000,45148,0.11287,152261,0.380653
12.8,44.8,400000,44890,0.112225,152155,0.380387
12.8,45,400000,45430,0.113575,151880,0.3797
12.8,45.2,400000,45081,0.112702,152388,0.38097
12.8,45.4,400000,44933,0.112333,152509,0.381273
12.8,45.6,400000,44665,0.111662,151646,0.379115
12.8,45.8,400000,45162,0.112905,152157,0.380393
12.8,46,400000,45256,0.11314,152300,0.38075
12.8,46.2,400000,45074,0.112685,152376,0.38094
12.8,46.4,400000,44713,0.111783,152595,0.381487
12.8,46.6,400000,45081,0.112702,152245,0.380613
12.8,46.8,400000,44986,0.112465,151819,0.379547
12.8,47,400000,45249,0.113123,152630,0.381575
12.8,47.2,400000,44709,0.111772,151669,0.379173
12.8,47.4,400000,44914,0.112285,151978,0.379945
12.8,47.6,400000,45226,0.113065,151932,0.37983
12.8,47.8,400000,44536,0.11134,151987,0.379968
12.8,48,400000,45036,0.11259,152260,0.38065
12.8,48.2,400000,44246,0.110615,151887,0.379717
12.8,48.4,400000,44917,0.112293,152090,0.380225
12.8,48.6,400000,44232,0.11058,151878,0.379695
12.8,48.8,400000,45251,0.113128,152559,0.381398
12.8,49,400000,45046,0.112615,151844,0.37961
12.8,49.2,400000,44608,0.11152,151787,0.379468
12.8,49.4,400000,45189,0.112973,151966,0.379915
12.8,49.6,400000,44685,0.111713,151751,0.379377
12.8,49.8,400000,44431,0.111077,152033,0.380082
12.8,50,400000,44355,0.110887,152424,0.38106
13,-50,400000,44907,0.112268,151563,0.378908
13,-49.8,400000,44827,0.112068,151847,0.379617
13,-49.6,400000,44981,0.112452,152130,0.380325
13,-49.4,400000,44235,0.110588,152041,0.380103
13,-49.2,400000,44591,0.111477,151608,0.37902
13,-49,400000,45127,0.112818,152086,0.380215
13,-48.8,400000,44926,0.112315,151577,0.378943
13,-48.6,400000,45132,0.11283,152668,0.38167
13,-48.4,400000,44940,0.11235,151989,0.379972
13,-48.2,400000,44969,0.112422,152565,0.381412
13,-48,400000,44843,0.112107,152384,0.38096
13,-47.8,400000,44808,0.11202,151794,0.379485
13,-47.6,400000,44498,0.111245,152235,0.380588
13,-47.4,400000,44683,0.111708,152311,0.380777
13,-47.2,400000,44612,0.11153,152221,0.380553
13,-47,400000,44802,0.112005,151864,0.37966
13,-46.8,400000,44823,0.112058,152068,0.38017
13,-46.6,400000,44869,0.112172,152500,0.38125
13,-46.4,400000,45055,0.112638,152102,0.380255
13,-46.2,400000,44819,0.112047,151180,0.37795
13,-46,400000,44729,0.111823,151948,0.37987
13,-45.8,400000,45281,0.113202,152615,0.381537
13,-45.6,400000,44827,0.112068,151749,0.379373
13,-45.4,400000,45285,0.113212,151942,0.379855
13,-45.2,400000,44842,0.112105,151669,0.379173
13,-45,400000,44910,0.112275,152030,0.380075
13,-44.8,400000,44437,0.111092,151886,0.379715
13,-44.6,400000,45262,0.113155,152841,0.382103
13,-44.4,400000,44784,0.11196,151597,0.378993
13,-44.2,400000,44878,0.112195,152004,0.38001
13,-44,400000,44694,0.111735,151909,0.379773
13,-43.8,400000,44407,0.111018,151762,0.379405
13,-43.6,400000,44966,0.112415,152272,0.38068
13,-43.4,400000,45252,0.11313,152209,0.380522
13,-43.2,400000,44434,0.111085,151802,0.379505
13,-43,400000,45313,0.113282,152255,0.380638
13,-42.8,400000,45101,0.112753,152089,0.380223
13,-42.6,400000,44829,0.112073,152313,0.380783
13,-42.4,400000,45387,0.113467,151971,0.379927
13,-42.2,400000,45067,0.112668,152934,0.382335
13,-42,400000,44736,0.11184,151974,0.379935
13,-41.8,400000,45075,0.112687,152431,0.381078
13,-41.6,400000,44895,0.112238,152254,0.380635
13,-41.4,400000,44921,0.112302,152269,0.380673
13,-41.2,400000,45002,0.112505,152150,0.380375
13,-41,400000,45092,0.11273,152731,0.381827
13,-40.8,400000,45072,0.11268,151783,0.379458
13,-40.6,400000,44347,0.110867,151389,0.378472
13,-40.4,400000,44434,0.111085,152268,0.38067
13,-40.2,400000,45179,0.112948,152631,0.381578
13,-40,400000,44942,0.112355,152474,0.381185
13,-39.8,400000,44753,0.111882,151909,0.379773
13,-39.6,400000,44557,0.111393,152024,0.38006
13,-39.4,400000,44950,0.112375,152192,0.38048
13,-39.2,400000,45225,0.113062,151903,0.379758
13,-39,400000,44636,0.11159,152022,0.380055
13,-38.8,400000,44763,0.111907,152145,0.380362
13,-38.6,400000,45203,0.113007,152413,0.381032
13,-38.4,400000,45146,0.112865,152343,0.380858
13,-38.2,400000,45048,0.11262,152429,0.381072
13,-38,400000,44948,0.11237,152251,0.380628
13,-37.8,400000,44670,0.111675,152155,0.380387
13,-37.6,400000,44172,0.11043,152312,0.38078
13,-37.4,400000,44657,0.111643,152364,0.38091
13,-37.2,400000,44743,0.111857,152405,0.381012
13,-37,400000,44764,0.11191,152101,0.380252
13,-36.8,400000,44676,0.11169,151685,0.379213
13,-36.6,400000,44879,0.112198,152277,0.380692
13,-36.4,400000,45349,0.113373,151628,0.37907
13,-36.2,400000,44901,0.112253,152491,0.381227
13,-36,400000,45158,0.112895,151603,0.379007
13,-35.8,400000,45226,0.113065,152715,0.381788
13,-35.6,400000,45329,0.113323,151700,0.37925
13,-35.4,400000,44889,0.112223,152002,0.380005
13,-35.2,400000,44574,0.111435,152395,0.380987
13,-35,400000,44564,0.11141,152205,0.380512
13,-34.8,400000,45184,0.11296,151698,0.379245
13,-34.6,400000,45013,0.112532,151774,0.379435
13,-34.4,400000,44950,0.112375,152335,0.380837
13,-34.2,400000,44976,0.11244,152016,0.38004
13,-34,400000,44561,0.111403,152577,0.381443
13,-33.8,400000,43869,0.109673,151676,0.37919
13,-33.6,400000,44707,0.111768,152007,0.380018
13,-33.4,400000,44935,0.112338,152306,0.380765
13,-33.2,400000,45002,0.112505,152528,0.38132
13,-33,400000,44412,0.11103,152163,0.380408
13,-32.8,400000,45148,0.11287,152069,0.380173
13,-32.6,400000,44684,0.11171,151889,0.379723
13,-32.4,400000,45060,0.11265,152541,0.381352
13,-32.2,400000,45104,0.11276,151969,0.379922
13,-32,400000,45020,0.11255,151992,0.37998
13,-31.8,400000,44819,0.112047,152036,0.38009
13,-31.6,400000,44282,0.110705,151703,0.379258
13,-31.4,400000,45448,0.11362,152495,0.381238
13,-31.2,400000,45125,0.112812,152330,0.380825
13,-31,400000,45204,0.11301,152428,0.38107
13,-30.8,400000,44812,0.11203,152216,0.38054
13,-30.6,400000,44684,0.11171,152228,0.38057
13,-30.4,400000,45134,0.112835,152112,0.38028
13,-30.2,400000,44567,0.111418,151748,0.37937
13,-30,400000,44347,0.110867,152140,0.38035
13,-29.8,400000,44511,0.111278,152107,0.380267
13,-29.6,400000,44941,0.112352,152404,0.38101
13,-29.4,400000,44822,0.112055,152539,0.381348
13,-29.2,400000,44760,0.1119,151859,0.379648
13,-29,400000,44851,0.112128,152100,0.38025
13,-28.8,400000,44590,0.111475,151245,0.378113
13,-28.6,400000,45215,0.113037,152388,0.38097
13,-28.4,400000,44677,0.111693,151944,0.37986
13,-28.2,400000,44273,0.110683,150663,0.376657
13,-28,400000,45039,0.112598,152216,0.38054
13,-27.8,400000,44663,0.111658,152100,0.38025
13,-27.6,400000,44442,0.111105,152364,0.38091
13,-27.4,400000,44449,0.111122,151900,0.37975
13,-27.2,400000,44880,0.1122,151706,0.379265
13,-27,400000,44824,0.11206,152242,0.380605
13,-26.8,400000,44993,0.112482,152112,0.38028
13,-26.6,400000,44792,0.11198,152158,0.380395
13,-26.4,400000,44613,0.111533,151976,0.37994
13,-26.2,400000,45423,0.113558,152791,0.381978
13,-26,400000,44750,0.111875,152252,0.38063
13,-25.8,400000,44380,0.11095,151905,0.379763
13,-25.6,400000,44889,0.112223,152181,0.380453
13,-25.4,400000,44794,0.111985,151902,0.379755
13,-25.2,400000,45109,0.112772,152350,0.380875
13,-25,400000,45300,0.11325,152111,0.380277
13,-24.8,400000,44727,0.111818,152051,0.380128
13,-24.6,400000,44458,0.111145,151938,0.379845
13,-24.4,400000,44423,0.111058,151840,0.3796
13,-24.2,400000,44827,0.112068,152286,0.380715
13,-24,400000,45362,0.113405,152482,0.381205
13,-23.8,400000,44643,0.111607,151673,0.379182
13,-23.6,400000,44617,0.111543,152039,0.380097
13,-23.4,400000,45130,0.112825,151440,0.3786
13,-23.2,400000,44172,0.11043,152132,0.38033
13,-23,400000,45277,0.113193,152305,0.380763
13,-22.8,400000,45063,0.112657,152323,0.380808
13,-22.6,400000,44405,0.111013,152110,0.380275
13,-22.4,400000,44687,0.111717,152235,0.380588
13,-22.2,400000,45094,0.112735,152279,0.380698
13,-22,400000,44194,0.110485,151806,0.379515
13,-21.8,400000,44594,0.111485,151730,0.379325
13,-21.6,400000,44950,0.112375,152723,0.381808
13,-21.4,400000,44446,0.111115,151964,0.37991
13,-21.2,400000,44422,0.111055,151868,0.37967
13,-21,400000,44713,0.111783,152826,0.382065
13,-20.8,400000,44570,0.111425,151402,0.378505
13,-20.6,400000,44725,0.111812,152757,0.381893
13,-20.4,400000,44799,0.111997,152205,0.380512
13,-20.2,400000,45020,0.11255,152140,0.38035
13,-20,400000,44868,0.11217,151914,0.379785
13,-19.8,400000,44668,0.11167,152212,0.38053
13,-19.6,400000,44776,0.11194,152380,0.38095
13,-19.4,400000,44720,0.1118,151352,0.37838
13,-19.2,400000,44843,0.112107,152025,0.380063
13,-19,400000,45130,0.112825,152099,0.380248
13,-18.8,400000,44640,0.1116,151992,0.37998
13,-18.6,400000,44706,0.111765,151905,0.379763
13,-18.4,400000,45078,0.112695,151610,0.379025
13,-18.2,400000,45322,0.113305,153120,0.3828
13,-18,400000,44851,0.112128,151178,0.377945
13,-17.8,400000,44617,0.111543,152112,0.38028
13,-17.6,400000,44703,0.111757,151546,0.378865
13,-17.4,400000,45372,0.11343,152882,0.382205
13,-17.2,400000,44942,0.112355,152896,0.38224
13,-17,400000,45257,0.113142,152463,0.381157
13,-16.8,400000,44968,0.11242,152161,0.380402
13,-16.6,400000,44611,0.111528,152229,0.380572
13,-16.4,400000,44646,0.111615,152351,0.380877
13,-16.2,400000,45437,0.113592,152592,0.38148
13,-16,400000,44602,0.111505,151584,0.37896
13,-15.8,400000,44349,0.110872,152244,0.38061
13,-15.6,400000,44734,0.111835,152225,0.380563
13,-15.4,400000,44972,0.11243,152559,0.381398
13,-15.2,400000,45664,0.11416,152412,0.38103
13,-15,400000,44499,0.111247,151655,0.379138
13,-14.8,400000,45332,0.11333,152296,0.38074
13,-14.6,400000,44790,0.111975,152115,0.380288
13,-14.4,400000,44612,0.11153,151748,0.37937
13,-14.2,400000,45225,0.113062,151928,0.37982
13,-14,400000,44871,0.112177,152054,0.380135
13,-13.8,400000,44697,0.111742,151865,0.379663
13,-13.6,400000,44755,0.111888,151614,0.379035
13,-13.4,400000,44389,0.110973,151786,0.379465
13,-13.2,400000,45127,0.112818,152572,0.38143
13,-13,400000,44625,0.111562,151871,0.379678
13,-12.8,400000,45021,0.112552,152176,0.38044
13,-12.6,400000,45186,0.112965,151859,0.379648
13,-12.4,400000,44886,0.112215,152172,0.38043
13,-12.2,400000,45011,0.112528,152168,0.38042
13,-12,400000,44929,0.112323,152333,0.380833
13,-11.8,400000,45110,0.112775,152266,0.380665
13,-11.6,400000,45233,0.113083,152075,0.380188
13,-11.4,400000,44815,0.112037,151763,0.379408
13,-11.2,400000,44928,0.11232,151862,0.379655
13,-11,400000,44562,0.111405,152362,0.380905
13,-10.8,400000,45313,0.113282,152654,0.381635
13,-10.6,400000,44696,0.11174,152402,0.381005
13,-10.4,400000,44774,0.111935,152140,0.38035
13,-10.2,400000,45137,0.112842,151910,0.379775
13,-10,400000,44705,0.111763,152491,0.381227
13,-9.8,400000,44580,0.11145,151174,0.377935
13,-9.6,400000,45046,0.112615,152326,0.380815
13,-9.4,400000,45168,0.11292,152562,0.381405
13,-9.2,400000,45274,0.113185,152176,0.38044
13,-9,400000,44997,0.112492,152009,0.380022
13,-8.8,400000,45008,0.11252,152720,0.3818
13,-8.6,400000,44847,0.112117,151887,0.379717
13,-8.4,400000,45030,0.112575,151995,0.379987
13,-8.2,400000,44587,0.111467,151842,0.379605
13,-8,400000,44986,0.112465,152350,0.380875
13,-7.8,400000,45374,0.113435,152099,0.380248
13,-7.6,400000,44424,0.11106,152086,0.380215
13,-7.4,400000,44834,0.112085,151762,0.379405
13,-7.2,400000,44536,0.11134,151561,0.378902
13,-7,400000,45114,0.112785,152252,0.38063
13,-6.8,400000,45200,0.113,151963,0.379908
13,-6.6,400000,44756,0.11189,152535,0.381337
13,-6.4,400000,44933,0.112333,152540,0.38135
13,-6.2,400000,44877,0.112193,152124,0.38031
13,-6,400000,45557,0.113892,152240,0.3806
13,-5.8,400000,44452,0.11113,151958,0.379895
13,-5.6,400000,44885,0.112213,151847,0.379617
13,-5.4,400000,44354,0.110885,152375,0.380937
13,-5.2,400000,44941,0.112352,152284,0.38071
13,-5,400000,44707,0.111768,152047,0.380117
13,-4.8,400000,44867,0.112168,152039,0.380097
13,-4.6,400000,45198,0.112995,151922,0.379805
13,-4.4,400000,44662,0.111655,152103,0.380258
13,-4.2,400000,45317,0.113293,151863,0.379657
13,-4,400000,44416,0.11104,152334,0.380835
13,-3.8,400000,45056,0.11264,151674,0.379185
13,-3.6,400000,44769,0.111922,151366,0.378415
13,-3.4,400000,45179,0.112948,152256,0.38064
13,-3.2,400000,45260,0.11315,152255,0.380638
13,-3,400000,44940,0.11235,152543,0.381358
13,-2.8,400000,45068,0.11267,151916,0.37979
13,-2.6,400000,44900,0.11225,151743,0.379358
13,-2.4,400000,44747,0.111867,151749,0.379373
13,-2.2,400000,44222,0.110555,152130,0.380325
13,-2,400000,45677,0.114193,152602,0.381505
13,-1.8,400000,45159,0.112897,152138,0.380345
13,-1.6,400000,44273,0.110683,152267,0.380667
13,-1.4,400000,44235,0.110588,151909,0.379773
13,-1.2,400000,44920,0.1123,152109,0.380273
13,-1,400000,44974,0.112435,152572,0.38143
13,-0.8,400000,44845,0.112113,152330,0.380825
13,-0.6,400000,44718,0.111795,151359,0.378397
13,-0.4,400000,44785,0.111963,152099,0.380248
13,-0.2,400000,44579,0.111448,151969,0.379922
13,0,400000,44654,0.111635,151678,0.379195
13,0.2,400000,45031,0.112577,152175,0.380437
13,0.4,400000,45000,0.1125,152347,0.380868
13,0.6,400000,44525,0.111312,151523,0.378808
13,0.8,400000,45043,0.112607,152289,0.380723
13,1,400000,45205,0.113013,151977,0.379943
13,1.2,400000,44901,0.112253,152091,0.380227
13,1.4,400000,44883,0.112208,152812,0.38203
13,1.6,400000,44900,0.11225,151917,0.379792
13,1.8,400000,44498,0.111245,152046,0.380115
13,2,400000,44914,0.112285,152457,0.381142
13,2.2,400000,45075,0.112687,152661,0.381653
13,2.4,400000,45071,0.112677,151873,0.379682
13,2.6,400000,44868,0.11217,152551,0.381377
13,2.8,400000,44593,0.111482,151523,0.378808
13,3,400000,45281,0.113202,152160,0.3804
13,3.2,400000,44982,0.112455,151975,0.379937
13,3.4,400000,44912,0.11228,151928,0.37982
13,3.6,400000,44623,0.111558,151569,0.378922
13,3.8,400000,45218,0.113045,152156,0.38039
13,4,400000,44932,0.11233,152517,0.381292
13,4.2,400000,44802,0.112005,152024,0.38006
13,4.4,400000,45330,0.113325,152578,0.381445
13,4.6,400000,44390,0.110975,152264,0.38066
13,4.8,400000,44461,0.111153,151612,0.37903
13,5,400000,44733,0.111833,152097,0.380242
13,5.2,400000,45089,0.112723,152780,0.38195
13,5.4,400000,44902,0.112255,152409,0.381022
13,5.6,400000,44808,0.11202,152524,0.38131
13,5.8,400000,44558,0.111395,151997,0.379993
13,6,400000,44523,0.111308,151863,0.379657
13,6.2,400000,44413,0.111033,152036,0.38009
13,6.4,400000,44931,0.112327,151803,0.379507
13,6.6,400000,45219,0.113047,152347,0.380868
13,6.8,400000,45139,0.112848,151666,0.379165
13,7,400000,44588,0.11147,152282,0.380705
13,7.2,400000,44379,0.110948,151830,0.379575
13,7.4,400000,45469,0.113672,152554,0.381385
13,7.6,400000,44964,0.11241,152188,0.38047
13,7.8,400000,44987,0.112467,152167,0.380418
13,8,400000,44217,0.110543,151581,0.378953
13,8.2,400000,45220,0.11305,152087,0.380217
13,8.4,400000,44735,0.111838,151985,0.379962
13,8.6,400000,44631,0.111577,151878,0.379695
13,8.8,400000,44464,0.11116,152290,0.380725
13,9,400000,44140,0.11035,151987,0.379968
13,9.2,400000,44222,0.110555,151726,0.379315
13,9.4,400000,44974,0.112435,152975,0.382437
13,9.6,400000,45282,0.113205,152479,0.381198
13,9.8,400000,44769,0.111922,152351,0.380877
13,10,400000,44580,0.11145,152065,0.380163
13,10.2,400000,44468,0.11117,151521,0.378802
13,10.4,400000,44774,0.111935,152044,0.38011
13,10.6,400000,45108,0.11277,152540,0.38135
13,10.8,400000,44742,0.111855,152284,0.38071
13,11,400000,44901,0.112253,152314,0.380785
13,11.2,400000,44981,0.112452,152023,0.380057
13,11.4,400000,44965,0.112412,151872,0.37968
13,11.6,400000,44445,0.111113,151943,0.379858
13,11.8,400000,44476,0.11119,151564,0.37891
13,12,400000,44599,0.111497,152215,0.380537
13,12.2,400000,44841,0.112102,151963,0.379908
13,12.4,400000,44409,0.111022,152021,0.380053
13,12.6,400000,44501,0.111253,152386,0.380965
13,12.8,400000,44892,0.11223,152138,0.380345
13,13,400000,45208,0.11302,151882,0.379705
13,13.2,400000,44495,0.111238,151765,0.379412
13,13.4,400000,45421,0.113553,153099,0.382748
13,13.6,400000,44742,0.111855,152063,0.380157
13,13.8,400000,45245,0.113113,152683,0.381707
13,14,400000,44102,0.110255,151051,0.377628
13,14.2,400000,44679,0.111698,152103,0.380258
13,14.4,400000,45078,0.112695,152076,0.38019
13,14.6,400000,45245,0.113113,152406,0.381015
13,14.8,400000,45068,0.11267,152369,0.380922
13,15,400000,45585,0.113962,152760,0.3819
13,15.2,400000,45115,0.112787,151932,0.37983
13,15.4,400000,45208,0.11302,151900,0.37975
13,15.6,400000,44873,0.112183,152388,0.38097
13,15.8,400000,45138,0.112845,152525,0.381312
13,16,400000,44835,0.112088,151810,0.379525
13,16.2,400000,44737,0.111842,152216,0.38054
13,16.4,400000,44685,0.111713,151866,0.379665
13,16.6,400000,44423,0.111058,152522,0.381305
13,16.8,400000,44692,0.11173,152685,0.381713
13,17,400000,44787,0.111967,152423,0.381057
13,17.2,400000,45031,0.112577,151923,0.379808
13,17.4,400000,44591,0.111477,151911,0.379777
13,17.6,400000,44940,0.11235,152174,0.380435
13,17.8,400000,45203,0.113007,152734,0.381835
13,18,400000,44945,0.112363,152241,0.380603
13,18.2,400000,44209,0.110522,151619,0.379047
13,18.4,400000,44556,0.11139,151556,0.37889
13,18.6,400000,44642,0.111605,152262,0.380655
13,18.8,400000,44095,0.110238,151485,0.378713
13,19,400000,44794,0.111985,152017,0.380043
13,19.2,400000,44992,0.11248,152123,0.380308
13,19.4,400000,45147,0.112867,152496,0.38124
13,19.6,400000,44822,0.112055,152250,0.380625
13,19.8,400000,44531,0.111327,151893,0.379732
13,20,400000,44718,0.111795,152432,0.38108
13,20.2,400000,44821,0.112052,151649,0.379122
13,20.4,400000,44425,0.111062,152256,0.38064
13,20.6,400000,45050,0.112625,152271,0.380678
13,20.8,400000,45078,0.112695,152201,0.380503
13,21,400000,44862,0.112155,151856,0.37964
13,21.2,400000,44841,0.112102,152284,0.38071
13,21.4,400000,44779,0.111948,151596,0.37899
13,21.6,400000,44693,0.111732,152605,0.381512
13,21.8,400000,44900,0.11225,152182,0.380455
13,22,400000,44907,0.112268,152401,0.381003
13,22.2,400000,44778,0.111945,152486,0.381215
13,22.4,400000,44913,0.112282,152013,0.380032
13,22.6,400000,44830,0.112075,152088,0.38022
13,22.8,400000,44811,0.112028,152039,0.380097
13,23,400000,44880,0.1122,151607,0.379018
13,23.2,400000,44803,0.112007,151838,0.379595
13,23.4,400000,44547,0.111367,151521,0.378802
13,23.6,400000,44561,0.111403,152329,0.380823
13,23.8,400000,44930,0.112325,152336,0.38084
13,24,400000,44984,0.11246,153121,0.382802
13,24.2,400000,44874,0.112185,151949,0.379873
13,24.4,400000,44656,0.11164,151457,0.378642
13,24.6,400000,45064,0.11266,152480,0.3812
13,24.8,400000,45031,0.112577,152562,0.381405
13,25,400000,45054,0.112635,152728,0.38182
13,25.2,400000,45199,0.112998,152141,0.380352
13,25.4,400000,45024,0.11256,152205,0.380512
13,25.6,400000,44569,0.111422,152481,0.381202
13,25.8,400000,44394,0.110985,151635,0.379088
13,26,400000,44322,0.110805,152112,0.38028
13,26.2,400000,45306,0.113265,152688,0.38172
13,26.4,400000,44900,0.11225,152170,0.380425
13,26.6,400000,44839,0.112098,152291,0.380727
13,26.8,400000,45019,0.112547,152043,0.380107
13,27,400000,44990,0.112475,152055,0.380138
13,27.2,400000,45142,0.112855,152201,0.380503
13,27.4,400000,45218,0.113045,151742,0.379355
13,27.6,400000,44692,0.11173,151509,0.378773
13,27.8,400000,45066,0.112665,152256,0.38064
13,28,400000,44793,0.111982,151799,0.379497
13,28.2,400000,44724,0.11181,151896,0.37974
13,28.4,400000,45255,0.113138,152354,0.380885
13,28.6,400000,44331,0.110827,151426,0.378565
13,28.8,400000,44489,0.111223,151906,0.379765
13,29,400000,45168,0.11292,152431,0.381078
13,29.2,400000,44862,0.112155,152342,0.380855
13,29.4,400000,44755,0.111888,152324,0.38081
13,29.6,400000,45025,0.112562,152048,0.38012
13,29.8,400000,44724,0.11181,151845,0.379613
13,30,400000,44983,0.112458,151996,0.37999
13,30.2,400000,44709,0.111772,152188,0.38047
13,30.4,400000,44599,0.111497,151906,0.379765
13,30.6,400000,45015,0.112537,151903,0.379758
13,30.8,400000,45067,0.112668,151947,0.379868
13,31,400000,44792,0.11198,151538,0.378845
13,31.2,400000,44989,0.112473,152674,0.381685
13,31.4,400000,45054,0.112635,152373,0.380933
13,31.6,400000,45049,0.112623,152242,0.380605
13,31.8,400000,44923,0.112308,152126,0.380315
13,32,400000,44849,0.112122,151355,0.378387
13,32.2,400000,44886,0.112215,152317,0.380792
13,32.4,400000,44341,0.110853,151219,0.378047
13,32.6,400000,44618,0.111545,151810,0.379525
13,32.8,400000,44719,0.111797,152029,0.380072
13,33,400000,44838,0.112095,151718,0.379295
13,33.2,400000,44610,0.111525,152115,0.380288
13,33.4,400000,44896,0.11224,152511,0.381277
13,33.6,400000,44803,0.112007,152192,0.38048
13,33.8,400000,44716,0.11179,151500,0.37875
13,34,400000,44815,0.112037,152037,0.380092
13,34.2,400000,44329,0.110823,151991,0.379978
13,34.4,400000,44840,0.1121,152560,0.3814
13,34.6,400000,44391,0.110978,152080,0.3802
13,34.8,400000,45031,0.112577,152416,0.38104
13,35,400000,44888,0.11222,152390,0.380975
13,35.2,400000,44917,0.112293,152500,0.38125
13,35.4,400000,44874,0.112185,151745,0.379362
13,35.6,400000,45466,0.113665,152850,0.382125
13,35.8,400000,44815,0.112037,152637,0.381593
13,36,400000,44898,0.112245,152033,0.380082
13,36.2,400000,44970,0.112425,152994,0.382485
13,36.4,400000,44963,0.112407,151978,0.379945
13,36.6,400000,44715,0.111787,151847,0.379617
13,36.8,400000,45456,0.11364,152465,0.381163
13,37,400000,44878,0.112195,152441,0.381103
13,37.2,400000,45253,0.113132,152255,0.380638
13,37.4,400000,44467,0.111168,151956,0.37989
13,37.6,400000,44844,0.11211,151610,0.379025
13,37.8,400000,44651,0.111628,152168,0.38042
13,38,400000,45441,0.113602,152896,0.38224
13,38.2,400000,44717,0.111793,151916,0.37979
13,38.4,400000,45332,0.11333,152508,0.38127
13,38.6,400000,44963,0.112407,152482,0.381205
13,38.8,400000,44920,0.1123,152120,0.3803
13,39,400000,44536,0.11134,152741,0.381852
13,39.2,400000,45318,0.113295,152569,0.381422
13,39.4,400000,44420,0.11105,152249,0.380622
13,39.6,400000,44741,0.111852,152376,0.38094
13,39.8,400000,45037,0.112592,152412,0.38103
13,40,400000,44547,0.111367,152270,0.380675
13,40.2,400000,44996,0.11249,152102,0.380255
13,40.4,400000,44487,0.111217,152192,0.38048
13,40.6,400000,44889,0.112223,152330,0.380825
13,40.8,400000,44960,0.1124,152260,0.38065
13,41,400000,44928,0.11232,152337,0.380842
13,41.2,400000,45151,0.112878,151553,0.378883
13,41.4,400000,44726,0.111815,152358,0.380895
13,41.6,400000,44596,0.11149,151967,0.379918
13,41.8,400000,45024,0.11256,152183,0.380458
13,42,400000,44606,0.111515,151670,0.379175
13,42.2,400000,44379,0.110948,151463,0.378657
13,42.4,400000,44715,0.111787,151623,0.379057
13,42.6,400000,44898,0.112245,152168,0.38042
13,42.8,400000,44675,0.111687,151884,0.37971
13,43,400000,44796,0.11199,152210,0.380525
13,43.2,400000,44895,0.112238,151760,0.3794
13,43.4,400000,44905,0.112263,151970,0.379925
13,43.6,400000,44077,0.110192,152037,0.380092
13,43.8,400000,44450,0.111125,152073,0.380182
13,44,400000,44835,0.112088,151788,0.37947
13,44.2,400000,45065,0.112662,152097,0.380242
13,44.4,400000,44863,0.112157,152161,0.380402
13,44.6,400000,44800,0.112,151661,0.379153
13,44.8,400000,45036,0.11259,152222,0.380555
13,45,400000,45311,0.113278,152344,0.38086
13,45.2,400000,44685,0.111713,152813,0.382032
13,45.4,400000,44659,0.111647,152161,0.380402
13,45.6,400000,44630,0.111575,151480,0.3787
13,45.8,400000,44908,0.11227,152206,0.380515
13,46,400000,45403,0.113507,152289,0.380723
13,46.2,400000,44701,0.111753,152094,0.380235
13,46.4,400000,44662,0.111655,151633,0.379082
13,46.6,400000,44286,0.110715,151309,0.378273
13,46.8,400000,45099,0.112748,152717,0.381792
13,47,400000,45302,0.113255,151985,0.379962
13,47.2,400000,45081,0.112702,151863,0.379657
13,47.4,400000,44331,0.110827,151898,0.379745
13,47.6,400000,44505,0.111263,151885,0.379713
13,47.8,400000,44721,0.111802,151964,0.37991
13,48,400000,44632,0.11158,151822,0.379555
13,48.2,400000,45425,0.113562,152253,0.380632
13,48.4,400000,44736,0.11184,152356,0.38089
13,48.6,400000,44579,0.111448,151441,0.378603
13,48.8,400000,44888,0.11222,151319,0.378298
13,49,400000,44833,0.112083,151765,0.379412
13,49.2,400000,45085,0.112712,152167,0.380418
13,49.4,400000,44981,0.112452,151987,0.379968
13,49.6,400000,44901,0.112253,152126,0.380315
13,49.8,400000,45255,0.113138,152514,0.381285
13,50,400000,44545,0.111363,151530,0.378825
13.2,-50,400000,44980,0.11245,152026,0.380065
13.2,-49.8,400000,44638,0.111595,151729,0.379323
13.2,-49.6,400000,44914,0.112285,152085,0.380213
13.2,-49.4,400000,45027,0.112568,152833,0.382082
13.2,-49.2,400000,44984,0.11246,151506,0.378765
13.2,-49,400000,45109,0.112772,152246,0.380615
13.2,-48.8,400000,44936,0.11234,151797,0.379493
13.2,-48.6,400000,44994,0.112485,152190,0.380475
13.2,-48.4,400000,45026,0.112565,152381,0.380953
13.2,-48.2,400000,44924,0.11231,152876,0.38219
13.2,-48,400000,45086,0.112715,152174,0.380435
13.2,-47.8,400000,44471,0.111177,152399,0.380997
13.2,-47.6,400000,44837,0.112092,151492,0.37873
13.2,-47.4,400000,44712,0.11178,152136,0.38034
13.2,-47.2,400000,44763,0.111907,151873,0.379682
13.2,-47,400000,44137,0.110342,152052,0.38013
13.2,-46.8,400000,44713,0.111783,152403,0.381007
13.2,-46.6,400000,45137,0.112842,151762,0.379405
13.2,-46.4,400000,44062,0.110155,151788,0.37947
13.2,-46.2,400000,44681,0.111702,152326,0.380815
13.2,-46,400000,44655,0.111638,151836,0.37959
13.2,-45.8,400000,44941,0.112352,152062,0.380155
13.2,-45.6,400000,45115,0.112787,152345,0.380862
13.2,-45.4,400000,45307,0.113267,152293,0.380732
13.2,-45.2,400000,45024,0.11256,151931,0.379827
13.2,-45,400000,44668,0.11167,152265,0.380663
13.2,-44.8,400000,45196,0.11299,151459,0.378648
13.2,-44.6,400000,45187,0.112967,151753,0.379383
13.2,-44.4,400000,44836,0.11209,151872,0.37968
13.2,-44.2,400000,44484,0.11121,152185,0.380462
13.2,-44,400000,44780,0.11195,152012,0.38003
13.2,-43.8,400000,44640,0.1116,151746,0.379365
13.2,-43.6,400000,45317,0.113293,152288,0.38072
13.2,-43.4,400000,44742,0.111855,151711,0.379277
13.2,-43.2,400000,44789,0.111973,151644,0.37911
13.2,-43,400000,44991,0.112477,153292,0.38323
13.2,-42.8,400000,44831,0.112077,151997,0.379993
13.2,-42.6,400000,44722,0.111805,151905,0.379763
13.2,-42.4,400000,44611,0.111528,152348,0.38087
13.2,-42.2,400000,44971,0.112427,151902,0.379755
13.2,-42,400000,44886,0.112215,151793,0.379483
13.2,-41.8,400000,44771,0.111927,152084,0.38021
13.2,-41.6,400000,44699,0.111747,152360,0.3809
13.2,-41.4,400000,44192,0.11048,151932,0.37983
13.2,-41.2,400000,45032,0.11258,151971,0.379927
13.2,-41,400000,45182,0.112955,151642,0.379105
13.2,-40.8,400000,44748,0.11187,151863,0.379657
13.2,-40.6,400000,45584,0.11396,151955,0.379887
13.2,-40.4,400000,44659,0.111647,152186,0.380465
13.2,-40.2,400000,45001,0.112503,151809,0.379522
13.2,-40,400000,44438,0.111095,152111,0.380277
13.2,-39.8,400000,44636,0.11159,151729,0.379323
13.2,-39.6,400000,45511,0.113778,152723,0.381808
13.2,-39.4,400000,44688,0.11172,151565,0.378912
13.2,-39.2,400000,44942,0.112355,152099,0.380248
13.2,-39,400000,44771,0.111927,151990,0.379975
13.2,-38.8,400000,44824,0.11206,151840,0.3796
13.2,-38.6,400000,44481,0.111202,152151,0.380377
13.2,-38.4,400000,45298,0.113245,152358,0.380895
13.2,-38.2,400000,45162,0.112905,152301,0.380752
13.2,-38,400000,45053,0.112632,151892,0.37973
13.2,-37.8,400000,44855,0.112138,152030,0.380075
13.2,-37.6,400000,44976,0.11244,152602,0.381505
13.2,-37.4,400000,44661,0.111653,151740,0.37935
13.2,-37.2,400000,44448,0.11112,151672,0.37918
13.2,-37,400000,44988,0.11247,151983,0.379958
13.2,-36.8,400000,45010,0.112525,151958,0.379895
13.2,-36.6,400000,44966,0.112415,151948,0.37987
13.2,-36.4,400000,45229,0.113073,152513,0.381283
13.2,-36.2,400000,44736,0.11184,152056,0.38014
13.2,-36,400000,44886,0.112215,152064,0.38016
13.2,-35.8,400000,44912,0.11228,152755,0.381887
13.2,-35.6,400000,44666,0.111665,151776,0.37944
13.2,-35.4,400000,44951,0.112378,152580,0.38145
13.2,-35.2,400000,45111,0.112778,152703,0.381758
13.2,-35,400000,44502,0.111255,151995,0.379987
13.2,-34.8,400000,44875,0.112187,152383,0.380958
13.2,-34.6,400000,44958,0.112395,153121,0.382802
13.2,-34.4,400000,44528,0.11132,152177,0.380443
13.2,-34.2,400000,45060,0.11265,152185,0.380462
13.2,-34,400000,45231,0.113077,152103,0.380258
13.2,-33.8,400000,44792,0.11198,152494,0.381235
13.2,-33.6,400000,44255,0.110637,152248,0.38062
13.2,-33.4,400000,45019,0.112547,152144,0.38036
13.2,-33.2,400000,44995,0.112488,152191,0.380478
13.2,-33,400000,45487,0.113717,152544,0.38136
13.2,-32.8,400000,45029,0.112573,152593,0.381483
13.2,-32.6,400000,44473,0.111183,151289,0.378223
13.2,-32.4,400000,44825,0.112062,152002,0.380005
13.2,-32.2,400000,45208,0.11302,151986,0.379965
13.2,-32,400000,44777,0.111943,152069,0.380173
13.2,-31.8,400000,45005,0.112513,151956,0.37989
13.2,-31.6,400000,44747,0.111867,152505,0.381263
13.2,-31.4,400000,44995,0.112488,152086,0.380215
13.2,-31.2,400000,44940,0.11235,151661,0.379153
13.2,-31,400000,44721,0.111802,152530,0.381325
13.2,-30.8,400000,44469,0.111172,151297,0.378242
13.2,-30.6,400000,44691,0.111727,152282,0.380705
13.2,-30.4,400000,45055,0.112638,152537,0.381342
13.2,-30.2,400000,44625,0.111562,151912,0.37978
13.2,-30,400000,44650,0.111625,151891,0.379727
13.2,-29.8,400000,44817,0.112043,151982,0.379955
13.2,-29.6,400000,44939,0.112348,152249,0.380622
13.2,-29.4,400000,44832,0.11208,152124,0.38031
13.2,-29.2,400000,44843,0.112107,151978,0.379945
13.2,-29,400000,44986,0.112465,151987,0.379968
13.2,-28.8,400000,44702,0.111755,152233,0.380582
13.2,-28.6,400000,44592,0.11148,151091,0.377727
13.2,-28.4,400000,44491,0.111228,152661,0.381653
13.2,-28.2,400000,45128,0.11282,153008,0.38252
13.2,-28,400000,45296,0.11324,152502,0.381255
13.2,-27.8,400000,45252,0.11313,152308,0.38077
13.2,-27.6,400000,45206,0.113015,152456,0.38114
13.2,-27.4,400000,45155,0.112888,151887,0.379717
13.2,-27.2,400000,44667,0.111668,151935,0.379837
13.2,-27,400000,44959,0.112397,152506,0.381265
13.2,-26.8,400000,44534,0.111335,152082,0.380205
13.2,-26.6,400000,45014,0.112535,152110,0.380275
13.2,-26.4,400000,44319,0.110797,152567,0.381418
13.2,-26.2,400000,44876,0.11219,152266,0.380665
13.2,-26,400000,45071,0.112677,152175,0.380437
13.2,-25.8,400000,44446,0.111115,151899,0.379748
13.2,-25.6,400000,44913,0.112282,152316,0.38079
13.2,-25.4,400000,44689,0.111723,151535,0.378837
13.2,-25.2,400000,44755,0.111888,152126,0.380315
13.2,-25,400000,44855,0.112138,151629,0.379072
13.2,-24.8,400000,44276,0.11069,151565,0.378912
13.2,-24.6,400000,45069,0.112672,152489,0.381223
13.2,-24.4,400000,44708,0.11177,152711,0.381777
13.2,-24.2,400000,44853,0.112132,151901,0.379752
13.2,-24,400000,45132,0.11283,152137,0.380342
13.2,-23.8,400000,44573,0.111433,151692,0.37923
13.2,-23.6,400000,44749,0.111872,152389,0.380972
13.2,-23.4,400000,44703,0.111757,152303,0.380758
13.2,-23.2,400000,44814,0.112035,152259,0.380648
13.2,-23,400000,44672,0.11168,151817,0.379543
13.2,-22.8,400000,45031,0.112577,151546,0.378865
13.2,-22.6,400000,44881,0.112202,152392,0.38098
13.2,-22.4,400000,44370,0.110925,152052,0.38013
13.2,-22.2,400000,45270,0.113175,152450,0.381125
13.2,-22,400000,45114,0.112785,152023,0.380057
13.2,-21.8,400000,45465,0.113662,152657,0.381642
13.2,-21.6,400000,44577,0.111442,152082,0.380205
13.2,-21.4,400000,44885,0.112213,153005,0.382512
13.2,-21.2,400000,44848,0.11212,151940,0.37985
13.2,-21,400000,44611,0.111528,151519,0.378798
13.2,-20.8,400000,44563,0.111408,151780,0.37945
13.2,-20.6,400000,44725,0.111812,152448,0.38112
13.2,-20.4,400000,44921,0.112302,152445,0.381113
13.2,-20.2,400000,44591,0.111477,152389,0.380972
13.2,-20,400000,45233,0.113083,152060,0.38015
13.2,-19.8,400000,44635,0.111588,152065,0.380163
13.2,-19.6,400000,44456,0.11114,152108,0.38027
13.2,-19.4,400000,44516,0.11129,152278,0.380695
13.2,-19.2,400000,44835,0.112088,151612,0.37903
13.2,-19,400000,45067,0.112668,152067,0.380167
13.2,-18.8,400000,44052,0.11013,151236,0.37809
13.2,-18.6,400000,44360,0.1109,151855,0.379638
13.2,-18.4,400000,44697,0.111742,152578,0.381445
13.2,-18.2,400000,44767,0.111918,151920,0.3798
13.2,-18,400000,44279,0.110698,151471,0.378678
13.2,-17.8,400000,44715,0.111787,151861,0.379653
13.2,-17.6,400000,44995,0.112488,152320,0.3808
13.2,-17.4,400000,45039,0.112598,151799,0.379497
13.2,-17.2,400000,44335,0.110838,152372,0.38093
13.2,-17,400000,44796,0.11199,151670,0.379175
13.2,-16.8,400000,44379,0.110948,151608,0.37902
13.2,-16.6,400000,44773,0.111933,152252,0.38063
13.2,-16.4,400000,44938,0.112345,152029,0.380072
13.2,-16.2,400000,44993,0.112482,151656,0.37914
13.2,-16,400000,44839,0.112098,152477,0.381192
13.2,-15.8,400000,45183,0.112958,152291,0.380727
13.2,-15.6,400000,45101,0.112753,152022,0.380055
13.2,-15.4,400000,45221,0.113053,152340,0.38085
13.2,-15.2,400000,44956,0.11239,152384,0.38096
13.2,-15,400000,44372,0.11093,151824,0.37956
13.2,-14.8,400000,44757,0.111893,151884,0.37971
13.2,-14.6,400000,44812,0.11203,151606,0.379015
13.2,-14.4,400000,44445,0.111113,152288,0.38072
13.2,-14.2,400000,44703,0.111757,152394,0.380985
13.2,-14,400000,44559,0.111397,151396,0.37849
13.2,-13.8,400000,44746,0.111865,152102,0.380255
13.2,-13.6,400000,44449,0.111122,151904,0.37976
13.2,-13.4,400000,44559,0.111397,152144,0.38036
13.2,-13.2,400000,44684,0.11171,152125,0.380312
13.2,-13,400000,44763,0.111907,152156,0.38039
13.2,-12.8,400000,44939,0.112348,152474,0.381185
13.2,-12.6,400000,44969,0.112422,152880,0.3822
13.2,-12.4,400000,45580,0.11395,152322,0.380805
13.2,-12.2,400000,45073,0.112683,152226,0.380565
13.2,-12,400000,44560,0.1114,152370,0.380925
13.2,-11.8,400000,44630,0.111575,152062,0.380155
13.2,-11.6,400000,44903,0.112257,152370,0.380925
13.2,-11.4,400000,44620,0.11155,152188,0.38047
13.2,-11.2,400000,45858,0.114645,152872,0.38218
13.2,-11,400000,44418,0.111045,152289,0.380723
13.2,-10.8,400000,45042,0.112605,152200,0.3805
13.2,-10.6,400000,44908,0.11227,152058,0.380145
13.2,-10.4,400000,44183,0.110458,151791,0.379478
13.2,-10.2,400000,44735,0.111838,152013,0.380032
13.2,-10,400000,44981,0.112452,152336,0.38084
13.2,-9.8,400000,44479,0.111198,151698,0.379245
13.2,-9.6,400000,45020,0.11255,152210,0.380525
13.2,-9.4,400000,44969,0.112422,152549,0.381373
13.2,-9.2,400000,44829,0.112073,152490,0.381225
13.2,-9,400000,44261,0.110653,152403,0.381007
13.2,-8.8,400000,45036,0.11259,152880,0.3822
13.2,-8.6,400000,44607,0.111518,151846,0.379615
13.2,-8.4,400000,45000,0.1125,151903,0.379758
13.2,-8.2,400000,44649,0.111622,152201,0.380503
13.2,-8,400000,44915,0.112287,152444,0.38111
13.2,-7.8,400000,44902,0.112255,152047,0.380117
13.2,-7.6,400000,44974,0.112435,151868,0.37967
13.2,-7.4,400000,44978,0.112445,152828,0.38207
13.2,-7.2,400000,44687,0.111717,152620,0.38155
13.2,-7,400000,45341,0.113352,152355,0.380887
13.2,-6.8,400000,44608,0.11152,151759,0.379397
13.2,-6.6,400000,44798,0.111995,151534,0.378835
13.2,-6.4,400000,45130,0.112825,152445,0.381113
13.2,-6.2,400000,44838,0.112095,151972,0.37993
13.2,-6,400000,44759,0.111897,151574,0.378935
13.2,-5.8,400000,44971,0.112427,151779,0.379447
13.2,-5.6,400000,45337,0.113342,152385,0.380962
13.2,-5.4,400000,44473,0.111183,151867,0.379667
13.2,-5.2,400000,44891,0.112227,152072,0.38018
13.2,-5,400000,45015,0.112537,152676,0.38169
13.2,-4.8,400000,45089,0.112723,151716,0.37929
13.2,-4.6,400000,44669,0.111672,152752,0.38188
13.2,-4.4,400000,44529,0.111323,152320,0.3808
13.2,-4.2,400000,44892,0.11223,152099,0.380248
13.2,-4,400000,45125,0.112812,152334,0.380835
13.2,-3.8,400000,44511,0.111278,151945,0.379862
13.2,-3.6,400000,44279,0.110698,151768,0.37942
13.2,-3.4,400000,44817,0.112043,152488,0.38122
13.2,-3.2,400000,44681,0.111702,152611,0.381528
13.2,-3,400000,45232,0.11308,152662,0.381655
13.2,-2.8,400000,44804,0.11201,151814,0.379535
13.2,-2.6,400000,45040,0.1126,151904,0.37976
13.2,-2.4,400000,45106,0.112765,151933,0.379833
13.2,-2.2,400000,44861,0.112153,151473,0.378682
13.2,-2,400000,45012,0.11253,152255,0.380638
13.2,-1.8,400000,44152,0.11038,152077,0.380192
13.2,-1.6,400000,44621,0.111552,152279,0.380698
13.2,-1.4,400000,45250,0.113125,152245,0.380613
13.2,-1.2,400000,44753,0.111882,152341,0.380852
13.2,-1,400000,44699,0.111747,151721,0.379302
13.2,-0.8,400000,45038,0.112595,152568,0.38142
13.2,-0.6,400000,44864,0.11216,152457,0.381142
13.2,-0.4,400000,44924,0.11231,151843,0.379607
13.2,-0.2,400000,44630,0.111575,151484,0.37871
13.2,0,400000,44998,0.112495,151993,0.379983
13.2,0.2,400000,44948,0.11237,152694,0.381735
13.2,0.4,400000,44855,0.112138,152157,0.380393
13.2,0.6,400000,44062,0.110155,151579,0.378947
13.2,0.8,400000,44700,0.11175,151915,0.379788
13.2,1,400000,44512,0.11128,151883,0.379707
13.2,1.2,400000,44604,0.11151,151903,0.379758
13.2,1.4,400000,44632,0.11158,151758,0.379395
13.2,1.6,400000,44922,0.112305,151663,0.379157
13.2,1.8,400000,44996,0.11249,151886,0.379715
13.2,2,400000,44729,0.111823,152395,0.380987
13.2,2.2,400000,44904,0.11226,152165,0.380412
13.2,2.4,400000,44605,0.111513,152067,0.380167
13.2,2.6,400000,45011,0.112528,151949,0.379873
13.2,2.8,400000,44832,0.11208,151708,0.37927
13.2,3,400000,44670,0.111675,152017,0.380043
13.2,3.2,400000,45010,0.112525,151881,0.379702
13.2,3.4,400000,44475,0.111187,151807,0.379518
13.2,3.6,400000,44622,0.111555,152424,0.38106
13.2,3.8,400000,45154,0.112885,152974,0.382435
13.2,4,400000,44834,0.112085,152441,0.381103
13.2,4.2,400000,44784,0.11196,153062,0.382655
13.2,4.4,400000,45199,0.112998,152935,0.382337
13.2,4.6,400000,45104,0.11276,152318,0.380795
13.2,4.8,400000,44867,0.112168,152051,0.380128
13.2,5,400000,45183,0.112958,152571,0.381427
13.2,5.2,400000,45362,0.113405,152038,0.380095
13.2,5.4,400000,44449,0.111122,151804,0.37951
13.2,5.6,400000,45151,0.112878,151508,0.37877
13.2,5.8,400000,44904,0.11226,151847,0.379617
13.2,6,400000,45130,0.112825,152883,0.382207
13.2,6.2,400000,44997,0.112492,152303,0.380758
13.2,6.4,400000,44878,0.112195,152048,0.38012
13.2,6.6,400000,45071,0.112677,152359,0.380897
13.2,6.8,400000,44981,0.112452,152625,0.381563
13.2,7,400000,45008,0.11252,152380,0.38095
13.2,7.2,400000,45121,0.112802,152386,0.380965
13.2,7.4,400000,44952,0.11238,152323,0.380808
13.2,7.6,400000,44709,0.111772,151664,0.37916
13.2,7.8,400000,44821,0.112052,151326,0.378315
13.2,8,400000,44904,0.11226,151688,0.37922
13.2,8.2,400000,44779,0.111948,152057,0.380142
13.2,8.4,400000,44877,0.112193,152318,0.380795
13.2,8.6,400000,44926,0.112315,151881,0.379702
13.2,8.8,400000,44875,0.112187,152011,0.380028
13.2,9,400000,44773,0.111933,152035,0.380088
13.2,9.2,400000,44592,0.11148,152217,0.380543
13.2,9.4,400000,44636,0.11159,152087,0.380217
13.2,9.6,400000,45028,0.11257,151996,0.37999
13.2,9.8,400000,45448,0.11362,152183,0.380458
13.2,10,400000,44638,0.111595,151996,0.37999
13.2,10.2,400000,44828,0.11207,151957,0.379893
13.2,10.4,400000,44966,0.112415,152271,0.380678
13.2,10.6,400000,44977,0.112443,152439,0.381097
13.2,10.8,400000,44637,0.111592,151897,0.379742
13.2,11,400000,44758,0.111895,152331,0.380827
13.2,11.2,400000,44849,0.112122,152305,0.380763
13.2,11.4,400000,44543,0.111357,152223,0.380557
13.2,11.6,400000,45049,0.112623,152128,0.38032
13.2,11.8,400000,44772,0.11193,152368,0.38092
13.2,12,400000,44829,0.112073,152352,0.38088
13.2,12.2,400000,44169,0.110423,152286,0.380715
13.2,12.4,400000,44058,0.110145,151646,0.379115
13.2,12.6,400000,44388,0.11097,151685,0.379213
13.2,12.8,400000,45213,0.113032,152443,0.381107
13.2,13,400000,44694,0.111735,152318,0.380795
13.2,13.2,400000,44930,0.112325,152312,0.38078
13.2,13.4,400000,44568,0.11142,152367,0.380918
13.2,13.6,400000,45315,0.113287,152447,0.381117
13.2,13.8,400000,44956,0.11239,151941,0.379852
13.2,14,400000,44421,0.111052,151601,0.379003
13.2,14.2,400000,45149,0.112873,152793,0.381983
13.2,14.4,400000,44482,0.111205,152271,0.380678
13.2,14.6,400000,45078,0.112695,152320,0.3808
13.2,14.8,400000,44530,0.111325,152125,0.380312
13.2,15,400000,44680,0.1117,151987,0.379968
13.2,15.2,400000,45091,0.112727,152985,0.382462
13.2,15.4,400000,44381,0.110952,151702,0.379255
13.2,15.6,400000,44838,0.112095,152527,0.381317
13.2,15.8,400000,44910,0.112275,151737,0.379343
13.2,16,400000,44956,0.11239,151767,0.379418
13.2,16.2,400000,45404,0.11351,152767,0.381918
13.2,16.4,400000,44970,0.112425,151560,0.3789
13.2,16.6,400000,44838,0.112095,151965,0.379912
13.2,16.8,400000,44717,0.111793,151546,0.378865
13.2,17,400000,44513,0.111283,152358,0.380895
13.2,17.2,400000,45234,0.113085,152338,0.380845
13.2,17.4,400000,44422,0.111055,151886,0.379715
13.2,17.6,400000,44916,0.11229,152506,0.381265
13.2,17.8,400000,44436,0.11109,151514,0.378785
13.2,18,400000,44487,0.111217,151466,0.378665
13.2,18.2,400000,44844,0.11211,152068,0.38017
13.2,18.4,400000,44797,0.111992,152027,0.380068
13.2,18.6,400000,45059,0.112647,152416,0.38104
13.2,18.8,400000,44858,0.112145,152236,0.38059
13.2,19,400000,44932,0.11233,152305,0.380763
13.2,19.2,400000,44965,0.112412,152173,0.380433
13.2,19.4,400000,45014,0.112535,152900,0.38225
13.2,19.6,400000,45091,0.112727,152098,0.380245
13.2,19.8,400000,45382,0.113455,152541,0.381352
13.2,20,400000,44882,0.112205,151205,0.378012
13.2,20.2,400000,44817,0.112043,152188,0.38047
13.2,20.4,400000,44361,0.110903,151666,0.379165
13.2,20.6,400000,44666,0.111665,152127,0.380317
13.2,20.8,400000,44929,0.112323,152458,0.381145
13.2,21,400000,44852,0.11213,151955,0.379887
13.2,21.2,400000,45152,0.11288,151988,0.37997
13.2,21.4,400000,44749,0.111872,152631,0.381578
13.2,21.6,400000,45036,0.11259,152267,0.380667
13.2,21.8,400000,44353,0.110882,152181,0.380453
13.2,22,400000,44408,0.11102,152081,0.380202
13.2,22.2,400000,45013,0.112532,152639,0.381597
13.2,22.4,400000,45427,0.113568,152132,0.38033
13.2,22.6,400000,44783,0.111958,152080,0.3802
13.2,22.8,400000,45171,0.112928,152517,0.381292
13.2,23,400000,45028,0.11257,152471,0.381178
13.2,23.2,400000,45210,0.113025,152458,0.381145
13.2,23.4,400000,45331,0.113327,151905,0.379763
13.2,23.6,400000,45083,0.112708,151709,0.379273
13.2,23.8,400000,44813,0.112032,152557,0.381393
13.2,24,400000,44748,0.11187,151991,0.379978
13.2,24.2,400000,44532,0.11133,151962,0.379905
13.2,24.4,400000,44811,0.112028,152511,0.381277
13.2,24.6,400000,44719,0.111797,151930,0.379825
13.2,24.8,400000,44932,0.11233,152353,0.380883
13.2,25,400000,44799,0.111997,152265,0.380663
13.2,25.2,400000,44844,0.11211,151755,0.379387
13.2,25.4,400000,44775,0.111937,152746,0.381865
13.2,25.6,400000,45038,0.112595,151930,0.379825
13.2,25.8,400000,44505,0.111263,151488,0.37872
13.2,26,400000,44746,0.111865,152288,0.38072
13.2,26.2,400000,44598,0.111495,152637,0.381593
13.2,26.4,400000,45090,0.112725,152628,0.38157
13.2,26.6,400000,44681,0.111702,152386,0.380965
13.2,26.8,400000,44417,0.111043,152229,0.380572
13.2,27,400000,44595,0.111488,152698,0.381745
13.2,27.2,400000,45220,0.11305,152291,0.380727
13.2,27.4,400000,44799,0.111997,151935,0.379837
13.2,27.6,400000,44647,0.111617,151863,0.379657
13.2,27.8,400000,44749,0.111872,151665,0.379163
13.2,28,400000,44553,0.111382,151725,0.379312
13.2,28.2,400000,44551,0.111378,152100,0.38025
13.2,28.4,400000,44592,0.11148,152089,0.380223
13.2,28.6,400000,45241,0.113102,151894,0.379735
13.2,28.8,400000,45083,0.112708,152270,0.380675
13.2,29,400000,45115,0.112787,151946,0.379865
13.2,29.2,400000,45094,0.112735,151946,0.379865
13.2,29.4,400000,44793,0.111982,152576,0.38144
13.2,29.6,400000,45755,0.114388,153005,0.382512
13.2,29.8,400000,44981,0.112452,152419,0.381047
13.2,30,400000,44861,0.112153,152296,0.38074
13.2,30.2,400000,45087,0.112717,151801,0.379503
13.2,30.4,400000,44541,0.111352,152020,0.38005
13.2,30.6,400000,44729,0.111823,152238,0.380595
13.2,30.8,400000,45218,0.113045,152382,0.380955
13.2,31,400000,45082,0.112705,152241,0.380603
13.2,31.2,400000,45131,0.112827,152098,0.380245
13.2,31.4,400000,44649,0.111622,152351,0.380877
13.2,31.6,400000,44387,0.110967,151863,0.379657
13.2,31.8,400000,44770,0.111925,151798,0.379495
13.2,32,400000,44875,0.112187,152366,0.380915
13.2,32.2,400000,45441,0.113602,152008,0.38002
13.2,32.4,400000,45039,0.112598,152638,0.381595
13.2,32.6,400000,44122,0.110305,151131,0.377827
13.2,32.8,400000,44655,0.111638,151801,0.379503
13.2,33,400000,44687,0.111717,152629,0.381572
13.2,33.2,400000,44904,0.11226,152738,0.381845
13.2,33.4,400000,44368,0.11092,151778,0.379445
13.2,33.6,400000,44920,0.1123,152066,0.380165
13.2,33.8,400000,44678,0.111695,152176,0.38044
13.2,34,400000,44418,0.111045,151718,0.379295
13.2,34.2,400000,45123,0.112808,152120,0.3803
13.2,34.4,400000,44856,0.11214,152372,0.38093
13.2,34.6,400000,44592,0.11148,151927,0.379817
13.2,34.8,400000,44792,0.11198,152547,0.381368
13.2,35,400000,44984,0.11246,151705,0.379263
13.2,35.2,400000,45289,0.113223,152406,0.381015
13.2,35.4,400000,45187,0.112967,152322,0.380805
13.2,35.6,400000,44847,0.112117,152427,0.381068
13.2,35.8,400000,45108,0.11277,152299,0.380748
13.2,36,400000,44646,0.111615,152268,0.38067
13.2,36.2,400000,44764,0.11191,151988,0.37997
13.2,36.4,400000,45223,0.113058,151837,0.379592
13.2,36.6,400000,44808,0.11202,151880,0.3797
13.2,36.8,400000,44928,0.11232,152159,0.380397
13.2,37,400000,44136,0.11034,151949,0.379873
13.2,37.2,400000,44829,0.112073,152346,0.380865
13.2,37.4,400000,44679,0.111698,152077,0.380192
13.2,37.6,400000,44610,0.111525,151983,0.379958
13.2,37.8,400000,44366,0.110915,151802,0.379505
13.2,38,400000,45583,0.113958,152522,0.381305
13.2,38.2,400000,44683,0.111708,151885,0.379713
13.2,38.4,400000,44773,0.111933,151685,0.379213
13.2,38.6,400000,44730,0.111825,151881,0.379702
13.2,38.8,400000,44485,0.111213,152230,0.380575
13.2,39,400000,44159,0.110397,151255,0.378138
13.2,39.2,400000,44730,0.111825,151991,0.379978
13.2,39.4,400000,44940,0.11235,151866,0.379665
13.2,39.6,400000,43935,0.109838,151555,0.378887
13.2,39.8,400000,45257,0.113142,152521,0.381302
13.2,40,400000,44950,0.112375,151993,0.379983
13.2,40.2,400000,45561,0.113903,153183,0.382958
13.2,40.4,400000,44712,0.11178,151731,0.379327
13.2,40.6,400000,45262,0.113155,152221,0.380553
13.2,40.8,400000,45126,0.112815,151919,0.379798
13.2,41,400000,44731,0.111827,151972,0.37993
13.2,41.2,400000,44996,0.11249,151287,0.378217
13.2,41.4,400000,45044,0.11261,152377,0.380943
13.2,41.6,400000,44724,0.11181,151834,0.379585
13.2,41.8,400000,45040,0.1126,152166,0.380415
13.2,42,400000,44819,0.112047,152100,0.38025
13.2,42.2,400000,44794,0.111985,152193,0.380483
13.2,42.4,400000,44862,0.112155,152510,0.381275
13.2,42.6,400000,44617,0.111543,152689,0.381723
13.2,42.8,400000,45136,0.11284,152155,0.380387
13.2,43,400000,45441,0.113602,152934,0.382335
13.2,43.2,400000,44414,0.111035,151493,0.378733
13.2,43.4,400000,45123,0.112808,152513,0.381283
13.2,43.6,400000,44729,0.111823,151853,0.379632
13.2,43.8,400000,44896,0.11224,151812,0.37953
13.2,44,400000,45048,0.11262,152441,0.381103
13.2,44.2,400000,45083,0.112708,152204,0.38051
13.2,44.4,400000,44557,0.111393,151644,0.37911
13.2,44.6,400000,44452,0.11113,151951,0.379877
13.2,44.8,400000,44308,0.11077,151842,0.379605
13.2,45,400000,44901,0.112253,151938,0.379845
13.2,45.2,400000,45227,0.113068,152079,0.380198
13.2,45.4,400000,44570,0.111425,151858,0.379645
13.2,45.6,400000,44322,0.110805,151240,0.3781
13.2,45.8,400000,45046,0.112615,152647,0.381617
13.2,46,400000,45337,0.113342,152421,0.381053
13.2,46.2,400000,45268,0.11317,152431,0.381078
13.2,46.4,400000,44808,0.11202,151714,0.379285
13.2,46.6,400000,44489,0.111223,152339,0.380848
13.2,46.8,400000,44671,0.111677,152427,0.381068
13.2,47,400000,44770,0.111925,151948,0.37987
13.2,47.2,400000,44997,0.112492,152047,0.380117
13.2,47.4,400000,45138,0.112845,151886,0.379715
13.2,47.6,400000,45435,0.113587,152408,0.38102
13.2,47.8,400000,44742,0.111855,152700,0.38175
13.2,48,400000,44907,0.112268,152437,0.381093
13.2,48.2,400000,45051,0.112628,152029,0.380072
13.2,48.4,400000,44760,0.1119,152321,0.380802
13.2,48.6,400000,44305,0.110762,152277,0.380692
13.2,48.8,400000,44521,0.111302,151426,0.378565
13.2,49,400000,45108,0.11277,152191,0.380478
13.2,49.2,400000,44608,0.11152,152145,0.380362
13.2,49.4,400000,44741,0.111852,152470,0.381175
13.2,49.6,400000,44608,0.11152,152562,0.381405
13.2,49.8,400000,45059,0.112647,151891,0.379727
13.2,50,400000,44991,0.112477,151851,0.379628
13.4,-50,400000,44946,0.112365,152016,0.38004
13.4,-49.8,400000,45506,0.113765,152552,0.38138
13.4,-49.6,400000,44749,0.111872,151610,0.379025
13.4,-49.4,400000,44809,0.112022,151860,0.37965
13.4,-49.2,400000,44940,0.11235,151670,0.379175
13.4,-49,400000,45210,0.113025,152586,0.381465
13.4,-48.8,400000,44827,0.112068,151788,0.37947
13.4,-48.6,400000,44501,0.111253,151627,0.379068
13.4,-48.4,400000,44758,0.111895,151951,0.379877
13.4,-48.2,400000,44694,0.111735,151754,0.379385
13.4,-48,400000,44700,0.11175,152024,0.38006
13.4,-47.8,400000,44271,0.110677,152010,0.380025
13.4,-47.6,400000,44876,0.11219,152427,0.381068
13.4,-47.4,400000,44414,0.111035,151543,0.378858
13.4,-47.2,400000,45019,0.112547,151730,0.379325
13.4,-47,400000,44749,0.111872,152141,0.380352
13.4,-46.8,400000,44613,0.111533,151777,0.379443
13.4,-46.6,400000,44972,0.11243,152032,0.38008
13.4,-46.4,400000,44994,0.112485,152551,0.381377
13.4,-46.2,400000,44171,0.110427,151538,0.378845
13.4,-46,400000,44679,0.111698,151718,0.379295
13.4,-45.8,400000,44549,0.111372,151407,0.378518
13.4,-45.6,400000,44980,0.11245,151760,0.3794
13.4,-45.4,400000,44899,0.112248,151695,0.379238
13.4,-45.2,400000,44859,0.112147,152276,0.38069
13.4,-45,400000,45295,0.113238,152709,0.381773
13.4,-44.8,400000,44783,0.111958,151884,0.37971
13.4,-44.6,400000,45104,0.11276,152012,0.38003
13.4,-44.4,400000,44917,0.112293,152221,0.380553
13.4,-44.2,400000,44994,0.112485,152080,0.3802
13.4,-44,400000,45184,0.11296,152394,0.380985
13.4,-43.8,400000,45110,0.112775,152396,0.38099
13.4,-43.6,400000,44978,0.112445,151841,0.379603
13.4,-43.4,400000,45033,0.112583,152442,0.381105
13.4,-43.2,400000,44980,0.11245,152140,0.38035
13.4,-43,400000,45010,0.112525,151938,0.379845
13.4,-42.8,400000,44618,0.111545,152158,0.380395
13.4,-42.6,400000,44629,0.111573,152150,0.380375
13.4,-42.4,400000,44746,0.111865,152138,0.380345
13.4,-42.2,400000,44813,0.112032,152410,0.381025
13.4,-42,400000,44722,0.111805,151810,0.379525
13.4,-41.8,400000,44512,0.11128,151921,0.379802
13.4,-41.6,400000,45013,0.112532,152226,0.380565
13.4,-41.4,400000,44803,0.112007,152387,0.380968
13.4,-41.2,400000,44664,0.11166,152050,0.380125
13.4,-41,400000,44667,0.111668,152479,0.381198
13.4,-40.8,400000,45508,0.11377,151771,0.379427
13.4,-40.6,400000,44868,0.11217,152572,0.38143
13.4,-40.4,400000,44732,0.11183,152225,0.380563
13.4,-40.2,400000,45151,0.112878,152619,0.381547
13.4,-40,400000,44872,0.11218,152302,0.380755
13.4,-39.8,400000,44566,0.111415,151879,0.379698
13.4,-39.6,400000,45129,0.112823,152420,0.38105
13.4,-39.4,400000,45157,0.112893,152304,0.38076
13.4,-39.2,400000,44901,0.112253,152179,0.380447
13.4,-39,400000,44753,0.111882,152703,0.381758
13.4,-38.8,400000,44920,0.1123,151734,0.379335
13.4,-38.6,400000,44661,0.111653,152062,0.380155
13.4,-38.4,400000,45184,0.11296,151991,0.379978
13.4,-38.2,400000,44705,0.111763,152031,0.380078
13.4,-38,400000,44866,0.112165,151853,0.379632
13.4,-37.8,400000,45032,0.11258,152297,0.380742
13.4,-37.6,400000,44396,0.11099,151983,0.379958
13.4,-37.4,400000,45329,0.113323,152675,0.381688
13.4,-37.2,400000,45001,0.112503,152669,0.381673
13.4,-37,400000,44777,0.111943,152139,0.380348
13.4,-36.8,400000,44936,0.11234,152498,0.381245
13.4,-36.6,400000,44940,0.11235,152148,0.38037
13.4,-36.4,400000,44784,0.11196,152125,0.380312
13.4,-36.2,400000,45111,0.112778,152491,0.381227
13.4,-36,400000,44849,0.112122,151656,0.37914
13.4,-35.8,400000,44796,0.11199,152139,0.380348
13.4,-35.6,400000,44894,0.112235,152735,0.381837
13.4,-35.4,400000,45034,0.112585,152141,0.380352
13.4,-35.2,400000,44670,0.111675,151631,0.379078
13.4,-35,400000,44767,0.111918,152115,0.380288
13.4,-34.8,400000,44763,0.111907,152236,0.38059
13.4,-34.6,400000,45257,0.113142,151698,0.379245
13.4,-34.4,400000,45015,0.112537,152462,0.381155
13.4,-34.2,400000,44994,0.112485,152534,0.381335
13.4,-34,400000,44999,0.112498,152571,0.381427
13.4,-33.8,400000,45000,0.1125,152647,0.381617
13.4,-33.6,400000,44908,0.11227,152128,0.38032
13.4,-33.4,400000,44256,0.11064,151913,0.379783
13.4,-33.2,400000,44676,0.11169,152398,0.380995
13.4,-33,400000,45139,0.112848,152142,0.380355
13.4,-32.8,400000,44709,0.111772,151983,0.379958
13.4,-32.6,400000,44894,0.112235,151959,0.379897
13.4,-32.4,400000,44670,0.111675,151623,0.379057
13.4,-32.2,400000,45476,0.11369,153271,0.383178
13.4,-32,400000,44932,0.11233,151799,0.379497
13.4,-31.8,400000,44462,0.111155,151686,0.379215
13.4,-31.6,400000,45344,0.11336,152455,0.381138
13.4,-31.4,400000,44843,0.112107,151992,0.37998
13.4,-31.2,400000,44905,0.112263,152105,0.380263
13.4,-31,400000,44327,0.110817,151980,0.37995
13.4,-30.8,400000,44915,0.112287,152818,0.382045
13.4,-30.6,400000,44460,0.11115,151646,0.379115
13.4,-30.4,400000,44855,0.112138,152225,0.380563
13.4,-30.2,400000,44751,0.111878,151995,0.379987
13.4,-30,400000,44960,0.1124,151962,0.379905
13.4,-29.8,400000,44632,0.11158,151853,0.379632
13.4,-29.6,400000,44657,0.111643,151863,0.379657
13.4,-29.4,400000,44427,0.111067,151807,0.379518
13.4,-29.2,400000,44930,0.112325,152717,0.381792
13.4,-29,400000,45253,0.113132,152384,0.38096
13.4,-28.8,400000,44373,0.110933,151989,0.379972
13.4,-28.6,400000,45315,0.113287,152888,0.38222
13.4,-28.4,400000,44706,0.111765,152330,0.380825
13.4,-28.2,400000,44827,0.112068,151902,0.379755
13.4,-28,400000,44944,0.11236,152325,0.380812
13.4,-27.8,400000,44673,0.111683,151614,0.379035
13.4,-27.6,400000,44624,0.11156,152422,0.381055
13.4,-27.4,400000,45158,0.112895,152510,0.381275
13.4,-27.2,400000,44816,0.11204,152144,0.38036
13.4,-27,400000,44217,0.110543,152156,0.38039
13.4,-26.8,400000,45064,0.11266,152135,0.380337
13.4,-26.6,400000,44772,0.11193,151916,0.37979
13.4,-26.4,400000,44606,0.111515,151845,0.379613
13.4,-26.2,400000,44297,0.110742,151631,0.379078
13.4,-26,400000,45050,0.112625,152624,0.38156
13.4,-25.8,400000,44409,0.111022,152299,0.380748
13.4,-25.6,400000,44603,0.111507,151879,0.379698
13.4,-25.4,400000,44359,0.110897,151506,0.378765
13.4,-25.2,400000,44892,0.11223,151818,0.379545
13.4,-25,400000,44726,0.111815,152103,0.380258
13.4,-24.8,400000,44901,0.112253,152734,0.381835
13.4,-24.6,400000,45139,0.112848,152356,0.38089
13.4,-24.4,400000,44317,0.110793,152017,0.380043
13.4,-24.2,400000,44686,0.111715,151931,0.379827
13.4,-24,400000,45060,0.11265,152140,0.38035
13.4,-23.8,400000,44970,0.112425,151951,0.379877
13.4,-23.6,400000,44943,0.112357,152381,0.380953
13.4,-23.4,400000,44602,0.111505,152224,0.38056
13.4,-23.2,400000,44966,0.112415,152386,0.380965
13.4,-23,400000,45043,0.112607,151880,0.3797
13.4,-22.8,400000,44229,0.110573,151502,0.378755
13.4,-22.6,400000,45000,0.1125,152589,0.381472
13.4,-22.4,400000,44613,0.111533,151811,0.379528
13.4,-22.2,400000,45091,0.112727,152186,0.380465
13.4,-22,400000,44881,0.112202,152242,0.380605
13.4,-21.8,400000,44338,0.110845,152126,0.380315
13.4,-21.6,400000,45225,0.113062,152024,0.38006
13.4,-21.4,400000,44834,0.112085,152206,0.380515
13.4,-21.2,400000,44803,0.112007,152423,0.381057
13.4,-21,400000,44372,0.11093,152263,0.380657
13.4,-20.8,400000,44551,0.111378,152032,0.38008
13.4,-20.6,400000,44898,0.112245,151961,0.379902
13.4,-20.4,400000,44678,0.111695,152314,0.380785
13.4,-20.2,400000,44697,0.111742,152030,0.380075
13.4,-20,400000,44323,0.110808,152565,0.381412
13.4,-19.8,400000,45127,0.112818,151977,0.379943
13.4,-19.6,400000,44657,0.111643,151992,0.37998
13.4,-19.4,400000,44802,0.112005,152253,0.380632
13.4,-19.2,400000,44889,0.112223,152130,0.380325
13.4,-19,400000,44449,0.111122,152550,0.381375
13.4,-18.8,400000,44652,0.11163,151516,0.37879
13.4,-18.6,400000,45192,0.11298,152271,0.380678
13.4,-18.4,400000,44489,0.111223,152126,0.380315
13.4,-18.2,400000,44750,0.111875,152150,0.380375
13.4,-18,400000,45100,0.11275,152688,0.38172
13.4,-17.8,400000,44569,0.111422,152510,0.381275
13.4,-17.6,400000,44632,0.11158,151661,0.379153
13.4,-17.4,400000,44807,0.112018,151838,0.379595
13.4,-17.2,400000,44594,0.111485,151760,0.3794
13.4,-17,400000,44910,0.112275,151991,0.379978
13.4,-16.8,400000,45253,0.113132,151995,0.379987
13.4,-16.6,400000,44242,0.110605,151723,0.379308
13.4,-16.4,400000,44446,0.111115,151889,0.379723
13.4,-16.2,400000,44443,0.111107,151653,0.379132
13.4,-16,400000,44839,0.112098,152122,0.380305
13.4,-15.8,400000,44573,0.111433,152087,0.380217
13.4,-15.6,400000,44884,0.11221,152018,0.380045
13.4,-15.4,400000,45029,0.112573,152390,0.380975
13.4,-15.2,400000,45183,0.112958,152574,0.381435
13.4,-15,400000,44665,0.111662,152072,0.38018
13.4,-14.8,400000,45085,0.112712,152637,0.381593
13.4,-14.6,400000,44388,0.11097,152339,0.380848
13.4,-14.4,400000,44477,0.111192,152334,0.380835
13.4,-14.2,400000,44894,0.112235,151345,0.378362
13.4,-14,400000,44850,0.112125,152534,0.381335
13.4,-13.8,400000,44776,0.11194,152243,0.380607
13.4,-13.6,400000,44991,0.112477,152588,0.38147
13.4,-13.4,400000,44806,0.112015,151955,0.379887
13.4,-13.2,400000,45222,0.113055,152068,0.38017
13.4,-13,400000,45109,0.112772,152276,0.38069
13.4,-12.8,400000,44747,0.111867,152226,0.380565
13.4,-12.6,400000,45331,0.113327,152116,0.38029
13.4,-12.4,400000,44392,0.11098,151759,0.379397
13.4,-12.2,400000,45129,0.112823,152162,0.380405
13.4,-12,400000,44569,0.111422,152190,0.380475
13.4,-11.8,400000,44772,0.11193,151927,0.379817
13.4,-11.6,400000,44742,0.111855,151655,0.379138
13.4,-11.4,400000,44480,0.1112,150991,0.377478
13.4,-11.2,400000,44770,0.111925,152101,0.380252
13.4,-11,400000,44411,0.111028,151475,0.378688
13.4,-10.8,400000,44606,0.111515,152095,0.380238
13.4,-10.6,400000,44968,0.11242,151901,0.379752
13.4,-10.4,400000,45255,0.113138,152658,0.381645
13.4,-10.2,400000,44525,0.111312,151811,0.379528
13.4,-10,400000,45050,0.112625,152684,0.38171
13.4,-9.8,400000,44553,0.111382,151906,0.379765
13.4,-9.6,400000,44599,0.111497,151435,0.378588
13.4,-9.4,400000,44753,0.111882,152770,0.381925
13.4,-9.2,400000,45179,0.112948,152780,0.38195
13.4,-9,400000,45355,0.113388,152389,0.380972
13.4,-8.8,400000,44408,0.11102,152160,0.3804
13.4,-8.6,400000,44559,0.111397,152205,0.380512
13.4,-8.4,400000,44731,0.111827,152299,0.380748
13.4,-8.2,400000,44346,0.110865,152123,0.380308
13.4,-8,400000,44675,0.111687,151442,0.378605
13.4,-7.8,400000,44903,0.112257,151803,0.379507
13.4,-7.6,400000,45265,0.113162,152016,0.38004
13.4,-7.4,400000,45056,0.11264,152334,0.380835
13.4,-7.2,400000,44466,0.111165,152089,0.380223
13.4,-7,400000,44536,0.11134,151975,0.379937
13.4,-6.8,400000,45417,0.113543,151944,0.37986
13.4,-6.6,400000,44726,0.111815,151249,0.378122
13.4,-6.4,400000,44376,0.11094,151442,0.378605
13.4,-6.2,400000,45141,0.112852,152636,0.38159
13.4,-6,400000,44911,0.112278,151990,0.379975
13.4,-5.8,400000,44712,0.11178,152114,0.380285
13.4,-5.6,400000,44329,0.110823,152152,0.38038
13.4,-5.4,400000,45396,0.11349,152215,0.380537
13.4,-5.2,400000,44757,0.111893,151843,0.379607
13.4,-5,400000,44946,0.112365,151850,0.379625
13.4,-4.8,400000,44883,0.112208,151706,0.379265
13.4,-4.6,400000,44612,0.11153,151331,0.378327
13.4,-4.4,400000,44713,0.111783,152149,0.380373
13.4,-4.2,400000,44718,0.111795,152421,0.381053
13.4,-4,400000,45218,0.113045,152189,0.380472
13.4,-3.8,400000,44308,0.11077,152054,0.380135
13.4,-3.6,400000,44066,0.110165,151018,0.377545
13.4,-3.4,400000,45044,0.11261,152304,0.38076
13.4,-3.2,400000,44661,0.111653,151659,0.379148
13.4,-3,400000,44505,0.111263,152321,0.380802
13.4,-2.8,400000,44666,0.111665,151572,0.37893
13.4,-2.6,400000,44626,0.111565,152175,0.380437
13.4,-2.4,400000,44427,0.111067,152396,0.38099
13.4,-2.2,400000,45097,0.112742,152681,0.381703
13.4,-2,400000,44592,0.11148,151306,0.378265
13.4,-1.8,400000,44586,0.111465,151968,0.37992
13.4,-1.6,400000,44579,0.111448,151645,0.379113
13.4,-1.4,400000,45028,0.11257,151974,0.379935
13.4,-1.2,400000,44255,0.110637,151792,0.37948
13.4,-1,400000,44326,0.110815,152593,0.381483
13.4,-0.8,400000,44750,0.111875,152528,0.38132
13.4,-0.6,400000,44729,0.111823,151639,0.379097
13.4,-0.4,400000,44856,0.11214,152037,0.380092
13.4,-0.2,400000,45041,0.112602,152212,0.38053
13.4,0,400000,44679,0.111698,151982,0.379955
13.4,0.2,400000,45179,0.112948,151912,0.37978
13.4,0.4,400000,44775,0.111937,152308,0.38077
13.4,0.6,400000,44833,0.112083,152672,0.38168
13.4,0.8,400000,44854,0.112135,152145,0.380362
13.4,1,400000,45069,0.112672,152392,0.38098
13.4,1.2,400000,44597,0.111492,152163,0.380408
13.4,1.4,400000,44938,0.112345,152731,0.381827
13.4,1.6,400000,44578,0.111445,151800,0.3795
13.4,1.8,400000,44707,0.111768,152646,0.381615
13.4,2,400000,44875,0.112187,151886,0.379715
13.4,2.2,400000,44545,0.111363,152556,0.38139
13.4,2.4,400000,44994,0.112485,152067,0.380167
13.4,2.6,400000,44960,0.1124,151964,0.37991
13.4,2.8,400000,44855,0.112138,151913,0.379783
13.4,3,400000,44830,0.112075,152499,0.381248
13.4,3.2,400000,44596,0.11149,151948,0.37987
13.4,3.4,400000,44903,0.112257,151789,0.379472
13.4,3.6,400000,45080,0.1127,152055,0.380138
13.4,3.8,400000,45453,0.113632,152416,0.38104
13.4,4,400000,45020,0.11255,152272,0.38068
13.4,4.2,400000,44966,0.112415,152158,0.380395
13.4,4.4,400000,44606,0.111515,151949,0.379873
13.4,4.6,400000,44503,0.111257,152019,0.380047
13.4,4.8,400000,44806,0.112015,152232,0.38058
13.4,5,400000,44771,0.111927,152552,0.38138
13.4,5.2,400000,45022,0.112555,152061,0.380153
13.4,5.4,400000,44645,0.111613,151875,0.379688
13.4,5.6,400000,45320,0.1133,152708,0.38177
13.4,5.8,400000,45234,0.113085,152634,0.381585
13.4,6,400000,44862,0.112155,152405,0.381012
13.4,6.2,400000,44618,0.111545,151874,0.379685
13.4,6.4,400000,44657,0.111643,151879,0.379698
13.4,6.6,400000,44953,0.112382,152574,0.381435
13.4,6.8,400000,44805,0.112013,152395,0.380987
13.4,7,400000,45180,0.11295,152129,0.380323
13.4,7.2,400000,45253,0.113132,152200,0.3805
13.4,7.4,400000,44847,0.112117,152387,0.380968
13.4,7.6,400000,45000,0.1125,151751,0.379377
13.4,7.8,400000,44993,0.112482,153038,0.382595
13.4,8,400000,44877,0.112193,152196,0.38049
13.4,8.2,400000,44595,0.111488,151722,0.379305
13.4,8.4,400000,45176,0.11294,152253,0.380632
13.4,8.6,400000,44713,0.111783,152267,0.380667
13.4,8.8,400000,45023,0.112558,152542,0.381355
13.4,9,400000,44596,0.11149,151708,0.37927
13.4,9.2,400000,45070,0.112675,152019,0.380047
13.4,9.4,400000,44762,0.111905,152480,0.3812
13.4,9.6,400000,44623,0.111558,152337,0.380842
13.4,9.8,400000,44854,0.112135,152116,0.38029
13.4,10,400000,44871,0.112177,151705,0.379263
13.4,10.2,400000,44790,0.111975,152115,0.380288
13.4,10.4,400000,44908,0.11227,152503,0.381258
13.4,10.6,400000,44958,0.112395,151713,0.379283
13.4,10.8,400000,45208,0.11302,152017,0.380043
13.4,11,400000,45480,0.1137,152649,0.381622
13.4,11.2,400000,45075,0.112687,152111,0.380277
13.4,11.4,400000,44268,0.11067,151458,0.378645
13.4,11.6,400000,44287,0.110717,151999,0.379997
13.4,11.8,400000,44990,0.112475,152123,0.380308
13.4,12,400000,44520,0.1113,151501,0.378752
13.4,12.2,400000,44583,0.111458,152555,0.381387
13.4,12.4,400000,44460,0.11115,152208,0.38052
13.4,12.6,400000,45176,0.11294,152792,0.38198
13.4,12.8,400000,44424,0.11106,151262,0.378155
13.4,13,400000,45455,0.113638,153014,0.382535
13.4,13.2,400000,44725,0.111812,151638,0.379095
13.4,13.4,400000,45068,0.11267,152168,0.38042
13.4,13.6,400000,44843,0.112107,152302,0.380755
13.4,13.8,400000,44359,0.110897,152299,0.380748
13.4,14,400000,44454,0.111135,151648,0.37912
13.4,14.2,400000,44601,0.111503,152090,0.380225
13.4,14.4,400000,44937,0.112342,152226,0.380565
13.4,14.6,400000,44582,0.111455,151819,0.379547
13.4,14.8,400000,44749,0.111872,151948,0.37987
13.4,15,400000,44838,0.112095,151928,0.37982
13.4,15.2,400000,44660,0.11165,152303,0.380758
13.4,15.4,400000,44376,0.11094,151450,0.378625
13.4,15.6,400000,44850,0.112125,152211,0.380528
13.4,15.8,400000,44877,0.112193,152191,0.380478
13.4,16,400000,45035,0.112587,152272,0.38068
13.4,16.2,400000,44666,0.111665,152023,0.380057
13.4,16.4,400000,44423,0.111058,151325,0.378312
13.4,16.6,400000,44720,0.1118,152385,0.380962
13.4,16.8,400000,45112,0.11278,152278,0.380695
13.4,17,400000,44721,0.111802,152132,0.38033
13.4,17.2,400000,44986,0.112465,152119,0.380298
13.4,17.4,400000,44431,0.111077,151996,0.37999
13.4,17.6,400000,44946,0.112365,152328,0.38082
13.4,17.8,400000,45087,0.112717,152134,0.380335
13.4,18,400000,45434,0.113585,152924,0.38231
13.4,18.2,400000,45236,0.11309,151978,0.379945
13.4,18.4,400000,45123,0.112808,152117,0.380292
13.4,18.6,400000,44031,0.110077,151389,0.378472
13.4,18.8,400000,45221,0.113053,153062,0.382655
13.4,19,400000,44547,0.111367,152223,0.380557
13.4,19.2,400000,45201,0.113003,152421,0.381053
13.4,19.4,400000,44986,0.112465,152156,0.38039
13.4,19.6,400000,45072,0.11268,152138,0.380345
13.4,19.8,400000,44879,0.112198,152199,0.380497
13.4,20,400000,44704,0.11176,151878,0.379695
13.4,20.2,400000,44887,0.112217,151976,0.37994
13.4,20.4,400000,44674,0.111685,152804,0.38201
13.4,20.6,400000,44950,0.112375,151771,0.379427
13.4,20.8,400000,44903,0.112257,152032,0.38008
13.4,21,400000,44297,0.110742,151539,0.378848
13.4,21.2,400000,44925,0.112312,152281,0.380702
13.4,21.4,400000,45091,0.112727,152056,0.38014
13.4,21.6,400000,44893,0.112232,152724,0.38181
13.4,21.8,400000,44997,0.112492,152701,0.381752
13.4,22,400000,44613,0.111533,151445,0.378613
13.4,22.2,400000,44685,0.111713,152083,0.380207
13.4,22.4,400000,45374,0.113435,152456,0.38114
13.4,22.6,400000,45319,0.113297,152171,0.380427
13.4,22.8,400000,44716,0.11179,151619,0.379047
13.4,23,400000,44505,0.111263,151676,0.37919
13.4,23.2,400000,44598,0.111495,152538,0.381345
13.4,23.4,400000,45095,0.112738,152513,0.381283
13.4,23.6,400000,45065,0.112662,151762,0.379405
13.4,23.8,400000,45214,0.113035,152615,0.381537
13.4,24,400000,45002,0.112505,152517,0.381292
13.4,24.2,400000,45028,0.11257,152928,0.38232
13.4,24.4,400000,44641,0.111602,152293,0.380732
13.4,24.6,400000,44897,0.112242,152232,0.38058
13.4,24.8,400000,44909,0.112272,152056,0.38014
13.4,25,400000,44879,0.112198,152089,0.380223
13.4,25.2,400000,45074,0.112685,152219,0.380547
13.4,25.4,400000,44916,0.11229,152601,0.381503
13.4,25.6,400000,44688,0.11172,152512,0.38128
13.4,25.8,400000,44909,0.112272,152405,0.381012
13.4,26,400000,45184,0.11296,152540,0.38135
13.4,26.2,400000,44927,0.112318,151840,0.3796
13.4,26.4,400000,45622,0.114055,152823,0.382057
13.4,26.6,400000,44817,0.112043,152221,0.380553
13.4,26.8,400000,44751,0.111878,152975,0.382437
13.4,27,400000,45317,0.113293,152498,0.381245
13.4,27.2,400000,45116,0.11279,152181,0.380453
13.4,27.4,400000,44475,0.111187,151509,0.378773
13.4,27.6,400000,44812,0.11203,152200,0.3805
13.4,27.8,400000,44868,0.11217,152168,0.38042
13.4,28,400000,44731,0.111827,151981,0.379953
13.4,28.2,400000,44834,0.112085,152051,0.380128
13.4,28.4,400000,45207,0.113018,152303,0.380758
13.4,28.6,400000,44772,0.11193,152446,0.381115
13.4,28.8,400000,45247,0.113117,152824,0.38206
13.4,29,400000,44916,0.11229,152656,0.38164
13.4,29.2,400000,44915,0.112287,152607,0.381518
13.4,29.4,400000,44475,0.111187,151479,0.378698
13.4,29.6,400000,44619,0.111547,151937,0.379843
13.4,29.8,400000,45457,0.113642,152572,0.38143
13.4,30,400000,44693,0.111732,152480,0.3812
13.4,30.2,400000,44922,0.112305,152072,0.38018
13.4,30.4,400000,44851,0.112128,152274,0.380685
13.4,30.6,400000,44923,0.112308,152516,0.38129
13.4,30.8,400000,44629,0.111573,152353,0.380883
13.4,31,400000,44145,0.110363,150925,0.377312
13.4,31.2,400000,44787,0.111967,152122,0.380305
13.4,31.4,400000,44319,0.110797,152381,0.380953
13.4,31.6,400000,44978,0.112445,152252,0.38063
13.4,31.8,400000,44696,0.11174,152138,0.380345
13.4,32,400000,44466,0.111165,152326,0.380815
13.4,32.2,400000,44539,0.111348,151932,0.37983
13.4,32.4,400000,44374,0.110935,152256,0.38064
13.4,32.6,400000,44371,0.110927,151726,0.379315
13.4,32.8,400000,44936,0.11234,152360,0.3809
13.4,33,400000,44711,0.111778,152615,0.381537
13.4,33.2,400000,44898,0.112245,152483,0.381207
13.4,33.4,400000,44856,0.11214,152237,0.380593
13.4,33.6,400000,45298,0.113245,151950,0.379875
13.4,33.8,400000,44890,0.112225,151351,0.378377
13.4,34,400000,44561,0.111403,152637,0.381593
13.4,34.2,400000,44177,0.110442,151465,0.378663
13.4,34.4,400000,44554,0.111385,152097,0.380242
13.4,34.6,400000,44914,0.112285,152017,0.380043
13.4,34.8,400000,44365,0.110912,151742,0.379355
13.4,35,400000,45075,0.112687,152280,0.3807
13.4,35.2,400000,44417,0.111043,151987,0.379968
13.4,35.4,400000,44613,0.111533,151968,0.37992
13.4,35.6,400000,45097,0.112742,152430,0.381075
13.4,35.8,400000,44364,0.11091,151833,0.379582
13.4,36,400000,44974,0.112435,152650,0.381625
13.4,36.2,400000,44825,0.112062,151931,0.379827
13.4,36.4,400000,44742,0.111855,151893,0.379732
13.4,36.6,400000,44620,0.11155,152383,0.380958
13.4,36.8,400000,44107,0.110268,151340,0.37835
13.4,37,400000,44969,0.112422,152295,0.380738
13.4,37.2,400000,45029,0.112573,152276,0.38069
13.4,37.4,400000,45140,0.11285,151636,0.37909
13.4,37.6,400000,44461,0.111153,152074,0.380185
13.4,37.8,400000,44855,0.112138,152238,0.380595
13.4,38,400000,44449,0.111122,151942,0.379855
13.4,38.2,400000,44816,0.11204,151984,0.37996
13.4,38.4,400000,44412,0.11103,151556,0.37889
13.4,38.6,400000,44837,0.112092,152261,0.380653
13.4,38.8,400000,44746,0.111865,152408,0.38102
13.4,39,400000,45083,0.112708,152440,0.3811
13.4,39.2,400000,45233,0.113083,152252,0.38063
13.4,39.4,400000,45040,0.1126,152474,0.381185
13.4,39.6,400000,44955,0.112388,151668,0.37917
13.4,39.8,400000,45259,0.113147,152432,0.38108
13.4,40,400000,44552,0.11138,151488,0.37872
13.4,40.2,400000,44391,0.110978,152489,0.381223
13.4,40.4,400000,44792,0.11198,152491,0.381227
13.4,40.6,400000,44594,0.111485,151669,0.379173
13.4,40.8,400000,45310,0.113275,152573,0.381433
13.4,41,400000,44616,0.11154,152201,0.380503
13.4,41.2,400000,44453,0.111132,152196,0.38049
13.4,41.4,400000,44448,0.11112,150871,0.377177
13.4,41.6,400000,44674,0.111685,152301,0.380752
13.4,41.8,400000,44585,0.111463,152064,0.38016
13.4,42,400000,44761,0.111903,151879,0.379698
13.4,42.2,400000,45066,0.112665,152175,0.380437
13.4,42.4,400000,44595,0.111488,151692,0.37923
13.4,42.6,400000,44822,0.112055,151790,0.379475
13.4,42.8,400000,45209,0.113022,152394,0.380985
13.4,43,400000,44925,0.112312,152375,0.380937
13.4,43.2,400000,44658,0.111645,152248,0.38062
13.4,43.4,400000,44523,0.111308,152363,0.380908
13.4,43.6,400000,44556,0.11139,152285,0.380713
13.4,43.8,400000,44770,0.111925,152329,0.380823
13.4,44,400000,45072,0.11268,152122,0.380305
13.4,44.2,400000,44656,0.11164,151733,0.379333
13.4,44.4,400000,44727,0.111818,151884,0.37971
13.4,44.6,400000,44602,0.111505,151492,0.37873
13.4,44.8,400000,44680,0.1117,152205,0.380512
13.4,45,400000,44638,0.111595,151360,0.3784
13.4,45.2,400000,44698,0.111745,152272,0.38068
13.4,45.4,400000,44084,0.11021,152030,0.380075
13.4,45.6,400000,44512,0.11128,151692,0.37923
13.4,45.8,400000,44744,0.11186,152218,0.380545
13.4,46,400000,44500,0.11125,152221,0.380553
13.4,46.2,400000,44743,0.111857,152266,0.380665
13.4,46.4,400000,44867,0.112168,151867,0.379667
13.4,46.6,400000,44576,0.11144,152169,0.380422
13.4,46.8,400000,44703,0.111757,151595,0.378987
13.4,47,400000,45116,0.11279,151965,0.379912
13.4,47.2,400000,44648,0.11162,151929,0.379823
13.4,47.4,400000,45095,0.112738,152486,0.381215
13.4,47.6,400000,44621,0.111552,151874,0.379685
13.4,47.8,400000,44606,0.111515,151654,0.379135
13.4,48,400000,44317,0.110793,151926,0.379815
13.4,48.2,400000,44239,0.110598,151761,0.379402
13.4,48.4,400000,44450,0.111125,151418,0.378545
13.4,48.6,400000,44711,0.111778,152149,0.380373
13.4,48.8,400000,44551,0.111378,151719,0.379298
13.4,49,400000,44653,0.111632,151749,0.379373
13.4,49.2,400000,44827,0.112068,151902,0.379755
13.4,49.4,400000,44903,0.112257,152252,0.38063
13.4,49.6,400000,45039,0.112598,152201,0.380503
13.4,49.8,400000,44808,0.11202,152403,0.381007
13.4,50,400000,45748,0.11437,151851,0.379628
13.6,-50,400000,45352,0.11338,152324,0.38081
13.6,-49.8,400000,44937,0.112342,152165,0.380412
13.6,-49.6,400000,45068,0.11267,151964,0.37991
13.6,-49.4,400000,45181,0.112952,152306,0.380765
13.6,-49.2,400000,44591,0.111477,151831,0.379578
13.6,-49,400000,44705,0.111763,151960,0.3799
13.6,-48.8,400000,44755,0.111888,151690,0.379225
13.6,-48.6,400000,44845,0.112113,151980,0.37995
13.6,-48.4,400000,44904,0.11226,152169,0.380422
13.6,-48.2,400000,44730,0.111825,151459,0.378648
13.6,-48,400000,44813,0.112032,151926,0.379815
13.6,-47.8,400000,45180,0.11295,152473,0.381182
13.6,-47.6,400000,44782,0.111955,151692,0.37923
13.6,-47.4,400000,44780,0.11195,152635,0.381588
13.6,-47.2,400000,44712,0.11178,152300,0.38075
13.6,-47,400000,45213,0.113032,152100,0.38025
13.6,-46.8,400000,45049,0.112623,151684,0.37921
13.6,-46.6,400000,44999,0.112498,152127,0.380317
13.6,-46.4,400000,44504,0.11126,151992,0.37998
13.6,-46.2,400000,44925,0.112312,152172,0.38043
13.6,-46,400000,44459,0.111147,151741,0.379352
13.6,-45.8,400000,45055,0.112638,152806,0.382015
13.6,-45.6,400000,44979,0.112448,152042,0.380105
13.6,-45.4,400000,44831,0.112077,152005,0.380012
13.6,-45.2,400000,44765,0.111912,152390,0.380975
13.6,-45,400000,44610,0.111525,151697,0.379242
13.6,-44.8,400000,44927,0.112318,152202,0.380505
13.6,-44.6,400000,44513,0.111283,151810,0.379525
13.6,-44.4,400000,44117,0.110293,151547,0.378868
13.6,-44.2,400000,44890,0.112225,151899,0.379748
13.6,-44,400000,44498,0.111245,151439,0.378597
13.6,-43.8,400000,44684,0.11171,151901,0.379752
13.6,-43.6,400000,44649,0.111622,151895,0.379738
13.6,-43.4,400000,45296,0.11324,152196,0.38049
13.6,-43.2,400000,45085,0.112712,152758,0.381895
13.6,-43,400000,44267,0.110668,152112,0.38028
13.6,-42.8,400000,45211,0.113028,151679,0.379198
13.6,-42.6,400000,44761,0.111903,152456,0.38114
13.6,-42.4,400000,44659,0.111647,152386,0.380965
13.6,-42.2,400000,45376,0.11344,152162,0.380405
13.6,-42,400000,44352,0.11088,151645,0.379113
13.6,-41.8,400000,44964,0.11241,152160,0.3804
13.6,-41.6,400000,45096,0.11274,152404,0.38101
13.6,-41.4,400000,44630,0.111575,151756,0.37939
13.6,-41.2,400000,44987,0.112467,152598,0.381495
13.6,-41,400000,44649,0.111622,152313,0.380783
13.6,-40.8,400000,45209,0.113022,152418,0.381045
13.6,-40.6,400000,44953,0.112382,152219,0.380547
13.6,-40.4,400000,45296,0.11324,152789,0.381972
13.6,-40.2,400000,44702,0.111755,151848,0.37962
13.6,-40,400000,44305,0.110762,151491,0.378727
13.6,-39.8,400000,44891,0.112227,152109,0.380273
13.6,-39.6,400000,44376,0.11094,151121,0.377802
13.6,-39.4,400000,45224,0.11306,152331,0.380827
13.6,-39.2,400000,45108,0.11277,152362,0.380905
13.6,-39,400000,45010,0.112525,152601,0.381503
13.6,-38.8,400000,44914,0.112285,152190,0.380475
13.6,-38.6,400000,45208,0.11302,152662,0.381655
13.6,-38.4,400000,44690,0.111725,152295,0.380738
13.6,-38.2,400000,44656,0.11164,151725,0.379312
13.6,-38,400000,45010,0.112525,152367,0.380918
13.6,-37.8,400000,44597,0.111492,152443,0.381107
13.6,-37.6,400000,44905,0.112263,152537,0.381342
13.6,-37.4,400000,44912,0.11228,152080,0.3802
13.6,-37.2,400000,45022,0.112555,152077,0.380192
13.6,-37,400000,44887,0.112217,151906,0.379765
13.6,-36.8,400000,45112,0.11278,153004,0.38251
13.6,-36.6,400000,44673,0.111683,152079,0.380198
13.6,-36.4,400000,44565,0.111412,152418,0.381045
13.6,-36.2,400000,44685,0.111713,151691,0.379227
13.6,-36,400000,44857,0.112143,152447,0.381117
13.6,-35.8,400000,45200,0.113,152326,0.380815
13.6,-35.6,400000,44714,0.111785,151587,0.378968
13.6,-35.4,400000,44518,0.111295,151731,0.379327
13.6,-35.2,400000,44418,0.111045,151952,0.37988
13.6,-35,400000,44618,0.111545,152187,0.380468
13.6,-34.8,400000,44509,0.111272,152432,0.38108
13.6,-34.6,400000,45200,0.113,152043,0.380107
13.6,-34.4,400000,45415,0.113537,152305,0.380763
13.6,-34.2,400000,44884,0.11221,151470,0.378675
13.6,-34,400000,45273,0.113183,152144,0.38036
13.6,-33.8,400000,44634,0.111585,151712,0.37928
13.6,-33.6,400000,44671,0.111677,152337,0.380842
13.6,-33.4,400000,44743,0.111857,152165,0.380412
13.6,-33.2,400000,45097,0.112742,151826,0.379565
13.6,-33,400000,44433,0.111083,151676,0.37919
13.6,-32.8,400000,44988,0.11247,152258,0.380645
13.6,-32.6,400000,45023,0.112558,152115,0.380288
13.6,-32.4,400000,44803,0.112007,151923,0.379808
13.6,-32.2,400000,45163,0.112907,152639,0.381597
13.6,-32,400000,45107,0.112768,152229,0.380572
13.6,-31.8,400000,45132,0.11283,152011,0.380028
13.6,-31.6,400000,44922,0.112305,152577,0.381443
13.6,-31.4,400000,45320,0.1133,152551,0.381377
13.6,-31.2,400000,44698,0.111745,152083,0.380207
13.6,-31,400000,44902,0.112255,151947,0.379868
13.6,-30.8,400000,44880,0.1122,152302,0.380755
13.6,-30.6,400000,44688,0.11172,152341,0.380852
13.6,-30.4,400000,45247,0.113117,152343,0.380858
13.6,-30.2,400000,44363,0.110908,151806,0.379515
13.6,-30,400000,44154,0.110385,152052,0.38013
13.6,-29.8,400000,44981,0.112452,151672,0.37918
13.6,-29.6,400000,44919,0.112297,152245,0.380613
13.6,-29.4,400000,44677,0.111693,152282,0.380705
13.6,-29.2,400000,44915,0.112287,152220,0.38055
13.6,-29,400000,44334,0.110835,152292,0.38073
13.6,-28.8,400000,44967,0.112418,152647,0.381617
13.6,-28.6,400000,45122,0.112805,152835,0.382088
13.6,-28.4,400000,44733,0.111833,151696,0.37924
13.6,-28.2,400000,44660,0.11165,152268,0.38067
13.6,-28,400000,44583,0.111458,151805,0.379512
13.6,-27.8,400000,45069,0.112672,152386,0.380965
13.6,-27.6,400000,44949,0.112373,152384,0.38096
13.6,-27.4,400000,45044,0.11261,151544,0.37886
13.6,-27.2,400000,45080,0.1127,152846,0.382115
13.6,-27,400000,44951,0.112378,152315,0.380788
13.6,-26.8,400000,44316,0.11079,151851,0.379628
13.6,-26.6,400000,44738,0.111845,152219,0.380547
13.6,-26.4,400000,45188,0.11297,152422,0.381055
13.6,-26.2,400000,44277,0.110692,151804,0.37951
13.6,-26,400000,44795,0.111988,151828,0.37957
13.6,-25.8,400000,45117,0.112793,152383,0.380958
13.6,-25.6,400000,44293,0.110732,152196,0.38049
13.6,-25.4,400000,44529,0.111323,152201,0.380503
13.6,-25.2,400000,44471,0.111177,151992,0.37998
13.6,-25,400000,44698,0.111745,152535,0.381337
13.6,-24.8,400000,44445,0.111113,152152,0.38038
13.6,-24.6,400000,45180,0.11295,152651,0.381628
13.6,-24.4,400000,44482,0.111205,151979,0.379947
13.6,-24.2,400000,44809,0.112022,151736,0.37934
13.6,-24,400000,45059,0.112647,152409,0.381022
13.6,-23.8,400000,44086,0.110215,151636,0.37909
13.6,-23.6,400000,44885,0.112213,152577,0.381443
13.6,-23.4,400000,45178,0.112945,152112,0.38028
13.6,-23.2,400000,45263,0.113157,152198,0.380495
13.6,-23,400000,44824,0.11206,151789,0.379472
13.6,-22.8,400000,45195,0.112988,152448,0.38112
13.6,-22.6,400000,44601,0.111503,152448,0.38112
13.6,-22.4,400000,44214,0.110535,151710,0.379275
13.6,-22.2,400000,44267,0.110668,152113,0.380283
13.6,-22,400000,44906,0.112265,151327,0.378317
13.6,-21.8,400000,45254,0.113135,152574,0.381435
13.6,-21.6,400000,45011,0.112528,152562,0.381405
13.6,-21.4,400000,45163,0.112907,152099,0.380248
13.6,-21.2,400000,44922,0.112305,151927,0.379817
13.6,-21,400000,44323,0.110808,151636,0.37909
13.6,-20.8,400000,44989,0.112473,152216,0.38054
13.6,-20.6,400000,45339,0.113348,152102,0.380255
13.6,-20.4,400000,44410,0.111025,151519,0.378798
13.6,-20.2,400000,44764,0.11191,152088,0.38022
13.6,-20,400000,44478,0.111195,151284,0.37821
13.6,-19.8,400000,44598,0.111495,152095,0.380238
13.6,-19.6,400000,44734,0.111835,151781,0.379453
13.6,-19.4,400000,44928,0.11232,152039,0.380097
13.6,-19.2,400000,44893,0.112232,152751,0.381877
13.6,-19,400000,44714,0.111785,151912,0.37978
13.6,-18.8,400000,44630,0.111575,152054,0.380135
13.6,-18.6,400000,44489,0.111223,152151,0.380377
13.6,-18.4,400000,44773,0.111933,151736,0.37934
13.6,-18.2,400000,45144,0.11286,152895,0.382238
13.6,-18,400000,44727,0.111818,152649,0.381622
13.6,-17.8,400000,44864,0.11216,152596,0.38149
13.6,-17.6,400000,44777,0.111943,152759,0.381898
13.6,-17.4,400000,44651,0.111628,151979,0.379947
13.6,-17.2,400000,44754,0.111885,152124,0.38031
13.6,-17,400000,44739,0.111848,152150,0.380375
13.6,-16.8,400000,45292,0.11323,152320,0.3808
13.6,-16.6,400000,44996,0.11249,152610,0.381525
13.6,-16.4,400000,45082,0.112705,152179,0.380447
13.6,-16.2,400000,44595,0.111488,151827,0.379568
13.6,-16,400000,44747,0.111867,152179,0.380447
13.6,-15.8,400000,45342,0.113355,152878,0.382195
13.6,-15.6,400000,44461,0.111153,152215,0.380537
13.6,-15.4,400000,44872,0.11218,151823,0.379557
13.6,-15.2,400000,44576,0.11144,152040,0.3801
13.6,-15,400000,44675,0.111687,152572,0.38143
13.6,-14.8,400000,44789,0.111973,152045,0.380113
13.6,-14.6,400000,44830,0.112075,152049,0.380122
13.6,-14.4,400000,45074,0.112685,152003,0.380007
13.6,-14.2,400000,44792,0.11198,152083,0.380207
13.6,-14,400000,45341,0.113352,152043,0.380107
13.6,-13.8,400000,44901,0.112253,152036,0.38009
13.6,-13.6,400000,45104,0.11276,152916,0.38229
13.6,-13.4,400000,44872,0.11218,151714,0.379285
13.6,-13.2,400000,45325,0.113312,152099,0.380248
13.6,-13,400000,44737,0.111842,151956,0.37989
13.6,-12.8,400000,44653,0.111632,152338,0.380845
13.6,-12.6,400000,44601,0.111503,151970,0.379925
13.6,-12.4,400000,44421,0.111052,151670,0.379175
13.6,-12.2,400000,44494,0.111235,151697,0.379242
13.6,-12,400000,44801,0.112003,152917,0.382292
13.6,-11.8,400000,44515,0.111287,152241,0.380603
13.6,-11.6,400000,44999,0.112498,152000,0.38
13.6,-11.4,400000,44893,0.112232,151916,0.37979
13.6,-11.2,400000,45008,0.11252,151803,0.379507
13.6,-11,400000,44713,0.111783,151971,0.379927
13.6,-10.8,400000,44632,0.11158,152053,0.380132
13.6,-10.6,400000,44869,0.112172,152762,0.381905
13.6,-10.4,400000,44783,0.111958,151854,0.379635
13.6,-10.2,400000,44698,0.111745,152144,0.38036
13.6,-10,400000,44683,0.111708,151950,0.379875
13.6,-9.8,400000,44200,0.1105,152115,0.380288
13.6,-9.6,400000,45274,0.113185,152116,0.38029
13.6,-9.4,400000,45165,0.112912,152794,0.381985
13.6,-9.2,400000,44690,0.111725,152018,0.380045
13.6,-9,400000,45422,0.113555,152865,0.382163
13.6,-8.8,400000,44444,0.11111,152290,0.380725
13.6,-8.6,400000,44866,0.112165,152457,0.381142
13.6,-8.4,400000,44931,0.112327,152135,0.380337
13.6,-8.2,400000,44453,0.111132,152141,0.380352
13.6,-8,400000,44522,0.111305,151770,0.379425
13.6,-7.8,400000,44999,0.112498,152171,0.380427
13.6,-7.6,400000,44427,0.111067,151710,0.379275
13.6,-7.4,400000,45267,0.113168,152010,0.380025
13.6,-7.2,400000,45336,0.11334,152670,0.381675
13.6,-7,400000,45019,0.112547,152474,0.381185
13.6,-6.8,400000,45189,0.112973,152061,0.380153
13.6,-6.6,400000,45223,0.113058,152275,0.380688
13.6,-6.4,400000,44571,0.111427,152210,0.380525
13.6,-6.2,400000,44598,0.111495,152295,0.380738
13.6,-6,400000,44661,0.111653,151966,0.379915
13.6,-5.8,400000,44669,0.111672,152531,0.381327
13.6,-5.6,400000,44677,0.111693,152111,0.380277
13.6,-5.4,400000,44555,0.111388,151283,0.378207
13.6,-5.2,400000,45278,0.113195,152156,0.38039
13.6,-5,400000,44923,0.112308,152938,0.382345
13.6,-4.8,400000,44670,0.111675,151873,0.379682
13.6,-4.6,400000,44975,0.112437,152624,0.38156
13.6,-4.4,400000,44627,0.111568,152034,0.380085
13.6,-4.2,400000,44850,0.112125,152011,0.380028
13.6,-4,400000,44823,0.112058,152244,0.38061
13.6,-3.8,400000,44799,0.111997,152236,0.38059
13.6,-3.6,400000,44642,0.111605,152299,0.380748
13.6,-3.4,400000,44344,0.11086,151835,0.379588
13.6,-3.2,400000,45007,0.112518,152050,0.380125
13.6,-3,400000,44637,0.111592,152314,0.380785
13.6,-2.8,400000,44838,0.112095,151830,0.379575
13.6,-2.6,400000,45224,0.11306,152009,0.380022
13.6,-2.4,400000,45056,0.11264,152162,0.380405
13.6,-2.2,400000,44133,0.110333,151438,0.378595
13.6,-2,400000,44394,0.110985,152549,0.381373
13.6,-1.8,400000,44595,0.111488,152036,0.38009
13.6,-1.6,400000,44843,0.112107,151738,0.379345
13.6,-1.4,400000,44755,0.111888,152316,0.38079
13.6,-1.2,400000,44360,0.1109,151842,0.379605
13.6,-1,400000,44920,0.1123,152050,0.380125
13.6,-0.8,400000,44442,0.111105,152177,0.380443
13.6,-0.6,400000,44901,0.112253,152547,0.381368
13.6,-0.4,400000,45064,0.11266,152056,0.38014
13.6,-0.2,400000,44695,0.111738,152036,0.38009
13.6,0,400000,44794,0.111985,152235,0.380588
13.6,0.2,400000,44640,0.1116,151917,0.379792
13.6,0.4,400000,44941,0.112352,152465,0.381163
13.6,0.6,400000,44194,0.110485,151912,0.37978
13.6,0.8,400000,44817,0.112043,152136,0.38034
13.6,1,400000,44745,0.111863,151911,0.379777
13.6,1.2,400000,44319,0.110797,152416,0.38104
13.6,1.4,400000,44877,0.112193,151950,0.379875
13.6,1.6,400000,44621,0.111552,152175,0.380437
13.6,1.8,400000,44659,0.111647,152841,0.382103
13.6,2,400000,44810,0.112025,152248,0.38062
13.6,2.2,400000,44819,0.112047,152284,0.38071
13.6,2.4,400000,44860,0.11215,152052,0.38013
13.6,2.6,400000,44677,0.111693,151678,0.379195
13.6,2.8,400000,45227,0.113068,152935,0.382337
13.6,3,400000,44442,0.111105,152215,0.380537
13.6,3.2,400000,44765,0.111912,151793,0.379483
13.6,3.4,400000,45256,0.11314,152806,0.382015
13.6,3.6,400000,44850,0.112125,151449,0.378622
13.6,3.8,400000,44652,0.11163,151241,0.378103
13.6,4,400000,44888,0.11222,152213,0.380532
13.6,4.2,400000,44553,0.111382,151509,0.378773
13.6,4.4,400000,44703,0.111757,152307,0.380767
13.6,4.6,400000,44789,0.111973,152626,0.381565
13.6,4.8,400000,45060,0.11265,152186,0.380465
13.6,5,400000,44880,0.1122,152701,0.381752
13.6,5.2,400000,45002,0.112505,151781,0.379453
13.6,5.4,400000,44222,0.110555,152292,0.38073
13.6,5.6,400000,44779,0.111948,152053,0.380132
13.6,5.8,400000,44659,0.111647,152145,0.380362
13.6,6,400000,44887,0.112217,151538,0.378845
13.6,6.2,400000,44885,0.112213,152156,0.38039
13.6,6.4,400000,44478,0.111195,151372,0.37843
13.6,6.6,400000,44881,0.112202,151745,0.379362
13.6,6.8,400000,44749,0.111872,151963,0.379908
13.6,7,400000,44687,0.111717,152591,0.381478
13.6,7.2,400000,44636,0.11159,151377,0.378443
13.6,7.4,400000,44575,0.111437,152239,0.380597
13.6,7.6,400000,45105,0.112763,152148,0.38037
13.6,7.8,400000,45080,0.1127,152550,0.381375
13.6,8,400000,44907,0.112268,152137,0.380342
13.6,8.2,400000,44974,0.112435,152865,0.382163
13.6,8.4,400000,43832,0.10958,151107,0.377767
13.6,8.6,400000,44516,0.11129,152196,0.38049
13.6,8.8,400000,44845,0.112113,152384,0.38096
13.6,9,400000,44531,0.111327,152434,0.381085
13.6,9.2,400000,45402,0.113505,152426,0.381065
13.6,9.4,400000,45111,0.112778,152222,0.380555
13.6,9.6,400000,44801,0.112003,152249,0.380622
13.6,9.8,400000,44724,0.11181,151833,0.379582
13.6,10,400000,44399,0.110997,151243,0.378107
13.6,10.2,400000,44947,0.112367,152163,0.380408
13.6,10.4,400000,44985,0.112463,152188,0.38047
13.6,10.6,400000,44616,0.11154,151656,0.37914
13.6,10.8,400000,44201,0.110503,151513,0.378783
13.6,11,400000,45139,0.112848,151872,0.37968
13.6,11.2,400000,45068,0.11267,151861,0.379653
13.6,11.4,400000,44614,0.111535,152201,0.380503
13.6,11.6,400000,45188,0.11297,152425,0.381063
13.6,11.8,400000,45100,0.11275,152535,0.381337
13.6,12,400000,44948,0.11237,152197,0.380493
13.6,12.2,400000,44749,0.111872,152662,0.381655
13.6,12.4,400000,45222,0.113055,152756,0.38189
13.6,12.6,400000,45291,0.113227,152551,0.381377
13.6,12.8,400000,44692,0.11173,151388,0.37847
13.6,13,400000,44910,0.112275,151863,0.379657
13.6,13.2,400000,44967,0.112418,152042,0.380105
13.6,13.4,400000,45321,0.113303,152815,0.382037
13.6,13.6,400000,45197,0.112992,152441,0.381103
13.6,13.8,400000,45030,0.112575,151847,0.379617
13.6,14,400000,44557,0.111393,151915,0.379788
13.6,14.2,400000,45527,0.113818,151963,0.379908
13.6,14.4,400000,44559,0.111397,152057,0.380142
13.6,14.6,400000,44731,0.111827,152607,0.381518
13.6,14.8,400000,44657,0.111643,151410,0.378525
13.6,15,400000,44789,0.111973,151812,0.37953
13.6,15.2,400000,44577,0.111442,151413,0.378532
13.6,15.4,400000,44779,0.111948,152239,0.380597
13.6,15.6,400000,45031,0.112577,152743,0.381858
13.6,15.8,400000,44957,0.112393,151980,0.37995
13.6,16,400000,45167,0.112918,152645,0.381613
13.6,16.2,400000,44599,0.111497,151265,0.378163
13.6,16.4,400000,45162,0.112905,151917,0.379792
13.6,16.6,400000,44960,0.1124,152095,0.380238
13.6,16.8,400000,44734,0.111835,152410,0.381025
13.6,17,400000,45017,0.112543,152336,0.38084
13.6,17.2,400000,44428,0.11107,151514,0.378785
13.6,17.4,400000,44771,0.111927,152301,0.380752
13.6,17.6,400000,45336,0.11334,153017,0.382543
13.6,17.8,400000,44874,0.112185,152224,0.38056
13.6,18,400000,44465,0.111162,152093,0.380232
13.6,18.2,400000,44400,0.111,151370,0.378425
13.6,18.4,400000,44835,0.112088,151720,0.3793
13.6,18.6,400000,44809,0.112022,151936,0.37984
13.6,18.8,400000,44930,0.112325,152580,0.38145
13.6,19,400000,44777,0.111943,151988,0.37997
13.6,19.2,400000,45037,0.112592,152486,0.381215
13.6,19.4,400000,44748,0.11187,152023,0.380057
13.6,19.6,400000,44529,0.111323,151785,0.379462
13.6,19.8,400000,44921,0.112302,151802,0.379505
13.6,20,400000,44690,0.111725,152149,0.380373
13.6,20.2,400000,44797,0.111992,152386,0.380965
13.6,20.4,400000,44976,0.11244,151562,0.378905
13.6,20.6,400000,44922,0.112305,152420,0.38105
13.6,20.8,400000,44580,0.11145,152439,0.381097
13.6,21,400000,44845,0.112113,152416,0.38104
13.6,21.2,400000,44887,0.112217,152437,0.381093
13.6,21.4,400000,44423,0.111058,151361,0.378402
13.6,21.6,400000,44791,0.111977,151879,0.379698
13.6,21.8,400000,45145,0.112863,152341,0.380852
13.6,22,400000,45040,0.1126,151639,0.379097
13.6,22.2,400000,44913,0.112282,152241,0.380603
13.6,22.4,400000,44939,0.112348,151963,0.379908
13.6,22.6,400000,44353,0.110882,152128,0.38032
13.6,22.8,400000,44826,0.112065,152121,0.380302
13.6,23,400000,45105,0.112763,152083,0.380207
13.6,23.2,400000,44647,0.111617,152186,0.380465
13.6,23.4,400000,44976,0.11244,152350,0.380875
13.6,23.6,400000,44504,0.11126,151844,0.37961
13.6,23.8,400000,45287,0.113217,152021,0.380053
13.6,24,400000,44757,0.111893,151737,0.379343
13.6,24.2,400000,44789,0.111973,151834,0.379585
13.6,24.4,400000,44902,0.112255,152112,0.38028
13.6,24.6,400000,44633,0.111583,151989,0.379972
13.6,24.8,400000,44735,0.111838,151792,0.37948
13.6,25,400000,44879,0.112198,152150,0.380375
13.6,25.2,400000,44673,0.111683,151849,0.379622
13.6,25.4,400000,44523,0.111308,151843,0.379607
13.6,25.6,400000,44880,0.1122,152191,0.380478
13.6,25.8,400000,44531,0.111327,152543,0.381358
13.6,26,400000,44673,0.111683,151541,0.378852
13.6,26.2,400000,44737,0.111842,151844,0.37961
13.6,26.4,400000,44931,0.112327,152578,0.381445
13.6,26.6,400000,45208,0.11302,152430,0.381075
13.6,26.8,400000,44788,0.11197,152300,0.38075
13.6,27,400000,44875,0.112187,152378,0.380945
13.6,27.2,400000,44812,0.11203,152187,0.380468
13.6,27.4,400000,45143,0.112857,152236,0.38059
13.6,27.6,400000,44625,0.111562,151973,0.379933
13.6,27.8,400000,45027,0.112568,151848,0.37962
13.6,28,400000,44545,0.111363,152028,0.38007
13.6,28.2,400000,45030,0.112575,152596,0.38149
13.6,28.4,400000,44806,0.112015,152060,0.38015
13.6,28.6,400000,44727,0.111818,152377,0.380943
13.6,28.8,400000,44458,0.111145,151536,0.37884
13.6,29,400000,44912,0.11228,152476,0.38119
13.6,29.2,400000,44926,0.112315,152443,0.381107
13.6,29.4,400000,44997,0.112492,152090,0.380225
13.6,29.6,400000,44898,0.112245,151699,0.379248
13.6,29.8,400000,44536,0.11134,151134,0.377835
13.6,30,400000,45124,0.11281,152847,0.382117
13.6,30.2,400000,45023,0.112558,152232,0.38058
13.6,30.4,400000,44794,0.111985,152245,0.380613
13.6,30.6,400000,45074,0.112685,151923,0.379808
13.6,30.8,400000,44882,0.112205,152190,0.380475
13.6,31,400000,44893,0.112232,152377,0.380943
13.6,31.2,400000,44360,0.1109,152086,0.380215
13.6,31.4,400000,44821,0.112052,151969,0.379922
13.6,31.6,400000,45158,0.112895,152339,0.380848
13.6,31.8,400000,44747,0.111867,152496,0.38124
13.6,32,400000,45070,0.112675,152214,0.380535
13.6,32.2,400000,44543,0.111357,151945,0.379862
13.6,32.4,400000,44504,0.11126,151204,0.37801
13.6,32.6,400000,44491,0.111228,151835,0.379588
13.6,32.8,400000,45284,0.11321,152417,0.381043
13.6,33,400000,44766,0.111915,152123,0.380308
13.6,33.2,400000,45032,0.11258,152551,0.381377
13.6,33.4,400000,45118,0.112795,152408,0.38102
13.6,33.6,400000,44477,0.111192,152216,0.38054
13.6,33.8,400000,44702,0.111755,152251,0.380628
13.6,34,400000,44977,0.112443,152664,0.38166
13.6,34.2,400000,44813,0.112032,152579,0.381447
13.6,34.4,400000,44826,0.112065,152125,0.380312
13.6,34.6,400000,44450,0.111125,152325,0.380812
13.6,34.8,400000,44949,0.112373,152407,0.381018
13.6,35,400000,44640,0.1116,152156,0.38039
13.6,35.2,400000,45040,0.1126,152221,0.380553
13.6,35.4,400000,45210,0.113025,152123,0.380308
13.6,35.6,400000,44196,0.11049,151701,0.379252
13.6,35.8,400000,44486,0.111215,152545,0.381362
13.6,36,400000,44167,0.110418,152199,0.380497
13.6,36.2,400000,44734,0.111835,152614,0.381535
13.6,36.4,400000,44785,0.111963,151845,0.379613
13.6,36.6,400000,44351,0.110878,151607,0.379018
13.6,36.8,400000,45186,0.112965,152736,0.38184
13.6,37,400000,44934,0.112335,151881,0.379702
13.6,37.2,400000,44605,0.111513,152308,0.38077
13.6,37.4,400000,44828,0.11207,152173,0.380433
13.6,37.6,400000,44885,0.112213,152108,0.38027
13.6,37.8,400000,44572,0.11143,152441,0.381103
13.6,38,400000,45342,0.113355,152213,0.380532
13.6,38.2,400000,44695,0.111738,152339,0.380848
13.6,38.4,400000,44978,0.112445,152335,0.380837
13.6,38.6,400000,45000,0.1125,152230,0.380575
13.6,38.8,400000,44294,0.110735,151427,0.378568
13.6,39,400000,44190,0.110475,151679,0.379198
13.6,39.2,400000,44807,0.112018,152177,0.380443
13.6,39.4,400000,44724,0.11181,151887,0.379717
13.6,39.6,400000,44742,0.111855,152510,0.381275
13.6,39.8,400000,44640,0.1116,152393,0.380983
13.6,40,400000,44868,0.11217,152518,0.381295
13.6,40.2,400000,44886,0.112215,152126,0.380315
13.6,40.4,400000,44747,0.111867,151806,0.379515
13.6,40.6,400000,44655,0.111638,151856,0.37964
13.6,40.8,400000,44732,0.11183,152300,0.38075
13.6,41,400000,44440,0.1111,151884,0.37971
13.6,41.2,400000,45177,0.112943,152434,0.381085
13.6,41.4,400000,45033,0.112583,152203,0.380507
13.6,41.6,400000,45247,0.113117,152218,0.380545
13.6,41.8,400000,44887,0.112217,151764,0.37941
13.6,42,400000,44279,0.110698,152029,0.380072
13.6,42.2,400000,45097,0.112742,152513,0.381283
13.6,42.4,400000,45618,0.114045,152237,0.380593
13.6,42.6,400000,44964,0.11241,152422,0.381055
13.6,42.8,400000,44807,0.112018,152563,0.381408
13.6,43,400000,45619,0.114047,152561,0.381402
13.6,43.2,400000,44902,0.112255,152585,0.381462
13.6,43.4,400000,45265,0.113162,152126,0.380315
13.6,43.6,400000,44999,0.112498,152134,0.380335
13.6,43.8,400000,44598,0.111495,152074,0.380185
13.6,44,400000,44928,0.11232,152647,0.381617
13.6,44.2,400000,45052,0.11263,152051,0.380128
13.6,44.4,400000,44790,0.111975,152039,0.380097
13.6,44.6,400000,44963,0.112407,152187,0.380468
13.6,44.8,400000,45209,0.113022,151991,0.379978
13.6,45,400000,44530,0.111325,151685,0.379213
13.6,45.2,400000,44320,0.1108,151786,0.379465
13.6,45.4,400000,44550,0.111375,152680,0.3817
13.6,45.6,400000,44805,0.112013,152331,0.380827
13.6,45.8,400000,44654,0.111635,152085,0.380213
13.6,46,400000,44989,0.112473,152116,0.38029
13.6,46.2,400000,44395,0.110988,152149,0.380373
13.6,46.4,400000,44499,0.111247,151672,0.37918
13.6,46.6,400000,45262,0.113155,152830,0.382075
13.6,46.8,400000,44900,0.11225,152128,0.38032
13.6,47,400000,45524,0.11381,152989,0.382472
13.6,47.2,400000,45175,0.112937,152298,0.380745
13.6,47.4,400000,45067,0.112668,152081,0.380202
13.6,47.6,400000,44724,0.11181,152219,0.380547
13.6,47.8,400000,44915,0.112287,152749,0.381873
13.6,48,400000,44026,0.110065,151996,0.37999
13.6,48.2,400000,44923,0.112308,152372,0.38093
13.6,48.4,400000,44894,0.112235,152142,0.380355
13.6,48.6,400000,45433,0.113583,152226,0.380565
13.6,48.8,400000,44615,0.111537,151812,0.37953
13.6,49,400000,44476,0.11119,152019,0.380047
13.6,49.2,400000,44784,0.11196,152283,0.380707
13.6,49.4,400000,45216,0.11304,152637,0.381593
13.6,49.6,400000,44584,0.11146,151583,0.378958
13.6,49.8,400000,44446,0.111115,152210,0.380525
13.6,50,400000,44464,0.11116,152168,0.38042
13.8,-50,400000,45177,0.112943,152529,0.381323
13.8,-49.8,400000,45408,0.11352,152281,0.380702
13.8,-49.6,400000,44474,0.111185,152329,0.380823
13.8,-49.4,400000,44990,0.112475,152533,0.381333
13.8,-49.2,400000,44747,0.111867,151992,0.37998
13.8,-49,400000,44905,0.112263,152275,0.380688
13.8,-48.8,400000,44741,0.111852,152200,0.3805
13.8,-48.6,400000,45100,0.11275,152790,0.381975
13.8,-48.4,400000,44601,0.111503,151765,0.379412
13.8,-48.2,400000,44485,0.111213,151764,0.37941
13.8,-48,400000,44712,0.11178,152228,0.38057
13.8,-47.8,400000,44988,0.11247,152369,0.380922
13.8,-47.6,400000,44728,0.11182,152047,0.380117
13.8,-47.4,400000,45417,0.113543,152486,0.381215
13.8,-47.2,400000,44748,0.11187,151125,0.377812
13.8,-47,400000,44387,0.110967,151755,0.379387
13.8,-46.8,400000,44791,0.111977,151582,0.378955
13.8,-46.6,400000,44968,0.11242,152265,0.380663
13.8,-46.4,400000,45175,0.112937,152333,0.380833
13.8,-46.2,400000,44311,0.110778,151460,0.37865
13.8,-46,400000,44350,0.110875,151838,0.379595
13.8,-45.8,400000,45104,0.11276,151535,0.378837
13.8,-45.6,400000,44971,0.112427,152057,0.380142
13.8,-45.4,400000,44747,0.111867,152128,0.38032
13.8,-45.2,400000,44568,0.11142,151821,0.379553
13.8,-45,400000,44402,0.111005,152060,0.38015
13.8,-44.8,400000,44761,0.111903,151969,0.379922
13.8,-44.6,400000,44879,0.112198,152626,0.381565
13.8,-44.4,400000,45119,0.112797,152008,0.38002
13.8,-44.2,400000,44999,0.112498,152287,0.380717
13.8,-44,400000,44648,0.11162,152179,0.380447
13.8,-43.8,400000,45094,0.112735,152393,0.380983
13.8,-43.6,400000,44369,0.110922,151814,0.379535
13.8,-43.4,400000,45165,0.112912,152151,0.380377
13.8,-43.2,400000,45403,0.113507,152878,0.382195
13.8,-43,400000,44805,0.112013,151820,0.37955
13.8,-42.8,400000,44760,0.1119,152303,0.380758
13.8,-42.6,400000,44914,0.112285,152410,0.381025
13.8,-42.4,400000,44943,0.112357,151763,0.379408
13.8,-42.2,400000,44793,0.111982,152489,0.381223
13.8,-42,400000,44412,0.11103,152272,0.38068
13.8,-41.8,400000,44599,0.111497,152115,0.380288
13.8,-41.6,400000,44479,0.111198,152100,0.38025
13.8,-41.4,400000,44774,0.111935,152200,0.3805
13.8,-41.2,400000,44770,0.111925,152236,0.38059
13.8,-41,400000,44655,0.111638,151880,0.3797
13.8,-40.8,400000,44808,0.11202,152371,0.380927
13.8,-40.6,400000,44798,0.111995,151400,0.3785
13.8,-40.4,400000,44675,0.111687,152473,0.381182
13.8,-40.2,400000,45012,0.11253,152280,0.3807
13.8,-40,400000,44819,0.112047,152284,0.38071
13.8,-39.8,400000,45252,0.11313,152513,0.381283
13.8,-39.6,400000,45013,0.112532,152076,0.38019
13.8,-39.4,400000,44288,0.11072,151767,0.379418
13.8,-39.2,400000,44415,0.111037,152241,0.380603
13.8,-39,400000,44823,0.112058,152463,0.381157
13.8,-38.8,400000,44843,0.112107,152419,0.381047
13.8,-38.6,400000,44314,0.110785,152353,0.380883
13.8,-38.4,400000,44544,0.11136,151988,0.37997
13.8,-38.2,400000,44972,0.11243,152130,0.380325
13.8,-38,400000,44998,0.112495,151891,0.379727
13.8,-37.8,400000,45420,0.11355,152682,0.381705
13.8,-37.6,400000,44806,0.112015,152512,0.38128
13.8,-37.4,400000,44735,0.111838,151876,0.37969
13.8,-37.2,400000,44649,0.111622,151678,0.379195
13.8,-37,400000,45522,0.113805,152982,0.382455
13.8,-36.8,400000,44349,0.110872,152578,0.381445
13.8,-36.6,400000,45288,0.11322,152554,0.381385
13.8,-36.4,400000,44820,0.11205,152396,0.38099
13.8,-36.2,400000,44868,0.11217,151487,0.378717
13.8,-36,400000,44763,0.111907,151954,0.379885
13.8,-35.8,400000,44658,0.111645,152326,0.380815
13.8,-35.6,400000,44794,0.111985,152048,0.38012
13.8,-35.4,400000,45427,0.113568,152105,0.380263
13.8,-35.2,400000,45218,0.113045,151794,0.379485
13.8,-35,400000,44990,0.112475,151690,0.379225
13.8,-34.8,400000,44521,0.111302,151939,0.379848
13.8,-34.6,400000,44856,0.11214,152647,0.381617
13.8,-34.4,400000,44665,0.111662,152207,0.380518
13.8,-34.2,400000,44966,0.112415,152708,0.38177
13.8,-34,400000,44703,0.111757,151107,0.377767
13.8,-33.8,400000,44687,0.111717,151275,0.378188
13.8,-33.6,400000,44877,0.112193,152418,0.381045
13.8,-33.4,400000,44754,0.111885,152432,0.38108
13.8,-33.2,400000,44952,0.11238,151880,0.3797
13.8,-33,400000,45060,0.11265,152385,0.380962
13.8,-32.8,400000,44691,0.111727,152001,0.380003
13.8,-32.6,400000,44514,0.111285,151640,0.3791
13.8,-32.4,400000,44894,0.112235,152088,0.38022
13.8,-32.2,400000,45238,0.113095,151802,0.379505
13.8,-32,400000,44649,0.111622,151837,0.379592
13.8,-31.8,400000,44865,0.112162,151398,0.378495
13.8,-31.6,400000,44760,0.1119,152372,0.38093
13.8,-31.4,400000,44914,0.112285,151961,0.379902
13.8,-31.2,400000,44865,0.112162,152144,0.38036
13.8,-31,400000,44863,0.112157,152189,0.380472
13.8,-30.8,400000,44955,0.112388,151878,0.379695
13.8,-30.6,400000,44626,0.111565,151920,0.3798
13.8,-30.4,400000,44682,0.111705,151996,0.37999
13.8,-30.2,400000,45400,0.1135,152221,0.380553
13.8,-30,400000,44895,0.112238,151976,0.37994
13.8,-29.8,400000,44752,0.11188,152023,0.380057
13.8,-29.6,400000,44988,0.11247,151621,0.379053
13.8,-29.4,400000,44833,0.112083,152036,0.38009
13.8,-29.2,400000,44309,0.110772,151663,0.379157
13.8,-29,400000,44644,0.11161,152055,0.380138
13.8,-28.8,400000,44912,0.11228,151518,0.378795
13.8,-28.6,400000,44943,0.112357,152421,0.381053
13.8,-28.4,400000,44900,0.11225,151938,0.379845
13.8,-28.2,400000,44650,0.111625,151549,0.378873
13.8,-28,400000,45466,0.113665,153242,0.383105
13.8,-27.8,400000,44828,0.11207,151671,0.379178
13.8,-27.6,400000,44839,0.112098,152499,0.381248
13.8,-27.4,400000,44375,0.110937,151942,0.379855
13.8,-27.2,400000,44831,0.112077,152134,0.380335
13.8,-27,400000,45068,0.11267,152207,0.380518
13.8,-26.8,400000,44604,0.11151,151699,0.379248
13.8,-26.6,400000,44963,0.112407,152154,0.380385
13.8,-26.4,400000,44833,0.112083,152352,0.38088
13.8,-26.2,400000,44944,0.11236,152126,0.380315
13.8,-26,400000,44902,0.112255,152603,0.381507
13.8,-25.8,400000,44803,0.112007,151953,0.379883
13.8,-25.6,400000,44408,0.11102,151364,0.37841
13.8,-25.4,400000,44831,0.112077,152207,0.380518
13.8,-25.2,400000,45012,0.11253,152646,0.381615
13.8,-25,400000,45120,0.1128,151986,0.379965
13.8,-24.8,400000,44955,0.112388,152134,0.380335
13.8,-24.6,400000,45113,0.112782,152386,0.380965
13.8,-24.4,400000,44737,0.111842,151940,0.37985
13.8,-24.2,400000,45245,0.113113,152515,0.381288
13.8,-24,400000,44757,0.111893,151832,0.37958
13.8,-23.8,400000,44343,0.110857,151570,0.378925
13.8,-23.6,400000,44645,0.111613,151810,0.379525
13.8,-23.4,400000,45124,0.11281,152170,0.380425
13.8,-23.2,400000,44555,0.111388,152056,0.38014
13.8,-23,400000,44315,0.110787,151889,0.379723
13.8,-22.8,400000,44855,0.112138,151863,0.379657
13.8,-22.6,400000,44817,0.112043,151727,0.379317
13.8,-22.4,400000,45181,0.112952,152005,0.380012
13.8,-22.2,400000,44598,0.111495,152497,0.381242
13.8,-22,400000,44870,0.112175,151733,0.379333
13.8,-21.8,400000,44599,0.111497,152594,0.381485
13.8,-21.6,400000,44948,0.11237,152446,0.381115
13.8,-21.4,400000,45077,0.112693,152017,0.380043
13.8,-21.2,400000,44130,0.110325,151849,0.379622
13.8,-21,400000,44412,0.11103,152215,0.380537
13.8,-20.8,400000,45032,0.11258,152364,0.38091
13.8,-20.6,400000,44699,0.111747,152243,0.380607
13.8,-20.4,400000,44935,0.112338,151493,0.378733
13.8,-20.2,400000,45384,0.11346,152805,0.382012
13.8,-20,400000,45062,0.112655,151530,0.378825
13.8,-19.8,400000,45166,0.112915,152275,0.380688
13.8,-19.6,400000,44448,0.11112,151841,0.379603
13.8,-19.4,400000,45056,0.11264,152565,0.381412
13.8,-19.2,400000,44814,0.112035,152041,0.380103
13.8,-19,400000,44742,0.111855,151951,0.379877
13.8,-18.8,400000,44505,0.111263,151749,0.379373
13.8,-18.6,400000,45254,0.113135,152190,0.380475
13.8,-18.4,400000,44917,0.112293,152889,0.382223
13.8,-18.2,400000,44567,0.111418,151550,0.378875
13.8,-18,400000,45226,0.113065,152928,0.38232
13.8,-17.8,400000,44367,0.110918,151311,0.378277
13.8,-17.6,400000,44713,0.111783,151987,0.379968
13.8,-17.4,400000,45292,0.11323,152836,0.38209
13.8,-17.2,400000,44629,0.111573,152725,0.381812
13.8,-17,400000,44771,0.111927,152309,0.380773
13.8,-16.8,400000,44712,0.11178,152338,0.380845
13.8,-16.6,400000,44463,0.111158,152053,0.380132
13.8,-16.4,400000,44841,0.112102,152087,0.380217
13.8,-16.2,400000,45252,0.11313,152274,0.380685
13.8,-16,400000,45179,0.112948,152726,0.381815
13.8,-15.8,400000,45048,0.11262,151850,0.379625
13.8,-15.6,400000,44293,0.110732,151722,0.379305
13.8,-15.4,400000,44873,0.112183,152310,0.380775
13.8,-15.2,400000,44482,0.111205,152534,0.381335
13.8,-15,400000,44876,0.11219,152272,0.38068
13.8,-14.8,400000,44608,0.11152,152191,0.380478
13.8,-14.6,400000,44510,0.111275,151980,0.37995
13.8,-14.4,400000,44639,0.111598,151676,0.37919
13.8,-14.2,400000,45241,0.113102,152116,0.38029
13.8,-14,400000,44922,0.112305,152014,0.380035
13.8,-13.8,400000,44743,0.111857,151890,0.379725
13.8,-13.6,400000,45802,0.114505,152593,0.381483
13.8,-13.4,400000,44981,0.112452,152172,0.38043
13.8,-13.2,400000,44553,0.111382,152053,0.380132
13.8,-13,400000,45187,0.112967,151783,0.379458
13.8,-12.8,400000,44712,0.11178,151644,0.37911
13.8,-12.6,400000,44558,0.111395,151940,0.37985
13.8,-12.4,400000,44528,0.11132,151928,0.37982
13.8,-12.2,400000,44577,0.111442,152345,0.380862
13.8,-12,400000,44797,0.111992,152247,0.380617
13.8,-11.8,400000,45484,0.11371,152314,0.380785
13.8,-11.6,400000,44998,0.112495,152576,0.38144
13.8,-11.4,400000,44763,0.111907,152558,0.381395
13.8,-11.2,400000,44710,0.111775,152164,0.38041
13.8,-11,400000,45076,0.11269,152409,0.381022
13.8,-10.8,400000,44967,0.112418,152264,0.38066
13.8,-10.6,400000,44994,0.112485,151848,0.37962
13.8,-10.4,400000,44515,0.111287,152106,0.380265
13.8,-10.2,400000,44566,0.111415,151879,0.379698
13.8,-10,400000,45210,0.113025,152801,0.382003
13.8,-9.8,400000,44771,0.111927,152906,0.382265
13.8,-9.6,400000,44512,0.11128,151890,0.379725
13.8,-9.4,400000,44549,0.111372,151733,0.379333
13.8,-9.2,400000,45258,0.113145,151887,0.379717
13.8,-9,400000,44884,0.11221,152335,0.380837
13.8,-8.8,400000,44985,0.112463,151798,0.379495
13.8,-8.6,400000,44686,0.111715,152021,0.380053
13.8,-8.4,400000,45171,0.112928,152316,0.38079
13.8,-8.2,400000,44653,0.111632,152236,0.38059
13.8,-8,400000,45078,0.112695,151610,0.379025
13.8,-7.8,400000,44710,0.111775,151537,0.378843
13.8,-7.6,400000,44847,0.112117,151509,0.378773
13.8,-7.4,400000,44411,0.111028,152708,0.38177
13.8,-7.2,400000,44537,0.111342,152180,0.38045
13.8,-7,400000,44831,0.112077,151949,0.379873
13.8,-6.8,400000,44747,0.111867,152278,0.380695
13.8,-6.6,400000,44928,0.11232,151939,0.379848
13.8,-6.4,400000,44878,0.112195,152177,0.380443
13.8,-6.2,400000,44898,0.112245,152042,0.380105
13.8,-6,400000,44663,0.111658,152352,0.38088
13.8,-5.8,400000,44923,0.112308,152228,0.38057
13.8,-5.6,400000,45459,0.113647,152802,0.382005
13.8,-5.4,400000,44938,0.112345,152004,0.38001
13.8,-5.2,400000,45125,0.112812,152667,0.381667
13.8,-5,400000,45148,0.11287,151845,0.379613
13.8,-4.8,400000,44625,0.111562,152156,0.38039
13.8,-4.6,400000,45100,0.11275,152384,0.38096
13.8,-4.4,400000,44207,0.110518,152096,0.38024
13.8,-4.2,400000,44945,0.112363,152756,0.38189
13.8,-4,400000,44700,0.11175,152190,0.380475
13.8,-3.8,400000,45006,0.112515,152247,0.380617
13.8,-3.6,400000,44940,0.11235,152276,0.38069
13.8,-3.4,400000,44801,0.112003,152098,0.380245
13.8,-3.2,400000,45516,0.11379,151962,0.379905
13.8,-3,400000,44831,0.112077,152437,0.381093
13.8,-2.8,400000,44810,0.112025,152264,0.38066
13.8,-2.6,400000,44905,0.112263,151556,0.37889
13.8,-2.4,400000,45156,0.11289,152002,0.380005
13.8,-2.2,400000,44914,0.112285,153091,0.382727
13.8,-2,400000,44824,0.11206,152041,0.380103
13.8,-1.8,400000,45121,0.112802,151919,0.379798
13.8,-1.6,400000,44741,0.111852,152340,0.38085
13.8,-1.4,400000,45070,0.112675,152210,0.380525
13.8,-1.2,400000,44591,0.111477,152205,0.380512
13.8,-1,400000,44577,0.111442,152175,0.380437
13.8,-0.8,400000,45066,0.112665,152891,0.382227
13.8,-0.6,400000,45633,0.114083,152662,0.381655
13.8,-0.4,400000,44325,0.110812,151838,0.379595
13.8,-0.2,400000,45069,0.112672,151691,0.379227
13.8,0,400000,45053,0.112632,152110,0.380275
13.8,0.2,400000,44446,0.111115,151631,0.379078
13.8,0.4,400000,44377,0.110942,151977,0.379943
13.8,0.6,400000,44815,0.112037,152463,0.381157
13.8,0.8,400000,44779,0.111948,152068,0.38017
13.8,1,400000,44648,0.11162,152301,0.380752
13.8,1.2,400000,44664,0.11166,152224,0.38056
13.8,1.4,400000,44330,0.110825,151871,0.379678
13.8,1.6,400000,44945,0.112363,152332,0.38083
13.8,1.8,400000,44924,0.11231,151622,0.379055
13.8,2,400000,45201,0.113003,152853,0.382132
13.8,2.2,400000,45148,0.11287,153459,0.383647
13.8,2.4,400000,44398,0.110995,151742,0.379355
13.8,2.6,400000,44653,0.111632,152110,0.380275
13.8,2.8,400000,45121,0.112802,152543,0.381358
13.8,3,400000,44534,0.111335,152040,0.3801
13.8,3.2,400000,44651,0.111628,152025,0.380063
13.8,3.4,400000,44912,0.11228,152121,0.380302
13.8,3.6,400000,44352,0.11088,152210,0.380525
13.8,3.8,400000,45116,0.11279,152346,0.380865
13.8,4,400000,45269,0.113172,152426,0.381065
13.8,4.2,400000,44547,0.111367,151631,0.379078
13.8,4.4,400000,44982,0.112455,152386,0.380965
13.8,4.6,400000,44902,0.112255,152371,0.380927
13.8,4.8,400000,44557,0.111393,152101,0.380252
13.8,5,400000,44392,0.11098,151625,0.379063
13.8,5.2,400000,44896,0.11224,152743,0.381858
13.8,5.4,400000,45049,0.112623,152386,0.380965
13.8,5.6,400000,44989,0.112473,152328,0.38082
13.8,5.8,400000,45410,0.113525,152544,0.38136
13.8,6,400000,44749,0.111872,151892,0.37973
13.8,6.2,400000,44840,0.1121,151879,0.379698
13.8,6.4,400000,44933,0.112333,152469,0.381173
13.8,6.6,400000,45088,0.11272,152086,0.380215
13.8,6.8,400000,44693,0.111732,152051,0.380128
13.8,7,400000,44911,0.112278,151440,0.3786
13.8,7.2,400000,44355,0.110887,151853,0.379632
13.8,7.4,400000,44330,0.110825,152011,0.380028
13.8,7.6,400000,44884,0.11221,152471,0.381178
13.8,7.8,400000,44826,0.112065,151496,0.37874
13.8,8,400000,45035,0.112587,152121,0.380302
13.8,8.2,400000,44623,0.111558,152090,0.380225
13.8,8.4,400000,44690,0.111725,152360,0.3809
13.8,8.6,400000,44905,0.112263,151948,0.37987
13.8,8.8,400000,44007,0.110018,151462,0.378655
13.8,9,400000,44649,0.111622,152144,0.38036
13.8,9.2,400000,45175,0.112937,152806,0.382015
13.8,9.4,400000,44859,0.112147,151973,0.379933
13.8,9.6,400000,44665,0.111662,152060,0.38015
13.8,9.8,400000,45193,0.112982,152810,0.382025
13.8,10,400000,44779,0.111948,152277,0.380692
13.8,10.2,400000,44606,0.111515,151987,0.379968
13.8,10.4,400000,44930,0.112325,152697,0.381742
13.8,10.6,400000,45543,0.113858,152417,0.381043
13.8,10.8,400000,44747,0.111867,152273,0.380682
13.8,11,400000,44626,0.111565,152496,0.38124
13.8,11.2,400000,44897,0.112242,152227,0.380568
13.8,11.4,400000,44400,0.111,151914,0.379785
13.8,11.6,400000,44749,0.111872,152227,0.380568
13.8,11.8,400000,44752,0.11188,152166,0.380415
13.8,12,400000,44896,0.11224,152616,0.38154
13.8,12.2,400000,45526,0.113815,152575,0.381437
13.8,12.4,400000,45006,0.112515,152371,0.380927
13.8,12.6,400000,44457,0.111143,152224,0.38056
13.8,12.8,400000,45061,0.112653,152270,0.380675
13.8,13,400000,44975,0.112437,151614,0.379035
13.8,13.2,400000,44530,0.111325,151716,0.37929
13.8,13.4,400000,44982,0.112455,152287,0.380717
13.8,13.6,400000,44863,0.112157,151761,0.379402
13.8,13.8,400000,44897,0.112242,152063,0.380157
13.8,14,400000,44585,0.111463,152423,0.381057
13.8,14.2,400000,44922,0.112305,152117,0.380292
13.8,14.4,400000,45091,0.112727,152202,0.380505
13.8,14.6,400000,45030,0.112575,152668,0.38167
13.8,14.8,400000,45205,0.113013,152356,0.38089
13.8,15,400000,45012,0.11253,151862,0.379655
13.8,15.2,400000,44693,0.111732,152446,0.381115
13.8,15.4,400000,44623,0.111558,152092,0.38023
13.8,15.6,400000,44967,0.112418,152100,0.38025
13.8,15.8,400000,44855,0.112138,152877,0.382192
13.8,16,400000,44481,0.111202,152034,0.380085
13.8,16.2,400000,44434,0.111085,151944,0.37986
13.8,16.4,400000,44909,0.112272,152871,0.382178
13.8,16.6,400000,44424,0.11106,152811,0.382028
13.8,16.8,400000,44601,0.111503,152157,0.380393
13.8,17,400000,45111,0.112778,151824,0.37956
13.8,17.2,400000,44439,0.111098,152328,0.38082
13.8,17.4,400000,45183,0.112958,152129,0.380323
13.8,17.6,400000,44783,0.111958,152269,0.380673
13.8,17.8,400000,44764,0.11191,152502,0.381255
13.8,18,400000,45082,0.112705,152389,0.380972
13.8,18.2,400000,45079,0.112698,152645,0.381613
13.8,18.4,400000,45218,0.113045,152197,0.380493
13.8,18.6,400000,44637,0.111592,151887,0.379717
13.8,18.8,400000,44879,0.112198,152057,0.380142
13.8,19,400000,44849,0.112122,152142,0.380355
13.8,19.2,400000,44553,0.111382,151980,0.37995
13.8,19.4,400000,44939,0.112348,151588,0.37897
13.8,19.6,400000,44513,0.111283,152144,0.38036
13.8,19.8,400000,44561,0.111403,152158,0.380395
13.8,20,400000,44820,0.11205,152597,0.381493
13.8,20.2,400000,44906,0.112265,151595,0.378987
13.8,20.4,400000,44911,0.112278,151698,0.379245
13.8,20.6,400000,45325,0.113312,152490,0.381225
13.8,20.8,400000,45015,0.112537,151936,0.37984
13.8,21,400000,44752,0.11188,151532,0.37883
13.8,21.2,400000,45038,0.112595,152234,0.380585
13.8,21.4,400000,44953,0.112382,152419,0.381047
13.8,21.6,400000,45418,0.113545,152210,0.380525
13.8,21.8,400000,44657,0.111643,151777,0.379443
13.8,22,400000,44634,0.111585,152153,0.380383
13.8,22.2,400000,44645,0.111613,151629,0.379072
13.8,22.4,400000,44999,0.112498,152249,0.380622
13.8,22.6,400000,44895,0.112238,152479,0.381198
13.8,22.8,400000,44442,0.111105,151862,0.379655
13.8,23,400000,44870,0.112175,152410,0.381025
13.8,23.2,400000,44897,0.112242,152298,0.380745
13.8,23.4,400000,44867,0.112168,151802,0.379505
13.8,23.6,400000,44359,0.110897,152035,0.380088
13.8,23.8,400000,44981,0.112452,151411,0.378528
13.8,24,400000,44625,0.111562,152250,0.380625
13.8,24.2,400000,44712,0.11178,152003,0.380007
13.8,24.4,400000,45078,0.112695,152247,0.380617
13.8,24.6,400000,44887,0.112217,152061,0.380153
13.8,24.8,400000,44697,0.111742,152396,0.38099
13.8,25,400000,44490,0.111225,151595,0.378987
13.8,25.2,400000,44911,0.112278,151947,0.379868
13.8,25.4,400000,44716,0.11179,152611,0.381528
13.8,25.6,400000,44684,0.11171,152514,0.381285
13.8,25.8,400000,44872,0.11218,152235,0.380588
13.8,26,400000,44615,0.111537,152420,0.38105
13.8,26.2,400000,44622,0.111555,151783,0.379458
13.8,26.4,400000,44472,0.11118,152087,0.380217
13.8,26.6,400000,44233,0.110583,151412,0.37853
13.8,26.8,400000,45227,0.113068,153160,0.3829
13.8,27,400000,44758,0.111895,151915,0.379788
13.8,27.2,400000,44808,0.11202,152399,0.380997
13.8,27.4,400000,44917,0.112293,152317,0.380792
13.8,27.6,400000,44994,0.112485,151922,0.379805
13.8,27.8,400000,44998,0.112495,152110,0.380275
13.8,28,400000,44525,0.111312,152104,0.38026
13.8,28.2,400000,45251,0.113128,152399,0.380997
13.8,28.4,400000,45075,0.112687,152557,0.381393
13.8,28.6,400000,44842,0.112105,151558,0.378895
13.8,28.8,400000,45093,0.112732,152035,0.380088
13.8,29,400000,44877,0.112193,152098,0.380245
13.8,29.2,400000,44921,0.112302,151807,0.379518
13.8,29.4,400000,44965,0.112412,151945,0.379862
13.8,29.6,400000,45285,0.113212,152397,0.380993
13.8,29.8,400000,44841,0.112102,152183,0.380458
13.8,30,400000,44571,0.111427,152288,0.38072
13.8,30.2,400000,44706,0.111765,152354,0.380885
13.8,30.4,400000,45048,0.11262,152150,0.380375
13.8,30.6,400000,45091,0.112727,152689,0.381723
13.8,30.8,400000,45570,0.113925,152184,0.38046
13.8,31,400000,45159,0.112897,151647,0.379117
13.8,31.2,400000,44024,0.11006,151404,0.37851
13.8,31.4,400000,44884,0.11221,152137,0.380342
13.8,31.6,400000,44914,0.112285,152384,0.38096
13.8,31.8,400000,44934,0.112335,151866,0.379665
13.8,32,400000,44604,0.11151,152189,0.380472
13.8,32.2,400000,45103,0.112757,151915,0.379788
13.8,32.4,400000,44860,0.11215,152344,0.38086
13.8,32.6,400000,45120,0.1128,152347,0.380868
13.8,32.8,400000,44735,0.111838,151640,0.3791
13.8,33,400000,44705,0.111763,151987,0.379968
13.8,33.2,400000,44936,0.11234,152647,0.381617
13.8,33.4,400000,44434,0.111085,151929,0.379823
13.8,33.6,400000,45091,0.112727,152598,0.381495
13.8,33.8,400000,44667,0.111668,152498,0.381245
13.8,34,400000,44512,0.11128,151744,0.37936
13.8,34.2,400000,44166,0.110415,152007,0.380018
13.8,34.4,400000,44960,0.1124,152828,0.38207
13.8,34.6,400000,45324,0.11331,152023,0.380057
13.8,34.8,400000,44796,0.11199,151169,0.377922
13.8,35,400000,44916,0.11229,151974,0.379935
13.8,35.2,400000,44756,0.11189,152297,0.380742
13.8,35.4,400000,44654,0.111635,152197,0.380493
13.8,35.6,400000,44543,0.111357,152070,0.380175
13.8,35.8,400000,45096,0.11274,152694,0.381735
13.8,36,400000,44892,0.11223,151853,0.379632
13.8,36.2,400000,44900,0.11225,151972,0.37993
13.8,36.4,400000,45108,0.11277,152738,0.381845
13.8,36.6,400000,45253,0.113132,151996,0.37999
13.8,36.8,400000,44777,0.111943,151890,0.379725
13.8,37,400000,44761,0.111903,152154,0.380385
13.8,37.2,400000,45127,0.112818,151919,0.379798
13.8,37.4,400000,44615,0.111537,151876,0.37969
13.8,37.6,400000,44913,0.112282,151911,0.379777
13.8,37.8,400000,44695,0.111738,152309,0.380773
13.8,38,400000,45439,0.113598,151852,0.37963
13.8,38.2,400000,44752,0.11188,152145,0.380362
13.8,38.4,400000,44907,0.112268,151818,0.379545
13.8,38.6,400000,44270,0.110675,151526,0.378815
13.8,38.8,400000,44466,0.111165,151253,0.378132
13.8,39,400000,44869,0.112172,151690,0.379225
13.8,39.2,400000,44758,0.111895,151794,0.379485
13.8,39.4,400000,44689,0.111723,151588,0.37897
13.8,39.6,400000,44452,0.11113,151710,0.379275
13.8,39.8,400000,45031,0.112577,152145,0.380362
13.8,40,400000,45345,0.113363,152003,0.380007
13.8,40.2,400000,44672,0.11168,152549,0.381373
13.8,40.4,400000,44838,0.112095,152542,0.381355
13.8,40.6,400000,45337,0.113342,152588,0.38147
13.8,40.8,400000,44758,0.111895,151509,0.378773
13.8,41,400000,44723,0.111808,151665,0.379163
13.8,41.2,400000,44637,0.111592,152237,0.380593
13.8,41.4,400000,44861,0.112153,151764,0.37941
13.8,41.6,400000,44525,0.111312,152122,0.380305
13.8,41.8,400000,44173,0.110433,151666,0.379165
13.8,42,400000,44750,0.111875,152348,0.38087
13.8,42.2,400000,45281,0.113202,152259,0.380648
13.8,42.4,400000,45313,0.113282,151848,0.37962
13.8,42.6,400000,44533,0.111333,152258,0.380645
13.8,42.8,400000,44897,0.112242,152241,0.380603
13.8,43,400000,44627,0.111568,152200,0.3805
13.8,43.2,400000,45241,0.113102,152342,0.380855
13.8,43.4,400000,45549,0.113873,152774,0.381935
13.8,43.6,400000,44293,0.110732,151857,0.379642
13.8,43.8,400000,44980,0.11245,152229,0.380572
13.8,44,400000,45134,0.112835,152370,0.380925
13.8,44.2,400000,44633,0.111583,152302,0.380755
13.8,44.4,400000,44507,0.111268,152007,0.380018
13.8,44.6,400000,44846,0.112115,152440,0.3811
13.8,44.8,400000,44989,0.112473,152076,0.38019
13.8,45,400000,44869,0.112172,151415,0.378538
13.8,45.2,400000,44730,0.111825,152465,0.381163
13.8,45.4,400000,44458,0.111145,151660,0.37915
13.8,45.6,400000,44836,0.11209,151612,0.37903
13.8,45.8,400000,44699,0.111747,152208,0.38052
13.8,46,400000,44169,0.110423,151529,0.378823
13.8,46.2,400000,45157,0.112893,152475,0.381188
13.8,46.4,400000,45096,0.11274,152387,0.380968
13.8,46.6,400000,45509,0.113772,152450,0.381125
13.8,46.8,400000,44602,0.111505,151341,0.378352
13.8,47,400000,44521,0.111302,151949,0.379873
13.8,47.2,400000,44933,0.112333,152129,0.380323
13.8,47.4,400000,44672,0.11168,151882,0.379705
13.8,47.6,400000,44845,0.112113,152660,0.38165
13.8,47.8,400000,44962,0.112405,152040,0.3801
13.8,48,400000,44303,0.110757,151763,0.379408
13.8,48.2,400000,44088,0.11022,151878,0.379695
13.8,48.4,400000,45256,0.11314,152734,0.381835
13.8,48.6,400000,44710,0.111775,151607,0.379018
13.8,48.8,400000,44711,0.111778,152152,0.38038
13.8,49,400000,44780,0.11195,151900,0.37975
13.8,49.2,400000,45550,0.113875,152901,0.382252
13.8,49.4,400000,44928,0.11232,152036,0.38009
13.8,49.6,400000,44672,0.11168,151845,0.379613
13.8,49.8,400000,44914,0.112285,151866,0.379665
13.8,50,400000,44879,0.112198,152352,0.38088
14,-50,400000,45210,0.113025,152145,0.380362
14,-49.8,400000,44743,0.111857,151897,0.379742
14,-49.6,400000,44599,0.111497,151937,0.379843
14,-49.4,400000,44568,0.11142,152399,0.380997
14,-49.2,400000,44921,0.112302,152274,0.380685
14,-49,400000,44771,0.111927,151828,0.37957
14,-48.8,400000,45200,0.113,152011,0.380028
14,-48.6,400000,44600,0.1115,151774,0.379435
14,-48.4,400000,44772,0.11193,151492,0.37873
14,-48.2,400000,44842,0.112105,152295,0.380738
14,-48,400000,44628,0.11157,151412,0.37853
14,-47.8,400000,44646,0.111615,151959,0.379897
14,-47.6,400000,44600,0.1115,151800,0.3795
14,-47.4,400000,44733,0.111833,151587,0.378968
14,-47.2,400000,45377,0.113443,151532,0.37883
14,-47,400000,44923,0.112308,151587,0.378968
14,-46.8,400000,44698,0.111745,151033,0.377582
14,-46.6,400000,44767,0.111918,152170,0.380425
14,-46.4,400000,44861,0.112153,152080,0.3802
14,-46.2,400000,44512,0.11128,151883,0.379707
14,-46,400000,44672,0.11168,152291,0.380727
14,-45.8,400000,44694,0.111735,152053,0.380132
14,-45.6,400000,45455,0.113638,152707,0.381767
14,-45.4,400000,44516,0.11129,151846,0.379615
14,-45.2,400000,44689,0.111723,152075,0.380188
14,-45,400000,45173,0.112933,152772,0.38193
14,-44.8,400000,44720,0.1118,152199,0.380497
14,-44.6,400000,45250,0.113125,151954,0.379885
14,-44.4,400000,45234,0.113085,152234,0.380585
14,-44.2,400000,44855,0.112138,152760,0.3819
14,-44,400000,44713,0.111783,152319,0.380798
14,-43.8,400000,44575,0.111437,152286,0.380715
14,-43.6,400000,44875,0.112187,152398,0.380995
14,-43.4,400000,44991,0.112477,151850,0.379625
14,-43.2,400000,45112,0.11278,152065,0.380163
14,-43,400000,44871,0.112177,151717,0.379292
14,-42.8,400000,45202,0.113005,152476,0.38119
14,-42.6,400000,44728,0.11182,151205,0.378012
14,-42.4,400000,45392,0.11348,152816,0.38204
14,-42.2,400000,44849,0.112122,151960,0.3799
14,-42,400000,44929,0.112323,151920,0.3798
14,-41.8,400000,45015,0.112537,152377,0.380943
14,-41.6,400000,44868,0.11217,151904,0.37976
14,-41.4,400000,45075,0.112687,152218,0.380545
14,-41.2,400000,44848,0.11212,151589,0.378972
14,-41,400000,45023,0.112558,152087,0.380217
14,-40.8,400000,44877,0.112193,152600,0.3815
14,-40.6,400000,44457,0.111143,151712,0.37928
14,-40.4,400000,45549,0.113873,152096,0.38024
14,-40.2,400000,45385,0.113462,152437,0.381093
14,-40,400000,45052,0.11263,152161,0.380402
14,-39.8,400000,44643,0.111607,152116,0.38029
14,-39.6,400000,44511,0.111278,151782,0.379455
14,-39.4,400000,44771,0.111927,151953,0.379883
14,-39.2,400000,44877,0.112193,152425,0.381063
14,-39,400000,44851,0.112128,151912,0.37978
14,-38.8,400000,44741,0.111852,151828,0.37957
14,-38.6,400000,45004,0.11251,152399,0.380997
14,-38.4,400000,45220,0.11305,152666,0.381665
14,-38.2,400000,44838,0.112095,152305,0.380763
14,-38,400000,44555,0.111388,152036,0.38009
14,-37.8,400000,45175,0.112937,152989,0.382472
14,-37.6,400000,45037,0.112592,152196,0.38049
14,-37.4,400000,45327,0.113318,152058,0.380145
14,-37.2,400000,45076,0.11269,151919,0.379798
14,-37,400000,44973,0.112433,151956,0.37989
14,-36.8,400000,44703,0.111757,152451,0.381128
14,-36.6,400000,44757,0.111893,151739,0.379348
14,-36.4,400000,44705,0.111763,151551,0.378877
14,-36.2,400000,45066,0.112665,152148,0.38037
14,-36,400000,44767,0.111918,152089,0.380223
14,-35.8,400000,45050,0.112625,151983,0.379958
14,-35.6,400000,44752,0.11188,152045,0.380113
14,-35.4,400000,44976,0.11244,152330,0.380825
14,-35.2,400000,44770,0.111925,151994,0.379985
14,-35,400000,45057,0.112643,152433,0.381082
14,-34.8,400000,44821,0.112052,151706,0.379265
14,-34.6,400000,44966,0.112415,152089,0.380223
14,-34.4,400000,44802,0.112005,152185,0.380462
14,-34.2,400000,44991,0.112477,152002,0.380005
14,-34,400000,44336,0.11084,151970,0.379925
14,-33.8,400000,44940,0.11235,151837,0.379592
14,-33.6,400000,45554,0.113885,152122,0.380305
14,-33.4,400000,43914,0.109785,152445,0.381113
14,-33.2,400000,45001,0.112503,152372,0.38093
14,-33,400000,44956,0.11239,151700,0.37925
14,-32.8,400000,44403,0.111007,152128,0.38032
14,-32.6,400000,44891,0.112227,152572,0.38143
14,-32.4,400000,44117,0.110293,151505,0.378763
14,-32.2,400000,44942,0.112355,152053,0.380132
14,-32,400000,45244,0.11311,151824,0.37956
14,-31.8,400000,44763,0.111907,152589,0.381472
14,-31.6,400000,44948,0.11237,152685,0.381713
14,-31.4,400000,45017,0.112543,152504,0.38126
14,-31.2,400000,45511,0.113778,152484,0.38121
14,-31,400000,45282,0.113205,152287,0.380717
14,-30.8,400000,44989,0.112473,152461,0.381153
14,-30.6,400000,44509,0.111272,151999,0.379997
14,-30.4,400000,44889,0.112223,151907,0.379767
14,-30.2,400000,45325,0.113312,152186,0.380465
14,-30,400000,44139,0.110348,152182,0.380455
14,-29.8,400000,44792,0.11198,152033,0.380082
14,-29.6,400000,44765,0.111912,151988,0.37997
14,-29.4,400000,44490,0.111225,151564,0.37891
14,-29.2,400000,44689,0.111723,152303,0.380758
14,-29,400000,44726,0.111815,152485,0.381213
14,-28.8,400000,45577,0.113943,152915,0.382288
14,-28.6,400000,44282,0.110705,151513,0.378783
14,-28.4,400000,44480,0.1112,151956,0.37989
14,-28.2,400000,44813,0.112032,151834,0.379585
14,-28,400000,44481,0.111202,152411,0.381028
14,-27.8,400000,44703,0.111757,152216,0.38054
14,-27.6,400000,45462,0.113655,152344,0.38086
14,-27.4,400000,44692,0.11173,152331,0.380827
14,-27.2,400000,44729,0.111823,152617,0.381543
14,-27,400000,44536,0.11134,151945,0.379862
14,-26.8,400000,44797,0.111992,151691,0.379227
14,-26.6,400000,44636,0.11159,152113,0.380283
14,-26.4,400000,44347,0.110867,152087,0.380217
14,-26.2,400000,45043,0.112607,152226,0.380565
14,-26,400000,44682,0.111705,152083,0.380207
14,-25.8,400000,44272,0.11068,151071,0.377677
14,-25.6,400000,44495,0.111238,152645,0.381613
14,-25.4,400000,45452,0.11363,152411,0.381028
14,-25.2,400000,45021,0.112552,151926,0.379815
14,-25,400000,45281,0.113202,152719,0.381798
14,-24.8,400000,44427,0.111067,152512,0.38128
14,-24.6,400000,44912,0.11228,152269,0.380673
14,-24.4,400000,44729,0.111823,151981,0.379953
14,-24.2,400000,45045,0.112613,152291,0.380727
14,-24,400000,45012,0.11253,151931,0.379827
14,-23.8,400000,44848,0.11212,151934,0.379835
14,-23.6,400000,44246,0.110615,152381,0.380953
14,-23.4,400000,44686,0.111715,151429,0.378572
14,-23.2,400000,45254,0.113135,152013,0.380032
14,-23,400000,44522,0.111305,152355,0.380887
14,-22.8,400000,44944,0.11236,151590,0.378975
14,-22.6,400000,44824,0.11206,152099,0.380248
14,-22.4,400000,44710,0.111775,152218,0.380545
14,-22.2,400000,44331,0.110827,151955,0.379887
14,-22,400000,45089,0.112723,152259,0.380648
14,-21.8,400000,45116,0.11279,152596,0.38149
14,-21.6,400000,44957,0.112393,151511,0.378777
14,-21.4,400000,44979,0.112448,152351,0.380877
14,-21.2,400000,44952,0.11238,152191,0.380478
14,-21,400000,44965,0.112412,152220,0.38055
14,-20.8,400000,45190,0.112975,152345,0.380862
14,-20.6,400000,44617,0.111543,152447,0.381117
14,-20.4,400000,44267,0.110668,152114,0.380285
14,-20.2,400000,44700,0.11175,152187,0.380468
14,-20,400000,44636,0.11159,152016,0.38004
14,-19.8,400000,44748,0.11187,151364,0.37841
14,-19.6,400000,44773,0.111933,151891,0.379727
14,-19.4,400000,44641,0.111602,151720,0.3793
14,-19.2,400000,44587,0.111467,152135,0.380337
14,-19,400000,44707,0.111768,151633,0.379082
14,-18.8,400000,44313,0.110783,151867,0.379667
14,-18.6,400000,45144,0.11286,151991,0.379978
14,-18.4,400000,45398,0.113495,152616,0.38154
14,-18.2,400000,45005,0.112513,152105,0.380263
14,-18,400000,45110,0.112775,152180,0.38045
14,-17.8,400000,44701,0.111753,151705,0.379263
14,-17.6,400000,44537,0.111342,152056,0.38014
14,-17.4,400000,44835,0.112088,152336,0.38084
14,-17.2,400000,44653,0.111632,152166,0.380415
14,-17,400000,44794,0.111985,152523,0.381308
14,-16.8,400000,45122,0.112805,152558,0.381395
14,-16.6,400000,44713,0.111783,152144,0.38036
14,-16.4,400000,44692,0.11173,151921,0.379802
14,-16.2,400000,45419,0.113547,152604,0.38151
14,-16,400000,45243,0.113107,152661,0.381653
14,-15.8,400000,45166,0.112915,152504,0.38126
14,-15.6,400000,44856,0.11214,152340,0.38085
14,-15.4,400000,44807,0.112018,152520,0.3813
14,-15.2,400000,45014,0.112535,152827,0.382068
14,-15,400000,45233,0.113083,152915,0.382288
14,-14.8,400000,44774,0.111935,151982,0.379955
14,-14.6,400000,44397,0.110992,152019,0.380047
14,-14.4,400000,45755,0.114388,152267,0.380667
14,-14.2,400000,44608,0.11152,152164,0.38041
14,-14,400000,44677,0.111693,151866,0.379665
14,-13.8,400000,44736,0.11184,151989,0.379972
14,-13.6,400000,44451,0.111128,151915,0.379788
14,-13.4,400000,44863,0.112157,152549,0.381373
14,-13.2,400000,44923,0.112308,151961,0.379902
14,-13,400000,45255,0.113138,152279,0.380698
14,-12.8,400000,44823,0.112058,151634,0.379085
14,-12.6,400000,45203,0.113007,153062,0.382655
14,-12.4,400000,44995,0.112488,152212,0.38053
14,-12.2,400000,45030,0.112575,152075,0.380188
14,-12,400000,44982,0.112455,152044,0.38011
14,-11.8,400000,44744,0.11186,152272,0.38068
14,-11.6,400000,44563,0.111408,152132,0.38033
14,-11.4,400000,45083,0.112708,152631,0.381578
14,-11.2,400000,44911,0.112278,152008,0.38002
14,-11,400000,45152,0.11288,152025,0.380063
14,-10.8,400000,45109,0.112772,152012,0.38003
14,-10.6,400000,44602,0.111505,152128,0.38032
14,-10.4,400000,44674,0.111685,151920,0.3798
14,-10.2,400000,44777,0.111943,151992,0.37998
14,-10,400000,44542,0.111355,152370,0.380925
14,-9.8,400000,45415,0.113537,152478,0.381195
14,-9.6,400000,44346,0.110865,151955,0.379887
14,-9.4,400000,44415,0.111037,151722,0.379305
14,-9.2,400000,44981,0.112452,152553,0.381383
14,-9,400000,45230,0.113075,152555,0.381387
14,-8.8,400000,44663,0.111658,151898,0.379745
14,-8.6,400000,45038,0.112595,151789,0.379472
14,-8.4,400000,44615,0.111537,151741,0.379352
14,-8.2,400000,44955,0.112388,152345,0.380862
14,-8,400000,44954,0.112385,151739,0.379348
14,-7.8,400000,44788,0.11197,152040,0.3801
14,-7.6,400000,45147,0.112867,152499,0.381248
14,-7.4,400000,44622,0.111555,152634,0.381585
14,-7.2,400000,44461,0.111153,151554,0.378885
14,-7,400000,44959,0.112397,152651,0.381628
14,-6.8,400000,44701,0.111753,152240,0.3806
14,-6.6,400000,44965,0.112412,152074,0.380185
14,-6.4,400000,44965,0.112412,151754,0.379385
14,-6.2,400000,44604,0.11151,152390,0.380975
14,-6,400000,45421,0.113553,152445,0.381113
14,-5.8,400000,44731,0.111827,151993,0.379983
14,-5.6,400000,45095,0.112738,152412,0.38103
14,-5.4,400000,44499,0.111247,152085,0.380213
14,-5.2,400000,45219,0.113047,152393,0.380983
14,-5,400000,44381,0.110952,152227,0.380568
14,-4.8,400000,44628,0.11157,152179,0.380447
14,-4.6,400000,44793,0.111982,152195,0.380487
14,-4.4,400000,45063,0.112657,151658,0.379145
14,-4.2,400000,44684,0.11171,152391,0.380978
14,-4,400000,44636,0.11159,152485,0.381213
14,-3.8,400000,45075,0.112687,152027,0.380068
14,-3.6,400000,44177,0.110442,151596,0.37899
14,-3.4,400000,44750,0.111875,152011,0.380028
14,-3.2,400000,45130,0.112825,152708,0.38177
14,-3,400000,44932,0.11233,151796,0.37949
14,-2.8,400000,44465,0.111162,152082,0.380205
14,-2.6,400000,45102,0.112755,151796,0.37949
14,-2.4,400000,44409,0.111022,151716,0.37929
14,-2.2,400000,44798,0.111995,151920,0.3798
14,-2,400000,44193,0.110482,152132,0.38033
14,-1.8,400000,44773,0.111933,152163,0.380408
14,-1.6,400000,44900,0.11225,151667,0.379167
14,-1.4,400000,44855,0.112138,152447,0.381117
14,-1.2,400000,45098,0.112745,152500,0.38125
14,-1,400000,44795,0.111988,151929,0.379823
14,-0.8,400000,44842,0.112105,151751,0.379377
14,-0.6,400000,45351,0.113378,152296,0.38074
14,-0.4,400000,45053,0.112632,152459,0.381147
14,-0.2,400000,44530,0.111325,151908,0.37977
14,0,400000,45066,0.112665,152016,0.38004
14,0.2,400000,45315,0.113287,152049,0.380122
14,0.4,400000,44889,0.112223,152428,0.38107
14,0.6,400000,44152,0.11038,151564,0.37891
14,0.8,400000,44359,0.110897,152324,0.38081
14,1,400000,44996,0.11249,152327,0.380817
14,1.2,400000,44546,0.111365,152290,0.380725
14,1.4,400000,44599,0.111497,151817,0.379543
14,1.6,400000,44725,0.111812,152382,0.380955
14,1.8,400000,45528,0.11382,152906,0.382265
14,2,400000,44778,0.111945,152657,0.381642
14,2.2,400000,44759,0.111897,152047,0.380117
14,2.4,400000,45210,0.113025,152231,0.380578
14,2.6,400000,45124,0.11281,151906,0.379765
14,2.8,400000,44886,0.112215,152352,0.38088
14,3,400000,44851,0.112128,152035,0.380088
14,3.2,400000,44905,0.112263,151988,0.37997
14,3.4,400000,44594,0.111485,152019,0.380047
14,3.6,400000,45007,0.112518,152245,0.380613
14,3.8,400000,44697,0.111742,151950,0.379875
14,4,400000,44714,0.111785,152657,0.381642
14,4.2,400000,44925,0.112312,151953,0.379883
14,4.4,400000,45091,0.112727,152584,0.38146
14,4.6,400000,44630,0.111575,152448,0.38112
14,4.8,400000,45029,0.112573,152514,0.381285
14,5,400000,44190,0.110475,151547,0.378868
14,5.2,400000,44834,0.112085,152484,0.38121
14,5.4,400000,44739,0.111848,152371,0.380927
14,5.6,400000,44189,0.110473,151811,0.379528
14,5.8,400000,45200,0.113,151691,0.379227
14,6,400000,44438,0.111095,152282,0.380705
14,6.2,400000,44796,0.11199,152292,0.38073
14,6.4,400000,45351,0.113378,151792,0.37948
14,6.6,400000,44614,0.111535,152349,0.380873
14,6.8,400000,44511,0.111278,152191,0.380478
14,7,400000,44942,0.112355,152432,0.38108
14,7.2,400000,45019,0.112547,152285,0.380713
14,7.4,400000,44489,0.111223,151958,0.379895
14,7.6,400000,44954,0.112385,152090,0.380225
14,7.8,400000,44928,0.11232,152241,0.380603
14,8,400000,45306,0.113265,151985,0.379962
14,8.2,400000,44558,0.111395,151700,0.37925
14,8.4,400000,44713,0.111783,151649,0.379122
14,8.6,400000,45221,0.113053,152264,0.38066
14,8.8,400000,45035,0.112587,152840,0.3821
14,9,400000,45348,0.11337,152055,0.380138
14,9.2,400000,44166,0.110415,151248,0.37812
14,9.4,400000,45042,0.112605,151907,0.379767
14,9.6,400000,45084,0.11271,151941,0.379852
14,9.8,400000,45245,0.113113,152456,0.38114
14,10,400000,45133,0.112833,151997,0.379993
14,10.2,400000,44977,0.112443,151698,0.379245
14,10.4,400000,44852,0.11213,152546,0.381365
14,10.6,400000,45126,0.112815,152499,0.381248
14,10.8,400000,45058,0.112645,152439,0.381097
14,11,400000,45058,0.112645,152325,0.380812
14,11.2,400000,44782,0.111955,152196,0.38049
14,11.4,400000,44736,0.11184,152294,0.380735
14,11.6,400000,45227,0.113068,152170,0.380425
14,11.8,400000,45271,0.113178,152779,0.381947
14,12,400000,44927,0.112318,152241,0.380603
14,12.2,400000,45104,0.11276,152244,0.38061
14,12.4,400000,44966,0.112415,152124,0.38031
14,12.6,400000,44839,0.112098,151953,0.379883
14,12.8,400000,44830,0.112075,151935,0.379837
14,13,400000,44787,0.111967,151951,0.379877
14,13.2,400000,44987,0.112467,152267,0.380667
14,13.4,400000,44745,0.111863,151918,0.379795
14,13.6,400000,45043,0.112607,152048,0.38012
14,13.8,400000,45202,0.113005,152289,0.380723
14,14,400000,44704,0.11176,152071,0.380178
14,14.2,400000,44581,0.111452,152500,0.38125
14,14.4,400000,44795,0.111988,151955,0.379887
14,14.6,400000,45212,0.11303,152119,0.380298
14,14.8,400000,44840,0.1121,152301,0.380752
14,15,400000,44550,0.111375,151353,0.378383
14,15.2,400000,45225,0.113062,152641,0.381603
14,15.4,400000,44947,0.112367,152315,0.380788
14,15.6,400000,44744,0.11186,152882,0.382205
14,15.8,400000,44711,0.111778,152470,0.381175
14,16,400000,45062,0.112655,152328,0.38082
14,16.2,400000,44535,0.111338,151737,0.379343
14,16.4,400000,44817,0.112043,152548,0.38137
14,16.6,400000,44739,0.111848,151587,0.378968
14,16.8,400000,44921,0.112302,152189,0.380472
14,17,400000,44729,0.111823,151799,0.379497
14,17.2,400000,44826,0.112065,151788,0.37947
14,17.4,400000,45246,0.113115,152367,0.380918
14,17.6,400000,45114,0.112785,152569,0.381422
14,17.8,400000,44547,0.111367,151932,0.37983
14,18,400000,44955,0.112388,151789,0.379472
14,18.2,400000,44881,0.112202,152339,0.380848
14,18.4,400000,45151,0.112878,151936,0.37984
14,18.6,400000,44533,0.111333,151924,0.37981
14,18.8,400000,44939,0.112348,152153,0.380383
14,19,400000,45333,0.113333,152955,0.382387
14,19.2,400000,44884,0.11221,151837,0.379592
14,19.4,400000,44441,0.111103,152002,0.380005
14,19.6,400000,43949,0.109872,151431,0.378578
14,19.8,400000,45093,0.112732,152409,0.381022
14,20,400000,44991,0.112477,152345,0.380862
14,20.2,400000,44591,0.111477,152515,0.381288
14,20.4,400000,45074,0.112685,151958,0.379895
14,20.6,400000,44688,0.11172,152309,0.380773
14,20.8,400000,45168,0.11292,151715,0.379287
14,21,400000,44759,0.111897,151718,0.379295
14,21.2,400000,45088,0.11272,152329,0.380823
14,21.4,400000,44284,0.11071,151549,0.378873
14,21.6,400000,44511,0.111278,151652,0.37913
14,21.8,400000,44365,0.110912,151336,0.37834
14,22,400000,44976,0.11244,152130,0.380325
14,22.2,400000,44988,0.11247,151965,0.379912
14,22.4,400000,44771,0.111927,152280,0.3807
14,22.6,400000,45364,0.11341,152251,0.380628
14,22.8,400000,44565,0.111412,151964,0.37991
14,23,400000,44792,0.11198,152609,0.381522
14,23.2,400000,45016,0.11254,152868,0.38217
14,23.4,400000,44488,0.11122,152381,0.380953
14,23.6,400000,44932,0.11233,151762,0.379405
14,23.8,400000,44818,0.112045,152045,0.380113
14,24,400000,44886,0.112215,152569,0.381422
14,24.2,400000,44562,0.111405,152139,0.380348
14,24.4,400000,44911,0.112278,151872,0.37968
14,24.6,400000,44487,0.111217,151531,0.378827
14,24.8,400000,44556,0.11139,151648,0.37912
14,25,400000,44584,0.11146,151870,0.379675
14,25.2,400000,44871,0.112177,152262,0.380655
14,25.4,400000,45225,0.113062,152635,0.381588
14,25.6,400000,45167,0.112918,152538,0.381345
14,25.8,400000,44318,0.110795,151721,0.379302
14,26,400000,44385,0.110963,151813,0.379532
14,26.2,400000,44695,0.111738,151890,0.379725
14,26.4,400000,44431,0.111077,151824,0.37956
14,26.6,400000,44708,0.11177,151814,0.379535
14,26.8,400000,45055,0.112638,152047,0.380117
14,27,400000,43857,0.109643,151996,0.37999
14,27.2,400000,45216,0.11304,152457,0.381142
14,27.4,400000,44362,0.110905,151684,0.37921
14,27.6,400000,45304,0.11326,152566,0.381415
14,27.8,400000,44563,0.111408,152177,0.380443
14,28,400000,44837,0.112092,152183,0.380458
14,28.2,400000,45040,0.1126,152356,0.38089
14,28.4,400000,44857,0.112143,151900,0.37975
14,28.6,400000,44842,0.112105,152334,0.380835
14,28.8,400000,44205,0.110512,151404,0.37851
14,29,400000,44844,0.11211,152404,0.38101
14,29.2,400000,44386,0.110965,151984,0.37996
14,29.4,400000,44945,0.112363,152594,0.381485
14,29.6,400000,44902,0.112255,152499,0.381248
14,29.8,400000,44740,0.11185,152208,0.38052
14,30,400000,44362,0.110905,151858,0.379645
14,30.2,400000,45068,0.11267,152100,0.38025
14,30.4,400000,44636,0.11159,152467,0.381167
14,30.6,400000,44666,0.111665,151794,0.379485
14,30.8,400000,45154,0.112885,152420,0.38105
14,31,400000,44851,0.112128,151689,0.379223
14,31.2,400000,45184,0.11296,151829,0.379572
14,31.4,400000,45148,0.11287,152152,0.38038
14,31.6,400000,44539,0.111348,151985,0.379962
14,31.8,400000,45011,0.112528,152347,0.380868
14,32,400000,45054,0.112635,152142,0.380355
14,32.2,400000,44543,0.111357,151775,0.379437
14,32.4,400000,44853,0.112132,152201,0.380503
14,32.6,400000,44650,0.111625,152153,0.380383
14,32.8,400000,43971,0.109927,151421,0.378553
14,33,400000,45149,0.112873,152323,0.380808
14,33.2,400000,44495,0.111238,151811,0.379528
14,33.4,400000,44944,0.11236,152438,0.381095
14,33.6,400000,44942,0.112355,152129,0.380323
14,33.8,400000,44408,0.11102,151431,0.378578
14,34,400000,44698,0.111745,152338,0.380845
14,34.2,400000,45305,0.113263,151696,0.37924
14,34.4,400000,44372,0.11093,151717,0.379292
14,34.6,400000,44721,0.111802,151673,0.379182
14,34.8,400000,45065,0.112662,152334,0.380835
14,35,400000,45155,0.112888,152431,0.381078
14,35.2,400000,44281,0.110702,151570,0.378925
14,35.4,400000,44202,0.110505,151868,0.37967
14,35.6,400000,45046,0.112615,152306,0.380765
14,35.8,400000,45015,0.112537,152380,0.38095
14,36,400000,44690,0.111725,152216,0.38054
14,36.2,400000,45068,0.11267,152186,0.380465
14,36.4,400000,44607,0.111518,151467,0.378667
14,36.6,400000,44917,0.112293,151987,0.379968
14,36.8,400000,44380,0.11095,152275,0.380688
14,37,400000,44670,0.111675,152192,0.38048
14,37.2,400000,44548,0.11137,151895,0.379738
14,37.4,400000,45139,0.112848,152532,0.38133
14,37.6,400000,44660,0.11165,152295,0.380738
14,37.8,400000,44290,0.110725,151179,0.377947
14,38,400000,44585,0.111463,152359,0.380897
14,38.2,400000,44911,0.112278,152060,0.38015
14,38.4,400000,44790,0.111975,151864,0.37966
14,38.6,400000,44729,0.111823,152192,0.38048
14,38.8,400000,45028,0.11257,151909,0.379773
14,39,400000,44805,0.112013,151686,0.379215
14,39.2,400000,44854,0.112135,152124,0.38031
14,39.4,400000,45147,0.112867,152017,0.380043
14,39.6,400000,45303,0.113257,152104,0.38026
14,39.8,400000,45397,0.113492,152137,0.380342
14,40,400000,44697,0.111742,151802,0.379505
14,40.2,400000,44074,0.110185,152066,0.380165
14,40.4,400000,45012,0.11253,153023,0.382557
14,40.6,400000,44437,0.111092,151806,0.379515
14,40.8,400000,45349,0.113373,152492,0.38123
14,41,400000,45524,0.11381,152440,0.3811
14,41.2,400000,44333,0.110833,151788,0.37947
14,41.4,400000,44809,0.112022,152054,0.380135
14,41.6,400000,44570,0.111425,152193,0.380483
14,41.8,400000,44925,0.112312,151913,0.379783
14,42,400000,44812,0.11203,152238,0.380595
14,42.2,400000,44517,0.111293,151926,0.379815
14,42.4,400000,44829,0.112073,152523,0.381308
14,42.6,400000,45069,0.112672,152173,0.380433
14,42.8,400000,45285,0.113212,152362,0.380905
14,43,400000,44634,0.111585,152206,0.380515
14,43.2,400000,45195,0.112988,151744,0.37936
14,43.4,400000,44606,0.111515,151432,0.37858
14,43.6,400000,43988,0.10997,152057,0.380142
14,43.8,400000,44711,0.111778,152314,0.380785
14,44,400000,44512,0.11128,151954,0.379885
14,44.2,400000,44940,0.11235,151862,0.379655
14,44.4,400000,44603,0.111507,151833,0.379582
14,44.6,400000,44493,0.111232,152186,0.380465
14,44.8,400000,45080,0.1127,152238,0.380595
14,45,400000,45036,0.11259,152137,0.380342
14,45.2,400000,44957,0.112393,151962,0.379905
14,45.4,400000,45201,0.113003,152644,0.38161
14,45.6,400000,45073,0.112683,152100,0.38025
14,45.8,400000,44797,0.111992,152195,0.380487
14,46,400000,44923,0.112308,152649,0.381622
14,46.2,400000,44575,0.111437,151675,0.379188
14,46.4,400000,44705,0.111763,152263,0.380657
14,46.6,400000,45129,0.112823,152027,0.380068
14,46.8,400000,44561,0.111403,151738,0.379345
14,47,400000,44601,0.111503,152617,0.381543
14,47.2,400000,44801,0.112003,151813,0.379532
14,47.4,400000,45657,0.114142,152617,0.381543
14,47.6,400000,45050,0.112625,151641,0.379103
14,47.8,400000,45192,0.11298,151602,0.379005
14,48,400000,44810,0.112025,152159,0.380397
14,48.2,400000,44436,0.11109,151733,0.379333
14,48.4,400000,44669,0.111672,151688,0.37922
14,48.6,400000,45346,0.113365,151964,0.37991
14,48.8,400000,44521,0.111302,152258,0.380645
14,49,400000,44036,0.11009,151914,0.379785
14,49.2,400000,45016,0.11254,152456,0.38114
14,49.4,400000,45489,0.113723,152533,0.381333
14,49.6,400000,44314,0.110785,151819,0.379547
14,49.8,400000,45415,0.113537,152755,0.381887
14,50,400000,44907,0.112268,152100,0.38025
14.2,-50,400000,44965,0.112412,152732,0.38183
14.2,-49.8,400000,44082,0.110205,151890,0.379725
14.2,-49.6,400000,44753,0.111882,152066,0.380165
14.2,-49.4,400000,44611,0.111528,151873,0.379682
14.2,-49.2,400000,45014,0.112535,152102,0.380255
14.2,-49,400000,44554,0.111385,151387,0.378468
14.2,-48.8,400000,44195,0.110488,151401,0.378503
14.2,-48.6,400000,44757,0.111893,152035,0.380088
14.2,-48.4,400000,44235,0.110588,151685,0.379213
14.2,-48.2,400000,44675,0.111687,152090,0.380225
14.2,-48,400000,44651,0.111628,152254,0.380635
14.2,-47.8,400000,45092,0.11273,152311,0.380777
14.2,-47.6,400000,44798,0.111995,152261,0.380653
14.2,-47.4,400000,44668,0.11167,151839,0.379597
14.2,-47.2,400000,44975,0.112437,152286,0.380715
14.2,-47,400000,44939,0.112348,152161,0.380402
14.2,-46.8,400000,45244,0.11311,152245,0.380613
14.2,-46.6,400000,44766,0.111915,151546,0.378865
14.2,-46.4,400000,45113,0.112782,152102,0.380255
14.2,-46.2,400000,44371,0.110927,151828,0.37957
14.2,-46,400000,45202,0.113005,152273,0.380682
14.2,-45.8,400000,44338,0.110845,151724,0.37931
14.2,-45.6,400000,44237,0.110592,151561,0.378902
14.2,-45.4,400000,44733,0.111833,152301,0.380752
14.2,-45.2,400000,45224,0.11306,152874,0.382185
14.2,-45,400000,44787,0.111967,152027,0.380068
14.2,-44.8,400000,44564,0.11141,152601,0.381503
14.2,-44.6,400000,44844,0.11211,151394,0.378485
14.2,-44.4,400000,44521,0.111302,152206,0.380515
14.2,-44.2,400000,45214,0.113035,151620,0.37905
14.2,-44,400000,44690,0.111725,151710,0.379275
14.2,-43.8,400000,44790,0.111975,151770,0.379425
14.2,-43.6,400000,44772,0.11193,151825,0.379563
14.2,-43.4,400000,44513,0.111283,151438,0.378595
14.2,-43.2,400000,44570,0.111425,152110,0.380275
14.2,-43,400000,45028,0.11257,152190,0.380475
14.2,-42.8,400000,44483,0.111208,151355,0.378387
14.2,-42.6,400000,44384,0.11096,151453,0.378632
14.2,-42.4,400000,44860,0.11215,151685,0.379213
14.2,-42.2,400000,44155,0.110387,151972,0.37993
14.2,-42,400000,45097,0.112742,152399,0.380997
14.2,-41.8,400000,44800,0.112,151995,0.379987
14.2,-41.6,400000,44880,0.1122,151853,0.379632
14.2,-41.4,400000,44355,0.110887,151508,0.37877
14.2,-41.2,400000,44581,0.111452,152174,0.380435
14.2,-41,400000,44642,0.111605,151485,0.378713
14.2,-40.8,400000,44894,0.112235,152116,0.38029
14.2,-40.6,400000,45081,0.112702,152381,0.380953
14.2,-40.4,400000,45224,0.11306,151624,0.37906
14.2,-40.2,400000,44320,0.1108,151627,0.379068
14.2,-40,400000,44931,0.112327,152127,0.380317
14.2,-39.8,400000,44235,0.110588,151404,0.37851
14.2,-39.6,400000,44431,0.111077,151927,0.379817
14.2,-39.4,400000,44944,0.11236,151988,0.37997
14.2,-39.2,400000,44349,0.110872,151731,0.379327
14.2,-39,400000,44933,0.112333,152555,0.381387
14.2,-38.8,400000,44873,0.112183,152277,0.380692
14.2,-38.6,400000,44376,0.11094,151291,0.378227
14.2,-38.4,400000,44857,0.112143,152247,0.380617
14.2,-38.2,400000,44594,0.111485,151621,0.379053
14.2,-38,400000,44922,0.112305,152323,0.380808
14.2,-37.8,400000,45144,0.11286,152203,0.380507
14.2,-37.6,400000,44719,0.111797,151989,0.379972
14.2,-37.4,400000,45105,0.112763,152643,0.381607
14.2,-37.2,400000,44727,0.111818,151907,0.379767
14.2,-37,400000,45058,0.112645,152210,0.380525
14.2,-36.8,400000,44457,0.111143,151652,0.37913
14.2,-36.6,400000,44170,0.110425,151328,0.37832
14.2,-36.4,400000,44781,0.111952,152202,0.380505
14.2,-36.2,400000,45129,0.112823,152718,0.381795
14.2,-36,400000,45327,0.113318,152050,0.380125
14.2,-35.8,400000,45181,0.112952,152808,0.38202
14.2,-35.6,400000,45027,0.112568,151618,0.379045
14.2,-35.4,400000,44729,0.111823,151817,0.379543
14.2,-35.2,400000,45013,0.112532,151740,0.37935
14.2,-35,400000,45165,0.112912,152294,0.380735
14.2,-34.8,400000,44777,0.111943,151884,0.37971
14.2,-34.6,400000,44419,0.111047,151559,0.378897
14.2,-34.4,400000,44981,0.112452,152364,0.38091
14.2,-34.2,400000,44862,0.112155,151582,0.378955
14.2,-34,400000,44541,0.111352,152044,0.38011
14.2,-33.8,400000,45093,0.112732,152161,0.380402
14.2,-33.6,400000,44863,0.112157,152121,0.380302
14.2,-33.4,400000,44906,0.112265,152054,0.380135
14.2,-33.2,400000,44752,0.11188,152273,0.380682
14.2,-33,400000,44477,0.111192,151641,0.379103
14.2,-32.8,400000,44515,0.111287,152075,0.380188
14.2,-32.6,400000,44771,0.111927,152140,0.38035
14.2,-32.4,400000,44822,0.112055,151952,0.37988
14.2,-32.2,400000,44635,0.111588,151964,0.37991
14.2,-32,400000,44693,0.111732,152146,0.380365
14.2,-31.8,400000,44633,0.111583,151917,0.379792
14.2,-31.6,400000,45488,0.11372,152699,0.381748
14.2,-31.4,400000,44989,0.112473,152453,0.381132
14.2,-31.2,400000,45105,0.112763,152258,0.380645
14.2,-31,400000,44918,0.112295,152595,0.381487
14.2,-30.8,400000,45024,0.11256,152479,0.381198
14.2,-30.6,400000,44755,0.111888,151678,0.379195
14.2,-30.4,400000,44687,0.111717,152654,0.381635
14.2,-30.2,400000,44758,0.111895,151421,0.378553
14.2,-30,400000,44617,0.111543,152067,0.380167
14.2,-29.8,400000,44531,0.111327,150976,0.37744
14.2,-29.6,400000,44426,0.111065,151927,0.379817
14.2,-29.4,400000,45064,0.11266,152336,0.38084
14.2,-29.2,400000,45031,0.112577,152159,0.380397
14.2,-29,400000,45150,0.112875,151723,0.379308
14.2,-28.8,400000,45288,0.11322,152122,0.380305
14.2,-28.6,400000,44819,0.112047,151951,0.379877
14.2,-28.4,400000,44940,0.11235,152683,0.381707
14.2,-28.2,400000,44696,0.11174,151710,0.379275
14.2,-28,400000,44623,0.111558,152329,0.380823
14.2,-27.8,400000,44531,0.111327,151832,0.37958
14.2,-27.6,400000,45302,0.113255,152627,0.381568
14.2,-27.4,400000,45073,0.112683,151936,0.37984
14.2,-27.2,400000,44443,0.111107,152130,0.380325
14.2,-27,400000,44572,0.11143,151986,0.379965
14.2,-26.8,400000,44778,0.111945,151981,0.379953
14.2,-26.6,400000,44778,0.111945,152073,0.380182
14.2,-26.4,400000,44337,0.110842,152074,0.380185
14.2,-26.2,400000,45155,0.112888,151816,0.37954
14.2,-26,400000,44693,0.111732,152189,0.380472
14.2,-25.8,400000,44874,0.112185,151929,0.379823
14.2,-25.6,400000,44227,0.110567,151675,0.379188
14.2,-25.4,400000,44893,0.112232,152399,0.380997
14.2,-25.2,400000,44818,0.112045,152172,0.38043
14.2,-25,400000,44646,0.111615,151999,0.379997
14.2,-24.8,400000,44991,0.112477,152344,0.38086
14.2,-24.6,400000,44731,0.111827,152058,0.380145
14.2,-24.4,400000,44523,0.111308,151728,0.37932
14.2,-24.2,400000,44850,0.112125,151950,0.379875
14.2,-24,400000,44855,0.112138,152094,0.380235
14.2,-23.8,400000,45351,0.113378,152210,0.380525
14.2,-23.6,400000,44848,0.11212,152790,0.381975
14.2,-23.4,400000,44172,0.11043,152185,0.380462
14.2,-23.2,400000,44697,0.111742,152322,0.380805
14.2,-23,400000,44670,0.111675,152233,0.380582
14.2,-22.8,400000,44312,0.11078,152011,0.380028
14.2,-22.6,400000,44774,0.111935,152145,0.380362
14.2,-22.4,400000,44654,0.111635,152185,0.380462
14.2,-22.2,400000,44535,0.111338,151986,0.379965
14.2,-22,400000,44948,0.11237,152305,0.380763
14.2,-21.8,400000,44885,0.112213,152377,0.380943
14.2,-21.6,400000,44645,0.111613,151305,0.378263
14.2,-21.4,400000,44843,0.112107,152364,0.38091
14.2,-21.2,400000,45385,0.113462,152712,0.38178
14.2,-21,400000,45113,0.112782,152522,0.381305
14.2,-20.8,400000,44578,0.111445,152254,0.380635
14.2,-20.6,400000,44335,0.110838,151570,0.378925
14.2,-20.4,400000,44522,0.111305,152282,0.380705
14.2,-20.2,400000,44057,0.110143,151654,0.379135
14.2,-20,400000,44981,0.112452,151782,0.379455
14.2,-19.8,400000,44748,0.11187,152635,0.381588
14.2,-19.6,400000,44562,0.111405,151936,0.37984
14.2,-19.4,400000,44689,0.111723,151786,0.379465
14.2,-19.2,400000,44703,0.111757,152260,0.38065
14.2,-19,400000,44696,0.11174,151970,0.379925
14.2,-18.8,400000,44936,0.11234,152110,0.380275
14.2,-18.6,400000,44848,0.11212,152230,0.380575
14.2,-18.4,400000,44441,0.111103,151794,0.379485
14.2,-18.2,400000,44748,0.11187,152006,0.380015
14.2,-18,400000,45020,0.11255,152316,0.38079
14.2,-17.8,400000,44560,0.1114,151709,0.379273
14.2,-17.6,400000,44544,0.11136,152215,0.380537
14.2,-17.4,400000,44633,0.111583,152195,0.380487
14.2,-17.2,400000,44640,0.1116,152500,0.38125
14.2,-17,400000,44441,0.111103,151903,0.379758
14.2,-16.8,400000,44199,0.110497,151617,0.379043
14.2,-16.6,400000,44341,0.110853,152162,0.380405
14.2,-16.4,400000,44906,0.112265,152325,0.380812
14.2,-16.2,400000,44209,0.110522,151912,0.37978
14.2,-16,400000,45030,0.112575,152333,0.380833
14.2,-15.8,400000,44477,0.111192,152007,0.380018
14.2,-15.6,400000,44401,0.111003,151995,0.379987
14.2,-15.4,400000,44760,0.1119,152215,0.380537
14.2,-15.2,400000,44577,0.111442,152061,0.380153
14.2,-15,400000,44744,0.11186,152378,0.380945
14.2,-14.8,400000,45012,0.11253,152584,0.38146
14.2,-14.6,400000,44640,0.1116,151768,0.37942
14.2,-14.4,400000,44931,0.112327,152012,0.38003
14.2,-14.2,400000,44677,0.111693,152041,0.380103
14.2,-14,400000,44743,0.111857,152675,0.381688
14.2,-13.8,400000,44697,0.111742,152143,0.380358
14.2,-13.6,400000,44944,0.11236,151959,0.379897
14.2,-13.4,400000,44931,0.112327,152376,0.38094
14.2,-13.2,400000,44944,0.11236,152166,0.380415
14.2,-13,400000,44671,0.111677,152219,0.380547
14.2,-12.8,400000,44579,0.111448,151867,0.379667
14.2,-12.6,400000,44897,0.112242,151767,0.379418
14.2,-12.4,400000,44743,0.111857,152504,0.38126
14.2,-12.2,400000,44628,0.11157,151987,0.379968
14.2,-12,400000,44917,0.112293,151658,0.379145
14.2,-11.8,400000,44637,0.111592,151744,0.37936
14.2,-11.6,400000,44984,0.11246,152141,0.380352
14.2,-11.4,400000,44978,0.112445,151965,0.379912
14.2,-11.2,400000,44521,0.111302,151732,0.37933
14.2,-11,400000,44577,0.111442,151488,0.37872
14.2,-10.8,400000,44797,0.111992,151960,0.3799
14.2,-10.6,400000,44963,0.112407,152214,0.380535
14.2,-10.4,400000,44494,0.111235,151835,0.379588
14.2,-10.2,400000,44783,0.111958,152402,0.381005
14.2,-10,400000,44894,0.112235,151830,0.379575
14.2,-9.8,400000,44535,0.111338,151827,0.379568
14.2,-9.6,400000,44762,0.111905,152455,0.381138
14.2,-9.4,400000,44793,0.111982,151892,0.37973
14.2,-9.2,400000,45046,0.112615,152225,0.380563
14.2,-9,400000,44739,0.111848,152204,0.38051
14.2,-8.8,400000,44915,0.112287,152747,0.381868
14.2,-8.6,400000,44724,0.11181,152315,0.380788
14.2,-8.4,400000,44959,0.112397,152207,0.380518
14.2,-8.2,400000,44627,0.111568,151892,0.37973
14.2,-8,400000,44963,0.112407,152245,0.380613
14.2,-7.8,400000,44912,0.11228,152432,0.38108
14.2,-7.6,400000,44704,0.11176,151944,0.37986
14.2,-7.4,400000,44404,0.11101,151935,0.379837
14.2,-7.2,400000,44543,0.111357,152079,0.380198
14.2,-7,400000,44796,0.11199,151889,0.379723
14.2,-6.8,400000,45804,0.11451,152495,0.381238
14.2,-6.6,400000,45275,0.113187,152226,0.380565
14.2,-6.4,400000,44870,0.112175,152107,0.380267
14.2,-6.2,400000,45216,0.11304,152416,0.38104
14.2,-6,400000,45568,0.11392,152742,0.381855
14.2,-5.8,400000,44602,0.111505,152059,0.380148
14.2,-5.6,400000,45368,0.11342,152098,0.380245
14.2,-5.4,400000,45217,0.113043,152223,0.380557
14.2,-5.2,400000,45265,0.113162,151979,0.379947
14.2,-5,400000,45042,0.112605,151992,0.37998
14.2,-4.8,400000,44451,0.111128,151468,0.37867
14.2,-4.6,400000,44668,0.11167,152023,0.380057
14.2,-4.4,400000,44878,0.112195,152697,0.381742
14.2,-4.2,400000,45482,0.113705,152434,0.381085
14.2,-4,400000,45089,0.112723,152294,0.380735
14.2,-3.8,400000,44706,0.111765,152187,0.380468
14.2,-3.6,400000,44342,0.110855,151218,0.378045
14.2,-3.4,400000,44658,0.111645,152535,0.381337
14.2,-3.2,400000,44870,0.112175,151735,0.379337
14.2,-3,400000,44759,0.111897,152532,0.38133
14.2,-2.8,400000,44752,0.11188,152118,0.380295
14.2,-2.6,400000,44355,0.110887,152620,0.38155
14.2,-2.4,400000,44468,0.11117,152743,0.381858
14.2,-2.2,400000,45214,0.113035,152741,0.381852
14.2,-2,400000,44626,0.111565,151576,0.37894
14.2,-1.8,400000,44819,0.112047,152509,0.381273
14.2,-1.6,400000,44725,0.111812,151864,0.37966
14.2,-1.4,400000,45155,0.112888,152356,0.38089
14.2,-1.2,400000,45113,0.112782,152570,0.381425
14.2,-1,400000,44520,0.1113,152120,0.3803
14.2,-0.8,400000,44665,0.111662,151776,0.37944
14.2,-0.6,400000,44379,0.110948,152037,0.380092
14.2,-0.4,400000,44823,0.112058,152489,0.381223
14.2,-0.2,400000,44843,0.112107,152299,0.380748
14.2,0,400000,44475,0.111187,152109,0.380273
14.2,0.2,400000,44896,0.11224,151915,0.379788
14.2,0.4,400000,44396,0.11099,152436,0.38109
14.2,0.6,400000,44663,0.111658,152081,0.380202
14.2,0.8,400000,44798,0.111995,152442,0.381105
14.2,1,400000,45047,0.112617,152012,0.38003
14.2,1.2,400000,44773,0.111933,152560,0.3814
14.2,1.4,400000,44654,0.111635,151581,0.378953
14.2,1.6,400000,44829,0.112073,152099,0.380248
14.2,1.8,400000,44721,0.111802,152501,0.381252
14.2,2,400000,44300,0.11075,151736,0.37934
14.2,2.2,400000,44631,0.111577,151531,0.378827
14.2,2.4,400000,45389,0.113473,153020,0.38255
14.2,2.6,400000,44627,0.111568,152217,0.380543
14.2,2.8,400000,44837,0.112092,152301,0.380752
14.2,3,400000,44908,0.11227,152748,0.38187
14.2,3.2,400000,45179,0.112948,152512,0.38128
14.2,3.4,400000,44807,0.112018,152097,0.380242
14.2,3.6,400000,44721,0.111802,152396,0.38099
14.2,3.8,400000,44602,0.111505,152286,0.380715
14.2,4,400000,44547,0.111367,152277,0.380692
14.2,4.2,400000,44750,0.111875,151646,0.379115
14.2,4.4,400000,44706,0.111765,152115,0.380288
14.2,4.6,400000,44443,0.111107,151917,0.379792
14.2,4.8,400000,44826,0.112065,151991,0.379978
14.2,5,400000,44371,0.110927,152071,0.380178
14.2,5.2,400000,44713,0.111783,152325,0.380812
14.2,5.4,400000,44941,0.112352,152087,0.380217
14.2,5.6,400000,45253,0.113132,152316,0.38079
14.2,5.8,400000,44713,0.111783,151926,0.379815
14.2,6,400000,44769,0.111922,152095,0.380238
14.2,6.2,400000,45017,0.112543,152277,0.380692
14.2,6.4,400000,45205,0.113013,152748,0.38187
14.2,6.6,400000,44653,0.111632,151915,0.379788
14.2,6.8,400000,45041,0.112602,152198,0.380495
14.2,7,400000,44768,0.11192,152091,0.380227
14.2,7.2,400000,44764,0.11191,151981,0.379953
14.2,7.4,400000,44821,0.112052,152402,0.381005
14.2,7.6,400000,44559,0.111397,152363,0.380908
14.2,7.8,400000,45145,0.112863,152346,0.380865
14.2,8,400000,44753,0.111882,151674,0.379185
14.2,8.2,400000,44901,0.112253,152388,0.38097
14.2,8.4,400000,45388,0.11347,152174,0.380435
14.2,8.6,400000,45270,0.113175,152293,0.380732
14.2,8.8,400000,44746,0.111865,152116,0.38029
14.2,9,400000,44908,0.11227,152006,0.380015
14.2,9.2,400000,44791,0.111977,152219,0.380547
14.2,9.4,400000,45059,0.112647,152368,0.38092
14.2,9.6,400000,44733,0.111833,151934,0.379835
14.2,9.8,400000,44848,0.11212,152164,0.38041
14.2,10,400000,44587,0.111467,151890,0.379725
14.2,10.2,400000,45064,0.11266,152242,0.380605
14.2,10.4,400000,44878,0.112195,152181,0.380453
14.2,10.6,400000,45226,0.113065,152444,0.38111
14.2,10.8,400000,44931,0.112327,152223,0.380557
14.2,11,400000,44641,0.111602,152126,0.380315
14.2,11.2,400000,45206,0.113015,152772,0.38193
14.2,11.4,400000,44975,0.112437,151887,0.379717
14.2,11.6,400000,44955,0.112388,152377,0.380943
14.2,11.8,400000,45662,0.114155,152871,0.382178
14.2,12,400000,44815,0.112037,152026,0.380065
14.2,12.2,400000,44804,0.11201,152304,0.38076
14.2,12.4,400000,44821,0.112052,152054,0.380135
14.2,12.6,400000,44677,0.111693,152800,0.382
14.2,12.8,400000,44338,0.110845,151585,0.378962
14.2,13,400000,44566,0.111415,152113,0.380283
14.2,13.2,400000,44634,0.111585,151974,0.379935
14.2,13.4,400000,44300,0.11075,151759,0.379397
14.2,13.6,400000,44209,0.110522,151853,0.379632
14.2,13.8,400000,44894,0.112235,151491,0.378727
14.2,14,400000,44945,0.112363,151808,0.37952
14.2,14.2,400000,44217,0.110543,152330,0.380825
14.2,14.4,400000,44928,0.11232,152264,0.38066
14.2,14.6,400000,44974,0.112435,152712,0.38178
14.2,14.8,400000,44832,0.11208,152540,0.38135
14.2,15,400000,44498,0.111245,152392,0.38098
14.2,15.2,400000,44895,0.112238,151775,0.379437
14.2,15.4,400000,44303,0.110757,152005,0.380012
14.2,15.6,400000,45595,0.113988,153153,0.382883
14.2,15.8,400000,44896,0.11224,152258,0.380645
14.2,16,400000,44487,0.111217,151704,0.37926
14.2,16.2,400000,44617,0.111543,152051,0.380128
14.2,16.4,400000,44708,0.11177,152588,0.38147
14.2,16.6,400000,44931,0.112327,152240,0.3806
14.2,16.8,400000,44838,0.112095,152914,0.382285
14.2,17,400000,44630,0.111575,151963,0.379908
14.2,17.2,400000,44777,0.111943,152266,0.380665
14.2,17.4,400000,44611,0.111528,151933,0.379833
14.2,17.6,400000,45136,0.11284,152257,0.380642
14.2,17.8,400000,45285,0.113212,152431,0.381078
14.2,18,400000,45032,0.11258,152877,0.382192
14.2,18.2,400000,44692,0.11173,152364,0.38091
14.2,18.4,400000,44790,0.111975,152020,0.38005
14.2,18.6,400000,44993,0.112482,152157,0.380393
14.2,18.8,400000,44402,0.111005,152109,0.380273
14.2,19,400000,44299,0.110747,151752,0.37938
14.2,19.2,400000,44717,0.111793,152254,0.380635
14.2,19.4,400000,45163,0.112907,152685,0.381713
14.2,19.6,400000,45066,0.112665,151819,0.379547
14.2,19.8,400000,45217,0.113043,152623,0.381557
14.2,20,400000,44967,0.112418,152791,0.381978
14.2,20.2,400000,44860,0.11215,151884,0.37971
14.2,20.4,400000,45569,0.113922,152376,0.38094
14.2,20.6,400000,44346,0.110865,151927,0.379817
14.2,20.8,400000,45539,0.113848,152192,0.38048
14.2,21,400000,44569,0.111422,151744,0.37936
14.2,21.2,400000,44809,0.112022,151538,0.378845
14.2,21.4,400000,45028,0.11257,151954,0.379885
14.2,21.6,400000,44770,0.111925,151598,0.378995
14.2,21.8,400000,44830,0.112075,152223,0.380557
14.2,22,400000,44938,0.112345,152553,0.381383
14.2,22.2,400000,44432,0.11108,152181,0.380453
14.2,22.4,400000,44652,0.11163,152570,0.381425
14.2,22.6,400000,44854,0.112135,151370,0.378425
14.2,22.8,400000,45112,0.11278,152415,0.381037
14.2,23,400000,44423,0.111058,151916,0.37979
14.2,23.2,400000,44449,0.111122,151476,0.37869
14.2,23.4,400000,44577,0.111442,152482,0.381205
14.2,23.6,400000,44943,0.112357,152048,0.38012
14.2,23.8,400000,45066,0.112665,152621,0.381553
14.2,24,400000,45161,0.112903,152487,0.381217
14.2,24.2,400000,45009,0.112522,152302,0.380755
14.2,24.4,400000,44613,0.111533,152250,0.380625
14.2,24.6,400000,45176,0.11294,152171,0.380427
14.2,24.8,400000,44626,0.111565,152265,0.380663
14.2,25,400000,45005,0.112513,152353,0.380883
14.2,25.2,400000,45115,0.112787,152430,0.381075
14.2,25.4,400000,44640,0.1116,152032,0.38008
14.2,25.6,400000,45341,0.113352,152564,0.38141
14.2,25.8,400000,45183,0.112958,152502,0.381255
14.2,26,400000,44700,0.11175,151577,0.378943
14.2,26.2,400000,44897,0.112242,151995,0.379987
14.2,26.4,400000,44926,0.112315,152748,0.38187
14.2,26.6,400000,44326,0.110815,151420,0.37855
14.2,26.8,400000,44917,0.112293,152468,0.38117
14.2,27,400000,44766,0.111915,151594,0.378985
14.2,27.2,400000,45049,0.112623,151861,0.379653
14.2,27.4,400000,44919,0.112297,152760,0.3819
14.2,27.6,400000,44657,0.111643,151516,0.37879
14.2,27.8,400000,45270,0.113175,151872,0.37968
14.2,28,400000,44936,0.11234,152417,0.381043
14.2,28.2,400000,44811,0.112028,152112,0.38028
14.2,28.4,400000,45447,0.113617,152307,0.380767
14.2,28.6,400000,45084,0.11271,152376,0.38094
14.2,28.8,400000,44860,0.11215,152223,0.380557
14.2,29,400000,45214,0.113035,153041,0.382603
14.2,29.2,400000,45032,0.11258,152402,0.381005
14.2,29.4,400000,44620,0.11155,151913,0.379783
14.2,29.6,400000,45026,0.112565,152119,0.380298
14.2,29.8,400000,45130,0.112825,152648,0.38162
14.2,30,400000,44621,0.111552,151213,0.378032
14.2,30.2,400000,44414,0.111035,151892,0.37973
14.2,30.4,400000,44775,0.111937,152344,0.38086
14.2,30.6,400000,44653,0.111632,151837,0.379592
14.2,30.8,400000,45107,0.112768,152391,0.380978
14.2,31,400000,45107,0.112768,152722,0.381805
14.2,31.2,400000,44617,0.111543,151681,0.379202
14.2,31.4,400000,44690,0.111725,151732,0.37933
14.2,31.6,400000,44670,0.111675,152094,0.380235
14.2,31.8,400000,44543,0.111357,152359,0.380897
14.2,32,400000,44705,0.111763,152143,0.380358
14.2,32.2,400000,45051,0.112628,152717,0.381792
14.2,32.4,400000,44732,0.11183,152629,0.381572
14.2,32.6,400000,44706,0.111765,152341,0.380852
14.2,32.8,400000,45084,0.11271,151256,0.37814
14.2,33,400000,44885,0.112213,152332,0.38083
14.2,33.2,400000,45174,0.112935,152241,0.380603
14.2,33.4,400000,44942,0.112355,152340,0.38085
14.2,33.6,400000,44242,0.110605,152367,0.380918
14.2,33.8,400000,44416,0.11104,152112,0.38028
14.2,34,400000,44873,0.112183,152056,0.38014
14.2,34.2,400000,44946,0.112365,152096,0.38024
14.2,34.4,400000,44739,0.111848,152170,0.380425
14.2,34.6,400000,44581,0.111452,152136,0.38034
14.2,34.8,400000,44797,0.111992,152612,0.38153
14.2,35,400000,44445,0.111113,152213,0.380532
14.2,35.2,400000,44978,0.112445,152297,0.380742
14.2,35.4,400000,44971,0.112427,152148,0.38037
14.2,35.6,400000,44740,0.11185,151778,0.379445
14.2,35.8,400000,45023,0.112558,152655,0.381638
14.2,36,400000,45057,0.112643,152719,0.381798
14.2,36.2,400000,45361,0.113403,152130,0.380325
14.2,36.4,400000,43977,0.109942,151490,0.378725
14.2,36.6,400000,44882,0.112205,151860,0.37965
14.2,36.8,400000,44433,0.111083,152089,0.380223
14.2,37,400000,44803,0.112007,151729,0.379323
14.2,37.2,400000,44308,0.11077,151765,0.379412
14.2,37.4,400000,44961,0.112403,152291,0.380727
14.2,37.6,400000,44555,0.111388,152213,0.380532
14.2,37.8,400000,45102,0.112755,152280,0.3807
14.2,38,400000,44785,0.111963,151951,0.379877
14.2,38.2,400000,44764,0.11191,151444,0.37861
14.2,38.4,400000,44569,0.111422,152084,0.38021
14.2,38.6,400000,44904,0.11226,152127,0.380317
14.2,38.8,400000,44874,0.112185,152328,0.38082
14.2,39,400000,44596,0.11149,152542,0.381355
14.2,39.2,400000,44544,0.11136,151617,0.379043
14.2,39.4,400000,45037,0.112592,152356,0.38089
14.2,39.6,400000,44474,0.111185,151788,0.37947
14.2,39.8,400000,45028,0.11257,152754,0.381885
14.2,40,400000,44354,0.110885,151732,0.37933
14.2,40.2,400000,44714,0.111785,151788,0.37947
14.2,40.4,400000,45130,0.112825,152861,0.382153
14.2,40.6,400000,45182,0.112955,152533,0.381333
14.2,40.8,400000,44690,0.111725,151964,0.37991
14.2,41,400000,45350,0.113375,152598,0.381495
14.2,41.2,400000,44883,0.112208,152410,0.381025
14.2,41.4,400000,44540,0.11135,151590,0.378975
14.2,41.6,400000,44887,0.112217,152467,0.381167
14.2,41.8,400000,44936,0.11234,152180,0.38045
14.2,42,400000,44684,0.11171,152335,0.380837
14.2,42.2,400000,44512,0.11128,151818,0.379545
14.2,42.4,400000,44917,0.112293,151824,0.37956
14.2,42.6,400000,43783,0.109457,151330,0.378325
14.2,42.8,400000,44918,0.112295,152234,0.380585
14.2,43,400000,44874,0.112185,151849,0.379622
14.2,43.2,400000,44590,0.111475,152071,0.380178
14.2,43.4,400000,45301,0.113253,151647,0.379117
14.2,43.6,400000,44443,0.111107,151409,0.378522
14.2,43.8,400000,44677,0.111693,152450,0.381125
14.2,44,400000,45161,0.112903,151980,0.37995
14.2,44.2,400000,44448,0.11112,152060,0.38015
14.2,44.4,400000,44902,0.112255,153010,0.382525
14.2,44.6,400000,45140,0.11285,152217,0.380543
14.2,44.8,400000,44971,0.112427,151716,0.37929
14.2,45,400000,44665,0.111662,152450,0.381125
14.2,45.2,400000,45107,0.112768,152017,0.380043
14.2,45.4,400000,44530,0.111325,151803,0.379507
14.2,45.6,400000,44904,0.11226,152024,0.38006
14.2,45.8,400000,45267,0.113168,151900,0.37975
14.2,46,400000,44568,0.11142,151191,0.377978
14.2,46.2,400000,44096,0.11024,151295,0.378238
14.2,46.4,400000,44493,0.111232,152372,0.38093
14.2,46.6,400000,44583,0.111458,152291,0.380727
14.2,46.8,400000,44681,0.111702,152506,0.381265
14.2,47,400000,44980,0.11245,151517,0.378792
14.2,47.2,400000,44659,0.111647,152032,0.38008
14.2,47.4,400000,44472,0.11118,151894,0.379735
14.2,47.6,400000,44746,0.111865,151771,0.379427
14.2,47.8,400000,45109,0.112772,152063,0.380157
14.2,48,400000,44518,0.111295,151980,0.37995
14.2,48.2,400000,45030,0.112575,152435,0.381088
14.2,48.4,400000,44836,0.11209,151837,0.379592
14.2,48.6,400000,44808,0.11202,151768,0.37942
14.2,48.8,400000,44649,0.111622,151809,0.379522
14.2,49,400000,44504,0.11126,151739,0.379348
14.2,49.2,400000,45066,0.112665,151589,0.378972
14.2,49.4,400000,44726,0.111815,151952,0.37988
14.2,49.6,400000,44784,0.11196,151961,0.379902
14.2,49.8,400000,44576,0.11144,151359,0.378397
14.2,50,400000,45247,0.113117,152645,0.381613
14.4,-50,400000,44649,0.111622,151430,0.378575
14.4,-49.8,400000,44943,0.112357,151893,0.379732
14.4,-49.6,400000,44952,0.11238,151467,0.378667
14.4,-49.4,400000,45101,0.112753,152539,0.381348
14.4,-49.2,400000,44772,0.11193,152095,0.380238
14.4,-49,400000,44930,0.112325,151392,0.37848
14.4,-48.8,400000,44938,0.112345,151782,0.379455
14.4,-48.6,400000,45412,0.11353,152595,0.381487
14.4,-48.4,400000,44686,0.111715,151756,0.37939
14.4,-48.2,400000,44677,0.111693,152157,0.380393
14.4,-48,400000,44604,0.11151,152171,0.380427
14.4,-47.8,400000,44439,0.111098,151244,0.37811
14.4,-47.6,400000,44583,0.111458,152182,0.380455
14.4,-47.4,400000,44919,0.112297,151994,0.379985
14.4,-47.2,400000,44587,0.111467,151713,0.379283
14.4,-47,400000,45034,0.112585,151680,0.3792
14.4,-46.8,400000,44604,0.11151,152356,0.38089
14.4,-46.6,400000,45046,0.112615,152095,0.380238
14.4,-46.4,400000,44828,0.11207,152556,0.38139
14.4,-46.2,400000,44349,0.110872,151678,0.379195
14.4,-46,400000,45269,0.113172,152160,0.3804
14.4,-45.8,400000,44994,0.112485,152276,0.38069
14.4,-45.6,400000,44624,0.11156,151388,0.37847
14.4,-45.4,400000,44403,0.111007,151653,0.379132
14.4,-45.2,400000,44668,0.11167,151256,0.37814
14.4,-45,400000,45189,0.112973,152459,0.381147
14.4,-44.8,400000,45113,0.112782,151687,0.379217
14.4,-44.6,400000,44521,0.111302,151377,0.378443
14.4,-44.4,400000,44706,0.111765,151742,0.379355
14.4,-44.2,400000,45548,0.11387,152256,0.38064
14.4,-44,400000,45056,0.11264,152344,0.38086
14.4,-43.8,400000,44499,0.111247,151508,0.37877
14.4,-43.6,400000,44564,0.11141,152276,0.38069
14.4,-43.4,400000,45216,0.11304,151789,0.379472
14.4,-43.2,400000,44863,0.112157,151785,0.379462
14.4,-43,400000,44864,0.11216,152129,0.380323
14.4,-42.8,400000,45141,0.112852,153049,0.382622
14.4,-42.6,400000,45144,0.11286,152021,0.380053
14.4,-42.4,400000,45102,0.112755,151947,0.379868
14.4,-42.2,400000,45051,0.112628,152359,0.380897
14.4,-42,400000,44417,0.111043,151503,0.378758
14.4,-41.8,400000,44587,0.111467,151229,0.378072
14.4,-41.6,400000,44622,0.111555,151786,0.379465
14.4,-41.4,400000,44802,0.112005,151871,0.379678
14.4,-41.2,400000,44893,0.112232,151531,0.378827
14.4,-41,400000,44341,0.110853,151225,0.378063
14.4,-40.8,400000,44937,0.112342,151887,0.379717
14.4,-40.6,400000,45105,0.112763,152952,0.38238
14.4,-40.4,400000,45338,0.113345,153035,0.382588
14.4,-40.2,400000,44819,0.112047,151855,0.379638
14.4,-40,400000,44443,0.111107,152056,0.38014
14.4,-39.8,400000,44672,0.11168,151307,0.378267
14.4,-39.6,400000,44917,0.112293,152171,0.380427
14.4,-39.4,400000,44421,0.111052,152029,0.380072
14.4,-39.2,400000,44958,0.112395,152386,0.380965
14.4,-39,400000,45326,0.113315,152246,0.380615
14.4,-38.8,400000,44381,0.110952,151775,0.379437
14.4,-38.6,400000,45727,0.114318,152299,0.380748
14.4,-38.4,400000,44814,0.112035,152330,0.380825
14.4,-38.2,400000,44769,0.111922,152872,0.38218
14.4,-38,400000,45308,0.11327,151965,0.379912
14.4,-37.8,400000,44532,0.11133,151751,0.379377
14.4,-37.6,400000,44685,0.111713,152021,0.380053
14.4,-37.4,400000,44650,0.111625,151617,0.379043
14.4,-37.2,400000,45299,0.113248,151818,0.379545
14.4,-37,400000,45014,0.112535,151826,0.379565
14.4,-36.8,400000,45026,0.112565,151941,0.379852
14.4,-36.6,400000,44472,0.11118,152080,0.3802
14.4,-36.4,400000,44671,0.111677,151730,0.379325
14.4,-36.2,400000,44846,0.112115,151799,0.379497
14.4,-36,400000,44647,0.111617,152155,0.380387
14.4,-35.8,400000,45112,0.11278,152073,0.380182
14.4,-35.6,400000,44619,0.111547,151917,0.379792
14.4,-35.4,400000,45130,0.112825,151581,0.378953
14.4,-35.2,400000,44570,0.111425,151884,0.37971
14.4,-35,400000,44862,0.112155,152489,0.381223
14.4,-34.8,400000,45177,0.112943,152488,0.38122
14.4,-34.6,400000,44938,0.112345,152596,0.38149
14.4,-34.4,400000,45019,0.112547,151978,0.379945
14.4,-34.2,400000,45106,0.112765,152061,0.380153
14.4,-34,400000,44623,0.111558,152505,0.381263
14.4,-33.8,400000,44691,0.111727,152385,0.380962
14.4,-33.6,400000,44816,0.11204,152221,0.380553
14.4,-33.4,400000,44359,0.110897,152553,0.381383
14.4,-33.2,400000,44988,0.11247,152535,0.381337
14.4,-33,400000,45193,0.112982,152041,0.380103
14.4,-32.8,400000,44683,0.111708,152557,0.381393
14.4,-32.6,400000,44607,0.111518,152640,0.3816
14.4,-32.4,400000,45020,0.11255,152289,0.380723
14.4,-32.2,400000,45218,0.113045,152248,0.38062
14.4,-32,400000,45531,0.113827,152770,0.381925
14.4,-31.8,400000,45356,0.11339,152679,0.381698
14.4,-31.6,400000,44940,0.11235,152147,0.380368
14.4,-31.4,400000,44340,0.11085,152082,0.380205
14.4,-31.2,400000,44945,0.112363,152338,0.380845
14.4,-31,400000,44976,0.11244,151833,0.379582
14.4,-30.8,400000,45074,0.112685,152146,0.380365
14.4,-30.6,400000,44754,0.111885,151931,0.379827
14.4,-30.4,400000,44557,0.111393,152133,0.380333
14.4,-30.2,400000,45158,0.112895,152281,0.380702
14.4,-30,400000,44547,0.111367,151973,0.379933
14.4,-29.8,400000,45014,0.112535,152169,0.380422
14.4,-29.6,400000,44815,0.112037,151947,0.379868
14.4,-29.4,400000,44931,0.112327,151900,0.37975
14.4,-29.2,400000,44915,0.112287,151606,0.379015
14.4,-29,400000,44875,0.112187,151655,0.379138
14.4,-28.8,400000,44757,0.111893,151887,0.379717
14.4,-28.6,400000,45132,0.11283,151949,0.379873
14.4,-28.4,400000,45288,0.11322,152162,0.380405
14.4,-28.2,400000,45570,0.113925,152476,0.38119
14.4,-28,400000,44935,0.112338,152101,0.380252
14.4,-27.8,400000,44862,0.112155,152276,0.38069
14.4,-27.6,400000,45106,0.112765,152720,0.3818
14.4,-27.4,400000,45051,0.112628,152050,0.380125
14.4,-27.2,400000,44868,0.11217,151881,0.379702
14.4,-27,400000,44821,0.112052,152235,0.380588
14.4,-26.8,400000,44988,0.11247,152153,0.380383
14.4,-26.6,400000,44386,0.110965,152008,0.38002
14.4,-26.4,400000,44423,0.111058,151896,0.37974
14.4,-26.2,400000,44802,0.112005,152197,0.380493
14.4,-26,400000,45407,0.113517,152793,0.381983
14.4,-25.8,400000,45116,0.11279,152456,0.38114
14.4,-25.6,400000,44798,0.111995,151856,0.37964
14.4,-25.4,400000,44720,0.1118,151936,0.37984
14.4,-25.2,400000,44798,0.111995,151859,0.379648
14.4,-25,400000,44976,0.11244,152259,0.380648
14.4,-24.8,400000,45075,0.112687,152234,0.380585
14.4,-24.6,400000,45114,0.112785,152404,0.38101
14.4,-24.4,400000,44426,0.111065,151714,0.379285
14.4,-24.2,400000,44988,0.11247,152273,0.380682
14.4,-24,400000,45028,0.11257,152363,0.380908
14.4,-23.8,400000,44721,0.111802,152087,0.380217
14.4,-23.6,400000,44682,0.111705,151924,0.37981
14.4,-23.4,400000,44742,0.111855,152572,0.38143
14.4,-23.2,400000,44913,0.112282,152262,0.380655
14.4,-23,400000,44874,0.112185,152317,0.380792
14.4,-22.8,400000,44872,0.11218,152693,0.381732
14.4,-22.6,400000,44870,0.112175,151787,0.379468
14.4,-22.4,400000,45006,0.112515,152292,0.38073
14.4,-22.2,400000,44648,0.11162,151593,0.378982
14.4,-22,400000,44489,0.111223,151615,0.379038
14.4,-21.8,400000,44427,0.111067,151777,0.379443
14.4,-21.6,400000,44762,0.111905,152047,0.380117
14.4,-21.4,400000,44839,0.112098,152399,0.380997
14.4,-21.2,400000,44936,0.11234,152106,0.380265
14.4,-21,400000,45182,0.112955,152588,0.38147
14.4,-20.8,400000,44684,0.11171,152143,0.380358
14.4,-20.6,400000,44649,0.111622,152046,0.380115
14.4,-20.4,400000,44068,0.11017,152157,0.380393
14.4,-20.2,400000,44552,0.11138,151747,0.379368
14.4,-20,400000,44559,0.111397,152250,0.380625
14.4,-19.8,400000,44890,0.112225,152463,0.381157
14.4,-19.6,400000,45140,0.11285,151815,0.379538
14.4,-19.4,400000,45008,0.11252,152257,0.380642
14.4,-19.2,400000,44637,0.111592,151935,0.379837
14.4,-19,400000,44772,0.11193,151577,0.378943
14.4,-18.8,400000,45186,0.112965,152208,0.38052
14.4,-18.6,400000,45024,0.11256,152260,0.38065
14.4,-18.4,400000,44974,0.112435,152093,0.380232
14.4,-18.2,400000,44564,0.11141,151935,0.379837
14.4,-18,400000,44898,0.112245,152794,0.381985
14.4,-17.8,400000,44835,0.112088,152239,0.380597
14.4,-17.6,400000,44707,0.111768,152592,0.38148
14.4,-17.4,400000,44578,0.111445,151793,0.379483
14.4,-17.2,400000,44660,0.11165,151805,0.379512
14.4,-17,400000,44814,0.112035,152645,0.381613
14.4,-16.8,400000,44526,0.111315,151856,0.37964
14.4,-16.6,400000,44922,0.112305,151321,0.378302
14.4,-16.4,400000,44708,0.11177,152004,0.38001
14.4,-16.2,400000,44700,0.11175,152338,0.380845
14.4,-16,400000,45035,0.112587,152195,0.380487
14.4,-15.8,400000,45158,0.112895,152448,0.38112
14.4,-15.6,400000,44674,0.111685,152057,0.380142
14.4,-15.4,400000,44599,0.111497,152090,0.380225
14.4,-15.2,400000,44760,0.1119,152119,0.380298
14.4,-15,400000,45273,0.113183,152133,0.380333
14.4,-14.8,400000,44345,0.110863,152249,0.380622
14.4,-14.6,400000,45472,0.11368,152331,0.380827
14.4,-14.4,400000,44608,0.11152,152364,0.38091
14.4,-14.2,400000,45598,0.113995,152530,0.381325
14.4,-14,400000,44874,0.112185,152226,0.380565
14.4,-13.8,400000,44617,0.111543,152141,0.380352
14.4,-13.6,400000,44899,0.112248,151549,0.378873
14.4,-13.4,400000,44639,0.111598,152080,0.3802
14.4,-13.2,400000,44746,0.111865,151824,0.37956
14.4,-13,400000,44870,0.112175,152403,0.381007
14.4,-12.8,400000,44373,0.110933,152057,0.380142
14.4,-12.6,400000,44793,0.111982,152006,0.380015
14.4,-12.4,400000,45348,0.11337,152230,0.380575
14.4,-12.2,400000,45030,0.112575,152043,0.380107
14.4,-12,400000,45051,0.112628,151952,0.37988
14.4,-11.8,400000,45246,0.113115,152185,0.380462
14.4,-11.6,400000,44972,0.11243,151834,0.379585
14.4,-11.4,400000,44678,0.111695,151941,0.379852
14.4,-11.2,400000,44446,0.111115,152576,0.38144
14.4,-11,400000,45117,0.112793,151734,0.379335
14.4,-10.8,400000,44868,0.11217,152189,0.380472
14.4,-10.6,400000,44923,0.112308,152274,0.380685
14.4,-10.4,400000,44132,0.11033,151626,0.379065
14.4,-10.2,400000,44719,0.111797,151770,0.379425
14.4,-10,400000,44919,0.112297,152228,0.38057
14.4,-9.8,400000,44632,0.11158,151783,0.379458
14.4,-9.6,400000,45049,0.112623,151869,0.379673
14.4,-9.4,400000,44624,0.11156,152207,0.380518
14.4,-9.2,400000,44834,0.112085,152812,0.38203
14.4,-9,400000,44611,0.111528,152646,0.381615
14.4,-8.8,400000,44836,0.11209,152609,0.381522
14.4,-8.6,400000,45257,0.113142,152978,0.382445
14.4,-8.4,400000,45014,0.112535,152074,0.380185
14.4,-8.2,400000,44701,0.111753,152341,0.380852
14.4,-8,400000,44971,0.112427,152228,0.38057
14.4,-7.8,400000,44609,0.111522,152268,0.38067
14.4,-7.6,400000,44775,0.111937,152278,0.380695
14.4,-7.4,400000,44652,0.11163,151901,0.379752
14.4,-7.2,400000,44922,0.112305,151729,0.379323
14.4,-7,400000,44355,0.110887,151742,0.379355
14.4,-6.8,400000,44586,0.111465,152083,0.380207
14.4,-6.6,400000,45039,0.112598,152001,0.380003
14.4,-6.4,400000,44996,0.11249,152208,0.38052
14.4,-6.2,400000,44837,0.112092,151608,0.37902
14.4,-6,400000,44405,0.111013,151756,0.37939
14.4,-5.8,400000,44981,0.112452,152308,0.38077
14.4,-5.6,400000,45141,0.112852,152202,0.380505
14.4,-5.4,400000,45553,0.113882,152715,0.381788
14.4,-5.2,400000,44947,0.112367,151674,0.379185
14.4,-5,400000,44707,0.111768,151588,0.37897
14.4,-4.8,400000,44515,0.111287,151512,0.37878
14.4,-4.6,400000,44469,0.111172,152064,0.38016
14.4,-4.4,400000,44730,0.111825,151877,0.379692
14.4,-4.2,400000,44363,0.110908,151555,0.378887
14.4,-4,400000,44694,0.111735,151794,0.379485
14.4,-3.8,400000,45104,0.11276,152365,0.380912
14.4,-3.6,400000,44237,0.110592,151946,0.379865
14.4,-3.4,400000,44690,0.111725,151724,0.37931
14.4,-3.2,400000,44600,0.1115,151800,0.3795
14.4,-3,400000,44623,0.111558,152195,0.380487
14.4,-2.8,400000,44893,0.112232,152660,0.38165
14.4,-2.6,400000,44524,0.11131,152057,0.380142
14.4,-2.4,400000,45109,0.112772,152773,0.381933
14.4,-2.2,400000,45194,0.112985,152097,0.380242
14.4,-2,400000,44379,0.110948,152310,0.380775
14.4,-1.8,400000,44951,0.112378,152182,0.380455
14.4,-1.6,400000,45093,0.112732,151751,0.379377
14.4,-1.4,400000,45132,0.11283,151472,0.37868
14.4,-1.2,400000,44843,0.112107,151979,0.379947
14.4,-1,400000,44820,0.11205,152482,0.381205
14.4,-0.8,400000,44361,0.110903,151720,0.3793
14.4,-0.6,400000,45129,0.112823,152543,0.381358
14.4,-0.4,400000,44841,0.112102,151563,0.378908
14.4,-0.2,400000,44974,0.112435,152996,0.38249
14.4,0,400000,45306,0.113265,152281,0.380702
14.4,0.2,400000,44923,0.112308,152222,0.380555
14.4,0.4,400000,44452,0.11113,152307,0.380767
14.4,0.6,400000,45181,0.112952,152678,0.381695
14.4,0.8,400000,44960,0.1124,152248,0.38062
14.4,1,400000,45222,0.113055,151886,0.379715
14.4,1.2,400000,44716,0.11179,151821,0.379553
14.4,1.4,400000,44642,0.111605,152061,0.380153
14.4,1.6,400000,44957,0.112393,151951,0.379877
14.4,1.8,400000,44447,0.111117,151645,0.379113
14.4,2,400000,44647,0.111617,151950,0.379875
14.4,2.2,400000,44404,0.11101,151845,0.379613
14.4,2.4,400000,44820,0.11205,151639,0.379097
14.4,2.6,400000,44462,0.111155,151341,0.378352
14.4,2.8,400000,44721,0.111802,152007,0.380018
14.4,3,400000,44721,0.111802,152468,0.38117
14.4,3.2,400000,45158,0.112895,152316,0.38079
14.4,3.4,400000,44668,0.11167,152478,0.381195
14.4,3.6,400000,44982,0.112455,152171,0.380427
14.4,3.8,400000,45604,0.11401,152546,0.381365
14.4,4,400000,44922,0.112305,152349,0.380873
14.4,4.2,400000,44638,0.111595,152066,0.380165
14.4,4.4,400000,44958,0.112395,152789,0.381972
14.4,4.6,400000,45423,0.113558,152537,0.381342
14.4,4.8,400000,45057,0.112643,152149,0.380373
14.4,5,400000,44943,0.112357,151847,0.379617
14.4,5.2,400000,45020,0.11255,152275,0.380688
14.4,5.4,400000,44923,0.112308,152431,0.381078
14.4,5.6,400000,45125,0.112812,152121,0.380302
14.4,5.8,400000,45184,0.11296,153157,0.382893
14.4,6,400000,45068,0.11267,152674,0.381685
14.4,6.2,400000,45226,0.113065,152471,0.381178
14.4,6.4,400000,44834,0.112085,152387,0.380968
14.4,6.6,400000,44547,0.111367,152180,0.38045
14.4,6.8,400000,45003,0.112507,152297,0.380742
14.4,7,400000,45221,0.113053,151585,0.378962
14.4,7.2,400000,44935,0.112338,152040,0.3801
14.4,7.4,400000,44377,0.110942,151194,0.377985
14.4,7.6,400000,44763,0.111907,152273,0.380682
14.4,7.8,400000,44983,0.112458,152110,0.380275
14.4,8,400000,45195,0.112988,152019,0.380047
14.4,8.2,400000,44744,0.11186,151724,0.37931
14.4,8.4,400000,44316,0.11079,152430,0.381075
14.4,8.6,400000,44856,0.11214,151739,0.379348
14.4,8.8,400000,45346,0.113365,153025,0.382563
14.4,9,400000,44500,0.11125,151943,0.379858
14.4,9.2,400000,44798,0.111995,152101,0.380252
14.4,9.4,400000,44922,0.112305,152105,0.380263
14.4,9.6,400000,44675,0.111687,152121,0.380302
14.4,9.8,400000,44726,0.111815,151986,0.379965
14.4,10,400000,44884,0.11221,152985,0.382462
14.4,10.2,400000,45050,0.112625,152338,0.380845
14.4,10.4,400000,44694,0.111735,152159,0.380397
14.4,10.6,400000,44199,0.110497,151609,0.379022
14.4,10.8,400000,44837,0.112092,152262,0.380655
14.4,11,400000,44681,0.111702,152069,0.380173
14.4,11.2,400000,44365,0.110912,151886,0.379715
14.4,11.4,400000,44732,0.11183,152201,0.380503
14.4,11.6,400000,45264,0.11316,151733,0.379333
14.4,11.8,400000,44707,0.111768,152154,0.380385
14.4,12,400000,45261,0.113153,152661,0.381653
14.4,12.2,400000,44824,0.11206,152226,0.380565
14.4,12.4,400000,45195,0.112988,152927,0.382317
14.4,12.6,400000,44622,0.111555,152275,0.380688
14.4,12.8,400000,44501,0.111253,151323,0.378308
14.4,13,400000,44515,0.111287,152243,0.380607
14.4,13.2,400000,45159,0.112897,152349,0.380873
14.4,13.4,400000,44672,0.11168,151821,0.379553
14.4,13.6,400000,44184,0.11046,152106,0.380265
14.4,13.8,400000,44757,0.111893,152095,0.380238
14.4,14,400000,44794,0.111985,152480,0.3812
14.4,14.2,400000,44881,0.112202,152481,0.381202
14.4,14.4,400000,44867,0.112168,152185,0.380462
14.4,14.6,400000,45345,0.113363,152754,0.381885
14.4,14.8,400000,44981,0.112452,152043,0.380107
14.4,15,400000,44449,0.111122,151908,0.37977
14.4,15.2,400000,44701,0.111753,152747,0.381868
14.4,15.4,400000,44816,0.11204,152232,0.38058
14.4,15.6,400000,44210,0.110525,152080,0.3802
14.4,15.8,400000,44592,0.11148,152269,0.380673
14.4,16,400000,44786,0.111965,152316,0.38079
14.4,16.2,400000,44950,0.112375,152178,0.380445
14.4,16.4,400000,44593,0.111482,151700,0.37925
14.4,16.6,400000,45045,0.112613,152487,0.381217
14.4,16.8,400000,45000,0.1125,152013,0.380032
14.4,17,400000,44796,0.11199,152483,0.381207
14.4,17.2,400000,45126,0.112815,152719,0.381798
14.4,17.4,400000,44797,0.111992,152190,0.380475
14.4,17.6,400000,44140,0.11035,151245,0.378113
14.4,17.8,400000,44576,0.11144,152073,0.380182
14.4,18,400000,44708,0.11177,151756,0.37939
14.4,18.2,400000,45436,0.11359,152942,0.382355
14.4,18.4,400000,44584,0.11146,151795,0.379487
14.4,18.6,400000,44780,0.11195,151451,0.378628
14.4,18.8,400000,44763,0.111907,152886,0.382215
14.4,19,400000,44670,0.111675,151733,0.379333
14.4,19.2,400000,45247,0.113117,152595,0.381487
14.4,19.4,400000,44686,0.111715,152407,0.381018
14.4,19.6,400000,44859,0.112147,151700,0.37925
14.4,19.8,400000,45082,0.112705,152386,0.380965
14.4,20,400000,45142,0.112855,152524,0.38131
14.4,20.2,400000,44973,0.112433,152204,0.38051
14.4,20.4,400000,44585,0.111463,151362,0.378405
14.4,20.6,400000,44478,0.111195,151686,0.379215
14.4,20.8,400000,44779,0.111948,152022,0.380055
14.4,21,400000,44667,0.111668,151987,0.379968
14.4,21.2,400000,45244,0.11311,152157,0.380393
14.4,21.4,400000,44924,0.11231,152503,0.381258
14.4,21.6,400000,44883,0.112208,152400,0.381
14.4,21.8,400000,44993,0.112482,151847,0.379617
14.4,22,400000,45447,0.113617,152037,0.380092
14.4,22.2,400000,44309,0.110772,152046,0.380115
14.4,22.4,400000,44686,0.111715,152253,0.380632
14.4,22.6,400000,44963,0.112407,152084,0.38021
14.4,22.8,400000,44683,0.111708,152115,0.380288
14.4,23,400000,45001,0.112503,152252,0.38063
14.4,23.2,400000,44308,0.11077,151621,0.379053
14.4,23.4,400000,44701,0.111753,151993,0.379983
14.4,23.6,400000,44816,0.11204,151532,0.37883
14.4,23.8,400000,45150,0.112875,152701,0.381752
14.4,24,400000,44636,0.11159,152359,0.380897
14.4,24.2,400000,44841,0.112102,151796,0.37949
14.4,24.4,400000,44690,0.111725,152062,0.380155
14.4,24.6,400000,45203,0.113007,152212,0.38053
14.4,24.8,400000,44786,0.111965,152552,0.38138
14.4,25,400000,45041,0.112602,152137,0.380342
14.4,25.2,400000,45476,0.11369,152352,0.38088
14.4,25.4,400000,44926,0.112315,152567,0.381418
14.4,25.6,400000,44779,0.111948,151795,0.379487
14.4,25.8,400000,44559,0.111397,151845,0.379613
14.4,26,400000,44458,0.111145,151731,0.379327
14.4,26.2,400000,44541,0.111352,151582,0.378955
14.4,26.4,400000,44868,0.11217,152752,0.38188
14.4,26.6,400000,44919,0.112297,152823,0.382057
14.4,26.8,400000,44874,0.112185,151971,0.379927
14.4,27,400000,45299,0.113248,152379,0.380947
14.4,27.2,400000,44699,0.111747,152233,0.380582
14.4,27.4,400000,44565,0.111412,151418,0.378545
14.4,27.6,400000,44921,0.112302,151780,0.37945
14.4,27.8,400000,44905,0.112263,152331,0.380827
14.4,28,400000,44982,0.112455,152384,0.38096
14.4,28.2,400000,44649,0.111622,152122,0.380305
14.4,28.4,400000,44298,0.110745,151684,0.37921
14.4,28.6,400000,44606,0.111515,152441,0.381103
14.4,28.8,400000,44808,0.11202,151939,0.379848
14.4,29,400000,44997,0.112492,151950,0.379875
14.4,29.2,400000,44944,0.11236,152242,0.380605
14.4,29.4,400000,44979,0.112448,152500,0.38125
14.4,29.6,400000,44499,0.111247,151893,0.379732
14.4,29.8,400000,45287,0.113217,152307,0.380767
14.4,30,400000,44564,0.11141,152214,0.380535
14.4,30.2,400000,44461,0.111153,151752,0.37938
14.4,30.4,400000,44675,0.111687,152747,0.381868
14.4,30.6,400000,44851,0.112128,152284,0.38071
14.4,30.8,400000,44819,0.112047,151667,0.379167
14.4,31,400000,44759,0.111897,152255,0.380638
14.4,31.2,400000,44457,0.111143,151529,0.378823
14.4,31.4,400000,44530,0.111325,151439,0.378597
14.4,31.6,400000,45079,0.112698,152296,0.38074
14.4,31.8,400000,44422,0.111055,151384,0.37846
14.4,32,400000,45028,0.11257,152030,0.380075
14.4,32.2,400000,44926,0.112315,152485,0.381213
14.4,32.4,400000,44992,0.11248,152476,0.38119
14.4,32.6,400000,44940,0.11235,151526,0.378815
14.4,32.8,400000,44502,0.111255,152114,0.380285
14.4,33,400000,44912,0.11228,152356,0.38089
14.4,33.2,400000,44885,0.112213,152270,0.380675
14.4,33.4,400000,44674,0.111685,152042,0.380105
14.4,33.6,400000,45039,0.112598,152272,0.38068
14.4,33.8,400000,44525,0.111312,151942,0.379855
14.4,34,400000,45029,0.112573,152034,0.380085
14.4,34.2,400000,45025,0.112562,152838,0.382095
14.4,34.4,400000,44775,0.111937,152257,0.380642
14.4,34.6,400000,44945,0.112363,151752,0.37938
14.4,34.8,400000,44882,0.112205,151931,0.379827
14.4,35,400000,44916,0.11229,152141,0.380352
14.4,35.2,400000,44568,0.11142,151761,0.379402
14.4,35.4,400000,44562,0.111405,151672,0.37918
14.4,35.6,400000,44524,0.11131,151715,0.379287
14.4,35.8,400000,44813,0.112032,151633,0.379082
14.4,36,400000,45066,0.112665,152424,0.38106
14.4,36.2,400000,45151,0.112878,152543,0.381358
14.4,36.4,400000,44817,0.112043,152211,0.380528
14.4,36.6,400000,44888,0.11222,151995,0.379987
14.4,36.8,400000,44906,0.112265,151360,0.3784
14.4,37,400000,44301,0.110753,151929,0.379823
14.4,37.2,400000,44874,0.112185,152156,0.38039
14.4,37.4,400000,44976,0.11244,152292,0.38073
14.4,37.6,400000,45097,0.112742,152554,0.381385
14.4,37.8,400000,44632,0.11158,151865,0.379663
14.4,38,400000,44712,0.11178,152305,0.380763
14.4,38.2,400000,45292,0.11323,152284,0.38071
14.4,38.4,400000,44907,0.112268,151829,0.379572
14.4,38.6,400000,44511,0.111278,151787,0.379468
14.4,38.8,400000,44860,0.11215,152251,0.380628
14.4,39,400000,44701,0.111753,152019,0.380047
14.4,39.2,400000,44470,0.111175,152672,0.38168
14.4,39.4,400000,45300,0.11325,152565,0.381412
14.4,39.6,400000,45071,0.112677,151796,0.37949
14.4,39.8,400000,45470,0.113675,152519,0.381298
14.4,40,400000,44856,0.11214,151897,0.379742
14.4,40.2,400000,44655,0.111638,152011,0.380028
14.4,40.4,400000,44726,0.111815,151721,0.379302
14.4,40.6,400000,44573,0.111433,152320,0.3808
14.4,40.8,400000,44648,0.11162,151915,0.379788
14.4,41,400000,44985,0.112463,151478,0.378695
14.4,41.2,400000,44841,0.112102,152148,0.38037
14.4,41.4,400000,45028,0.11257,152511,0.381277
14.4,41.6,400000,45012,0.11253,152134,0.380335
14.4,41.8,400000,45039,0.112598,152415,0.381037
14.4,42,400000,44756,0.11189,151333,0.378333
14.4,42.2,400000,44848,0.11212,152272,0.38068
14.4,42.4,400000,45152,0.11288,152192,0.38048
14.4,42.6,400000,45017,0.112543,151914,0.379785
14.4,42.8,400000,44468,0.11117,151771,0.379427
14.4,43,400000,45010,0.112525,152130,0.380325
14.4,43.2,400000,44940,0.11235,152413,0.381032
14.4,43.4,400000,44633,0.111583,152393,0.380983
14.4,43.6,400000,44915,0.112287,151970,0.379925
14.4,43.8,400000,44927,0.112318,151754,0.379385
14.4,44,400000,44903,0.112257,152177,0.380443
14.4,44.2,400000,45023,0.112558,152268,0.38067
14.4,44.4,400000,44775,0.111937,151225,0.378063
14.4,44.6,400000,45046,0.112615,151915,0.379788
14.4,44.8,400000,44407,0.111018,151567,0.378918
14.4,45,400000,44518,0.111295,152243,0.380607
14.4,45.2,400000,44935,0.112338,152871,0.382178
14.4,45.4,400000,44508,0.11127,152094,0.380235
14.4,45.6,400000,45045,0.112613,152021,0.380053
14.4,45.8,400000,44870,0.112175,151985,0.379962
14.4,46,400000,44926,0.112315,152067,0.380167
14.4,46.2,400000,44920,0.1123,151488,0.37872
14.4,46.4,400000,44954,0.112385,152202,0.380505
14.4,46.6,400000,45033,0.112583,152401,0.381003
14.4,46.8,400000,44924,0.11231,151867,0.379667
14.4,47,400000,45119,0.112797,152200,0.3805
14.4,47.2,400000,44779,0.111948,152062,0.380155
14.4,47.4,400000,44762,0.111905,151687,0.379217
14.4,47.6,400000,45050,0.112625,152158,0.380395
14.4,47.8,400000,44406,0.111015,151507,0.378767
14.4,48,400000,45135,0.112837,152265,0.380663
14.4,48.2,400000,44498,0.111245,152464,0.38116
14.4,48.4,400000,44784,0.11196,152329,0.380823
14.4,48.6,400000,44949,0.112373,151917,0.379792
14.4,48.8,400000,44832,0.11208,152399,0.380997
14.4,49,400000,45503,0.113757,151990,0.379975
14.4,49.2,400000,44682,0.111705,150966,0.377415
14.4,49.4,400000,44670,0.111675,151635,0.379088
14.4,49.6,400000,44486,0.111215,152474,0.381185
14.4,49.8,400000,44351,0.110878,151128,0.37782
14.4,50,400000,44506,0.111265,151990,0.379975
14.6,-50,400000,45090,0.112725,151585,0.378962
14.6,-49.8,400000,45066,0.112665,152303,0.380758
14.6,-49.6,400000,45053,0.112632,152195,0.380487
14.6,-49.4,400000,44332,0.11083,151687,0.379217
14.6,-49.2,400000,44771,0.111927,152290,0.380725
14.6,-49,400000,44850,0.112125,152035,0.380088
14.6,-48.8,400000,45028,0.11257,152002,0.380005
14.6,-48.6,400000,44876,0.11219,152271,0.380678
14.6,-48.4,400000,44718,0.111795,151919,0.379798
14.6,-48.2,400000,45162,0.112905,152580,0.38145
14.6,-48,400000,44765,0.111912,151915,0.379788
14.6,-47.8,400000,44636,0.11159,151700,0.37925
14.6,-47.6,400000,44715,0.111787,151940,0.37985
14.6,-47.4,400000,44526,0.111315,151773,0.379433
14.6,-47.2,400000,44829,0.112073,151750,0.379375
14.6,-47,400000,44382,0.110955,151876,0.37969
14.6,-46.8,400000,44950,0.112375,152272,0.38068
14.6,-46.6,400000,44884,0.11221,152833,0.382082
14.6,-46.4,400000,44738,0.111845,152375,0.380937
14.6,-46.2,400000,44861,0.112153,151928,0.37982
14.6,-46,400000,44775,0.111937,152343,0.380858
14.6,-45.8,400000,44710,0.111775,152029,0.380072
14.6,-45.6,400000,45216,0.11304,152372,0.38093
14.6,-45.4,400000,44575,0.111437,151853,0.379632
14.6,-45.2,400000,44754,0.111885,152350,0.380875
14.6,-45,400000,44732,0.11183,151433,0.378582
14.6,-44.8,400000,45120,0.1128,152499,0.381248
14.6,-44.6,400000,44543,0.111357,151661,0.379153
14.6,-44.4,400000,44532,0.11133,151743,0.379358
14.6,-44.2,400000,45001,0.112503,152471,0.381178
14.6,-44,400000,44788,0.11197,152369,0.380922
14.6,-43.8,400000,44617,0.111543,152746,0.381865
14.6,-43.6,400000,44496,0.11124,151882,0.379705
14.6,-43.4,400000,44862,0.112155,151771,0.379427
14.6,-43.2,400000,44991,0.112477,151728,0.37932
14.6,-43,400000,45057,0.112643,152081,0.380202
14.6,-42.8,400000,44974,0.112435,152004,0.38001
14.6,-42.6,400000,44553,0.111382,152192,0.38048
14.6,-42.4,400000,45088,0.11272,152321,0.380802
14.6,-42.2,400000,45260,0.11315,152643,0.381607
14.6,-42,400000,44637,0.111592,152254,0.380635
14.6,-41.8,400000,44211,0.110528,151592,0.37898
14.6,-41.6,400000,44416,0.11104,152177,0.380443
14.6,-41.4,400000,45031,0.112577,152093,0.380232
14.6,-41.2,400000,45166,0.112915,151860,0.37965
14.6,-41,400000,45255,0.113138,151768,0.37942
14.6,-40.8,400000,44856,0.11214,151679,0.379198
14.6,-40.6,400000,44844,0.11211,152561,0.381402
14.6,-40.4,400000,44760,0.1119,152401,0.381003
14.6,-40.2,400000,44526,0.111315,151412,0.37853
14.6,-40,400000,45193,0.112982,152014,0.380035
14.6,-39.8,400000,45227,0.113068,152047,0.380117
14.6,-39.6,400000,44264,0.11066,152137,0.380342
14.6,-39.4,400000,45451,0.113628,152370,0.380925
14.6,-39.2,400000,45028,0.11257,152343,0.380858
14.6,-39,400000,45225,0.113062,152243,0.380607
14.6,-38.8,400000,44711,0.111778,152093,0.380232
14.6,-38.6,400000,44647,0.111617,151675,0.379188
14.6,-38.4,400000,45016,0.11254,152170,0.380425
14.6,-38.2,400000,45015,0.112537,151970,0.379925
14.6,-38,400000,44669,0.111672,151953,0.379883
14.6,-37.8,400000,45042,0.112605,151444,0.37861
14.6,-37.6,400000,45056,0.11264,152198,0.380495
14.6,-37.4,400000,44154,0.110385,151464,0.37866
14.6,-37.2,400000,44058,0.110145,151702,0.379255
14.6,-37,400000,44928,0.11232,152624,0.38156
14.6,-36.8,400000,44476,0.11119,151258,0.378145
14.6,-36.6,400000,45070,0.112675,151444,0.37861
14.6,-36.4,400000,44806,0.112015,151845,0.379613
14.6,-36.2,400000,44481,0.111202,151450,0.378625
14.6,-36,400000,44912,0.11228,152363,0.380908
14.6,-35.8,400000,45063,0.112657,152282,0.380705
14.6,-35.6,400000,45140,0.11285,152821,0.382053
14.6,-35.4,400000,45250,0.113125,152449,0.381122
14.6,-35.2,400000,44853,0.112132,151802,0.379505
14.6,-35,400000,45459,0.113647,152812,0.38203
14.6,-34.8,400000,44663,0.111658,151891,0.379727
14.6,-34.6,400000,45615,0.114037,152716,0.38179
14.6,-34.4,400000,44976,0.11244,152641,0.381603
14.6,-34.2,400000,44906,0.112265,152414,0.381035
14.6,-34,400000,44724,0.11181,151849,0.379622
14.6,-33.8,400000,44794,0.111985,151589,0.378972
14.6,-33.6,400000,44957,0.112393,152556,0.38139
14.6,-33.4,400000,44845,0.112113,152179,0.380447
14.6,-33.2,400000,45013,0.112532,152109,0.380273
14.6,-33,400000,45243,0.113107,151977,0.379943
14.6,-32.8,400000,44704,0.11176,152029,0.380072
14.6,-32.6,400000,44905,0.112263,152306,0.380765
14.6,-32.4,400000,45224,0.11306,152471,0.381178
14.6,-32.2,400000,44419,0.111047,151509,0.378773
14.6,-32,400000,44782,0.111955,152621,0.381553
14.6,-31.8,400000,44925,0.112312,152231,0.380578
14.6,-31.6,400000,44833,0.112083,151858,0.379645
14.6,-31.4,400000,44427,0.111067,151282,0.378205
14.6,-31.2,400000,44843,0.112107,152174,0.380435
14.6,-31,400000,44965,0.112412,152765,0.381912
14.6,-30.8,400000,44735,0.111838,152396,0.38099
14.6,-30.6,400000,45102,0.112755,152127,0.380317
14.6,-30.4,400000,44795,0.111988,152574,0.381435
14.6,-30.2,400000,44604,0.11151,151990,0.379975
14.6,-30,400000,44431,0.111077,152110,0.380275
14.6,-29.8,400000,44780,0.11195,151846,0.379615
14.6,-29.6,400000,45085,0.112712,151924,0.37981
14.6,-29.4,400000,44995,0.112488,152168,0.38042
14.6,-29.2,400000,44943,0.112357,151880,0.3797
14.6,-29,400000,44745,0.111863,152227,0.380568
14.6,-28.8,400000,45279,0.113198,152171,0.380427
14.6,-28.6,400000,44661,0.111653,152158,0.380395
14.6,-28.4,400000,44784,0.11196,151908,0.37977
14.6,-28.2,400000,44891,0.112227,152360,0.3809
14.6,-28,400000,45053,0.112632,152373,0.380933
14.6,-27.8,400000,44251,0.110628,152188,0.38047
14.6,-27.6,400000,44798,0.111995,151438,0.378595
14.6,-27.4,400000,44986,0.112465,152221,0.380553
14.6,-27.2,400000,44566,0.111415,151915,0.379788
14.6,-27,400000,44829,0.112073,152218,0.380545
14.6,-26.8,400000,44793,0.111982,152103,0.380258
14.6,-26.6,400000,44611,0.111528,151957,0.379893
14.6,-26.4,400000,45215,0.113037,153284,0.38321
14.6,-26.2,400000,45222,0.113055,152441,0.381103
14.6,-26,400000,45132,0.11283,152336,0.38084
14.6,-25.8,400000,44913,0.112282,152290,0.380725
14.6,-25.6,400000,45168,0.11292,152258,0.380645
14.6,-25.4,400000,45331,0.113327,152562,0.381405
14.6,-25.2,400000,44805,0.112013,152220,0.38055
14.6,-25,400000,44311,0.110778,152101,0.380252
14.6,-24.8,400000,44604,0.11151,152160,0.3804
14.6,-24.6,400000,45147,0.112867,152780,0.38195
14.6,-24.4,400000,45376,0.11344,152457,0.381142
14.6,-24.2,400000,44563,0.111408,151795,0.379487
14.6,-24,400000,44590,0.111475,151957,0.379893
14.6,-23.8,400000,44821,0.112052,151959,0.379897
14.6,-23.6,400000,45094,0.112735,151727,0.379317
14.6,-23.4,400000,44160,0.1104,152082,0.380205
14.6,-23.2,400000,44262,0.110655,151368,0.37842
14.6,-23,400000,45217,0.113043,151878,0.379695
14.6,-22.8,400000,44864,0.11216,152396,0.38099
14.6,-22.6,400000,44971,0.112427,152235,0.380588
14.6,-22.4,400000,44726,0.111815,152429,0.381072
14.6,-22.2,400000,44877,0.112193,152127,0.380317
14.6,-22,400000,44703,0.111757,151684,0.37921
14.6,-21.8,400000,44709,0.111772,151918,0.379795
14.6,-21.6,400000,45044,0.11261,152707,0.381767
14.6,-21.4,400000,44932,0.11233,152518,0.381295
14.6,-21.2,400000,44730,0.111825,152294,0.380735
14.6,-21,400000,44937,0.112342,152305,0.380763
14.6,-20.8,400000,44856,0.11214,152197,0.380493
14.6,-20.6,400000,45265,0.113162,152538,0.381345
14.6,-20.4,400000,45041,0.112602,152435,0.381088
14.6,-20.2,400000,44675,0.111687,152132,0.38033
14.6,-20,400000,44747,0.111867,152604,0.38151
14.6,-19.8,400000,44767,0.111918,151967,0.379918
14.6,-19.6,400000,45124,0.11281,152130,0.380325
14.6,-19.4,400000,44818,0.112045,152260,0.38065
14.6,-19.2,400000,44799,0.111997,151920,0.3798
14.6,-19,400000,44877,0.112193,151799,0.379497
14.6,-18.8,400000,44916,0.11229,152390,0.380975
14.6,-18.6,400000,45147,0.112867,152500,0.38125
14.6,-18.4,400000,45297,0.113242,152278,0.380695
14.6,-18.2,400000,44924,0.11231,151797,0.379493
14.6,-18,400000,44878,0.112195,152513,0.381283
14.6,-17.8,400000,44848,0.11212,152241,0.380603
14.6,-17.6,400000,44896,0.11224,151727,0.379317
14.6,-17.4,400000,44973,0.112433,152189,0.380472
14.6,-17.2,400000,44530,0.111325,152374,0.380935
14.6,-17,400000,45067,0.112668,152616,0.38154
14.6,-16.8,400000,44684,0.11171,152208,0.38052
14.6,-16.6,400000,45020,0.11255,152555,0.381387
14.6,-16.4,400000,45230,0.113075,152059,0.380148
14.6,-16.2,400000,45236,0.11309,152586,0.381465
14.6,-16,400000,45261,0.113153,152045,0.380113
14.6,-15.8,400000,44828,0.11207,151926,0.379815
14.6,-15.6,400000,45286,0.113215,152645,0.381613
14.6,-15.4,400000,44914,0.112285,152190,0.380475
14.6,-15.2,400000,45164,0.11291,151971,0.379927
14.6,-15,400000,44910,0.112275,152343,0.380858
14.6,-14.8,400000,45322,0.113305,151989,0.379972
14.6,-14.6,400000,44839,0.112098,152519,0.381298
14.6,-14.4,400000,45227,0.113068,151727,0.379317
14.6,-14.2,400000,44514,0.111285,151964,0.37991
14.6,-14,400000,44235,0.110588,152098,0.380245
14.6,-13.8,400000,44747,0.111867,152311,0.380777
14.6,-13.6,400000,45007,0.112518,152322,0.380805
14.6,-13.4,400000,45210,0.113025,152370,0.380925
14.6,-13.2,400000,45114,0.112785,152537,0.381342
14.6,-13,400000,44526,0.111315,152426,0.381065
14.6,-12.8,400000,45168,0.11292,152674,0.381685
14.6,-12.6,400000,44126,0.110315,151452,0.37863
14.6,-12.4,400000,44950,0.112375,151829,0.379572
14.6,-12.2,400000,44831,0.112077,152524,0.38131
14.6,-12,400000,44713,0.111783,152005,0.380012
14.6,-11.8,400000,45102,0.112755,152319,0.380798
14.6,-11.6,400000,44543,0.111357,152531,0.381327
14.6,-11.4,400000,44297,0.110742,152117,0.380292
14.6,-11.2,400000,44955,0.112388,152238,0.380595
14.6,-11,400000,45047,0.112617,152674,0.381685
14.6,-10.8,400000,45156,0.11289,152287,0.380717
14.6,-10.6,400000,44630,0.111575,152424,0.38106
14.6,-10.4,400000,45272,0.11318,152406,0.381015
14.6,-10.2,400000,44528,0.11132,151484,0.37871
14.6,-10,400000,44708,0.11177,152109,0.380273
14.6,-9.8,400000,44503,0.111257,151942,0.379855
14.6,-9.6,400000,45146,0.112865,152933,0.382333
14.6,-9.4,400000,44702,0.111755,151439,0.378597
14.6,-9.2,400000,44897,0.112242,152227,0.380568
14.6,-9,400000,44646,0.111615,151295,0.378238
14.6,-8.8,400000,44984,0.11246,152630,0.381575
14.6,-8.6,400000,44677,0.111693,152700,0.38175
14.6,-8.4,400000,44646,0.111615,152252,0.38063
14.6,-8.2,400000,44721,0.111802,152226,0.380565
14.6,-8,400000,44567,0.111418,152267,0.380667
14.6,-7.8,400000,44933,0.112333,152733,0.381833
14.6,-7.6,400000,44699,0.111747,152021,0.380053
14.6,-7.4,400000,44637,0.111592,151931,0.379827
14.6,-7.2,400000,45169,0.112922,152086,0.380215
14.6,-7,400000,44768,0.11192,151779,0.379447
14.6,-6.8,400000,45584,0.11396,152350,0.380875
14.6,-6.6,400000,45050,0.112625,152259,0.380648
14.6,-6.4,400000,44720,0.1118,152269,0.380673
14.6,-6.2,400000,45213,0.113032,152224,0.38056
14.6,-6,400000,44327,0.110817,152235,0.380588
14.6,-5.8,400000,44632,0.11158,152211,0.380528
14.6,-5.6,400000,45100,0.11275,152055,0.380138
14.6,-5.4,400000,44885,0.112213,152580,0.38145
14.6,-5.2,400000,44867,0.112168,152598,0.381495
14.6,-5,400000,45154,0.112885,152491,0.381227
14.6,-4.8,400000,44374,0.110935,151677,0.379192
14.6,-4.6,400000,45719,0.114297,152915,0.382288
14.6,-4.4,400000,44725,0.111812,151704,0.37926
14.6,-4.2,400000,44509,0.111272,151570,0.378925
14.6,-4,400000,44673,0.111683,151963,0.379908
14.6,-3.8,400000,45239,0.113098,152606,0.381515
14.6,-3.6,400000,45074,0.112685,152476,0.38119
14.6,-3.4,400000,44779,0.111948,152412,0.38103
14.6,-3.2,400000,45239,0.113098,152653,0.381632
14.6,-3,400000,44718,0.111795,152503,0.381258
14.6,-2.8,400000,44742,0.111855,152317,0.380792
14.6,-2.6,400000,45228,0.11307,152548,0.38137
14.6,-2.4,400000,45170,0.112925,151985,0.379962
14.6,-2.2,400000,44801,0.112003,152460,0.38115
14.6,-2,400000,44367,0.110918,152398,0.380995
14.6,-1.8,400000,44799,0.111997,151638,0.379095
14.6,-1.6,400000,44826,0.112065,151992,0.37998
14.6,-1.4,400000,44642,0.111605,151330,0.378325
14.6,-1.2,400000,44821,0.112052,152157,0.380393
14.6,-1,400000,44567,0.111418,152062,0.380155
14.6,-0.8,400000,44759,0.111897,151906,0.379765
14.6,-0.6,400000,44455,0.111138,151998,0.379995
14.6,-0.4,400000,44876,0.11219,151908,0.37977
14.6,-0.2,400000,45260,0.11315,151999,0.379997
14.6,0,400000,45116,0.11279,152248,0.38062
14.6,0.2,400000,45473,0.113683,152502,0.381255
14.6,0.4,400000,44797,0.111992,152170,0.380425
14.6,0.6,400000,45233,0.113083,152056,0.38014
14.6,0.8,400000,44678,0.111695,152299,0.380748
14.6,1,400000,45273,0.113183,152396,0.38099
14.6,1.2,400000,45009,0.112522,152090,0.380225
14.6,1.4,400000,44559,0.111397,152223,0.380557
14.6,1.6,400000,45138,0.112845,152601,0.381503
14.6,1.8,400000,44685,0.111713,151269,0.378173
14.6,2,400000,44852,0.11213,152254,0.380635
14.6,2.2,400000,44960,0.1124,152312,0.38078
14.6,2.4,400000,44953,0.112382,152460,0.38115
14.6,2.6,400000,44515,0.111287,152263,0.380657
14.6,2.8,400000,44492,0.11123,151607,0.379018
14.6,3,400000,44545,0.111363,151660,0.37915
14.6,3.2,400000,44530,0.111325,151790,0.379475
14.6,3.4,400000,44906,0.112265,152155,0.380387
14.6,3.6,400000,44545,0.111363,152149,0.380373
14.6,3.8,400000,45122,0.112805,152282,0.380705
14.6,4,400000,44922,0.112305,152333,0.380833
14.6,4.2,400000,45104,0.11276,152445,0.381113
14.6,4.4,400000,44924,0.11231,152309,0.380773
14.6,4.6,400000,44711,0.111778,152593,0.381483
14.6,4.8,400000,44749,0.111872,152129,0.380323
14.6,5,400000,45117,0.112793,152026,0.380065
14.6,5.2,400000,44801,0.112003,152579,0.381447
14.6,5.4,400000,44686,0.111715,152214,0.380535
14.6,5.6,400000,44525,0.111312,152288,0.38072
14.6,5.8,400000,44927,0.112318,152021,0.380053
14.6,6,400000,44347,0.110867,151782,0.379455
14.6,6.2,400000,44518,0.111295,151674,0.379185
14.6,6.4,400000,45063,0.112657,152862,0.382155
14.6,6.6,400000,44714,0.111785,151539,0.378848
14.6,6.8,400000,45036,0.11259,152216,0.38054
14.6,7,400000,44679,0.111698,151752,0.37938
14.6,7.2,400000,45128,0.11282,152535,0.381337
14.6,7.4,400000,45118,0.112795,152717,0.381792
14.6,7.6,400000,44883,0.112208,151946,0.379865
14.6,7.8,400000,44255,0.110637,152004,0.38001
14.6,8,400000,45062,0.112655,151747,0.379368
14.6,8.2,400000,44536,0.11134,152117,0.380292
14.6,8.4,400000,44859,0.112147,151948,0.37987
14.6,8.6,400000,44707,0.111768,152345,0.380862
14.6,8.8,400000,45110,0.112775,152953,0.382383
14.6,9,400000,45399,0.113498,152422,0.381055
14.6,9.2,400000,45111,0.112778,152483,0.381207
14.6,9.4,400000,44523,0.111308,151791,0.379478
14.6,9.6,400000,44940,0.11235,152386,0.380965
14.6,9.8,400000,44614,0.111535,151513,0.378783
14.6,10,400000,44776,0.11194,151696,0.37924
14.6,10.2,400000,44722,0.111805,152118,0.380295
14.6,10.4,400000,44928,0.11232,151965,0.379912
14.6,10.6,400000,44521,0.111302,152448,0.38112
14.6,10.8,400000,44882,0.112205,152261,0.380653
14.6,11,400000,44428,0.11107,152040,0.3801
14.6,11.2,400000,44994,0.112485,152735,0.381837
14.6,11.4,400000,44840,0.1121,152067,0.380167
14.6,11.6,400000,44585,0.111463,151659,0.379148
14.6,11.8,400000,45077,0.112693,151971,0.379927
14.6,12,400000,45085,0.112712,152564,0.38141
14.6,12.2,400000,45037,0.112592,152176,0.38044
14.6,12.4,400000,44502,0.111255,151982,0.379955
14.6,12.6,400000,45091,0.112727,152455,0.381138
14.6,12.8,400000,44825,0.112062,152790,0.381975
14.6,13,400000,44921,0.112302,151505,0.378763
14.6,13.2,400000,45080,0.1127,152857,0.382142
14.6,13.4,400000,44499,0.111247,152094,0.380235
14.6,13.6,400000,44500,0.11125,151714,0.379285
14.6,13.8,400000,45125,0.112812,152303,0.380758
14.6,14,400000,45072,0.11268,152680,0.3817
14.6,14.2,400000,44612,0.11153,152164,0.38041
14.6,14.4,400000,45292,0.11323,152837,0.382093
14.6,14.6,400000,45244,0.11311,152442,0.381105
14.6,14.8,400000,45279,0.113198,152532,0.38133
14.6,15,400000,45084,0.11271,151842,0.379605
14.6,15.2,400000,44495,0.111238,152066,0.380165
14.6,15.4,400000,45164,0.11291,153096,0.38274
14.6,15.6,400000,44561,0.111403,151934,0.379835
14.6,15.8,400000,44829,0.112073,152045,0.380113
14.6,16,400000,44827,0.112068,152540,0.38135
14.6,16.2,400000,44570,0.111425,151985,0.379962
14.6,16.4,400000,45178,0.112945,152016,0.38004
14.6,16.6,400000,45129,0.112823,151758,0.379395
14.6,16.8,400000,44949,0.112373,152429,0.381072
14.6,17,400000,45302,0.113255,152636,0.38159
14.6,17.2,400000,44811,0.112028,151753,0.379383
14.6,17.4,400000,44701,0.111753,152259,0.380648
14.6,17.6,400000,44650,0.111625,151709,0.379273
14.6,17.8,400000,44425,0.111062,151821,0.379553
14.6,18,400000,44959,0.112397,152334,0.380835
14.6,18.2,400000,44904,0.11226,151921,0.379802
14.6,18.4,400000,44691,0.111727,151790,0.379475
14.6,18.6,400000,44991,0.112477,152594,0.381485
14.6,18.8,400000,44814,0.112035,152598,0.381495
14.6,19,400000,45093,0.112732,152206,0.380515
14.6,19.2,400000,44416,0.11104,152622,0.381555
14.6,19.4,400000,44770,0.111925,152290,0.380725
14.6,19.6,400000,45021,0.112552,152334,0.380835
14.6,19.8,400000,45035,0.112587,152397,0.380993
14.6,20,400000,44608,0.11152,152660,0.38165
14.6,20.2,400000,44734,0.111835,152512,0.38128
14.6,20.4,400000,44967,0.112418,152383,0.380958
14.6,20.6,400000,44623,0.111558,151581,0.378953
14.6,20.8,400000,45021,0.112552,151995,0.379987
14.6,21,400000,44645,0.111613,152171,0.380427
14.6,21.2,400000,44716,0.11179,151993,0.379983
14.6,21.4,400000,44714,0.111785,152367,0.380918
14.6,21.6,400000,44292,0.11073,151265,0.378163
14.6,21.8,400000,44960,0.1124,152257,0.380642
14.6,22,400000,44942,0.112355,152678,0.381695
14.6,22.2,400000,44595,0.111488,151758,0.379395
14.6,22.4,400000,44677,0.111693,152676,0.38169
14.6,22.6,400000,44594,0.111485,151744,0.37936
14.6,22.8,400000,44861,0.112153,152173,0.380433
14.6,23,400000,44500,0.11125,152103,0.380258
14.6,23.2,400000,44848,0.11212,152241,0.380603
14.6,23.4,400000,44135,0.110338,151272,0.37818
14.6,23.6,400000,44904,0.11226,151927,0.379817
14.6,23.8,400000,44655,0.111638,151614,0.379035
14.6,24,400000,44910,0.112275,152647,0.381617
14.6,24.2,400000,45092,0.11273,152558,0.381395
14.6,24.4,400000,44647,0.111617,151941,0.379852
14.6,24.6,400000,45028,0.11257,151725,0.379312
14.6,24.8,400000,44822,0.112055,151654,0.379135
14.6,25,400000,44949,0.112373,152177,0.380443
14.6,25.2,400000,44722,0.111805,151829,0.379572
14.6,25.4,400000,44637,0.111592,151764,0.37941
14.6,25.6,400000,44636,0.11159,152083,0.380207
14.6,25.8,400000,44885,0.112213,152276,0.38069
14.6,26,400000,44002,0.110005,151955,0.379887
14.6,26.2,400000,44649,0.111622,151624,0.37906
14.6,26.4,400000,44478,0.111195,151673,0.379182
14.6,26.6,400000,44743,0.111857,152284,0.38071
14.6,26.8,400000,44271,0.110677,151384,0.37846
14.6,27,400000,44435,0.111088,152430,0.381075
14.6,27.2,400000,45091,0.112727,152517,0.381292
14.6,27.4,400000,44933,0.112333,151885,0.379713
14.6,27.6,400000,45330,0.113325,152462,0.381155
14.6,27.8,400000,44513,0.111283,151787,0.379468
14.6,28,400000,44912,0.11228,152375,0.380937
14.6,28.2,400000,44923,0.112308,151945,0.379862
14.6,28.4,400000,45286,0.113215,152593,0.381483
14.6,28.6,400000,44617,0.111543,151739,0.379348
14.6,28.8,400000,44820,0.11205,152554,0.381385
14.6,29,400000,44601,0.111503,151699,0.379248
14.6,29.2,400000,44471,0.111177,152088,0.38022
14.6,29.4,400000,44629,0.111573,151754,0.379385
14.6,29.6,400000,44887,0.112217,151836,0.37959
14.6,29.8,400000,44461,0.111153,151934,0.379835
14.6,30,400000,44609,0.111522,151873,0.379682
14.6,30.2,400000,44671,0.111677,151983,0.379958
14.6,30.4,400000,44542,0.111355,151357,0.378393
14.6,30.6,400000,44353,0.110882,151742,0.379355
14.6,30.8,400000,44733,0.111833,151775,0.379437
14.6,31,400000,44827,0.112068,152014,0.380035
14.6,31.2,400000,44607,0.111518,152327,0.380817
14.6,31.4,400000,44944,0.11236,152319,0.380798
14.6,31.6,400000,45241,0.113102,152504,0.38126
14.6,31.8,400000,45013,0.112532,152436,0.38109
14.6,32,400000,44561,0.111403,152066,0.380165
14.6,32.2,400000,44873,0.112183,151658,0.379145
14.6,32.4,400000,45363,0.113407,152522,0.381305
14.6,32.6,400000,44500,0.11125,151564,0.37891
14.6,32.8,400000,45196,0.11299,152051,0.380128
14.6,33,400000,44492,0.11123,152131,0.380327
14.6,33.2,400000,45000,0.1125,152430,0.381075
14.6,33.4,400000,44414,0.111035,152204,0.38051
14.6,33.6,400000,44532,0.11133,151751,0.379377
14.6,33.8,400000,44753,0.111882,152157,0.380393
14.6,34,400000,44751,0.111878,152086,0.380215
14.6,34.2,400000,45017,0.112543,152091,0.380227
14.6,34.4,400000,44488,0.11122,152383,0.380958
14.6,34.6,400000,44767,0.111918,151781,0.379453
14.6,34.8,400000,44945,0.112363,151870,0.379675
14.6,35,400000,44974,0.112435,152077,0.380192
14.6,35.2,400000,44790,0.111975,151888,0.37972
14.6,35.4,400000,44655,0.111638,152399,0.380997
14.6,35.6,400000,44985,0.112463,152982,0.382455
14.6,35.8,400000,45154,0.112885,152000,0.38
14.6,36,400000,45003,0.112507,152404,0.38101
14.6,36.2,400000,44590,0.111475,151933,0.379833
14.6,36.4,400000,44623,0.111558,151816,0.37954
14.6,36.6,400000,44573,0.111433,151848,0.37962
14.6,36.8,400000,45471,0.113678,152159,0.380397
14.6,37,400000,44806,0.112015,151695,0.379238
14.6,37.2,400000,45326,0.113315,152271,0.380678
14.6,37.4,400000,44672,0.11168,152105,0.380263
14.6,37.6,400000,45332,0.11333,152619,0.381547
14.6,37.8,400000,44990,0.112475,152032,0.38008
14.6,38,400000,44899,0.112248,151682,0.379205
14.6,38.2,400000,45108,0.11277,152577,0.381443
14.6,38.4,400000,44938,0.112345,152084,0.38021
14.6,38.6,400000,45052,0.11263,152237,0.380593
14.6,38.8,400000,44577,0.111442,152205,0.380512
14.6,39,400000,44438,0.111095,152476,0.38119
14.6,39.2,400000,45178,0.112945,152144,0.38036
14.6,39.4,400000,44627,0.111568,152186,0.380465
14.6,39.6,400000,44999,0.112498,152581,0.381453
14.6,39.8,400000,45339,0.113348,152557,0.381393
14.6,40,400000,45146,0.112865,152167,0.380418
14.6,40.2,400000,44494,0.111235,152438,0.381095
14.6,40.4,400000,44307,0.110768,151495,0.378738
14.6,40.6,400000,44632,0.11158,152377,0.380943
14.6,40.8,400000,44892,0.11223,152367,0.380918
14.6,41,400000,44925,0.112312,152369,0.380922
14.6,41.2,400000,45253,0.113132,151818,0.379545
14.6,41.4,400000,44795,0.111988,152549,0.381373
14.6,41.6,400000,45006,0.112515,152331,0.380827
14.6,41.8,400000,44437,0.111092,151717,0.379292
14.6,42,400000,45129,0.112823,152171,0.380427
14.6,42.2,400000,45192,0.11298,151947,0.379868
14.6,42.4,400000,44163,0.110408,151084,0.37771
14.6,42.6,400000,45245,0.113113,152245,0.380613
14.6,42.8,400000,45328,0.11332,152028,0.38007
14.6,43,400000,44428,0.11107,152099,0.380248
14.6,43.2,400000,44641,0.111602,151212,0.37803
14.6,43.4,400000,44095,0.110238,151684,0.37921
14.6,43.6,400000,45011,0.112528,152209,0.380522
14.6,43.8,400000,45084,0.11271,151903,0.379758
14.6,44,400000,44480,0.1112,152108,0.38027
14.6,44.2,400000,44818,0.112045,151708,0.37927
14.6,44.4,400000,44906,0.112265,152185,0.380462
14.6,44.6,400000,44866,0.112165,151919,0.379798
14.6,44.8,400000,45133,0.112833,152288,0.38072
14.6,45,400000,44774,0.111935,151619,0.379047
14.6,45.2,400000,44432,0.11108,151824,0.37956
14.6,45.4,400000,44812,0.11203,152408,0.38102
14.6,45.6,400000,44772,0.11193,151466,0.378665
14.6,45.8,400000,45299,0.113248,152376,0.38094
14.6,46,400000,45187,0.112967,152424,0.38106
14.6,46.2,400000,44914,0.112285,151869,0.379673
14.6,46.4,400000,45007,0.112518,152289,0.380723
14.6,46.6,400000,44660,0.11165,151974,0.379935
14.6,46.8,400000,45041,0.112602,152190,0.380475
14.6,47,400000,44309,0.110772,151955,0.379887
14.6,47.2,400000,44673,0.111683,151829,0.379572
14.6,47.4,400000,44678,0.111695,151584,0.37896
14.6,47.6,400000,45023,0.112558,152185,0.380462
14.6,47.8,400000,44531,0.111327,151487,0.378717
14.6,48,400000,45011,0.112528,152039,0.380097
14.6,48.2,400000,44769,0.111922,152151,0.380377
14.6,48.4,400000,44965,0.112412,151838,0.379595
14.6,48.6,400000,44745,0.111863,152184,0.38046
14.6,48.8,400000,45391,0.113477,152620,0.38155
14.6,49,400000,44898,0.112245,152282,0.380705
14.6,49.2,400000,44906,0.112265,152025,0.380063
14.6,49.4,400000,44905,0.112263,152051,0.380128
14.6,49.6,400000,44470,0.111175,151901,0.379752
14.6,49.8,400000,44666,0.111665,151974,0.379935
14.6,50,400000,45264,0.11316,152452,0.38113
14.8,-50,400000,44428,0.11107,151468,0.37867
14.8,-49.8,400000,45134,0.112835,152411,0.381028
14.8,-49.6,400000,44614,0.111535,152244,0.38061
14.8,-49.4,400000,44926,0.112315,152213,0.380532
14.8,-49.2,400000,44635,0.111588,152045,0.380113
14.8,-49,400000,44925,0.112312,152421,0.381053
14.8,-48.8,400000,44845,0.112113,152112,0.38028
14.8,-48.6,400000,45127,0.112818,152338,0.380845
14.8,-48.4,400000,44545,0.111363,151710,0.379275
14.8,-48.2,400000,44451,0.111128,151769,0.379422
14.8,-48,400000,44113,0.110283,151490,0.378725
14.8,-47.8,400000,45024,0.11256,152162,0.380405
14.8,-47.6,400000,44700,0.11175,151808,0.37952
14.8,-47.4,400000,44523,0.111308,151582,0.378955
14.8,-47.2,400000,44527,0.111317,151902,0.379755
14.8,-47,400000,44650,0.111625,152261,0.380653
14.8,-46.8,400000,45279,0.113198,152092,0.38023
14.8,-46.6,400000,45243,0.113107,152663,0.381657
14.8,-46.4,400000,45065,0.112662,152202,0.380505
14.8,-46.2,400000,45018,0.112545,151898,0.379745
14.8,-46,400000,44752,0.11188,152280,0.3807
14.8,-45.8,400000,44524,0.11131,152178,0.380445
14.8,-45.6,400000,44681,0.111702,152147,0.380368
14.8,-45.4,400000,45076,0.11269,152354,0.380885
14.8,-45.2,400000,44848,0.11212,152222,0.380555
14.8,-45,400000,44936,0.11234,152102,0.380255
14.8,-44.8,400000,44555,0.111388,152219,0.380547
14.8,-44.6,400000,44997,0.112492,152039,0.380097
14.8,-44.4,400000,45027,0.112568,151758,0.379395
14.8,-44.2,400000,44368,0.11092,151547,0.378868
14.8,-44,400000,44941,0.112352,152044,0.38011
14.8,-43.8,400000,45095,0.112738,152045,0.380113
14.8,-43.6,400000,44913,0.112282,151946,0.379865
14.8,-43.4,400000,44668,0.11167,151570,0.378925
14.8,-43.2,400000,44513,0.111283,152432,0.38108
14.8,-43,400000,45222,0.113055,152464,0.38116
14.8,-42.8,400000,44778,0.111945,152330,0.380825
14.8,-42.6,400000,44734,0.111835,151546,0.378865
14.8,-42.4,400000,45042,0.112605,151657,0.379142
14.8,-42.2,400000,44700,0.11175,151647,0.379117
14.8,-42,400000,44580,0.11145,151884,0.37971
14.8,-41.8,400000,44682,0.111705,152152,0.38038
14.8,-41.6,400000,44733,0.111833,152124,0.38031
14.8,-41.4,400000,45083,0.112708,152033,0.380082
14.8,-41.2,400000,44584,0.11146,151849,0.379622
14.8,-41,400000,45178,0.112945,152056,0.38014
14.8,-40.8,400000,44730,0.111825,151888,0.37972
14.8,-40.6,400000,44554,0.111385,152170,0.380425
14.8,-40.4,400000,45030,0.112575,152570,0.381425
14.8,-40.2,400000,44389,0.110973,151954,0.379885
14.8,-40,400000,44797,0.111992,152118,0.380295
14.8,-39.8,400000,45166,0.112915,151769,0.379422
14.8,-39.6,400000,44892,0.11223,152080,0.3802
14.8,-39.4,400000,44761,0.111903,152640,0.3816
14.8,-39.2,400000,44846,0.112115,151708,0.37927
14.8,-39,400000,44021,0.110052,151772,0.37943
14.8,-38.8,400000,44469,0.111172,152476,0.38119
14.8,-38.6,400000,44556,0.11139,151889,0.379723
14.8,-38.4,400000,44761,0.111903,152785,0.381962
14.8,-38.2,400000,45238,0.113095,152177,0.380443
14.8,-38,400000,45063,0.112657,152217,0.380543
14.8,-37.8,400000,44887,0.112217,151879,0.379698
14.8,-37.6,400000,44977,0.112443,152126,0.380315
14.8,-37.4,400000,45103,0.112757,152128,0.38032
14.8,-37.2,400000,44591,0.111477,152187,0.380468
14.8,-37,400000,44626,0.111565,151547,0.378868
14.8,-36.8,400000,44922,0.112305,151552,0.37888
14.8,-36.6,400000,44875,0.112187,151844,0.37961
14.8,-36.4,400000,44513,0.111283,152193,0.380483
14.8,-36.2,400000,44655,0.111638,151926,0.379815
14.8,-36,400000,44945,0.112363,151886,0.379715
14.8,-35.8,400000,45026,0.112565,151754,0.379385
14.8,-35.6,400000,44958,0.112395,151744,0.37936
14.8,-35.4,400000,44898,0.112245,151624,0.37906
14.8,-35.2,400000,44372,0.11093,152107,0.380267
14.8,-35,400000,45290,0.113225,152896,0.38224
14.8,-34.8,400000,45043,0.112607,151699,0.379248
14.8,-34.6,400000,44560,0.1114,151909,0.379773
14.8,-34.4,400000,44723,0.111808,152231,0.380578
14.8,-34.2,400000,44973,0.112433,152383,0.380958
14.8,-34,400000,44245,0.110613,152033,0.380082
14.8,-33.8,400000,44992,0.11248,152658,0.381645
14.8,-33.6,400000,44703,0.111757,151990,0.379975
14.8,-33.4,400000,44703,0.111757,152079,0.380198
14.8,-33.2,400000,44984,0.11246,152560,0.3814
14.8,-33,400000,44625,0.111562,151464,0.37866
14.8,-32.8,400000,44806,0.112015,152176,0.38044
14.8,-32.6,400000,45090,0.112725,151761,0.379402
14.8,-32.4,400000,45377,0.113443,152649,0.381622
14.8,-32.2,400000,45061,0.112653,152194,0.380485
14.8,-32,400000,45097,0.112742,152992,0.38248
14.8,-31.8,400000,45092,0.11273,152444,0.38111
14.8,-31.6,400000,44640,0.1116,151867,0.379667
14.8,-31.4,400000,44033,0.110082,151439,0.378597
14.8,-31.2,400000,44608,0.11152,151811,0.379528
14.8,-31,400000,44932,0.11233,151615,0.379038
14.8,-30.8,400000,44816,0.11204,151998,0.379995
14.8,-30.6,400000,44544,0.11136,151686,0.379215
14.8,-30.4,400000,44589,0.111473,151949,0.379873
14.8,-30.2,400000,45318,0.113295,152295,0.380738
14.8,-30,400000,44304,0.11076,152638,0.381595
14.8,-29.8,400000,45279,0.113198,152639,0.381597
14.8,-29.6,400000,45177,0.112943,152511,0.381277
14.8,-29.4,400000,44993,0.112482,152164,0.38041
14.8,-29.2,400000,44612,0.11153,152642,0.381605
14.8,-29,400000,44896,0.11224,152440,0.3811
14.8,-28.8,400000,44571,0.111427,151547,0.378868
14.8,-28.6,400000,45054,0.112635,152512,0.38128
14.8,-28.4,400000,44798,0.111995,152517,0.381292
14.8,-28.2,400000,45004,0.11251,151799,0.379497
14.8,-28,400000,44740,0.11185,151815,0.379538
14.8,-27.8,400000,45230,0.113075,151812,0.37953
14.8,-27.6,400000,44608,0.11152,151534,0.378835
14.8,-27.4,400000,45123,0.112808,152282,0.380705
14.8,-27.2,400000,44299,0.110747,152156,0.38039
14.8,-27,400000,44597,0.111492,151810,0.379525
14.8,-26.8,400000,44942,0.112355,151653,0.379132
14.8,-26.6,400000,44504,0.11126,152041,0.380103
14.8,-26.4,400000,44980,0.11245,152211,0.380528
14.8,-26.2,400000,45223,0.113058,152116,0.38029
14.8,-26,400000,44857,0.112143,152040,0.3801
14.8,-25.8,400000,45286,0.113215,152314,0.380785
14.8,-25.6,400000,44730,0.111825,152035,0.380088
14.8,-25.4,400000,45086,0.112715,152463,0.381157
14.8,-25.2,400000,45065,0.112662,152235,0.380588
14.8,-25,400000,44701,0.111753,152434,0.381085
14.8,-24.8,400000,44872,0.11218,151897,0.379742
14.8,-24.6,400000,45035,0.112587,152750,0.381875
14.8,-24.4,400000,44403,0.111007,151689,0.379223
14.8,-24.2,400000,45283,0.113208,152396,0.38099
14.8,-24,400000,44748,0.11187,152236,0.38059
14.8,-23.8,400000,44471,0.111177,152147,0.380368
14.8,-23.6,400000,45241,0.113102,152492,0.38123
14.8,-23.4,400000,44987,0.112467,151940,0.37985
14.8,-23.2,400000,45103,0.112757,153088,0.38272
14.8,-23,400000,44827,0.112068,152041,0.380103
14.8,-22.8,400000,44480,0.1112,151790,0.379475
14.8,-22.6,400000,45128,0.11282,151863,0.379657
14.8,-22.4,400000,44516,0.11129,151835,0.379588
14.8,-22.2,400000,44960,0.1124,152688,0.38172
14.8,-22,400000,44967,0.112418,152212,0.38053
14.8,-21.8,400000,45711,0.114278,152409,0.381022
14.8,-21.6,400000,44583,0.111458,151839,0.379597
14.8,-21.4,400000,45102,0.112755,152443,0.381107
14.8,-21.2,400000,44913,0.112282,151947,0.379868
14.8,-21,400000,44805,0.112013,151861,0.379653
14.8,-20.8,400000,44776,0.11194,152212,0.38053
14.8,-20.6,400000,44977,0.112443,152313,0.380783
14.8,-20.4,400000,44543,0.111357,151347,0.378368
14.8,-20.2,400000,44711,0.111778,152278,0.380695
14.8,-20,400000,44670,0.111675,151774,0.379435
14.8,-19.8,400000,44312,0.11078,152234,0.380585
14.8,-19.6,400000,44649,0.111622,152217,0.380543
14.8,-19.4,400000,45494,0.113735,152112,0.38028
14.8,-19.2,400000,45025,0.112562,152445,0.381113
14.8,-19,400000,45042,0.112605,152234,0.380585
14.8,-18.8,400000,44652,0.11163,151888,0.37972
14.8,-18.6,400000,44861,0.112153,152474,0.381185
14.8,-18.4,400000,44625,0.111562,152171,0.380427
14.8,-18.2,400000,45050,0.112625,152465,0.381163
14.8,-18,400000,44960,0.1124,152163,0.380408
14.8,-17.8,400000,44602,0.111505,152242,0.380605
14.8,-17.6,400000,44435,0.111088,152028,0.38007
14.8,-17.4,400000,45108,0.11277,152835,0.382088
14.8,-17.2,400000,44624,0.11156,152128,0.38032
14.8,-17,400000,45137,0.112842,152981,0.382452
14.8,-16.8,400000,45396,0.11349,152547,0.381368
14.8,-16.6,400000,45139,0.112848,152293,0.380732
14.8,-16.4,400000,44256,0.11064,151451,0.378628
14.8,-16.2,400000,45129,0.112823,152750,0.381875
14.8,-16,400000,44710,0.111775,151979,0.379947
14.8,-15.8,400000,44893,0.112232,152181,0.380453
14.8,-15.6,400000,45034,0.112585,152634,0.381585
14.8,-15.4,400000,44829,0.112073,152544,0.38136
14.8,-15.2,400000,44654,0.111635,151840,0.3796
14.8,-15,400000,45254,0.113135,152271,0.380678
14.8,-14.8,400000,44951,0.112378,151658,0.379145
14.8,-14.6,400000,44438,0.111095,151526,0.378815
14.8,-14.4,400000,45270,0.113175,152454,0.381135
14.8,-14.2,400000,44804,0.11201,152134,0.380335
14.8,-14,400000,44780,0.11195,152142,0.380355
14.8,-13.8,400000,44862,0.112155,152180,0.38045
14.8,-13.6,400000,44674,0.111685,151948,0.37987
14.8,-13.4,400000,44376,0.11094,152014,0.380035
14.8,-13.2,400000,45242,0.113105,152790,0.381975
14.8,-13,400000,44713,0.111783,151355,0.378387
14.8,-12.8,400000,44740,0.11185,151494,0.378735
14.8,-12.6,400000,44825,0.112062,152054,0.380135
14.8,-12.4,400000,44933,0.112333,152412,0.38103
14.8,-12.2,400000,44509,0.111272,152324,0.38081
14.8,-12,400000,44624,0.11156,151676,0.37919
14.8,-11.8,400000,44771,0.111927,152804,0.38201
14.8,-11.6,400000,44646,0.111615,152271,0.380678
14.8,-11.4,400000,44653,0.111632,151763,0.379408
14.8,-11.2,400000,45307,0.113267,152825,0.382063
14.8,-11,400000,44927,0.112318,152924,0.38231
14.8,-10.8,400000,44605,0.111513,151772,0.37943
14.8,-10.6,400000,45122,0.112805,152205,0.380512
14.8,-10.4,400000,44561,0.111403,151844,0.37961
14.8,-10.2,400000,44981,0.112452,152187,0.380468
14.8,-10,400000,44504,0.11126,151837,0.379592
14.8,-9.8,400000,44703,0.111757,152240,0.3806
14.8,-9.6,400000,44767,0.111918,151843,0.379607
14.8,-9.4,400000,44877,0.112193,152350,0.380875
14.8,-9.2,400000,44688,0.11172,151977,0.379943
14.8,-9,400000,44858,0.112145,151855,0.379638
14.8,-8.8,400000,44732,0.11183,152398,0.380995
14.8,-8.6,400000,44548,0.11137,151356,0.37839
14.8,-8.4,400000,44405,0.111013,151918,0.379795
14.8,-8.2,400000,45086,0.112715,152603,0.381507
14.8,-8,400000,45058,0.112645,152132,0.38033
14.8,-7.8,400000,44577,0.111442,151937,0.379843
14.8,-7.6,400000,45175,0.112937,152927,0.382317
14.8,-7.4,400000,44497,0.111242,152219,0.380547
14.8,-7.2,400000,44569,0.111422,151687,0.379217
14.8,-7,400000,45066,0.112665,152031,0.380078
14.8,-6.8,400000,45070,0.112675,152203,0.380507
14.8,-6.6,400000,44840,0.1121,151932,0.37983
14.8,-6.4,400000,44972,0.11243,152253,0.380632
14.8,-6.2,400000,45153,0.112882,151803,0.379507
14.8,-6,400000,44722,0.111805,152036,0.38009
14.8,-5.8,400000,45512,0.11378,152960,0.3824
14.8,-5.6,400000,44546,0.111365,151499,0.378748
14.8,-5.4,400000,44440,0.1111,151918,0.379795
14.8,-5.2,400000,45200,0.113,152192,0.38048
14.8,-5,400000,44807,0.112018,152391,0.380978
14.8,-4.8,400000,44987,0.112467,152637,0.381593
14.8,-4.6,400000,45286,0.113215,152068,0.38017
14.8,-4.4,400000,44851,0.112128,152334,0.380835
14.8,-4.2,400000,44589,0.111473,152522,0.381305
14.8,-4,400000,44792,0.11198,152442,0.381105
14.8,-3.8,400000,44621,0.111552,151868,0.37967
14.8,-3.6,400000,44435,0.111088,151818,0.379545
14.8,-3.4,400000,44771,0.111927,152246,0.380615
14.8,-3.2,400000,44473,0.111183,151514,0.378785
14.8,-3,400000,44421,0.111052,152184,0.38046
14.8,-2.8,400000,44612,0.11153,152200,0.3805
14.8,-2.6,400000,44545,0.111363,151734,0.379335
14.8,-2.4,400000,44899,0.112248,152217,0.380543
14.8,-2.2,400000,44844,0.11211,152215,0.380537
14.8,-2,400000,45011,0.112528,151705,0.379263
14.8,-1.8,400000,44761,0.111903,152477,0.381192
14.8,-1.6,400000,44811,0.112028,152054,0.380135
14.8,-1.4,400000,44709,0.111772,151724,0.37931
14.8,-1.2,400000,44812,0.11203,152129,0.380323
14.8,-1,400000,44902,0.112255,152246,0.380615
14.8,-0.8,400000,44636,0.11159,152808,0.38202
14.8,-0.6,400000,45214,0.113035,152809,0.382022
14.8,-0.4,400000,44668,0.11167,152406,0.381015
14.8,-0.2,400000,45391,0.113477,152014,0.380035
14.8,0,400000,44436,0.11109,152135,0.380337
14.8,0.2,400000,45225,0.113062,152232,0.38058
14.8,0.4,400000,44823,0.112058,152020,0.38005
14.8,0.6,400000,44980,0.11245,152318,0.380795
14.8,0.8,400000,44595,0.111488,151572,0.37893
14.8,1,400000,44575,0.111437,152196,0.38049
14.8,1.2,400000,44941,0.112352,152060,0.38015
14.8,1.4,400000,44928,0.11232,152165,0.380412
14.8,1.6,400000,44826,0.112065,151720,0.3793
14.8,1.8,400000,44690,0.111725,152421,0.381053
14.8,2,400000,45287,0.113217,152527,0.381317
14.8,2.2,400000,44653,0.111632,152335,0.380837
14.8,2.4,400000,44772,0.11193,152598,0.381495
14.8,2.6,400000,44690,0.111725,151747,0.379368
14.8,2.8,400000,45306,0.113265,152636,0.38159
14.8,3,400000,44486,0.111215,151934,0.379835
14.8,3.2,400000,45168,0.11292,152452,0.38113
14.8,3.4,400000,44818,0.112045,152418,0.381045
14.8,3.6,400000,44434,0.111085,152134,0.380335
14.8,3.8,400000,44789,0.111973,151795,0.379487
14.8,4,400000,44476,0.11119,152188,0.38047
14.8,4.2,400000,45120,0.1128,152448,0.38112
14.8,4.4,400000,44909,0.112272,152029,0.380072
14.8,4.6,400000,45194,0.112985,152045,0.380113
14.8,4.8,400000,44890,0.112225,152220,0.38055
14.8,5,400000,44884,0.11221,152277,0.380692
14.8,5.2,400000,44832,0.11208,152380,0.38095
14.8,5.4,400000,44856,0.11214,152212,0.38053
14.8,5.6,400000,44582,0.111455,151803,0.379507
14.8,5.8,400000,45310,0.113275,151944,0.37986
14.8,6,400000,44616,0.11154,151975,0.379937
14.8,6.2,400000,45232,0.11308,151863,0.379657
14.8,6.4,400000,44618,0.111545,152453,0.381132
14.8,6.6,400000,45263,0.113157,152336,0.38084
14.8,6.8,400000,45032,0.11258,152350,0.380875
14.8,7,400000,44569,0.111422,151488,0.37872
14.8,7.2,400000,45179,0.112948,152407,0.381018
14.8,7.4,400000,44607,0.111518,151742,0.379355
14.8,7.6,400000,45076,0.11269,152576,0.38144
14.8,7.8,400000,44965,0.112412,151737,0.379343
14.8,8,400000,45017,0.112543,152139,0.380348
14.8,8.2,400000,45030,0.112575,152199,0.380497
14.8,8.4,400000,44745,0.111863,152267,0.380667
14.8,8.6,400000,45252,0.11313,152720,0.3818
14.8,8.8,400000,44929,0.112323,152572,0.38143
14.8,9,400000,44954,0.112385,152695,0.381738
14.8,9.2,400000,44500,0.11125,151802,0.379505
14.8,9.4,400000,45332,0.11333,152661,0.381653
14.8,9.6,400000,45055,0.112638,152110,0.380275
14.8,9.8,400000,44628,0.11157,151921,0.379802
14.8,10,400000,45278,0.113195,153044,0.38261
14.8,10.2,400000,44597,0.111492,152090,0.380225
14.8,10.4,400000,44817,0.112043,151968,0.37992
14.8,10.6,400000,45292,0.11323,152163,0.380408
14.8,10.8,400000,44888,0.11222,152211,0.380528
14.8,11,400000,44623,0.111558,152013,0.380032
14.8,11.2,400000,44793,0.111982,152173,0.380433
14.8,11.4,400000,44875,0.112187,152371,0.380927
14.8,11.6,400000,44999,0.112498,152558,0.381395
14.8,11.8,400000,45160,0.1129,152456,0.38114
14.8,12,400000,44520,0.1113,152421,0.381053
14.8,12.2,400000,44685,0.111713,152306,0.380765
14.8,12.4,400000,44821,0.112052,151675,0.379188
14.8,12.6,400000,44907,0.112268,152486,0.381215
14.8,12.8,400000,45233,0.113083,152251,0.380628
14.8,13,400000,44639,0.111598,151510,0.378775
14.8,13.2,400000,44725,0.111812,152440,0.3811
14.8,13.4,400000,45143,0.112857,152605,0.381512
14.8,13.6,400000,45031,0.112577,152396,0.38099
14.8,13.8,400000,44389,0.110973,151864,0.37966
14.8,14,400000,44575,0.111437,152238,0.380595
14.8,14.2,400000,44648,0.11162,152274,0.380685
14.8,14.4,400000,44366,0.110915,152282,0.380705
14.8,14.6,400000,44789,0.111973,152467,0.381167
14.8,14.8,400000,44726,0.111815,151753,0.379383
14.8,15,400000,44818,0.112045,152371,0.380927
14.8,15.2,400000,44450,0.111125,151956,0.37989
14.8,15.4,400000,45143,0.112857,152405,0.381012
14.8,15.6,400000,45226,0.113065,152133,0.380333
14.8,15.8,400000,44813,0.112032,151763,0.379408
14.8,16,400000,44575,0.111437,151425,0.378563
14.8,16.2,400000,44895,0.112238,151940,0.37985
14.8,16.4,400000,44658,0.111645,152275,0.380688
14.8,16.6,400000,44953,0.112382,152030,0.380075
14.8,16.8,400000,45114,0.112785,151972,0.37993
14.8,17,400000,44670,0.111675,152525,0.381312
14.8,17.2,400000,45012,0.11253,152451,0.381128
14.8,17.4,400000,44947,0.112367,151880,0.3797
14.8,17.6,400000,44561,0.111403,151996,0.37999
14.8,17.8,400000,44527,0.111317,151833,0.379582
14.8,18,400000,44843,0.112107,152087,0.380217
14.8,18.2,400000,44537,0.111342,152188,0.38047
14.8,18.4,400000,44768,0.11192,152209,0.380522
14.8,18.6,400000,45267,0.113168,152937,0.382342
14.8,18.8,400000,44851,0.112128,151832,0.37958
14.8,19,400000,44276,0.11069,151445,0.378613
14.8,19.2,400000,44898,0.112245,152221,0.380553
14.8,19.4,400000,45003,0.112507,151909,0.379773
14.8,19.6,400000,45011,0.112528,152312,0.38078
14.8,19.8,400000,44524,0.11131,151363,0.378408
14.8,20,400000,45289,0.113223,152299,0.380748
14.8,20.2,400000,45299,0.113248,152095,0.380238
14.8,20.4,400000,44808,0.11202,151800,0.3795
14.8,20.6,400000,45047,0.112617,152247,0.380617
14.8,20.8,400000,44666,0.111665,151416,0.37854
14.8,21,400000,45328,0.11332,153127,0.382817
14.8,21.2,400000,45020,0.11255,152165,0.380412
14.8,21.4,400000,44362,0.110905,151218,0.378045
14.8,21.6,400000,44925,0.112312,152365,0.380912
14.8,21.8,400000,45394,0.113485,152736,0.38184
14.8,22,400000,44822,0.112055,151759,0.379397
14.8,22.2,400000,45196,0.11299,152751,0.381877
14.8,22.4,400000,44696,0.11174,152678,0.381695
14.8,22.6,400000,45401,0.113503,152379,0.380947
14.8,22.8,400000,45450,0.113625,152303,0.380758
14.8,23,400000,44354,0.110885,152229,0.380572
14.8,23.2,400000,45138,0.112845,152687,0.381717
14.8,23.4,400000,44873,0.112183,152201,0.380503
14.8,23.6,400000,44654,0.111635,151915,0.379788
14.8,23.8,400000,44708,0.11177,151870,0.379675
14.8,24,400000,45190,0.112975,151934,0.379835
14.8,24.2,400000,45046,0.112615,152426,0.381065
14.8,24.4,400000,44727,0.111818,152106,0.380265
14.8,24.6,400000,44807,0.112018,152325,0.380812
14.8,24.8,400000,45168,0.11292,152359,0.380897
14.8,25,400000,44802,0.112005,152093,0.380232
14.8,25.2,400000,45100,0.11275,152380,0.38095
14.8,25.4,400000,44972,0.11243,152644,0.38161
14.8,25.6,400000,45217,0.113043,152233,0.380582
14.8,25.8,400000,44500,0.11125,151786,0.379465
14.8,26,400000,44902,0.112255,152527,0.381317
14.8,26.2,400000,44601,0.111503,152187,0.380468
14.8,26.4,400000,44986,0.112465,152595,0.381487
14.8,26.6,400000,44807,0.112018,152012,0.38003
14.8,26.8,400000,44651,0.111628,151319,0.378298
14.8,27,400000,45234,0.113085,152300,0.38075
14.8,27.2,400000,44806,0.112015,151841,0.379603
14.8,27.4,400000,44657,0.111643,151726,0.379315
14.8,27.6,400000,44481,0.111202,152071,0.380178
14.8,27.8,400000,44978,0.112445,151913,0.379783
14.8,28,400000,44727,0.111818,152546,0.381365
14.8,28.2,400000,43956,0.10989,151402,0.378505
14.8,28.4,400000,44704,0.11176,152301,0.380752
14.8,28.6,400000,44411,0.111028,151813,0.379532
14.8,28.8,400000,44975,0.112437,152323,0.380808
14.8,29,400000,45087,0.112717,152026,0.380065
14.8,29.2,400000,44637,0.111592,151897,0.379742
14.8,29.4,400000,44525,0.111312,152699,0.381748
14.8,29.6,400000,44545,0.111363,151869,0.379673
14.8,29.8,400000,44770,0.111925,152117,0.380292
14.8,30,400000,44857,0.112143,152224,0.38056
14.8,30.2,400000,44898,0.112245,152342,0.380855
14.8,30.4,400000,45023,0.112558,152371,0.380927
14.8,30.6,400000,44687,0.111717,151437,0.378592
14.8,30.8,400000,44133,0.110333,151760,0.3794
14.8,31,400000,44686,0.111715,152129,0.380323
14.8,31.2,400000,44912,0.11228,152332,0.38083
14.8,31.4,400000,44993,0.112482,151792,0.37948
14.8,31.6,400000,45309,0.113272,152366,0.380915
14.8,31.8,400000,44715,0.111787,152002,0.380005
14.8,32,400000,44750,0.111875,152564,0.38141
14.8,32.2,400000,44787,0.111967,151994,0.379985
14.8,32.4,400000,44723,0.111808,152281,0.380702
14.8,32.6,400000,45140,0.11285,152591,0.381478
14.8,32.8,400000,44870,0.112175,151888,0.37972
14.8,33,400000,44611,0.111528,152290,0.380725
14.8,33.2,400000,44666,0.111665,151775,0.379437
14.8,33.4,400000,45168,0.11292,152585,0.381462
14.8,33.6,400000,44695,0.111738,152224,0.38056
14.8,33.8,400000,44701,0.111753,152295,0.380738
14.8,34,400000,44726,0.111815,151719,0.379298
14.8,34.2,400000,44908,0.11227,152338,0.380845
14.8,34.4,400000,44467,0.111168,152236,0.38059
14.8,34.6,400000,45086,0.112715,152723,0.381808
14.8,34.8,400000,45093,0.112732,152542,0.381355
14.8,35,400000,44685,0.111713,151951,0.379877
14.8,35.2,400000,45063,0.112657,151930,0.379825
14.8,35.4,400000,44877,0.112193,152244,0.38061
14.8,35.6,400000,45112,0.11278,152164,0.38041
14.8,35.8,400000,44757,0.111893,152148,0.38037
14.8,36,400000,44814,0.112035,152355,0.380887
14.8,36.2,400000,44291,0.110728,151357,0.378393
14.8,36.4,400000,44817,0.112043,152100,0.38025
14.8,36.6,400000,44890,0.112225,152131,0.380327
14.8,36.8,400000,44630,0.111575,151844,0.37961
14.8,37,400000,44389,0.110973,152163,0.380408
14.8,37.2,400000,44820,0.11205,151697,0.379242
14.8,37.4,400000,45047,0.112617,152519,0.381298
14.8,37.6,400000,45141,0.112852,152742,0.381855
14.8,37.8,400000,45375,0.113437,152541,0.381352
14.8,38,400000,44651,0.111628,151581,0.378953
14.8,38.2,400000,45139,0.112848,152596,0.38149
14.8,38.4,400000,44930,0.112325,151912,0.37978
14.8,38.6,400000,44962,0.112405,152795,0.381987
14.8,38.8,400000,44698,0.111745,152723,0.381808
14.8,39,400000,45005,0.112513,152368,0.38092
14.8,39.2,400000,44694,0.111735,151937,0.379843
14.8,39.4,400000,44848,0.11212,152205,0.380512
14.8,39.6,400000,44622,0.111555,151132,0.37783
14.8,39.8,400000,45112,0.11278,152088,0.38022
14.8,40,400000,44557,0.111393,152441,0.381103
14.8,40.2,400000,44805,0.112013,152005,0.380012
14.8,40.4,400000,44659,0.111647,151646,0.379115
14.8,40.6,400000,44678,0.111695,151337,0.378343
14.8,40.8,400000,44405,0.111013,151436,0.37859
14.8,41,400000,44776,0.11194,151573,0.378933
14.8,41.2,400000,44938,0.112345,152259,0.380648
14.8,41.4,400000,44579,0.111448,152226,0.380565
14.8,41.6,400000,45239,0.113098,152019,0.380047
14.8,41.8,400000,45127,0.112818,152385,0.380962
14.8,42,400000,44809,0.112022,152147,0.380368
14.8,42.2,400000,45011,0.112528,152192,0.38048
14.8,42.4,400000,45172,0.11293,152028,0.38007
14.8,42.6,400000,44658,0.111645,152205,0.380512
14.8,42.8,400000,45133,0.112833,152236,0.38059
14.8,43,400000,44539,0.111348,151868,0.37967
14.8,43.2,400000,44983,0.112458,152160,0.3804
14.8,43.4,400000,45261,0.113153,152428,0.38107
14.8,43.6,400000,45085,0.112712,152175,0.380437
14.8,43.8,400000,45017,0.112543,151866,0.379665
14.8,44,400000,44627,0.111568,152163,0.380408
14.8,44.2,400000,44401,0.111003,151424,0.37856
14.8,44.4,400000,45458,0.113645,152413,0.381032
14.8,44.6,400000,44549,0.111372,151556,0.37889
14.8,44.8,400000,44521,0.111302,152325,0.380812
14.8,45,400000,44797,0.111992,152388,0.38097
14.8,45.2,400000,44656,0.11164,152267,0.380667
14.8,45.4,400000,45382,0.113455,152739,0.381848
14.8,45.6,400000,44879,0.112198,152118,0.380295
14.8,45.8,400000,45413,0.113532,151707,0.379267
14.8,46,400000,44924,0.11231,152487,0.381217
14.8,46.2,400000,45082,0.112705,152198,0.380495
14.8,46.4,400000,44927,0.112318,152362,0.380905
14.8,46.6,400000,45334,0.113335,152323,0.380808
14.8,46.8,400000,44678,0.111695,151981,0.379953
14.8,47,400000,44358,0.110895,151802,0.379505
14.8,47.2,400000,44806,0.112015,151706,0.379265
14.8,47.4,400000,44638,0.111595,152063,0.380157
14.8,47.6,400000,45124,0.11281,151759,0.379397
14.8,47.8,400000,44604,0.11151,151375,0.378437
14.8,48,400000,45459,0.113647,152555,0.381387
14.8,48.2,400000,44597,0.111492,151679,0.379198
14.8,48.4,400000,44832,0.11208,152285,0.380713
14.8,48.6,400000,44552,0.11138,151827,0.379568
14.8,48.8,400000,45277,0.113193,152793,0.381983
14.8,49,400000,45161,0.112903,152168,0.38042
14.8,49.2,400000,44681,0.111702,152116,0.38029
14.8,49.4,400000,44554,0.111385,151570,0.378925
14.8,49.6,400000,44872,0.11218,152756,0.38189
14.8,49.8,400000,45404,0.11351,152118,0.380295
14.8,50,400000,44936,0.11234,152288,0.38072
15,-50,400000,44982,0.112455,151689,0.379223
15,-49.8,400000,44706,0.111765,151942,0.379855
15,-49.6,400000,44844,0.11211,151704,0.37926
15,-49.4,400000,44580,0.11145,152254,0.380635
15,-49.2,400000,45102,0.112755,152609,0.381522
15,-49,400000,44792,0.11198,152480,0.3812
15,-48.8,400000,44135,0.110338,151654,0.379135
15,-48.6,400000,45020,0.11255,151846,0.379615
15,-48.4,400000,44157,0.110393,151486,0.378715
15,-48.2,400000,44686,0.111715,152086,0.380215
15,-48,400000,45226,0.113065,151887,0.379717
15,-47.8,400000,44825,0.112062,151987,0.379968
15,-47.6,400000,45123,0.112808,152493,0.381232
15,-47.4,400000,44386,0.110965,151788,0.37947
15,-47.2,400000,45240,0.1131,152359,0.380897
15,-47,400000,44970,0.112425,152266,0.380665
15,-46.8,400000,45014,0.112535,152956,0.38239
15,-46.6,400000,44632,0.11158,152226,0.380565
15,-46.4,400000,44540,0.11135,151438,0.378595
15,-46.2,400000,45040,0.1126,151944,0.37986
15,-46,400000,44374,0.110935,151947,0.379868
15,-45.8,400000,44468,0.11117,151753,0.379383
15,-45.6,400000,44608,0.11152,151904,0.37976
15,-45.4,400000,44807,0.112018,151673,0.379182
15,-45.2,400000,45104,0.11276,151650,0.379125
15,-45,400000,45245,0.113113,152322,0.380805
15,-44.8,400000,44910,0.112275,152451,0.381128
15,-44.6,400000,45029,0.112573,152865,0.382163
15,-44.4,400000,44731,0.111827,152175,0.380437
15,-44.2,400000,44788,0.11197,152159,0.380397
15,-44,400000,44789,0.111973,152714,0.381785
15,-43.8,400000,44543,0.111357,151923,0.379808
15,-43.6,400000,44981,0.112452,151662,0.379155
15,-43.4,400000,44735,0.111838,152290,0.380725
15,-43.2,400000,45021,0.112552,151741,0.379352
15,-43,400000,44713,0.111783,152170,0.380425
15,-42.8,400000,44677,0.111693,152201,0.380503
15,-42.6,400000,44839,0.112098,151686,0.379215
15,-42.4,400000,44947,0.112367,152309,0.380773
15,-42.2,400000,44770,0.111925,151577,0.378943
15,-42,400000,45251,0.113128,152594,0.381485
15,-41.8,400000,44738,0.111845,151538,0.378845
15,-41.6,400000,45469,0.113672,152490,0.381225
15,-41.4,400000,44756,0.11189,152133,0.380333
15,-41.2,400000,44271,0.110677,151866,0.379665
15,-41,400000,44746,0.111865,151764,0.37941
15,-40.8,400000,44872,0.11218,152581,0.381453
15,-40.6,400000,44716,0.11179,152159,0.380397
15,-40.4,400000,44984,0.11246,152216,0.38054
15,-40.2,400000,44994,0.112485,151891,0.379727
15,-40,400000,44891,0.112227,152229,0.380572
15,-39.8,400000,44415,0.111037,151509,0.378773
15,-39.6,400000,44568,0.11142,151808,0.37952
15,-39.4,400000,44945,0.112363,152253,0.380632
15,-39.2,400000,44799,0.111997,152512,0.38128
15,-39,400000,44361,0.110903,152143,0.380358
15,-38.8,400000,44677,0.111693,151895,0.379738
15,-38.6,400000,44728,0.11182,152363,0.380908
15,-38.4,400000,45162,0.112905,152490,0.381225
15,-38.2,400000,44945,0.112363,152044,0.38011
15,-38,400000,45259,0.113147,152415,0.381037
15,-37.8,400000,44803,0.112007,152485,0.381213
15,-37.6,400000,44556,0.11139,151907,0.379767
15,-37.4,400000,44718,0.111795,152214,0.380535
15,-37.2,400000,45128,0.11282,152179,0.380447
