x,y,detectorID,nPrimary,roiCounts,normalizedCounts,flux,normalizedFlux
25,40,0,100000,50,0.0005,109,0.00109
25,40,1,100000,32,0.00032,104,0.00104
25,40,2,100000,41,0.00041,101,0.00101
25,40,3,100000,61,0.00061,96,0.00096
25,40,4,100000,45,0.00045,116,0.00116
25,40,5,100000,38,0.00038,102,0.00102
25,41,0,100000,24,0.00024,75,0.00075
25,41,1,100000,36,0.00036,120,0.0012
25,41,2,100000,38,0.00038,96,0.00096
25,41,3,100000,29,0.00029,78,0.00078
25,41,4,100000,43,0.00043,111,0.00111
25,41,5,100000,47,0.00047,120,0.0012
25,42,0,100000,52,0.00052,96,0.00096
25,42,1,100000,32,0.00032,77,0.00077
25,42,2,100000,28,0.00028,87,0.00087
25,42,3,100000,18,0.00018,72,0.00072
25,42,4,100000,32,0.00032,73,0.00073
25,42,5,100000,54,0.00054,85,0.00085
25,43,0,100000,40,0.0004,99,0.00099
25,43,1,100000,37,0.00037,85,0.00085
25,43,2,100000,28,0.00028,70,0.0007
25,43,3,100000,35,0.00035,78,0.00078
25,43,4,100000,52,0.00052,86,0.00086
25,43,5,100000,37,0.00037,86,0.00086
25,44,0,100000,20,0.0002,76,0.00076
25,44,1,100000,29,0.00029,76,0.00076
25,44,2,100000,26,0.00026,82,0.00082
25,44,3,100000,24,0.00024,79,0.00079
25,44,4,100000,32,0.00032,80,0.0008
25,44,5,100000,29,0.00029,80,0.0008
25,45,0,100000,26,0.00026,83,0.00083
25,45,1,100000,36,0.00036,72,0.00072
25,45,2,100000,58,0.00058,90,0.0009
25,45,3,100000,46,0.00046,91,0.00091
25,45,4,100000,36,0.00036,82,0.00082
25,45,5,100000,43,0.00043,78,0.00078
25,46,0,100000,34,0.00034,61,0.00061
25,46,1,100000,37,0.00037,71,0.00071
25,46,2,100000,36,0.00036,67,0.00067
25,46,3,100000,37,0.00037,69,0.00069
25,46,4,100000,31,0.00031,72,0.00072
25,46,5,100000,26,0.00026,53,0.00053
25,47,0,100000,27,0.00027,78,0.00078
25,47,1,100000,41,0.00041,71,0.00071
25,47,2,100000,38,0.00038,87,0.00087
25,47,3,100000,39,0.00039,72,0.00072
25,47,4,100000,24,0.00024,69,0.00069
25,47,5,100000,27,0.00027,65,0.00065
25,48,0,100000,37,0.00037,82,0.00082
25,48,1,100000,46,0.00046,79,0.00079
25,48,2,100000,36,0.00036,94,0.00094
25,48,3,100000,26,0.00026,77,0.00077
25,48,4,100000,40,0.0004,80,0.0008
25,48,5,100000,31,0.00031,81,0.00081
25,49,0,100000,47,0.00047,74,0.00074
25,49,1,100000,39,0.00039,81,0.00081
25,49,2,100000,53,0.00053,71,0.00071
25,49,3,100000,44,0.00044,86,0.00086
25,49,4,100000,29,0.00029,69,0.00069
25,49,5,100000,28,0.00028,61,0.00061
25,50,0,100000,27,0.00027,81,0.00081
25,50,1,100000,32,0.00032,70,0.0007
25,50,2,100000,37,0.00037,62,0.00062
25,50,3,100000,22,0.00022,63,0.00063
25,50,4,100000,32,0.00032,60,0.0006
25,50,5,100000,41,0.00041,79,0.00079
26,-50,0,100000,37,0.00037,71,0.00071
26,-50,1,100000,30,0.0003,71,0.00071
26,-50,2,100000,14,0.00014,59,0.00059
26,-50,3,100000,24,0.00024,57,0.00057
26,-50,4,100000,24,0.00024,63,0.00063
26,-50,5,100000,20,0.0002,71,0.00071
26,-49,0,100000,27,0.00027,76,0.00076
26,-49,1,100000,40,0.0004,79,0.00079
26,-49,2,100000,28,0.00028,70,0.0007
26,-49,3,100000,33,0.00033,74,0.00074
26,-49,4,100000,24,0.00024,70,0.0007
26,-49,5,100000,28,0.00028,78,0.00078
26,-48,0,100000,20,0.0002,66,0.00066
26,-48,1,100000,32,0.00032,85,0.00085
26,-48,2,100000,36,0.00036,60,0.0006
26,-48,3,100000,12,0.00012,75,0.00075
26,-48,4,100000,27,0.00027,65,0.00065
26,-48,5,100000,21,0.00021,59,0.00059
26,-47,0,100000,28,0.00028,67,0.00067
26,-47,1,100000,29,0.00029,78,0.00078
26,-47,2,100000,23,0.00023,76,0.00076
26,-47,3,100000,32,0.00032,70,0.0007
26,-47,4,100000,32,0.00032,88,0.00088
26,-47,5,100000,34,0.00034,80,0.0008
26,-46,0,100000,37,0.00037,68,0.00068
26,-46,1,100000,27,0.00027,71,0.00071
26,-46,2,100000,19,0.00019,65,0.00065
26,-46,3,100000,30,0.0003,75,0.00075
26,-46,4,100000,33,0.00033,78,0.00078
26,-46,5,100000,29,0.00029,80,0.0008
26,-45,0,100000,41,0.00041,89,0.00089
26,-45,1,100000,32,0.00032,79,0.00079
26,-45,2,100000,20,0.0002,72,0.00072
26,-45,3,100000,21,0.00021,66,0.00066
26,-45,4,100000,36,0.00036,71,0.00071
26,-45,5,100000,22,0.00022,70,0.0007
26,-44,0,100000,35,0.00035,73,0.00073
26,-44,1,100000,42,0.00042,79,0.00079
26,-44,2,100000,29,0.00029,74,0.00074
26,-44,3,100000,24,0.00024,64,0.00064
26,-44,4,100000,37,0.00037,70,0.0007
26,-44,5,100000,27,0.00027,78,0.00078
26,-43,0,100000,43,0.00043,87,0.00087
26,-43,1,100000,20,0.0002,64,0.00064
26,-43,2,100000,34,0.00034,91,0.00091
26,-43,3,100000,18,0.00018,71,0.00071
26,-43,4,100000,48,0.00048,85,0.00085
26,-43,5,100000,38,0.00038,75,0.00075
26,-42,0,100000,48,0.00048,94,0.00094
26,-42,1,100000,18,0.00018,71,0.00071
26,-42,2,100000,30,0.0003,77,0.00077
26,-42,3,100000,18,0.00018,83,0.00083
26,-42,4,100000,28,0.00028,81,0.00081
26,-42,5,100000,26,0.00026,89,0.00089
26,-41,0,100000,41,0.00041,83,0.00083
26,-41,1,100000,32,0.00032,91,0.00091
26,-41,2,100000,29,0.00029,77,0.00077
26,-41,3,100000,39,0.00039,89,0.00089
26,-41,4,100000,48,0.00048,107,0.00107
26,-41,5,100000,30,0.0003,84,0.00084
26,-40,0,100000,25,0.00025,85,0.00085
26,-40,1,100000,37,0.00037,96,0.00096
26,-40,2,100000,30,0.0003,61,0.00061
26,-40,3,100000,23,0.00023,65,0.00065
26,-40,4,100000,24,0.00024,66,0.00066
26,-40,5,100000,30,0.0003,83,0.00083
26,-39,0,100000,31,0.00031,117,0.00117
26,-39,1,100000,56,0.00056,92,0.00092
26,-39,2,100000,39,0.00039,93,0.00093
26,-39,3,100000,41,0.00041,95,0.00095
26,-39,4,100000,56,0.00056,89,0.00089
26,-39,5,100000,49,0.00049,90,0.0009
26,-38,0,100000,47,0.00047,133,0.00133
26,-38,1,100000,46,0.00046,117,0.00117
26,-38,2,100000,36,0.00036,99,0.00099
26,-38,3,100000,45,0.00045,97,0.00097
26,-38,4,100000,42,0.00042,94,0.00094
26,-38,5,100000,50,0.0005,116,0.00116
26,-37,0,100000,63,0.00063,112,0.00112
26,-37,1,100000,35,0.00035,97,0.00097
26,-37,2,100000,40,0.0004,116,0.00116
26,-37,3,100000,40,0.0004,94,0.00094
26,-37,4,100000,49,0.00049,106,0.00106
26,-37,5,100000,50,0.0005,124,0.00124
26,-36,0,100000,67,0.00067,123,0.00123
26,-36,1,100000,46,0.00046,140,0.0014
26,-36,2,100000,65,0.00065,121,0.00121
26,-36,3,100000,47,0.00047,84,0.00084
26,-36,4,100000,55,0.00055,104,0.00104
26,-36,5,100000,39,0.00039,121,0.00121
26,-35,0,100000,63,0.00063,132,0.00132
26,-35,1,100000,48,0.00048,100,0.001
26,-35,2,100000,34,0.00034,96,0.00096
26,-35,3,100000,47,0.00047,100,0.001
26,-35,4,100000,35,0.00035,106,0.00106
26,-35,5,100000,52,0.00052,109,0.00109
26,-34,0,100000,38,0.00038,140,0.0014
26,-34,1,100000,52,0.00052,128,0.00128
26,-34,2,100000,53,0.00053,114,0.00114
26,-34,3,100000,57,0.00057,122,0.00122
26,-34,4,100000,51,0.00051,108,0.00108
26,-34,5,100000,46,0.00046,127,0.00127
26,-33,0,100000,65,0.00065,126,0.00126
26,-33,1,100000,49,0.00049,113,0.00113
26,-33,2,100000,40,0.0004,112,0.00112
26,-33,3,100000,28,0.00028,108,0.00108
26,-33,4,100000,42,0.00042,117,0.00117
26,-33,5,100000,48,0.00048,107,0.00107
26,-32,0,100000,56,0.00056,159,0.00159
26,-32,1,100000,43,0.00043,118,0.00118
26,-32,2,100000,38,0.00038,106,0.00106
26,-32,3,100000,35,0.00035,107,0.00107
26,-32,4,100000,43,0.00043,119,0.00119
26,-32,5,100000,68,0.00068,136,0.00136
26,-31,0,100000,54,0.00054,139,0.00139
26,-31,1,100000,53,0.00053,118,0.00118
26,-31,2,100000,52,0.00052,113,0.00113
26,-31,3,100000,43,0.00043,107,0.00107
26,-31,4,100000,40,0.0004,115,0.00115
26,-31,5,100000,60,0.0006,110,0.0011
26,-30,0,100000,64,0.00064,134,0.00134
26,-30,1,100000,71,0.00071,123,0.00123
26,-30,2,100000,39,0.00039,114,0.00114
26,-30,3,100000,44,0.00044,110,0.0011
26,-30,4,100000,56,0.00056,120,0.0012
26,-30,5,100000,47,0.00047,123,0.00123
26,-29,0,100000,77,0.00077,139,0.00139
26,-29,1,100000,56,0.00056,109,0.00109
26,-29,2,100000,36,0.00036,105,0.00105
26,-29,3,100000,28,0.00028,74,0.00074
26,-29,4,100000,46,0.00046,127,0.00127
26,-29,5,100000,67,0.00067,134,0.00134
26,-28,0,100000,47,0.00047,132,0.00132
26,-28,1,100000,55,0.00055,130,0.0013
26,-28,2,100000,48,0.00048,107,0.00107
26,-28,3,100000,49,0.00049,127,0.00127
26,-28,4,100000,82,0.00082,123,0.00123
26,-28,5,100000,54,0.00054,135,0.00135
26,-27,0,100000,68,0.00068,144,0.00144
26,-27,1,100000,53,0.00053,123,0.00123
26,-27,2,100000,35,0.00035,105,0.00105
26,-27,3,100000,48,0.00048,99,0.00099
26,-27,4,100000,42,0.00042,103,0.00103
26,-27,5,100000,50,0.0005,119,0.00119
26,-26,0,100000,38,0.00038,131,0.00131
26,-26,1,100000,40,0.0004,131,0.00131
26,-26,2,100000,52,0.00052,100,0.001
26,-26,3,100000,48,0.00048,123,0.00123
26,-26,4,100000,48,0.00048,124,0.00124
26,-26,5,100000,53,0.00053,130,0.0013
26,-25,0,100000,44,0.00044,129,0.00129
26,-25,1,100000,50,0.0005,129,0.00129
26,-25,2,100000,51,0.00051,109,0.00109
26,-25,3,100000,40,0.0004,100,0.001
26,-25,4,100000,56,0.00056,115,0.00115
26,-25,5,100000,52,0.00052,124,0.00124
26,-24,0,100000,71,0.00071,102,0.00102
26,-24,1,100000,41,0.00041,116,0.00116
26,-24,2,100000,54,0.00054,119,0.00119
26,-24,3,100000,53,0.00053,110,0.0011
26,-24,4,100000,39,0.00039,106,0.00106
26,-24,5,100000,50,0.0005,143,0.00143
26,-23,0,100000,36,0.00036,106,0.00106
26,-23,1,100000,70,0.0007,128,0.00128
26,-23,2,100000,44,0.00044,123,0.00123
26,-23,3,100000,47,0.00047,112,0.00112
26,-23,4,100000,47,0.00047,125,0.00125
26,-23,5,100000,36,0.00036,101,0.00101
26,-22,0,100000,41,0.00041,118,0.00118
26,-22,1,100000,52,0.00052,134,0.00134
26,-22,2,100000,35,0.00035,112,0.00112
26,-22,3,100000,54,0.00054,106,0.00106
26,-22,4,100000,36,0.00036,114,0.00114
26,-22,5,100000,71,0.00071,128,0.00128
26,-21,0,100000,65,0.00065,124,0.00124
26,-21,1,100000,47,0.00047,127,0.00127
26,-21,2,100000,54,0.00054,125,0.00125
26,-21,3,100000,44,0.00044,110,0.0011
26,-21,4,100000,46,0.00046,114,0.00114
26,-21,5,100000,57,0.00057,122,0.00122
26,-20,0,100000,58,0.00058,127,0.00127
26,-20,1,100000,47,0.00047,135,0.00135
26,-20,2,100000,51,0.00051,115,0.00115
26,-20,3,100000,47,0.00047,93,0.00093
26,-20,4,100000,54,0.00054,137,0.00137
26,-20,5,100000,56,0.00056,149,0.00149
26,-19,0,100000,59,0.00059,122,0.00122
26,-19,1,100000,55,0.00055,155,0.00155
26,-19,2,100000,54,0.00054,101,0.00101
26,-19,3,100000,36,0.00036,92,0.00092
26,-19,4,100000,39,0.00039,109,0.00109
26,-19,5,100000,59,0.00059,130,0.0013
26,-18,0,100000,53,0.00053,132,0.00132
26,-18,1,100000,42,0.00042,116,0.00116
26,-18,2,100000,35,0.00035,114,0.00114
26,-18,3,100000,32,0.00032,95,0.00095
26,-18,4,100000,54,0.00054,132,0.00132
26,-18,5,100000,47,0.00047,136,0.00136
26,-17,0,100000,37,0.00037,121,0.00121
26,-17,1,100000,46,0.00046,117,0.00117
26,-17,2,100000,49,0.00049,112,0.00112
26,-17,3,100000,51,0.00051,114,0.00114
26,-17,4,100000,49,0.00049,105,0.00105
26,-17,5,100000,47,0.00047,121,0.00121
26,-16,0,100000,50,0.0005,126,0.00126
26,-16,1,100000,59,0.00059,137,0.00137
26,-16,2,100000,55,0.00055,104,0.00104
26,-16,3,100000,31,0.00031,89,0.00089
26,-16,4,100000,35,0.00035,94,0.00094
26,-16,5,100000,64,0.00064,139,0.00139
26,-15,0,100000,41,0.00041,120,0.0012
26,-15,1,100000,71,0.00071,150,0.0015
26,-15,2,100000,45,0.00045,109,0.00109
26,-15,3,100000,58,0.00058,115,0.00115
26,-15,4,100000,43,0.00043,106,0.00106
26,-15,5,100000,51,0.00051,120,0.0012
26,-14,0,100000,52,0.00052,140,0.0014
26,-14,1,100000,68,0.00068,129,0.00129
26,-14,2,100000,45,0.00045,125,0.00125
26,-14,3,100000,40,0.0004,109,0.00109
26,-14,4,100000,51,0.00051,128,0.00128
26,-14,5,100000,67,0.00067,142,0.00142
26,-13,0,100000,53,0.00053,131,0.00131
26,-13,1,100000,49,0.00049,136,0.00136
26,-13,2,100000,60,0.0006,140,0.0014
26,-13,3,100000,33,0.00033,101,0.00101
26,-13,4,100000,41,0.00041,120,0.0012
26,-13,5,100000,63,0.00063,130,0.0013
26,-12,0,100000,52,0.00052,108,0.00108
26,-12,1,100000,61,0.00061,159,0.00159
26,-12,2,100000,52,0.00052,124,0.00124
26,-12,3,100000,42,0.00042,113,0.00113
26,-12,4,100000,53,0.00053,109,0.00109
26,-12,5,100000,57,0.00057,127,0.00127
26,-11,0,100000,42,0.00042,122,0.00122
26,-11,1,100000,62,0.00062,143,0.00143
26,-11,2,100000,34,0.00034,126,0.00126
26,-11,3,100000,50,0.0005,117,0.00117
26,-11,4,100000,52,0.00052,121,0.00121
26,-11,5,100000,55,0.00055,117,0.00117
26,-10,0,100000,43,0.00043,129,0.00129
26,-10,1,100000,45,0.00045,122,0.00122
26,-10,2,100000,66,0.00066,116,0.00116
26,-10,3,100000,42,0.00042,116,0.00116
26,-10,4,100000,42,0.00042,104,0.00104
26,-10,5,100000,50,0.0005,116,0.00116
26,-9,0,100000,48,0.00048,131,0.00131
26,-9,1,100000,60,0.0006,116,0.00116
26,-9,2,100000,48,0.00048,103,0.00103
26,-9,3,100000,46,0.00046,102,0.00102
26,-9,4,100000,57,0.00057,100,0.001
26,-9,5,100000,58,0.00058,116,0.00116
26,-8,0,100000,30,0.0003,119,0.00119
26,-8,1,100000,62,0.00062,129,0.00129
26,-8,2,100000,57,0.00057,123,0.00123
26,-8,3,100000,47,0.00047,101,0.00101
26,-8,4,100000,42,0.00042,113,0.00113
26,-8,5,100000,65,0.00065,126,0.00126
26,-7,0,100000,44,0.00044,136,0.00136
26,-7,1,100000,49,0.00049,151,0.00151
26,-7,2,100000,32,0.00032,110,0.0011
26,-7,3,100000,47,0.00047,106,0.00106
26,-7,4,100000,53,0.00053,111,0.00111
26,-7,5,100000,36,0.00036,115,0.00115
26,-6,0,100000,50,0.0005,126,0.00126
26,-6,1,100000,65,0.00065,118,0.00118
26,-6,2,100000,54,0.00054,122,0.00122
26,-6,3,100000,44,0.00044,106,0.00106
26,-6,4,100000,39,0.00039,110,0.0011
26,-6,5,100000,40,0.0004,111,0.00111
26,-5,0,100000,48,0.00048,125,0.00125
26,-5,1,100000,52,0.00052,123,0.00123
26,-5,2,100000,42,0.00042,125,0.00125
26,-5,3,100000,51,0.00051,116,0.00116
26,-5,4,100000,50,0.0005,105,0.00105
26,-5,5,100000,40,0.0004,123,0.00123
26,-4,0,100000,69,0.00069,133,0.00133
26,-4,1,100000,53,0.00053,110,0.0011
26,-4,2,100000,52,0.00052,121,0.00121
26,-4,3,100000,26,0.00026,102,0.00102
26,-4,4,100000,51,0.00051,139,0.00139
26,-4,5,100000,43,0.00043,116,0.00116
26,-3,0,100000,57,0.00057,127,0.00127
26,-3,1,100000,54,0.00054,130,0.0013
26,-3,2,100000,44,0.00044,121,0.00121
26,-3,3,100000,48,0.00048,95,0.00095
26,-3,4,100000,58,0.00058,123,0.00123
26,-3,5,100000,50,0.0005,113,0.00113
26,-2,0,100000,58,0.00058,145,0.00145
26,-2,1,100000,57,0.00057,127,0.00127
26,-2,2,100000,39,0.00039,101,0.00101
26,-2,3,100000,53,0.00053,103,0.00103
26,-2,4,100000,44,0.00044,110,0.0011
26,-2,5,100000,42,0.00042,129,0.00129
26,-1,0,100000,50,0.0005,115,0.00115
26,-1,1,100000,43,0.00043,114,0.00114
26,-1,2,100000,57,0.00057,110,0.0011
26,-1,3,100000,36,0.00036,118,0.00118
26,-1,4,100000,49,0.00049,115,0.00115
26,-1,5,100000,64,0.00064,124,0.00124
26,0,0,100000,61,0.00061,127,0.00127
26,0,1,100000,66,0.00066,139,0.00139
26,0,2,100000,49,0.00049,125,0.00125
26,0,3,100000,55,0.00055,123,0.00123
26,0,4,100000,30,0.0003,98,0.00098
26,0,5,100000,57,0.00057,127,0.00127
26,1,0,100000,52,0.00052,135,0.00135
26,1,1,100000,52,0.00052,122,0.00122
26,1,2,100000,46,0.00046,139,0.00139
26,1,3,100000,36,0.00036,112,0.00112
26,1,4,100000,45,0.00045,119,0.00119
26,1,5,100000,61,0.00061,133,0.00133
26,2,0,100000,52,0.00052,129,0.00129
26,2,1,100000,58,0.00058,113,0.00113
26,2,2,100000,37,0.00037,112,0.00112
26,2,3,100000,54,0.00054,109,0.00109
26,2,4,100000,31,0.00031,123,0.00123
26,2,5,100000,49,0.00049,138,0.00138
26,3,0,100000,69,0.00069,142,0.00142
26,3,1,100000,51,0.00051,127,0.00127
26,3,2,100000,58,0.00058,119,0.00119
26,3,3,100000,34,0.00034,95,0.00095
26,3,4,100000,63,0.00063,127,0.00127
26,3,5,100000,55,0.00055,124,0.00124
26,4,0,100000,55,0.00055,150,0.0015
26,4,1,100000,58,0.00058,137,0.00137
26,4,2,100000,46,0.00046,115,0.00115
26,4,3,100000,60,0.0006,107,0.00107
26,4,4,100000,43,0.00043,101,0.00101
26,4,5,100000,40,0.0004,114,0.00114
26,5,0,100000,68,0.00068,147,0.00147
26,5,1,100000,61,0.00061,134,0.00134
26,5,2,100000,48,0.00048,105,0.00105
26,5,3,100000,59,0.00059,106,0.00106
26,5,4,100000,74,0.00074,114,0.00114
26,5,5,100000,39,0.00039,114,0.00114
26,6,0,100000,65,0.00065,157,0.00157
26,6,1,100000,23,0.00023,102,0.00102
26,6,2,100000,40,0.0004,122,0.00122
26,6,3,100000,45,0.00045,109,0.00109
26,6,4,100000,61,0.00061,122,0.00122
26,6,5,100000,54,0.00054,132,0.00132
26,7,0,100000,28,0.00028,133,0.00133
26,7,1,100000,41,0.00041,123,0.00123
26,7,2,100000,54,0.00054,132,0.00132
26,7,3,100000,49,0.00049,121,0.00121
26,7,4,100000,59,0.00059,123,0.00123
26,7,5,100000,54,0.00054,125,0.00125
26,8,0,100000,61,0.00061,123,0.00123
26,8,1,100000,58,0.00058,116,0.00116
26,8,2,100000,59,0.00059,127,0.00127
26,8,3,100000,46,0.00046,122,0.00122
26,8,4,100000,45,0.00045,102,0.00102
26,8,5,100000,40,0.0004,118,0.00118
26,9,0,100000,44,0.00044,142,0.00142
26,9,1,100000,48,0.00048,135,0.00135
26,9,2,100000,58,0.00058,112,0.00112
26,9,3,100000,62,0.00062,117,0.00117
26,9,4,100000,63,0.00063,139,0.00139
26,9,5,100000,58,0.00058,135,0.00135
26,10,0,100000,36,0.00036,122,0.00122
26,10,1,100000,60,0.0006,131,0.00131
26,10,2,100000,44,0.00044,118,0.00118
26,10,3,100000,60,0.0006,110,0.0011
26,10,4,100000,40,0.0004,117,0.00117
26,10,5,100000,33,0.00033,115,0.00115
26,11,0,100000,69,0.00069,143,0.00143
26,11,1,100000,55,0.00055,118,0.00118
26,11,2,100000,48,0.00048,115,0.00115
26,11,3,100000,32,0.00032,110,0.0011
26,11,4,100000,42,0.00042,117,0.00117
26,11,5,100000,44,0.00044,115,0.00115
26,12,0,100000,54,0.00054,133,0.00133
26,12,1,100000,54,0.00054,114,0.00114
26,12,2,100000,50,0.0005,122,0.00122
26,12,3,100000,50,0.0005,114,0.00114
26,12,4,100000,47,0.00047,114,0.00114
26,12,5,100000,69,0.00069,142,0.00142
26,13,0,100000,52,0.00052,134,0.00134
26,13,1,100000,58,0.00058,145,0.00145
26,13,2,100000,48,0.00048,90,0.0009
26,13,3,100000,45,0.00045,105,0.00105
26,13,4,100000,44,0.00044,111,0.00111
26,13,5,100000,64,0.00064,139,0.00139
26,14,0,100000,72,0.00072,135,0.00135
26,14,1,100000,50,0.0005,104,0.00104
26,14,2,100000,31,0.00031,122,0.00122
26,14,3,100000,58,0.00058,128,0.00128
26,14,4,100000,53,0.00053,117,0.00117
26,14,5,100000,71,0.00071,152,0.00152
26,15,0,100000,59,0.00059,134,0.00134
26,15,1,100000,38,0.00038,113,0.00113
26,15,2,100000,42,0.00042,117,0.00117
26,15,3,100000,59,0.00059,99,0.00099
26,15,4,100000,35,0.00035,112,0.00112
26,15,5,100000,53,0.00053,122,0.00122
26,16,0,100000,48,0.00048,143,0.00143
26,16,1,100000,57,0.00057,135,0.00135
26,16,2,100000,55,0.00055,115,0.00115
26,16,3,100000,61,0.00061,97,0.00097
26,16,4,100000,40,0.0004,107,0.00107
26,16,5,100000,64,0.00064,145,0.00145
26,17,0,100000,71,0.00071,140,0.0014
26,17,1,100000,48,0.00048,122,0.00122
26,17,2,100000,63,0.00063,114,0.00114
26,17,3,100000,45,0.00045,117,0.00117
26,17,4,100000,53,0.00053,126,0.00126
26,17,5,100000,56,0.00056,119,0.00119
26,18,0,100000,53,0.00053,117,0.00117
26,18,1,100000,45,0.00045,117,0.00117
26,18,2,100000,52,0.00052,129,0.00129
26,18,3,100000,53,0.00053,107,0.00107
26,18,4,100000,55,0.00055,113,0.00113
26,18,5,100000,52,0.00052,129,0.00129
26,19,0,100000,64,0.00064,135,0.00135
26,19,1,100000,47,0.00047,124,0.00124
26,19,2,100000,37,0.00037,108,0.00108
26,19,3,100000,45,0.00045,135,0.00135
26,19,4,100000,41,0.00041,98,0.00098
26,19,5,100000,74,0.00074,126,0.00126
26,20,0,100000,56,0.00056,146,0.00146
26,20,1,100000,43,0.00043,109,0.00109
26,20,2,100000,73,0.00073,112,0.00112
26,20,3,100000,43,0.00043,109,0.00109
26,20,4,100000,51,0.00051,123,0.00123
26,20,5,100000,57,0.00057,142,0.00142
26,21,0,100000,63,0.00063,132,0.00132
26,21,1,100000,54,0.00054,115,0.00115
26,21,2,100000,52,0.00052,111,0.00111
26,21,3,100000,42,0.00042,106,0.00106
26,21,4,100000,48,0.00048,109,0.00109
26,21,5,100000,66,0.00066,131,0.00131
26,22,0,100000,60,0.0006,108,0.00108
26,22,1,100000,43,0.00043,104,0.00104
26,22,2,100000,28,0.00028,93,0.00093
26,22,3,100000,53,0.00053,108,0.00108
26,22,4,100000,30,0.0003,101,0.00101
26,22,5,100000,62,0.00062,143,0.00143
26,23,0,100000,58,0.00058,145,0.00145
26,23,1,100000,62,0.00062,136,0.00136
26,23,2,100000,77,0.00077,121,0.00121
26,23,3,100000,57,0.00057,90,0.0009
26,23,4,100000,62,0.00062,105,0.00105
26,23,5,100000,42,0.00042,114,0.00114
26,24,0,100000,50,0.0005,140,0.0014
26,24,1,100000,62,0.00062,135,0.00135
26,24,2,100000,76,0.00076,128,0.00128
26,24,3,100000,58,0.00058,104,0.00104
26,24,4,100000,54,0.00054,122,0.00122
26,24,5,100000,34,0.00034,124,0.00124
26,25,0,100000,48,0.00048,132,0.00132
26,25,1,100000,79,0.00079,120,0.0012
26,25,2,100000,38,0.00038,102,0.00102
26,25,3,100000,33,0.00033,94,0.00094
26,25,4,100000,44,0.00044,120,0.0012
26,25,5,100000,65,0.00065,134,0.00134
26,26,0,100000,55,0.00055,131,0.00131
26,26,1,100000,43,0.00043,120,0.0012
26,26,2,100000,47,0.00047,117,0.00117
26,26,3,100000,48,0.00048,102,0.00102
26,26,4,100000,47,0.00047,95,0.00095
26,26,5,100000,31,0.00031,105,0.00105
26,27,0,100000,51,0.00051,113,0.00113
26,27,1,100000,55,0.00055,124,0.00124
26,27,2,100000,53,0.00053,121,0.00121
26,27,3,100000,37,0.00037,116,0.00116
26,27,4,100000,40,0.0004,109,0.00109
26,27,5,100000,36,0.00036,101,0.00101
26,28,0,100000,44,0.00044,118,0.00118
26,28,1,100000,70,0.0007,119,0.00119
26,28,2,100000,46,0.00046,100,0.001
26,28,3,100000,36,0.00036,110,0.0011
26,28,4,100000,47,0.00047,114,0.00114
26,28,5,100000,54,0.00054,114,0.00114
26,29,0,100000,66,0.00066,149,0.00149
26,29,1,100000,43,0.00043,134,0.00134
26,29,2,100000,37,0.00037,110,0.0011
26,29,3,100000,58,0.00058,106,0.00106
26,29,4,100000,31,0.00031,108,0.00108
26,29,5,100000,45,0.00045,107,0.00107
26,30,0,100000,62,0.00062,141,0.00141
26,30,1,100000,73,0.00073,135,0.00135
26,30,2,100000,41,0.00041,114,0.00114
26,30,3,100000,37,0.00037,111,0.00111
26,30,4,100000,32,0.00032,87,0.00087
26,30,5,100000,44,0.00044,131,0.00131
26,31,0,100000,53,0.00053,151,0.00151
26,31,1,100000,76,0.00076,147,0.00147
26,31,2,100000,43,0.00043,112,0.00112
26,31,3,100000,45,0.00045,123,0.00123
26,31,4,100000,38,0.00038,108,0.00108
26,31,5,100000,57,0.00057,126,0.00126
26,32,0,100000,59,0.00059,125,0.00125
26,32,1,100000,62,0.00062,147,0.00147
26,32,2,100000,62,0.00062,121,0.00121
26,32,3,100000,45,0.00045,96,0.00096
26,32,4,100000,33,0.00033,97,0.00097
26,32,5,100000,50,0.0005,113,0.00113
26,33,0,100000,62,0.00062,128,0.00128
26,33,1,100000,59,0.00059,138,0.00138
26,33,2,100000,53,0.00053,128,0.00128
26,33,3,100000,40,0.0004,127,0.00127
26,33,4,100000,70,0.0007,130,0.0013
26,33,5,100000,70,0.0007,139,0.00139
26,34,0,100000,83,0.00083,127,0.00127
26,34,1,100000,67,0.00067,124,0.00124
26,34,2,100000,27,0.00027,106,0.00106
26,34,3,100000,57,0.00057,104,0.00104
26,34,4,100000,45,0.00045,120,0.0012
26,34,5,100000,58,0.00058,126,0.00126
26,35,0,100000,47,0.00047,137,0.00137
26,35,1,100000,38,0.00038,124,0.00124
26,35,2,100000,66,0.00066,128,0.00128
26,35,3,100000,34,0.00034,87,0.00087
26,35,4,100000,42,0.00042,114,0.00114
26,35,5,100000,54,0.00054,132,0.00132
26,36,0,100000,62,0.00062,124,0.00124
26,36,1,100000,71,0.00071,123,0.00123
26,36,2,100000,66,0.00066,132,0.00132
26,36,3,100000,60,0.0006,104,0.00104
26,36,4,100000,61,0.00061,127,0.00127
26,36,5,100000,47,0.00047,116,0.00116
26,37,0,100000,51,0.00051,112,0.00112
26,37,1,100000,48,0.00048,111,0.00111
26,37,2,100000,69,0.00069,108,0.00108
26,37,3,100000,53,0.00053,99,0.00099
26,37,4,100000,49,0.00049,97,0.00097
26,37,5,100000,44,0.00044,113,0.00113
26,38,0,100000,58,0.00058,131,0.00131
26,38,1,100000,34,0.00034,103,0.00103
26,38,2,100000,49,0.00049,108,0.00108
26,38,3,100000,46,0.00046,101,0.00101
26,38,4,100000,35,0.00035,89,0.00089
26,38,5,100000,47,0.00047,100,0.001
26,39,0,100000,66,0.00066,101,0.00101
26,39,1,100000,43,0.00043,97,0.00097
26,39,2,100000,43,0.00043,98,0.00098
26,39,3,100000,51,0.00051,94,0.00094
26,39,4,100000,29,0.00029,94,0.00094
26,39,5,100000,34,0.00034,114,0.00114
26,40,0,100000,33,0.00033,98,0.00098
26,40,1,100000,58,0.00058,94,0.00094
26,40,2,100000,40,0.0004,94,0.00094
26,40,3,100000,28,0.00028,112,0.00112
26,40,4,100000,41,0.00041,92,0.00092
26,40,5,100000,32,0.00032,89,0.00089
26,41,0,100000,36,0.00036,83,0.00083
26,41,1,100000,38,0.00038,94,0.00094
26,41,2,100000,37,0.00037,101,0.00101
26,41,3,100000,25,0.00025,86,0.00086
26,41,4,100000,23,0.00023,80,0.0008
26,41,5,100000,30,0.0003,91,0.00091
26,42,0,100000,28,0.00028,80,0.0008
26,42,1,100000,24,0.00024,67,0.00067
26,42,2,100000,25,0.00025,83,0.00083
26,42,3,100000,31,0.00031,78,0.00078
26,42,4,100000,37,0.00037,74,0.00074
26,42,5,100000,32,0.00032,79,0.00079
26,43,0,100000,51,0.00051,116,0.00116
26,43,1,100000,39,0.00039,107,0.00107
26,43,2,100000,50,0.0005,85,0.00085
26,43,3,100000,30,0.0003,82,0.00082
26,43,4,100000,40,0.0004,68,0.00068
26,43,5,100000,25,0.00025,73,0.00073
26,44,0,100000,58,0.00058,91,0.00091
26,44,1,100000,35,0.00035,80,0.0008
26,44,2,100000,34,0.00034,75,0.00075
26,44,3,100000,33,0.00033,74,0.00074
26,44,4,100000,23,0.00023,84,0.00084
26,44,5,100000,33,0.00033,71,0.00071
26,45,0,100000,37,0.00037,80,0.0008
26,45,1,100000,37,0.00037,79,0.00079
26,45,2,100000,19,0.00019,80,0.0008
26,45,3,100000,24,0.00024,68,0.00068
26,45,4,100000,45,0.00045,86,0.00086
26,45,5,100000,33,0.00033,72,0.00072
26,46,0,100000,44,0.00044,88,0.00088
26,46,1,100000,25,0.00025,62,0.00062
26,46,2,100000,26,0.00026,64,0.00064
26,46,3,100000,32,0.00032,84,0.00084
26,46,4,100000,27,0.00027,82,0.00082
26,46,5,100000,36,0.00036,72,0.00072
26,47,0,100000,27,0.00027,73,0.00073
26,47,1,100000,31,0.00031,85,0.00085
26,47,2,100000,27,0.00027,76,0.00076
26,47,3,100000,50,0.0005,87,0.00087
26,47,4,100000,46,0.00046,85,0.00085
26,47,5,100000,33,0.00033,72,0.00072
26,48,0,100000,38,0.00038,73,0.00073
26,48,1,100000,36,0.00036,81,0.00081
26,48,2,100000,42,0.00042,75,0.00075
26,48,3,100000,26,0.00026,102,0.00102
26,48,4,100000,23,0.00023,75,0.00075
26,48,5,100000,39,0.00039,75,0.00075
26,49,0,100000,40,0.0004,72,0.00072
26,49,1,100000,29,0.00029,74,0.00074
26,49,2,100000,26,0.00026,73,0.00073
26,49,3,100000,35,0.00035,90,0.0009
26,49,4,100000,19,0.00019,79,0.00079
26,49,5,100000,39,0.00039,76,0.00076
26,50,0,100000,34,0.00034,89,0.00089
26,50,1,100000,24,0.00024,70,0.0007
26,50,2,100000,39,0.00039,67,0.00067
26,50,3,100000,41,0.00041,65,0.00065
26,50,4,100000,27,0.00027,75,0.00075
26,50,5,100000,29,0.00029,70,0.0007
27,-50,0,100000,22,0.00022,76,0.00076
27,-50,1,100000,17,0.00017,62,0.00062
27,-50,2,100000,18,0.00018,52,0.00052
27,-50,3,100000,32,0.00032,85,0.00085
27,-50,4,100000,12,0.00012,64,0.00064
27,-50,5,100000,54,0.00054,79,0.00079
27,-49,0,100000,20,0.0002,62,0.00062
27,-49,1,100000,28,0.00028,78,0.00078
27,-49,2,100000,22,0.00022,72,0.00072
27,-49,3,100000,24,0.00024,75,0.00075
27,-49,4,100000,21,0.00021,61,0.00061
27,-49,5,100000,16,0.00016,66,0.00066
27,-48,0,100000,35,0.00035,84,0.00084
27,-48,1,100000,32,0.00032,68,0.00068
27,-48,2,100000,57,0.00057,81,0.00081
27,-48,3,100000,30,0.0003,78,0.00078
27,-48,4,100000,22,0.00022,78,0.00078
27,-48,5,100000,44,0.00044,64,0.00064
27,-47,0,100000,47,0.00047,90,0.0009
27,-47,1,100000,38,0.00038,84,0.00084
27,-47,2,100000,53,0.00053,78,0.00078
27,-47,3,100000,22,0.00022,75,0.00075
27,-47,4,100000,31,0.00031,86,0.00086
27,-47,5,100000,29,0.00029,77,0.00077
27,-46,0,100000,15,0.00015,60,0.0006
27,-46,1,100000,29,0.00029,59,0.00059
27,-46,2,100000,40,0.0004,87,0.00087
27,-46,3,100000,21,0.00021,67,0.00067
27,-46,4,100000,17,0.00017,69,0.00069
27,-46,5,100000,21,0.00021,75,0.00075
27,-45,0,100000,37,0.00037,76,0.00076
27,-45,1,100000,35,0.00035,68,0.00068
27,-45,2,100000,21,0.00021,72,0.00072
27,-45,3,100000,35,0.00035,63,0.00063
27,-45,4,100000,44,0.00044,85,0.00085
27,-45,5,100000,43,0.00043,89,0.00089
27,-44,0,100000,46,0.00046,83,0.00083
27,-44,1,100000,29,0.00029,75,0.00075
27,-44,2,100000,28,0.00028,80,0.0008
27,-44,3,100000,35,0.00035,69,0.00069
27,-44,4,100000,23,0.00023,71,0.00071
27,-44,5,100000,27,0.00027,61,0.00061
27,-43,0,100000,21,0.00021,91,0.00091
27,-43,1,100000,14,0.00014,74,0.00074
27,-43,2,100000,16,0.00016,59,0.00059
27,-43,3,100000,35,0.00035,71,0.00071
27,-43,4,100000,54,0.00054,99,0.00099
27,-43,5,100000,39,0.00039,88,0.00088
27,-42,0,100000,37,0.00037,97,0.00097
27,-42,1,100000,29,0.00029,79,0.00079
27,-42,2,100000,34,0.00034,81,0.00081
27,-42,3,100000,22,0.00022,83,0.00083
27,-42,4,100000,49,0.00049,88,0.00088
27,-42,5,100000,31,0.00031,78,0.00078
27,-41,0,100000,26,0.00026,92,0.00092
27,-41,1,100000,37,0.00037,82,0.00082
27,-41,2,100000,28,0.00028,81,0.00081
27,-41,3,100000,30,0.0003,69,0.00069
27,-41,4,100000,51,0.00051,91,0.00091
27,-41,5,100000,37,0.00037,72,0.00072
27,-40,0,100000,42,0.00042,99,0.00099
27,-40,1,100000,37,0.00037,89,0.00089
27,-40,2,100000,42,0.00042,93,0.00093
27,-40,3,100000,48,0.00048,90,0.0009
27,-40,4,100000,31,0.00031,88,0.00088
27,-40,5,100000,52,0.00052,98,0.00098
27,-39,0,100000,38,0.00038,91,0.00091
27,-39,1,100000,24,0.00024,86,0.00086
27,-39,2,100000,48,0.00048,84,0.00084
27,-39,3,100000,29,0.00029,83,0.00083
27,-39,4,100000,34,0.00034,88,0.00088
27,-39,5,100000,38,0.00038,89,0.00089
27,-38,0,100000,66,0.00066,111,0.00111
27,-38,1,100000,39,0.00039,93,0.00093
27,-38,2,100000,33,0.00033,88,0.00088
27,-38,3,100000,54,0.00054,98,0.00098
27,-38,4,100000,39,0.00039,100,0.001
27,-38,5,100000,31,0.00031,103,0.00103
27,-37,0,100000,46,0.00046,123,0.00123
27,-37,1,100000,30,0.0003,99,0.00099
27,-37,2,100000,39,0.00039,110,0.0011
27,-37,3,100000,54,0.00054,96,0.00096
27,-37,4,100000,70,0.0007,119,0.00119
27,-37,5,100000,61,0.00061,134,0.00134
27,-36,0,100000,53,0.00053,112,0.00112
27,-36,1,100000,36,0.00036,94,0.00094
27,-36,2,100000,48,0.00048,98,0.00098
27,-36,3,100000,30,0.0003,93,0.00093
27,-36,4,100000,40,0.0004,85,0.00085
27,-36,5,100000,58,0.00058,108,0.00108
27,-35,0,100000,38,0.00038,115,0.00115
27,-35,1,100000,66,0.00066,136,0.00136
27,-35,2,100000,46,0.00046,118,0.00118
27,-35,3,100000,55,0.00055,99,0.00099
27,-35,4,100000,44,0.00044,87,0.00087
27,-35,5,100000,36,0.00036,104,0.00104
27,-34,0,100000,43,0.00043,109,0.00109
27,-34,1,100000,47,0.00047,100,0.001
27,-34,2,100000,36,0.00036,102,0.00102
27,-34,3,100000,28,0.00028,98,0.00098
27,-34,4,100000,36,0.00036,80,0.0008
27,-34,5,100000,27,0.00027,97,0.00097
27,-33,0,100000,25,0.00025,100,0.001
27,-33,1,100000,43,0.00043,112,0.00112
27,-33,2,100000,53,0.00053,98,0.00098
27,-33,3,100000,31,0.00031,97,0.00097
27,-33,4,100000,34,0.00034,99,0.00099
27,-33,5,100000,25,0.00025,103,0.00103
27,-32,0,100000,50,0.0005,124,0.00124
27,-32,1,100000,41,0.00041,107,0.00107
27,-32,2,100000,48,0.00048,84,0.00084
27,-32,3,100000,36,0.00036,98,0.00098
27,-32,4,100000,39,0.00039,103,0.00103
27,-32,5,100000,43,0.00043,108,0.00108
27,-31,0,100000,55,0.00055,113,0.00113
27,-31,1,100000,57,0.00057,112,0.00112
27,-31,2,100000,41,0.00041,103,0.00103
27,-31,3,100000,32,0.00032,100,0.001
27,-31,4,100000,38,0.00038,83,0.00083
27,-31,5,100000,42,0.00042,115,0.00115
27,-30,0,100000,70,0.0007,131,0.00131
27,-30,1,100000,32,0.00032,105,0.00105
27,-30,2,100000,66,0.00066,113,0.00113
27,-30,3,100000,42,0.00042,98,0.00098
27,-30,4,100000,41,0.00041,101,0.00101
27,-30,5,100000,66,0.00066,112,0.00112
27,-29,0,100000,34,0.00034,108,0.00108
27,-29,1,100000,55,0.00055,120,0.0012
27,-29,2,100000,47,0.00047,108,0.00108
27,-29,3,100000,35,0.00035,93,0.00093
27,-29,4,100000,40,0.0004,103,0.00103
27,-29,5,100000,51,0.00051,97,0.00097
27,-28,0,100000,55,0.00055,126,0.00126
27,-28,1,100000,40,0.0004,109,0.00109
27,-28,2,100000,41,0.00041,107,0.00107
27,-28,3,100000,30,0.0003,109,0.00109
27,-28,4,100000,52,0.00052,110,0.0011
27,-28,5,100000,31,0.00031,93,0.00093
27,-27,0,100000,59,0.00059,105,0.00105
27,-27,1,100000,52,0.00052,112,0.00112
27,-27,2,100000,36,0.00036,112,0.00112
27,-27,3,100000,47,0.00047,102,0.00102
27,-27,4,100000,40,0.0004,87,0.00087
27,-27,5,100000,44,0.00044,91,0.00091
27,-26,0,100000,66,0.00066,124,0.00124
27,-26,1,100000,44,0.00044,102,0.00102
27,-26,2,100000,42,0.00042,108,0.00108
27,-26,3,100000,54,0.00054,105,0.00105
27,-26,4,100000,39,0.00039,101,0.00101
27,-26,5,100000,49,0.00049,116,0.00116
27,-25,0,100000,79,0.00079,131,0.00131
27,-25,1,100000,35,0.00035,104,0.00104
27,-25,2,100000,45,0.00045,94,0.00094
27,-25,3,100000,46,0.00046,91,0.00091
27,-25,4,100000,54,0.00054,115,0.00115
27,-25,5,100000,33,0.00033,101,0.00101
27,-24,0,100000,69,0.00069,98,0.00098
27,-24,1,100000,48,0.00048,94,0.00094
27,-24,2,100000,27,0.00027,100,0.001
27,-24,3,100000,20,0.0002,82,0.00082
27,-24,4,100000,36,0.00036,73,0.00073
27,-24,5,100000,43,0.00043,94,0.00094
27,-23,0,100000,51,0.00051,126,0.00126
27,-23,1,100000,33,0.00033,95,0.00095
27,-23,2,100000,34,0.00034,101,0.00101
27,-23,3,100000,37,0.00037,109,0.00109
27,-23,4,100000,36,0.00036,98,0.00098
27,-23,5,100000,40,0.0004,110,0.0011
27,-22,0,100000,28,0.00028,93,0.00093
27,-22,1,100000,48,0.00048,102,0.00102
27,-22,2,100000,55,0.00055,93,0.00093
27,-22,3,100000,34,0.00034,114,0.00114
27,-22,4,100000,47,0.00047,122,0.00122
27,-22,5,100000,44,0.00044,100,0.001
27,-21,0,100000,44,0.00044,115,0.00115
27,-21,1,100000,42,0.00042,120,0.0012
27,-21,2,100000,42,0.00042,107,0.00107
27,-21,3,100000,39,0.00039,89,0.00089
27,-21,4,100000,36,0.00036,101,0.00101
27,-21,5,100000,38,0.00038,92,0.00092
27,-20,0,100000,69,0.00069,130,0.0013
27,-20,1,100000,44,0.00044,115,0.00115
27,-20,2,100000,24,0.00024,106,0.00106
27,-20,3,100000,43,0.00043,98,0.00098
27,-20,4,100000,51,0.00051,97,0.00097
27,-20,5,100000,39,0.00039,112,0.00112
27,-19,0,100000,69,0.00069,123,0.00123
27,-19,1,100000,40,0.0004,106,0.00106
27,-19,2,100000,44,0.00044,88,0.00088
27,-19,3,100000,50,0.0005,99,0.00099
27,-19,4,100000,27,0.00027,91,0.00091
27,-19,5,100000,57,0.00057,120,0.0012
27,-18,0,100000,56,0.00056,104,0.00104
27,-18,1,100000,37,0.00037,90,0.0009
27,-18,2,100000,20,0.0002,79,0.00079
27,-18,3,100000,39,0.00039,92,0.00092
27,-18,4,100000,53,0.00053,111,0.00111
27,-18,5,100000,37,0.00037,115,0.00115
27,-17,0,100000,32,0.00032,91,0.00091
27,-17,1,100000,45,0.00045,119,0.00119
27,-17,2,100000,36,0.00036,103,0.00103
27,-17,3,100000,54,0.00054,112,0.00112
27,-17,4,100000,64,0.00064,98,0.00098
27,-17,5,100000,44,0.00044,118,0.00118
27,-16,0,100000,35,0.00035,132,0.00132
27,-16,1,100000,54,0.00054,109,0.00109
27,-16,2,100000,60,0.0006,116,0.00116
27,-16,3,100000,38,0.00038,88,0.00088
27,-16,4,100000,59,0.00059,114,0.00114
27,-16,5,100000,53,0.00053,112,0.00112
27,-15,0,100000,52,0.00052,107,0.00107
27,-15,1,100000,36,0.00036,120,0.0012
27,-15,2,100000,46,0.00046,98,0.00098
27,-15,3,100000,32,0.00032,77,0.00077
27,-15,4,100000,49,0.00049,98,0.00098
27,-15,5,100000,49,0.00049,107,0.00107
27,-14,0,100000,40,0.0004,130,0.0013
27,-14,1,100000,63,0.00063,112,0.00112
27,-14,2,100000,42,0.00042,106,0.00106
27,-14,3,100000,40,0.0004,98,0.00098
27,-14,4,100000,29,0.00029,103,0.00103
27,-14,5,100000,44,0.00044,109,0.00109
27,-13,0,100000,45,0.00045,117,0.00117
27,-13,1,100000,42,0.00042,112,0.00112
27,-13,2,100000,64,0.00064,104,0.00104
27,-13,3,100000,44,0.00044,93,0.00093
27,-13,4,100000,38,0.00038,96,0.00096
27,-13,5,100000,47,0.00047,110,0.0011
27,-12,0,100000,34,0.00034,114,0.00114
27,-12,1,100000,36,0.00036,107,0.00107
27,-12,2,100000,31,0.00031,93,0.00093
27,-12,3,100000,48,0.00048,99,0.00099
27,-12,4,100000,36,0.00036,90,0.0009
27,-12,5,100000,30,0.0003,100,0.001
27,-11,0,100000,41,0.00041,104,0.00104
27,-11,1,100000,50,0.0005,103,0.00103
27,-11,2,100000,41,0.00041,82,0.00082
27,-11,3,100000,61,0.00061,100,0.001
27,-11,4,100000,34,0.00034,103,0.00103
27,-11,5,100000,42,0.00042,118,0.00118
27,-10,0,100000,54,0.00054,120,0.0012
27,-10,1,100000,59,0.00059,113,0.00113
27,-10,2,100000,38,0.00038,120,0.0012
27,-10,3,100000,33,0.00033,92,0.00092
27,-10,4,100000,42,0.00042,112,0.00112
27,-10,5,100000,46,0.00046,114,0.00114
27,-9,0,100000,46,0.00046,110,0.0011
27,-9,1,100000,47,0.00047,95,0.00095
27,-9,2,100000,58,0.00058,115,0.00115
27,-9,3,100000,52,0.00052,112,0.00112
27,-9,4,100000,45,0.00045,110,0.0011
27,-9,5,100000,49,0.00049,108,0.00108
27,-8,0,100000,50,0.0005,114,0.00114
27,-8,1,100000,39,0.00039,116,0.00116
27,-8,2,100000,53,0.00053,101,0.00101
27,-8,3,100000,40,0.0004,98,0.00098
27,-8,4,100000,33,0.00033,95,0.00095
27,-8,5,100000,57,0.00057,124,0.00124
27,-7,0,100000,35,0.00035,108,0.00108
27,-7,1,100000,52,0.00052,105,0.00105
27,-7,2,100000,38,0.00038,112,0.00112
27,-7,3,100000,45,0.00045,98,0.00098
27,-7,4,100000,60,0.0006,115,0.00115
27,-7,5,100000,36,0.00036,98,0.00098
27,-6,0,100000,50,0.0005,109,0.00109
27,-6,1,100000,30,0.0003,96,0.00096
27,-6,2,100000,42,0.00042,114,0.00114
27,-6,3,100000,39,0.00039,92,0.00092
27,-6,4,100000,58,0.00058,121,0.00121
27,-6,5,100000,55,0.00055,122,0.00122
27,-5,0,100000,47,0.00047,94,0.00094
27,-5,1,100000,40,0.0004,131,0.00131
27,-5,2,100000,34,0.00034,90,0.0009
27,-5,3,100000,55,0.00055,99,0.00099
27,-5,4,100000,30,0.0003,94,0.00094
27,-5,5,100000,50,0.0005,120,0.0012
27,-4,0,100000,43,0.00043,112,0.00112
27,-4,1,100000,57,0.00057,112,0.00112
27,-4,2,100000,30,0.0003,89,0.00089
27,-4,3,100000,32,0.00032,110,0.0011
27,-4,4,100000,57,0.00057,103,0.00103
27,-4,5,100000,43,0.00043,112,0.00112
27,-3,0,100000,56,0.00056,122,0.00122
27,-3,1,100000,26,0.00026,98,0.00098
27,-3,2,100000,42,0.00042,126,0.00126
27,-3,3,100000,31,0.00031,90,0.0009
27,-3,4,100000,34,0.00034,96,0.00096
27,-3,5,100000,52,0.00052,111,0.00111
27,-2,0,100000,55,0.00055,118,0.00118
27,-2,1,100000,46,0.00046,106,0.00106
27,-2,2,100000,52,0.00052,123,0.00123
27,-2,3,100000,42,0.00042,102,0.00102
27,-2,4,100000,50,0.0005,105,0.00105
27,-2,5,100000,65,0.00065,104,0.00104
27,-1,0,100000,44,0.00044,89,0.00089
27,-1,1,100000,31,0.00031,103,0.00103
27,-1,2,100000,48,0.00048,107,0.00107
27,-1,3,100000,35,0.00035,89,0.00089
27,-1,4,100000,69,0.00069,101,0.00101
27,-1,5,100000,49,0.00049,109,0.00109
27,0,0,100000,47,0.00047,101,0.00101
27,0,1,100000,44,0.00044,99,0.00099
27,0,2,100000,39,0.00039,85,0.00085
27,0,3,100000,34,0.00034,85,0.00085
27,0,4,100000,44,0.00044,102,0.00102
27,0,5,100000,34,0.00034,92,0.00092
27,1,0,100000,57,0.00057,145,0.00145
27,1,1,100000,38,0.00038,110,0.0011
27,1,2,100000,30,0.0003,90,0.0009
27,1,3,100000,28,0.00028,91,0.00091
27,1,4,100000,39,0.00039,106,0.00106
27,1,5,100000,37,0.00037,106,0.00106
27,2,0,100000,40,0.0004,112,0.00112
27,2,1,100000,59,0.00059,132,0.00132
27,2,2,100000,43,0.00043,95,0.00095
27,2,3,100000,22,0.00022,95,0.00095
27,2,4,100000,42,0.00042,96,0.00096
27,2,5,100000,33,0.00033,100,0.001
27,3,0,100000,28,0.00028,97,0.00097
27,3,1,100000,32,0.00032,101,0.00101
27,3,2,100000,25,0.00025,101,0.00101
27,3,3,100000,51,0.00051,89,0.00089
27,3,4,100000,53,0.00053,107,0.00107
27,3,5,100000,45,0.00045,119,0.00119
27,4,0,100000,60,0.0006,121,0.00121
27,4,1,100000,68,0.00068,118,0.00118
27,4,2,100000,42,0.00042,108,0.00108
27,4,3,100000,43,0.00043,104,0.00104
27,4,4,100000,43,0.00043,106,0.00106
27,4,5,100000,37,0.00037,99,0.00099
27,5,0,100000,68,0.00068,121,0.00121
27,5,1,100000,36,0.00036,134,0.00134
27,5,2,100000,32,0.00032,96,0.00096
27,5,3,100000,56,0.00056,96,0.00096
27,5,4,100000,40,0.0004,95,0.00095
27,5,5,100000,27,0.00027,101,0.00101
27,6,0,100000,57,0.00057,103,0.00103
27,6,1,100000,49,0.00049,111,0.00111
27,6,2,100000,58,0.00058,105,0.00105
27,6,3,100000,20,0.0002,70,0.0007
27,6,4,100000,42,0.00042,104,0.00104
27,6,5,100000,54,0.00054,109,0.00109
27,7,0,100000,49,0.00049,127,0.00127
27,7,1,100000,44,0.00044,100,0.001
27,7,2,100000,51,0.00051,108,0.00108
27,7,3,100000,55,0.00055,108,0.00108
27,7,4,100000,27,0.00027,104,0.00104
27,7,5,100000,49,0.00049,112,0.00112
27,8,0,100000,57,0.00057,113,0.00113
27,8,1,100000,50,0.0005,107,0.00107
27,8,2,100000,57,0.00057,100,0.001
27,8,3,100000,53,0.00053,106,0.00106
27,8,4,100000,39,0.00039,107,0.00107
27,8,5,100000,49,0.00049,124,0.00124
27,9,0,100000,53,0.00053,123,0.00123
27,9,1,100000,51,0.00051,115,0.00115
27,9,2,100000,39,0.00039,103,0.00103
27,9,3,100000,83,0.00083,110,0.0011
27,9,4,100000,39,0.00039,95,0.00095
27,9,5,100000,54,0.00054,106,0.00106
27,10,0,100000,39,0.00039,123,0.00123
27,10,1,100000,55,0.00055,120,0.0012
27,10,2,100000,36,0.00036,90,0.0009
27,10,3,100000,43,0.00043,91,0.00091
27,10,4,100000,37,0.00037,108,0.00108
27,10,5,100000,52,0.00052,112,0.00112
27,11,0,100000,74,0.00074,116,0.00116
27,11,1,100000,43,0.00043,134,0.00134
27,11,2,100000,54,0.00054,110,0.0011
27,11,3,100000,42,0.00042,106,0.00106
27,11,4,100000,61,0.00061,96,0.00096
27,11,5,100000,38,0.00038,113,0.00113
27,12,0,100000,42,0.00042,130,0.0013
27,12,1,100000,32,0.00032,102,0.00102
27,12,2,100000,50,0.0005,94,0.00094
27,12,3,100000,46,0.00046,97,0.00097
27,12,4,100000,37,0.00037,92,0.00092
27,12,5,100000,38,0.00038,90,0.0009
27,13,0,100000,47,0.00047,119,0.00119
27,13,1,100000,45,0.00045,103,0.00103
27,13,2,100000,59,0.00059,105,0.00105
27,13,3,100000,46,0.00046,108,0.00108
27,13,4,100000,32,0.00032,96,0.00096
27,13,5,100000,46,0.00046,113,0.00113
27,14,0,100000,40,0.0004,105,0.00105
27,14,1,100000,26,0.00026,100,0.001
27,14,2,100000,42,0.00042,108,0.00108
27,14,3,100000,43,0.00043,103,0.00103
27,14,4,100000,25,0.00025,81,0.00081
27,14,5,100000,23,0.00023,108,0.00108
27,15,0,100000,46,0.00046,107,0.00107
27,15,1,100000,47,0.00047,113,0.00113
27,15,2,100000,38,0.00038,96,0.00096
27,15,3,100000,41,0.00041,99,0.00099
27,15,4,100000,32,0.00032,106,0.00106
27,15,5,100000,30,0.0003,117,0.00117
27,16,0,100000,67,0.00067,116,0.00116
27,16,1,100000,46,0.00046,107,0.00107
27,16,2,100000,33,0.00033,111,0.00111
27,16,3,100000,48,0.00048,95,0.00095
27,16,4,100000,57,0.00057,115,0.00115
27,16,5,100000,38,0.00038,101,0.00101
27,17,0,100000,38,0.00038,111,0.00111
27,17,1,100000,22,0.00022,88,0.00088
27,17,2,100000,29,0.00029,98,0.00098
27,17,3,100000,45,0.00045,71,0.00071
27,17,4,100000,43,0.00043,90,0.0009
27,17,5,100000,39,0.00039,111,0.00111
27,18,0,100000,55,0.00055,113,0.00113
27,18,1,100000,53,0.00053,125,0.00125
27,18,2,100000,34,0.00034,96,0.00096
27,18,3,100000,58,0.00058,118,0.00118
27,18,4,100000,39,0.00039,101,0.00101
27,18,5,100000,34,0.00034,99,0.00099
27,19,0,100000,38,0.00038,108,0.00108
27,19,1,100000,43,0.00043,100,0.001
27,19,2,100000,57,0.00057,94,0.00094
27,19,3,100000,49,0.00049,108,0.00108
27,19,4,100000,25,0.00025,75,0.00075
27,19,5,100000,49,0.00049,122,0.00122
27,20,0,100000,48,0.00048,114,0.00114
27,20,1,100000,33,0.00033,89,0.00089
27,20,2,100000,43,0.00043,111,0.00111
27,20,3,100000,37,0.00037,97,0.00097
27,20,4,100000,44,0.00044,98,0.00098
27,20,5,100000,54,0.00054,113,0.00113
27,21,0,100000,54,0.00054,117,0.00117
27,21,1,100000,50,0.0005,95,0.00095
27,21,2,100000,44,0.00044,103,0.00103
27,21,3,100000,54,0.00054,109,0.00109
27,21,4,100000,45,0.00045,108,0.00108
27,21,5,100000,39,0.00039,102,0.00102
27,22,0,100000,57,0.00057,115,0.00115
27,22,1,100000,48,0.00048,109,0.00109
27,22,2,100000,44,0.00044,105,0.00105
27,22,3,100000,54,0.00054,90,0.0009
27,22,4,100000,53,0.00053,115,0.00115
27,22,5,100000,33,0.00033,101,0.00101
27,23,0,100000,42,0.00042,101,0.00101
27,23,1,100000,32,0.00032,106,0.00106
27,23,2,100000,28,0.00028,96,0.00096
27,23,3,100000,51,0.00051,105,0.00105
27,23,4,100000,52,0.00052,113,0.00113
27,23,5,100000,40,0.0004,111,0.00111
27,24,0,100000,53,0.00053,104,0.00104
27,24,1,100000,45,0.00045,102,0.00102
27,24,2,100000,31,0.00031,94,0.00094
27,24,3,100000,34,0.00034,94,0.00094
27,24,4,100000,32,0.00032,108,0.00108
27,24,5,100000,31,0.00031,96,0.00096
27,25,0,100000,42,0.00042,94,0.00094
27,25,1,100000,39,0.00039,108,0.00108
27,25,2,100000,42,0.00042,113,0.00113
27,25,3,100000,32,0.00032,85,0.00085
27,25,4,100000,26,0.00026,84,0.00084
27,25,5,100000,37,0.00037,102,0.00102
27,26,0,100000,56,0.00056,98,0.00098
27,26,1,100000,36,0.00036,111,0.00111
27,26,2,100000,44,0.00044,104,0.00104
27,26,3,100000,30,0.0003,110,0.0011
27,26,4,100000,28,0.00028,94,0.00094
27,26,5,100000,42,0.00042,109,0.00109
27,27,0,100000,38,0.00038,129,0.00129
27,27,1,100000,33,0.00033,104,0.00104
27,27,2,100000,56,0.00056,119,0.00119
27,27,3,100000,46,0.00046,96,0.00096
27,27,4,100000,36,0.00036,98,0.00098
27,27,5,100000,45,0.00045,93,0.00093
27,28,0,100000,46,0.00046,118,0.00118
27,28,1,100000,40,0.0004,110,0.0011
27,28,2,100000,46,0.00046,104,0.00104
27,28,3,100000,41,0.00041,99,0.00099
27,28,4,100000,40,0.0004,97,0.00097
27,28,5,100000,35,0.00035,103,0.00103
27,29,0,100000,44,0.00044,102,0.00102
27,29,1,100000,22,0.00022,78,0.00078
27,29,2,100000,22,0.00022,88,0.00088
27,29,3,100000,20,0.0002,78,0.00078
27,29,4,100000,40,0.0004,102,0.00102
27,29,5,100000,42,0.00042,95,0.00095
27,30,0,100000,53,0.00053,128,0.00128
27,30,1,100000,51,0.00051,113,0.00113
27,30,2,100000,31,0.00031,92,0.00092
27,30,3,100000,30,0.0003,108,0.00108
27,30,4,100000,43,0.00043,99,0.00099
27,30,5,100000,47,0.00047,86,0.00086
27,31,0,100000,53,0.00053,136,0.00136
27,31,1,100000,43,0.00043,100,0.001
27,31,2,100000,37,0.00037,111,0.00111
27,31,3,100000,42,0.00042,106,0.00106
27,31,4,100000,46,0.00046,105,0.00105
27,31,5,100000,63,0.00063,118,0.00118
27,32,0,100000,54,0.00054,109,0.00109
27,32,1,100000,56,0.00056,112,0.00112
27,32,2,100000,38,0.00038,91,0.00091
27,32,3,100000,35,0.00035,90,0.0009
27,32,4,100000,62,0.00062,104,0.00104
27,32,5,100000,64,0.00064,123,0.00123
27,33,0,100000,35,0.00035,95,0.00095
27,33,1,100000,27,0.00027,105,0.00105
27,33,2,100000,64,0.00064,109,0.00109
27,33,3,100000,23,0.00023,73,0.00073
27,33,4,100000,35,0.00035,102,0.00102
27,33,5,100000,27,0.00027,109,0.00109
27,34,0,100000,34,0.00034,106,0.00106
27,34,1,100000,41,0.00041,104,0.00104
27,34,2,100000,32,0.00032,106,0.00106
27,34,3,100000,56,0.00056,93,0.00093
27,34,4,100000,48,0.00048,98,0.00098
27,34,5,100000,46,0.00046,119,0.00119
27,35,0,100000,56,0.00056,106,0.00106
27,35,1,100000,52,0.00052,111,0.00111
27,35,2,100000,30,0.0003,79,0.00079
27,35,3,100000,28,0.00028,71,0.00071
27,35,4,100000,40,0.0004,88,0.00088
27,35,5,100000,45,0.00045,114,0.00114
27,36,0,100000,65,0.00065,125,0.00125
27,36,1,100000,42,0.00042,95,0.00095
27,36,2,100000,36,0.00036,85,0.00085
27,36,3,100000,46,0.00046,89,0.00089
27,36,4,100000,34,0.00034,91,0.00091
27,36,5,100000,45,0.00045,107,0.00107
27,37,0,100000,57,0.00057,114,0.00114
27,37,1,100000,47,0.00047,103,0.00103
27,37,2,100000,37,0.00037,106,0.00106
27,37,3,100000,44,0.00044,92,0.00092
27,37,4,100000,41,0.00041,108,0.00108
27,37,5,100000,34,0.00034,108,0.00108
27,38,0,100000,34,0.00034,95,0.00095
27,38,1,100000,54,0.00054,106,0.00106
27,38,2,100000,31,0.00031,95,0.00095
27,38,3,100000,49,0.00049,106,0.00106
27,38,4,100000,32,0.00032,91,0.00091
27,38,5,100000,30,0.0003,90,0.0009
27,39,0,100000,46,0.00046,94,0.00094
27,39,1,100000,26,0.00026,102,0.00102
27,39,2,100000,40,0.0004,91,0.00091
27,39,3,100000,38,0.00038,89,0.00089
27,39,4,100000,21,0.00021,78,0.00078
27,39,5,100000,22,0.00022,88,0.00088
27,40,0,100000,24,0.00024,86,0.00086
27,40,1,100000,46,0.00046,97,0.00097
27,40,2,100000,38,0.00038,91,0.00091
27,40,3,100000,30,0.0003,66,0.00066
27,40,4,100000,34,0.00034,112,0.00112
27,40,5,100000,39,0.00039,83,0.00083
27,41,0,100000,31,0.00031,80,0.0008
27,41,1,100000,27,0.00027,89,0.00089
27,41,2,100000,34,0.00034,80,0.0008
27,41,3,100000,28,0.00028,74,0.00074
27,41,4,100000,30,0.0003,83,0.00083
27,41,5,100000,33,0.00033,97,0.00097
27,42,0,100000,31,0.00031,83,0.00083
27,42,1,100000,25,0.00025,74,0.00074
27,42,2,100000,40,0.0004,89,0.00089
27,42,3,100000,16,0.00016,80,0.0008
27,42,4,100000,28,0.00028,70,0.0007
27,42,5,100000,38,0.00038,85,0.00085
27,43,0,100000,24,0.00024,63,0.00063
27,43,1,100000,34,0.00034,92,0.00092
27,43,2,100000,43,0.00043,76,0.00076
27,43,3,100000,38,0.00038,107,0.00107
27,43,4,100000,52,0.00052,82,0.00082
27,43,5,100000,55,0.00055,85,0.00085
27,44,0,100000,36,0.00036,70,0.0007
27,44,1,100000,37,0.00037,90,0.0009
27,44,2,100000,37,0.00037,84,0.00084
27,44,3,100000,30,0.0003,80,0.0008
27,44,4,100000,20,0.0002,70,0.0007
27,44,5,100000,17,0.00017,74,0.00074
27,45,0,100000,33,0.00033,74,0.00074
27,45,1,100000,40,0.0004,104,0.00104
27,45,2,100000,59,0.00059,72,0.00072
27,45,3,100000,20,0.0002,81,0.00081
27,45,4,100000,11,0.00011,57,0.00057
27,45,5,100000,28,0.00028,70,0.0007
27,46,0,100000,30,0.0003,58,0.00058
27,46,1,100000,37,0.00037,83,0.00083
27,46,2,100000,23,0.00023,56,0.00056
27,46,3,100000,26,0.00026,69,0.00069
27,46,4,100000,13,0.00013,66,0.00066
27,46,5,100000,42,0.00042,74,0.00074
27,47,0,100000,37,0.00037,77,0.00077
27,47,1,100000,26,0.00026,65,0.00065
27,47,2,100000,15,0.00015,58,0.00058
27,47,3,100000,34,0.00034,81,0.00081
27,47,4,100000,32,0.00032,70,0.0007
27,47,5,100000,26,0.00026,70,0.0007
27,48,0,100000,39,0.00039,73,0.00073
27,48,1,100000,28,0.00028,71,0.00071
27,48,2,100000,31,0.00031,68,0.00068
27,48,3,100000,38,0.00038,80,0.0008
27,48,4,100000,31,0.00031,49,0.00049
27,48,5,100000,21,0.00021,66,0.00066
27,49,0,100000,33,0.00033,72,0.00072
27,49,1,100000,44,0.00044,87,0.00087
27,49,2,100000,14,0.00014,72,0.00072
27,49,3,100000,29,0.00029,77,0.00077
27,49,4,100000,23,0.00023,80,0.0008
27,49,5,100000,23,0.00023,77,0.00077
27,50,0,100000,18,0.00018,65,0.00065
27,50,1,100000,25,0.00025,77,0.00077
27,50,2,100000,37,0.00037,83,0.00083
27,50,3,100000,27,0.00027,61,0.00061
27,50,4,100000,23,0.00023,67,0.00067
27,50,5,100000,31,0.00031,76,0.00076
28,-50,0,100000,16,0.00016,55,0.00055
28,-50,1,100000,35,0.00035,67,0.00067
28,-50,2,100000,15,0.00015,74,0.00074
28,-50,3,100000,35,0.00035,85,0.00085
28,-50,4,100000,27,0.00027,74,0.00074
28,-50,5,100000,33,0.00033,52,0.00052
28,-49,0,100000,26,0.00026,75,0.00075
28,-49,1,100000,21,0.00021,69,0.00069
28,-49,2,100000,28,0.00028,81,0.00081
28,-49,3,100000,33,0.00033,64,0.00064
28,-49,4,100000,22,0.00022,76,0.00076
28,-49,5,100000,24,0.00024,59,0.00059
28,-48,0,100000,33,0.00033,74,0.00074
28,-48,1,100000,14,0.00014,71,0.00071
28,-48,2,100000,33,0.00033,86,0.00086
28,-48,3,100000,32,0.00032,64,0.00064
28,-48,4,100000,11,0.00011,69,0.00069
28,-48,5,100000,29,0.00029,71,0.00071
28,-47,0,100000,35,0.00035,76,0.00076
28,-47,1,100000,49,0.00049,67,0.00067
28,-47,2,100000,26,0.00026,71,0.00071
28,-47,3,100000,28,0.00028,68,0.00068
28,-47,4,100000,29,0.00029,73,0.00073
28,-47,5,100000,42,0.00042,72,0.00072
28,-46,0,100000,40,0.0004,63,0.00063
28,-46,1,100000,27,0.00027,89,0.00089
28,-46,2,100000,28,0.00028,59,0.00059
28,-46,3,100000,48,0.00048,80,0.0008
28,-46,4,100000,25,0.00025,81,0.00081
28,-46,5,100000,35,0.00035,78,0.00078
28,-45,0,100000,31,0.00031,68,0.00068
28,-45,1,100000,28,0.00028,73,0.00073
28,-45,2,100000,39,0.00039,94,0.00094
28,-45,3,100000,27,0.00027,73,0.00073
28,-45,4,100000,37,0.00037,87,0.00087
28,-45,5,100000,18,0.00018,65,0.00065
28,-44,0,100000,28,0.00028,69,0.00069
28,-44,1,100000,21,0.00021,71,0.00071
28,-44,2,100000,27,0.00027,72,0.00072
28,-44,3,100000,23,0.00023,76,0.00076
28,-44,4,100000,17,0.00017,72,0.00072
28,-44,5,100000,40,0.0004,64,0.00064
28,-43,0,100000,36,0.00036,78,0.00078
28,-43,1,100000,30,0.0003,78,0.00078
28,-43,2,100000,43,0.00043,85,0.00085
28,-43,3,100000,30,0.0003,81,0.00081
28,-43,4,100000,43,0.00043,67,0.00067
28,-43,5,100000,37,0.00037,64,0.00064
28,-42,0,100000,20,0.0002,79,0.00079
28,-42,1,100000,38,0.00038,89,0.00089
28,-42,2,100000,14,0.00014,81,0.00081
28,-42,3,100000,36,0.00036,73,0.00073
28,-42,4,100000,37,0.00037,85,0.00085
28,-42,5,100000,23,0.00023,72,0.00072
28,-41,0,100000,35,0.00035,79,0.00079
28,-41,1,100000,32,0.00032,79,0.00079
28,-41,2,100000,34,0.00034,69,0.00069
28,-41,3,100000,35,0.00035,65,0.00065
28,-41,4,100000,26,0.00026,80,0.0008
28,-41,5,100000,29,0.00029,64,0.00064
28,-40,0,100000,30,0.0003,99,0.00099
28,-40,1,100000,52,0.00052,86,0.00086
28,-40,2,100000,48,0.00048,59,0.00059
28,-40,3,100000,25,0.00025,73,0.00073
28,-40,4,100000,52,0.00052,84,0.00084
28,-40,5,100000,32,0.00032,92,0.00092
28,-39,0,100000,38,0.00038,75,0.00075
28,-39,1,100000,35,0.00035,94,0.00094
28,-39,2,100000,32,0.00032,70,0.0007
28,-39,3,100000,29,0.00029,96,0.00096
28,-39,4,100000,40,0.0004,78,0.00078
28,-39,5,100000,54,0.00054,96,0.00096
28,-38,0,100000,48,0.00048,101,0.00101
28,-38,1,100000,37,0.00037,99,0.00099
28,-38,2,100000,28,0.00028,75,0.00075
28,-38,3,100000,40,0.0004,107,0.00107
28,-38,4,100000,41,0.00041,86,0.00086
28,-38,5,100000,43,0.00043,94,0.00094
28,-37,0,100000,56,0.00056,92,0.00092
28,-37,1,100000,36,0.00036,90,0.0009
28,-37,2,100000,28,0.00028,80,0.0008
28,-37,3,100000,57,0.00057,79,0.00079
28,-37,4,100000,27,0.00027,97,0.00097
28,-37,5,100000,50,0.0005,110,0.0011
28,-36,0,100000,49,0.00049,95,0.00095
28,-36,1,100000,28,0.00028,86,0.00086
28,-36,2,100000,52,0.00052,100,0.001
28,-36,3,100000,16,0.00016,70,0.0007
28,-36,4,100000,29,0.00029,95,0.00095
28,-36,5,100000,32,0.00032,88,0.00088
28,-35,0,100000,34,0.00034,102,0.00102
28,-35,1,100000,47,0.00047,94,0.00094
28,-35,2,100000,48,0.00048,91,0.00091
28,-35,3,100000,50,0.0005,90,0.0009
28,-35,4,100000,45,0.00045,93,0.00093
28,-35,5,100000,23,0.00023,89,0.00089
28,-34,0,100000,57,0.00057,96,0.00096
28,-34,1,100000,41,0.00041,87,0.00087
28,-34,2,100000,61,0.00061,98,0.00098
28,-34,3,100000,61,0.00061,89,0.00089
28,-34,4,100000,31,0.00031,85,0.00085
28,-34,5,100000,30,0.0003,87,0.00087
28,-33,0,100000,33,0.00033,76,0.00076
28,-33,1,100000,36,0.00036,85,0.00085
28,-33,2,100000,39,0.00039,86,0.00086
28,-33,3,100000,42,0.00042,92,0.00092
28,-33,4,100000,34,0.00034,86,0.00086
28,-33,5,100000,46,0.00046,96,0.00096
28,-32,0,100000,39,0.00039,100,0.001
28,-32,1,100000,34,0.00034,102,0.00102
28,-32,2,100000,37,0.00037,97,0.00097
28,-32,3,100000,42,0.00042,77,0.00077
28,-32,4,100000,42,0.00042,82,0.00082
28,-32,5,100000,69,0.00069,93,0.00093
28,-31,0,100000,21,0.00021,93,0.00093
28,-31,1,100000,43,0.00043,108,0.00108
28,-31,2,100000,60,0.0006,93,0.00093
28,-31,3,100000,36,0.00036,81,0.00081
28,-31,4,100000,23,0.00023,86,0.00086
28,-31,5,100000,16,0.00016,81,0.00081
28,-30,0,100000,24,0.00024,101,0.00101
28,-30,1,100000,41,0.00041,95,0.00095
28,-30,2,100000,26,0.00026,84,0.00084
28,-30,3,100000,21,0.00021,80,0.0008
28,-30,4,100000,25,0.00025,85,0.00085
28,-30,5,100000,47,0.00047,99,0.00099
28,-29,0,100000,40,0.0004,79,0.00079
28,-29,1,100000,50,0.0005,87,0.00087
28,-29,2,100000,28,0.00028,88,0.00088
28,-29,3,100000,35,0.00035,87,0.00087
28,-29,4,100000,17,0.00017,64,0.00064
28,-29,5,100000,33,0.00033,92,0.00092
28,-28,0,100000,31,0.00031,74,0.00074
28,-28,1,100000,23,0.00023,78,0.00078
28,-28,2,100000,47,0.00047,98,0.00098
28,-28,3,100000,49,0.00049,94,0.00094
28,-28,4,100000,37,0.00037,87,0.00087
28,-28,5,100000,28,0.00028,103,0.00103
28,-27,0,100000,35,0.00035,83,0.00083
28,-27,1,100000,47,0.00047,109,0.00109
28,-27,2,100000,38,0.00038,93,0.00093
28,-27,3,100000,40,0.0004,103,0.00103
28,-27,4,100000,31,0.00031,85,0.00085
28,-27,5,100000,38,0.00038,87,0.00087
28,-26,0,100000,46,0.00046,94,0.00094
28,-26,1,100000,27,0.00027,78,0.00078
28,-26,2,100000,19,0.00019,84,0.00084
28,-26,3,100000,37,0.00037,101,0.00101
28,-26,4,100000,37,0.00037,99,0.00099
28,-26,5,100000,35,0.00035,94,0.00094
28,-25,0,100000,52,0.00052,104,0.00104
28,-25,1,100000,36,0.00036,95,0.00095
28,-25,2,100000,29,0.00029,99,0.00099
28,-25,3,100000,39,0.00039,84,0.00084
28,-25,4,100000,24,0.00024,76,0.00076
28,-25,5,100000,43,0.00043,118,0.00118
28,-24,0,100000,40,0.0004,91,0.00091
28,-24,1,100000,27,0.00027,78,0.00078
28,-24,2,100000,41,0.00041,102,0.00102
28,-24,3,100000,43,0.00043,73,0.00073
28,-24,4,100000,24,0.00024,85,0.00085
28,-24,5,100000,54,0.00054,99,0.00099
28,-23,0,100000,47,0.00047,102,0.00102
28,-23,1,100000,43,0.00043,95,0.00095
28,-23,2,100000,40,0.0004,98,0.00098
28,-23,3,100000,41,0.00041,92,0.00092
28,-23,4,100000,46,0.00046,102,0.00102
28,-23,5,100000,49,0.00049,85,0.00085
28,-22,0,100000,43,0.00043,102,0.00102
28,-22,1,100000,34,0.00034,79,0.00079
28,-22,2,100000,48,0.00048,97,0.00097
28,-22,3,100000,44,0.00044,103,0.00103
28,-22,4,100000,31,0.00031,83,0.00083
28,-22,5,100000,66,0.00066,107,0.00107
28,-21,0,100000,19,0.00019,92,0.00092
28,-21,1,100000,34,0.00034,70,0.0007
28,-21,2,100000,41,0.00041,91,0.00091
28,-21,3,100000,37,0.00037,82,0.00082
28,-21,4,100000,31,0.00031,84,0.00084
28,-21,5,100000,28,0.00028,82,0.00082
28,-20,0,100000,30,0.0003,89,0.00089
28,-20,1,100000,43,0.00043,110,0.0011
28,-20,2,100000,39,0.00039,95,0.00095
28,-20,3,100000,37,0.00037,88,0.00088
28,-20,4,100000,46,0.00046,102,0.00102
28,-20,5,100000,32,0.00032,84,0.00084
28,-19,0,100000,48,0.00048,89,0.00089
28,-19,1,100000,26,0.00026,94,0.00094
28,-19,2,100000,55,0.00055,106,0.00106
28,-19,3,100000,40,0.0004,74,0.00074
28,-19,4,100000,44,0.00044,101,0.00101
28,-19,5,100000,29,0.00029,78,0.00078
28,-18,0,100000,53,0.00053,109,0.00109
28,-18,1,100000,45,0.00045,95,0.00095
28,-18,2,100000,45,0.00045,87,0.00087
28,-18,3,100000,31,0.00031,87,0.00087
28,-18,4,100000,34,0.00034,85,0.00085
28,-18,5,100000,49,0.00049,99,0.00099
28,-17,0,100000,32,0.00032,97,0.00097
28,-17,1,100000,31,0.00031,86,0.00086
28,-17,2,100000,35,0.00035,74,0.00074
28,-17,3,100000,37,0.00037,82,0.00082
28,-17,4,100000,41,0.00041,93,0.00093
28,-17,5,100000,35,0.00035,99,0.00099
28,-16,0,100000,29,0.00029,98,0.00098
28,-16,1,100000,47,0.00047,88,0.00088
28,-16,2,100000,57,0.00057,103,0.00103
28,-16,3,100000,15,0.00015,73,0.00073
28,-16,4,100000,33,0.00033,92,0.00092
28,-16,5,100000,35,0.00035,90,0.0009
28,-15,0,100000,18,0.00018,83,0.00083
28,-15,1,100000,34,0.00034,93,0.00093
28,-15,2,100000,31,0.00031,97,0.00097
28,-15,3,100000,27,0.00027,92,0.00092
28,-15,4,100000,28,0.00028,82,0.00082
28,-15,5,100000,28,0.00028,84,0.00084
28,-14,0,100000,50,0.0005,103,0.00103
28,-14,1,100000,38,0.00038,100,0.001
28,-14,2,100000,34,0.00034,81,0.00081
28,-14,3,100000,44,0.00044,83,0.00083
28,-14,4,100000,36,0.00036,105,0.00105
28,-14,5,100000,30,0.0003,92,0.00092
28,-13,0,100000,35,0.00035,85,0.00085
28,-13,1,100000,41,0.00041,106,0.00106
28,-13,2,100000,56,0.00056,100,0.001
28,-13,3,100000,45,0.00045,105,0.00105
28,-13,4,100000,49,0.00049,97,0.00097
28,-13,5,100000,45,0.00045,99,0.00099
28,-12,0,100000,51,0.00051,102,0.00102
28,-12,1,100000,32,0.00032,86,0.00086
28,-12,2,100000,37,0.00037,91,0.00091
28,-12,3,100000,32,0.00032,80,0.0008
28,-12,4,100000,33,0.00033,97,0.00097
28,-12,5,100000,48,0.00048,117,0.00117
28,-11,0,100000,46,0.00046,102,0.00102
28,-11,1,100000,33,0.00033,95,0.00095
28,-11,2,100000,29,0.00029,94,0.00094
28,-11,3,100000,37,0.00037,101,0.00101
28,-11,4,100000,51,0.00051,102,0.00102
28,-11,5,100000,36,0.00036,97,0.00097
28,-10,0,100000,30,0.0003,92,0.00092
28,-10,1,100000,27,0.00027,82,0.00082
28,-10,2,100000,24,0.00024,88,0.00088
28,-10,3,100000,59,0.00059,91,0.00091
28,-10,4,100000,44,0.00044,103,0.00103
28,-10,5,100000,28,0.00028,80,0.0008
28,-9,0,100000,39,0.00039,87,0.00087
28,-9,1,100000,27,0.00027,112,0.00112
28,-9,2,100000,34,0.00034,76,0.00076
28,-9,3,100000,21,0.00021,69,0.00069
28,-9,4,100000,33,0.00033,77,0.00077
28,-9,5,100000,43,0.00043,100,0.001
28,-8,0,100000,55,0.00055,94,0.00094
28,-8,1,100000,40,0.0004,90,0.0009
28,-8,2,100000,53,0.00053,96,0.00096
28,-8,3,100000,40,0.0004,88,0.00088
28,-8,4,100000,35,0.00035,91,0.00091
28,-8,5,100000,58,0.00058,110,0.0011
28,-7,0,100000,27,0.00027,94,0.00094
28,-7,1,100000,34,0.00034,99,0.00099
28,-7,2,100000,41,0.00041,103,0.00103
28,-7,3,100000,31,0.00031,76,0.00076
28,-7,4,100000,44,0.00044,101,0.00101
28,-7,5,100000,37,0.00037,100,0.001
28,-6,0,100000,23,0.00023,91,0.00091
28,-6,1,100000,41,0.00041,82,0.00082
28,-6,2,100000,45,0.00045,108,0.00108
28,-6,3,100000,29,0.00029,79,0.00079
28,-6,4,100000,30,0.0003,93,0.00093
28,-6,5,100000,49,0.00049,108,0.00108
28,-5,0,100000,48,0.00048,122,0.00122
28,-5,1,100000,56,0.00056,101,0.00101
28,-5,2,100000,39,0.00039,76,0.00076
28,-5,3,100000,35,0.00035,74,0.00074
28,-5,4,100000,48,0.00048,76,0.00076
28,-5,5,100000,48,0.00048,92,0.00092
28,-4,0,100000,58,0.00058,108,0.00108
28,-4,1,100000,51,0.00051,97,0.00097
28,-4,2,100000,40,0.0004,82,0.00082
28,-4,3,100000,30,0.0003,101,0.00101
28,-4,4,100000,43,0.00043,79,0.00079
28,-4,5,100000,42,0.00042,101,0.00101
28,-3,0,100000,26,0.00026,83,0.00083
28,-3,1,100000,55,0.00055,99,0.00099
28,-3,2,100000,43,0.00043,95,0.00095
28,-3,3,100000,38,0.00038,98,0.00098
28,-3,4,100000,63,0.00063,92,0.00092
28,-3,5,100000,53,0.00053,107,0.00107
28,-2,0,100000,45,0.00045,92,0.00092
28,-2,1,100000,36,0.00036,83,0.00083
28,-2,2,100000,33,0.00033,88,0.00088
28,-2,3,100000,39,0.00039,103,0.00103
28,-2,4,100000,33,0.00033,94,0.00094
28,-2,5,100000,56,0.00056,102,0.00102
28,-1,0,100000,33,0.00033,108,0.00108
28,-1,1,100000,36,0.00036,100,0.001
28,-1,2,100000,29,0.00029,89,0.00089
28,-1,3,100000,43,0.00043,93,0.00093
28,-1,4,100000,26,0.00026,96,0.00096
28,-1,5,100000,40,0.0004,88,0.00088
28,0,0,100000,44,0.00044,109,0.00109
28,0,1,100000,54,0.00054,88,0.00088
28,0,2,100000,37,0.00037,89,0.00089
28,0,3,100000,36,0.00036,84,0.00084
28,0,4,100000,61,0.00061,103,0.00103
28,0,5,100000,34,0.00034,91,0.00091
28,1,0,100000,33,0.00033,99,0.00099
28,1,1,100000,47,0.00047,111,0.00111
28,1,2,100000,27,0.00027,87,0.00087
28,1,3,100000,64,0.00064,96,0.00096
28,1,4,100000,46,0.00046,113,0.00113
28,1,5,100000,38,0.00038,84,0.00084
28,2,0,100000,25,0.00025,86,0.00086
28,2,1,100000,54,0.00054,97,0.00097
28,2,2,100000,39,0.00039,90,0.0009
28,2,3,100000,31,0.00031,90,0.0009
28,2,4,100000,43,0.00043,97,0.00097
28,2,5,100000,48,0.00048,91,0.00091
28,3,0,100000,50,0.0005,108,0.00108
28,3,1,100000,37,0.00037,75,0.00075
28,3,2,100000,36,0.00036,82,0.00082
28,3,3,100000,25,0.00025,78,0.00078
28,3,4,100000,42,0.00042,99,0.00099
28,3,5,100000,38,0.00038,91,0.00091
28,4,0,100000,32,0.00032,80,0.0008
28,4,1,100000,46,0.00046,108,0.00108
28,4,2,100000,35,0.00035,84,0.00084
28,4,3,100000,41,0.00041,87,0.00087
28,4,4,100000,44,0.00044,93,0.00093
28,4,5,100000,32,0.00032,92,0.00092
28,5,0,100000,32,0.00032,103,0.00103
28,5,1,100000,40,0.0004,90,0.0009
28,5,2,100000,41,0.00041,89,0.00089
28,5,3,100000,32,0.00032,95,0.00095
28,5,4,100000,25,0.00025,81,0.00081
28,5,5,100000,31,0.00031,91,0.00091
28,6,0,100000,45,0.00045,98,0.00098
28,6,1,100000,54,0.00054,106,0.00106
28,6,2,100000,40,0.0004,120,0.0012
28,6,3,100000,32,0.00032,113,0.00113
28,6,4,100000,33,0.00033,80,0.0008
28,6,5,100000,37,0.00037,100,0.001
28,7,0,100000,35,0.00035,86,0.00086
28,7,1,100000,31,0.00031,87,0.00087
28,7,2,100000,37,0.00037,87,0.00087
28,7,3,100000,40,0.0004,106,0.00106
28,7,4,100000,34,0.00034,95,0.00095
28,7,5,100000,32,0.00032,82,0.00082
28,8,0,100000,43,0.00043,98,0.00098
28,8,1,100000,54,0.00054,113,0.00113
28,8,2,100000,44,0.00044,101,0.00101
28,8,3,100000,48,0.00048,94,0.00094
28,8,4,100000,31,0.00031,89,0.00089
28,8,5,100000,36,0.00036,115,0.00115
28,9,0,100000,42,0.00042,99,0.00099
28,9,1,100000,44,0.00044,102,0.00102
28,9,2,100000,37,0.00037,92,0.00092
28,9,3,100000,21,0.00021,90,0.0009
28,9,4,100000,39,0.00039,106,0.00106
28,9,5,100000,33,0.00033,97,0.00097
28,10,0,100000,29,0.00029,105,0.00105
28,10,1,100000,57,0.00057,101,0.00101
28,10,2,100000,30,0.0003,99,0.00099
28,10,3,100000,35,0.00035,93,0.00093
28,10,4,100000,29,0.00029,67,0.00067
28,10,5,100000,36,0.00036,80,0.0008
28,11,0,100000,36,0.00036,115,0.00115
28,11,1,100000,26,0.00026,89,0.00089
28,11,2,100000,30,0.0003,69,0.00069
28,11,3,100000,29,0.00029,98,0.00098
28,11,4,100000,33,0.00033,95,0.00095
28,11,5,100000,33,0.00033,89,0.00089
28,12,0,100000,54,0.00054,94,0.00094
28,12,1,100000,38,0.00038,97,0.00097
28,12,2,100000,33,0.00033,102,0.00102
28,12,3,100000,39,0.00039,82,0.00082
28,12,4,100000,32,0.00032,89,0.00089
28,12,5,100000,31,0.00031,81,0.00081
28,13,0,100000,46,0.00046,110,0.0011
28,13,1,100000,22,0.00022,78,0.00078
28,13,2,100000,38,0.00038,99,0.00099
28,13,3,100000,28,0.00028,107,0.00107
28,13,4,100000,29,0.00029,84,0.00084
28,13,5,100000,48,0.00048,93,0.00093
28,14,0,100000,37,0.00037,78,0.00078
28,14,1,100000,41,0.00041,86,0.00086
28,14,2,100000,34,0.00034,78,0.00078
28,14,3,100000,54,0.00054,88,0.00088
28,14,4,100000,47,0.00047,110,0.0011
28,14,5,100000,51,0.00051,93,0.00093
28,15,0,100000,35,0.00035,100,0.001
28,15,1,100000,47,0.00047,99,0.00099
28,15,2,100000,49,0.00049,95,0.00095
28,15,3,100000,55,0.00055,89,0.00089
28,15,4,100000,37,0.00037,89,0.00089
28,15,5,100000,28,0.00028,82,0.00082
28,16,0,100000,33,0.00033,102,0.00102
28,16,1,100000,49,0.00049,80,0.0008
28,16,2,100000,38,0.00038,85,0.00085
28,16,3,100000,33,0.00033,98,0.00098
28,16,4,100000,35,0.00035,88,0.00088
28,16,5,100000,42,0.00042,99,0.00099
28,17,0,100000,27,0.00027,86,0.00086
28,17,1,100000,25,0.00025,86,0.00086
28,17,2,100000,35,0.00035,109,0.00109
28,17,3,100000,29,0.00029,80,0.0008
28,17,4,100000,34,0.00034,95,0.00095
28,17,5,100000,48,0.00048,111,0.00111
28,18,0,100000,48,0.00048,104,0.00104
28,18,1,100000,58,0.00058,96,0.00096
28,18,2,100000,27,0.00027,84,0.00084
28,18,3,100000,35,0.00035,84,0.00084
28,18,4,100000,40,0.0004,97,0.00097
28,18,5,100000,44,0.00044,104,0.00104
28,19,0,100000,29,0.00029,102,0.00102
28,19,1,100000,26,0.00026,90,0.0009
28,19,2,100000,27,0.00027,90,0.0009
28,19,3,100000,30,0.0003,82,0.00082
28,19,4,100000,42,0.00042,83,0.00083
28,19,5,100000,20,0.0002,81,0.00081
28,20,0,100000,23,0.00023,89,0.00089
28,20,1,100000,37,0.00037,93,0.00093
28,20,2,100000,32,0.00032,91,0.00091
28,20,3,100000,44,0.00044,90,0.0009
28,20,4,100000,24,0.00024,78,0.00078
28,20,5,100000,26,0.00026,86,0.00086
28,21,0,100000,24,0.00024,88,0.00088
28,21,1,100000,37,0.00037,99,0.00099
28,21,2,100000,57,0.00057,101,0.00101
28,21,3,100000,31,0.00031,95,0.00095
28,21,4,100000,32,0.00032,103,0.00103
28,21,5,100000,29,0.00029,90,0.0009
28,22,0,100000,30,0.0003,100,0.001
28,22,1,100000,37,0.00037,88,0.00088
28,22,2,100000,45,0.00045,91,0.00091
28,22,3,100000,43,0.00043,90,0.0009
28,22,4,100000,41,0.00041,85,0.00085
28,22,5,100000,50,0.0005,101,0.00101
28,23,0,100000,52,0.00052,94,0.00094
28,23,1,100000,63,0.00063,103,0.00103
28,23,2,100000,47,0.00047,105,0.00105
28,23,3,100000,41,0.00041,92,0.00092
28,23,4,100000,36,0.00036,80,0.0008
28,23,5,100000,39,0.00039,100,0.001
28,24,0,100000,52,0.00052,106,0.00106
28,24,1,100000,51,0.00051,110,0.0011
28,24,2,100000,67,0.00067,111,0.00111
28,24,3,100000,54,0.00054,111,0.00111
28,24,4,100000,46,0.00046,98,0.00098
28,24,5,100000,51,0.00051,101,0.00101
28,25,0,100000,39,0.00039,98,0.00098
28,25,1,100000,31,0.00031,89,0.00089
28,25,2,100000,40,0.0004,97,0.00097
28,25,3,100000,31,0.00031,85,0.00085
28,25,4,100000,43,0.00043,88,0.00088
28,25,5,100000,56,0.00056,92,0.00092
28,26,0,100000,30,0.0003,97,0.00097
28,26,1,100000,28,0.00028,86,0.00086
28,26,2,100000,50,0.0005,93,0.00093
28,26,3,100000,41,0.00041,73,0.00073
28,26,4,100000,56,0.00056,105,0.00105
28,26,5,100000,62,0.00062,114,0.00114
28,27,0,100000,36,0.00036,94,0.00094
28,27,1,100000,44,0.00044,119,0.00119
28,27,2,100000,40,0.0004,100,0.001
28,27,3,100000,25,0.00025,74,0.00074
28,27,4,100000,42,0.00042,88,0.00088
28,27,5,100000,42,0.00042,100,0.001
28,28,0,100000,34,0.00034,87,0.00087
28,28,1,100000,46,0.00046,90,0.0009
28,28,2,100000,34,0.00034,89,0.00089
28,28,3,100000,40,0.0004,82,0.00082
28,28,4,100000,25,0.00025,84,0.00084
28,28,5,100000,41,0.00041,115,0.00115
28,29,0,100000,50,0.0005,112,0.00112
28,29,1,100000,65,0.00065,99,0.00099
28,29,2,100000,42,0.00042,90,0.0009
28,29,3,100000,33,0.00033,92,0.00092
28,29,4,100000,30,0.0003,98,0.00098
28,29,5,100000,42,0.00042,81,0.00081
28,30,0,100000,26,0.00026,84,0.00084
28,30,1,100000,47,0.00047,98,0.00098
28,30,2,100000,30,0.0003,82,0.00082
28,30,3,100000,32,0.00032,83,0.00083
28,30,4,100000,20,0.0002,87,0.00087
28,30,5,100000,45,0.00045,106,0.00106
28,31,0,100000,31,0.00031,84,0.00084
28,31,1,100000,25,0.00025,95,0.00095
28,31,2,100000,26,0.00026,72,0.00072
28,31,3,100000,44,0.00044,89,0.00089
28,31,4,100000,33,0.00033,79,0.00079
28,31,5,100000,34,0.00034,71,0.00071
28,32,0,100000,41,0.00041,102,0.00102
28,32,1,100000,32,0.00032,93,0.00093
28,32,2,100000,25,0.00025,95,0.00095
28,32,3,100000,18,0.00018,57,0.00057
28,32,4,100000,47,0.00047,106,0.00106
28,32,5,100000,27,0.00027,88,0.00088
28,33,0,100000,48,0.00048,101,0.00101
28,33,1,100000,41,0.00041,98,0.00098
28,33,2,100000,42,0.00042,89,0.00089
28,33,3,100000,33,0.00033,85,0.00085
28,33,4,100000,30,0.0003,80,0.0008
28,33,5,100000,35,0.00035,84,0.00084
28,34,0,100000,57,0.00057,100,0.001
28,34,1,100000,47,0.00047,114,0.00114
28,34,2,100000,32,0.00032,76,0.00076
28,34,3,100000,45,0.00045,94,0.00094
28,34,4,100000,37,0.00037,85,0.00085
28,34,5,100000,39,0.00039,107,0.00107
28,35,0,100000,42,0.00042,102,0.00102
28,35,1,100000,58,0.00058,102,0.00102
28,35,2,100000,59,0.00059,98,0.00098
28,35,3,100000,35,0.00035,101,0.00101
28,35,4,100000,30,0.0003,85,0.00085
28,35,5,100000,35,0.00035,103,0.00103
28,36,0,100000,40,0.0004,112,0.00112
28,36,1,100000,32,0.00032,83,0.00083
28,36,2,100000,53,0.00053,116,0.00116
28,36,3,100000,32,0.00032,81,0.00081
28,36,4,100000,32,0.00032,81,0.00081
28,36,5,100000,24,0.00024,78,0.00078
28,37,0,100000,38,0.00038,101,0.00101
28,37,1,100000,31,0.00031,91,0.00091
28,37,2,100000,33,0.00033,95,0.00095
28,37,3,100000,37,0.00037,89,0.00089
28,37,4,100000,53,0.00053,116,0.00116
28,37,5,100000,33,0.00033,95,0.00095
28,38,0,100000,47,0.00047,99,0.00099
28,38,1,100000,52,0.00052,91,0.00091
28,38,2,100000,39,0.00039,80,0.0008
28,38,3,100000,23,0.00023,77,0.00077
28,38,4,100000,42,0.00042,102,0.00102
28,38,5,100000,37,0.00037,92,0.00092
28,39,0,100000,21,0.00021,89,0.00089
28,39,1,100000,30,0.0003,85,0.00085
28,39,2,100000,33,0.00033,70,0.0007
28,39,3,100000,29,0.00029,85,0.00085
28,39,4,100000,30,0.0003,87,0.00087
28,39,5,100000,27,0.00027,73,0.00073
28,40,0,100000,36,0.00036,68,0.00068
28,40,1,100000,27,0.00027,68,0.00068
28,40,2,100000,42,0.00042,90,0.0009
28,40,3,100000,32,0.00032,60,0.0006
28,40,4,100000,31,0.00031,78,0.00078
28,40,5,100000,55,0.00055,91,0.00091
28,41,0,100000,56,0.00056,78,0.00078
28,41,1,100000,22,0.00022,70,0.0007
28,41,2,100000,31,0.00031,67,0.00067
28,41,3,100000,25,0.00025,73,0.00073
28,41,4,100000,41,0.00041,103,0.00103
28,41,5,100000,32,0.00032,88,0.00088
28,42,0,100000,42,0.00042,95,0.00095
28,42,1,100000,44,0.00044,86,0.00086
28,42,2,100000,38,0.00038,86,0.00086
28,42,3,100000,26,0.00026,78,0.00078
28,42,4,100000,37,0.00037,87,0.00087
28,42,5,100000,24,0.00024,86,0.00086
28,43,0,100000,56,0.00056,71,0.00071
28,43,1,100000,24,0.00024,80,0.0008
28,43,2,100000,32,0.00032,62,0.00062
28,43,3,100000,42,0.00042,86,0.00086
28,43,4,100000,36,0.00036,80,0.0008
28,43,5,100000,37,0.00037,75,0.00075
28,44,0,100000,33,0.00033,80,0.0008
28,44,1,100000,18,0.00018,65,0.00065
28,44,2,100000,20,0.0002,77,0.00077
28,44,3,100000,16,0.00016,71,0.00071
28,44,4,100000,39,0.00039,76,0.00076
28,44,5,100000,34,0.00034,74,0.00074
28,45,0,100000,34,0.00034,84,0.00084
28,45,1,100000,42,0.00042,82,0.00082
28,45,2,100000,20,0.0002,54,0.00054
28,45,3,100000,33,0.00033,70,0.0007
28,45,4,100000,33,0.00033,71,0.00071
28,45,5,100000,21,0.00021,63,0.00063
28,46,0,100000,17,0.00017,64,0.00064
28,46,1,100000,37,0.00037,76,0.00076
28,46,2,100000,30,0.0003,76,0.00076
28,46,3,100000,39,0.00039,63,0.00063
28,46,4,100000,21,0.00021,64,0.00064
28,46,5,100000,53,0.00053,92,0.00092
28,47,0,100000,31,0.00031,70,0.0007
28,47,1,100000,26,0.00026,75,0.00075
28,47,2,100000,26,0.00026,72,0.00072
28,47,3,100000,18,0.00018,63,0.00063
28,47,4,100000,28,0.00028,73,0.00073
28,47,5,100000,17,0.00017,64,0.00064
28,48,0,100000,24,0.00024,77,0.00077
28,48,1,100000,25,0.00025,83,0.00083
28,48,2,100000,42,0.00042,78,0.00078
28,48,3,100000,30,0.0003,70,0.0007
28,48,4,100000,53,0.00053,89,0.00089
28,48,5,100000,35,0.00035,78,0.00078
28,49,0,100000,26,0.00026,63,0.00063
28,49,1,100000,28,0.00028,64,0.00064
28,49,2,100000,29,0.00029,80,0.0008
28,49,3,100000,33,0.00033,84,0.00084
28,49,4,100000,39,0.00039,70,0.0007
28,49,5,100000,25,0.00025,65,0.00065
28,50,0,100000,18,0.00018,75,0.00075
28,50,1,100000,32,0.00032,66,0.00066
28,50,2,100000,25,0.00025,63,0.00063
28,50,3,100000,23,0.00023,63,0.00063
28,50,4,100000,25,0.00025,77,0.00077
28,50,5,100000,60,0.0006,67,0.00067
29,-50,0,100000,16,0.00016,58,0.00058
29,-50,1,100000,28,0.00028,69,0.00069
29,-50,2,100000,28,0.00028,64,0.00064
29,-50,3,100000,31,0.00031,79,0.00079
29,-50,4,100000,19,0.00019,70,0.0007
29,-50,5,100000,23,0.00023,73,0.00073
29,-49,0,100000,24,0.00024,70,0.0007
29,-49,1,100000,46,0.00046,76,0.00076
29,-49,2,100000,22,0.00022,57,0.00057
29,-49,3,100000,31,0.00031,69,0.00069
29,-49,4,100000,41,0.00041,70,0.0007
29,-49,5,100000,38,0.00038,67,0.00067
29,-48,0,100000,32,0.00032,75,0.00075
29,-48,1,100000,20,0.0002,76,0.00076
29,-48,2,100000,34,0.00034,83,0.00083
29,-48,3,100000,30,0.0003,68,0.00068
29,-48,4,100000,24,0.00024,78,0.00078
29,-48,5,100000,33,0.00033,75,0.00075
29,-47,0,100000,23,0.00023,81,0.00081
29,-47,1,100000,30,0.0003,64,0.00064
29,-47,2,100000,25,0.00025,69,0.00069
29,-47,3,100000,18,0.00018,70,0.0007
29,-47,4,100000,14,0.00014,60,0.0006
29,-47,5,100000,37,0.00037,74,0.00074
29,-46,0,100000,26,0.00026,67,0.00067
29,-46,1,100000,32,0.00032,73,0.00073
29,-46,2,100000,18,0.00018,71,0.00071
29,-46,3,100000,46,0.00046,82,0.00082
29,-46,4,100000,34,0.00034,75,0.00075
29,-46,5,100000,36,0.00036,89,0.00089
29,-45,0,100000,26,0.00026,72,0.00072
29,-45,1,100000,22,0.00022,70,0.0007
29,-45,2,100000,20,0.0002,57,0.00057
29,-45,3,100000,39,0.00039,84,0.00084
29,-45,4,100000,13,0.00013,64,0.00064
29,-45,5,100000,43,0.00043,72,0.00072
29,-44,0,100000,19,0.00019,72,0.00072
29,-44,1,100000,25,0.00025,65,0.00065
29,-44,2,100000,40,0.0004,80,0.0008
29,-44,3,100000,36,0.00036,72,0.00072
29,-44,4,100000,23,0.00023,77,0.00077
29,-44,5,100000,32,0.00032,75,0.00075
29,-43,0,100000,9,9e-05,53,0.00053
29,-43,1,100000,30,0.0003,83,0.00083
29,-43,2,100000,33,0.00033,67,0.00067
29,-43,3,100000,33,0.00033,64,0.00064
29,-43,4,100000,24,0.00024,62,0.00062
29,-43,5,100000,26,0.00026,70,0.0007
29,-42,0,100000,27,0.00027,75,0.00075
29,-42,1,100000,30,0.0003,70,0.0007
29,-42,2,100000,17,0.00017,80,0.0008
29,-42,3,100000,26,0.00026,80,0.0008
29,-42,4,100000,24,0.00024,91,0.00091
29,-42,5,100000,32,0.00032,86,0.00086
29,-41,0,100000,23,0.00023,78,0.00078
29,-41,1,100000,43,0.00043,88,0.00088
29,-41,2,100000,41,0.00041,78,0.00078
29,-41,3,100000,31,0.00031,84,0.00084
29,-41,4,100000,27,0.00027,55,0.00055
29,-41,5,100000,30,0.0003,74,0.00074
29,-40,0,100000,27,0.00027,91,0.00091
29,-40,1,100000,25,0.00025,70,0.0007
29,-40,2,100000,32,0.00032,80,0.0008
29,-40,3,100000,26,0.00026,73,0.00073
29,-40,4,100000,32,0.00032,79,0.00079
29,-40,5,100000,23,0.00023,81,0.00081
29,-39,0,100000,33,0.00033,91,0.00091
29,-39,1,100000,49,0.00049,91,0.00091
29,-39,2,100000,36,0.00036,84,0.00084
29,-39,3,100000,26,0.00026,93,0.00093
29,-39,4,100000,35,0.00035,85,0.00085
29,-39,5,100000,34,0.00034,88,0.00088
29,-38,0,100000,27,0.00027,71,0.00071
29,-38,1,100000,38,0.00038,84,0.00084
29,-38,2,100000,32,0.00032,70,0.0007
29,-38,3,100000,24,0.00024,85,0.00085
29,-38,4,100000,25,0.00025,85,0.00085
29,-38,5,100000,29,0.00029,70,0.0007
29,-37,0,100000,48,0.00048,108,0.00108
29,-37,1,100000,20,0.0002,96,0.00096
29,-37,2,100000,39,0.00039,81,0.00081
29,-37,3,100000,46,0.00046,87,0.00087
29,-37,4,100000,47,0.00047,73,0.00073
29,-37,5,100000,23,0.00023,71,0.00071
29,-36,0,100000,51,0.00051,99,0.00099
29,-36,1,100000,34,0.00034,77,0.00077
29,-36,2,100000,36,0.00036,79,0.00079
29,-36,3,100000,33,0.00033,84,0.00084
29,-36,4,100000,34,0.00034,84,0.00084
29,-36,5,100000,36,0.00036,86,0.00086
29,-35,0,100000,25,0.00025,89,0.00089
29,-35,1,100000,30,0.0003,75,0.00075
29,-35,2,100000,34,0.00034,73,0.00073
29,-35,3,100000,46,0.00046,78,0.00078
29,-35,4,100000,25,0.00025,97,0.00097
29,-35,5,100000,32,0.00032,68,0.00068
29,-34,0,100000,29,0.00029,76,0.00076
29,-34,1,100000,27,0.00027,79,0.00079
29,-34,2,100000,47,0.00047,92,0.00092
29,-34,3,100000,25,0.00025,78,0.00078
29,-34,4,100000,41,0.00041,85,0.00085
29,-34,5,100000,29,0.00029,72,0.00072
29,-33,0,100000,32,0.00032,78,0.00078
29,-33,1,100000,37,0.00037,84,0.00084
29,-33,2,100000,30,0.0003,77,0.00077
29,-33,3,100000,21,0.00021,73,0.00073
29,-33,4,100000,48,0.00048,96,0.00096
29,-33,5,100000,33,0.00033,91,0.00091
29,-32,0,100000,52,0.00052,86,0.00086
29,-32,1,100000,25,0.00025,79,0.00079
29,-32,2,100000,27,0.00027,75,0.00075
29,-32,3,100000,40,0.0004,87,0.00087
29,-32,4,100000,28,0.00028,90,0.0009
29,-32,5,100000,35,0.00035,81,0.00081
29,-31,0,100000,48,0.00048,83,0.00083
29,-31,1,100000,37,0.00037,91,0.00091
29,-31,2,100000,42,0.00042,87,0.00087
29,-31,3,100000,23,0.00023,78,0.00078
29,-31,4,100000,40,0.0004,98,0.00098
29,-31,5,100000,26,0.00026,85,0.00085
29,-30,0,100000,24,0.00024,70,0.0007
29,-30,1,100000,43,0.00043,88,0.00088
29,-30,2,100000,32,0.00032,88,0.00088
29,-30,3,100000,33,0.00033,77,0.00077
29,-30,4,100000,22,0.00022,83,0.00083
29,-30,5,100000,35,0.00035,92,0.00092
29,-29,0,100000,36,0.00036,108,0.00108
29,-29,1,100000,17,0.00017,72,0.00072
29,-29,2,100000,37,0.00037,94,0.00094
29,-29,3,100000,55,0.00055,96,0.00096
29,-29,4,100000,30,0.0003,100,0.001
29,-29,5,100000,20,0.0002,77,0.00077
29,-28,0,100000,27,0.00027,85,0.00085
29,-28,1,100000,31,0.00031,80,0.0008
29,-28,2,100000,39,0.00039,77,0.00077
29,-28,3,100000,21,0.00021,87,0.00087
29,-28,4,100000,33,0.00033,65,0.00065
29,-28,5,100000,30,0.0003,81,0.00081
29,-27,0,100000,44,0.00044,90,0.0009
29,-27,1,100000,18,0.00018,68,0.00068
29,-27,2,100000,35,0.00035,92,0.00092
29,-27,3,100000,44,0.00044,76,0.00076
29,-27,4,100000,26,0.00026,89,0.00089
29,-27,5,100000,31,0.00031,78,0.00078
29,-26,0,100000,30,0.0003,80,0.0008
29,-26,1,100000,40,0.0004,82,0.00082
29,-26,2,100000,25,0.00025,85,0.00085
29,-26,3,100000,38,0.00038,86,0.00086
29,-26,4,100000,17,0.00017,65,0.00065
29,-26,5,100000,42,0.00042,89,0.00089
29,-25,0,100000,30,0.0003,77,0.00077
29,-25,1,100000,37,0.00037,89,0.00089
29,-25,2,100000,16,0.00016,69,0.00069
29,-25,3,100000,28,0.00028,71,0.00071
29,-25,4,100000,38,0.00038,69,0.00069
29,-25,5,100000,30,0.0003,82,0.00082
29,-24,0,100000,32,0.00032,109,0.00109
29,-24,1,100000,51,0.00051,87,0.00087
29,-24,2,100000,32,0.00032,89,0.00089
29,-24,3,100000,36,0.00036,101,0.00101
29,-24,4,100000,43,0.00043,97,0.00097
29,-24,5,100000,31,0.00031,65,0.00065
29,-23,0,100000,37,0.00037,88,0.00088
29,-23,1,100000,34,0.00034,86,0.00086
29,-23,2,100000,48,0.00048,81,0.00081
29,-23,3,100000,50,0.0005,82,0.00082
29,-23,4,100000,43,0.00043,91,0.00091
29,-23,5,100000,46,0.00046,94,0.00094
29,-22,0,100000,40,0.0004,91,0.00091
29,-22,1,100000,31,0.00031,101,0.00101
29,-22,2,100000,43,0.00043,87,0.00087
29,-22,3,100000,18,0.00018,65,0.00065
29,-22,4,100000,29,0.00029,70,0.0007
29,-22,5,100000,33,0.00033,81,0.00081
29,-21,0,100000,39,0.00039,91,0.00091
29,-21,1,100000,48,0.00048,83,0.00083
29,-21,2,100000,34,0.00034,79,0.00079
29,-21,3,100000,42,0.00042,74,0.00074
29,-21,4,100000,40,0.0004,87,0.00087
29,-21,5,100000,40,0.0004,86,0.00086
29,-20,0,100000,54,0.00054,114,0.00114
29,-20,1,100000,50,0.0005,81,0.00081
29,-20,2,100000,85,0.00085,104,0.00104
29,-20,3,100000,37,0.00037,102,0.00102
29,-20,4,100000,31,0.00031,79,0.00079
29,-20,5,100000,34,0.00034,95,0.00095
29,-19,0,100000,32,0.00032,81,0.00081
29,-19,1,100000,40,0.0004,93,0.00093
29,-19,2,100000,48,0.00048,91,0.00091
29,-19,3,100000,39,0.00039,93,0.00093
29,-19,4,100000,47,0.00047,84,0.00084
29,-19,5,100000,33,0.00033,84,0.00084
29,-18,0,100000,23,0.00023,94,0.00094
29,-18,1,100000,47,0.00047,66,0.00066
29,-18,2,100000,41,0.00041,63,0.00063
29,-18,3,100000,51,0.00051,84,0.00084
29,-18,4,100000,48,0.00048,74,0.00074
29,-18,5,100000,27,0.00027,63,0.00063
29,-17,0,100000,38,0.00038,93,0.00093
29,-17,1,100000,43,0.00043,92,0.00092
29,-17,2,100000,27,0.00027,82,0.00082
29,-17,3,100000,41,0.00041,67,0.00067
29,-17,4,100000,29,0.00029,71,0.00071
29,-17,5,100000,44,0.00044,87,0.00087
29,-16,0,100000,34,0.00034,79,0.00079
29,-16,1,100000,25,0.00025,76,0.00076
29,-16,2,100000,48,0.00048,89,0.00089
29,-16,3,100000,27,0.00027,70,0.0007
29,-16,4,100000,36,0.00036,78,0.00078
29,-16,5,100000,38,0.00038,82,0.00082
29,-15,0,100000,34,0.00034,90,0.0009
29,-15,1,100000,24,0.00024,77,0.00077
29,-15,2,100000,38,0.00038,82,0.00082
29,-15,3,100000,28,0.00028,75,0.00075
29,-15,4,100000,36,0.00036,75,0.00075
29,-15,5,100000,38,0.00038,83,0.00083
29,-14,0,100000,36,0.00036,82,0.00082
29,-14,1,100000,18,0.00018,79,0.00079
29,-14,2,100000,32,0.00032,77,0.00077
29,-14,3,100000,34,0.00034,81,0.00081
29,-14,4,100000,40,0.0004,96,0.00096
29,-14,5,100000,40,0.0004,78,0.00078
29,-13,0,100000,23,0.00023,74,0.00074
29,-13,1,100000,18,0.00018,75,0.00075
29,-13,2,100000,31,0.00031,89,0.00089
29,-13,3,100000,17,0.00017,73,0.00073
29,-13,4,100000,33,0.00033,74,0.00074
29,-13,5,100000,47,0.00047,89,0.00089
29,-12,0,100000,55,0.00055,76,0.00076
29,-12,1,100000,30,0.0003,88,0.00088
29,-12,2,100000,37,0.00037,92,0.00092
29,-12,3,100000,28,0.00028,84,0.00084
29,-12,4,100000,32,0.00032,85,0.00085
29,-12,5,100000,36,0.00036,96,0.00096
29,-11,0,100000,23,0.00023,77,0.00077
29,-11,1,100000,42,0.00042,96,0.00096
29,-11,2,100000,38,0.00038,91,0.00091
29,-11,3,100000,41,0.00041,78,0.00078
29,-11,4,100000,28,0.00028,80,0.0008
29,-11,5,100000,27,0.00027,70,0.0007
29,-10,0,100000,20,0.0002,75,0.00075
29,-10,1,100000,44,0.00044,80,0.0008
29,-10,2,100000,29,0.00029,81,0.00081
29,-10,3,100000,23,0.00023,79,0.00079
29,-10,4,100000,30,0.0003,67,0.00067
29,-10,5,100000,25,0.00025,83,0.00083
29,-9,0,100000,38,0.00038,88,0.00088
29,-9,1,100000,32,0.00032,89,0.00089
29,-9,2,100000,37,0.00037,76,0.00076
29,-9,3,100000,32,0.00032,67,0.00067
29,-9,4,100000,26,0.00026,79,0.00079
29,-9,5,100000,34,0.00034,95,0.00095
29,-8,0,100000,31,0.00031,98,0.00098
29,-8,1,100000,24,0.00024,88,0.00088
29,-8,2,100000,21,0.00021,82,0.00082
29,-8,3,100000,37,0.00037,86,0.00086
29,-8,4,100000,40,0.0004,87,0.00087
29,-8,5,100000,47,0.00047,92,0.00092
29,-7,0,100000,60,0.0006,108,0.00108
29,-7,1,100000,15,0.00015,89,0.00089
29,-7,2,100000,23,0.00023,78,0.00078
29,-7,3,100000,29,0.00029,89,0.00089
29,-7,4,100000,21,0.00021,75,0.00075
29,-7,5,100000,31,0.00031,71,0.00071
29,-6,0,100000,40,0.0004,90,0.0009
29,-6,1,100000,52,0.00052,108,0.00108
29,-6,2,100000,38,0.00038,105,0.00105
29,-6,3,100000,32,0.00032,81,0.00081
29,-6,4,100000,28,0.00028,93,0.00093
29,-6,5,100000,36,0.00036,88,0.00088
29,-5,0,100000,33,0.00033,60,0.0006
29,-5,1,100000,32,0.00032,86,0.00086
29,-5,2,100000,23,0.00023,93,0.00093
29,-5,3,100000,40,0.0004,100,0.001
29,-5,4,100000,36,0.00036,69,0.00069
29,-5,5,100000,47,0.00047,93,0.00093
29,-4,0,100000,52,0.00052,97,0.00097
29,-4,1,100000,27,0.00027,81,0.00081
29,-4,2,100000,30,0.0003,85,0.00085
29,-4,3,100000,32,0.00032,85,0.00085
29,-4,4,100000,32,0.00032,72,0.00072
29,-4,5,100000,23,0.00023,94,0.00094
29,-3,0,100000,35,0.00035,95,0.00095
29,-3,1,100000,30,0.0003,90,0.0009
29,-3,2,100000,27,0.00027,83,0.00083
29,-3,3,100000,35,0.00035,84,0.00084
29,-3,4,100000,34,0.00034,92,0.00092
29,-3,5,100000,21,0.00021,83,0.00083
29,-2,0,100000,30,0.0003,77,0.00077
29,-2,1,100000,21,0.00021,78,0.00078
29,-2,2,100000,36,0.00036,68,0.00068
29,-2,3,100000,60,0.0006,84,0.00084
29,-2,4,100000,37,0.00037,93,0.00093
29,-2,5,100000,54,0.00054,95,0.00095
29,-1,0,100000,47,0.00047,108,0.00108
29,-1,1,100000,43,0.00043,84,0.00084
29,-1,2,100000,42,0.00042,77,0.00077
29,-1,3,100000,35,0.00035,87,0.00087
29,-1,4,100000,24,0.00024,68,0.00068
29,-1,5,100000,37,0.00037,92,0.00092
29,0,0,100000,25,0.00025,83,0.00083
29,0,1,100000,47,0.00047,86,0.00086
29,0,2,100000,23,0.00023,77,0.00077
29,0,3,100000,40,0.0004,78,0.00078
29,0,4,100000,47,0.00047,87,0.00087
29,0,5,100000,36,0.00036,99,0.00099
29,1,0,100000,38,0.00038,105,0.00105
29,1,1,100000,45,0.00045,113,0.00113
29,1,2,100000,27,0.00027,89,0.00089
29,1,3,100000,46,0.00046,84,0.00084
29,1,4,100000,48,0.00048,90,0.0009
29,1,5,100000,32,0.00032,86,0.00086
29,2,0,100000,48,0.00048,91,0.00091
29,2,1,100000,35,0.00035,68,0.00068
29,2,2,100000,29,0.00029,79,0.00079
29,2,3,100000,18,0.00018,66,0.00066
29,2,4,100000,43,0.00043,111,0.00111
29,2,5,100000,39,0.00039,83,0.00083
29,3,0,100000,19,0.00019,89,0.00089
29,3,1,100000,38,0.00038,92,0.00092
29,3,2,100000,61,0.00061,72,0.00072
29,3,3,100000,36,0.00036,74,0.00074
29,3,4,100000,42,0.00042,86,0.00086
29,3,5,100000,54,0.00054,88,0.00088
29,4,0,100000,54,0.00054,88,0.00088
29,4,1,100000,47,0.00047,103,0.00103
29,4,2,100000,40,0.0004,89,0.00089
29,4,3,100000,43,0.00043,86,0.00086
29,4,4,100000,35,0.00035,73,0.00073
29,4,5,100000,33,0.00033,87,0.00087
29,5,0,100000,33,0.00033,93,0.00093
29,5,1,100000,34,0.00034,86,0.00086
29,5,2,100000,34,0.00034,77,0.00077
29,5,3,100000,38,0.00038,71,0.00071
29,5,4,100000,32,0.00032,88,0.00088
29,5,5,100000,23,0.00023,92,0.00092
29,6,0,100000,52,0.00052,87,0.00087
29,6,1,100000,27,0.00027,93,0.00093
29,6,2,100000,28,0.00028,79,0.00079
29,6,3,100000,36,0.00036,88,0.00088
29,6,4,100000,22,0.00022,74,0.00074
29,6,5,100000,39,0.00039,95,0.00095
29,7,0,100000,54,0.00054,93,0.00093
29,7,1,100000,37,0.00037,75,0.00075
29,7,2,100000,36,0.00036,90,0.0009
29,7,3,100000,26,0.00026,78,0.00078
29,7,4,100000,31,0.00031,64,0.00064
29,7,5,100000,42,0.00042,78,0.00078
29,8,0,100000,29,0.00029,78,0.00078
29,8,1,100000,50,0.0005,84,0.00084
29,8,2,100000,31,0.00031,81,0.00081
29,8,3,100000,38,0.00038,85,0.00085
29,8,4,100000,33,0.00033,78,0.00078
29,8,5,100000,26,0.00026,100,0.001
29,9,0,100000,44,0.00044,85,0.00085
29,9,1,100000,33,0.00033,91,0.00091
29,9,2,100000,27,0.00027,91,0.00091
29,9,3,100000,39,0.00039,85,0.00085
29,9,4,100000,26,0.00026,74,0.00074
29,9,5,100000,36,0.00036,65,0.00065
29,10,0,100000,53,0.00053,101,0.00101
29,10,1,100000,39,0.00039,89,0.00089
29,10,2,100000,39,0.00039,89,0.00089
29,10,3,100000,31,0.00031,78,0.00078
29,10,4,100000,23,0.00023,80,0.0008
29,10,5,100000,36,0.00036,88,0.00088
29,11,0,100000,22,0.00022,88,0.00088
29,11,1,100000,46,0.00046,100,0.001
29,11,2,100000,38,0.00038,83,0.00083
29,11,3,100000,33,0.00033,79,0.00079
29,11,4,100000,32,0.00032,92,0.00092
29,11,5,100000,24,0.00024,81,0.00081
29,12,0,100000,26,0.00026,76,0.00076
29,12,1,100000,49,0.00049,82,0.00082
29,12,2,100000,15,0.00015,59,0.00059
29,12,3,100000,34,0.00034,78,0.00078
29,12,4,100000,43,0.00043,108,0.00108
29,12,5,100000,41,0.00041,82,0.00082
29,13,0,100000,58,0.00058,88,0.00088
29,13,1,100000,29,0.00029,82,0.00082
29,13,2,100000,45,0.00045,97,0.00097
29,13,3,100000,41,0.00041,90,0.0009
29,13,4,100000,40,0.0004,86,0.00086
29,13,5,100000,37,0.00037,86,0.00086
29,14,0,100000,28,0.00028,75,0.00075
29,14,1,100000,43,0.00043,81,0.00081
29,14,2,100000,37,0.00037,81,0.00081
29,14,3,100000,40,0.0004,73,0.00073
29,14,4,100000,29,0.00029,79,0.00079
29,14,5,100000,21,0.00021,67,0.00067
29,15,0,100000,37,0.00037,95,0.00095
29,15,1,100000,30,0.0003,91,0.00091
29,15,2,100000,14,0.00014,50,0.0005
29,15,3,100000,41,0.00041,91,0.00091
29,15,4,100000,36,0.00036,90,0.0009
29,15,5,100000,38,0.00038,79,0.00079
29,16,0,100000,34,0.00034,79,0.00079
29,16,1,100000,26,0.00026,82,0.00082
29,16,2,100000,39,0.00039,76,0.00076
29,16,3,100000,36,0.00036,83,0.00083
29,16,4,100000,35,0.00035,80,0.0008
29,16,5,100000,45,0.00045,80,0.0008
29,17,0,100000,44,0.00044,92,0.00092
29,17,1,100000,23,0.00023,84,0.00084
29,17,2,100000,44,0.00044,102,0.00102
29,17,3,100000,23,0.00023,75,0.00075
29,17,4,100000,56,0.00056,90,0.0009
29,17,5,100000,53,0.00053,80,0.0008
29,18,0,100000,40,0.0004,97,0.00097
29,18,1,100000,40,0.0004,86,0.00086
29,18,2,100000,34,0.00034,82,0.00082
29,18,3,100000,60,0.0006,92,0.00092
29,18,4,100000,26,0.00026,83,0.00083
29,18,5,100000,29,0.00029,75,0.00075
29,19,0,100000,34,0.00034,76,0.00076
29,19,1,100000,39,0.00039,95,0.00095
29,19,2,100000,40,0.0004,96,0.00096
29,19,3,100000,28,0.00028,70,0.0007
29,19,4,100000,30,0.0003,79,0.00079
29,19,5,100000,30,0.0003,93,0.00093
29,20,0,100000,33,0.00033,84,0.00084
29,20,1,100000,24,0.00024,77,0.00077
29,20,2,100000,30,0.0003,77,0.00077
29,20,3,100000,27,0.00027,69,0.00069
29,20,4,100000,38,0.00038,67,0.00067
29,20,5,100000,33,0.00033,83,0.00083
29,21,0,100000,27,0.00027,90,0.0009
29,21,1,100000,29,0.00029,81,0.00081
29,21,2,100000,28,0.00028,71,0.00071
29,21,3,100000,41,0.00041,86,0.00086
29,21,4,100000,36,0.00036,81,0.00081
29,21,5,100000,36,0.00036,78,0.00078
29,22,0,100000,58,0.00058,104,0.00104
29,22,1,100000,30,0.0003,76,0.00076
29,22,2,100000,29,0.00029,75,0.00075
29,22,3,100000,39,0.00039,73,0.00073
29,22,4,100000,16,0.00016,82,0.00082
29,22,5,100000,28,0.00028,89,0.00089
29,23,0,100000,32,0.00032,99,0.00099
29,23,1,100000,41,0.00041,85,0.00085
29,23,2,100000,28,0.00028,99,0.00099
29,23,3,100000,30,0.0003,68,0.00068
29,23,4,100000,34,0.00034,78,0.00078
29,23,5,100000,28,0.00028,89,0.00089
29,24,0,100000,54,0.00054,93,0.00093
29,24,1,100000,19,0.00019,81,0.00081
29,24,2,100000,40,0.0004,86,0.00086
29,24,3,100000,38,0.00038,83,0.00083
29,24,4,100000,42,0.00042,91,0.00091
29,24,5,100000,29,0.00029,101,0.00101
29,25,0,100000,41,0.00041,77,0.00077
29,25,1,100000,38,0.00038,89,0.00089
29,25,2,100000,30,0.0003,75,0.00075
29,25,3,100000,45,0.00045,90,0.0009
29,25,4,100000,36,0.00036,92,0.00092
29,25,5,100000,20,0.0002,97,0.00097
29,26,0,100000,39,0.00039,79,0.00079
29,26,1,100000,36,0.00036,76,0.00076
29,26,2,100000,38,0.00038,89,0.00089
29,26,3,100000,41,0.00041,90,0.0009
29,26,4,100000,54,0.00054,86,0.00086
29,26,5,100000,35,0.00035,85,0.00085
29,27,0,100000,31,0.00031,82,0.00082
29,27,1,100000,27,0.00027,83,0.00083
29,27,2,100000,16,0.00016,69,0.00069
29,27,3,100000,28,0.00028,73,0.00073
29,27,4,100000,19,0.00019,81,0.00081
29,27,5,100000,30,0.0003,71,0.00071
29,28,0,100000,40,0.0004,91,0.00091
29,28,1,100000,21,0.00021,87,0.00087
29,28,2,100000,25,0.00025,67,0.00067
29,28,3,100000,29,0.00029,83,0.00083
29,28,4,100000,33,0.00033,75,0.00075
29,28,5,100000,33,0.00033,82,0.00082
29,29,0,100000,25,0.00025,93,0.00093
29,29,1,100000,48,0.00048,62,0.00062
29,29,2,100000,45,0.00045,83,0.00083
29,29,3,100000,31,0.00031,79,0.00079
29,29,4,100000,45,0.00045,86,0.00086
29,29,5,100000,25,0.00025,79,0.00079
29,30,0,100000,44,0.00044,99,0.00099
29,30,1,100000,52,0.00052,75,0.00075
29,30,2,100000,36,0.00036,70,0.0007
29,30,3,100000,31,0.00031,64,0.00064
29,30,4,100000,31,0.00031,82,0.00082
29,30,5,100000,58,0.00058,106,0.00106
29,31,0,100000,16,0.00016,84,0.00084
29,31,1,100000,40,0.0004,93,0.00093
29,31,2,100000,26,0.00026,87,0.00087
29,31,3,100000,37,0.00037,88,0.00088
29,31,4,100000,35,0.00035,68,0.00068
29,31,5,100000,36,0.00036,85,0.00085
29,32,0,100000,37,0.00037,90,0.0009
29,32,1,100000,21,0.00021,78,0.00078
29,32,2,100000,41,0.00041,71,0.00071
29,32,3,100000,29,0.00029,84,0.00084
29,32,4,100000,29,0.00029,77,0.00077
29,32,5,100000,29,0.00029,81,0.00081
29,33,0,100000,41,0.00041,90,0.0009
29,33,1,100000,29,0.00029,86,0.00086
29,33,2,100000,42,0.00042,71,0.00071
29,33,3,100000,40,0.0004,77,0.00077
29,33,4,100000,34,0.00034,90,0.0009
29,33,5,100000,40,0.0004,87,0.00087
29,34,0,100000,30,0.0003,99,0.00099
29,34,1,100000,42,0.00042,96,0.00096
29,34,2,100000,38,0.00038,91,0.00091
29,34,3,100000,16,0.00016,67,0.00067
29,34,4,100000,43,0.00043,74,0.00074
29,34,5,100000,40,0.0004,79,0.00079
29,35,0,100000,70,0.0007,98,0.00098
29,35,1,100000,42,0.00042,84,0.00084
29,35,2,100000,39,0.00039,95,0.00095
29,35,3,100000,38,0.00038,101,0.00101
29,35,4,100000,30,0.0003,81,0.00081
29,35,5,100000,18,0.00018,81,0.00081
29,36,0,100000,44,0.00044,80,0.0008
29,36,1,100000,27,0.00027,98,0.00098
29,36,2,100000,30,0.0003,74,0.00074
29,36,3,100000,33,0.00033,74,0.00074
29,36,4,100000,32,0.00032,76,0.00076
29,36,5,100000,48,0.00048,94,0.00094
29,37,0,100000,41,0.00041,89,0.00089
29,37,1,100000,27,0.00027,76,0.00076
29,37,2,100000,29,0.00029,73,0.00073
29,37,3,100000,43,0.00043,72,0.00072
29,37,4,100000,25,0.00025,64,0.00064
29,37,5,100000,50,0.0005,80,0.0008
29,38,0,100000,41,0.00041,77,0.00077
29,38,1,100000,35,0.00035,79,0.00079
29,38,2,100000,17,0.00017,83,0.00083
29,38,3,100000,29,0.00029,81,0.00081
29,38,4,100000,27,0.00027,83,0.00083
29,38,5,100000,30,0.0003,72,0.00072
29,39,0,100000,22,0.00022,89,0.00089
29,39,1,100000,40,0.0004,62,0.00062
29,39,2,100000,39,0.00039,93,0.00093
29,39,3,100000,24,0.00024,72,0.00072
29,39,4,100000,46,0.00046,81,0.00081
29,39,5,100000,18,0.00018,80,0.0008
29,40,0,100000,24,0.00024,63,0.00063
29,40,1,100000,22,0.00022,65,0.00065
29,40,2,100000,27,0.00027,75,0.00075
29,40,3,100000,29,0.00029,88,0.00088
29,40,4,100000,17,0.00017,68,0.00068
29,40,5,100000,30,0.0003,76,0.00076
29,41,0,100000,34,0.00034,76,0.00076
29,41,1,100000,35,0.00035,65,0.00065
29,41,2,100000,36,0.00036,81,0.00081
29,41,3,100000,34,0.00034,65,0.00065
29,41,4,100000,28,0.00028,65,0.00065
29,41,5,100000,30,0.0003,81,0.00081
29,42,0,100000,26,0.00026,72,0.00072
29,42,1,100000,40,0.0004,71,0.00071
29,42,2,100000,46,0.00046,77,0.00077
29,42,3,100000,35,0.00035,64,0.00064
29,42,4,100000,38,0.00038,85,0.00085
29,42,5,100000,29,0.00029,72,0.00072
29,43,0,100000,37,0.00037,76,0.00076
29,43,1,100000,34,0.00034,84,0.00084
29,43,2,100000,31,0.00031,76,0.00076
29,43,3,100000,22,0.00022,67,0.00067
29,43,4,100000,25,0.00025,75,0.00075
29,43,5,100000,39,0.00039,72,0.00072
29,44,0,100000,28,0.00028,82,0.00082
29,44,1,100000,30,0.0003,65,0.00065
29,44,2,100000,25,0.00025,63,0.00063
29,44,3,100000,33,0.00033,73,0.00073
29,44,4,100000,25,0.00025,63,0.00063
29,44,5,100000,25,0.00025,82,0.00082
29,45,0,100000,24,0.00024,66,0.00066
29,45,1,100000,34,0.00034,74,0.00074
29,45,2,100000,27,0.00027,76,0.00076
29,45,3,100000,22,0.00022,79,0.00079
29,45,4,100000,32,0.00032,73,0.00073
29,45,5,100000,16,0.00016,67,0.00067
29,46,0,100000,42,0.00042,77,0.00077
29,46,1,100000,36,0.00036,68,0.00068
29,46,2,100000,32,0.00032,55,0.00055
29,46,3,100000,38,0.00038,81,0.00081
29,46,4,100000,24,0.00024,84,0.00084
29,46,5,100000,43,0.00043,68,0.00068
29,47,0,100000,16,0.00016,72,0.00072
29,47,1,100000,37,0.00037,72,0.00072
29,47,2,100000,35,0.00035,59,0.00059
29,47,3,100000,35,0.00035,73,0.00073
29,47,4,100000,11,0.00011,77,0.00077
29,47,5,100000,24,0.00024,70,0.0007
29,48,0,100000,19,0.00019,73,0.00073
29,48,1,100000,28,0.00028,63,0.00063
29,48,2,100000,27,0.00027,83,0.00083
29,48,3,100000,42,0.00042,69,0.00069
29,48,4,100000,24,0.00024,82,0.00082
29,48,5,100000,35,0.00035,76,0.00076
29,49,0,100000,24,0.00024,72,0.00072
29,49,1,100000,17,0.00017,66,0.00066
29,49,2,100000,46,0.00046,85,0.00085
29,49,3,100000,27,0.00027,67,0.00067
29,49,4,100000,39,0.00039,75,0.00075
29,49,5,100000,57,0.00057,88,0.00088
29,50,0,100000,30,0.0003,78,0.00078
29,50,1,100000,34,0.00034,80,0.0008
29,50,2,100000,23,0.00023,59,0.00059
29,50,3,100000,38,0.00038,78,0.00078
29,50,4,100000,34,0.00034,91,0.00091
29,50,5,100000,34,0.00034,69,0.00069
30,-50,0,100000,26,0.00026,78,0.00078
30,-50,1,100000,25,0.00025,76,0.00076
30,-50,2,100000,26,0.00026,68,0.00068
30,-50,3,100000,39,0.00039,72,0.00072
30,-50,4,100000,42,0.00042,81,0.00081
30,-50,5,100000,33,0.00033,66,0.00066
30,-49,0,100000,22,0.00022,81,0.00081
30,-49,1,100000,32,0.00032,70,0.0007
30,-49,2,100000,21,0.00021,62,0.00062
30,-49,3,100000,25,0.00025,69,0.00069
30,-49,4,100000,36,0.00036,74,0.00074
30,-49,5,100000,23,0.00023,66,0.00066
30,-48,0,100000,39,0.00039,94,0.00094
30,-48,1,100000,29,0.00029,56,0.00056
30,-48,2,100000,21,0.00021,58,0.00058
30,-48,3,100000,24,0.00024,63,0.00063
30,-48,4,100000,14,0.00014,67,0.00067
30,-48,5,100000,54,0.00054,69,0.00069
30,-47,0,100000,28,0.00028,73,0.00073
30,-47,1,100000,37,0.00037,76,0.00076
30,-47,2,100000,39,0.00039,89,0.00089
30,-47,3,100000,30,0.0003,63,0.00063
30,-47,4,100000,26,0.00026,64,0.00064
30,-47,5,100000,15,0.00015,58,0.00058
30,-46,0,100000,36,0.00036,70,0.0007
30,-46,1,100000,11,0.00011,72,0.00072
30,-46,2,100000,25,0.00025,65,0.00065
30,-46,3,100000,40,0.0004,87,0.00087
30,-46,4,100000,47,0.00047,89,0.00089
30,-46,5,100000,40,0.0004,67,0.00067
30,-45,0,100000,29,0.00029,75,0.00075
30,-45,1,100000,21,0.00021,72,0.00072
30,-45,2,100000,32,0.00032,69,0.00069
30,-45,3,100000,38,0.00038,73,0.00073
30,-45,4,100000,23,0.00023,80,0.0008
30,-45,5,100000,26,0.00026,76,0.00076
30,-44,0,100000,22,0.00022,65,0.00065
30,-44,1,100000,44,0.00044,61,0.00061
30,-44,2,100000,38,0.00038,82,0.00082
30,-44,3,100000,21,0.00021,63,0.00063
30,-44,4,100000,37,0.00037,69,0.00069
30,-44,5,100000,30,0.0003,85,0.00085
30,-43,0,100000,37,0.00037,74,0.00074
30,-43,1,100000,23,0.00023,73,0.00073
30,-43,2,100000,22,0.00022,68,0.00068
30,-43,3,100000,24,0.00024,61,0.00061
30,-43,4,100000,25,0.00025,67,0.00067
30,-43,5,100000,30,0.0003,73,0.00073
30,-42,0,100000,25,0.00025,76,0.00076
30,-42,1,100000,17,0.00017,85,0.00085
30,-42,2,100000,41,0.00041,67,0.00067
30,-42,3,100000,35,0.00035,80,0.0008
30,-42,4,100000,27,0.00027,58,0.00058
30,-42,5,100000,15,0.00015,75,0.00075
30,-41,0,100000,43,0.00043,84,0.00084
30,-41,1,100000,29,0.00029,82,0.00082
30,-41,2,100000,18,0.00018,79,0.00079
30,-41,3,100000,40,0.0004,82,0.00082
30,-41,4,100000,43,0.00043,55,0.00055
30,-41,5,100000,26,0.00026,75,0.00075
30,-40,0,100000,27,0.00027,67,0.00067
30,-40,1,100000,33,0.00033,83,0.00083
30,-40,2,100000,29,0.00029,79,0.00079
30,-40,3,100000,27,0.00027,77,0.00077
30,-40,4,100000,42,0.00042,67,0.00067
30,-40,5,100000,32,0.00032,73,0.00073
30,-39,0,100000,24,0.00024,77,0.00077
30,-39,1,100000,22,0.00022,63,0.00063
30,-39,2,100000,31,0.00031,67,0.00067
30,-39,3,100000,20,0.0002,63,0.00063
30,-39,4,100000,26,0.00026,72,0.00072
30,-39,5,100000,20,0.0002,66,0.00066
30,-38,0,100000,29,0.00029,84,0.00084
30,-38,1,100000,29,0.00029,74,0.00074
30,-38,2,100000,28,0.00028,61,0.00061
30,-38,3,100000,49,0.00049,90,0.0009
30,-38,4,100000,22,0.00022,69,0.00069
30,-38,5,100000,14,0.00014,77,0.00077
30,-37,0,100000,17,0.00017,67,0.00067
30,-37,1,100000,36,0.00036,87,0.00087
30,-37,2,100000,44,0.00044,83,0.00083
30,-37,3,100000,45,0.00045,75,0.00075
30,-37,4,100000,32,0.00032,74,0.00074
30,-37,5,100000,31,0.00031,79,0.00079
30,-36,0,100000,26,0.00026,90,0.0009
30,-36,1,100000,36,0.00036,71,0.00071
30,-36,2,100000,23,0.00023,67,0.00067
30,-36,3,100000,20,0.0002,68,0.00068
30,-36,4,100000,39,0.00039,77,0.00077
30,-36,5,100000,43,0.00043,82,0.00082
30,-35,0,100000,28,0.00028,72,0.00072
30,-35,1,100000,23,0.00023,66,0.00066
30,-35,2,100000,59,0.00059,99,0.00099
30,-35,3,100000,23,0.00023,89,0.00089
30,-35,4,100000,31,0.00031,90,0.0009
30,-35,5,100000,30,0.0003,77,0.00077
30,-34,0,100000,26,0.00026,82,0.00082
30,-34,1,100000,36,0.00036,74,0.00074
30,-34,2,100000,30,0.0003,76,0.00076
30,-34,3,100000,27,0.00027,75,0.00075
30,-34,4,100000,25,0.00025,76,0.00076
30,-34,5,100000,31,0.00031,72,0.00072
30,-33,0,100000,27,0.00027,81,0.00081
30,-33,1,100000,32,0.00032,86,0.00086
30,-33,2,100000,35,0.00035,66,0.00066
30,-33,3,100000,32,0.00032,80,0.0008
30,-33,4,100000,29,0.00029,60,0.0006
30,-33,5,100000,33,0.00033,77,0.00077
30,-32,0,100000,30,0.0003,109,0.00109
30,-32,1,100000,27,0.00027,93,0.00093
30,-32,2,100000,35,0.00035,83,0.00083
30,-32,3,100000,33,0.00033,71,0.00071
30,-32,4,100000,28,0.00028,74,0.00074
30,-32,5,100000,29,0.00029,73,0.00073
30,-31,0,100000,27,0.00027,66,0.00066
30,-31,1,100000,18,0.00018,92,0.00092
30,-31,2,100000,38,0.00038,74,0.00074
30,-31,3,100000,37,0.00037,75,0.00075
30,-31,4,100000,30,0.0003,71,0.00071
30,-31,5,100000,19,0.00019,75,0.00075
30,-30,0,100000,28,0.00028,80,0.0008
30,-30,1,100000,40,0.0004,89,0.00089
30,-30,2,100000,24,0.00024,76,0.00076
30,-30,3,100000,24,0.00024,73,0.00073
30,-30,4,100000,44,0.00044,76,0.00076
30,-30,5,100000,43,0.00043,76,0.00076
30,-29,0,100000,38,0.00038,73,0.00073
30,-29,1,100000,19,0.00019,64,0.00064
30,-29,2,100000,47,0.00047,86,0.00086
30,-29,3,100000,19,0.00019,71,0.00071
30,-29,4,100000,31,0.00031,82,0.00082
30,-29,5,100000,29,0.00029,74,0.00074
30,-28,0,100000,21,0.00021,78,0.00078
30,-28,1,100000,20,0.0002,72,0.00072
30,-28,2,100000,28,0.00028,72,0.00072
30,-28,3,100000,24,0.00024,75,0.00075
30,-28,4,100000,34,0.00034,74,0.00074
30,-28,5,100000,29,0.00029,80,0.0008
30,-27,0,100000,47,0.00047,81,0.00081
30,-27,1,100000,29,0.00029,95,0.00095
30,-27,2,100000,39,0.00039,68,0.00068
30,-27,3,100000,28,0.00028,91,0.00091
30,-27,4,100000,51,0.00051,73,0.00073
30,-27,5,100000,56,0.00056,84,0.00084
30,-26,0,100000,28,0.00028,77,0.00077
30,-26,1,100000,28,0.00028,74,0.00074
30,-26,2,100000,29,0.00029,89,0.00089
30,-26,3,100000,26,0.00026,74,0.00074
30,-26,4,100000,32,0.00032,78,0.00078
30,-26,5,100000,20,0.0002,74,0.00074
30,-25,0,100000,36,0.00036,91,0.00091
30,-25,1,100000,30,0.0003,80,0.0008
30,-25,2,100000,30,0.0003,72,0.00072
30,-25,3,100000,32,0.00032,76,0.00076
30,-25,4,100000,46,0.00046,76,0.00076
30,-25,5,100000,49,0.00049,93,0.00093
30,-24,0,100000,33,0.00033,75,0.00075
30,-24,1,100000,35,0.00035,90,0.0009
30,-24,2,100000,17,0.00017,76,0.00076
30,-24,3,100000,63,0.00063,83,0.00083
30,-24,4,100000,48,0.00048,90,0.0009
30,-24,5,100000,30,0.0003,84,0.00084
30,-23,0,100000,41,0.00041,96,0.00096
30,-23,1,100000,26,0.00026,84,0.00084
30,-23,2,100000,41,0.00041,66,0.00066
30,-23,3,100000,23,0.00023,68,0.00068
30,-23,4,100000,31,0.00031,63,0.00063
30,-23,5,100000,31,0.00031,88,0.00088
30,-22,0,100000,33,0.00033,81,0.00081
30,-22,1,100000,23,0.00023,65,0.00065
30,-22,2,100000,29,0.00029,67,0.00067
30,-22,3,100000,26,0.00026,68,0.00068
30,-22,4,100000,15,0.00015,51,0.00051
30,-22,5,100000,31,0.00031,95,0.00095
30,-21,0,100000,45,0.00045,85,0.00085
30,-21,1,100000,26,0.00026,70,0.0007
30,-21,2,100000,39,0.00039,78,0.00078
30,-21,3,100000,24,0.00024,76,0.00076
30,-21,4,100000,54,0.00054,81,0.00081
30,-21,5,100000,41,0.00041,79,0.00079
30,-20,0,100000,34,0.00034,90,0.0009
30,-20,1,100000,44,0.00044,93,0.00093
30,-20,2,100000,27,0.00027,78,0.00078
30,-20,3,100000,30,0.0003,74,0.00074
30,-20,4,100000,24,0.00024,69,0.00069
30,-20,5,100000,25,0.00025,81,0.00081
30,-19,0,100000,31,0.00031,93,0.00093
30,-19,1,100000,56,0.00056,79,0.00079
30,-19,2,100000,28,0.00028,68,0.00068
30,-19,3,100000,7,7e-05,68,0.00068
30,-19,4,100000,30,0.0003,70,0.0007
30,-19,5,100000,26,0.00026,82,0.00082
30,-18,0,100000,35,0.00035,78,0.00078
30,-18,1,100000,24,0.00024,65,0.00065
30,-18,2,100000,37,0.00037,72,0.00072
30,-18,3,100000,26,0.00026,85,0.00085
30,-18,4,100000,40,0.0004,98,0.00098
30,-18,5,100000,27,0.00027,86,0.00086
30,-17,0,100000,27,0.00027,96,0.00096
30,-17,1,100000,52,0.00052,74,0.00074
30,-17,2,100000,33,0.00033,73,0.00073
30,-17,3,100000,33,0.00033,73,0.00073
30,-17,4,100000,27,0.00027,60,0.0006
30,-17,5,100000,21,0.00021,78,0.00078
30,-16,0,100000,32,0.00032,92,0.00092
30,-16,1,100000,44,0.00044,84,0.00084
30,-16,2,100000,26,0.00026,63,0.00063
30,-16,3,100000,22,0.00022,71,0.00071
30,-16,4,100000,23,0.00023,76,0.00076
30,-16,5,100000,23,0.00023,65,0.00065
30,-15,0,100000,31,0.00031,79,0.00079
30,-15,1,100000,25,0.00025,66,0.00066
30,-15,2,100000,35,0.00035,67,0.00067
30,-15,3,100000,30,0.0003,68,0.00068
30,-15,4,100000,44,0.00044,77,0.00077
30,-15,5,100000,37,0.00037,82,0.00082
30,-14,0,100000,40,0.0004,70,0.0007
30,-14,1,100000,33,0.00033,87,0.00087
30,-14,2,100000,29,0.00029,74,0.00074
30,-14,3,100000,34,0.00034,63,0.00063
30,-14,4,100000,22,0.00022,67,0.00067
30,-14,5,100000,37,0.00037,88,0.00088
30,-13,0,100000,25,0.00025,83,0.00083
30,-13,1,100000,36,0.00036,104,0.00104
30,-13,2,100000,21,0.00021,91,0.00091
30,-13,3,100000,23,0.00023,79,0.00079
30,-13,4,100000,42,0.00042,62,0.00062
30,-13,5,100000,37,0.00037,74,0.00074
30,-12,0,100000,51,0.00051,69,0.00069
30,-12,1,100000,29,0.00029,94,0.00094
30,-12,2,100000,19,0.00019,58,0.00058
30,-12,3,100000,57,0.00057,80,0.0008
30,-12,4,100000,31,0.00031,81,0.00081
30,-12,5,100000,66,0.00066,81,0.00081
30,-11,0,100000,36,0.00036,73,0.00073
30,-11,1,100000,55,0.00055,80,0.0008
30,-11,2,100000,48,0.00048,76,0.00076
30,-11,3,100000,20,0.0002,71,0.00071
30,-11,4,100000,29,0.00029,85,0.00085
30,-11,5,100000,45,0.00045,70,0.0007
30,-10,0,100000,40,0.0004,85,0.00085
30,-10,1,100000,28,0.00028,67,0.00067
30,-10,2,100000,32,0.00032,97,0.00097
30,-10,3,100000,63,0.00063,83,0.00083
30,-10,4,100000,37,0.00037,85,0.00085
30,-10,5,100000,38,0.00038,70,0.0007
30,-9,0,100000,65,0.00065,90,0.0009
30,-9,1,100000,37,0.00037,90,0.0009
30,-9,2,100000,48,0.00048,72,0.00072
30,-9,3,100000,44,0.00044,75,0.00075
30,-9,4,100000,18,0.00018,74,0.00074
30,-9,5,100000,30,0.0003,63,0.00063
30,-8,0,100000,42,0.00042,75,0.00075
30,-8,1,100000,30,0.0003,69,0.00069
30,-8,2,100000,24,0.00024,67,0.00067
30,-8,3,100000,17,0.00017,84,0.00084
30,-8,4,100000,28,0.00028,75,0.00075
30,-8,5,100000,31,0.00031,79,0.00079
30,-7,0,100000,36,0.00036,85,0.00085
30,-7,1,100000,38,0.00038,74,0.00074
30,-7,2,100000,45,0.00045,70,0.0007
30,-7,3,100000,40,0.0004,93,0.00093
30,-7,4,100000,40,0.0004,81,0.00081
30,-7,5,100000,32,0.00032,66,0.00066
30,-6,0,100000,32,0.00032,106,0.00106
30,-6,1,100000,47,0.00047,82,0.00082
30,-6,2,100000,30,0.0003,68,0.00068
30,-6,3,100000,48,0.00048,79,0.00079
30,-6,4,100000,32,0.00032,79,0.00079
30,-6,5,100000,45,0.00045,76,0.00076
30,-5,0,100000,18,0.00018,59,0.00059
30,-5,1,100000,25,0.00025,86,0.00086
30,-5,2,100000,24,0.00024,75,0.00075
30,-5,3,100000,17,0.00017,73,0.00073
30,-5,4,100000,23,0.00023,80,0.0008
30,-5,5,100000,44,0.00044,79,0.00079
30,-4,0,100000,24,0.00024,72,0.00072
30,-4,1,100000,36,0.00036,85,0.00085
30,-4,2,100000,32,0.00032,87,0.00087
30,-4,3,100000,53,0.00053,74,0.00074
30,-4,4,100000,41,0.00041,74,0.00074
30,-4,5,100000,28,0.00028,70,0.0007
30,-3,0,100000,53,0.00053,92,0.00092
30,-3,1,100000,20,0.0002,81,0.00081
30,-3,2,100000,27,0.00027,79,0.00079
30,-3,3,100000,24,0.00024,69,0.00069
30,-3,4,100000,23,0.00023,81,0.00081
30,-3,5,100000,29,0.00029,72,0.00072
30,-2,0,100000,43,0.00043,66,0.00066
30,-2,1,100000,36,0.00036,87,0.00087
30,-2,2,100000,34,0.00034,86,0.00086
30,-2,3,100000,43,0.00043,87,0.00087
30,-2,4,100000,25,0.00025,84,0.00084
30,-2,5,100000,36,0.00036,64,0.00064
30,-1,0,100000,41,0.00041,77,0.00077
30,-1,1,100000,35,0.00035,76,0.00076
30,-1,2,100000,45,0.00045,96,0.00096
30,-1,3,100000,38,0.00038,78,0.00078
30,-1,4,100000,35,0.00035,78,0.00078
30,-1,5,100000,15,0.00015,67,0.00067
30,0,0,100000,25,0.00025,66,0.00066
30,0,1,100000,39,0.00039,84,0.00084
30,0,2,100000,39,0.00039,83,0.00083
30,0,3,100000,37,0.00037,83,0.00083
30,0,4,100000,43,0.00043,79,0.00079
30,0,5,100000,35,0.00035,67,0.00067
30,1,0,100000,39,0.00039,87,0.00087
30,1,1,100000,36,0.00036,72,0.00072
30,1,2,100000,22,0.00022,57,0.00057
30,1,3,100000,34,0.00034,81,0.00081
30,1,4,100000,21,0.00021,73,0.00073
30,1,5,100000,41,0.00041,74,0.00074
30,2,0,100000,43,0.00043,75,0.00075
30,2,1,100000,30,0.0003,84,0.00084
30,2,2,100000,31,0.00031,92,0.00092
30,2,3,100000,35,0.00035,87,0.00087
30,2,4,100000,35,0.00035,91,0.00091
30,2,5,100000,24,0.00024,72,0.00072
30,3,0,100000,20,0.0002,69,0.00069
30,3,1,100000,37,0.00037,70,0.0007
30,3,2,100000,19,0.00019,70,0.0007
30,3,3,100000,22,0.00022,80,0.0008
30,3,4,100000,33,0.00033,68,0.00068
30,3,5,100000,42,0.00042,77,0.00077
30,4,0,100000,29,0.00029,81,0.00081
30,4,1,100000,22,0.00022,80,0.0008
30,4,2,100000,70,0.0007,93,0.00093
30,4,3,100000,24,0.00024,66,0.00066
30,4,4,100000,25,0.00025,74,0.00074
30,4,5,100000,19,0.00019,56,0.00056
30,5,0,100000,27,0.00027,77,0.00077
30,5,1,100000,39,0.00039,97,0.00097
30,5,2,100000,36,0.00036,82,0.00082
30,5,3,100000,27,0.00027,69,0.00069
30,5,4,100000,33,0.00033,78,0.00078
30,5,5,100000,44,0.00044,74,0.00074
30,6,0,100000,35,0.00035,83,0.00083
30,6,1,100000,24,0.00024,74,0.00074
30,6,2,100000,52,0.00052,89,0.00089
30,6,3,100000,29,0.00029,83,0.00083
30,6,4,100000,44,0.00044,75,0.00075
30,6,5,100000,26,0.00026,72,0.00072
30,7,0,100000,20,0.0002,54,0.00054
30,7,1,100000,41,0.00041,82,0.00082
30,7,2,100000,13,0.00013,75,0.00075
30,7,3,100000,37,0.00037,82,0.00082
30,7,4,100000,44,0.00044,90,0.0009
30,7,5,100000,40,0.0004,82,0.00082
30,8,0,100000,36,0.00036,80,0.0008
30,8,1,100000,46,0.00046,87,0.00087
30,8,2,100000,34,0.00034,75,0.00075
30,8,3,100000,46,0.00046,82,0.00082
30,8,4,100000,19,0.00019,59,0.00059
30,8,5,100000,19,0.00019,61,0.00061
30,9,0,100000,28,0.00028,77,0.00077
30,9,1,100000,36,0.00036,79,0.00079
30,9,2,100000,38,0.00038,75,0.00075
30,9,3,100000,37,0.00037,63,0.00063
30,9,4,100000,19,0.00019,64,0.00064
30,9,5,100000,39,0.00039,87,0.00087
30,10,0,100000,28,0.00028,93,0.00093
30,10,1,100000,23,0.00023,71,0.00071
30,10,2,100000,37,0.00037,87,0.00087
30,10,3,100000,35,0.00035,75,0.00075
30,10,4,100000,39,0.00039,84,0.00084
30,10,5,100000,51,0.00051,85,0.00085
30,11,0,100000,37,0.00037,80,0.0008
30,11,1,100000,32,0.00032,71,0.00071
30,11,2,100000,12,0.00012,71,0.00071
30,11,3,100000,35,0.00035,79,0.00079
30,11,4,100000,24,0.00024,64,0.00064
30,11,5,100000,27,0.00027,68,0.00068
30,12,0,100000,40,0.0004,94,0.00094
30,12,1,100000,50,0.0005,87,0.00087
30,12,2,100000,20,0.0002,69,0.00069
30,12,3,100000,30,0.0003,66,0.00066
30,12,4,100000,17,0.00017,84,0.00084
30,12,5,100000,32,0.00032,92,0.00092
30,13,0,100000,41,0.00041,87,0.00087
30,13,1,100000,34,0.00034,76,0.00076
30,13,2,100000,24,0.00024,70,0.0007
30,13,3,100000,31,0.00031,80,0.0008
30,13,4,100000,19,0.00019,70,0.0007
30,13,5,100000,47,0.00047,87,0.00087
30,14,0,100000,26,0.00026,63,0.00063
30,14,1,100000,55,0.00055,81,0.00081
30,14,2,100000,28,0.00028,71,0.00071
30,14,3,100000,33,0.00033,64,0.00064
30,14,4,100000,20,0.0002,79,0.00079
30,14,5,100000,26,0.00026,57,0.00057
30,15,0,100000,32,0.00032,93,0.00093
30,15,1,100000,32,0.00032,77,0.00077
30,15,2,100000,18,0.00018,80,0.0008
30,15,3,100000,27,0.00027,75,0.00075
30,15,4,100000,26,0.00026,77,0.00077
30,15,5,100000,53,0.00053,78,0.00078
30,16,0,100000,36,0.00036,78,0.00078
30,16,1,100000,36,0.00036,75,0.00075
30,16,2,100000,30,0.0003,92,0.00092
30,16,3,100000,56,0.00056,84,0.00084
30,16,4,100000,35,0.00035,74,0.00074
30,16,5,100000,24,0.00024,80,0.0008
30,17,0,100000,51,0.00051,74,0.00074
30,17,1,100000,48,0.00048,84,0.00084
30,17,2,100000,45,0.00045,83,0.00083
30,17,3,100000,25,0.00025,76,0.00076
30,17,4,100000,27,0.00027,72,0.00072
30,17,5,100000,38,0.00038,69,0.00069
30,18,0,100000,33,0.00033,89,0.00089
30,18,1,100000,23,0.00023,74,0.00074
30,18,2,100000,22,0.00022,78,0.00078
30,18,3,100000,29,0.00029,81,0.00081
30,18,4,100000,23,0.00023,82,0.00082
30,18,5,100000,32,0.00032,79,0.00079
30,19,0,100000,31,0.00031,67,0.00067
30,19,1,100000,26,0.00026,68,0.00068
30,19,2,100000,24,0.00024,70,0.0007
30,19,3,100000,23,0.00023,70,0.0007
30,19,4,100000,39,0.00039,78,0.00078
30,19,5,100000,36,0.00036,77,0.00077
30,20,0,100000,28,0.00028,74,0.00074
30,20,1,100000,43,0.00043,79,0.00079
30,20,2,100000,26,0.00026,76,0.00076
30,20,3,100000,41,0.00041,85,0.00085
30,20,4,100000,30,0.0003,77,0.00077
30,20,5,100000,30,0.0003,79,0.00079
30,21,0,100000,19,0.00019,78,0.00078
30,21,1,100000,44,0.00044,60,0.0006
30,21,2,100000,42,0.00042,76,0.00076
30,21,3,100000,31,0.00031,84,0.00084
30,21,4,100000,34,0.00034,70,0.0007
30,21,5,100000,37,0.00037,75,0.00075
30,22,0,100000,38,0.00038,74,0.00074
30,22,1,100000,30,0.0003,74,0.00074
30,22,2,100000,29,0.00029,72,0.00072
30,22,3,100000,26,0.00026,66,0.00066
30,22,4,100000,35,0.00035,72,0.00072
30,22,5,100000,32,0.00032,77,0.00077
30,23,0,100000,44,0.00044,82,0.00082
30,23,1,100000,32,0.00032,60,0.0006
30,23,2,100000,33,0.00033,73,0.00073
30,23,3,100000,27,0.00027,75,0.00075
30,23,4,100000,42,0.00042,92,0.00092
30,23,5,100000,24,0.00024,65,0.00065
30,24,0,100000,21,0.00021,87,0.00087
30,24,1,100000,34,0.00034,92,0.00092
30,24,2,100000,43,0.00043,82,0.00082
30,24,3,100000,40,0.0004,86,0.00086
30,24,4,100000,21,0.00021,72,0.00072
30,24,5,100000,24,0.00024,71,0.00071
30,25,0,100000,21,0.00021,78,0.00078
30,25,1,100000,34,0.00034,76,0.00076
30,25,2,100000,39,0.00039,79,0.00079
30,25,3,100000,28,0.00028,65,0.00065
30,25,4,100000,41,0.00041,79,0.00079
30,25,5,100000,55,0.00055,97,0.00097
30,26,0,100000,33,0.00033,77,0.00077
30,26,1,100000,22,0.00022,73,0.00073
30,26,2,100000,36,0.00036,74,0.00074
30,26,3,100000,37,0.00037,79,0.00079
30,26,4,100000,27,0.00027,84,0.00084
30,26,5,100000,16,0.00016,56,0.00056
30,27,0,100000,26,0.00026,71,0.00071
30,27,1,100000,46,0.00046,92,0.00092
30,27,2,100000,28,0.00028,84,0.00084
30,27,3,100000,34,0.00034,72,0.00072
30,27,4,100000,48,0.00048,85,0.00085
30,27,5,100000,36,0.00036,84,0.00084
30,28,0,100000,45,0.00045,78,0.00078
30,28,1,100000,32,0.00032,72,0.00072
30,28,2,100000,31,0.00031,91,0.00091
30,28,3,100000,39,0.00039,72,0.00072
30,28,4,100000,18,0.00018,69,0.00069
30,28,5,100000,24,0.00024,91,0.00091
30,29,0,100000,29,0.00029,76,0.00076
30,29,1,100000,39,0.00039,91,0.00091
30,29,2,100000,33,0.00033,71,0.00071
30,29,3,100000,41,0.00041,82,0.00082
30,29,4,100000,14,0.00014,76,0.00076
30,29,5,100000,42,0.00042,84,0.00084
30,30,0,100000,26,0.00026,74,0.00074
30,30,1,100000,30,0.0003,73,0.00073
30,30,2,100000,43,0.00043,81,0.00081
30,30,3,100000,37,0.00037,69,0.00069
30,30,4,100000,29,0.00029,73,0.00073
30,30,5,100000,38,0.00038,89,0.00089
30,31,0,100000,15,0.00015,69,0.00069
30,31,1,100000,38,0.00038,96,0.00096
30,31,2,100000,39,0.00039,78,0.00078
30,31,3,100000,35,0.00035,72,0.00072
30,31,4,100000,34,0.00034,83,0.00083
30,31,5,100000,31,0.00031,74,0.00074
30,32,0,100000,31,0.00031,74,0.00074
30,32,1,100000,28,0.00028,75,0.00075
30,32,2,100000,41,0.00041,79,0.00079
30,32,3,100000,36,0.00036,75,0.00075
30,32,4,100000,27,0.00027,84,0.00084
30,32,5,100000,12,0.00012,63,0.00063
30,33,0,100000,18,0.00018,71,0.00071
30,33,1,100000,39,0.00039,85,0.00085
30,33,2,100000,36,0.00036,81,0.00081
30,33,3,100000,28,0.00028,67,0.00067
30,33,4,100000,16,0.00016,80,0.0008
30,33,5,100000,27,0.00027,84,0.00084
30,34,0,100000,36,0.00036,97,0.00097
30,34,1,100000,29,0.00029,90,0.0009
30,34,2,100000,30,0.0003,86,0.00086
30,34,3,100000,30,0.0003,80,0.0008
30,34,4,100000,27,0.00027,74,0.00074
30,34,5,100000,39,0.00039,81,0.00081
30,35,0,100000,23,0.00023,80,0.0008
30,35,1,100000,36,0.00036,68,0.00068
30,35,2,100000,32,0.00032,66,0.00066
30,35,3,100000,41,0.00041,92,0.00092
30,35,4,100000,35,0.00035,81,0.00081
30,35,5,100000,23,0.00023,72,0.00072
30,36,0,100000,33,0.00033,81,0.00081
30,36,1,100000,25,0.00025,74,0.00074
30,36,2,100000,39,0.00039,83,0.00083
30,36,3,100000,20,0.0002,64,0.00064
30,36,4,100000,27,0.00027,90,0.0009
30,36,5,100000,20,0.0002,75,0.00075
30,37,0,100000,24,0.00024,66,0.00066
30,37,1,100000,25,0.00025,68,0.00068
30,37,2,100000,35,0.00035,73,0.00073
30,37,3,100000,33,0.00033,79,0.00079
30,37,4,100000,34,0.00034,79,0.00079
30,37,5,100000,36,0.00036,80,0.0008
30,38,0,100000,37,0.00037,74,0.00074
30,38,1,100000,24,0.00024,86,0.00086
30,38,2,100000,30,0.0003,73,0.00073
30,38,3,100000,19,0.00019,84,0.00084
30,38,4,100000,38,0.00038,79,0.00079
30,38,5,100000,25,0.00025,73,0.00073
30,39,0,100000,30,0.0003,71,0.00071
30,39,1,100000,21,0.00021,60,0.0006
30,39,2,100000,22,0.00022,70,0.0007
30,39,3,100000,27,0.00027,72,0.00072
30,39,4,100000,23,0.00023,64,0.00064
30,39,5,100000,39,0.00039,85,0.00085
30,40,0,100000,30,0.0003,79,0.00079
30,40,1,100000,32,0.00032,78,0.00078
30,40,2,100000,37,0.00037,79,0.00079
30,40,3,100000,14,0.00014,70,0.0007
30,40,4,100000,17,0.00017,79,0.00079
30,40,5,100000,25,0.00025,74,0.00074
30,41,0,100000,31,0.00031,65,0.00065
30,41,1,100000,36,0.00036,67,0.00067
30,41,2,100000,36,0.00036,68,0.00068
30,41,3,100000,25,0.00025,70,0.0007
30,41,4,100000,33,0.00033,89,0.00089
30,41,5,100000,16,0.00016,54,0.00054
30,42,0,100000,27,0.00027,77,0.00077
30,42,1,100000,19,0.00019,82,0.00082
30,42,2,100000,38,0.00038,64,0.00064
30,42,3,100000,33,0.00033,74,0.00074
30,42,4,100000,36,0.00036,88,0.00088
30,42,5,100000,18,0.00018,64,0.00064
30,43,0,100000,26,0.00026,68,0.00068
30,43,1,100000,36,0.00036,63,0.00063
30,43,2,100000,15,0.00015,69,0.00069
30,43,3,100000,26,0.00026,70,0.0007
30,43,4,100000,38,0.00038,72,0.00072
30,43,5,100000,43,0.00043,78,0.00078
30,44,0,100000,37,0.00037,71,0.00071
30,44,1,100000,21,0.00021,81,0.00081
30,44,2,100000,33,0.00033,86,0.00086
30,44,3,100000,18,0.00018,72,0.00072
30,44,4,100000,22,0.00022,56,0.00056
30,44,5,100000,34,0.00034,67,0.00067
30,45,0,100000,39,0.00039,55,0.00055
30,45,1,100000,39,0.00039,72,0.00072
30,45,2,100000,26,0.00026,76,0.00076
30,45,3,100000,45,0.00045,78,0.00078
30,45,4,100000,34,0.00034,78,0.00078
30,45,5,100000,18,0.00018,77,0.00077
