x,y,nPrimary,roiCounts,normalizedCounts,flux,normalizedFlux
-43.8,-18.6,400000,44847,0.112117,152021,0.380053
-43.8,-18.4,400000,44997,0.112492,152200,0.3805
-43.8,-18.2,400000,44685,0.111713,151854,0.379635
-43.8,-18,400000,45058,0.112645,152778,0.381945
-43.8,-17.8,400000,44682,0.111705,152111,0.380277
-43.8,-17.6,400000,44484,0.11121,151741,0.379352
-43.8,-17.4,400000,44809,0.112022,152084,0.38021
-43.8,-17.2,400000,44465,0.111162,151447,0.378617
-43.8,-17,400000,44799,0.111997,151559,0.378897
-43.8,-16.8,400000,44794,0.111985,152204,0.38051
-43.8,-16.6,400000,44748,0.11187,151978,0.379945
-43.8,-16.4,400000,44523,0.111308,152015,0.380037
-43.8,-16.2,400000,44534,0.111335,151630,0.379075
-43.8,-16,400000,45012,0.11253,152391,0.380978
-43.8,-15.8,400000,44809,0.112022,152380,0.38095
-43.8,-15.6,400000,44967,0.112418,152315,0.380788
-43.8,-15.4,400000,45334,0.113335,152577,0.381443
-43.8,-15.2,400000,44854,0.112135,152000,0.38
-43.8,-15,400000,45147,0.112867,152397,0.380993
-43.8,-14.8,400000,44960,0.1124,152576,0.38144
-43.8,-14.6,400000,44942,0.112355,152248,0.38062
-43.8,-14.4,400000,44498,0.111245,151487,0.378717
-43.8,-14.2,400000,45096,0.11274,152589,0.381472
-43.8,-14,400000,44710,0.111775,151613,0.379032
-43.8,-13.8,400000,44925,0.112312,151928,0.37982
-43.8,-13.6,400000,44665,0.111662,152447,0.381117
-43.8,-13.4,400000,45179,0.112948,152455,0.381138
-43.8,-13.2,400000,45200,0.113,151817,0.379543
-43.8,-13,400000,44788,0.11197,151924,0.37981
-43.8,-12.8,400000,44945,0.112363,152299,0.380748
-43.8,-12.6,400000,44724,0.11181,151666,0.379165
-43.8,-12.4,400000,44820,0.11205,151545,0.378862
-43.8,-12.2,400000,44144,0.11036,151438,0.378595
-43.8,-12,400000,44733,0.111833,151697,0.379242
-43.8,-11.8,400000,45197,0.112992,152015,0.380037
-43.8,-11.6,400000,44737,0.111842,151484,0.37871
-43.8,-11.4,400000,45058,0.112645,152567,0.381418
-43.8,-11.2,400000,45131,0.112827,151967,0.379918
-43.8,-11,400000,44539,0.111348,151973,0.379933
-43.8,-10.8,400000,44912,0.11228,152468,0.38117
-43.8,-10.6,400000,44506,0.111265,151993,0.379983
-43.8,-10.4,400000,44531,0.111327,152589,0.381472
-43.8,-10.2,400000,45262,0.113155,151776,0.37944
-43.8,-10,400000,45013,0.112532,152523,0.381308
-43.8,-9.8,400000,44881,0.112202,152116,0.38029
-43.8,-9.6,400000,44503,0.111257,151433,0.378582
-43.8,-9.4,400000,45011,0.112528,152182,0.380455
-43.8,-9.2,400000,44625,0.111562,151622,0.379055
-43.8,-9,400000,44887,0.112217,152325,0.380812
-43.8,-8.8,400000,45314,0.113285,152965,0.382412
-43.8,-8.6,400000,44782,0.111955,151672,0.37918
-43.8,-8.4,400000,44787,0.111967,152252,0.38063
-43.8,-8.2,400000,44766,0.111915,152121,0.380302
-43.8,-8,400000,44820,0.11205,152358,0.380895
-43.8,-7.8,400000,44757,0.111893,152332,0.38083
-43.8,-7.6,400000,44450,0.111125,151643,0.379107
-43.8,-7.4,400000,45074,0.112685,152351,0.380877
-43.8,-7.2,400000,44949,0.112373,152564,0.38141
-43.8,-7,400000,44955,0.112388,152087,0.380217
-43.8,-6.8,400000,44829,0.112073,151817,0.379543
-43.8,-6.6,400000,44067,0.110168,151672,0.37918
-43.8,-6.4,400000,45115,0.112787,152172,0.38043
-43.8,-6.2,400000,44629,0.111573,152380,0.38095
-43.8,-6,400000,44875,0.112187,151767,0.379418
-43.8,-5.8,400000,44581,0.111452,151758,0.379395
-43.8,-5.6,400000,44877,0.112193,152074,0.380185
-43.8,-5.4,400000,44268,0.11067,152036,0.38009
-43.8,-5.2,400000,44397,0.110992,151711,0.379277
-43.8,-5,400000,44683,0.111708,151945,0.379862
-43.8,-4.8,400000,44483,0.111208,151588,0.37897
-43.8,-4.6,400000,44813,0.112032,151700,0.37925
-43.8,-4.4,400000,44637,0.111592,152104,0.38026
-43.8,-4.2,400000,44815,0.112037,151967,0.379918
-43.8,-4,400000,44787,0.111967,152208,0.38052
-43.8,-3.8,400000,45363,0.113407,152873,0.382182
-43.8,-3.6,400000,45020,0.11255,151977,0.379943
-43.8,-3.4,400000,44597,0.111492,152302,0.380755
-43.8,-3.2,400000,44951,0.112378,152355,0.380887
-43.8,-3,400000,44320,0.1108,152193,0.380483
-43.8,-2.8,400000,44441,0.111103,152070,0.380175
-43.8,-2.6,400000,44993,0.112482,151763,0.379408
-43.8,-2.4,400000,45009,0.112522,152274,0.380685
-43.8,-2.2,400000,44490,0.111225,152205,0.380512
-43.8,-2,400000,44880,0.1122,151915,0.379788
-43.8,-1.8,400000,44598,0.111495,152381,0.380953
-43.8,-1.6,400000,44911,0.112278,152495,0.381238
-43.8,-1.4,400000,44717,0.111793,152142,0.380355
-43.8,-1.2,400000,44230,0.110575,151698,0.379245
-43.8,-1,400000,44877,0.112193,152334,0.380835
-43.8,-0.8,400000,45235,0.113087,152309,0.380773
-43.8,-0.6,400000,44682,0.111705,152330,0.380825
-43.8,-0.4,400000,44719,0.111797,151626,0.379065
-43.8,-0.2,400000,45209,0.113022,153075,0.382688
-43.8,0,400000,44090,0.110225,151472,0.37868
-43.8,0.2,400000,45254,0.113135,151829,0.379572
-43.8,0.4,400000,44324,0.11081,152320,0.3808
-43.8,0.6,400000,45083,0.112708,152386,0.380965
-43.8,0.8,400000,44994,0.112485,152117,0.380292
-43.8,1,400000,44734,0.111835,152381,0.380953
-43.8,1.2,400000,44715,0.111787,152059,0.380148
-43.8,1.4,400000,44667,0.111668,151966,0.379915
-43.8,1.6,400000,44425,0.111062,151346,0.378365
-43.8,1.8,400000,44607,0.111518,152238,0.380595
-43.8,2,400000,45077,0.112693,152277,0.380692
-43.8,2.2,400000,44383,0.110958,151544,0.37886
-43.8,2.4,400000,45098,0.112745,152158,0.380395
-43.8,2.6,400000,45010,0.112525,152000,0.38
-43.8,2.8,400000,44599,0.111497,152523,0.381308
-43.8,3,400000,44974,0.112435,151287,0.378217
-43.8,3.2,400000,45488,0.11372,152461,0.381153
-43.8,3.4,400000,45521,0.113803,152144,0.38036
-43.8,3.6,400000,45239,0.113098,152089,0.380223
-43.8,3.8,400000,44414,0.111035,151718,0.379295
-43.8,4,400000,45118,0.112795,151894,0.379735
-43.8,4.2,400000,44880,0.1122,152244,0.38061
-43.8,4.4,400000,44523,0.111308,152007,0.380018
-43.8,4.6,400000,45287,0.113217,152065,0.380163
-43.8,4.8,400000,44819,0.112047,151705,0.379263
-43.8,5,400000,44843,0.112107,152257,0.380642
-43.8,5.2,400000,44478,0.111195,152073,0.380182
-43.8,5.4,400000,44893,0.112232,151972,0.37993
-43.8,5.6,400000,44526,0.111315,152503,0.381258
-43.8,5.8,400000,45203,0.113007,152503,0.381258
-43.8,6,400000,45094,0.112735,152324,0.38081
-43.8,6.2,400000,45005,0.112513,152025,0.380063
-43.8,6.4,400000,44455,0.111138,151722,0.379305
-43.8,6.6,400000,44599,0.111497,152172,0.38043
-43.8,6.8,400000,45040,0.1126,152181,0.380453
-43.8,7,400000,45136,0.11284,152242,0.380605
-43.8,7.2,400000,45369,0.113422,152552,0.38138
-43.8,7.4,400000,44716,0.11179,152442,0.381105
-43.8,7.6,400000,44454,0.111135,151430,0.378575
-43.8,7.8,400000,44978,0.112445,152087,0.380217
-43.8,8,400000,45184,0.11296,152140,0.38035
-43.8,8.2,400000,44811,0.112028,152373,0.380933
-43.8,8.4,400000,44942,0.112355,152019,0.380047
-43.8,8.6,400000,45009,0.112522,152417,0.381043
-43.8,8.8,400000,44960,0.1124,152155,0.380387
-43.8,9,400000,44917,0.112293,152224,0.38056
-43.8,9.2,400000,44940,0.11235,151967,0.379918
-43.8,9.4,400000,44461,0.111153,152112,0.38028
-43.8,9.6,400000,45086,0.112715,151755,0.379387
-43.8,9.8,400000,44988,0.11247,151980,0.37995
-43.8,10,400000,45062,0.112655,152385,0.380962
-43.8,10.2,400000,44227,0.110567,151788,0.37947
-43.8,10.4,400000,44474,0.111185,151765,0.379412
-43.8,10.6,400000,44835,0.112088,152315,0.380788
-43.8,10.8,400000,45457,0.113642,152123,0.380308
-43.8,11,400000,45469,0.113672,152294,0.380735
-43.8,11.2,400000,44837,0.112092,152104,0.38026
-43.8,11.4,400000,45049,0.112623,152196,0.38049
-43.8,11.6,400000,44726,0.111815,152168,0.38042
-43.8,11.8,400000,45145,0.112863,152071,0.380178
-43.8,12,400000,44804,0.11201,152476,0.38119
-43.8,12.2,400000,44866,0.112165,151765,0.379412
-43.8,12.4,400000,45244,0.11311,152040,0.3801
-43.8,12.6,400000,45160,0.1129,151842,0.379605
-43.8,12.8,400000,44953,0.112382,151960,0.3799
-43.8,13,400000,45037,0.112592,151751,0.379377
-43.8,13.2,400000,45207,0.113018,151835,0.379588
-43.8,13.4,400000,44428,0.11107,151688,0.37922
-43.8,13.6,400000,44753,0.111882,152316,0.38079
-43.8,13.8,400000,45326,0.113315,152093,0.380232
-43.8,14,400000,44400,0.111,151749,0.379373
-43.8,14.2,400000,44886,0.112215,151467,0.378667
-43.8,14.4,400000,45101,0.112753,152025,0.380063
-43.8,14.6,400000,44852,0.11213,152145,0.380362
-43.8,14.8,400000,45227,0.113068,152378,0.380945
-43.8,15,400000,45468,0.11367,152682,0.381705
-43.8,15.2,400000,45039,0.112598,151566,0.378915
-43.8,15.4,400000,44947,0.112367,152384,0.38096
-43.8,15.6,400000,45354,0.113385,152399,0.380997
-43.8,15.8,400000,44427,0.111067,152157,0.380393
-43.8,16,400000,44433,0.111083,152729,0.381823
-43.8,16.2,400000,44437,0.111092,152054,0.380135
-43.8,16.4,400000,44680,0.1117,151686,0.379215
-43.8,16.6,400000,44939,0.112348,152121,0.380302
-43.8,16.8,400000,45170,0.112925,152131,0.380327
-43.8,17,400000,44683,0.111708,151531,0.378827
-43.8,17.2,400000,45058,0.112645,151857,0.379642
-43.8,17.4,400000,44825,0.112062,151745,0.379362
-43.8,17.6,400000,44815,0.112037,151810,0.379525
-43.8,17.8,400000,44854,0.112135,151628,0.37907
-43.8,18,400000,44778,0.111945,152707,0.381767
-43.8,18.2,400000,44121,0.110302,151896,0.37974
-43.8,18.4,400000,44741,0.111852,151783,0.379458
-43.8,18.6,400000,44945,0.112363,152286,0.380715
-43.8,18.8,400000,44945,0.112363,152322,0.380805
-43.8,19,400000,44693,0.111732,152081,0.380202
-43.8,19.2,400000,44620,0.11155,151500,0.37875
-43.8,19.4,400000,44817,0.112043,152139,0.380348
-43.8,19.6,400000,44541,0.111352,152149,0.380373
-43.8,19.8,400000,44667,0.111668,151424,0.37856
-43.8,20,400000,44743,0.111857,151648,0.37912
-43.8,20.2,400000,44854,0.112135,151474,0.378685
-43.8,20.4,400000,44780,0.11195,151991,0.379978
-43.8,20.6,400000,44624,0.11156,152263,0.380657
-43.8,20.8,400000,44780,0.11195,152689,0.381723
-43.8,21,400000,44939,0.112348,152367,0.380918
-43.8,21.2,400000,45243,0.113107,152222,0.380555
-43.8,21.4,400000,44676,0.11169,152260,0.38065
-43.8,21.6,400000,44663,0.111658,151426,0.378565
-43.8,21.8,400000,45273,0.113183,151882,0.379705
-43.8,22,400000,45414,0.113535,152628,0.38157
-43.8,22.2,400000,44443,0.111107,151921,0.379802
-43.8,22.4,400000,44860,0.11215,152054,0.380135
-43.8,22.6,400000,45477,0.113693,152522,0.381305
-43.8,22.8,400000,44414,0.111035,152066,0.380165
-43.8,23,400000,44449,0.111122,151965,0.379912
-43.8,23.2,400000,44962,0.112405,151855,0.379638
-43.8,23.4,400000,44972,0.11243,152185,0.380462
-43.8,23.6,400000,44758,0.111895,152068,0.38017
-43.8,23.8,400000,44573,0.111433,151952,0.37988
-43.8,24,400000,44742,0.111855,152088,0.38022
-43.8,24.2,400000,44367,0.110918,152167,0.380418
-43.8,24.4,400000,44976,0.11244,152127,0.380317
-43.8,24.6,400000,45254,0.113135,152170,0.380425
-43.8,24.8,400000,45045,0.112613,151971,0.379927
-43.8,25,400000,45209,0.113022,152056,0.38014
-43.8,25.2,400000,44596,0.11149,152517,0.381292
-43.8,25.4,400000,44532,0.11133,152050,0.380125
-43.8,25.6,400000,44923,0.112308,152103,0.380258
-43.8,25.8,400000,44900,0.11225,151651,0.379128
-43.8,26,400000,45213,0.113032,152336,0.38084
-43.8,26.2,400000,44746,0.111865,151507,0.378767
-43.8,26.4,400000,44700,0.11175,151837,0.379592
-43.8,26.6,400000,45191,0.112977,152037,0.380092
-43.8,26.8,400000,45177,0.112943,151767,0.379418
-43.8,27,400000,44850,0.112125,152358,0.380895
-43.8,27.2,400000,44086,0.110215,151701,0.379252
-43.8,27.4,400000,44675,0.111687,151696,0.37924
-43.8,27.6,400000,44938,0.112345,152375,0.380937
-43.8,27.8,400000,44809,0.112022,152137,0.380342
-43.8,28,400000,44596,0.11149,152276,0.38069
-43.8,28.2,400000,44796,0.11199,152553,0.381383
-43.8,28.4,400000,44501,0.111253,151976,0.37994
-43.8,28.6,400000,44591,0.111477,152248,0.38062
-43.8,28.8,400000,45389,0.113473,152553,0.381383
-43.8,29,400000,44807,0.112018,151701,0.379252
-43.8,29.2,400000,45151,0.112878,152175,0.380437
-43.8,29.4,400000,44709,0.111772,152168,0.38042
-43.8,29.6,400000,45437,0.113592,152041,0.380103
-43.8,29.8,400000,44373,0.110933,151477,0.378692
-43.8,30,400000,44563,0.111408,151927,0.379817
-43.8,30.2,400000,44966,0.112415,151894,0.379735
-43.8,30.4,400000,44605,0.111513,152187,0.380468
-43.8,30.6,400000,45369,0.113422,152232,0.38058
-43.8,30.8,400000,44708,0.11177,152061,0.380153
-43.8,31,400000,44474,0.111185,152128,0.38032
-43.8,31.2,400000,44851,0.112128,152276,0.38069
-43.8,31.4,400000,44724,0.11181,152042,0.380105
-43.8,31.6,400000,45168,0.11292,152285,0.380713
-43.8,31.8,400000,44514,0.111285,152304,0.38076
-43.8,32,400000,45413,0.113532,151521,0.378802
-43.8,32.2,400000,45278,0.113195,152363,0.380908
-43.8,32.4,400000,44603,0.111507,152098,0.380245
-43.8,32.6,400000,44552,0.11138,151532,0.37883
-43.8,32.8,400000,44931,0.112327,151921,0.379802
-43.8,33,400000,44905,0.112263,152060,0.38015
-43.8,33.2,400000,44769,0.111922,151804,0.37951
-43.8,33.4,400000,44543,0.111357,151747,0.379368
-43.8,33.6,400000,44775,0.111937,152029,0.380072
-43.8,33.8,400000,44775,0.111937,153085,0.382713
-43.8,34,400000,44746,0.111865,152104,0.38026
-43.8,34.2,400000,45114,0.112785,151572,0.37893
-43.8,34.4,400000,44641,0.111602,152223,0.380557
-43.8,34.6,400000,44854,0.112135,152446,0.381115
-43.8,34.8,400000,44213,0.110533,152140,0.38035
-43.8,35,400000,45106,0.112765,152560,0.3814
-43.8,35.2,400000,44524,0.11131,151471,0.378678
-43.8,35.4,400000,45059,0.112647,151895,0.379738
-43.8,35.6,400000,44704,0.11176,151863,0.379657
-43.8,35.8,400000,44519,0.111297,151678,0.379195
-43.8,36,400000,45394,0.113485,152824,0.38206
-43.8,36.2,400000,44937,0.112342,152400,0.381
-43.8,36.4,400000,44605,0.111513,151710,0.379275
-43.8,36.6,400000,45205,0.113013,151935,0.379837
-43.8,36.8,400000,44881,0.112202,151989,0.379972
-43.8,37,400000,44643,0.111607,152035,0.380088
-43.8,37.2,400000,44866,0.112165,151818,0.379545
-43.8,37.4,400000,44867,0.112168,152245,0.380613
-43.8,37.6,400000,45045,0.112613,152046,0.380115
-43.8,37.8,400000,45085,0.112712,152404,0.38101
-43.8,38,400000,44318,0.110795,151878,0.379695
-43.8,38.2,400000,44711,0.111778,152117,0.380292
-43.8,38.4,400000,44654,0.111635,151846,0.379615
-43.8,38.6,400000,44796,0.11199,151827,0.379568
-43.8,38.8,400000,44758,0.111895,152227,0.380568
-43.8,39,400000,44825,0.112062,152222,0.380555
-43.8,39.2,400000,44956,0.11239,152307,0.380767
-43.8,39.4,400000,45062,0.112655,151872,0.37968
-43.8,39.6,400000,45196,0.11299,152232,0.38058
-43.8,39.8,400000,44972,0.11243,152659,0.381647
-43.8,40,400000,45104,0.11276,152316,0.38079
-43.8,40.2,400000,45190,0.112975,152185,0.380462
-43.8,40.4,400000,44915,0.112287,151845,0.379613
-43.8,40.6,400000,44768,0.11192,152768,0.38192
-43.8,40.8,400000,44549,0.111372,151838,0.379595
-43.8,41,400000,45251,0.113128,152439,0.381097
-43.8,41.2,400000,44380,0.11095,151629,0.379072
-43.8,41.4,400000,44581,0.111452,152079,0.380198
-43.8,41.6,400000,44836,0.11209,151769,0.379422
-43.8,41.8,400000,45110,0.112775,152020,0.38005
-43.8,42,400000,44821,0.112052,151861,0.379653
-43.8,42.2,400000,45114,0.112785,152446,0.381115
-43.8,42.4,400000,44950,0.112375,152316,0.38079
-43.8,42.6,400000,45010,0.112525,151559,0.378897
-43.8,42.8,400000,44440,0.1111,152173,0.380433
-43.8,43,400000,44872,0.11218,151897,0.379742
-43.8,43.2,400000,45133,0.112833,152025,0.380063
-43.8,43.4,400000,44577,0.111442,152521,0.381302
-43.8,43.6,400000,44501,0.111253,151700,0.37925
-43.8,43.8,400000,44540,0.11135,152232,0.38058
-43.8,44,400000,45149,0.112873,152196,0.38049
-43.8,44.2,400000,44377,0.110942,152215,0.380537
-43.8,44.4,400000,45166,0.112915,152366,0.380915
-43.8,44.6,400000,45220,0.11305,152487,0.381217
-43.8,44.8,400000,45050,0.112625,151817,0.379543
-43.8,45,400000,44903,0.112257,152417,0.381043
-43.8,45.2,400000,44939,0.112348,152063,0.380157
-43.8,45.4,400000,44803,0.112007,151547,0.378868
-43.8,45.6,400000,44759,0.111897,151747,0.379368
-43.8,45.8,400000,44683,0.111708,151783,0.379458
-43.8,46,400000,45383,0.113458,152406,0.381015
-43.8,46.2,400000,45330,0.113325,152409,0.381022
-43.8,46.4,400000,45366,0.113415,152525,0.381312
-43.8,46.6,400000,44529,0.111323,152431,0.381078
-43.8,46.8,400000,44740,0.11185,151710,0.379275
-43.8,47,400000,44763,0.111907,151946,0.379865
-43.8,47.2,400000,44334,0.110835,151852,0.37963
-43.8,47.4,400000,44735,0.111838,152502,0.381255
-43.8,47.6,400000,44510,0.111275,151979,0.379947
-43.8,47.8,400000,44575,0.111437,152192,0.38048
-43.8,48,400000,44552,0.11138,152025,0.380063
-43.8,48.2,400000,44540,0.11135,151710,0.379275
-43.8,48.4,400000,45102,0.112755,152356,0.38089
-43.8,48.6,400000,44922,0.112305,152161,0.380402
-43.8,48.8,400000,45490,0.113725,152383,0.380958
-43.8,49,400000,44855,0.112138,152659,0.381647
-43.8,49.2,400000,44513,0.111283,151852,0.37963
-43.8,49.4,400000,44598,0.111495,152097,0.380242
-43.8,49.6,400000,44874,0.112185,152427,0.381068
-43.8,49.8,400000,44719,0.111797,152147,0.380368
-43.8,50,400000,44666,0.111665,152083,0.380207
-43.6,-50,400000,44793,0.111982,151840,0.3796
-43.6,-49.8,400000,45036,0.11259,152167,0.380418
-43.6,-49.6,400000,44832,0.11208,151883,0.379707
-43.6,-49.4,400000,44591,0.111477,152088,0.38022
-43.6,-49.2,400000,44772,0.11193,151590,0.378975
-43.6,-49,400000,44811,0.112028,152138,0.380345
-43.6,-48.8,400000,44798,0.111995,152072,0.38018
-43.6,-48.6,400000,44678,0.111695,152087,0.380217
-43.6,-48.4,400000,44416,0.11104,151740,0.37935
-43.6,-48.2,400000,44838,0.112095,151861,0.379653
-43.6,-48,400000,44607,0.111518,151680,0.3792
-43.6,-47.8,400000,44809,0.112022,151744,0.37936
-43.6,-47.6,400000,44763,0.111907,151897,0.379742
-43.6,-47.4,400000,44798,0.111995,152839,0.382097
-43.6,-47.2,400000,44555,0.111388,151997,0.379993
-43.6,-47,400000,44608,0.11152,151307,0.378267
-43.6,-46.8,400000,44979,0.112448,152177,0.380443
-43.6,-46.6,400000,44495,0.111238,151517,0.378792
-43.6,-46.4,400000,44716,0.11179,151508,0.37877
-43.6,-46.2,400000,45115,0.112787,151714,0.379285
-43.6,-46,400000,44614,0.111535,152096,0.38024
-43.6,-45.8,400000,44789,0.111973,151479,0.378698
-43.6,-45.6,400000,44731,0.111827,152199,0.380497
-43.6,-45.4,400000,45153,0.112882,152679,0.381698
-43.6,-45.2,400000,45459,0.113647,152497,0.381242
-43.6,-45,400000,44426,0.111065,152102,0.380255
-43.6,-44.8,400000,45316,0.11329,152152,0.38038
-43.6,-44.6,400000,44804,0.11201,152237,0.380593
-43.6,-44.4,400000,44851,0.112128,152246,0.380615
-43.6,-44.2,400000,45063,0.112657,152374,0.380935
-43.6,-44,400000,44646,0.111615,152042,0.380105
-43.6,-43.8,400000,45033,0.112583,152185,0.380462
-43.6,-43.6,400000,45001,0.112503,151964,0.37991
-43.6,-43.4,400000,45177,0.112943,152321,0.380802
-43.6,-43.2,400000,45078,0.112695,152009,0.380022
-43.6,-43,400000,44744,0.11186,151283,0.378207
-43.6,-42.8,400000,44583,0.111458,152250,0.380625
-43.6,-42.6,400000,44872,0.11218,151958,0.379895
-43.6,-42.4,400000,44787,0.111967,152231,0.380578
-43.6,-42.2,400000,44279,0.110698,151784,0.37946
-43.6,-42,400000,45022,0.112555,152473,0.381182
-43.6,-41.8,400000,44683,0.111708,152006,0.380015
-43.6,-41.6,400000,44739,0.111848,151926,0.379815
-43.6,-41.4,400000,44962,0.112405,152138,0.380345
-43.6,-41.2,400000,45061,0.112653,152026,0.380065
-43.6,-41,400000,45028,0.11257,152102,0.380255
-43.6,-40.8,400000,44815,0.112037,152093,0.380232
-43.6,-40.6,400000,44777,0.111943,152302,0.380755
-43.6,-40.4,400000,44764,0.11191,151701,0.379252
-43.6,-40.2,400000,44691,0.111727,151860,0.37965
-43.6,-40,400000,44770,0.111925,152335,0.380837
-43.6,-39.8,400000,44586,0.111465,151979,0.379947
-43.6,-39.6,400000,44813,0.112032,152104,0.38026
-43.6,-39.4,400000,44560,0.1114,151598,0.378995
-43.6,-39.2,400000,44504,0.11126,152142,0.380355
-43.6,-39,400000,45002,0.112505,152038,0.380095
-43.6,-38.8,400000,44644,0.11161,152146,0.380365
-43.6,-38.6,400000,44966,0.112415,152047,0.380117
-43.6,-38.4,400000,44741,0.111852,151947,0.379868
-43.6,-38.2,400000,45133,0.112833,152871,0.382178
-43.6,-38,400000,45018,0.112545,152167,0.380418
-43.6,-37.8,400000,44989,0.112473,152220,0.38055
-43.6,-37.6,400000,44981,0.112452,151903,0.379758
-43.6,-37.4,400000,44678,0.111695,151614,0.379035
-43.6,-37.2,400000,45194,0.112985,152157,0.380393
-43.6,-37,400000,44618,0.111545,151948,0.37987
-43.6,-36.8,400000,44616,0.11154,151680,0.3792
-43.6,-36.6,400000,44423,0.111058,152245,0.380613
-43.6,-36.4,400000,44506,0.111265,151382,0.378455
-43.6,-36.2,400000,44619,0.111547,151851,0.379628
-43.6,-36,400000,44931,0.112327,151807,0.379518
-43.6,-35.8,400000,44220,0.11055,151309,0.378273
-43.6,-35.6,400000,44688,0.11172,152304,0.38076
-43.6,-35.4,400000,45272,0.11318,152015,0.380037
-43.6,-35.2,400000,44956,0.11239,151524,0.37881
-43.6,-35,400000,44852,0.11213,152130,0.380325
-43.6,-34.8,400000,45417,0.113543,152311,0.380777
-43.6,-34.6,400000,44702,0.111755,151932,0.37983
-43.6,-34.4,400000,44849,0.112122,152146,0.380365
-43.6,-34.2,400000,44453,0.111132,152356,0.38089
-43.6,-34,400000,45131,0.112827,152652,0.38163
-43.6,-33.8,400000,44872,0.11218,152218,0.380545
-43.6,-33.6,400000,45133,0.112833,151831,0.379578
-43.6,-33.4,400000,44657,0.111643,151922,0.379805
-43.6,-33.2,400000,45109,0.112772,152251,0.380628
-43.6,-33,400000,44508,0.11127,152127,0.380317
-43.6,-32.8,400000,45183,0.112958,152151,0.380377
-43.6,-32.6,400000,45240,0.1131,152226,0.380565
-43.6,-32.4,400000,45054,0.112635,151865,0.379663
-43.6,-32.2,400000,45343,0.113357,152465,0.381163
-43.6,-32,400000,45027,0.112568,151722,0.379305
-43.6,-31.8,400000,45509,0.113772,152268,0.38067
-43.6,-31.6,400000,45168,0.11292,152169,0.380422
-43.6,-31.4,400000,44792,0.11198,152256,0.38064
-43.6,-31.2,400000,44447,0.111117,151867,0.379667
-43.6,-31,400000,44605,0.111513,151551,0.378877
-43.6,-30.8,400000,45274,0.113185,152564,0.38141
-43.6,-30.6,400000,45240,0.1131,151911,0.379777
-43.6,-30.4,400000,44534,0.111335,151538,0.378845
-43.6,-30.2,400000,45051,0.112628,152201,0.380503
-43.6,-30,400000,44986,0.112465,152561,0.381402
-43.6,-29.8,400000,44913,0.112282,152577,0.381443
-43.6,-29.6,400000,44575,0.111437,151422,0.378555
-43.6,-29.4,400000,44819,0.112047,151862,0.379655
-43.6,-29.2,400000,44938,0.112345,151910,0.379775
-43.6,-29,400000,44923,0.112308,152393,0.380983
-43.6,-28.8,400000,44679,0.111698,151812,0.37953
-43.6,-28.6,400000,44633,0.111583,152039,0.380097
-43.6,-28.4,400000,44325,0.110812,152159,0.380397
-43.6,-28.2,400000,45004,0.11251,152511,0.381277
-43.6,-28,400000,44839,0.112098,151811,0.379528
-43.6,-27.8,400000,44498,0.111245,151785,0.379462
-43.6,-27.6,400000,44927,0.112318,152249,0.380622
-43.6,-27.4,400000,44778,0.111945,151701,0.379252
-43.6,-27.2,400000,44653,0.111632,152092,0.38023
-43.6,-27,400000,44803,0.112007,152010,0.380025
-43.6,-26.8,400000,44581,0.111452,152286,0.380715
-43.6,-26.6,400000,45671,0.114178,152326,0.380815
-43.6,-26.4,400000,45095,0.112738,151916,0.37979
-43.6,-26.2,400000,44918,0.112295,152532,0.38133
-43.6,-26,400000,44893,0.112232,151748,0.37937
-43.6,-25.8,400000,45336,0.11334,152656,0.38164
-43.6,-25.6,400000,44584,0.11146,152091,0.380227
-43.6,-25.4,400000,44646,0.111615,151751,0.379377
-43.6,-25.2,400000,44915,0.112287,152088,0.38022
-43.6,-25,400000,44702,0.111755,152453,0.381132
-43.6,-24.8,400000,45257,0.113142,152200,0.3805
-43.6,-24.6,400000,44682,0.111705,152007,0.380018
-43.6,-24.4,400000,44686,0.111715,152362,0.380905
-43.6,-24.2,400000,44952,0.11238,152066,0.380165
-43.6,-24,400000,45127,0.112818,152223,0.380557
-43.6,-23.8,400000,45008,0.11252,152341,0.380852
-43.6,-23.6,400000,44577,0.111442,151557,0.378893
-43.6,-23.4,400000,44968,0.11242,152096,0.38024
-43.6,-23.2,400000,45003,0.112507,151961,0.379902
-43.6,-23,400000,45233,0.113083,152039,0.380097
-43.6,-22.8,400000,44684,0.11171,151596,0.37899
-43.6,-22.6,400000,44882,0.112205,151439,0.378597
-43.6,-22.4,400000,44554,0.111385,152743,0.381858
-43.6,-22.2,400000,44985,0.112463,152314,0.380785
-43.6,-22,400000,45171,0.112928,152518,0.381295
-43.6,-21.8,400000,44798,0.111995,152146,0.380365
-43.6,-21.6,400000,45493,0.113733,152671,0.381678
-43.6,-21.4,400000,44612,0.11153,152223,0.380557
-43.6,-21.2,400000,44550,0.111375,152337,0.380842
-43.6,-21,400000,45034,0.112585,151985,0.379962
-43.6,-20.8,400000,44226,0.110565,150930,0.377325
-43.6,-20.6,400000,45112,0.11278,152202,0.380505
-43.6,-20.4,400000,44566,0.111415,151830,0.379575
-43.6,-20.2,400000,45204,0.11301,152349,0.380873
-43.6,-20,400000,44892,0.11223,151964,0.37991
-43.6,-19.8,400000,44662,0.111655,152018,0.380045
-43.6,-19.6,400000,44716,0.11179,152227,0.380568
-43.6,-19.4,400000,45185,0.112962,152243,0.380607
-43.6,-19.2,400000,45074,0.112685,152394,0.380985
-43.6,-19,400000,44523,0.111308,151996,0.37999
-43.6,-18.8,400000,44617,0.111543,151674,0.379185
-43.6,-18.6,400000,44879,0.112198,152171,0.380427
-43.6,-18.4,400000,44746,0.111865,151918,0.379795
-43.6,-18.2,400000,44751,0.111878,152129,0.380323
-43.6,-18,400000,44591,0.111477,152045,0.380113
-43.6,-17.8,400000,45127,0.112818,152420,0.38105
-43.6,-17.6,400000,44650,0.111625,152107,0.380267
-43.6,-17.4,400000,44608,0.11152,152399,0.380997
-43.6,-17.2,400000,45277,0.113193,152507,0.381267
-43.6,-17,400000,45162,0.112905,152742,0.381855
-43.6,-16.8,400000,44880,0.1122,152069,0.380173
-43.6,-16.6,400000,44436,0.11109,151263,0.378157
-43.6,-16.4,400000,44740,0.11185,152506,0.381265
-43.6,-16.2,400000,44197,0.110492,151707,0.379267
-43.6,-16,400000,44539,0.111348,152405,0.381012
-43.6,-15.8,400000,44877,0.112193,152143,0.380358
-43.6,-15.6,400000,44842,0.112105,152392,0.38098
-43.6,-15.4,400000,44786,0.111965,152215,0.380537
-43.6,-15.2,400000,44419,0.111047,151635,0.379088
-43.6,-15,400000,45487,0.113717,152262,0.380655
-43.6,-14.8,400000,44741,0.111852,152101,0.380252
-43.6,-14.6,400000,44903,0.112257,152187,0.380468
-43.6,-14.4,400000,44739,0.111848,151829,0.379572
-43.6,-14.2,400000,45052,0.11263,152246,0.380615
-43.6,-14,400000,44563,0.111408,151720,0.3793
-43.6,-13.8,400000,44836,0.11209,152338,0.380845
-43.6,-13.6,400000,45119,0.112797,151995,0.379987
-43.6,-13.4,400000,44911,0.112278,151715,0.379287
-43.6,-13.2,400000,44532,0.11133,151834,0.379585
-43.6,-13,400000,44147,0.110367,151913,0.379783
-43.6,-12.8,400000,45002,0.112505,151630,0.379075
-43.6,-12.6,400000,44805,0.112013,152081,0.380202
-43.6,-12.4,400000,44957,0.112393,151702,0.379255
-43.6,-12.2,400000,44589,0.111473,151679,0.379198
-43.6,-12,400000,45300,0.11325,152277,0.380692
-43.6,-11.8,400000,44935,0.112338,152161,0.380402
-43.6,-11.6,400000,44776,0.11194,152148,0.38037
-43.6,-11.4,400000,44793,0.111982,152025,0.380063
-43.6,-11.2,400000,44801,0.112003,152276,0.38069
-43.6,-11,400000,44571,0.111427,151758,0.379395
-43.6,-10.8,400000,44729,0.111823,152273,0.380682
-43.6,-10.6,400000,44773,0.111933,151849,0.379622
-43.6,-10.4,400000,44981,0.112452,151712,0.37928
-43.6,-10.2,400000,44254,0.110635,151449,0.378622
-43.6,-10,400000,45120,0.1128,152236,0.38059
-43.6,-9.8,400000,45105,0.112763,152039,0.380097
-43.6,-9.6,400000,44675,0.111687,151946,0.379865
-43.6,-9.4,400000,44127,0.110317,151197,0.377993
-43.6,-9.2,400000,44099,0.110247,151787,0.379468
-43.6,-9,400000,44830,0.112075,152571,0.381427
-43.6,-8.8,400000,44715,0.111787,152464,0.38116
-43.6,-8.6,400000,45316,0.11329,152235,0.380588
-43.6,-8.4,400000,44431,0.111077,151636,0.37909
-43.6,-8.2,400000,44837,0.112092,152395,0.380987
-43.6,-8,400000,44996,0.11249,151647,0.379117
-43.6,-7.8,400000,44830,0.112075,151870,0.379675
-43.6,-7.6,400000,44894,0.112235,152176,0.38044
-43.6,-7.4,400000,45139,0.112848,152432,0.38108
-43.6,-7.2,400000,44060,0.11015,151760,0.3794
-43.6,-7,400000,44704,0.11176,151694,0.379235
-43.6,-6.8,400000,45264,0.11316,151730,0.379325
-43.6,-6.6,400000,44505,0.111263,152231,0.380578
-43.6,-6.4,400000,45009,0.112522,151850,0.379625
-43.6,-6.2,400000,44484,0.11121,151451,0.378628
-43.6,-6,400000,45112,0.11278,152453,0.381132
-43.6,-5.8,400000,44722,0.111805,152432,0.38108
-43.6,-5.6,400000,45233,0.113083,152322,0.380805
-43.6,-5.4,400000,44822,0.112055,152178,0.380445
-43.6,-5.2,400000,45149,0.112873,152165,0.380412
-43.6,-5,400000,44743,0.111857,152144,0.38036
-43.6,-4.8,400000,44508,0.11127,150821,0.377053
-43.6,-4.6,400000,45412,0.11353,151794,0.379485
-43.6,-4.4,400000,45292,0.11323,152389,0.380972
-43.6,-4.2,400000,45158,0.112895,152923,0.382308
-43.6,-4,400000,44952,0.11238,151988,0.37997
-43.6,-3.8,400000,44964,0.11241,151634,0.379085
-43.6,-3.6,400000,45257,0.113142,152372,0.38093
-43.6,-3.4,400000,44615,0.111537,152370,0.380925
-43.6,-3.2,400000,44696,0.11174,152110,0.380275
-43.6,-3,400000,44923,0.112308,151933,0.379833
-43.6,-2.8,400000,44726,0.111815,152166,0.380415
-43.6,-2.6,400000,45141,0.112852,152168,0.38042
-43.6,-2.4,400000,45052,0.11263,152554,0.381385
-43.6,-2.2,400000,44841,0.112102,152651,0.381628
-43.6,-2,400000,44788,0.11197,152241,0.380603
-43.6,-1.8,400000,45000,0.1125,152003,0.380007
-43.6,-1.6,400000,44982,0.112455,152250,0.380625
-43.6,-1.4,400000,45263,0.113157,151945,0.379862
-43.6,-1.2,400000,45336,0.11334,152229,0.380572
-43.6,-1,400000,44324,0.11081,152299,0.380748
-43.6,-0.8,400000,45323,0.113308,152034,0.380085
-43.6,-0.6,400000,44227,0.110567,152036,0.38009
-43.6,-0.4,400000,44577,0.111442,151525,0.378812
-43.6,-0.2,400000,45331,0.113327,152443,0.381107
-43.6,0,400000,44922,0.112305,151887,0.379717
-43.6,0.2,400000,45137,0.112842,152184,0.38046
-43.6,0.4,400000,44357,0.110893,151708,0.37927
-43.6,0.6,400000,44580,0.11145,151934,0.379835
-43.6,0.8,400000,44756,0.11189,151560,0.3789
-43.6,1,400000,44956,0.11239,151969,0.379922
-43.6,1.2,400000,45198,0.112995,152077,0.380192
-43.6,1.4,400000,45352,0.11338,151972,0.37993
-43.6,1.6,400000,44717,0.111793,152194,0.380485
-43.6,1.8,400000,44371,0.110927,151943,0.379858
-43.6,2,400000,44590,0.111475,151630,0.379075
-43.6,2.2,400000,45290,0.113225,152214,0.380535
-43.6,2.4,400000,44967,0.112418,151992,0.37998
-43.6,2.6,400000,44606,0.111515,151910,0.379775
-43.6,2.8,400000,45230,0.113075,153051,0.382628
-43.6,3,400000,45278,0.113195,152427,0.381068
-43.6,3.2,400000,45047,0.112617,152517,0.381292
-43.6,3.4,400000,44517,0.111293,152022,0.380055
-43.6,3.6,400000,44787,0.111967,151871,0.379678
-43.6,3.8,400000,45262,0.113155,152720,0.3818
-43.6,4,400000,44861,0.112153,152073,0.380182
-43.6,4.2,400000,45121,0.112802,152323,0.380808
-43.6,4.4,400000,45059,0.112647,152350,0.380875
-43.6,4.6,400000,44520,0.1113,151555,0.378887
-43.6,4.8,400000,44974,0.112435,151935,0.379837
-43.6,5,400000,44481,0.111202,151597,0.378993
-43.6,5.2,400000,44850,0.112125,152454,0.381135
-43.6,5.4,400000,44789,0.111973,151843,0.379607
-43.6,5.6,400000,44996,0.11249,152481,0.381202
-43.6,5.8,400000,44998,0.112495,152179,0.380447
-43.6,6,400000,44589,0.111473,152332,0.38083
-43.6,6.2,400000,44855,0.112138,151760,0.3794
-43.6,6.4,400000,44820,0.11205,152577,0.381443
-43.6,6.6,400000,44363,0.110908,151884,0.37971
-43.6,6.8,400000,44943,0.112357,151897,0.379742
-43.6,7,400000,45071,0.112677,152038,0.380095
-43.6,7.2,400000,44749,0.111872,152077,0.380192
-43.6,7.4,400000,45129,0.112823,152016,0.38004
-43.6,7.6,400000,44263,0.110658,151315,0.378287
-43.6,7.8,400000,45476,0.11369,152659,0.381647
-43.6,8,400000,44443,0.111107,151755,0.379387
-43.6,8.2,400000,44632,0.11158,151834,0.379585
-43.6,8.4,400000,45397,0.113492,152209,0.380522
-43.6,8.6,400000,44367,0.110918,152277,0.380692
-43.6,8.8,400000,44745,0.111863,152078,0.380195
-43.6,9,400000,45346,0.113365,151831,0.379578
-43.6,9.2,400000,44768,0.11192,151609,0.379022
-43.6,9.4,400000,45006,0.112515,152432,0.38108
-43.6,9.6,400000,45243,0.113107,152045,0.380113
-43.6,9.8,400000,44776,0.11194,152228,0.38057
-43.6,10,400000,45328,0.11332,152295,0.380738
-43.6,10.2,400000,44623,0.111558,152365,0.380912
-43.6,10.4,400000,44889,0.112223,151959,0.379897
-43.6,10.6,400000,44823,0.112058,151585,0.378962
-43.6,10.8,400000,44862,0.112155,152019,0.380047
-43.6,11,400000,44593,0.111482,151709,0.379273
-43.6,11.2,400000,44935,0.112338,151897,0.379742
-43.6,11.4,400000,44611,0.111528,151564,0.37891
-43.6,11.6,400000,44790,0.111975,152589,0.381472
-43.6,11.8,400000,45141,0.112852,152196,0.38049
-43.6,12,400000,44846,0.112115,152387,0.380968
-43.6,12.2,400000,44503,0.111257,151755,0.379387
-43.6,12.4,400000,44813,0.112032,151867,0.379667
-43.6,12.6,400000,44721,0.111802,152008,0.38002
-43.6,12.8,400000,44960,0.1124,152011,0.380028
-43.6,13,400000,44489,0.111223,151690,0.379225
-43.6,13.2,400000,44752,0.11188,151479,0.378698
-43.6,13.4,400000,45162,0.112905,152122,0.380305
-43.6,13.6,400000,44572,0.11143,152322,0.380805
-43.6,13.8,400000,44519,0.111297,151944,0.37986
-43.6,14,400000,45105,0.112763,152384,0.38096
-43.6,14.2,400000,45037,0.112592,152408,0.38102
-43.6,14.4,400000,44356,0.11089,151899,0.379748
-43.6,14.6,400000,44676,0.11169,152113,0.380283
-43.6,14.8,400000,44386,0.110965,151594,0.378985
-43.6,15,400000,44798,0.111995,151869,0.379673
-43.6,15.2,400000,44912,0.11228,152352,0.38088
-43.6,15.4,400000,45020,0.11255,152189,0.380472
-43.6,15.6,400000,44724,0.11181,152011,0.380028
-43.6,15.8,400000,45318,0.113295,152583,0.381458
-43.6,16,400000,44960,0.1124,152329,0.380823
-43.6,16.2,400000,44742,0.111855,152010,0.380025
-43.6,16.4,400000,45055,0.112638,152305,0.380763
-43.6,16.6,400000,44943,0.112357,152456,0.38114
-43.6,16.8,400000,45016,0.11254,152002,0.380005
-43.6,17,400000,45009,0.112522,152093,0.380232
-43.6,17.2,400000,44815,0.112037,152307,0.380767
-43.6,17.4,400000,44541,0.111352,152049,0.380122
-43.6,17.6,400000,44269,0.110672,151615,0.379038
-43.6,17.8,400000,44831,0.112077,152053,0.380132
-43.6,18,400000,45033,0.112583,152201,0.380503
-43.6,18.2,400000,44955,0.112388,152120,0.3803
-43.6,18.4,400000,44554,0.111385,151482,0.378705
-43.6,18.6,400000,45040,0.1126,152329,0.380823
-43.6,18.8,400000,44713,0.111783,152416,0.38104
-43.6,19,400000,44317,0.110793,151587,0.378968
-43.6,19.2,400000,44327,0.110817,151829,0.379572
-43.6,19.4,400000,44865,0.112162,151714,0.379285
-43.6,19.6,400000,45337,0.113342,152158,0.380395
-43.6,19.8,400000,44829,0.112073,151771,0.379427
-43.6,20,400000,44903,0.112257,151716,0.37929
-43.6,20.2,400000,44586,0.111465,151832,0.37958
-43.6,20.4,400000,44533,0.111333,151856,0.37964
-43.6,20.6,400000,44700,0.11175,152144,0.38036
-43.6,20.8,400000,45109,0.112772,152457,0.381142
-43.6,21,400000,44902,0.112255,152042,0.380105
-43.6,21.2,400000,45301,0.113253,152659,0.381647
-43.6,21.4,400000,44869,0.112172,152572,0.38143
-43.6,21.6,400000,45014,0.112535,152013,0.380032
-43.6,21.8,400000,44869,0.112172,152079,0.380198
-43.6,22,400000,44997,0.112492,151716,0.37929
-43.6,22.2,400000,45061,0.112653,151998,0.379995
-43.6,22.4,400000,44309,0.110772,152036,0.38009
-43.6,22.6,400000,44559,0.111397,151921,0.379802
-43.6,22.8,400000,44620,0.11155,151793,0.379483
-43.6,23,400000,44750,0.111875,152051,0.380128
-43.6,23.2,400000,45311,0.113278,152529,0.381323
-43.6,23.4,400000,44468,0.11117,151925,0.379812
-43.6,23.6,400000,45169,0.112922,152484,0.38121
-43.6,23.8,400000,44936,0.11234,152256,0.38064
-43.6,24,400000,45208,0.11302,152561,0.381402
-43.6,24.2,400000,44737,0.111842,152437,0.381093
-43.6,24.4,400000,44686,0.111715,152567,0.381418
-43.6,24.6,400000,44611,0.111528,152247,0.380617
-43.6,24.8,400000,45254,0.113135,152654,0.381635
-43.6,25,400000,45047,0.112617,151897,0.379742
-43.6,25.2,400000,44731,0.111827,151838,0.379595
-43.6,25.4,400000,44862,0.112155,152015,0.380037
-43.6,25.6,400000,44664,0.11166,151857,0.379642
-43.6,25.8,400000,44978,0.112445,151493,0.378733
-43.6,26,400000,44860,0.11215,151630,0.379075
-43.6,26.2,400000,45332,0.11333,151828,0.37957
-43.6,26.4,400000,44796,0.11199,152042,0.380105
-43.6,26.6,400000,44744,0.11186,152471,0.381178
-43.6,26.8,400000,44702,0.111755,151946,0.379865
-43.6,27,400000,44797,0.111992,152241,0.380603
-43.6,27.2,400000,44999,0.112498,152293,0.380732
-43.6,27.4,400000,45018,0.112545,152617,0.381543
-43.6,27.6,400000,44729,0.111823,152037,0.380092
-43.6,27.8,400000,44931,0.112327,152209,0.380522
-43.6,28,400000,44849,0.112122,152162,0.380405
-43.6,28.2,400000,44047,0.110117,151571,0.378927
-43.6,28.4,400000,44946,0.112365,151962,0.379905
-43.6,28.6,400000,44989,0.112473,152009,0.380022
-43.6,28.8,400000,45165,0.112912,152201,0.380503
-43.6,29,400000,44632,0.11158,151772,0.37943
-43.6,29.2,400000,44987,0.112467,152421,0.381053
-43.6,29.4,400000,45435,0.113587,153010,0.382525
-43.6,29.6,400000,44952,0.11238,151749,0.379373
-43.6,29.8,400000,44389,0.110973,151776,0.37944
-43.6,30,400000,44826,0.112065,152034,0.380085
-43.6,30.2,400000,44875,0.112187,152751,0.381877
-43.6,30.4,400000,44446,0.111115,152259,0.380648
-43.6,30.6,400000,45145,0.112863,152290,0.380725
-43.6,30.8,400000,44514,0.111285,152243,0.380607
-43.6,31,400000,45206,0.113015,151368,0.37842
-43.6,31.2,400000,44901,0.112253,152237,0.380593
-43.6,31.4,400000,44684,0.11171,152574,0.381435
-43.6,31.6,400000,44979,0.112448,152058,0.380145
-43.6,31.8,400000,44353,0.110882,152045,0.380113
-43.6,32,400000,45010,0.112525,151669,0.379173
-43.6,32.2,400000,44891,0.112227,152715,0.381788
-43.6,32.4,400000,44919,0.112297,152034,0.380085
-43.6,32.6,400000,45085,0.112712,152334,0.380835
-43.6,32.8,400000,44923,0.112308,151908,0.37977
-43.6,33,400000,44596,0.11149,151578,0.378945
-43.6,33.2,400000,44791,0.111977,152365,0.380912
-43.6,33.4,400000,44818,0.112045,152400,0.381
-43.6,33.6,400000,45070,0.112675,151793,0.379483
-43.6,33.8,400000,44719,0.111797,151890,0.379725
-43.6,34,400000,44997,0.112492,152311,0.380777
-43.6,34.2,400000,44992,0.11248,151878,0.379695
-43.6,34.4,400000,44800,0.112,151985,0.379962
-43.6,34.6,400000,44988,0.11247,152274,0.380685
-43.6,34.8,400000,45055,0.112638,152135,0.380337
-43.6,35,400000,45403,0.113507,152636,0.38159
-43.6,35.2,400000,44864,0.11216,152520,0.3813
-43.6,35.4,400000,45215,0.113037,152846,0.382115
-43.6,35.6,400000,45167,0.112918,152367,0.380918
-43.6,35.8,400000,45189,0.112973,152283,0.380707
-43.6,36,400000,44845,0.112113,151915,0.379788
-43.6,36.2,400000,45068,0.11267,152735,0.381837
-43.6,36.4,400000,45205,0.113013,152428,0.38107
-43.6,36.6,400000,45058,0.112645,152314,0.380785
-43.6,36.8,400000,44395,0.110988,151713,0.379283
-43.6,37,400000,44818,0.112045,152303,0.380758
-43.6,37.2,400000,44379,0.110948,151297,0.378242
-43.6,37.4,400000,45018,0.112545,152427,0.381068
-43.6,37.6,400000,45296,0.11324,152342,0.380855
-43.6,37.8,400000,44689,0.111723,151953,0.379883
-43.6,38,400000,44715,0.111787,151939,0.379848
-43.6,38.2,400000,44881,0.112202,151814,0.379535
-43.6,38.4,400000,44954,0.112385,152089,0.380223
-43.6,38.6,400000,45206,0.113015,151971,0.379927
-43.6,38.8,400000,44665,0.111662,151789,0.379472
-43.6,39,400000,44444,0.11111,151873,0.379682
-43.6,39.2,400000,44422,0.111055,152466,0.381165
-43.6,39.4,400000,44498,0.111245,151722,0.379305
-43.6,39.6,400000,44652,0.11163,152104,0.38026
-43.6,39.8,400000,45006,0.112515,151597,0.378993
-43.6,40,400000,44212,0.11053,152131,0.380327
-43.6,40.2,400000,45441,0.113602,151903,0.379758
-43.6,40.4,400000,44805,0.112013,152291,0.380727
-43.6,40.6,400000,45222,0.113055,152323,0.380808
-43.6,40.8,400000,44519,0.111297,151464,0.37866
-43.6,41,400000,44744,0.11186,151928,0.37982
-43.6,41.2,400000,44851,0.112128,151994,0.379985
-43.6,41.4,400000,44965,0.112412,152083,0.380207
-43.6,41.6,400000,45087,0.112717,152083,0.380207
-43.6,41.8,400000,45464,0.11366,152382,0.380955
-43.6,42,400000,45158,0.112895,152261,0.380653
-43.6,42.2,400000,44883,0.112208,152346,0.380865
-43.6,42.4,400000,44973,0.112433,151735,0.379337
-43.6,42.6,400000,45017,0.112543,152492,0.38123
-43.6,42.8,400000,45089,0.112723,152380,0.38095
-43.6,43,400000,44439,0.111098,152251,0.380628
-43.6,43.2,400000,45036,0.11259,152343,0.380858
-43.6,43.4,400000,44742,0.111855,151533,0.378833
-43.6,43.6,400000,44862,0.112155,152124,0.38031
-43.6,43.8,400000,44869,0.112172,152090,0.380225
-43.6,44,400000,45178,0.112945,152570,0.381425
-43.6,44.2,400000,45337,0.113342,152740,0.38185
-43.6,44.4,400000,45016,0.11254,151837,0.379592
-43.6,44.6,400000,44376,0.11094,152121,0.380302
-43.6,44.8,400000,44380,0.11095,151891,0.379727
-43.6,45,400000,44827,0.112068,152407,0.381018
-43.6,45.2,400000,44852,0.11213,151610,0.379025
-43.6,45.4,400000,44828,0.11207,152110,0.380275
-43.6,45.6,400000,44789,0.111973,152206,0.380515
-43.6,45.8,400000,44392,0.11098,151422,0.378555
-43.6,46,400000,44840,0.1121,152001,0.380003
-43.6,46.2,400000,44726,0.111815,152107,0.380267
-43.6,46.4,400000,44831,0.112077,151641,0.379103
-43.6,46.6,400000,44428,0.11107,151422,0.378555
-43.6,46.8,400000,45206,0.113015,152361,0.380902
-43.6,47,400000,44683,0.111708,151491,0.378727
-43.6,47.2,400000,44982,0.112455,151835,0.379588
-43.6,47.4,400000,45186,0.112965,151975,0.379937
-43.6,47.6,400000,44804,0.11201,152305,0.380763
-43.6,47.8,400000,44358,0.110895,151844,0.37961
-43.6,48,400000,44770,0.111925,151481,0.378702
-43.6,48.2,400000,44872,0.11218,151504,0.37876
-43.6,48.4,400000,44680,0.1117,151722,0.379305
-43.6,48.6,400000,44329,0.110823,152223,0.380557
-43.6,48.8,400000,44775,0.111937,151629,0.379072
-43.6,49,400000,44405,0.111013,152042,0.380105
-43.6,49.2,400000,44511,0.111278,151975,0.379937
-43.6,49.4,400000,44852,0.11213,152259,0.380648
-43.6,49.6,400000,44363,0.110908,151818,0.379545
-43.6,49.8,400000,44273,0.110683,151971,0.379927
-43.6,50,400000,44605,0.111513,152091,0.380227
-43.4,-50,400000,44424,0.11106,152054,0.380135
-43.4,-49.8,400000,45058,0.112645,152552,0.38138
-43.4,-49.6,400000,44559,0.111397,152093,0.380232
-43.4,-49.4,400000,45062,0.112655,152604,0.38151
-43.4,-49.2,400000,45296,0.11324,151851,0.379628
-43.4,-49,400000,45085,0.112712,152154,0.380385
-43.4,-48.8,400000,45199,0.112998,151941,0.379852
-43.4,-48.6,400000,44804,0.11201,152010,0.380025
-43.4,-48.4,400000,45155,0.112888,151993,0.379983
-43.4,-48.2,400000,44740,0.11185,152134,0.380335
-43.4,-48,400000,45015,0.112537,152456,0.38114
-43.4,-47.8,400000,45220,0.11305,151968,0.37992
-43.4,-47.6,400000,44644,0.11161,151622,0.379055
-43.4,-47.4,400000,44805,0.112013,151806,0.379515
-43.4,-47.2,400000,44775,0.111937,151997,0.379993
-43.4,-47,400000,44988,0.11247,152578,0.381445
-43.4,-46.8,400000,44353,0.110882,151873,0.379682
-43.4,-46.6,400000,45263,0.113157,152734,0.381835
-43.4,-46.4,400000,44889,0.112223,151332,0.37833
-43.4,-46.2,400000,45018,0.112545,152028,0.38007
-43.4,-46,400000,44812,0.11203,151695,0.379238
-43.4,-45.8,400000,44631,0.111577,152761,0.381902
-43.4,-45.6,400000,44633,0.111583,152239,0.380597
-43.4,-45.4,400000,44264,0.11066,151978,0.379945
-43.4,-45.2,400000,44715,0.111787,151500,0.37875
-43.4,-45,400000,44748,0.11187,151752,0.37938
-43.4,-44.8,400000,44677,0.111693,152528,0.38132
-43.4,-44.6,400000,44966,0.112415,152277,0.380692
-43.4,-44.4,400000,44664,0.11166,152485,0.381213
-43.4,-44.2,400000,44772,0.11193,152149,0.380373
-43.4,-44,400000,44714,0.111785,151718,0.379295
-43.4,-43.8,400000,44950,0.112375,152125,0.380312
-43.4,-43.6,400000,44575,0.111437,152271,0.380678
-43.4,-43.4,400000,44869,0.112172,152272,0.38068
-43.4,-43.2,400000,45309,0.113272,151821,0.379553
-43.4,-43,400000,44503,0.111257,151871,0.379678
-43.4,-42.8,400000,45460,0.11365,152772,0.38193
-43.4,-42.6,400000,44946,0.112365,152111,0.380277
-43.4,-42.4,400000,44412,0.11103,152115,0.380288
-43.4,-42.2,400000,44837,0.112092,152384,0.38096
-43.4,-42,400000,45168,0.11292,152293,0.380732
-43.4,-41.8,400000,44807,0.112018,152192,0.38048
-43.4,-41.6,400000,44704,0.11176,152013,0.380032
-43.4,-41.4,400000,45159,0.112897,152095,0.380238
-43.4,-41.2,400000,44813,0.112032,151884,0.37971
-43.4,-41,400000,45342,0.113355,151856,0.37964
-43.4,-40.8,400000,45305,0.113263,152745,0.381862
-43.4,-40.6,400000,44411,0.111028,151734,0.379335
-43.4,-40.4,400000,44842,0.112105,152107,0.380267
-43.4,-40.2,400000,44953,0.112382,152121,0.380302
-43.4,-40,400000,44563,0.111408,152603,0.381507
-43.4,-39.8,400000,44317,0.110793,151685,0.379213
-43.4,-39.6,400000,44763,0.111907,151643,0.379107
-43.4,-39.4,400000,44987,0.112467,151751,0.379377
-43.4,-39.2,400000,44496,0.11124,151799,0.379497
-43.4,-39,400000,45018,0.112545,152135,0.380337
-43.4,-38.8,400000,45005,0.112513,152178,0.380445
-43.4,-38.6,400000,44569,0.111422,152338,0.380845
-43.4,-38.4,400000,44813,0.112032,152394,0.380985
-43.4,-38.2,400000,44476,0.11119,151998,0.379995
-43.4,-38,400000,44949,0.112373,151909,0.379773
-43.4,-37.8,400000,44896,0.11224,151835,0.379588
-43.4,-37.6,400000,45295,0.113238,152115,0.380288
-43.4,-37.4,400000,45003,0.112507,151791,0.379478
-43.4,-37.2,400000,44905,0.112263,151591,0.378978
-43.4,-37,400000,45482,0.113705,152005,0.380012
-43.4,-36.8,400000,44764,0.11191,152350,0.380875
-43.4,-36.6,400000,45377,0.113443,151934,0.379835
-43.4,-36.4,400000,44380,0.11095,151680,0.3792
-43.4,-36.2,400000,45305,0.113263,152516,0.38129
-43.4,-36,400000,44899,0.112248,152030,0.380075
-43.4,-35.8,400000,45250,0.113125,152868,0.38217
-43.4,-35.6,400000,44581,0.111452,152283,0.380707
-43.4,-35.4,400000,45110,0.112775,152155,0.380387
-43.4,-35.2,400000,45020,0.11255,151921,0.379802
-43.4,-35,400000,45029,0.112573,151620,0.37905
-43.4,-34.8,400000,44787,0.111967,152198,0.380495
-43.4,-34.6,400000,45161,0.112903,152181,0.380453
-43.4,-34.4,400000,44486,0.111215,151825,0.379563
-43.4,-34.2,400000,44998,0.112495,152429,0.381072
-43.4,-34,400000,44673,0.111683,152101,0.380252
-43.4,-33.8,400000,44581,0.111452,152026,0.380065
-43.4,-33.6,400000,44519,0.111297,152236,0.38059
-43.4,-33.4,400000,44940,0.11235,152689,0.381723
-43.4,-33.2,400000,44878,0.112195,151843,0.379607
-43.4,-33,400000,44672,0.11168,151458,0.378645
-43.4,-32.8,400000,44790,0.111975,151677,0.379192
-43.4,-32.6,400000,45038,0.112595,152205,0.380512
-43.4,-32.4,400000,44441,0.111103,152116,0.38029
-43.4,-32.2,400000,44382,0.110955,152076,0.38019
-43.4,-32,400000,44633,0.111583,151508,0.37877
-43.4,-31.8,400000,44739,0.111848,151786,0.379465
-43.4,-31.6,400000,44473,0.111183,152151,0.380377
-43.4,-31.4,400000,44841,0.112102,151984,0.37996
-43.4,-31.2,400000,44420,0.11105,151255,0.378138
-43.4,-31,400000,44878,0.112195,152596,0.38149
-43.4,-30.8,400000,44993,0.112482,151662,0.379155
-43.4,-30.6,400000,44928,0.11232,152396,0.38099
-43.4,-30.4,400000,45097,0.112742,152632,0.38158
-43.4,-30.2,400000,45043,0.112607,152337,0.380842
-43.4,-30,400000,44597,0.111492,152025,0.380063
-43.4,-29.8,400000,45187,0.112967,152492,0.38123
-43.4,-29.6,400000,45202,0.113005,152273,0.380682
-43.4,-29.4,400000,44463,0.111158,151919,0.379798
-43.4,-29.2,400000,44606,0.111515,152123,0.380308
-43.4,-29,400000,44808,0.11202,151918,0.379795
-43.4,-28.8,400000,44693,0.111732,151726,0.379315
-43.4,-28.6,400000,44587,0.111467,152555,0.381387
-43.4,-28.4,400000,45224,0.11306,152274,0.380685
-43.4,-28.2,400000,44834,0.112085,151341,0.378352
-43.4,-28,400000,44642,0.111605,151912,0.37978
-43.4,-27.8,400000,44873,0.112183,152074,0.380185
-43.4,-27.6,400000,44466,0.111165,151671,0.379178
-43.4,-27.4,400000,45336,0.11334,152288,0.38072
-43.4,-27.2,400000,45266,0.113165,152202,0.380505
-43.4,-27,400000,44887,0.112217,151691,0.379227
-43.4,-26.8,400000,44619,0.111547,151938,0.379845
-43.4,-26.6,400000,45085,0.112712,152334,0.380835
-43.4,-26.4,400000,44942,0.112355,151554,0.378885
-43.4,-26.2,400000,44638,0.111595,151911,0.379777
-43.4,-26,400000,44604,0.11151,151754,0.379385
-43.4,-25.8,400000,44336,0.11084,151690,0.379225
-43.4,-25.6,400000,45034,0.112585,152550,0.381375
-43.4,-25.4,400000,44881,0.112202,151825,0.379563
-43.4,-25.2,400000,45051,0.112628,152225,0.380563
-43.4,-25,400000,45052,0.11263,152312,0.38078
-43.4,-24.8,400000,44852,0.11213,152368,0.38092
-43.4,-24.6,400000,44994,0.112485,152312,0.38078
-43.4,-24.4,400000,45401,0.113503,151961,0.379902
-43.4,-24.2,400000,45434,0.113585,153232,0.38308
-43.4,-24,400000,44779,0.111948,152174,0.380435
-43.4,-23.8,400000,44664,0.11166,151910,0.379775
-43.4,-23.6,400000,45353,0.113382,152654,0.381635
-43.4,-23.4,400000,45081,0.112702,152110,0.380275
-43.4,-23.2,400000,44862,0.112155,151963,0.379908
-43.4,-23,400000,45110,0.112775,151985,0.379962
-43.4,-22.8,400000,45312,0.11328,152296,0.38074
-43.4,-22.6,400000,44616,0.11154,151885,0.379713
-43.4,-22.4,400000,44804,0.11201,151701,0.379252
-43.4,-22.2,400000,44783,0.111958,151920,0.3798
-43.4,-22,400000,45009,0.112522,152508,0.38127
-43.4,-21.8,400000,44840,0.1121,151977,0.379943
-43.4,-21.6,400000,44618,0.111545,151820,0.37955
-43.4,-21.4,400000,44797,0.111992,152164,0.38041
-43.4,-21.2,400000,45398,0.113495,152261,0.380653
-43.4,-21,400000,44604,0.11151,151393,0.378482
-43.4,-20.8,400000,44689,0.111723,151996,0.37999
-43.4,-20.6,400000,45113,0.112782,152390,0.380975
-43.4,-20.4,400000,44762,0.111905,152396,0.38099
-43.4,-20.2,400000,45069,0.112672,152290,0.380725
-43.4,-20,400000,44930,0.112325,152683,0.381707
-43.4,-19.8,400000,44862,0.112155,151791,0.379478
-43.4,-19.6,400000,44476,0.11119,152145,0.380362
-43.4,-19.4,400000,44488,0.11122,152327,0.380817
-43.4,-19.2,400000,44924,0.11231,152225,0.380563
-43.4,-19,400000,44883,0.112208,151942,0.379855
-43.4,-18.8,400000,44456,0.11114,151826,0.379565
-43.4,-18.6,400000,44896,0.11224,152054,0.380135
-43.4,-18.4,400000,45494,0.113735,152145,0.380362
-43.4,-18.2,400000,45021,0.112552,152301,0.380752
-43.4,-18,400000,44877,0.112193,152006,0.380015
-43.4,-17.8,400000,45271,0.113178,152272,0.38068
-43.4,-17.6,400000,45285,0.113212,152219,0.380547
-43.4,-17.4,400000,45179,0.112948,151617,0.379043
-43.4,-17.2,400000,44283,0.110708,152501,0.381252
-43.4,-17,400000,45071,0.112677,151856,0.37964
-43.4,-16.8,400000,44867,0.112168,151807,0.379518
-43.4,-16.6,400000,44734,0.111835,151526,0.378815
-43.4,-16.4,400000,45045,0.112613,152001,0.380003
-43.4,-16.2,400000,45080,0.1127,152690,0.381725
-43.4,-16,400000,45096,0.11274,152016,0.38004
-43.4,-15.8,400000,43590,0.108975,151715,0.379287
-43.4,-15.6,400000,44967,0.112418,152459,0.381147
-43.4,-15.4,400000,44685,0.111713,151837,0.379592
-43.4,-15.2,400000,45096,0.11274,152196,0.38049
-43.4,-15,400000,44398,0.110995,151785,0.379462
-43.4,-14.8,400000,44448,0.11112,151724,0.37931
-43.4,-14.6,400000,44702,0.111755,151859,0.379648
-43.4,-14.4,400000,44782,0.111955,151661,0.379153
-43.4,-14.2,400000,45017,0.112543,152255,0.380638
-43.4,-14,400000,45229,0.113073,152224,0.38056
-43.4,-13.8,400000,44851,0.112128,151632,0.37908
-43.4,-13.6,400000,44776,0.11194,152118,0.380295
-43.4,-13.4,400000,44924,0.11231,151867,0.379667
-43.4,-13.2,400000,45304,0.11326,152556,0.38139
-43.4,-13,400000,45071,0.112677,152166,0.380415
-43.4,-12.8,400000,44683,0.111708,152295,0.380738
-43.4,-12.6,400000,44851,0.112128,152597,0.381493
-43.4,-12.4,400000,44853,0.112132,152139,0.380348
-43.4,-12.2,400000,44767,0.111918,151923,0.379808
-43.4,-12,400000,44376,0.11094,152039,0.380097
-43.4,-11.8,400000,44719,0.111797,151898,0.379745
-43.4,-11.6,400000,44941,0.112352,151966,0.379915
-43.4,-11.4,400000,44790,0.111975,151997,0.379993
-43.4,-11.2,400000,44452,0.11113,152453,0.381132
-43.4,-11,400000,45326,0.113315,152169,0.380422
-43.4,-10.8,400000,45004,0.11251,151350,0.378375
-43.4,-10.6,400000,44968,0.11242,152002,0.380005
-43.4,-10.4,400000,44899,0.112248,152325,0.380812
-43.4,-10.2,400000,44599,0.111497,151385,0.378462
-43.4,-10,400000,44427,0.111067,151340,0.37835
-43.4,-9.8,400000,44820,0.11205,152254,0.380635
-43.4,-9.6,400000,44711,0.111778,152095,0.380238
-43.4,-9.4,400000,44326,0.110815,151973,0.379933
-43.4,-9.2,400000,45267,0.113168,152038,0.380095
-43.4,-9,400000,44954,0.112385,152057,0.380142
-43.4,-8.8,400000,44848,0.11212,152210,0.380525
-43.4,-8.6,400000,44762,0.111905,151782,0.379455
-43.4,-8.4,400000,44434,0.111085,151840,0.3796
-43.4,-8.2,400000,44964,0.11241,152559,0.381398
-43.4,-8,400000,44601,0.111503,152001,0.380003
-43.4,-7.8,400000,44756,0.11189,151827,0.379568
-43.4,-7.6,400000,44588,0.11147,151647,0.379117
-43.4,-7.4,400000,44933,0.112333,151901,0.379752
-43.4,-7.2,400000,44716,0.11179,152043,0.380107
-43.4,-7,400000,45667,0.114168,152750,0.381875
-43.4,-6.8,400000,44891,0.112227,151916,0.37979
-43.4,-6.6,400000,44526,0.111315,151528,0.37882
-43.4,-6.4,400000,44734,0.111835,151380,0.37845
-43.4,-6.2,400000,44898,0.112245,152303,0.380758
-43.4,-6,400000,44913,0.112282,152038,0.380095
-43.4,-5.8,400000,44512,0.11128,151993,0.379983
-43.4,-5.6,400000,44804,0.11201,151956,0.37989
-43.4,-5.4,400000,45447,0.113617,152202,0.380505
-43.4,-5.2,400000,44661,0.111653,151566,0.378915
-43.4,-5,400000,44443,0.111107,152376,0.38094
-43.4,-4.8,400000,45421,0.113553,151489,0.378723
-43.4,-4.6,400000,44614,0.111535,152627,0.381568
-43.4,-4.4,400000,44895,0.112238,152393,0.380983
-43.4,-4.2,400000,45121,0.112802,152364,0.38091
-43.4,-4,400000,44909,0.112272,152371,0.380927
-43.4,-3.8,400000,44441,0.111103,151588,0.37897
-43.4,-3.6,400000,45000,0.1125,152349,0.380873
-43.4,-3.4,400000,45013,0.112532,153019,0.382547
-43.4,-3.2,400000,44829,0.112073,151517,0.378792
-43.4,-3,400000,44466,0.111165,152609,0.381522
-43.4,-2.8,400000,44864,0.11216,152336,0.38084
-43.4,-2.6,400000,44895,0.112238,152286,0.380715
-43.4,-2.4,400000,44207,0.110518,152031,0.380078
-43.4,-2.2,400000,44560,0.1114,151663,0.379157
-43.4,-2,400000,45208,0.11302,152441,0.381103
-43.4,-1.8,400000,44835,0.112088,152376,0.38094
-43.4,-1.6,400000,44677,0.111693,151949,0.379873
-43.4,-1.4,400000,44706,0.111765,151936,0.37984
-43.4,-1.2,400000,45104,0.11276,152203,0.380507
-43.4,-1,400000,45302,0.113255,151992,0.37998
-43.4,-0.8,400000,44643,0.111607,151846,0.379615
-43.4,-0.6,400000,44904,0.11226,152018,0.380045
-43.4,-0.4,400000,45003,0.112507,152097,0.380242
-43.4,-0.2,400000,44730,0.111825,152024,0.38006
-43.4,0,400000,45214,0.113035,151963,0.379908
-43.4,0.2,400000,44804,0.11201,151559,0.378897
-43.4,0.4,400000,44472,0.11118,151855,0.379638
-43.4,0.6,400000,45624,0.11406,153073,0.382682
-43.4,0.8,400000,44668,0.11167,152249,0.380622
-43.4,1,400000,45140,0.11285,152497,0.381242
-43.4,1.2,400000,45138,0.112845,152501,0.381252
-43.4,1.4,400000,44916,0.11229,152204,0.38051
-43.4,1.6,400000,44254,0.110635,151919,0.379798
-43.4,1.8,400000,44912,0.11228,152352,0.38088
-43.4,2,400000,44676,0.11169,151382,0.378455
-43.4,2.2,400000,44854,0.112135,152323,0.380808
-43.4,2.4,400000,44623,0.111558,152526,0.381315
-43.4,2.6,400000,44878,0.112195,152212,0.38053
-43.4,2.8,400000,45286,0.113215,152617,0.381543
-43.4,3,400000,44910,0.112275,152178,0.380445
-43.4,3.2,400000,44340,0.11085,151745,0.379362
-43.4,3.4,400000,45273,0.113183,152083,0.380207
-43.4,3.6,400000,44711,0.111778,152645,0.381613
-43.4,3.8,400000,45131,0.112827,152001,0.380003
-43.4,4,400000,44805,0.112013,151898,0.379745
-43.4,4.2,400000,44776,0.11194,152030,0.380075
-43.4,4.4,400000,45161,0.112903,152078,0.380195
-43.4,4.6,400000,44705,0.111763,151877,0.379692
-43.4,4.8,400000,45061,0.112653,152270,0.380675
-43.4,5,400000,44498,0.111245,152304,0.38076
-43.4,5.2,400000,44713,0.111783,152275,0.380688
-43.4,5.4,400000,44755,0.111888,151959,0.379897
-43.4,5.6,400000,45021,0.112552,151840,0.3796
-43.4,5.8,400000,44676,0.11169,151701,0.379252
-43.4,6,400000,45644,0.11411,152848,0.38212
-43.4,6.2,400000,44767,0.111918,151820,0.37955
-43.4,6.4,400000,45295,0.113238,152342,0.380855
-43.4,6.6,400000,44919,0.112297,151590,0.378975
-43.4,6.8,400000,45045,0.112613,152162,0.380405
-43.4,7,400000,44761,0.111903,151986,0.379965
-43.4,7.2,400000,45022,0.112555,152681,0.381703
-43.4,7.4,400000,44357,0.110893,152198,0.380495
-43.4,7.6,400000,44722,0.111805,151864,0.37966
-43.4,7.8,400000,44692,0.11173,151499,0.378748
-43.4,8,400000,45141,0.112852,152573,0.381433
-43.4,8.2,400000,44535,0.111338,151212,0.37803
-43.4,8.4,400000,44947,0.112367,152561,0.381402
-43.4,8.6,400000,45099,0.112748,152137,0.380342
-43.4,8.8,400000,44678,0.111695,151671,0.379178
-43.4,9,400000,45112,0.11278,152201,0.380503
-43.4,9.2,400000,45020,0.11255,152369,0.380922
-43.4,9.4,400000,45179,0.112948,152322,0.380805
-43.4,9.6,400000,45196,0.11299,151860,0.37965
-43.4,9.8,400000,44886,0.112215,151531,0.378827
-43.4,10,400000,44476,0.11119,151735,0.379337
-43.4,10.2,400000,45225,0.113062,152615,0.381537
-43.4,10.4,400000,44940,0.11235,152097,0.380242
-43.4,10.6,400000,45076,0.11269,151850,0.379625
-43.4,10.8,400000,44648,0.11162,151724,0.37931
-43.4,11,400000,44742,0.111855,151690,0.379225
-43.4,11.2,400000,45168,0.11292,152305,0.380763
-43.4,11.4,400000,44673,0.111683,151575,0.378937
-43.4,11.6,400000,44719,0.111797,152207,0.380518
-43.4,11.8,400000,45118,0.112795,152511,0.381277
-43.4,12,400000,45167,0.112918,152205,0.380512
-43.4,12.2,400000,44799,0.111997,152379,0.380947
-43.4,12.4,400000,44830,0.112075,151706,0.379265
-43.4,12.6,400000,44410,0.111025,151371,0.378428
-43.4,12.8,400000,44550,0.111375,151897,0.379742
-43.4,13,400000,44763,0.111907,152036,0.38009
-43.4,13.2,400000,44549,0.111372,151958,0.379895
-43.4,13.4,400000,44995,0.112488,152022,0.380055
-43.4,13.6,400000,44752,0.11188,152199,0.380497
-43.4,13.8,400000,44914,0.112285,151876,0.37969
-43.4,14,400000,44362,0.110905,151774,0.379435
-43.4,14.2,400000,44826,0.112065,152350,0.380875
-43.4,14.4,400000,44906,0.112265,151484,0.37871
-43.4,14.6,400000,44865,0.112162,152303,0.380758
-43.4,14.8,400000,44910,0.112275,151900,0.37975
-43.4,15,400000,44679,0.111698,152433,0.381082
-43.4,15.2,400000,44909,0.112272,152580,0.38145
-43.4,15.4,400000,44626,0.111565,151353,0.378383
-43.4,15.6,400000,44664,0.11166,151742,0.379355
-43.4,15.8,400000,44610,0.111525,152320,0.3808
-43.4,16,400000,45348,0.11337,152250,0.380625
-43.4,16.2,400000,45335,0.113337,152126,0.380315
-43.4,16.4,400000,44465,0.111162,151656,0.37914
-43.4,16.6,400000,44364,0.11091,151957,0.379893
-43.4,16.8,400000,44859,0.112147,151928,0.37982
-43.4,17,400000,45100,0.11275,152411,0.381028
-43.4,17.2,400000,44841,0.112102,152424,0.38106
-43.4,17.4,400000,45073,0.112683,151558,0.378895
-43.4,17.6,400000,44427,0.111067,151662,0.379155
-43.4,17.8,400000,45029,0.112573,152446,0.381115
-43.4,18,400000,44477,0.111192,151549,0.378873
-43.4,18.2,400000,44723,0.111808,151646,0.379115
-43.4,18.4,400000,44868,0.11217,152363,0.380908
-43.4,18.6,400000,44852,0.11213,151772,0.37943
-43.4,18.8,400000,44951,0.112378,151891,0.379727
-43.4,19,400000,44872,0.11218,151961,0.379902
-43.4,19.2,400000,44774,0.111935,151882,0.379705
-43.4,19.4,400000,44842,0.112105,152278,0.380695
-43.4,19.6,400000,44312,0.11078,152232,0.38058
-43.4,19.8,400000,45066,0.112665,152370,0.380925
-43.4,20,400000,44816,0.11204,152043,0.380107
-43.4,20.2,400000,44999,0.112498,152619,0.381547
-43.4,20.4,400000,45097,0.112742,151714,0.379285
-43.4,20.6,400000,45090,0.112725,152658,0.381645
-43.4,20.8,400000,44284,0.11071,151695,0.379238
-43.4,21,400000,44957,0.112393,151516,0.37879
-43.4,21.2,400000,45016,0.11254,151575,0.378937
-43.4,21.4,400000,44892,0.11223,151597,0.378993
-43.4,21.6,400000,44767,0.111918,151942,0.379855
-43.4,21.8,400000,44723,0.111808,151796,0.37949
-43.4,22,400000,44944,0.11236,152217,0.380543
-43.4,22.2,400000,44736,0.11184,152052,0.38013
-43.4,22.4,400000,44922,0.112305,152172,0.38043
-43.4,22.6,400000,45090,0.112725,151979,0.379947
-43.4,22.8,400000,44599,0.111497,152132,0.38033
-43.4,23,400000,44272,0.11068,151598,0.378995
-43.4,23.2,400000,45334,0.113335,153013,0.382532
-43.4,23.4,400000,44876,0.11219,152469,0.381173
-43.4,23.6,400000,44714,0.111785,152125,0.380312
-43.4,23.8,400000,44530,0.111325,151911,0.379777
-43.4,24,400000,44366,0.110915,151978,0.379945
-43.4,24.2,400000,44305,0.110762,151662,0.379155
-43.4,24.4,400000,44835,0.112088,152186,0.380465
-43.4,24.6,400000,45243,0.113107,152307,0.380767
-43.4,24.8,400000,45055,0.112638,151662,0.379155
-43.4,25,400000,44877,0.112193,151857,0.379642
-43.4,25.2,400000,44705,0.111763,152271,0.380678
-43.4,25.4,400000,45264,0.11316,152089,0.380223
-43.4,25.6,400000,44958,0.112395,152545,0.381362
-43.4,25.8,400000,44833,0.112083,151829,0.379572
-43.4,26,400000,44508,0.11127,151454,0.378635
-43.4,26.2,400000,44678,0.111695,151811,0.379528
-43.4,26.4,400000,45396,0.11349,152527,0.381317
-43.4,26.6,400000,45010,0.112525,151800,0.3795
-43.4,26.8,400000,44224,0.11056,151781,0.379453
-43.4,27,400000,44320,0.1108,152161,0.380402
-43.4,27.2,400000,44455,0.111138,151834,0.379585
-43.4,27.4,400000,44681,0.111702,152732,0.38183
-43.4,27.6,400000,44885,0.112213,152598,0.381495
-43.4,27.8,400000,44957,0.112393,152271,0.380678
-43.4,28,400000,44874,0.112185,152583,0.381458
-43.4,28.2,400000,44450,0.111125,151168,0.37792
-43.4,28.4,400000,44445,0.111113,151580,0.37895
-43.4,28.6,400000,45017,0.112543,152411,0.381028
-43.4,28.8,400000,45072,0.11268,151808,0.37952
-43.4,29,400000,44628,0.11157,151911,0.379777
-43.4,29.2,400000,45016,0.11254,151955,0.379887
-43.4,29.4,400000,45132,0.11283,152025,0.380063
-43.4,29.6,400000,44517,0.111293,151884,0.37971
-43.4,29.8,400000,44354,0.110885,151075,0.377688
-43.4,30,400000,44441,0.111103,152334,0.380835
-43.4,30.2,400000,44651,0.111628,151411,0.378528
-43.4,30.4,400000,44579,0.111448,152068,0.38017
-43.4,30.6,400000,44573,0.111433,151816,0.37954
-43.4,30.8,400000,44992,0.11248,152313,0.380783
-43.4,31,400000,44754,0.111885,151737,0.379343
-43.4,31.2,400000,45159,0.112897,151943,0.379858
-43.4,31.4,400000,44926,0.112315,152322,0.380805
-43.4,31.6,400000,44785,0.111963,152183,0.380458
-43.4,31.8,400000,44864,0.11216,152274,0.380685
-43.4,32,400000,44851,0.112128,151905,0.379763
-43.4,32.2,400000,44672,0.11168,151392,0.37848
-43.4,32.4,400000,44601,0.111503,151978,0.379945
-43.4,32.6,400000,44973,0.112433,152234,0.380585
-43.4,32.8,400000,45426,0.113565,152060,0.38015
-43.4,33,400000,45023,0.112558,152320,0.3808
-43.4,33.2,400000,45186,0.112965,152448,0.38112
-43.4,33.4,400000,45303,0.113257,151835,0.379588
-43.4,33.6,400000,44860,0.11215,151508,0.37877
-43.4,33.8,400000,44765,0.111912,152145,0.380362
-43.4,34,400000,45006,0.112515,152158,0.380395
-43.4,34.2,400000,45003,0.112507,152098,0.380245
-43.4,34.4,400000,44347,0.110867,151894,0.379735
-43.4,34.6,400000,45189,0.112973,152276,0.38069
-43.4,34.8,400000,44225,0.110562,151946,0.379865
-43.4,35,400000,44867,0.112168,152737,0.381842
-43.4,35.2,400000,44629,0.111573,151977,0.379943
-43.4,35.4,400000,44936,0.11234,151635,0.379088
-43.4,35.6,400000,44748,0.11187,152157,0.380393
-43.4,35.8,400000,45064,0.11266,152087,0.380217
-43.4,36,400000,45554,0.113885,152645,0.381613
-43.4,36.2,400000,44803,0.112007,151848,0.37962
-43.4,36.4,400000,44431,0.111077,151278,0.378195
-43.4,36.6,400000,44517,0.111293,152184,0.38046
-43.4,36.8,400000,44166,0.110415,151619,0.379047
-43.4,37,400000,44443,0.111107,151607,0.379018
-43.4,37.2,400000,44919,0.112297,152231,0.380578
-43.4,37.4,400000,44903,0.112257,152153,0.380383
-43.4,37.6,400000,44771,0.111927,151889,0.379723
-43.4,37.8,400000,44958,0.112395,152065,0.380163
-43.4,38,400000,44770,0.111925,152096,0.38024
-43.4,38.2,400000,44423,0.111058,151905,0.379763
-43.4,38.4,400000,44724,0.11181,152085,0.380213
-43.4,38.6,400000,44705,0.111763,152441,0.381103
-43.4,38.8,400000,44788,0.11197,151336,0.37834
-43.4,39,400000,45415,0.113537,152379,0.380947
-43.4,39.2,400000,44689,0.111723,152062,0.380155
-43.4,39.4,400000,44649,0.111622,151706,0.379265
-43.4,39.6,400000,44362,0.110905,151466,0.378665
-43.4,39.8,400000,45127,0.112818,152405,0.381012
-43.4,40,400000,45259,0.113147,151817,0.379543
-43.4,40.2,400000,44971,0.112427,152213,0.380532
-43.4,40.4,400000,44714,0.111785,151598,0.378995
-43.4,40.6,400000,44649,0.111622,151791,0.379478
-43.4,40.8,400000,45023,0.112558,152543,0.381358
-43.4,41,400000,45020,0.11255,151983,0.379958
-43.4,41.2,400000,44663,0.111658,151791,0.379478
-43.4,41.4,400000,44373,0.110933,151601,0.379003
-43.4,41.6,400000,44477,0.111192,151559,0.378897
-43.4,41.8,400000,44774,0.111935,152133,0.380333
-43.4,42,400000,45208,0.11302,152369,0.380922
-43.4,42.2,400000,44907,0.112268,152419,0.381047
-43.4,42.4,400000,44426,0.111065,151458,0.378645
-43.4,42.6,400000,45238,0.113095,151829,0.379572
-43.4,42.8,400000,44952,0.11238,152360,0.3809
-43.4,43,400000,45037,0.112592,152454,0.381135
-43.4,43.2,400000,45233,0.113083,152686,0.381715
-43.4,43.4,400000,44999,0.112498,151722,0.379305
-43.4,43.6,400000,44950,0.112375,152299,0.380748
-43.4,43.8,400000,44820,0.11205,152071,0.380178
-43.4,44,400000,45028,0.11257,151818,0.379545
-43.4,44.2,400000,44313,0.110783,152277,0.380692
-43.4,44.4,400000,44948,0.11237,151985,0.379962
-43.4,44.6,400000,45071,0.112677,151987,0.379968
-43.4,44.8,400000,45120,0.1128,152163,0.380408
-43.4,45,400000,44800,0.112,151968,0.37992
-43.4,45.2,400000,45354,0.113385,152557,0.381393
-43.4,45.4,400000,44873,0.112183,151601,0.379003
-43.4,45.6,400000,45162,0.112905,151892,0.37973
-43.4,45.8,400000,44475,0.111187,151515,0.378787
-43.4,46,400000,44932,0.11233,152050,0.380125
-43.4,46.2,400000,45255,0.113138,152313,0.380783
-43.4,46.4,400000,45124,0.11281,151941,0.379852
-43.4,46.6,400000,44673,0.111683,151451,0.378628
-43.4,46.8,400000,44626,0.111565,151809,0.379522
-43.4,47,400000,44919,0.112297,151877,0.379692
-43.4,47.2,400000,44909,0.112272,152034,0.380085
-43.4,47.4,400000,44593,0.111482,152296,0.38074
-43.4,47.6,400000,45178,0.112945,152311,0.380777
-43.4,47.8,400000,44972,0.11243,152129,0.380323
-43.4,48,400000,44774,0.111935,151738,0.379345
-43.4,48.2,400000,44911,0.112278,151846,0.379615
-43.4,48.4,400000,44909,0.112272,152314,0.380785
-43.4,48.6,400000,44921,0.112302,152298,0.380745
-43.4,48.8,400000,44917,0.112293,151372,0.37843
-43.4,49,400000,44811,0.112028,151527,0.378817
-43.4,49.2,400000,45237,0.113092,152368,0.38092
-43.4,49.4,400000,45037,0.112592,152742,0.381855
-43.4,49.6,400000,44623,0.111558,152046,0.380115
-43.4,49.8,400000,44614,0.111535,151937,0.379843
-43.4,50,400000,44785,0.111963,151711,0.379277
-43.2,-50,400000,44971,0.112427,151434,0.378585
-43.2,-49.8,400000,44911,0.112278,152036,0.38009
-43.2,-49.6,400000,44198,0.110495,151606,0.379015
-43.2,-49.4,400000,44447,0.111117,151905,0.379763
-43.2,-49.2,400000,44675,0.111687,152070,0.380175
-43.2,-49,400000,45160,0.1129,151825,0.379563
-43.2,-48.8,400000,45050,0.112625,152261,0.380653
-43.2,-48.6,400000,44637,0.111592,152358,0.380895
-43.2,-48.4,400000,44829,0.112073,151978,0.379945
-43.2,-48.2,400000,44904,0.11226,151700,0.37925
-43.2,-48,400000,44776,0.11194,152084,0.38021
-43.2,-47.8,400000,44669,0.111672,152072,0.38018
-43.2,-47.6,400000,44730,0.111825,151831,0.379578
-43.2,-47.4,400000,44576,0.11144,152241,0.380603
-43.2,-47.2,400000,44630,0.111575,152087,0.380217
-43.2,-47,400000,45116,0.11279,152061,0.380153
-43.2,-46.8,400000,44329,0.110823,151673,0.379182
-43.2,-46.6,400000,45543,0.113858,152266,0.380665
-43.2,-46.4,400000,45179,0.112948,152877,0.382192
-43.2,-46.2,400000,44782,0.111955,152257,0.380642
-43.2,-46,400000,45074,0.112685,152298,0.380745
-43.2,-45.8,400000,44660,0.11165,152278,0.380695
-43.2,-45.6,400000,44974,0.112435,151725,0.379312
-43.2,-45.4,400000,44815,0.112037,152497,0.381242
-43.2,-45.2,400000,45556,0.11389,152587,0.381468
-43.2,-45,400000,45189,0.112973,152543,0.381358
-43.2,-44.8,400000,44579,0.111448,151800,0.3795
-43.2,-44.6,400000,44754,0.111885,151826,0.379565
-43.2,-44.4,400000,44692,0.11173,151464,0.37866
-43.2,-44.2,400000,45010,0.112525,152326,0.380815
-43.2,-44,400000,45158,0.112895,152345,0.380862
-43.2,-43.8,400000,45168,0.11292,152229,0.380572
-43.2,-43.6,400000,45330,0.113325,151944,0.37986
-43.2,-43.4,400000,44843,0.112107,152236,0.38059
-43.2,-43.2,400000,44716,0.11179,152363,0.380908
-43.2,-43,400000,45125,0.112812,153183,0.382958
-43.2,-42.8,400000,44938,0.112345,151866,0.379665
-43.2,-42.6,400000,44348,0.11087,152182,0.380455
-43.2,-42.4,400000,45086,0.112715,152562,0.381405
-43.2,-42.2,400000,44703,0.111757,152069,0.380173
-43.2,-42,400000,44225,0.110562,151913,0.379783
-43.2,-41.8,400000,44941,0.112352,152115,0.380288
-43.2,-41.6,400000,44691,0.111727,152289,0.380723
-43.2,-41.4,400000,45187,0.112967,152044,0.38011
-43.2,-41.2,400000,45155,0.112888,152689,0.381723
-43.2,-41,400000,45133,0.112833,151872,0.37968
-43.2,-40.8,400000,45065,0.112662,151921,0.379802
-43.2,-40.6,400000,44730,0.111825,151796,0.37949
-43.2,-40.4,400000,44774,0.111935,151836,0.37959
-43.2,-40.2,400000,44880,0.1122,151808,0.37952
-43.2,-40,400000,44515,0.111287,151639,0.379097
-43.2,-39.8,400000,44455,0.111138,151438,0.378595
-43.2,-39.6,400000,44781,0.111952,151543,0.378858
-43.2,-39.4,400000,45007,0.112518,152062,0.380155
-43.2,-39.2,400000,45029,0.112573,152211,0.380528
-43.2,-39,400000,44668,0.11167,152130,0.380325
-43.2,-38.8,400000,45018,0.112545,152026,0.380065
-43.2,-38.6,400000,44205,0.110512,151538,0.378845
-43.2,-38.4,400000,44137,0.110342,151948,0.37987
-43.2,-38.2,400000,44917,0.112293,151918,0.379795
-43.2,-38,400000,44684,0.11171,151862,0.379655
-43.2,-37.8,400000,44727,0.111818,152276,0.38069
-43.2,-37.6,400000,45134,0.112835,151881,0.379702
-43.2,-37.4,400000,44711,0.111778,152272,0.38068
-43.2,-37.2,400000,45101,0.112753,151897,0.379742
-43.2,-37,400000,45420,0.11355,152537,0.381342
-43.2,-36.8,400000,44647,0.111617,152686,0.381715
-43.2,-36.6,400000,44382,0.110955,151730,0.379325
-43.2,-36.4,400000,44978,0.112445,151430,0.378575
-43.2,-36.2,400000,44715,0.111787,152222,0.380555
-43.2,-36,400000,44983,0.112458,152006,0.380015
-43.2,-35.8,400000,44477,0.111192,152123,0.380308
-43.2,-35.6,400000,44914,0.112285,151809,0.379522
-43.2,-35.4,400000,44873,0.112183,152214,0.380535
-43.2,-35.2,400000,45260,0.11315,152804,0.38201
-43.2,-35,400000,45044,0.11261,151644,0.37911
-43.2,-34.8,400000,44826,0.112065,152219,0.380547
-43.2,-34.6,400000,44258,0.110645,151864,0.37966
-43.2,-34.4,400000,44746,0.111865,151726,0.379315
-43.2,-34.2,400000,45022,0.112555,152017,0.380043
-43.2,-34,400000,45187,0.112967,152047,0.380117
-43.2,-33.8,400000,44681,0.111702,151963,0.379908
-43.2,-33.6,400000,45108,0.11277,152353,0.380883
-43.2,-33.4,400000,44793,0.111982,151785,0.379462
-43.2,-33.2,400000,44830,0.112075,151418,0.378545
-43.2,-33,400000,45022,0.112555,151951,0.379877
-43.2,-32.8,400000,44818,0.112045,151885,0.379713
-43.2,-32.6,400000,44561,0.111403,151924,0.37981
-43.2,-32.4,400000,44846,0.112115,152218,0.380545
-43.2,-32.2,400000,45262,0.113155,152149,0.380373
-43.2,-32,400000,44548,0.11137,151583,0.378958
-43.2,-31.8,400000,44943,0.112357,152126,0.380315
-43.2,-31.6,400000,45231,0.113077,151845,0.379613
-43.2,-31.4,400000,44549,0.111372,152141,0.380352
-43.2,-31.2,400000,44927,0.112318,152208,0.38052
-43.2,-31,400000,44733,0.111833,151823,0.379557
-43.2,-30.8,400000,44891,0.112227,152110,0.380275
-43.2,-30.6,400000,44995,0.112488,151519,0.378798
-43.2,-30.4,400000,44485,0.111213,152220,0.38055
-43.2,-30.2,400000,45018,0.112545,152413,0.381032
-43.2,-30,400000,45322,0.113305,152760,0.3819
-43.2,-29.8,400000,44743,0.111857,152290,0.380725
-43.2,-29.6,400000,44852,0.11213,151727,0.379317
-43.2,-29.4,400000,44740,0.11185,151890,0.379725
-43.2,-29.2,400000,44961,0.112403,152266,0.380665
-43.2,-29,400000,44088,0.11022,151990,0.379975
-43.2,-28.8,400000,44532,0.11133,152283,0.380707
-43.2,-28.6,400000,45290,0.113225,152894,0.382235
-43.2,-28.4,400000,44473,0.111183,151334,0.378335
-43.2,-28.2,400000,44228,0.11057,152051,0.380128
-43.2,-28,400000,44539,0.111348,151468,0.37867
-43.2,-27.8,400000,45364,0.11341,152968,0.38242
-43.2,-27.6,400000,44601,0.111503,151847,0.379617
-43.2,-27.4,400000,44931,0.112327,152475,0.381188
-43.2,-27.2,400000,44717,0.111793,151955,0.379887
-43.2,-27,400000,44672,0.11168,151966,0.379915
-43.2,-26.8,400000,44951,0.112378,151758,0.379395
-43.2,-26.6,400000,45301,0.113253,151923,0.379808
-43.2,-26.4,400000,45123,0.112808,151824,0.37956
-43.2,-26.2,400000,44614,0.111535,151755,0.379387
-43.2,-26,400000,44480,0.1112,152317,0.380792
-43.2,-25.8,400000,44733,0.111833,152074,0.380185
-43.2,-25.6,400000,44613,0.111533,151549,0.378873
-43.2,-25.4,400000,45050,0.112625,152278,0.380695
-43.2,-25.2,400000,45037,0.112592,151581,0.378953
-43.2,-25,400000,45027,0.112568,152856,0.38214
-43.2,-24.8,400000,44799,0.111997,152151,0.380377
-43.2,-24.6,400000,44859,0.112147,151808,0.37952
-43.2,-24.4,400000,44937,0.112342,151902,0.379755
-43.2,-24.2,400000,44484,0.11121,151833,0.379582
-43.2,-24,400000,44753,0.111882,152030,0.380075
-43.2,-23.8,400000,44588,0.11147,151555,0.378887
-43.2,-23.6,400000,44795,0.111988,152114,0.380285
-43.2,-23.4,400000,44327,0.110817,151648,0.37912
-43.2,-23.2,400000,44869,0.112172,152725,0.381812
-43.2,-23,400000,45202,0.113005,152140,0.38035
-43.2,-22.8,400000,44893,0.112232,151591,0.378978
-43.2,-22.6,400000,45091,0.112727,151918,0.379795
-43.2,-22.4,400000,45021,0.112552,152132,0.38033
-43.2,-22.2,400000,45060,0.11265,152255,0.380638
-43.2,-22,400000,44687,0.111717,151578,0.378945
-43.2,-21.8,400000,44964,0.11241,151956,0.37989
-43.2,-21.6,400000,45290,0.113225,152112,0.38028
-43.2,-21.4,400000,45040,0.1126,152460,0.38115
-43.2,-21.2,400000,44437,0.111092,151527,0.378817
-43.2,-21,400000,45068,0.11267,152012,0.38003
-43.2,-20.8,400000,44610,0.111525,151939,0.379848
-43.2,-20.6,400000,44581,0.111452,152197,0.380493
-43.2,-20.4,400000,45065,0.112662,152788,0.38197
-43.2,-20.2,400000,44883,0.112208,152287,0.380717
-43.2,-20,400000,45350,0.113375,152346,0.380865
-43.2,-19.8,400000,44904,0.11226,152285,0.380713
-43.2,-19.6,400000,44974,0.112435,152623,0.381557
-43.2,-19.4,400000,44787,0.111967,151850,0.379625
-43.2,-19.2,400000,44846,0.112115,151957,0.379893
-43.2,-19,400000,44645,0.111613,151541,0.378852
-43.2,-18.8,400000,44721,0.111802,151981,0.379953
-43.2,-18.6,400000,45046,0.112615,151636,0.37909
-43.2,-18.4,400000,45021,0.112552,152354,0.380885
-43.2,-18.2,400000,44919,0.112297,152261,0.380653
-43.2,-18,400000,44509,0.111272,152103,0.380258
-43.2,-17.8,400000,45163,0.112907,152319,0.380798
-43.2,-17.6,400000,44607,0.111518,152519,0.381298
-43.2,-17.4,400000,45177,0.112943,152642,0.381605
-43.2,-17.2,400000,44817,0.112043,152212,0.38053
-43.2,-17,400000,44926,0.112315,152815,0.382037
-43.2,-16.8,400000,44335,0.110838,152065,0.380163
-43.2,-16.6,400000,45314,0.113285,152709,0.381773
-43.2,-16.4,400000,44284,0.11071,152652,0.38163
-43.2,-16.2,400000,44802,0.112005,152234,0.380585
-43.2,-16,400000,45350,0.113375,152533,0.381333
-43.2,-15.8,400000,44706,0.111765,151771,0.379427
-43.2,-15.6,400000,44164,0.11041,152391,0.380978
-43.2,-15.4,400000,44745,0.111863,151982,0.379955
-43.2,-15.2,400000,45058,0.112645,151750,0.379375
-43.2,-15,400000,44771,0.111927,151525,0.378812
-43.2,-14.8,400000,45429,0.113573,152766,0.381915
-43.2,-14.6,400000,44869,0.112172,152119,0.380298
-43.2,-14.4,400000,44961,0.112403,151586,0.378965
-43.2,-14.2,400000,44695,0.111738,151838,0.379595
-43.2,-14,400000,45043,0.112607,152049,0.380122
-43.2,-13.8,400000,44627,0.111568,151565,0.378912
-43.2,-13.6,400000,44811,0.112028,151709,0.379273
-43.2,-13.4,400000,44707,0.111768,152101,0.380252
-43.2,-13.2,400000,44973,0.112433,151351,0.378377
-43.2,-13,400000,44943,0.112357,152255,0.380638
-43.2,-12.8,400000,44595,0.111488,151980,0.37995
-43.2,-12.6,400000,44773,0.111933,152069,0.380173
-43.2,-12.4,400000,44784,0.11196,152087,0.380217
-43.2,-12.2,400000,44750,0.111875,152188,0.38047
-43.2,-12,400000,44882,0.112205,151681,0.379202
-43.2,-11.8,400000,44893,0.112232,152290,0.380725
-43.2,-11.6,400000,44829,0.112073,152196,0.38049
-43.2,-11.4,400000,44912,0.11228,152031,0.380078
-43.2,-11.2,400000,44861,0.112153,152252,0.38063
-43.2,-11,400000,44827,0.112068,151771,0.379427
-43.2,-10.8,400000,45083,0.112708,152152,0.38038
-43.2,-10.6,400000,44354,0.110885,151250,0.378125
-43.2,-10.4,400000,44734,0.111835,151796,0.37949
-43.2,-10.2,400000,44971,0.112427,153038,0.382595
-43.2,-10,400000,45155,0.112888,152266,0.380665
-43.2,-9.8,400000,45106,0.112765,151767,0.379418
-43.2,-9.6,400000,45045,0.112613,152492,0.38123
-43.2,-9.4,400000,45212,0.11303,152273,0.380682
-43.2,-9.2,400000,44672,0.11168,151289,0.378223
-43.2,-9,400000,45195,0.112988,152441,0.381103
-43.2,-8.8,400000,44733,0.111833,152230,0.380575
-43.2,-8.6,400000,45077,0.112693,152009,0.380022
-43.2,-8.4,400000,44700,0.11175,152113,0.380283
-43.2,-8.2,400000,44465,0.111162,151706,0.379265
-43.2,-8,400000,44710,0.111775,152404,0.38101
-43.2,-7.8,400000,44753,0.111882,151815,0.379538
-43.2,-7.6,400000,44697,0.111742,151901,0.379752
-43.2,-7.4,400000,44469,0.111172,151756,0.37939
-43.2,-7.2,400000,44699,0.111747,152018,0.380045
-43.2,-7,400000,44771,0.111927,151936,0.37984
-43.2,-6.8,400000,44884,0.11221,151430,0.378575
-43.2,-6.6,400000,44227,0.110567,151467,0.378667
-43.2,-6.4,400000,45196,0.11299,152567,0.381418
-43.2,-6.2,400000,44377,0.110942,151817,0.379543
-43.2,-6,400000,45497,0.113742,151741,0.379352
-43.2,-5.8,400000,44857,0.112143,151287,0.378217
-43.2,-5.6,400000,44315,0.110787,151902,0.379755
-43.2,-5.4,400000,44941,0.112352,152293,0.380732
-43.2,-5.2,400000,44357,0.110893,152035,0.380088
-43.2,-5,400000,44581,0.111452,152610,0.381525
-43.2,-4.8,400000,44853,0.112132,151386,0.378465
-43.2,-4.6,400000,45105,0.112763,151809,0.379522
-43.2,-4.4,400000,44517,0.111293,152061,0.380153
-43.2,-4.2,400000,44681,0.111702,152413,0.381032
-43.2,-4,400000,45427,0.113568,152210,0.380525
-43.2,-3.8,400000,45369,0.113422,151795,0.379487
-43.2,-3.6,400000,44977,0.112443,152020,0.38005
-43.2,-3.4,400000,44562,0.111405,152600,0.3815
-43.2,-3.2,400000,45003,0.112507,152511,0.381277
-43.2,-3,400000,44812,0.11203,152012,0.38003
-43.2,-2.8,400000,44299,0.110747,151444,0.37861
-43.2,-2.6,400000,44867,0.112168,152053,0.380132
-43.2,-2.4,400000,44990,0.112475,152698,0.381745
-43.2,-2.2,400000,44637,0.111592,152179,0.380447
-43.2,-2,400000,44965,0.112412,152329,0.380823
-43.2,-1.8,400000,45101,0.112753,152010,0.380025
-43.2,-1.6,400000,44314,0.110785,152482,0.381205
-43.2,-1.4,400000,44540,0.11135,151719,0.379298
-43.2,-1.2,400000,44403,0.111007,152067,0.380167
-43.2,-1,400000,45290,0.113225,151865,0.379663
-43.2,-0.8,400000,44418,0.111045,151659,0.379148
-43.2,-0.6,400000,44216,0.11054,151673,0.379182
-43.2,-0.4,400000,44610,0.111525,152383,0.380958
-43.2,-0.2,400000,44893,0.112232,151885,0.379713
-43.2,0,400000,44341,0.110853,151514,0.378785
-43.2,0.2,400000,44229,0.110573,151371,0.378428
-43.2,0.4,400000,45097,0.112742,152157,0.380393
-43.2,0.6,400000,44961,0.112403,151341,0.378352
-43.2,0.8,400000,44807,0.112018,152482,0.381205
-43.2,1,400000,44458,0.111145,152193,0.380483
-43.2,1.2,400000,44317,0.110793,151148,0.37787
-43.2,1.4,400000,44784,0.11196,152153,0.380383
-43.2,1.6,400000,45268,0.11317,152249,0.380622
-43.2,1.8,400000,45064,0.11266,151960,0.3799
-43.2,2,400000,44867,0.112168,151934,0.379835
-43.2,2.2,400000,45283,0.113208,152561,0.381402
-43.2,2.4,400000,44816,0.11204,151930,0.379825
-43.2,2.6,400000,45332,0.11333,152389,0.380972
-43.2,2.8,400000,44614,0.111535,152355,0.380887
-43.2,3,400000,44740,0.11185,152155,0.380387
-43.2,3.2,400000,44692,0.11173,152191,0.380478
-43.2,3.4,400000,44723,0.111808,151767,0.379418
-43.2,3.6,400000,44922,0.112305,152163,0.380408
-43.2,3.8,400000,44317,0.110793,152258,0.380645
-43.2,4,400000,44644,0.11161,151785,0.379462
-43.2,4.2,400000,44848,0.11212,151747,0.379368
-43.2,4.4,400000,44327,0.110817,151932,0.37983
-43.2,4.6,400000,44570,0.111425,151892,0.37973
-43.2,4.8,400000,44733,0.111833,151539,0.378848
-43.2,5,400000,44936,0.11234,152465,0.381163
-43.2,5.2,400000,45080,0.1127,152026,0.380065
-43.2,5.4,400000,44402,0.111005,152218,0.380545
-43.2,5.6,400000,45828,0.11457,152785,0.381962
-43.2,5.8,400000,45037,0.112592,151496,0.37874
-43.2,6,400000,44886,0.112215,152314,0.380785
-43.2,6.2,400000,44557,0.111393,152091,0.380227
-43.2,6.4,400000,44815,0.112037,151873,0.379682
-43.2,6.6,400000,44675,0.111687,151957,0.379893
-43.2,6.8,400000,45408,0.11352,152529,0.381323
-43.2,7,400000,45148,0.11287,152108,0.38027
-43.2,7.2,400000,44846,0.112115,152250,0.380625
-43.2,7.4,400000,44993,0.112482,152339,0.380848
-43.2,7.6,400000,44621,0.111552,151686,0.379215
-43.2,7.8,400000,44586,0.111465,151562,0.378905
-43.2,8,400000,44881,0.112202,152221,0.380553
-43.2,8.2,400000,44713,0.111783,152397,0.380993
-43.2,8.4,400000,44836,0.11209,151762,0.379405
-43.2,8.6,400000,44900,0.11225,152498,0.381245
-43.2,8.8,400000,44375,0.110937,152293,0.380732
-43.2,9,400000,44821,0.112052,152706,0.381765
-43.2,9.2,400000,44421,0.111052,152041,0.380103
-43.2,9.4,400000,44354,0.110885,152378,0.380945
-43.2,9.6,400000,45306,0.113265,152075,0.380188
-43.2,9.8,400000,45094,0.112735,152258,0.380645
-43.2,10,400000,44539,0.111348,152035,0.380088
-43.2,10.2,400000,45286,0.113215,152248,0.38062
-43.2,10.4,400000,44800,0.112,151972,0.37993
-43.2,10.6,400000,44984,0.11246,151973,0.379933
-43.2,10.8,400000,44948,0.11237,153066,0.382665
-43.2,11,400000,44447,0.111117,151978,0.379945
-43.2,11.2,400000,45390,0.113475,151995,0.379987
-43.2,11.4,400000,44812,0.11203,152001,0.380003
-43.2,11.6,400000,45143,0.112857,151962,0.379905
-43.2,11.8,400000,45176,0.11294,151968,0.37992
-43.2,12,400000,44684,0.11171,151666,0.379165
-43.2,12.2,400000,45264,0.11316,152046,0.380115
-43.2,12.4,400000,44777,0.111943,151378,0.378445
-43.2,12.6,400000,45259,0.113147,152151,0.380377
-43.2,12.8,400000,44628,0.11157,151841,0.379603
-43.2,13,400000,44785,0.111963,152088,0.38022
-43.2,13.2,400000,45012,0.11253,152195,0.380487
-43.2,13.4,400000,44860,0.11215,152335,0.380837
-43.2,13.6,400000,44674,0.111685,152147,0.380368
-43.2,13.8,400000,45060,0.11265,152353,0.380883
-43.2,14,400000,45149,0.112873,152061,0.380153
-43.2,14.2,400000,44761,0.111903,152072,0.38018
-43.2,14.4,400000,44555,0.111388,151942,0.379855
-43.2,14.6,400000,44283,0.110708,152068,0.38017
-43.2,14.8,400000,45144,0.11286,152018,0.380045
-43.2,15,400000,44993,0.112482,152615,0.381537
-43.2,15.2,400000,45022,0.112555,152075,0.380188
-43.2,15.4,400000,44931,0.112327,151838,0.379595
-43.2,15.6,400000,45124,0.11281,152036,0.38009
-43.2,15.8,400000,44927,0.112318,151326,0.378315
-43.2,16,400000,45015,0.112537,151838,0.379595
-43.2,16.2,400000,44892,0.11223,151524,0.37881
-43.2,16.4,400000,44514,0.111285,152132,0.38033
-43.2,16.6,400000,44835,0.112088,152163,0.380408
-43.2,16.8,400000,45357,0.113392,152770,0.381925
-43.2,17,400000,44661,0.111653,151462,0.378655
-43.2,17.2,400000,44800,0.112,151949,0.379873
-43.2,17.4,400000,44851,0.112128,152456,0.38114
-43.2,17.6,400000,44930,0.112325,151963,0.379908
-43.2,17.8,400000,44300,0.11075,151651,0.379128
-43.2,18,400000,44535,0.111338,151362,0.378405
-43.2,18.2,400000,45060,0.11265,152325,0.380812
-43.2,18.4,400000,44734,0.111835,152031,0.380078
-43.2,18.6,400000,44535,0.111338,151736,0.37934
-43.2,18.8,400000,44530,0.111325,151608,0.37902
-43.2,19,400000,44809,0.112022,151807,0.379518
-43.2,19.2,400000,44537,0.111342,151770,0.379425
-43.2,19.4,400000,45043,0.112607,152151,0.380377
-43.2,19.6,400000,44784,0.11196,151426,0.378565
-43.2,19.8,400000,44727,0.111818,152014,0.380035
-43.2,20,400000,45217,0.113043,152423,0.381057
-43.2,20.2,400000,44777,0.111943,152129,0.380323
-43.2,20.4,400000,44950,0.112375,152456,0.38114
-43.2,20.6,400000,44788,0.11197,152166,0.380415
-43.2,20.8,400000,45361,0.113403,152704,0.38176
-43.2,21,400000,44320,0.1108,151450,0.378625
-43.2,21.2,400000,44578,0.111445,151695,0.379238
-43.2,21.4,400000,44791,0.111977,151953,0.379883
-43.2,21.6,400000,44966,0.112415,152009,0.380022
-43.2,21.8,400000,45002,0.112505,152638,0.381595
-43.2,22,400000,44500,0.11125,151716,0.37929
-43.2,22.2,400000,45243,0.113107,152444,0.38111
-43.2,22.4,400000,44682,0.111705,153045,0.382613
-43.2,22.6,400000,44881,0.112202,152075,0.380188
-43.2,22.8,400000,44620,0.11155,152211,0.380528
-43.2,23,400000,45533,0.113833,152376,0.38094
-43.2,23.2,400000,44595,0.111488,151961,0.379902
-43.2,23.4,400000,44787,0.111967,151530,0.378825
-43.2,23.6,400000,44927,0.112318,151607,0.379018
-43.2,23.8,400000,44720,0.1118,151536,0.37884
-43.2,24,400000,44799,0.111997,152331,0.380827
-43.2,24.2,400000,44802,0.112005,151971,0.379927
-43.2,24.4,400000,45084,0.11271,152501,0.381252
-43.2,24.6,400000,45207,0.113018,152285,0.380713
-43.2,24.8,400000,44823,0.112058,152137,0.380342
-43.2,25,400000,45259,0.113147,152755,0.381887
-43.2,25.2,400000,44819,0.112047,152265,0.380663
-43.2,25.4,400000,45270,0.113175,152692,0.38173
-43.2,25.6,400000,44370,0.110925,151860,0.37965
-43.2,25.8,400000,44973,0.112433,151542,0.378855
-43.2,26,400000,44906,0.112265,151852,0.37963
-43.2,26.2,400000,44750,0.111875,151884,0.37971
-43.2,26.4,400000,45068,0.11267,151710,0.379275
-43.2,26.6,400000,44646,0.111615,152371,0.380927
-43.2,26.8,400000,45094,0.112735,151711,0.379277
-43.2,27,400000,44827,0.112068,152918,0.382295
-43.2,27.2,400000,44978,0.112445,152191,0.380478
-43.2,27.4,400000,44792,0.11198,152401,0.381003
-43.2,27.6,400000,44955,0.112388,151760,0.3794
-43.2,27.8,400000,44980,0.11245,151687,0.379217
-43.2,28,400000,44871,0.112177,151854,0.379635
-43.2,28.2,400000,44947,0.112367,151617,0.379043
-43.2,28.4,400000,44988,0.11247,151965,0.379912
-43.2,28.6,400000,44888,0.11222,152562,0.381405
-43.2,28.8,400000,45095,0.112738,151889,0.379723
-43.2,29,400000,44583,0.111458,151784,0.37946
-43.2,29.2,400000,44688,0.11172,152148,0.38037
-43.2,29.4,400000,44759,0.111897,152112,0.38028
-43.2,29.6,400000,45151,0.112878,151878,0.379695
-43.2,29.8,400000,44562,0.111405,152125,0.380312
-43.2,30,400000,44751,0.111878,152078,0.380195
-43.2,30.2,400000,45093,0.112732,152599,0.381497
-43.2,30.4,400000,43879,0.109698,151600,0.379
-43.2,30.6,400000,44544,0.11136,151743,0.379358
-43.2,30.8,400000,44808,0.11202,152276,0.38069
-43.2,31,400000,44953,0.112382,152107,0.380267
-43.2,31.2,400000,44633,0.111583,152075,0.380188
-43.2,31.4,400000,45028,0.11257,152339,0.380848
-43.2,31.6,400000,44720,0.1118,151932,0.37983
-43.2,31.8,400000,44760,0.1119,152214,0.380535
-43.2,32,400000,44845,0.112113,152410,0.381025
-43.2,32.2,400000,45126,0.112815,152246,0.380615
-43.2,32.4,400000,44764,0.11191,152363,0.380908
-43.2,32.6,400000,44505,0.111263,151855,0.379638
-43.2,32.8,400000,45019,0.112547,152194,0.380485
-43.2,33,400000,44573,0.111433,152172,0.38043
-43.2,33.2,400000,44679,0.111698,151968,0.37992
-43.2,33.4,400000,44977,0.112443,152536,0.38134
-43.2,33.6,400000,44474,0.111185,151611,0.379028
-43.2,33.8,400000,45147,0.112867,152529,0.381323
-43.2,34,400000,44521,0.111302,151254,0.378135
-43.2,34.2,400000,45177,0.112943,152153,0.380383
-43.2,34.4,400000,45040,0.1126,152340,0.38085
-43.2,34.6,400000,45314,0.113285,152155,0.380387
-43.2,34.8,400000,44453,0.111132,151670,0.379175
-43.2,35,400000,44664,0.11166,151636,0.37909
-43.2,35.2,400000,44574,0.111435,152379,0.380947
-43.2,35.4,400000,44832,0.11208,151691,0.379227
-43.2,35.6,400000,44698,0.111745,152213,0.380532
-43.2,35.8,400000,44891,0.112227,151840,0.3796
-43.2,36,400000,44169,0.110423,151457,0.378642
-43.2,36.2,400000,44918,0.112295,151945,0.379862
-43.2,36.4,400000,44931,0.112327,151899,0.379748
-43.2,36.6,400000,44501,0.111253,151719,0.379298
-43.2,36.8,400000,44818,0.112045,152122,0.380305
-43.2,37,400000,44808,0.11202,152154,0.380385
-43.2,37.2,400000,45099,0.112748,152391,0.380978
-43.2,37.4,400000,44639,0.111598,152369,0.380922
-43.2,37.6,400000,45005,0.112513,152870,0.382175
-43.2,37.8,400000,45076,0.11269,152210,0.380525
-43.2,38,400000,44960,0.1124,151871,0.379678
-43.2,38.2,400000,45256,0.11314,151967,0.379918
-43.2,38.4,400000,44784,0.11196,151865,0.379663
-43.2,38.6,400000,44082,0.110205,151093,0.377733
-43.2,38.8,400000,44349,0.110872,151718,0.379295
-43.2,39,400000,44537,0.111342,151901,0.379752
-43.2,39.2,400000,45172,0.11293,151501,0.378752
-43.2,39.4,400000,45325,0.113312,152659,0.381647
-43.2,39.6,400000,44644,0.11161,152325,0.380812
-43.2,39.8,400000,45088,0.11272,152797,0.381993
-43.2,40,400000,44340,0.11085,151658,0.379145
-43.2,40.2,400000,44447,0.111117,151833,0.379582
-43.2,40.4,400000,45124,0.11281,152496,0.38124
-43.2,40.6,400000,45303,0.113257,152089,0.380223
-43.2,40.8,400000,44931,0.112327,151782,0.379455
-43.2,41,400000,44795,0.111988,152042,0.380105
-43.2,41.2,400000,45118,0.112795,152506,0.381265
-43.2,41.4,400000,45469,0.113672,152614,0.381535
-43.2,41.6,400000,45126,0.112815,151808,0.37952
-43.2,41.8,400000,45008,0.11252,152004,0.38001
-43.2,42,400000,44739,0.111848,151934,0.379835
-43.2,42.2,400000,44972,0.11243,151997,0.379993
-43.2,42.4,400000,44483,0.111208,151807,0.379518
-43.2,42.6,400000,44773,0.111933,151862,0.379655
-43.2,42.8,400000,44790,0.111975,151985,0.379962
-43.2,43,400000,45120,0.1128,152300,0.38075
-43.2,43.2,400000,45010,0.112525,152279,0.380698
-43.2,43.4,400000,45191,0.112977,152209,0.380522
-43.2,43.6,400000,44634,0.111585,151907,0.379767
-43.2,43.8,400000,45126,0.112815,152353,0.380883
-43.2,44,400000,44221,0.110552,151571,0.378927
-43.2,44.2,400000,44865,0.112162,152604,0.38151
-43.2,44.4,400000,44610,0.111525,152129,0.380323
-43.2,44.6,400000,45164,0.11291,152278,0.380695
-43.2,44.8,400000,44651,0.111628,152037,0.380092
-43.2,45,400000,44710,0.111775,152830,0.382075
-43.2,45.2,400000,45297,0.113242,152544,0.38136
-43.2,45.4,400000,44687,0.111717,152342,0.380855
-43.2,45.6,400000,44809,0.112022,151827,0.379568
-43.2,45.8,400000,44935,0.112338,151660,0.37915
-43.2,46,400000,44476,0.11119,151615,0.379038
-43.2,46.2,400000,44804,0.11201,151957,0.379893
-43.2,46.4,400000,44431,0.111077,152130,0.380325
-43.2,46.6,400000,44257,0.110643,151501,0.378752
-43.2,46.8,400000,45032,0.11258,151670,0.379175
-43.2,47,400000,45141,0.112852,152397,0.380993
-43.2,47.2,400000,44994,0.112485,151513,0.378783
-43.2,47.4,400000,44847,0.112117,152167,0.380418
-43.2,47.6,400000,45226,0.113065,152668,0.38167
-43.2,47.8,400000,45424,0.11356,152605,0.381512
-43.2,48,400000,45045,0.112613,152284,0.38071
-43.2,48.2,400000,44399,0.110997,151775,0.379437
-43.2,48.4,400000,44974,0.112435,151393,0.378482
-43.2,48.6,400000,44991,0.112477,152258,0.380645
-43.2,48.8,400000,44694,0.111735,152398,0.380995
-43.2,49,400000,45365,0.113412,152379,0.380947
-43.2,49.2,400000,44474,0.111185,151477,0.378692
-43.2,49.4,400000,45305,0.113263,152622,0.381555
-43.2,49.6,400000,44396,0.11099,151900,0.37975
-43.2,49.8,400000,44392,0.11098,151504,0.37876
-43.2,50,400000,44869,0.112172,151933,0.379833
-43,-50,400000,44531,0.111327,151615,0.379038
-43,-49.8,400000,45110,0.112775,151914,0.379785
-43,-49.6,400000,45040,0.1126,152325,0.380812
-43,-49.4,400000,44274,0.110685,151278,0.378195
-43,-49.2,400000,44807,0.112018,151961,0.379902
-43,-49,400000,44811,0.112028,152283,0.380707
-43,-48.8,400000,44783,0.111958,152075,0.380188
-43,-48.6,400000,44781,0.111952,151793,0.379483
-43,-48.4,400000,45046,0.112615,152077,0.380192
-43,-48.2,400000,44606,0.111515,152051,0.380128
-43,-48,400000,44510,0.111275,151334,0.378335
-43,-47.8,400000,44744,0.11186,151694,0.379235
-43,-47.6,400000,44984,0.11246,152341,0.380852
-43,-47.4,400000,44452,0.11113,152257,0.380642
-43,-47.2,400000,45009,0.112522,152311,0.380777
-43,-47,400000,45208,0.11302,152542,0.381355
-43,-46.8,400000,45015,0.112537,152222,0.380555
-43,-46.6,400000,44848,0.11212,151953,0.379883
-43,-46.4,400000,44834,0.112085,152016,0.38004
-43,-46.2,400000,44517,0.111293,152404,0.38101
-43,-46,400000,44816,0.11204,151940,0.37985
-43,-45.8,400000,44712,0.11178,152021,0.380053
-43,-45.6,400000,44823,0.112058,151651,0.379128
-43,-45.4,400000,44904,0.11226,152045,0.380113
-43,-45.2,400000,44945,0.112363,151949,0.379873
-43,-45,400000,44654,0.111635,152115,0.380288
-43,-44.8,400000,45010,0.112525,152114,0.380285
-43,-44.6,400000,44559,0.111397,151809,0.379522
-43,-44.4,400000,44370,0.110925,151890,0.379725
-43,-44.2,400000,45245,0.113113,152421,0.381053
-43,-44,400000,45048,0.11262,151799,0.379497
-43,-43.8,400000,44876,0.11219,151864,0.37966
-43,-43.6,400000,44916,0.11229,151645,0.379113
-43,-43.4,400000,44435,0.111088,151602,0.379005
-43,-43.2,400000,45010,0.112525,152302,0.380755
-43,-43,400000,44226,0.110565,151238,0.378095
-43,-42.8,400000,45060,0.11265,151870,0.379675
-43,-42.6,400000,44466,0.111165,151623,0.379057
-43,-42.4,400000,44493,0.111232,151776,0.37944
-43,-42.2,400000,45148,0.11287,152731,0.381827
-43,-42,400000,45199,0.112998,152380,0.38095
-43,-41.8,400000,45500,0.11375,153002,0.382505
-43,-41.6,400000,44871,0.112177,151523,0.378808
-43,-41.4,400000,45060,0.11265,151832,0.37958
-43,-41.2,400000,44884,0.11221,151700,0.37925
-43,-41,400000,44649,0.111622,151892,0.37973
-43,-40.8,400000,44639,0.111598,151420,0.37855
-43,-40.6,400000,45238,0.113095,151943,0.379858
-43,-40.4,400000,44573,0.111433,151796,0.37949
-43,-40.2,400000,44788,0.11197,151952,0.37988
-43,-40,400000,44996,0.11249,152351,0.380877
-43,-39.8,400000,44981,0.112452,151966,0.379915
-43,-39.6,400000,44828,0.11207,152875,0.382188
-43,-39.4,400000,44833,0.112083,152282,0.380705
-43,-39.2,400000,45224,0.11306,152361,0.380902
-43,-39,400000,45026,0.112565,152589,0.381472
-43,-38.8,400000,44783,0.111958,151727,0.379317
-43,-38.6,400000,44813,0.112032,152252,0.38063
-43,-38.4,400000,44708,0.11177,151577,0.378943
-43,-38.2,400000,44911,0.112278,152135,0.380337
-43,-38,400000,45284,0.11321,152164,0.38041
-43,-37.8,400000,44831,0.112077,151947,0.379868
-43,-37.6,400000,44736,0.11184,152118,0.380295
-43,-37.4,400000,44373,0.110933,151946,0.379865
-43,-37.2,400000,44559,0.111397,151754,0.379385
-43,-37,400000,45216,0.11304,152237,0.380593
-43,-36.8,400000,44958,0.112395,151838,0.379595
-43,-36.6,400000,44422,0.111055,151690,0.379225
-43,-36.4,400000,44907,0.112268,151873,0.379682
-43,-36.2,400000,45109,0.112772,152490,0.381225
-43,-36,400000,45052,0.11263,152791,0.381978
-43,-35.8,400000,45236,0.11309,152098,0.380245
-43,-35.6,400000,44645,0.111613,151948,0.37987
-43,-35.4,400000,44649,0.111622,152096,0.38024
-43,-35.2,400000,44798,0.111995,152194,0.380485
-43,-35,400000,44979,0.112448,152493,0.381232
-43,-34.8,400000,45023,0.112558,151345,0.378362
-43,-34.6,400000,44865,0.112162,152054,0.380135
-43,-34.4,400000,45348,0.11337,152436,0.38109
-43,-34.2,400000,44559,0.111397,152289,0.380723
-43,-34,400000,44967,0.112418,152367,0.380918
-43,-33.8,400000,45010,0.112525,151761,0.379402
-43,-33.6,400000,44757,0.111893,152478,0.381195
-43,-33.4,400000,44068,0.11017,151885,0.379713
-43,-33.2,400000,44886,0.112215,151723,0.379308
-43,-33,400000,45077,0.112693,152047,0.380117
-43,-32.8,400000,44571,0.111427,152196,0.38049
-43,-32.6,400000,44731,0.111827,152731,0.381827
-43,-32.4,400000,44468,0.11117,151826,0.379565
-43,-32.2,400000,45189,0.112973,152526,0.381315
-43,-32,400000,44599,0.111497,151528,0.37882
-43,-31.8,400000,45170,0.112925,151654,0.379135
-43,-31.6,400000,45197,0.112992,152591,0.381478
-43,-31.4,400000,44532,0.11133,151725,0.379312
-43,-31.2,400000,45149,0.112873,151892,0.37973
-43,-31,400000,45004,0.11251,151957,0.379893
-43,-30.8,400000,45152,0.11288,152204,0.38051
-43,-30.6,400000,44801,0.112003,151882,0.379705
-43,-30.4,400000,44692,0.11173,152100,0.38025
-43,-30.2,400000,44575,0.111437,151867,0.379667
-43,-30,400000,44463,0.111158,151619,0.379047
-43,-29.8,400000,44800,0.112,152008,0.38002
-43,-29.6,400000,44648,0.11162,152049,0.380122
-43,-29.4,400000,45060,0.11265,152810,0.382025
-43,-29.2,400000,44541,0.111352,151216,0.37804
-43,-29,400000,44773,0.111933,151618,0.379045
-43,-28.8,400000,44840,0.1121,151830,0.379575
-43,-28.6,400000,44481,0.111202,151582,0.378955
-43,-28.4,400000,45164,0.11291,152199,0.380497
-43,-28.2,400000,44698,0.111745,152195,0.380487
-43,-28,400000,44187,0.110467,151412,0.37853
-43,-27.8,400000,44909,0.112272,151194,0.377985
-43,-27.6,400000,44445,0.111113,151263,0.378157
-43,-27.4,400000,44880,0.1122,151935,0.379837
-43,-27.2,400000,44790,0.111975,151631,0.379078
-43,-27,400000,45517,0.113793,152599,0.381497
-43,-26.8,400000,45108,0.11277,152205,0.380512
-43,-26.6,400000,44679,0.111698,151692,0.37923
-43,-26.4,400000,45347,0.113367,152573,0.381433
-43,-26.2,400000,44628,0.11157,151669,0.379173
-43,-26,400000,45017,0.112543,151919,0.379798
-43,-25.8,400000,44865,0.112162,152214,0.380535
-43,-25.6,400000,45261,0.113153,152344,0.38086
-43,-25.4,400000,44916,0.11229,152173,0.380433
-43,-25.2,400000,44745,0.111863,152438,0.381095
-43,-25,400000,45087,0.112717,152207,0.380518
-43,-24.8,400000,44802,0.112005,151978,0.379945
-43,-24.6,400000,44768,0.11192,151935,0.379837
-43,-24.4,400000,44580,0.11145,152159,0.380397
-43,-24.2,400000,44685,0.111713,151980,0.37995
-43,-24,400000,44806,0.112015,152378,0.380945
-43,-23.8,400000,44679,0.111698,151977,0.379943
-43,-23.6,400000,44256,0.11064,151958,0.379895
-43,-23.4,400000,44894,0.112235,152245,0.380613
-43,-23.2,400000,44716,0.11179,152462,0.381155
-43,-23,400000,44657,0.111643,151913,0.379783
-43,-22.8,400000,44897,0.112242,152342,0.380855
-43,-22.6,400000,45247,0.113117,152106,0.380265
-43,-22.4,400000,44738,0.111845,152869,0.382173
-43,-22.2,400000,45134,0.112835,152634,0.381585
-43,-22,400000,45173,0.112933,152107,0.380267
-43,-21.8,400000,44705,0.111763,152303,0.380758
-43,-21.6,400000,44700,0.11175,152082,0.380205
-43,-21.4,400000,45212,0.11303,152169,0.380422
-43,-21.2,400000,45431,0.113577,152422,0.381055
-43,-21,400000,44390,0.110975,151331,0.378327
-43,-20.8,400000,45170,0.112925,152536,0.38134
-43,-20.6,400000,44717,0.111793,152071,0.380178
-43,-20.4,400000,44676,0.11169,151937,0.379843
-43,-20.2,400000,44601,0.111503,151924,0.37981
-43,-20,400000,44670,0.111675,152353,0.380883
-43,-19.8,400000,44872,0.11218,151574,0.378935
-43,-19.6,400000,45153,0.112882,152077,0.380192
-43,-19.4,400000,44654,0.111635,152136,0.38034
-43,-19.2,400000,45053,0.112632,152240,0.3806
-43,-19,400000,44934,0.112335,152355,0.380887
-43,-18.8,400000,44746,0.111865,152582,0.381455
-43,-18.6,400000,45083,0.112708,152175,0.380437
-43,-18.4,400000,44801,0.112003,151741,0.379352
-43,-18.2,400000,44683,0.111708,151967,0.379918
-43,-18,400000,44417,0.111043,152192,0.38048
-43,-17.8,400000,44972,0.11243,151529,0.378823
-43,-17.6,400000,44935,0.112338,152812,0.38203
-43,-17.4,400000,44587,0.111467,152424,0.38106
-43,-17.2,400000,44674,0.111685,151847,0.379617
-43,-17,400000,45084,0.11271,152481,0.381202
-43,-16.8,400000,44903,0.112257,151988,0.37997
-43,-16.6,400000,44545,0.111363,151925,0.379812
-43,-16.4,400000,45408,0.11352,152045,0.380113
-43,-16.2,400000,45408,0.11352,152729,0.381823
-43,-16,400000,44954,0.112385,151788,0.37947
-43,-15.8,400000,44886,0.112215,152771,0.381927
-43,-15.6,400000,44795,0.111988,152399,0.380997
-43,-15.4,400000,44878,0.112195,151899,0.379748
-43,-15.2,400000,43960,0.1099,151976,0.37994
-43,-15,400000,44925,0.112312,152119,0.380298
-43,-14.8,400000,44804,0.11201,151636,0.37909
-43,-14.6,400000,45006,0.112515,152375,0.380937
-43,-14.4,400000,44726,0.111815,152063,0.380157
-43,-14.2,400000,44475,0.111187,151777,0.379443
-43,-14,400000,45257,0.113142,152247,0.380617
-43,-13.8,400000,44897,0.112242,151724,0.37931
-43,-13.6,400000,44286,0.110715,151431,0.378578
-43,-13.4,400000,45427,0.113568,152734,0.381835
-43,-13.2,400000,44802,0.112005,151580,0.37895
-43,-13,400000,44563,0.111408,151934,0.379835
-43,-12.8,400000,44821,0.112052,151981,0.379953
-43,-12.6,400000,44675,0.111687,152460,0.38115
-43,-12.4,400000,44781,0.111952,151724,0.37931
-43,-12.2,400000,44714,0.111785,152532,0.38133
-43,-12,400000,44701,0.111753,151278,0.378195
-43,-11.8,400000,44670,0.111675,152321,0.380802
-43,-11.6,400000,44563,0.111408,151945,0.379862
-43,-11.4,400000,44561,0.111403,151517,0.378792
-43,-11.2,400000,44782,0.111955,152244,0.38061
-43,-11,400000,44623,0.111558,152614,0.381535
-43,-10.8,400000,44927,0.112318,151795,0.379487
-43,-10.6,400000,44538,0.111345,152022,0.380055
-43,-10.4,400000,44961,0.112403,152924,0.38231
-43,-10.2,400000,44668,0.11167,151908,0.37977
-43,-10,400000,45151,0.112878,152297,0.380742
-43,-9.8,400000,44969,0.112422,152108,0.38027
-43,-9.6,400000,44794,0.111985,152196,0.38049
-43,-9.4,400000,44723,0.111808,152392,0.38098
-43,-9.2,400000,45499,0.113748,152528,0.38132
-43,-9,400000,44622,0.111555,152303,0.380758
-43,-8.8,400000,44699,0.111747,152122,0.380305
-43,-8.6,400000,44783,0.111958,152277,0.380692
-43,-8.4,400000,44930,0.112325,152357,0.380893
-43,-8.2,400000,44443,0.111107,151529,0.378823
-43,-8,400000,45252,0.11313,151755,0.379387
-43,-7.8,400000,44376,0.11094,151714,0.379285
-43,-7.6,400000,44432,0.11108,151905,0.379763
-43,-7.4,400000,44615,0.111537,151276,0.37819
-43,-7.2,400000,44226,0.110565,151815,0.379538
-43,-7,400000,45322,0.113305,151647,0.379117
-43,-6.8,400000,44266,0.110665,151892,0.37973
-43,-6.6,400000,45209,0.113022,152593,0.381483
-43,-6.4,400000,44790,0.111975,151827,0.379568
-43,-6.2,400000,44241,0.110603,151720,0.3793
-43,-6,400000,44794,0.111985,152150,0.380375
-43,-5.8,400000,45250,0.113125,152085,0.380213
-43,-5.6,400000,44909,0.112272,151234,0.378085
-43,-5.4,400000,45033,0.112583,152218,0.380545
-43,-5.2,400000,44364,0.11091,152205,0.380512
-43,-5,400000,45513,0.113782,152863,0.382157
-43,-4.8,400000,44808,0.11202,151956,0.37989
-43,-4.6,400000,44691,0.111727,152052,0.38013
-43,-4.4,400000,44829,0.112073,152573,0.381433
-43,-4.2,400000,44946,0.112365,151988,0.37997
-43,-4,400000,44828,0.11207,152048,0.38012
-43,-3.8,400000,44780,0.11195,151897,0.379742
-43,-3.6,400000,44837,0.112092,152372,0.38093
-43,-3.4,400000,44975,0.112437,152403,0.381007
-43,-3.2,400000,44522,0.111305,151873,0.379682
-43,-3,400000,44531,0.111327,151770,0.379425
-43,-2.8,400000,44514,0.111285,152352,0.38088
-43,-2.6,400000,45076,0.11269,152181,0.380453
-43,-2.4,400000,44953,0.112382,151499,0.378748
-43,-2.2,400000,44833,0.112083,152085,0.380213
-43,-2,400000,44792,0.11198,151969,0.379922
-43,-1.8,400000,44444,0.11111,152269,0.380673
-43,-1.6,400000,45118,0.112795,151841,0.379603
-43,-1.4,400000,44474,0.111185,151905,0.379763
-43,-1.2,400000,44818,0.112045,152371,0.380927
-43,-1,400000,44749,0.111872,152565,0.381412
-43,-0.8,400000,44572,0.11143,151840,0.3796
-43,-0.6,400000,44720,0.1118,151645,0.379113
-43,-0.4,400000,44704,0.11176,152085,0.380213
-43,-0.2,400000,44467,0.111168,151858,0.379645
-43,0,400000,45198,0.112995,152094,0.380235
-43,0.2,400000,44707,0.111768,152400,0.381
-43,0.4,400000,44755,0.111888,152272,0.38068
-43,0.6,400000,44784,0.11196,151765,0.379412
-43,0.8,400000,44781,0.111952,151974,0.379935
-43,1,400000,45081,0.112702,151798,0.379495
-43,1.2,400000,45084,0.11271,152252,0.38063
-43,1.4,400000,44791,0.111977,151865,0.379663
-43,1.6,400000,44610,0.111525,151878,0.379695
-43,1.8,400000,44596,0.11149,151887,0.379717
-43,2,400000,44439,0.111098,150952,0.37738
-43,2.2,400000,44478,0.111195,151705,0.379263
-43,2.4,400000,44794,0.111985,152105,0.380263
-43,2.6,400000,44892,0.11223,152237,0.380593
-43,2.8,400000,44800,0.112,152353,0.380883
-43,3,400000,45273,0.113183,152247,0.380617
-43,3.2,400000,44509,0.111272,151779,0.379447
-43,3.4,400000,44926,0.112315,152487,0.381217
-43,3.6,400000,44426,0.111065,151780,0.37945
-43,3.8,400000,44485,0.111213,151913,0.379783
-43,4,400000,44990,0.112475,151441,0.378603
-43,4.2,400000,44551,0.111378,151691,0.379227
-43,4.4,400000,45131,0.112827,152640,0.3816
-43,4.6,400000,45185,0.112962,152569,0.381422
-43,4.8,400000,44708,0.11177,151971,0.379927
-43,5,400000,45283,0.113208,152093,0.380232
-43,5.2,400000,44896,0.11224,152380,0.38095
-43,5.4,400000,45005,0.112513,152484,0.38121
-43,5.6,400000,44926,0.112315,151825,0.379563
-43,5.8,400000,44691,0.111727,151583,0.378958
-43,6,400000,44711,0.111778,152215,0.380537
-43,6.2,400000,44384,0.11096,151864,0.37966
-43,6.4,400000,44973,0.112433,152305,0.380763
-43,6.6,400000,44874,0.112185,151567,0.378918
-43,6.8,400000,44328,0.11082,150650,0.376625
-43,7,400000,44453,0.111132,152061,0.380153
-43,7.2,400000,44525,0.111312,151739,0.379348
-43,7.4,400000,44863,0.112157,152344,0.38086
-43,7.6,400000,44945,0.112363,152131,0.380327
-43,7.8,400000,44927,0.112318,152066,0.380165
-43,8,400000,45093,0.112732,152485,0.381213
-43,8.2,400000,44632,0.11158,151768,0.37942
-43,8.4,400000,44262,0.110655,151800,0.3795
-43,8.6,400000,45370,0.113425,152519,0.381298
-43,8.8,400000,44777,0.111943,152033,0.380082
-43,9,400000,44989,0.112473,152842,0.382105
-43,9.2,400000,45068,0.11267,152190,0.380475
-43,9.4,400000,44805,0.112013,152324,0.38081
-43,9.6,400000,44550,0.111375,152244,0.38061
-43,9.8,400000,44223,0.110558,151914,0.379785
-43,10,400000,44340,0.11085,152014,0.380035
-43,10.2,400000,45019,0.112547,151676,0.37919
-43,10.4,400000,45359,0.113397,151864,0.37966
-43,10.6,400000,44802,0.112005,151934,0.379835
-43,10.8,400000,45002,0.112505,152242,0.380605
-43,11,400000,44974,0.112435,152216,0.38054
-43,11.2,400000,44599,0.111497,152194,0.380485
-43,11.4,400000,45043,0.112607,151770,0.379425
-43,11.6,400000,44754,0.111885,151396,0.37849
-43,11.8,400000,45035,0.112587,152318,0.380795
-43,12,400000,44968,0.11242,152302,0.380755
-43,12.2,400000,44760,0.1119,151633,0.379082
-43,12.4,400000,45022,0.112555,152573,0.381433
-43,12.6,400000,44559,0.111397,151874,0.379685
-43,12.8,400000,44897,0.112242,151658,0.379145
-43,13,400000,45235,0.113087,152559,0.381398
-43,13.2,400000,44662,0.111655,151472,0.37868
-43,13.4,400000,44698,0.111745,151331,0.378327
-43,13.6,400000,44307,0.110768,151646,0.379115
-43,13.8,400000,44687,0.111717,151745,0.379362
-43,14,400000,45018,0.112545,152547,0.381368
-43,14.2,400000,45044,0.11261,151983,0.379958
-43,14.4,400000,44108,0.11027,151754,0.379385
-43,14.6,400000,43976,0.10994,151589,0.378972
-43,14.8,400000,45118,0.112795,151939,0.379848
-43,15,400000,44677,0.111693,151904,0.37976
-43,15.2,400000,44611,0.111528,152065,0.380163
-43,15.4,400000,44612,0.11153,151950,0.379875
-43,15.6,400000,44336,0.11084,151698,0.379245
-43,15.8,400000,44404,0.11101,152393,0.380983
-43,16,400000,45294,0.113235,151968,0.37992
-43,16.2,400000,44997,0.112492,151631,0.379078
-43,16.4,400000,44612,0.11153,151714,0.379285
-43,16.6,400000,44736,0.11184,151593,0.378982
-43,16.8,400000,44807,0.112018,152157,0.380393
-43,17,400000,44107,0.110268,151920,0.3798
-43,17.2,400000,44297,0.110742,152407,0.381018
-43,17.4,400000,45064,0.11266,152348,0.38087
-43,17.6,400000,44675,0.111687,151903,0.379758
-43,17.8,400000,44752,0.11188,151883,0.379707
-43,18,400000,44626,0.111565,151955,0.379887
-43,18.2,400000,44724,0.11181,152160,0.3804
-43,18.4,400000,44678,0.111695,151537,0.378843
-43,18.6,400000,44862,0.112155,152235,0.380588
-43,18.8,400000,44917,0.112293,152301,0.380752
-43,19,400000,45046,0.112615,152071,0.380178
-43,19.2,400000,45023,0.112558,152627,0.381568
-43,19.4,400000,44885,0.112213,152630,0.381575
-43,19.6,400000,44607,0.111518,151934,0.379835
-43,19.8,400000,45120,0.1128,152324,0.38081
-43,20,400000,45000,0.1125,152440,0.3811
-43,20.2,400000,44473,0.111183,151855,0.379638
-43,20.4,400000,44514,0.111285,152270,0.380675
-43,20.6,400000,45301,0.113253,152308,0.38077
-43,20.8,400000,44883,0.112208,151960,0.3799
-43,21,400000,45176,0.11294,152541,0.381352
-43,21.2,400000,44312,0.11078,151858,0.379645
-43,21.4,400000,44746,0.111865,151959,0.379897
-43,21.6,400000,44929,0.112323,152119,0.380298
-43,21.8,400000,45210,0.113025,152057,0.380142
-43,22,400000,44802,0.112005,151917,0.379792
-43,22.2,400000,45354,0.113385,152081,0.380202
-43,22.4,400000,45054,0.112635,152041,0.380103
-43,22.6,400000,44252,0.11063,152137,0.380342
-43,22.8,400000,44937,0.112342,152089,0.380223
-43,23,400000,44615,0.111537,151936,0.37984
-43,23.2,400000,44575,0.111437,152042,0.380105
-43,23.4,400000,45027,0.112568,152012,0.38003
-43,23.6,400000,44541,0.111352,151861,0.379653
-43,23.8,400000,45004,0.11251,152262,0.380655
-43,24,400000,44852,0.11213,152402,0.381005
-43,24.2,400000,44921,0.112302,152338,0.380845
-43,24.4,400000,44625,0.111562,151978,0.379945
-43,24.6,400000,44806,0.112015,151904,0.37976
-43,24.8,400000,44835,0.112088,152417,0.381043
-43,25,400000,44822,0.112055,152071,0.380178
-43,25.2,400000,45222,0.113055,152244,0.38061
-43,25.4,400000,44522,0.111305,151650,0.379125
-43,25.6,400000,45276,0.11319,152169,0.380422
-43,25.8,400000,44690,0.111725,151642,0.379105
-43,26,400000,45230,0.113075,153229,0.383072
-43,26.2,400000,45055,0.112638,152080,0.3802
-43,26.4,400000,44394,0.110985,151604,0.37901
-43,26.6,400000,44695,0.111738,152475,0.381188
-43,26.8,400000,44650,0.111625,152265,0.380663
-43,27,400000,44988,0.11247,152407,0.381018
-43,27.2,400000,44808,0.11202,152153,0.380383
-43,27.4,400000,44746,0.111865,151616,0.37904
-43,27.6,400000,45199,0.112998,152648,0.38162
-43,27.8,400000,44547,0.111367,151783,0.379458
-43,28,400000,44505,0.111263,151795,0.379487
-43,28.2,400000,44779,0.111948,151524,0.37881
-43,28.4,400000,44729,0.111823,152295,0.380738
-43,28.6,400000,44504,0.11126,152111,0.380277
-43,28.8,400000,45323,0.113308,151766,0.379415
-43,29,400000,45421,0.113553,152517,0.381292
-43,29.2,400000,44947,0.112367,152088,0.38022
-43,29.4,400000,44563,0.111408,151581,0.378953
-43,29.6,400000,44577,0.111442,151600,0.379
-43,29.8,400000,44427,0.111067,152182,0.380455
-43,30,400000,44574,0.111435,151669,0.379173
-43,30.2,400000,44677,0.111693,151964,0.37991
-43,30.4,400000,44546,0.111365,152513,0.381283
-43,30.6,400000,44588,0.11147,151898,0.379745
-43,30.8,400000,45167,0.112918,152511,0.381277
-43,31,400000,44659,0.111647,151517,0.378792
-43,31.2,400000,45231,0.113077,152208,0.38052
-43,31.4,400000,44812,0.11203,152012,0.38003
-43,31.6,400000,44776,0.11194,152117,0.380292
-43,31.8,400000,44916,0.11229,152297,0.380742
-43,32,400000,44396,0.11099,152087,0.380217
-43,32.2,400000,44605,0.111513,151519,0.378798
-43,32.4,400000,44699,0.111747,151762,0.379405
-43,32.6,400000,44980,0.11245,152438,0.381095
-43,32.8,400000,44551,0.111378,151735,0.379337
-43,33,400000,44842,0.112105,151570,0.378925
-43,33.2,400000,44527,0.111317,151586,0.378965
-43,33.4,400000,44906,0.112265,152199,0.380497
-43,33.6,400000,44505,0.111263,151884,0.37971
-43,33.8,400000,44823,0.112058,151774,0.379435
-43,34,400000,45310,0.113275,152678,0.381695
-43,34.2,400000,45136,0.11284,151912,0.37978
-43,34.4,400000,44529,0.111323,151492,0.37873
-43,34.6,400000,44715,0.111787,152288,0.38072
-43,34.8,400000,45082,0.112705,152195,0.380487
-43,35,400000,44972,0.11243,151616,0.37904
-43,35.2,400000,44735,0.111838,151939,0.379848
-43,35.4,400000,44845,0.112113,151831,0.379578
-43,35.6,400000,44253,0.110632,151637,0.379092
-43,35.8,400000,45018,0.112545,151804,0.37951
-43,36,400000,44782,0.111955,152342,0.380855
-43,36.2,400000,45179,0.112948,152095,0.380238
-43,36.4,400000,45173,0.112933,151928,0.37982
-43,36.6,400000,44948,0.11237,151970,0.379925
-43,36.8,400000,44788,0.11197,152229,0.380572
-43,37,400000,44605,0.111513,152168,0.38042
-43,37.2,400000,44913,0.112282,152283,0.380707
-43,37.4,400000,45193,0.112982,152720,0.3818
-43,37.6,400000,45090,0.112725,151946,0.379865
-43,37.8,400000,45353,0.113382,152258,0.380645
-43,38,400000,44877,0.112193,152237,0.380593
-43,38.2,400000,44676,0.11169,151829,0.379572
-43,38.4,400000,45167,0.112918,152366,0.380915
-43,38.6,400000,44701,0.111753,152500,0.38125
-43,38.8,400000,44753,0.111882,151750,0.379375
-43,39,400000,44925,0.112312,152300,0.38075
-43,39.2,400000,44374,0.110935,151057,0.377642
-43,39.4,400000,44759,0.111897,152486,0.381215
-43,39.6,400000,44904,0.11226,152055,0.380138
-43,39.8,400000,44622,0.111555,152226,0.380565
-43,40,400000,44936,0.11234,152318,0.380795
-43,40.2,400000,44448,0.11112,151601,0.379003
-43,40.4,400000,45165,0.112912,152218,0.380545
-43,40.6,400000,45121,0.112802,152135,0.380337
-43,40.8,400000,45012,0.11253,151742,0.379355
-43,41,400000,44483,0.111208,151867,0.379667
-43,41.2,400000,44479,0.111198,151726,0.379315
-43,41.4,400000,45115,0.112787,152660,0.38165
-43,41.6,400000,44668,0.11167,151617,0.379043
-43,41.8,400000,45466,0.113665,152028,0.38007
-43,42,400000,44871,0.112177,152583,0.381458
-43,42.2,400000,45208,0.11302,152148,0.38037
-43,42.4,400000,44532,0.11133,152630,0.381575
-43,42.6,400000,44706,0.111765,152111,0.380277
-43,42.8,400000,44656,0.11164,151499,0.378748
-43,43,400000,45041,0.112602,151704,0.37926
-43,43.2,400000,44860,0.11215,152202,0.380505
-43,43.4,400000,44985,0.112463,151916,0.37979
-43,43.6,400000,45056,0.11264,152153,0.380383
-43,43.8,400000,44461,0.111153,152550,0.381375
-43,44,400000,44935,0.112338,152206,0.380515
-43,44.2,400000,45113,0.112782,152458,0.381145
-43,44.4,400000,44715,0.111787,151807,0.379518
-43,44.6,400000,45110,0.112775,152360,0.3809
-43,44.8,400000,44911,0.112278,152468,0.38117
-43,45,400000,44719,0.111797,152690,0.381725
-43,45.2,400000,45271,0.113178,152722,0.381805
-43,45.4,400000,45008,0.11252,151714,0.379285
-43,45.6,400000,44541,0.111352,151460,0.37865
-43,45.8,400000,44857,0.112143,152160,0.3804
-43,46,400000,44593,0.111482,152038,0.380095
-43,46.2,400000,44926,0.112315,152138,0.380345
-43,46.4,400000,44612,0.11153,152233,0.380582
-43,46.6,400000,44978,0.112445,152013,0.380032
-43,46.8,400000,44890,0.112225,152411,0.381028
-43,47,400000,45008,0.11252,152657,0.381642
-43,47.2,400000,45108,0.11277,152773,0.381933
-43,47.4,400000,45156,0.11289,152731,0.381827
-43,47.6,400000,44368,0.11092,151251,0.378128
-43,47.8,400000,44434,0.111085,151645,0.379113
-43,48,400000,45468,0.11367,152412,0.38103
-43,48.2,400000,45137,0.112842,152941,0.382352
-43,48.4,400000,45034,0.112585,152287,0.380717
-43,48.6,400000,44866,0.112165,152257,0.380642
-43,48.8,400000,44909,0.112272,152077,0.380192
-43,49,400000,44262,0.110655,151624,0.37906
-43,49.2,400000,44497,0.111242,151349,0.378373
-43,49.4,400000,44676,0.11169,152075,0.380188
-43,49.6,400000,44541,0.111352,152518,0.381295
-43,49.8,400000,45018,0.112545,152306,0.380765
-43,50,400000,44738,0.111845,151821,0.379553
-42.8,-50,400000,44863,0.112157,152576,0.38144
-42.8,-49.8,400000,44564,0.11141,151684,0.37921
-42.8,-49.6,400000,44571,0.111427,152351,0.380877
-42.8,-49.4,400000,44684,0.11171,151894,0.379735
-42.8,-49.2,400000,45068,0.11267,151955,0.379887
-42.8,-49,400000,44625,0.111562,152364,0.38091
-42.8,-48.8,400000,44976,0.11244,152342,0.380855
-42.8,-48.6,400000,44890,0.112225,152001,0.380003
-42.8,-48.4,400000,45140,0.11285,151752,0.37938
-42.8,-48.2,400000,44668,0.11167,151178,0.377945
-42.8,-48,400000,44499,0.111247,152300,0.38075
-42.8,-47.8,400000,44392,0.11098,151866,0.379665
-42.8,-47.6,400000,45044,0.11261,152068,0.38017
-42.8,-47.4,400000,44775,0.111937,152173,0.380433
-42.8,-47.2,400000,44234,0.110585,151635,0.379088
-42.8,-47,400000,44596,0.11149,152053,0.380132
-42.8,-46.8,400000,44397,0.110992,152050,0.380125
-42.8,-46.6,400000,44689,0.111723,152228,0.38057
-42.8,-46.4,400000,44941,0.112352,152279,0.380698
-42.8,-46.2,400000,44266,0.110665,151794,0.379485
-42.8,-46,400000,44980,0.11245,152468,0.38117
-42.8,-45.8,400000,44888,0.11222,151648,0.37912
-42.8,-45.6,400000,45276,0.11319,152290,0.380725
-42.8,-45.4,400000,44695,0.111738,152011,0.380028
-42.8,-45.2,400000,44502,0.111255,151375,0.378437
-42.8,-45,400000,44826,0.112065,152161,0.380402
-42.8,-44.8,400000,44768,0.11192,152173,0.380433
-42.8,-44.6,400000,45035,0.112587,151407,0.378518
-42.8,-44.4,400000,44542,0.111355,151940,0.37985
-42.8,-44.2,400000,44704,0.11176,152041,0.380103
-42.8,-44,400000,44775,0.111937,152174,0.380435
-42.8,-43.8,400000,44847,0.112117,151608,0.37902
-42.8,-43.6,400000,44468,0.11117,151586,0.378965
-42.8,-43.4,400000,44902,0.112255,152177,0.380443
-42.8,-43.2,400000,44833,0.112083,152153,0.380383
-42.8,-43,400000,45101,0.112753,152875,0.382188
-42.8,-42.8,400000,44872,0.11218,152195,0.380487
-42.8,-42.6,400000,44859,0.112147,152252,0.38063
-42.8,-42.4,400000,45196,0.11299,151853,0.379632
-42.8,-42.2,400000,45041,0.112602,152471,0.381178
-42.8,-42,400000,44674,0.111685,151780,0.37945
-42.8,-41.8,400000,44134,0.110335,151707,0.379267
-42.8,-41.6,400000,45063,0.112657,152428,0.38107
-42.8,-41.4,400000,44615,0.111537,151674,0.379185
-42.8,-41.2,400000,45274,0.113185,152414,0.381035
-42.8,-41,400000,44862,0.112155,152415,0.381037
-42.8,-40.8,400000,44525,0.111312,151862,0.379655
-42.8,-40.6,400000,44707,0.111768,151205,0.378012
-42.8,-40.4,400000,44773,0.111933,152228,0.38057
-42.8,-40.2,400000,44333,0.110833,151631,0.379078
-42.8,-40,400000,44791,0.111977,151673,0.379182
-42.8,-39.8,400000,45154,0.112885,152509,0.381273
-42.8,-39.6,400000,44391,0.110978,151608,0.37902
-42.8,-39.4,400000,44963,0.112407,152155,0.380387
-42.8,-39.2,400000,45219,0.113047,152267,0.380667
-42.8,-39,400000,45157,0.112893,152618,0.381545
-42.8,-38.8,400000,44601,0.111503,152152,0.38038
-42.8,-38.6,400000,44423,0.111058,152204,0.38051
-42.8,-38.4,400000,44700,0.11175,152213,0.380532
-42.8,-38.2,400000,44978,0.112445,152522,0.381305
-42.8,-38,400000,45052,0.11263,152127,0.380317
-42.8,-37.8,400000,44945,0.112363,151861,0.379653
-42.8,-37.6,400000,44720,0.1118,151661,0.379153
-42.8,-37.4,400000,44680,0.1117,151877,0.379692
-42.8,-37.2,400000,44585,0.111463,151909,0.379773
-42.8,-37,400000,44530,0.111325,151271,0.378177
-42.8,-36.8,400000,44788,0.11197,152146,0.380365
-42.8,-36.6,400000,44273,0.110683,151966,0.379915
-42.8,-36.4,400000,44639,0.111598,151966,0.379915
-42.8,-36.2,400000,44755,0.111888,151902,0.379755
-42.8,-36,400000,44485,0.111213,152009,0.380022
-42.8,-35.8,400000,44816,0.11204,152083,0.380207
-42.8,-35.6,400000,44658,0.111645,151950,0.379875
-42.8,-35.4,400000,44621,0.111552,152026,0.380065
-42.8,-35.2,400000,44627,0.111568,151580,0.37895
-42.8,-35,400000,45212,0.11303,152367,0.380918
-42.8,-34.8,400000,44561,0.111403,151968,0.37992
-42.8,-34.6,400000,45063,0.112657,152024,0.38006
-42.8,-34.4,400000,44721,0.111802,152370,0.380925
-42.8,-34.2,400000,44425,0.111062,151454,0.378635
-42.8,-34,400000,44310,0.110775,152168,0.38042
-42.8,-33.8,400000,44382,0.110955,151469,0.378673
-42.8,-33.6,400000,44230,0.110575,151571,0.378927
-42.8,-33.4,400000,44989,0.112473,152211,0.380528
-42.8,-33.2,400000,44292,0.11073,151742,0.379355
-42.8,-33,400000,44895,0.112238,151908,0.37977
-42.8,-32.8,400000,44528,0.11132,151898,0.379745
-42.8,-32.6,400000,45089,0.112723,152303,0.380758
-42.8,-32.4,400000,45164,0.11291,152330,0.380825
-42.8,-32.2,400000,44866,0.112165,152192,0.38048
-42.8,-32,400000,45427,0.113568,151985,0.379962
-42.8,-31.8,400000,45272,0.11318,152531,0.381327
-42.8,-31.6,400000,44699,0.111747,152162,0.380405
-42.8,-31.4,400000,45393,0.113483,152479,0.381198
-42.8,-31.2,400000,44971,0.112427,152412,0.38103
-42.8,-31,400000,44361,0.110903,151598,0.378995
-42.8,-30.8,400000,44668,0.11167,151980,0.37995
-42.8,-30.6,400000,44753,0.111882,151683,0.379207
-42.8,-30.4,400000,45103,0.112757,152245,0.380613
-42.8,-30.2,400000,44918,0.112295,152027,0.380068
-42.8,-30,400000,44708,0.11177,151182,0.377955
-42.8,-29.8,400000,44812,0.11203,152061,0.380153
-42.8,-29.6,400000,44792,0.11198,152053,0.380132
-42.8,-29.4,400000,44833,0.112083,151874,0.379685
-42.8,-29.2,400000,44729,0.111823,152529,0.381323
-42.8,-29,400000,44696,0.11174,152093,0.380232
-42.8,-28.8,400000,45411,0.113528,151553,0.378883
-42.8,-28.6,400000,45068,0.11267,152134,0.380335
-42.8,-28.4,400000,44954,0.112385,152001,0.380003
-42.8,-28.2,400000,44550,0.111375,151916,0.37979
-42.8,-28,400000,45190,0.112975,152199,0.380497
-42.8,-27.8,400000,44365,0.110912,151655,0.379138
-42.8,-27.6,400000,45260,0.11315,152801,0.382003
-42.8,-27.4,400000,44888,0.11222,151735,0.379337
-42.8,-27.2,400000,44961,0.112403,152076,0.38019
-42.8,-27,400000,44729,0.111823,152040,0.3801
-42.8,-26.8,400000,44225,0.110562,151723,0.379308
-42.8,-26.6,400000,44912,0.11228,152192,0.38048
-42.8,-26.4,400000,44749,0.111872,151883,0.379707
-42.8,-26.2,400000,44161,0.110403,151670,0.379175
-42.8,-26,400000,45022,0.112555,151766,0.379415
-42.8,-25.8,400000,44663,0.111658,151813,0.379532
-42.8,-25.6,400000,44506,0.111265,151776,0.37944
-42.8,-25.4,400000,44336,0.11084,151862,0.379655
-42.8,-25.2,400000,45170,0.112925,152404,0.38101
-42.8,-25,400000,44880,0.1122,152418,0.381045
-42.8,-24.8,400000,44448,0.11112,152063,0.380157
-42.8,-24.6,400000,45153,0.112882,151821,0.379553
-42.8,-24.4,400000,44768,0.11192,152562,0.381405
-42.8,-24.2,400000,44826,0.112065,152546,0.381365
-42.8,-24,400000,44977,0.112443,151752,0.37938
-42.8,-23.8,400000,44688,0.11172,151893,0.379732
-42.8,-23.6,400000,44851,0.112128,152318,0.380795
-42.8,-23.4,400000,45033,0.112583,152460,0.38115
-42.8,-23.2,400000,44788,0.11197,151828,0.37957
-42.8,-23,400000,45015,0.112537,152045,0.380113
-42.8,-22.8,400000,44552,0.11138,152027,0.380068
-42.8,-22.6,400000,45190,0.112975,152011,0.380028
-42.8,-22.4,400000,45204,0.11301,152213,0.380532
-42.8,-22.2,400000,44864,0.11216,152172,0.38043
-42.8,-22,400000,44950,0.112375,152042,0.380105
-42.8,-21.8,400000,44700,0.11175,151795,0.379487
-42.8,-21.6,400000,45039,0.112598,151843,0.379607
-42.8,-21.4,400000,44590,0.111475,151595,0.378987
-42.8,-21.2,400000,45124,0.11281,152282,0.380705
-42.8,-21,400000,45228,0.11307,152770,0.381925
-42.8,-20.8,400000,44788,0.11197,152433,0.381082
-42.8,-20.6,400000,44619,0.111547,152014,0.380035
-42.8,-20.4,400000,45144,0.11286,152688,0.38172
-42.8,-20.2,400000,44245,0.110613,152144,0.38036
-42.8,-20,400000,44506,0.111265,151625,0.379063
-42.8,-19.8,400000,45098,0.112745,152442,0.381105
-42.8,-19.6,400000,44446,0.111115,152288,0.38072
-42.8,-19.4,400000,45006,0.112515,152107,0.380267
-42.8,-19.2,400000,45238,0.113095,152023,0.380057
-42.8,-19,400000,44765,0.111912,152077,0.380192
-42.8,-18.8,400000,44837,0.112092,152000,0.38
-42.8,-18.6,400000,44747,0.111867,152603,0.381507
-42.8,-18.4,400000,44966,0.112415,152087,0.380217
-42.8,-18.2,400000,44575,0.111437,151938,0.379845
-42.8,-18,400000,45034,0.112585,151997,0.379993
-42.8,-17.8,400000,44930,0.112325,152326,0.380815
-42.8,-17.6,400000,44853,0.112132,152298,0.380745
-42.8,-17.4,400000,44580,0.11145,151560,0.3789
-42.8,-17.2,400000,45116,0.11279,151871,0.379678
-42.8,-17,400000,44196,0.11049,151607,0.379018
-42.8,-16.8,400000,45093,0.112732,152582,0.381455
-42.8,-16.6,400000,44824,0.11206,152372,0.38093
-42.8,-16.4,400000,45012,0.11253,152033,0.380082
-42.8,-16.2,400000,45001,0.112503,151776,0.37944
-42.8,-16,400000,45159,0.112897,151599,0.378997
-42.8,-15.8,400000,45119,0.112797,152191,0.380478
-42.8,-15.6,400000,44825,0.112062,151764,0.37941
-42.8,-15.4,400000,44832,0.11208,152071,0.380178
-42.8,-15.2,400000,44759,0.111897,151783,0.379458
-42.8,-15,400000,44759,0.111897,152178,0.380445
-42.8,-14.8,400000,44200,0.1105,151456,0.37864
-42.8,-14.6,400000,44863,0.112157,152187,0.380468
-42.8,-14.4,400000,45042,0.112605,152333,0.380833
-42.8,-14.2,400000,44532,0.11133,151721,0.379302
-42.8,-14,400000,44997,0.112492,152384,0.38096
-42.8,-13.8,400000,44987,0.112467,151978,0.379945
-42.8,-13.6,400000,45064,0.11266,151857,0.379642
-42.8,-13.4,400000,45109,0.112772,152440,0.3811
-42.8,-13.2,400000,45101,0.112753,152621,0.381553
-42.8,-13,400000,44917,0.112293,152008,0.38002
-42.8,-12.8,400000,44560,0.1114,151743,0.379358
-42.8,-12.6,400000,44454,0.111135,152434,0.381085
-42.8,-12.4,400000,44733,0.111833,152066,0.380165
-42.8,-12.2,400000,44980,0.11245,152020,0.38005
-42.8,-12,400000,44556,0.11139,151715,0.379287
-42.8,-11.8,400000,44206,0.110515,151605,0.379012
-42.8,-11.6,400000,44369,0.110922,151134,0.377835
-42.8,-11.4,400000,44799,0.111997,151961,0.379902
-42.8,-11.2,400000,44521,0.111302,152111,0.380277
-42.8,-11,400000,44968,0.11242,152086,0.380215
-42.8,-10.8,400000,44792,0.11198,152398,0.380995
-42.8,-10.6,400000,45298,0.113245,152803,0.382007
-42.8,-10.4,400000,45316,0.11329,152469,0.381173
-42.8,-10.2,400000,45010,0.112525,151518,0.378795
-42.8,-10,400000,44719,0.111797,151906,0.379765
-42.8,-9.8,400000,44785,0.111963,151983,0.379958
-42.8,-9.6,400000,45121,0.112802,152330,0.380825
-42.8,-9.4,400000,45009,0.112522,151701,0.379252
-42.8,-9.2,400000,45091,0.112727,151828,0.37957
-42.8,-9,400000,44852,0.11213,152617,0.381543
-42.8,-8.8,400000,44788,0.11197,151967,0.379918
-42.8,-8.6,400000,44432,0.11108,152066,0.380165
-42.8,-8.4,400000,44316,0.11079,151468,0.37867
-42.8,-8.2,400000,45329,0.113323,152723,0.381808
-42.8,-8,400000,44374,0.110935,151534,0.378835
-42.8,-7.8,400000,45012,0.11253,151804,0.37951
-42.8,-7.6,400000,44685,0.111713,152258,0.380645
-42.8,-7.4,400000,44242,0.110605,152027,0.380068
-42.8,-7.2,400000,44398,0.110995,152110,0.380275
-42.8,-7,400000,44813,0.112032,151676,0.37919
-42.8,-6.8,400000,44821,0.112052,152644,0.38161
-42.8,-6.6,400000,44482,0.111205,151773,0.379433
-42.8,-6.4,400000,45293,0.113232,152696,0.38174
-42.8,-6.2,400000,44081,0.110202,151998,0.379995
-42.8,-6,400000,44841,0.112102,151786,0.379465
-42.8,-5.8,400000,44615,0.111537,151762,0.379405
-42.8,-5.6,400000,44156,0.11039,151491,0.378727
-42.8,-5.4,400000,44928,0.11232,152524,0.38131
-42.8,-5.2,400000,44713,0.111783,151760,0.3794
-42.8,-5,400000,45158,0.112895,152003,0.380007
-42.8,-4.8,400000,45044,0.11261,152198,0.380495
-42.8,-4.6,400000,45262,0.113155,152612,0.38153
-42.8,-4.4,400000,44722,0.111805,152629,0.381572
-42.8,-4.2,400000,44608,0.11152,151765,0.379412
-42.8,-4,400000,44244,0.11061,152286,0.380715
-42.8,-3.8,400000,44999,0.112498,151869,0.379673
-42.8,-3.6,400000,44739,0.111848,151933,0.379833
-42.8,-3.4,400000,45385,0.113462,152372,0.38093
-42.8,-3.2,400000,44704,0.11176,152014,0.380035
-42.8,-3,400000,44929,0.112323,151588,0.37897
-42.8,-2.8,400000,44702,0.111755,151708,0.37927
-42.8,-2.6,400000,45054,0.112635,152509,0.381273
-42.8,-2.4,400000,44899,0.112248,151718,0.379295
-42.8,-2.2,400000,44289,0.110723,151489,0.378723
-42.8,-2,400000,44950,0.112375,152265,0.380663
-42.8,-1.8,400000,44396,0.11099,151662,0.379155
-42.8,-1.6,400000,44633,0.111583,152240,0.3806
-42.8,-1.4,400000,44624,0.11156,151672,0.37918
-42.8,-1.2,400000,45267,0.113168,152357,0.380893
-42.8,-1,400000,44676,0.11169,152018,0.380045
-42.8,-0.8,400000,45076,0.11269,151968,0.37992
-42.8,-0.6,400000,44573,0.111433,152445,0.381113
-42.8,-0.4,400000,44795,0.111988,151991,0.379978
-42.8,-0.2,400000,44749,0.111872,151718,0.379295
-42.8,0,400000,45330,0.113325,152922,0.382305
-42.8,0.2,400000,45149,0.112873,152609,0.381522
-42.8,0.4,400000,44597,0.111492,152491,0.381227
-42.8,0.6,400000,45317,0.113293,152765,0.381912
-42.8,0.8,400000,44628,0.11157,151984,0.37996
-42.8,1,400000,44770,0.111925,151884,0.37971
-42.8,1.2,400000,44711,0.111778,152623,0.381557
-42.8,1.4,400000,45497,0.113742,152508,0.38127
-42.8,1.6,400000,44870,0.112175,152377,0.380943
-42.8,1.8,400000,45110,0.112775,152020,0.38005
-42.8,2,400000,44617,0.111543,151715,0.379287
-42.8,2.2,400000,44474,0.111185,151935,0.379837
-42.8,2.4,400000,45206,0.113015,152945,0.382362
-42.8,2.6,400000,44283,0.110708,152139,0.380348
-42.8,2.8,400000,45002,0.112505,152186,0.380465
-42.8,3,400000,44684,0.11171,152003,0.380007
-42.8,3.2,400000,44650,0.111625,152557,0.381393
-42.8,3.4,400000,44540,0.11135,151888,0.37972
-42.8,3.6,400000,45122,0.112805,152107,0.380267
-42.8,3.8,400000,44629,0.111573,151575,0.378937
-42.8,4,400000,44675,0.111687,151650,0.379125
-42.8,4.2,400000,45168,0.11292,152311,0.380777
-42.8,4.4,400000,45041,0.112602,152081,0.380202
-42.8,4.6,400000,44951,0.112378,152506,0.381265
-42.8,4.8,400000,44869,0.112172,151646,0.379115
-42.8,5,400000,45318,0.113295,151990,0.379975
-42.8,5.2,400000,44779,0.111948,152003,0.380007
-42.8,5.4,400000,44615,0.111537,152126,0.380315
-42.8,5.6,400000,44276,0.11069,151651,0.379128
-42.8,5.8,400000,44561,0.111403,151830,0.379575
-42.8,6,400000,44642,0.111605,151650,0.379125
-42.8,6.2,400000,44755,0.111888,152271,0.380678
-42.8,6.4,400000,44726,0.111815,151955,0.379887
-42.8,6.6,400000,44909,0.112272,152176,0.38044
-42.8,6.8,400000,44372,0.11093,151536,0.37884
-42.8,7,400000,44842,0.112105,151908,0.37977
-42.8,7.2,400000,44865,0.112162,152113,0.380283
-42.8,7.4,400000,44545,0.111363,151627,0.379068
-42.8,7.6,400000,44572,0.11143,152041,0.380103
-42.8,7.8,400000,44704,0.11176,152240,0.3806
-42.8,8,400000,44787,0.111967,151672,0.37918
-42.8,8.2,400000,44787,0.111967,152188,0.38047
-42.8,8.4,400000,44138,0.110345,151714,0.379285
-42.8,8.6,400000,45169,0.112922,152322,0.380805
-42.8,8.8,400000,45136,0.11284,152715,0.381788
-42.8,9,400000,44564,0.11141,151697,0.379242
-42.8,9.2,400000,45351,0.113378,152343,0.380858
-42.8,9.4,400000,44657,0.111643,151856,0.37964
-42.8,9.6,400000,45125,0.112812,152694,0.381735
-42.8,9.8,400000,44695,0.111738,152058,0.380145
-42.8,10,400000,44732,0.11183,152408,0.38102
-42.8,10.2,400000,44697,0.111742,151857,0.379642
-42.8,10.4,400000,45078,0.112695,152170,0.380425
-42.8,10.6,400000,44748,0.11187,151799,0.379497
-42.8,10.8,400000,45254,0.113135,151767,0.379418
-42.8,11,400000,45001,0.112503,152066,0.380165
-42.8,11.2,400000,45196,0.11299,152333,0.380833
-42.8,11.4,400000,45176,0.11294,152156,0.38039
-42.8,11.6,400000,44955,0.112388,152098,0.380245
-42.8,11.8,400000,44492,0.11123,152076,0.38019
-42.8,12,400000,44730,0.111825,152311,0.380777
-42.8,12.2,400000,44916,0.11229,152149,0.380373
-42.8,12.4,400000,44931,0.112327,152332,0.38083
-42.8,12.6,400000,44976,0.11244,151536,0.37884
-42.8,12.8,400000,44681,0.111702,151604,0.37901
-42.8,13,400000,45251,0.113128,152375,0.380937
-42.8,13.2,400000,44515,0.111287,151996,0.37999
-42.8,13.4,400000,44819,0.112047,152124,0.38031
-42.8,13.6,400000,45243,0.113107,152790,0.381975
-42.8,13.8,400000,44639,0.111598,151827,0.379568
-42.8,14,400000,44620,0.11155,152171,0.380427
-42.8,14.2,400000,45253,0.113132,152339,0.380848
-42.8,14.4,400000,45183,0.112958,152560,0.3814
-42.8,14.6,400000,44704,0.11176,152217,0.380543
-42.8,14.8,400000,44726,0.111815,151957,0.379893
-42.8,15,400000,44765,0.111912,151532,0.37883
-42.8,15.2,400000,44841,0.112102,152227,0.380568
-42.8,15.4,400000,44671,0.111677,151648,0.37912
-42.8,15.6,400000,45338,0.113345,152353,0.380883
-42.8,15.8,400000,44612,0.11153,152174,0.380435
-42.8,16,400000,44219,0.110548,151478,0.378695
-42.8,16.2,400000,44418,0.111045,152275,0.380688
-42.8,16.4,400000,44881,0.112202,152184,0.38046
-42.8,16.6,400000,44739,0.111848,151710,0.379275
-42.8,16.8,400000,44764,0.11191,152348,0.38087
-42.8,17,400000,44442,0.111105,151948,0.37987
-42.8,17.2,400000,45134,0.112835,151713,0.379283
-42.8,17.4,400000,44314,0.110785,151881,0.379702
-42.8,17.6,400000,44966,0.112415,152292,0.38073
-42.8,17.8,400000,44882,0.112205,152003,0.380007
-42.8,18,400000,44447,0.111117,152119,0.380298
-42.8,18.2,400000,44774,0.111935,152159,0.380397
-42.8,18.4,400000,44611,0.111528,152202,0.380505
-42.8,18.6,400000,44921,0.112302,152055,0.380138
-42.8,18.8,400000,44639,0.111598,152179,0.380447
-42.8,19,400000,44562,0.111405,151982,0.379955
-42.8,19.2,400000,44979,0.112448,152079,0.380198
-42.8,19.4,400000,44422,0.111055,152024,0.38006
-42.8,19.6,400000,45110,0.112775,152090,0.380225
-42.8,19.8,400000,44469,0.111172,152330,0.380825
-42.8,20,400000,44429,0.111073,152860,0.38215
-42.8,20.2,400000,44776,0.11194,151994,0.379985
-42.8,20.4,400000,44767,0.111918,151825,0.379563
-42.8,20.6,400000,44762,0.111905,152142,0.380355
-42.8,20.8,400000,44624,0.11156,151820,0.37955
-42.8,21,400000,44895,0.112238,152884,0.38221
-42.8,21.2,400000,44517,0.111293,152010,0.380025
-42.8,21.4,400000,45084,0.11271,151944,0.37986
-42.8,21.6,400000,45160,0.1129,152626,0.381565
-42.8,21.8,400000,44831,0.112077,151605,0.379012
-42.8,22,400000,44674,0.111685,151365,0.378412
-42.8,22.2,400000,44604,0.11151,152132,0.38033
-42.8,22.4,400000,44426,0.111065,152072,0.38018
-42.8,22.6,400000,44733,0.111833,152157,0.380393
-42.8,22.8,400000,44972,0.11243,153274,0.383185
-42.8,23,400000,45064,0.11266,152267,0.380667
-42.8,23.2,400000,44585,0.111463,152391,0.380978
-42.8,23.4,400000,45051,0.112628,151711,0.379277
-42.8,23.6,400000,44176,0.11044,151949,0.379873
-42.8,23.8,400000,44348,0.11087,152082,0.380205
-42.8,24,400000,44648,0.11162,151769,0.379422
-42.8,24.2,400000,44937,0.112342,151619,0.379047
-42.8,24.4,400000,45213,0.113032,152006,0.380015
-42.8,24.6,400000,44496,0.11124,151863,0.379657
-42.8,24.8,400000,44749,0.111872,151777,0.379443
-42.8,25,400000,44973,0.112433,151694,0.379235
-42.8,25.2,400000,44652,0.11163,152526,0.381315
-42.8,25.4,400000,44744,0.11186,151590,0.378975
-42.8,25.6,400000,44806,0.112015,152332,0.38083
-42.8,25.8,400000,45353,0.113382,152339,0.380848
-42.8,26,400000,44934,0.112335,152311,0.380777
-42.8,26.2,400000,44786,0.111965,151678,0.379195
-42.8,26.4,400000,44760,0.1119,152358,0.380895
-42.8,26.6,400000,43936,0.10984,151054,0.377635
-42.8,26.8,400000,44757,0.111893,152051,0.380128
-42.8,27,400000,44888,0.11222,152428,0.38107
-42.8,27.2,400000,44633,0.111583,152314,0.380785
-42.8,27.4,400000,45305,0.113263,152582,0.381455
-42.8,27.6,400000,44819,0.112047,151828,0.37957
-42.8,27.8,400000,44858,0.112145,152137,0.380342
-42.8,28,400000,44755,0.111888,151850,0.379625
-42.8,28.2,400000,44493,0.111232,151342,0.378355
-42.8,28.4,400000,44816,0.11204,152117,0.380292
-42.8,28.6,400000,44743,0.111857,151555,0.378887
-42.8,28.8,400000,44756,0.11189,151882,0.379705
-42.8,29,400000,44352,0.11088,151788,0.37947
-42.8,29.2,400000,44818,0.112045,151954,0.379885
-42.8,29.4,400000,44880,0.1122,151545,0.378862
-42.8,29.6,400000,44526,0.111315,151970,0.379925
-42.8,29.8,400000,45126,0.112815,152251,0.380628
-42.8,30,400000,45326,0.113315,152525,0.381312
-42.8,30.2,400000,44830,0.112075,151861,0.379653
-42.8,30.4,400000,44877,0.112193,152539,0.381348
-42.8,30.6,400000,45031,0.112577,152597,0.381493
-42.8,30.8,400000,45367,0.113418,152377,0.380943
-42.8,31,400000,44806,0.112015,151848,0.37962
-42.8,31.2,400000,44676,0.11169,151345,0.378362
-42.8,31.4,400000,45138,0.112845,152144,0.38036
-42.8,31.6,400000,45373,0.113433,152565,0.381412
-42.8,31.8,400000,45539,0.113848,152857,0.382142
-42.8,32,400000,44977,0.112443,151636,0.37909
-42.8,32.2,400000,44865,0.112162,152013,0.380032
-42.8,32.4,400000,45437,0.113592,151205,0.378012
-42.8,32.6,400000,44776,0.11194,152202,0.380505
-42.8,32.8,400000,44897,0.112242,152477,0.381192
-42.8,33,400000,44865,0.112162,151611,0.379028
-42.8,33.2,400000,44663,0.111658,151901,0.379752
-42.8,33.4,400000,44997,0.112492,151683,0.379207
-42.8,33.6,400000,44417,0.111043,151674,0.379185
-42.8,33.8,400000,45120,0.1128,152402,0.381005
-42.8,34,400000,44799,0.111997,151957,0.379893
-42.8,34.2,400000,45165,0.112912,152260,0.38065
-42.8,34.4,400000,44526,0.111315,151621,0.379053
-42.8,34.6,400000,45175,0.112937,151834,0.379585
-42.8,34.8,400000,44967,0.112418,151814,0.379535
-42.8,35,400000,44814,0.112035,151973,0.379933
-42.8,35.2,400000,44766,0.111915,152155,0.380387
-42.8,35.4,400000,44572,0.11143,152135,0.380337
-42.8,35.6,400000,44753,0.111882,151949,0.379873
-42.8,35.8,400000,45405,0.113513,153023,0.382557
-42.8,36,400000,45033,0.112583,152503,0.381258
-42.8,36.2,400000,44449,0.111122,152235,0.380588
-42.8,36.4,400000,44602,0.111505,151782,0.379455
-42.8,36.6,400000,44639,0.111598,151085,0.377713
-42.8,36.8,400000,44844,0.11211,151760,0.3794
-42.8,37,400000,45348,0.11337,152463,0.381157
-42.8,37.2,400000,44522,0.111305,151978,0.379945
-42.8,37.4,400000,44987,0.112467,151771,0.379427
-42.8,37.6,400000,44844,0.11211,151948,0.37987
-42.8,37.8,400000,44925,0.112312,152120,0.3803
-42.8,38,400000,44688,0.11172,151560,0.3789
-42.8,38.2,400000,44838,0.112095,152220,0.38055
-42.8,38.4,400000,44853,0.112132,152406,0.381015
-42.8,38.6,400000,44580,0.11145,151068,0.37767
-42.8,38.8,400000,44819,0.112047,152243,0.380607
-42.8,39,400000,44647,0.111617,152022,0.380055
-42.8,39.2,400000,45048,0.11262,152577,0.381443
-42.8,39.4,400000,44966,0.112415,152124,0.38031
-42.8,39.6,400000,44600,0.1115,151436,0.37859
-42.8,39.8,400000,44835,0.112088,151348,0.37837
-42.8,40,400000,44785,0.111963,152178,0.380445
-42.8,40.2,400000,45249,0.113123,152008,0.38002
-42.8,40.4,400000,45023,0.112558,152089,0.380223
-42.8,40.6,400000,44951,0.112378,151734,0.379335
-42.8,40.8,400000,44747,0.111867,152263,0.380657
-42.8,41,400000,44673,0.111683,151993,0.379983
-42.8,41.2,400000,44865,0.112162,151914,0.379785
-42.8,41.4,400000,44716,0.11179,152093,0.380232
-42.8,41.6,400000,44681,0.111702,152073,0.380182
-42.8,41.8,400000,44465,0.111162,151922,0.379805
-42.8,42,400000,45372,0.11343,152168,0.38042
-42.8,42.2,400000,44826,0.112065,151555,0.378887
-42.8,42.4,400000,45321,0.113303,152215,0.380537
-42.8,42.6,400000,44608,0.11152,151706,0.379265
-42.8,42.8,400000,44637,0.111592,152242,0.380605
-42.8,43,400000,45121,0.112802,151820,0.37955
-42.8,43.2,400000,44810,0.112025,151879,0.379698
-42.8,43.4,400000,44897,0.112242,151795,0.379487
-42.8,43.6,400000,44298,0.110745,152099,0.380248
-42.8,43.8,400000,44720,0.1118,151629,0.379072
-42.8,44,400000,44846,0.112115,152559,0.381398
-42.8,44.2,400000,44675,0.111687,152087,0.380217
-42.8,44.4,400000,44825,0.112062,152194,0.380485
-42.8,44.6,400000,44992,0.11248,151970,0.379925
-42.8,44.8,400000,45021,0.112552,152306,0.380765
-42.8,45,400000,45115,0.112787,152246,0.380615
-42.8,45.2,400000,44374,0.110935,151692,0.37923
-42.8,45.4,400000,44606,0.111515,152328,0.38082
-42.8,45.6,400000,45459,0.113647,152000,0.38
-42.8,45.8,400000,44624,0.11156,152127,0.380317
-42.8,46,400000,44933,0.112333,152108,0.38027
-42.8,46.2,400000,44835,0.112088,152066,0.380165
-42.8,46.4,400000,44997,0.112492,152555,0.381387
-42.8,46.6,400000,44544,0.11136,151921,0.379802
-42.8,46.8,400000,44971,0.112427,152415,0.381037
-42.8,47,400000,43966,0.109915,151525,0.378812
-42.8,47.2,400000,45186,0.112965,152274,0.380685
-42.8,47.4,400000,44853,0.112132,152594,0.381485
-42.8,47.6,400000,44713,0.111783,151657,0.379142
-42.8,47.8,400000,45031,0.112577,151934,0.379835
-42.8,48,400000,44841,0.112102,151038,0.377595
-42.8,48.2,400000,44823,0.112058,152467,0.381167
-42.8,48.4,400000,44875,0.112187,152061,0.380153
-42.8,48.6,400000,45147,0.112867,152502,0.381255
-42.8,48.8,400000,44750,0.111875,151377,0.378443
-42.8,49,400000,45118,0.112795,152098,0.380245
-42.8,49.2,400000,44872,0.11218,151942,0.379855
-42.8,49.4,400000,44496,0.11124,152192,0.38048
-42.8,49.6,400000,44705,0.111763,152273,0.380682
-42.8,49.8,400000,45078,0.112695,152085,0.380213
-42.8,50,400000,44764,0.11191,152309,0.380773
-42.6,-50,400000,45182,0.112955,152302,0.380755
-42.6,-49.8,400000,44700,0.11175,151761,0.379402
-42.6,-49.6,400000,44430,0.111075,151209,0.378022
-42.6,-49.4,400000,44715,0.111787,151791,0.379478
-42.6,-49.2,400000,45362,0.113405,152317,0.380792
-42.6,-49,400000,44579,0.111448,152115,0.380288
-42.6,-48.8,400000,44991,0.112477,152398,0.380995
-42.6,-48.6,400000,44998,0.112495,152300,0.38075
-42.6,-48.4,400000,44885,0.112213,152095,0.380238
-42.6,-48.2,400000,44215,0.110537,152321,0.380802
-42.6,-48,400000,45025,0.112562,152624,0.38156
-42.6,-47.8,400000,44796,0.11199,152615,0.381537
-42.6,-47.6,400000,44843,0.112107,151829,0.379572
-42.6,-47.4,400000,44363,0.110908,152197,0.380493
-42.6,-47.2,400000,44603,0.111507,151875,0.379688
-42.6,-47,400000,45095,0.112738,152118,0.380295
-42.6,-46.8,400000,45256,0.11314,152455,0.381138
-42.6,-46.6,400000,45248,0.11312,152132,0.38033
-42.6,-46.4,400000,44305,0.110762,151668,0.37917
-42.6,-46.2,400000,44785,0.111963,152437,0.381093
-42.6,-46,400000,44044,0.11011,152103,0.380258
-42.6,-45.8,400000,44960,0.1124,152531,0.381327
-42.6,-45.6,400000,45015,0.112537,152228,0.38057
-42.6,-45.4,400000,44456,0.11114,151639,0.379097
-42.6,-45.2,400000,44891,0.112227,151978,0.379945
-42.6,-45,400000,45079,0.112698,151889,0.379723
-42.6,-44.8,400000,44767,0.111918,152350,0.380875
-42.6,-44.6,400000,44828,0.11207,152294,0.380735
-42.6,-44.4,400000,45181,0.112952,152421,0.381053
-42.6,-44.2,400000,44775,0.111937,152280,0.3807
-42.6,-44,400000,45671,0.114178,152583,0.381458
-42.6,-43.8,400000,44975,0.112437,152000,0.38
-42.6,-43.6,400000,44837,0.112092,152365,0.380912
-42.6,-43.4,400000,44960,0.1124,151795,0.379487
-42.6,-43.2,400000,44330,0.110825,151646,0.379115
-42.6,-43,400000,44002,0.110005,151371,0.378428
-42.6,-42.8,400000,44590,0.111475,151941,0.379852
-42.6,-42.6,400000,44951,0.112378,152135,0.380337
-42.6,-42.4,400000,44774,0.111935,152251,0.380628
-42.6,-42.2,400000,44631,0.111577,152468,0.38117
-42.6,-42,400000,44858,0.112145,152152,0.38038
-42.6,-41.8,400000,45139,0.112848,152366,0.380915
-42.6,-41.6,400000,44532,0.11133,151969,0.379922
-42.6,-41.4,400000,44668,0.11167,151701,0.379252
-42.6,-41.2,400000,44715,0.111787,152213,0.380532
-42.6,-41,400000,44796,0.11199,152185,0.380462
-42.6,-40.8,400000,44613,0.111533,152094,0.380235
-42.6,-40.6,400000,44998,0.112495,151932,0.37983
-42.6,-40.4,400000,45118,0.112795,152148,0.38037
-42.6,-40.2,400000,44738,0.111845,151573,0.378933
-42.6,-40,400000,44799,0.111997,152214,0.380535
-42.6,-39.8,400000,44762,0.111905,152083,0.380207
-42.6,-39.6,400000,45491,0.113727,152432,0.38108
-42.6,-39.4,400000,45173,0.112933,152227,0.380568
-42.6,-39.2,400000,44956,0.11239,152662,0.381655
-42.6,-39,400000,45325,0.113312,152591,0.381478
-42.6,-38.8,400000,44840,0.1121,152631,0.381578
-42.6,-38.6,400000,44957,0.112393,152153,0.380383
-42.6,-38.4,400000,45242,0.113105,152476,0.38119
-42.6,-38.2,400000,44711,0.111778,151961,0.379902
-42.6,-38,400000,44706,0.111765,152495,0.381238
-42.6,-37.8,400000,45268,0.11317,152219,0.380547
-42.6,-37.6,400000,45048,0.11262,152034,0.380085
-42.6,-37.4,400000,45015,0.112537,152327,0.380817
-42.6,-37.2,400000,45111,0.112778,152150,0.380375
-42.6,-37,400000,44693,0.111732,151650,0.379125
-42.6,-36.8,400000,44440,0.1111,151875,0.379688
-42.6,-36.6,400000,44618,0.111545,153117,0.382792
-42.6,-36.4,400000,44790,0.111975,152185,0.380462
-42.6,-36.2,400000,45027,0.112568,152275,0.380688
-42.6,-36,400000,45040,0.1126,152135,0.380337
-42.6,-35.8,400000,44561,0.111403,151906,0.379765
-42.6,-35.6,400000,44461,0.111153,151674,0.379185
-42.6,-35.4,400000,45429,0.113573,152767,0.381918
-42.6,-35.2,400000,45151,0.112878,152124,0.38031
-42.6,-35,400000,45356,0.11339,152724,0.38181
-42.6,-34.8,400000,45321,0.113303,152051,0.380128
-42.6,-34.6,400000,44976,0.11244,152086,0.380215
-42.6,-34.4,400000,45047,0.112617,152193,0.380483
-42.6,-34.2,400000,44592,0.11148,152400,0.381
-42.6,-34,400000,44213,0.110533,152188,0.38047
-42.6,-33.8,400000,45043,0.112607,152659,0.381647
-42.6,-33.6,400000,44806,0.112015,152393,0.380983
-42.6,-33.4,400000,44894,0.112235,152168,0.38042
-42.6,-33.2,400000,44811,0.112028,151967,0.379918
-42.6,-33,400000,44340,0.11085,151933,0.379833
-42.6,-32.8,400000,44653,0.111632,152009,0.380022
-42.6,-32.6,400000,45392,0.11348,152731,0.381827
-42.6,-32.4,400000,44682,0.111705,151871,0.379678
-42.6,-32.2,400000,44403,0.111007,151857,0.379642
-42.6,-32,400000,44693,0.111732,152342,0.380855
-42.6,-31.8,400000,45528,0.11382,152730,0.381825
-42.6,-31.6,400000,44920,0.1123,152028,0.38007
-42.6,-31.4,400000,44793,0.111982,152457,0.381142
-42.6,-31.2,400000,44866,0.112165,152553,0.381383
-42.6,-31,400000,44737,0.111842,152278,0.380695
-42.6,-30.8,400000,44696,0.11174,152415,0.381037
-42.6,-30.6,400000,44770,0.111925,152167,0.380418
-42.6,-30.4,400000,45005,0.112513,152452,0.38113
-42.6,-30.2,400000,44743,0.111857,152359,0.380897
-42.6,-30,400000,44382,0.110955,151560,0.3789
-42.6,-29.8,400000,44744,0.11186,151956,0.37989
-42.6,-29.6,400000,44974,0.112435,152550,0.381375
-42.6,-29.4,400000,44633,0.111583,152099,0.380248
-42.6,-29.2,400000,45196,0.11299,152138,0.380345
-42.6,-29,400000,44752,0.11188,151146,0.377865
-42.6,-28.8,400000,44579,0.111448,151612,0.37903
-42.6,-28.6,400000,44615,0.111537,152046,0.380115
-42.6,-28.4,400000,44877,0.112193,151597,0.378993
-42.6,-28.2,400000,45426,0.113565,152672,0.38168
-42.6,-28,400000,44869,0.112172,151915,0.379788
-42.6,-27.8,400000,44261,0.110653,151819,0.379547
-42.6,-27.6,400000,44929,0.112323,151819,0.379547
-42.6,-27.4,400000,44838,0.112095,151804,0.37951
-42.6,-27.2,400000,44952,0.11238,152053,0.380132
-42.6,-27,400000,44692,0.11173,151867,0.379667
-42.6,-26.8,400000,44554,0.111385,152194,0.380485
-42.6,-26.6,400000,44880,0.1122,152534,0.381335
-42.6,-26.4,400000,44593,0.111482,152240,0.3806
-42.6,-26.2,400000,44987,0.112467,152106,0.380265
-42.6,-26,400000,44951,0.112378,151955,0.379887
-42.6,-25.8,400000,44717,0.111793,152526,0.381315
-42.6,-25.6,400000,45311,0.113278,152074,0.380185
-42.6,-25.4,400000,44293,0.110732,151640,0.3791
-42.6,-25.2,400000,44830,0.112075,151934,0.379835
-42.6,-25,400000,45219,0.113047,152575,0.381437
-42.6,-24.8,400000,45087,0.112717,152077,0.380192
-42.6,-24.6,400000,44718,0.111795,152368,0.38092
-42.6,-24.4,400000,45124,0.11281,152612,0.38153
-42.6,-24.2,400000,44843,0.112107,151579,0.378947
-42.6,-24,400000,44872,0.11218,152552,0.38138
-42.6,-23.8,400000,44690,0.111725,152228,0.38057
-42.6,-23.6,400000,44444,0.11111,152284,0.38071
-42.6,-23.4,400000,44457,0.111143,152087,0.380217
-42.6,-23.2,400000,45010,0.112525,152319,0.380798
-42.6,-23,400000,44433,0.111083,152063,0.380157
-42.6,-22.8,400000,44802,0.112005,152002,0.380005
-42.6,-22.6,400000,44915,0.112287,152767,0.381918
-42.6,-22.4,400000,44822,0.112055,151199,0.377997
-42.6,-22.2,400000,44819,0.112047,152578,0.381445
-42.6,-22,400000,45141,0.112852,151988,0.37997
-42.6,-21.8,400000,44904,0.11226,151952,0.37988
-42.6,-21.6,400000,45070,0.112675,152217,0.380543
-42.6,-21.4,400000,44777,0.111943,152482,0.381205
-42.6,-21.2,400000,44444,0.11111,151470,0.378675
-42.6,-21,400000,44234,0.110585,152190,0.380475
-42.6,-20.8,400000,44766,0.111915,152181,0.380453
-42.6,-20.6,400000,45163,0.112907,152462,0.381155
-42.6,-20.4,400000,44486,0.111215,152409,0.381022
-42.6,-20.2,400000,44390,0.110975,152103,0.380258
-42.6,-20,400000,44960,0.1124,152058,0.380145
-42.6,-19.8,400000,45265,0.113162,152253,0.380632
-42.6,-19.6,400000,45355,0.113388,152871,0.382178
-42.6,-19.4,400000,44735,0.111838,152399,0.380997
-42.6,-19.2,400000,44753,0.111882,151886,0.379715
-42.6,-19,400000,44605,0.111513,152086,0.380215
-42.6,-18.8,400000,45385,0.113462,152429,0.381072
-42.6,-18.6,400000,44492,0.11123,152156,0.38039
-42.6,-18.4,400000,45317,0.113293,152401,0.381003
-42.6,-18.2,400000,44367,0.110918,151949,0.379873
-42.6,-18,400000,44888,0.11222,151236,0.37809
-42.6,-17.8,400000,44572,0.11143,151991,0.379978
-42.6,-17.6,400000,44552,0.11138,151975,0.379937
-42.6,-17.4,400000,44481,0.111202,151803,0.379507
-42.6,-17.2,400000,45555,0.113888,152321,0.380802
-42.6,-17,400000,45428,0.11357,152018,0.380045
-42.6,-16.8,400000,45108,0.11277,151994,0.379985
-42.6,-16.6,400000,44734,0.111835,152069,0.380173
-42.6,-16.4,400000,44723,0.111808,152121,0.380302
-42.6,-16.2,400000,44904,0.11226,152136,0.38034
-42.6,-16,400000,44877,0.112193,152192,0.38048
-42.6,-15.8,400000,44924,0.11231,151598,0.378995
-42.6,-15.6,400000,45012,0.11253,151389,0.378472
-42.6,-15.4,400000,44406,0.111015,152076,0.38019
-42.6,-15.2,400000,44795,0.111988,152317,0.380792
-42.6,-15,400000,44415,0.111037,151281,0.378202
-42.6,-14.8,400000,45002,0.112505,152355,0.380887
-42.6,-14.6,400000,45262,0.113155,151970,0.379925
-42.6,-14.4,400000,44518,0.111295,151741,0.379352
-42.6,-14.2,400000,44834,0.112085,152346,0.380865
-42.6,-14,400000,45260,0.11315,151655,0.379138
-42.6,-13.8,400000,44623,0.111558,151862,0.379655
-42.6,-13.6,400000,45208,0.11302,152191,0.380478
-42.6,-13.4,400000,44540,0.11135,152233,0.380582
-42.6,-13.2,400000,44748,0.11187,152193,0.380483
-42.6,-13,400000,44593,0.111482,151980,0.37995
-42.6,-12.8,400000,44821,0.112052,151917,0.379792
-42.6,-12.6,400000,44833,0.112083,151743,0.379358
-42.6,-12.4,400000,45065,0.112662,151876,0.37969
-42.6,-12.2,400000,44307,0.110768,151475,0.378688
-42.6,-12,400000,45408,0.11352,152001,0.380003
-42.6,-11.8,400000,45107,0.112768,151782,0.379455
-42.6,-11.6,400000,44901,0.112253,152048,0.38012
-42.6,-11.4,400000,45051,0.112628,151743,0.379358
-42.6,-11.2,400000,44713,0.111783,152245,0.380613
-42.6,-11,400000,44241,0.110603,151397,0.378493
-42.6,-10.8,400000,44605,0.111513,151980,0.37995
-42.6,-10.6,400000,44748,0.11187,151490,0.378725
-42.6,-10.4,400000,45120,0.1128,152158,0.380395
-42.6,-10.2,400000,44704,0.11176,151902,0.379755
-42.6,-10,400000,45069,0.112672,152051,0.380128
-42.6,-9.8,400000,44993,0.112482,152719,0.381798
-42.6,-9.6,400000,44657,0.111643,151666,0.379165
-42.6,-9.4,400000,44658,0.111645,152115,0.380288
-42.6,-9.2,400000,44615,0.111537,152449,0.381122
-42.6,-9,400000,44820,0.11205,152065,0.380163
-42.6,-8.8,400000,44878,0.112195,152012,0.38003
-42.6,-8.6,400000,44951,0.112378,151544,0.37886
-42.6,-8.4,400000,44721,0.111802,151865,0.379663
-42.6,-8.2,400000,44744,0.11186,151838,0.379595
-42.6,-8,400000,44764,0.11191,152157,0.380393
-42.6,-7.8,400000,44829,0.112073,152599,0.381497
-42.6,-7.6,400000,44661,0.111653,151726,0.379315
-42.6,-7.4,400000,44863,0.112157,151728,0.37932
-42.6,-7.2,400000,44814,0.112035,151880,0.3797
-42.6,-7,400000,45010,0.112525,152363,0.380908
-42.6,-6.8,400000,44814,0.112035,152242,0.380605
-42.6,-6.6,400000,44975,0.112437,151630,0.379075
-42.6,-6.4,400000,44899,0.112248,152370,0.380925
-42.6,-6.2,400000,44883,0.112208,151763,0.379408
-42.6,-6,400000,45210,0.113025,152241,0.380603
-42.6,-5.8,400000,44515,0.111287,151641,0.379103
-42.6,-5.6,400000,44346,0.110865,151323,0.378308
-42.6,-5.4,400000,44221,0.110552,151546,0.378865
-42.6,-5.2,400000,45035,0.112587,152124,0.38031
-42.6,-5,400000,44688,0.11172,151707,0.379267
-42.6,-4.8,400000,44737,0.111842,152154,0.380385
-42.6,-4.6,400000,44690,0.111725,151184,0.37796
-42.6,-4.4,400000,44832,0.11208,151324,0.37831
-42.6,-4.2,400000,45734,0.114335,152202,0.380505
-42.6,-4,400000,44737,0.111842,152042,0.380105
-42.6,-3.8,400000,45266,0.113165,152178,0.380445
-42.6,-3.6,400000,44381,0.110952,152070,0.380175
-42.6,-3.4,400000,44603,0.111507,152346,0.380865
-42.6,-3.2,400000,45350,0.113375,152324,0.38081
-42.6,-3,400000,44102,0.110255,152055,0.380138
-42.6,-2.8,400000,44474,0.111185,151821,0.379553
-42.6,-2.6,400000,44757,0.111893,151917,0.379792
-42.6,-2.4,400000,45425,0.113562,152710,0.381775
-42.6,-2.2,400000,44696,0.11174,151628,0.37907
-42.6,-2,400000,45271,0.113178,152659,0.381647
-42.6,-1.8,400000,45207,0.113018,151764,0.37941
-42.6,-1.6,400000,45110,0.112775,152045,0.380113
-42.6,-1.4,400000,44471,0.111177,151254,0.378135
-42.6,-1.2,400000,45620,0.11405,152794,0.381985
-42.6,-1,400000,44960,0.1124,151995,0.379987
-42.6,-0.8,400000,44964,0.11241,151920,0.3798
-42.6,-0.6,400000,44364,0.11091,151666,0.379165
-42.6,-0.4,400000,45275,0.113187,152113,0.380283
-42.6,-0.2,400000,44949,0.112373,152568,0.38142
-42.6,0,400000,44677,0.111693,151907,0.379767
-42.6,0.2,400000,45111,0.112778,152562,0.381405
-42.6,0.4,400000,44986,0.112465,152079,0.380198
-42.6,0.6,400000,44649,0.111622,151663,0.379157
-42.6,0.8,400000,44957,0.112393,152233,0.380582
-42.6,1,400000,44729,0.111823,152618,0.381545
-42.6,1.2,400000,44834,0.112085,152292,0.38073
-42.6,1.4,400000,44835,0.112088,152161,0.380402
-42.6,1.6,400000,44511,0.111278,152425,0.381063
-42.6,1.8,400000,44643,0.111607,152201,0.380503
-42.6,2,400000,45142,0.112855,152012,0.38003
-42.6,2.2,400000,45004,0.11251,152145,0.380362
-42.6,2.4,400000,45313,0.113282,152179,0.380447
-42.6,2.6,400000,44340,0.11085,151923,0.379808
-42.6,2.8,400000,44947,0.112367,151663,0.379157
-42.6,3,400000,44484,0.11121,152671,0.381678
-42.6,3.2,400000,44686,0.111715,151736,0.37934
-42.6,3.4,400000,44727,0.111818,152119,0.380298
-42.6,3.6,400000,44452,0.11113,152253,0.380632
-42.6,3.8,400000,44837,0.112092,151689,0.379223
-42.6,4,400000,44957,0.112393,152120,0.3803
-42.6,4.2,400000,44920,0.1123,152431,0.381078
-42.6,4.4,400000,44682,0.111705,151805,0.379512
-42.6,4.6,400000,45217,0.113043,151724,0.37931
-42.6,4.8,400000,44889,0.112223,151842,0.379605
-42.6,5,400000,44734,0.111835,151881,0.379702
-42.6,5.2,400000,44851,0.112128,151877,0.379692
-42.6,5.4,400000,45322,0.113305,151660,0.37915
-42.6,5.6,400000,44315,0.110787,151873,0.379682
-42.6,5.8,400000,45034,0.112585,151986,0.379965
-42.6,6,400000,44752,0.11188,152500,0.38125
-42.6,6.2,400000,44724,0.11181,151779,0.379447
-42.6,6.4,400000,45227,0.113068,152215,0.380537
-42.6,6.6,400000,45200,0.113,152421,0.381053
-42.6,6.8,400000,45112,0.11278,152923,0.382308
-42.6,7,400000,44707,0.111768,152317,0.380792
-42.6,7.2,400000,45003,0.112507,152118,0.380295
-42.6,7.4,400000,45189,0.112973,152301,0.380752
-42.6,7.6,400000,45360,0.1134,151966,0.379915
-42.6,7.8,400000,44334,0.110835,151777,0.379443
-42.6,8,400000,45130,0.112825,151520,0.3788
-42.6,8.2,400000,44909,0.112272,152845,0.382113
-42.6,8.4,400000,44842,0.112105,152490,0.381225
-42.6,8.6,400000,44700,0.11175,152256,0.38064
-42.6,8.8,400000,44647,0.111617,151281,0.378202
-42.6,9,400000,45011,0.112528,152172,0.38043
-42.6,9.2,400000,44785,0.111963,152069,0.380173
-42.6,9.4,400000,44840,0.1121,151501,0.378752
-42.6,9.6,400000,45160,0.1129,152184,0.38046
-42.6,9.8,400000,44961,0.112403,152199,0.380497
-42.6,10,400000,45047,0.112617,152660,0.38165
-42.6,10.2,400000,45058,0.112645,152140,0.38035
-42.6,10.4,400000,44775,0.111937,151384,0.37846
-42.6,10.6,400000,44599,0.111497,151726,0.379315
-42.6,10.8,400000,44646,0.111615,152731,0.381827
-42.6,11,400000,44931,0.112327,152310,0.380775
-42.6,11.2,400000,44927,0.112318,152265,0.380663
-42.6,11.4,400000,45050,0.112625,152219,0.380547
-42.6,11.6,400000,45008,0.11252,151906,0.379765
-42.6,11.8,400000,44860,0.11215,152126,0.380315
-42.6,12,400000,45301,0.113253,151673,0.379182
-42.6,12.2,400000,44842,0.112105,152872,0.38218
-42.6,12.4,400000,44810,0.112025,151936,0.37984
-42.6,12.6,400000,45064,0.11266,152363,0.380908
-42.6,12.8,400000,45259,0.113147,152193,0.380483
-42.6,13,400000,44962,0.112405,152561,0.381402
-42.6,13.2,400000,45371,0.113428,152098,0.380245
-42.6,13.4,400000,44479,0.111198,151948,0.37987
-42.6,13.6,400000,45192,0.11298,152393,0.380983
-42.6,13.8,400000,44644,0.11161,151851,0.379628
-42.6,14,400000,44692,0.11173,152302,0.380755
-42.6,14.2,400000,44750,0.111875,151960,0.3799
-42.6,14.4,400000,45196,0.11299,152920,0.3823
-42.6,14.6,400000,45090,0.112725,152189,0.380472
-42.6,14.8,400000,44800,0.112,151991,0.379978
-42.6,15,400000,45192,0.11298,151820,0.37955
-42.6,15.2,400000,45097,0.112742,152151,0.380377
-42.6,15.4,400000,44749,0.111872,152497,0.381242
-42.6,15.6,400000,44884,0.11221,151643,0.379107
-42.6,15.8,400000,44710,0.111775,151948,0.37987
-42.6,16,400000,45128,0.11282,152743,0.381858
-42.6,16.2,400000,44630,0.111575,151820,0.37955
-42.6,16.4,400000,44624,0.11156,151826,0.379565
-42.6,16.6,400000,45060,0.11265,152060,0.38015
-42.6,16.8,400000,44724,0.11181,151839,0.379597
-42.6,17,400000,44794,0.111985,152246,0.380615
-42.6,17.2,400000,44403,0.111007,152300,0.38075
-42.6,17.4,400000,45135,0.112837,152184,0.38046
-42.6,17.6,400000,45441,0.113602,152615,0.381537
-42.6,17.8,400000,44082,0.110205,151634,0.379085
-42.6,18,400000,44838,0.112095,151490,0.378725
-42.6,18.2,400000,45045,0.112613,152184,0.38046
-42.6,18.4,400000,44837,0.112092,151763,0.379408
-42.6,18.6,400000,44283,0.110708,151918,0.379795
-42.6,18.8,400000,44718,0.111795,152023,0.380057
-42.6,19,400000,44788,0.11197,152137,0.380342
-42.6,19.2,400000,44792,0.11198,151860,0.37965
-42.6,19.4,400000,44538,0.111345,152375,0.380937
-42.6,19.6,400000,44255,0.110637,151523,0.378808
-42.6,19.8,400000,44872,0.11218,152223,0.380557
-42.6,20,400000,45141,0.112852,151822,0.379555
-42.6,20.2,400000,45181,0.112952,152532,0.38133
-42.6,20.4,400000,44845,0.112113,152902,0.382255
-42.6,20.6,400000,44602,0.111505,152077,0.380192
-42.6,20.8,400000,44700,0.11175,152033,0.380082
-42.6,21,400000,45126,0.112815,152412,0.38103
-42.6,21.2,400000,44623,0.111558,152492,0.38123
-42.6,21.4,400000,44297,0.110742,151701,0.379252
-42.6,21.6,400000,45037,0.112592,152071,0.380178
-42.6,21.8,400000,44631,0.111577,151725,0.379312
-42.6,22,400000,45460,0.11365,152242,0.380605
-42.6,22.2,400000,44893,0.112232,152241,0.380603
-42.6,22.4,400000,44733,0.111833,151849,0.379622
-42.6,22.6,400000,44736,0.11184,152246,0.380615
-42.6,22.8,400000,44482,0.111205,152349,0.380873
-42.6,23,400000,44849,0.112122,152311,0.380777
-42.6,23.2,400000,44762,0.111905,151972,0.37993
-42.6,23.4,400000,44766,0.111915,151910,0.379775
-42.6,23.6,400000,44907,0.112268,152482,0.381205
-42.6,23.8,400000,44719,0.111797,151958,0.379895
-42.6,24,400000,44874,0.112185,152035,0.380088
-42.6,24.2,400000,44766,0.111915,151706,0.379265
-42.6,24.4,400000,45020,0.11255,151825,0.379563
-42.6,24.6,400000,44851,0.112128,152026,0.380065
-42.6,24.8,400000,45083,0.112708,152360,0.3809
-42.6,25,400000,44543,0.111357,151784,0.37946
-42.6,25.2,400000,44406,0.111015,151780,0.37945
-42.6,25.4,400000,44476,0.11119,151522,0.378805
-42.6,25.6,400000,44427,0.111067,152212,0.38053
-42.6,25.8,400000,44819,0.112047,151983,0.379958
-42.6,26,400000,45375,0.113437,151954,0.379885
-42.6,26.2,400000,44969,0.112422,151675,0.379188
-42.6,26.4,400000,45392,0.11348,152510,0.381275
-42.6,26.6,400000,44193,0.110482,152344,0.38086
-42.6,26.8,400000,45176,0.11294,152361,0.380902
-42.6,27,400000,44067,0.110168,151517,0.378792
-42.6,27.2,400000,44616,0.11154,151889,0.379723
-42.6,27.4,400000,44982,0.112455,152429,0.381072
-42.6,27.6,400000,44746,0.111865,151592,0.37898
-42.6,27.8,400000,44951,0.112378,152024,0.38006
-42.6,28,400000,45266,0.113165,152520,0.3813
-42.6,28.2,400000,44527,0.111317,151957,0.379893
-42.6,28.4,400000,44587,0.111467,152212,0.38053
-42.6,28.6,400000,44762,0.111905,152101,0.380252
-42.6,28.8,400000,44728,0.11182,151774,0.379435
-42.6,29,400000,45060,0.11265,152583,0.381458
-42.6,29.2,400000,44763,0.111907,152029,0.380072
-42.6,29.4,400000,44422,0.111055,152194,0.380485
-42.6,29.6,400000,44659,0.111647,152158,0.380395
-42.6,29.8,400000,44236,0.11059,151634,0.379085
-42.6,30,400000,44758,0.111895,152275,0.380688
-42.6,30.2,400000,44633,0.111583,152378,0.380945
-42.6,30.4,400000,45445,0.113613,151890,0.379725
-42.6,30.6,400000,44955,0.112388,152346,0.380865
-42.6,30.8,400000,44810,0.112025,152019,0.380047
-42.6,31,400000,44632,0.11158,152436,0.38109
-42.6,31.2,400000,45040,0.1126,151906,0.379765
-42.6,31.4,400000,44710,0.111775,151664,0.37916
-42.6,31.6,400000,44586,0.111465,151831,0.379578
-42.6,31.8,400000,45044,0.11261,151948,0.37987
-42.6,32,400000,45144,0.11286,152312,0.38078
-42.6,32.2,400000,44866,0.112165,152044,0.38011
-42.6,32.4,400000,45137,0.112842,152443,0.381107
-42.6,32.6,400000,44552,0.11138,151562,0.378905
-42.6,32.8,400000,45161,0.112903,152466,0.381165
-42.6,33,400000,44904,0.11226,152438,0.381095
-42.6,33.2,400000,45364,0.11341,151814,0.379535
-42.6,33.4,400000,44348,0.11087,151885,0.379713
-42.6,33.6,400000,44920,0.1123,152067,0.380167
-42.6,33.8,400000,44889,0.112223,151717,0.379292
-42.6,34,400000,44897,0.112242,152538,0.381345
-42.6,34.2,400000,44335,0.110838,152107,0.380267
-42.6,34.4,400000,44377,0.110942,151816,0.37954
-42.6,34.6,400000,45234,0.113085,152829,0.382072
-42.6,34.8,400000,44635,0.111588,153123,0.382808
-42.6,35,400000,44596,0.11149,152137,0.380342
-42.6,35.2,400000,44692,0.11173,151532,0.37883
-42.6,35.4,400000,45132,0.11283,152537,0.381342
-42.6,35.6,400000,44617,0.111543,151613,0.379032
-42.6,35.8,400000,44820,0.11205,152279,0.380698
-42.6,36,400000,44551,0.111378,152329,0.380823
-42.6,36.2,400000,44652,0.11163,151639,0.379097
-42.6,36.4,400000,44878,0.112195,151912,0.37978
-42.6,36.6,400000,45437,0.113592,152119,0.380298
-42.6,36.8,400000,44642,0.111605,151781,0.379453
-42.6,37,400000,44979,0.112448,152290,0.380725
-42.6,37.2,400000,44782,0.111955,151660,0.37915
-42.6,37.4,400000,44823,0.112058,151925,0.379812
-42.6,37.6,400000,45114,0.112785,151956,0.37989
-42.6,37.8,400000,44609,0.111522,151308,0.37827
-42.6,38,400000,44702,0.111755,152506,0.381265
-42.6,38.2,400000,44496,0.11124,152246,0.380615
-42.6,38.4,400000,45082,0.112705,151690,0.379225
-42.6,38.6,400000,44757,0.111893,152051,0.380128
-42.6,38.8,400000,44880,0.1122,151814,0.379535
-42.6,39,400000,45100,0.11275,152053,0.380132
-42.6,39.2,400000,44904,0.11226,151447,0.378617
-42.6,39.4,400000,44443,0.111107,151910,0.379775
-42.6,39.6,400000,44933,0.112333,152319,0.380798
-42.6,39.8,400000,45104,0.11276,152213,0.380532
-42.6,40,400000,44710,0.111775,151784,0.37946
-42.6,40.2,400000,44837,0.112092,151890,0.379725
-42.6,40.4,400000,44539,0.111348,152252,0.38063
-42.6,40.6,400000,45028,0.11257,152145,0.380362
-42.6,40.8,400000,44611,0.111528,151847,0.379617
-42.6,41,400000,44583,0.111458,151664,0.37916
-42.6,41.2,400000,44641,0.111602,152163,0.380408
-42.6,41.4,400000,44697,0.111742,152126,0.380315
-42.6,41.6,400000,44578,0.111445,151695,0.379238
-42.6,41.8,400000,44685,0.111713,151647,0.379117
-42.6,42,400000,45003,0.112507,151898,0.379745
-42.6,42.2,400000,44836,0.11209,151796,0.37949
-42.6,42.4,400000,44352,0.11088,152107,0.380267
-42.6,42.6,400000,45058,0.112645,152039,0.380097
-42.6,42.8,400000,44909,0.112272,151936,0.37984
-42.6,43,400000,44307,0.110768,151818,0.379545
-42.6,43.2,400000,44884,0.11221,151759,0.379397
-42.6,43.4,400000,45175,0.112937,152219,0.380547
-42.6,43.6,400000,44566,0.111415,152104,0.38026
-42.6,43.8,400000,44726,0.111815,151727,0.379317
-42.6,44,400000,44957,0.112393,152253,0.380632
-42.6,44.2,400000,44323,0.110808,152086,0.380215
-42.6,44.4,400000,44854,0.112135,152369,0.380922
-42.6,44.6,400000,44708,0.11177,151684,0.37921
-42.6,44.8,400000,44110,0.110275,151377,0.378443
-42.6,45,400000,44966,0.112415,152014,0.380035
-42.6,45.2,400000,45344,0.11336,152439,0.381097
-42.6,45.4,400000,44717,0.111793,152458,0.381145
-42.6,45.6,400000,45054,0.112635,152190,0.380475
-42.6,45.8,400000,44946,0.112365,152091,0.380227
-42.6,46,400000,45070,0.112675,152128,0.38032
-42.6,46.2,400000,44928,0.11232,152091,0.380227
-42.6,46.4,400000,44930,0.112325,152237,0.380593
-42.6,46.6,400000,44961,0.112403,152080,0.3802
-42.6,46.8,400000,45120,0.1128,151769,0.379422
-42.6,47,400000,44802,0.112005,151696,0.37924
-42.6,47.2,400000,44972,0.11243,151826,0.379565
-42.6,47.4,400000,45253,0.113132,151997,0.379993
-42.6,47.6,400000,44352,0.11088,151978,0.379945
-42.6,47.8,400000,44983,0.112458,151554,0.378885
-42.6,48,400000,44831,0.112077,151876,0.37969
-42.6,48.2,400000,44620,0.11155,152201,0.380503
-42.6,48.4,400000,44383,0.110958,152370,0.380925
-42.6,48.6,400000,45223,0.113058,151644,0.37911
-42.6,48.8,400000,45155,0.112888,152851,0.382128
-42.6,49,400000,45700,0.11425,152482,0.381205
-42.6,49.2,400000,44946,0.112365,152222,0.380555
-42.6,49.4,400000,44550,0.111375,151243,0.378107
-42.6,49.6,400000,44319,0.110797,151535,0.378837
-42.6,49.8,400000,44883,0.112208,152236,0.38059
-42.6,50,400000,44774,0.111935,151970,0.379925
-42.4,-50,400000,45180,0.11295,152034,0.380085
-42.4,-49.8,400000,44663,0.111658,151784,0.37946
-42.4,-49.6,400000,44841,0.112102,152010,0.380025
-42.4,-49.4,400000,44895,0.112238,152118,0.380295
-42.4,-49.2,400000,44604,0.11151,151727,0.379317
-42.4,-49,400000,45110,0.112775,151616,0.37904
-42.4,-48.8,400000,44874,0.112185,152193,0.380483
-42.4,-48.6,400000,44807,0.112018,152158,0.380395
-42.4,-48.4,400000,44854,0.112135,152524,0.38131
-42.4,-48.2,400000,44759,0.111897,152308,0.38077
-42.4,-48,400000,44157,0.110393,151116,0.37779
-42.4,-47.8,400000,44421,0.111052,151989,0.379972
-42.4,-47.6,400000,44499,0.111247,152238,0.380595
-42.4,-47.4,400000,44870,0.112175,151965,0.379912
-42.4,-47.2,400000,45035,0.112587,151739,0.379348
-42.4,-47,400000,44668,0.11167,151505,0.378763
-42.4,-46.8,400000,44708,0.11177,151979,0.379947
-42.4,-46.6,400000,45202,0.113005,152382,0.380955
-42.4,-46.4,400000,44227,0.110567,151781,0.379453
-42.4,-46.2,400000,44433,0.111083,152459,0.381147
-42.4,-46,400000,45484,0.11371,152043,0.380107
-42.4,-45.8,400000,44801,0.112003,151705,0.379263
-42.4,-45.6,400000,44871,0.112177,152623,0.381557
-42.4,-45.4,400000,45430,0.113575,152197,0.380493
-42.4,-45.2,400000,44920,0.1123,152342,0.380855
-42.4,-45,400000,44880,0.1122,151519,0.378798
-42.4,-44.8,400000,44862,0.112155,152166,0.380415
-42.4,-44.6,400000,44677,0.111693,151714,0.379285
-42.4,-44.4,400000,45126,0.112815,151781,0.379453
-42.4,-44.2,400000,44646,0.111615,152373,0.380933
-42.4,-44,400000,45052,0.11263,152205,0.380512
-42.4,-43.8,400000,45187,0.112967,151753,0.379383
-42.4,-43.6,400000,44381,0.110952,151523,0.378808
-42.4,-43.4,400000,44919,0.112297,152140,0.38035
-42.4,-43.2,400000,44271,0.110677,151551,0.378877
-42.4,-43,400000,44594,0.111485,151249,0.378122
-42.4,-42.8,400000,44569,0.111422,151746,0.379365
-42.4,-42.6,400000,44496,0.11124,151553,0.378883
-42.4,-42.4,400000,44596,0.11149,151195,0.377987
-42.4,-42.2,400000,44790,0.111975,152118,0.380295
-42.4,-42,400000,44828,0.11207,151409,0.378522
-42.4,-41.8,400000,45330,0.113325,152618,0.381545
-42.4,-41.6,400000,44988,0.11247,152653,0.381632
-42.4,-41.4,400000,44909,0.112272,152445,0.381113
-42.4,-41.2,400000,45149,0.112873,151833,0.379582
-42.4,-41,400000,44519,0.111297,151926,0.379815
-42.4,-40.8,400000,44583,0.111458,151814,0.379535
-42.4,-40.6,400000,44875,0.112187,151940,0.37985
-42.4,-40.4,400000,44792,0.11198,152329,0.380823
-42.4,-40.2,400000,44391,0.110978,151719,0.379298
-42.4,-40,400000,44280,0.1107,151594,0.378985
-42.4,-39.8,400000,44555,0.111388,152141,0.380352
-42.4,-39.6,400000,45617,0.114043,152228,0.38057
-42.4,-39.4,400000,45331,0.113327,152584,0.38146
-42.4,-39.2,400000,44718,0.111795,151832,0.37958
-42.4,-39,400000,44765,0.111912,152101,0.380252
-42.4,-38.8,400000,44938,0.112345,152362,0.380905
-42.4,-38.6,400000,45559,0.113897,152450,0.381125
-42.4,-38.4,400000,44638,0.111595,151930,0.379825
-42.4,-38.2,400000,44850,0.112125,152310,0.380775
-42.4,-38,400000,44944,0.11236,151661,0.379153
-42.4,-37.8,400000,44676,0.11169,152202,0.380505
-42.4,-37.6,400000,44513,0.111283,152059,0.380148
-42.4,-37.4,400000,44805,0.112013,152295,0.380738
-42.4,-37.2,400000,45225,0.113062,152423,0.381057
-42.4,-37,400000,45018,0.112545,151846,0.379615
-42.4,-36.8,400000,44811,0.112028,152277,0.380692
-42.4,-36.6,400000,44361,0.110903,151871,0.379678
-42.4,-36.4,400000,44703,0.111757,151644,0.37911
-42.4,-36.2,400000,44720,0.1118,151694,0.379235
-42.4,-36,400000,44703,0.111757,152242,0.380605
-42.4,-35.8,400000,44254,0.110635,152068,0.38017
-42.4,-35.6,400000,45270,0.113175,152433,0.381082
-42.4,-35.4,400000,45248,0.11312,152510,0.381275
-42.4,-35.2,400000,45237,0.113092,152062,0.380155
-42.4,-35,400000,44711,0.111778,151581,0.378953
-42.4,-34.8,400000,44547,0.111367,152056,0.38014
-42.4,-34.6,400000,44716,0.11179,151741,0.379352
-42.4,-34.4,400000,44936,0.11234,152605,0.381512
-42.4,-34.2,400000,44773,0.111933,151898,0.379745
-42.4,-34,400000,44785,0.111963,152542,0.381355
-42.4,-33.8,400000,44084,0.11021,151619,0.379047
-42.4,-33.6,400000,44696,0.11174,152213,0.380532
-42.4,-33.4,400000,45021,0.112552,152135,0.380337
-42.4,-33.2,400000,44736,0.11184,152014,0.380035
-42.4,-33,400000,44471,0.111177,151963,0.379908
-42.4,-32.8,400000,45328,0.11332,152501,0.381252
-42.4,-32.6,400000,45269,0.113172,152869,0.382173
-42.4,-32.4,400000,44639,0.111598,152045,0.380113
-42.4,-32.2,400000,45136,0.11284,151873,0.379682
-42.4,-32,400000,44670,0.111675,152126,0.380315
-42.4,-31.8,400000,44872,0.11218,152237,0.380593
-42.4,-31.6,400000,44907,0.112268,151948,0.37987
-42.4,-31.4,400000,44890,0.112225,152031,0.380078
-42.4,-31.2,400000,44518,0.111295,152189,0.380472
-42.4,-31,400000,45096,0.11274,152217,0.380543
-42.4,-30.8,400000,44697,0.111742,152594,0.381485
-42.4,-30.6,400000,44917,0.112293,152006,0.380015
-42.4,-30.4,400000,45047,0.112617,151676,0.37919
-42.4,-30.2,400000,44729,0.111823,151590,0.378975
-42.4,-30,400000,44897,0.112242,152309,0.380773
-42.4,-29.8,400000,45304,0.11326,151694,0.379235
-42.4,-29.6,400000,44720,0.1118,151862,0.379655
-42.4,-29.4,400000,44773,0.111933,151924,0.37981
-42.4,-29.2,400000,44481,0.111202,152135,0.380337
-42.4,-29,400000,45558,0.113895,152095,0.380238
-42.4,-28.8,400000,44499,0.111247,151985,0.379962
-42.4,-28.6,400000,44917,0.112293,151424,0.37856
-42.4,-28.4,400000,44916,0.11229,151514,0.378785
-42.4,-28.2,400000,44552,0.11138,151995,0.379987
-42.4,-28,400000,44578,0.111445,152079,0.380198
-42.4,-27.8,400000,44459,0.111147,151806,0.379515
-42.4,-27.6,400000,44914,0.112285,152297,0.380742
-42.4,-27.4,400000,45276,0.11319,152842,0.382105
-42.4,-27.2,400000,45040,0.1126,152383,0.380958
-42.4,-27,400000,44587,0.111467,151971,0.379927
-42.4,-26.8,400000,44881,0.112202,152643,0.381607
-42.4,-26.6,400000,45251,0.113128,152516,0.38129
-42.4,-26.4,400000,44969,0.112422,152057,0.380142
-42.4,-26.2,400000,45756,0.11439,152303,0.380758
-42.4,-26,400000,44967,0.112418,152513,0.381283
-42.4,-25.8,400000,44541,0.111352,152242,0.380605
-42.4,-25.6,400000,44696,0.11174,152654,0.381635
-42.4,-25.4,400000,44782,0.111955,152436,0.38109
-42.4,-25.2,400000,44831,0.112077,151942,0.379855
-42.4,-25,400000,45225,0.113062,152175,0.380437
-42.4,-24.8,400000,44997,0.112492,151805,0.379512
-42.4,-24.6,400000,44778,0.111945,151767,0.379418
-42.4,-24.4,400000,44560,0.1114,151617,0.379043
-42.4,-24.2,400000,45126,0.112815,152815,0.382037
-42.4,-24,400000,45231,0.113077,152044,0.38011
-42.4,-23.8,400000,45003,0.112507,152180,0.38045
-42.4,-23.6,400000,44644,0.11161,152126,0.380315
-42.4,-23.4,400000,44930,0.112325,151818,0.379545
-42.4,-23.2,400000,44966,0.112415,152145,0.380362
-42.4,-23,400000,44829,0.112073,151857,0.379642
-42.4,-22.8,400000,44305,0.110762,151982,0.379955
-42.4,-22.6,400000,45664,0.11416,152241,0.380603
-42.4,-22.4,400000,45071,0.112677,152465,0.381163
-42.4,-22.2,400000,45046,0.112615,151717,0.379292
-42.4,-22,400000,45381,0.113452,152404,0.38101
-42.4,-21.8,400000,44896,0.11224,152132,0.38033
-42.4,-21.6,400000,44535,0.111338,152364,0.38091
-42.4,-21.4,400000,44828,0.11207,152056,0.38014
-42.4,-21.2,400000,44796,0.11199,151880,0.3797
-42.4,-21,400000,44890,0.112225,152168,0.38042
-42.4,-20.8,400000,44777,0.111943,151702,0.379255
-42.4,-20.6,400000,45032,0.11258,152042,0.380105
-42.4,-20.4,400000,44669,0.111672,151966,0.379915
-42.4,-20.2,400000,44736,0.11184,152177,0.380443
-42.4,-20,400000,45236,0.11309,152530,0.381325
-42.4,-19.8,400000,44438,0.111095,152275,0.380688
-42.4,-19.6,400000,45096,0.11274,152638,0.381595
-42.4,-19.4,400000,45091,0.112727,152868,0.38217
-42.4,-19.2,400000,44922,0.112305,151961,0.379902
-42.4,-19,400000,45212,0.11303,151948,0.37987
-42.4,-18.8,400000,44810,0.112025,151718,0.379295
-42.4,-18.6,400000,45117,0.112793,152175,0.380437
-42.4,-18.4,400000,44635,0.111588,152102,0.380255
-42.4,-18.2,400000,45020,0.11255,152017,0.380043
-42.4,-18,400000,44661,0.111653,151618,0.379045
-42.4,-17.8,400000,44974,0.112435,151959,0.379897
-42.4,-17.6,400000,45060,0.11265,152160,0.3804
-42.4,-17.4,400000,44983,0.112458,152114,0.380285
-42.4,-17.2,400000,45049,0.112623,152459,0.381147
-42.4,-17,400000,44656,0.11164,151764,0.37941
-42.4,-16.8,400000,44955,0.112388,152675,0.381688
-42.4,-16.6,400000,44754,0.111885,151395,0.378487
-42.4,-16.4,400000,44608,0.11152,152098,0.380245
-42.4,-16.2,400000,44611,0.111528,152135,0.380337
-42.4,-16,400000,44725,0.111812,151902,0.379755
-42.4,-15.8,400000,45080,0.1127,151516,0.37879
-42.4,-15.6,400000,44693,0.111732,152149,0.380373
-42.4,-15.4,400000,45344,0.11336,151818,0.379545
-42.4,-15.2,400000,44552,0.11138,152172,0.38043
-42.4,-15,400000,44540,0.11135,152010,0.380025
-42.4,-14.8,400000,45110,0.112775,151973,0.379933
-42.4,-14.6,400000,44310,0.110775,151677,0.379192
-42.4,-14.4,400000,44603,0.111507,152606,0.381515
-42.4,-14.2,400000,44535,0.111338,151581,0.378953
-42.4,-14,400000,45117,0.112793,152179,0.380447
-42.4,-13.8,400000,44982,0.112455,151852,0.37963
-42.4,-13.6,400000,44500,0.11125,151699,0.379248
-42.4,-13.4,400000,45026,0.112565,152650,0.381625
-42.4,-13.2,400000,44874,0.112185,152175,0.380437
-42.4,-13,400000,45480,0.1137,152129,0.380323
-42.4,-12.8,400000,44867,0.112168,152396,0.38099
-42.4,-12.6,400000,44763,0.111907,151831,0.379578
-42.4,-12.4,400000,44722,0.111805,152409,0.381022
-42.4,-12.2,400000,45035,0.112587,152025,0.380063
-42.4,-12,400000,44982,0.112455,151683,0.379207
-42.4,-11.8,400000,45033,0.112583,152230,0.380575
-42.4,-11.6,400000,44271,0.110677,151835,0.379588
-42.4,-11.4,400000,44518,0.111295,152380,0.38095
-42.4,-11.2,400000,44558,0.111395,151516,0.37879
-42.4,-11,400000,44882,0.112205,151754,0.379385
-42.4,-10.8,400000,44669,0.111672,152515,0.381288
-42.4,-10.6,400000,45127,0.112818,152414,0.381035
-42.4,-10.4,400000,44358,0.110895,152309,0.380773
-42.4,-10.2,400000,44640,0.1116,151253,0.378132
-42.4,-10,400000,45001,0.112503,152525,0.381312
-42.4,-9.8,400000,44667,0.111668,151400,0.3785
-42.4,-9.6,400000,44663,0.111658,152107,0.380267
-42.4,-9.4,400000,44723,0.111808,152517,0.381292
-42.4,-9.2,400000,44734,0.111835,151900,0.37975
-42.4,-9,400000,45093,0.112732,152960,0.3824
-42.4,-8.8,400000,44790,0.111975,152289,0.380723
-42.4,-8.6,400000,45008,0.11252,152484,0.38121
-42.4,-8.4,400000,44665,0.111662,151665,0.379163
-42.4,-8.2,400000,44853,0.112132,152622,0.381555
-42.4,-8,400000,44745,0.111863,152319,0.380798
-42.4,-7.8,400000,45092,0.11273,152394,0.380985
-42.4,-7.6,400000,44226,0.110565,151389,0.378472
-42.4,-7.4,400000,44695,0.111738,151953,0.379883
-42.4,-7.2,400000,44849,0.112122,152800,0.382
-42.4,-7,400000,45026,0.112565,152005,0.380012
-42.4,-6.8,400000,45117,0.112793,152155,0.380387
-42.4,-6.6,400000,44719,0.111797,152382,0.380955
-42.4,-6.4,400000,45014,0.112535,152695,0.381738
-42.4,-6.2,400000,44438,0.111095,151897,0.379742
-42.4,-6,400000,45106,0.112765,152186,0.380465
-42.4,-5.8,400000,45046,0.112615,151938,0.379845
-42.4,-5.6,400000,44816,0.11204,151824,0.37956
-42.4,-5.4,400000,44579,0.111448,152512,0.38128
-42.4,-5.2,400000,44427,0.111067,151661,0.379153
-42.4,-5,400000,45041,0.112602,151931,0.379827
-42.4,-4.8,400000,44519,0.111297,151950,0.379875
-42.4,-4.6,400000,44722,0.111805,151906,0.379765
-42.4,-4.4,400000,44397,0.110992,151907,0.379767
-42.4,-4.2,400000,45173,0.112933,151955,0.379887
-42.4,-4,400000,44948,0.11237,152363,0.380908
-42.4,-3.8,400000,44695,0.111738,152011,0.380028
-42.4,-3.6,400000,44606,0.111515,152746,0.381865
-42.4,-3.4,400000,45012,0.11253,151827,0.379568
-42.4,-3.2,400000,45112,0.11278,151781,0.379453
-42.4,-3,400000,45100,0.11275,152386,0.380965
-42.4,-2.8,400000,44805,0.112013,152057,0.380142
-42.4,-2.6,400000,45038,0.112595,152214,0.380535
-42.4,-2.4,400000,44909,0.112272,152442,0.381105
-42.4,-2.2,400000,44432,0.11108,152161,0.380402
-42.4,-2,400000,44610,0.111525,152002,0.380005
-42.4,-1.8,400000,44416,0.11104,151749,0.379373
-42.4,-1.6,400000,44751,0.111878,151466,0.378665
-42.4,-1.4,400000,44360,0.1109,151502,0.378755
-42.4,-1.2,400000,44902,0.112255,152361,0.380902
-42.4,-1,400000,44669,0.111672,151776,0.37944
-42.4,-0.8,400000,44886,0.112215,151604,0.37901
-42.4,-0.6,400000,44712,0.11178,152174,0.380435
-42.4,-0.4,400000,44769,0.111922,151966,0.379915
-42.4,-0.2,400000,44511,0.111278,152275,0.380688
-42.4,0,400000,45549,0.113873,152665,0.381663
-42.4,0.2,400000,44500,0.11125,151175,0.377937
-42.4,0.4,400000,44867,0.112168,152134,0.380335
-42.4,0.6,400000,44497,0.111242,151976,0.37994
-42.4,0.8,400000,44917,0.112293,151834,0.379585
-42.4,1,400000,44486,0.111215,152110,0.380275
-42.4,1.2,400000,44937,0.112342,152429,0.381072
-42.4,1.4,400000,44663,0.111658,151976,0.37994
-42.4,1.6,400000,44797,0.111992,152303,0.380758
-42.4,1.8,400000,44912,0.11228,152063,0.380157
-42.4,2,400000,45077,0.112693,152412,0.38103
-42.4,2.2,400000,45161,0.112903,152998,0.382495
-42.4,2.4,400000,44933,0.112333,152094,0.380235
-42.4,2.6,400000,44685,0.111713,152073,0.380182
-42.4,2.8,400000,44925,0.112312,152761,0.381902
-42.4,3,400000,44960,0.1124,152473,0.381182
-42.4,3.2,400000,45126,0.112815,153019,0.382547
-42.4,3.4,400000,45111,0.112778,151518,0.378795
-42.4,3.6,400000,44306,0.110765,151926,0.379815
-42.4,3.8,400000,45831,0.114577,152467,0.381167
-42.4,4,400000,44954,0.112385,152228,0.38057
-42.4,4.2,400000,44612,0.11153,151809,0.379522
-42.4,4.4,400000,44642,0.111605,151816,0.37954
-42.4,4.6,400000,44408,0.11102,151410,0.378525
-42.4,4.8,400000,44772,0.11193,152315,0.380788
-42.4,5,400000,44595,0.111488,151907,0.379767
-42.4,5.2,400000,45298,0.113245,152273,0.380682
-42.4,5.4,400000,44982,0.112455,151981,0.379953
-42.4,5.6,400000,44491,0.111228,151926,0.379815
-42.4,5.8,400000,44586,0.111465,152087,0.380217
-42.4,6,400000,44783,0.111958,151900,0.37975
-42.4,6.2,400000,44878,0.112195,151864,0.37966
-42.4,6.4,400000,44715,0.111787,151880,0.3797
-42.4,6.6,400000,44901,0.112253,152504,0.38126
-42.4,6.8,400000,44313,0.110783,151938,0.379845
-42.4,7,400000,45087,0.112717,152327,0.380817
-42.4,7.2,400000,44975,0.112437,151866,0.379665
-42.4,7.4,400000,45115,0.112787,152105,0.380263
-42.4,7.6,400000,44782,0.111955,151635,0.379088
-42.4,7.8,400000,44416,0.11104,151503,0.378758
-42.4,8,400000,44881,0.112202,152132,0.38033
-42.4,8.2,400000,44762,0.111905,152215,0.380537
-42.4,8.4,400000,45141,0.112852,152548,0.38137
-42.4,8.6,400000,44928,0.11232,151539,0.378848
-42.4,8.8,400000,44598,0.111495,151998,0.379995
-42.4,9,400000,44973,0.112433,152073,0.380182
-42.4,9.2,400000,44584,0.11146,152181,0.380453
-42.4,9.4,400000,45305,0.113263,152159,0.380397
-42.4,9.6,400000,45060,0.11265,151755,0.379387
-42.4,9.8,400000,44662,0.111655,151942,0.379855
-42.4,10,400000,45020,0.11255,152388,0.38097
-42.4,10.2,400000,45056,0.11264,151694,0.379235
-42.4,10.4,400000,44957,0.112393,152003,0.380007
-42.4,10.6,400000,44865,0.112162,152158,0.380395
-42.4,10.8,400000,44935,0.112338,152412,0.38103
-42.4,11,400000,44318,0.110795,151728,0.37932
-42.4,11.2,400000,44683,0.111708,151824,0.37956
-42.4,11.4,400000,44928,0.11232,152431,0.381078
-42.4,11.6,400000,44983,0.112458,152376,0.38094
-42.4,11.8,400000,44488,0.11122,151599,0.378997
-42.4,12,400000,45133,0.112833,152667,0.381667
-42.4,12.2,400000,44689,0.111723,152054,0.380135
-42.4,12.4,400000,45083,0.112708,152457,0.381142
-42.4,12.6,400000,45057,0.112643,152624,0.38156
-42.4,12.8,400000,44900,0.11225,152500,0.38125
-42.4,13,400000,45014,0.112535,152040,0.3801
-42.4,13.2,400000,45036,0.11259,152500,0.38125
-42.4,13.4,400000,44592,0.11148,152116,0.38029
-42.4,13.6,400000,44529,0.111323,152563,0.381408
-42.4,13.8,400000,44892,0.11223,152109,0.380273
-42.4,14,400000,45215,0.113037,152407,0.381018
-42.4,14.2,400000,44405,0.111013,152731,0.381827
-42.4,14.4,400000,44998,0.112495,151927,0.379817
-42.4,14.6,400000,44956,0.11239,151810,0.379525
-42.4,14.8,400000,44695,0.111738,152077,0.380192
-42.4,15,400000,44886,0.112215,152239,0.380597
-42.4,15.2,400000,44831,0.112077,152263,0.380657
-42.4,15.4,400000,44491,0.111228,151796,0.37949
-42.4,15.6,400000,45064,0.11266,152144,0.38036
-42.4,15.8,400000,44551,0.111378,151703,0.379258
-42.4,16,400000,44198,0.110495,151334,0.378335
-42.4,16.2,400000,44459,0.111147,152021,0.380053
-42.4,16.4,400000,44470,0.111175,151621,0.379053
-42.4,16.6,400000,44997,0.112492,151974,0.379935
-42.4,16.8,400000,45220,0.11305,152275,0.380688
-42.4,17,400000,45190,0.112975,152613,0.381532
-42.4,17.2,400000,45076,0.11269,152134,0.380335
-42.4,17.4,400000,44722,0.111805,151365,0.378412
-42.4,17.6,400000,45048,0.11262,152244,0.38061
-42.4,17.8,400000,45253,0.113132,151908,0.37977
-42.4,18,400000,44977,0.112443,152476,0.38119
-42.4,18.2,400000,44777,0.111943,152126,0.380315
-42.4,18.4,400000,45328,0.11332,152262,0.380655
-42.4,18.6,400000,44993,0.112482,152335,0.380837
-42.4,18.8,400000,44625,0.111562,151785,0.379462
-42.4,19,400000,44615,0.111537,152038,0.380095
-42.4,19.2,400000,44808,0.11202,152294,0.380735
-42.4,19.4,400000,45591,0.113977,152612,0.38153
-42.4,19.6,400000,44326,0.110815,152388,0.38097
-42.4,19.8,400000,44928,0.11232,152365,0.380912
-42.4,20,400000,44811,0.112028,152652,0.38163
-42.4,20.2,400000,45299,0.113248,152571,0.381427
-42.4,20.4,400000,44984,0.11246,152111,0.380277
-42.4,20.6,400000,45337,0.113342,152064,0.38016
-42.4,20.8,400000,44799,0.111997,152310,0.380775
-42.4,21,400000,45384,0.11346,152020,0.38005
-42.4,21.2,400000,45030,0.112575,152108,0.38027
-42.4,21.4,400000,44579,0.111448,151593,0.378982
-42.4,21.6,400000,45304,0.11326,152243,0.380607
-42.4,21.8,400000,44529,0.111323,151692,0.37923
-42.4,22,400000,44727,0.111818,151720,0.3793
-42.4,22.2,400000,44878,0.112195,152572,0.38143
-42.4,22.4,400000,44717,0.111793,152027,0.380068
-42.4,22.6,400000,44948,0.11237,152260,0.38065
-42.4,22.8,400000,44849,0.112122,152461,0.381153
-42.4,23,400000,44624,0.11156,152189,0.380472
-42.4,23.2,400000,44720,0.1118,151878,0.379695
-42.4,23.4,400000,44239,0.110598,151862,0.379655
-42.4,23.6,400000,44925,0.112312,152215,0.380537
-42.4,23.8,400000,44468,0.11117,152070,0.380175
-42.4,24,400000,44869,0.112172,151952,0.37988
-42.4,24.2,400000,45059,0.112647,152386,0.380965
-42.4,24.4,400000,44649,0.111622,151579,0.378947
-42.4,24.6,400000,45007,0.112518,152235,0.380588
-42.4,24.8,400000,45182,0.112955,152274,0.380685
-42.4,25,400000,44657,0.111643,151980,0.37995
-42.4,25.2,400000,45114,0.112785,152750,0.381875
-42.4,25.4,400000,45065,0.112662,152389,0.380972
-42.4,25.6,400000,44197,0.110492,151339,0.378348
-42.4,25.8,400000,44660,0.11165,152017,0.380043
-42.4,26,400000,45191,0.112977,152065,0.380163
-42.4,26.2,400000,44629,0.111573,151774,0.379435
-42.4,26.4,400000,45019,0.112547,152056,0.38014
-42.4,26.6,400000,44767,0.111918,151388,0.37847
-42.4,26.8,400000,44781,0.111952,151780,0.37945
-42.4,27,400000,45592,0.11398,152294,0.380735
-42.4,27.2,400000,45164,0.11291,152515,0.381288
-42.4,27.4,400000,44701,0.111753,151945,0.379862
-42.4,27.6,400000,44754,0.111885,151673,0.379182
-42.4,27.8,400000,44824,0.11206,152341,0.380852
-42.4,28,400000,45373,0.113433,152544,0.38136
-42.4,28.2,400000,45020,0.11255,151716,0.37929
-42.4,28.4,400000,44889,0.112223,152011,0.380028
-42.4,28.6,400000,44834,0.112085,152232,0.38058
-42.4,28.8,400000,44705,0.111763,152189,0.380472
-42.4,29,400000,45154,0.112885,152044,0.38011
-42.4,29.2,400000,44859,0.112147,152407,0.381018
-42.4,29.4,400000,44849,0.112122,152391,0.380978
-42.4,29.6,400000,44607,0.111518,152022,0.380055
-42.4,29.8,400000,45115,0.112787,152216,0.38054
-42.4,30,400000,45013,0.112532,152002,0.380005
-42.4,30.2,400000,45058,0.112645,152588,0.38147
-42.4,30.4,400000,44527,0.111317,151995,0.379987
-42.4,30.6,400000,45218,0.113045,151927,0.379817
-42.4,30.8,400000,44531,0.111327,151826,0.379565
-42.4,31,400000,45125,0.112812,152364,0.38091
-42.4,31.2,400000,44572,0.11143,151778,0.379445
-42.4,31.4,400000,44723,0.111808,151696,0.37924
-42.4,31.6,400000,45285,0.113212,152597,0.381493
-42.4,31.8,400000,44981,0.112452,151703,0.379258
-42.4,32,400000,45010,0.112525,152467,0.381167
-42.4,32.2,400000,44996,0.11249,151829,0.379572
-42.4,32.4,400000,44427,0.111067,152546,0.381365
-42.4,32.6,400000,44571,0.111427,151657,0.379142
-42.4,32.8,400000,44655,0.111638,151636,0.37909
-42.4,33,400000,44837,0.112092,152132,0.38033
-42.4,33.2,400000,44668,0.11167,151440,0.3786
-42.4,33.4,400000,44635,0.111588,151714,0.379285
-42.4,33.6,400000,45083,0.112708,152631,0.381578
-42.4,33.8,400000,44767,0.111918,152112,0.38028
-42.4,34,400000,44868,0.11217,153040,0.3826
-42.4,34.2,400000,44884,0.11221,152260,0.38065
-42.4,34.4,400000,44330,0.110825,151353,0.378383
-42.4,34.6,400000,45107,0.112768,152416,0.38104
-42.4,34.8,400000,44579,0.111448,151934,0.379835
-42.4,35,400000,45011,0.112528,151603,0.379007
-42.4,35.2,400000,44546,0.111365,151707,0.379267
-42.4,35.4,400000,44659,0.111647,151560,0.3789
-42.4,35.6,400000,45027,0.112568,151717,0.379292
-42.4,35.8,400000,45478,0.113695,152979,0.382447
-42.4,36,400000,44606,0.111515,152015,0.380037
-42.4,36.2,400000,44709,0.111772,151605,0.379012
-42.4,36.4,400000,44420,0.11105,151544,0.37886
-42.4,36.6,400000,45102,0.112755,152151,0.380377
-42.4,36.8,400000,45260,0.11315,152156,0.38039
-42.4,37,400000,44832,0.11208,151937,0.379843
-42.4,37.2,400000,44774,0.111935,152403,0.381007
-42.4,37.4,400000,44870,0.112175,151986,0.379965
-42.4,37.6,400000,44921,0.112302,152214,0.380535
-42.4,37.8,400000,44507,0.111268,151762,0.379405
-42.4,38,400000,44643,0.111607,151670,0.379175
-42.4,38.2,400000,44662,0.111655,151980,0.37995
-42.4,38.4,400000,45120,0.1128,152221,0.380553
-42.4,38.6,400000,44870,0.112175,152328,0.38082
-42.4,38.8,400000,45065,0.112662,151957,0.379893
-42.4,39,400000,44890,0.112225,151975,0.379937
-42.4,39.2,400000,44735,0.111838,151510,0.378775
-42.4,39.4,400000,45337,0.113342,152111,0.380277
-42.4,39.6,400000,44677,0.111693,152106,0.380265
-42.4,39.8,400000,44121,0.110302,151611,0.379028
-42.4,40,400000,44883,0.112208,151326,0.378315
-42.4,40.2,400000,44560,0.1114,151466,0.378665
-42.4,40.4,400000,44680,0.1117,151741,0.379352
-42.4,40.6,400000,44854,0.112135,151880,0.3797
-42.4,40.8,400000,45183,0.112958,152537,0.381342
-42.4,41,400000,44963,0.112407,151385,0.378462
-42.4,41.2,400000,44286,0.110715,151924,0.37981
-42.4,41.4,400000,44910,0.112275,153130,0.382825
-42.4,41.6,400000,44819,0.112047,152796,0.38199
-42.4,41.8,400000,44949,0.112373,152028,0.38007
-42.4,42,400000,44892,0.11223,151526,0.378815
-42.4,42.2,400000,44869,0.112172,152056,0.38014
-42.4,42.4,400000,44754,0.111885,152398,0.380995
-42.4,42.6,400000,44396,0.11099,151544,0.37886
-42.4,42.8,400000,45184,0.11296,151890,0.379725
-42.4,43,400000,44634,0.111585,151759,0.379397
-42.4,43.2,400000,44709,0.111772,151898,0.379745
-42.4,43.4,400000,44791,0.111977,152040,0.3801
-42.4,43.6,400000,45008,0.11252,152281,0.380702
-42.4,43.8,400000,45456,0.11364,152389,0.380972
-42.4,44,400000,44460,0.11115,151689,0.379223
-42.4,44.2,400000,44417,0.111043,151835,0.379588
-42.4,44.4,400000,45027,0.112568,151773,0.379433
-42.4,44.6,400000,44524,0.11131,151482,0.378705
-42.4,44.8,400000,44566,0.111415,151633,0.379082
-42.4,45,400000,44971,0.112427,152062,0.380155
-42.4,45.2,400000,44582,0.111455,151882,0.379705
-42.4,45.4,400000,44386,0.110965,151954,0.379885
-42.4,45.6,400000,44655,0.111638,151892,0.37973
-42.4,45.8,400000,44958,0.112395,152285,0.380713
-42.4,46,400000,44958,0.112395,152492,0.38123
-42.4,46.2,400000,44954,0.112385,152012,0.38003
-42.4,46.4,400000,44660,0.11165,151881,0.379702
-42.4,46.6,400000,45071,0.112677,151932,0.37983
-42.4,46.8,400000,44994,0.112485,151641,0.379103
-42.4,47,400000,44519,0.111297,152117,0.380292
-42.4,47.2,400000,44401,0.111003,152207,0.380518
-42.4,47.4,400000,44777,0.111943,152114,0.380285
-42.4,47.6,400000,44942,0.112355,152034,0.380085
-42.4,47.8,400000,45277,0.113193,152521,0.381302
-42.4,48,400000,44363,0.110908,152081,0.380202
-42.4,48.2,400000,44527,0.111317,151834,0.379585
-42.4,48.4,400000,44450,0.111125,151442,0.378605
-42.4,48.6,400000,45145,0.112863,152622,0.381555
-42.4,48.8,400000,44562,0.111405,151897,0.379742
-42.4,49,400000,44190,0.110475,152002,0.380005
-42.4,49.2,400000,44838,0.112095,151730,0.379325
-42.4,49.4,400000,45068,0.11267,151854,0.379635
-42.4,49.6,400000,45082,0.112705,151858,0.379645
-42.4,49.8,400000,44960,0.1124,151780,0.37945
-42.4,50,400000,45049,0.112623,152758,0.381895
-42.2,-50,400000,45043,0.112607,152002,0.380005
-42.2,-49.8,400000,44905,0.112263,151631,0.379078
-42.2,-49.6,400000,44792,0.11198,151652,0.37913
-42.2,-49.4,400000,44949,0.112373,152220,0.38055
-42.2,-49.2,400000,44376,0.11094,151442,0.378605
-42.2,-49,400000,44442,0.111105,151854,0.379635
-42.2,-48.8,400000,44950,0.112375,152499,0.381248
-42.2,-48.6,400000,44843,0.112107,151666,0.379165
-42.2,-48.4,400000,44867,0.112168,152679,0.381698
-42.2,-48.2,400000,44892,0.11223,151755,0.379387
-42.2,-48,400000,44491,0.111228,151642,0.379105
-42.2,-47.8,400000,44723,0.111808,152419,0.381047
-42.2,-47.6,400000,44926,0.112315,151495,0.378738
-42.2,-47.4,400000,44816,0.11204,152152,0.38038
-42.2,-47.2,400000,44888,0.11222,151792,0.37948
-42.2,-47,400000,45093,0.112732,152302,0.380755
-42.2,-46.8,400000,44819,0.112047,152052,0.38013
-42.2,-46.6,400000,44046,0.110115,151496,0.37874
-42.2,-46.4,400000,44749,0.111872,151954,0.379885
-42.2,-46.2,400000,45233,0.113083,152271,0.380678
-42.2,-46,400000,44996,0.11249,152360,0.3809
-42.2,-45.8,400000,44902,0.112255,151988,0.37997
-42.2,-45.6,400000,44673,0.111683,151341,0.378352
-42.2,-45.4,400000,44698,0.111745,151650,0.379125
-42.2,-45.2,400000,44928,0.11232,151957,0.379893
-42.2,-45,400000,44427,0.111067,152158,0.380395
-42.2,-44.8,400000,44888,0.11222,151984,0.37996
-42.2,-44.6,400000,44897,0.112242,152123,0.380308
-42.2,-44.4,400000,44660,0.11165,151863,0.379657
-42.2,-44.2,400000,44735,0.111838,151906,0.379765
-42.2,-44,400000,44648,0.11162,151719,0.379298
-42.2,-43.8,400000,44566,0.111415,152113,0.380283
-42.2,-43.6,400000,45256,0.11314,152076,0.38019
-42.2,-43.4,400000,44692,0.11173,151933,0.379833
-42.2,-43.2,400000,44940,0.11235,152072,0.38018
-42.2,-43,400000,45093,0.112732,152150,0.380375
-42.2,-42.8,400000,44967,0.112418,151669,0.379173
-42.2,-42.6,400000,45082,0.112705,152215,0.380537
-42.2,-42.4,400000,45268,0.11317,152676,0.38169
-42.2,-42.2,400000,44870,0.112175,151837,0.379592
-42.2,-42,400000,45095,0.112738,151969,0.379922
-42.2,-41.8,400000,44572,0.11143,151622,0.379055
-42.2,-41.6,400000,44331,0.110827,152668,0.38167
-42.2,-41.4,400000,45118,0.112795,152650,0.381625
-42.2,-41.2,400000,44631,0.111577,152197,0.380493
-42.2,-41,400000,45607,0.114017,152514,0.381285
-42.2,-40.8,400000,45303,0.113257,152408,0.38102
-42.2,-40.6,400000,44590,0.111475,151744,0.37936
-42.2,-40.4,400000,44581,0.111452,152807,0.382018
-42.2,-40.2,400000,44841,0.112102,152002,0.380005
-42.2,-40,400000,44884,0.11221,151963,0.379908
-42.2,-39.8,400000,44647,0.111617,152404,0.38101
-42.2,-39.6,400000,44528,0.11132,151842,0.379605
-42.2,-39.4,400000,45208,0.11302,152473,0.381182
-42.2,-39.2,400000,44864,0.11216,152226,0.380565
-42.2,-39,400000,45052,0.11263,152314,0.380785
-42.2,-38.8,400000,44739,0.111848,152151,0.380377
-42.2,-38.6,400000,44876,0.11219,151686,0.379215
-42.2,-38.4,400000,44451,0.111128,151751,0.379377
-42.2,-38.2,400000,44515,0.111287,152439,0.381097
-42.2,-38,400000,44803,0.112007,152310,0.380775
-42.2,-37.8,400000,44686,0.111715,151911,0.379777
-42.2,-37.6,400000,45111,0.112778,152125,0.380312
-42.2,-37.4,400000,44498,0.111245,151724,0.37931
-42.2,-37.2,400000,45068,0.11267,152212,0.38053
-42.2,-37,400000,45069,0.112672,152397,0.380993
-42.2,-36.8,400000,44921,0.112302,151804,0.37951
-42.2,-36.6,400000,45123,0.112808,151733,0.379333
-42.2,-36.4,400000,45546,0.113865,152710,0.381775
-42.2,-36.2,400000,44784,0.11196,152171,0.380427
-42.2,-36,400000,44946,0.112365,152120,0.3803
-42.2,-35.8,400000,44773,0.111933,152219,0.380547
-42.2,-35.6,400000,44456,0.11114,152033,0.380082
-42.2,-35.4,400000,45043,0.112607,152358,0.380895
-42.2,-35.2,400000,44775,0.111937,151906,0.379765
-42.2,-35,400000,44665,0.111662,152328,0.38082
-42.2,-34.8,400000,44694,0.111735,152154,0.380385
-42.2,-34.6,400000,44944,0.11236,152159,0.380397
-42.2,-34.4,400000,45345,0.113363,152152,0.38038
-42.2,-34.2,400000,45195,0.112988,151659,0.379148
-42.2,-34,400000,45074,0.112685,151798,0.379495
-42.2,-33.8,400000,44594,0.111485,152231,0.380578
-42.2,-33.6,400000,44534,0.111335,151496,0.37874
-42.2,-33.4,400000,44870,0.112175,151674,0.379185
-42.2,-33.2,400000,44850,0.112125,152323,0.380808
-42.2,-33,400000,44273,0.110683,151862,0.379655
-42.2,-32.8,400000,44749,0.111872,152372,0.38093
-42.2,-32.6,400000,44946,0.112365,152260,0.38065
-42.2,-32.4,400000,45137,0.112842,152586,0.381465
-42.2,-32.2,400000,44957,0.112393,152336,0.38084
-42.2,-32,400000,45032,0.11258,152491,0.381227
-42.2,-31.8,400000,44669,0.111672,152364,0.38091
-42.2,-31.6,400000,44926,0.112315,152592,0.38148
-42.2,-31.4,400000,44284,0.11071,151897,0.379742
-42.2,-31.2,400000,44635,0.111588,152074,0.380185
-42.2,-31,400000,45050,0.112625,152189,0.380472
-42.2,-30.8,400000,45040,0.1126,151877,0.379692
-42.2,-30.6,400000,44172,0.11043,151438,0.378595
-42.2,-30.4,400000,44628,0.11157,151637,0.379092
-42.2,-30.2,400000,44426,0.111065,151689,0.379223
-42.2,-30,400000,44072,0.11018,151743,0.379358
-42.2,-29.8,400000,44873,0.112183,152212,0.38053
-42.2,-29.6,400000,45024,0.11256,152532,0.38133
-42.2,-29.4,400000,44807,0.112018,152151,0.380377
-42.2,-29.2,400000,44634,0.111585,152350,0.380875
-42.2,-29,400000,45106,0.112765,151674,0.379185
-42.2,-28.8,400000,44967,0.112418,152594,0.381485
-42.2,-28.6,400000,44763,0.111907,151857,0.379642
-42.2,-28.4,400000,45042,0.112605,152404,0.38101
-42.2,-28.2,400000,44973,0.112433,151878,0.379695
-42.2,-28,400000,44604,0.11151,151897,0.379742
-42.2,-27.8,400000,44692,0.11173,152428,0.38107
-42.2,-27.6,400000,44775,0.111937,152261,0.380653
-42.2,-27.4,400000,44297,0.110742,151500,0.37875
-42.2,-27.2,400000,44553,0.111382,151637,0.379092
-42.2,-27,400000,44746,0.111865,152450,0.381125
-42.2,-26.8,400000,44907,0.112268,152382,0.380955
-42.2,-26.6,400000,44614,0.111535,152313,0.380783
-42.2,-26.4,400000,44632,0.11158,151988,0.37997
-42.2,-26.2,400000,44984,0.11246,152111,0.380277
-42.2,-26,400000,44752,0.11188,152006,0.380015
-42.2,-25.8,400000,44584,0.11146,151363,0.378408
-42.2,-25.6,400000,44719,0.111797,151612,0.37903
-42.2,-25.4,400000,44354,0.110885,152233,0.380582
-42.2,-25.2,400000,45143,0.112857,151654,0.379135
-42.2,-25,400000,44883,0.112208,151937,0.379843
-42.2,-24.8,400000,44762,0.111905,151959,0.379897
-42.2,-24.6,400000,44727,0.111818,152012,0.38003
-42.2,-24.4,400000,44088,0.11022,151433,0.378582
-42.2,-24.2,400000,44933,0.112333,152049,0.380122
-42.2,-24,400000,44435,0.111088,152032,0.38008
-42.2,-23.8,400000,44847,0.112117,152505,0.381263
-42.2,-23.6,400000,45053,0.112632,152279,0.380698
-42.2,-23.4,400000,44679,0.111698,151517,0.378792
-42.2,-23.2,400000,44793,0.111982,152147,0.380368
-42.2,-23,400000,44553,0.111382,151644,0.37911
-42.2,-22.8,400000,44543,0.111357,152137,0.380342
-42.2,-22.6,400000,44317,0.110793,151641,0.379103
-42.2,-22.4,400000,44853,0.112132,152043,0.380107
-42.2,-22.2,400000,45396,0.11349,152203,0.380507
-42.2,-22,400000,44864,0.11216,151547,0.378868
-42.2,-21.8,400000,44508,0.11127,151878,0.379695
-42.2,-21.6,400000,44658,0.111645,151438,0.378595
-42.2,-21.4,400000,44331,0.110827,151235,0.378088
-42.2,-21.2,400000,44748,0.11187,152285,0.380713
-42.2,-21,400000,44691,0.111727,151669,0.379173
-42.2,-20.8,400000,45053,0.112632,152380,0.38095
-42.2,-20.6,400000,44628,0.11157,152029,0.380072
-42.2,-20.4,400000,45121,0.112802,151720,0.3793
-42.2,-20.2,400000,44550,0.111375,151646,0.379115
-42.2,-20,400000,44747,0.111867,152168,0.38042
-42.2,-19.8,400000,44738,0.111845,151817,0.379543
-42.2,-19.6,400000,44522,0.111305,152004,0.38001
-42.2,-19.4,400000,45181,0.112952,152229,0.380572
-42.2,-19.2,400000,44888,0.11222,152205,0.380512
-42.2,-19,400000,44669,0.111672,151820,0.37955
-42.2,-18.8,400000,44943,0.112357,152105,0.380263
-42.2,-18.6,400000,45085,0.112712,152027,0.380068
-42.2,-18.4,400000,44319,0.110797,151629,0.379072
-42.2,-18.2,400000,44756,0.11189,152079,0.380198
-42.2,-18,400000,44880,0.1122,151815,0.379538
-42.2,-17.8,400000,45517,0.113793,152218,0.380545
-42.2,-17.6,400000,45338,0.113345,152828,0.38207
-42.2,-17.4,400000,44707,0.111768,152306,0.380765
-42.2,-17.2,400000,44857,0.112143,151795,0.379487
-42.2,-17,400000,44593,0.111482,151840,0.3796
-42.2,-16.8,400000,45161,0.112903,151947,0.379868
-42.2,-16.6,400000,44643,0.111607,151563,0.378908
-42.2,-16.4,400000,44752,0.11188,151922,0.379805
-42.2,-16.2,400000,44738,0.111845,151469,0.378673
-42.2,-16,400000,44752,0.11188,152454,0.381135
-42.2,-15.8,400000,44995,0.112488,152006,0.380015
-42.2,-15.6,400000,44851,0.112128,151591,0.378978
-42.2,-15.4,400000,44883,0.112208,152383,0.380958
-42.2,-15.2,400000,44872,0.11218,152072,0.38018
-42.2,-15,400000,45158,0.112895,151770,0.379425
-42.2,-14.8,400000,44592,0.11148,152023,0.380057
-42.2,-14.6,400000,44717,0.111793,152254,0.380635
-42.2,-14.4,400000,44337,0.110842,151753,0.379383
-42.2,-14.2,400000,44671,0.111677,151589,0.378972
-42.2,-14,400000,44628,0.11157,151822,0.379555
-42.2,-13.8,400000,44884,0.11221,152179,0.380447
-42.2,-13.6,400000,44621,0.111552,151724,0.37931
-42.2,-13.4,400000,45192,0.11298,153072,0.38268
-42.2,-13.2,400000,45348,0.11337,152162,0.380405
-42.2,-13,400000,44771,0.111927,151738,0.379345
-42.2,-12.8,400000,45011,0.112528,152486,0.381215
-42.2,-12.6,400000,45240,0.1131,152007,0.380018
-42.2,-12.4,400000,44465,0.111162,151962,0.379905
-42.2,-12.2,400000,45103,0.112757,152299,0.380748
-42.2,-12,400000,44387,0.110967,151627,0.379068
-42.2,-11.8,400000,44115,0.110287,151450,0.378625
-42.2,-11.6,400000,45121,0.112802,152196,0.38049
-42.2,-11.4,400000,44478,0.111195,151489,0.378723
-42.2,-11.2,400000,44943,0.112357,152154,0.380385
-42.2,-11,400000,44677,0.111693,152145,0.380362
-42.2,-10.8,400000,44872,0.11218,151637,0.379092
-42.2,-10.6,400000,44910,0.112275,151995,0.379987
-42.2,-10.4,400000,44787,0.111967,152326,0.380815
-42.2,-10.2,400000,45023,0.112558,152019,0.380047
-42.2,-10,400000,44746,0.111865,152052,0.38013
-42.2,-9.8,400000,44102,0.110255,151674,0.379185
-42.2,-9.6,400000,45041,0.112602,152621,0.381553
-42.2,-9.4,400000,44467,0.111168,152196,0.38049
-42.2,-9.2,400000,44932,0.11233,151575,0.378937
-42.2,-9,400000,44902,0.112255,152105,0.380263
-42.2,-8.8,400000,44313,0.110783,152036,0.38009
-42.2,-8.6,400000,44960,0.1124,152267,0.380667
-42.2,-8.4,400000,44971,0.112427,152168,0.38042
-42.2,-8.2,400000,44722,0.111805,152074,0.380185
-42.2,-8,400000,44794,0.111985,152156,0.38039
-42.2,-7.8,400000,44966,0.112415,152109,0.380273
-42.2,-7.6,400000,44703,0.111757,152358,0.380895
-42.2,-7.4,400000,44601,0.111503,151334,0.378335
-42.2,-7.2,400000,44400,0.111,152360,0.3809
-42.2,-7,400000,44646,0.111615,151961,0.379902
-42.2,-6.8,400000,44667,0.111668,152006,0.380015
-42.2,-6.6,400000,44869,0.112172,151620,0.37905
-42.2,-6.4,400000,44500,0.11125,152058,0.380145
-42.2,-6.2,400000,45140,0.11285,152164,0.38041
-42.2,-6,400000,43875,0.109687,151135,0.377837
-42.2,-5.8,400000,44972,0.11243,152228,0.38057
-42.2,-5.6,400000,45357,0.113392,152177,0.380443
-42.2,-5.4,400000,44899,0.112248,152632,0.38158
-42.2,-5.2,400000,44392,0.11098,151588,0.37897
-42.2,-5,400000,44654,0.111635,152573,0.381433
-42.2,-4.8,400000,44754,0.111885,152713,0.381783
-42.2,-4.6,400000,44556,0.11139,152239,0.380597
-42.2,-4.4,400000,44424,0.11106,152287,0.380717
-42.2,-4.2,400000,45087,0.112717,152023,0.380057
-42.2,-4,400000,44090,0.110225,151470,0.378675
-42.2,-3.8,400000,44289,0.110723,151668,0.37917
-42.2,-3.6,400000,45028,0.11257,152262,0.380655
-42.2,-3.4,400000,44609,0.111522,151560,0.3789
-42.2,-3.2,400000,44874,0.112185,152103,0.380258
-42.2,-3,400000,44738,0.111845,152192,0.38048
-42.2,-2.8,400000,45035,0.112587,152021,0.380053
-42.2,-2.6,400000,45143,0.112857,152281,0.380702
-42.2,-2.4,400000,44378,0.110945,151649,0.379122
-42.2,-2.2,400000,44746,0.111865,151851,0.379628
-42.2,-2,400000,44563,0.111408,152278,0.380695
-42.2,-1.8,400000,44214,0.110535,151750,0.379375
-42.2,-1.6,400000,45048,0.11262,152328,0.38082
-42.2,-1.4,400000,44707,0.111768,151900,0.37975
-42.2,-1.2,400000,44679,0.111698,152206,0.380515
-42.2,-1,400000,44390,0.110975,151227,0.378068
-42.2,-0.8,400000,45012,0.11253,152381,0.380953
-42.2,-0.6,400000,44547,0.111367,151697,0.379242
-42.2,-0.4,400000,45183,0.112958,151754,0.379385
-42.2,-0.2,400000,44907,0.112268,152079,0.380198
-42.2,0,400000,45027,0.112568,152142,0.380355
-42.2,0.2,400000,44803,0.112007,151760,0.3794
-42.2,0.4,400000,44957,0.112393,152507,0.381267
-42.2,0.6,400000,44414,0.111035,152083,0.380207
-42.2,0.8,400000,45109,0.112772,152375,0.380937
-42.2,1,400000,44834,0.112085,152124,0.38031
-42.2,1.2,400000,44824,0.11206,151896,0.37974
-42.2,1.4,400000,44563,0.111408,152194,0.380485
-42.2,1.6,400000,43939,0.109848,151550,0.378875
-42.2,1.8,400000,44550,0.111375,152194,0.380485
-42.2,2,400000,44859,0.112147,152069,0.380173
-42.2,2.2,400000,44685,0.111713,152265,0.380663
-42.2,2.4,400000,44613,0.111533,152003,0.380007
-42.2,2.6,400000,44844,0.11211,151996,0.37999
-42.2,2.8,400000,44405,0.111013,151742,0.379355
-42.2,3,400000,44396,0.11099,151799,0.379497
-42.2,3.2,400000,45199,0.112998,152726,0.381815
-42.2,3.4,400000,45123,0.112808,152362,0.380905
-42.2,3.6,400000,44849,0.112122,151969,0.379922
-42.2,3.8,400000,44857,0.112143,151908,0.37977
-42.2,4,400000,44922,0.112305,152034,0.380085
-42.2,4.2,400000,44536,0.11134,152381,0.380953
-42.2,4.4,400000,44451,0.111128,151544,0.37886
-42.2,4.6,400000,44778,0.111945,152402,0.381005
-42.2,4.8,400000,44743,0.111857,151778,0.379445
-42.2,5,400000,44611,0.111528,152024,0.38006
-42.2,5.2,400000,45175,0.112937,152301,0.380752
-42.2,5.4,400000,44162,0.110405,151988,0.37997
-42.2,5.6,400000,44722,0.111805,151482,0.378705
-42.2,5.8,400000,44891,0.112227,151613,0.379032
-42.2,6,400000,44615,0.111537,152609,0.381522
-42.2,6.2,400000,44500,0.11125,151591,0.378978
-42.2,6.4,400000,45076,0.11269,151882,0.379705
-42.2,6.6,400000,44941,0.112352,152248,0.38062
-42.2,6.8,400000,44965,0.112412,151538,0.378845
-42.2,7,400000,44349,0.110872,151917,0.379792
-42.2,7.2,400000,44415,0.111037,151600,0.379
-42.2,7.4,400000,44559,0.111397,151725,0.379312
-42.2,7.6,400000,44587,0.111467,151345,0.378362
-42.2,7.8,400000,44487,0.111217,151572,0.37893
-42.2,8,400000,44820,0.11205,152115,0.380288
-42.2,8.2,400000,44705,0.111763,152300,0.38075
-42.2,8.4,400000,44521,0.111302,151411,0.378528
-42.2,8.6,400000,44671,0.111677,151511,0.378777
-42.2,8.8,400000,44520,0.1113,151980,0.37995
-42.2,9,400000,45085,0.112712,152285,0.380713
-42.2,9.2,400000,44675,0.111687,152288,0.38072
-42.2,9.4,400000,44951,0.112378,152393,0.380983
-42.2,9.6,400000,44669,0.111672,152534,0.381335
-42.2,9.8,400000,45248,0.11312,152446,0.381115
-42.2,10,400000,44381,0.110952,152090,0.380225
-42.2,10.2,400000,44967,0.112418,152062,0.380155
-42.2,10.4,400000,44715,0.111787,152253,0.380632
-42.2,10.6,400000,45311,0.113278,151946,0.379865
-42.2,10.8,400000,44697,0.111742,151868,0.37967
-42.2,11,400000,44540,0.11135,151712,0.37928
-42.2,11.2,400000,44994,0.112485,151975,0.379937
-42.2,11.4,400000,44916,0.11229,152210,0.380525
-42.2,11.6,400000,45197,0.112992,152543,0.381358
-42.2,11.8,400000,45130,0.112825,151660,0.37915
-42.2,12,400000,44986,0.112465,152449,0.381122
-42.2,12.2,400000,45655,0.114138,152461,0.381153
-42.2,12.4,400000,44556,0.11139,151714,0.379285
-42.2,12.6,400000,44991,0.112477,151956,0.37989
-42.2,12.8,400000,44757,0.111893,152184,0.38046
-42.2,13,400000,45486,0.113715,152021,0.380053
-42.2,13.2,400000,45369,0.113422,152107,0.380267
-42.2,13.4,400000,44716,0.11179,151524,0.37881
-42.2,13.6,400000,44884,0.11221,151876,0.37969
-42.2,13.8,400000,44702,0.111755,152410,0.381025
-42.2,14,400000,44779,0.111948,152071,0.380178
-42.2,14.2,400000,45368,0.11342,152222,0.380555
-42.2,14.4,400000,44865,0.112162,151760,0.3794
-42.2,14.6,400000,44421,0.111052,151734,0.379335
-42.2,14.8,400000,45193,0.112982,152467,0.381167
-42.2,15,400000,44758,0.111895,152275,0.380688
-42.2,15.2,400000,44858,0.112145,151664,0.37916
-42.2,15.4,400000,44508,0.11127,152140,0.38035
-42.2,15.6,400000,44900,0.11225,151775,0.379437
-42.2,15.8,400000,44914,0.112285,153064,0.38266
-42.2,16,400000,44725,0.111812,152447,0.381117
-42.2,16.2,400000,44883,0.112208,152212,0.38053
-42.2,16.4,400000,44651,0.111628,151834,0.379585
-42.2,16.6,400000,45385,0.113462,152390,0.380975
-42.2,16.8,400000,44943,0.112357,151934,0.379835
-42.2,17,400000,44741,0.111852,151771,0.379427
-42.2,17.2,400000,45056,0.11264,152222,0.380555
-42.2,17.4,400000,44720,0.1118,151754,0.379385
-42.2,17.6,400000,44343,0.110857,151967,0.379918
-42.2,17.8,400000,44795,0.111988,152262,0.380655
-42.2,18,400000,44693,0.111732,152222,0.380555
-42.2,18.2,400000,44497,0.111242,151932,0.37983
-42.2,18.4,400000,44756,0.11189,151998,0.379995
-42.2,18.6,400000,44965,0.112412,152151,0.380377
-42.2,18.8,400000,44657,0.111643,151919,0.379798
-42.2,19,400000,44563,0.111408,151981,0.379953
-42.2,19.2,400000,45105,0.112763,152179,0.380447
-42.2,19.4,400000,44920,0.1123,152071,0.380178
-42.2,19.6,400000,45100,0.11275,152072,0.38018
-42.2,19.8,400000,44762,0.111905,152118,0.380295
-42.2,20,400000,44997,0.112492,152590,0.381475
-42.2,20.2,400000,44645,0.111613,152354,0.380885
-42.2,20.4,400000,44456,0.11114,151245,0.378113
-42.2,20.6,400000,44664,0.11166,152260,0.38065
-42.2,20.8,400000,44928,0.11232,152668,0.38167
-42.2,21,400000,44849,0.112122,152219,0.380547
-42.2,21.2,400000,44744,0.11186,152483,0.381207
-42.2,21.4,400000,44760,0.1119,152090,0.380225
-42.2,21.6,400000,45083,0.112708,152016,0.38004
-42.2,21.8,400000,44852,0.11213,152302,0.380755
-42.2,22,400000,44611,0.111528,152179,0.380447
-42.2,22.2,400000,44747,0.111867,151837,0.379592
-42.2,22.4,400000,44874,0.112185,152170,0.380425
-42.2,22.6,400000,44694,0.111735,151738,0.379345
-42.2,22.8,400000,44723,0.111808,151895,0.379738
-42.2,23,400000,44653,0.111632,151978,0.379945
-42.2,23.2,400000,44719,0.111797,151789,0.379472
-42.2,23.4,400000,44717,0.111793,152414,0.381035
-42.2,23.6,400000,44477,0.111192,151502,0.378755
-42.2,23.8,400000,45169,0.112922,152016,0.38004
-42.2,24,400000,45329,0.113323,152094,0.380235
-42.2,24.2,400000,44788,0.11197,151953,0.379883
-42.2,24.4,400000,44570,0.111425,152229,0.380572
-42.2,24.6,400000,45301,0.113253,152449,0.381122
-42.2,24.8,400000,45005,0.112513,152061,0.380153
-42.2,25,400000,44463,0.111158,151861,0.379653
-42.2,25.2,400000,45048,0.11262,152505,0.381263
-42.2,25.4,400000,44784,0.11196,152111,0.380277
-42.2,25.6,400000,44719,0.111797,151538,0.378845
-42.2,25.8,400000,45114,0.112785,152765,0.381912
-42.2,26,400000,44953,0.112382,151745,0.379362
-42.2,26.2,400000,44999,0.112498,151888,0.37972
-42.2,26.4,400000,44629,0.111573,152422,0.381055
-42.2,26.6,400000,45181,0.112952,151984,0.37996
-42.2,26.8,400000,45221,0.113053,152408,0.38102
-42.2,27,400000,45291,0.113227,152043,0.380107
-42.2,27.2,400000,44781,0.111952,151944,0.37986
-42.2,27.4,400000,45250,0.113125,152688,0.38172
-42.2,27.6,400000,45031,0.112577,152312,0.38078
-42.2,27.8,400000,44927,0.112318,152186,0.380465
-42.2,28,400000,44955,0.112388,152159,0.380397
-42.2,28.2,400000,44760,0.1119,151671,0.379178
-42.2,28.4,400000,44421,0.111052,151749,0.379373
-42.2,28.6,400000,45500,0.11375,152408,0.38102
-42.2,28.8,400000,44707,0.111768,152095,0.380238
-42.2,29,400000,45060,0.11265,152166,0.380415
-42.2,29.2,400000,44774,0.111935,151965,0.379912
-42.2,29.4,400000,44856,0.11214,152494,0.381235
-42.2,29.6,400000,45266,0.113165,152049,0.380122
-42.2,29.8,400000,44940,0.11235,151816,0.37954
-42.2,30,400000,44975,0.112437,152148,0.38037
-42.2,30.2,400000,45109,0.112772,152571,0.381427
-42.2,30.4,400000,45118,0.112795,152112,0.38028
-42.2,30.6,400000,44651,0.111628,152038,0.380095
-42.2,30.8,400000,44887,0.112217,152456,0.38114
-42.2,31,400000,44248,0.11062,152309,0.380773
-42.2,31.2,400000,44489,0.111223,151741,0.379352
-42.2,31.4,400000,44747,0.111867,151593,0.378982
-42.2,31.6,400000,44213,0.110533,152025,0.380063
-42.2,31.8,400000,44460,0.11115,151443,0.378607
-42.2,32,400000,44632,0.11158,151627,0.379068
-42.2,32.2,400000,44710,0.111775,151263,0.378157
-42.2,32.4,400000,45015,0.112537,152182,0.380455
-42.2,32.6,400000,44507,0.111268,151945,0.379862
-42.2,32.8,400000,44795,0.111988,152154,0.380385
-42.2,33,400000,45134,0.112835,152134,0.380335
-42.2,33.2,400000,44813,0.112032,152525,0.381312
-42.2,33.4,400000,44843,0.112107,152011,0.380028
-42.2,33.6,400000,44773,0.111933,151700,0.37925
-42.2,33.8,400000,44766,0.111915,152383,0.380958
-42.2,34,400000,45114,0.112785,152024,0.38006
-42.2,34.2,400000,44837,0.112092,151930,0.379825
-42.2,34.4,400000,44316,0.11079,152143,0.380358
-42.2,34.6,400000,44702,0.111755,151971,0.379927
-42.2,34.8,400000,44613,0.111533,152442,0.381105
-42.2,35,400000,45015,0.112537,151954,0.379885
-42.2,35.2,400000,44944,0.11236,152690,0.381725
-42.2,35.4,400000,44740,0.11185,151780,0.37945
-42.2,35.6,400000,45119,0.112797,151842,0.379605
-42.2,35.8,400000,45072,0.11268,151723,0.379308
-42.2,36,400000,45094,0.112735,152142,0.380355
-42.2,36.2,400000,45175,0.112937,152234,0.380585
-42.2,36.4,400000,44959,0.112397,152614,0.381535
-42.2,36.6,400000,44644,0.11161,152100,0.38025
-42.2,36.8,400000,44562,0.111405,151684,0.37921
-42.2,37,400000,44737,0.111842,152037,0.380092
-42.2,37.2,400000,44497,0.111242,151860,0.37965
-42.2,37.4,400000,44665,0.111662,151697,0.379242
-42.2,37.6,400000,45170,0.112925,152356,0.38089
-42.2,37.8,400000,44856,0.11214,152001,0.380003
-42.2,38,400000,44859,0.112147,151531,0.378827
-42.2,38.2,400000,45040,0.1126,152761,0.381902
-42.2,38.4,400000,44960,0.1124,152302,0.380755
-42.2,38.6,400000,44932,0.11233,151399,0.378497
-42.2,38.8,400000,44446,0.111115,151209,0.378022
-42.2,39,400000,44762,0.111905,151587,0.378968
-42.2,39.2,400000,45081,0.112702,152041,0.380103
-42.2,39.4,400000,44032,0.11008,151058,0.377645
-42.2,39.6,400000,45225,0.113062,152256,0.38064
-42.2,39.8,400000,44529,0.111323,151297,0.378242
-42.2,40,400000,45124,0.11281,152258,0.380645
-42.2,40.2,400000,45028,0.11257,152260,0.38065
-42.2,40.4,400000,44773,0.111933,152396,0.38099
-42.2,40.6,400000,44512,0.11128,152361,0.380902
-42.2,40.8,400000,44819,0.112047,152264,0.38066
-42.2,41,400000,44829,0.112073,151897,0.379742
-42.2,41.2,400000,44949,0.112373,152283,0.380707
-42.2,41.4,400000,44191,0.110478,151518,0.378795
-42.2,41.6,400000,44573,0.111433,151847,0.379617
-42.2,41.8,400000,44845,0.112113,152192,0.38048
-42.2,42,400000,44903,0.112257,152305,0.380763
-42.2,42.2,400000,44846,0.112115,152467,0.381167
-42.2,42.4,400000,45301,0.113253,152706,0.381765
-42.2,42.6,400000,44619,0.111547,152134,0.380335
-42.2,42.8,400000,45057,0.112643,152258,0.380645
-42.2,43,400000,44828,0.11207,151683,0.379207
-42.2,43.2,400000,44814,0.112035,152309,0.380773
-42.2,43.4,400000,45060,0.11265,152359,0.380897
-42.2,43.6,400000,44811,0.112028,151795,0.379487
-42.2,43.8,400000,44879,0.112198,152036,0.38009
-42.2,44,400000,45103,0.112757,152434,0.381085
-42.2,44.2,400000,45118,0.112795,152101,0.380252
-42.2,44.4,400000,44867,0.112168,151411,0.378528
-42.2,44.6,400000,44903,0.112257,152378,0.380945
-42.2,44.8,400000,44641,0.111602,151776,0.37944
-42.2,45,400000,45013,0.112532,152020,0.38005
-42.2,45.2,400000,44911,0.112278,152826,0.382065
-42.2,45.4,400000,45023,0.112558,151733,0.379333
-42.2,45.6,400000,45145,0.112863,151918,0.379795
-42.2,45.8,400000,44671,0.111677,152160,0.3804
-42.2,46,400000,44673,0.111683,151459,0.378648
-42.2,46.2,400000,45619,0.114047,152093,0.380232
-42.2,46.4,400000,44574,0.111435,152080,0.3802
-42.2,46.6,400000,45062,0.112655,152129,0.380323
-42.2,46.8,400000,45145,0.112863,152048,0.38012
-42.2,47,400000,44718,0.111795,151932,0.37983
-42.2,47.2,400000,45137,0.112842,152208,0.38052
-42.2,47.4,400000,45146,0.112865,152902,0.382255
-42.2,47.6,400000,44963,0.112407,152208,0.38052
-42.2,47.8,400000,44743,0.111857,151554,0.378885
-42.2,48,400000,44792,0.11198,152127,0.380317
-42.2,48.2,400000,44957,0.112393,152097,0.380242
-42.2,48.4,400000,44924,0.11231,151618,0.379045
-42.2,48.6,400000,44508,0.11127,151762,0.379405
-42.2,48.8,400000,44829,0.112073,151976,0.37994
-42.2,49,400000,45061,0.112653,152150,0.380375
-42.2,49.2,400000,44876,0.11219,152589,0.381472
-42.2,49.4,400000,44429,0.111073,151794,0.379485
-42.2,49.6,400000,44797,0.111992,151646,0.379115
-42.2,49.8,400000,44802,0.112005,152183,0.380458
-42.2,50,400000,44685,0.111713,152043,0.380107
-42,-50,400000,44319,0.110797,151826,0.379565
-42,-49.8,400000,44928,0.11232,152187,0.380468
-42,-49.6,400000,44980,0.11245,152796,0.38199
-42,-49.4,400000,45082,0.112705,152829,0.382072
-42,-49.2,400000,44528,0.11132,152013,0.380032
-42,-49,400000,45042,0.112605,151523,0.378808
-42,-48.8,400000,45116,0.11279,151871,0.379678
-42,-48.6,400000,45054,0.112635,152098,0.380245
-42,-48.4,400000,44904,0.11226,152169,0.380422
-42,-48.2,400000,44463,0.111158,152358,0.380895
-42,-48,400000,44585,0.111463,152367,0.380918
-42,-47.8,400000,44821,0.112052,151824,0.37956
-42,-47.6,400000,44717,0.111793,152062,0.380155
-42,-47.4,400000,44726,0.111815,152140,0.38035
-42,-47.2,400000,44999,0.112498,152222,0.380555
-42,-47,400000,44759,0.111897,152491,0.381227
-42,-46.8,400000,44741,0.111852,152361,0.380902
-42,-46.6,400000,44851,0.112128,152120,0.3803
-42,-46.4,400000,45024,0.11256,151732,0.37933
-42,-46.2,400000,44775,0.111937,152151,0.380377
-42,-46,400000,45442,0.113605,152702,0.381755
-42,-45.8,400000,44797,0.111992,152355,0.380887
-42,-45.6,400000,45119,0.112797,151788,0.37947
-42,-45.4,400000,44207,0.110518,151470,0.378675
-42,-45.2,400000,44650,0.111625,151556,0.37889
-42,-45,400000,44668,0.11167,152259,0.380648
-42,-44.8,400000,45105,0.112763,151993,0.379983
-42,-44.6,400000,44305,0.110762,151738,0.379345
-42,-44.4,400000,44998,0.112495,152305,0.380763
-42,-44.2,400000,44837,0.112092,152344,0.38086
-42,-44,400000,44898,0.112245,152012,0.38003
-42,-43.8,400000,44689,0.111723,152193,0.380483
-42,-43.6,400000,44972,0.11243,151584,0.37896
-42,-43.4,400000,44649,0.111622,152022,0.380055
-42,-43.2,400000,44925,0.112312,152049,0.380122
-42,-43,400000,44890,0.112225,152541,0.381352
-42,-42.8,400000,44852,0.11213,152018,0.380045
-42,-42.6,400000,44403,0.111007,151821,0.379553
-42,-42.4,400000,44908,0.11227,152055,0.380138
-42,-42.2,400000,44619,0.111547,151947,0.379868
-42,-42,400000,44866,0.112165,152281,0.380702
-42,-41.8,400000,44507,0.111268,151679,0.379198
-42,-41.6,400000,44738,0.111845,152504,0.38126
-42,-41.4,400000,44963,0.112407,152273,0.380682
-42,-41.2,400000,44984,0.11246,152262,0.380655
-42,-41,400000,45210,0.113025,152364,0.38091
-42,-40.8,400000,45234,0.113085,152484,0.38121
-42,-40.6,400000,45054,0.112635,152256,0.38064
-42,-40.4,400000,44840,0.1121,152200,0.3805
-42,-40.2,400000,44616,0.11154,152198,0.380495
-42,-40,400000,45052,0.11263,152617,0.381543
-42,-39.8,400000,44486,0.111215,152335,0.380837
-42,-39.6,400000,44594,0.111485,151806,0.379515
-42,-39.4,400000,44540,0.11135,151963,0.379908
-42,-39.2,400000,44152,0.11038,151455,0.378638
-42,-39,400000,44850,0.112125,151922,0.379805
-42,-38.8,400000,44574,0.111435,151620,0.37905
-42,-38.6,400000,44943,0.112357,152040,0.3801
-42,-38.4,400000,45149,0.112873,151922,0.379805
-42,-38.2,400000,44293,0.110732,151503,0.378758
-42,-38,400000,44673,0.111683,152116,0.38029
-42,-37.8,400000,44581,0.111452,151567,0.378918
-42,-37.6,400000,44735,0.111838,152755,0.381887
-42,-37.4,400000,45113,0.112782,152596,0.38149
-42,-37.2,400000,44888,0.11222,152196,0.38049
-42,-37,400000,45291,0.113227,152030,0.380075
-42,-36.8,400000,44470,0.111175,152134,0.380335
-42,-36.6,400000,45177,0.112943,152488,0.38122
-42,-36.4,400000,44839,0.112098,151713,0.379283
-42,-36.2,400000,44721,0.111802,151643,0.379107
-42,-36,400000,45370,0.113425,151730,0.379325
-42,-35.8,400000,44569,0.111422,151570,0.378925
-42,-35.6,400000,44292,0.11073,151681,0.379202
-42,-35.4,400000,44409,0.111022,151937,0.379843
-42,-35.2,400000,44748,0.11187,152468,0.38117
-42,-35,400000,44618,0.111545,151771,0.379427
-42,-34.8,400000,45097,0.112742,151713,0.379283
-42,-34.6,400000,44590,0.111475,152106,0.380265
-42,-34.4,400000,44587,0.111467,151724,0.37931
-42,-34.2,400000,44971,0.112427,152251,0.380628
-42,-34,400000,44585,0.111463,152264,0.38066
-42,-33.8,400000,44717,0.111793,151621,0.379053
-42,-33.6,400000,44845,0.112113,152400,0.381
-42,-33.4,400000,44894,0.112235,151720,0.3793
-42,-33.2,400000,44725,0.111812,151668,0.37917
-42,-33,400000,44855,0.112138,151688,0.37922
-42,-32.8,400000,44909,0.112272,151881,0.379702
-42,-32.6,400000,44742,0.111855,151572,0.37893
-42,-32.4,400000,44832,0.11208,152279,0.380698
-42,-32.2,400000,44836,0.11209,151995,0.379987
-42,-32,400000,44503,0.111257,151167,0.377918
-42,-31.8,400000,45128,0.11282,152668,0.38167
-42,-31.6,400000,44880,0.1122,151976,0.37994
-42,-31.4,400000,44708,0.11177,151275,0.378188
-42,-31.2,400000,45043,0.112607,151991,0.379978
-42,-31,400000,44673,0.111683,151923,0.379808
-42,-30.8,400000,44683,0.111708,152118,0.380295
-42,-30.6,400000,44965,0.112412,151553,0.378883
-42,-30.4,400000,44629,0.111573,151994,0.379985
-42,-30.2,400000,45267,0.113168,152513,0.381283
-42,-30,400000,44886,0.112215,151898,0.379745
-42,-29.8,400000,44792,0.11198,151492,0.37873
-42,-29.6,400000,44148,0.11037,151521,0.378802
-42,-29.4,400000,44647,0.111617,152172,0.38043
-42,-29.2,400000,44473,0.111183,151873,0.379682
-42,-29,400000,44776,0.11194,152018,0.380045
-42,-28.8,400000,44673,0.111683,151510,0.378775
-42,-28.6,400000,44791,0.111977,152042,0.380105
-42,-28.4,400000,44653,0.111632,152076,0.38019
-42,-28.2,400000,45136,0.11284,152327,0.380817
-42,-28,400000,44780,0.11195,152456,0.38114
-42,-27.8,400000,44719,0.111797,151891,0.379727
-42,-27.6,400000,45201,0.113003,151927,0.379817
-42,-27.4,400000,44706,0.111765,151724,0.37931
-42,-27.2,400000,44551,0.111378,151235,0.378088
-42,-27,400000,44180,0.11045,151881,0.379702
-42,-26.8,400000,45145,0.112863,151641,0.379103
-42,-26.6,400000,44825,0.112062,152367,0.380918
-42,-26.4,400000,45081,0.112702,151666,0.379165
-42,-26.2,400000,44609,0.111522,151434,0.378585
-42,-26,400000,44889,0.112223,152085,0.380213
-42,-25.8,400000,45180,0.11295,151980,0.37995
-42,-25.6,400000,44892,0.11223,152455,0.381138
-42,-25.4,400000,44413,0.111033,151736,0.37934
-42,-25.2,400000,44689,0.111723,152118,0.380295
-42,-25,400000,44811,0.112028,151705,0.379263
-42,-24.8,400000,45085,0.112712,152105,0.380263
-42,-24.6,400000,45333,0.113333,152516,0.38129
-42,-24.4,400000,44837,0.112092,152190,0.380475
-42,-24.2,400000,44942,0.112355,151543,0.378858
-42,-24,400000,45372,0.11343,152402,0.381005
-42,-23.8,400000,44669,0.111672,151729,0.379323
-42,-23.6,400000,44870,0.112175,152302,0.380755
-42,-23.4,400000,45170,0.112925,151601,0.379003
-42,-23.2,400000,44333,0.110833,151584,0.37896
-42,-23,400000,45341,0.113352,152145,0.380362
-42,-22.8,400000,44648,0.11162,151487,0.378717
-42,-22.6,400000,44581,0.111452,151430,0.378575
-42,-22.4,400000,44749,0.111872,152092,0.38023
-42,-22.2,400000,45089,0.112723,152920,0.3823
-42,-22,400000,44800,0.112,152009,0.380022
-42,-21.8,400000,44444,0.11111,152048,0.38012
-42,-21.6,400000,44285,0.110713,151505,0.378763
-42,-21.4,400000,44766,0.111915,151909,0.379773
-42,-21.2,400000,44853,0.112132,152044,0.38011
-42,-21,400000,44575,0.111437,152397,0.380993
-42,-20.8,400000,44539,0.111348,151927,0.379817
-42,-20.6,400000,45267,0.113168,151628,0.37907
-42,-20.4,400000,44737,0.111842,151732,0.37933
-42,-20.2,400000,45178,0.112945,152334,0.380835
-42,-20,400000,44693,0.111732,152396,0.38099
-42,-19.8,400000,45009,0.112522,152315,0.380788
-42,-19.6,400000,45011,0.112528,151821,0.379553
-42,-19.4,400000,44273,0.110683,151896,0.37974
-42,-19.2,400000,44825,0.112062,152103,0.380258
-42,-19,400000,44784,0.11196,151746,0.379365
-42,-18.8,400000,44949,0.112373,151674,0.379185
-42,-18.6,400000,45295,0.113238,151988,0.37997
-42,-18.4,400000,45058,0.112645,152074,0.380185
-42,-18.2,400000,44525,0.111312,151826,0.379565
-42,-18,400000,44864,0.11216,151335,0.378337
-42,-17.8,400000,44634,0.111585,152065,0.380163
-42,-17.6,400000,44989,0.112473,152037,0.380092
-42,-17.4,400000,44161,0.110403,151558,0.378895
-42,-17.2,400000,44919,0.112297,151506,0.378765
-42,-17,400000,44997,0.112492,151542,0.378855
-42,-16.8,400000,44603,0.111507,152385,0.380962
-42,-16.6,400000,45006,0.112515,152471,0.381178
-42,-16.4,400000,45049,0.112623,151884,0.37971
-42,-16.2,400000,44722,0.111805,152535,0.381337
-42,-16,400000,45224,0.11306,152092,0.38023
-42,-15.8,400000,44715,0.111787,151800,0.3795
-42,-15.6,400000,44630,0.111575,152205,0.380512
-42,-15.4,400000,45082,0.112705,152671,0.381678
-42,-15.2,400000,44929,0.112323,152456,0.38114
-42,-15,400000,44536,0.11134,152905,0.382263
-42,-14.8,400000,45004,0.11251,152029,0.380072
-42,-14.6,400000,45056,0.11264,151921,0.379802
-42,-14.4,400000,44993,0.112482,152565,0.381412
-42,-14.2,400000,44882,0.112205,152377,0.380943
-42,-14,400000,44984,0.11246,151800,0.3795
-42,-13.8,400000,45349,0.113373,152524,0.38131
-42,-13.6,400000,45581,0.113952,152590,0.381475
-42,-13.4,400000,45247,0.113117,152706,0.381765
-42,-13.2,400000,45085,0.112712,151948,0.37987
-42,-13,400000,44504,0.11126,152950,0.382375
-42,-12.8,400000,45146,0.112865,151782,0.379455
-42,-12.6,400000,44492,0.11123,151337,0.378343
-42,-12.4,400000,44623,0.111558,151730,0.379325
-42,-12.2,400000,44840,0.1121,152473,0.381182
-42,-12,400000,44395,0.110988,151708,0.37927
-42,-11.8,400000,45074,0.112685,151986,0.379965
-42,-11.6,400000,44488,0.11122,152163,0.380408
-42,-11.4,400000,45281,0.113202,151849,0.379622
-42,-11.2,400000,44419,0.111047,151370,0.378425
-42,-11,400000,44916,0.11229,152190,0.380475
-42,-10.8,400000,44733,0.111833,151452,0.37863
-42,-10.6,400000,44879,0.112198,151784,0.37946
-42,-10.4,400000,44936,0.11234,151901,0.379752
-42,-10.2,400000,45082,0.112705,152168,0.38042
-42,-10,400000,45368,0.11342,152431,0.381078
-42,-9.8,400000,45262,0.113155,152309,0.380773
-42,-9.6,400000,44778,0.111945,152002,0.380005
-42,-9.4,400000,44850,0.112125,152026,0.380065
-42,-9.2,400000,45428,0.11357,152279,0.380698
-42,-9,400000,45184,0.11296,152278,0.380695
-42,-8.8,400000,44819,0.112047,151981,0.379953
-42,-8.6,400000,44895,0.112238,151812,0.37953
-42,-8.4,400000,45114,0.112785,152442,0.381105
-42,-8.2,400000,44664,0.11166,152236,0.38059
-42,-8,400000,44334,0.110835,151604,0.37901
-42,-7.8,400000,44806,0.112015,152573,0.381433
-42,-7.6,400000,45407,0.113517,152173,0.380433
-42,-7.4,400000,45199,0.112998,152391,0.380978
-42,-7.2,400000,45049,0.112623,151858,0.379645
-42,-7,400000,44577,0.111442,151693,0.379232
-42,-6.8,400000,44701,0.111753,151757,0.379393
-42,-6.6,400000,44873,0.112183,151956,0.37989
-42,-6.4,400000,45421,0.113553,152459,0.381147
-42,-6.2,400000,44882,0.112205,152423,0.381057
-42,-6,400000,44243,0.110607,151413,0.378532
-42,-5.8,400000,45033,0.112583,152185,0.380462
-42,-5.6,400000,44868,0.11217,152489,0.381223
-42,-5.4,400000,44537,0.111342,151608,0.37902
-42,-5.2,400000,44762,0.111905,151901,0.379752
-42,-5,400000,45116,0.11279,152352,0.38088
-42,-4.8,400000,44997,0.112492,152197,0.380493
-42,-4.6,400000,44700,0.11175,151649,0.379122
-42,-4.4,400000,45025,0.112562,152282,0.380705
-42,-4.2,400000,45110,0.112775,152593,0.381483
-42,-4,400000,44631,0.111577,151704,0.37926
-42,-3.8,400000,45193,0.112982,152236,0.38059
-42,-3.6,400000,44443,0.111107,151515,0.378787
-42,-3.4,400000,44400,0.111,151482,0.378705
-42,-3.2,400000,44827,0.112068,152073,0.380182
-42,-3,400000,44840,0.1121,152146,0.380365
-42,-2.8,400000,45249,0.113123,152430,0.381075
-42,-2.6,400000,44896,0.11224,152390,0.380975
-42,-2.4,400000,44631,0.111577,151659,0.379148
-42,-2.2,400000,44404,0.11101,152011,0.380028
-42,-2,400000,44208,0.11052,151469,0.378673
-42,-1.8,400000,44632,0.11158,151997,0.379993
-42,-1.6,400000,44540,0.11135,151962,0.379905
-42,-1.4,400000,44901,0.112253,152295,0.380738
-42,-1.2,400000,44998,0.112495,152322,0.380805
-42,-1,400000,44569,0.111422,151503,0.378758
-42,-0.8,400000,44670,0.111675,151916,0.37979
-42,-0.6,400000,45539,0.113848,152272,0.38068
-42,-0.4,400000,45009,0.112522,152609,0.381522
-42,-0.2,400000,44719,0.111797,152147,0.380368
-42,0,400000,44887,0.112217,151339,0.378348
-42,0.2,400000,44366,0.110915,151783,0.379458
-42,0.4,400000,44808,0.11202,152212,0.38053
-42,0.6,400000,45005,0.112513,152776,0.38194
-42,0.8,400000,44435,0.111088,152086,0.380215
-42,1,400000,44685,0.111713,152119,0.380298
-42,1.2,400000,44510,0.111275,152083,0.380207
-42,1.4,400000,45065,0.112662,152201,0.380503
-42,1.6,400000,44447,0.111117,151456,0.37864
-42,1.8,400000,44758,0.111895,151807,0.379518
-42,2,400000,44790,0.111975,151909,0.379773
-42,2.2,400000,44962,0.112405,152264,0.38066
-42,2.4,400000,45334,0.113335,151701,0.379252
-42,2.6,400000,45147,0.112867,152624,0.38156
-42,2.8,400000,44432,0.11108,151852,0.37963
-42,3,400000,45175,0.112937,151860,0.37965
-42,3.2,400000,44555,0.111388,152002,0.380005
-42,3.4,400000,44898,0.112245,151825,0.379563
-42,3.6,400000,44773,0.111933,152138,0.380345
-42,3.8,400000,44851,0.112128,152011,0.380028
-42,4,400000,44993,0.112482,152502,0.381255
-42,4.2,400000,45284,0.11321,152193,0.380483
-42,4.4,400000,44593,0.111482,151706,0.379265
-42,4.6,400000,44553,0.111382,152060,0.38015
-42,4.8,400000,44739,0.111848,151254,0.378135
-42,5,400000,45021,0.112552,152129,0.380323
-42,5.2,400000,44890,0.112225,152254,0.380635
-42,5.4,400000,44372,0.11093,151894,0.379735
-42,5.6,400000,44384,0.11096,152169,0.380422
-42,5.8,400000,44833,0.112083,152311,0.380777
-42,6,400000,45257,0.113142,152079,0.380198
-42,6.2,400000,45047,0.112617,152206,0.380515
-42,6.4,400000,44452,0.11113,151417,0.378543
-42,6.6,400000,44802,0.112005,151661,0.379153
-42,6.8,400000,45056,0.11264,151455,0.378638
-42,7,400000,44990,0.112475,152454,0.381135
-42,7.2,400000,44873,0.112183,152406,0.381015
-42,7.4,400000,45325,0.113312,151773,0.379433
-42,7.6,400000,45286,0.113215,152517,0.381292
-42,7.8,400000,44774,0.111935,151841,0.379603
-42,8,400000,44309,0.110772,152007,0.380018
-42,8.2,400000,44392,0.11098,151630,0.379075
-42,8.4,400000,44791,0.111977,152012,0.38003
-42,8.6,400000,45156,0.11289,152275,0.380688
-42,8.8,400000,44830,0.112075,151671,0.379178
-42,9,400000,44844,0.11211,151998,0.379995
-42,9.2,400000,44719,0.111797,152708,0.38177
-42,9.4,400000,45239,0.113098,152897,0.382242
-42,9.6,400000,44737,0.111842,152449,0.381122
-42,9.8,400000,45288,0.11322,152763,0.381908
-42,10,400000,44541,0.111352,151311,0.378277
-42,10.2,400000,44888,0.11222,151878,0.379695
-42,10.4,400000,44938,0.112345,151632,0.37908
-42,10.6,400000,44306,0.110765,151850,0.379625
-42,10.8,400000,44450,0.111125,152423,0.381057
-42,11,400000,45088,0.11272,151827,0.379568
-42,11.2,400000,44843,0.112107,152215,0.380537
-42,11.4,400000,44434,0.111085,151666,0.379165
-42,11.6,400000,44816,0.11204,151567,0.378918
-42,11.8,400000,44916,0.11229,151978,0.379945
-42,12,400000,45071,0.112677,152355,0.380887
-42,12.2,400000,44803,0.112007,151582,0.378955
-42,12.4,400000,44535,0.111338,152186,0.380465
-42,12.6,400000,44829,0.112073,151818,0.379545
-42,12.8,400000,45334,0.113335,152695,0.381738
-42,13,400000,44844,0.11211,151952,0.37988
-42,13.2,400000,45135,0.112837,151617,0.379043
-42,13.4,400000,44455,0.111138,151731,0.379327
-42,13.6,400000,44657,0.111643,151505,0.378763
-42,13.8,400000,44816,0.11204,151924,0.37981
-42,14,400000,44676,0.11169,152336,0.38084
-42,14.2,400000,44699,0.111747,151660,0.37915
-42,14.4,400000,44712,0.11178,151702,0.379255
-42,14.6,400000,44925,0.112312,152166,0.380415
-42,14.8,400000,44636,0.11159,152185,0.380462
-42,15,400000,44786,0.111965,151409,0.378522
-42,15.2,400000,44523,0.111308,152054,0.380135
-42,15.4,400000,44362,0.110905,152183,0.380458
-42,15.6,400000,45038,0.112595,152856,0.38214
-42,15.8,400000,44626,0.111565,152237,0.380593
-42,16,400000,45226,0.113065,152797,0.381993
-42,16.2,400000,44702,0.111755,152103,0.380258
-42,16.4,400000,44729,0.111823,152164,0.38041
-42,16.6,400000,44983,0.112458,152342,0.380855
-42,16.8,400000,45195,0.112988,151856,0.37964
-42,17,400000,45249,0.113123,152127,0.380317
-42,17.2,400000,44819,0.112047,151694,0.379235
-42,17.4,400000,44631,0.111577,152400,0.381
-42,17.6,400000,44554,0.111385,151654,0.379135
-42,17.8,400000,45041,0.112602,151990,0.379975
-42,18,400000,44909,0.112272,152261,0.380653
-42,18.2,400000,44979,0.112448,152390,0.380975
-42,18.4,400000,45112,0.11278,151760,0.3794
-42,18.6,400000,44591,0.111477,152344,0.38086
-42,18.8,400000,44671,0.111677,152181,0.380453
-42,19,400000,45297,0.113242,152633,0.381582
-42,19.2,400000,44750,0.111875,151867,0.379667
-42,19.4,400000,45090,0.112725,151720,0.3793
-42,19.6,400000,44788,0.11197,152226,0.380565
-42,19.8,400000,44500,0.11125,151543,0.378858
-42,20,400000,44769,0.111922,152153,0.380383
-42,20.2,400000,44696,0.11174,151255,0.378138
-42,20.4,400000,44759,0.111897,152203,0.380507
-42,20.6,400000,44824,0.11206,151959,0.379897
-42,20.8,400000,44855,0.112138,151298,0.378245
-42,21,400000,44754,0.111885,151380,0.37845
-42,21.2,400000,44981,0.112452,152138,0.380345
-42,21.4,400000,44293,0.110732,152449,0.381122
-42,21.6,400000,44874,0.112185,152223,0.380557
-42,21.8,400000,45023,0.112558,152341,0.380852
-42,22,400000,45160,0.1129,152164,0.38041
-42,22.2,400000,44983,0.112458,152548,0.38137
-42,22.4,400000,44638,0.111595,151649,0.379122
-42,22.6,400000,45029,0.112573,152464,0.38116
-42,22.8,400000,44929,0.112323,152448,0.38112
-42,23,400000,44915,0.112287,152234,0.380585
-42,23.2,400000,44905,0.112263,151916,0.37979
-42,23.4,400000,44932,0.11233,151826,0.379565
-42,23.6,400000,44631,0.111577,152208,0.38052
-42,23.8,400000,45100,0.11275,152781,0.381952
-42,24,400000,44966,0.112415,152214,0.380535
-42,24.2,400000,45042,0.112605,152655,0.381638
-42,24.4,400000,45522,0.113805,153014,0.382535
-42,24.6,400000,45085,0.112712,152244,0.38061
-42,24.8,400000,44624,0.11156,151943,0.379858
-42,25,400000,45019,0.112547,152242,0.380605
-42,25.2,400000,44742,0.111855,151720,0.3793
-42,25.4,400000,45014,0.112535,151949,0.379873
-42,25.6,400000,44868,0.11217,151686,0.379215
-42,25.8,400000,44815,0.112037,152105,0.380263
-42,26,400000,44835,0.112088,151945,0.379862
-42,26.2,400000,45052,0.11263,152018,0.380045
-42,26.4,400000,44618,0.111545,152039,0.380097
-42,26.6,400000,44594,0.111485,151488,0.37872
-42,26.8,400000,44630,0.111575,152526,0.381315
-42,27,400000,44889,0.112223,151680,0.3792
-42,27.2,400000,45002,0.112505,152129,0.380323
-42,27.4,400000,44617,0.111543,152012,0.38003
-42,27.6,400000,45191,0.112977,152615,0.381537
-42,27.8,400000,44917,0.112293,151974,0.379935
-42,28,400000,44818,0.112045,152134,0.380335
-42,28.2,400000,44675,0.111687,152329,0.380823
-42,28.4,400000,44885,0.112213,152138,0.380345
-42,28.6,400000,45041,0.112602,152103,0.380258
-42,28.8,400000,44915,0.112287,152050,0.380125
-42,29,400000,44595,0.111488,151910,0.379775
-42,29.2,400000,44394,0.110985,151760,0.3794
-42,29.4,400000,44902,0.112255,151675,0.379188
-42,29.6,400000,44879,0.112198,152104,0.38026
-42,29.8,400000,44841,0.112102,152110,0.380275
-42,30,400000,45301,0.113253,152121,0.380302
-42,30.2,400000,45032,0.11258,151908,0.37977
-42,30.4,400000,44650,0.111625,152035,0.380088
-42,30.6,400000,44997,0.112492,152275,0.380688
-42,30.8,400000,45402,0.113505,152376,0.38094
-42,31,400000,44701,0.111753,152010,0.380025
-42,31.2,400000,44224,0.11056,150982,0.377455
-42,31.4,400000,44938,0.112345,152499,0.381248
-42,31.6,400000,44712,0.11178,152435,0.381088
-42,31.8,400000,44496,0.11124,151569,0.378922
-42,32,400000,44477,0.111192,152222,0.380555
-42,32.2,400000,44507,0.111268,151814,0.379535
-42,32.4,400000,44862,0.112155,152522,0.381305
-42,32.6,400000,44940,0.11235,152307,0.380767
-42,32.8,400000,44916,0.11229,152179,0.380447
-42,33,400000,45230,0.113075,152714,0.381785
-42,33.2,400000,44933,0.112333,151755,0.379387
-42,33.4,400000,44449,0.111122,152034,0.380085
-42,33.6,400000,44780,0.11195,152587,0.381468
-42,33.8,400000,44619,0.111547,151628,0.37907
-42,34,400000,44419,0.111047,152374,0.380935
-42,34.2,400000,45000,0.1125,151753,0.379383
-42,34.4,400000,44762,0.111905,152559,0.381398
-42,34.6,400000,44573,0.111433,151463,0.378657
-42,34.8,400000,44714,0.111785,151752,0.37938
-42,35,400000,44625,0.111562,152468,0.38117
-42,35.2,400000,44729,0.111823,151974,0.379935
-42,35.4,400000,44818,0.112045,151620,0.37905
-42,35.6,400000,45361,0.113403,152698,0.381745
-42,35.8,400000,44154,0.110385,151998,0.379995
-42,36,400000,44553,0.111382,151859,0.379648
-42,36.2,400000,44489,0.111223,151712,0.37928
-42,36.4,400000,44836,0.11209,152212,0.38053
-42,36.6,400000,45578,0.113945,152616,0.38154
-42,36.8,400000,44859,0.112147,151786,0.379465
-42,37,400000,45045,0.112613,151969,0.379922
-42,37.2,400000,44682,0.111705,152479,0.381198
-42,37.4,400000,44581,0.111452,151717,0.379292
-42,37.6,400000,45193,0.112982,152762,0.381905
-42,37.8,400000,44685,0.111713,152268,0.38067
-42,38,400000,45095,0.112738,151757,0.379393
-42,38.2,400000,44967,0.112418,152609,0.381522
-42,38.4,400000,45362,0.113405,152320,0.3808
-42,38.6,400000,44886,0.112215,151972,0.37993
-42,38.8,400000,44552,0.11138,151230,0.378075
-42,39,400000,44443,0.111107,151562,0.378905
-42,39.2,400000,44967,0.112418,152314,0.380785
-42,39.4,400000,44509,0.111272,151578,0.378945
-42,39.6,400000,45062,0.112655,151837,0.379592
-42,39.8,400000,44749,0.111872,152460,0.38115
-42,40,400000,44756,0.11189,152408,0.38102
-42,40.2,400000,45147,0.112867,151637,0.379092
-42,40.4,400000,45123,0.112808,151953,0.379883
-42,40.6,400000,44329,0.110823,151905,0.379763
-42,40.8,400000,44290,0.110725,152056,0.38014
-42,41,400000,45131,0.112827,151967,0.379918
-42,41.2,400000,44330,0.110825,152202,0.380505
-42,41.4,400000,44710,0.111775,152109,0.380273
-42,41.6,400000,44600,0.1115,151245,0.378113
-42,41.8,400000,44440,0.1111,152039,0.380097
-42,42,400000,45080,0.1127,151649,0.379122
-42,42.2,400000,45093,0.112732,152150,0.380375
-42,42.4,400000,44974,0.112435,152304,0.38076
-42,42.6,400000,44482,0.111205,151870,0.379675
-42,42.8,400000,44953,0.112382,151973,0.379933
-42,43,400000,44776,0.11194,151778,0.379445
-42,43.2,400000,45269,0.113172,152736,0.38184
-42,43.4,400000,45031,0.112577,151881,0.379702
-42,43.6,400000,45354,0.113385,151925,0.379812
-42,43.8,400000,44709,0.111772,152222,0.380555
-42,44,400000,44723,0.111808,151496,0.37874
-42,44.2,400000,44460,0.11115,152006,0.380015
-42,44.4,400000,44701,0.111753,151533,0.378833
-42,44.6,400000,44560,0.1114,151540,0.37885
-42,44.8,400000,44985,0.112463,152096,0.38024
-42,45,400000,44603,0.111507,152921,0.382302
-42,45.2,400000,45090,0.112725,151446,0.378615
-42,45.4,400000,45055,0.112638,152181,0.380453
-42,45.6,400000,44306,0.110765,151312,0.37828
-42,45.8,400000,44541,0.111352,151776,0.37944
-42,46,400000,45087,0.112717,152142,0.380355
-42,46.2,400000,44678,0.111695,151990,0.379975
-42,46.4,400000,45003,0.112507,152533,0.381333
-42,46.6,400000,44528,0.11132,151907,0.379767
-42,46.8,400000,44664,0.11166,151842,0.379605
-42,47,400000,44670,0.111675,152055,0.380138
-42,47.2,400000,44909,0.112272,151889,0.379723
-42,47.4,400000,45032,0.11258,152396,0.38099
-42,47.6,400000,44709,0.111772,152111,0.380277
-42,47.8,400000,45442,0.113605,153032,0.38258
-42,48,400000,44619,0.111547,151961,0.379902
-42,48.2,400000,45087,0.112717,152454,0.381135
-42,48.4,400000,44598,0.111495,151753,0.379383
-42,48.6,400000,44543,0.111357,152240,0.3806
-42,48.8,400000,44613,0.111533,152381,0.380953
-42,49,400000,44867,0.112168,151717,0.379292
-42,49.2,400000,44701,0.111753,151810,0.379525
-42,49.4,400000,44907,0.112268,152084,0.38021
-42,49.6,400000,44525,0.111312,151675,0.379188
-42,49.8,400000,44457,0.111143,151329,0.378323
-42,50,400000,45012,0.11253,152323,0.380808
-41.8,-50,400000,44362,0.110905,151054,0.377635
-41.8,-49.8,400000,44754,0.111885,151652,0.37913
-41.8,-49.6,400000,44945,0.112363,152516,0.38129
-41.8,-49.4,400000,44592,0.11148,151948,0.37987
-41.8,-49.2,400000,44686,0.111715,151209,0.378022
-41.8,-49,400000,44885,0.112213,152282,0.380705
-41.8,-48.8,400000,44941,0.112352,152248,0.38062
-41.8,-48.6,400000,45081,0.112702,152438,0.381095
-41.8,-48.4,400000,44937,0.112342,151639,0.379097
-41.8,-48.2,400000,44634,0.111585,151990,0.379975
-41.8,-48,400000,44892,0.11223,152157,0.380393
-41.8,-47.8,400000,44526,0.111315,151651,0.379128
-41.8,-47.6,400000,45352,0.11338,152683,0.381707
-41.8,-47.4,400000,44852,0.11213,152240,0.3806
-41.8,-47.2,400000,44973,0.112433,151701,0.379252
-41.8,-47,400000,44861,0.112153,151951,0.379877
-41.8,-46.8,400000,44713,0.111783,152023,0.380057
-41.8,-46.6,400000,44733,0.111833,151337,0.378343
-41.8,-46.4,400000,44549,0.111372,151815,0.379538
-41.8,-46.2,400000,44746,0.111865,151862,0.379655
-41.8,-46,400000,44952,0.11238,151468,0.37867
-41.8,-45.8,400000,44881,0.112202,152058,0.380145
-41.8,-45.6,400000,44827,0.112068,152382,0.380955
-41.8,-45.4,400000,44995,0.112488,152123,0.380308
-41.8,-45.2,400000,45097,0.112742,151865,0.379663
-41.8,-45,400000,44755,0.111888,151442,0.378605
-41.8,-44.8,400000,44699,0.111747,152468,0.38117
-41.8,-44.6,400000,44687,0.111717,152288,0.38072
-41.8,-44.4,400000,45214,0.113035,152145,0.380362
-41.8,-44.2,400000,45010,0.112525,152508,0.38127
-41.8,-44,400000,44659,0.111647,151967,0.379918
-41.8,-43.8,400000,45110,0.112775,152484,0.38121
-41.8,-43.6,400000,45319,0.113297,152216,0.38054
-41.8,-43.4,400000,45037,0.112592,151655,0.379138
-41.8,-43.2,400000,44291,0.110728,151805,0.379512
-41.8,-43,400000,45077,0.112693,152296,0.38074
-41.8,-42.8,400000,44523,0.111308,152087,0.380217
-41.8,-42.6,400000,44856,0.11214,152673,0.381682
-41.8,-42.4,400000,45343,0.113357,152295,0.380738
-41.8,-42.2,400000,45015,0.112537,151812,0.37953
-41.8,-42,400000,45163,0.112907,152438,0.381095
-41.8,-41.8,400000,44995,0.112488,152094,0.380235
-41.8,-41.6,400000,44678,0.111695,151728,0.37932
-41.8,-41.4,400000,44535,0.111338,151671,0.379178
-41.8,-41.2,400000,44732,0.11183,152114,0.380285
-41.8,-41,400000,44788,0.11197,151878,0.379695
-41.8,-40.8,400000,44842,0.112105,151679,0.379198
-41.8,-40.6,400000,44664,0.11166,151849,0.379622
-41.8,-40.4,400000,44754,0.111885,152403,0.381007
-41.8,-40.2,400000,45290,0.113225,152350,0.380875
-41.8,-40,400000,45089,0.112723,152330,0.380825
-41.8,-39.8,400000,44900,0.11225,151221,0.378053
-41.8,-39.6,400000,44835,0.112088,151883,0.379707
-41.8,-39.4,400000,45112,0.11278,152093,0.380232
-41.8,-39.2,400000,45156,0.11289,151699,0.379248
-41.8,-39,400000,44488,0.11122,151800,0.3795
-41.8,-38.8,400000,45012,0.11253,152274,0.380685
-41.8,-38.6,400000,44940,0.11235,152599,0.381497
-41.8,-38.4,400000,44673,0.111683,152145,0.380362
-41.8,-38.2,400000,44933,0.112333,152187,0.380468
-41.8,-38,400000,44976,0.11244,152119,0.380298
-41.8,-37.8,400000,45071,0.112677,151964,0.37991
-41.8,-37.6,400000,44888,0.11222,152299,0.380748
-41.8,-37.4,400000,44972,0.11243,151466,0.378665
-41.8,-37.2,400000,44717,0.111793,151594,0.378985
-41.8,-37,400000,44344,0.11086,151858,0.379645
-41.8,-36.8,400000,44552,0.11138,152186,0.380465
-41.8,-36.6,400000,44712,0.11178,152832,0.38208
-41.8,-36.4,400000,44465,0.111162,152123,0.380308
-41.8,-36.2,400000,45079,0.112698,151848,0.37962
-41.8,-36,400000,44758,0.111895,151521,0.378802
-41.8,-35.8,400000,45287,0.113217,152396,0.38099
-41.8,-35.6,400000,44910,0.112275,151665,0.379163
-41.8,-35.4,400000,44910,0.112275,152145,0.380362
-41.8,-35.2,400000,45002,0.112505,152490,0.381225
-41.8,-35,400000,45083,0.112708,151793,0.379483
-41.8,-34.8,400000,44871,0.112177,152039,0.380097
-41.8,-34.6,400000,44822,0.112055,152291,0.380727
-41.8,-34.4,400000,44814,0.112035,151572,0.37893
-41.8,-34.2,400000,44658,0.111645,152135,0.380337
-41.8,-34,400000,44580,0.11145,151829,0.379572
-41.8,-33.8,400000,45094,0.112735,151955,0.379887
-41.8,-33.6,400000,44368,0.11092,152135,0.380337
-41.8,-33.4,400000,44642,0.111605,152410,0.381025
-41.8,-33.2,400000,45018,0.112545,152210,0.380525
-41.8,-33,400000,44870,0.112175,152472,0.38118
-41.8,-32.8,400000,45513,0.113782,152015,0.380037
-41.8,-32.6,400000,44772,0.11193,151219,0.378047
-41.8,-32.4,400000,45174,0.112935,151698,0.379245
-41.8,-32.2,400000,44285,0.110713,152288,0.38072
-41.8,-32,400000,44456,0.11114,151290,0.378225
-41.8,-31.8,400000,44602,0.111505,151922,0.379805
-41.8,-31.6,400000,44972,0.11243,151806,0.379515
-41.8,-31.4,400000,45145,0.112863,152540,0.38135
-41.8,-31.2,400000,45105,0.112763,152360,0.3809
-41.8,-31,400000,44423,0.111058,151533,0.378833
-41.8,-30.8,400000,44812,0.11203,152223,0.380557
-41.8,-30.6,400000,44859,0.112147,151714,0.379285
-41.8,-30.4,400000,44685,0.111713,151937,0.379843
-41.8,-30.2,400000,44855,0.112138,151664,0.37916
-41.8,-30,400000,44724,0.11181,152089,0.380223
-41.8,-29.8,400000,44957,0.112393,152312,0.38078
-41.8,-29.6,400000,44463,0.111158,151693,0.379232
-41.8,-29.4,400000,44631,0.111577,151859,0.379648
-41.8,-29.2,400000,44439,0.111098,151780,0.37945
-41.8,-29,400000,44240,0.1106,151246,0.378115
-41.8,-28.8,400000,44987,0.112467,152055,0.380138
-41.8,-28.6,400000,44570,0.111425,151958,0.379895
-41.8,-28.4,400000,44995,0.112488,151980,0.37995
-41.8,-28.2,400000,45116,0.11279,153151,0.382877
-41.8,-28,400000,44682,0.111705,152195,0.380487
-41.8,-27.8,400000,44553,0.111382,151924,0.37981
-41.8,-27.6,400000,44839,0.112098,152397,0.380993
-41.8,-27.4,400000,44802,0.112005,152089,0.380223
-41.8,-27.2,400000,45151,0.112878,151995,0.379987
-41.8,-27,400000,44551,0.111378,151848,0.37962
-41.8,-26.8,400000,45117,0.112793,152181,0.380453
-41.8,-26.6,400000,44439,0.111098,151383,0.378458
-41.8,-26.4,400000,45198,0.112995,152196,0.38049
-41.8,-26.2,400000,44384,0.11096,151689,0.379223
-41.8,-26,400000,44743,0.111857,152141,0.380352
-41.8,-25.8,400000,44842,0.112105,152416,0.38104
-41.8,-25.6,400000,44631,0.111577,152279,0.380698
-41.8,-25.4,400000,44616,0.11154,152352,0.38088
-41.8,-25.2,400000,44559,0.111397,151829,0.379572
-41.8,-25,400000,44927,0.112318,152474,0.381185
-41.8,-24.8,400000,44870,0.112175,151561,0.378902
-41.8,-24.6,400000,44990,0.112475,151926,0.379815
-41.8,-24.4,400000,45181,0.112952,152405,0.381012
-41.8,-24.2,400000,44501,0.111253,151884,0.37971
-41.8,-24,400000,45306,0.113265,152195,0.380487
-41.8,-23.8,400000,45340,0.11335,152438,0.381095
-41.8,-23.6,400000,44526,0.111315,151937,0.379843
-41.8,-23.4,400000,43890,0.109725,151727,0.379317
-41.8,-23.2,400000,44611,0.111528,152201,0.380503
-41.8,-23,400000,45269,0.113172,152086,0.380215
-41.8,-22.8,400000,45262,0.113155,152022,0.380055
-41.8,-22.6,400000,44971,0.112427,151618,0.379045
-41.8,-22.4,400000,45102,0.112755,151742,0.379355
-41.8,-22.2,400000,45144,0.11286,153035,0.382588
-41.8,-22,400000,44776,0.11194,152292,0.38073
-41.8,-21.8,400000,44858,0.112145,151637,0.379092
-41.8,-21.6,400000,45075,0.112687,151946,0.379865
-41.8,-21.4,400000,44570,0.111425,151613,0.379032
-41.8,-21.2,400000,44303,0.110757,152041,0.380103
-41.8,-21,400000,45131,0.112827,152567,0.381418
-41.8,-20.8,400000,44812,0.11203,152058,0.380145
-41.8,-20.6,400000,45222,0.113055,152653,0.381632
-41.8,-20.4,400000,44387,0.110967,151758,0.379395
-41.8,-20.2,400000,44555,0.111388,151832,0.37958
-41.8,-20,400000,44862,0.112155,152386,0.380965
-41.8,-19.8,400000,45064,0.11266,151886,0.379715
-41.8,-19.6,400000,44859,0.112147,151903,0.379758
-41.8,-19.4,400000,44770,0.111925,151273,0.378182
-41.8,-19.2,400000,45257,0.113142,152349,0.380873
-41.8,-19,400000,44434,0.111085,151483,0.378707
-41.8,-18.8,400000,44149,0.110372,151881,0.379702
-41.8,-18.6,400000,44689,0.111723,152102,0.380255
-41.8,-18.4,400000,44441,0.111103,151267,0.378167
-41.8,-18.2,400000,44814,0.112035,151559,0.378897
-41.8,-18,400000,45252,0.11313,151950,0.379875
-41.8,-17.8,400000,44716,0.11179,151852,0.37963
-41.8,-17.6,400000,44714,0.111785,152068,0.38017
-41.8,-17.4,400000,45255,0.113138,152010,0.380025
-41.8,-17.2,400000,45479,0.113698,152846,0.382115
-41.8,-17,400000,45248,0.11312,152456,0.38114
-41.8,-16.8,400000,44933,0.112333,152263,0.380657
-41.8,-16.6,400000,45235,0.113087,152191,0.380478
-41.8,-16.4,400000,44786,0.111965,151861,0.379653
-41.8,-16.2,400000,45577,0.113943,152792,0.38198
-41.8,-16,400000,44569,0.111422,152159,0.380397
-41.8,-15.8,400000,45069,0.112672,152187,0.380468
-41.8,-15.6,400000,44696,0.11174,151744,0.37936
-41.8,-15.4,400000,44788,0.11197,151553,0.378883
-41.8,-15.2,400000,44530,0.111325,152043,0.380107
-41.8,-15,400000,44796,0.11199,152554,0.381385
-41.8,-14.8,400000,44984,0.11246,151832,0.37958
-41.8,-14.6,400000,44971,0.112427,152192,0.38048
-41.8,-14.4,400000,44659,0.111647,151935,0.379837
-41.8,-14.2,400000,44920,0.1123,152013,0.380032
-41.8,-14,400000,45354,0.113385,152464,0.38116
-41.8,-13.8,400000,44571,0.111427,151571,0.378927
-41.8,-13.6,400000,45029,0.112573,152696,0.38174
-41.8,-13.4,400000,44739,0.111848,152068,0.38017
-41.8,-13.2,400000,44901,0.112253,152091,0.380227
-41.8,-13,400000,44118,0.110295,151102,0.377755
-41.8,-12.8,400000,44534,0.111335,152365,0.380912
-41.8,-12.6,400000,45041,0.112602,152503,0.381258
-41.8,-12.4,400000,44768,0.11192,152291,0.380727
-41.8,-12.2,400000,45040,0.1126,152026,0.380065
-41.8,-12,400000,44924,0.11231,152749,0.381873
-41.8,-11.8,400000,44557,0.111393,151879,0.379698
-41.8,-11.6,400000,44373,0.110933,151810,0.379525
-41.8,-11.4,400000,44834,0.112085,152325,0.380812
-41.8,-11.2,400000,45341,0.113352,152034,0.380085
-41.8,-11,400000,44838,0.112095,151967,0.379918
-41.8,-10.8,400000,44698,0.111745,151719,0.379298
-41.8,-10.6,400000,45056,0.11264,152033,0.380082
-41.8,-10.4,400000,44829,0.112073,152307,0.380767
-41.8,-10.2,400000,44607,0.111518,151920,0.3798
-41.8,-10,400000,44597,0.111492,152275,0.380688
-41.8,-9.8,400000,44532,0.11133,152434,0.381085
-41.8,-9.6,400000,44667,0.111668,152257,0.380642
-41.8,-9.4,400000,44289,0.110723,151971,0.379927
-41.8,-9.2,400000,44858,0.112145,151680,0.3792
-41.8,-9,400000,44860,0.11215,152065,0.380163
-41.8,-8.8,400000,44543,0.111357,152008,0.38002
-41.8,-8.6,400000,44504,0.11126,152091,0.380227
-41.8,-8.4,400000,44810,0.112025,151399,0.378497
-41.8,-8.2,400000,44705,0.111763,152273,0.380682
-41.8,-8,400000,44878,0.112195,152933,0.382333
-41.8,-7.8,400000,45306,0.113265,152261,0.380653
-41.8,-7.6,400000,45009,0.112522,152250,0.380625
-41.8,-7.4,400000,44901,0.112253,151839,0.379597
-41.8,-7.2,400000,45005,0.112513,151997,0.379993
-41.8,-7,400000,45161,0.112903,152464,0.38116
-41.8,-6.8,400000,44509,0.111272,152108,0.38027
-41.8,-6.6,400000,44338,0.110845,151780,0.37945
-41.8,-6.4,400000,44746,0.111865,151914,0.379785
-41.8,-6.2,400000,45109,0.112772,152644,0.38161
-41.8,-6,400000,45123,0.112808,152199,0.380497
-41.8,-5.8,400000,44632,0.11158,151952,0.37988
-41.8,-5.6,400000,44830,0.112075,152244,0.38061
-41.8,-5.4,400000,45407,0.113517,152266,0.380665
-41.8,-5.2,400000,45135,0.112837,151712,0.37928
-41.8,-5,400000,44016,0.11004,151580,0.37895
-41.8,-4.8,400000,44256,0.11064,151308,0.37827
-41.8,-4.6,400000,45351,0.113378,152062,0.380155
-41.8,-4.4,400000,44494,0.111235,152066,0.380165
-41.8,-4.2,400000,44833,0.112083,152231,0.380578
-41.8,-4,400000,44631,0.111577,152019,0.380047
-41.8,-3.8,400000,44982,0.112455,151714,0.379285
-41.8,-3.6,400000,44650,0.111625,151748,0.37937
-41.8,-3.4,400000,44803,0.112007,152360,0.3809
-41.8,-3.2,400000,44769,0.111922,152377,0.380943
-41.8,-3,400000,45046,0.112615,152713,0.381783
-41.8,-2.8,400000,44844,0.11211,152062,0.380155
-41.8,-2.6,400000,44846,0.112115,152406,0.381015
-41.8,-2.4,400000,44954,0.112385,152152,0.38038
-41.8,-2.2,400000,45291,0.113227,152480,0.3812
-41.8,-2,400000,45464,0.11366,152685,0.381713
-41.8,-1.8,400000,44747,0.111867,152332,0.38083
-41.8,-1.6,400000,44865,0.112162,152671,0.381678
-41.8,-1.4,400000,44722,0.111805,151918,0.379795
-41.8,-1.2,400000,45048,0.11262,151618,0.379045
-41.8,-1,400000,44843,0.112107,152124,0.38031
-41.8,-0.8,400000,45068,0.11267,152075,0.380188
-41.8,-0.6,400000,44940,0.11235,151703,0.379258
-41.8,-0.4,400000,44722,0.111805,152263,0.380657
-41.8,-0.2,400000,45264,0.11316,152379,0.380947
-41.8,0,400000,44897,0.112242,151855,0.379638
-41.8,0.2,400000,45051,0.112628,151469,0.378673
-41.8,0.4,400000,45012,0.11253,152578,0.381445
-41.8,0.6,400000,45133,0.112833,152515,0.381288
-41.8,0.8,400000,45185,0.112962,152003,0.380007
-41.8,1,400000,44883,0.112208,152511,0.381277
-41.8,1.2,400000,44671,0.111677,151998,0.379995
-41.8,1.4,400000,44789,0.111973,152215,0.380537
-41.8,1.6,400000,44482,0.111205,152109,0.380273
-41.8,1.8,400000,45033,0.112583,152253,0.380632
-41.8,2,400000,45043,0.112607,152117,0.380292
-41.8,2.2,400000,44586,0.111465,151898,0.379745
-41.8,2.4,400000,45083,0.112708,152169,0.380422
-41.8,2.6,400000,44709,0.111772,151476,0.37869
-41.8,2.8,400000,45276,0.11319,152517,0.381292
-41.8,3,400000,45194,0.112985,152276,0.38069
-41.8,3.2,400000,45233,0.113083,151478,0.378695
-41.8,3.4,400000,44857,0.112143,152381,0.380953
-41.8,3.6,400000,45093,0.112732,151777,0.379443
-41.8,3.8,400000,44635,0.111588,152432,0.38108
-41.8,4,400000,45411,0.113528,152028,0.38007
-41.8,4.2,400000,44757,0.111893,152449,0.381122
-41.8,4.4,400000,44475,0.111187,151888,0.37972
-41.8,4.6,400000,44902,0.112255,151935,0.379837
-41.8,4.8,400000,45059,0.112647,152576,0.38144
-41.8,5,400000,45307,0.113267,152710,0.381775
-41.8,5.2,400000,45015,0.112537,151973,0.379933
-41.8,5.4,400000,44604,0.11151,152397,0.380993
-41.8,5.6,400000,44778,0.111945,152184,0.38046
-41.8,5.8,400000,44255,0.110637,151817,0.379543
-41.8,6,400000,44748,0.11187,151860,0.37965
-41.8,6.2,400000,44877,0.112193,152330,0.380825
-41.8,6.4,400000,44665,0.111662,151997,0.379993
-41.8,6.6,400000,45132,0.11283,152206,0.380515
-41.8,6.8,400000,44726,0.111815,152377,0.380943
-41.8,7,400000,44593,0.111482,152176,0.38044
-41.8,7.2,400000,44851,0.112128,152467,0.381167
-41.8,7.4,400000,45056,0.11264,152544,0.38136
-41.8,7.6,400000,44917,0.112293,152267,0.380667
-41.8,7.8,400000,44970,0.112425,152343,0.380858
-41.8,8,400000,45137,0.112842,152372,0.38093
-41.8,8.2,400000,44472,0.11118,151347,0.378368
-41.8,8.4,400000,45048,0.11262,152424,0.38106
-41.8,8.6,400000,44409,0.111022,151753,0.379383
-41.8,8.8,400000,45290,0.113225,152301,0.380752
-41.8,9,400000,44823,0.112058,151275,0.378188
-41.8,9.2,400000,44853,0.112132,151921,0.379802
-41.8,9.4,400000,44773,0.111933,151468,0.37867
-41.8,9.6,400000,44720,0.1118,152457,0.381142
-41.8,9.8,400000,44495,0.111238,152641,0.381603
-41.8,10,400000,44909,0.112272,152613,0.381532
-41.8,10.2,400000,44762,0.111905,151922,0.379805
-41.8,10.4,400000,44716,0.11179,152170,0.380425
-41.8,10.6,400000,44757,0.111893,152411,0.381028
-41.8,10.8,400000,45032,0.11258,152104,0.38026
-41.8,11,400000,44692,0.11173,152008,0.38002
-41.8,11.2,400000,45085,0.112712,152071,0.380178
-41.8,11.4,400000,45011,0.112528,151708,0.37927
-41.8,11.6,400000,45523,0.113808,152032,0.38008
-41.8,11.8,400000,45226,0.113065,152434,0.381085
-41.8,12,400000,44810,0.112025,152638,0.381595
-41.8,12.2,400000,45212,0.11303,151861,0.379653
-41.8,12.4,400000,44403,0.111007,151875,0.379688
-41.8,12.6,400000,44630,0.111575,152202,0.380505
-41.8,12.8,400000,45255,0.113138,152200,0.3805
-41.8,13,400000,44658,0.111645,152382,0.380955
-41.8,13.2,400000,44998,0.112495,152362,0.380905
-41.8,13.4,400000,45254,0.113135,152454,0.381135
-41.8,13.6,400000,44257,0.110643,151463,0.378657
-41.8,13.8,400000,45399,0.113498,152598,0.381495
-41.8,14,400000,44734,0.111835,151980,0.37995
-41.8,14.2,400000,44807,0.112018,151852,0.37963
-41.8,14.4,400000,44709,0.111772,152146,0.380365
-41.8,14.6,400000,45167,0.112918,152174,0.380435
-41.8,14.8,400000,44907,0.112268,152248,0.38062
-41.8,15,400000,44874,0.112185,152459,0.381147
-41.8,15.2,400000,45088,0.11272,152605,0.381512
-41.8,15.4,400000,44907,0.112268,152384,0.38096
-41.8,15.6,400000,44592,0.11148,152027,0.380068
-41.8,15.8,400000,45436,0.11359,152554,0.381385
-41.8,16,400000,44920,0.1123,151710,0.379275
-41.8,16.2,400000,44756,0.11189,152187,0.380468
-41.8,16.4,400000,44145,0.110363,152007,0.380018
-41.8,16.6,400000,44823,0.112058,151462,0.378655
-41.8,16.8,400000,44640,0.1116,152218,0.380545
-41.8,17,400000,44492,0.11123,151405,0.378512
-41.8,17.2,400000,44856,0.11214,152345,0.380862
-41.8,17.4,400000,44801,0.112003,152244,0.38061
-41.8,17.6,400000,44804,0.11201,151811,0.379528
-41.8,17.8,400000,44529,0.111323,151902,0.379755
-41.8,18,400000,44836,0.11209,151904,0.37976
-41.8,18.2,400000,45045,0.112613,151953,0.379883
-41.8,18.4,400000,44978,0.112445,152236,0.38059
-41.8,18.6,400000,45347,0.113367,152783,0.381958
-41.8,18.8,400000,45326,0.113315,152171,0.380427
-41.8,19,400000,45051,0.112628,151831,0.379578
-41.8,19.2,400000,44528,0.11132,152000,0.38
-41.8,19.4,400000,45312,0.11328,152352,0.38088
-41.8,19.6,400000,44940,0.11235,152108,0.38027
-41.8,19.8,400000,44638,0.111595,152510,0.381275
-41.8,20,400000,44653,0.111632,152376,0.38094
-41.8,20.2,400000,44554,0.111385,151227,0.378068
-41.8,20.4,400000,44599,0.111497,151388,0.37847
-41.8,20.6,400000,44614,0.111535,151934,0.379835
-41.8,20.8,400000,44641,0.111602,152834,0.382085
-41.8,21,400000,44278,0.110695,152127,0.380317
-41.8,21.2,400000,44459,0.111147,151724,0.37931
-41.8,21.4,400000,44734,0.111835,151487,0.378717
-41.8,21.6,400000,44556,0.11139,151648,0.37912
-41.8,21.8,400000,44995,0.112488,151901,0.379752
-41.8,22,400000,44406,0.111015,151856,0.37964
-41.8,22.2,400000,45002,0.112505,151916,0.37979
-41.8,22.4,400000,44873,0.112183,152163,0.380408
-41.8,22.6,400000,45132,0.11283,152475,0.381188
-41.8,22.8,400000,44829,0.112073,152284,0.38071
-41.8,23,400000,44978,0.112445,152425,0.381063
-41.8,23.2,400000,45019,0.112547,152387,0.380968
-41.8,23.4,400000,45024,0.11256,152138,0.380345
-41.8,23.6,400000,44721,0.111802,152316,0.38079
-41.8,23.8,400000,44362,0.110905,151889,0.379723
-41.8,24,400000,44534,0.111335,152277,0.380692
-41.8,24.2,400000,44723,0.111808,152063,0.380157
-41.8,24.4,400000,44544,0.11136,151587,0.378968
-41.8,24.6,400000,44705,0.111763,151330,0.378325
-41.8,24.8,400000,45021,0.112552,153145,0.382862
-41.8,25,400000,44551,0.111378,151682,0.379205
-41.8,25.2,400000,44980,0.11245,152045,0.380113
-41.8,25.4,400000,44620,0.11155,151707,0.379267
-41.8,25.6,400000,45203,0.113007,152474,0.381185
-41.8,25.8,400000,44773,0.111933,152448,0.38112
-41.8,26,400000,44917,0.112293,151905,0.379763
-41.8,26.2,400000,44305,0.110762,152052,0.38013
-41.8,26.4,400000,45045,0.112613,151584,0.37896
-41.8,26.6,400000,44892,0.11223,151973,0.379933
-41.8,26.8,400000,45095,0.112738,151936,0.37984
-41.8,27,400000,44734,0.111835,152204,0.38051
-41.8,27.2,400000,44917,0.112293,152588,0.38147
-41.8,27.4,400000,45353,0.113382,152159,0.380397
-41.8,27.6,400000,44948,0.11237,152452,0.38113
-41.8,27.8,400000,44904,0.11226,151573,0.378933
-41.8,28,400000,44900,0.11225,152578,0.381445
-41.8,28.2,400000,44475,0.111187,152022,0.380055
-41.8,28.4,400000,44692,0.11173,151607,0.379018
-41.8,28.6,400000,44522,0.111305,152089,0.380223
-41.8,28.8,400000,44878,0.112195,152002,0.380005
-41.8,29,400000,44536,0.11134,152345,0.380862
-41.8,29.2,400000,44990,0.112475,152636,0.38159
-41.8,29.4,400000,44758,0.111895,152016,0.38004
-41.8,29.6,400000,44734,0.111835,152336,0.38084
-41.8,29.8,400000,44743,0.111857,151899,0.379748
-41.8,30,400000,44831,0.112077,151963,0.379908
-41.8,30.2,400000,44954,0.112385,151795,0.379487
-41.8,30.4,400000,45134,0.112835,152716,0.38179
-41.8,30.6,400000,44980,0.11245,152079,0.380198
-41.8,30.8,400000,44389,0.110973,151660,0.37915
-41.8,31,400000,45227,0.113068,152314,0.380785
-41.8,31.2,400000,44921,0.112302,152188,0.38047
-41.8,31.4,400000,44881,0.112202,151860,0.37965
-41.8,31.6,400000,44748,0.11187,152226,0.380565
-41.8,31.8,400000,44644,0.11161,152293,0.380732
-41.8,32,400000,44733,0.111833,151705,0.379263
-41.8,32.2,400000,44865,0.112162,151896,0.37974
-41.8,32.4,400000,45048,0.11262,152683,0.381707
-41.8,32.6,400000,44899,0.112248,152144,0.38036
-41.8,32.8,400000,44842,0.112105,152400,0.381
-41.8,33,400000,45331,0.113327,152533,0.381333
-41.8,33.2,400000,45221,0.113053,152484,0.38121
-41.8,33.4,400000,44911,0.112278,151685,0.379213
-41.8,33.6,400000,44388,0.11097,151578,0.378945
-41.8,33.8,400000,45135,0.112837,152578,0.381445
-41.8,34,400000,44971,0.112427,151925,0.379812
-41.8,34.2,400000,44726,0.111815,151771,0.379427
-41.8,34.4,400000,44918,0.112295,152405,0.381012
-41.8,34.6,400000,44754,0.111885,152158,0.380395
-41.8,34.8,400000,44889,0.112223,151892,0.37973
-41.8,35,400000,45370,0.113425,151992,0.37998
-41.8,35.2,400000,44951,0.112378,151930,0.379825
-41.8,35.4,400000,44833,0.112083,152100,0.38025
-41.8,35.6,400000,45087,0.112717,151471,0.378678
-41.8,35.8,400000,44814,0.112035,152184,0.38046
-41.8,36,400000,45011,0.112528,151738,0.379345
-41.8,36.2,400000,44740,0.11185,152017,0.380043
-41.8,36.4,400000,44585,0.111463,152060,0.38015
-41.8,36.6,400000,45088,0.11272,152201,0.380503
-41.8,36.8,400000,44905,0.112263,151464,0.37866
-41.8,37,400000,44715,0.111787,152121,0.380302
-41.8,37.2,400000,45112,0.11278,152554,0.381385
-41.8,37.4,400000,45004,0.11251,152287,0.380717
-41.8,37.6,400000,44319,0.110797,152454,0.381135
-41.8,37.8,400000,45094,0.112735,152161,0.380402
-41.8,38,400000,45085,0.112712,152610,0.381525
-41.8,38.2,400000,45337,0.113342,152412,0.38103
-41.8,38.4,400000,44574,0.111435,152358,0.380895
-41.8,38.6,400000,45118,0.112795,152892,0.38223
-41.8,38.8,400000,44642,0.111605,152161,0.380402
-41.8,39,400000,45157,0.112893,151925,0.379812
-41.8,39.2,400000,44970,0.112425,151834,0.379585
-41.8,39.4,400000,44790,0.111975,152016,0.38004
-41.8,39.6,400000,45007,0.112518,152196,0.38049
-41.8,39.8,400000,44787,0.111967,152161,0.380402
-41.8,40,400000,44495,0.111238,150946,0.377365
-41.8,40.2,400000,44953,0.112382,152057,0.380142
-41.8,40.4,400000,45019,0.112547,152494,0.381235
-41.8,40.6,400000,44981,0.112452,151656,0.37914
-41.8,40.8,400000,44564,0.11141,152300,0.38075
-41.8,41,400000,44585,0.111463,151864,0.37966
-41.8,41.2,400000,44606,0.111515,152283,0.380707
-41.8,41.4,400000,44574,0.111435,151967,0.379918
-41.8,41.6,400000,44956,0.11239,152490,0.381225
-41.8,41.8,400000,44297,0.110742,151451,0.378628
-41.8,42,400000,44921,0.112302,151853,0.379632
-41.8,42.2,400000,44796,0.11199,151913,0.379783
-41.8,42.4,400000,45096,0.11274,152622,0.381555
-41.8,42.6,400000,44956,0.11239,152354,0.380885
-41.8,42.8,400000,44653,0.111632,152199,0.380497
-41.8,43,400000,44998,0.112495,151239,0.378097
-41.8,43.2,400000,44936,0.11234,151857,0.379642
-41.8,43.4,400000,45108,0.11277,152458,0.381145
-41.8,43.6,400000,45043,0.112607,151794,0.379485
-41.8,43.8,400000,44795,0.111988,151604,0.37901
-41.8,44,400000,44575,0.111437,151993,0.379983
-41.8,44.2,400000,44904,0.11226,151983,0.379958
-41.8,44.4,400000,44022,0.110055,151523,0.378808
-41.8,44.6,400000,44857,0.112143,151670,0.379175
-41.8,44.8,400000,44335,0.110838,151587,0.378968
-41.8,45,400000,45013,0.112532,152311,0.380777
-41.8,45.2,400000,43936,0.10984,151256,0.37814
-41.8,45.4,400000,44660,0.11165,152533,0.381333
-41.8,45.6,400000,44928,0.11232,152182,0.380455
-41.8,45.8,400000,44909,0.112272,152057,0.380142
-41.8,46,400000,45369,0.113422,152725,0.381812
-41.8,46.2,400000,44293,0.110732,151784,0.37946
-41.8,46.4,400000,44725,0.111812,152134,0.380335
-41.8,46.6,400000,44774,0.111935,151996,0.37999
-41.8,46.8,400000,45395,0.113488,152404,0.38101
-41.8,47,400000,44645,0.111613,152126,0.380315
-41.8,47.2,400000,44383,0.110958,152211,0.380528
-41.8,47.4,400000,44702,0.111755,151674,0.379185
-41.8,47.6,400000,44554,0.111385,151860,0.37965
-41.8,47.8,400000,44770,0.111925,151890,0.379725
-41.8,48,400000,44519,0.111297,151446,0.378615
-41.8,48.2,400000,44525,0.111312,151479,0.378698
-41.8,48.4,400000,44896,0.11224,151954,0.379885
-41.8,48.6,400000,44645,0.111613,151935,0.379837
-41.8,48.8,400000,44606,0.111515,151445,0.378613
-41.8,49,400000,44581,0.111452,151740,0.37935
-41.8,49.2,400000,44749,0.111872,152076,0.38019
-41.8,49.4,400000,44920,0.1123,151880,0.3797
-41.8,49.6,400000,44327,0.110817,151922,0.379805
-41.8,49.8,400000,45025,0.112562,152839,0.382097
-41.8,50,400000,45312,0.11328,152441,0.381103
-41.6,-50,400000,45317,0.113293,152309,0.380773
-41.6,-49.8,400000,44467,0.111168,152399,0.380997
-41.6,-49.6,400000,45023,0.112558,151478,0.378695
-41.6,-49.4,400000,45122,0.112805,151830,0.379575
-41.6,-49.2,400000,44753,0.111882,151793,0.379483
-41.6,-49,400000,45047,0.112617,151605,0.379012
-41.6,-48.8,400000,44480,0.1112,151618,0.379045
-41.6,-48.6,400000,45048,0.11262,152494,0.381235
-41.6,-48.4,400000,44774,0.111935,152055,0.380138
-41.6,-48.2,400000,44471,0.111177,151673,0.379182
-41.6,-48,400000,44478,0.111195,152196,0.38049
-41.6,-47.8,400000,44802,0.112005,152280,0.3807
-41.6,-47.6,400000,44913,0.112282,152049,0.380122
-41.6,-47.4,400000,44684,0.11171,152408,0.38102
-41.6,-47.2,400000,44920,0.1123,151423,0.378557
-41.6,-47,400000,44554,0.111385,151367,0.378418
-41.6,-46.8,400000,45015,0.112537,151869,0.379673
-41.6,-46.6,400000,44817,0.112043,151508,0.37877
-41.6,-46.4,400000,44851,0.112128,152237,0.380593
-41.6,-46.2,400000,44860,0.11215,152679,0.381698
-41.6,-46,400000,45255,0.113138,152266,0.380665
-41.6,-45.8,400000,45278,0.113195,152378,0.380945
-41.6,-45.6,400000,44645,0.111613,152138,0.380345
-41.6,-45.4,400000,44590,0.111475,151790,0.379475
-41.6,-45.2,400000,44760,0.1119,151894,0.379735
-41.6,-45,400000,45284,0.11321,151998,0.379995
-41.6,-44.8,400000,45308,0.11327,152061,0.380153
-41.6,-44.6,400000,45161,0.112903,151957,0.379893
-41.6,-44.4,400000,44976,0.11244,152272,0.38068
-41.6,-44.2,400000,45318,0.113295,152784,0.38196
-41.6,-44,400000,45051,0.112628,152296,0.38074
-41.6,-43.8,400000,44970,0.112425,151938,0.379845
-41.6,-43.6,400000,45108,0.11277,152189,0.380472
-41.6,-43.4,400000,45172,0.11293,152048,0.38012
-41.6,-43.2,400000,44863,0.112157,152358,0.380895
-41.6,-43,400000,44759,0.111897,152222,0.380555
-41.6,-42.8,400000,44484,0.11121,152454,0.381135
-41.6,-42.6,400000,45146,0.112865,151988,0.37997
-41.6,-42.4,400000,44767,0.111918,152720,0.3818
-41.6,-42.2,400000,44782,0.111955,152598,0.381495
-41.6,-42,400000,45063,0.112657,152551,0.381377
-41.6,-41.8,400000,45469,0.113672,152199,0.380497
-41.6,-41.6,400000,44671,0.111677,152544,0.38136
-41.6,-41.4,400000,44401,0.111003,151842,0.379605
-41.6,-41.2,400000,44755,0.111888,151876,0.37969
-41.6,-41,400000,45023,0.112558,152349,0.380873
-41.6,-40.8,400000,45185,0.112962,152846,0.382115
-41.6,-40.6,400000,44977,0.112443,151713,0.379283
-41.6,-40.4,400000,45288,0.11322,152944,0.38236
-41.6,-40.2,400000,44897,0.112242,152144,0.38036
-41.6,-40,400000,44486,0.111215,151983,0.379958
-41.6,-39.8,400000,45311,0.113278,152081,0.380202
-41.6,-39.6,400000,44850,0.112125,151823,0.379557
-41.6,-39.4,400000,44054,0.110135,151095,0.377738
-41.6,-39.2,400000,45259,0.113147,152041,0.380103
-41.6,-39,400000,45523,0.113808,152150,0.380375
-41.6,-38.8,400000,44547,0.111367,152173,0.380433
-41.6,-38.6,400000,44595,0.111488,151534,0.378835
-41.6,-38.4,400000,43870,0.109675,151575,0.378937
-41.6,-38.2,400000,44707,0.111768,152272,0.38068
-41.6,-38,400000,45116,0.11279,151830,0.379575
-41.6,-37.8,400000,44836,0.11209,152260,0.38065
-41.6,-37.6,400000,44580,0.11145,151764,0.37941
-41.6,-37.4,400000,44920,0.1123,152022,0.380055
-41.6,-37.2,400000,44625,0.111562,151716,0.37929
-41.6,-37,400000,45116,0.11279,152261,0.380653
-41.6,-36.8,400000,44819,0.112047,151831,0.379578
-41.6,-36.6,400000,44362,0.110905,151878,0.379695
-41.6,-36.4,400000,44607,0.111518,151813,0.379532
-41.6,-36.2,400000,44752,0.11188,151767,0.379418
-41.6,-36,400000,45074,0.112685,151903,0.379758
-41.6,-35.8,400000,45202,0.113005,152537,0.381342
-41.6,-35.6,400000,44914,0.112285,151284,0.37821
-41.6,-35.4,400000,45130,0.112825,152266,0.380665
-41.6,-35.2,400000,44574,0.111435,152004,0.38001
-41.6,-35,400000,44847,0.112117,152116,0.38029
-41.6,-34.8,400000,44393,0.110982,152016,0.38004
-41.6,-34.6,400000,44673,0.111683,151783,0.379458
-41.6,-34.4,400000,44585,0.111463,151598,0.378995
-41.6,-34.2,400000,45104,0.11276,152255,0.380638
-41.6,-34,400000,44574,0.111435,151964,0.37991
-41.6,-33.8,400000,44871,0.112177,152036,0.38009
-41.6,-33.6,400000,44884,0.11221,152065,0.380163
-41.6,-33.4,400000,44934,0.112335,151859,0.379648
-41.6,-33.2,400000,44839,0.112098,152373,0.380933
-41.6,-33,400000,45106,0.112765,152397,0.380993
-41.6,-32.8,400000,45114,0.112785,152496,0.38124
-41.6,-32.6,400000,44664,0.11166,151697,0.379242
-41.6,-32.4,400000,44790,0.111975,151998,0.379995
-41.6,-32.2,400000,44737,0.111842,151913,0.379783
-41.6,-32,400000,44917,0.112293,151906,0.379765
-41.6,-31.8,400000,45080,0.1127,152189,0.380472
-41.6,-31.6,400000,44605,0.111513,151971,0.379927
-41.6,-31.4,400000,45047,0.112617,152151,0.380377
-41.6,-31.2,400000,44976,0.11244,152391,0.380978
-41.6,-31,400000,44724,0.11181,152163,0.380408
-41.6,-30.8,400000,44485,0.111213,151675,0.379188
-41.6,-30.6,400000,44971,0.112427,152606,0.381515
-41.6,-30.4,400000,44842,0.112105,152033,0.380082
-41.6,-30.2,400000,45089,0.112723,152253,0.380632
-41.6,-30,400000,44426,0.111065,151677,0.379192
-41.6,-29.8,400000,44464,0.11116,151995,0.379987
-41.6,-29.6,400000,44211,0.110528,151388,0.37847
-41.6,-29.4,400000,44873,0.112183,152138,0.380345
-41.6,-29.2,400000,44976,0.11244,152338,0.380845
-41.6,-29,400000,44404,0.11101,151720,0.3793
-41.6,-28.8,400000,44890,0.112225,151986,0.379965
-41.6,-28.6,400000,44541,0.111352,152038,0.380095
-41.6,-28.4,400000,45127,0.112818,152477,0.381192
-41.6,-28.2,400000,45073,0.112683,152169,0.380422
-41.6,-28,400000,45264,0.11316,152166,0.380415
-41.6,-27.8,400000,44701,0.111753,151540,0.37885
-41.6,-27.6,400000,44865,0.112162,152134,0.380335
-41.6,-27.4,400000,44562,0.111405,152141,0.380352
-41.6,-27.2,400000,44544,0.11136,151809,0.379522
-41.6,-27,400000,44831,0.112077,152203,0.380507
-41.6,-26.8,400000,45023,0.112558,152735,0.381837
-41.6,-26.6,400000,44734,0.111835,152158,0.380395
-41.6,-26.4,400000,44575,0.111437,151981,0.379953
-41.6,-26.2,400000,45035,0.112587,152297,0.380742
-41.6,-26,400000,44837,0.112092,151751,0.379377
-41.6,-25.8,400000,44462,0.111155,151708,0.37927
-41.6,-25.6,400000,44785,0.111963,152081,0.380202
-41.6,-25.4,400000,44729,0.111823,152232,0.38058
-41.6,-25.2,400000,44851,0.112128,151976,0.37994
-41.6,-25,400000,44777,0.111943,151532,0.37883
-41.6,-24.8,400000,44420,0.11105,152535,0.381337
-41.6,-24.6,400000,45353,0.113382,152322,0.380805
-41.6,-24.4,400000,44740,0.11185,152217,0.380543
-41.6,-24.2,400000,44667,0.111668,151652,0.37913
-41.6,-24,400000,44848,0.11212,151229,0.378072
-41.6,-23.8,400000,44614,0.111535,151813,0.379532
-41.6,-23.6,400000,44682,0.111705,151687,0.379217
-41.6,-23.4,400000,45094,0.112735,152669,0.381673
-41.6,-23.2,400000,44661,0.111653,152076,0.38019
-41.6,-23,400000,44672,0.11168,151979,0.379947
-41.6,-22.8,400000,44566,0.111415,151844,0.37961
-41.6,-22.6,400000,45215,0.113037,152445,0.381113
-41.6,-22.4,400000,44597,0.111492,151968,0.37992
-41.6,-22.2,400000,44568,0.11142,151981,0.379953
-41.6,-22,400000,44711,0.111778,152412,0.38103
-41.6,-21.8,400000,44875,0.112187,152481,0.381202
-41.6,-21.6,400000,44954,0.112385,152444,0.38111
-41.6,-21.4,400000,45040,0.1126,151541,0.378852
-41.6,-21.2,400000,45065,0.112662,151816,0.37954
-41.6,-21,400000,44934,0.112335,152984,0.38246
-41.6,-20.8,400000,44811,0.112028,151690,0.379225
-41.6,-20.6,400000,43977,0.109942,151624,0.37906
-41.6,-20.4,400000,44595,0.111488,152549,0.381373
-41.6,-20.2,400000,44689,0.111723,151876,0.37969
-41.6,-20,400000,44596,0.11149,152671,0.381678
-41.6,-19.8,400000,44896,0.11224,152347,0.380868
-41.6,-19.6,400000,44703,0.111757,152041,0.380103
-41.6,-19.4,400000,44781,0.111952,151746,0.379365
-41.6,-19.2,400000,44806,0.112015,151912,0.37978
-41.6,-19,400000,45159,0.112897,152467,0.381167
-41.6,-18.8,400000,45029,0.112573,152248,0.38062
-41.6,-18.6,400000,44235,0.110588,151800,0.3795
-41.6,-18.4,400000,44712,0.11178,151620,0.37905
-41.6,-18.2,400000,44610,0.111525,151814,0.379535
-41.6,-18,400000,44713,0.111783,152048,0.38012
-41.6,-17.8,400000,44574,0.111435,152296,0.38074
-41.6,-17.6,400000,44323,0.110808,151815,0.379538
-41.6,-17.4,400000,45279,0.113198,151890,0.379725
-41.6,-17.2,400000,45005,0.112513,151945,0.379862
-41.6,-17,400000,44910,0.112275,152093,0.380232
-41.6,-16.8,400000,44751,0.111878,152362,0.380905
-41.6,-16.6,400000,45170,0.112925,152793,0.381983
-41.6,-16.4,400000,44829,0.112073,151570,0.378925
-41.6,-16.2,400000,44530,0.111325,152087,0.380217
-41.6,-16,400000,44994,0.112485,152495,0.381238
-41.6,-15.8,400000,45148,0.11287,152697,0.381742
-41.6,-15.6,400000,44366,0.110915,151744,0.37936
-41.6,-15.4,400000,45038,0.112595,153005,0.382512
-41.6,-15.2,400000,45091,0.112727,152228,0.38057
-41.6,-15,400000,44603,0.111507,151640,0.3791
-41.6,-14.8,400000,45025,0.112562,152738,0.381845
-41.6,-14.6,400000,44531,0.111327,151410,0.378525
-41.6,-14.4,400000,44767,0.111918,151938,0.379845
-41.6,-14.2,400000,44665,0.111662,151614,0.379035
-41.6,-14,400000,45468,0.11367,153320,0.3833
-41.6,-13.8,400000,44858,0.112145,152301,0.380752
-41.6,-13.6,400000,45050,0.112625,152932,0.38233
-41.6,-13.4,400000,45275,0.113187,152693,0.381732
-41.6,-13.2,400000,44761,0.111903,151787,0.379468
-41.6,-13,400000,44083,0.110207,151758,0.379395
-41.6,-12.8,400000,44855,0.112138,151846,0.379615
-41.6,-12.6,400000,44782,0.111955,151816,0.37954
-41.6,-12.4,400000,45080,0.1127,152098,0.380245
-41.6,-12.2,400000,44743,0.111857,151566,0.378915
-41.6,-12,400000,44248,0.11062,151986,0.379965
-41.6,-11.8,400000,45229,0.113073,152563,0.381408
-41.6,-11.6,400000,44430,0.111075,152106,0.380265
-41.6,-11.4,400000,45170,0.112925,152062,0.380155
-41.6,-11.2,400000,45303,0.113257,152340,0.38085
-41.6,-11,400000,44625,0.111562,152187,0.380468
-41.6,-10.8,400000,44989,0.112473,152739,0.381848
-41.6,-10.6,400000,44658,0.111645,152064,0.38016
-41.6,-10.4,400000,44535,0.111338,151445,0.378613
-41.6,-10.2,400000,45319,0.113297,152622,0.381555
-41.6,-10,400000,45083,0.112708,152707,0.381767
-41.6,-9.8,400000,44874,0.112185,151586,0.378965
-41.6,-9.6,400000,44587,0.111467,152003,0.380007
-41.6,-9.4,400000,44504,0.11126,151297,0.378242
-41.6,-9.2,400000,44943,0.112357,151492,0.37873
-41.6,-9,400000,44727,0.111818,152068,0.38017
-41.6,-8.8,400000,44448,0.11112,152362,0.380905
-41.6,-8.6,400000,44558,0.111395,151903,0.379758
-41.6,-8.4,400000,45003,0.112507,151746,0.379365
-41.6,-8.2,400000,44533,0.111333,152152,0.38038
-41.6,-8,400000,44802,0.112005,151830,0.379575
-41.6,-7.8,400000,45331,0.113327,152165,0.380412
-41.6,-7.6,400000,44573,0.111433,152084,0.38021
-41.6,-7.4,400000,45654,0.114135,152407,0.381018
-41.6,-7.2,400000,44776,0.11194,151933,0.379833
-41.6,-7,400000,44929,0.112323,152679,0.381698
-41.6,-6.8,400000,44733,0.111833,152036,0.38009
-41.6,-6.6,400000,44795,0.111988,152410,0.381025
-41.6,-6.4,400000,44877,0.112193,152240,0.3806
-41.6,-6.2,400000,44834,0.112085,152306,0.380765
-41.6,-6,400000,44846,0.112115,152637,0.381593
-41.6,-5.8,400000,44772,0.11193,151971,0.379927
-41.6,-5.6,400000,44967,0.112418,151982,0.379955
-41.6,-5.4,400000,44839,0.112098,152591,0.381478
-41.6,-5.2,400000,45055,0.112638,152296,0.38074
-41.6,-5,400000,45042,0.112605,152009,0.380022
-41.6,-4.8,400000,45113,0.112782,152985,0.382462
-41.6,-4.6,400000,44733,0.111833,151999,0.379997
-41.6,-4.4,400000,44259,0.110647,151384,0.37846
-41.6,-4.2,400000,45163,0.112907,151852,0.37963
-41.6,-4,400000,44612,0.11153,151636,0.37909
-41.6,-3.8,400000,44959,0.112397,152307,0.380767
-41.6,-3.6,400000,44961,0.112403,152247,0.380617
-41.6,-3.4,400000,45595,0.113988,152135,0.380337
-41.6,-3.2,400000,44942,0.112355,152186,0.380465
-41.6,-3,400000,44809,0.112022,152569,0.381422
-41.6,-2.8,400000,45039,0.112598,151741,0.379352
-41.6,-2.6,400000,44646,0.111615,151493,0.378733
-41.6,-2.4,400000,44795,0.111988,152230,0.380575
-41.6,-2.2,400000,44938,0.112345,152190,0.380475
-41.6,-2,400000,44566,0.111415,151262,0.378155
-41.6,-1.8,400000,44381,0.110952,152133,0.380333
-41.6,-1.6,400000,44546,0.111365,151734,0.379335
-41.6,-1.4,400000,44088,0.11022,152334,0.380835
-41.6,-1.2,400000,44784,0.11196,152207,0.380518
-41.6,-1,400000,45128,0.11282,151716,0.37929
-41.6,-0.8,400000,45175,0.112937,152612,0.38153
-41.6,-0.6,400000,45085,0.112712,151947,0.379868
-41.6,-0.4,400000,44315,0.110787,151932,0.37983
-41.6,-0.2,400000,44778,0.111945,152053,0.380132
-41.6,0,400000,44661,0.111653,152398,0.380995
-41.6,0.2,400000,44831,0.112077,152225,0.380563
-41.6,0.4,400000,44768,0.11192,152102,0.380255
-41.6,0.6,400000,44773,0.111933,152050,0.380125
-41.6,0.8,400000,44691,0.111727,152369,0.380922
-41.6,1,400000,45243,0.113107,152871,0.382178
-41.6,1.2,400000,44235,0.110588,151809,0.379522
-41.6,1.4,400000,44697,0.111742,152381,0.380953
-41.6,1.6,400000,45308,0.11327,152571,0.381427
-41.6,1.8,400000,45238,0.113095,152259,0.380648
-41.6,2,400000,44568,0.11142,151979,0.379947
-41.6,2.2,400000,45023,0.112558,152422,0.381055
-41.6,2.4,400000,45171,0.112928,152613,0.381532
-41.6,2.6,400000,44966,0.112415,152340,0.38085
-41.6,2.8,400000,45305,0.113263,152589,0.381472
-41.6,3,400000,44923,0.112308,152218,0.380545
-41.6,3.2,400000,44454,0.111135,151682,0.379205
-41.6,3.4,400000,45017,0.112543,151810,0.379525
-41.6,3.6,400000,44969,0.112422,151687,0.379217
-41.6,3.8,400000,44902,0.112255,151720,0.3793
-41.6,4,400000,45294,0.113235,151902,0.379755
-41.6,4.2,400000,44898,0.112245,152469,0.381173
-41.6,4.4,400000,44922,0.112305,152086,0.380215
-41.6,4.6,400000,44677,0.111693,152051,0.380128
-41.6,4.8,400000,44438,0.111095,152021,0.380053
-41.6,5,400000,44443,0.111107,151630,0.379075
-41.6,5.2,400000,45171,0.112928,152296,0.38074
-41.6,5.4,400000,44502,0.111255,151569,0.378922
-41.6,5.6,400000,44664,0.11166,151657,0.379142
-41.6,5.8,400000,44739,0.111848,151862,0.379655
-41.6,6,400000,44879,0.112198,152583,0.381458
-41.6,6.2,400000,45056,0.11264,152722,0.381805
-41.6,6.4,400000,45053,0.112632,151807,0.379518
-41.6,6.6,400000,44752,0.11188,152534,0.381335
-41.6,6.8,400000,44982,0.112455,151818,0.379545
-41.6,7,400000,44238,0.110595,151819,0.379547
-41.6,7.2,400000,45030,0.112575,152483,0.381207
-41.6,7.4,400000,44987,0.112467,152846,0.382115
-41.6,7.6,400000,44577,0.111442,151811,0.379528
-41.6,7.8,400000,45126,0.112815,152110,0.380275
-41.6,8,400000,44668,0.11167,152055,0.380138
-41.6,8.2,400000,44706,0.111765,152020,0.38005
-41.6,8.4,400000,44811,0.112028,151903,0.379758
-41.6,8.6,400000,44955,0.112388,152145,0.380362
-41.6,8.8,400000,44894,0.112235,151815,0.379538
-41.6,9,400000,44880,0.1122,152071,0.380178
-41.6,9.2,400000,44859,0.112147,151542,0.378855
-41.6,9.4,400000,44814,0.112035,152052,0.38013
-41.6,9.6,400000,44639,0.111598,152380,0.38095
-41.6,9.8,400000,44534,0.111335,150915,0.377287
-41.6,10,400000,44477,0.111192,151881,0.379702
-41.6,10.2,400000,45033,0.112583,152442,0.381105
-41.6,10.4,400000,44990,0.112475,152185,0.380462
-41.6,10.6,400000,44564,0.11141,151705,0.379263
-41.6,10.8,400000,45085,0.112712,153060,0.38265
-41.6,11,400000,44807,0.112018,152180,0.38045
-41.6,11.2,400000,44647,0.111617,151898,0.379745
-41.6,11.4,400000,45143,0.112857,151914,0.379785
-41.6,11.6,400000,44842,0.112105,152119,0.380298
-41.6,11.8,400000,44740,0.11185,151975,0.379937
-41.6,12,400000,45008,0.11252,152328,0.38082
-41.6,12.2,400000,45033,0.112583,152004,0.38001
-41.6,12.4,400000,45224,0.11306,152410,0.381025
-41.6,12.6,400000,45624,0.11406,152897,0.382242
-41.6,12.8,400000,44470,0.111175,151210,0.378025
-41.6,13,400000,44221,0.110552,151840,0.3796
-41.6,13.2,400000,45069,0.112672,152325,0.380812
-41.6,13.4,400000,44814,0.112035,152197,0.380493
-41.6,13.6,400000,45012,0.11253,152755,0.381887
-41.6,13.8,400000,44886,0.112215,151496,0.37874
-41.6,14,400000,44726,0.111815,152384,0.38096
-41.6,14.2,400000,44506,0.111265,152803,0.382007
-41.6,14.4,400000,44840,0.1121,152124,0.38031
-41.6,14.6,400000,44476,0.11119,152061,0.380153
-41.6,14.8,400000,44501,0.111253,151522,0.378805
-41.6,15,400000,45001,0.112503,152067,0.380167
-41.6,15.2,400000,44618,0.111545,151825,0.379563
-41.6,15.4,400000,44420,0.11105,151915,0.379788
-41.6,15.6,400000,44506,0.111265,152295,0.380738
-41.6,15.8,400000,44565,0.111412,151543,0.378858
-41.6,16,400000,44959,0.112397,152492,0.38123
-41.6,16.2,400000,44875,0.112187,152140,0.38035
-41.6,16.4,400000,45256,0.11314,151556,0.37889
-41.6,16.6,400000,44739,0.111848,152537,0.381342
-41.6,16.8,400000,44448,0.11112,152297,0.380742
-41.6,17,400000,44897,0.112242,151576,0.37894
-41.6,17.2,400000,44792,0.11198,152028,0.38007
-41.6,17.4,400000,44440,0.1111,151830,0.379575
-41.6,17.6,400000,44824,0.11206,152368,0.38092
-41.6,17.8,400000,45298,0.113245,153009,0.382522
-41.6,18,400000,44698,0.111745,152248,0.38062
-41.6,18.2,400000,45125,0.112812,152038,0.380095
-41.6,18.4,400000,44103,0.110257,151535,0.378837
-41.6,18.6,400000,45305,0.113263,152063,0.380157
-41.6,18.8,400000,44771,0.111927,151551,0.378877
-41.6,19,400000,45102,0.112755,152502,0.381255
-41.6,19.2,400000,44725,0.111812,151606,0.379015
-41.6,19.4,400000,44512,0.11128,152097,0.380242
-41.6,19.6,400000,45115,0.112787,152019,0.380047
-41.6,19.8,400000,44842,0.112105,151929,0.379823
-41.6,20,400000,44586,0.111465,151258,0.378145
-41.6,20.2,400000,44717,0.111793,151983,0.379958
-41.6,20.4,400000,45076,0.11269,152609,0.381522
-41.6,20.6,400000,44923,0.112308,152391,0.380978
-41.6,20.8,400000,44776,0.11194,152354,0.380885
-41.6,21,400000,44714,0.111785,151617,0.379043
-41.6,21.2,400000,45149,0.112873,152579,0.381447
-41.6,21.4,400000,44710,0.111775,151907,0.379767
-41.6,21.6,400000,45170,0.112925,152549,0.381373
-41.6,21.8,400000,45159,0.112897,152414,0.381035
-41.6,22,400000,44486,0.111215,151942,0.379855
-41.6,22.2,400000,45251,0.113128,152197,0.380493
-41.6,22.4,400000,44674,0.111685,152352,0.38088
-41.6,22.6,400000,45167,0.112918,152478,0.381195
-41.6,22.8,400000,45382,0.113455,152311,0.380777
-41.6,23,400000,45211,0.113028,151603,0.379007
-41.6,23.2,400000,44811,0.112028,152466,0.381165
-41.6,23.4,400000,44764,0.11191,151787,0.379468
-41.6,23.6,400000,45121,0.112802,152087,0.380217
-41.6,23.8,400000,44922,0.112305,152504,0.38126
-41.6,24,400000,44739,0.111848,151913,0.379783
-41.6,24.2,400000,45404,0.11351,151866,0.379665
-41.6,24.4,400000,44997,0.112492,152086,0.380215
-41.6,24.6,400000,45417,0.113543,151988,0.37997
-41.6,24.8,400000,44600,0.1115,152270,0.380675
-41.6,25,400000,45281,0.113202,152408,0.38102
-41.6,25.2,400000,44887,0.112217,151905,0.379763
-41.6,25.4,400000,44725,0.111812,151853,0.379632
-41.6,25.6,400000,44880,0.1122,152402,0.381005
-41.6,25.8,400000,44515,0.111287,151491,0.378727
-41.6,26,400000,44584,0.11146,152094,0.380235
-41.6,26.2,400000,44716,0.11179,151788,0.37947
-41.6,26.4,400000,44784,0.11196,151883,0.379707
-41.6,26.6,400000,45003,0.112507,152126,0.380315
-41.6,26.8,400000,45257,0.113142,152694,0.381735
-41.6,27,400000,44636,0.11159,152476,0.38119
-41.6,27.2,400000,45252,0.11313,152490,0.381225
-41.6,27.4,400000,44911,0.112278,152485,0.381213
-41.6,27.6,400000,44812,0.11203,151930,0.379825
-41.6,27.8,400000,44921,0.112302,151770,0.379425
-41.6,28,400000,45153,0.112882,151769,0.379422
-41.6,28.2,400000,44838,0.112095,152201,0.380503
-41.6,28.4,400000,45075,0.112687,152496,0.38124
-41.6,28.6,400000,44583,0.111458,152253,0.380632
-41.6,28.8,400000,44733,0.111833,151568,0.37892
-41.6,29,400000,45070,0.112675,152132,0.38033
-41.6,29.2,400000,44740,0.11185,152225,0.380563
-41.6,29.4,400000,44819,0.112047,152140,0.38035
-41.6,29.6,400000,44874,0.112185,151873,0.379682
-41.6,29.8,400000,44962,0.112405,152019,0.380047
-41.6,30,400000,44939,0.112348,152717,0.381792
-41.6,30.2,400000,44945,0.112363,152186,0.380465
-41.6,30.4,400000,44849,0.112122,152492,0.38123
-41.6,30.6,400000,44609,0.111522,152201,0.380503
-41.6,30.8,400000,45159,0.112897,151930,0.379825
-41.6,31,400000,44876,0.11219,152235,0.380588
-41.6,31.2,400000,45294,0.113235,152072,0.38018
-41.6,31.4,400000,44622,0.111555,151707,0.379267
-41.6,31.6,400000,44849,0.112122,152292,0.38073
-41.6,31.8,400000,44986,0.112465,152432,0.38108
-41.6,32,400000,45419,0.113547,152517,0.381292
-41.6,32.2,400000,44346,0.110865,151768,0.37942
-41.6,32.4,400000,44198,0.110495,152110,0.380275
-41.6,32.6,400000,44785,0.111963,152459,0.381147
-41.6,32.8,400000,44683,0.111708,152621,0.381553
-41.6,33,400000,44885,0.112213,152129,0.380323
-41.6,33.2,400000,45120,0.1128,151862,0.379655
-41.6,33.4,400000,45078,0.112695,152098,0.380245
-41.6,33.6,400000,44250,0.110625,151663,0.379157
-41.6,33.8,400000,45183,0.112958,152437,0.381093
-41.6,34,400000,44991,0.112477,152131,0.380327
-41.6,34.2,400000,44896,0.11224,151667,0.379167
-41.6,34.4,400000,45232,0.11308,152020,0.38005
-41.6,34.6,400000,44821,0.112052,151824,0.37956
-41.6,34.8,400000,44918,0.112295,152306,0.380765
-41.6,35,400000,45170,0.112925,152713,0.381783
-41.6,35.2,400000,45218,0.113045,151897,0.379742
-41.6,35.4,400000,44693,0.111732,152265,0.380663
-41.6,35.6,400000,45139,0.112848,152249,0.380622
-41.6,35.8,400000,44765,0.111912,152083,0.380207
-41.6,36,400000,44810,0.112025,151910,0.379775
-41.6,36.2,400000,44448,0.11112,151583,0.378958
-41.6,36.4,400000,44987,0.112467,151799,0.379497
-41.6,36.6,400000,44631,0.111577,151995,0.379987
-41.6,36.8,400000,44763,0.111907,152409,0.381022
-41.6,37,400000,45148,0.11287,152415,0.381037
-41.6,37.2,400000,44908,0.11227,152163,0.380408
-41.6,37.4,400000,44212,0.11053,151450,0.378625
-41.6,37.6,400000,45032,0.11258,152108,0.38027
-41.6,37.8,400000,44938,0.112345,151982,0.379955
-41.6,38,400000,44986,0.112465,152176,0.38044
-41.6,38.2,400000,44304,0.11076,151268,0.37817
-41.6,38.4,400000,44848,0.11212,151930,0.379825
-41.6,38.6,400000,45124,0.11281,152138,0.380345
-41.6,38.8,400000,44841,0.112102,151644,0.37911
-41.6,39,400000,44976,0.11244,152271,0.380678
-41.6,39.2,400000,45145,0.112863,151886,0.379715
-41.6,39.4,400000,45172,0.11293,152350,0.380875
-41.6,39.6,400000,45000,0.1125,152179,0.380447
-41.6,39.8,400000,44569,0.111422,151377,0.378443
-41.6,40,400000,44250,0.110625,151809,0.379522
-41.6,40.2,400000,45406,0.113515,152389,0.380972
-41.6,40.4,400000,44808,0.11202,151677,0.379192
-41.6,40.6,400000,45269,0.113172,152476,0.38119
-41.6,40.8,400000,44483,0.111208,152405,0.381012
-41.6,41,400000,44927,0.112318,152028,0.38007
-41.6,41.2,400000,45648,0.11412,152544,0.38136
-41.6,41.4,400000,44419,0.111047,151917,0.379792
-41.6,41.6,400000,44948,0.11237,152336,0.38084
-41.6,41.8,400000,44715,0.111787,152039,0.380097
-41.6,42,400000,44294,0.110735,151542,0.378855
-41.6,42.2,400000,44735,0.111838,151721,0.379302
-41.6,42.4,400000,45247,0.113117,151797,0.379493
-41.6,42.6,400000,44857,0.112143,152106,0.380265
-41.6,42.8,400000,44864,0.11216,151967,0.379918
-41.6,43,400000,44996,0.11249,152291,0.380727
-41.6,43.2,400000,45229,0.113073,152290,0.380725
-41.6,43.4,400000,44861,0.112153,152125,0.380312
-41.6,43.6,400000,44954,0.112385,152178,0.380445
-41.6,43.8,400000,44687,0.111717,151980,0.37995
-41.6,44,400000,44705,0.111763,152061,0.380153
-41.6,44.2,400000,44594,0.111485,151738,0.379345
-41.6,44.4,400000,44716,0.11179,152215,0.380537
-41.6,44.6,400000,44697,0.111742,152081,0.380202
-41.6,44.8,400000,44777,0.111943,152322,0.380805
-41.6,45,400000,44993,0.112482,152419,0.381047
-41.6,45.2,400000,44642,0.111605,151655,0.379138
-41.6,45.4,400000,45003,0.112507,152148,0.38037
-41.6,45.6,400000,44943,0.112357,152249,0.380622
-41.6,45.8,400000,44974,0.112435,151730,0.379325
-41.6,46,400000,44421,0.111052,152216,0.38054
-41.6,46.2,400000,44766,0.111915,151601,0.379003
-41.6,46.4,400000,44997,0.112492,153260,0.38315
-41.6,46.6,400000,43964,0.10991,150991,0.377478
-41.6,46.8,400000,44780,0.11195,152026,0.380065
-41.6,47,400000,44377,0.110942,151492,0.37873
-41.6,47.2,400000,44805,0.112013,152235,0.380588
-41.6,47.4,400000,44858,0.112145,151514,0.378785
-41.6,47.6,400000,44510,0.111275,151676,0.37919
-41.6,47.8,400000,44522,0.111305,152673,0.381682
-41.6,48,400000,44666,0.111665,151902,0.379755
-41.6,48.2,400000,44827,0.112068,152242,0.380605
-41.6,48.4,400000,44697,0.111742,151931,0.379827
-41.6,48.6,400000,45322,0.113305,152104,0.38026
-41.6,48.8,400000,44973,0.112433,152189,0.380472
-41.6,49,400000,44433,0.111083,151781,0.379453
-41.6,49.2,400000,44255,0.110637,151108,0.37777
-41.6,49.4,400000,44957,0.112393,151889,0.379723
-41.6,49.6,400000,44651,0.111628,152078,0.380195
-41.6,49.8,400000,45078,0.112695,151464,0.37866
-41.6,50,400000,45225,0.113062,152343,0.380858
-41.4,-50,400000,44815,0.112037,151842,0.379605
-41.4,-49.8,400000,44428,0.11107,151975,0.379937
-41.4,-49.6,400000,45003,0.112507,151708,0.37927
-41.4,-49.4,400000,44849,0.112122,152102,0.380255
-41.4,-49.2,400000,44800,0.112,151863,0.379657
-41.4,-49,400000,45032,0.11258,151931,0.379827
-41.4,-48.8,400000,44920,0.1123,152682,0.381705
-41.4,-48.6,400000,44668,0.11167,151802,0.379505
-41.4,-48.4,400000,45191,0.112977,152263,0.380657
-41.4,-48.2,400000,44776,0.11194,152496,0.38124
-41.4,-48,400000,44563,0.111408,151635,0.379088
-41.4,-47.8,400000,44443,0.111107,152334,0.380835
-41.4,-47.6,400000,45005,0.112513,152390,0.380975
-41.4,-47.4,400000,44474,0.111185,152232,0.38058
-41.4,-47.2,400000,45476,0.11369,152458,0.381145
-41.4,-47,400000,44611,0.111528,152113,0.380283
-41.4,-46.8,400000,44956,0.11239,152304,0.38076
-41.4,-46.6,400000,45403,0.113507,152009,0.380022
-41.4,-46.4,400000,44557,0.111393,151980,0.37995
-41.4,-46.2,400000,45121,0.112802,152366,0.380915
-41.4,-46,400000,44824,0.11206,151812,0.37953
-41.4,-45.8,400000,44793,0.111982,152161,0.380402
-41.4,-45.6,400000,44443,0.111107,151522,0.378805
-41.4,-45.4,400000,44646,0.111615,151588,0.37897
-41.4,-45.2,400000,45087,0.112717,152146,0.380365
-41.4,-45,400000,44551,0.111378,151786,0.379465
-41.4,-44.8,400000,44619,0.111547,151999,0.379997
-41.4,-44.6,400000,44699,0.111747,151722,0.379305
-41.4,-44.4,400000,45138,0.112845,151672,0.37918
-41.4,-44.2,400000,45403,0.113507,153198,0.382995
-41.4,-44,400000,44842,0.112105,151957,0.379893
-41.4,-43.8,400000,44790,0.111975,151804,0.37951
-41.4,-43.6,400000,45330,0.113325,152131,0.380327
-41.4,-43.4,400000,45033,0.112583,151847,0.379617
-41.4,-43.2,400000,44537,0.111342,152627,0.381568
-41.4,-43,400000,45388,0.11347,152546,0.381365
-41.4,-42.8,400000,45127,0.112818,152384,0.38096
-41.4,-42.6,400000,44680,0.1117,151930,0.379825
-41.4,-42.4,400000,44784,0.11196,152174,0.380435
-41.4,-42.2,400000,44594,0.111485,151301,0.378252
-41.4,-42,400000,44831,0.112077,152076,0.38019
-41.4,-41.8,400000,44574,0.111435,152100,0.38025
-41.4,-41.6,400000,44603,0.111507,151771,0.379427
-41.4,-41.4,400000,44301,0.110753,151369,0.378422
-41.4,-41.2,400000,44750,0.111875,151270,0.378175
-41.4,-41,400000,44561,0.111403,151435,0.378588
-41.4,-40.8,400000,44555,0.111388,151384,0.37846
-41.4,-40.6,400000,44846,0.112115,152214,0.380535
-41.4,-40.4,400000,44437,0.111092,151800,0.3795
-41.4,-40.2,400000,45096,0.11274,152535,0.381337
-41.4,-40,400000,44964,0.11241,151716,0.37929
-41.4,-39.8,400000,44651,0.111628,151922,0.379805
-41.4,-39.6,400000,44732,0.11183,152238,0.380595
-41.4,-39.4,400000,45005,0.112513,152063,0.380157
-41.4,-39.2,400000,44991,0.112477,152292,0.38073
-41.4,-39,400000,44793,0.111982,152210,0.380525
-41.4,-38.8,400000,44776,0.11194,151751,0.379377
-41.4,-38.6,400000,45014,0.112535,152224,0.38056
-41.4,-38.4,400000,45053,0.112632,151921,0.379802
-41.4,-38.2,400000,45118,0.112795,152653,0.381632
-41.4,-38,400000,44882,0.112205,151690,0.379225
-41.4,-37.8,400000,44864,0.11216,152194,0.380485
-41.4,-37.6,400000,44583,0.111458,151636,0.37909
-41.4,-37.4,400000,45194,0.112985,152302,0.380755
-41.4,-37.2,400000,44337,0.110842,151499,0.378748
-41.4,-37,400000,44692,0.11173,152534,0.381335
-41.4,-36.8,400000,44992,0.11248,151936,0.37984
-41.4,-36.6,400000,44845,0.112113,152152,0.38038
-41.4,-36.4,400000,45438,0.113595,152808,0.38202
-41.4,-36.2,400000,44957,0.112393,152243,0.380607
-41.4,-36,400000,45310,0.113275,151757,0.379393
-41.4,-35.8,400000,45244,0.11311,152512,0.38128
-41.4,-35.6,400000,45420,0.11355,152332,0.38083
-41.4,-35.4,400000,44927,0.112318,152329,0.380823
-41.4,-35.2,400000,44977,0.112443,152427,0.381068
-41.4,-35,400000,44723,0.111808,151807,0.379518
-41.4,-34.8,400000,44670,0.111675,152292,0.38073
-41.4,-34.6,400000,44911,0.112278,151256,0.37814
-41.4,-34.4,400000,44653,0.111632,151864,0.37966
-41.4,-34.2,400000,44903,0.112257,151732,0.37933
-41.4,-34,400000,44943,0.112357,151709,0.379273
-41.4,-33.8,400000,44975,0.112437,152343,0.380858
-41.4,-33.6,400000,44792,0.11198,152166,0.380415
-41.4,-33.4,400000,44855,0.112138,152216,0.38054
-41.4,-33.2,400000,44780,0.11195,152333,0.380833
-41.4,-33,400000,45094,0.112735,152318,0.380795
-41.4,-32.8,400000,44859,0.112147,152053,0.380132
-41.4,-32.6,400000,44924,0.11231,151951,0.379877
-41.4,-32.4,400000,45021,0.112552,152052,0.38013
-41.4,-32.2,400000,44537,0.111342,152437,0.381093
-41.4,-32,400000,45214,0.113035,152114,0.380285
-41.4,-31.8,400000,44936,0.11234,152171,0.380427
-41.4,-31.6,400000,45173,0.112933,152023,0.380057
-41.4,-31.4,400000,44581,0.111452,151823,0.379557
-41.4,-31.2,400000,44965,0.112412,151656,0.37914
-41.4,-31,400000,44383,0.110958,151973,0.379933
-41.4,-30.8,400000,45164,0.11291,152426,0.381065
-41.4,-30.6,400000,44623,0.111558,152201,0.380503
-41.4,-30.4,400000,44405,0.111013,151452,0.37863
-41.4,-30.2,400000,44761,0.111903,152156,0.38039
-41.4,-30,400000,44212,0.11053,151359,0.378397
-41.4,-29.8,400000,44733,0.111833,152255,0.380638
-41.4,-29.6,400000,45126,0.112815,152245,0.380613
-41.4,-29.4,400000,44796,0.11199,151706,0.379265
-41.4,-29.2,400000,45160,0.1129,152390,0.380975
-41.4,-29,400000,44594,0.111485,152339,0.380848
-41.4,-28.8,400000,44862,0.112155,151969,0.379922
-41.4,-28.6,400000,44926,0.112315,152056,0.38014
-41.4,-28.4,400000,44434,0.111085,152546,0.381365
-41.4,-28.2,400000,44687,0.111717,152007,0.380018
-41.4,-28,400000,44591,0.111477,151606,0.379015
-41.4,-27.8,400000,44998,0.112495,151795,0.379487
-41.4,-27.6,400000,44874,0.112185,152189,0.380472
-41.4,-27.4,400000,44588,0.11147,151903,0.379758
-41.4,-27.2,400000,44430,0.111075,151619,0.379047
-41.4,-27,400000,45130,0.112825,151877,0.379692
-41.4,-26.8,400000,44907,0.112268,151902,0.379755
-41.4,-26.6,400000,44707,0.111768,151720,0.3793
-41.4,-26.4,400000,45222,0.113055,152623,0.381557
-41.4,-26.2,400000,45174,0.112935,152726,0.381815
-41.4,-26,400000,44640,0.1116,151743,0.379358
-41.4,-25.8,400000,45002,0.112505,152423,0.381057
-41.4,-25.6,400000,44727,0.111818,152682,0.381705
-41.4,-25.4,400000,44667,0.111668,152312,0.38078
-41.4,-25.2,400000,44891,0.112227,151767,0.379418
-41.4,-25,400000,44692,0.11173,152487,0.381217
-41.4,-24.8,400000,45216,0.11304,151970,0.379925
-41.4,-24.6,400000,44536,0.11134,151966,0.379915
-41.4,-24.4,400000,44762,0.111905,151910,0.379775
-41.4,-24.2,400000,44755,0.111888,152281,0.380702
-41.4,-24,400000,44763,0.111907,152047,0.380117
-41.4,-23.8,400000,44447,0.111117,151707,0.379267
-41.4,-23.6,400000,45037,0.112592,152949,0.382373
-41.4,-23.4,400000,45032,0.11258,151453,0.378632
-41.4,-23.2,400000,45268,0.11317,152442,0.381105
-41.4,-23,400000,44949,0.112373,151778,0.379445
-41.4,-22.8,400000,44220,0.11055,151669,0.379173
-41.4,-22.6,400000,44571,0.111427,151629,0.379072
-41.4,-22.4,400000,45238,0.113095,152587,0.381468
-41.4,-22.2,400000,44864,0.11216,152514,0.381285
-41.4,-22,400000,44872,0.11218,151980,0.37995
-41.4,-21.8,400000,44936,0.11234,151609,0.379022
-41.4,-21.6,400000,44878,0.112195,151988,0.37997
-41.4,-21.4,400000,44696,0.11174,152009,0.380022
-41.4,-21.2,400000,44442,0.111105,151638,0.379095
-41.4,-21,400000,44769,0.111922,152407,0.381018
-41.4,-20.8,400000,44350,0.110875,152270,0.380675
-41.4,-20.6,400000,44666,0.111665,152198,0.380495
-41.4,-20.4,400000,44868,0.11217,152088,0.38022
-41.4,-20.2,400000,44439,0.111098,152118,0.380295
-41.4,-20,400000,44941,0.112352,152637,0.381593
-41.4,-19.8,400000,44478,0.111195,151723,0.379308
-41.4,-19.6,400000,45290,0.113225,152453,0.381132
-41.4,-19.4,400000,44929,0.112323,152691,0.381727
-41.4,-19.2,400000,45302,0.113255,152737,0.381842
-41.4,-19,400000,44275,0.110687,151843,0.379607
-41.4,-18.8,400000,44973,0.112433,152411,0.381028
-41.4,-18.6,400000,44324,0.11081,151897,0.379742
-41.4,-18.4,400000,44830,0.112075,151932,0.37983
-41.4,-18.2,400000,44635,0.111588,152077,0.380192
-41.4,-18,400000,44862,0.112155,152686,0.381715
-41.4,-17.8,400000,45050,0.112625,151793,0.379483
-41.4,-17.6,400000,45493,0.113733,152719,0.381798
-41.4,-17.4,400000,44325,0.110812,151909,0.379773
-41.4,-17.2,400000,45061,0.112653,152414,0.381035
-41.4,-17,400000,44306,0.110765,151447,0.378617
-41.4,-16.8,400000,44711,0.111778,152146,0.380365
-41.4,-16.6,400000,44798,0.111995,152383,0.380958
-41.4,-16.4,400000,44587,0.111467,152195,0.380487
-41.4,-16.2,400000,45285,0.113212,152195,0.380487
-41.4,-16,400000,44593,0.111482,152267,0.380667
-41.4,-15.8,400000,45283,0.113208,152750,0.381875
-41.4,-15.6,400000,45163,0.112907,151632,0.37908
-41.4,-15.4,400000,44989,0.112473,152025,0.380063
-41.4,-15.2,400000,44664,0.11166,152177,0.380443
-41.4,-15,400000,44826,0.112065,151966,0.379915
-41.4,-14.8,400000,44818,0.112045,152508,0.38127
-41.4,-14.6,400000,44785,0.111963,151990,0.379975
-41.4,-14.4,400000,44737,0.111842,152235,0.380588
-41.4,-14.2,400000,44684,0.11171,152143,0.380358
-41.4,-14,400000,44705,0.111763,151664,0.37916
-41.4,-13.8,400000,44585,0.111463,151783,0.379458
-41.4,-13.6,400000,44881,0.112202,151963,0.379908
-41.4,-13.4,400000,45006,0.112515,152507,0.381267
-41.4,-13.2,400000,44334,0.110835,151503,0.378758
-41.4,-13,400000,44744,0.11186,152005,0.380012
-41.4,-12.8,400000,45005,0.112513,152060,0.38015
-41.4,-12.6,400000,44432,0.11108,152247,0.380617
-41.4,-12.4,400000,45021,0.112552,152006,0.380015
-41.4,-12.2,400000,44735,0.111838,151986,0.379965
-41.4,-12,400000,44970,0.112425,151756,0.37939
-41.4,-11.8,400000,44959,0.112397,152263,0.380657
-41.4,-11.6,400000,44528,0.11132,151697,0.379242
-41.4,-11.4,400000,45382,0.113455,152454,0.381135
-41.4,-11.2,400000,45248,0.11312,151987,0.379968
-41.4,-11,400000,44337,0.110842,151855,0.379638
-41.4,-10.8,400000,45227,0.113068,152744,0.38186
-41.4,-10.6,400000,44463,0.111158,151445,0.378613
-41.4,-10.4,400000,44937,0.112342,151366,0.378415
-41.4,-10.2,400000,44664,0.11166,152014,0.380035
-41.4,-10,400000,44893,0.112232,152093,0.380232
-41.4,-9.8,400000,44858,0.112145,152577,0.381443
-41.4,-9.6,400000,44892,0.11223,152003,0.380007
-41.4,-9.4,400000,44699,0.111747,152130,0.380325
-41.4,-9.2,400000,44726,0.111815,151907,0.379767
-41.4,-9,400000,45473,0.113683,152528,0.38132
-41.4,-8.8,400000,44927,0.112318,152022,0.380055
-41.4,-8.6,400000,44465,0.111162,151898,0.379745
-41.4,-8.4,400000,45247,0.113117,152212,0.38053
-41.4,-8.2,400000,44315,0.110787,151568,0.37892
-41.4,-8,400000,44799,0.111997,152185,0.380462
-41.4,-7.8,400000,45008,0.11252,152058,0.380145
-41.4,-7.6,400000,44178,0.110445,151794,0.379485
-41.4,-7.4,400000,44924,0.11231,152027,0.380068
-41.4,-7.2,400000,44914,0.112285,151945,0.379862
-41.4,-7,400000,44660,0.11165,152302,0.380755
-41.4,-6.8,400000,45073,0.112683,152611,0.381528
-41.4,-6.6,400000,44616,0.11154,151896,0.37974
-41.4,-6.4,400000,44747,0.111867,152418,0.381045
-41.4,-6.2,400000,44574,0.111435,152184,0.38046
-41.4,-6,400000,44922,0.112305,152228,0.38057
-41.4,-5.8,400000,45018,0.112545,152672,0.38168
-41.4,-5.6,400000,44482,0.111205,151999,0.379997
-41.4,-5.4,400000,44875,0.112187,151680,0.3792
-41.4,-5.2,400000,44717,0.111793,151801,0.379503
-41.4,-5,400000,45016,0.11254,152220,0.38055
-41.4,-4.8,400000,44678,0.111695,151861,0.379653
-41.4,-4.6,400000,45012,0.11253,152429,0.381072
-41.4,-4.4,400000,44720,0.1118,151675,0.379188
-41.4,-4.2,400000,44524,0.11131,151447,0.378617
-41.4,-4,400000,44166,0.110415,151743,0.379358
-41.4,-3.8,400000,44968,0.11242,151796,0.37949
-41.4,-3.6,400000,45375,0.113437,152349,0.380873
-41.4,-3.4,400000,44891,0.112227,151921,0.379802
-41.4,-3.2,400000,44443,0.111107,152273,0.380682
-41.4,-3,400000,44971,0.112427,151963,0.379908
-41.4,-2.8,400000,44786,0.111965,151725,0.379312
-41.4,-2.6,400000,44786,0.111965,152236,0.38059
-41.4,-2.4,400000,44602,0.111505,151562,0.378905
-41.4,-2.2,400000,45070,0.112675,152458,0.381145
-41.4,-2,400000,44668,0.11167,151854,0.379635
-41.4,-1.8,400000,44731,0.111827,151928,0.37982
-41.4,-1.6,400000,44822,0.112055,152342,0.380855
-41.4,-1.4,400000,44552,0.11138,151831,0.379578
-41.4,-1.2,400000,45175,0.112937,152263,0.380657
-41.4,-1,400000,44601,0.111503,151126,0.377815
-41.4,-0.8,400000,44890,0.112225,151934,0.379835
-41.4,-0.6,400000,44913,0.112282,152492,0.38123
-41.4,-0.4,400000,44934,0.112335,152158,0.380395
-41.4,-0.2,400000,45377,0.113443,152656,0.38164
-41.4,0,400000,44185,0.110463,151874,0.379685
-41.4,0.2,400000,44733,0.111833,151851,0.379628
-41.4,0.4,400000,44783,0.111958,152647,0.381617
-41.4,0.6,400000,45269,0.113172,152120,0.3803
-41.4,0.8,400000,45052,0.11263,152536,0.38134
-41.4,1,400000,44465,0.111162,152117,0.380292
-41.4,1.2,400000,44321,0.110802,151167,0.377918
-41.4,1.4,400000,44745,0.111863,152015,0.380037
-41.4,1.6,400000,44552,0.11138,151982,0.379955
-41.4,1.8,400000,44626,0.111565,151374,0.378435
-41.4,2,400000,44629,0.111573,152425,0.381063
-41.4,2.2,400000,45151,0.112878,152046,0.380115
-41.4,2.4,400000,44905,0.112263,152163,0.380408
-41.4,2.6,400000,44654,0.111635,152513,0.381283
-41.4,2.8,400000,45060,0.11265,152037,0.380092
-41.4,3,400000,44699,0.111747,151925,0.379812
-41.4,3.2,400000,44640,0.1116,151934,0.379835
-41.4,3.4,400000,44793,0.111982,152435,0.381088
-41.4,3.6,400000,44884,0.11221,152070,0.380175
-41.4,3.8,400000,44994,0.112485,152172,0.38043
-41.4,4,400000,44692,0.11173,152102,0.380255
-41.4,4.2,400000,44668,0.11167,151957,0.379893
-41.4,4.4,400000,45599,0.113998,152467,0.381167
-41.4,4.6,400000,44904,0.11226,151810,0.379525
-41.4,4.8,400000,45010,0.112525,152636,0.38159
-41.4,5,400000,44817,0.112043,152311,0.380777
-41.4,5.2,400000,45092,0.11273,152495,0.381238
-41.4,5.4,400000,44777,0.111943,151949,0.379873
-41.4,5.6,400000,44982,0.112455,151978,0.379945
-41.4,5.8,400000,45020,0.11255,151809,0.379522
-41.4,6,400000,44788,0.11197,151580,0.37895
-41.4,6.2,400000,44668,0.11167,151630,0.379075
-41.4,6.4,400000,44371,0.110927,151797,0.379493
-41.4,6.6,400000,45184,0.11296,152417,0.381043
-41.4,6.8,400000,44823,0.112058,151779,0.379447
-41.4,7,400000,45165,0.112912,151946,0.379865
-41.4,7.2,400000,44379,0.110948,151849,0.379622
-41.4,7.4,400000,44677,0.111693,152081,0.380202
-41.4,7.6,400000,45289,0.113223,151775,0.379437
-41.4,7.8,400000,45129,0.112823,152424,0.38106
-41.4,8,400000,44738,0.111845,152163,0.380408
-41.4,8.2,400000,45218,0.113045,152179,0.380447
-41.4,8.4,400000,44522,0.111305,151823,0.379557
-41.4,8.6,400000,44677,0.111693,151963,0.379908
-41.4,8.8,400000,44602,0.111505,152262,0.380655
-41.4,9,400000,44970,0.112425,152116,0.38029
-41.4,9.2,400000,44569,0.111422,152037,0.380092
-41.4,9.4,400000,44528,0.11132,151993,0.379983
-41.4,9.6,400000,44664,0.11166,151642,0.379105
-41.4,9.8,400000,44554,0.111385,151910,0.379775
-41.4,10,400000,44811,0.112028,151555,0.378887
-41.4,10.2,400000,45560,0.1139,152370,0.380925
-41.4,10.4,400000,44505,0.111263,152073,0.380182
-41.4,10.6,400000,45245,0.113113,152438,0.381095
-41.4,10.8,400000,44487,0.111217,151928,0.37982
-41.4,11,400000,44975,0.112437,151856,0.37964
-41.4,11.2,400000,45121,0.112802,152273,0.380682
-41.4,11.4,400000,44887,0.112217,152280,0.3807
-41.4,11.6,400000,45447,0.113617,152409,0.381022
-41.4,11.8,400000,44818,0.112045,152465,0.381163
-41.4,12,400000,44810,0.112025,151920,0.3798
-41.4,12.2,400000,45069,0.112672,152487,0.381217
-41.4,12.4,400000,45023,0.112558,152192,0.38048
-41.4,12.6,400000,44435,0.111088,152071,0.380178
-41.4,12.8,400000,45277,0.113193,152937,0.382342
-41.4,13,400000,45309,0.113272,152167,0.380418
-41.4,13.2,400000,44604,0.11151,151973,0.379933
-41.4,13.4,400000,45120,0.1128,152157,0.380393
-41.4,13.6,400000,44961,0.112403,151625,0.379063
-41.4,13.8,400000,44635,0.111588,152012,0.38003
-41.4,14,400000,45310,0.113275,152641,0.381603
-41.4,14.2,400000,44603,0.111507,152356,0.38089
-41.4,14.4,400000,44771,0.111927,151762,0.379405
-41.4,14.6,400000,45109,0.112772,152339,0.380848
-41.4,14.8,400000,44652,0.11163,151709,0.379273
-41.4,15,400000,45037,0.112592,152175,0.380437
-41.4,15.2,400000,44832,0.11208,152258,0.380645
-41.4,15.4,400000,44755,0.111888,151857,0.379642
-41.4,15.6,400000,44736,0.11184,152399,0.380997
-41.4,15.8,400000,45250,0.113125,152478,0.381195
-41.4,16,400000,44988,0.11247,151556,0.37889
-41.4,16.2,400000,44622,0.111555,151583,0.378958
-41.4,16.4,400000,45122,0.112805,152298,0.380745
-41.4,16.6,400000,44972,0.11243,152104,0.38026
-41.4,16.8,400000,44857,0.112143,152226,0.380565
-41.4,17,400000,44975,0.112437,152024,0.38006
-41.4,17.2,400000,45115,0.112787,152583,0.381458
-41.4,17.4,400000,44573,0.111433,151875,0.379688
-41.4,17.6,400000,45177,0.112943,152597,0.381493
-41.4,17.8,400000,45045,0.112613,152184,0.38046
-41.4,18,400000,45123,0.112808,152317,0.380792
-41.4,18.2,400000,44802,0.112005,152215,0.380537
-41.4,18.4,400000,44987,0.112467,151581,0.378953
-41.4,18.6,400000,44818,0.112045,152525,0.381312
-41.4,18.8,400000,44798,0.111995,151560,0.3789
-41.4,19,400000,44843,0.112107,152319,0.380798
-41.4,19.2,400000,44724,0.11181,151570,0.378925
-41.4,19.4,400000,44733,0.111833,152190,0.380475
-41.4,19.6,400000,44756,0.11189,152380,0.38095
-41.4,19.8,400000,44254,0.110635,151956,0.37989
-41.4,20,400000,44589,0.111473,151875,0.379688
-41.4,20.2,400000,44921,0.112302,152216,0.38054
-41.4,20.4,400000,44920,0.1123,152175,0.380437
-41.4,20.6,400000,44850,0.112125,152130,0.380325
-41.4,20.8,400000,45250,0.113125,152470,0.381175
-41.4,21,400000,44930,0.112325,152235,0.380588
-41.4,21.2,400000,45311,0.113278,152393,0.380983
-41.4,21.4,400000,44713,0.111783,152323,0.380808
-41.4,21.6,400000,44668,0.11167,151957,0.379893
-41.4,21.8,400000,44520,0.1113,152134,0.380335
-41.4,22,400000,44622,0.111555,151765,0.379412
-41.4,22.2,400000,45129,0.112823,152237,0.380593
-41.4,22.4,400000,45299,0.113248,151975,0.379937
-41.4,22.6,400000,44811,0.112028,152185,0.380462
-41.4,22.8,400000,44762,0.111905,152081,0.380202
-41.4,23,400000,45269,0.113172,152566,0.381415
-41.4,23.2,400000,45213,0.113032,153022,0.382555
-41.4,23.4,400000,44728,0.11182,151952,0.37988
-41.4,23.6,400000,44741,0.111852,152023,0.380057
-41.4,23.8,400000,44505,0.111263,152020,0.38005
