x,y,detectorID,nPrimary,roiCounts,normalizedCounts,flux,normalizedFlux
-20,-14,0,100000,26,0.00026,68,0.00068
-20,-14,1,100000,40,0.0004,78,0.00078
-20,-14,2,100000,43,0.00043,75,0.00075
-20,-14,3,100000,39,0.00039,76,0.00076
-20,-14,4,100000,24,0.00024,71,0.00071
-20,-14,5,100000,30,0.0003,72,0.00072
-20,-13,0,100000,24,0.00024,74,0.00074
-20,-13,1,100000,21,0.00021,58,0.00058
-20,-13,2,100000,28,0.00028,68,0.00068
-20,-13,3,100000,38,0.00038,66,0.00066
-20,-13,4,100000,24,0.00024,70,0.0007
-20,-13,5,100000,18,0.00018,86,0.00086
-20,-12,0,100000,30,0.0003,72,0.00072
-20,-12,1,100000,22,0.00022,62,0.00062
-20,-12,2,100000,40,0.0004,84,0.00084
-20,-12,3,100000,29,0.00029,74,0.00074
-20,-12,4,100000,16,0.00016,73,0.00073
-20,-12,5,100000,22,0.00022,70,0.0007
-20,-11,0,100000,32,0.00032,83,0.00083
-20,-11,1,100000,54,0.00054,102,0.00102
-20,-11,2,100000,24,0.00024,73,0.00073
-20,-11,3,100000,55,0.00055,81,0.00081
-20,-11,4,100000,26,0.00026,71,0.00071
-20,-11,5,100000,42,0.00042,80,0.0008
-20,-10,0,100000,30,0.0003,75,0.00075
-20,-10,1,100000,28,0.00028,84,0.00084
-20,-10,2,100000,36,0.00036,89,0.00089
-20,-10,3,100000,29,0.00029,62,0.00062
-20,-10,4,100000,34,0.00034,72,0.00072
-20,-10,5,100000,35,0.00035,70,0.0007
-20,-9,0,100000,26,0.00026,72,0.00072
-20,-9,1,100000,20,0.0002,83,0.00083
-20,-9,2,100000,32,0.00032,76,0.00076
-20,-9,3,100000,35,0.00035,72,0.00072
-20,-9,4,100000,35,0.00035,85,0.00085
-20,-9,5,100000,28,0.00028,70,0.0007
-20,-8,0,100000,27,0.00027,70,0.0007
-20,-8,1,100000,35,0.00035,85,0.00085
-20,-8,2,100000,23,0.00023,66,0.00066
-20,-8,3,100000,19,0.00019,57,0.00057
-20,-8,4,100000,10,0.0001,61,0.00061
-20,-8,5,100000,30,0.0003,67,0.00067
-20,-7,0,100000,21,0.00021,87,0.00087
-20,-7,1,100000,44,0.00044,79,0.00079
-20,-7,2,100000,26,0.00026,78,0.00078
-20,-7,3,100000,21,0.00021,65,0.00065
-20,-7,4,100000,38,0.00038,83,0.00083
-20,-7,5,100000,24,0.00024,70,0.0007
-20,-6,0,100000,34,0.00034,64,0.00064
-20,-6,1,100000,38,0.00038,61,0.00061
-20,-6,2,100000,32,0.00032,71,0.00071
-20,-6,3,100000,40,0.0004,80,0.0008
-20,-6,4,100000,14,0.00014,71,0.00071
-20,-6,5,100000,14,0.00014,56,0.00056
-20,-5,0,100000,32,0.00032,75,0.00075
-20,-5,1,100000,29,0.00029,77,0.00077
-20,-5,2,100000,38,0.00038,75,0.00075
-20,-5,3,100000,42,0.00042,75,0.00075
-20,-5,4,100000,32,0.00032,78,0.00078
-20,-5,5,100000,35,0.00035,77,0.00077
-20,-4,0,100000,33,0.00033,81,0.00081
-20,-4,1,100000,39,0.00039,71,0.00071
-20,-4,2,100000,38,0.00038,67,0.00067
-20,-4,3,100000,38,0.00038,91,0.00091
-20,-4,4,100000,25,0.00025,76,0.00076
-20,-4,5,100000,40,0.0004,72,0.00072
-20,-3,0,100000,56,0.00056,79,0.00079
-20,-3,1,100000,22,0.00022,77,0.00077
-20,-3,2,100000,39,0.00039,65,0.00065
-20,-3,3,100000,27,0.00027,99,0.00099
-20,-3,4,100000,43,0.00043,83,0.00083
-20,-3,5,100000,32,0.00032,70,0.0007
-20,-2,0,100000,35,0.00035,89,0.00089
-20,-2,1,100000,39,0.00039,60,0.0006
-20,-2,2,100000,27,0.00027,70,0.0007
-20,-2,3,100000,27,0.00027,66,0.00066
-20,-2,4,100000,43,0.00043,79,0.00079
-20,-2,5,100000,32,0.00032,74,0.00074
-20,-1,0,100000,23,0.00023,63,0.00063
-20,-1,1,100000,25,0.00025,64,0.00064
-20,-1,2,100000,17,0.00017,78,0.00078
-20,-1,3,100000,16,0.00016,60,0.0006
-20,-1,4,100000,29,0.00029,56,0.00056
-20,-1,5,100000,29,0.00029,70,0.0007
-20,0,0,100000,33,0.00033,75,0.00075
-20,0,1,100000,33,0.00033,67,0.00067
-20,0,2,100000,34,0.00034,71,0.00071
-20,0,3,100000,18,0.00018,63,0.00063
-20,0,4,100000,15,0.00015,74,0.00074
-20,0,5,100000,41,0.00041,81,0.00081
-20,1,0,100000,22,0.00022,71,0.00071
-20,1,1,100000,18,0.00018,71,0.00071
-20,1,2,100000,28,0.00028,75,0.00075
-20,1,3,100000,23,0.00023,69,0.00069
-20,1,4,100000,19,0.00019,73,0.00073
-20,1,5,100000,33,0.00033,79,0.00079
-20,2,0,100000,39,0.00039,89,0.00089
-20,2,1,100000,30,0.0003,67,0.00067
-20,2,2,100000,29,0.00029,73,0.00073
-20,2,3,100000,36,0.00036,74,0.00074
-20,2,4,100000,27,0.00027,71,0.00071
-20,2,5,100000,51,0.00051,91,0.00091
-20,3,0,100000,32,0.00032,61,0.00061
-20,3,1,100000,34,0.00034,79,0.00079
-20,3,2,100000,33,0.00033,66,0.00066
-20,3,3,100000,23,0.00023,64,0.00064
-20,3,4,100000,19,0.00019,79,0.00079
-20,3,5,100000,29,0.00029,76,0.00076
-20,4,0,100000,36,0.00036,74,0.00074
-20,4,1,100000,19,0.00019,60,0.0006
-20,4,2,100000,27,0.00027,74,0.00074
-20,4,3,100000,41,0.00041,75,0.00075
-20,4,4,100000,27,0.00027,70,0.0007
-20,4,5,100000,30,0.0003,71,0.00071
-20,5,0,100000,22,0.00022,74,0.00074
-20,5,1,100000,20,0.0002,64,0.00064
-20,5,2,100000,25,0.00025,94,0.00094
-20,5,3,100000,40,0.0004,69,0.00069
-20,5,4,100000,28,0.00028,72,0.00072
-20,5,5,100000,38,0.00038,75,0.00075
-20,6,0,100000,18,0.00018,69,0.00069
-20,6,1,100000,22,0.00022,69,0.00069
-20,6,2,100000,36,0.00036,69,0.00069
-20,6,3,100000,30,0.0003,81,0.00081
-20,6,4,100000,24,0.00024,62,0.00062
-20,6,5,100000,25,0.00025,69,0.00069
-20,7,0,100000,44,0.00044,91,0.00091
-20,7,1,100000,49,0.00049,84,0.00084
-20,7,2,100000,24,0.00024,76,0.00076
-20,7,3,100000,29,0.00029,78,0.00078
-20,7,4,100000,33,0.00033,77,0.00077
-20,7,5,100000,16,0.00016,74,0.00074
-20,8,0,100000,24,0.00024,75,0.00075
-20,8,1,100000,44,0.00044,77,0.00077
-20,8,2,100000,37,0.00037,84,0.00084
-20,8,3,100000,25,0.00025,73,0.00073
-20,8,4,100000,60,0.0006,80,0.0008
-20,8,5,100000,21,0.00021,65,0.00065
-20,9,0,100000,29,0.00029,70,0.0007
-20,9,1,100000,23,0.00023,77,0.00077
-20,9,2,100000,20,0.0002,71,0.00071
-20,9,3,100000,19,0.00019,55,0.00055
-20,9,4,100000,30,0.0003,88,0.00088
-20,9,5,100000,47,0.00047,79,0.00079
-20,10,0,100000,26,0.00026,84,0.00084
-20,10,1,100000,37,0.00037,68,0.00068
-20,10,2,100000,22,0.00022,73,0.00073
-20,10,3,100000,38,0.00038,76,0.00076
-20,10,4,100000,29,0.00029,74,0.00074
-20,10,5,100000,29,0.00029,71,0.00071
-20,11,0,100000,37,0.00037,73,0.00073
-20,11,1,100000,20,0.0002,65,0.00065
-20,11,2,100000,39,0.00039,80,0.0008
-20,11,3,100000,20,0.0002,79,0.00079
-20,11,4,100000,39,0.00039,72,0.00072
-20,11,5,100000,20,0.0002,58,0.00058
-20,12,0,100000,40,0.0004,75,0.00075
-20,12,1,100000,25,0.00025,72,0.00072
-20,12,2,100000,31,0.00031,75,0.00075
-20,12,3,100000,31,0.00031,73,0.00073
-20,12,4,100000,23,0.00023,55,0.00055
-20,12,5,100000,46,0.00046,87,0.00087
-20,13,0,100000,29,0.00029,62,0.00062
-20,13,1,100000,23,0.00023,70,0.0007
-20,13,2,100000,18,0.00018,70,0.0007
-20,13,3,100000,30,0.0003,69,0.00069
-20,13,4,100000,28,0.00028,77,0.00077
-20,13,5,100000,32,0.00032,70,0.0007
-20,14,0,100000,24,0.00024,74,0.00074
-20,14,1,100000,39,0.00039,83,0.00083
-20,14,2,100000,44,0.00044,78,0.00078
-20,14,3,100000,40,0.0004,92,0.00092
-20,14,4,100000,48,0.00048,86,0.00086
-20,14,5,100000,21,0.00021,77,0.00077
-20,15,0,100000,25,0.00025,74,0.00074
-20,15,1,100000,29,0.00029,78,0.00078
-20,15,2,100000,22,0.00022,74,0.00074
-20,15,3,100000,19,0.00019,71,0.00071
-20,15,4,100000,34,0.00034,98,0.00098
-20,15,5,100000,34,0.00034,66,0.00066
-20,16,0,100000,43,0.00043,85,0.00085
-20,16,1,100000,27,0.00027,72,0.00072
-20,16,2,100000,27,0.00027,80,0.0008
-20,16,3,100000,41,0.00041,74,0.00074
-20,16,4,100000,19,0.00019,60,0.0006
-20,16,5,100000,29,0.00029,94,0.00094
-20,17,0,100000,20,0.0002,56,0.00056
-20,17,1,100000,28,0.00028,70,0.0007
-20,17,2,100000,31,0.00031,70,0.0007
-20,17,3,100000,32,0.00032,63,0.00063
-20,17,4,100000,36,0.00036,89,0.00089
-20,17,5,100000,24,0.00024,75,0.00075
-20,18,0,100000,17,0.00017,62,0.00062
-20,18,1,100000,17,0.00017,77,0.00077
-20,18,2,100000,16,0.00016,78,0.00078
-20,18,3,100000,33,0.00033,83,0.00083
-20,18,4,100000,20,0.0002,65,0.00065
-20,18,5,100000,27,0.00027,76,0.00076
-20,19,0,100000,28,0.00028,80,0.0008
-20,19,1,100000,20,0.0002,81,0.00081
-20,19,2,100000,27,0.00027,62,0.00062
-20,19,3,100000,34,0.00034,77,0.00077
-20,19,4,100000,32,0.00032,63,0.00063
-20,19,5,100000,35,0.00035,70,0.0007
-20,20,0,100000,30,0.0003,72,0.00072
-20,20,1,100000,20,0.0002,82,0.00082
-20,20,2,100000,36,0.00036,86,0.00086
-20,20,3,100000,28,0.00028,71,0.00071
-20,20,4,100000,49,0.00049,81,0.00081
-20,20,5,100000,30,0.0003,79,0.00079
-20,21,0,100000,27,0.00027,79,0.00079
-20,21,1,100000,33,0.00033,88,0.00088
-20,21,2,100000,45,0.00045,82,0.00082
-20,21,3,100000,35,0.00035,75,0.00075
-20,21,4,100000,27,0.00027,73,0.00073
-20,21,5,100000,38,0.00038,79,0.00079
-20,22,0,100000,15,0.00015,57,0.00057
-20,22,1,100000,39,0.00039,66,0.00066
-20,22,2,100000,30,0.0003,70,0.0007
-20,22,3,100000,26,0.00026,78,0.00078
-20,22,4,100000,26,0.00026,89,0.00089
-20,22,5,100000,37,0.00037,78,0.00078
-20,23,0,100000,22,0.00022,70,0.0007
-20,23,1,100000,43,0.00043,67,0.00067
-20,23,2,100000,29,0.00029,76,0.00076
-20,23,3,100000,26,0.00026,73,0.00073
-20,23,4,100000,13,0.00013,60,0.0006
-20,23,5,100000,44,0.00044,76,0.00076
-20,24,0,100000,33,0.00033,66,0.00066
-20,24,1,100000,19,0.00019,68,0.00068
-20,24,2,100000,34,0.00034,71,0.00071
-20,24,3,100000,26,0.00026,71,0.00071
-20,24,4,100000,34,0.00034,84,0.00084
-20,24,5,100000,40,0.0004,75,0.00075
-20,25,0,100000,29,0.00029,66,0.00066
-20,25,1,100000,23,0.00023,65,0.00065
-20,25,2,100000,19,0.00019,69,0.00069
-20,25,3,100000,40,0.0004,78,0.00078
-20,25,4,100000,30,0.0003,74,0.00074
-20,25,5,100000,25,0.00025,79,0.00079
-20,26,0,100000,45,0.00045,93,0.00093
-20,26,1,100000,41,0.00041,84,0.00084
-20,26,2,100000,29,0.00029,67,0.00067
-20,26,3,100000,26,0.00026,58,0.00058
-20,26,4,100000,21,0.00021,63,0.00063
-20,26,5,100000,48,0.00048,75,0.00075
-20,27,0,100000,30,0.0003,68,0.00068
-20,27,1,100000,40,0.0004,83,0.00083
-20,27,2,100000,21,0.00021,81,0.00081
-20,27,3,100000,43,0.00043,85,0.00085
-20,27,4,100000,47,0.00047,86,0.00086
-20,27,5,100000,36,0.00036,76,0.00076
-20,28,0,100000,43,0.00043,84,0.00084
-20,28,1,100000,56,0.00056,69,0.00069
-20,28,2,100000,21,0.00021,80,0.0008
-20,28,3,100000,33,0.00033,64,0.00064
-20,28,4,100000,27,0.00027,79,0.00079
-20,28,5,100000,14,0.00014,61,0.00061
-20,29,0,100000,21,0.00021,73,0.00073
-20,29,1,100000,21,0.00021,69,0.00069
-20,29,2,100000,26,0.00026,65,0.00065
-20,29,3,100000,16,0.00016,75,0.00075
-20,29,4,100000,20,0.0002,74,0.00074
-20,29,5,100000,44,0.00044,74,0.00074
-20,30,0,100000,22,0.00022,67,0.00067
-20,30,1,100000,30,0.0003,71,0.00071
-20,30,2,100000,20,0.0002,71,0.00071
-20,30,3,100000,31,0.00031,78,0.00078
-20,30,4,100000,35,0.00035,81,0.00081
-20,30,5,100000,37,0.00037,74,0.00074
-20,31,0,100000,34,0.00034,61,0.00061
-20,31,1,100000,24,0.00024,67,0.00067
-20,31,2,100000,20,0.0002,84,0.00084
-20,31,3,100000,39,0.00039,80,0.0008
-20,31,4,100000,23,0.00023,69,0.00069
-20,31,5,100000,33,0.00033,72,0.00072
-20,32,0,100000,25,0.00025,60,0.0006
-20,32,1,100000,33,0.00033,65,0.00065
-20,32,2,100000,40,0.0004,95,0.00095
-20,32,3,100000,29,0.00029,75,0.00075
-20,32,4,100000,30,0.0003,82,0.00082
-20,32,5,100000,35,0.00035,83,0.00083
-20,33,0,100000,23,0.00023,82,0.00082
-20,33,1,100000,53,0.00053,83,0.00083
-20,33,2,100000,41,0.00041,76,0.00076
-20,33,3,100000,15,0.00015,65,0.00065
-20,33,4,100000,12,0.00012,52,0.00052
-20,33,5,100000,47,0.00047,81,0.00081
-20,34,0,100000,20,0.0002,77,0.00077
-20,34,1,100000,52,0.00052,101,0.00101
-20,34,2,100000,22,0.00022,73,0.00073
-20,34,3,100000,51,0.00051,84,0.00084
-20,34,4,100000,25,0.00025,79,0.00079
-20,34,5,100000,16,0.00016,67,0.00067
-20,35,0,100000,33,0.00033,76,0.00076
-20,35,1,100000,18,0.00018,77,0.00077
-20,35,2,100000,38,0.00038,82,0.00082
-20,35,3,100000,26,0.00026,61,0.00061
-20,35,4,100000,41,0.00041,84,0.00084
-20,35,5,100000,49,0.00049,80,0.0008
-20,36,0,100000,37,0.00037,79,0.00079
-20,36,1,100000,30,0.0003,62,0.00062
-20,36,2,100000,22,0.00022,80,0.0008
-20,36,3,100000,46,0.00046,70,0.0007
-20,36,4,100000,30,0.0003,72,0.00072
-20,36,5,100000,18,0.00018,69,0.00069
-20,37,0,100000,35,0.00035,86,0.00086
-20,37,1,100000,34,0.00034,78,0.00078
-20,37,2,100000,41,0.00041,58,0.00058
-20,37,3,100000,41,0.00041,71,0.00071
-20,37,4,100000,28,0.00028,82,0.00082
-20,37,5,100000,31,0.00031,68,0.00068
-20,38,0,100000,44,0.00044,58,0.00058
-20,38,1,100000,34,0.00034,67,0.00067
-20,38,2,100000,26,0.00026,71,0.00071
-20,38,3,100000,29,0.00029,83,0.00083
-20,38,4,100000,28,0.00028,72,0.00072
-20,38,5,100000,39,0.00039,92,0.00092
-20,39,0,100000,26,0.00026,69,0.00069
-20,39,1,100000,28,0.00028,64,0.00064
-20,39,2,100000,37,0.00037,66,0.00066
-20,39,3,100000,29,0.00029,92,0.00092
-20,39,4,100000,30,0.0003,61,0.00061
-20,39,5,100000,21,0.00021,64,0.00064
-20,40,0,100000,36,0.00036,68,0.00068
-20,40,1,100000,43,0.00043,72,0.00072
-20,40,2,100000,33,0.00033,60,0.0006
-20,40,3,100000,55,0.00055,77,0.00077
-20,40,4,100000,33,0.00033,67,0.00067
-20,40,5,100000,13,0.00013,68,0.00068
-20,41,0,100000,19,0.00019,53,0.00053
-20,41,1,100000,40,0.0004,69,0.00069
-20,41,2,100000,22,0.00022,59,0.00059
-20,41,3,100000,33,0.00033,73,0.00073
-20,41,4,100000,28,0.00028,72,0.00072
-20,41,5,100000,33,0.00033,52,0.00052
-20,42,0,100000,46,0.00046,88,0.00088
-20,42,1,100000,20,0.0002,75,0.00075
-20,42,2,100000,30,0.0003,69,0.00069
-20,42,3,100000,23,0.00023,73,0.00073
-20,42,4,100000,62,0.00062,97,0.00097
-20,42,5,100000,42,0.00042,80,0.0008
-20,43,0,100000,29,0.00029,72,0.00072
-20,43,1,100000,57,0.00057,82,0.00082
-20,43,2,100000,35,0.00035,65,0.00065
-20,43,3,100000,29,0.00029,79,0.00079
-20,43,4,100000,31,0.00031,74,0.00074
-20,43,5,100000,31,0.00031,79,0.00079
-20,44,0,100000,13,0.00013,59,0.00059
-20,44,1,100000,32,0.00032,69,0.00069
-20,44,2,100000,43,0.00043,77,0.00077
-20,44,3,100000,24,0.00024,73,0.00073
-20,44,4,100000,44,0.00044,95,0.00095
-20,44,5,100000,26,0.00026,44,0.00044
-20,45,0,100000,41,0.00041,85,0.00085
-20,45,1,100000,53,0.00053,73,0.00073
-20,45,2,100000,39,0.00039,81,0.00081
-20,45,3,100000,29,0.00029,74,0.00074
-20,45,4,100000,44,0.00044,83,0.00083
-20,45,5,100000,38,0.00038,70,0.0007
-20,46,0,100000,52,0.00052,80,0.0008
-20,46,1,100000,45,0.00045,79,0.00079
-20,46,2,100000,43,0.00043,74,0.00074
-20,46,3,100000,20,0.0002,65,0.00065
-20,46,4,100000,30,0.0003,70,0.0007
-20,46,5,100000,31,0.00031,75,0.00075
-20,47,0,100000,26,0.00026,58,0.00058
-20,47,1,100000,18,0.00018,77,0.00077
-20,47,2,100000,38,0.00038,80,0.0008
-20,47,3,100000,22,0.00022,62,0.00062
-20,47,4,100000,60,0.0006,89,0.00089
-20,47,5,100000,32,0.00032,76,0.00076
-20,48,0,100000,39,0.00039,86,0.00086
-20,48,1,100000,35,0.00035,72,0.00072
-20,48,2,100000,16,0.00016,69,0.00069
-20,48,3,100000,35,0.00035,80,0.0008
-20,48,4,100000,28,0.00028,77,0.00077
-20,48,5,100000,27,0.00027,67,0.00067
-20,49,0,100000,23,0.00023,63,0.00063
-20,49,1,100000,33,0.00033,67,0.00067
-20,49,2,100000,29,0.00029,69,0.00069
-20,49,3,100000,30,0.0003,57,0.00057
-20,49,4,100000,30,0.0003,66,0.00066
-20,49,5,100000,28,0.00028,62,0.00062
-20,50,0,100000,17,0.00017,63,0.00063
-20,50,1,100000,31,0.00031,72,0.00072
-20,50,2,100000,21,0.00021,79,0.00079
-20,50,3,100000,41,0.00041,78,0.00078
-20,50,4,100000,22,0.00022,70,0.0007
-20,50,5,100000,46,0.00046,76,0.00076
-19,-50,0,100000,13,0.00013,56,0.00056
-19,-50,1,100000,42,0.00042,75,0.00075
-19,-50,2,100000,20,0.0002,74,0.00074
-19,-50,3,100000,46,0.00046,82,0.00082
-19,-50,4,100000,46,0.00046,71,0.00071
-19,-50,5,100000,28,0.00028,69,0.00069
-19,-49,0,100000,30,0.0003,73,0.00073
-19,-49,1,100000,26,0.00026,80,0.0008
-19,-49,2,100000,20,0.0002,71,0.00071
-19,-49,3,100000,17,0.00017,63,0.00063
-19,-49,4,100000,39,0.00039,87,0.00087
-19,-49,5,100000,19,0.00019,84,0.00084
-19,-48,0,100000,40,0.0004,79,0.00079
-19,-48,1,100000,38,0.00038,83,0.00083
-19,-48,2,100000,27,0.00027,70,0.0007
-19,-48,3,100000,39,0.00039,87,0.00087
-19,-48,4,100000,25,0.00025,70,0.0007
-19,-48,5,100000,20,0.0002,67,0.00067
-19,-47,0,100000,39,0.00039,68,0.00068
-19,-47,1,100000,15,0.00015,63,0.00063
-19,-47,2,100000,15,0.00015,59,0.00059
-19,-47,3,100000,35,0.00035,64,0.00064
-19,-47,4,100000,22,0.00022,59,0.00059
-19,-47,5,100000,22,0.00022,72,0.00072
-19,-46,0,100000,19,0.00019,57,0.00057
-19,-46,1,100000,27,0.00027,88,0.00088
-19,-46,2,100000,32,0.00032,62,0.00062
-19,-46,3,100000,27,0.00027,66,0.00066
-19,-46,4,100000,22,0.00022,73,0.00073
-19,-46,5,100000,28,0.00028,82,0.00082
-19,-45,0,100000,36,0.00036,82,0.00082
-19,-45,1,100000,33,0.00033,68,0.00068
-19,-45,2,100000,33,0.00033,74,0.00074
-19,-45,3,100000,33,0.00033,58,0.00058
-19,-45,4,100000,49,0.00049,95,0.00095
-19,-45,5,100000,48,0.00048,82,0.00082
-19,-44,0,100000,26,0.00026,69,0.00069
-19,-44,1,100000,42,0.00042,65,0.00065
-19,-44,2,100000,39,0.00039,77,0.00077
-19,-44,3,100000,23,0.00023,72,0.00072
-19,-44,4,100000,21,0.00021,70,0.0007
-19,-44,5,100000,31,0.00031,69,0.00069
-19,-43,0,100000,20,0.0002,56,0.00056
-19,-43,1,100000,28,0.00028,67,0.00067
-19,-43,2,100000,17,0.00017,72,0.00072
-19,-43,3,100000,30,0.0003,62,0.00062
-19,-43,4,100000,15,0.00015,70,0.0007
-19,-43,5,100000,23,0.00023,67,0.00067
-19,-42,0,100000,31,0.00031,62,0.00062
-19,-42,1,100000,47,0.00047,59,0.00059
-19,-42,2,100000,24,0.00024,51,0.00051
-19,-42,3,100000,32,0.00032,83,0.00083
-19,-42,4,100000,28,0.00028,64,0.00064
-19,-42,5,100000,31,0.00031,60,0.0006
-19,-41,0,100000,21,0.00021,81,0.00081
-19,-41,1,100000,28,0.00028,64,0.00064
-19,-41,2,100000,29,0.00029,71,0.00071
-19,-41,3,100000,35,0.00035,65,0.00065
-19,-41,4,100000,27,0.00027,76,0.00076
-19,-41,5,100000,24,0.00024,70,0.0007
-19,-40,0,100000,22,0.00022,78,0.00078
-19,-40,1,100000,37,0.00037,80,0.0008
-19,-40,2,100000,29,0.00029,80,0.0008
-19,-40,3,100000,26,0.00026,74,0.00074
-19,-40,4,100000,42,0.00042,75,0.00075
-19,-40,5,100000,19,0.00019,74,0.00074
-19,-39,0,100000,38,0.00038,83,0.00083
-19,-39,1,100000,25,0.00025,71,0.00071
-19,-39,2,100000,34,0.00034,85,0.00085
-19,-39,3,100000,22,0.00022,77,0.00077
-19,-39,4,100000,17,0.00017,72,0.00072
-19,-39,5,100000,23,0.00023,65,0.00065
-19,-38,0,100000,30,0.0003,70,0.0007
-19,-38,1,100000,30,0.0003,72,0.00072
-19,-38,2,100000,25,0.00025,83,0.00083
-19,-38,3,100000,15,0.00015,61,0.00061
-19,-38,4,100000,40,0.0004,66,0.00066
-19,-38,5,100000,38,0.00038,65,0.00065
-19,-37,0,100000,36,0.00036,66,0.00066
-19,-37,1,100000,35,0.00035,66,0.00066
-19,-37,2,100000,50,0.0005,86,0.00086
-19,-37,3,100000,38,0.00038,88,0.00088
-19,-37,4,100000,21,0.00021,59,0.00059
-19,-37,5,100000,13,0.00013,71,0.00071
-19,-36,0,100000,36,0.00036,87,0.00087
-19,-36,1,100000,47,0.00047,74,0.00074
-19,-36,2,100000,23,0.00023,69,0.00069
-19,-36,3,100000,46,0.00046,76,0.00076
-19,-36,4,100000,40,0.0004,72,0.00072
-19,-36,5,100000,49,0.00049,79,0.00079
-19,-35,0,100000,22,0.00022,75,0.00075
-19,-35,1,100000,37,0.00037,72,0.00072
-19,-35,2,100000,34,0.00034,62,0.00062
-19,-35,3,100000,27,0.00027,65,0.00065
-19,-35,4,100000,22,0.00022,70,0.0007
-19,-35,5,100000,35,0.00035,70,0.0007
-19,-34,0,100000,25,0.00025,68,0.00068
-19,-34,1,100000,29,0.00029,74,0.00074
-19,-34,2,100000,31,0.00031,72,0.00072
-19,-34,3,100000,30,0.0003,72,0.00072
-19,-34,4,100000,21,0.00021,59,0.00059
-19,-34,5,100000,33,0.00033,62,0.00062
-19,-33,0,100000,35,0.00035,78,0.00078
-19,-33,1,100000,24,0.00024,77,0.00077
-19,-33,2,100000,28,0.00028,71,0.00071
-19,-33,3,100000,17,0.00017,72,0.00072
-19,-33,4,100000,30,0.0003,81,0.00081
-19,-33,5,100000,31,0.00031,67,0.00067
-19,-32,0,100000,22,0.00022,62,0.00062
-19,-32,1,100000,30,0.0003,71,0.00071
-19,-32,2,100000,26,0.00026,59,0.00059
-19,-32,3,100000,34,0.00034,71,0.00071
-19,-32,4,100000,38,0.00038,84,0.00084
-19,-32,5,100000,26,0.00026,81,0.00081
-19,-31,0,100000,35,0.00035,72,0.00072
-19,-31,1,100000,24,0.00024,66,0.00066
-19,-31,2,100000,20,0.0002,58,0.00058
-19,-31,3,100000,26,0.00026,69,0.00069
-19,-31,4,100000,27,0.00027,60,0.0006
-19,-31,5,100000,33,0.00033,81,0.00081
-19,-30,0,100000,34,0.00034,84,0.00084
-19,-30,1,100000,38,0.00038,91,0.00091
-19,-30,2,100000,29,0.00029,77,0.00077
-19,-30,3,100000,42,0.00042,70,0.0007
-19,-30,4,100000,26,0.00026,74,0.00074
-19,-30,5,100000,29,0.00029,98,0.00098
-19,-29,0,100000,39,0.00039,79,0.00079
-19,-29,1,100000,21,0.00021,79,0.00079
-19,-29,2,100000,29,0.00029,81,0.00081
-19,-29,3,100000,26,0.00026,64,0.00064
-19,-29,4,100000,33,0.00033,70,0.0007
-19,-29,5,100000,26,0.00026,68,0.00068
-19,-28,0,100000,24,0.00024,60,0.0006
-19,-28,1,100000,51,0.00051,89,0.00089
-19,-28,2,100000,55,0.00055,88,0.00088
-19,-28,3,100000,22,0.00022,62,0.00062
-19,-28,4,100000,41,0.00041,93,0.00093
-19,-28,5,100000,32,0.00032,86,0.00086
-19,-27,0,100000,32,0.00032,64,0.00064
-19,-27,1,100000,32,0.00032,70,0.0007
-19,-27,2,100000,19,0.00019,63,0.00063
-19,-27,3,100000,41,0.00041,65,0.00065
-19,-27,4,100000,23,0.00023,71,0.00071
-19,-27,5,100000,29,0.00029,68,0.00068
-19,-26,0,100000,27,0.00027,78,0.00078
-19,-26,1,100000,41,0.00041,82,0.00082
-19,-26,2,100000,22,0.00022,92,0.00092
-19,-26,3,100000,29,0.00029,77,0.00077
-19,-26,4,100000,23,0.00023,80,0.0008
-19,-26,5,100000,26,0.00026,69,0.00069
-19,-25,0,100000,30,0.0003,70,0.0007
-19,-25,1,100000,31,0.00031,86,0.00086
-19,-25,2,100000,34,0.00034,90,0.0009
-19,-25,3,100000,35,0.00035,75,0.00075
-19,-25,4,100000,30,0.0003,75,0.00075
-19,-25,5,100000,41,0.00041,75,0.00075
-19,-24,0,100000,23,0.00023,79,0.00079
-19,-24,1,100000,41,0.00041,68,0.00068
-19,-24,2,100000,33,0.00033,70,0.0007
-19,-24,3,100000,22,0.00022,66,0.00066
-19,-24,4,100000,21,0.00021,61,0.00061
-19,-24,5,100000,22,0.00022,71,0.00071
-19,-23,0,100000,31,0.00031,79,0.00079
-19,-23,1,100000,11,0.00011,62,0.00062
-19,-23,2,100000,31,0.00031,80,0.0008
-19,-23,3,100000,28,0.00028,75,0.00075
-19,-23,4,100000,35,0.00035,81,0.00081
-19,-23,5,100000,23,0.00023,71,0.00071
-19,-22,0,100000,45,0.00045,69,0.00069
-19,-22,1,100000,35,0.00035,78,0.00078
-19,-22,2,100000,24,0.00024,70,0.0007
-19,-22,3,100000,26,0.00026,80,0.0008
-19,-22,4,100000,12,0.00012,67,0.00067
-19,-22,5,100000,29,0.00029,67,0.00067
-19,-21,0,100000,45,0.00045,78,0.00078
-19,-21,1,100000,32,0.00032,75,0.00075
-19,-21,2,100000,32,0.00032,73,0.00073
-19,-21,3,100000,30,0.0003,73,0.00073
-19,-21,4,100000,17,0.00017,55,0.00055
-19,-21,5,100000,40,0.0004,69,0.00069
-19,-20,0,100000,14,0.00014,72,0.00072
-19,-20,1,100000,36,0.00036,61,0.00061
-19,-20,2,100000,28,0.00028,69,0.00069
-19,-20,3,100000,42,0.00042,72,0.00072
-19,-20,4,100000,50,0.0005,70,0.0007
-19,-20,5,100000,29,0.00029,72,0.00072
-19,-19,0,100000,38,0.00038,77,0.00077
-19,-19,1,100000,40,0.0004,75,0.00075
-19,-19,2,100000,28,0.00028,60,0.0006
-19,-19,3,100000,32,0.00032,78,0.00078
-19,-19,4,100000,33,0.00033,76,0.00076
-19,-19,5,100000,49,0.00049,79,0.00079
-19,-18,0,100000,41,0.00041,69,0.00069
-19,-18,1,100000,26,0.00026,73,0.00073
-19,-18,2,100000,9,9e-05,61,0.00061
-19,-18,3,100000,14,0.00014,71,0.00071
-19,-18,4,100000,29,0.00029,85,0.00085
-19,-18,5,100000,33,0.00033,77,0.00077
-19,-17,0,100000,32,0.00032,80,0.0008
-19,-17,1,100000,39,0.00039,77,0.00077
-19,-17,2,100000,25,0.00025,76,0.00076
-19,-17,3,100000,41,0.00041,79,0.00079
-19,-17,4,100000,45,0.00045,89,0.00089
-19,-17,5,100000,32,0.00032,82,0.00082
-19,-16,0,100000,30,0.0003,75,0.00075
-19,-16,1,100000,27,0.00027,69,0.00069
-19,-16,2,100000,35,0.00035,72,0.00072
-19,-16,3,100000,32,0.00032,79,0.00079
-19,-16,4,100000,33,0.00033,78,0.00078
-19,-16,5,100000,27,0.00027,66,0.00066
-19,-15,0,100000,38,0.00038,92,0.00092
-19,-15,1,100000,23,0.00023,81,0.00081
-19,-15,2,100000,29,0.00029,90,0.0009
-19,-15,3,100000,36,0.00036,72,0.00072
-19,-15,4,100000,26,0.00026,77,0.00077
-19,-15,5,100000,25,0.00025,78,0.00078
-19,-14,0,100000,33,0.00033,75,0.00075
-19,-14,1,100000,27,0.00027,60,0.0006
-19,-14,2,100000,18,0.00018,74,0.00074
-19,-14,3,100000,16,0.00016,64,0.00064
-19,-14,4,100000,16,0.00016,69,0.00069
-19,-14,5,100000,41,0.00041,74,0.00074
-19,-13,0,100000,43,0.00043,73,0.00073
-19,-13,1,100000,20,0.0002,76,0.00076
-19,-13,2,100000,33,0.00033,89,0.00089
-19,-13,3,100000,28,0.00028,62,0.00062
-19,-13,4,100000,29,0.00029,76,0.00076
-19,-13,5,100000,20,0.0002,56,0.00056
-19,-12,0,100000,32,0.00032,73,0.00073
-19,-12,1,100000,16,0.00016,72,0.00072
-19,-12,2,100000,37,0.00037,83,0.00083
-19,-12,3,100000,23,0.00023,71,0.00071
-19,-12,4,100000,21,0.00021,72,0.00072
-19,-12,5,100000,24,0.00024,75,0.00075
-19,-11,0,100000,19,0.00019,62,0.00062
-19,-11,1,100000,34,0.00034,74,0.00074
-19,-11,2,100000,24,0.00024,80,0.0008
-19,-11,3,100000,22,0.00022,67,0.00067
-19,-11,4,100000,32,0.00032,84,0.00084
-19,-11,5,100000,25,0.00025,73,0.00073
-19,-10,0,100000,39,0.00039,79,0.00079
-19,-10,1,100000,25,0.00025,60,0.0006
-19,-10,2,100000,16,0.00016,55,0.00055
-19,-10,3,100000,30,0.0003,94,0.00094
-19,-10,4,100000,27,0.00027,75,0.00075
-19,-10,5,100000,17,0.00017,54,0.00054
-19,-9,0,100000,34,0.00034,64,0.00064
-19,-9,1,100000,48,0.00048,89,0.00089
-19,-9,2,100000,38,0.00038,89,0.00089
-19,-9,3,100000,26,0.00026,76,0.00076
-19,-9,4,100000,26,0.00026,69,0.00069
-19,-9,5,100000,40,0.0004,88,0.00088
-19,-8,0,100000,42,0.00042,80,0.0008
-19,-8,1,100000,24,0.00024,68,0.00068
-19,-8,2,100000,31,0.00031,81,0.00081
-19,-8,3,100000,35,0.00035,80,0.0008
-19,-8,4,100000,26,0.00026,78,0.00078
-19,-8,5,100000,44,0.00044,76,0.00076
-19,-7,0,100000,18,0.00018,78,0.00078
-19,-7,1,100000,31,0.00031,75,0.00075
-19,-7,2,100000,19,0.00019,62,0.00062
-19,-7,3,100000,23,0.00023,79,0.00079
-19,-7,4,100000,37,0.00037,61,0.00061
-19,-7,5,100000,33,0.00033,80,0.0008
-19,-6,0,100000,24,0.00024,69,0.00069
-19,-6,1,100000,40,0.0004,87,0.00087
-19,-6,2,100000,31,0.00031,69,0.00069
-19,-6,3,100000,38,0.00038,60,0.0006
-19,-6,4,100000,28,0.00028,75,0.00075
-19,-6,5,100000,12,0.00012,66,0.00066
-19,-5,0,100000,16,0.00016,72,0.00072
-19,-5,1,100000,56,0.00056,76,0.00076
-19,-5,2,100000,18,0.00018,74,0.00074
-19,-5,3,100000,23,0.00023,74,0.00074
-19,-5,4,100000,28,0.00028,82,0.00082
-19,-5,5,100000,20,0.0002,63,0.00063
-19,-4,0,100000,56,0.00056,72,0.00072
-19,-4,1,100000,30,0.0003,67,0.00067
-19,-4,2,100000,28,0.00028,88,0.00088
-19,-4,3,100000,22,0.00022,78,0.00078
-19,-4,4,100000,24,0.00024,89,0.00089
-19,-4,5,100000,44,0.00044,64,0.00064
-19,-3,0,100000,28,0.00028,73,0.00073
-19,-3,1,100000,30,0.0003,64,0.00064
-19,-3,2,100000,36,0.00036,76,0.00076
-19,-3,3,100000,16,0.00016,71,0.00071
-19,-3,4,100000,37,0.00037,71,0.00071
-19,-3,5,100000,26,0.00026,63,0.00063
-19,-2,0,100000,39,0.00039,70,0.0007
-19,-2,1,100000,23,0.00023,68,0.00068
-19,-2,2,100000,30,0.0003,67,0.00067
-19,-2,3,100000,38,0.00038,88,0.00088
-19,-2,4,100000,32,0.00032,71,0.00071
-19,-2,5,100000,37,0.00037,86,0.00086
-19,-1,0,100000,21,0.00021,84,0.00084
-19,-1,1,100000,31,0.00031,71,0.00071
-19,-1,2,100000,25,0.00025,65,0.00065
-19,-1,3,100000,37,0.00037,86,0.00086
-19,-1,4,100000,28,0.00028,78,0.00078
-19,-1,5,100000,32,0.00032,75,0.00075
-19,0,0,100000,30,0.0003,79,0.00079
-19,0,1,100000,43,0.00043,73,0.00073
-19,0,2,100000,29,0.00029,72,0.00072
-19,0,3,100000,25,0.00025,83,0.00083
-19,0,4,100000,27,0.00027,74,0.00074
-19,0,5,100000,23,0.00023,77,0.00077
-19,1,0,100000,29,0.00029,85,0.00085
-19,1,1,100000,26,0.00026,77,0.00077
-19,1,2,100000,39,0.00039,72,0.00072
-19,1,3,100000,24,0.00024,73,0.00073
-19,1,4,100000,34,0.00034,80,0.0008
-19,1,5,100000,42,0.00042,75,0.00075
-19,2,0,100000,29,0.00029,78,0.00078
-19,2,1,100000,35,0.00035,71,0.00071
-19,2,2,100000,21,0.00021,71,0.00071
-19,2,3,100000,31,0.00031,84,0.00084
-19,2,4,100000,28,0.00028,75,0.00075
-19,2,5,100000,35,0.00035,75,0.00075
-19,3,0,100000,39,0.00039,80,0.0008
-19,3,1,100000,42,0.00042,77,0.00077
-19,3,2,100000,40,0.0004,68,0.00068
-19,3,3,100000,34,0.00034,68,0.00068
-19,3,4,100000,22,0.00022,66,0.00066
-19,3,5,100000,33,0.00033,69,0.00069
-19,4,0,100000,39,0.00039,74,0.00074
-19,4,1,100000,34,0.00034,82,0.00082
-19,4,2,100000,22,0.00022,71,0.00071
-19,4,3,100000,24,0.00024,71,0.00071
-19,4,4,100000,32,0.00032,72,0.00072
-19,4,5,100000,35,0.00035,79,0.00079
-19,5,0,100000,20,0.0002,77,0.00077
-19,5,1,100000,19,0.00019,64,0.00064
-19,5,2,100000,26,0.00026,72,0.00072
-19,5,3,100000,28,0.00028,73,0.00073
-19,5,4,100000,25,0.00025,83,0.00083
-19,5,5,100000,23,0.00023,74,0.00074
-19,6,0,100000,27,0.00027,88,0.00088
-19,6,1,100000,34,0.00034,86,0.00086
-19,6,2,100000,44,0.00044,81,0.00081
-19,6,3,100000,27,0.00027,68,0.00068
-19,6,4,100000,41,0.00041,84,0.00084
-19,6,5,100000,26,0.00026,66,0.00066
-19,7,0,100000,25,0.00025,67,0.00067
-19,7,1,100000,28,0.00028,74,0.00074
-19,7,2,100000,42,0.00042,78,0.00078
-19,7,3,100000,29,0.00029,69,0.00069
-19,7,4,100000,34,0.00034,57,0.00057
-19,7,5,100000,29,0.00029,70,0.0007
-19,8,0,100000,41,0.00041,67,0.00067
-19,8,1,100000,32,0.00032,57,0.00057
-19,8,2,100000,7,7e-05,66,0.00066
-19,8,3,100000,31,0.00031,74,0.00074
-19,8,4,100000,23,0.00023,68,0.00068
-19,8,5,100000,30,0.0003,68,0.00068
-19,9,0,100000,24,0.00024,74,0.00074
-19,9,1,100000,45,0.00045,65,0.00065
-19,9,2,100000,33,0.00033,70,0.0007
-19,9,3,100000,38,0.00038,85,0.00085
-19,9,4,100000,24,0.00024,80,0.0008
-19,9,5,100000,21,0.00021,61,0.00061
-19,10,0,100000,32,0.00032,70,0.0007
-19,10,1,100000,18,0.00018,76,0.00076
-19,10,2,100000,19,0.00019,72,0.00072
-19,10,3,100000,27,0.00027,86,0.00086
-19,10,4,100000,41,0.00041,70,0.0007
-19,10,5,100000,30,0.0003,80,0.0008
-19,11,0,100000,33,0.00033,65,0.00065
-19,11,1,100000,29,0.00029,67,0.00067
-19,11,2,100000,43,0.00043,78,0.00078
-19,11,3,100000,22,0.00022,65,0.00065
-19,11,4,100000,24,0.00024,75,0.00075
-19,11,5,100000,43,0.00043,75,0.00075
-19,12,0,100000,22,0.00022,77,0.00077
-19,12,1,100000,35,0.00035,76,0.00076
-19,12,2,100000,36,0.00036,78,0.00078
-19,12,3,100000,48,0.00048,69,0.00069
-19,12,4,100000,55,0.00055,76,0.00076
-19,12,5,100000,31,0.00031,76,0.00076
-19,13,0,100000,52,0.00052,89,0.00089
-19,13,1,100000,44,0.00044,85,0.00085
-19,13,2,100000,27,0.00027,74,0.00074
-19,13,3,100000,35,0.00035,64,0.00064
-19,13,4,100000,23,0.00023,63,0.00063
-19,13,5,100000,39,0.00039,88,0.00088
-19,14,0,100000,36,0.00036,85,0.00085
-19,14,1,100000,43,0.00043,72,0.00072
-19,14,2,100000,16,0.00016,63,0.00063
-19,14,3,100000,27,0.00027,80,0.0008
-19,14,4,100000,18,0.00018,59,0.00059
-19,14,5,100000,15,0.00015,76,0.00076
-19,15,0,100000,42,0.00042,77,0.00077
-19,15,1,100000,32,0.00032,81,0.00081
-19,15,2,100000,26,0.00026,78,0.00078
-19,15,3,100000,33,0.00033,76,0.00076
-19,15,4,100000,31,0.00031,75,0.00075
-19,15,5,100000,17,0.00017,67,0.00067
-19,16,0,100000,38,0.00038,88,0.00088
-19,16,1,100000,26,0.00026,61,0.00061
-19,16,2,100000,43,0.00043,89,0.00089
-19,16,3,100000,27,0.00027,67,0.00067
-19,16,4,100000,41,0.00041,73,0.00073
-19,16,5,100000,31,0.00031,68,0.00068
-19,17,0,100000,39,0.00039,83,0.00083
-19,17,1,100000,36,0.00036,60,0.0006
-19,17,2,100000,32,0.00032,81,0.00081
-19,17,3,100000,33,0.00033,86,0.00086
-19,17,4,100000,42,0.00042,74,0.00074
-19,17,5,100000,38,0.00038,75,0.00075
-19,18,0,100000,30,0.0003,75,0.00075
-19,18,1,100000,54,0.00054,80,0.0008
-19,18,2,100000,47,0.00047,75,0.00075
-19,18,3,100000,30,0.0003,59,0.00059
-19,18,4,100000,33,0.00033,59,0.00059
-19,18,5,100000,20,0.0002,62,0.00062
-19,19,0,100000,18,0.00018,81,0.00081
-19,19,1,100000,38,0.00038,86,0.00086
-19,19,2,100000,24,0.00024,64,0.00064
-19,19,3,100000,30,0.0003,77,0.00077
-19,19,4,100000,17,0.00017,63,0.00063
-19,19,5,100000,36,0.00036,79,0.00079
-19,20,0,100000,19,0.00019,75,0.00075
-19,20,1,100000,35,0.00035,67,0.00067
-19,20,2,100000,26,0.00026,64,0.00064
-19,20,3,100000,37,0.00037,77,0.00077
-19,20,4,100000,33,0.00033,76,0.00076
-19,20,5,100000,32,0.00032,68,0.00068
-19,21,0,100000,26,0.00026,79,0.00079
-19,21,1,100000,33,0.00033,82,0.00082
-19,21,2,100000,33,0.00033,76,0.00076
-19,21,3,100000,29,0.00029,72,0.00072
-19,21,4,100000,28,0.00028,64,0.00064
-19,21,5,100000,28,0.00028,79,0.00079
-19,22,0,100000,26,0.00026,70,0.0007
-19,22,1,100000,14,0.00014,60,0.0006
-19,22,2,100000,35,0.00035,100,0.001
-19,22,3,100000,24,0.00024,80,0.0008
-19,22,4,100000,45,0.00045,73,0.00073
-19,22,5,100000,41,0.00041,91,0.00091
-19,23,0,100000,22,0.00022,70,0.0007
-19,23,1,100000,24,0.00024,90,0.0009
-19,23,2,100000,32,0.00032,69,0.00069
-19,23,3,100000,38,0.00038,80,0.0008
-19,23,4,100000,16,0.00016,62,0.00062
-19,23,5,100000,54,0.00054,77,0.00077
-19,24,0,100000,25,0.00025,74,0.00074
-19,24,1,100000,44,0.00044,65,0.00065
-19,24,2,100000,24,0.00024,67,0.00067
-19,24,3,100000,43,0.00043,80,0.0008
-19,24,4,100000,29,0.00029,72,0.00072
-19,24,5,100000,42,0.00042,81,0.00081
-19,25,0,100000,42,0.00042,70,0.0007
-19,25,1,100000,25,0.00025,75,0.00075
-19,25,2,100000,35,0.00035,74,0.00074
-19,25,3,100000,37,0.00037,72,0.00072
-19,25,4,100000,27,0.00027,71,0.00071
-19,25,5,100000,37,0.00037,91,0.00091
-19,26,0,100000,62,0.00062,97,0.00097
-19,26,1,100000,42,0.00042,67,0.00067
-19,26,2,100000,19,0.00019,64,0.00064
-19,26,3,100000,30,0.0003,69,0.00069
-19,26,4,100000,30,0.0003,62,0.00062
-19,26,5,100000,36,0.00036,76,0.00076
-19,27,0,100000,25,0.00025,64,0.00064
-19,27,1,100000,29,0.00029,67,0.00067
-19,27,2,100000,24,0.00024,71,0.00071
-19,27,3,100000,21,0.00021,74,0.00074
-19,27,4,100000,18,0.00018,78,0.00078
-19,27,5,100000,33,0.00033,87,0.00087
-19,28,0,100000,24,0.00024,55,0.00055
-19,28,1,100000,23,0.00023,57,0.00057
-19,28,2,100000,17,0.00017,70,0.0007
-19,28,3,100000,12,0.00012,63,0.00063
-19,28,4,100000,21,0.00021,62,0.00062
-19,28,5,100000,34,0.00034,74,0.00074
-19,29,0,100000,20,0.0002,58,0.00058
-19,29,1,100000,19,0.00019,66,0.00066
-19,29,2,100000,23,0.00023,65,0.00065
-19,29,3,100000,21,0.00021,72,0.00072
-19,29,4,100000,17,0.00017,81,0.00081
-19,29,5,100000,23,0.00023,78,0.00078
-19,30,0,100000,18,0.00018,66,0.00066
-19,30,1,100000,36,0.00036,64,0.00064
-19,30,2,100000,22,0.00022,64,0.00064
-19,30,3,100000,21,0.00021,72,0.00072
-19,30,4,100000,38,0.00038,75,0.00075
-19,30,5,100000,33,0.00033,70,0.0007
-19,31,0,100000,23,0.00023,80,0.0008
-19,31,1,100000,38,0.00038,71,0.00071
-19,31,2,100000,24,0.00024,82,0.00082
-19,31,3,100000,51,0.00051,77,0.00077
-19,31,4,100000,25,0.00025,64,0.00064
-19,31,5,100000,42,0.00042,73,0.00073
-19,32,0,100000,32,0.00032,83,0.00083
-19,32,1,100000,32,0.00032,81,0.00081
-19,32,2,100000,26,0.00026,69,0.00069
-19,32,3,100000,28,0.00028,78,0.00078
-19,32,4,100000,36,0.00036,74,0.00074
-19,32,5,100000,23,0.00023,63,0.00063
-19,33,0,100000,24,0.00024,63,0.00063
-19,33,1,100000,27,0.00027,76,0.00076
-19,33,2,100000,45,0.00045,80,0.0008
-19,33,3,100000,23,0.00023,64,0.00064
-19,33,4,100000,45,0.00045,80,0.0008
-19,33,5,100000,18,0.00018,71,0.00071
-19,34,0,100000,32,0.00032,73,0.00073
-19,34,1,100000,30,0.0003,75,0.00075
-19,34,2,100000,26,0.00026,53,0.00053
-19,34,3,100000,19,0.00019,59,0.00059
-19,34,4,100000,22,0.00022,60,0.0006
-19,34,5,100000,33,0.00033,67,0.00067
-19,35,0,100000,35,0.00035,68,0.00068
-19,35,1,100000,27,0.00027,59,0.00059
-19,35,2,100000,17,0.00017,69,0.00069
-19,35,3,100000,29,0.00029,74,0.00074
-19,35,4,100000,35,0.00035,65,0.00065
-19,35,5,100000,14,0.00014,68,0.00068
-19,36,0,100000,34,0.00034,60,0.0006
-19,36,1,100000,23,0.00023,71,0.00071
-19,36,2,100000,29,0.00029,70,0.0007
-19,36,3,100000,30,0.0003,79,0.00079
-19,36,4,100000,43,0.00043,78,0.00078
-19,36,5,100000,53,0.00053,72,0.00072
-19,37,0,100000,18,0.00018,70,0.0007
-19,37,1,100000,52,0.00052,96,0.00096
-19,37,2,100000,46,0.00046,72,0.00072
-19,37,3,100000,26,0.00026,74,0.00074
-19,37,4,100000,36,0.00036,78,0.00078
-19,37,5,100000,22,0.00022,69,0.00069
-19,38,0,100000,38,0.00038,85,0.00085
-19,38,1,100000,31,0.00031,75,0.00075
-19,38,2,100000,48,0.00048,79,0.00079
-19,38,3,100000,43,0.00043,78,0.00078
-19,38,4,100000,33,0.00033,79,0.00079
-19,38,5,100000,22,0.00022,83,0.00083
-19,39,0,100000,20,0.0002,68,0.00068
-19,39,1,100000,18,0.00018,60,0.0006
-19,39,2,100000,26,0.00026,52,0.00052
-19,39,3,100000,34,0.00034,80,0.0008
-19,39,4,100000,36,0.00036,74,0.00074
-19,39,5,100000,19,0.00019,57,0.00057
-19,40,0,100000,24,0.00024,74,0.00074
-19,40,1,100000,17,0.00017,73,0.00073
-19,40,2,100000,19,0.00019,73,0.00073
-19,40,3,100000,42,0.00042,95,0.00095
-19,40,4,100000,31,0.00031,75,0.00075
-19,40,5,100000,23,0.00023,78,0.00078
-19,41,0,100000,38,0.00038,72,0.00072
-19,41,1,100000,25,0.00025,57,0.00057
-19,41,2,100000,29,0.00029,81,0.00081
-19,41,3,100000,26,0.00026,68,0.00068
-19,41,4,100000,37,0.00037,73,0.00073
-19,41,5,100000,28,0.00028,77,0.00077
-19,42,0,100000,23,0.00023,61,0.00061
-19,42,1,100000,33,0.00033,78,0.00078
-19,42,2,100000,26,0.00026,68,0.00068
-19,42,3,100000,28,0.00028,78,0.00078
-19,42,4,100000,27,0.00027,71,0.00071
-19,42,5,100000,36,0.00036,79,0.00079
-19,43,0,100000,24,0.00024,73,0.00073
-19,43,1,100000,29,0.00029,80,0.0008
-19,43,2,100000,33,0.00033,80,0.0008
-19,43,3,100000,22,0.00022,74,0.00074
-19,43,4,100000,57,0.00057,88,0.00088
-19,43,5,100000,35,0.00035,70,0.0007
-19,44,0,100000,41,0.00041,72,0.00072
-19,44,1,100000,40,0.0004,65,0.00065
-19,44,2,100000,31,0.00031,91,0.00091
-19,44,3,100000,22,0.00022,72,0.00072
-19,44,4,100000,24,0.00024,54,0.00054
-19,44,5,100000,16,0.00016,75,0.00075
-19,45,0,100000,39,0.00039,67,0.00067
-19,45,1,100000,23,0.00023,81,0.00081
-19,45,2,100000,25,0.00025,70,0.0007
-19,45,3,100000,17,0.00017,73,0.00073
-19,45,4,100000,35,0.00035,72,0.00072
-19,45,5,100000,36,0.00036,86,0.00086
-19,46,0,100000,31,0.00031,77,0.00077
-19,46,1,100000,32,0.00032,68,0.00068
-19,46,2,100000,29,0.00029,78,0.00078
-19,46,3,100000,24,0.00024,64,0.00064
-19,46,4,100000,29,0.00029,73,0.00073
-19,46,5,100000,20,0.0002,63,0.00063
-19,47,0,100000,40,0.0004,81,0.00081
-19,47,1,100000,38,0.00038,77,0.00077
-19,47,2,100000,24,0.00024,70,0.0007
-19,47,3,100000,29,0.00029,79,0.00079
-19,47,4,100000,23,0.00023,67,0.00067
-19,47,5,100000,42,0.00042,83,0.00083
-19,48,0,100000,22,0.00022,72,0.00072
-19,48,1,100000,25,0.00025,79,0.00079
-19,48,2,100000,34,0.00034,78,0.00078
-19,48,3,100000,25,0.00025,77,0.00077
-19,48,4,100000,28,0.00028,60,0.0006
-19,48,5,100000,15,0.00015,68,0.00068
-19,49,0,100000,32,0.00032,82,0.00082
-19,49,1,100000,23,0.00023,54,0.00054
-19,49,2,100000,33,0.00033,65,0.00065
-19,49,3,100000,30,0.0003,84,0.00084
-19,49,4,100000,28,0.00028,69,0.00069
-19,49,5,100000,28,0.00028,70,0.0007
-19,50,0,100000,22,0.00022,72,0.00072
-19,50,1,100000,29,0.00029,72,0.00072
-19,50,2,100000,18,0.00018,58,0.00058
-19,50,3,100000,39,0.00039,68,0.00068
-19,50,4,100000,27,0.00027,71,0.00071
-19,50,5,100000,27,0.00027,83,0.00083
-18,-50,0,100000,33,0.00033,82,0.00082
-18,-50,1,100000,14,0.00014,75,0.00075
-18,-50,2,100000,27,0.00027,65,0.00065
-18,-50,3,100000,19,0.00019,61,0.00061
-18,-50,4,100000,30,0.0003,77,0.00077
-18,-50,5,100000,42,0.00042,87,0.00087
-18,-49,0,100000,41,0.00041,59,0.00059
-18,-49,1,100000,25,0.00025,68,0.00068
-18,-49,2,100000,21,0.00021,64,0.00064
-18,-49,3,100000,26,0.00026,58,0.00058
-18,-49,4,100000,35,0.00035,67,0.00067
-18,-49,5,100000,42,0.00042,80,0.0008
-18,-48,0,100000,38,0.00038,83,0.00083
-18,-48,1,100000,27,0.00027,76,0.00076
-18,-48,2,100000,31,0.00031,75,0.00075
-18,-48,3,100000,30,0.0003,81,0.00081
-18,-48,4,100000,20,0.0002,60,0.0006
-18,-48,5,100000,13,0.00013,91,0.00091
-18,-47,0,100000,25,0.00025,82,0.00082
-18,-47,1,100000,28,0.00028,80,0.0008
-18,-47,2,100000,28,0.00028,56,0.00056
-18,-47,3,100000,18,0.00018,69,0.00069
-18,-47,4,100000,20,0.0002,65,0.00065
-18,-47,5,100000,35,0.00035,79,0.00079
-18,-46,0,100000,37,0.00037,74,0.00074
-18,-46,1,100000,20,0.0002,71,0.00071
-18,-46,2,100000,25,0.00025,73,0.00073
-18,-46,3,100000,27,0.00027,81,0.00081
-18,-46,4,100000,20,0.0002,67,0.00067
-18,-46,5,100000,40,0.0004,74,0.00074
-18,-45,0,100000,27,0.00027,57,0.00057
-18,-45,1,100000,29,0.00029,64,0.00064
-18,-45,2,100000,44,0.00044,87,0.00087
-18,-45,3,100000,29,0.00029,67,0.00067
-18,-45,4,100000,17,0.00017,61,0.00061
-18,-45,5,100000,26,0.00026,69,0.00069
-18,-44,0,100000,42,0.00042,82,0.00082
-18,-44,1,100000,30,0.0003,55,0.00055
-18,-44,2,100000,23,0.00023,70,0.0007
-18,-44,3,100000,18,0.00018,69,0.00069
-18,-44,4,100000,35,0.00035,84,0.00084
-18,-44,5,100000,13,0.00013,66,0.00066
-18,-43,0,100000,35,0.00035,73,0.00073
-18,-43,1,100000,24,0.00024,94,0.00094
-18,-43,2,100000,19,0.00019,67,0.00067
-18,-43,3,100000,39,0.00039,66,0.00066
-18,-43,4,100000,49,0.00049,64,0.00064
-18,-43,5,100000,29,0.00029,73,0.00073
-18,-42,0,100000,41,0.00041,87,0.00087
-18,-42,1,100000,34,0.00034,69,0.00069
-18,-42,2,100000,27,0.00027,79,0.00079
-18,-42,3,100000,39,0.00039,78,0.00078
-18,-42,4,100000,36,0.00036,87,0.00087
-18,-42,5,100000,38,0.00038,71,0.00071
-18,-41,0,100000,31,0.00031,77,0.00077
-18,-41,1,100000,22,0.00022,69,0.00069
-18,-41,2,100000,36,0.00036,79,0.00079
-18,-41,3,100000,21,0.00021,63,0.00063
-18,-41,4,100000,16,0.00016,72,0.00072
-18,-41,5,100000,30,0.0003,71,0.00071
-18,-40,0,100000,15,0.00015,57,0.00057
-18,-40,1,100000,44,0.00044,82,0.00082
-18,-40,2,100000,61,0.00061,88,0.00088
-18,-40,3,100000,13,0.00013,69,0.00069
-18,-40,4,100000,31,0.00031,66,0.00066
-18,-40,5,100000,15,0.00015,76,0.00076
-18,-39,0,100000,25,0.00025,71,0.00071
-18,-39,1,100000,18,0.00018,80,0.0008
-18,-39,2,100000,31,0.00031,87,0.00087
-18,-39,3,100000,30,0.0003,82,0.00082
-18,-39,4,100000,27,0.00027,76,0.00076
-18,-39,5,100000,56,0.00056,70,0.0007
-18,-38,0,100000,51,0.00051,72,0.00072
-18,-38,1,100000,24,0.00024,72,0.00072
-18,-38,2,100000,13,0.00013,62,0.00062
-18,-38,3,100000,25,0.00025,66,0.00066
-18,-38,4,100000,22,0.00022,65,0.00065
-18,-38,5,100000,20,0.0002,71,0.00071
-18,-37,0,100000,27,0.00027,70,0.0007
-18,-37,1,100000,48,0.00048,85,0.00085
-18,-37,2,100000,20,0.0002,76,0.00076
-18,-37,3,100000,35,0.00035,80,0.0008
-18,-37,4,100000,43,0.00043,81,0.00081
-18,-37,5,100000,21,0.00021,78,0.00078
-18,-36,0,100000,29,0.00029,80,0.0008
-18,-36,1,100000,18,0.00018,78,0.00078
-18,-36,2,100000,35,0.00035,79,0.00079
-18,-36,3,100000,34,0.00034,78,0.00078
-18,-36,4,100000,41,0.00041,84,0.00084
-18,-36,5,100000,34,0.00034,69,0.00069
-18,-35,0,100000,24,0.00024,91,0.00091
-18,-35,1,100000,26,0.00026,71,0.00071
-18,-35,2,100000,26,0.00026,76,0.00076
-18,-35,3,100000,21,0.00021,75,0.00075
-18,-35,4,100000,26,0.00026,70,0.0007
-18,-35,5,100000,39,0.00039,89,0.00089
-18,-34,0,100000,35,0.00035,74,0.00074
-18,-34,1,100000,24,0.00024,73,0.00073
-18,-34,2,100000,22,0.00022,71,0.00071
-18,-34,3,100000,21,0.00021,64,0.00064
-18,-34,4,100000,15,0.00015,64,0.00064
-18,-34,5,100000,25,0.00025,66,0.00066
-18,-33,0,100000,38,0.00038,74,0.00074
-18,-33,1,100000,22,0.00022,68,0.00068
-18,-33,2,100000,19,0.00019,63,0.00063
-18,-33,3,100000,46,0.00046,68,0.00068
-18,-33,4,100000,34,0.00034,59,0.00059
-18,-33,5,100000,28,0.00028,69,0.00069
-18,-32,0,100000,32,0.00032,60,0.0006
-18,-32,1,100000,25,0.00025,70,0.0007
-18,-32,2,100000,31,0.00031,77,0.00077
-18,-32,3,100000,24,0.00024,65,0.00065
-18,-32,4,100000,22,0.00022,72,0.00072
-18,-32,5,100000,26,0.00026,88,0.00088
-18,-31,0,100000,38,0.00038,76,0.00076
-18,-31,1,100000,38,0.00038,76,0.00076
-18,-31,2,100000,30,0.0003,82,0.00082
-18,-31,3,100000,19,0.00019,69,0.00069
-18,-31,4,100000,36,0.00036,71,0.00071
-18,-31,5,100000,27,0.00027,81,0.00081
-18,-30,0,100000,33,0.00033,96,0.00096
-18,-30,1,100000,21,0.00021,62,0.00062
-18,-30,2,100000,32,0.00032,79,0.00079
-18,-30,3,100000,38,0.00038,93,0.00093
-18,-30,4,100000,28,0.00028,82,0.00082
-18,-30,5,100000,44,0.00044,70,0.0007
-18,-29,0,100000,27,0.00027,71,0.00071
-18,-29,1,100000,18,0.00018,70,0.0007
-18,-29,2,100000,39,0.00039,83,0.00083
-18,-29,3,100000,30,0.0003,71,0.00071
-18,-29,4,100000,40,0.0004,86,0.00086
-18,-29,5,100000,26,0.00026,69,0.00069
-18,-28,0,100000,43,0.00043,79,0.00079
-18,-28,1,100000,32,0.00032,91,0.00091
-18,-28,2,100000,45,0.00045,79,0.00079
-18,-28,3,100000,20,0.0002,71,0.00071
-18,-28,4,100000,31,0.00031,75,0.00075
-18,-28,5,100000,32,0.00032,68,0.00068
-18,-27,0,100000,30,0.0003,87,0.00087
-18,-27,1,100000,27,0.00027,60,0.0006
-18,-27,2,100000,21,0.00021,60,0.0006
-18,-27,3,100000,50,0.0005,88,0.00088
-18,-27,4,100000,46,0.00046,88,0.00088
-18,-27,5,100000,47,0.00047,76,0.00076
-18,-26,0,100000,33,0.00033,80,0.0008
-18,-26,1,100000,25,0.00025,52,0.00052
-18,-26,2,100000,55,0.00055,79,0.00079
-18,-26,3,100000,42,0.00042,84,0.00084
-18,-26,4,100000,19,0.00019,72,0.00072
-18,-26,5,100000,33,0.00033,78,0.00078
-18,-25,0,100000,16,0.00016,65,0.00065
-18,-25,1,100000,23,0.00023,71,0.00071
-18,-25,2,100000,19,0.00019,64,0.00064
-18,-25,3,100000,30,0.0003,76,0.00076
-18,-25,4,100000,27,0.00027,69,0.00069
-18,-25,5,100000,39,0.00039,65,0.00065
-18,-24,0,100000,34,0.00034,85,0.00085
-18,-24,1,100000,41,0.00041,81,0.00081
-18,-24,2,100000,16,0.00016,60,0.0006
-18,-24,3,100000,39,0.00039,71,0.00071
-18,-24,4,100000,33,0.00033,73,0.00073
-18,-24,5,100000,33,0.00033,73,0.00073
-18,-23,0,100000,23,0.00023,77,0.00077
-18,-23,1,100000,26,0.00026,72,0.00072
-18,-23,2,100000,27,0.00027,75,0.00075
-18,-23,3,100000,35,0.00035,70,0.0007
-18,-23,4,100000,31,0.00031,76,0.00076
-18,-23,5,100000,24,0.00024,68,0.00068
-18,-22,0,100000,25,0.00025,66,0.00066
-18,-22,1,100000,28,0.00028,75,0.00075
-18,-22,2,100000,38,0.00038,69,0.00069
-18,-22,3,100000,43,0.00043,79,0.00079
-18,-22,4,100000,38,0.00038,75,0.00075
-18,-22,5,100000,25,0.00025,84,0.00084
-18,-21,0,100000,33,0.00033,66,0.00066
-18,-21,1,100000,12,0.00012,44,0.00044
-18,-21,2,100000,9,9e-05,87,0.00087
-18,-21,3,100000,23,0.00023,62,0.00062
-18,-21,4,100000,25,0.00025,62,0.00062
-18,-21,5,100000,34,0.00034,74,0.00074
-18,-20,0,100000,39,0.00039,89,0.00089
-18,-20,1,100000,35,0.00035,77,0.00077
-18,-20,2,100000,27,0.00027,76,0.00076
-18,-20,3,100000,30,0.0003,59,0.00059
-18,-20,4,100000,69,0.00069,79,0.00079
-18,-20,5,100000,56,0.00056,85,0.00085
-18,-19,0,100000,37,0.00037,78,0.00078
-18,-19,1,100000,19,0.00019,75,0.00075
-18,-19,2,100000,25,0.00025,80,0.0008
-18,-19,3,100000,45,0.00045,83,0.00083
-18,-19,4,100000,19,0.00019,86,0.00086
-18,-19,5,100000,26,0.00026,87,0.00087
-18,-18,0,100000,36,0.00036,93,0.00093
-18,-18,1,100000,24,0.00024,62,0.00062
-18,-18,2,100000,56,0.00056,80,0.0008
-18,-18,3,100000,43,0.00043,70,0.0007
-18,-18,4,100000,25,0.00025,66,0.00066
-18,-18,5,100000,23,0.00023,70,0.0007
-18,-17,0,100000,23,0.00023,71,0.00071
-18,-17,1,100000,24,0.00024,73,0.00073
-18,-17,2,100000,37,0.00037,83,0.00083
-18,-17,3,100000,29,0.00029,65,0.00065
-18,-17,4,100000,25,0.00025,80,0.0008
-18,-17,5,100000,30,0.0003,88,0.00088
-18,-16,0,100000,33,0.00033,61,0.00061
-18,-16,1,100000,46,0.00046,88,0.00088
-18,-16,2,100000,35,0.00035,71,0.00071
-18,-16,3,100000,27,0.00027,55,0.00055
-18,-16,4,100000,31,0.00031,78,0.00078
-18,-16,5,100000,31,0.00031,83,0.00083
-18,-15,0,100000,26,0.00026,72,0.00072
-18,-15,1,100000,18,0.00018,75,0.00075
-18,-15,2,100000,32,0.00032,73,0.00073
-18,-15,3,100000,29,0.00029,73,0.00073
-18,-15,4,100000,33,0.00033,68,0.00068
-18,-15,5,100000,44,0.00044,80,0.0008
-18,-14,0,100000,44,0.00044,63,0.00063
-18,-14,1,100000,31,0.00031,80,0.0008
-18,-14,2,100000,33,0.00033,76,0.00076
-18,-14,3,100000,28,0.00028,66,0.00066
-18,-14,4,100000,33,0.00033,59,0.00059
-18,-14,5,100000,28,0.00028,75,0.00075
-18,-13,0,100000,25,0.00025,75,0.00075
-18,-13,1,100000,31,0.00031,71,0.00071
-18,-13,2,100000,30,0.0003,81,0.00081
-18,-13,3,100000,41,0.00041,87,0.00087
-18,-13,4,100000,28,0.00028,86,0.00086
-18,-13,5,100000,34,0.00034,73,0.00073
-18,-12,0,100000,28,0.00028,72,0.00072
-18,-12,1,100000,26,0.00026,65,0.00065
-18,-12,2,100000,36,0.00036,60,0.0006
-18,-12,3,100000,33,0.00033,83,0.00083
-18,-12,4,100000,45,0.00045,83,0.00083
-18,-12,5,100000,36,0.00036,82,0.00082
-18,-11,0,100000,51,0.00051,69,0.00069
-18,-11,1,100000,23,0.00023,79,0.00079
-18,-11,2,100000,41,0.00041,85,0.00085
-18,-11,3,100000,41,0.00041,80,0.0008
-18,-11,4,100000,23,0.00023,74,0.00074
-18,-11,5,100000,24,0.00024,78,0.00078
-18,-10,0,100000,32,0.00032,72,0.00072
-18,-10,1,100000,27,0.00027,66,0.00066
-18,-10,2,100000,37,0.00037,69,0.00069
-18,-10,3,100000,40,0.0004,70,0.0007
-18,-10,4,100000,26,0.00026,78,0.00078
-18,-10,5,100000,27,0.00027,59,0.00059
-18,-9,0,100000,27,0.00027,78,0.00078
-18,-9,1,100000,35,0.00035,68,0.00068
-18,-9,2,100000,19,0.00019,61,0.00061
-18,-9,3,100000,34,0.00034,73,0.00073
-18,-9,4,100000,21,0.00021,80,0.0008
-18,-9,5,100000,30,0.0003,63,0.00063
-18,-8,0,100000,24,0.00024,75,0.00075
-18,-8,1,100000,17,0.00017,60,0.0006
-18,-8,2,100000,36,0.00036,85,0.00085
-18,-8,3,100000,30,0.0003,68,0.00068
-18,-8,4,100000,34,0.00034,81,0.00081
-18,-8,5,100000,22,0.00022,59,0.00059
-18,-7,0,100000,34,0.00034,58,0.00058
-18,-7,1,100000,29,0.00029,77,0.00077
-18,-7,2,100000,30,0.0003,81,0.00081
-18,-7,3,100000,25,0.00025,61,0.00061
-18,-7,4,100000,48,0.00048,79,0.00079
-18,-7,5,100000,16,0.00016,85,0.00085
-18,-6,0,100000,35,0.00035,86,0.00086
-18,-6,1,100000,17,0.00017,65,0.00065
-18,-6,2,100000,29,0.00029,61,0.00061
-18,-6,3,100000,28,0.00028,60,0.0006
-18,-6,4,100000,14,0.00014,62,0.00062
-18,-6,5,100000,10,0.0001,65,0.00065
-18,-5,0,100000,50,0.0005,77,0.00077
-18,-5,1,100000,27,0.00027,76,0.00076
-18,-5,2,100000,14,0.00014,65,0.00065
-18,-5,3,100000,30,0.0003,61,0.00061
-18,-5,4,100000,42,0.00042,84,0.00084
-18,-5,5,100000,18,0.00018,61,0.00061
-18,-4,0,100000,41,0.00041,76,0.00076
-18,-4,1,100000,36,0.00036,94,0.00094
-18,-4,2,100000,32,0.00032,81,0.00081
-18,-4,3,100000,25,0.00025,71,0.00071
-18,-4,4,100000,23,0.00023,84,0.00084
-18,-4,5,100000,25,0.00025,78,0.00078
-18,-3,0,100000,23,0.00023,80,0.0008
-18,-3,1,100000,43,0.00043,94,0.00094
-18,-3,2,100000,35,0.00035,60,0.0006
-18,-3,3,100000,17,0.00017,56,0.00056
-18,-3,4,100000,27,0.00027,75,0.00075
-18,-3,5,100000,26,0.00026,64,0.00064
-18,-2,0,100000,46,0.00046,83,0.00083
-18,-2,1,100000,34,0.00034,94,0.00094
-18,-2,2,100000,16,0.00016,64,0.00064
-18,-2,3,100000,29,0.00029,80,0.0008
-18,-2,4,100000,36,0.00036,76,0.00076
-18,-2,5,100000,25,0.00025,69,0.00069
-18,-1,0,100000,26,0.00026,73,0.00073
-18,-1,1,100000,21,0.00021,77,0.00077
-18,-1,2,100000,34,0.00034,64,0.00064
-18,-1,3,100000,29,0.00029,68,0.00068
-18,-1,4,100000,29,0.00029,76,0.00076
-18,-1,5,100000,29,0.00029,69,0.00069
-18,0,0,100000,46,0.00046,78,0.00078
-18,0,1,100000,34,0.00034,70,0.0007
-18,0,2,100000,32,0.00032,79,0.00079
-18,0,3,100000,21,0.00021,64,0.00064
-18,0,4,100000,35,0.00035,84,0.00084
-18,0,5,100000,34,0.00034,87,0.00087
-18,1,0,100000,47,0.00047,62,0.00062
-18,1,1,100000,23,0.00023,62,0.00062
-18,1,2,100000,48,0.00048,80,0.0008
-18,1,3,100000,21,0.00021,78,0.00078
-18,1,4,100000,17,0.00017,68,0.00068
-18,1,5,100000,18,0.00018,62,0.00062
-18,2,0,100000,47,0.00047,96,0.00096
-18,2,1,100000,54,0.00054,85,0.00085
-18,2,2,100000,26,0.00026,57,0.00057
-18,2,3,100000,47,0.00047,78,0.00078
-18,2,4,100000,14,0.00014,76,0.00076
-18,2,5,100000,24,0.00024,65,0.00065
-18,3,0,100000,18,0.00018,76,0.00076
-18,3,1,100000,22,0.00022,68,0.00068
-18,3,2,100000,30,0.0003,75,0.00075
-18,3,3,100000,15,0.00015,68,0.00068
-18,3,4,100000,31,0.00031,78,0.00078
-18,3,5,100000,36,0.00036,72,0.00072
-18,4,0,100000,39,0.00039,71,0.00071
-18,4,1,100000,19,0.00019,74,0.00074
-18,4,2,100000,20,0.0002,80,0.0008
-18,4,3,100000,30,0.0003,69,0.00069
-18,4,4,100000,20,0.0002,77,0.00077
-18,4,5,100000,31,0.00031,75,0.00075
-18,5,0,100000,30,0.0003,68,0.00068
-18,5,1,100000,18,0.00018,81,0.00081
-18,5,2,100000,44,0.00044,73,0.00073
-18,5,3,100000,32,0.00032,79,0.00079
-18,5,4,100000,58,0.00058,94,0.00094
-18,5,5,100000,36,0.00036,89,0.00089
-18,6,0,100000,35,0.00035,71,0.00071
-18,6,1,100000,38,0.00038,92,0.00092
-18,6,2,100000,41,0.00041,68,0.00068
-18,6,3,100000,22,0.00022,77,0.00077
-18,6,4,100000,31,0.00031,66,0.00066
-18,6,5,100000,23,0.00023,70,0.0007
-18,7,0,100000,20,0.0002,73,0.00073
-18,7,1,100000,29,0.00029,73,0.00073
-18,7,2,100000,23,0.00023,54,0.00054
-18,7,3,100000,34,0.00034,64,0.00064
-18,7,4,100000,32,0.00032,74,0.00074
-18,7,5,100000,28,0.00028,65,0.00065
-18,8,0,100000,41,0.00041,72,0.00072
-18,8,1,100000,33,0.00033,67,0.00067
-18,8,2,100000,34,0.00034,59,0.00059
-18,8,3,100000,18,0.00018,73,0.00073
-18,8,4,100000,31,0.00031,69,0.00069
-18,8,5,100000,28,0.00028,68,0.00068
-18,9,0,100000,19,0.00019,69,0.00069
-18,9,1,100000,15,0.00015,75,0.00075
-18,9,2,100000,44,0.00044,96,0.00096
-18,9,3,100000,33,0.00033,61,0.00061
-18,9,4,100000,23,0.00023,84,0.00084
-18,9,5,100000,42,0.00042,77,0.00077
-18,10,0,100000,38,0.00038,76,0.00076
-18,10,1,100000,40,0.0004,85,0.00085
-18,10,2,100000,38,0.00038,79,0.00079
-18,10,3,100000,25,0.00025,59,0.00059
-18,10,4,100000,31,0.00031,82,0.00082
-18,10,5,100000,21,0.00021,49,0.00049
-18,11,0,100000,16,0.00016,66,0.00066
-18,11,1,100000,36,0.00036,64,0.00064
-18,11,2,100000,19,0.00019,71,0.00071
-18,11,3,100000,18,0.00018,72,0.00072
-18,11,4,100000,54,0.00054,97,0.00097
-18,11,5,100000,25,0.00025,80,0.0008
-18,12,0,100000,27,0.00027,63,0.00063
-18,12,1,100000,31,0.00031,82,0.00082
-18,12,2,100000,30,0.0003,65,0.00065
-18,12,3,100000,21,0.00021,61,0.00061
-18,12,4,100000,20,0.0002,70,0.0007
-18,12,5,100000,25,0.00025,68,0.00068
-18,13,0,100000,15,0.00015,59,0.00059
-18,13,1,100000,43,0.00043,77,0.00077
-18,13,2,100000,19,0.00019,65,0.00065
-18,13,3,100000,34,0.00034,72,0.00072
-18,13,4,100000,43,0.00043,76,0.00076
-18,13,5,100000,39,0.00039,72,0.00072
-18,14,0,100000,29,0.00029,64,0.00064
-18,14,1,100000,15,0.00015,82,0.00082
-18,14,2,100000,23,0.00023,72,0.00072
-18,14,3,100000,29,0.00029,71,0.00071
-18,14,4,100000,56,0.00056,87,0.00087
-18,14,5,100000,52,0.00052,78,0.00078
-18,15,0,100000,47,0.00047,68,0.00068
-18,15,1,100000,32,0.00032,58,0.00058
-18,15,2,100000,27,0.00027,71,0.00071
-18,15,3,100000,18,0.00018,64,0.00064
-18,15,4,100000,34,0.00034,59,0.00059
-18,15,5,100000,22,0.00022,76,0.00076
-18,16,0,100000,25,0.00025,81,0.00081
-18,16,1,100000,31,0.00031,74,0.00074
-18,16,2,100000,34,0.00034,76,0.00076
-18,16,3,100000,18,0.00018,73,0.00073
-18,16,4,100000,29,0.00029,71,0.00071
-18,16,5,100000,21,0.00021,63,0.00063
-18,17,0,100000,20,0.0002,77,0.00077
-18,17,1,100000,22,0.00022,77,0.00077
-18,17,2,100000,39,0.00039,68,0.00068
-18,17,3,100000,30,0.0003,70,0.0007
-18,17,4,100000,21,0.00021,62,0.00062
-18,17,5,100000,38,0.00038,74,0.00074
-18,18,0,100000,28,0.00028,89,0.00089
-18,18,1,100000,24,0.00024,67,0.00067
-18,18,2,100000,26,0.00026,78,0.00078
-18,18,3,100000,31,0.00031,82,0.00082
-18,18,4,100000,29,0.00029,56,0.00056
-18,18,5,100000,67,0.00067,94,0.00094
-18,19,0,100000,11,0.00011,47,0.00047
-18,19,1,100000,46,0.00046,67,0.00067
-18,19,2,100000,21,0.00021,64,0.00064
-18,19,3,100000,20,0.0002,71,0.00071
-18,19,4,100000,35,0.00035,78,0.00078
-18,19,5,100000,28,0.00028,70,0.0007
-18,20,0,100000,34,0.00034,88,0.00088
-18,20,1,100000,21,0.00021,78,0.00078
-18,20,2,100000,30,0.0003,76,0.00076
-18,20,3,100000,34,0.00034,66,0.00066
-18,20,4,100000,30,0.0003,68,0.00068
-18,20,5,100000,27,0.00027,78,0.00078
-18,21,0,100000,52,0.00052,79,0.00079
-18,21,1,100000,28,0.00028,79,0.00079
-18,21,2,100000,32,0.00032,88,0.00088
-18,21,3,100000,33,0.00033,71,0.00071
-18,21,4,100000,36,0.00036,72,0.00072
-18,21,5,100000,29,0.00029,77,0.00077
-18,22,0,100000,44,0.00044,82,0.00082
-18,22,1,100000,37,0.00037,74,0.00074
-18,22,2,100000,28,0.00028,77,0.00077
-18,22,3,100000,20,0.0002,63,0.00063
-18,22,4,100000,30,0.0003,65,0.00065
-18,22,5,100000,35,0.00035,70,0.0007
-18,23,0,100000,31,0.00031,84,0.00084
-18,23,1,100000,29,0.00029,85,0.00085
-18,23,2,100000,20,0.0002,77,0.00077
-18,23,3,100000,38,0.00038,79,0.00079
-18,23,4,100000,25,0.00025,64,0.00064
-18,23,5,100000,18,0.00018,74,0.00074
-18,24,0,100000,35,0.00035,76,0.00076
-18,24,1,100000,25,0.00025,68,0.00068
-18,24,2,100000,22,0.00022,59,0.00059
-18,24,3,100000,16,0.00016,71,0.00071
-18,24,4,100000,35,0.00035,65,0.00065
-18,24,5,100000,30,0.0003,67,0.00067
-18,25,0,100000,39,0.00039,59,0.00059
-18,25,1,100000,31,0.00031,65,0.00065
-18,25,2,100000,34,0.00034,64,0.00064
-18,25,3,100000,52,0.00052,85,0.00085
-18,25,4,100000,41,0.00041,75,0.00075
-18,25,5,100000,33,0.00033,83,0.00083
-18,26,0,100000,34,0.00034,72,0.00072
-18,26,1,100000,33,0.00033,69,0.00069
-18,26,2,100000,25,0.00025,72,0.00072
-18,26,3,100000,13,0.00013,78,0.00078
-18,26,4,100000,39,0.00039,83,0.00083
-18,26,5,100000,55,0.00055,97,0.00097
-18,27,0,100000,33,0.00033,79,0.00079
-18,27,1,100000,23,0.00023,87,0.00087
-18,27,2,100000,30,0.0003,69,0.00069
-18,27,3,100000,25,0.00025,88,0.00088
-18,27,4,100000,18,0.00018,59,0.00059
-18,27,5,100000,32,0.00032,87,0.00087
-18,28,0,100000,40,0.0004,78,0.00078
-18,28,1,100000,32,0.00032,62,0.00062
-18,28,2,100000,16,0.00016,64,0.00064
-18,28,3,100000,42,0.00042,74,0.00074
-18,28,4,100000,30,0.0003,78,0.00078
-18,28,5,100000,34,0.00034,74,0.00074
-18,29,0,100000,28,0.00028,96,0.00096
-18,29,1,100000,22,0.00022,74,0.00074
-18,29,2,100000,21,0.00021,70,0.0007
-18,29,3,100000,25,0.00025,67,0.00067
-18,29,4,100000,37,0.00037,76,0.00076
-18,29,5,100000,18,0.00018,78,0.00078
-18,30,0,100000,27,0.00027,83,0.00083
-18,30,1,100000,26,0.00026,63,0.00063
-18,30,2,100000,27,0.00027,84,0.00084
-18,30,3,100000,35,0.00035,81,0.00081
-18,30,4,100000,11,0.00011,70,0.0007
-18,30,5,100000,52,0.00052,91,0.00091
-18,31,0,100000,33,0.00033,78,0.00078
-18,31,1,100000,22,0.00022,74,0.00074
-18,31,2,100000,28,0.00028,64,0.00064
-18,31,3,100000,30,0.0003,77,0.00077
-18,31,4,100000,49,0.00049,74,0.00074
-18,31,5,100000,15,0.00015,74,0.00074
-18,32,0,100000,41,0.00041,87,0.00087
-18,32,1,100000,15,0.00015,60,0.0006
-18,32,2,100000,22,0.00022,67,0.00067
-18,32,3,100000,32,0.00032,69,0.00069
-18,32,4,100000,38,0.00038,84,0.00084
-18,32,5,100000,23,0.00023,87,0.00087
-18,33,0,100000,41,0.00041,69,0.00069
-18,33,1,100000,23,0.00023,90,0.0009
-18,33,2,100000,44,0.00044,69,0.00069
-18,33,3,100000,39,0.00039,65,0.00065
-18,33,4,100000,29,0.00029,66,0.00066
-18,33,5,100000,27,0.00027,73,0.00073
-18,34,0,100000,27,0.00027,69,0.00069
-18,34,1,100000,34,0.00034,74,0.00074
-18,34,2,100000,23,0.00023,74,0.00074
-18,34,3,100000,35,0.00035,84,0.00084
-18,34,4,100000,40,0.0004,82,0.00082
-18,34,5,100000,41,0.00041,88,0.00088
-18,35,0,100000,41,0.00041,80,0.0008
-18,35,1,100000,37,0.00037,68,0.00068
-18,35,2,100000,20,0.0002,56,0.00056
-18,35,3,100000,24,0.00024,76,0.00076
-18,35,4,100000,22,0.00022,76,0.00076
-18,35,5,100000,37,0.00037,76,0.00076
-18,36,0,100000,31,0.00031,71,0.00071
-18,36,1,100000,23,0.00023,69,0.00069
-18,36,2,100000,28,0.00028,70,0.0007
-18,36,3,100000,20,0.0002,69,0.00069
-18,36,4,100000,29,0.00029,75,0.00075
-18,36,5,100000,13,0.00013,56,0.00056
-18,37,0,100000,43,0.00043,86,0.00086
-18,37,1,100000,16,0.00016,66,0.00066
-18,37,2,100000,22,0.00022,67,0.00067
-18,37,3,100000,31,0.00031,71,0.00071
-18,37,4,100000,38,0.00038,66,0.00066
-18,37,5,100000,46,0.00046,74,0.00074
-18,38,0,100000,21,0.00021,61,0.00061
-18,38,1,100000,51,0.00051,77,0.00077
-18,38,2,100000,36,0.00036,82,0.00082
-18,38,3,100000,40,0.0004,88,0.00088
-18,38,4,100000,40,0.0004,76,0.00076
-18,38,5,100000,32,0.00032,78,0.00078
-18,39,0,100000,29,0.00029,77,0.00077
-18,39,1,100000,34,0.00034,73,0.00073
-18,39,2,100000,27,0.00027,78,0.00078
-18,39,3,100000,34,0.00034,65,0.00065
-18,39,4,100000,17,0.00017,78,0.00078
-18,39,5,100000,35,0.00035,72,0.00072
-18,40,0,100000,36,0.00036,83,0.00083
-18,40,1,100000,21,0.00021,58,0.00058
-18,40,2,100000,37,0.00037,72,0.00072
-18,40,3,100000,11,0.00011,69,0.00069
-18,40,4,100000,30,0.0003,73,0.00073
-18,40,5,100000,32,0.00032,53,0.00053
-18,41,0,100000,36,0.00036,74,0.00074
-18,41,1,100000,41,0.00041,95,0.00095
-18,41,2,100000,30,0.0003,63,0.00063
-18,41,3,100000,45,0.00045,71,0.00071
-18,41,4,100000,21,0.00021,70,0.0007
-18,41,5,100000,25,0.00025,69,0.00069
-18,42,0,100000,30,0.0003,71,0.00071
-18,42,1,100000,43,0.00043,84,0.00084
-18,42,2,100000,13,0.00013,60,0.0006
-18,42,3,100000,34,0.00034,68,0.00068
-18,42,4,100000,20,0.0002,57,0.00057
-18,42,5,100000,27,0.00027,81,0.00081
-18,43,0,100000,26,0.00026,63,0.00063
-18,43,1,100000,18,0.00018,61,0.00061
-18,43,2,100000,35,0.00035,76,0.00076
-18,43,3,100000,22,0.00022,85,0.00085
-18,43,4,100000,39,0.00039,73,0.00073
-18,43,5,100000,54,0.00054,90,0.0009
-18,44,0,100000,33,0.00033,79,0.00079
-18,44,1,100000,35,0.00035,69,0.00069
-18,44,2,100000,36,0.00036,73,0.00073
-18,44,3,100000,35,0.00035,67,0.00067
-18,44,4,100000,45,0.00045,70,0.0007
-18,44,5,100000,23,0.00023,65,0.00065
-18,45,0,100000,41,0.00041,75,0.00075
-18,45,1,100000,31,0.00031,78,0.00078
-18,45,2,100000,39,0.00039,71,0.00071
-18,45,3,100000,15,0.00015,65,0.00065
-18,45,4,100000,30,0.0003,82,0.00082
-18,45,5,100000,29,0.00029,61,0.00061
-18,46,0,100000,40,0.0004,63,0.00063
-18,46,1,100000,20,0.0002,72,0.00072
-18,46,2,100000,26,0.00026,68,0.00068
-18,46,3,100000,27,0.00027,71,0.00071
-18,46,4,100000,23,0.00023,78,0.00078
-18,46,5,100000,31,0.00031,72,0.00072
-18,47,0,100000,23,0.00023,77,0.00077
-18,47,1,100000,27,0.00027,93,0.00093
-18,47,2,100000,39,0.00039,73,0.00073
-18,47,3,100000,41,0.00041,64,0.00064
-18,47,4,100000,41,0.00041,78,0.00078
-18,47,5,100000,39,0.00039,83,0.00083
-18,48,0,100000,56,0.00056,60,0.0006
-18,48,1,100000,54,0.00054,76,0.00076
-18,48,2,100000,37,0.00037,77,0.00077
-18,48,3,100000,49,0.00049,84,0.00084
-18,48,4,100000,38,0.00038,71,0.00071
-18,48,5,100000,29,0.00029,77,0.00077
-18,49,0,100000,18,0.00018,54,0.00054
-18,49,1,100000,46,0.00046,76,0.00076
-18,49,2,100000,40,0.0004,73,0.00073
-18,49,3,100000,9,9e-05,74,0.00074
-18,49,4,100000,36,0.00036,68,0.00068
-18,49,5,100000,29,0.00029,62,0.00062
-18,50,0,100000,34,0.00034,68,0.00068
-18,50,1,100000,39,0.00039,72,0.00072
-18,50,2,100000,32,0.00032,63,0.00063
-18,50,3,100000,25,0.00025,77,0.00077
-18,50,4,100000,35,0.00035,71,0.00071
-18,50,5,100000,37,0.00037,71,0.00071
-17,-50,0,100000,42,0.00042,67,0.00067
-17,-50,1,100000,31,0.00031,78,0.00078
-17,-50,2,100000,42,0.00042,75,0.00075
-17,-50,3,100000,24,0.00024,61,0.00061
-17,-50,4,100000,32,0.00032,73,0.00073
-17,-50,5,100000,27,0.00027,83,0.00083
-17,-49,0,100000,34,0.00034,76,0.00076
-17,-49,1,100000,41,0.00041,69,0.00069
-17,-49,2,100000,12,0.00012,63,0.00063
-17,-49,3,100000,31,0.00031,65,0.00065
-17,-49,4,100000,14,0.00014,58,0.00058
-17,-49,5,100000,19,0.00019,70,0.0007
-17,-48,0,100000,18,0.00018,79,0.00079
-17,-48,1,100000,31,0.00031,80,0.0008
-17,-48,2,100000,30,0.0003,79,0.00079
-17,-48,3,100000,42,0.00042,82,0.00082
-17,-48,4,100000,22,0.00022,70,0.0007
-17,-48,5,100000,34,0.00034,69,0.00069
-17,-47,0,100000,45,0.00045,78,0.00078
-17,-47,1,100000,25,0.00025,76,0.00076
-17,-47,2,100000,23,0.00023,66,0.00066
-17,-47,3,100000,20,0.0002,65,0.00065
-17,-47,4,100000,27,0.00027,81,0.00081
-17,-47,5,100000,26,0.00026,79,0.00079
-17,-46,0,100000,41,0.00041,75,0.00075
-17,-46,1,100000,34,0.00034,74,0.00074
-17,-46,2,100000,26,0.00026,67,0.00067
-17,-46,3,100000,39,0.00039,76,0.00076
-17,-46,4,100000,38,0.00038,79,0.00079
-17,-46,5,100000,22,0.00022,61,0.00061
-17,-45,0,100000,38,0.00038,65,0.00065
-17,-45,1,100000,26,0.00026,69,0.00069
-17,-45,2,100000,50,0.0005,80,0.0008
-17,-45,3,100000,26,0.00026,78,0.00078
-17,-45,4,100000,40,0.0004,83,0.00083
-17,-45,5,100000,26,0.00026,71,0.00071
-17,-44,0,100000,22,0.00022,82,0.00082
-17,-44,1,100000,18,0.00018,73,0.00073
-17,-44,2,100000,58,0.00058,65,0.00065
-17,-44,3,100000,28,0.00028,69,0.00069
-17,-44,4,100000,21,0.00021,70,0.0007
-17,-44,5,100000,18,0.00018,78,0.00078
-17,-43,0,100000,27,0.00027,75,0.00075
-17,-43,1,100000,22,0.00022,66,0.00066
-17,-43,2,100000,33,0.00033,72,0.00072
-17,-43,3,100000,23,0.00023,67,0.00067
-17,-43,4,100000,35,0.00035,68,0.00068
-17,-43,5,100000,21,0.00021,84,0.00084
-17,-42,0,100000,26,0.00026,75,0.00075
-17,-42,1,100000,36,0.00036,79,0.00079
-17,-42,2,100000,30,0.0003,70,0.0007
-17,-42,3,100000,39,0.00039,86,0.00086
-17,-42,4,100000,27,0.00027,74,0.00074
-17,-42,5,100000,24,0.00024,74,0.00074
-17,-41,0,100000,31,0.00031,74,0.00074
-17,-41,1,100000,21,0.00021,66,0.00066
-17,-41,2,100000,33,0.00033,55,0.00055
-17,-41,3,100000,35,0.00035,80,0.0008
-17,-41,4,100000,35,0.00035,66,0.00066
-17,-41,5,100000,45,0.00045,75,0.00075
-17,-40,0,100000,27,0.00027,68,0.00068
-17,-40,1,100000,20,0.0002,72,0.00072
-17,-40,2,100000,30,0.0003,73,0.00073
-17,-40,3,100000,46,0.00046,58,0.00058
-17,-40,4,100000,33,0.00033,71,0.00071
-17,-40,5,100000,46,0.00046,87,0.00087
-17,-39,0,100000,28,0.00028,68,0.00068
-17,-39,1,100000,29,0.00029,62,0.00062
-17,-39,2,100000,31,0.00031,79,0.00079
-17,-39,3,100000,37,0.00037,74,0.00074
-17,-39,4,100000,19,0.00019,76,0.00076
-17,-39,5,100000,22,0.00022,65,0.00065
-17,-38,0,100000,23,0.00023,74,0.00074
-17,-38,1,100000,37,0.00037,78,0.00078
-17,-38,2,100000,38,0.00038,67,0.00067
-17,-38,3,100000,16,0.00016,58,0.00058
-17,-38,4,100000,32,0.00032,70,0.0007
-17,-38,5,100000,34,0.00034,84,0.00084
-17,-37,0,100000,22,0.00022,51,0.00051
-17,-37,1,100000,16,0.00016,65,0.00065
-17,-37,2,100000,22,0.00022,64,0.00064
-17,-37,3,100000,20,0.0002,69,0.00069
-17,-37,4,100000,24,0.00024,71,0.00071
-17,-37,5,100000,19,0.00019,66,0.00066
-17,-36,0,100000,32,0.00032,78,0.00078
-17,-36,1,100000,27,0.00027,70,0.0007
-17,-36,2,100000,39,0.00039,67,0.00067
-17,-36,3,100000,38,0.00038,80,0.0008
-17,-36,4,100000,46,0.00046,70,0.0007
-17,-36,5,100000,29,0.00029,68,0.00068
-17,-35,0,100000,28,0.00028,75,0.00075
-17,-35,1,100000,38,0.00038,76,0.00076
-17,-35,2,100000,47,0.00047,65,0.00065
-17,-35,3,100000,29,0.00029,76,0.00076
-17,-35,4,100000,22,0.00022,74,0.00074
-17,-35,5,100000,28,0.00028,83,0.00083
-17,-34,0,100000,41,0.00041,71,0.00071
-17,-34,1,100000,30,0.0003,75,0.00075
-17,-34,2,100000,19,0.00019,70,0.0007
-17,-34,3,100000,31,0.00031,69,0.00069
-17,-34,4,100000,17,0.00017,65,0.00065
-17,-34,5,100000,33,0.00033,80,0.0008
-17,-33,0,100000,24,0.00024,59,0.00059
-17,-33,1,100000,23,0.00023,67,0.00067
-17,-33,2,100000,47,0.00047,78,0.00078
-17,-33,3,100000,35,0.00035,83,0.00083
-17,-33,4,100000,29,0.00029,81,0.00081
-17,-33,5,100000,17,0.00017,60,0.0006
-17,-32,0,100000,26,0.00026,59,0.00059
-17,-32,1,100000,28,0.00028,85,0.00085
-17,-32,2,100000,25,0.00025,75,0.00075
-17,-32,3,100000,29,0.00029,50,0.0005
-17,-32,4,100000,33,0.00033,72,0.00072
-17,-32,5,100000,20,0.0002,60,0.0006
-17,-31,0,100000,38,0.00038,74,0.00074
-17,-31,1,100000,36,0.00036,78,0.00078
-17,-31,2,100000,39,0.00039,78,0.00078
-17,-31,3,100000,14,0.00014,65,0.00065
-17,-31,4,100000,27,0.00027,75,0.00075
-17,-31,5,100000,26,0.00026,71,0.00071
-17,-30,0,100000,44,0.00044,82,0.00082
-17,-30,1,100000,37,0.00037,75,0.00075
-17,-30,2,100000,43,0.00043,77,0.00077
-17,-30,3,100000,26,0.00026,68,0.00068
-17,-30,4,100000,25,0.00025,71,0.00071
-17,-30,5,100000,30,0.0003,76,0.00076
-17,-29,0,100000,26,0.00026,68,0.00068
-17,-29,1,100000,47,0.00047,80,0.0008
-17,-29,2,100000,11,0.00011,71,0.00071
-17,-29,3,100000,23,0.00023,72,0.00072
-17,-29,4,100000,34,0.00034,56,0.00056
-17,-29,5,100000,36,0.00036,65,0.00065
-17,-28,0,100000,36,0.00036,80,0.0008
-17,-28,1,100000,22,0.00022,65,0.00065
-17,-28,2,100000,23,0.00023,84,0.00084
-17,-28,3,100000,38,0.00038,68,0.00068
-17,-28,4,100000,37,0.00037,88,0.00088
-17,-28,5,100000,13,0.00013,79,0.00079
-17,-27,0,100000,27,0.00027,64,0.00064
-17,-27,1,100000,35,0.00035,92,0.00092
-17,-27,2,100000,28,0.00028,77,0.00077
-17,-27,3,100000,23,0.00023,65,0.00065
-17,-27,4,100000,38,0.00038,63,0.00063
-17,-27,5,100000,28,0.00028,78,0.00078
-17,-26,0,100000,22,0.00022,79,0.00079
-17,-26,1,100000,38,0.00038,89,0.00089
-17,-26,2,100000,36,0.00036,77,0.00077
-17,-26,3,100000,11,0.00011,53,0.00053
-17,-26,4,100000,41,0.00041,61,0.00061
-17,-26,5,100000,21,0.00021,81,0.00081
-17,-25,0,100000,36,0.00036,77,0.00077
-17,-25,1,100000,56,0.00056,81,0.00081
-17,-25,2,100000,29,0.00029,60,0.0006
-17,-25,3,100000,26,0.00026,85,0.00085
-17,-25,4,100000,32,0.00032,70,0.0007
-17,-25,5,100000,20,0.0002,58,0.00058
-17,-24,0,100000,36,0.00036,72,0.00072
-17,-24,1,100000,21,0.00021,75,0.00075
-17,-24,2,100000,34,0.00034,85,0.00085
-17,-24,3,100000,39,0.00039,75,0.00075
-17,-24,4,100000,46,0.00046,75,0.00075
-17,-24,5,100000,22,0.00022,75,0.00075
-17,-23,0,100000,25,0.00025,69,0.00069
-17,-23,1,100000,23,0.00023,72,0.00072
-17,-23,2,100000,30,0.0003,64,0.00064
-17,-23,3,100000,37,0.00037,80,0.0008
-17,-23,4,100000,34,0.00034,75,0.00075
-17,-23,5,100000,46,0.00046,72,0.00072
-17,-22,0,100000,23,0.00023,79,0.00079
-17,-22,1,100000,42,0.00042,77,0.00077
-17,-22,2,100000,25,0.00025,63,0.00063
-17,-22,3,100000,25,0.00025,71,0.00071
-17,-22,4,100000,34,0.00034,69,0.00069
-17,-22,5,100000,20,0.0002,70,0.0007
-17,-21,0,100000,21,0.00021,77,0.00077
-17,-21,1,100000,23,0.00023,75,0.00075
-17,-21,2,100000,30,0.0003,65,0.00065
-17,-21,3,100000,24,0.00024,62,0.00062
-17,-21,4,100000,33,0.00033,65,0.00065
-17,-21,5,100000,31,0.00031,68,0.00068
-17,-20,0,100000,35,0.00035,79,0.00079
-17,-20,1,100000,43,0.00043,68,0.00068
-17,-20,2,100000,38,0.00038,78,0.00078
-17,-20,3,100000,27,0.00027,73,0.00073
-17,-20,4,100000,31,0.00031,70,0.0007
-17,-20,5,100000,44,0.00044,86,0.00086
-17,-19,0,100000,39,0.00039,79,0.00079
-17,-19,1,100000,44,0.00044,71,0.00071
-17,-19,2,100000,20,0.0002,79,0.00079
-17,-19,3,100000,20,0.0002,72,0.00072
-17,-19,4,100000,38,0.00038,65,0.00065
-17,-19,5,100000,47,0.00047,96,0.00096
-17,-18,0,100000,46,0.00046,63,0.00063
-17,-18,1,100000,25,0.00025,85,0.00085
-17,-18,2,100000,30,0.0003,72,0.00072
-17,-18,3,100000,36,0.00036,99,0.00099
-17,-18,4,100000,12,0.00012,84,0.00084
-17,-18,5,100000,52,0.00052,75,0.00075
-17,-17,0,100000,20,0.0002,79,0.00079
-17,-17,1,100000,36,0.00036,77,0.00077
-17,-17,2,100000,26,0.00026,74,0.00074
-17,-17,3,100000,25,0.00025,76,0.00076
-17,-17,4,100000,67,0.00067,93,0.00093
-17,-17,5,100000,27,0.00027,74,0.00074
-17,-16,0,100000,38,0.00038,84,0.00084
-17,-16,1,100000,24,0.00024,69,0.00069
-17,-16,2,100000,46,0.00046,77,0.00077
-17,-16,3,100000,36,0.00036,76,0.00076
-17,-16,4,100000,20,0.0002,68,0.00068
-17,-16,5,100000,36,0.00036,83,0.00083
-17,-15,0,100000,31,0.00031,72,0.00072
-17,-15,1,100000,23,0.00023,72,0.00072
-17,-15,2,100000,21,0.00021,56,0.00056
-17,-15,3,100000,41,0.00041,80,0.0008
-17,-15,4,100000,23,0.00023,70,0.0007
-17,-15,5,100000,31,0.00031,86,0.00086
-17,-14,0,100000,34,0.00034,72,0.00072
-17,-14,1,100000,30,0.0003,67,0.00067
-17,-14,2,100000,28,0.00028,72,0.00072
-17,-14,3,100000,24,0.00024,75,0.00075
-17,-14,4,100000,34,0.00034,71,0.00071
-17,-14,5,100000,32,0.00032,77,0.00077
-17,-13,0,100000,52,0.00052,86,0.00086
-17,-13,1,100000,29,0.00029,82,0.00082
-17,-13,2,100000,18,0.00018,67,0.00067
-17,-13,3,100000,19,0.00019,76,0.00076
-17,-13,4,100000,39,0.00039,77,0.00077
-17,-13,5,100000,27,0.00027,75,0.00075
-17,-12,0,100000,30,0.0003,88,0.00088
-17,-12,1,100000,27,0.00027,75,0.00075
-17,-12,2,100000,25,0.00025,59,0.00059
-17,-12,3,100000,20,0.0002,70,0.0007
-17,-12,4,100000,21,0.00021,63,0.00063
-17,-12,5,100000,30,0.0003,70,0.0007
-17,-11,0,100000,27,0.00027,74,0.00074
-17,-11,1,100000,46,0.00046,76,0.00076
-17,-11,2,100000,36,0.00036,70,0.0007
-17,-11,3,100000,35,0.00035,71,0.00071
-17,-11,4,100000,30,0.0003,73,0.00073
-17,-11,5,100000,16,0.00016,76,0.00076
-17,-10,0,100000,31,0.00031,74,0.00074
-17,-10,1,100000,42,0.00042,68,0.00068
-17,-10,2,100000,41,0.00041,82,0.00082
-17,-10,3,100000,15,0.00015,68,0.00068
-17,-10,4,100000,28,0.00028,79,0.00079
-17,-10,5,100000,32,0.00032,86,0.00086
-17,-9,0,100000,15,0.00015,64,0.00064
-17,-9,1,100000,28,0.00028,79,0.00079
-17,-9,2,100000,36,0.00036,77,0.00077
-17,-9,3,100000,32,0.00032,75,0.00075
-17,-9,4,100000,26,0.00026,71,0.00071
-17,-9,5,100000,31,0.00031,78,0.00078
-17,-8,0,100000,28,0.00028,64,0.00064
-17,-8,1,100000,31,0.00031,78,0.00078
-17,-8,2,100000,28,0.00028,90,0.0009
-17,-8,3,100000,24,0.00024,72,0.00072
-17,-8,4,100000,29,0.00029,66,0.00066
-17,-8,5,100000,22,0.00022,64,0.00064
-17,-7,0,100000,31,0.00031,68,0.00068
-17,-7,1,100000,41,0.00041,79,0.00079
-17,-7,2,100000,29,0.00029,71,0.00071
-17,-7,3,100000,41,0.00041,69,0.00069
-17,-7,4,100000,31,0.00031,67,0.00067
-17,-7,5,100000,41,0.00041,65,0.00065
-17,-6,0,100000,15,0.00015,74,0.00074
-17,-6,1,100000,31,0.00031,64,0.00064
-17,-6,2,100000,23,0.00023,75,0.00075
-17,-6,3,100000,23,0.00023,77,0.00077
-17,-6,4,100000,25,0.00025,68,0.00068
-17,-6,5,100000,47,0.00047,97,0.00097
-17,-5,0,100000,32,0.00032,75,0.00075
-17,-5,1,100000,31,0.00031,67,0.00067
-17,-5,2,100000,14,0.00014,72,0.00072
-17,-5,3,100000,22,0.00022,78,0.00078
-17,-5,4,100000,20,0.0002,66,0.00066
-17,-5,5,100000,29,0.00029,70,0.0007
-17,-4,0,100000,27,0.00027,75,0.00075
-17,-4,1,100000,25,0.00025,66,0.00066
-17,-4,2,100000,29,0.00029,67,0.00067
-17,-4,3,100000,20,0.0002,62,0.00062
-17,-4,4,100000,31,0.00031,78,0.00078
-17,-4,5,100000,32,0.00032,74,0.00074
-17,-3,0,100000,20,0.0002,79,0.00079
-17,-3,1,100000,38,0.00038,73,0.00073
-17,-3,2,100000,31,0.00031,72,0.00072
-17,-3,3,100000,32,0.00032,81,0.00081
-17,-3,4,100000,18,0.00018,59,0.00059
-17,-3,5,100000,24,0.00024,62,0.00062
-17,-2,0,100000,30,0.0003,77,0.00077
-17,-2,1,100000,33,0.00033,84,0.00084
-17,-2,2,100000,37,0.00037,69,0.00069
-17,-2,3,100000,35,0.00035,78,0.00078
-17,-2,4,100000,32,0.00032,66,0.00066
-17,-2,5,100000,47,0.00047,78,0.00078
-17,-1,0,100000,25,0.00025,72,0.00072
-17,-1,1,100000,20,0.0002,70,0.0007
-17,-1,2,100000,37,0.00037,70,0.0007
-17,-1,3,100000,37,0.00037,81,0.00081
-17,-1,4,100000,36,0.00036,74,0.00074
-17,-1,5,100000,38,0.00038,69,0.00069
-17,0,0,100000,26,0.00026,72,0.00072
-17,0,1,100000,33,0.00033,74,0.00074
-17,0,2,100000,32,0.00032,71,0.00071
-17,0,3,100000,33,0.00033,74,0.00074
-17,0,4,100000,25,0.00025,70,0.0007
-17,0,5,100000,38,0.00038,77,0.00077
-17,1,0,100000,19,0.00019,61,0.00061
-17,1,1,100000,23,0.00023,79,0.00079
-17,1,2,100000,44,0.00044,83,0.00083
-17,1,3,100000,34,0.00034,88,0.00088
-17,1,4,100000,25,0.00025,64,0.00064
-17,1,5,100000,22,0.00022,75,0.00075
-17,2,0,100000,36,0.00036,72,0.00072
-17,2,1,100000,25,0.00025,84,0.00084
-17,2,2,100000,62,0.00062,84,0.00084
-17,2,3,100000,34,0.00034,83,0.00083
-17,2,4,100000,26,0.00026,68,0.00068
-17,2,5,100000,28,0.00028,88,0.00088
-17,3,0,100000,39,0.00039,81,0.00081
-17,3,1,100000,33,0.00033,80,0.0008
-17,3,2,100000,14,0.00014,66,0.00066
-17,3,3,100000,31,0.00031,83,0.00083
-17,3,4,100000,13,0.00013,54,0.00054
-17,3,5,100000,21,0.00021,65,0.00065
-17,4,0,100000,18,0.00018,61,0.00061
-17,4,1,100000,19,0.00019,72,0.00072
-17,4,2,100000,27,0.00027,76,0.00076
-17,4,3,100000,47,0.00047,85,0.00085
-17,4,4,100000,39,0.00039,79,0.00079
-17,4,5,100000,40,0.0004,61,0.00061
-17,5,0,100000,33,0.00033,82,0.00082
-17,5,1,100000,21,0.00021,70,0.0007
-17,5,2,100000,42,0.00042,81,0.00081
-17,5,3,100000,40,0.0004,82,0.00082
-17,5,4,100000,19,0.00019,70,0.0007
-17,5,5,100000,23,0.00023,69,0.00069
-17,6,0,100000,26,0.00026,71,0.00071
-17,6,1,100000,30,0.0003,82,0.00082
-17,6,2,100000,41,0.00041,67,0.00067
-17,6,3,100000,30,0.0003,68,0.00068
-17,6,4,100000,18,0.00018,58,0.00058
-17,6,5,100000,30,0.0003,68,0.00068
-17,7,0,100000,39,0.00039,76,0.00076
-17,7,1,100000,32,0.00032,71,0.00071
-17,7,2,100000,34,0.00034,80,0.0008
-17,7,3,100000,31,0.00031,59,0.00059
-17,7,4,100000,32,0.00032,64,0.00064
-17,7,5,100000,24,0.00024,64,0.00064
-17,8,0,100000,26,0.00026,71,0.00071
-17,8,1,100000,28,0.00028,81,0.00081
-17,8,2,100000,33,0.00033,83,0.00083
-17,8,3,100000,27,0.00027,70,0.0007
-17,8,4,100000,17,0.00017,61,0.00061
-17,8,5,100000,29,0.00029,81,0.00081
-17,9,0,100000,24,0.00024,87,0.00087
-17,9,1,100000,44,0.00044,65,0.00065
-17,9,2,100000,39,0.00039,68,0.00068
-17,9,3,100000,32,0.00032,48,0.00048
-17,9,4,100000,18,0.00018,72,0.00072
-17,9,5,100000,16,0.00016,67,0.00067
-17,10,0,100000,21,0.00021,63,0.00063
-17,10,1,100000,36,0.00036,67,0.00067
-17,10,2,100000,22,0.00022,62,0.00062
-17,10,3,100000,27,0.00027,70,0.0007
-17,10,4,100000,41,0.00041,89,0.00089
-17,10,5,100000,32,0.00032,77,0.00077
-17,11,0,100000,26,0.00026,84,0.00084
-17,11,1,100000,25,0.00025,82,0.00082
-17,11,2,100000,23,0.00023,77,0.00077
-17,11,3,100000,24,0.00024,74,0.00074
-17,11,4,100000,37,0.00037,70,0.0007
-17,11,5,100000,25,0.00025,65,0.00065
-17,12,0,100000,44,0.00044,80,0.0008
-17,12,1,100000,43,0.00043,93,0.00093
-17,12,2,100000,28,0.00028,64,0.00064
-17,12,3,100000,20,0.0002,58,0.00058
-17,12,4,100000,16,0.00016,67,0.00067
-17,12,5,100000,22,0.00022,74,0.00074
-17,13,0,100000,36,0.00036,71,0.00071
-17,13,1,100000,23,0.00023,76,0.00076
-17,13,2,100000,26,0.00026,74,0.00074
-17,13,3,100000,44,0.00044,81,0.00081
-17,13,4,100000,23,0.00023,68,0.00068
-17,13,5,100000,19,0.00019,78,0.00078
-17,14,0,100000,43,0.00043,89,0.00089
-17,14,1,100000,18,0.00018,64,0.00064
-17,14,2,100000,31,0.00031,56,0.00056
-17,14,3,100000,31,0.00031,71,0.00071
-17,14,4,100000,36,0.00036,76,0.00076
-17,14,5,100000,55,0.00055,82,0.00082
-17,15,0,100000,32,0.00032,69,0.00069
-17,15,1,100000,35,0.00035,74,0.00074
-17,15,2,100000,12,0.00012,70,0.0007
-17,15,3,100000,28,0.00028,75,0.00075
-17,15,4,100000,27,0.00027,61,0.00061
-17,15,5,100000,22,0.00022,79,0.00079
-17,16,0,100000,42,0.00042,66,0.00066
-17,16,1,100000,41,0.00041,84,0.00084
-17,16,2,100000,34,0.00034,68,0.00068
-17,16,3,100000,17,0.00017,76,0.00076
-17,16,4,100000,30,0.0003,81,0.00081
-17,16,5,100000,35,0.00035,86,0.00086
-17,17,0,100000,18,0.00018,66,0.00066
-17,17,1,100000,36,0.00036,69,0.00069
-17,17,2,100000,26,0.00026,74,0.00074
-17,17,3,100000,24,0.00024,61,0.00061
-17,17,4,100000,12,0.00012,68,0.00068
-17,17,5,100000,29,0.00029,63,0.00063
-17,18,0,100000,17,0.00017,74,0.00074
-17,18,1,100000,26,0.00026,63,0.00063
-17,18,2,100000,35,0.00035,71,0.00071
-17,18,3,100000,28,0.00028,73,0.00073
-17,18,4,100000,28,0.00028,75,0.00075
-17,18,5,100000,37,0.00037,65,0.00065
-17,19,0,100000,50,0.0005,93,0.00093
-17,19,1,100000,21,0.00021,73,0.00073
-17,19,2,100000,46,0.00046,72,0.00072
-17,19,3,100000,34,0.00034,91,0.00091
-17,19,4,100000,17,0.00017,66,0.00066
-17,19,5,100000,50,0.0005,79,0.00079
-17,20,0,100000,19,0.00019,79,0.00079
-17,20,1,100000,41,0.00041,73,0.00073
-17,20,2,100000,28,0.00028,69,0.00069
-17,20,3,100000,40,0.0004,82,0.00082
-17,20,4,100000,43,0.00043,85,0.00085
-17,20,5,100000,32,0.00032,87,0.00087
-17,21,0,100000,41,0.00041,69,0.00069
-17,21,1,100000,50,0.0005,80,0.0008
-17,21,2,100000,22,0.00022,65,0.00065
-17,21,3,100000,39,0.00039,77,0.00077
-17,21,4,100000,33,0.00033,73,0.00073
-17,21,5,100000,22,0.00022,63,0.00063
-17,22,0,100000,22,0.00022,91,0.00091
-17,22,1,100000,44,0.00044,78,0.00078
-17,22,2,100000,19,0.00019,69,0.00069
-17,22,3,100000,26,0.00026,90,0.0009
-17,22,4,100000,24,0.00024,80,0.0008
-17,22,5,100000,29,0.00029,74,0.00074
-17,23,0,100000,31,0.00031,80,0.0008
-17,23,1,100000,35,0.00035,77,0.00077
-17,23,2,100000,27,0.00027,71,0.00071
-17,23,3,100000,39,0.00039,70,0.0007
-17,23,4,100000,28,0.00028,84,0.00084
-17,23,5,100000,23,0.00023,71,0.00071
-17,24,0,100000,34,0.00034,77,0.00077
-17,24,1,100000,30,0.0003,81,0.00081
-17,24,2,100000,51,0.00051,71,0.00071
-17,24,3,100000,18,0.00018,60,0.0006
-17,24,4,100000,43,0.00043,82,0.00082
-17,24,5,100000,35,0.00035,83,0.00083
-17,25,0,100000,34,0.00034,74,0.00074
-17,25,1,100000,29,0.00029,83,0.00083
-17,25,2,100000,14,0.00014,63,0.00063
-17,25,3,100000,42,0.00042,70,0.0007
-17,25,4,100000,29,0.00029,60,0.0006
-17,25,5,100000,33,0.00033,69,0.00069
-17,26,0,100000,32,0.00032,76,0.00076
-17,26,1,100000,12,0.00012,67,0.00067
-17,26,2,100000,22,0.00022,81,0.00081
-17,26,3,100000,34,0.00034,80,0.0008
-17,26,4,100000,25,0.00025,57,0.00057
-17,26,5,100000,28,0.00028,70,0.0007
-17,27,0,100000,17,0.00017,81,0.00081
-17,27,1,100000,17,0.00017,63,0.00063
-17,27,2,100000,19,0.00019,55,0.00055
-17,27,3,100000,43,0.00043,84,0.00084
-17,27,4,100000,31,0.00031,92,0.00092
-17,27,5,100000,34,0.00034,71,0.00071
-17,28,0,100000,27,0.00027,86,0.00086
-17,28,1,100000,36,0.00036,79,0.00079
-17,28,2,100000,47,0.00047,71,0.00071
-17,28,3,100000,28,0.00028,77,0.00077
-17,28,4,100000,24,0.00024,66,0.00066
-17,28,5,100000,24,0.00024,65,0.00065
-17,29,0,100000,29,0.00029,81,0.00081
-17,29,1,100000,31,0.00031,59,0.00059
-17,29,2,100000,21,0.00021,75,0.00075
-17,29,3,100000,51,0.00051,88,0.00088
-17,29,4,100000,52,0.00052,86,0.00086
-17,29,5,100000,26,0.00026,73,0.00073
-17,30,0,100000,47,0.00047,84,0.00084
-17,30,1,100000,29,0.00029,91,0.00091
-17,30,2,100000,27,0.00027,82,0.00082
-17,30,3,100000,40,0.0004,67,0.00067
-17,30,4,100000,29,0.00029,82,0.00082
-17,30,5,100000,28,0.00028,70,0.0007
-17,31,0,100000,19,0.00019,72,0.00072
-17,31,1,100000,37,0.00037,91,0.00091
-17,31,2,100000,52,0.00052,88,0.00088
-17,31,3,100000,21,0.00021,74,0.00074
-17,31,4,100000,37,0.00037,60,0.0006
-17,31,5,100000,40,0.0004,76,0.00076
-17,32,0,100000,30,0.0003,73,0.00073
-17,32,1,100000,30,0.0003,67,0.00067
-17,32,2,100000,15,0.00015,67,0.00067
-17,32,3,100000,25,0.00025,72,0.00072
-17,32,4,100000,29,0.00029,71,0.00071
-17,32,5,100000,37,0.00037,71,0.00071
-17,33,0,100000,37,0.00037,77,0.00077
-17,33,1,100000,30,0.0003,77,0.00077
-17,33,2,100000,22,0.00022,63,0.00063
-17,33,3,100000,23,0.00023,68,0.00068
-17,33,4,100000,20,0.0002,66,0.00066
-17,33,5,100000,58,0.00058,76,0.00076
-17,34,0,100000,37,0.00037,74,0.00074
-17,34,1,100000,31,0.00031,72,0.00072
-17,34,2,100000,22,0.00022,63,0.00063
-17,34,3,100000,26,0.00026,70,0.0007
-17,34,4,100000,35,0.00035,73,0.00073
-17,34,5,100000,28,0.00028,82,0.00082
-17,35,0,100000,30,0.0003,68,0.00068
-17,35,1,100000,45,0.00045,69,0.00069
-17,35,2,100000,38,0.00038,76,0.00076
-17,35,3,100000,17,0.00017,59,0.00059
-17,35,4,100000,27,0.00027,79,0.00079
-17,35,5,100000,27,0.00027,80,0.0008
-17,36,0,100000,41,0.00041,73,0.00073
-17,36,1,100000,20,0.0002,60,0.0006
-17,36,2,100000,31,0.00031,76,0.00076
-17,36,3,100000,29,0.00029,57,0.00057
-17,36,4,100000,18,0.00018,77,0.00077
-17,36,5,100000,53,0.00053,74,0.00074
-17,37,0,100000,35,0.00035,64,0.00064
-17,37,1,100000,28,0.00028,80,0.0008
-17,37,2,100000,44,0.00044,82,0.00082
-17,37,3,100000,30,0.0003,77,0.00077
-17,37,4,100000,24,0.00024,83,0.00083
-17,37,5,100000,38,0.00038,78,0.00078
-17,38,0,100000,21,0.00021,62,0.00062
-17,38,1,100000,29,0.00029,73,0.00073
-17,38,2,100000,21,0.00021,72,0.00072
-17,38,3,100000,24,0.00024,67,0.00067
-17,38,4,100000,32,0.00032,66,0.00066
-17,38,5,100000,32,0.00032,84,0.00084
-17,39,0,100000,45,0.00045,72,0.00072
-17,39,1,100000,35,0.00035,75,0.00075
-17,39,2,100000,33,0.00033,75,0.00075
-17,39,3,100000,32,0.00032,80,0.0008
-17,39,4,100000,28,0.00028,70,0.0007
-17,39,5,100000,13,0.00013,60,0.0006
-17,40,0,100000,22,0.00022,78,0.00078
-17,40,1,100000,45,0.00045,74,0.00074
-17,40,2,100000,19,0.00019,80,0.0008
-17,40,3,100000,32,0.00032,72,0.00072
-17,40,4,100000,46,0.00046,68,0.00068
-17,40,5,100000,31,0.00031,68,0.00068
-17,41,0,100000,44,0.00044,84,0.00084
-17,41,1,100000,27,0.00027,49,0.00049
-17,41,2,100000,21,0.00021,56,0.00056
-17,41,3,100000,28,0.00028,64,0.00064
-17,41,4,100000,30,0.0003,83,0.00083
-17,41,5,100000,38,0.00038,69,0.00069
-17,42,0,100000,21,0.00021,65,0.00065
-17,42,1,100000,24,0.00024,79,0.00079
-17,42,2,100000,38,0.00038,89,0.00089
-17,42,3,100000,43,0.00043,81,0.00081
-17,42,4,100000,24,0.00024,70,0.0007
-17,42,5,100000,20,0.0002,68,0.00068
-17,43,0,100000,20,0.0002,67,0.00067
-17,43,1,100000,31,0.00031,59,0.00059
-17,43,2,100000,14,0.00014,61,0.00061
-17,43,3,100000,21,0.00021,70,0.0007
-17,43,4,100000,24,0.00024,72,0.00072
-17,43,5,100000,20,0.0002,63,0.00063
-17,44,0,100000,35,0.00035,81,0.00081
-17,44,1,100000,31,0.00031,84,0.00084
-17,44,2,100000,24,0.00024,77,0.00077
-17,44,3,100000,18,0.00018,65,0.00065
-17,44,4,100000,41,0.00041,82,0.00082
-17,44,5,100000,28,0.00028,68,0.00068
-17,45,0,100000,44,0.00044,87,0.00087
-17,45,1,100000,30,0.0003,62,0.00062
-17,45,2,100000,35,0.00035,78,0.00078
-17,45,3,100000,39,0.00039,70,0.0007
-17,45,4,100000,41,0.00041,83,0.00083
-17,45,5,100000,56,0.00056,88,0.00088
-17,46,0,100000,33,0.00033,66,0.00066
-17,46,1,100000,26,0.00026,72,0.00072
-17,46,2,100000,16,0.00016,57,0.00057
-17,46,3,100000,26,0.00026,74,0.00074
-17,46,4,100000,42,0.00042,81,0.00081
-17,46,5,100000,32,0.00032,75,0.00075
-17,47,0,100000,35,0.00035,77,0.00077
-17,47,1,100000,23,0.00023,71,0.00071
-17,47,2,100000,28,0.00028,61,0.00061
-17,47,3,100000,20,0.0002,75,0.00075
-17,47,4,100000,36,0.00036,82,0.00082
-17,47,5,100000,28,0.00028,63,0.00063
-17,48,0,100000,22,0.00022,71,0.00071
-17,48,1,100000,36,0.00036,64,0.00064
-17,48,2,100000,27,0.00027,79,0.00079
-17,48,3,100000,21,0.00021,72,0.00072
-17,48,4,100000,42,0.00042,76,0.00076
-17,48,5,100000,27,0.00027,58,0.00058
-17,49,0,100000,27,0.00027,70,0.0007
-17,49,1,100000,29,0.00029,79,0.00079
-17,49,2,100000,17,0.00017,75,0.00075
-17,49,3,100000,15,0.00015,80,0.0008
-17,49,4,100000,21,0.00021,59,0.00059
-17,49,5,100000,31,0.00031,74,0.00074
-17,50,0,100000,29,0.00029,83,0.00083
-17,50,1,100000,34,0.00034,65,0.00065
-17,50,2,100000,25,0.00025,63,0.00063
-17,50,3,100000,14,0.00014,64,0.00064
-17,50,4,100000,24,0.00024,65,0.00065
-17,50,5,100000,28,0.00028,65,0.00065
-16,-50,0,100000,24,0.00024,60,0.0006
-16,-50,1,100000,31,0.00031,75,0.00075
-16,-50,2,100000,41,0.00041,86,0.00086
-16,-50,3,100000,32,0.00032,79,0.00079
-16,-50,4,100000,14,0.00014,61,0.00061
-16,-50,5,100000,21,0.00021,63,0.00063
-16,-49,0,100000,40,0.0004,73,0.00073
-16,-49,1,100000,29,0.00029,67,0.00067
-16,-49,2,100000,24,0.00024,80,0.0008
-16,-49,3,100000,54,0.00054,89,0.00089
-16,-49,4,100000,37,0.00037,63,0.00063
-16,-49,5,100000,32,0.00032,63,0.00063
-16,-48,0,100000,31,0.00031,73,0.00073
-16,-48,1,100000,41,0.00041,66,0.00066
-16,-48,2,100000,34,0.00034,79,0.00079
-16,-48,3,100000,35,0.00035,72,0.00072
-16,-48,4,100000,26,0.00026,66,0.00066
-16,-48,5,100000,17,0.00017,69,0.00069
-16,-47,0,100000,45,0.00045,76,0.00076
-16,-47,1,100000,23,0.00023,58,0.00058
-16,-47,2,100000,26,0.00026,72,0.00072
-16,-47,3,100000,37,0.00037,64,0.00064
-16,-47,4,100000,27,0.00027,78,0.00078
-16,-47,5,100000,44,0.00044,82,0.00082
-16,-46,0,100000,38,0.00038,73,0.00073
-16,-46,1,100000,26,0.00026,65,0.00065
-16,-46,2,100000,57,0.00057,88,0.00088
-16,-46,3,100000,16,0.00016,71,0.00071
-16,-46,4,100000,30,0.0003,82,0.00082
-16,-46,5,100000,28,0.00028,77,0.00077
-16,-45,0,100000,31,0.00031,66,0.00066
-16,-45,1,100000,35,0.00035,72,0.00072
-16,-45,2,100000,19,0.00019,56,0.00056
-16,-45,3,100000,22,0.00022,71,0.00071
-16,-45,4,100000,43,0.00043,74,0.00074
-16,-45,5,100000,44,0.00044,77,0.00077
-16,-44,0,100000,44,0.00044,83,0.00083
-16,-44,1,100000,24,0.00024,94,0.00094
-16,-44,2,100000,13,0.00013,69,0.00069
-16,-44,3,100000,42,0.00042,80,0.0008
-16,-44,4,100000,22,0.00022,59,0.00059
-16,-44,5,100000,47,0.00047,73,0.00073
-16,-43,0,100000,42,0.00042,83,0.00083
-16,-43,1,100000,51,0.00051,71,0.00071
-16,-43,2,100000,20,0.0002,65,0.00065
-16,-43,3,100000,32,0.00032,82,0.00082
-16,-43,4,100000,31,0.00031,73,0.00073
-16,-43,5,100000,28,0.00028,73,0.00073
-16,-42,0,100000,41,0.00041,80,0.0008
-16,-42,1,100000,30,0.0003,67,0.00067
-16,-42,2,100000,57,0.00057,87,0.00087
-16,-42,3,100000,33,0.00033,79,0.00079
-16,-42,4,100000,24,0.00024,75,0.00075
-16,-42,5,100000,49,0.00049,82,0.00082
-16,-41,0,100000,35,0.00035,70,0.0007
-16,-41,1,100000,34,0.00034,76,0.00076
-16,-41,2,100000,41,0.00041,73,0.00073
-16,-41,3,100000,27,0.00027,64,0.00064
-16,-41,4,100000,36,0.00036,71,0.00071
-16,-41,5,100000,28,0.00028,72,0.00072
-16,-40,0,100000,23,0.00023,68,0.00068
-16,-40,1,100000,27,0.00027,86,0.00086
-16,-40,2,100000,35,0.00035,82,0.00082
-16,-40,3,100000,27,0.00027,69,0.00069
-16,-40,4,100000,45,0.00045,70,0.0007
-16,-40,5,100000,21,0.00021,85,0.00085
-16,-39,0,100000,30,0.0003,66,0.00066
-16,-39,1,100000,18,0.00018,68,0.00068
-16,-39,2,100000,23,0.00023,58,0.00058
-16,-39,3,100000,30,0.0003,70,0.0007
-16,-39,4,100000,42,0.00042,66,0.00066
-16,-39,5,100000,32,0.00032,62,0.00062
-16,-38,0,100000,12,0.00012,57,0.00057
-16,-38,1,100000,14,0.00014,71,0.00071
-16,-38,2,100000,32,0.00032,77,0.00077
-16,-38,3,100000,24,0.00024,72,0.00072
-16,-38,4,100000,46,0.00046,71,0.00071
-16,-38,5,100000,32,0.00032,84,0.00084
-16,-37,0,100000,30,0.0003,69,0.00069
-16,-37,1,100000,37,0.00037,72,0.00072
-16,-37,2,100000,28,0.00028,66,0.00066
-16,-37,3,100000,35,0.00035,78,0.00078
-16,-37,4,100000,45,0.00045,82,0.00082
-16,-37,5,100000,32,0.00032,73,0.00073
-16,-36,0,100000,35,0.00035,79,0.00079
-16,-36,1,100000,26,0.00026,62,0.00062
-16,-36,2,100000,36,0.00036,77,0.00077
-16,-36,3,100000,24,0.00024,62,0.00062
-16,-36,4,100000,43,0.00043,73,0.00073
-16,-36,5,100000,24,0.00024,55,0.00055
-16,-35,0,100000,33,0.00033,75,0.00075
-16,-35,1,100000,32,0.00032,55,0.00055
-16,-35,2,100000,41,0.00041,77,0.00077
-16,-35,3,100000,21,0.00021,83,0.00083
-16,-35,4,100000,20,0.0002,63,0.00063
-16,-35,5,100000,35,0.00035,75,0.00075
-16,-34,0,100000,21,0.00021,74,0.00074
-16,-34,1,100000,46,0.00046,80,0.0008
-16,-34,2,100000,25,0.00025,66,0.00066
-16,-34,3,100000,25,0.00025,76,0.00076
-16,-34,4,100000,28,0.00028,85,0.00085
-16,-34,5,100000,42,0.00042,54,0.00054
-16,-33,0,100000,17,0.00017,67,0.00067
-16,-33,1,100000,48,0.00048,61,0.00061
-16,-33,2,100000,29,0.00029,71,0.00071
-16,-33,3,100000,36,0.00036,83,0.00083
-16,-33,4,100000,37,0.00037,85,0.00085
-16,-33,5,100000,20,0.0002,68,0.00068
-16,-32,0,100000,19,0.00019,71,0.00071
-16,-32,1,100000,13,0.00013,62,0.00062
-16,-32,2,100000,37,0.00037,90,0.0009
-16,-32,3,100000,15,0.00015,78,0.00078
-16,-32,4,100000,30,0.0003,85,0.00085
-16,-32,5,100000,48,0.00048,71,0.00071
-16,-31,0,100000,32,0.00032,72,0.00072
-16,-31,1,100000,30,0.0003,79,0.00079
-16,-31,2,100000,23,0.00023,69,0.00069
-16,-31,3,100000,26,0.00026,68,0.00068
-16,-31,4,100000,30,0.0003,76,0.00076
-16,-31,5,100000,29,0.00029,76,0.00076
-16,-30,0,100000,26,0.00026,68,0.00068
-16,-30,1,100000,38,0.00038,72,0.00072
-16,-30,2,100000,18,0.00018,56,0.00056
-16,-30,3,100000,31,0.00031,60,0.0006
-16,-30,4,100000,28,0.00028,78,0.00078
-16,-30,5,100000,33,0.00033,80,0.0008
-16,-29,0,100000,48,0.00048,64,0.00064
-16,-29,1,100000,23,0.00023,75,0.00075
-16,-29,2,100000,37,0.00037,70,0.0007
-16,-29,3,100000,41,0.00041,62,0.00062
-16,-29,4,100000,42,0.00042,81,0.00081
-16,-29,5,100000,23,0.00023,68,0.00068
-16,-28,0,100000,39,0.00039,73,0.00073
-16,-28,1,100000,21,0.00021,69,0.00069
-16,-28,2,100000,20,0.0002,71,0.00071
-16,-28,3,100000,21,0.00021,63,0.00063
-16,-28,4,100000,24,0.00024,85,0.00085
-16,-28,5,100000,17,0.00017,58,0.00058
-16,-27,0,100000,44,0.00044,89,0.00089
-16,-27,1,100000,34,0.00034,74,0.00074
-16,-27,2,100000,30,0.0003,68,0.00068
-16,-27,3,100000,11,0.00011,73,0.00073
-16,-27,4,100000,24,0.00024,80,0.0008
-16,-27,5,100000,55,0.00055,76,0.00076
-16,-26,0,100000,35,0.00035,87,0.00087
-16,-26,1,100000,43,0.00043,95,0.00095
-16,-26,2,100000,24,0.00024,75,0.00075
-16,-26,3,100000,43,0.00043,65,0.00065
-16,-26,4,100000,32,0.00032,60,0.0006
-16,-26,5,100000,20,0.0002,74,0.00074
-16,-25,0,100000,43,0.00043,77,0.00077
-16,-25,1,100000,36,0.00036,77,0.00077
-16,-25,2,100000,27,0.00027,79,0.00079
-16,-25,3,100000,38,0.00038,75,0.00075
-16,-25,4,100000,42,0.00042,69,0.00069
-16,-25,5,100000,25,0.00025,67,0.00067
-16,-24,0,100000,27,0.00027,69,0.00069
-16,-24,1,100000,35,0.00035,69,0.00069
-16,-24,2,100000,34,0.00034,75,0.00075
-16,-24,3,100000,38,0.00038,68,0.00068
-16,-24,4,100000,41,0.00041,77,0.00077
-16,-24,5,100000,26,0.00026,74,0.00074
-16,-23,0,100000,45,0.00045,87,0.00087
-16,-23,1,100000,25,0.00025,78,0.00078
-16,-23,2,100000,27,0.00027,63,0.00063
-16,-23,3,100000,29,0.00029,80,0.0008
-16,-23,4,100000,33,0.00033,72,0.00072
-16,-23,5,100000,22,0.00022,74,0.00074
-16,-22,0,100000,26,0.00026,71,0.00071
-16,-22,1,100000,42,0.00042,77,0.00077
-16,-22,2,100000,27,0.00027,77,0.00077
-16,-22,3,100000,35,0.00035,75,0.00075
-16,-22,4,100000,25,0.00025,73,0.00073
-16,-22,5,100000,32,0.00032,75,0.00075
-16,-21,0,100000,33,0.00033,91,0.00091
-16,-21,1,100000,33,0.00033,85,0.00085
-16,-21,2,100000,38,0.00038,74,0.00074
-16,-21,3,100000,40,0.0004,61,0.00061
-16,-21,4,100000,33,0.00033,73,0.00073
-16,-21,5,100000,22,0.00022,65,0.00065
-16,-20,0,100000,22,0.00022,59,0.00059
-16,-20,1,100000,32,0.00032,72,0.00072
-16,-20,2,100000,25,0.00025,76,0.00076
-16,-20,3,100000,34,0.00034,56,0.00056
-16,-20,4,100000,42,0.00042,85,0.00085
-16,-20,5,100000,26,0.00026,80,0.0008
-16,-19,0,100000,36,0.00036,66,0.00066
-16,-19,1,100000,13,0.00013,72,0.00072
-16,-19,2,100000,26,0.00026,72,0.00072
-16,-19,3,100000,39,0.00039,78,0.00078
-16,-19,4,100000,30,0.0003,77,0.00077
-16,-19,5,100000,24,0.00024,68,0.00068
-16,-18,0,100000,18,0.00018,67,0.00067
-16,-18,1,100000,22,0.00022,73,0.00073
-16,-18,2,100000,40,0.0004,70,0.0007
-16,-18,3,100000,28,0.00028,70,0.0007
-16,-18,4,100000,44,0.00044,69,0.00069
-16,-18,5,100000,27,0.00027,66,0.00066
-16,-17,0,100000,24,0.00024,75,0.00075
-16,-17,1,100000,23,0.00023,77,0.00077
-16,-17,2,100000,23,0.00023,74,0.00074
-16,-17,3,100000,27,0.00027,74,0.00074
-16,-17,4,100000,33,0.00033,80,0.0008
-16,-17,5,100000,38,0.00038,73,0.00073
-16,-16,0,100000,32,0.00032,73,0.00073
-16,-16,1,100000,40,0.0004,76,0.00076
-16,-16,2,100000,40,0.0004,84,0.00084
-16,-16,3,100000,39,0.00039,79,0.00079
-16,-16,4,100000,35,0.00035,84,0.00084
-16,-16,5,100000,31,0.00031,77,0.00077
-16,-15,0,100000,32,0.00032,77,0.00077
-16,-15,1,100000,25,0.00025,75,0.00075
-16,-15,2,100000,32,0.00032,75,0.00075
-16,-15,3,100000,23,0.00023,76,0.00076
-16,-15,4,100000,29,0.00029,77,0.00077
-16,-15,5,100000,41,0.00041,79,0.00079
-16,-14,0,100000,26,0.00026,85,0.00085
-16,-14,1,100000,28,0.00028,71,0.00071
-16,-14,2,100000,45,0.00045,81,0.00081
-16,-14,3,100000,23,0.00023,83,0.00083
-16,-14,4,100000,10,0.0001,58,0.00058
-16,-14,5,100000,39,0.00039,85,0.00085
-16,-13,0,100000,25,0.00025,64,0.00064
-16,-13,1,100000,29,0.00029,69,0.00069
-16,-13,2,100000,24,0.00024,81,0.00081
-16,-13,3,100000,24,0.00024,66,0.00066
-16,-13,4,100000,23,0.00023,63,0.00063
-16,-13,5,100000,32,0.00032,71,0.00071
-16,-12,0,100000,16,0.00016,65,0.00065
-16,-12,1,100000,24,0.00024,79,0.00079
-16,-12,2,100000,32,0.00032,73,0.00073
-16,-12,3,100000,36,0.00036,66,0.00066
-16,-12,4,100000,32,0.00032,77,0.00077
-16,-12,5,100000,39,0.00039,86,0.00086
-16,-11,0,100000,25,0.00025,71,0.00071
-16,-11,1,100000,47,0.00047,75,0.00075
-16,-11,2,100000,29,0.00029,72,0.00072
-16,-11,3,100000,45,0.00045,78,0.00078
-16,-11,4,100000,19,0.00019,67,0.00067
-16,-11,5,100000,25,0.00025,68,0.00068
-16,-10,0,100000,31,0.00031,75,0.00075
-16,-10,1,100000,39,0.00039,63,0.00063
-16,-10,2,100000,27,0.00027,69,0.00069
-16,-10,3,100000,29,0.00029,80,0.0008
-16,-10,4,100000,26,0.00026,69,0.00069
-16,-10,5,100000,37,0.00037,67,0.00067
-16,-9,0,100000,46,0.00046,86,0.00086
-16,-9,1,100000,27,0.00027,71,0.00071
-16,-9,2,100000,28,0.00028,76,0.00076
-16,-9,3,100000,49,0.00049,73,0.00073
-16,-9,4,100000,27,0.00027,65,0.00065
-16,-9,5,100000,47,0.00047,87,0.00087
-16,-8,0,100000,34,0.00034,74,0.00074
-16,-8,1,100000,51,0.00051,70,0.0007
-16,-8,2,100000,29,0.00029,44,0.00044
-16,-8,3,100000,39,0.00039,86,0.00086
-16,-8,4,100000,27,0.00027,69,0.00069
-16,-8,5,100000,38,0.00038,81,0.00081
-16,-7,0,100000,50,0.0005,70,0.0007
-16,-7,1,100000,31,0.00031,69,0.00069
-16,-7,2,100000,27,0.00027,60,0.0006
-16,-7,3,100000,22,0.00022,75,0.00075
-16,-7,4,100000,23,0.00023,63,0.00063
-16,-7,5,100000,32,0.00032,79,0.00079
-16,-6,0,100000,22,0.00022,74,0.00074
-16,-6,1,100000,15,0.00015,66,0.00066
-16,-6,2,100000,19,0.00019,58,0.00058
-16,-6,3,100000,43,0.00043,87,0.00087
-16,-6,4,100000,31,0.00031,90,0.0009
-16,-6,5,100000,35,0.00035,75,0.00075
-16,-5,0,100000,36,0.00036,92,0.00092
-16,-5,1,100000,41,0.00041,76,0.00076
-16,-5,2,100000,40,0.0004,83,0.00083
-16,-5,3,100000,21,0.00021,71,0.00071
-16,-5,4,100000,23,0.00023,64,0.00064
-16,-5,5,100000,46,0.00046,73,0.00073
-16,-4,0,100000,22,0.00022,67,0.00067
-16,-4,1,100000,43,0.00043,88,0.00088
-16,-4,2,100000,21,0.00021,71,0.00071
-16,-4,3,100000,23,0.00023,88,0.00088
-16,-4,4,100000,37,0.00037,83,0.00083
-16,-4,5,100000,28,0.00028,79,0.00079
-16,-3,0,100000,24,0.00024,78,0.00078
-16,-3,1,100000,35,0.00035,63,0.00063
-16,-3,2,100000,40,0.0004,75,0.00075
-16,-3,3,100000,22,0.00022,68,0.00068
-16,-3,4,100000,40,0.0004,82,0.00082
-16,-3,5,100000,37,0.00037,72,0.00072
-16,-2,0,100000,26,0.00026,81,0.00081
-16,-2,1,100000,44,0.00044,74,0.00074
-16,-2,2,100000,44,0.00044,72,0.00072
-16,-2,3,100000,19,0.00019,72,0.00072
-16,-2,4,100000,28,0.00028,79,0.00079
-16,-2,5,100000,29,0.00029,84,0.00084
-16,-1,0,100000,21,0.00021,74,0.00074
-16,-1,1,100000,36,0.00036,65,0.00065
-16,-1,2,100000,24,0.00024,85,0.00085
-16,-1,3,100000,26,0.00026,68,0.00068
-16,-1,4,100000,50,0.0005,68,0.00068
-16,-1,5,100000,36,0.00036,85,0.00085
-16,0,0,100000,13,0.00013,82,0.00082
-16,0,1,100000,40,0.0004,65,0.00065
-16,0,2,100000,16,0.00016,76,0.00076
-16,0,3,100000,32,0.00032,84,0.00084
-16,0,4,100000,32,0.00032,69,0.00069
-16,0,5,100000,22,0.00022,74,0.00074
-16,1,0,100000,22,0.00022,61,0.00061
-16,1,1,100000,32,0.00032,77,0.00077
-16,1,2,100000,23,0.00023,61,0.00061
-16,1,3,100000,33,0.00033,80,0.0008
-16,1,4,100000,27,0.00027,68,0.00068
-16,1,5,100000,50,0.0005,85,0.00085
-16,2,0,100000,34,0.00034,64,0.00064
-16,2,1,100000,25,0.00025,57,0.00057
-16,2,2,100000,29,0.00029,80,0.0008
-16,2,3,100000,24,0.00024,69,0.00069
-16,2,4,100000,38,0.00038,67,0.00067
-16,2,5,100000,28,0.00028,72,0.00072
-16,3,0,100000,24,0.00024,81,0.00081
-16,3,1,100000,35,0.00035,81,0.00081
-16,3,2,100000,26,0.00026,75,0.00075
-16,3,3,100000,31,0.00031,76,0.00076
-16,3,4,100000,21,0.00021,78,0.00078
-16,3,5,100000,42,0.00042,80,0.0008
-16,4,0,100000,37,0.00037,78,0.00078
-16,4,1,100000,42,0.00042,82,0.00082
-16,4,2,100000,16,0.00016,60,0.0006
-16,4,3,100000,18,0.00018,71,0.00071
-16,4,4,100000,20,0.0002,55,0.00055
-16,4,5,100000,33,0.00033,79,0.00079
-16,5,0,100000,37,0.00037,80,0.0008
-16,5,1,100000,19,0.00019,67,0.00067
-16,5,2,100000,28,0.00028,72,0.00072
-16,5,3,100000,29,0.00029,72,0.00072
-16,5,4,100000,19,0.00019,59,0.00059
-16,5,5,100000,11,0.00011,58,0.00058
-16,6,0,100000,50,0.0005,72,0.00072
-16,6,1,100000,27,0.00027,67,0.00067
-16,6,2,100000,21,0.00021,56,0.00056
-16,6,3,100000,34,0.00034,74,0.00074
-16,6,4,100000,47,0.00047,71,0.00071
-16,6,5,100000,19,0.00019,82,0.00082
-16,7,0,100000,35,0.00035,65,0.00065
-16,7,1,100000,37,0.00037,84,0.00084
-16,7,2,100000,39,0.00039,63,0.00063
-16,7,3,100000,31,0.00031,84,0.00084
-16,7,4,100000,40,0.0004,83,0.00083
-16,7,5,100000,35,0.00035,66,0.00066
-16,8,0,100000,33,0.00033,67,0.00067
-16,8,1,100000,31,0.00031,84,0.00084
-16,8,2,100000,26,0.00026,64,0.00064
-16,8,3,100000,36,0.00036,76,0.00076
-16,8,4,100000,23,0.00023,66,0.00066
-16,8,5,100000,18,0.00018,71,0.00071
-16,9,0,100000,13,0.00013,66,0.00066
-16,9,1,100000,37,0.00037,76,0.00076
-16,9,2,100000,24,0.00024,50,0.0005
-16,9,3,100000,32,0.00032,73,0.00073
-16,9,4,100000,14,0.00014,67,0.00067
-16,9,5,100000,23,0.00023,72,0.00072
-16,10,0,100000,27,0.00027,77,0.00077
-16,10,1,100000,27,0.00027,70,0.0007
-16,10,2,100000,35,0.00035,85,0.00085
-16,10,3,100000,32,0.00032,73,0.00073
-16,10,4,100000,26,0.00026,66,0.00066
-16,10,5,100000,40,0.0004,72,0.00072
-16,11,0,100000,8,8e-05,75,0.00075
-16,11,1,100000,19,0.00019,53,0.00053
-16,11,2,100000,39,0.00039,71,0.00071
-16,11,3,100000,18,0.00018,85,0.00085
-16,11,4,100000,34,0.00034,77,0.00077
-16,11,5,100000,27,0.00027,71,0.00071
-16,12,0,100000,18,0.00018,82,0.00082
-16,12,1,100000,40,0.0004,91,0.00091
-16,12,2,100000,24,0.00024,64,0.00064
-16,12,3,100000,31,0.00031,70,0.0007
-16,12,4,100000,20,0.0002,58,0.00058
-16,12,5,100000,22,0.00022,52,0.00052
-16,13,0,100000,41,0.00041,84,0.00084
-16,13,1,100000,45,0.00045,81,0.00081
-16,13,2,100000,19,0.00019,58,0.00058
-16,13,3,100000,39,0.00039,79,0.00079
-16,13,4,100000,26,0.00026,63,0.00063
-16,13,5,100000,25,0.00025,86,0.00086
-16,14,0,100000,19,0.00019,54,0.00054
-16,14,1,100000,28,0.00028,65,0.00065
-16,14,2,100000,39,0.00039,71,0.00071
-16,14,3,100000,27,0.00027,61,0.00061
-16,14,4,100000,19,0.00019,69,0.00069
-16,14,5,100000,23,0.00023,81,0.00081
-16,15,0,100000,41,0.00041,70,0.0007
-16,15,1,100000,34,0.00034,67,0.00067
-16,15,2,100000,23,0.00023,73,0.00073
-16,15,3,100000,41,0.00041,68,0.00068
-16,15,4,100000,16,0.00016,74,0.00074
-16,15,5,100000,35,0.00035,67,0.00067
-16,16,0,100000,33,0.00033,84,0.00084
-16,16,1,100000,47,0.00047,89,0.00089
-16,16,2,100000,17,0.00017,66,0.00066
-16,16,3,100000,32,0.00032,71,0.00071
-16,16,4,100000,27,0.00027,72,0.00072
-16,16,5,100000,35,0.00035,65,0.00065
-16,17,0,100000,30,0.0003,83,0.00083
-16,17,1,100000,26,0.00026,77,0.00077
-16,17,2,100000,31,0.00031,93,0.00093
-16,17,3,100000,39,0.00039,77,0.00077
-16,17,4,100000,41,0.00041,88,0.00088
-16,17,5,100000,24,0.00024,61,0.00061
-16,18,0,100000,56,0.00056,66,0.00066
-16,18,1,100000,28,0.00028,66,0.00066
-16,18,2,100000,30,0.0003,73,0.00073
-16,18,3,100000,20,0.0002,73,0.00073
-16,18,4,100000,38,0.00038,85,0.00085
-16,18,5,100000,28,0.00028,70,0.0007
-16,19,0,100000,25,0.00025,80,0.0008
-16,19,1,100000,33,0.00033,82,0.00082
-16,19,2,100000,43,0.00043,78,0.00078
-16,19,3,100000,13,0.00013,70,0.0007
-16,19,4,100000,22,0.00022,77,0.00077
-16,19,5,100000,34,0.00034,76,0.00076
-16,20,0,100000,37,0.00037,77,0.00077
-16,20,1,100000,25,0.00025,70,0.0007
-16,20,2,100000,14,0.00014,64,0.00064
-16,20,3,100000,53,0.00053,85,0.00085
-16,20,4,100000,29,0.00029,90,0.0009
-16,20,5,100000,24,0.00024,83,0.00083
-16,21,0,100000,35,0.00035,73,0.00073
-16,21,1,100000,29,0.00029,74,0.00074
-16,21,2,100000,23,0.00023,64,0.00064
-16,21,3,100000,38,0.00038,75,0.00075
-16,21,4,100000,35,0.00035,81,0.00081
-16,21,5,100000,37,0.00037,65,0.00065
-16,22,0,100000,68,0.00068,96,0.00096
-16,22,1,100000,26,0.00026,67,0.00067
-16,22,2,100000,33,0.00033,89,0.00089
-16,22,3,100000,17,0.00017,67,0.00067
-16,22,4,100000,26,0.00026,65,0.00065
-16,22,5,100000,45,0.00045,75,0.00075
-16,23,0,100000,27,0.00027,83,0.00083
-16,23,1,100000,28,0.00028,67,0.00067
-16,23,2,100000,16,0.00016,70,0.0007
-16,23,3,100000,17,0.00017,69,0.00069
-16,23,4,100000,33,0.00033,76,0.00076
-16,23,5,100000,18,0.00018,63,0.00063
-16,24,0,100000,32,0.00032,73,0.00073
-16,24,1,100000,22,0.00022,77,0.00077
-16,24,2,100000,13,0.00013,80,0.0008
-16,24,3,100000,38,0.00038,86,0.00086
-16,24,4,100000,44,0.00044,75,0.00075
-16,24,5,100000,42,0.00042,81,0.00081
-16,25,0,100000,55,0.00055,92,0.00092
-16,25,1,100000,35,0.00035,67,0.00067
-16,25,2,100000,24,0.00024,75,0.00075
-16,25,3,100000,29,0.00029,69,0.00069
-16,25,4,100000,31,0.00031,62,0.00062
-16,25,5,100000,33,0.00033,86,0.00086
-16,26,0,100000,25,0.00025,79,0.00079
-16,26,1,100000,16,0.00016,54,0.00054
-16,26,2,100000,27,0.00027,76,0.00076
-16,26,3,100000,20,0.0002,76,0.00076
-16,26,4,100000,41,0.00041,78,0.00078
-16,26,5,100000,25,0.00025,70,0.0007
-16,27,0,100000,47,0.00047,74,0.00074
-16,27,1,100000,38,0.00038,74,0.00074
-16,27,2,100000,20,0.0002,72,0.00072
-16,27,3,100000,33,0.00033,76,0.00076
-16,27,4,100000,38,0.00038,75,0.00075
-16,27,5,100000,42,0.00042,108,0.00108
-16,28,0,100000,29,0.00029,89,0.00089
-16,28,1,100000,35,0.00035,73,0.00073
-16,28,2,100000,36,0.00036,85,0.00085
-16,28,3,100000,51,0.00051,78,0.00078
-16,28,4,100000,39,0.00039,78,0.00078
-16,28,5,100000,44,0.00044,78,0.00078
-16,29,0,100000,26,0.00026,80,0.0008
-16,29,1,100000,23,0.00023,58,0.00058
-16,29,2,100000,22,0.00022,79,0.00079
-16,29,3,100000,32,0.00032,76,0.00076
-16,29,4,100000,26,0.00026,84,0.00084
-16,29,5,100000,27,0.00027,72,0.00072
-16,30,0,100000,46,0.00046,83,0.00083
-16,30,1,100000,38,0.00038,77,0.00077
-16,30,2,100000,24,0.00024,77,0.00077
-16,30,3,100000,44,0.00044,83,0.00083
-16,30,4,100000,20,0.0002,81,0.00081
-16,30,5,100000,29,0.00029,69,0.00069
-16,31,0,100000,32,0.00032,75,0.00075
-16,31,1,100000,43,0.00043,86,0.00086
-16,31,2,100000,25,0.00025,68,0.00068
-16,31,3,100000,35,0.00035,75,0.00075
-16,31,4,100000,55,0.00055,77,0.00077
-16,31,5,100000,29,0.00029,86,0.00086
-16,32,0,100000,39,0.00039,78,0.00078
-16,32,1,100000,18,0.00018,81,0.00081
-16,32,2,100000,48,0.00048,70,0.0007
-16,32,3,100000,22,0.00022,71,0.00071
-16,32,4,100000,20,0.0002,73,0.00073
-16,32,5,100000,18,0.00018,63,0.00063
-16,33,0,100000,36,0.00036,87,0.00087
-16,33,1,100000,24,0.00024,69,0.00069
-16,33,2,100000,17,0.00017,54,0.00054
-16,33,3,100000,34,0.00034,77,0.00077
-16,33,4,100000,53,0.00053,69,0.00069
-16,33,5,100000,17,0.00017,68,0.00068
-16,34,0,100000,28,0.00028,68,0.00068
-16,34,1,100000,42,0.00042,80,0.0008
-16,34,2,100000,39,0.00039,73,0.00073
-16,34,3,100000,26,0.00026,71,0.00071
-16,34,4,100000,29,0.00029,77,0.00077
-16,34,5,100000,50,0.0005,72,0.00072
-16,35,0,100000,37,0.00037,85,0.00085
-16,35,1,100000,40,0.0004,85,0.00085
-16,35,2,100000,34,0.00034,74,0.00074
-16,35,3,100000,15,0.00015,71,0.00071
-16,35,4,100000,57,0.00057,87,0.00087
-16,35,5,100000,38,0.00038,87,0.00087
-16,36,0,100000,17,0.00017,76,0.00076
-16,36,1,100000,24,0.00024,66,0.00066
-16,36,2,100000,38,0.00038,78,0.00078
-16,36,3,100000,24,0.00024,83,0.00083
-16,36,4,100000,16,0.00016,61,0.00061
-16,36,5,100000,37,0.00037,72,0.00072
-16,37,0,100000,52,0.00052,80,0.0008
-16,37,1,100000,29,0.00029,62,0.00062
-16,37,2,100000,27,0.00027,79,0.00079
-16,37,3,100000,26,0.00026,90,0.0009
-16,37,4,100000,15,0.00015,63,0.00063
-16,37,5,100000,37,0.00037,76,0.00076
-16,38,0,100000,38,0.00038,67,0.00067
-16,38,1,100000,43,0.00043,65,0.00065
-16,38,2,100000,33,0.00033,72,0.00072
-16,38,3,100000,28,0.00028,76,0.00076
-16,38,4,100000,32,0.00032,73,0.00073
-16,38,5,100000,28,0.00028,64,0.00064
-16,39,0,100000,31,0.00031,63,0.00063
-16,39,1,100000,31,0.00031,62,0.00062
-16,39,2,100000,28,0.00028,73,0.00073
-16,39,3,100000,37,0.00037,66,0.00066
-16,39,4,100000,34,0.00034,83,0.00083
-16,39,5,100000,37,0.00037,70,0.0007
-16,40,0,100000,44,0.00044,70,0.0007
-16,40,1,100000,19,0.00019,71,0.00071
-16,40,2,100000,22,0.00022,52,0.00052
-16,40,3,100000,21,0.00021,78,0.00078
-16,40,4,100000,22,0.00022,66,0.00066
-16,40,5,100000,36,0.00036,76,0.00076
-16,41,0,100000,21,0.00021,73,0.00073
-16,41,1,100000,40,0.0004,88,0.00088
-16,41,2,100000,35,0.00035,73,0.00073
-16,41,3,100000,32,0.00032,63,0.00063
-16,41,4,100000,28,0.00028,72,0.00072
-16,41,5,100000,21,0.00021,69,0.00069
-16,42,0,100000,43,0.00043,74,0.00074
-16,42,1,100000,40,0.0004,79,0.00079
-16,42,2,100000,27,0.00027,75,0.00075
-16,42,3,100000,45,0.00045,73,0.00073
-16,42,4,100000,35,0.00035,77,0.00077
-16,42,5,100000,26,0.00026,68,0.00068
-16,43,0,100000,30,0.0003,83,0.00083
-16,43,1,100000,29,0.00029,68,0.00068
-16,43,2,100000,30,0.0003,83,0.00083
-16,43,3,100000,31,0.00031,78,0.00078
-16,43,4,100000,19,0.00019,64,0.00064
-16,43,5,100000,30,0.0003,61,0.00061
-16,44,0,100000,36,0.00036,66,0.00066
-16,44,1,100000,47,0.00047,69,0.00069
-16,44,2,100000,35,0.00035,77,0.00077
-16,44,3,100000,24,0.00024,60,0.0006
-16,44,4,100000,51,0.00051,77,0.00077
-16,44,5,100000,25,0.00025,75,0.00075
-16,45,0,100000,36,0.00036,86,0.00086
-16,45,1,100000,17,0.00017,70,0.0007
-16,45,2,100000,34,0.00034,86,0.00086
-16,45,3,100000,18,0.00018,62,0.00062
-16,45,4,100000,21,0.00021,80,0.0008
-16,45,5,100000,41,0.00041,82,0.00082
-16,46,0,100000,52,0.00052,80,0.0008
-16,46,1,100000,49,0.00049,70,0.0007
-16,46,2,100000,21,0.00021,80,0.0008
-16,46,3,100000,47,0.00047,73,0.00073
-16,46,4,100000,25,0.00025,86,0.00086
-16,46,5,100000,46,0.00046,88,0.00088
-16,47,0,100000,24,0.00024,62,0.00062
-16,47,1,100000,36,0.00036,75,0.00075
-16,47,2,100000,26,0.00026,80,0.0008
-16,47,3,100000,41,0.00041,72,0.00072
-16,47,4,100000,24,0.00024,81,0.00081
-16,47,5,100000,18,0.00018,71,0.00071
-16,48,0,100000,32,0.00032,69,0.00069
-16,48,1,100000,24,0.00024,68,0.00068
-16,48,2,100000,34,0.00034,72,0.00072
-16,48,3,100000,48,0.00048,78,0.00078
-16,48,4,100000,19,0.00019,69,0.00069
-16,48,5,100000,41,0.00041,89,0.00089
-16,49,0,100000,32,0.00032,79,0.00079
-16,49,1,100000,27,0.00027,79,0.00079
-16,49,2,100000,33,0.00033,69,0.00069
-16,49,3,100000,26,0.00026,72,0.00072
-16,49,4,100000,27,0.00027,67,0.00067
-16,49,5,100000,36,0.00036,60,0.0006
-16,50,0,100000,39,0.00039,66,0.00066
-16,50,1,100000,50,0.0005,64,0.00064
-16,50,2,100000,21,0.00021,77,0.00077
-16,50,3,100000,41,0.00041,76,0.00076
-16,50,4,100000,27,0.00027,73,0.00073
-16,50,5,100000,25,0.00025,63,0.00063
-15,-50,0,100000,34,0.00034,56,0.00056
-15,-50,1,100000,50,0.0005,80,0.0008
-15,-50,2,100000,33,0.00033,87,0.00087
-15,-50,3,100000,35,0.00035,71,0.00071
-15,-50,4,100000,30,0.0003,65,0.00065
-15,-50,5,100000,25,0.00025,76,0.00076
-15,-49,0,100000,27,0.00027,78,0.00078
-15,-49,1,100000,28,0.00028,76,0.00076
-15,-49,2,100000,19,0.00019,60,0.0006
-15,-49,3,100000,19,0.00019,70,0.0007
-15,-49,4,100000,28,0.00028,64,0.00064
-15,-49,5,100000,20,0.0002,62,0.00062
-15,-48,0,100000,33,0.00033,61,0.00061
-15,-48,1,100000,45,0.00045,85,0.00085
-15,-48,2,100000,37,0.00037,81,0.00081
-15,-48,3,100000,33,0.00033,62,0.00062
-15,-48,4,100000,51,0.00051,80,0.0008
-15,-48,5,100000,26,0.00026,66,0.00066
-15,-47,0,100000,34,0.00034,64,0.00064
-15,-47,1,100000,16,0.00016,68,0.00068
-15,-47,2,100000,22,0.00022,65,0.00065
-15,-47,3,100000,63,0.00063,72,0.00072
-15,-47,4,100000,14,0.00014,81,0.00081
-15,-47,5,100000,25,0.00025,75,0.00075
-15,-46,0,100000,34,0.00034,67,0.00067
-15,-46,1,100000,30,0.0003,69,0.00069
-15,-46,2,100000,38,0.00038,80,0.0008
-15,-46,3,100000,35,0.00035,72,0.00072
-15,-46,4,100000,18,0.00018,54,0.00054
-15,-46,5,100000,36,0.00036,77,0.00077
-15,-45,0,100000,39,0.00039,79,0.00079
-15,-45,1,100000,24,0.00024,77,0.00077
-15,-45,2,100000,29,0.00029,77,0.00077
-15,-45,3,100000,21,0.00021,73,0.00073
-15,-45,4,100000,27,0.00027,67,0.00067
-15,-45,5,100000,28,0.00028,70,0.0007
-15,-44,0,100000,27,0.00027,71,0.00071
-15,-44,1,100000,18,0.00018,64,0.00064
-15,-44,2,100000,13,0.00013,70,0.0007
-15,-44,3,100000,20,0.0002,66,0.00066
-15,-44,4,100000,22,0.00022,68,0.00068
-15,-44,5,100000,30,0.0003,60,0.0006
-15,-43,0,100000,21,0.00021,68,0.00068
-15,-43,1,100000,17,0.00017,74,0.00074
-15,-43,2,100000,42,0.00042,75,0.00075
-15,-43,3,100000,28,0.00028,71,0.00071
-15,-43,4,100000,35,0.00035,68,0.00068
-15,-43,5,100000,47,0.00047,94,0.00094
-15,-42,0,100000,22,0.00022,76,0.00076
-15,-42,1,100000,32,0.00032,71,0.00071
-15,-42,2,100000,23,0.00023,55,0.00055
-15,-42,3,100000,32,0.00032,80,0.0008
-15,-42,4,100000,21,0.00021,80,0.0008
-15,-42,5,100000,38,0.00038,78,0.00078
-15,-41,0,100000,33,0.00033,74,0.00074
-15,-41,1,100000,29,0.00029,84,0.00084
-15,-41,2,100000,45,0.00045,84,0.00084
-15,-41,3,100000,35,0.00035,75,0.00075
-15,-41,4,100000,25,0.00025,69,0.00069
-15,-41,5,100000,42,0.00042,74,0.00074
-15,-40,0,100000,36,0.00036,71,0.00071
-15,-40,1,100000,22,0.00022,62,0.00062
-15,-40,2,100000,31,0.00031,75,0.00075
-15,-40,3,100000,32,0.00032,98,0.00098
-15,-40,4,100000,40,0.0004,78,0.00078
-15,-40,5,100000,31,0.00031,77,0.00077
-15,-39,0,100000,37,0.00037,84,0.00084
-15,-39,1,100000,36,0.00036,82,0.00082
-15,-39,2,100000,28,0.00028,68,0.00068
-15,-39,3,100000,40,0.0004,80,0.0008
-15,-39,4,100000,45,0.00045,76,0.00076
-15,-39,5,100000,33,0.00033,65,0.00065
-15,-38,0,100000,24,0.00024,61,0.00061
-15,-38,1,100000,9,9e-05,57,0.00057
-15,-38,2,100000,15,0.00015,87,0.00087
-15,-38,3,100000,40,0.0004,79,0.00079
-15,-38,4,100000,32,0.00032,68,0.00068
-15,-38,5,100000,34,0.00034,63,0.00063
-15,-37,0,100000,39,0.00039,69,0.00069
-15,-37,1,100000,35,0.00035,74,0.00074
-15,-37,2,100000,22,0.00022,60,0.0006
-15,-37,3,100000,32,0.00032,70,0.0007
-15,-37,4,100000,8,8e-05,60,0.0006
-15,-37,5,100000,20,0.0002,68,0.00068
-15,-36,0,100000,29,0.00029,83,0.00083
-15,-36,1,100000,29,0.00029,76,0.00076
-15,-36,2,100000,27,0.00027,77,0.00077
-15,-36,3,100000,49,0.00049,85,0.00085
-15,-36,4,100000,37,0.00037,72,0.00072
-15,-36,5,100000,16,0.00016,72,0.00072
-15,-35,0,100000,29,0.00029,73,0.00073
-15,-35,1,100000,22,0.00022,67,0.00067
-15,-35,2,100000,20,0.0002,70,0.0007
-15,-35,3,100000,37,0.00037,67,0.00067
-15,-35,4,100000,26,0.00026,81,0.00081
-15,-35,5,100000,26,0.00026,66,0.00066
-15,-34,0,100000,22,0.00022,72,0.00072
-15,-34,1,100000,20,0.0002,67,0.00067
-15,-34,2,100000,19,0.00019,69,0.00069
-15,-34,3,100000,28,0.00028,76,0.00076
-15,-34,4,100000,28,0.00028,68,0.00068
-15,-34,5,100000,41,0.00041,79,0.00079
-15,-33,0,100000,32,0.00032,83,0.00083
-15,-33,1,100000,21,0.00021,75,0.00075
-15,-33,2,100000,23,0.00023,71,0.00071
-15,-33,3,100000,45,0.00045,63,0.00063
-15,-33,4,100000,23,0.00023,69,0.00069
-15,-33,5,100000,40,0.0004,85,0.00085
-15,-32,0,100000,40,0.0004,72,0.00072
-15,-32,1,100000,28,0.00028,61,0.00061
-15,-32,2,100000,32,0.00032,87,0.00087
-15,-32,3,100000,40,0.0004,74,0.00074
-15,-32,4,100000,28,0.00028,69,0.00069
-15,-32,5,100000,25,0.00025,77,0.00077
-15,-31,0,100000,27,0.00027,81,0.00081
-15,-31,1,100000,27,0.00027,64,0.00064
-15,-31,2,100000,30,0.0003,67,0.00067
-15,-31,3,100000,35,0.00035,75,0.00075
-15,-31,4,100000,28,0.00028,72,0.00072
-15,-31,5,100000,25,0.00025,75,0.00075
-15,-30,0,100000,38,0.00038,85,0.00085
-15,-30,1,100000,25,0.00025,63,0.00063
-15,-30,2,100000,28,0.00028,77,0.00077
-15,-30,3,100000,16,0.00016,59,0.00059
-15,-30,4,100000,24,0.00024,78,0.00078
-15,-30,5,100000,36,0.00036,72,0.00072
-15,-29,0,100000,13,0.00013,48,0.00048
-15,-29,1,100000,35,0.00035,85,0.00085
-15,-29,2,100000,34,0.00034,80,0.0008
-15,-29,3,100000,22,0.00022,71,0.00071
-15,-29,4,100000,33,0.00033,68,0.00068
-15,-29,5,100000,29,0.00029,63,0.00063
-15,-28,0,100000,31,0.00031,89,0.00089
-15,-28,1,100000,19,0.00019,69,0.00069
-15,-28,2,100000,22,0.00022,75,0.00075
-15,-28,3,100000,44,0.00044,67,0.00067
-15,-28,4,100000,40,0.0004,74,0.00074
-15,-28,5,100000,18,0.00018,70,0.0007
-15,-27,0,100000,31,0.00031,82,0.00082
-15,-27,1,100000,16,0.00016,64,0.00064
-15,-27,2,100000,54,0.00054,71,0.00071
-15,-27,3,100000,28,0.00028,63,0.00063
-15,-27,4,100000,27,0.00027,58,0.00058
-15,-27,5,100000,23,0.00023,79,0.00079
-15,-26,0,100000,14,0.00014,54,0.00054
-15,-26,1,100000,21,0.00021,62,0.00062
-15,-26,2,100000,20,0.0002,68,0.00068
-15,-26,3,100000,36,0.00036,75,0.00075
-15,-26,4,100000,30,0.0003,83,0.00083
-15,-26,5,100000,21,0.00021,67,0.00067
-15,-25,0,100000,28,0.00028,67,0.00067
-15,-25,1,100000,19,0.00019,70,0.0007
-15,-25,2,100000,36,0.00036,64,0.00064
-15,-25,3,100000,34,0.00034,70,0.0007
-15,-25,4,100000,40,0.0004,72,0.00072
-15,-25,5,100000,28,0.00028,69,0.00069
-15,-24,0,100000,35,0.00035,79,0.00079
-15,-24,1,100000,38,0.00038,80,0.0008
-15,-24,2,100000,21,0.00021,70,0.0007
-15,-24,3,100000,34,0.00034,80,0.0008
-15,-24,4,100000,21,0.00021,74,0.00074
-15,-24,5,100000,30,0.0003,85,0.00085
-15,-23,0,100000,36,0.00036,80,0.0008
-15,-23,1,100000,25,0.00025,64,0.00064
-15,-23,2,100000,32,0.00032,69,0.00069
-15,-23,3,100000,35,0.00035,75,0.00075
-15,-23,4,100000,21,0.00021,72,0.00072
-15,-23,5,100000,42,0.00042,77,0.00077
-15,-22,0,100000,43,0.00043,70,0.0007
-15,-22,1,100000,61,0.00061,95,0.00095
-15,-22,2,100000,44,0.00044,79,0.00079
-15,-22,3,100000,36,0.00036,74,0.00074
-15,-22,4,100000,21,0.00021,68,0.00068
-15,-22,5,100000,6,6e-05,58,0.00058
-15,-21,0,100000,32,0.00032,77,0.00077
-15,-21,1,100000,41,0.00041,78,0.00078
-15,-21,2,100000,21,0.00021,59,0.00059
-15,-21,3,100000,30,0.0003,74,0.00074
-15,-21,4,100000,45,0.00045,81,0.00081
-15,-21,5,100000,35,0.00035,81,0.00081
-15,-20,0,100000,22,0.00022,64,0.00064
-15,-20,1,100000,36,0.00036,73,0.00073
-15,-20,2,100000,28,0.00028,67,0.00067
-15,-20,3,100000,41,0.00041,85,0.00085
-15,-20,4,100000,55,0.00055,80,0.0008
-15,-20,5,100000,27,0.00027,78,0.00078
-15,-19,0,100000,20,0.0002,70,0.0007
-15,-19,1,100000,24,0.00024,79,0.00079
-15,-19,2,100000,32,0.00032,72,0.00072
-15,-19,3,100000,32,0.00032,76,0.00076
-15,-19,4,100000,55,0.00055,79,0.00079
-15,-19,5,100000,37,0.00037,84,0.00084
-15,-18,0,100000,34,0.00034,68,0.00068
-15,-18,1,100000,33,0.00033,73,0.00073
-15,-18,2,100000,34,0.00034,75,0.00075
-15,-18,3,100000,23,0.00023,76,0.00076
-15,-18,4,100000,32,0.00032,61,0.00061
-15,-18,5,100000,14,0.00014,67,0.00067
-15,-17,0,100000,49,0.00049,79,0.00079
-15,-17,1,100000,30,0.0003,76,0.00076
-15,-17,2,100000,15,0.00015,72,0.00072
-15,-17,3,100000,57,0.00057,84,0.00084
-15,-17,4,100000,30,0.0003,84,0.00084
-15,-17,5,100000,19,0.00019,69,0.00069
-15,-16,0,100000,43,0.00043,79,0.00079
-15,-16,1,100000,38,0.00038,69,0.00069
-15,-16,2,100000,24,0.00024,75,0.00075
-15,-16,3,100000,26,0.00026,68,0.00068
-15,-16,4,100000,32,0.00032,65,0.00065
-15,-16,5,100000,21,0.00021,75,0.00075
-15,-15,0,100000,21,0.00021,83,0.00083
-15,-15,1,100000,18,0.00018,72,0.00072
-15,-15,2,100000,33,0.00033,89,0.00089
-15,-15,3,100000,9,9e-05,56,0.00056
-15,-15,4,100000,38,0.00038,73,0.00073
-15,-15,5,100000,41,0.00041,72,0.00072
-15,-14,0,100000,34,0.00034,77,0.00077
-15,-14,1,100000,26,0.00026,70,0.0007
-15,-14,2,100000,23,0.00023,73,0.00073
-15,-14,3,100000,32,0.00032,58,0.00058
-15,-14,4,100000,24,0.00024,69,0.00069
-15,-14,5,100000,24,0.00024,60,0.0006
-15,-13,0,100000,36,0.00036,74,0.00074
-15,-13,1,100000,33,0.00033,77,0.00077
-15,-13,2,100000,28,0.00028,80,0.0008
-15,-13,3,100000,33,0.00033,69,0.00069
-15,-13,4,100000,20,0.0002,67,0.00067
-15,-13,5,100000,45,0.00045,75,0.00075
-15,-12,0,100000,44,0.00044,81,0.00081
-15,-12,1,100000,32,0.00032,79,0.00079
-15,-12,2,100000,40,0.0004,77,0.00077
-15,-12,3,100000,16,0.00016,71,0.00071
-15,-12,4,100000,36,0.00036,68,0.00068
-15,-12,5,100000,30,0.0003,83,0.00083
-15,-11,0,100000,24,0.00024,84,0.00084
-15,-11,1,100000,28,0.00028,65,0.00065
-15,-11,2,100000,16,0.00016,51,0.00051
-15,-11,3,100000,28,0.00028,81,0.00081
-15,-11,4,100000,42,0.00042,76,0.00076
-15,-11,5,100000,25,0.00025,67,0.00067
-15,-10,0,100000,24,0.00024,71,0.00071
-15,-10,1,100000,27,0.00027,85,0.00085
-15,-10,2,100000,24,0.00024,77,0.00077
-15,-10,3,100000,14,0.00014,55,0.00055
-15,-10,4,100000,58,0.00058,81,0.00081
-15,-10,5,100000,37,0.00037,65,0.00065
-15,-9,0,100000,17,0.00017,83,0.00083
-15,-9,1,100000,22,0.00022,62,0.00062
-15,-9,2,100000,41,0.00041,79,0.00079
-15,-9,3,100000,45,0.00045,72,0.00072
-15,-9,4,100000,43,0.00043,68,0.00068
-15,-9,5,100000,40,0.0004,93,0.00093
