x,y,nPrimary,roiCounts,normalizedCounts,flux,normalizedFlux
-47,15.8,400000,44907,0.112268,152152,0.38038
-47,16,400000,44871,0.112177,152251,0.380628
-47,16.2,400000,44668,0.11167,151895,0.379738
-47,16.4,400000,44935,0.112338,152717,0.381792
-47,16.6,400000,44693,0.111732,152225,0.380563
-47,16.8,400000,44539,0.111348,151750,0.379375
-47,17,400000,45095,0.112738,152210,0.380525
-47,17.2,400000,44436,0.11109,151225,0.378063
-47,17.4,400000,44845,0.112113,151567,0.378918
-47,17.6,400000,44815,0.112037,151988,0.37997
-47,17.8,400000,44698,0.111745,152319,0.380798
-47,18,400000,44395,0.110988,152131,0.380327
-47,18.2,400000,44723,0.111808,151698,0.379245
-47,18.4,400000,45044,0.11261,152214,0.380535
-47,18.6,400000,44740,0.11185,152628,0.38157
-47,18.8,400000,45043,0.112607,152324,0.38081
-47,19,400000,45582,0.113955,152667,0.381667
-47,19.2,400000,44984,0.11246,152030,0.380075
-47,19.4,400000,45105,0.112763,152184,0.38046
-47,19.6,400000,44993,0.112482,152721,0.381802
-47,19.8,400000,44865,0.112162,152270,0.380675
-47,20,400000,44594,0.111485,151552,0.37888
-47,20.2,400000,45003,0.112507,152392,0.38098
-47,20.4,400000,44908,0.11227,151816,0.37954
-47,20.6,400000,44900,0.11225,152099,0.380248
-47,20.8,400000,44679,0.111698,152381,0.380953
-47,21,400000,45193,0.112982,152394,0.380985
-47,21.2,400000,45198,0.112995,151816,0.37954
-47,21.4,400000,44876,0.11219,151855,0.379638
-47,21.6,400000,45048,0.11262,152328,0.38082
-47,21.8,400000,44718,0.111795,151687,0.379217
-47,22,400000,44682,0.111705,151500,0.37875
-47,22.2,400000,44384,0.11096,151546,0.378865
-47,22.4,400000,44534,0.111335,151692,0.37923
-47,22.6,400000,45044,0.11261,151994,0.379985
-47,22.8,400000,44656,0.11164,151456,0.37864
-47,23,400000,44947,0.112367,152571,0.381427
-47,23.2,400000,45100,0.11275,151976,0.37994
-47,23.4,400000,44720,0.1118,151836,0.37959
-47,23.6,400000,44851,0.112128,152366,0.380915
-47,23.8,400000,44252,0.11063,151769,0.379422
-47,24,400000,44444,0.11111,152521,0.381302
-47,24.2,400000,45453,0.113632,151951,0.379877
-47,24.4,400000,45079,0.112698,152390,0.380975
-47,24.6,400000,44917,0.112293,152038,0.380095
-47,24.8,400000,44540,0.11135,151425,0.378563
-47,25,400000,45008,0.11252,152169,0.380422
-47,25.2,400000,44577,0.111442,151598,0.378995
-47,25.4,400000,44936,0.11234,152339,0.380848
-47,25.6,400000,45246,0.113115,152782,0.381955
-47,25.8,400000,44792,0.11198,151634,0.379085
-47,26,400000,44826,0.112065,152101,0.380252
-47,26.2,400000,44787,0.111967,152124,0.38031
-47,26.4,400000,44717,0.111793,152256,0.38064
-47,26.6,400000,44810,0.112025,152355,0.380887
-47,26.8,400000,44416,0.11104,151568,0.37892
-47,27,400000,44987,0.112467,152192,0.38048
-47,27.2,400000,45072,0.11268,152579,0.381447
-47,27.4,400000,44893,0.112232,152127,0.380317
-47,27.6,400000,44878,0.112195,151978,0.379945
-47,27.8,400000,44185,0.110463,151755,0.379387
-47,28,400000,45202,0.113005,152440,0.3811
-47,28.2,400000,44748,0.11187,152281,0.380702
-47,28.4,400000,44801,0.112003,151742,0.379355
-47,28.6,400000,44605,0.111513,151665,0.379163
-47,28.8,400000,44773,0.111933,151857,0.379642
-47,29,400000,44306,0.110765,152060,0.38015
-47,29.2,400000,44292,0.11073,151370,0.378425
-47,29.4,400000,44796,0.11199,151911,0.379777
-47,29.6,400000,44460,0.11115,151722,0.379305
-47,29.8,400000,44757,0.111893,151938,0.379845
-47,30,400000,44677,0.111693,152205,0.380512
-47,30.2,400000,44788,0.11197,152087,0.380217
-47,30.4,400000,44666,0.111665,151924,0.37981
-47,30.6,400000,45437,0.113592,152763,0.381908
-47,30.8,400000,44938,0.112345,151857,0.379642
-47,31,400000,44503,0.111257,152342,0.380855
-47,31.2,400000,45030,0.112575,152380,0.38095
-47,31.4,400000,44235,0.110588,152136,0.38034
-47,31.6,400000,44478,0.111195,152045,0.380113
-47,31.8,400000,44812,0.11203,151559,0.378897
-47,32,400000,45103,0.112757,152469,0.381173
-47,32.2,400000,44418,0.111045,152129,0.380323
-47,32.4,400000,44857,0.112143,151928,0.37982
-47,32.6,400000,44526,0.111315,152168,0.38042
-47,32.8,400000,44857,0.112143,152402,0.381005
-47,33,400000,44882,0.112205,152125,0.380312
-47,33.2,400000,44395,0.110988,151740,0.37935
-47,33.4,400000,45044,0.11261,152519,0.381298
-47,33.6,400000,45196,0.11299,151996,0.37999
-47,33.8,400000,44300,0.11075,152278,0.380695
-47,34,400000,44856,0.11214,151645,0.379113
-47,34.2,400000,45121,0.112802,153062,0.382655
-47,34.4,400000,44355,0.110887,151500,0.37875
-47,34.6,400000,45167,0.112918,151731,0.379327
-47,34.8,400000,44222,0.110555,152276,0.38069
-47,35,400000,45277,0.113193,152437,0.381093
-47,35.2,400000,44945,0.112363,151874,0.379685
-47,35.4,400000,44733,0.111833,152311,0.380777
-47,35.6,400000,44890,0.112225,152013,0.380032
-47,35.8,400000,44703,0.111757,151581,0.378953
-47,36,400000,44533,0.111333,151300,0.37825
-47,36.2,400000,44856,0.11214,152478,0.381195
-47,36.4,400000,45000,0.1125,152187,0.380468
-47,36.6,400000,44430,0.111075,151567,0.378918
-47,36.8,400000,45132,0.11283,152341,0.380852
-47,37,400000,45254,0.113135,152155,0.380387
-47,37.2,400000,44729,0.111823,152341,0.380852
-47,37.4,400000,44935,0.112338,151152,0.37788
-47,37.6,400000,45591,0.113977,152534,0.381335
-47,37.8,400000,45334,0.113335,152182,0.380455
-47,38,400000,45066,0.112665,151863,0.379657
-47,38.2,400000,44435,0.111088,151701,0.379252
-47,38.4,400000,44888,0.11222,151897,0.379742
-47,38.6,400000,44768,0.11192,152384,0.38096
-47,38.8,400000,44233,0.110583,151678,0.379195
-47,39,400000,45101,0.112753,152126,0.380315
-47,39.2,400000,44727,0.111818,151484,0.37871
-47,39.4,400000,44951,0.112378,152175,0.380437
-47,39.6,400000,44477,0.111192,152012,0.38003
-47,39.8,400000,44963,0.112407,152194,0.380485
-47,40,400000,44533,0.111333,152473,0.381182
-47,40.2,400000,44997,0.112492,152363,0.380908
-47,40.4,400000,45071,0.112677,152163,0.380408
-47,40.6,400000,44905,0.112263,151570,0.378925
-47,40.8,400000,44502,0.111255,151770,0.379425
-47,41,400000,44852,0.11213,151931,0.379827
-47,41.2,400000,44923,0.112308,151889,0.379723
-47,41.4,400000,45336,0.11334,152410,0.381025
-47,41.6,400000,45542,0.113855,152567,0.381418
-47,41.8,400000,44660,0.11165,152359,0.380897
-47,42,400000,44472,0.11118,151282,0.378205
-47,42.2,400000,44719,0.111797,151692,0.37923
-47,42.4,400000,45448,0.11362,152048,0.38012
-47,42.6,400000,44644,0.11161,152112,0.38028
-47,42.8,400000,45030,0.112575,151869,0.379673
-47,43,400000,44955,0.112388,152306,0.380765
-47,43.2,400000,45093,0.112732,152155,0.380387
-47,43.4,400000,44806,0.112015,152176,0.38044
-47,43.6,400000,44762,0.111905,151566,0.378915
-47,43.8,400000,44559,0.111397,151945,0.379862
-47,44,400000,45181,0.112952,152159,0.380397
-47,44.2,400000,44830,0.112075,152150,0.380375
-47,44.4,400000,44972,0.11243,152280,0.3807
-47,44.6,400000,44411,0.111028,151798,0.379495
-47,44.8,400000,44591,0.111477,151808,0.37952
-47,45,400000,44773,0.111933,151935,0.379837
-47,45.2,400000,45479,0.113698,152047,0.380117
-47,45.4,400000,45442,0.113605,152154,0.380385
-47,45.6,400000,44938,0.112345,152152,0.38038
-47,45.8,400000,44821,0.112052,152146,0.380365
-47,46,400000,44935,0.112338,152321,0.380802
-47,46.2,400000,45053,0.112632,151841,0.379603
-47,46.4,400000,44662,0.111655,152323,0.380808
-47,46.6,400000,44881,0.112202,151770,0.379425
-47,46.8,400000,45331,0.113327,152094,0.380235
-47,47,400000,45154,0.112885,151803,0.379507
-47,47.2,400000,45306,0.113265,152376,0.38094
-47,47.4,400000,44813,0.112032,151850,0.379625
-47,47.6,400000,45256,0.11314,151483,0.378707
-47,47.8,400000,44573,0.111433,151785,0.379462
-47,48,400000,44576,0.11144,151949,0.379873
-47,48.2,400000,45267,0.113168,152111,0.380277
-47,48.4,400000,44686,0.111715,151580,0.37895
-47,48.6,400000,44674,0.111685,151753,0.379383
-47,48.8,400000,45068,0.11267,151955,0.379887
-47,49,400000,44989,0.112473,151904,0.37976
-47,49.2,400000,45233,0.113083,152650,0.381625
-47,49.4,400000,45287,0.113217,152219,0.380547
-47,49.6,400000,45083,0.112708,152030,0.380075
-47,49.8,400000,44958,0.112395,152128,0.38032
-47,50,400000,45270,0.113175,152372,0.38093
-46.8,-50,400000,44356,0.11089,152016,0.38004
-46.8,-49.8,400000,44752,0.11188,152843,0.382107
-46.8,-49.6,400000,44411,0.111028,151980,0.37995
-46.8,-49.4,400000,44763,0.111907,151915,0.379788
-46.8,-49.2,400000,44910,0.112275,151853,0.379632
-46.8,-49,400000,45267,0.113168,152471,0.381178
-46.8,-48.8,400000,44755,0.111888,151381,0.378453
-46.8,-48.6,400000,44863,0.112157,151833,0.379582
-46.8,-48.4,400000,44669,0.111672,151540,0.37885
-46.8,-48.2,400000,45125,0.112812,151743,0.379358
-46.8,-48,400000,44957,0.112393,151841,0.379603
-46.8,-47.8,400000,45030,0.112575,152494,0.381235
-46.8,-47.6,400000,44407,0.111018,152284,0.38071
-46.8,-47.4,400000,44845,0.112113,151865,0.379663
-46.8,-47.2,400000,44568,0.11142,151774,0.379435
-46.8,-47,400000,44883,0.112208,152369,0.380922
-46.8,-46.8,400000,44604,0.11151,151982,0.379955
-46.8,-46.6,400000,44816,0.11204,151695,0.379238
-46.8,-46.4,400000,44966,0.112415,152262,0.380655
-46.8,-46.2,400000,44611,0.111528,152075,0.380188
-46.8,-46,400000,44480,0.1112,151727,0.379317
-46.8,-45.8,400000,44854,0.112135,151530,0.378825
-46.8,-45.6,400000,44713,0.111783,151289,0.378223
-46.8,-45.4,400000,44835,0.112088,151822,0.379555
-46.8,-45.2,400000,44689,0.111723,152251,0.380628
-46.8,-45,400000,44755,0.111888,152635,0.381588
-46.8,-44.8,400000,44917,0.112293,152228,0.38057
-46.8,-44.6,400000,45166,0.112915,152258,0.380645
-46.8,-44.4,400000,44464,0.11116,152560,0.3814
-46.8,-44.2,400000,44468,0.11117,151356,0.37839
-46.8,-44,400000,45517,0.113793,152044,0.38011
-46.8,-43.8,400000,45231,0.113077,152420,0.38105
-46.8,-43.6,400000,44601,0.111503,151903,0.379758
-46.8,-43.4,400000,45008,0.11252,152043,0.380107
-46.8,-43.2,400000,45240,0.1131,152597,0.381493
-46.8,-43,400000,44854,0.112135,152317,0.380792
-46.8,-42.8,400000,44228,0.11057,151992,0.37998
-46.8,-42.6,400000,45016,0.11254,151778,0.379445
-46.8,-42.4,400000,45135,0.112837,152396,0.38099
-46.8,-42.2,400000,44641,0.111602,151709,0.379273
-46.8,-42,400000,44551,0.111378,152136,0.38034
-46.8,-41.8,400000,44721,0.111802,152498,0.381245
-46.8,-41.6,400000,44477,0.111192,151870,0.379675
-46.8,-41.4,400000,44948,0.11237,151955,0.379887
-46.8,-41.2,400000,44831,0.112077,151967,0.379918
-46.8,-41,400000,45096,0.11274,152080,0.3802
-46.8,-40.8,400000,45162,0.112905,151951,0.379877
-46.8,-40.6,400000,44972,0.11243,152360,0.3809
-46.8,-40.4,400000,44269,0.110672,151750,0.379375
-46.8,-40.2,400000,44810,0.112025,152315,0.380788
-46.8,-40,400000,44897,0.112242,151441,0.378603
-46.8,-39.8,400000,45374,0.113435,152602,0.381505
-46.8,-39.6,400000,44864,0.11216,151469,0.378673
-46.8,-39.4,400000,44663,0.111658,151889,0.379723
-46.8,-39.2,400000,44993,0.112482,151686,0.379215
-46.8,-39,400000,45209,0.113022,151601,0.379003
-46.8,-38.8,400000,45109,0.112772,152193,0.380483
-46.8,-38.6,400000,44272,0.11068,152226,0.380565
-46.8,-38.4,400000,44401,0.111003,151646,0.379115
-46.8,-38.2,400000,45205,0.113013,152319,0.380798
-46.8,-38,400000,44909,0.112272,152186,0.380465
-46.8,-37.8,400000,44697,0.111742,152087,0.380217
-46.8,-37.6,400000,45046,0.112615,152354,0.380885
-46.8,-37.4,400000,44737,0.111842,151843,0.379607
-46.8,-37.2,400000,44398,0.110995,152541,0.381352
-46.8,-37,400000,45022,0.112555,152631,0.381578
-46.8,-36.8,400000,44966,0.112415,151931,0.379827
-46.8,-36.6,400000,45019,0.112547,151967,0.379918
-46.8,-36.4,400000,44573,0.111433,152206,0.380515
-46.8,-36.2,400000,45241,0.113102,152082,0.380205
-46.8,-36,400000,44553,0.111382,151642,0.379105
-46.8,-35.8,400000,44618,0.111545,152059,0.380148
-46.8,-35.6,400000,44668,0.11167,151687,0.379217
-46.8,-35.4,400000,44516,0.11129,152604,0.38151
-46.8,-35.2,400000,45297,0.113242,152246,0.380615
-46.8,-35,400000,44740,0.11185,151955,0.379887
-46.8,-34.8,400000,44458,0.111145,152046,0.380115
-46.8,-34.6,400000,44737,0.111842,152020,0.38005
-46.8,-34.4,400000,44778,0.111945,152248,0.38062
-46.8,-34.2,400000,44501,0.111253,152344,0.38086
-46.8,-34,400000,44483,0.111208,151956,0.37989
-46.8,-33.8,400000,45237,0.113092,151780,0.37945
-46.8,-33.6,400000,45129,0.112823,152162,0.380405
-46.8,-33.4,400000,44738,0.111845,152258,0.380645
-46.8,-33.2,400000,44781,0.111952,151911,0.379777
-46.8,-33,400000,44886,0.112215,151646,0.379115
-46.8,-32.8,400000,45009,0.112522,152067,0.380167
-46.8,-32.6,400000,44755,0.111888,151854,0.379635
-46.8,-32.4,400000,44747,0.111867,151763,0.379408
-46.8,-32.2,400000,44696,0.11174,152291,0.380727
-46.8,-32,400000,44390,0.110975,152641,0.381603
-46.8,-31.8,400000,44623,0.111558,152163,0.380408
-46.8,-31.6,400000,45285,0.113212,151973,0.379933
-46.8,-31.4,400000,44972,0.11243,152221,0.380553
-46.8,-31.2,400000,45006,0.112515,152547,0.381368
-46.8,-31,400000,43890,0.109725,151874,0.379685
-46.8,-30.8,400000,45277,0.113193,152715,0.381788
-46.8,-30.6,400000,44694,0.111735,151721,0.379302
-46.8,-30.4,400000,44672,0.11168,151424,0.37856
-46.8,-30.2,400000,44841,0.112102,152085,0.380213
-46.8,-30,400000,44832,0.11208,151955,0.379887
-46.8,-29.8,400000,45066,0.112665,152431,0.381078
-46.8,-29.6,400000,44915,0.112287,152371,0.380927
-46.8,-29.4,400000,44810,0.112025,151684,0.37921
-46.8,-29.2,400000,44885,0.112213,152033,0.380082
-46.8,-29,400000,45303,0.113257,152068,0.38017
-46.8,-28.8,400000,44275,0.110687,152083,0.380207
-46.8,-28.6,400000,44767,0.111918,151700,0.37925
-46.8,-28.4,400000,45008,0.11252,152102,0.380255
-46.8,-28.2,400000,45230,0.113075,152006,0.380015
-46.8,-28,400000,44889,0.112223,152170,0.380425
-46.8,-27.8,400000,44606,0.111515,152247,0.380617
-46.8,-27.6,400000,44649,0.111622,152304,0.38076
-46.8,-27.4,400000,44565,0.111412,151932,0.37983
-46.8,-27.2,400000,44933,0.112333,151747,0.379368
-46.8,-27,400000,44653,0.111632,152479,0.381198
-46.8,-26.8,400000,44805,0.112013,152505,0.381263
-46.8,-26.6,400000,45015,0.112537,152391,0.380978
-46.8,-26.4,400000,44983,0.112458,151673,0.379182
-46.8,-26.2,400000,45211,0.113028,152572,0.38143
-46.8,-26,400000,44882,0.112205,152665,0.381663
-46.8,-25.8,400000,45304,0.11326,152239,0.380597
-46.8,-25.6,400000,45079,0.112698,152163,0.380408
-46.8,-25.4,400000,45103,0.112757,151862,0.379655
-46.8,-25.2,400000,44722,0.111805,152838,0.382095
-46.8,-25,400000,44390,0.110975,151995,0.379987
-46.8,-24.8,400000,45017,0.112543,152097,0.380242
-46.8,-24.6,400000,44472,0.11118,151833,0.379582
-46.8,-24.4,400000,44595,0.111488,151877,0.379692
-46.8,-24.2,400000,44882,0.112205,151845,0.379613
-46.8,-24,400000,45126,0.112815,151986,0.379965
-46.8,-23.8,400000,44828,0.11207,151966,0.379915
-46.8,-23.6,400000,45048,0.11262,152294,0.380735
-46.8,-23.4,400000,44972,0.11243,152408,0.38102
-46.8,-23.2,400000,45306,0.113265,151793,0.379483
-46.8,-23,400000,44470,0.111175,151741,0.379352
-46.8,-22.8,400000,44952,0.11238,152375,0.380937
-46.8,-22.6,400000,45229,0.113073,151829,0.379572
-46.8,-22.4,400000,44405,0.111013,152350,0.380875
-46.8,-22.2,400000,44402,0.111005,151881,0.379702
-46.8,-22,400000,44577,0.111442,152283,0.380707
-46.8,-21.8,400000,44788,0.11197,152008,0.38002
-46.8,-21.6,400000,44637,0.111592,152343,0.380858
-46.8,-21.4,400000,44974,0.112435,152333,0.380833
-46.8,-21.2,400000,45341,0.113352,152331,0.380827
-46.8,-21,400000,44996,0.11249,152197,0.380493
-46.8,-20.8,400000,45115,0.112787,152469,0.381173
-46.8,-20.6,400000,44958,0.112395,152184,0.38046
-46.8,-20.4,400000,44660,0.11165,152025,0.380063
-46.8,-20.2,400000,44927,0.112318,151699,0.379248
-46.8,-20,400000,44760,0.1119,152067,0.380167
-46.8,-19.8,400000,44796,0.11199,151924,0.37981
-46.8,-19.6,400000,45165,0.112912,152327,0.380817
-46.8,-19.4,400000,45337,0.113342,152602,0.381505
-46.8,-19.2,400000,44527,0.111317,152033,0.380082
-46.8,-19,400000,44979,0.112448,152099,0.380248
-46.8,-18.8,400000,44989,0.112473,152279,0.380698
-46.8,-18.6,400000,44403,0.111007,151988,0.37997
-46.8,-18.4,400000,44624,0.11156,152225,0.380563
-46.8,-18.2,400000,44731,0.111827,151936,0.37984
-46.8,-18,400000,44388,0.11097,152132,0.38033
-46.8,-17.8,400000,44760,0.1119,151920,0.3798
-46.8,-17.6,400000,44428,0.11107,151584,0.37896
-46.8,-17.4,400000,44784,0.11196,152449,0.381122
-46.8,-17.2,400000,44861,0.112153,152097,0.380242
-46.8,-17,400000,45648,0.11412,152642,0.381605
-46.8,-16.8,400000,44483,0.111208,152470,0.381175
-46.8,-16.6,400000,44757,0.111893,152158,0.380395
-46.8,-16.4,400000,44960,0.1124,152177,0.380443
-46.8,-16.2,400000,44920,0.1123,152577,0.381443
-46.8,-16,400000,44526,0.111315,151950,0.379875
-46.8,-15.8,400000,44816,0.11204,152000,0.38
-46.8,-15.6,400000,44695,0.111738,151859,0.379648
-46.8,-15.4,400000,44950,0.112375,152199,0.380497
-46.8,-15.2,400000,44748,0.11187,151760,0.3794
-46.8,-15,400000,44582,0.111455,152087,0.380217
-46.8,-14.8,400000,44913,0.112282,151572,0.37893
-46.8,-14.6,400000,44681,0.111702,152368,0.38092
-46.8,-14.4,400000,44759,0.111897,152067,0.380167
-46.8,-14.2,400000,44715,0.111787,152277,0.380692
-46.8,-14,400000,44641,0.111602,151889,0.379723
-46.8,-13.8,400000,44843,0.112107,152006,0.380015
-46.8,-13.6,400000,44630,0.111575,151578,0.378945
-46.8,-13.4,400000,44667,0.111668,151878,0.379695
-46.8,-13.2,400000,44860,0.11215,151766,0.379415
-46.8,-13,400000,44736,0.11184,152851,0.382128
-46.8,-12.8,400000,44855,0.112138,152341,0.380852
-46.8,-12.6,400000,44734,0.111835,151505,0.378763
-46.8,-12.4,400000,44761,0.111903,152013,0.380032
-46.8,-12.2,400000,44382,0.110955,151434,0.378585
-46.8,-12,400000,44781,0.111952,151562,0.378905
-46.8,-11.8,400000,44826,0.112065,151752,0.37938
-46.8,-11.6,400000,44359,0.110897,151738,0.379345
-46.8,-11.4,400000,44733,0.111833,151510,0.378775
-46.8,-11.2,400000,44671,0.111677,152018,0.380045
-46.8,-11,400000,45321,0.113303,152657,0.381642
-46.8,-10.8,400000,44934,0.112335,152271,0.380678
-46.8,-10.6,400000,44953,0.112382,152301,0.380752
-46.8,-10.4,400000,45022,0.112555,152139,0.380348
-46.8,-10.2,400000,44758,0.111895,152170,0.380425
-46.8,-10,400000,44706,0.111765,152303,0.380758
-46.8,-9.8,400000,45002,0.112505,152131,0.380327
-46.8,-9.6,400000,45001,0.112503,152360,0.3809
-46.8,-9.4,400000,45016,0.11254,152097,0.380242
-46.8,-9.2,400000,44657,0.111643,152242,0.380605
-46.8,-9,400000,45074,0.112685,152335,0.380837
-46.8,-8.8,400000,45135,0.112837,152040,0.3801
-46.8,-8.6,400000,44600,0.1115,151157,0.377893
-46.8,-8.4,400000,44597,0.111492,151920,0.3798
-46.8,-8.2,400000,44599,0.111497,152370,0.380925
-46.8,-8,400000,44839,0.112098,152248,0.38062
-46.8,-7.8,400000,44237,0.110592,151772,0.37943
-46.8,-7.6,400000,44777,0.111943,152378,0.380945
-46.8,-7.4,400000,44657,0.111643,151865,0.379663
-46.8,-7.2,400000,44865,0.112162,152059,0.380148
-46.8,-7,400000,45043,0.112607,152255,0.380638
-46.8,-6.8,400000,45037,0.112592,151729,0.379323
-46.8,-6.6,400000,44936,0.11234,152132,0.38033
-46.8,-6.4,400000,44706,0.111765,152208,0.38052
-46.8,-6.2,400000,45046,0.112615,152279,0.380698
-46.8,-6,400000,44730,0.111825,151727,0.379317
-46.8,-5.8,400000,44649,0.111622,151820,0.37955
-46.8,-5.6,400000,44507,0.111268,151991,0.379978
-46.8,-5.4,400000,44735,0.111838,152018,0.380045
-46.8,-5.2,400000,44813,0.112032,152117,0.380292
-46.8,-5,400000,44414,0.111035,151679,0.379198
-46.8,-4.8,400000,44470,0.111175,152096,0.38024
-46.8,-4.6,400000,45141,0.112852,152176,0.38044
-46.8,-4.4,400000,44674,0.111685,152188,0.38047
-46.8,-4.2,400000,44866,0.112165,151968,0.37992
-46.8,-4,400000,44768,0.11192,152215,0.380537
-46.8,-3.8,400000,44785,0.111963,152673,0.381682
-46.8,-3.6,400000,45230,0.113075,151977,0.379943
-46.8,-3.4,400000,45056,0.11264,152419,0.381047
-46.8,-3.2,400000,44974,0.112435,151887,0.379717
-46.8,-3,400000,44744,0.11186,151434,0.378585
-46.8,-2.8,400000,45143,0.112857,152203,0.380507
-46.8,-2.6,400000,44706,0.111765,152040,0.3801
-46.8,-2.4,400000,44501,0.111253,151547,0.378868
-46.8,-2.2,400000,44485,0.111213,152127,0.380317
-46.8,-2,400000,44729,0.111823,151646,0.379115
-46.8,-1.8,400000,44690,0.111725,151803,0.379507
-46.8,-1.6,400000,44902,0.112255,151708,0.37927
-46.8,-1.4,400000,44166,0.110415,151621,0.379053
-46.8,-1.2,400000,44642,0.111605,152412,0.38103
-46.8,-1,400000,45460,0.11365,152451,0.381128
-46.8,-0.8,400000,44928,0.11232,151634,0.379085
-46.8,-0.6,400000,44621,0.111552,152148,0.38037
-46.8,-0.4,400000,45231,0.113077,152060,0.38015
-46.8,-0.2,400000,44869,0.112172,152050,0.380125
-46.8,0,400000,44927,0.112318,152268,0.38067
-46.8,0.2,400000,44413,0.111033,152481,0.381202
-46.8,0.4,400000,45050,0.112625,152490,0.381225
-46.8,0.6,400000,44996,0.11249,152146,0.380365
-46.8,0.8,400000,44901,0.112253,151779,0.379447
-46.8,1,400000,44652,0.11163,152122,0.380305
-46.8,1.2,400000,45106,0.112765,152396,0.38099
-46.8,1.4,400000,44571,0.111427,151974,0.379935
-46.8,1.6,400000,45209,0.113022,152253,0.380632
-46.8,1.8,400000,45165,0.112912,152170,0.380425
-46.8,2,400000,45070,0.112675,151909,0.379773
-46.8,2.2,400000,45231,0.113077,152374,0.380935
-46.8,2.4,400000,45030,0.112575,151909,0.379773
-46.8,2.6,400000,45291,0.113227,151988,0.37997
-46.8,2.8,400000,45330,0.113325,152464,0.38116
-46.8,3,400000,44979,0.112448,152569,0.381422
-46.8,3.2,400000,44380,0.11095,151751,0.379377
-46.8,3.4,400000,44537,0.111342,151615,0.379038
-46.8,3.6,400000,45212,0.11303,152668,0.38167
-46.8,3.8,400000,45149,0.112873,152016,0.38004
-46.8,4,400000,44793,0.111982,151648,0.37912
-46.8,4.2,400000,45052,0.11263,152412,0.38103
-46.8,4.4,400000,45023,0.112558,152500,0.38125
-46.8,4.6,400000,44767,0.111918,152410,0.381025
-46.8,4.8,400000,44550,0.111375,151286,0.378215
-46.8,5,400000,44970,0.112425,152068,0.38017
-46.8,5.2,400000,44802,0.112005,151849,0.379622
-46.8,5.4,400000,44926,0.112315,152468,0.38117
-46.8,5.6,400000,44816,0.11204,152152,0.38038
-46.8,5.8,400000,44630,0.111575,152089,0.380223
-46.8,6,400000,44256,0.11064,152061,0.380153
-46.8,6.2,400000,45059,0.112647,152385,0.380962
-46.8,6.4,400000,44971,0.112427,151962,0.379905
-46.8,6.6,400000,44538,0.111345,151881,0.379702
-46.8,6.8,400000,44876,0.11219,152337,0.380842
-46.8,7,400000,44764,0.11191,151484,0.37871
-46.8,7.2,400000,45010,0.112525,152544,0.38136
-46.8,7.4,400000,44381,0.110952,151588,0.37897
-46.8,7.6,400000,44548,0.11137,152393,0.380983
-46.8,7.8,400000,45508,0.11377,152179,0.380447
-46.8,8,400000,45134,0.112835,151867,0.379667
-46.8,8.2,400000,45065,0.112662,152579,0.381447
-46.8,8.4,400000,44893,0.112232,151953,0.379883
-46.8,8.6,400000,45221,0.113053,152503,0.381258
-46.8,8.8,400000,44554,0.111385,151795,0.379487
-46.8,9,400000,44538,0.111345,151772,0.37943
-46.8,9.2,400000,44895,0.112238,152128,0.38032
-46.8,9.4,400000,44649,0.111622,152411,0.381028
-46.8,9.6,400000,45186,0.112965,152177,0.380443
-46.8,9.8,400000,44959,0.112397,152403,0.381007
-46.8,10,400000,44660,0.11165,152383,0.380958
-46.8,10.2,400000,44770,0.111925,151892,0.37973
-46.8,10.4,400000,45245,0.113113,152392,0.38098
-46.8,10.6,400000,44885,0.112213,152284,0.38071
-46.8,10.8,400000,44580,0.11145,151473,0.378682
-46.8,11,400000,45112,0.11278,152219,0.380547
-46.8,11.2,400000,45078,0.112695,152022,0.380055
-46.8,11.4,400000,45152,0.11288,152065,0.380163
-46.8,11.6,400000,44691,0.111727,151405,0.378512
-46.8,11.8,400000,45002,0.112505,151766,0.379415
-46.8,12,400000,44551,0.111378,152554,0.381385
-46.8,12.2,400000,44789,0.111973,152038,0.380095
-46.8,12.4,400000,45395,0.113488,152717,0.381792
-46.8,12.6,400000,44779,0.111948,152124,0.38031
-46.8,12.8,400000,45530,0.113825,152781,0.381952
-46.8,13,400000,44911,0.112278,152207,0.380518
-46.8,13.2,400000,44427,0.111067,152366,0.380915
-46.8,13.4,400000,45000,0.1125,152089,0.380223
-46.8,13.6,400000,44167,0.110418,150759,0.376897
-46.8,13.8,400000,45049,0.112623,152369,0.380922
-46.8,14,400000,44570,0.111425,151969,0.379922
-46.8,14.2,400000,45083,0.112708,152251,0.380628
-46.8,14.4,400000,44705,0.111763,151968,0.37992
-46.8,14.6,400000,44677,0.111693,152005,0.380012
-46.8,14.8,400000,44724,0.11181,152453,0.381132
-46.8,15,400000,45298,0.113245,152183,0.380458
-46.8,15.2,400000,44988,0.11247,152356,0.38089
-46.8,15.4,400000,44667,0.111668,151988,0.37997
-46.8,15.6,400000,44466,0.111165,151571,0.378927
-46.8,15.8,400000,44954,0.112385,152056,0.38014
-46.8,16,400000,44618,0.111545,151737,0.379343
-46.8,16.2,400000,44752,0.11188,152059,0.380148
-46.8,16.4,400000,44550,0.111375,152105,0.380263
-46.8,16.6,400000,45174,0.112935,152565,0.381412
-46.8,16.8,400000,44454,0.111135,152032,0.38008
-46.8,17,400000,44515,0.111287,152421,0.381053
-46.8,17.2,400000,45044,0.11261,152089,0.380223
-46.8,17.4,400000,45303,0.113257,152791,0.381978
-46.8,17.6,400000,44927,0.112318,152304,0.38076
-46.8,17.8,400000,44436,0.11109,151380,0.37845
-46.8,18,400000,44455,0.111138,152388,0.38097
-46.8,18.2,400000,44091,0.110228,151597,0.378993
-46.8,18.4,400000,44459,0.111147,152437,0.381093
-46.8,18.6,400000,44916,0.11229,152224,0.38056
-46.8,18.8,400000,44811,0.112028,152351,0.380877
-46.8,19,400000,44807,0.112018,152169,0.380422
-46.8,19.2,400000,44522,0.111305,151840,0.3796
-46.8,19.4,400000,45588,0.11397,152231,0.380578
-46.8,19.6,400000,44878,0.112195,152130,0.380325
-46.8,19.8,400000,44883,0.112208,152105,0.380263
-46.8,20,400000,44614,0.111535,151994,0.379985
-46.8,20.2,400000,45177,0.112943,152032,0.38008
-46.8,20.4,400000,44626,0.111565,151939,0.379848
-46.8,20.6,400000,44904,0.11226,152361,0.380902
-46.8,20.8,400000,45222,0.113055,152076,0.38019
-46.8,21,400000,44840,0.1121,151692,0.37923
-46.8,21.2,400000,44418,0.111045,151616,0.37904
-46.8,21.4,400000,44189,0.110473,151968,0.37992
-46.8,21.6,400000,45042,0.112605,151750,0.379375
-46.8,21.8,400000,44819,0.112047,151870,0.379675
-46.8,22,400000,44919,0.112297,151821,0.379553
-46.8,22.2,400000,44713,0.111783,151937,0.379843
-46.8,22.4,400000,45256,0.11314,152325,0.380812
-46.8,22.6,400000,45160,0.1129,152225,0.380563
-46.8,22.8,400000,44693,0.111732,152095,0.380238
-46.8,23,400000,44759,0.111897,151922,0.379805
-46.8,23.2,400000,44635,0.111588,152126,0.380315
-46.8,23.4,400000,44462,0.111155,151445,0.378613
-46.8,23.6,400000,44570,0.111425,152231,0.380578
-46.8,23.8,400000,44686,0.111715,151908,0.37977
-46.8,24,400000,44855,0.112138,151633,0.379082
-46.8,24.2,400000,44253,0.110632,151366,0.378415
-46.8,24.4,400000,45061,0.112653,152235,0.380588
-46.8,24.6,400000,45063,0.112657,151944,0.37986
-46.8,24.8,400000,44897,0.112242,151907,0.379767
-46.8,25,400000,44112,0.11028,151200,0.378
-46.8,25.2,400000,43952,0.10988,151700,0.37925
-46.8,25.4,400000,44807,0.112018,152712,0.38178
-46.8,25.6,400000,44638,0.111595,152313,0.380783
-46.8,25.8,400000,45407,0.113517,152485,0.381213
-46.8,26,400000,44571,0.111427,151661,0.379153
-46.8,26.2,400000,44680,0.1117,152173,0.380433
-46.8,26.4,400000,45066,0.112665,151594,0.378985
-46.8,26.6,400000,44939,0.112348,151869,0.379673
-46.8,26.8,400000,44680,0.1117,152066,0.380165
-46.8,27,400000,45202,0.113005,152173,0.380433
-46.8,27.2,400000,44031,0.110077,151928,0.37982
-46.8,27.4,400000,44584,0.11146,151603,0.379007
-46.8,27.6,400000,44965,0.112412,151585,0.378962
-46.8,27.8,400000,44514,0.111285,152326,0.380815
-46.8,28,400000,44987,0.112467,151810,0.379525
-46.8,28.2,400000,44332,0.11083,151330,0.378325
-46.8,28.4,400000,45153,0.112882,152270,0.380675
-46.8,28.6,400000,44432,0.11108,152053,0.380132
-46.8,28.8,400000,45152,0.11288,152145,0.380362
-46.8,29,400000,45145,0.112863,151994,0.379985
-46.8,29.2,400000,45101,0.112753,152225,0.380563
-46.8,29.4,400000,44679,0.111698,151952,0.37988
-46.8,29.6,400000,44386,0.110965,150942,0.377355
-46.8,29.8,400000,45162,0.112905,151542,0.378855
-46.8,30,400000,45445,0.113613,152489,0.381223
-46.8,30.2,400000,45101,0.112753,152690,0.381725
-46.8,30.4,400000,44839,0.112098,152109,0.380273
-46.8,30.6,400000,45042,0.112605,151448,0.37862
-46.8,30.8,400000,45069,0.112672,151891,0.379727
-46.8,31,400000,44683,0.111708,152283,0.380707
-46.8,31.2,400000,44884,0.11221,152418,0.381045
-46.8,31.4,400000,44749,0.111872,151689,0.379223
-46.8,31.6,400000,44656,0.11164,152112,0.38028
-46.8,31.8,400000,45077,0.112693,152020,0.38005
-46.8,32,400000,44928,0.11232,152888,0.38222
-46.8,32.2,400000,44813,0.112032,152494,0.381235
-46.8,32.4,400000,44793,0.111982,152405,0.381012
-46.8,32.6,400000,45082,0.112705,152060,0.38015
-46.8,32.8,400000,45006,0.112515,151941,0.379852
-46.8,33,400000,45309,0.113272,151981,0.379953
-46.8,33.2,400000,45289,0.113223,152129,0.380323
-46.8,33.4,400000,44529,0.111323,152355,0.380887
-46.8,33.6,400000,45088,0.11272,152075,0.380188
-46.8,33.8,400000,44395,0.110988,152246,0.380615
-46.8,34,400000,44569,0.111422,151430,0.378575
-46.8,34.2,400000,45082,0.112705,152134,0.380335
-46.8,34.4,400000,45022,0.112555,151834,0.379585
-46.8,34.6,400000,45303,0.113257,152264,0.38066
-46.8,34.8,400000,44288,0.11072,151589,0.378972
-46.8,35,400000,44814,0.112035,152184,0.38046
-46.8,35.2,400000,44813,0.112032,151490,0.378725
-46.8,35.4,400000,44931,0.112327,152012,0.38003
-46.8,35.6,400000,44917,0.112293,151543,0.378858
-46.8,35.8,400000,45540,0.11385,152090,0.380225
-46.8,36,400000,44853,0.112132,152178,0.380445
-46.8,36.2,400000,44452,0.11113,152075,0.380188
-46.8,36.4,400000,44421,0.111052,151791,0.379478
-46.8,36.6,400000,45104,0.11276,151925,0.379812
-46.8,36.8,400000,45046,0.112615,152198,0.380495
-46.8,37,400000,44573,0.111433,151715,0.379287
-46.8,37.2,400000,44850,0.112125,152691,0.381727
-46.8,37.4,400000,45409,0.113522,152879,0.382198
-46.8,37.6,400000,45103,0.112757,152129,0.380323
-46.8,37.8,400000,44582,0.111455,151950,0.379875
-46.8,38,400000,44873,0.112183,151972,0.37993
-46.8,38.2,400000,45042,0.112605,152496,0.38124
-46.8,38.4,400000,45105,0.112763,152388,0.38097
-46.8,38.6,400000,44962,0.112405,152031,0.380078
-46.8,38.8,400000,44702,0.111755,152200,0.3805
-46.8,39,400000,44761,0.111903,151642,0.379105
-46.8,39.2,400000,44788,0.11197,151950,0.379875
-46.8,39.4,400000,44715,0.111787,151876,0.37969
-46.8,39.6,400000,44770,0.111925,152239,0.380597
-46.8,39.8,400000,45122,0.112805,152202,0.380505
-46.8,40,400000,44775,0.111937,152157,0.380393
-46.8,40.2,400000,44876,0.11219,152238,0.380595
-46.8,40.4,400000,44554,0.111385,152181,0.380453
-46.8,40.6,400000,44944,0.11236,152016,0.38004
-46.8,40.8,400000,45029,0.112573,152250,0.380625
-46.8,41,400000,44293,0.110732,151999,0.379997
-46.8,41.2,400000,44851,0.112128,151986,0.379965
-46.8,41.4,400000,44894,0.112235,151735,0.379337
-46.8,41.6,400000,44576,0.11144,152092,0.38023
-46.8,41.8,400000,45216,0.11304,152067,0.380167
-46.8,42,400000,44526,0.111315,151460,0.37865
-46.8,42.2,400000,45174,0.112935,152587,0.381468
-46.8,42.4,400000,44327,0.110817,151644,0.37911
-46.8,42.6,400000,44858,0.112145,152296,0.38074
-46.8,42.8,400000,45444,0.11361,152174,0.380435
-46.8,43,400000,44682,0.111705,152198,0.380495
-46.8,43.2,400000,44472,0.11118,151994,0.379985
-46.8,43.4,400000,45270,0.113175,151914,0.379785
-46.8,43.6,400000,44874,0.112185,151539,0.378848
-46.8,43.8,400000,44937,0.112342,152477,0.381192
-46.8,44,400000,44852,0.11213,152001,0.380003
-46.8,44.2,400000,44663,0.111658,151660,0.37915
-46.8,44.4,400000,45414,0.113535,152398,0.380995
-46.8,44.6,400000,44828,0.11207,152405,0.381012
-46.8,44.8,400000,44821,0.112052,151671,0.379178
-46.8,45,400000,44534,0.111335,151677,0.379192
-46.8,45.2,400000,45193,0.112982,151847,0.379617
-46.8,45.4,400000,44392,0.11098,151519,0.378798
-46.8,45.6,400000,44750,0.111875,151692,0.37923
-46.8,45.8,400000,44735,0.111838,151480,0.3787
-46.8,46,400000,44783,0.111958,152174,0.380435
-46.8,46.2,400000,44955,0.112388,152117,0.380292
-46.8,46.4,400000,45035,0.112587,152433,0.381082
-46.8,46.6,400000,44361,0.110903,151564,0.37891
-46.8,46.8,400000,44693,0.111732,151685,0.379213
-46.8,47,400000,44855,0.112138,152228,0.38057
-46.8,47.2,400000,44874,0.112185,152320,0.3808
-46.8,47.4,400000,44913,0.112282,151646,0.379115
-46.8,47.6,400000,44726,0.111815,151375,0.378437
-46.8,47.8,400000,45110,0.112775,151938,0.379845
-46.8,48,400000,44564,0.11141,152149,0.380373
-46.8,48.2,400000,44443,0.111107,151853,0.379632
-46.8,48.4,400000,45393,0.113483,152538,0.381345
-46.8,48.6,400000,45017,0.112543,152152,0.38038
-46.8,48.8,400000,44422,0.111055,151904,0.37976
-46.8,49,400000,44667,0.111668,152148,0.38037
-46.8,49.2,400000,44516,0.11129,151697,0.379242
-46.8,49.4,400000,44706,0.111765,151474,0.378685
-46.8,49.6,400000,44669,0.111672,152155,0.380387
-46.8,49.8,400000,45111,0.112778,152282,0.380705
-46.8,50,400000,44831,0.112077,151997,0.379993
-46.6,-50,400000,44978,0.112445,152164,0.38041
-46.6,-49.8,400000,44894,0.112235,152558,0.381395
-46.6,-49.6,400000,45062,0.112655,152216,0.38054
-46.6,-49.4,400000,44862,0.112155,151823,0.379557
-46.6,-49.2,400000,45457,0.113642,153034,0.382585
-46.6,-49,400000,44394,0.110985,151681,0.379202
-46.6,-48.8,400000,45151,0.112878,151608,0.37902
-46.6,-48.6,400000,44953,0.112382,152484,0.38121
-46.6,-48.4,400000,44571,0.111427,152053,0.380132
-46.6,-48.2,400000,44435,0.111088,151898,0.379745
-46.6,-48,400000,44929,0.112323,151525,0.378812
-46.6,-47.8,400000,44798,0.111995,152065,0.380163
-46.6,-47.6,400000,45001,0.112503,151766,0.379415
-46.6,-47.4,400000,44699,0.111747,151657,0.379142
-46.6,-47.2,400000,44901,0.112253,152229,0.380572
-46.6,-47,400000,44799,0.111997,151953,0.379883
-46.6,-46.8,400000,44629,0.111573,152187,0.380468
-46.6,-46.6,400000,44378,0.110945,151620,0.37905
-46.6,-46.4,400000,44984,0.11246,151798,0.379495
-46.6,-46.2,400000,44988,0.11247,151937,0.379843
-46.6,-46,400000,44954,0.112385,151906,0.379765
-46.6,-45.8,400000,44660,0.11165,151596,0.37899
-46.6,-45.6,400000,44623,0.111558,151859,0.379648
-46.6,-45.4,400000,44596,0.11149,151714,0.379285
-46.6,-45.2,400000,44919,0.112297,151979,0.379947
-46.6,-45,400000,45076,0.11269,152497,0.381242
-46.6,-44.8,400000,44633,0.111583,152102,0.380255
-46.6,-44.6,400000,45204,0.11301,152180,0.38045
-46.6,-44.4,400000,44952,0.11238,152364,0.38091
-46.6,-44.2,400000,45075,0.112687,152082,0.380205
-46.6,-44,400000,45248,0.11312,152398,0.380995
-46.6,-43.8,400000,44678,0.111695,151660,0.37915
-46.6,-43.6,400000,44835,0.112088,152023,0.380057
-46.6,-43.4,400000,44435,0.111088,152112,0.38028
-46.6,-43.2,400000,44764,0.11191,151983,0.379958
-46.6,-43,400000,44488,0.11122,151768,0.37942
-46.6,-42.8,400000,44511,0.111278,151848,0.37962
-46.6,-42.6,400000,44842,0.112105,151897,0.379742
-46.6,-42.4,400000,44763,0.111907,152120,0.3803
-46.6,-42.2,400000,45192,0.11298,152503,0.381258
-46.6,-42,400000,44907,0.112268,152132,0.38033
-46.6,-41.8,400000,45023,0.112558,152608,0.38152
-46.6,-41.6,400000,44471,0.111177,151953,0.379883
-46.6,-41.4,400000,44313,0.110783,152495,0.381238
-46.6,-41.2,400000,44762,0.111905,151997,0.379993
-46.6,-41,400000,44909,0.112272,152724,0.38181
-46.6,-40.8,400000,45444,0.11361,152087,0.380217
-46.6,-40.6,400000,44490,0.111225,151588,0.37897
-46.6,-40.4,400000,44876,0.11219,152105,0.380263
-46.6,-40.2,400000,44528,0.11132,151919,0.379798
-46.6,-40,400000,45225,0.113062,151852,0.37963
-46.6,-39.8,400000,44856,0.11214,151381,0.378453
-46.6,-39.6,400000,45288,0.11322,152079,0.380198
-46.6,-39.4,400000,44782,0.111955,152251,0.380628
-46.6,-39.2,400000,44558,0.111395,151966,0.379915
-46.6,-39,400000,44651,0.111628,151743,0.379358
-46.6,-38.8,400000,44583,0.111458,151751,0.379377
-46.6,-38.6,400000,45309,0.113272,152555,0.381387
-46.6,-38.4,400000,45053,0.112632,152668,0.38167
-46.6,-38.2,400000,45010,0.112525,152372,0.38093
-46.6,-38,400000,44986,0.112465,152125,0.380312
-46.6,-37.8,400000,45119,0.112797,151920,0.3798
-46.6,-37.6,400000,43934,0.109835,151842,0.379605
-46.6,-37.4,400000,44934,0.112335,151812,0.37953
-46.6,-37.2,400000,45164,0.11291,152386,0.380965
-46.6,-37,400000,44915,0.112287,152118,0.380295
-46.6,-36.8,400000,44733,0.111833,151464,0.37866
-46.6,-36.6,400000,45084,0.11271,152293,0.380732
-46.6,-36.4,400000,45159,0.112897,152940,0.38235
-46.6,-36.2,400000,45188,0.11297,152135,0.380337
-46.6,-36,400000,44351,0.110878,151325,0.378312
-46.6,-35.8,400000,44876,0.11219,152274,0.380685
-46.6,-35.6,400000,44932,0.11233,152568,0.38142
-46.6,-35.4,400000,44428,0.11107,152583,0.381458
-46.6,-35.2,400000,44906,0.112265,152206,0.380515
-46.6,-35,400000,44769,0.111922,152665,0.381663
-46.6,-34.8,400000,44909,0.112272,151318,0.378295
-46.6,-34.6,400000,44576,0.11144,151887,0.379717
-46.6,-34.4,400000,44603,0.111507,152245,0.380613
-46.6,-34.2,400000,44926,0.112315,152210,0.380525
-46.6,-34,400000,44515,0.111287,152543,0.381358
-46.6,-33.8,400000,44921,0.112302,151467,0.378667
-46.6,-33.6,400000,44998,0.112495,152518,0.381295
-46.6,-33.4,400000,44734,0.111835,152101,0.380252
-46.6,-33.2,400000,44947,0.112367,151901,0.379752
-46.6,-33,400000,44834,0.112085,151735,0.379337
-46.6,-32.8,400000,44919,0.112297,152014,0.380035
-46.6,-32.6,400000,44671,0.111677,152020,0.38005
-46.6,-32.4,400000,45158,0.112895,152269,0.380673
-46.6,-32.2,400000,45110,0.112775,151933,0.379833
-46.6,-32,400000,45037,0.112592,151813,0.379532
-46.6,-31.8,400000,44758,0.111895,152539,0.381348
-46.6,-31.6,400000,44851,0.112128,151911,0.379777
-46.6,-31.4,400000,45106,0.112765,152425,0.381063
-46.6,-31.2,400000,45041,0.112602,152225,0.380563
-46.6,-31,400000,45221,0.113053,152472,0.38118
-46.6,-30.8,400000,45621,0.114053,152418,0.381045
-46.6,-30.6,400000,44999,0.112498,152558,0.381395
-46.6,-30.4,400000,44872,0.11218,152645,0.381613
-46.6,-30.2,400000,45221,0.113053,152278,0.380695
-46.6,-30,400000,45350,0.113375,152270,0.380675
-46.6,-29.8,400000,45001,0.112503,152239,0.380597
-46.6,-29.6,400000,45018,0.112545,152410,0.381025
-46.6,-29.4,400000,44748,0.11187,152008,0.38002
-46.6,-29.2,400000,45262,0.113155,152628,0.38157
-46.6,-29,400000,44264,0.11066,151911,0.379777
-46.6,-28.8,400000,44563,0.111408,152042,0.380105
-46.6,-28.6,400000,44429,0.111073,151191,0.377978
-46.6,-28.4,400000,45161,0.112903,152458,0.381145
-46.6,-28.2,400000,45260,0.11315,152583,0.381458
-46.6,-28,400000,45036,0.11259,152352,0.38088
-46.6,-27.8,400000,44496,0.11124,151909,0.379773
-46.6,-27.6,400000,44854,0.112135,151864,0.37966
-46.6,-27.4,400000,44659,0.111647,151467,0.378667
-46.6,-27.2,400000,45032,0.11258,151692,0.37923
-46.6,-27,400000,44541,0.111352,151838,0.379595
-46.6,-26.8,400000,44344,0.11086,151616,0.37904
-46.6,-26.6,400000,44467,0.111168,152293,0.380732
-46.6,-26.4,400000,44527,0.111317,151902,0.379755
-46.6,-26.2,400000,44817,0.112043,151893,0.379732
-46.6,-26,400000,45181,0.112952,151834,0.379585
-46.6,-25.8,400000,44200,0.1105,151798,0.379495
-46.6,-25.6,400000,45201,0.113003,151880,0.3797
-46.6,-25.4,400000,44745,0.111863,152118,0.380295
-46.6,-25.2,400000,45200,0.113,152610,0.381525
-46.6,-25,400000,44675,0.111687,151241,0.378103
-46.6,-24.8,400000,44584,0.11146,151979,0.379947
-46.6,-24.6,400000,44477,0.111192,151989,0.379972
-46.6,-24.4,400000,45244,0.11311,152158,0.380395
-46.6,-24.2,400000,44886,0.112215,152398,0.380995
-46.6,-24,400000,45605,0.114013,152078,0.380195
-46.6,-23.8,400000,45272,0.11318,152825,0.382063
-46.6,-23.6,400000,44875,0.112187,152222,0.380555
-46.6,-23.4,400000,45087,0.112717,151907,0.379767
-46.6,-23.2,400000,45076,0.11269,152724,0.38181
-46.6,-23,400000,44733,0.111833,152371,0.380927
-46.6,-22.8,400000,44476,0.11119,152373,0.380933
-46.6,-22.6,400000,45113,0.112782,152402,0.381005
-46.6,-22.4,400000,44430,0.111075,151672,0.37918
-46.6,-22.2,400000,45169,0.112922,152517,0.381292
-46.6,-22,400000,44652,0.11163,152093,0.380232
-46.6,-21.8,400000,45182,0.112955,152595,0.381487
-46.6,-21.6,400000,45164,0.11291,152360,0.3809
-46.6,-21.4,400000,45072,0.11268,151841,0.379603
-46.6,-21.2,400000,44481,0.111202,152301,0.380752
-46.6,-21,400000,44222,0.110555,151949,0.379873
-46.6,-20.8,400000,45028,0.11257,152583,0.381458
-46.6,-20.6,400000,44658,0.111645,151556,0.37889
-46.6,-20.4,400000,44774,0.111935,152092,0.38023
-46.6,-20.2,400000,45059,0.112647,152324,0.38081
-46.6,-20,400000,44412,0.11103,151316,0.37829
-46.6,-19.8,400000,44641,0.111602,152199,0.380497
-46.6,-19.6,400000,44848,0.11212,152177,0.380443
-46.6,-19.4,400000,44701,0.111753,151742,0.379355
-46.6,-19.2,400000,44302,0.110755,151311,0.378277
-46.6,-19,400000,44911,0.112278,152114,0.380285
-46.6,-18.8,400000,44962,0.112405,151869,0.379673
-46.6,-18.6,400000,45046,0.112615,151852,0.37963
-46.6,-18.4,400000,45179,0.112948,152331,0.380827
-46.6,-18.2,400000,45076,0.11269,152302,0.380755
-46.6,-18,400000,44509,0.111272,152175,0.380437
-46.6,-17.8,400000,44668,0.11167,151274,0.378185
-46.6,-17.6,400000,44615,0.111537,151484,0.37871
-46.6,-17.4,400000,44735,0.111838,151627,0.379068
-46.6,-17.2,400000,44415,0.111037,152542,0.381355
-46.6,-17,400000,45210,0.113025,152067,0.380167
-46.6,-16.8,400000,44459,0.111147,152224,0.38056
-46.6,-16.6,400000,44612,0.11153,151834,0.379585
-46.6,-16.4,400000,44804,0.11201,152100,0.38025
-46.6,-16.2,400000,44416,0.11104,151664,0.37916
-46.6,-16,400000,44370,0.110925,152125,0.380312
-46.6,-15.8,400000,44436,0.11109,151574,0.378935
-46.6,-15.6,400000,44354,0.110885,152798,0.381995
-46.6,-15.4,400000,45157,0.112893,152652,0.38163
-46.6,-15.2,400000,44654,0.111635,152117,0.380292
-46.6,-15,400000,45042,0.112605,152579,0.381447
-46.6,-14.8,400000,45156,0.11289,152348,0.38087
-46.6,-14.6,400000,45083,0.112708,152164,0.38041
-46.6,-14.4,400000,45120,0.1128,152221,0.380553
-46.6,-14.2,400000,44886,0.112215,151844,0.37961
-46.6,-14,400000,45071,0.112677,151705,0.379263
-46.6,-13.8,400000,44859,0.112147,152668,0.38167
-46.6,-13.6,400000,44792,0.11198,152314,0.380785
-46.6,-13.4,400000,45091,0.112727,151828,0.37957
-46.6,-13.2,400000,44570,0.111425,151723,0.379308
-46.6,-13,400000,44853,0.112132,151942,0.379855
-46.6,-12.8,400000,44643,0.111607,151991,0.379978
-46.6,-12.6,400000,44749,0.111872,152339,0.380848
-46.6,-12.4,400000,44669,0.111672,152395,0.380987
-46.6,-12.2,400000,44795,0.111988,152419,0.381047
-46.6,-12,400000,44979,0.112448,151673,0.379182
-46.6,-11.8,400000,45106,0.112765,151739,0.379348
-46.6,-11.6,400000,44771,0.111927,151719,0.379298
-46.6,-11.4,400000,44790,0.111975,152779,0.381947
-46.6,-11.2,400000,44768,0.11192,152357,0.380893
-46.6,-11,400000,44065,0.110162,151650,0.379125
-46.6,-10.8,400000,44710,0.111775,151624,0.37906
-46.6,-10.6,400000,44607,0.111518,151651,0.379128
-46.6,-10.4,400000,44478,0.111195,152112,0.38028
-46.6,-10.2,400000,45051,0.112628,152871,0.382178
-46.6,-10,400000,44437,0.111092,152133,0.380333
-46.6,-9.8,400000,44815,0.112037,152258,0.380645
-46.6,-9.6,400000,44786,0.111965,151905,0.379763
-46.6,-9.4,400000,44979,0.112448,152490,0.381225
-46.6,-9.2,400000,44662,0.111655,151755,0.379387
-46.6,-9,400000,44646,0.111615,152445,0.381113
-46.6,-8.8,400000,45286,0.113215,152245,0.380613
-46.6,-8.6,400000,44505,0.111263,152024,0.38006
-46.6,-8.4,400000,45431,0.113577,152838,0.382095
-46.6,-8.2,400000,45058,0.112645,152178,0.380445
-46.6,-8,400000,44345,0.110863,151947,0.379868
-46.6,-7.8,400000,44745,0.111863,152531,0.381327
-46.6,-7.6,400000,45154,0.112885,151964,0.37991
-46.6,-7.4,400000,45040,0.1126,152748,0.38187
-46.6,-7.2,400000,44729,0.111823,151855,0.379638
-46.6,-7,400000,44988,0.11247,151798,0.379495
-46.6,-6.8,400000,44798,0.111995,151847,0.379617
-46.6,-6.6,400000,45242,0.113105,152059,0.380148
-46.6,-6.4,400000,45214,0.113035,152596,0.38149
-46.6,-6.2,400000,44695,0.111738,152159,0.380397
-46.6,-6,400000,44913,0.112282,152087,0.380217
-46.6,-5.8,400000,44954,0.112385,152313,0.380783
-46.6,-5.6,400000,44241,0.110603,152459,0.381147
-46.6,-5.4,400000,44528,0.11132,151901,0.379752
-46.6,-5.2,400000,44791,0.111977,151900,0.37975
-46.6,-5,400000,44930,0.112325,151684,0.37921
-46.6,-4.8,400000,44523,0.111308,151803,0.379507
-46.6,-4.6,400000,44936,0.11234,152079,0.380198
-46.6,-4.4,400000,44858,0.112145,151852,0.37963
-46.6,-4.2,400000,44541,0.111352,152036,0.38009
-46.6,-4,400000,45019,0.112547,153001,0.382503
-46.6,-3.8,400000,44613,0.111533,152224,0.38056
-46.6,-3.6,400000,44901,0.112253,151499,0.378748
-46.6,-3.4,400000,44901,0.112253,151945,0.379862
-46.6,-3.2,400000,45074,0.112685,152045,0.380113
-46.6,-3,400000,45068,0.11267,151948,0.37987
-46.6,-2.8,400000,44884,0.11221,151031,0.377578
-46.6,-2.6,400000,45755,0.114388,152105,0.380263
-46.6,-2.4,400000,44602,0.111505,152496,0.38124
-46.6,-2.2,400000,45461,0.113653,152269,0.380673
-46.6,-2,400000,44377,0.110942,151560,0.3789
-46.6,-1.8,400000,45289,0.113223,152617,0.381543
-46.6,-1.6,400000,45150,0.112875,152190,0.380475
-46.6,-1.4,400000,45017,0.112543,152662,0.381655
-46.6,-1.2,400000,44582,0.111455,152031,0.380078
-46.6,-1,400000,45035,0.112587,152284,0.38071
-46.6,-0.8,400000,45206,0.113015,152132,0.38033
-46.6,-0.6,400000,45012,0.11253,151864,0.37966
-46.6,-0.4,400000,44837,0.112092,152211,0.380528
-46.6,-0.2,400000,45022,0.112555,152268,0.38067
-46.6,0,400000,44858,0.112145,151876,0.37969
-46.6,0.2,400000,45081,0.112702,152527,0.381317
-46.6,0.4,400000,44608,0.11152,151797,0.379493
-46.6,0.6,400000,44628,0.11157,152201,0.380503
-46.6,0.8,400000,44583,0.111458,152127,0.380317
-46.6,1,400000,45005,0.112513,152737,0.381842
-46.6,1.2,400000,44678,0.111695,151902,0.379755
-46.6,1.4,400000,44792,0.11198,151480,0.3787
-46.6,1.6,400000,44803,0.112007,151758,0.379395
-46.6,1.8,400000,45035,0.112587,152264,0.38066
-46.6,2,400000,44581,0.111452,152143,0.380358
-46.6,2.2,400000,44628,0.11157,151877,0.379692
-46.6,2.4,400000,44303,0.110757,151684,0.37921
-46.6,2.6,400000,44899,0.112248,151925,0.379812
-46.6,2.8,400000,44581,0.111452,151742,0.379355
-46.6,3,400000,44830,0.112075,152076,0.38019
-46.6,3.2,400000,44312,0.11078,151446,0.378615
-46.6,3.4,400000,44914,0.112285,152254,0.380635
-46.6,3.6,400000,44981,0.112452,151552,0.37888
-46.6,3.8,400000,45109,0.112772,152110,0.380275
-46.6,4,400000,45059,0.112647,152841,0.382103
-46.6,4.2,400000,45063,0.112657,152671,0.381678
-46.6,4.4,400000,44673,0.111683,152099,0.380248
-46.6,4.6,400000,44984,0.11246,152418,0.381045
-46.6,4.8,400000,45155,0.112888,152368,0.38092
-46.6,5,400000,44458,0.111145,152159,0.380397
-46.6,5.2,400000,44449,0.111122,151824,0.37956
-46.6,5.4,400000,44919,0.112297,152191,0.380478
-46.6,5.6,400000,44742,0.111855,151721,0.379302
-46.6,5.8,400000,44783,0.111958,152449,0.381122
-46.6,6,400000,45077,0.112693,152115,0.380288
-46.6,6.2,400000,44989,0.112473,151667,0.379167
-46.6,6.4,400000,44432,0.11108,151864,0.37966
-46.6,6.6,400000,44724,0.11181,151996,0.37999
-46.6,6.8,400000,44903,0.112257,151659,0.379148
-46.6,7,400000,45362,0.113405,152490,0.381225
-46.6,7.2,400000,45012,0.11253,151788,0.37947
-46.6,7.4,400000,44811,0.112028,151871,0.379678
-46.6,7.6,400000,44604,0.11151,151990,0.379975
-46.6,7.8,400000,44912,0.11228,152286,0.380715
-46.6,8,400000,45118,0.112795,151756,0.37939
-46.6,8.2,400000,44283,0.110708,151488,0.37872
-46.6,8.4,400000,44671,0.111677,151824,0.37956
-46.6,8.6,400000,44392,0.11098,151842,0.379605
-46.6,8.8,400000,44888,0.11222,152452,0.38113
-46.6,9,400000,45079,0.112698,151835,0.379588
-46.6,9.2,400000,44994,0.112485,152509,0.381273
-46.6,9.4,400000,45003,0.112507,151928,0.37982
-46.6,9.6,400000,45041,0.112602,152468,0.38117
-46.6,9.8,400000,44811,0.112028,152084,0.38021
-46.6,10,400000,45291,0.113227,152387,0.380968
-46.6,10.2,400000,45466,0.113665,152879,0.382198
-46.6,10.4,400000,44580,0.11145,152001,0.380003
-46.6,10.6,400000,44798,0.111995,151856,0.37964
-46.6,10.8,400000,45152,0.11288,152701,0.381752
-46.6,11,400000,45251,0.113128,151902,0.379755
-46.6,11.2,400000,44745,0.111863,152209,0.380522
-46.6,11.4,400000,44970,0.112425,151481,0.378702
-46.6,11.6,400000,45425,0.113562,152431,0.381078
-46.6,11.8,400000,44794,0.111985,151982,0.379955
-46.6,12,400000,44600,0.1115,151357,0.378393
-46.6,12.2,400000,44845,0.112113,152294,0.380735
-46.6,12.4,400000,45118,0.112795,152490,0.381225
-46.6,12.6,400000,44907,0.112268,152052,0.38013
-46.6,12.8,400000,44559,0.111397,152059,0.380148
-46.6,13,400000,44731,0.111827,151851,0.379628
-46.6,13.2,400000,45418,0.113545,152249,0.380622
-46.6,13.4,400000,44587,0.111467,151352,0.37838
-46.6,13.6,400000,44607,0.111518,152176,0.38044
-46.6,13.8,400000,44960,0.1124,152137,0.380342
-46.6,14,400000,44502,0.111255,152123,0.380308
-46.6,14.2,400000,45120,0.1128,152583,0.381458
-46.6,14.4,400000,44644,0.11161,152441,0.381103
-46.6,14.6,400000,45141,0.112852,152164,0.38041
-46.6,14.8,400000,44547,0.111367,152289,0.380723
-46.6,15,400000,44313,0.110783,152223,0.380557
-46.6,15.2,400000,45047,0.112617,152258,0.380645
-46.6,15.4,400000,44738,0.111845,151846,0.379615
-46.6,15.6,400000,44693,0.111732,152080,0.3802
-46.6,15.8,400000,44781,0.111952,151839,0.379597
-46.6,16,400000,45245,0.113113,151702,0.379255
-46.6,16.2,400000,44909,0.112272,152199,0.380497
-46.6,16.4,400000,44969,0.112422,152229,0.380572
-46.6,16.6,400000,45424,0.11356,152108,0.38027
-46.6,16.8,400000,45047,0.112617,152237,0.380593
-46.6,17,400000,45286,0.113215,151808,0.37952
-46.6,17.2,400000,44360,0.1109,152264,0.38066
-46.6,17.4,400000,45046,0.112615,151773,0.379433
-46.6,17.6,400000,44785,0.111963,151983,0.379958
-46.6,17.8,400000,44933,0.112333,151493,0.378733
-46.6,18,400000,44899,0.112248,151814,0.379535
-46.6,18.2,400000,44866,0.112165,152651,0.381628
-46.6,18.4,400000,44982,0.112455,151890,0.379725
-46.6,18.6,400000,43951,0.109878,152139,0.380348
-46.6,18.8,400000,44697,0.111742,151981,0.379953
-46.6,19,400000,44695,0.111738,152069,0.380173
-46.6,19.2,400000,45149,0.112873,152204,0.38051
-46.6,19.4,400000,44502,0.111255,151712,0.37928
-46.6,19.6,400000,44587,0.111467,152019,0.380047
-46.6,19.8,400000,44804,0.11201,151816,0.37954
-46.6,20,400000,44800,0.112,151651,0.379128
-46.6,20.2,400000,45143,0.112857,152295,0.380738
-46.6,20.4,400000,45102,0.112755,152224,0.38056
-46.6,20.6,400000,45149,0.112873,151860,0.37965
-46.6,20.8,400000,44669,0.111672,152077,0.380192
-46.6,21,400000,45123,0.112808,151879,0.379698
-46.6,21.2,400000,45009,0.112522,152190,0.380475
-46.6,21.4,400000,45271,0.113178,152187,0.380468
-46.6,21.6,400000,44483,0.111208,152277,0.380692
-46.6,21.8,400000,44835,0.112088,152283,0.380707
-46.6,22,400000,44811,0.112028,152253,0.380632
-46.6,22.2,400000,44944,0.11236,152018,0.380045
-46.6,22.4,400000,44430,0.111075,151704,0.37926
-46.6,22.6,400000,44800,0.112,152290,0.380725
-46.6,22.8,400000,44743,0.111857,151737,0.379343
-46.6,23,400000,44985,0.112463,152228,0.38057
-46.6,23.2,400000,44744,0.11186,152379,0.380947
-46.6,23.4,400000,45217,0.113043,152526,0.381315
-46.6,23.6,400000,44814,0.112035,151315,0.378287
-46.6,23.8,400000,44941,0.112352,151648,0.37912
-46.6,24,400000,44802,0.112005,152380,0.38095
-46.6,24.2,400000,44505,0.111263,151195,0.377987
-46.6,24.4,400000,44299,0.110747,151371,0.378428
-46.6,24.6,400000,45025,0.112562,152336,0.38084
-46.6,24.8,400000,44605,0.111513,152253,0.380632
-46.6,25,400000,44541,0.111352,152030,0.380075
-46.6,25.2,400000,45111,0.112778,151976,0.37994
-46.6,25.4,400000,44758,0.111895,152089,0.380223
-46.6,25.6,400000,44934,0.112335,152061,0.380153
-46.6,25.8,400000,44643,0.111607,151544,0.37886
-46.6,26,400000,44595,0.111488,152065,0.380163
-46.6,26.2,400000,45044,0.11261,152136,0.38034
-46.6,26.4,400000,44673,0.111683,151924,0.37981
-46.6,26.6,400000,44762,0.111905,151934,0.379835
-46.6,26.8,400000,44488,0.11122,151895,0.379738
-46.6,27,400000,44727,0.111818,151551,0.378877
-46.6,27.2,400000,44871,0.112177,152000,0.38
-46.6,27.4,400000,45507,0.113767,152464,0.38116
-46.6,27.6,400000,45183,0.112958,152105,0.380263
-46.6,27.8,400000,44421,0.111052,151346,0.378365
-46.6,28,400000,44576,0.11144,151431,0.378578
-46.6,28.2,400000,44857,0.112143,152247,0.380617
-46.6,28.4,400000,44998,0.112495,152208,0.38052
-46.6,28.6,400000,44740,0.11185,152214,0.380535
-46.6,28.8,400000,44701,0.111753,151502,0.378755
-46.6,29,400000,45353,0.113382,152179,0.380447
-46.6,29.2,400000,44735,0.111838,151707,0.379267
-46.6,29.4,400000,44332,0.11083,152016,0.38004
-46.6,29.6,400000,45210,0.113025,151633,0.379082
-46.6,29.8,400000,44800,0.112,152683,0.381707
-46.6,30,400000,44753,0.111882,152195,0.380487
-46.6,30.2,400000,44999,0.112498,152475,0.381188
-46.6,30.4,400000,45209,0.113022,152204,0.38051
-46.6,30.6,400000,44341,0.110853,151596,0.37899
-46.6,30.8,400000,44857,0.112143,152230,0.380575
-46.6,31,400000,44863,0.112157,152946,0.382365
-46.6,31.2,400000,44706,0.111765,151594,0.378985
-46.6,31.4,400000,44810,0.112025,152371,0.380927
-46.6,31.6,400000,45024,0.11256,152163,0.380408
-46.6,31.8,400000,44776,0.11194,152054,0.380135
-46.6,32,400000,44542,0.111355,152643,0.381607
-46.6,32.2,400000,44386,0.110965,151277,0.378192
-46.6,32.4,400000,44922,0.112305,152525,0.381312
-46.6,32.6,400000,44620,0.11155,151765,0.379412
-46.6,32.8,400000,44645,0.111613,152071,0.380178
-46.6,33,400000,44849,0.112122,151884,0.37971
-46.6,33.2,400000,44821,0.112052,151888,0.37972
-46.6,33.4,400000,45346,0.113365,152159,0.380397
-46.6,33.6,400000,44881,0.112202,152039,0.380097
-46.6,33.8,400000,44753,0.111882,151973,0.379933
-46.6,34,400000,44798,0.111995,151947,0.379868
-46.6,34.2,400000,44990,0.112475,152186,0.380465
-46.6,34.4,400000,45203,0.113007,152027,0.380068
-46.6,34.6,400000,44929,0.112323,151636,0.37909
-46.6,34.8,400000,44353,0.110882,151886,0.379715
-46.6,35,400000,45442,0.113605,152999,0.382497
-46.6,35.2,400000,44524,0.11131,152125,0.380312
-46.6,35.4,400000,45114,0.112785,152585,0.381462
-46.6,35.6,400000,45235,0.113087,152593,0.381483
-46.6,35.8,400000,44893,0.112232,152004,0.38001
-46.6,36,400000,44152,0.11038,151951,0.379877
-46.6,36.2,400000,45008,0.11252,152262,0.380655
-46.6,36.4,400000,45032,0.11258,151807,0.379518
-46.6,36.6,400000,44524,0.11131,152033,0.380082
-46.6,36.8,400000,44932,0.11233,152469,0.381173
-46.6,37,400000,44694,0.111735,152002,0.380005
-46.6,37.2,400000,45441,0.113602,152621,0.381553
-46.6,37.4,400000,45246,0.113115,152318,0.380795
-46.6,37.6,400000,44257,0.110643,151437,0.378592
-46.6,37.8,400000,45541,0.113852,152523,0.381308
-46.6,38,400000,44801,0.112003,152351,0.380877
-46.6,38.2,400000,45193,0.112982,151950,0.379875
-46.6,38.4,400000,44720,0.1118,151716,0.37929
-46.6,38.6,400000,44759,0.111897,151972,0.37993
-46.6,38.8,400000,45120,0.1128,152244,0.38061
-46.6,39,400000,44510,0.111275,151634,0.379085
-46.6,39.2,400000,45177,0.112943,152378,0.380945
-46.6,39.4,400000,44625,0.111562,151752,0.37938
-46.6,39.6,400000,44674,0.111685,151971,0.379927
-46.6,39.8,400000,44511,0.111278,151533,0.378833
-46.6,40,400000,45154,0.112885,151631,0.379078
-46.6,40.2,400000,44612,0.11153,151813,0.379532
-46.6,40.4,400000,45655,0.114138,152471,0.381178
-46.6,40.6,400000,44952,0.11238,152260,0.38065
-46.6,40.8,400000,45385,0.113462,151877,0.379692
-46.6,41,400000,44748,0.11187,151153,0.377883
-46.6,41.2,400000,45047,0.112617,152097,0.380242
-46.6,41.4,400000,44717,0.111793,151747,0.379368
-46.6,41.6,400000,44936,0.11234,152370,0.380925
-46.6,41.8,400000,44906,0.112265,152890,0.382225
-46.6,42,400000,44848,0.11212,152032,0.38008
-46.6,42.2,400000,44722,0.111805,151677,0.379192
-46.6,42.4,400000,45184,0.11296,152401,0.381003
-46.6,42.6,400000,44851,0.112128,151751,0.379377
-46.6,42.8,400000,44232,0.11058,151616,0.37904
-46.6,43,400000,45091,0.112727,152547,0.381368
-46.6,43.2,400000,45186,0.112965,151429,0.378572
-46.6,43.4,400000,44850,0.112125,151981,0.379953
-46.6,43.6,400000,44876,0.11219,152044,0.38011
-46.6,43.8,400000,45107,0.112768,152477,0.381192
-46.6,44,400000,45072,0.11268,151682,0.379205
-46.6,44.2,400000,44880,0.1122,151295,0.378238
-46.6,44.4,400000,44655,0.111638,151994,0.379985
-46.6,44.6,400000,45202,0.113005,152302,0.380755
-46.6,44.8,400000,44822,0.112055,152216,0.38054
-46.6,45,400000,45085,0.112712,151761,0.379402
-46.6,45.2,400000,44535,0.111338,151624,0.37906
-46.6,45.4,400000,44759,0.111897,151732,0.37933
-46.6,45.6,400000,45101,0.112753,151978,0.379945
-46.6,45.8,400000,44695,0.111738,151536,0.37884
-46.6,46,400000,44593,0.111482,151912,0.37978
-46.6,46.2,400000,44768,0.11192,152249,0.380622
-46.6,46.4,400000,45257,0.113142,152500,0.38125
-46.6,46.6,400000,44801,0.112003,152010,0.380025
-46.6,46.8,400000,44861,0.112153,151708,0.37927
-46.6,47,400000,44820,0.11205,151604,0.37901
-46.6,47.2,400000,44174,0.110435,152070,0.380175
-46.6,47.4,400000,45034,0.112585,151710,0.379275
-46.6,47.6,400000,44335,0.110838,151774,0.379435
-46.6,47.8,400000,44899,0.112248,151787,0.379468
-46.6,48,400000,44982,0.112455,152097,0.380242
-46.6,48.2,400000,44741,0.111852,151900,0.37975
-46.6,48.4,400000,45036,0.11259,152061,0.380153
-46.6,48.6,400000,44431,0.111077,151948,0.37987
-46.6,48.8,400000,44820,0.11205,151248,0.37812
-46.6,49,400000,44872,0.11218,152149,0.380373
-46.6,49.2,400000,45041,0.112602,151826,0.379565
-46.6,49.4,400000,44876,0.11219,152634,0.381585
-46.6,49.6,400000,44784,0.11196,152423,0.381057
-46.6,49.8,400000,44815,0.112037,151675,0.379188
-46.6,50,400000,44351,0.110878,151163,0.377908
-46.4,-50,400000,44811,0.112028,152200,0.3805
-46.4,-49.8,400000,44936,0.11234,152303,0.380758
-46.4,-49.6,400000,45671,0.114178,152260,0.38065
-46.4,-49.4,400000,44830,0.112075,151996,0.37999
-46.4,-49.2,400000,44161,0.110403,151513,0.378783
-46.4,-49,400000,44551,0.111378,151924,0.37981
-46.4,-48.8,400000,45109,0.112772,151913,0.379783
-46.4,-48.6,400000,44972,0.11243,153141,0.382852
-46.4,-48.4,400000,44756,0.11189,151376,0.37844
-46.4,-48.2,400000,44534,0.111335,151665,0.379163
-46.4,-48,400000,44740,0.11185,151935,0.379837
-46.4,-47.8,400000,44477,0.111192,151420,0.37855
-46.4,-47.6,400000,45101,0.112753,151969,0.379922
-46.4,-47.4,400000,44858,0.112145,152347,0.380868
-46.4,-47.2,400000,45034,0.112585,151987,0.379968
-46.4,-47,400000,44669,0.111672,151632,0.37908
-46.4,-46.8,400000,44974,0.112435,152033,0.380082
-46.4,-46.6,400000,44947,0.112367,151842,0.379605
-46.4,-46.4,400000,44848,0.11212,152342,0.380855
-46.4,-46.2,400000,44430,0.111075,152221,0.380553
-46.4,-46,400000,44744,0.11186,152394,0.380985
-46.4,-45.8,400000,44629,0.111573,151875,0.379688
-46.4,-45.6,400000,44980,0.11245,152407,0.381018
-46.4,-45.4,400000,45117,0.112793,151956,0.37989
-46.4,-45.2,400000,44473,0.111183,151824,0.37956
-46.4,-45,400000,45095,0.112738,152249,0.380622
-46.4,-44.8,400000,44685,0.111713,151348,0.37837
-46.4,-44.6,400000,45309,0.113272,152032,0.38008
-46.4,-44.4,400000,44682,0.111705,151456,0.37864
-46.4,-44.2,400000,44831,0.112077,151678,0.379195
-46.4,-44,400000,44629,0.111573,151967,0.379918
-46.4,-43.8,400000,44801,0.112003,152165,0.380412
-46.4,-43.6,400000,44802,0.112005,152125,0.380312
-46.4,-43.4,400000,45016,0.11254,151863,0.379657
-46.4,-43.2,400000,44744,0.11186,151916,0.37979
-46.4,-43,400000,44862,0.112155,152346,0.380865
-46.4,-42.8,400000,43983,0.109957,151269,0.378173
-46.4,-42.6,400000,45040,0.1126,152576,0.38144
-46.4,-42.4,400000,44879,0.112198,152791,0.381978
-46.4,-42.2,400000,45049,0.112623,152275,0.380688
-46.4,-42,400000,44486,0.111215,151880,0.3797
-46.4,-41.8,400000,44111,0.110278,151478,0.378695
-46.4,-41.6,400000,44337,0.110842,151992,0.37998
-46.4,-41.4,400000,45107,0.112768,152020,0.38005
-46.4,-41.2,400000,45037,0.112592,152174,0.380435
-46.4,-41,400000,45069,0.112672,151742,0.379355
-46.4,-40.8,400000,45126,0.112815,151891,0.379727
-46.4,-40.6,400000,44643,0.111607,152095,0.380238
-46.4,-40.4,400000,45137,0.112842,151742,0.379355
-46.4,-40.2,400000,45129,0.112823,152631,0.381578
-46.4,-40,400000,45087,0.112717,152037,0.380092
-46.4,-39.8,400000,44813,0.112032,152003,0.380007
-46.4,-39.6,400000,44515,0.111287,151603,0.379007
-46.4,-39.4,400000,45461,0.113653,152407,0.381018
-46.4,-39.2,400000,45094,0.112735,152171,0.380427
-46.4,-39,400000,44342,0.110855,151479,0.378698
-46.4,-38.8,400000,44373,0.110933,152390,0.380975
-46.4,-38.6,400000,44507,0.111268,151604,0.37901
-46.4,-38.4,400000,44829,0.112073,152434,0.381085
-46.4,-38.2,400000,44560,0.1114,152502,0.381255
-46.4,-38,400000,45097,0.112742,152508,0.38127
-46.4,-37.8,400000,44612,0.11153,152607,0.381518
-46.4,-37.6,400000,44777,0.111943,151612,0.37903
-46.4,-37.4,400000,44258,0.110645,151256,0.37814
-46.4,-37.2,400000,44875,0.112187,152000,0.38
-46.4,-37,400000,45464,0.11366,152639,0.381597
-46.4,-36.8,400000,44400,0.111,151583,0.378958
-46.4,-36.6,400000,44987,0.112467,152041,0.380103
-46.4,-36.4,400000,44929,0.112323,152315,0.380788
-46.4,-36.2,400000,44655,0.111638,151533,0.378833
-46.4,-36,400000,44777,0.111943,151802,0.379505
-46.4,-35.8,400000,44176,0.11044,151914,0.379785
-46.4,-35.6,400000,45090,0.112725,151826,0.379565
-46.4,-35.4,400000,44620,0.11155,152026,0.380065
-46.4,-35.2,400000,44590,0.111475,151614,0.379035
-46.4,-35,400000,44631,0.111577,152298,0.380745
-46.4,-34.8,400000,44976,0.11244,152018,0.380045
-46.4,-34.6,400000,45378,0.113445,152192,0.38048
-46.4,-34.4,400000,44636,0.11159,151643,0.379107
-46.4,-34.2,400000,45042,0.112605,152470,0.381175
-46.4,-34,400000,44627,0.111568,152011,0.380028
-46.4,-33.8,400000,45034,0.112585,152142,0.380355
-46.4,-33.6,400000,44641,0.111602,151535,0.378837
-46.4,-33.4,400000,44444,0.11111,151932,0.37983
-46.4,-33.2,400000,45234,0.113085,152209,0.380522
-46.4,-33,400000,45458,0.113645,152342,0.380855
-46.4,-32.8,400000,45265,0.113162,152442,0.381105
-46.4,-32.6,400000,45226,0.113065,152412,0.38103
-46.4,-32.4,400000,45094,0.112735,152053,0.380132
-46.4,-32.2,400000,45003,0.112507,151776,0.37944
-46.4,-32,400000,44898,0.112245,151979,0.379947
-46.4,-31.8,400000,44906,0.112265,152295,0.380738
-46.4,-31.6,400000,45008,0.11252,152087,0.380217
-46.4,-31.4,400000,44468,0.11117,152019,0.380047
-46.4,-31.2,400000,44544,0.11136,151518,0.378795
-46.4,-31,400000,44855,0.112138,152663,0.381657
-46.4,-30.8,400000,44620,0.11155,152370,0.380925
-46.4,-30.6,400000,44629,0.111573,152071,0.380178
-46.4,-30.4,400000,44835,0.112088,151928,0.37982
-46.4,-30.2,400000,44850,0.112125,151797,0.379493
-46.4,-30,400000,45051,0.112628,152102,0.380255
-46.4,-29.8,400000,45212,0.11303,152288,0.38072
-46.4,-29.6,400000,45075,0.112687,152216,0.38054
-46.4,-29.4,400000,44118,0.110295,151082,0.377705
-46.4,-29.2,400000,44550,0.111375,152067,0.380167
-46.4,-29,400000,44182,0.110455,151727,0.379317
-46.4,-28.8,400000,44319,0.110797,151555,0.378887
-46.4,-28.6,400000,44755,0.111888,152076,0.38019
-46.4,-28.4,400000,45246,0.113115,152436,0.38109
-46.4,-28.2,400000,45050,0.112625,152201,0.380503
-46.4,-28,400000,44931,0.112327,152308,0.38077
-46.4,-27.8,400000,44740,0.11185,151845,0.379613
-46.4,-27.6,400000,44634,0.111585,152154,0.380385
-46.4,-27.4,400000,44750,0.111875,151744,0.37936
-46.4,-27.2,400000,44991,0.112477,152683,0.381707
-46.4,-27,400000,45067,0.112668,151720,0.3793
-46.4,-26.8,400000,45180,0.11295,152206,0.380515
-46.4,-26.6,400000,44511,0.111278,151799,0.379497
-46.4,-26.4,400000,44906,0.112265,152135,0.380337
-46.4,-26.2,400000,44621,0.111552,151316,0.37829
-46.4,-26,400000,44741,0.111852,152444,0.38111
-46.4,-25.8,400000,44834,0.112085,151938,0.379845
-46.4,-25.6,400000,45048,0.11262,152286,0.380715
-46.4,-25.4,400000,45038,0.112595,152252,0.38063
-46.4,-25.2,400000,44549,0.111372,151968,0.37992
-46.4,-25,400000,44995,0.112488,152331,0.380827
-46.4,-24.8,400000,44832,0.11208,151899,0.379748
-46.4,-24.6,400000,44776,0.11194,152047,0.380117
-46.4,-24.4,400000,44624,0.11156,151399,0.378497
-46.4,-24.2,400000,44370,0.110925,151518,0.378795
-46.4,-24,400000,44795,0.111988,152167,0.380418
-46.4,-23.8,400000,45249,0.113123,152205,0.380512
-46.4,-23.6,400000,44941,0.112352,152313,0.380783
-46.4,-23.4,400000,44625,0.111562,151658,0.379145
-46.4,-23.2,400000,44888,0.11222,151702,0.379255
-46.4,-23,400000,45307,0.113267,152561,0.381402
-46.4,-22.8,400000,44517,0.111293,152532,0.38133
-46.4,-22.6,400000,45056,0.11264,152288,0.38072
-46.4,-22.4,400000,45372,0.11343,152259,0.380648
-46.4,-22.2,400000,45255,0.113138,152475,0.381188
-46.4,-22,400000,44499,0.111247,152245,0.380613
-46.4,-21.8,400000,44854,0.112135,151747,0.379368
-46.4,-21.6,400000,44431,0.111077,152277,0.380692
-46.4,-21.4,400000,44723,0.111808,152045,0.380113
-46.4,-21.2,400000,45366,0.113415,152084,0.38021
-46.4,-21,400000,44887,0.112217,151891,0.379727
-46.4,-20.8,400000,44921,0.112302,152153,0.380383
-46.4,-20.6,400000,44970,0.112425,152386,0.380965
-46.4,-20.4,400000,45202,0.113005,152006,0.380015
-46.4,-20.2,400000,45041,0.112602,151438,0.378595
-46.4,-20,400000,44982,0.112455,151931,0.379827
-46.4,-19.8,400000,44698,0.111745,152167,0.380418
-46.4,-19.6,400000,44802,0.112005,151759,0.379397
-46.4,-19.4,400000,44956,0.11239,151972,0.37993
-46.4,-19.2,400000,45177,0.112943,151903,0.379758
-46.4,-19,400000,44163,0.110408,151413,0.378532
-46.4,-18.8,400000,44895,0.112238,151897,0.379742
-46.4,-18.6,400000,44773,0.111933,151880,0.3797
-46.4,-18.4,400000,44634,0.111585,152134,0.380335
-46.4,-18.2,400000,45155,0.112888,152410,0.381025
-46.4,-18,400000,44885,0.112213,151940,0.37985
-46.4,-17.8,400000,44828,0.11207,152144,0.38036
-46.4,-17.6,400000,44755,0.111888,151364,0.37841
-46.4,-17.4,400000,45068,0.11267,152776,0.38194
-46.4,-17.2,400000,45082,0.112705,152376,0.38094
-46.4,-17,400000,44923,0.112308,151503,0.378758
-46.4,-16.8,400000,44519,0.111297,151595,0.378987
-46.4,-16.6,400000,45053,0.112632,151861,0.379653
-46.4,-16.4,400000,45235,0.113087,152973,0.382433
-46.4,-16.2,400000,44741,0.111852,152272,0.38068
-46.4,-16,400000,44786,0.111965,151995,0.379987
-46.4,-15.8,400000,44757,0.111893,151835,0.379588
-46.4,-15.6,400000,44992,0.11248,151485,0.378713
-46.4,-15.4,400000,44739,0.111848,151729,0.379323
-46.4,-15.2,400000,44379,0.110948,151655,0.379138
-46.4,-15,400000,44310,0.110775,151400,0.3785
-46.4,-14.8,400000,44742,0.111855,152271,0.380678
-46.4,-14.6,400000,44958,0.112395,151896,0.37974
-46.4,-14.4,400000,45130,0.112825,152158,0.380395
-46.4,-14.2,400000,44961,0.112403,152372,0.38093
-46.4,-14,400000,44602,0.111505,152000,0.38
-46.4,-13.8,400000,45093,0.112732,151994,0.379985
-46.4,-13.6,400000,44997,0.112492,151794,0.379485
-46.4,-13.4,400000,44728,0.11182,151924,0.37981
-46.4,-13.2,400000,44717,0.111793,152331,0.380827
-46.4,-13,400000,44661,0.111653,152060,0.38015
-46.4,-12.8,400000,44453,0.111132,152281,0.380702
-46.4,-12.6,400000,44791,0.111977,152093,0.380232
-46.4,-12.4,400000,44499,0.111247,151963,0.379908
-46.4,-12.2,400000,45290,0.113225,152275,0.380688
-46.4,-12,400000,45185,0.112962,152806,0.382015
-46.4,-11.8,400000,44825,0.112062,152375,0.380937
-46.4,-11.6,400000,45255,0.113138,152239,0.380597
-46.4,-11.4,400000,44504,0.11126,152317,0.380792
-46.4,-11.2,400000,45322,0.113305,152255,0.380638
-46.4,-11,400000,44879,0.112198,152174,0.380435
-46.4,-10.8,400000,45356,0.11339,152599,0.381497
-46.4,-10.6,400000,44870,0.112175,152194,0.380485
-46.4,-10.4,400000,44779,0.111948,152024,0.38006
-46.4,-10.2,400000,44800,0.112,151691,0.379227
-46.4,-10,400000,44817,0.112043,151766,0.379415
-46.4,-9.8,400000,44790,0.111975,151909,0.379773
-46.4,-9.6,400000,45269,0.113172,152572,0.38143
-46.4,-9.4,400000,44892,0.11223,152231,0.380578
-46.4,-9.2,400000,45565,0.113912,152184,0.38046
-46.4,-9,400000,44563,0.111408,151852,0.37963
-46.4,-8.8,400000,44958,0.112395,152201,0.380503
-46.4,-8.6,400000,44721,0.111802,152821,0.382053
-46.4,-8.4,400000,45034,0.112585,151885,0.379713
-46.4,-8.2,400000,44235,0.110588,152241,0.380603
-46.4,-8,400000,44947,0.112367,152365,0.380912
-46.4,-7.8,400000,44831,0.112077,152204,0.38051
-46.4,-7.6,400000,44217,0.110543,151887,0.379717
-46.4,-7.4,400000,44841,0.112102,152334,0.380835
-46.4,-7.2,400000,44568,0.11142,152050,0.380125
-46.4,-7,400000,45359,0.113397,151853,0.379632
-46.4,-6.8,400000,44574,0.111435,152370,0.380925
-46.4,-6.6,400000,45516,0.11379,152387,0.380968
-46.4,-6.4,400000,45149,0.112873,151824,0.37956
-46.4,-6.2,400000,44837,0.112092,152138,0.380345
-46.4,-6,400000,44754,0.111885,151483,0.378707
-46.4,-5.8,400000,44925,0.112312,151785,0.379462
-46.4,-5.6,400000,44903,0.112257,151781,0.379453
-46.4,-5.4,400000,44342,0.110855,151396,0.37849
-46.4,-5.2,400000,44471,0.111177,151183,0.377958
-46.4,-5,400000,44932,0.11233,152407,0.381018
-46.4,-4.8,400000,45022,0.112555,151971,0.379927
-46.4,-4.6,400000,44864,0.11216,152220,0.38055
-46.4,-4.4,400000,45082,0.112705,151908,0.37977
-46.4,-4.2,400000,44459,0.111147,151746,0.379365
-46.4,-4,400000,44145,0.110363,152069,0.380173
-46.4,-3.8,400000,44819,0.112047,151795,0.379487
-46.4,-3.6,400000,44577,0.111442,151827,0.379568
-46.4,-3.4,400000,44767,0.111918,152247,0.380617
-46.4,-3.2,400000,45049,0.112623,152032,0.38008
-46.4,-3,400000,44714,0.111785,151920,0.3798
-46.4,-2.8,400000,45268,0.11317,152155,0.380387
-46.4,-2.6,400000,45294,0.113235,152182,0.380455
-46.4,-2.4,400000,44962,0.112405,153136,0.38284
-46.4,-2.2,400000,44135,0.110338,151530,0.378825
-46.4,-2,400000,44808,0.11202,151340,0.37835
-46.4,-1.8,400000,44654,0.111635,152298,0.380745
-46.4,-1.6,400000,45143,0.112857,152248,0.38062
-46.4,-1.4,400000,44686,0.111715,151835,0.379588
-46.4,-1.2,400000,45038,0.112595,151998,0.379995
-46.4,-1,400000,44867,0.112168,152017,0.380043
-46.4,-0.8,400000,45135,0.112837,153018,0.382545
-46.4,-0.6,400000,45166,0.112915,151467,0.378667
-46.4,-0.4,400000,45074,0.112685,152307,0.380767
-46.4,-0.2,400000,44353,0.110882,151575,0.378937
-46.4,0,400000,44717,0.111793,151982,0.379955
-46.4,0.2,400000,45073,0.112683,152079,0.380198
-46.4,0.4,400000,45175,0.112937,152091,0.380227
-46.4,0.6,400000,45091,0.112727,151946,0.379865
-46.4,0.8,400000,45005,0.112513,152179,0.380447
-46.4,1,400000,44914,0.112285,152048,0.38012
-46.4,1.2,400000,44654,0.111635,151499,0.378748
-46.4,1.4,400000,44889,0.112223,151910,0.379775
-46.4,1.6,400000,44977,0.112443,151592,0.37898
-46.4,1.8,400000,44678,0.111695,151820,0.37955
-46.4,2,400000,44747,0.111867,152238,0.380595
-46.4,2.2,400000,45307,0.113267,152655,0.381638
-46.4,2.4,400000,44505,0.111263,151287,0.378217
-46.4,2.6,400000,45296,0.11324,152494,0.381235
-46.4,2.8,400000,44984,0.11246,151688,0.37922
-46.4,3,400000,44681,0.111702,152096,0.38024
-46.4,3.2,400000,44748,0.11187,152144,0.38036
-46.4,3.4,400000,44973,0.112433,152122,0.380305
-46.4,3.6,400000,44967,0.112418,152015,0.380037
-46.4,3.8,400000,45054,0.112635,151798,0.379495
-46.4,4,400000,44564,0.11141,152151,0.380377
-46.4,4.2,400000,45096,0.11274,152198,0.380495
-46.4,4.4,400000,45201,0.113003,152655,0.381638
-46.4,4.6,400000,45077,0.112693,152436,0.38109
-46.4,4.8,400000,44929,0.112323,152121,0.380302
-46.4,5,400000,44778,0.111945,151956,0.37989
-46.4,5.2,400000,44774,0.111935,152459,0.381147
-46.4,5.4,400000,44284,0.11071,151752,0.37938
-46.4,5.6,400000,44593,0.111482,152324,0.38081
-46.4,5.8,400000,45151,0.112878,152394,0.380985
-46.4,6,400000,44718,0.111795,151409,0.378522
-46.4,6.2,400000,44212,0.11053,151915,0.379788
-46.4,6.4,400000,44375,0.110937,151729,0.379323
-46.4,6.6,400000,45188,0.11297,152782,0.381955
-46.4,6.8,400000,44655,0.111638,152205,0.380512
-46.4,7,400000,44916,0.11229,152162,0.380405
-46.4,7.2,400000,44864,0.11216,152269,0.380673
-46.4,7.4,400000,44713,0.111783,151814,0.379535
-46.4,7.6,400000,44799,0.111997,151829,0.379572
-46.4,7.8,400000,45199,0.112998,151867,0.379667
-46.4,8,400000,45369,0.113422,152092,0.38023
-46.4,8.2,400000,44490,0.111225,151647,0.379117
-46.4,8.4,400000,44585,0.111463,152174,0.380435
-46.4,8.6,400000,44747,0.111867,152202,0.380505
-46.4,8.8,400000,44531,0.111327,151629,0.379072
-46.4,9,400000,45149,0.112873,152280,0.3807
-46.4,9.2,400000,44619,0.111547,151288,0.37822
-46.4,9.4,400000,45108,0.11277,152693,0.381732
-46.4,9.6,400000,44880,0.1122,152467,0.381167
-46.4,9.8,400000,44994,0.112485,151982,0.379955
-46.4,10,400000,44768,0.11192,151747,0.379368
-46.4,10.2,400000,44555,0.111388,151967,0.379918
-46.4,10.4,400000,44959,0.112397,152248,0.38062
-46.4,10.6,400000,44637,0.111592,151538,0.378845
-46.4,10.8,400000,44966,0.112415,151964,0.37991
-46.4,11,400000,44322,0.110805,151853,0.379632
-46.4,11.2,400000,44623,0.111558,152255,0.380638
-46.4,11.4,400000,45327,0.113318,152260,0.38065
-46.4,11.6,400000,44934,0.112335,151652,0.37913
-46.4,11.8,400000,45165,0.112912,152060,0.38015
-46.4,12,400000,45470,0.113675,152245,0.380613
-46.4,12.2,400000,44928,0.11232,152242,0.380605
-46.4,12.4,400000,44511,0.111278,151643,0.379107
-46.4,12.6,400000,44657,0.111643,151984,0.37996
-46.4,12.8,400000,44989,0.112473,151734,0.379335
-46.4,13,400000,45489,0.113723,152894,0.382235
-46.4,13.2,400000,44273,0.110683,151306,0.378265
-46.4,13.4,400000,45138,0.112845,152110,0.380275
-46.4,13.6,400000,44586,0.111465,151675,0.379188
-46.4,13.8,400000,44570,0.111425,151903,0.379758
-46.4,14,400000,44916,0.11229,152613,0.381532
-46.4,14.2,400000,44859,0.112147,152392,0.38098
-46.4,14.4,400000,45159,0.112897,152379,0.380947
-46.4,14.6,400000,45029,0.112573,152353,0.380883
-46.4,14.8,400000,45144,0.11286,152495,0.381238
-46.4,15,400000,44528,0.11132,151917,0.379792
-46.4,15.2,400000,44737,0.111842,151755,0.379387
-46.4,15.4,400000,44631,0.111577,151886,0.379715
-46.4,15.6,400000,44873,0.112183,151831,0.379578
-46.4,15.8,400000,45247,0.113117,152063,0.380157
-46.4,16,400000,44916,0.11229,152149,0.380373
-46.4,16.2,400000,45132,0.11283,152535,0.381337
-46.4,16.4,400000,44874,0.112185,152105,0.380263
-46.4,16.6,400000,44715,0.111787,152105,0.380263
-46.4,16.8,400000,44775,0.111937,152153,0.380383
-46.4,17,400000,45056,0.11264,152719,0.381798
-46.4,17.2,400000,44952,0.11238,152373,0.380933
-46.4,17.4,400000,45012,0.11253,152831,0.382078
-46.4,17.6,400000,44377,0.110942,152034,0.380085
-46.4,17.8,400000,45203,0.113007,152448,0.38112
-46.4,18,400000,44481,0.111202,152938,0.382345
-46.4,18.2,400000,44793,0.111982,152156,0.38039
-46.4,18.4,400000,45181,0.112952,152188,0.38047
-46.4,18.6,400000,44514,0.111285,151506,0.378765
-46.4,18.8,400000,44242,0.110605,152334,0.380835
-46.4,19,400000,44744,0.11186,152040,0.3801
-46.4,19.2,400000,44932,0.11233,151670,0.379175
-46.4,19.4,400000,44995,0.112488,151715,0.379287
-46.4,19.6,400000,45409,0.113522,152860,0.38215
-46.4,19.8,400000,44783,0.111958,152042,0.380105
-46.4,20,400000,44662,0.111655,151300,0.37825
-46.4,20.2,400000,44754,0.111885,151816,0.37954
-46.4,20.4,400000,45313,0.113282,152035,0.380088
-46.4,20.6,400000,44595,0.111488,151902,0.379755
-46.4,20.8,400000,44809,0.112022,151527,0.378817
-46.4,21,400000,44761,0.111903,152088,0.38022
-46.4,21.2,400000,44747,0.111867,151470,0.378675
-46.4,21.4,400000,44879,0.112198,152278,0.380695
-46.4,21.6,400000,44954,0.112385,152198,0.380495
-46.4,21.8,400000,44576,0.11144,151799,0.379497
-46.4,22,400000,44839,0.112098,152226,0.380565
-46.4,22.2,400000,44807,0.112018,152174,0.380435
-46.4,22.4,400000,44557,0.111393,151876,0.37969
-46.4,22.6,400000,44878,0.112195,152281,0.380702
-46.4,22.8,400000,44946,0.112365,152242,0.380605
-46.4,23,400000,45226,0.113065,152495,0.381238
-46.4,23.2,400000,44731,0.111827,151756,0.37939
-46.4,23.4,400000,45010,0.112525,151645,0.379113
-46.4,23.6,400000,45383,0.113458,152253,0.380632
-46.4,23.8,400000,44175,0.110437,151375,0.378437
-46.4,24,400000,44835,0.112088,151750,0.379375
-46.4,24.2,400000,45013,0.112532,152760,0.3819
-46.4,24.4,400000,44917,0.112293,152609,0.381522
-46.4,24.6,400000,45411,0.113528,152017,0.380043
-46.4,24.8,400000,44960,0.1124,151919,0.379798
-46.4,25,400000,45392,0.11348,152578,0.381445
-46.4,25.2,400000,44907,0.112268,151371,0.378428
-46.4,25.4,400000,45237,0.113092,151973,0.379933
-46.4,25.6,400000,44929,0.112323,152603,0.381507
-46.4,25.8,400000,44801,0.112003,151778,0.379445
-46.4,26,400000,45031,0.112577,152707,0.381767
-46.4,26.2,400000,44543,0.111357,152033,0.380082
-46.4,26.4,400000,44747,0.111867,152178,0.380445
-46.4,26.6,400000,44820,0.11205,152262,0.380655
-46.4,26.8,400000,44572,0.11143,151672,0.37918
-46.4,27,400000,44559,0.111397,151779,0.379447
-46.4,27.2,400000,44892,0.11223,152070,0.380175
-46.4,27.4,400000,44488,0.11122,151966,0.379915
-46.4,27.6,400000,45043,0.112607,151133,0.377833
-46.4,27.8,400000,44517,0.111293,151859,0.379648
-46.4,28,400000,45194,0.112985,152641,0.381603
-46.4,28.2,400000,44595,0.111488,152060,0.38015
-46.4,28.4,400000,45304,0.11326,151628,0.37907
-46.4,28.6,400000,45008,0.11252,151681,0.379202
-46.4,28.8,400000,44553,0.111382,151998,0.379995
-46.4,29,400000,45005,0.112513,152183,0.380458
-46.4,29.2,400000,44392,0.11098,152086,0.380215
-46.4,29.4,400000,44542,0.111355,152212,0.38053
-46.4,29.6,400000,44955,0.112388,151747,0.379368
-46.4,29.8,400000,45297,0.113242,151563,0.378908
-46.4,30,400000,44621,0.111552,152403,0.381007
-46.4,30.2,400000,44589,0.111473,152237,0.380593
-46.4,30.4,400000,45473,0.113683,152276,0.38069
-46.4,30.6,400000,45344,0.11336,151730,0.379325
-46.4,30.8,400000,45319,0.113297,152254,0.380635
-46.4,31,400000,44485,0.111213,152650,0.381625
-46.4,31.2,400000,44809,0.112022,152297,0.380742
-46.4,31.4,400000,44961,0.112403,152062,0.380155
-46.4,31.6,400000,44586,0.111465,151432,0.37858
-46.4,31.8,400000,44650,0.111625,152113,0.380283
-46.4,32,400000,44931,0.112327,152918,0.382295
-46.4,32.2,400000,44633,0.111583,152167,0.380418
-46.4,32.4,400000,44814,0.112035,152160,0.3804
-46.4,32.6,400000,45105,0.112763,151961,0.379902
-46.4,32.8,400000,44575,0.111437,152411,0.381028
-46.4,33,400000,44459,0.111147,151729,0.379323
-46.4,33.2,400000,44673,0.111683,152110,0.380275
-46.4,33.4,400000,45281,0.113202,151809,0.379522
-46.4,33.6,400000,44273,0.110683,151412,0.37853
-46.4,33.8,400000,44462,0.111155,151855,0.379638
-46.4,34,400000,44379,0.110948,152191,0.380478
-46.4,34.2,400000,45142,0.112855,152079,0.380198
-46.4,34.4,400000,44247,0.110617,151441,0.378603
-46.4,34.6,400000,44464,0.11116,151224,0.37806
-46.4,34.8,400000,45192,0.11298,152192,0.38048
-46.4,35,400000,44901,0.112253,151522,0.378805
-46.4,35.2,400000,44784,0.11196,152220,0.38055
-46.4,35.4,400000,44439,0.111098,151935,0.379837
-46.4,35.6,400000,44517,0.111293,151517,0.378792
-46.4,35.8,400000,44568,0.11142,151981,0.379953
-46.4,36,400000,45299,0.113248,152328,0.38082
-46.4,36.2,400000,44913,0.112282,151641,0.379103
-46.4,36.4,400000,45154,0.112885,151924,0.37981
-46.4,36.6,400000,44650,0.111625,152632,0.38158
-46.4,36.8,400000,44874,0.112185,151866,0.379665
-46.4,37,400000,45535,0.113837,152590,0.381475
-46.4,37.2,400000,44696,0.11174,151980,0.37995
-46.4,37.4,400000,44696,0.11174,152182,0.380455
-46.4,37.6,400000,44662,0.111655,152481,0.381202
-46.4,37.8,400000,44768,0.11192,151288,0.37822
-46.4,38,400000,44771,0.111927,152169,0.380422
-46.4,38.2,400000,44283,0.110708,151914,0.379785
-46.4,38.4,400000,44309,0.110772,151745,0.379362
-46.4,38.6,400000,44776,0.11194,152027,0.380068
-46.4,38.8,400000,44712,0.11178,151898,0.379745
-46.4,39,400000,44471,0.111177,151543,0.378858
-46.4,39.2,400000,44673,0.111683,151827,0.379568
-46.4,39.4,400000,44783,0.111958,152326,0.380815
-46.4,39.6,400000,44834,0.112085,151836,0.37959
-46.4,39.8,400000,44800,0.112,152325,0.380812
-46.4,40,400000,45521,0.113803,152491,0.381227
-46.4,40.2,400000,45373,0.113433,151818,0.379545
-46.4,40.4,400000,45077,0.112693,152410,0.381025
-46.4,40.6,400000,44438,0.111095,152125,0.380312
-46.4,40.8,400000,44541,0.111352,151762,0.379405
-46.4,41,400000,44718,0.111795,152251,0.380628
-46.4,41.2,400000,44765,0.111912,152021,0.380053
-46.4,41.4,400000,45135,0.112837,152184,0.38046
-46.4,41.6,400000,44892,0.11223,152544,0.38136
-46.4,41.8,400000,44957,0.112393,152068,0.38017
-46.4,42,400000,44697,0.111742,151764,0.37941
-46.4,42.2,400000,44472,0.11118,151701,0.379252
-46.4,42.4,400000,44834,0.112085,152025,0.380063
-46.4,42.6,400000,44773,0.111933,152292,0.38073
-46.4,42.8,400000,45092,0.11273,151853,0.379632
-46.4,43,400000,44947,0.112367,152465,0.381163
-46.4,43.2,400000,44602,0.111505,152140,0.38035
-46.4,43.4,400000,44737,0.111842,152757,0.381893
-46.4,43.6,400000,44401,0.111003,152218,0.380545
-46.4,43.8,400000,44645,0.111613,152451,0.381128
-46.4,44,400000,45121,0.112802,151857,0.379642
-46.4,44.2,400000,44919,0.112297,152151,0.380377
-46.4,44.4,400000,44541,0.111352,151635,0.379088
-46.4,44.6,400000,45222,0.113055,152347,0.380868
-46.4,44.8,400000,44857,0.112143,152260,0.38065
-46.4,45,400000,44990,0.112475,151868,0.37967
-46.4,45.2,400000,44953,0.112382,152931,0.382327
-46.4,45.4,400000,44526,0.111315,152365,0.380912
-46.4,45.6,400000,45115,0.112787,152063,0.380157
-46.4,45.8,400000,44967,0.112418,151715,0.379287
-46.4,46,400000,45167,0.112918,151960,0.3799
-46.4,46.2,400000,45063,0.112657,152350,0.380875
-46.4,46.4,400000,44520,0.1113,151506,0.378765
-46.4,46.6,400000,45341,0.113352,151809,0.379522
-46.4,46.8,400000,44890,0.112225,151127,0.377817
-46.4,47,400000,45215,0.113037,152425,0.381063
-46.4,47.2,400000,44560,0.1114,151935,0.379837
-46.4,47.4,400000,44983,0.112458,152047,0.380117
-46.4,47.6,400000,45653,0.114132,152759,0.381898
-46.4,47.8,400000,44758,0.111895,151644,0.37911
-46.4,48,400000,44676,0.11169,152607,0.381518
-46.4,48.2,400000,44548,0.11137,151834,0.379585
-46.4,48.4,400000,45019,0.112547,151874,0.379685
-46.4,48.6,400000,45217,0.113043,152313,0.380783
-46.4,48.8,400000,44745,0.111863,152336,0.38084
-46.4,49,400000,44437,0.111092,151723,0.379308
-46.4,49.2,400000,44629,0.111573,151874,0.379685
-46.4,49.4,400000,44722,0.111805,152357,0.380893
-46.4,49.6,400000,45328,0.11332,152694,0.381735
-46.4,49.8,400000,44622,0.111555,151389,0.378472
-46.4,50,400000,44847,0.112117,151747,0.379368
-46.2,-50,400000,45196,0.11299,151560,0.3789
-46.2,-49.8,400000,45045,0.112613,151679,0.379198
-46.2,-49.6,400000,45158,0.112895,151680,0.3792
-46.2,-49.4,400000,44296,0.11074,151943,0.379858
-46.2,-49.2,400000,44653,0.111632,151982,0.379955
-46.2,-49,400000,45124,0.11281,152047,0.380117
-46.2,-48.8,400000,44972,0.11243,152049,0.380122
-46.2,-48.6,400000,44843,0.112107,151291,0.378227
-46.2,-48.4,400000,44755,0.111888,152483,0.381207
-46.2,-48.2,400000,44835,0.112088,151965,0.379912
-46.2,-48,400000,44512,0.11128,151576,0.37894
-46.2,-47.8,400000,44390,0.110975,151037,0.377592
-46.2,-47.6,400000,45188,0.11297,151929,0.379823
-46.2,-47.4,400000,44826,0.112065,152684,0.38171
-46.2,-47.2,400000,44589,0.111473,151932,0.37983
-46.2,-47,400000,44636,0.11159,151968,0.37992
-46.2,-46.8,400000,44604,0.11151,151593,0.378982
-46.2,-46.6,400000,44487,0.111217,151449,0.378622
-46.2,-46.4,400000,45021,0.112552,151983,0.379958
-46.2,-46.2,400000,44443,0.111107,151341,0.378352
-46.2,-46,400000,44875,0.112187,151623,0.379057
-46.2,-45.8,400000,45142,0.112855,151809,0.379522
-46.2,-45.6,400000,44700,0.11175,152356,0.38089
-46.2,-45.4,400000,44928,0.11232,152210,0.380525
-46.2,-45.2,400000,44575,0.111437,151873,0.379682
-46.2,-45,400000,45247,0.113117,152281,0.380702
-46.2,-44.8,400000,44885,0.112213,151985,0.379962
-46.2,-44.6,400000,44584,0.11146,151616,0.37904
-46.2,-44.4,400000,44940,0.11235,152192,0.38048
-46.2,-44.2,400000,44840,0.1121,151795,0.379487
-46.2,-44,400000,44833,0.112083,152328,0.38082
-46.2,-43.8,400000,44948,0.11237,152262,0.380655
-46.2,-43.6,400000,44859,0.112147,151965,0.379912
-46.2,-43.4,400000,44571,0.111427,152803,0.382007
-46.2,-43.2,400000,45067,0.112668,152366,0.380915
-46.2,-43,400000,44693,0.111732,151637,0.379092
-46.2,-42.8,400000,45104,0.11276,152392,0.38098
-46.2,-42.6,400000,45059,0.112647,152050,0.380125
-46.2,-42.4,400000,45050,0.112625,151926,0.379815
-46.2,-42.2,400000,44553,0.111382,151535,0.378837
-46.2,-42,400000,45135,0.112837,151760,0.3794
-46.2,-41.8,400000,44671,0.111677,151891,0.379727
-46.2,-41.6,400000,44735,0.111838,152496,0.38124
-46.2,-41.4,400000,45328,0.11332,152183,0.380458
-46.2,-41.2,400000,45232,0.11308,151903,0.379758
-46.2,-41,400000,45210,0.113025,152575,0.381437
-46.2,-40.8,400000,45297,0.113242,152333,0.380833
-46.2,-40.6,400000,45021,0.112552,152726,0.381815
-46.2,-40.4,400000,45377,0.113443,152521,0.381302
-46.2,-40.2,400000,44799,0.111997,152198,0.380495
-46.2,-40,400000,44822,0.112055,151758,0.379395
-46.2,-39.8,400000,44973,0.112433,151360,0.3784
-46.2,-39.6,400000,45062,0.112655,151797,0.379493
-46.2,-39.4,400000,44428,0.11107,151698,0.379245
-46.2,-39.2,400000,44906,0.112265,152183,0.380458
-46.2,-39,400000,44702,0.111755,151606,0.379015
-46.2,-38.8,400000,44885,0.112213,152292,0.38073
-46.2,-38.6,400000,45037,0.112592,152356,0.38089
-46.2,-38.4,400000,44684,0.11171,152344,0.38086
-46.2,-38.2,400000,44890,0.112225,152053,0.380132
-46.2,-38,400000,44997,0.112492,151917,0.379792
-46.2,-37.8,400000,45216,0.11304,151928,0.37982
-46.2,-37.6,400000,44809,0.112022,151383,0.378458
-46.2,-37.4,400000,45094,0.112735,152178,0.380445
-46.2,-37.2,400000,44916,0.11229,152054,0.380135
-46.2,-37,400000,45152,0.11288,152221,0.380553
-46.2,-36.8,400000,44666,0.111665,151752,0.37938
-46.2,-36.6,400000,44554,0.111385,151800,0.3795
-46.2,-36.4,400000,44938,0.112345,152376,0.38094
-46.2,-36.2,400000,44704,0.11176,151627,0.379068
-46.2,-36,400000,44813,0.112032,152043,0.380107
-46.2,-35.8,400000,44997,0.112492,152437,0.381093
-46.2,-35.6,400000,44983,0.112458,152540,0.38135
-46.2,-35.4,400000,44048,0.11012,151736,0.37934
-46.2,-35.2,400000,44820,0.11205,151823,0.379557
-46.2,-35,400000,44404,0.11101,151719,0.379298
-46.2,-34.8,400000,44989,0.112473,152275,0.380688
-46.2,-34.6,400000,44979,0.112448,152260,0.38065
-46.2,-34.4,400000,44732,0.11183,152246,0.380615
-46.2,-34.2,400000,44507,0.111268,152348,0.38087
-46.2,-34,400000,44891,0.112227,152060,0.38015
-46.2,-33.8,400000,44973,0.112433,152441,0.381103
-46.2,-33.6,400000,44603,0.111507,151852,0.37963
-46.2,-33.4,400000,45205,0.113013,152742,0.381855
-46.2,-33.2,400000,44229,0.110573,151499,0.378748
-46.2,-33,400000,45440,0.1136,152600,0.3815
-46.2,-32.8,400000,44016,0.11004,151801,0.379503
-46.2,-32.6,400000,44618,0.111545,152047,0.380117
-46.2,-32.4,400000,45143,0.112857,152371,0.380927
-46.2,-32.2,400000,44706,0.111765,151665,0.379163
-46.2,-32,400000,45008,0.11252,152090,0.380225
-46.2,-31.8,400000,44618,0.111545,151631,0.379078
-46.2,-31.6,400000,45168,0.11292,151801,0.379503
-46.2,-31.4,400000,45116,0.11279,152598,0.381495
-46.2,-31.2,400000,45128,0.11282,151855,0.379638
-46.2,-31,400000,44582,0.111455,151857,0.379642
-46.2,-30.8,400000,44825,0.112062,151685,0.379213
-46.2,-30.6,400000,44560,0.1114,151994,0.379985
-46.2,-30.4,400000,44813,0.112032,151962,0.379905
-46.2,-30.2,400000,44877,0.112193,151876,0.37969
-46.2,-30,400000,44724,0.11181,151878,0.379695
-46.2,-29.8,400000,44515,0.111287,151582,0.378955
-46.2,-29.6,400000,44477,0.111192,151695,0.379238
-46.2,-29.4,400000,45013,0.112532,152211,0.380528
-46.2,-29.2,400000,44562,0.111405,151991,0.379978
-46.2,-29,400000,44853,0.112132,152046,0.380115
-46.2,-28.8,400000,44674,0.111685,151877,0.379692
-46.2,-28.6,400000,44923,0.112308,152177,0.380443
-46.2,-28.4,400000,45064,0.11266,152244,0.38061
-46.2,-28.2,400000,45044,0.11261,153109,0.382773
-46.2,-28,400000,44848,0.11212,151909,0.379773
-46.2,-27.8,400000,45521,0.113803,152461,0.381153
-46.2,-27.6,400000,44837,0.112092,151905,0.379763
-46.2,-27.4,400000,44706,0.111765,151616,0.37904
-46.2,-27.2,400000,44402,0.111005,151285,0.378213
-46.2,-27,400000,44432,0.11108,151638,0.379095
-46.2,-26.8,400000,44614,0.111535,151939,0.379848
-46.2,-26.6,400000,44851,0.112128,151530,0.378825
-46.2,-26.4,400000,44980,0.11245,151825,0.379563
-46.2,-26.2,400000,45161,0.112903,153011,0.382528
-46.2,-26,400000,44936,0.11234,152854,0.382135
-46.2,-25.8,400000,44726,0.111815,151767,0.379418
-46.2,-25.6,400000,44120,0.1103,151623,0.379057
-46.2,-25.4,400000,44892,0.11223,152454,0.381135
-46.2,-25.2,400000,45377,0.113443,152316,0.38079
-46.2,-25,400000,44667,0.111668,151756,0.37939
-46.2,-24.8,400000,45373,0.113433,152244,0.38061
-46.2,-24.6,400000,45004,0.11251,152227,0.380568
-46.2,-24.4,400000,45327,0.113318,152685,0.381713
-46.2,-24.2,400000,45218,0.113045,152154,0.380385
-46.2,-24,400000,45218,0.113045,152070,0.380175
-46.2,-23.8,400000,44741,0.111852,151719,0.379298
-46.2,-23.6,400000,44753,0.111882,152003,0.380007
-46.2,-23.4,400000,44693,0.111732,152224,0.38056
-46.2,-23.2,400000,44947,0.112367,152190,0.380475
-46.2,-23,400000,44965,0.112412,151974,0.379935
-46.2,-22.8,400000,45146,0.112865,152722,0.381805
-46.2,-22.6,400000,45136,0.11284,152623,0.381557
-46.2,-22.4,400000,45173,0.112933,151996,0.37999
-46.2,-22.2,400000,44719,0.111797,152487,0.381217
-46.2,-22,400000,45150,0.112875,152248,0.38062
-46.2,-21.8,400000,44233,0.110583,151645,0.379113
-46.2,-21.6,400000,44967,0.112418,152466,0.381165
-46.2,-21.4,400000,44460,0.11115,152055,0.380138
-46.2,-21.2,400000,45126,0.112815,152714,0.381785
-46.2,-21,400000,44837,0.112092,152059,0.380148
-46.2,-20.8,400000,44626,0.111565,152687,0.381717
-46.2,-20.6,400000,44933,0.112333,152743,0.381858
-46.2,-20.4,400000,45038,0.112595,152710,0.381775
-46.2,-20.2,400000,44641,0.111602,151634,0.379085
-46.2,-20,400000,44793,0.111982,151722,0.379305
-46.2,-19.8,400000,44969,0.112422,151850,0.379625
-46.2,-19.6,400000,44747,0.111867,151855,0.379638
-46.2,-19.4,400000,44500,0.11125,152111,0.380277
-46.2,-19.2,400000,44514,0.111285,151763,0.379408
-46.2,-19,400000,44486,0.111215,151230,0.378075
-46.2,-18.8,400000,45085,0.112712,152290,0.380725
-46.2,-18.6,400000,45012,0.11253,151949,0.379873
-46.2,-18.4,400000,44707,0.111768,152039,0.380097
-46.2,-18.2,400000,45161,0.112903,152705,0.381763
-46.2,-18,400000,45689,0.114223,152578,0.381445
-46.2,-17.8,400000,44835,0.112088,152140,0.38035
-46.2,-17.6,400000,44711,0.111778,152047,0.380117
-46.2,-17.4,400000,44620,0.11155,151153,0.377883
-46.2,-17.2,400000,44634,0.111585,152144,0.38036
-46.2,-17,400000,44583,0.111458,152342,0.380855
-46.2,-16.8,400000,45345,0.113363,152420,0.38105
-46.2,-16.6,400000,44573,0.111433,151644,0.37911
-46.2,-16.4,400000,45077,0.112693,152126,0.380315
-46.2,-16.2,400000,44468,0.11117,152264,0.38066
-46.2,-16,400000,44496,0.11124,151922,0.379805
-46.2,-15.8,400000,44537,0.111342,151558,0.378895
-46.2,-15.6,400000,44714,0.111785,151842,0.379605
-46.2,-15.4,400000,45148,0.11287,152073,0.380182
-46.2,-15.2,400000,45132,0.11283,152408,0.38102
-46.2,-15,400000,44220,0.11055,150950,0.377375
-46.2,-14.8,400000,44636,0.11159,151834,0.379585
-46.2,-14.6,400000,44814,0.112035,152456,0.38114
-46.2,-14.4,400000,44957,0.112393,152343,0.380858
-46.2,-14.2,400000,44600,0.1115,151687,0.379217
-46.2,-14,400000,44931,0.112327,152405,0.381012
-46.2,-13.8,400000,44583,0.111458,151882,0.379705
-46.2,-13.6,400000,44195,0.110488,151443,0.378607
-46.2,-13.4,400000,44808,0.11202,151676,0.37919
-46.2,-13.2,400000,44848,0.11212,152319,0.380798
-46.2,-13,400000,44446,0.111115,152009,0.380022
-46.2,-12.8,400000,44873,0.112183,152689,0.381723
-46.2,-12.6,400000,45060,0.11265,151975,0.379937
-46.2,-12.4,400000,45209,0.113022,152332,0.38083
-46.2,-12.2,400000,44952,0.11238,152351,0.380877
-46.2,-12,400000,44669,0.111672,152137,0.380342
-46.2,-11.8,400000,44626,0.111565,152416,0.38104
-46.2,-11.6,400000,44415,0.111037,151752,0.37938
-46.2,-11.4,400000,44849,0.112122,152024,0.38006
-46.2,-11.2,400000,45106,0.112765,151820,0.37955
-46.2,-11,400000,44730,0.111825,151964,0.37991
-46.2,-10.8,400000,44933,0.112333,152176,0.38044
-46.2,-10.6,400000,44494,0.111235,151981,0.379953
-46.2,-10.4,400000,44842,0.112105,152308,0.38077
-46.2,-10.2,400000,44778,0.111945,152126,0.380315
-46.2,-10,400000,44697,0.111742,151581,0.378953
-46.2,-9.8,400000,44913,0.112282,152349,0.380873
-46.2,-9.6,400000,45442,0.113605,152471,0.381178
-46.2,-9.4,400000,44821,0.112052,151624,0.37906
-46.2,-9.2,400000,44768,0.11192,151488,0.37872
-46.2,-9,400000,44769,0.111922,151718,0.379295
-46.2,-8.8,400000,44785,0.111963,151984,0.37996
-46.2,-8.6,400000,44047,0.110117,151306,0.378265
-46.2,-8.4,400000,44912,0.11228,151953,0.379883
-46.2,-8.2,400000,44523,0.111308,151489,0.378723
-46.2,-8,400000,44236,0.11059,151755,0.379387
-46.2,-7.8,400000,45238,0.113095,152739,0.381848
-46.2,-7.6,400000,45016,0.11254,152180,0.38045
-46.2,-7.4,400000,45327,0.113318,152713,0.381783
-46.2,-7.2,400000,45095,0.112738,152101,0.380252
-46.2,-7,400000,45048,0.11262,151868,0.37967
-46.2,-6.8,400000,44934,0.112335,151693,0.379232
-46.2,-6.6,400000,44595,0.111488,152136,0.38034
-46.2,-6.4,400000,44813,0.112032,151335,0.378337
-46.2,-6.2,400000,45092,0.11273,152093,0.380232
-46.2,-6,400000,44686,0.111715,151821,0.379553
-46.2,-5.8,400000,45085,0.112712,152359,0.380897
-46.2,-5.6,400000,44915,0.112287,152291,0.380727
-46.2,-5.4,400000,44964,0.11241,151757,0.379393
-46.2,-5.2,400000,44902,0.112255,152621,0.381553
-46.2,-5,400000,44393,0.110982,152393,0.380983
-46.2,-4.8,400000,45388,0.11347,152318,0.380795
-46.2,-4.6,400000,45418,0.113545,152887,0.382217
-46.2,-4.4,400000,44505,0.111263,151796,0.37949
-46.2,-4.2,400000,44671,0.111677,152319,0.380798
-46.2,-4,400000,44569,0.111422,151583,0.378958
-46.2,-3.8,400000,44894,0.112235,151789,0.379472
-46.2,-3.6,400000,45202,0.113005,152487,0.381217
-46.2,-3.4,400000,44840,0.1121,151763,0.379408
-46.2,-3.2,400000,44596,0.11149,151884,0.37971
-46.2,-3,400000,44439,0.111098,151943,0.379858
-46.2,-2.8,400000,44419,0.111047,151741,0.379352
-46.2,-2.6,400000,44861,0.112153,152163,0.380408
-46.2,-2.4,400000,45137,0.112842,151890,0.379725
-46.2,-2.2,400000,44346,0.110865,152062,0.380155
-46.2,-2,400000,44560,0.1114,151579,0.378947
-46.2,-1.8,400000,45103,0.112757,152731,0.381827
-46.2,-1.6,400000,45117,0.112793,152630,0.381575
-46.2,-1.4,400000,44953,0.112382,152337,0.380842
-46.2,-1.2,400000,44550,0.111375,151642,0.379105
-46.2,-1,400000,44577,0.111442,152429,0.381072
-46.2,-0.8,400000,44527,0.111317,152143,0.380358
-46.2,-0.6,400000,45155,0.112888,152472,0.38118
-46.2,-0.4,400000,44707,0.111768,151649,0.379122
-46.2,-0.2,400000,44931,0.112327,152032,0.38008
-46.2,0,400000,45139,0.112848,152393,0.380983
-46.2,0.2,400000,44652,0.11163,152574,0.381435
-46.2,0.4,400000,44839,0.112098,152242,0.380605
-46.2,0.6,400000,44894,0.112235,152012,0.38003
-46.2,0.8,400000,44666,0.111665,152461,0.381153
-46.2,1,400000,44323,0.110808,152186,0.380465
-46.2,1.2,400000,44648,0.11162,151579,0.378947
-46.2,1.4,400000,44990,0.112475,152123,0.380308
-46.2,1.6,400000,44472,0.11118,152031,0.380078
-46.2,1.8,400000,44814,0.112035,152668,0.38167
-46.2,2,400000,44326,0.110815,152256,0.38064
-46.2,2.2,400000,45241,0.113102,152201,0.380503
-46.2,2.4,400000,44679,0.111698,151625,0.379063
-46.2,2.6,400000,44779,0.111948,151627,0.379068
-46.2,2.8,400000,45460,0.11365,152744,0.38186
-46.2,3,400000,44698,0.111745,151676,0.37919
-46.2,3.2,400000,44966,0.112415,151644,0.37911
-46.2,3.4,400000,45102,0.112755,152148,0.38037
-46.2,3.6,400000,45267,0.113168,152447,0.381117
-46.2,3.8,400000,44916,0.11229,151804,0.37951
-46.2,4,400000,44633,0.111583,151640,0.3791
-46.2,4.2,400000,44536,0.11134,151743,0.379358
-46.2,4.4,400000,44641,0.111602,152141,0.380352
-46.2,4.6,400000,44635,0.111588,151937,0.379843
-46.2,4.8,400000,44692,0.11173,152075,0.380188
-46.2,5,400000,44763,0.111907,152432,0.38108
-46.2,5.2,400000,44676,0.11169,151509,0.378773
-46.2,5.4,400000,45192,0.11298,151794,0.379485
-46.2,5.6,400000,44882,0.112205,152027,0.380068
-46.2,5.8,400000,44873,0.112183,151756,0.37939
-46.2,6,400000,45057,0.112643,152090,0.380225
-46.2,6.2,400000,44610,0.111525,152271,0.380678
-46.2,6.4,400000,44230,0.110575,151230,0.378075
-46.2,6.6,400000,45005,0.112513,151270,0.378175
-46.2,6.8,400000,44443,0.111107,151440,0.3786
-46.2,7,400000,44920,0.1123,151949,0.379873
-46.2,7.2,400000,44580,0.11145,151409,0.378522
-46.2,7.4,400000,45216,0.11304,152411,0.381028
-46.2,7.6,400000,45447,0.113617,152637,0.381593
-46.2,7.8,400000,44653,0.111632,151720,0.3793
-46.2,8,400000,45008,0.11252,152272,0.38068
-46.2,8.2,400000,44982,0.112455,152035,0.380088
-46.2,8.4,400000,44873,0.112183,151945,0.379862
-46.2,8.6,400000,45011,0.112528,152292,0.38073
-46.2,8.8,400000,44930,0.112325,152237,0.380593
-46.2,9,400000,44820,0.11205,152160,0.3804
-46.2,9.2,400000,44984,0.11246,152659,0.381647
-46.2,9.4,400000,45113,0.112782,152241,0.380603
-46.2,9.6,400000,44625,0.111562,151606,0.379015
-46.2,9.8,400000,44587,0.111467,151854,0.379635
-46.2,10,400000,44623,0.111558,152174,0.380435
-46.2,10.2,400000,44566,0.111415,151896,0.37974
-46.2,10.4,400000,44750,0.111875,152336,0.38084
-46.2,10.6,400000,44767,0.111918,151834,0.379585
-46.2,10.8,400000,44434,0.111085,152236,0.38059
-46.2,11,400000,44892,0.11223,152223,0.380557
-46.2,11.2,400000,44775,0.111937,152419,0.381047
-46.2,11.4,400000,44685,0.111713,152048,0.38012
-46.2,11.6,400000,45029,0.112573,152563,0.381408
-46.2,11.8,400000,45504,0.11376,151964,0.37991
-46.2,12,400000,44879,0.112198,152769,0.381922
-46.2,12.2,400000,44735,0.111838,152268,0.38067
-46.2,12.4,400000,45372,0.11343,152314,0.380785
-46.2,12.6,400000,44647,0.111617,151819,0.379547
-46.2,12.8,400000,44848,0.11212,152091,0.380227
-46.2,13,400000,45100,0.11275,152120,0.3803
-46.2,13.2,400000,45285,0.113212,152347,0.380868
-46.2,13.4,400000,44485,0.111213,151466,0.378665
-46.2,13.6,400000,45062,0.112655,152431,0.381078
-46.2,13.8,400000,44808,0.11202,151974,0.379935
-46.2,14,400000,44641,0.111602,152043,0.380107
-46.2,14.2,400000,44968,0.11242,151835,0.379588
-46.2,14.4,400000,44656,0.11164,152740,0.38185
-46.2,14.6,400000,44746,0.111865,151141,0.377852
-46.2,14.8,400000,45380,0.11345,152650,0.381625
-46.2,15,400000,44610,0.111525,151758,0.379395
-46.2,15.2,400000,45040,0.1126,152551,0.381377
-46.2,15.4,400000,44785,0.111963,152366,0.380915
-46.2,15.6,400000,44645,0.111613,152226,0.380565
-46.2,15.8,400000,45230,0.113075,152243,0.380607
-46.2,16,400000,44727,0.111818,151643,0.379107
-46.2,16.2,400000,44674,0.111685,151965,0.379912
-46.2,16.4,400000,44602,0.111505,152279,0.380698
-46.2,16.6,400000,45095,0.112738,151614,0.379035
-46.2,16.8,400000,44913,0.112282,152471,0.381178
-46.2,17,400000,44515,0.111287,152542,0.381355
-46.2,17.2,400000,45015,0.112537,152173,0.380433
-46.2,17.4,400000,44862,0.112155,152207,0.380518
-46.2,17.6,400000,44873,0.112183,151982,0.379955
-46.2,17.8,400000,44700,0.11175,152079,0.380198
-46.2,18,400000,45392,0.11348,152679,0.381698
-46.2,18.2,400000,45101,0.112753,152453,0.381132
-46.2,18.4,400000,45265,0.113162,152096,0.38024
-46.2,18.6,400000,44983,0.112458,152745,0.381862
-46.2,18.8,400000,44962,0.112405,152562,0.381405
-46.2,19,400000,44888,0.11222,152067,0.380167
-46.2,19.2,400000,44034,0.110085,151797,0.379493
-46.2,19.4,400000,44801,0.112003,152368,0.38092
-46.2,19.6,400000,45022,0.112555,151463,0.378657
-46.2,19.8,400000,44871,0.112177,152680,0.3817
-46.2,20,400000,44352,0.11088,151817,0.379543
-46.2,20.2,400000,44765,0.111912,151562,0.378905
-46.2,20.4,400000,45330,0.113325,152214,0.380535
-46.2,20.6,400000,44718,0.111795,151698,0.379245
-46.2,20.8,400000,44341,0.110853,151520,0.3788
-46.2,21,400000,45364,0.11341,152679,0.381698
-46.2,21.2,400000,44812,0.11203,151680,0.3792
-46.2,21.4,400000,44608,0.11152,151894,0.379735
-46.2,21.6,400000,44742,0.111855,152205,0.380512
-46.2,21.8,400000,44602,0.111505,152335,0.380837
-46.2,22,400000,44903,0.112257,151718,0.379295
-46.2,22.2,400000,44557,0.111393,152320,0.3808
-46.2,22.4,400000,44823,0.112058,151532,0.37883
-46.2,22.6,400000,44650,0.111625,152023,0.380057
-46.2,22.8,400000,44880,0.1122,152237,0.380593
-46.2,23,400000,44634,0.111585,151582,0.378955
-46.2,23.2,400000,44665,0.111662,152218,0.380545
-46.2,23.4,400000,44546,0.111365,152499,0.381248
-46.2,23.6,400000,44968,0.11242,152429,0.381072
-46.2,23.8,400000,44827,0.112068,152257,0.380642
-46.2,24,400000,45080,0.1127,152880,0.3822
-46.2,24.2,400000,44548,0.11137,151866,0.379665
-46.2,24.4,400000,44968,0.11242,152160,0.3804
-46.2,24.6,400000,44853,0.112132,152020,0.38005
-46.2,24.8,400000,44923,0.112308,151912,0.37978
-46.2,25,400000,44464,0.11116,152545,0.381362
-46.2,25.2,400000,45374,0.113435,152411,0.381028
-46.2,25.4,400000,44841,0.112102,152217,0.380543
-46.2,25.6,400000,44336,0.11084,151749,0.379373
-46.2,25.8,400000,44669,0.111672,152328,0.38082
-46.2,26,400000,45233,0.113083,152502,0.381255
-46.2,26.2,400000,44218,0.110545,151218,0.378045
-46.2,26.4,400000,44924,0.11231,151692,0.37923
-46.2,26.6,400000,44588,0.11147,151784,0.37946
-46.2,26.8,400000,44523,0.111308,151789,0.379472
-46.2,27,400000,44551,0.111378,151337,0.378343
-46.2,27.2,400000,44255,0.110637,151660,0.37915
-46.2,27.4,400000,45263,0.113157,151801,0.379503
-46.2,27.6,400000,44357,0.110893,151730,0.379325
-46.2,27.8,400000,45233,0.113083,152636,0.38159
-46.2,28,400000,44801,0.112003,151706,0.379265
-46.2,28.2,400000,44214,0.110535,151943,0.379858
-46.2,28.4,400000,44931,0.112327,152063,0.380157
-46.2,28.6,400000,45192,0.11298,151994,0.379985
-46.2,28.8,400000,44831,0.112077,151937,0.379843
-46.2,29,400000,44724,0.11181,151750,0.379375
-46.2,29.2,400000,44566,0.111415,151907,0.379767
-46.2,29.4,400000,45363,0.113407,153034,0.382585
-46.2,29.6,400000,45065,0.112662,151914,0.379785
-46.2,29.8,400000,44414,0.111035,151779,0.379447
-46.2,30,400000,45049,0.112623,152579,0.381447
-46.2,30.2,400000,44582,0.111455,151705,0.379263
-46.2,30.4,400000,45101,0.112753,152382,0.380955
-46.2,30.6,400000,45083,0.112708,152117,0.380292
-46.2,30.8,400000,44744,0.11186,151958,0.379895
-46.2,31,400000,44958,0.112395,152342,0.380855
-46.2,31.2,400000,44509,0.111272,151900,0.37975
-46.2,31.4,400000,44668,0.11167,151883,0.379707
-46.2,31.6,400000,44373,0.110933,152056,0.38014
-46.2,31.8,400000,44950,0.112375,152129,0.380323
-46.2,32,400000,44713,0.111783,151601,0.379003
-46.2,32.2,400000,44953,0.112382,151969,0.379922
-46.2,32.4,400000,44808,0.11202,151813,0.379532
-46.2,32.6,400000,44486,0.111215,152377,0.380943
-46.2,32.8,400000,45191,0.112977,151800,0.3795
-46.2,33,400000,44535,0.111338,152097,0.380242
-46.2,33.2,400000,44677,0.111693,152108,0.38027
-46.2,33.4,400000,44834,0.112085,152595,0.381487
-46.2,33.6,400000,44478,0.111195,151942,0.379855
-46.2,33.8,400000,44806,0.112015,151765,0.379412
-46.2,34,400000,44770,0.111925,151887,0.379717
-46.2,34.2,400000,44637,0.111592,152307,0.380767
-46.2,34.4,400000,44992,0.11248,151850,0.379625
-46.2,34.6,400000,45003,0.112507,152577,0.381443
-46.2,34.8,400000,44637,0.111592,152486,0.381215
-46.2,35,400000,44742,0.111855,151843,0.379607
-46.2,35.2,400000,44934,0.112335,151846,0.379615
-46.2,35.4,400000,44842,0.112105,151479,0.378698
-46.2,35.6,400000,44944,0.11236,151915,0.379788
-46.2,35.8,400000,44704,0.11176,151995,0.379987
-46.2,36,400000,44503,0.111257,151773,0.379433
-46.2,36.2,400000,44456,0.11114,151466,0.378665
-46.2,36.4,400000,44719,0.111797,151463,0.378657
-46.2,36.6,400000,44413,0.111033,151536,0.37884
-46.2,36.8,400000,44755,0.111888,151834,0.379585
-46.2,37,400000,44744,0.11186,152338,0.380845
-46.2,37.2,400000,44974,0.112435,152113,0.380283
-46.2,37.4,400000,45377,0.113443,152405,0.381012
-46.2,37.6,400000,44568,0.11142,152175,0.380437
-46.2,37.8,400000,45004,0.11251,152197,0.380493
-46.2,38,400000,44329,0.110823,152107,0.380267
-46.2,38.2,400000,44443,0.111107,151847,0.379617
-46.2,38.4,400000,44797,0.111992,151291,0.378227
-46.2,38.6,400000,44650,0.111625,151885,0.379713
-46.2,38.8,400000,45186,0.112965,152784,0.38196
-46.2,39,400000,45243,0.113107,152517,0.381292
-46.2,39.2,400000,44903,0.112257,152034,0.380085
-46.2,39.4,400000,44964,0.11241,151814,0.379535
-46.2,39.6,400000,45027,0.112568,152163,0.380408
-46.2,39.8,400000,45095,0.112738,152654,0.381635
-46.2,40,400000,44972,0.11243,151703,0.379258
-46.2,40.2,400000,44432,0.11108,151430,0.378575
-46.2,40.4,400000,45058,0.112645,152076,0.38019
-46.2,40.6,400000,44455,0.111138,151922,0.379805
-46.2,40.8,400000,45141,0.112852,152192,0.38048
-46.2,41,400000,44925,0.112312,151933,0.379833
-46.2,41.2,400000,44392,0.11098,150731,0.376827
-46.2,41.4,400000,44599,0.111497,151641,0.379103
-46.2,41.6,400000,44314,0.110785,151719,0.379298
-46.2,41.8,400000,44701,0.111753,152110,0.380275
-46.2,42,400000,44845,0.112113,151983,0.379958
-46.2,42.2,400000,45058,0.112645,152259,0.380648
-46.2,42.4,400000,44974,0.112435,152132,0.38033
-46.2,42.6,400000,44874,0.112185,152301,0.380752
-46.2,42.8,400000,44383,0.110958,151717,0.379292
-46.2,43,400000,45052,0.11263,151899,0.379748
-46.2,43.2,400000,44780,0.11195,152550,0.381375
-46.2,43.4,400000,44829,0.112073,152322,0.380805
-46.2,43.6,400000,45198,0.112995,152315,0.380788
-46.2,43.8,400000,44729,0.111823,152266,0.380665
-46.2,44,400000,44657,0.111643,152373,0.380933
-46.2,44.2,400000,44475,0.111187,152024,0.38006
-46.2,44.4,400000,44303,0.110757,152156,0.38039
-46.2,44.6,400000,44725,0.111812,151441,0.378603
-46.2,44.8,400000,45349,0.113373,152085,0.380213
-46.2,45,400000,45155,0.112888,151912,0.37978
-46.2,45.2,400000,44667,0.111668,151798,0.379495
-46.2,45.4,400000,44776,0.11194,152125,0.380312
-46.2,45.6,400000,44886,0.112215,152376,0.38094
-46.2,45.8,400000,45090,0.112725,151765,0.379412
-46.2,46,400000,44800,0.112,151287,0.378217
-46.2,46.2,400000,44670,0.111675,152014,0.380035
-46.2,46.4,400000,44991,0.112477,152308,0.38077
-46.2,46.6,400000,44930,0.112325,151801,0.379503
-46.2,46.8,400000,44663,0.111658,151797,0.379493
-46.2,47,400000,44677,0.111693,152224,0.38056
-46.2,47.2,400000,45083,0.112708,151702,0.379255
-46.2,47.4,400000,44919,0.112297,151905,0.379763
-46.2,47.6,400000,44977,0.112443,152103,0.380258
-46.2,47.8,400000,44767,0.111918,151679,0.379198
-46.2,48,400000,44703,0.111757,151402,0.378505
-46.2,48.2,400000,44738,0.111845,151921,0.379802
-46.2,48.4,400000,44561,0.111403,152193,0.380483
-46.2,48.6,400000,45400,0.1135,152302,0.380755
-46.2,48.8,400000,43935,0.109838,151712,0.37928
-46.2,49,400000,43855,0.109637,151109,0.377773
-46.2,49.2,400000,45002,0.112505,151913,0.379783
-46.2,49.4,400000,44721,0.111802,151640,0.3791
-46.2,49.6,400000,44861,0.112153,152337,0.380842
-46.2,49.8,400000,44719,0.111797,151765,0.379412
-46.2,50,400000,44399,0.110997,151965,0.379912
-46,-50,400000,44414,0.111035,152159,0.380397
-46,-49.8,400000,44979,0.112448,152172,0.38043
-46,-49.6,400000,44983,0.112458,151543,0.378858
-46,-49.4,400000,44525,0.111312,151449,0.378622
-46,-49.2,400000,44539,0.111348,151288,0.37822
-46,-49,400000,44992,0.11248,152207,0.380518
-46,-48.8,400000,44129,0.110323,151766,0.379415
-46,-48.6,400000,44561,0.111403,152636,0.38159
-46,-48.4,400000,44757,0.111893,152043,0.380107
-46,-48.2,400000,44752,0.11188,151454,0.378635
-46,-48,400000,44605,0.111513,151615,0.379038
-46,-47.8,400000,44959,0.112397,152174,0.380435
-46,-47.6,400000,44656,0.11164,151818,0.379545
-46,-47.4,400000,44800,0.112,151527,0.378817
-46,-47.2,400000,44664,0.11166,151989,0.379972
-46,-47,400000,45075,0.112687,152521,0.381302
-46,-46.8,400000,45048,0.11262,152180,0.38045
-46,-46.6,400000,44912,0.11228,152443,0.381107
-46,-46.4,400000,44867,0.112168,152478,0.381195
-46,-46.2,400000,44840,0.1121,152342,0.380855
-46,-46,400000,44817,0.112043,152081,0.380202
-46,-45.8,400000,44788,0.11197,152259,0.380648
-46,-45.6,400000,44866,0.112165,152273,0.380682
-46,-45.4,400000,44424,0.11106,152094,0.380235
-46,-45.2,400000,45186,0.112965,152147,0.380368
-46,-45,400000,44637,0.111592,151941,0.379852
-46,-44.8,400000,45071,0.112677,151980,0.37995
-46,-44.6,400000,44705,0.111763,152267,0.380667
-46,-44.4,400000,44252,0.11063,151994,0.379985
-46,-44.2,400000,45027,0.112568,152045,0.380113
-46,-44,400000,44814,0.112035,151687,0.379217
-46,-43.8,400000,45634,0.114085,152408,0.38102
-46,-43.6,400000,45061,0.112653,151933,0.379833
-46,-43.4,400000,45259,0.113147,151949,0.379873
-46,-43.2,400000,44619,0.111547,152195,0.380487
-46,-43,400000,44659,0.111647,151957,0.379893
-46,-42.8,400000,44809,0.112022,151488,0.37872
-46,-42.6,400000,44790,0.111975,152468,0.38117
-46,-42.4,400000,44905,0.112263,151803,0.379507
-46,-42.2,400000,44829,0.112073,151966,0.379915
-46,-42,400000,45111,0.112778,152704,0.38176
-46,-41.8,400000,45296,0.11324,152455,0.381138
-46,-41.6,400000,44687,0.111717,152051,0.380128
-46,-41.4,400000,44626,0.111565,152028,0.38007
-46,-41.2,400000,44647,0.111617,152074,0.380185
-46,-41,400000,44837,0.112092,152255,0.380638
-46,-40.8,400000,44689,0.111723,152321,0.380802
-46,-40.6,400000,45160,0.1129,152062,0.380155
-46,-40.4,400000,45002,0.112505,152086,0.380215
-46,-40.2,400000,44833,0.112083,151946,0.379865
-46,-40,400000,44875,0.112187,151646,0.379115
-46,-39.8,400000,45025,0.112562,153018,0.382545
-46,-39.6,400000,45348,0.11337,152351,0.380877
-46,-39.4,400000,44601,0.111503,151902,0.379755
-46,-39.2,400000,45024,0.11256,152067,0.380167
-46,-39,400000,44747,0.111867,152470,0.381175
-46,-38.8,400000,44895,0.112238,152764,0.38191
-46,-38.6,400000,44631,0.111577,151781,0.379453
-46,-38.4,400000,45092,0.11273,151873,0.379682
-46,-38.2,400000,45072,0.11268,152414,0.381035
-46,-38,400000,44653,0.111632,152090,0.380225
-46,-37.8,400000,44882,0.112205,152021,0.380053
-46,-37.6,400000,45008,0.11252,151504,0.37876
-46,-37.4,400000,44490,0.111225,152448,0.38112
-46,-37.2,400000,44511,0.111278,152462,0.381155
-46,-37,400000,44897,0.112242,151586,0.378965
-46,-36.8,400000,45149,0.112873,151919,0.379798
-46,-36.6,400000,45201,0.113003,152141,0.380352
-46,-36.4,400000,45045,0.112613,152235,0.380588
-46,-36.2,400000,44115,0.110287,151336,0.37834
-46,-36,400000,44412,0.11103,152033,0.380082
-46,-35.8,400000,44891,0.112227,152098,0.380245
-46,-35.6,400000,44633,0.111583,151654,0.379135
-46,-35.4,400000,44409,0.111022,152560,0.3814
-46,-35.2,400000,44653,0.111632,152201,0.380503
-46,-35,400000,44950,0.112375,152251,0.380628
-46,-34.8,400000,44787,0.111967,151558,0.378895
-46,-34.6,400000,45182,0.112955,152582,0.381455
-46,-34.4,400000,44895,0.112238,152057,0.380142
-46,-34.2,400000,45305,0.113263,152141,0.380352
-46,-34,400000,44536,0.11134,152071,0.380178
-46,-33.8,400000,44446,0.111115,152280,0.3807
-46,-33.6,400000,44429,0.111073,151485,0.378713
-46,-33.4,400000,44531,0.111327,151650,0.379125
-46,-33.2,400000,45033,0.112583,152618,0.381545
-46,-33,400000,44496,0.11124,151743,0.379358
-46,-32.8,400000,45049,0.112623,151846,0.379615
-46,-32.6,400000,44501,0.111253,151574,0.378935
-46,-32.4,400000,44905,0.112263,152265,0.380663
-46,-32.2,400000,44355,0.110887,151762,0.379405
-46,-32,400000,45059,0.112647,151964,0.37991
-46,-31.8,400000,45023,0.112558,152121,0.380302
-46,-31.6,400000,44790,0.111975,151892,0.37973
-46,-31.4,400000,44719,0.111797,151878,0.379695
-46,-31.2,400000,44892,0.11223,151744,0.37936
-46,-31,400000,44917,0.112293,152507,0.381267
-46,-30.8,400000,45156,0.11289,152161,0.380402
-46,-30.6,400000,44644,0.11161,151900,0.37975
-46,-30.4,400000,45099,0.112748,151733,0.379333
-46,-30.2,400000,44346,0.110865,151970,0.379925
-46,-30,400000,45049,0.112623,152154,0.380385
-46,-29.8,400000,44697,0.111742,151814,0.379535
-46,-29.6,400000,45037,0.112592,152608,0.38152
-46,-29.4,400000,45058,0.112645,151648,0.37912
-46,-29.2,400000,45195,0.112988,151944,0.37986
-46,-29,400000,44175,0.110437,151437,0.378592
-46,-28.8,400000,45173,0.112933,152783,0.381958
-46,-28.6,400000,44634,0.111585,152165,0.380412
-46,-28.4,400000,45139,0.112848,152378,0.380945
-46,-28.2,400000,45103,0.112757,152343,0.380858
-46,-28,400000,45078,0.112695,151996,0.37999
-46,-27.8,400000,45376,0.11344,152630,0.381575
-46,-27.6,400000,44498,0.111245,151753,0.379383
-46,-27.4,400000,45066,0.112665,151806,0.379515
-46,-27.2,400000,44672,0.11168,152732,0.38183
-46,-27,400000,44937,0.112342,151532,0.37883
-46,-26.8,400000,44704,0.11176,151831,0.379578
-46,-26.6,400000,44609,0.111522,151675,0.379188
-46,-26.4,400000,44833,0.112083,152283,0.380707
-46,-26.2,400000,45088,0.11272,151577,0.378943
-46,-26,400000,44836,0.11209,152694,0.381735
-46,-25.8,400000,44996,0.11249,152352,0.38088
-46,-25.6,400000,44508,0.11127,151789,0.379472
-46,-25.4,400000,45025,0.112562,152140,0.38035
-46,-25.2,400000,45126,0.112815,152171,0.380427
-46,-25,400000,45510,0.113775,152051,0.380128
-46,-24.8,400000,44868,0.11217,152106,0.380265
-46,-24.6,400000,44540,0.11135,151671,0.379178
-46,-24.4,400000,44563,0.111408,152358,0.380895
-46,-24.2,400000,45249,0.113123,152267,0.380667
-46,-24,400000,44986,0.112465,151639,0.379097
-46,-23.8,400000,45174,0.112935,152735,0.381837
-46,-23.6,400000,45171,0.112928,152205,0.380512
-46,-23.4,400000,45086,0.112715,152940,0.38235
-46,-23.2,400000,44597,0.111492,152158,0.380395
-46,-23,400000,45030,0.112575,151844,0.37961
-46,-22.8,400000,44802,0.112005,151695,0.379238
-46,-22.6,400000,45197,0.112992,152432,0.38108
-46,-22.4,400000,44951,0.112378,152225,0.380563
-46,-22.2,400000,44723,0.111808,152192,0.38048
-46,-22,400000,44647,0.111617,152113,0.380283
-46,-21.8,400000,44882,0.112205,152503,0.381258
-46,-21.6,400000,45141,0.112852,152515,0.381288
-46,-21.4,400000,44804,0.11201,152015,0.380037
-46,-21.2,400000,44938,0.112345,152264,0.38066
-46,-21,400000,44664,0.11166,152038,0.380095
-46,-20.8,400000,44860,0.11215,152828,0.38207
-46,-20.6,400000,45260,0.11315,152742,0.381855
-46,-20.4,400000,44976,0.11244,151910,0.379775
-46,-20.2,400000,44603,0.111507,151431,0.378578
-46,-20,400000,44825,0.112062,152281,0.380702
-46,-19.8,400000,44579,0.111448,151856,0.37964
-46,-19.6,400000,44541,0.111352,151977,0.379943
-46,-19.4,400000,44924,0.11231,152068,0.38017
-46,-19.2,400000,44949,0.112373,152429,0.381072
-46,-19,400000,44771,0.111927,152298,0.380745
-46,-18.8,400000,44920,0.1123,152881,0.382203
-46,-18.6,400000,45177,0.112943,152740,0.38185
-46,-18.4,400000,45469,0.113672,152893,0.382232
-46,-18.2,400000,44395,0.110988,151503,0.378758
-46,-18,400000,44429,0.111073,151883,0.379707
-46,-17.8,400000,45477,0.113693,152756,0.38189
-46,-17.6,400000,45100,0.11275,153218,0.383045
-46,-17.4,400000,44756,0.11189,152102,0.380255
-46,-17.2,400000,44987,0.112467,152167,0.380418
-46,-17,400000,45116,0.11279,152558,0.381395
-46,-16.8,400000,44731,0.111827,151979,0.379947
-46,-16.6,400000,43681,0.109202,150959,0.377397
-46,-16.4,400000,44925,0.112312,152009,0.380022
-46,-16.2,400000,44614,0.111535,152176,0.38044
-46,-16,400000,44830,0.112075,152457,0.381142
-46,-15.8,400000,44940,0.11235,152166,0.380415
-46,-15.6,400000,44573,0.111433,152113,0.380283
-46,-15.4,400000,44625,0.111562,151955,0.379887
-46,-15.2,400000,44417,0.111043,152364,0.38091
-46,-15,400000,44917,0.112293,151712,0.37928
-46,-14.8,400000,44794,0.111985,151876,0.37969
-46,-14.6,400000,45003,0.112507,152382,0.380955
-46,-14.4,400000,44914,0.112285,152566,0.381415
-46,-14.2,400000,44854,0.112135,152051,0.380128
-46,-14,400000,45273,0.113183,151648,0.37912
-46,-13.8,400000,44643,0.111607,151843,0.379607
-46,-13.6,400000,44738,0.111845,152387,0.380968
-46,-13.4,400000,44300,0.11075,151621,0.379053
-46,-13.2,400000,44647,0.111617,151768,0.37942
-46,-13,400000,44925,0.112312,152384,0.38096
-46,-12.8,400000,44234,0.110585,151802,0.379505
-46,-12.6,400000,44486,0.111215,152000,0.38
-46,-12.4,400000,44248,0.11062,151815,0.379538
-46,-12.2,400000,45098,0.112745,152192,0.38048
-46,-12,400000,45054,0.112635,152427,0.381068
-46,-11.8,400000,44591,0.111477,151994,0.379985
-46,-11.6,400000,45025,0.112562,152596,0.38149
-46,-11.4,400000,44954,0.112385,151951,0.379877
-46,-11.2,400000,45078,0.112695,152163,0.380408
-46,-11,400000,44712,0.11178,152256,0.38064
-46,-10.8,400000,44536,0.11134,151561,0.378902
-46,-10.6,400000,45025,0.112562,152335,0.380837
-46,-10.4,400000,44569,0.111422,152202,0.380505
-46,-10.2,400000,44988,0.11247,151093,0.377733
-46,-10,400000,44751,0.111878,151868,0.37967
-46,-9.8,400000,44758,0.111895,152252,0.38063
-46,-9.6,400000,44485,0.111213,152114,0.380285
-46,-9.4,400000,44924,0.11231,151892,0.37973
-46,-9.2,400000,44410,0.111025,151558,0.378895
-46,-9,400000,44937,0.112342,152263,0.380657
-46,-8.8,400000,44825,0.112062,152150,0.380375
-46,-8.6,400000,45041,0.112602,152466,0.381165
-46,-8.4,400000,44800,0.112,152308,0.38077
-46,-8.2,400000,44977,0.112443,152381,0.380953
-46,-8,400000,45003,0.112507,151702,0.379255
-46,-7.8,400000,45285,0.113212,152685,0.381713
-46,-7.6,400000,44683,0.111708,151237,0.378092
-46,-7.4,400000,44066,0.110165,152281,0.380702
-46,-7.2,400000,45046,0.112615,152459,0.381147
-46,-7,400000,44679,0.111698,151883,0.379707
-46,-6.8,400000,45057,0.112643,152182,0.380455
-46,-6.6,400000,44863,0.112157,152403,0.381007
-46,-6.4,400000,44665,0.111662,152065,0.380163
-46,-6.2,400000,44450,0.111125,150899,0.377248
-46,-6,400000,44886,0.112215,152157,0.380393
-46,-5.8,400000,44817,0.112043,151727,0.379317
-46,-5.6,400000,44751,0.111878,151862,0.379655
-46,-5.4,400000,45032,0.11258,152267,0.380667
-46,-5.2,400000,44595,0.111488,151915,0.379788
-46,-5,400000,44786,0.111965,151983,0.379958
-46,-4.8,400000,45018,0.112545,152134,0.380335
-46,-4.6,400000,45124,0.11281,152366,0.380915
-46,-4.4,400000,44689,0.111723,152267,0.380667
-46,-4.2,400000,44488,0.11122,152321,0.380802
-46,-4,400000,44658,0.111645,152075,0.380188
-46,-3.8,400000,45145,0.112863,152560,0.3814
-46,-3.6,400000,44799,0.111997,152067,0.380167
-46,-3.4,400000,45084,0.11271,151998,0.379995
-46,-3.2,400000,44971,0.112427,152164,0.38041
-46,-3,400000,44582,0.111455,151495,0.378738
-46,-2.8,400000,44589,0.111473,152206,0.380515
-46,-2.6,400000,44297,0.110742,151383,0.378458
-46,-2.4,400000,44962,0.112405,152115,0.380288
-46,-2.2,400000,44182,0.110455,152033,0.380082
-46,-2,400000,44734,0.111835,152110,0.380275
-46,-1.8,400000,44675,0.111687,152017,0.380043
-46,-1.6,400000,44514,0.111285,151889,0.379723
-46,-1.4,400000,44817,0.112043,152488,0.38122
-46,-1.2,400000,44535,0.111338,151852,0.37963
-46,-1,400000,44625,0.111562,151912,0.37978
-46,-0.8,400000,44930,0.112325,152103,0.380258
-46,-0.6,400000,44998,0.112495,152065,0.380163
-46,-0.4,400000,44717,0.111793,152175,0.380437
-46,-0.2,400000,45082,0.112705,152252,0.38063
-46,0,400000,44772,0.11193,152148,0.38037
-46,0.2,400000,44305,0.110762,151739,0.379348
-46,0.4,400000,44503,0.111257,151961,0.379902
-46,0.6,400000,44419,0.111047,151732,0.37933
-46,0.8,400000,44369,0.110922,151709,0.379273
-46,1,400000,44836,0.11209,152225,0.380563
-46,1.2,400000,44637,0.111592,151922,0.379805
-46,1.4,400000,44558,0.111395,151603,0.379007
-46,1.6,400000,44523,0.111308,152066,0.380165
-46,1.8,400000,44992,0.11248,152343,0.380858
-46,2,400000,45434,0.113585,152490,0.381225
-46,2.2,400000,44507,0.111268,152606,0.381515
-46,2.4,400000,45696,0.11424,152134,0.380335
-46,2.6,400000,45111,0.112778,152337,0.380842
-46,2.8,400000,44876,0.11219,152127,0.380317
-46,3,400000,45201,0.113003,152402,0.381005
-46,3.2,400000,44992,0.11248,152437,0.381093
-46,3.4,400000,44337,0.110842,151626,0.379065
-46,3.6,400000,44594,0.111485,151929,0.379823
-46,3.8,400000,44639,0.111598,151791,0.379478
-46,4,400000,45074,0.112685,152407,0.381018
-46,4.2,400000,44935,0.112338,152181,0.380453
-46,4.4,400000,44683,0.111708,151207,0.378018
-46,4.6,400000,45032,0.11258,152270,0.380675
-46,4.8,400000,44644,0.11161,152170,0.380425
-46,5,400000,44688,0.11172,151587,0.378968
-46,5.2,400000,44752,0.11188,152280,0.3807
-46,5.4,400000,44445,0.111113,152065,0.380163
-46,5.6,400000,45324,0.11331,151834,0.379585
-46,5.8,400000,45156,0.11289,151946,0.379865
-46,6,400000,45030,0.112575,152098,0.380245
-46,6.2,400000,44526,0.111315,152145,0.380362
-46,6.4,400000,45153,0.112882,152271,0.380678
-46,6.6,400000,44489,0.111223,151459,0.378648
-46,6.8,400000,44958,0.112395,152815,0.382037
-46,7,400000,44907,0.112268,151623,0.379057
-46,7.2,400000,45058,0.112645,152078,0.380195
-46,7.4,400000,44830,0.112075,152090,0.380225
-46,7.6,400000,44466,0.111165,151845,0.379613
-46,7.8,400000,44816,0.11204,152279,0.380698
-46,8,400000,44661,0.111653,151785,0.379462
-46,8.2,400000,44148,0.11037,151548,0.37887
-46,8.4,400000,44860,0.11215,151920,0.3798
-46,8.6,400000,44627,0.111568,151826,0.379565
-46,8.8,400000,44533,0.111333,151945,0.379862
-46,9,400000,44593,0.111482,151804,0.37951
-46,9.2,400000,45088,0.11272,152141,0.380352
-46,9.4,400000,44804,0.11201,152539,0.381348
-46,9.6,400000,44333,0.110833,152005,0.380012
-46,9.8,400000,45221,0.113053,151791,0.379478
-46,10,400000,44853,0.112132,152607,0.381518
-46,10.2,400000,44766,0.111915,152365,0.380912
-46,10.4,400000,45026,0.112565,151633,0.379082
-46,10.6,400000,44529,0.111323,151701,0.379252
-46,10.8,400000,44781,0.111952,152171,0.380427
-46,11,400000,45141,0.112852,152596,0.38149
-46,11.2,400000,44785,0.111963,151428,0.37857
-46,11.4,400000,44968,0.11242,152579,0.381447
-46,11.6,400000,44642,0.111605,151906,0.379765
-46,11.8,400000,45515,0.113787,152393,0.380983
-46,12,400000,45075,0.112687,152046,0.380115
-46,12.2,400000,45020,0.11255,152049,0.380122
-46,12.4,400000,45012,0.11253,152012,0.38003
-46,12.6,400000,44504,0.11126,151685,0.379213
-46,12.8,400000,45022,0.112555,151940,0.37985
-46,13,400000,44557,0.111393,151254,0.378135
-46,13.2,400000,45051,0.112628,152298,0.380745
-46,13.4,400000,45121,0.112802,152679,0.381698
-46,13.6,400000,44833,0.112083,152481,0.381202
-46,13.8,400000,44603,0.111507,151943,0.379858
-46,14,400000,45029,0.112573,152575,0.381437
-46,14.2,400000,44457,0.111143,152060,0.38015
-46,14.4,400000,44400,0.111,151300,0.37825
-46,14.6,400000,45073,0.112683,152283,0.380707
-46,14.8,400000,44550,0.111375,152322,0.380805
-46,15,400000,44791,0.111977,152217,0.380543
-46,15.2,400000,45156,0.11289,152123,0.380308
-46,15.4,400000,44908,0.11227,152201,0.380503
-46,15.6,400000,44742,0.111855,151742,0.379355
-46,15.8,400000,44891,0.112227,152541,0.381352
-46,16,400000,44639,0.111598,151917,0.379792
-46,16.2,400000,44494,0.111235,152260,0.38065
-46,16.4,400000,44868,0.11217,151574,0.378935
-46,16.6,400000,45097,0.112742,152575,0.381437
-46,16.8,400000,44793,0.111982,152226,0.380565
-46,17,400000,44792,0.11198,151643,0.379107
-46,17.2,400000,44926,0.112315,151837,0.379592
-46,17.4,400000,44233,0.110583,151640,0.3791
-46,17.6,400000,45132,0.11283,152435,0.381088
-46,17.8,400000,44592,0.11148,152300,0.38075
-46,18,400000,44985,0.112463,152047,0.380117
-46,18.2,400000,44981,0.112452,151862,0.379655
-46,18.4,400000,44962,0.112405,151557,0.378893
-46,18.6,400000,45149,0.112873,152138,0.380345
-46,18.8,400000,44862,0.112155,151818,0.379545
-46,19,400000,44662,0.111655,151673,0.379182
-46,19.2,400000,44682,0.111705,151907,0.379767
-46,19.4,400000,45079,0.112698,152293,0.380732
-46,19.6,400000,44336,0.11084,151448,0.37862
-46,19.8,400000,44768,0.11192,152010,0.380025
-46,20,400000,45205,0.113013,152574,0.381435
-46,20.2,400000,44758,0.111895,151808,0.37952
-46,20.4,400000,44934,0.112335,152398,0.380995
-46,20.6,400000,45013,0.112532,151855,0.379638
-46,20.8,400000,45038,0.112595,151943,0.379858
-46,21,400000,45074,0.112685,152275,0.380688
-46,21.2,400000,45161,0.112903,152550,0.381375
-46,21.4,400000,44701,0.111753,152086,0.380215
-46,21.6,400000,44784,0.11196,151554,0.378885
-46,21.8,400000,44584,0.11146,152375,0.380937
-46,22,400000,44645,0.111613,152143,0.380358
-46,22.2,400000,45038,0.112595,152050,0.380125
-46,22.4,400000,44806,0.112015,151770,0.379425
-46,22.6,400000,44219,0.110548,151597,0.378993
-46,22.8,400000,44598,0.111495,151338,0.378345
-46,23,400000,45028,0.11257,152254,0.380635
-46,23.2,400000,44818,0.112045,152217,0.380543
-46,23.4,400000,44692,0.11173,152099,0.380248
-46,23.6,400000,44569,0.111422,152523,0.381308
-46,23.8,400000,45111,0.112778,152787,0.381968
-46,24,400000,45653,0.114132,152872,0.38218
-46,24.2,400000,44718,0.111795,151560,0.3789
-46,24.4,400000,44612,0.11153,151810,0.379525
-46,24.6,400000,44747,0.111867,151389,0.378472
-46,24.8,400000,45102,0.112755,152337,0.380842
-46,25,400000,44958,0.112395,151920,0.3798
-46,25.2,400000,44759,0.111897,151392,0.37848
-46,25.4,400000,44913,0.112282,152582,0.381455
-46,25.6,400000,44740,0.11185,152094,0.380235
-46,25.8,400000,44448,0.11112,151683,0.379207
-46,26,400000,44414,0.111035,151804,0.37951
-46,26.2,400000,45046,0.112615,152275,0.380688
-46,26.4,400000,44224,0.11056,151575,0.378937
-46,26.6,400000,45041,0.112602,151829,0.379572
-46,26.8,400000,44674,0.111685,152116,0.38029
-46,27,400000,44133,0.110333,151875,0.379688
-46,27.2,400000,44600,0.1115,152490,0.381225
-46,27.4,400000,44775,0.111937,151857,0.379642
-46,27.6,400000,44760,0.1119,152474,0.381185
-46,27.8,400000,44471,0.111177,152400,0.381
-46,28,400000,45111,0.112778,152364,0.38091
-46,28.2,400000,44422,0.111055,152105,0.380263
-46,28.4,400000,44547,0.111367,151436,0.37859
-46,28.6,400000,44678,0.111695,151836,0.37959
-46,28.8,400000,44011,0.110028,151819,0.379547
-46,29,400000,44954,0.112385,152362,0.380905
-46,29.2,400000,44986,0.112465,152032,0.38008
-46,29.4,400000,44990,0.112475,151576,0.37894
-46,29.6,400000,44853,0.112132,151974,0.379935
-46,29.8,400000,45510,0.113775,152641,0.381603
-46,30,400000,44708,0.11177,152735,0.381837
-46,30.2,400000,44480,0.1112,151946,0.379865
-46,30.4,400000,44418,0.111045,152173,0.380433
-46,30.6,400000,44969,0.112422,151830,0.379575
-46,30.8,400000,45050,0.112625,152407,0.381018
-46,31,400000,45000,0.1125,152073,0.380182
-46,31.2,400000,44973,0.112433,152095,0.380238
-46,31.4,400000,45028,0.11257,151530,0.378825
-46,31.6,400000,44558,0.111395,151765,0.379412
-46,31.8,400000,44921,0.112302,152289,0.380723
-46,32,400000,45217,0.113043,152099,0.380248
-46,32.2,400000,44248,0.11062,151461,0.378653
-46,32.4,400000,44714,0.111785,152034,0.380085
-46,32.6,400000,44486,0.111215,151403,0.378507
-46,32.8,400000,44342,0.110855,151842,0.379605
-46,33,400000,44787,0.111967,151886,0.379715
-46,33.2,400000,44958,0.112395,151862,0.379655
-46,33.4,400000,44804,0.11201,152479,0.381198
-46,33.6,400000,44938,0.112345,151598,0.378995
-46,33.8,400000,44472,0.11118,151957,0.379893
-46,34,400000,44587,0.111467,152391,0.380978
-46,34.2,400000,44770,0.111925,151869,0.379673
-46,34.4,400000,45291,0.113227,152958,0.382395
-46,34.6,400000,44851,0.112128,152326,0.380815
-46,34.8,400000,44626,0.111565,152574,0.381435
-46,35,400000,44672,0.11168,152240,0.3806
-46,35.2,400000,44666,0.111665,152172,0.38043
-46,35.4,400000,44754,0.111885,151631,0.379078
-46,35.6,400000,44775,0.111937,152796,0.38199
-46,35.8,400000,45187,0.112967,152416,0.38104
-46,36,400000,44686,0.111715,152139,0.380348
-46,36.2,400000,44722,0.111805,152018,0.380045
-46,36.4,400000,44906,0.112265,151822,0.379555
-46,36.6,400000,44629,0.111573,151944,0.37986
-46,36.8,400000,45315,0.113287,152715,0.381788
-46,37,400000,44723,0.111808,152155,0.380387
-46,37.2,400000,44768,0.11192,152105,0.380263
-46,37.4,400000,44558,0.111395,151918,0.379795
-46,37.6,400000,44475,0.111187,152272,0.38068
-46,37.8,400000,44774,0.111935,151725,0.379312
-46,38,400000,44664,0.11166,151957,0.379893
-46,38.2,400000,44871,0.112177,151446,0.378615
-46,38.4,400000,44747,0.111867,151931,0.379827
-46,38.6,400000,45418,0.113545,152064,0.38016
-46,38.8,400000,44732,0.11183,151731,0.379327
-46,39,400000,45239,0.113098,152635,0.381588
-46,39.2,400000,44872,0.11218,151574,0.378935
-46,39.4,400000,45052,0.11263,151834,0.379585
-46,39.6,400000,44693,0.111732,152057,0.380142
-46,39.8,400000,44940,0.11235,152507,0.381267
-46,40,400000,44818,0.112045,151873,0.379682
-46,40.2,400000,44437,0.111092,151799,0.379497
-46,40.4,400000,44657,0.111643,151870,0.379675
-46,40.6,400000,44206,0.110515,151831,0.379578
-46,40.8,400000,44915,0.112287,152104,0.38026
-46,41,400000,44741,0.111852,152048,0.38012
-46,41.2,400000,44326,0.110815,151387,0.378468
-46,41.4,400000,44968,0.11242,151869,0.379673
-46,41.6,400000,44500,0.11125,152142,0.380355
-46,41.8,400000,44931,0.112327,151679,0.379198
-46,42,400000,44680,0.1117,152358,0.380895
-46,42.2,400000,44546,0.111365,151894,0.379735
-46,42.4,400000,44732,0.11183,151622,0.379055
-46,42.6,400000,44771,0.111927,151923,0.379808
-46,42.8,400000,44489,0.111223,151892,0.37973
-46,43,400000,45191,0.112977,152366,0.380915
-46,43.2,400000,45149,0.112873,152659,0.381647
-46,43.4,400000,44772,0.11193,151750,0.379375
-46,43.6,400000,44980,0.11245,152201,0.380503
-46,43.8,400000,44739,0.111848,152031,0.380078
-46,44,400000,45204,0.11301,152724,0.38181
-46,44.2,400000,44542,0.111355,152181,0.380453
-46,44.4,400000,44452,0.11113,151724,0.37931
-46,44.6,400000,44687,0.111717,152064,0.38016
-46,44.8,400000,44989,0.112473,152021,0.380053
-46,45,400000,44588,0.11147,151678,0.379195
-46,45.2,400000,44974,0.112435,151717,0.379292
-46,45.4,400000,45260,0.11315,152024,0.38006
-46,45.6,400000,44989,0.112473,152133,0.380333
-46,45.8,400000,45046,0.112615,151793,0.379483
-46,46,400000,45141,0.112852,152193,0.380483
-46,46.2,400000,44524,0.11131,151970,0.379925
-46,46.4,400000,44872,0.11218,152450,0.381125
-46,46.6,400000,44699,0.111747,151764,0.37941
-46,46.8,400000,44856,0.11214,152283,0.380707
-46,47,400000,45130,0.112825,151876,0.37969
-46,47.2,400000,44366,0.110915,151388,0.37847
-46,47.4,400000,45332,0.11333,151828,0.37957
-46,47.6,400000,44516,0.11129,152718,0.381795
-46,47.8,400000,44829,0.112073,151769,0.379422
-46,48,400000,45098,0.112745,152631,0.381578
-46,48.2,400000,44758,0.111895,151972,0.37993
-46,48.4,400000,44428,0.11107,151945,0.379862
-46,48.6,400000,45187,0.112967,152340,0.38085
-46,48.8,400000,44679,0.111698,152021,0.380053
-46,49,400000,45056,0.11264,152569,0.381422
-46,49.2,400000,44547,0.111367,151636,0.37909
-46,49.4,400000,44799,0.111997,151785,0.379462
-46,49.6,400000,44807,0.112018,152170,0.380425
-46,49.8,400000,44510,0.111275,151357,0.378393
-46,50,400000,45032,0.11258,152014,0.380035
-45.8,-50,400000,44995,0.112488,152258,0.380645
-45.8,-49.8,400000,44344,0.11086,151689,0.379223
-45.8,-49.6,400000,44357,0.110893,151592,0.37898
-45.8,-49.4,400000,44713,0.111783,152216,0.38054
-45.8,-49.2,400000,44703,0.111757,151503,0.378758
-45.8,-49,400000,44762,0.111905,152436,0.38109
-45.8,-48.8,400000,44367,0.110918,152091,0.380227
-45.8,-48.6,400000,45143,0.112857,151801,0.379503
-45.8,-48.4,400000,43972,0.10993,151938,0.379845
-45.8,-48.2,400000,44916,0.11229,152159,0.380397
-45.8,-48,400000,45253,0.113132,152092,0.38023
-45.8,-47.8,400000,44820,0.11205,152110,0.380275
-45.8,-47.6,400000,44747,0.111867,152113,0.380283
-45.8,-47.4,400000,44594,0.111485,152215,0.380537
-45.8,-47.2,400000,45042,0.112605,152378,0.380945
-45.8,-47,400000,44510,0.111275,152176,0.38044
-45.8,-46.8,400000,44688,0.11172,152040,0.3801
-45.8,-46.6,400000,45134,0.112835,152248,0.38062
-45.8,-46.4,400000,44317,0.110793,151687,0.379217
-45.8,-46.2,400000,44980,0.11245,152067,0.380167
-45.8,-46,400000,44754,0.111885,152019,0.380047
-45.8,-45.8,400000,44942,0.112355,152807,0.382018
-45.8,-45.6,400000,44616,0.11154,151998,0.379995
-45.8,-45.4,400000,44568,0.11142,151895,0.379738
-45.8,-45.2,400000,45042,0.112605,152038,0.380095
-45.8,-45,400000,44559,0.111397,151580,0.37895
-45.8,-44.8,400000,45271,0.113178,152879,0.382198
-45.8,-44.6,400000,44375,0.110937,152268,0.38067
-45.8,-44.4,400000,44861,0.112153,151298,0.378245
-45.8,-44.2,400000,45125,0.112812,152759,0.381898
-45.8,-44,400000,44941,0.112352,151644,0.37911
-45.8,-43.8,400000,44522,0.111305,151421,0.378553
-45.8,-43.6,400000,44527,0.111317,151869,0.379673
-45.8,-43.4,400000,44537,0.111342,152212,0.38053
-45.8,-43.2,400000,44667,0.111668,152520,0.3813
-45.8,-43,400000,44914,0.112285,152499,0.381248
-45.8,-42.8,400000,45225,0.113062,152617,0.381543
-45.8,-42.6,400000,44524,0.11131,152238,0.380595
-45.8,-42.4,400000,44841,0.112102,151733,0.379333
-45.8,-42.2,400000,44581,0.111452,151963,0.379908
-45.8,-42,400000,44800,0.112,152321,0.380802
-45.8,-41.8,400000,44459,0.111147,152152,0.38038
-45.8,-41.6,400000,44847,0.112117,151776,0.37944
-45.8,-41.4,400000,44706,0.111765,151665,0.379163
-45.8,-41.2,400000,44885,0.112213,151634,0.379085
-45.8,-41,400000,44556,0.11139,151794,0.379485
-45.8,-40.8,400000,44807,0.112018,152135,0.380337
-45.8,-40.6,400000,45096,0.11274,152516,0.38129
-45.8,-40.4,400000,44444,0.11111,151302,0.378255
-45.8,-40.2,400000,44862,0.112155,152155,0.380387
-45.8,-40,400000,45108,0.11277,151908,0.37977
-45.8,-39.8,400000,44877,0.112193,152281,0.380702
-45.8,-39.6,400000,44989,0.112473,151785,0.379462
-45.8,-39.4,400000,44920,0.1123,152489,0.381223
-45.8,-39.2,400000,43996,0.10999,151229,0.378072
-45.8,-39,400000,44421,0.111052,151456,0.37864
-45.8,-38.8,400000,44841,0.112102,152389,0.380972
-45.8,-38.6,400000,44788,0.11197,152020,0.38005
-45.8,-38.4,400000,45264,0.11316,152662,0.381655
-45.8,-38.2,400000,44972,0.11243,152118,0.380295
-45.8,-38,400000,44999,0.112498,152116,0.38029
-45.8,-37.8,400000,44840,0.1121,151906,0.379765
-45.8,-37.6,400000,44292,0.11073,151312,0.37828
-45.8,-37.4,400000,44841,0.112102,151734,0.379335
-45.8,-37.2,400000,44513,0.111283,151586,0.378965
-45.8,-37,400000,44914,0.112285,152088,0.38022
-45.8,-36.8,400000,44310,0.110775,151727,0.379317
-45.8,-36.6,400000,44548,0.11137,151312,0.37828
-45.8,-36.4,400000,44933,0.112333,151929,0.379823
-45.8,-36.2,400000,44485,0.111213,151400,0.3785
-45.8,-36,400000,45131,0.112827,152490,0.381225
-45.8,-35.8,400000,45147,0.112867,152458,0.381145
-45.8,-35.6,400000,45646,0.114115,152539,0.381348
-45.8,-35.4,400000,44798,0.111995,152299,0.380748
-45.8,-35.2,400000,44824,0.11206,152343,0.380858
-45.8,-35,400000,45252,0.11313,152041,0.380103
-45.8,-34.8,400000,44918,0.112295,152519,0.381298
-45.8,-34.6,400000,44750,0.111875,151681,0.379202
-45.8,-34.4,400000,45203,0.113007,151966,0.379915
-45.8,-34.2,400000,45115,0.112787,152394,0.380985
-45.8,-34,400000,45248,0.11312,152398,0.380995
-45.8,-33.8,400000,45398,0.113495,152355,0.380887
-45.8,-33.6,400000,44784,0.11196,151987,0.379968
-45.8,-33.4,400000,44867,0.112168,150809,0.377022
-45.8,-33.2,400000,44797,0.111992,152009,0.380022
-45.8,-33,400000,44848,0.11212,152747,0.381868
-45.8,-32.8,400000,45037,0.112592,151478,0.378695
-45.8,-32.6,400000,45244,0.11311,152066,0.380165
-45.8,-32.4,400000,44816,0.11204,151596,0.37899
-45.8,-32.2,400000,44241,0.110603,151411,0.378528
-45.8,-32,400000,45091,0.112727,152322,0.380805
-45.8,-31.8,400000,44793,0.111982,151811,0.379528
-45.8,-31.6,400000,44907,0.112268,152364,0.38091
-45.8,-31.4,400000,44736,0.11184,151560,0.3789
-45.8,-31.2,400000,44963,0.112407,151651,0.379128
-45.8,-31,400000,44866,0.112165,151562,0.378905
-45.8,-30.8,400000,45022,0.112555,152012,0.38003
-45.8,-30.6,400000,44794,0.111985,152351,0.380877
-45.8,-30.4,400000,44686,0.111715,152054,0.380135
-45.8,-30.2,400000,44541,0.111352,151751,0.379377
-45.8,-30,400000,45550,0.113875,153062,0.382655
-45.8,-29.8,400000,44772,0.11193,152108,0.38027
-45.8,-29.6,400000,44870,0.112175,152669,0.381673
-45.8,-29.4,400000,44885,0.112213,152129,0.380323
-45.8,-29.2,400000,44587,0.111467,151423,0.378557
-45.8,-29,400000,44849,0.112122,151679,0.379198
-45.8,-28.8,400000,45459,0.113647,152389,0.380972
-45.8,-28.6,400000,44689,0.111723,151759,0.379397
-45.8,-28.4,400000,44726,0.111815,152041,0.380103
-45.8,-28.2,400000,44988,0.11247,151901,0.379752
-45.8,-28,400000,44959,0.112397,152282,0.380705
-45.8,-27.8,400000,44630,0.111575,151913,0.379783
-45.8,-27.6,400000,44693,0.111732,151926,0.379815
-45.8,-27.4,400000,44906,0.112265,152423,0.381057
-45.8,-27.2,400000,44704,0.11176,151267,0.378167
-45.8,-27,400000,44635,0.111588,151512,0.37878
-45.8,-26.8,400000,44787,0.111967,152343,0.380858
-45.8,-26.6,400000,44845,0.112113,152548,0.38137
-45.8,-26.4,400000,44951,0.112378,152017,0.380043
-45.8,-26.2,400000,44749,0.111872,151627,0.379068
-45.8,-26,400000,45085,0.112712,151522,0.378805
-45.8,-25.8,400000,44740,0.11185,151709,0.379273
-45.8,-25.6,400000,45265,0.113162,151809,0.379522
-45.8,-25.4,400000,45283,0.113208,152144,0.38036
-45.8,-25.2,400000,44856,0.11214,151915,0.379788
-45.8,-25,400000,44325,0.110812,151932,0.37983
-45.8,-24.8,400000,44970,0.112425,152392,0.38098
-45.8,-24.6,400000,45159,0.112897,152309,0.380773
-45.8,-24.4,400000,44520,0.1113,151874,0.379685
-45.8,-24.2,400000,44402,0.111005,151956,0.37989
-45.8,-24,400000,44839,0.112098,152226,0.380565
-45.8,-23.8,400000,45080,0.1127,151862,0.379655
-45.8,-23.6,400000,44951,0.112378,151680,0.3792
-45.8,-23.4,400000,44846,0.112115,151741,0.379352
-45.8,-23.2,400000,44946,0.112365,151796,0.37949
-45.8,-23,400000,44713,0.111783,152198,0.380495
-45.8,-22.8,400000,44835,0.112088,152007,0.380018
-45.8,-22.6,400000,44817,0.112043,152176,0.38044
-45.8,-22.4,400000,45196,0.11299,151887,0.379717
-45.8,-22.2,400000,44431,0.111077,152025,0.380063
-45.8,-22,400000,44621,0.111552,151606,0.379015
-45.8,-21.8,400000,44695,0.111738,152174,0.380435
-45.8,-21.6,400000,44638,0.111595,152127,0.380317
-45.8,-21.4,400000,44809,0.112022,152446,0.381115
-45.8,-21.2,400000,44999,0.112498,151757,0.379393
-45.8,-21,400000,44905,0.112263,152415,0.381037
-45.8,-20.8,400000,45015,0.112537,152242,0.380605
-45.8,-20.6,400000,44956,0.11239,152142,0.380355
-45.8,-20.4,400000,44443,0.111107,152416,0.38104
-45.8,-20.2,400000,44799,0.111997,151699,0.379248
-45.8,-20,400000,45069,0.112672,152101,0.380252
-45.8,-19.8,400000,44638,0.111595,152133,0.380333
-45.8,-19.6,400000,44996,0.11249,152311,0.380777
-45.8,-19.4,400000,44834,0.112085,152608,0.38152
-45.8,-19.2,400000,44670,0.111675,152124,0.38031
-45.8,-19,400000,44704,0.11176,152290,0.380725
-45.8,-18.8,400000,44358,0.110895,152127,0.380317
-45.8,-18.6,400000,45087,0.112717,152160,0.3804
-45.8,-18.4,400000,44984,0.11246,152817,0.382043
-45.8,-18.2,400000,44701,0.111753,151689,0.379223
-45.8,-18,400000,45208,0.11302,152109,0.380273
-45.8,-17.8,400000,44857,0.112143,151053,0.377632
-45.8,-17.6,400000,44670,0.111675,152002,0.380005
-45.8,-17.4,400000,44980,0.11245,152353,0.380883
-45.8,-17.2,400000,45190,0.112975,152608,0.38152
-45.8,-17,400000,44907,0.112268,151734,0.379335
-45.8,-16.8,400000,45148,0.11287,151725,0.379312
-45.8,-16.6,400000,44589,0.111473,152275,0.380688
-45.8,-16.4,400000,44393,0.110982,152350,0.380875
-45.8,-16.2,400000,44631,0.111577,151982,0.379955
-45.8,-16,400000,44833,0.112083,152149,0.380373
-45.8,-15.8,400000,44583,0.111458,152228,0.38057
-45.8,-15.6,400000,45032,0.11258,152513,0.381283
-45.8,-15.4,400000,44935,0.112338,151834,0.379585
-45.8,-15.2,400000,44437,0.111092,151632,0.37908
-45.8,-15,400000,44868,0.11217,151462,0.378655
-45.8,-14.8,400000,45045,0.112613,152164,0.38041
-45.8,-14.6,400000,44861,0.112153,152239,0.380597
-45.8,-14.4,400000,45056,0.11264,152463,0.381157
-45.8,-14.2,400000,44802,0.112005,152354,0.380885
-45.8,-14,400000,44912,0.11228,152580,0.38145
-45.8,-13.8,400000,44315,0.110787,152119,0.380298
-45.8,-13.6,400000,45153,0.112882,152431,0.381078
-45.8,-13.4,400000,44692,0.11173,152556,0.38139
-45.8,-13.2,400000,44965,0.112412,152279,0.380698
-45.8,-13,400000,44286,0.110715,151845,0.379613
-45.8,-12.8,400000,44414,0.111035,152031,0.380078
-45.8,-12.6,400000,45277,0.113193,152270,0.380675
-45.8,-12.4,400000,44864,0.11216,152341,0.380852
-45.8,-12.2,400000,45267,0.113168,152224,0.38056
-45.8,-12,400000,44811,0.112028,151878,0.379695
-45.8,-11.8,400000,44637,0.111592,152352,0.38088
-45.8,-11.6,400000,44239,0.110598,151959,0.379897
-45.8,-11.4,400000,44674,0.111685,152619,0.381547
-45.8,-11.2,400000,44775,0.111937,152276,0.38069
-45.8,-11,400000,44610,0.111525,151957,0.379893
-45.8,-10.8,400000,44527,0.111317,151660,0.37915
-45.8,-10.6,400000,45183,0.112958,152420,0.38105
-45.8,-10.4,400000,44575,0.111437,152105,0.380263
-45.8,-10.2,400000,44946,0.112365,152205,0.380512
-45.8,-10,400000,45149,0.112873,152450,0.381125
-45.8,-9.8,400000,45094,0.112735,152860,0.38215
-45.8,-9.6,400000,45460,0.11365,152349,0.380873
-45.8,-9.4,400000,45330,0.113325,152426,0.381065
-45.8,-9.2,400000,44711,0.111778,152138,0.380345
-45.8,-9,400000,45025,0.112562,152130,0.380325
-45.8,-8.8,400000,44259,0.110647,151548,0.37887
-45.8,-8.6,400000,44203,0.110507,151839,0.379597
-45.8,-8.4,400000,44543,0.111357,152009,0.380022
-45.8,-8.2,400000,45149,0.112873,152443,0.381107
-45.8,-8,400000,44366,0.110915,151930,0.379825
-45.8,-7.8,400000,44805,0.112013,152634,0.381585
-45.8,-7.6,400000,44467,0.111168,152007,0.380018
-45.8,-7.4,400000,45292,0.11323,152201,0.380503
-45.8,-7.2,400000,44576,0.11144,152096,0.38024
-45.8,-7,400000,44444,0.11111,151654,0.379135
-45.8,-6.8,400000,44700,0.11175,152135,0.380337
-45.8,-6.6,400000,44645,0.111613,152010,0.380025
-45.8,-6.4,400000,44604,0.11151,152017,0.380043
-45.8,-6.2,400000,44961,0.112403,151921,0.379802
-45.8,-6,400000,45125,0.112812,152112,0.38028
-45.8,-5.8,400000,44826,0.112065,151725,0.379312
-45.8,-5.6,400000,44403,0.111007,152215,0.380537
-45.8,-5.4,400000,44787,0.111967,152057,0.380142
-45.8,-5.2,400000,45409,0.113522,152601,0.381503
-45.8,-5,400000,45230,0.113075,152192,0.38048
-45.8,-4.8,400000,44673,0.111683,152357,0.380893
-45.8,-4.6,400000,45229,0.113073,152366,0.380915
-45.8,-4.4,400000,45121,0.112802,152880,0.3822
-45.8,-4.2,400000,44713,0.111783,152142,0.380355
-45.8,-4,400000,45272,0.11318,152610,0.381525
-45.8,-3.8,400000,44812,0.11203,152032,0.38008
-45.8,-3.6,400000,44739,0.111848,152732,0.38183
-45.8,-3.4,400000,45297,0.113242,152112,0.38028
-45.8,-3.2,400000,44734,0.111835,151837,0.379592
-45.8,-3,400000,44980,0.11245,152469,0.381173
-45.8,-2.8,400000,45154,0.112885,152027,0.380068
-45.8,-2.6,400000,44714,0.111785,151745,0.379362
-45.8,-2.4,400000,44248,0.11062,151686,0.379215
-45.8,-2.2,400000,44652,0.11163,153026,0.382565
-45.8,-2,400000,44851,0.112128,152323,0.380808
-45.8,-1.8,400000,44715,0.111787,152098,0.380245
-45.8,-1.6,400000,45252,0.11313,152615,0.381537
-45.8,-1.4,400000,44488,0.11122,151795,0.379487
-45.8,-1.2,400000,44783,0.111958,151981,0.379953
-45.8,-1,400000,45172,0.11293,152413,0.381032
-45.8,-0.8,400000,45180,0.11295,152053,0.380132
-45.8,-0.6,400000,45157,0.112893,152772,0.38193
-45.8,-0.4,400000,45384,0.11346,151920,0.3798
-45.8,-0.2,400000,45080,0.1127,152236,0.38059
-45.8,0,400000,45074,0.112685,152064,0.38016
-45.8,0.2,400000,44361,0.110903,151993,0.379983
-45.8,0.4,400000,44402,0.111005,152560,0.3814
-45.8,0.6,400000,44762,0.111905,152382,0.380955
-45.8,0.8,400000,44991,0.112477,152437,0.381093
-45.8,1,400000,45166,0.112915,152218,0.380545
-45.8,1.2,400000,44933,0.112333,151909,0.379773
-45.8,1.4,400000,44263,0.110658,151949,0.379873
-45.8,1.6,400000,44701,0.111753,151945,0.379862
-45.8,1.8,400000,45274,0.113185,152730,0.381825
-45.8,2,400000,44754,0.111885,151827,0.379568
-45.8,2.2,400000,44287,0.110717,151908,0.37977
-45.8,2.4,400000,44868,0.11217,152283,0.380707
-45.8,2.6,400000,45306,0.113265,152634,0.381585
-45.8,2.8,400000,45001,0.112503,152188,0.38047
-45.8,3,400000,44902,0.112255,152480,0.3812
-45.8,3.2,400000,44992,0.11248,152908,0.38227
-45.8,3.4,400000,44487,0.111217,151735,0.379337
-45.8,3.6,400000,44998,0.112495,152386,0.380965
-45.8,3.8,400000,44390,0.110975,152119,0.380298
-45.8,4,400000,45029,0.112573,152349,0.380873
-45.8,4.2,400000,44953,0.112382,152445,0.381113
-45.8,4.4,400000,44285,0.110713,151296,0.37824
-45.8,4.6,400000,44995,0.112488,152441,0.381103
-45.8,4.8,400000,44997,0.112492,152460,0.38115
-45.8,5,400000,44416,0.11104,151752,0.37938
-45.8,5.2,400000,45053,0.112632,151752,0.37938
-45.8,5.4,400000,44826,0.112065,151787,0.379468
-45.8,5.6,400000,44421,0.111052,151310,0.378275
-45.8,5.8,400000,44640,0.1116,152362,0.380905
-45.8,6,400000,44858,0.112145,151538,0.378845
-45.8,6.2,400000,45398,0.113495,152750,0.381875
-45.8,6.4,400000,44936,0.11234,151672,0.37918
-45.8,6.6,400000,44374,0.110935,152096,0.38024
-45.8,6.8,400000,44775,0.111937,151696,0.37924
-45.8,7,400000,45068,0.11267,151713,0.379283
-45.8,7.2,400000,44987,0.112467,152106,0.380265
-45.8,7.4,400000,44758,0.111895,152010,0.380025
-45.8,7.6,400000,44514,0.111285,151949,0.379873
-45.8,7.8,400000,44866,0.112165,152645,0.381613
-45.8,8,400000,44827,0.112068,152146,0.380365
-45.8,8.2,400000,44985,0.112463,152198,0.380495
-45.8,8.4,400000,44944,0.11236,151809,0.379522
-45.8,8.6,400000,44856,0.11214,152530,0.381325
-45.8,8.8,400000,45136,0.11284,152094,0.380235
-45.8,9,400000,44439,0.111098,151568,0.37892
-45.8,9.2,400000,44801,0.112003,152204,0.38051
-45.8,9.4,400000,45177,0.112943,152555,0.381387
-45.8,9.6,400000,45018,0.112545,152078,0.380195
-45.8,9.8,400000,45025,0.112562,152478,0.381195
-45.8,10,400000,44694,0.111735,152420,0.38105
-45.8,10.2,400000,45132,0.11283,151926,0.379815
-45.8,10.4,400000,45185,0.112962,152577,0.381443
-45.8,10.6,400000,44763,0.111907,152309,0.380773
-45.8,10.8,400000,44433,0.111083,151851,0.379628
-45.8,11,400000,44633,0.111583,152302,0.380755
-45.8,11.2,400000,45047,0.112617,152439,0.381097
-45.8,11.4,400000,44391,0.110978,151848,0.37962
-45.8,11.6,400000,44842,0.112105,152142,0.380355
-45.8,11.8,400000,44889,0.112223,152363,0.380908
-45.8,12,400000,44903,0.112257,151421,0.378553
-45.8,12.2,400000,44757,0.111893,152618,0.381545
-45.8,12.4,400000,45132,0.11283,152210,0.380525
-45.8,12.6,400000,45007,0.112518,152196,0.38049
-45.8,12.8,400000,45293,0.113232,152292,0.38073
-45.8,13,400000,44767,0.111918,152319,0.380798
-45.8,13.2,400000,44302,0.110755,151515,0.378787
-45.8,13.4,400000,44267,0.110668,152019,0.380047
-45.8,13.6,400000,44964,0.11241,152468,0.38117
-45.8,13.8,400000,45167,0.112918,152540,0.38135
-45.8,14,400000,44456,0.11114,152372,0.38093
-45.8,14.2,400000,44230,0.110575,151894,0.379735
-45.8,14.4,400000,44899,0.112248,152033,0.380082
-45.8,14.6,400000,45274,0.113185,152466,0.381165
-45.8,14.8,400000,45441,0.113602,152298,0.380745
-45.8,15,400000,44593,0.111482,152289,0.380723
-45.8,15.2,400000,44933,0.112333,152272,0.38068
-45.8,15.4,400000,44754,0.111885,152439,0.381097
-45.8,15.6,400000,45107,0.112768,152073,0.380182
-45.8,15.8,400000,44718,0.111795,152504,0.38126
-45.8,16,400000,45136,0.11284,152126,0.380315
-45.8,16.2,400000,44298,0.110745,151743,0.379358
-45.8,16.4,400000,44825,0.112062,151299,0.378248
-45.8,16.6,400000,44617,0.111543,152092,0.38023
-45.8,16.8,400000,44693,0.111732,152219,0.380547
-45.8,17,400000,44480,0.1112,151959,0.379897
-45.8,17.2,400000,45413,0.113532,152079,0.380198
-45.8,17.4,400000,45625,0.114062,152330,0.380825
-45.8,17.6,400000,45146,0.112865,151976,0.37994
-45.8,17.8,400000,44723,0.111808,151889,0.379723
-45.8,18,400000,44736,0.11184,152323,0.380808
-45.8,18.2,400000,44938,0.112345,152062,0.380155
-45.8,18.4,400000,44944,0.11236,152206,0.380515
-45.8,18.6,400000,44850,0.112125,151560,0.3789
-45.8,18.8,400000,45076,0.11269,151352,0.37838
-45.8,19,400000,44858,0.112145,152333,0.380833
-45.8,19.2,400000,44728,0.11182,152587,0.381468
-45.8,19.4,400000,44587,0.111467,151392,0.37848
-45.8,19.6,400000,44615,0.111537,152188,0.38047
-45.8,19.8,400000,45229,0.113073,152118,0.380295
-45.8,20,400000,44542,0.111355,151633,0.379082
-45.8,20.2,400000,44813,0.112032,152256,0.38064
-45.8,20.4,400000,44906,0.112265,151431,0.378578
-45.8,20.6,400000,44640,0.1116,151885,0.379713
-45.8,20.8,400000,44957,0.112393,152031,0.380078
-45.8,21,400000,44321,0.110802,152215,0.380537
-45.8,21.2,400000,44955,0.112388,152424,0.38106
-45.8,21.4,400000,44482,0.111205,151784,0.37946
-45.8,21.6,400000,45092,0.11273,152073,0.380182
-45.8,21.8,400000,44786,0.111965,151805,0.379512
-45.8,22,400000,45190,0.112975,152082,0.380205
-45.8,22.2,400000,44062,0.110155,151205,0.378012
-45.8,22.4,400000,45312,0.11328,152227,0.380568
-45.8,22.6,400000,44957,0.112393,151490,0.378725
-45.8,22.8,400000,45281,0.113202,152472,0.38118
-45.8,23,400000,44863,0.112157,151480,0.3787
-45.8,23.2,400000,44867,0.112168,152150,0.380375
-45.8,23.4,400000,44432,0.11108,151268,0.37817
-45.8,23.6,400000,44436,0.11109,151867,0.379667
-45.8,23.8,400000,44706,0.111765,151354,0.378385
-45.8,24,400000,45287,0.113217,152278,0.380695
-45.8,24.2,400000,44504,0.11126,151740,0.37935
-45.8,24.4,400000,44975,0.112437,152113,0.380283
-45.8,24.6,400000,44894,0.112235,152406,0.381015
-45.8,24.8,400000,44768,0.11192,152095,0.380238
-45.8,25,400000,44651,0.111628,152027,0.380068
-45.8,25.2,400000,44794,0.111985,152221,0.380553
-45.8,25.4,400000,44797,0.111992,151897,0.379742
-45.8,25.6,400000,45065,0.112662,152156,0.38039
-45.8,25.8,400000,44980,0.11245,151461,0.378653
-45.8,26,400000,44712,0.11178,151695,0.379238
-45.8,26.2,400000,44759,0.111897,151810,0.379525
-45.8,26.4,400000,44862,0.112155,152176,0.38044
-45.8,26.6,400000,44909,0.112272,152742,0.381855
-45.8,26.8,400000,44520,0.1113,151897,0.379742
-45.8,27,400000,44794,0.111985,151430,0.378575
-45.8,27.2,400000,44573,0.111433,151548,0.37887
-45.8,27.4,400000,45366,0.113415,152669,0.381673
-45.8,27.6,400000,44644,0.11161,152470,0.381175
-45.8,27.8,400000,44623,0.111558,151435,0.378588
-45.8,28,400000,45042,0.112605,152117,0.380292
-45.8,28.2,400000,44890,0.112225,151665,0.379163
-45.8,28.4,400000,45239,0.113098,152544,0.38136
-45.8,28.6,400000,44783,0.111958,151609,0.379022
-45.8,28.8,400000,44486,0.111215,151627,0.379068
-45.8,29,400000,44165,0.110412,151303,0.378258
-45.8,29.2,400000,44980,0.11245,152053,0.380132
-45.8,29.4,400000,44567,0.111418,151931,0.379827
-45.8,29.6,400000,44807,0.112018,152390,0.380975
-45.8,29.8,400000,44595,0.111488,151363,0.378408
-45.8,30,400000,44846,0.112115,151273,0.378182
-45.8,30.2,400000,45495,0.113738,152132,0.38033
-45.8,30.4,400000,44782,0.111955,152043,0.380107
-45.8,30.6,400000,45176,0.11294,151936,0.37984
-45.8,30.8,400000,44479,0.111198,152576,0.38144
-45.8,31,400000,44585,0.111463,152115,0.380288
-45.8,31.2,400000,45482,0.113705,152227,0.380568
-45.8,31.4,400000,44254,0.110635,152035,0.380088
-45.8,31.6,400000,44506,0.111265,152202,0.380505
-45.8,31.8,400000,44830,0.112075,151823,0.379557
-45.8,32,400000,45156,0.11289,152493,0.381232
-45.8,32.2,400000,44892,0.11223,151554,0.378885
-45.8,32.4,400000,45189,0.112973,152652,0.38163
-45.8,32.6,400000,44814,0.112035,151639,0.379097
-45.8,32.8,400000,45384,0.11346,152243,0.380607
-45.8,33,400000,44726,0.111815,151512,0.37878
-45.8,33.2,400000,45311,0.113278,152546,0.381365
-45.8,33.4,400000,45135,0.112837,151870,0.379675
-45.8,33.6,400000,45215,0.113037,152400,0.381
-45.8,33.8,400000,44595,0.111488,151630,0.379075
-45.8,34,400000,45178,0.112945,152144,0.38036
-45.8,34.2,400000,44959,0.112397,152484,0.38121
-45.8,34.4,400000,44732,0.11183,151953,0.379883
-45.8,34.6,400000,45120,0.1128,152531,0.381327
-45.8,34.8,400000,44977,0.112443,152007,0.380018
-45.8,35,400000,44466,0.111165,151378,0.378445
-45.8,35.2,400000,44941,0.112352,152278,0.380695
-45.8,35.4,400000,44869,0.112172,152778,0.381945
-45.8,35.6,400000,45021,0.112552,152380,0.38095
-45.8,35.8,400000,44560,0.1114,151991,0.379978
-45.8,36,400000,44512,0.11128,152274,0.380685
-45.8,36.2,400000,44837,0.112092,152245,0.380613
-45.8,36.4,400000,45126,0.112815,152131,0.380327
-45.8,36.6,400000,44966,0.112415,152211,0.380528
-45.8,36.8,400000,45132,0.11283,152226,0.380565
-45.8,37,400000,44448,0.11112,151979,0.379947
-45.8,37.2,400000,44868,0.11217,151569,0.378922
-45.8,37.4,400000,44566,0.111415,152607,0.381518
-45.8,37.6,400000,44724,0.11181,151832,0.37958
-45.8,37.8,400000,44629,0.111573,151692,0.37923
-45.8,38,400000,44478,0.111195,152134,0.380335
-45.8,38.2,400000,44588,0.11147,151623,0.379057
-45.8,38.4,400000,44716,0.11179,151901,0.379752
-45.8,38.6,400000,45078,0.112695,152650,0.381625
-45.8,38.8,400000,44830,0.112075,151910,0.379775
-45.8,39,400000,45111,0.112778,151753,0.379383
-45.8,39.2,400000,44842,0.112105,151716,0.37929
-45.8,39.4,400000,44885,0.112213,152148,0.38037
-45.8,39.6,400000,44692,0.11173,151657,0.379142
-45.8,39.8,400000,45147,0.112867,151484,0.37871
-45.8,40,400000,44420,0.11105,151822,0.379555
-45.8,40.2,400000,45022,0.112555,151982,0.379955
-45.8,40.4,400000,44672,0.11168,152518,0.381295
-45.8,40.6,400000,44876,0.11219,152084,0.38021
-45.8,40.8,400000,45111,0.112778,151991,0.379978
-45.8,41,400000,44994,0.112485,152381,0.380953
-45.8,41.2,400000,45045,0.112613,152707,0.381767
-45.8,41.4,400000,44720,0.1118,152289,0.380723
-45.8,41.6,400000,44887,0.112217,152339,0.380848
-45.8,41.8,400000,45092,0.11273,152249,0.380622
-45.8,42,400000,45244,0.11311,151772,0.37943
-45.8,42.2,400000,44371,0.110927,151522,0.378805
-45.8,42.4,400000,44867,0.112168,151463,0.378657
-45.8,42.6,400000,45194,0.112985,152746,0.381865
-45.8,42.8,400000,44570,0.111425,152352,0.38088
-45.8,43,400000,44632,0.11158,152332,0.38083
-45.8,43.2,400000,44755,0.111888,151230,0.378075
-45.8,43.4,400000,44903,0.112257,151903,0.379758
-45.8,43.6,400000,44646,0.111615,152062,0.380155
-45.8,43.8,400000,44890,0.112225,151549,0.378873
-45.8,44,400000,45176,0.11294,152064,0.38016
-45.8,44.2,400000,44761,0.111903,151880,0.3797
-45.8,44.4,400000,44874,0.112185,152345,0.380862
-45.8,44.6,400000,44961,0.112403,152302,0.380755
-45.8,44.8,400000,45186,0.112965,151485,0.378713
-45.8,45,400000,44625,0.111562,151904,0.37976
-45.8,45.2,400000,44456,0.11114,152270,0.380675
-45.8,45.4,400000,45003,0.112507,152483,0.381207
-45.8,45.6,400000,44866,0.112165,152281,0.380702
-45.8,45.8,400000,45091,0.112727,151706,0.379265
-45.8,46,400000,44704,0.11176,151884,0.37971
-45.8,46.2,400000,44928,0.11232,151893,0.379732
-45.8,46.4,400000,45229,0.113073,151646,0.379115
-45.8,46.6,400000,44593,0.111482,152504,0.38126
-45.8,46.8,400000,44952,0.11238,152380,0.38095
-45.8,47,400000,45095,0.112738,152164,0.38041
-45.8,47.2,400000,45128,0.11282,152038,0.380095
-45.8,47.4,400000,45114,0.112785,152304,0.38076
-45.8,47.6,400000,45214,0.113035,152258,0.380645
-45.8,47.8,400000,44608,0.11152,151577,0.378943
-45.8,48,400000,45093,0.112732,152311,0.380777
-45.8,48.2,400000,44698,0.111745,152205,0.380512
-45.8,48.4,400000,44624,0.11156,152171,0.380427
-45.8,48.6,400000,44701,0.111753,152086,0.380215
-45.8,48.8,400000,45234,0.113085,152306,0.380765
-45.8,49,400000,45041,0.112602,152416,0.38104
-45.8,49.2,400000,44961,0.112403,152084,0.38021
-45.8,49.4,400000,45195,0.112988,151906,0.379765
-45.8,49.6,400000,45298,0.113245,152186,0.380465
-45.8,49.8,400000,44603,0.111507,151955,0.379887
-45.8,50,400000,44744,0.11186,151994,0.379985
-45.6,-50,400000,44928,0.11232,151986,0.379965
-45.6,-49.8,400000,44667,0.111668,152292,0.38073
-45.6,-49.6,400000,44705,0.111763,152256,0.38064
-45.6,-49.4,400000,44629,0.111573,151566,0.378915
-45.6,-49.2,400000,45180,0.11295,151875,0.379688
-45.6,-49,400000,44861,0.112153,151849,0.379622
-45.6,-48.8,400000,44922,0.112305,152437,0.381093
-45.6,-48.6,400000,44105,0.110262,152083,0.380207
-45.6,-48.4,400000,45227,0.113068,152456,0.38114
-45.6,-48.2,400000,45416,0.11354,152392,0.38098
-45.6,-48,400000,44542,0.111355,152078,0.380195
-45.6,-47.8,400000,44698,0.111745,151228,0.37807
-45.6,-47.6,400000,44778,0.111945,151938,0.379845
-45.6,-47.4,400000,44570,0.111425,151598,0.378995
-45.6,-47.2,400000,44528,0.11132,151805,0.379512
-45.6,-47,400000,44590,0.111475,151892,0.37973
-45.6,-46.8,400000,44632,0.11158,152316,0.38079
-45.6,-46.6,400000,44937,0.112342,152223,0.380557
-45.6,-46.4,400000,44628,0.11157,152181,0.380453
-45.6,-46.2,400000,44455,0.111138,151592,0.37898
-45.6,-46,400000,44584,0.11146,152524,0.38131
-45.6,-45.8,400000,45013,0.112532,151842,0.379605
-45.6,-45.6,400000,44785,0.111963,152332,0.38083
-45.6,-45.4,400000,45169,0.112922,152872,0.38218
-45.6,-45.2,400000,44589,0.111473,152513,0.381283
-45.6,-45,400000,44572,0.11143,151719,0.379298
-45.6,-44.8,400000,44868,0.11217,152227,0.380568
-45.6,-44.6,400000,44879,0.112198,152720,0.3818
-45.6,-44.4,400000,44464,0.11116,151712,0.37928
-45.6,-44.2,400000,45085,0.112712,152151,0.380377
-45.6,-44,400000,44771,0.111927,151743,0.379358
-45.6,-43.8,400000,44859,0.112147,151900,0.37975
-45.6,-43.6,400000,45195,0.112988,152105,0.380263
-45.6,-43.4,400000,45117,0.112793,152304,0.38076
-45.6,-43.2,400000,44843,0.112107,152051,0.380128
-45.6,-43,400000,44905,0.112263,152150,0.380375
-45.6,-42.8,400000,44496,0.11124,152554,0.381385
-45.6,-42.6,400000,45091,0.112727,151831,0.379578
-45.6,-42.4,400000,44767,0.111918,152414,0.381035
-45.6,-42.2,400000,44658,0.111645,152166,0.380415
-45.6,-42,400000,44938,0.112345,152175,0.380437
-45.6,-41.8,400000,44832,0.11208,152038,0.380095
-45.6,-41.6,400000,45041,0.112602,152256,0.38064
-45.6,-41.4,400000,44927,0.112318,151477,0.378692
-45.6,-41.2,400000,44910,0.112275,151973,0.379933
-45.6,-41,400000,44774,0.111935,152181,0.380453
-45.6,-40.8,400000,44470,0.111175,151824,0.37956
-45.6,-40.6,400000,44673,0.111683,151970,0.379925
-45.6,-40.4,400000,44510,0.111275,151497,0.378742
-45.6,-40.2,400000,44326,0.110815,151840,0.3796
-45.6,-40,400000,44516,0.11129,151975,0.379937
-45.6,-39.8,400000,44975,0.112437,151677,0.379192
-45.6,-39.6,400000,44602,0.111505,151488,0.37872
-45.6,-39.4,400000,45308,0.11327,152521,0.381302
-45.6,-39.2,400000,44353,0.110882,152231,0.380578
-45.6,-39,400000,45142,0.112855,151944,0.37986
-45.6,-38.8,400000,44454,0.111135,151856,0.37964
-45.6,-38.6,400000,44103,0.110257,151557,0.378893
-45.6,-38.4,400000,44815,0.112037,152318,0.380795
-45.6,-38.2,400000,45073,0.112683,151868,0.37967
-45.6,-38,400000,44859,0.112147,151988,0.37997
-45.6,-37.8,400000,45007,0.112518,152423,0.381057
-45.6,-37.6,400000,44759,0.111897,152125,0.380312
-45.6,-37.4,400000,44505,0.111263,152195,0.380487
-45.6,-37.2,400000,44945,0.112363,152164,0.38041
-45.6,-37,400000,44909,0.112272,152008,0.38002
-45.6,-36.8,400000,45057,0.112643,151998,0.379995
-45.6,-36.6,400000,44529,0.111323,152426,0.381065
-45.6,-36.4,400000,44674,0.111685,152107,0.380267
-45.6,-36.2,400000,44642,0.111605,152228,0.38057
-45.6,-36,400000,44573,0.111433,152073,0.380182
-45.6,-35.8,400000,44653,0.111632,152069,0.380173
-45.6,-35.6,400000,44583,0.111458,152114,0.380285
-45.6,-35.4,400000,45723,0.114308,152317,0.380792
-45.6,-35.2,400000,44973,0.112433,152228,0.38057
-45.6,-35,400000,44687,0.111717,151789,0.379472
-45.6,-34.8,400000,44717,0.111793,152539,0.381348
-45.6,-34.6,400000,45030,0.112575,151643,0.379107
-45.6,-34.4,400000,44666,0.111665,151878,0.379695
-45.6,-34.2,400000,44622,0.111555,151615,0.379038
-45.6,-34,400000,44919,0.112297,151715,0.379287
-45.6,-33.8,400000,45075,0.112687,152240,0.3806
-45.6,-33.6,400000,44575,0.111437,151687,0.379217
-45.6,-33.4,400000,45088,0.11272,152690,0.381725
-45.6,-33.2,400000,44411,0.111028,151409,0.378522
-45.6,-33,400000,45077,0.112693,152251,0.380628
-45.6,-32.8,400000,44893,0.112232,152167,0.380418
-45.6,-32.6,400000,45149,0.112873,152123,0.380308
-45.6,-32.4,400000,44591,0.111477,151980,0.37995
-45.6,-32.2,400000,44652,0.11163,151875,0.379688
-45.6,-32,400000,45426,0.113565,152292,0.38073
-45.6,-31.8,400000,44670,0.111675,152022,0.380055
-45.6,-31.6,400000,44373,0.110933,152090,0.380225
-45.6,-31.4,400000,44364,0.11091,151814,0.379535
-45.6,-31.2,400000,44658,0.111645,152679,0.381698
-45.6,-31,400000,44702,0.111755,153073,0.382682
-45.6,-30.8,400000,44926,0.112315,152296,0.38074
-45.6,-30.6,400000,44779,0.111948,152013,0.380032
-45.6,-30.4,400000,44902,0.112255,151971,0.379927
-45.6,-30.2,400000,44537,0.111342,151835,0.379588
-45.6,-30,400000,44455,0.111138,151958,0.379895
-45.6,-29.8,400000,44515,0.111287,152040,0.3801
-45.6,-29.6,400000,44609,0.111522,151945,0.379862
-45.6,-29.4,400000,44927,0.112318,151457,0.378642
-45.6,-29.2,400000,45605,0.114013,152662,0.381655
-45.6,-29,400000,45127,0.112818,151973,0.379933
-45.6,-28.8,400000,44541,0.111352,152133,0.380333
-45.6,-28.6,400000,44983,0.112458,151805,0.379512
-45.6,-28.4,400000,44762,0.111905,151744,0.37936
-45.6,-28.2,400000,44872,0.11218,151860,0.37965
-45.6,-28,400000,44406,0.111015,151160,0.3779
-45.6,-27.8,400000,44917,0.112293,152621,0.381553
-45.6,-27.6,400000,44702,0.111755,152205,0.380512
-45.6,-27.4,400000,44912,0.11228,151879,0.379698
-45.6,-27.2,400000,45044,0.11261,151960,0.3799
-45.6,-27,400000,44864,0.11216,151773,0.379433
-45.6,-26.8,400000,44934,0.112335,151816,0.37954
-45.6,-26.6,400000,44926,0.112315,151670,0.379175
-45.6,-26.4,400000,44713,0.111783,152280,0.3807
-45.6,-26.2,400000,44703,0.111757,152101,0.380252
-45.6,-26,400000,45292,0.11323,152543,0.381358
-45.6,-25.8,400000,44960,0.1124,151957,0.379893
-45.6,-25.6,400000,44619,0.111547,151859,0.379648
-45.6,-25.4,400000,44638,0.111595,152373,0.380933
-45.6,-25.2,400000,45190,0.112975,152014,0.380035
-45.6,-25,400000,44715,0.111787,151975,0.379937
-45.6,-24.8,400000,44677,0.111693,151574,0.378935
-45.6,-24.6,400000,44640,0.1116,152305,0.380763
-45.6,-24.4,400000,44908,0.11227,152378,0.380945
-45.6,-24.2,400000,44673,0.111683,151721,0.379302
-45.6,-24,400000,44461,0.111153,151433,0.378582
-45.6,-23.8,400000,44886,0.112215,151955,0.379887
-45.6,-23.6,400000,44856,0.11214,151693,0.379232
-45.6,-23.4,400000,44319,0.110797,151863,0.379657
-45.6,-23.2,400000,45033,0.112583,152057,0.380142
-45.6,-23,400000,44946,0.112365,152292,0.38073
-45.6,-22.8,400000,44730,0.111825,152015,0.380037
-45.6,-22.6,400000,44628,0.11157,151929,0.379823
-45.6,-22.4,400000,45160,0.1129,152180,0.38045
-45.6,-22.2,400000,44649,0.111622,152001,0.380003
-45.6,-22,400000,44705,0.111763,151725,0.379312
-45.6,-21.8,400000,44974,0.112435,152117,0.380292
-45.6,-21.6,400000,44644,0.11161,152456,0.38114
-45.6,-21.4,400000,44702,0.111755,152466,0.381165
-45.6,-21.2,400000,44613,0.111533,151487,0.378717
-45.6,-21,400000,44600,0.1115,151948,0.37987
-45.6,-20.8,400000,44794,0.111985,151580,0.37895
-45.6,-20.6,400000,45336,0.11334,152448,0.38112
-45.6,-20.4,400000,44790,0.111975,152170,0.380425
-45.6,-20.2,400000,44937,0.112342,152530,0.381325
-45.6,-20,400000,44584,0.11146,151955,0.379887
-45.6,-19.8,400000,45033,0.112583,152207,0.380518
-45.6,-19.6,400000,45071,0.112677,151900,0.37975
-45.6,-19.4,400000,44713,0.111783,152051,0.380128
-45.6,-19.2,400000,45073,0.112683,152355,0.380887
-45.6,-19,400000,45195,0.112988,151816,0.37954
-45.6,-18.8,400000,44764,0.11191,151731,0.379327
-45.6,-18.6,400000,44980,0.11245,151950,0.379875
-45.6,-18.4,400000,45348,0.11337,152441,0.381103
-45.6,-18.2,400000,44513,0.111283,151868,0.37967
-45.6,-18,400000,44952,0.11238,151719,0.379298
-45.6,-17.8,400000,45102,0.112755,151967,0.379918
-45.6,-17.6,400000,44763,0.111907,152241,0.380603
-45.6,-17.4,400000,44232,0.11058,152114,0.380285
-45.6,-17.2,400000,45184,0.11296,151770,0.379425
-45.6,-17,400000,45086,0.112715,152581,0.381453
-45.6,-16.8,400000,45641,0.114102,153022,0.382555
-45.6,-16.6,400000,45038,0.112595,151738,0.379345
-45.6,-16.4,400000,44831,0.112077,151391,0.378478
-45.6,-16.2,400000,44210,0.110525,151585,0.378962
-45.6,-16,400000,44979,0.112448,152142,0.380355
-45.6,-15.8,400000,44736,0.11184,152285,0.380713
-45.6,-15.6,400000,45153,0.112882,151866,0.379665
-45.6,-15.4,400000,44719,0.111797,151975,0.379937
-45.6,-15.2,400000,44915,0.112287,151787,0.379468
-45.6,-15,400000,44648,0.11162,152108,0.38027
-45.6,-14.8,400000,44550,0.111375,151844,0.37961
-45.6,-14.6,400000,45128,0.11282,151583,0.378958
-45.6,-14.4,400000,44823,0.112058,152454,0.381135
-45.6,-14.2,400000,44945,0.112363,152619,0.381547
-45.6,-14,400000,44640,0.1116,152272,0.38068
-45.6,-13.8,400000,45180,0.11295,152519,0.381298
-45.6,-13.6,400000,44297,0.110742,151585,0.378962
-45.6,-13.4,400000,44533,0.111333,151887,0.379717
-45.6,-13.2,400000,44191,0.110478,152430,0.381075
-45.6,-13,400000,44951,0.112378,151844,0.37961
-45.6,-12.8,400000,45306,0.113265,152043,0.380107
-45.6,-12.6,400000,44828,0.11207,151327,0.378317
-45.6,-12.4,400000,44708,0.11177,152255,0.380638
-45.6,-12.2,400000,45181,0.112952,152326,0.380815
-45.6,-12,400000,44481,0.111202,152091,0.380227
-45.6,-11.8,400000,44829,0.112073,152628,0.38157
-45.6,-11.6,400000,45308,0.11327,152165,0.380412
-45.6,-11.4,400000,44819,0.112047,152024,0.38006
-45.6,-11.2,400000,44704,0.11176,152078,0.380195
-45.6,-11,400000,45189,0.112973,152272,0.38068
-45.6,-10.8,400000,44871,0.112177,151843,0.379607
-45.6,-10.6,400000,45084,0.11271,151860,0.37965
-45.6,-10.4,400000,44739,0.111848,152614,0.381535
-45.6,-10.2,400000,44729,0.111823,151918,0.379795
-45.6,-10,400000,45104,0.11276,151653,0.379132
-45.6,-9.8,400000,44475,0.111187,152224,0.38056
-45.6,-9.6,400000,44844,0.11211,152233,0.380582
-45.6,-9.4,400000,45085,0.112712,151770,0.379425
-45.6,-9.2,400000,44500,0.11125,151637,0.379092
-45.6,-9,400000,45083,0.112708,152064,0.38016
-45.6,-8.8,400000,44329,0.110823,151718,0.379295
-45.6,-8.6,400000,44473,0.111183,150960,0.3774
-45.6,-8.4,400000,44660,0.11165,151539,0.378848
-45.6,-8.2,400000,44757,0.111893,151845,0.379613
-45.6,-8,400000,44645,0.111613,151365,0.378412
-45.6,-7.8,400000,44803,0.112007,152554,0.381385
-45.6,-7.6,400000,44738,0.111845,151281,0.378202
-45.6,-7.4,400000,45194,0.112985,152182,0.380455
-45.6,-7.2,400000,44821,0.112052,152836,0.38209
-45.6,-7,400000,45046,0.112615,152422,0.381055
-45.6,-6.8,400000,44826,0.112065,151725,0.379312
-45.6,-6.6,400000,44405,0.111013,151609,0.379022
-45.6,-6.4,400000,44629,0.111573,151935,0.379837
-45.6,-6.2,400000,44684,0.11171,152293,0.380732
-45.6,-6,400000,44762,0.111905,152174,0.380435
-45.6,-5.8,400000,44484,0.11121,151938,0.379845
-45.6,-5.6,400000,44455,0.111138,151723,0.379308
-45.6,-5.4,400000,44764,0.11191,152115,0.380288
-45.6,-5.2,400000,45700,0.11425,152316,0.38079
-45.6,-5,400000,45446,0.113615,152447,0.381117
-45.6,-4.8,400000,44409,0.111022,152012,0.38003
-45.6,-4.6,400000,44825,0.112062,151836,0.37959
-45.6,-4.4,400000,44929,0.112323,152402,0.381005
-45.6,-4.2,400000,45109,0.112772,152029,0.380072
-45.6,-4,400000,45052,0.11263,152233,0.380582
-45.6,-3.8,400000,44602,0.111505,151891,0.379727
-45.6,-3.6,400000,44872,0.11218,151845,0.379613
-45.6,-3.4,400000,45013,0.112532,152388,0.38097
-45.6,-3.2,400000,44546,0.111365,151970,0.379925
-45.6,-3,400000,44883,0.112208,152393,0.380983
-45.6,-2.8,400000,45001,0.112503,152389,0.380972
-45.6,-2.6,400000,45050,0.112625,152066,0.380165
-45.6,-2.4,400000,44787,0.111967,151872,0.37968
-45.6,-2.2,400000,44248,0.11062,152082,0.380205
-45.6,-2,400000,45107,0.112768,152370,0.380925
-45.6,-1.8,400000,44790,0.111975,151561,0.378902
-45.6,-1.6,400000,44506,0.111265,152164,0.38041
-45.6,-1.4,400000,44008,0.11002,151864,0.37966
-45.6,-1.2,400000,45202,0.113005,152268,0.38067
-45.6,-1,400000,45247,0.113117,152714,0.381785
-45.6,-0.8,400000,45145,0.112863,152057,0.380142
-45.6,-0.6,400000,44854,0.112135,151545,0.378862
-45.6,-0.4,400000,44501,0.111253,152059,0.380148
-45.6,-0.2,400000,44828,0.11207,151729,0.379323
-45.6,0,400000,44755,0.111888,152389,0.380972
-45.6,0.2,400000,45025,0.112562,152279,0.380698
-45.6,0.4,400000,44593,0.111482,152222,0.380555
-45.6,0.6,400000,44237,0.110592,151663,0.379157
-45.6,0.8,400000,44645,0.111613,152168,0.38042
-45.6,1,400000,44912,0.11228,151958,0.379895
-45.6,1.2,400000,44702,0.111755,152145,0.380362
-45.6,1.4,400000,44685,0.111713,151952,0.37988
-45.6,1.6,400000,45409,0.113522,152413,0.381032
-45.6,1.8,400000,45208,0.11302,152741,0.381852
-45.6,2,400000,44741,0.111852,151955,0.379887
-45.6,2.2,400000,44935,0.112338,152098,0.380245
-45.6,2.4,400000,44970,0.112425,151921,0.379802
-45.6,2.6,400000,44695,0.111738,152289,0.380723
-45.6,2.8,400000,45029,0.112573,152089,0.380223
-45.6,3,400000,44909,0.112272,152181,0.380453
-45.6,3.2,400000,44572,0.11143,152297,0.380742
-45.6,3.4,400000,44774,0.111935,152157,0.380393
-45.6,3.6,400000,45081,0.112702,152429,0.381072
-45.6,3.8,400000,44953,0.112382,152208,0.38052
-45.6,4,400000,44939,0.112348,151488,0.37872
-45.6,4.2,400000,44689,0.111723,151758,0.379395
-45.6,4.4,400000,44908,0.11227,152223,0.380557
-45.6,4.6,400000,45294,0.113235,151735,0.379337
-45.6,4.8,400000,44637,0.111592,151678,0.379195
-45.6,5,400000,44847,0.112117,151940,0.37985
-45.6,5.2,400000,44627,0.111568,152151,0.380377
-45.6,5.4,400000,45256,0.11314,152056,0.38014
-45.6,5.6,400000,44908,0.11227,152070,0.380175
-45.6,5.8,400000,44673,0.111683,151458,0.378645
-45.6,6,400000,44893,0.112232,151312,0.37828
-45.6,6.2,400000,44539,0.111348,152464,0.38116
-45.6,6.4,400000,44684,0.11171,152042,0.380105
-45.6,6.6,400000,44527,0.111317,151663,0.379157
-45.6,6.8,400000,44929,0.112323,152596,0.38149
-45.6,7,400000,45134,0.112835,152814,0.382035
-45.6,7.2,400000,45057,0.112643,152296,0.38074
-45.6,7.4,400000,44832,0.11208,151998,0.379995
-45.6,7.6,400000,44730,0.111825,152511,0.381277
-45.6,7.8,400000,45349,0.113373,152814,0.382035
-45.6,8,400000,44826,0.112065,151793,0.379483
-45.6,8.2,400000,45698,0.114245,152256,0.38064
-45.6,8.4,400000,44987,0.112467,152578,0.381445
-45.6,8.6,400000,44563,0.111408,152385,0.380962
-45.6,8.8,400000,44903,0.112257,152256,0.38064
-45.6,9,400000,44789,0.111973,152446,0.381115
-45.6,9.2,400000,44817,0.112043,151857,0.379642
-45.6,9.4,400000,45263,0.113157,151849,0.379622
-45.6,9.6,400000,45088,0.11272,152275,0.380688
-45.6,9.8,400000,44874,0.112185,151710,0.379275
-45.6,10,400000,44794,0.111985,151833,0.379582
-45.6,10.2,400000,44747,0.111867,152126,0.380315
-45.6,10.4,400000,45146,0.112865,152179,0.380447
-45.6,10.6,400000,45082,0.112705,152391,0.380978
-45.6,10.8,400000,44417,0.111043,151907,0.379767
-45.6,11,400000,44875,0.112187,152056,0.38014
-45.6,11.2,400000,44940,0.11235,152178,0.380445
-45.6,11.4,400000,44730,0.111825,151815,0.379538
-45.6,11.6,400000,44275,0.110687,151897,0.379742
-45.6,11.8,400000,45443,0.113608,152035,0.380088
-45.6,12,400000,44968,0.11242,152676,0.38169
-45.6,12.2,400000,44909,0.112272,152040,0.3801
-45.6,12.4,400000,45306,0.113265,152161,0.380402
-45.6,12.6,400000,45057,0.112643,152682,0.381705
-45.6,12.8,400000,44606,0.111515,151803,0.379507
-45.6,13,400000,44631,0.111577,152221,0.380553
-45.6,13.2,400000,44900,0.11225,151936,0.37984
-45.6,13.4,400000,44869,0.112172,152013,0.380032
-45.6,13.6,400000,44794,0.111985,151578,0.378945
-45.6,13.8,400000,45152,0.11288,152004,0.38001
-45.6,14,400000,44668,0.11167,151982,0.379955
-45.6,14.2,400000,44903,0.112257,152107,0.380267
-45.6,14.4,400000,45288,0.11322,152284,0.38071
-45.6,14.6,400000,44545,0.111363,152379,0.380947
-45.6,14.8,400000,44780,0.11195,152442,0.381105
-45.6,15,400000,45233,0.113083,152810,0.382025
-45.6,15.2,400000,44883,0.112208,152067,0.380167
-45.6,15.4,400000,45438,0.113595,152054,0.380135
-45.6,15.6,400000,44683,0.111708,151781,0.379453
-45.6,15.8,400000,44896,0.11224,152087,0.380217
-45.6,16,400000,44778,0.111945,152180,0.38045
-45.6,16.2,400000,44911,0.112278,151915,0.379788
-45.6,16.4,400000,44690,0.111725,151765,0.379412
-45.6,16.6,400000,44862,0.112155,151842,0.379605
-45.6,16.8,400000,44860,0.11215,152165,0.380412
-45.6,17,400000,45144,0.11286,152382,0.380955
-45.6,17.2,400000,44837,0.112092,152530,0.381325
-45.6,17.4,400000,44982,0.112455,152010,0.380025
-45.6,17.6,400000,44868,0.11217,152567,0.381418
-45.6,17.8,400000,44859,0.112147,151376,0.37844
-45.6,18,400000,44613,0.111533,151877,0.379692
-45.6,18.2,400000,44720,0.1118,152481,0.381202
-45.6,18.4,400000,44777,0.111943,152107,0.380267
-45.6,18.6,400000,45103,0.112757,151277,0.378192
-45.6,18.8,400000,44351,0.110878,152077,0.380192
-45.6,19,400000,45173,0.112933,151487,0.378717
-45.6,19.2,400000,44878,0.112195,152681,0.381703
-45.6,19.4,400000,44580,0.11145,151891,0.379727
-45.6,19.6,400000,44949,0.112373,151671,0.379178
-45.6,19.8,400000,44126,0.110315,151696,0.37924
-45.6,20,400000,44755,0.111888,152403,0.381007
-45.6,20.2,400000,44599,0.111497,151594,0.378985
-45.6,20.4,400000,44906,0.112265,151922,0.379805
-45.6,20.6,400000,44894,0.112235,151648,0.37912
-45.6,20.8,400000,44443,0.111107,151645,0.379113
-45.6,21,400000,45022,0.112555,152860,0.38215
-45.6,21.2,400000,44854,0.112135,152404,0.38101
-45.6,21.4,400000,45380,0.11345,152015,0.380037
-45.6,21.6,400000,45043,0.112607,152011,0.380028
-45.6,21.8,400000,44925,0.112312,151864,0.37966
-45.6,22,400000,44502,0.111255,151992,0.37998
-45.6,22.2,400000,44829,0.112073,152224,0.38056
-45.6,22.4,400000,45286,0.113215,151772,0.37943
-45.6,22.6,400000,45198,0.112995,152360,0.3809
-45.6,22.8,400000,44089,0.110223,151655,0.379138
-45.6,23,400000,44532,0.11133,152067,0.380167
-45.6,23.2,400000,44491,0.111228,151551,0.378877
-45.6,23.4,400000,44697,0.111742,151624,0.37906
-45.6,23.6,400000,44884,0.11221,152401,0.381003
-45.6,23.8,400000,45023,0.112558,152574,0.381435
-45.6,24,400000,44430,0.111075,152153,0.380383
-45.6,24.2,400000,44593,0.111482,151376,0.37844
-45.6,24.4,400000,44782,0.111955,152082,0.380205
-45.6,24.6,400000,44790,0.111975,151841,0.379603
-45.6,24.8,400000,44623,0.111558,151959,0.379897
-45.6,25,400000,44808,0.11202,152545,0.381362
-45.6,25.2,400000,44857,0.112143,151695,0.379238
-45.6,25.4,400000,44930,0.112325,152983,0.382458
-45.6,25.6,400000,44566,0.111415,152146,0.380365
-45.6,25.8,400000,45151,0.112878,152492,0.38123
-45.6,26,400000,44816,0.11204,151676,0.37919
-45.6,26.2,400000,44651,0.111628,152553,0.381383
-45.6,26.4,400000,44684,0.11171,152229,0.380572
-45.6,26.6,400000,45120,0.1128,152425,0.381063
-45.6,26.8,400000,44285,0.110713,151667,0.379167
-45.6,27,400000,45017,0.112543,151908,0.37977
-45.6,27.2,400000,44644,0.11161,152654,0.381635
-45.6,27.4,400000,44986,0.112465,151994,0.379985
-45.6,27.6,400000,44833,0.112083,152217,0.380543
-45.6,27.8,400000,44703,0.111757,152224,0.38056
-45.6,28,400000,45092,0.11273,152777,0.381943
-45.6,28.2,400000,44421,0.111052,151543,0.378858
-45.6,28.4,400000,44783,0.111958,152222,0.380555
-45.6,28.6,400000,45035,0.112587,151881,0.379702
-45.6,28.8,400000,44902,0.112255,151878,0.379695
-45.6,29,400000,44721,0.111802,152469,0.381173
-45.6,29.2,400000,44526,0.111315,151746,0.379365
-45.6,29.4,400000,44753,0.111882,151688,0.37922
-45.6,29.6,400000,45032,0.11258,152220,0.38055
-45.6,29.8,400000,44594,0.111485,151713,0.379283
-45.6,30,400000,44440,0.1111,151911,0.379777
-45.6,30.2,400000,45194,0.112985,151975,0.379937
-45.6,30.4,400000,44630,0.111575,152389,0.380972
-45.6,30.6,400000,44746,0.111865,152003,0.380007
-45.6,30.8,400000,45249,0.113123,152994,0.382485
-45.6,31,400000,45019,0.112547,151772,0.37943
-45.6,31.2,400000,45139,0.112848,152020,0.38005
-45.6,31.4,400000,45023,0.112558,152467,0.381167
-45.6,31.6,400000,44987,0.112467,152050,0.380125
-45.6,31.8,400000,45135,0.112837,152407,0.381018
-45.6,32,400000,44973,0.112433,152202,0.380505
-45.6,32.2,400000,44319,0.110797,151933,0.379833
-45.6,32.4,400000,44627,0.111568,152317,0.380792
-45.6,32.6,400000,44540,0.11135,151868,0.37967
-45.6,32.8,400000,44653,0.111632,151474,0.378685
-45.6,33,400000,44632,0.11158,151692,0.37923
-45.6,33.2,400000,44884,0.11221,152226,0.380565
-45.6,33.4,400000,44800,0.112,151962,0.379905
-45.6,33.6,400000,44740,0.11185,151481,0.378702
-45.6,33.8,400000,44814,0.112035,152249,0.380622
-45.6,34,400000,44635,0.111588,151928,0.37982
-45.6,34.2,400000,44643,0.111607,151916,0.37979
-45.6,34.4,400000,45644,0.11411,152655,0.381638
-45.6,34.6,400000,44576,0.11144,151396,0.37849
-45.6,34.8,400000,44917,0.112293,152202,0.380505
-45.6,35,400000,44348,0.11087,151750,0.379375
-45.6,35.2,400000,44863,0.112157,151842,0.379605
-45.6,35.4,400000,44404,0.11101,152154,0.380385
-45.6,35.6,400000,45096,0.11274,152479,0.381198
-45.6,35.8,400000,44602,0.111505,151917,0.379792
-45.6,36,400000,44811,0.112028,152137,0.380342
-45.6,36.2,400000,44640,0.1116,151998,0.379995
-45.6,36.4,400000,44887,0.112217,152112,0.38028
-45.6,36.6,400000,45615,0.114037,152910,0.382275
-45.6,36.8,400000,45283,0.113208,152041,0.380103
-45.6,37,400000,44683,0.111708,152027,0.380068
-45.6,37.2,400000,44696,0.11174,152301,0.380752
-45.6,37.4,400000,45006,0.112515,152568,0.38142
-45.6,37.6,400000,44899,0.112248,152760,0.3819
-45.6,37.8,400000,45095,0.112738,151857,0.379642
-45.6,38,400000,44605,0.111513,151882,0.379705
-45.6,38.2,400000,45416,0.11354,152212,0.38053
-45.6,38.4,400000,44912,0.11228,152117,0.380292
-45.6,38.6,400000,44723,0.111808,151759,0.379397
-45.6,38.8,400000,44775,0.111937,151846,0.379615
-45.6,39,400000,44343,0.110857,151650,0.379125
-45.6,39.2,400000,44722,0.111805,151875,0.379688
-45.6,39.4,400000,44726,0.111815,151887,0.379717
-45.6,39.6,400000,45342,0.113355,151934,0.379835
-45.6,39.8,400000,44904,0.11226,151830,0.379575
-45.6,40,400000,44684,0.11171,152061,0.380153
-45.6,40.2,400000,44739,0.111848,152382,0.380955
-45.6,40.4,400000,44732,0.11183,152017,0.380043
-45.6,40.6,400000,45226,0.113065,152094,0.380235
-45.6,40.8,400000,44757,0.111893,151947,0.379868
-45.6,41,400000,45160,0.1129,152670,0.381675
-45.6,41.2,400000,44152,0.11038,151727,0.379317
-45.6,41.4,400000,45094,0.112735,152741,0.381852
-45.6,41.6,400000,44991,0.112477,151684,0.37921
-45.6,41.8,400000,44886,0.112215,152035,0.380088
-45.6,42,400000,45108,0.11277,152144,0.38036
-45.6,42.2,400000,44306,0.110765,151321,0.378302
-45.6,42.4,400000,44952,0.11238,152267,0.380667
-45.6,42.6,400000,44512,0.11128,151663,0.379157
-45.6,42.8,400000,45099,0.112748,152382,0.380955
-45.6,43,400000,45058,0.112645,151698,0.379245
-45.6,43.2,400000,44676,0.11169,151903,0.379758
-45.6,43.4,400000,44585,0.111463,151982,0.379955
-45.6,43.6,400000,45003,0.112507,152124,0.38031
-45.6,43.8,400000,45067,0.112668,152105,0.380263
-45.6,44,400000,44808,0.11202,151544,0.37886
-45.6,44.2,400000,44816,0.11204,152174,0.380435
-45.6,44.4,400000,44628,0.11157,151865,0.379663
-45.6,44.6,400000,45032,0.11258,151694,0.379235
-45.6,44.8,400000,45062,0.112655,152171,0.380427
-45.6,45,400000,45155,0.112888,152371,0.380927
-45.6,45.2,400000,44831,0.112077,152147,0.380368
-45.6,45.4,400000,44631,0.111577,152506,0.381265
-45.6,45.6,400000,44665,0.111662,151723,0.379308
-45.6,45.8,400000,44949,0.112373,152466,0.381165
-45.6,46,400000,44946,0.112365,152587,0.381468
-45.6,46.2,400000,44391,0.110978,151611,0.379028
-45.6,46.4,400000,45265,0.113162,152569,0.381422
-45.6,46.6,400000,44598,0.111495,151973,0.379933
-45.6,46.8,400000,45092,0.11273,152591,0.381478
-45.6,47,400000,44960,0.1124,152522,0.381305
-45.6,47.2,400000,44851,0.112128,152209,0.380522
-45.6,47.4,400000,44657,0.111643,151951,0.379877
-45.6,47.6,400000,45458,0.113645,152747,0.381868
-45.6,47.8,400000,44485,0.111213,152004,0.38001
-45.6,48,400000,44643,0.111607,151996,0.37999
-45.6,48.2,400000,44840,0.1121,151953,0.379883
-45.6,48.4,400000,45134,0.112835,152450,0.381125
-45.6,48.6,400000,44300,0.11075,152250,0.380625
-45.6,48.8,400000,45163,0.112907,152208,0.38052
-45.6,49,400000,44722,0.111805,151695,0.379238
-45.6,49.2,400000,44409,0.111022,151882,0.379705
-45.6,49.4,400000,44934,0.112335,152416,0.38104
-45.6,49.6,400000,44813,0.112032,151935,0.379837
-45.6,49.8,400000,44809,0.112022,151798,0.379495
-45.6,50,400000,44698,0.111745,152128,0.38032
-45.4,-50,400000,44807,0.112018,151629,0.379072
-45.4,-49.8,400000,44258,0.110645,151459,0.378648
-45.4,-49.6,400000,44655,0.111638,152044,0.38011
-45.4,-49.4,400000,44391,0.110978,151498,0.378745
-45.4,-49.2,400000,44953,0.112382,151864,0.37966
-45.4,-49,400000,45001,0.112503,151830,0.379575
-45.4,-48.8,400000,45014,0.112535,152879,0.382198
-45.4,-48.6,400000,45131,0.112827,152082,0.380205
-45.4,-48.4,400000,44729,0.111823,151759,0.379397
-45.4,-48.2,400000,44912,0.11228,151604,0.37901
-45.4,-48,400000,45415,0.113537,152324,0.38081
-45.4,-47.8,400000,44755,0.111888,152171,0.380427
-45.4,-47.6,400000,44460,0.11115,152068,0.38017
-45.4,-47.4,400000,44970,0.112425,152215,0.380537
-45.4,-47.2,400000,45279,0.113198,152352,0.38088
-45.4,-47,400000,44655,0.111638,152248,0.38062
-45.4,-46.8,400000,44484,0.11121,151700,0.37925
-45.4,-46.6,400000,44734,0.111835,152267,0.380667
-45.4,-46.4,400000,45331,0.113327,152558,0.381395
-45.4,-46.2,400000,44278,0.110695,152133,0.380333
-45.4,-46,400000,44933,0.112333,152127,0.380317
-45.4,-45.8,400000,44544,0.11136,152072,0.38018
-45.4,-45.6,400000,45363,0.113407,152538,0.381345
-45.4,-45.4,400000,45108,0.11277,152238,0.380595
-45.4,-45.2,400000,44966,0.112415,151719,0.379298
-45.4,-45,400000,44863,0.112157,152382,0.380955
-45.4,-44.8,400000,45093,0.112732,151892,0.37973
-45.4,-44.6,400000,45190,0.112975,152247,0.380617
-45.4,-44.4,400000,44690,0.111725,151567,0.378918
-45.4,-44.2,400000,44885,0.112213,151878,0.379695
-45.4,-44,400000,44782,0.111955,152022,0.380055
-45.4,-43.8,400000,44837,0.112092,151757,0.379393
-45.4,-43.6,400000,44438,0.111095,152112,0.38028
-45.4,-43.4,400000,44776,0.11194,152165,0.380412
-45.4,-43.2,400000,44919,0.112297,151877,0.379692
-45.4,-43,400000,45096,0.11274,152537,0.381342
-45.4,-42.8,400000,44686,0.111715,152065,0.380163
-45.4,-42.6,400000,44676,0.11169,151870,0.379675
-45.4,-42.4,400000,44183,0.110458,152249,0.380622
-45.4,-42.2,400000,44667,0.111668,152240,0.3806
-45.4,-42,400000,44634,0.111585,151884,0.37971
-45.4,-41.8,400000,44647,0.111617,152067,0.380167
-45.4,-41.6,400000,44907,0.112268,152316,0.38079
-45.4,-41.4,400000,44609,0.111522,151585,0.378962
-45.4,-41.2,400000,45138,0.112845,152080,0.3802
-45.4,-41,400000,45055,0.112638,152099,0.380248
-45.4,-40.8,400000,44874,0.112185,152182,0.380455
-45.4,-40.6,400000,44717,0.111793,152023,0.380057
-45.4,-40.4,400000,44895,0.112238,152267,0.380667
-45.4,-40.2,400000,44850,0.112125,151738,0.379345
-45.4,-40,400000,44565,0.111412,151866,0.379665
-45.4,-39.8,400000,44971,0.112427,152104,0.38026
-45.4,-39.6,400000,44776,0.11194,151847,0.379617
-45.4,-39.4,400000,45014,0.112535,151995,0.379987
-45.4,-39.2,400000,44512,0.11128,151517,0.378792
-45.4,-39,400000,44734,0.111835,151571,0.378927
-45.4,-38.8,400000,45334,0.113335,152133,0.380333
-45.4,-38.6,400000,45038,0.112595,152301,0.380752
-45.4,-38.4,400000,45184,0.11296,152411,0.381028
-45.4,-38.2,400000,44802,0.112005,151862,0.379655
-45.4,-38,400000,44770,0.111925,152070,0.380175
-45.4,-37.8,400000,45192,0.11298,152150,0.380375
-45.4,-37.6,400000,45266,0.113165,151871,0.379678
-45.4,-37.4,400000,45178,0.112945,151700,0.37925
-45.4,-37.2,400000,44851,0.112128,152636,0.38159
-45.4,-37,400000,44479,0.111198,151950,0.379875
-45.4,-36.8,400000,44994,0.112485,152096,0.38024
-45.4,-36.6,400000,44954,0.112385,151955,0.379887
-45.4,-36.4,400000,44965,0.112412,152388,0.38097
-45.4,-36.2,400000,44699,0.111747,152328,0.38082
-45.4,-36,400000,44948,0.11237,152251,0.380628
-45.4,-35.8,400000,45167,0.112918,151988,0.37997
-45.4,-35.6,400000,45018,0.112545,152344,0.38086
-45.4,-35.4,400000,44530,0.111325,152013,0.380032
-45.4,-35.2,400000,45354,0.113385,152096,0.38024
-45.4,-35,400000,44709,0.111772,151703,0.379258
-45.4,-34.8,400000,44917,0.112293,152176,0.38044
-45.4,-34.6,400000,44820,0.11205,151878,0.379695
-45.4,-34.4,400000,45098,0.112745,152374,0.380935
-45.4,-34.2,400000,44909,0.112272,151980,0.37995
-45.4,-34,400000,44649,0.111622,151730,0.379325
-45.4,-33.8,400000,45244,0.11311,152454,0.381135
-45.4,-33.6,400000,44893,0.112232,152480,0.3812
-45.4,-33.4,400000,44939,0.112348,152509,0.381273
-45.4,-33.2,400000,44546,0.111365,151891,0.379727
-45.4,-33,400000,44645,0.111613,151775,0.379437
-45.4,-32.8,400000,45164,0.11291,152016,0.38004
-45.4,-32.6,400000,44837,0.112092,151636,0.37909
-45.4,-32.4,400000,44442,0.111105,151779,0.379447
-45.4,-32.2,400000,45228,0.11307,152461,0.381153
-45.4,-32,400000,44682,0.111705,152233,0.380582
-45.4,-31.8,400000,44541,0.111352,152568,0.38142
-45.4,-31.6,400000,44885,0.112213,152243,0.380607
-45.4,-31.4,400000,44573,0.111433,152117,0.380292
-45.4,-31.2,400000,44939,0.112348,151861,0.379653
-45.4,-31,400000,44683,0.111708,152193,0.380483
-45.4,-30.8,400000,44875,0.112187,151786,0.379465
-45.4,-30.6,400000,44645,0.111613,151378,0.378445
-45.4,-30.4,400000,44528,0.11132,151671,0.379178
-45.4,-30.2,400000,44753,0.111882,151472,0.37868
-45.4,-30,400000,45220,0.11305,152397,0.380993
-45.4,-29.8,400000,44901,0.112253,152165,0.380412
-45.4,-29.6,400000,44417,0.111043,151823,0.379557
-45.4,-29.4,400000,44794,0.111985,151835,0.379588
-45.4,-29.2,400000,44632,0.11158,152043,0.380107
-45.4,-29,400000,45700,0.11425,151934,0.379835
-45.4,-28.8,400000,44871,0.112177,151995,0.379987
-45.4,-28.6,400000,44975,0.112437,152420,0.38105
-45.4,-28.4,400000,45193,0.112982,152546,0.381365
-45.4,-28.2,400000,44593,0.111482,151785,0.379462
-45.4,-28,400000,44669,0.111672,152164,0.38041
-45.4,-27.8,400000,44336,0.11084,151562,0.378905
-45.4,-27.6,400000,44990,0.112475,152133,0.380333
-45.4,-27.4,400000,45307,0.113267,152239,0.380597
-45.4,-27.2,400000,44867,0.112168,152278,0.380695
-45.4,-27,400000,44926,0.112315,151564,0.37891
-45.4,-26.8,400000,44962,0.112405,152259,0.380648
-45.4,-26.6,400000,44819,0.112047,151844,0.37961
-45.4,-26.4,400000,45144,0.11286,151704,0.37926
-45.4,-26.2,400000,44922,0.112305,152510,0.381275
-45.4,-26,400000,44487,0.111217,151240,0.3781
-45.4,-25.8,400000,44544,0.11136,151344,0.37836
-45.4,-25.6,400000,44376,0.11094,151333,0.378333
-45.4,-25.4,400000,44768,0.11192,151881,0.379702
-45.4,-25.2,400000,44941,0.112352,152181,0.380453
-45.4,-25,400000,44732,0.11183,152096,0.38024
-45.4,-24.8,400000,45020,0.11255,151511,0.378777
-45.4,-24.6,400000,44258,0.110645,151747,0.379368
-45.4,-24.4,400000,44986,0.112465,152766,0.381915
-45.4,-24.2,400000,44940,0.11235,153061,0.382653
-45.4,-24,400000,44749,0.111872,152048,0.38012
-45.4,-23.8,400000,45054,0.112635,152062,0.380155
-45.4,-23.6,400000,44774,0.111935,151601,0.379003
-45.4,-23.4,400000,44777,0.111943,151992,0.37998
-45.4,-23.2,400000,44626,0.111565,151957,0.379893
-45.4,-23,400000,45083,0.112708,152091,0.380227
-45.4,-22.8,400000,44496,0.11124,151750,0.379375
-45.4,-22.6,400000,44556,0.11139,151508,0.37877
-45.4,-22.4,400000,44856,0.11214,152325,0.380812
-45.4,-22.2,400000,44801,0.112003,151816,0.37954
-45.4,-22,400000,45346,0.113365,152388,0.38097
-45.4,-21.8,400000,44832,0.11208,152312,0.38078
-45.4,-21.6,400000,44461,0.111153,151770,0.379425
-45.4,-21.4,400000,44895,0.112238,152081,0.380202
-45.4,-21.2,400000,44779,0.111948,151843,0.379607
-45.4,-21,400000,44693,0.111732,152011,0.380028
-45.4,-20.8,400000,44810,0.112025,151931,0.379827
-45.4,-20.6,400000,44554,0.111385,151808,0.37952
-45.4,-20.4,400000,44264,0.11066,152288,0.38072
-45.4,-20.2,400000,45040,0.1126,151805,0.379512
-45.4,-20,400000,44825,0.112062,152130,0.380325
-45.4,-19.8,400000,44955,0.112388,152417,0.381043
-45.4,-19.6,400000,44779,0.111948,152098,0.380245
-45.4,-19.4,400000,44428,0.11107,151932,0.37983
-45.4,-19.2,400000,45374,0.113435,152516,0.38129
-45.4,-19,400000,44940,0.11235,151315,0.378287
-45.4,-18.8,400000,44810,0.112025,152222,0.380555
-45.4,-18.6,400000,44539,0.111348,152342,0.380855
-45.4,-18.4,400000,44415,0.111037,151903,0.379758
-45.4,-18.2,400000,44861,0.112153,152229,0.380572
-45.4,-18,400000,45102,0.112755,152138,0.380345
-45.4,-17.8,400000,44330,0.110825,152168,0.38042
-45.4,-17.6,400000,44846,0.112115,152121,0.380302
-45.4,-17.4,400000,44365,0.110912,151296,0.37824
-45.4,-17.2,400000,44987,0.112467,152220,0.38055
-45.4,-17,400000,44503,0.111257,152274,0.380685
-45.4,-16.8,400000,44505,0.111263,151720,0.3793
-45.4,-16.6,400000,44779,0.111948,151891,0.379727
-45.4,-16.4,400000,45071,0.112677,151806,0.379515
-45.4,-16.2,400000,45329,0.113323,152391,0.380978
-45.4,-16,400000,45332,0.11333,151840,0.3796
-45.4,-15.8,400000,44658,0.111645,152200,0.3805
-45.4,-15.6,400000,45065,0.112662,152328,0.38082
-45.4,-15.4,400000,44869,0.112172,151424,0.37856
-45.4,-15.2,400000,45034,0.112585,151969,0.379922
-45.4,-15,400000,44682,0.111705,151885,0.379713
-45.4,-14.8,400000,44539,0.111348,152016,0.38004
-45.4,-14.6,400000,44457,0.111143,151734,0.379335
-45.4,-14.4,400000,45311,0.113278,152742,0.381855
-45.4,-14.2,400000,44598,0.111495,152078,0.380195
-45.4,-14,400000,44960,0.1124,152617,0.381543
-45.4,-13.8,400000,45216,0.11304,152259,0.380648
-45.4,-13.6,400000,44490,0.111225,151831,0.379578
-45.4,-13.4,400000,44558,0.111395,152401,0.381003
-45.4,-13.2,400000,45259,0.113147,151783,0.379458
-45.4,-13,400000,44912,0.11228,152220,0.38055
-45.4,-12.8,400000,44607,0.111518,151470,0.378675
-45.4,-12.6,400000,44867,0.112168,152215,0.380537
-45.4,-12.4,400000,44938,0.112345,152222,0.380555
-45.4,-12.2,400000,44499,0.111247,151684,0.37921
-45.4,-12,400000,44496,0.11124,152035,0.380088
-45.4,-11.8,400000,44993,0.112482,152160,0.3804
-45.4,-11.6,400000,45154,0.112885,152637,0.381593
-45.4,-11.4,400000,44749,0.111872,151782,0.379455
-45.4,-11.2,400000,44913,0.112282,151608,0.37902
-45.4,-11,400000,44792,0.11198,151597,0.378993
-45.4,-10.8,400000,44779,0.111948,151821,0.379553
-45.4,-10.6,400000,44526,0.111315,152053,0.380132
-45.4,-10.4,400000,44759,0.111897,152160,0.3804
-45.4,-10.2,400000,45035,0.112587,152097,0.380242
-45.4,-10,400000,44969,0.112422,152208,0.38052
-45.4,-9.8,400000,44553,0.111382,151978,0.379945
-45.4,-9.6,400000,44664,0.11166,151619,0.379047
-45.4,-9.4,400000,44579,0.111448,152161,0.380402
-45.4,-9.2,400000,45222,0.113055,152158,0.380395
-45.4,-9,400000,44885,0.112213,151790,0.379475
-45.4,-8.8,400000,45067,0.112668,152361,0.380902
-45.4,-8.6,400000,45166,0.112915,152347,0.380868
-45.4,-8.4,400000,44813,0.112032,151352,0.37838
-45.4,-8.2,400000,45090,0.112725,152250,0.380625
-45.4,-8,400000,45017,0.112543,152245,0.380613
-45.4,-7.8,400000,45140,0.11285,152390,0.380975
-45.4,-7.6,400000,45032,0.11258,151898,0.379745
-45.4,-7.4,400000,44579,0.111448,151541,0.378852
-45.4,-7.2,400000,44526,0.111315,152603,0.381507
-45.4,-7,400000,45155,0.112888,152646,0.381615
-45.4,-6.8,400000,44756,0.11189,151942,0.379855
-45.4,-6.6,400000,45070,0.112675,152630,0.381575
-45.4,-6.4,400000,45633,0.114083,152668,0.38167
-45.4,-6.2,400000,44216,0.11054,151619,0.379047
-45.4,-6,400000,44837,0.112092,152566,0.381415
-45.4,-5.8,400000,44500,0.11125,152106,0.380265
-45.4,-5.6,400000,44986,0.112465,152269,0.380673
-45.4,-5.4,400000,44754,0.111885,152208,0.38052
-45.4,-5.2,400000,44681,0.111702,151897,0.379742
-45.4,-5,400000,44898,0.112245,152425,0.381063
-45.4,-4.8,400000,44897,0.112242,152482,0.381205
-45.4,-4.6,400000,45237,0.113092,152499,0.381248
-45.4,-4.4,400000,44813,0.112032,152038,0.380095
-45.4,-4.2,400000,45044,0.11261,151607,0.379018
-45.4,-4,400000,44504,0.11126,151782,0.379455
-45.4,-3.8,400000,44329,0.110823,152062,0.380155
-45.4,-3.6,400000,44830,0.112075,152382,0.380955
-45.4,-3.4,400000,44802,0.112005,151861,0.379653
-45.4,-3.2,400000,45212,0.11303,152141,0.380352
-45.4,-3,400000,44448,0.11112,151724,0.37931
-45.4,-2.8,400000,44926,0.112315,152380,0.38095
-45.4,-2.6,400000,45258,0.113145,152770,0.381925
-45.4,-2.4,400000,45098,0.112745,151763,0.379408
-45.4,-2.2,400000,44902,0.112255,151886,0.379715
-45.4,-2,400000,45427,0.113568,152698,0.381745
-45.4,-1.8,400000,45055,0.112638,152341,0.380852
-45.4,-1.6,400000,44892,0.11223,152313,0.380783
-45.4,-1.4,400000,44775,0.111937,152251,0.380628
-45.4,-1.2,400000,44465,0.111162,151890,0.379725
-45.4,-1,400000,45049,0.112623,152338,0.380845
-45.4,-0.8,400000,44958,0.112395,151881,0.379702
-45.4,-0.6,400000,44747,0.111867,152443,0.381107
-45.4,-0.4,400000,44863,0.112157,152313,0.380783
-45.4,-0.2,400000,44667,0.111668,152032,0.38008
-45.4,0,400000,45639,0.114098,152412,0.38103
-45.4,0.2,400000,45106,0.112765,151700,0.37925
-45.4,0.4,400000,45224,0.11306,151730,0.379325
-45.4,0.6,400000,44893,0.112232,152365,0.380912
-45.4,0.8,400000,44663,0.111658,151739,0.379348
-45.4,1,400000,44809,0.112022,151724,0.37931
-45.4,1.2,400000,44881,0.112202,152252,0.38063
-45.4,1.4,400000,44500,0.11125,152136,0.38034
-45.4,1.6,400000,44543,0.111357,152075,0.380188
-45.4,1.8,400000,45011,0.112528,152300,0.38075
-45.4,2,400000,45162,0.112905,152268,0.38067
-45.4,2.2,400000,44739,0.111848,152276,0.38069
-45.4,2.4,400000,44883,0.112208,152153,0.380383
-45.4,2.6,400000,44893,0.112232,152829,0.382072
-45.4,2.8,400000,45055,0.112638,152778,0.381945
-45.4,3,400000,44277,0.110692,151938,0.379845
-45.4,3.2,400000,44647,0.111617,152240,0.3806
-45.4,3.4,400000,44996,0.11249,152147,0.380368
-45.4,3.6,400000,44858,0.112145,151713,0.379283
-45.4,3.8,400000,44213,0.110533,151748,0.37937
-45.4,4,400000,44743,0.111857,151594,0.378985
-45.4,4.2,400000,44344,0.11086,151682,0.379205
-45.4,4.4,400000,44261,0.110653,152033,0.380082
-45.4,4.6,400000,45071,0.112677,152068,0.38017
-45.4,4.8,400000,44797,0.111992,152554,0.381385
-45.4,5,400000,45040,0.1126,152427,0.381068
-45.4,5.2,400000,44787,0.111967,152303,0.380758
-45.4,5.4,400000,44741,0.111852,151646,0.379115
-45.4,5.6,400000,44792,0.11198,152370,0.380925
-45.4,5.8,400000,44799,0.111997,151951,0.379877
-45.4,6,400000,44978,0.112445,152239,0.380597
-45.4,6.2,400000,44802,0.112005,151603,0.379007
-45.4,6.4,400000,44954,0.112385,152374,0.380935
-45.4,6.6,400000,44418,0.111045,152202,0.380505
-45.4,6.8,400000,44652,0.11163,151960,0.3799
-45.4,7,400000,44566,0.111415,151835,0.379588
-45.4,7.2,400000,44824,0.11206,151474,0.378685
-45.4,7.4,400000,44587,0.111467,152305,0.380763
-45.4,7.6,400000,45115,0.112787,152759,0.381898
-45.4,7.8,400000,44599,0.111497,152133,0.380333
-45.4,8,400000,44747,0.111867,152210,0.380525
-45.4,8.2,400000,44853,0.112132,152049,0.380122
-45.4,8.4,400000,44709,0.111772,151925,0.379812
-45.4,8.6,400000,44721,0.111802,151442,0.378605
-45.4,8.8,400000,44787,0.111967,151779,0.379447
-45.4,9,400000,44123,0.110308,151915,0.379788
-45.4,9.2,400000,45207,0.113018,151856,0.37964
-45.4,9.4,400000,44766,0.111915,151586,0.378965
-45.4,9.6,400000,44862,0.112155,151962,0.379905
-45.4,9.8,400000,44733,0.111833,152089,0.380223
-45.4,10,400000,44439,0.111098,151527,0.378817
-45.4,10.2,400000,44627,0.111568,151641,0.379103
-45.4,10.4,400000,44493,0.111232,152107,0.380267
-45.4,10.6,400000,44516,0.11129,152288,0.38072
-45.4,10.8,400000,45360,0.1134,152286,0.380715
-45.4,11,400000,44541,0.111352,151489,0.378723
-45.4,11.2,400000,44867,0.112168,152148,0.38037
-45.4,11.4,400000,44623,0.111558,151428,0.37857
-45.4,11.6,400000,44431,0.111077,152243,0.380607
-45.4,11.8,400000,44634,0.111585,151579,0.378947
-45.4,12,400000,44946,0.112365,152132,0.38033
-45.4,12.2,400000,45128,0.11282,152259,0.380648
-45.4,12.4,400000,44885,0.112213,151405,0.378512
-45.4,12.6,400000,44551,0.111378,152159,0.380397
-45.4,12.8,400000,44603,0.111507,151431,0.378578
-45.4,13,400000,44297,0.110742,151383,0.378458
-45.4,13.2,400000,44786,0.111965,152236,0.38059
-45.4,13.4,400000,44718,0.111795,151733,0.379333
-45.4,13.6,400000,45150,0.112875,152203,0.380507
-45.4,13.8,400000,44697,0.111742,152387,0.380968
-45.4,14,400000,45022,0.112555,151736,0.37934
-45.4,14.2,400000,44537,0.111342,151799,0.379497
-45.4,14.4,400000,44628,0.11157,152193,0.380483
-45.4,14.6,400000,44748,0.11187,151718,0.379295
-45.4,14.8,400000,44639,0.111598,152213,0.380532
-45.4,15,400000,45276,0.11319,152348,0.38087
-45.4,15.2,400000,44548,0.11137,152009,0.380022
-45.4,15.4,400000,45206,0.113015,152106,0.380265
-45.4,15.6,400000,44645,0.111613,152017,0.380043
-45.4,15.8,400000,45028,0.11257,152005,0.380012
-45.4,16,400000,44294,0.110735,151423,0.378557
-45.4,16.2,400000,44761,0.111903,152308,0.38077
-45.4,16.4,400000,44562,0.111405,151841,0.379603
-45.4,16.6,400000,45615,0.114037,152140,0.38035
-45.4,16.8,400000,45400,0.1135,152388,0.38097
-45.4,17,400000,44889,0.112223,152536,0.38134
-45.4,17.2,400000,45004,0.11251,152022,0.380055
-45.4,17.4,400000,44519,0.111297,151891,0.379727
-45.4,17.6,400000,45067,0.112668,151796,0.37949
-45.4,17.8,400000,44699,0.111747,151737,0.379343
-45.4,18,400000,44634,0.111585,151809,0.379522
-45.4,18.2,400000,44476,0.11119,151343,0.378358
-45.4,18.4,400000,44932,0.11233,152356,0.38089
-45.4,18.6,400000,44887,0.112217,151957,0.379893
-45.4,18.8,400000,44787,0.111967,151961,0.379902
-45.4,19,400000,45146,0.112865,152550,0.381375
-45.4,19.2,400000,44767,0.111918,151775,0.379437
-45.4,19.4,400000,45045,0.112613,151661,0.379153
-45.4,19.6,400000,44867,0.112168,152352,0.38088
-45.4,19.8,400000,44647,0.111617,152078,0.380195
-45.4,20,400000,44325,0.110812,151801,0.379503
-45.4,20.2,400000,44723,0.111808,151544,0.37886
-45.4,20.4,400000,44595,0.111488,151705,0.379263
-45.4,20.6,400000,44959,0.112397,152217,0.380543
-45.4,20.8,400000,44589,0.111473,151903,0.379758
-45.4,21,400000,45204,0.11301,152746,0.381865
-45.4,21.2,400000,45479,0.113698,152393,0.380983
-45.4,21.4,400000,44803,0.112007,151528,0.37882
-45.4,21.6,400000,44986,0.112465,152398,0.380995
-45.4,21.8,400000,45373,0.113433,152073,0.380182
-45.4,22,400000,44629,0.111573,152300,0.38075
-45.4,22.2,400000,44984,0.11246,151895,0.379738
-45.4,22.4,400000,44739,0.111848,151918,0.379795
-45.4,22.6,400000,43765,0.109412,151354,0.378385
-45.4,22.8,400000,44987,0.112467,151831,0.379578
-45.4,23,400000,44521,0.111302,151592,0.37898
-45.4,23.2,400000,44930,0.112325,152121,0.380302
-45.4,23.4,400000,44749,0.111872,151868,0.37967
-45.4,23.6,400000,44776,0.11194,151745,0.379362
-45.4,23.8,400000,45083,0.112708,151871,0.379678
-45.4,24,400000,44908,0.11227,152328,0.38082
-45.4,24.2,400000,44973,0.112433,152312,0.38078
-45.4,24.4,400000,44800,0.112,152053,0.380132
-45.4,24.6,400000,44127,0.110317,151410,0.378525
-45.4,24.8,400000,45137,0.112842,152700,0.38175
-45.4,25,400000,44383,0.110958,151976,0.37994
-45.4,25.2,400000,45029,0.112573,151773,0.379433
-45.4,25.4,400000,44992,0.11248,152126,0.380315
-45.4,25.6,400000,44160,0.1104,151705,0.379263
-45.4,25.8,400000,44989,0.112473,152172,0.38043
-45.4,26,400000,44997,0.112492,152135,0.380337
-45.4,26.2,400000,44888,0.11222,151902,0.379755
-45.4,26.4,400000,44795,0.111988,152177,0.380443
-45.4,26.6,400000,44951,0.112378,152217,0.380543
-45.4,26.8,400000,44612,0.11153,152148,0.38037
-45.4,27,400000,44860,0.11215,151258,0.378145
-45.4,27.2,400000,44316,0.11079,152092,0.38023
-45.4,27.4,400000,44655,0.111638,152030,0.380075
-45.4,27.6,400000,44696,0.11174,151902,0.379755
-45.4,27.8,400000,44923,0.112308,151927,0.379817
-45.4,28,400000,44802,0.112005,152010,0.380025
-45.4,28.2,400000,44864,0.11216,152024,0.38006
-45.4,28.4,400000,44169,0.110423,151380,0.37845
-45.4,28.6,400000,44771,0.111927,151995,0.379987
-45.4,28.8,400000,45298,0.113245,152189,0.380472
-45.4,29,400000,45031,0.112577,152691,0.381727
-45.4,29.2,400000,44668,0.11167,151667,0.379167
-45.4,29.4,400000,44187,0.110467,152341,0.380852
-45.4,29.6,400000,44807,0.112018,152252,0.38063
-45.4,29.8,400000,44583,0.111458,152389,0.380972
-45.4,30,400000,44205,0.110512,151969,0.379922
-45.4,30.2,400000,44860,0.11215,152267,0.380667
-45.4,30.4,400000,44532,0.11133,151588,0.37897
-45.4,30.6,400000,44227,0.110567,151481,0.378702
-45.4,30.8,400000,44845,0.112113,152120,0.3803
-45.4,31,400000,44869,0.112172,151873,0.379682
-45.4,31.2,400000,44937,0.112342,152013,0.380032
-45.4,31.4,400000,44482,0.111205,151869,0.379673
-45.4,31.6,400000,45011,0.112528,151783,0.379458
-45.4,31.8,400000,44986,0.112465,152235,0.380588
-45.4,32,400000,44563,0.111408,151682,0.379205
-45.4,32.2,400000,44659,0.111647,151795,0.379487
-45.4,32.4,400000,44438,0.111095,152281,0.380702
-45.4,32.6,400000,44325,0.110812,152063,0.380157
-45.4,32.8,400000,44780,0.11195,151744,0.37936
-45.4,33,400000,44674,0.111685,151963,0.379908
-45.4,33.2,400000,45095,0.112738,152286,0.380715
-45.4,33.4,400000,44369,0.110922,151161,0.377902
-45.4,33.6,400000,45017,0.112543,152650,0.381625
-45.4,33.8,400000,44371,0.110927,151597,0.378993
-45.4,34,400000,45076,0.11269,151917,0.379792
-45.4,34.2,400000,44740,0.11185,151909,0.379773
-45.4,34.4,400000,44867,0.112168,152004,0.38001
-45.4,34.6,400000,44569,0.111422,151786,0.379465
-45.4,34.8,400000,44989,0.112473,152255,0.380638
-45.4,35,400000,44485,0.111213,152019,0.380047
-45.4,35.2,400000,44934,0.112335,152425,0.381063
-45.4,35.4,400000,44939,0.112348,151999,0.379997
-45.4,35.6,400000,44747,0.111867,152083,0.380207
-45.4,35.8,400000,44346,0.110865,151954,0.379885
-45.4,36,400000,43932,0.10983,151664,0.37916
-45.4,36.2,400000,44457,0.111143,152120,0.3803
-45.4,36.4,400000,44995,0.112488,151869,0.379673
-45.4,36.6,400000,44463,0.111158,152394,0.380985
-45.4,36.8,400000,44626,0.111565,151916,0.37979
-45.4,37,400000,44953,0.112382,152285,0.380713
-45.4,37.2,400000,44208,0.11052,151758,0.379395
-45.4,37.4,400000,44422,0.111055,151552,0.37888
-45.4,37.6,400000,44902,0.112255,152724,0.38181
-45.4,37.8,400000,44915,0.112287,152136,0.38034
-45.4,38,400000,44884,0.11221,151932,0.37983
-45.4,38.2,400000,44990,0.112475,151970,0.379925
-45.4,38.4,400000,44891,0.112227,152088,0.38022
-45.4,38.6,400000,44606,0.111515,152180,0.38045
-45.4,38.8,400000,44599,0.111497,151672,0.37918
-45.4,39,400000,44795,0.111988,152091,0.380227
-45.4,39.2,400000,44712,0.11178,151536,0.37884
-45.4,39.4,400000,44782,0.111955,152442,0.381105
-45.4,39.6,400000,45249,0.113123,152558,0.381395
-45.4,39.8,400000,44467,0.111168,152062,0.380155
-45.4,40,400000,44508,0.11127,151358,0.378395
-45.4,40.2,400000,44965,0.112412,151643,0.379107
-45.4,40.4,400000,44662,0.111655,152400,0.381
-45.4,40.6,400000,44882,0.112205,152087,0.380217
-45.4,40.8,400000,44967,0.112418,151800,0.3795
-45.4,41,400000,45270,0.113175,152444,0.38111
-45.4,41.2,400000,45187,0.112967,151671,0.379178
-45.4,41.4,400000,44410,0.111025,151786,0.379465
-45.4,41.6,400000,44468,0.11117,151650,0.379125
-45.4,41.8,400000,44272,0.11068,151504,0.37876
-45.4,42,400000,44310,0.110775,151399,0.378497
-45.4,42.2,400000,44839,0.112098,151826,0.379565
-45.4,42.4,400000,44546,0.111365,151735,0.379337
-45.4,42.6,400000,44792,0.11198,152286,0.380715
-45.4,42.8,400000,44870,0.112175,151654,0.379135
-45.4,43,400000,44263,0.110658,151433,0.378582
-45.4,43.2,400000,44538,0.111345,151756,0.37939
-45.4,43.4,400000,45242,0.113105,152131,0.380327
-45.4,43.6,400000,45012,0.11253,152288,0.38072
-45.4,43.8,400000,44758,0.111895,152336,0.38084
-45.4,44,400000,45096,0.11274,152406,0.381015
-45.4,44.2,400000,44989,0.112473,152480,0.3812
-45.4,44.4,400000,44659,0.111647,152156,0.38039
-45.4,44.6,400000,45029,0.112573,151786,0.379465
-45.4,44.8,400000,44760,0.1119,152281,0.380702
-45.4,45,400000,45005,0.112513,151605,0.379012
-45.4,45.2,400000,44580,0.11145,152075,0.380188
-45.4,45.4,400000,44617,0.111543,151609,0.379022
-45.4,45.6,400000,44890,0.112225,151850,0.379625
-45.4,45.8,400000,44736,0.11184,152038,0.380095
-45.4,46,400000,45166,0.112915,152203,0.380507
-45.4,46.2,400000,45338,0.113345,151682,0.379205
-45.4,46.4,400000,45089,0.112723,152248,0.38062
-45.4,46.6,400000,45093,0.112732,152075,0.380188
-45.4,46.8,400000,45004,0.11251,151836,0.37959
-45.4,47,400000,44948,0.11237,151894,0.379735
-45.4,47.2,400000,44943,0.112357,151725,0.379312
-45.4,47.4,400000,45302,0.113255,151884,0.37971
-45.4,47.6,400000,45158,0.112895,152051,0.380128
-45.4,47.8,400000,45246,0.113115,151714,0.379285
-45.4,48,400000,44628,0.11157,151563,0.378908
-45.4,48.2,400000,44835,0.112088,152081,0.380202
-45.4,48.4,400000,44828,0.11207,152119,0.380298
-45.4,48.6,400000,45343,0.113357,152483,0.381207
-45.4,48.8,400000,45051,0.112628,151985,0.379962
-45.4,49,400000,44426,0.111065,151766,0.379415
-45.4,49.2,400000,44661,0.111653,151371,0.378428
-45.4,49.4,400000,44753,0.111882,152913,0.382283
-45.4,49.6,400000,45208,0.11302,151804,0.37951
-45.4,49.8,400000,44559,0.111397,152020,0.38005
-45.4,50,400000,44727,0.111818,151280,0.3782
-45.2,-50,400000,44844,0.11211,152952,0.38238
-45.2,-49.8,400000,44604,0.11151,152719,0.381798
-45.2,-49.6,400000,44898,0.112245,152524,0.38131
-45.2,-49.4,400000,44777,0.111943,151758,0.379395
-45.2,-49.2,400000,45304,0.11326,152693,0.381732
-45.2,-49,400000,44873,0.112183,151666,0.379165
-45.2,-48.8,400000,45187,0.112967,151610,0.379025
-45.2,-48.6,400000,44784,0.11196,152399,0.380997
-45.2,-48.4,400000,44704,0.11176,151588,0.37897
-45.2,-48.2,400000,44454,0.111135,151772,0.37943
-45.2,-48,400000,44680,0.1117,152144,0.38036
-45.2,-47.8,400000,44828,0.11207,152294,0.380735
-45.2,-47.6,400000,44531,0.111327,152064,0.38016
-45.2,-47.4,400000,44832,0.11208,152034,0.380085
-45.2,-47.2,400000,44494,0.111235,152012,0.38003
-45.2,-47,400000,44676,0.11169,152138,0.380345
-45.2,-46.8,400000,44471,0.111177,152126,0.380315
-45.2,-46.6,400000,45221,0.113053,152173,0.380433
-45.2,-46.4,400000,44916,0.11229,152014,0.380035
-45.2,-46.2,400000,45026,0.112565,152323,0.380808
-45.2,-46,400000,44733,0.111833,151716,0.37929
-45.2,-45.8,400000,45109,0.112772,152437,0.381093
-45.2,-45.6,400000,44644,0.11161,151942,0.379855
-45.2,-45.4,400000,44208,0.11052,151318,0.378295
-45.2,-45.2,400000,45083,0.112708,152088,0.38022
-45.2,-45,400000,44849,0.112122,152649,0.381622
-45.2,-44.8,400000,44644,0.11161,152082,0.380205
-45.2,-44.6,400000,44719,0.111797,152236,0.38059
-45.2,-44.4,400000,44919,0.112297,152426,0.381065
-45.2,-44.2,400000,45062,0.112655,152044,0.38011
-45.2,-44,400000,44961,0.112403,151850,0.379625
-45.2,-43.8,400000,44502,0.111255,152433,0.381082
-45.2,-43.6,400000,44305,0.110762,151485,0.378713
-45.2,-43.4,400000,45161,0.112903,152504,0.38126
-45.2,-43.2,400000,44407,0.111018,151835,0.379588
-45.2,-43,400000,44887,0.112217,151799,0.379497
-45.2,-42.8,400000,44493,0.111232,152078,0.380195
-45.2,-42.6,400000,44702,0.111755,152179,0.380447
-45.2,-42.4,400000,44734,0.111835,152157,0.380393
-45.2,-42.2,400000,44580,0.11145,151981,0.379953
-45.2,-42,400000,45099,0.112748,151848,0.37962
-45.2,-41.8,400000,45073,0.112683,152064,0.38016
-45.2,-41.6,400000,44912,0.11228,151809,0.379522
-45.2,-41.4,400000,44384,0.11096,151915,0.379788
-45.2,-41.2,400000,44970,0.112425,151950,0.379875
-45.2,-41,400000,45169,0.112922,152306,0.380765
-45.2,-40.8,400000,44671,0.111677,151975,0.379937
-45.2,-40.6,400000,44764,0.11191,152409,0.381022
-45.2,-40.4,400000,44953,0.112382,152045,0.380113
-45.2,-40.2,400000,44638,0.111595,151807,0.379518
-45.2,-40,400000,45041,0.112602,152523,0.381308
-45.2,-39.8,400000,44684,0.11171,151951,0.379877
-45.2,-39.6,400000,45080,0.1127,151833,0.379582
-45.2,-39.4,400000,44744,0.11186,152055,0.380138
-45.2,-39.2,400000,45067,0.112668,152475,0.381188
-45.2,-39,400000,45125,0.112812,151973,0.379933
-45.2,-38.8,400000,45418,0.113545,152268,0.38067
-45.2,-38.6,400000,44870,0.112175,151972,0.37993
-45.2,-38.4,400000,45176,0.11294,152695,0.381738
-45.2,-38.2,400000,44973,0.112433,152371,0.380927
-45.2,-38,400000,45205,0.113013,152335,0.380837
-45.2,-37.8,400000,44651,0.111628,151834,0.379585
-45.2,-37.6,400000,45013,0.112532,151580,0.37895
-45.2,-37.4,400000,44363,0.110908,151781,0.379453
-45.2,-37.2,400000,45198,0.112995,152286,0.380715
-45.2,-37,400000,44889,0.112223,152037,0.380092
-45.2,-36.8,400000,45080,0.1127,152300,0.38075
-45.2,-36.6,400000,45091,0.112727,152312,0.38078
-45.2,-36.4,400000,44519,0.111297,151932,0.37983
-45.2,-36.2,400000,45125,0.112812,152266,0.380665
-45.2,-36,400000,44713,0.111783,151394,0.378485
-45.2,-35.8,400000,44864,0.11216,152175,0.380437
-45.2,-35.6,400000,45467,0.113668,152638,0.381595
-45.2,-35.4,400000,44888,0.11222,152014,0.380035
-45.2,-35.2,400000,45008,0.11252,152525,0.381312
-45.2,-35,400000,44996,0.11249,152165,0.380412
-45.2,-34.8,400000,44501,0.111253,152606,0.381515
-45.2,-34.6,400000,44329,0.110823,151479,0.378698
-45.2,-34.4,400000,44663,0.111658,151947,0.379868
-45.2,-34.2,400000,44585,0.111463,151926,0.379815
-45.2,-34,400000,44213,0.110533,151649,0.379122
-45.2,-33.8,400000,44439,0.111098,151834,0.379585
-45.2,-33.6,400000,44745,0.111863,151148,0.37787
-45.2,-33.4,400000,45048,0.11262,152172,0.38043
-45.2,-33.2,400000,44084,0.11021,152068,0.38017
-45.2,-33,400000,45197,0.112992,152308,0.38077
-45.2,-32.8,400000,44494,0.111235,152141,0.380352
-45.2,-32.6,400000,45189,0.112973,152191,0.380478
-45.2,-32.4,400000,44256,0.11064,151821,0.379553
-45.2,-32.2,400000,44892,0.11223,152160,0.3804
-45.2,-32,400000,44487,0.111217,152081,0.380202
-45.2,-31.8,400000,45541,0.113852,152450,0.381125
-45.2,-31.6,400000,44699,0.111747,151724,0.37931
-45.2,-31.4,400000,44285,0.110713,151669,0.379173
-45.2,-31.2,400000,44708,0.11177,151790,0.379475
-45.2,-31,400000,44272,0.11068,152522,0.381305
-45.2,-30.8,400000,45591,0.113977,152126,0.380315
-45.2,-30.6,400000,44720,0.1118,152329,0.380823
-45.2,-30.4,400000,44818,0.112045,151706,0.379265
-45.2,-30.2,400000,44744,0.11186,152052,0.38013
-45.2,-30,400000,44653,0.111632,151669,0.379173
-45.2,-29.8,400000,45341,0.113352,152243,0.380607
-45.2,-29.6,400000,45080,0.1127,152124,0.38031
-45.2,-29.4,400000,44841,0.112102,152624,0.38156
-45.2,-29.2,400000,44739,0.111848,152174,0.380435
-45.2,-29,400000,44374,0.110935,151634,0.379085
-45.2,-28.8,400000,44841,0.112102,152236,0.38059
-45.2,-28.6,400000,44405,0.111013,151644,0.37911
-45.2,-28.4,400000,44803,0.112007,152103,0.380258
-45.2,-28.2,400000,44805,0.112013,152032,0.38008
-45.2,-28,400000,44952,0.11238,152144,0.38036
-45.2,-27.8,400000,44765,0.111912,151761,0.379402
-45.2,-27.6,400000,44654,0.111635,152127,0.380317
-45.2,-27.4,400000,45188,0.11297,152674,0.381685
-45.2,-27.2,400000,44568,0.11142,151491,0.378727
-45.2,-27,400000,45169,0.112922,151941,0.379852
-45.2,-26.8,400000,44260,0.11065,151285,0.378213
-45.2,-26.6,400000,45217,0.113043,152062,0.380155
-45.2,-26.4,400000,44647,0.111617,151522,0.378805
-45.2,-26.2,400000,44625,0.111562,151806,0.379515
-45.2,-26,400000,44608,0.11152,151857,0.379642
-45.2,-25.8,400000,44882,0.112205,151676,0.37919
-45.2,-25.6,400000,44808,0.11202,152331,0.380827
-45.2,-25.4,400000,44904,0.11226,152604,0.38151
-45.2,-25.2,400000,44443,0.111107,152377,0.380943
-45.2,-25,400000,44804,0.11201,152513,0.381283
-45.2,-24.8,400000,44888,0.11222,151601,0.379003
-45.2,-24.6,400000,45121,0.112802,152474,0.381185
-45.2,-24.4,400000,44294,0.110735,152143,0.380358
-45.2,-24.2,400000,44392,0.11098,151517,0.378792
-45.2,-24,400000,44901,0.112253,152143,0.380358
-45.2,-23.8,400000,44874,0.112185,152338,0.380845
-45.2,-23.6,400000,45279,0.113198,152449,0.381122
-45.2,-23.4,400000,44887,0.112217,152597,0.381493
-45.2,-23.2,400000,44751,0.111878,152258,0.380645
-45.2,-23,400000,44522,0.111305,152091,0.380227
-45.2,-22.8,400000,45044,0.11261,152145,0.380362
-45.2,-22.6,400000,44987,0.112467,152208,0.38052
-45.2,-22.4,400000,44637,0.111592,152287,0.380717
-45.2,-22.2,400000,45039,0.112598,152532,0.38133
-45.2,-22,400000,44473,0.111183,152000,0.38
-45.2,-21.8,400000,45225,0.113062,152230,0.380575
-45.2,-21.6,400000,45074,0.112685,152016,0.38004
-45.2,-21.4,400000,44616,0.11154,151384,0.37846
-45.2,-21.2,400000,44895,0.112238,152097,0.380242
-45.2,-21,400000,45089,0.112723,152433,0.381082
-45.2,-20.8,400000,44445,0.111113,151054,0.377635
-45.2,-20.6,400000,45097,0.112742,153094,0.382735
-45.2,-20.4,400000,44735,0.111838,151744,0.37936
-45.2,-20.2,400000,44973,0.112433,151495,0.378738
-45.2,-20,400000,44828,0.11207,152342,0.380855
-45.2,-19.8,400000,44721,0.111802,151542,0.378855
-45.2,-19.6,400000,45075,0.112687,151887,0.379717
-45.2,-19.4,400000,44773,0.111933,152225,0.380563
-45.2,-19.2,400000,44943,0.112357,152153,0.380383
-45.2,-19,400000,45493,0.113733,152324,0.38081
-45.2,-18.8,400000,45098,0.112745,152381,0.380953
-45.2,-18.6,400000,45011,0.112528,152218,0.380545
-45.2,-18.4,400000,45173,0.112933,152987,0.382468
-45.2,-18.2,400000,45057,0.112643,152183,0.380458
-45.2,-18,400000,44814,0.112035,151895,0.379738
-45.2,-17.8,400000,44899,0.112248,152208,0.38052
-45.2,-17.6,400000,44929,0.112323,152603,0.381507
-45.2,-17.4,400000,44958,0.112395,150956,0.37739
-45.2,-17.2,400000,44731,0.111827,152329,0.380823
-45.2,-17,400000,45145,0.112863,152415,0.381037
-45.2,-16.8,400000,44457,0.111143,151835,0.379588
-45.2,-16.6,400000,45093,0.112732,152178,0.380445
-45.2,-16.4,400000,44749,0.111872,152493,0.381232
-45.2,-16.2,400000,44638,0.111595,151556,0.37889
-45.2,-16,400000,44875,0.112187,151718,0.379295
-45.2,-15.8,400000,44471,0.111177,151884,0.37971
-45.2,-15.6,400000,44521,0.111302,152112,0.38028
-45.2,-15.4,400000,44539,0.111348,152218,0.380545
-45.2,-15.2,400000,45174,0.112935,152617,0.381543
-45.2,-15,400000,44930,0.112325,152622,0.381555
-45.2,-14.8,400000,44803,0.112007,152354,0.380885
-45.2,-14.6,400000,45111,0.112778,151410,0.378525
-45.2,-14.4,400000,45093,0.112732,152443,0.381107
-45.2,-14.2,400000,45180,0.11295,152074,0.380185
-45.2,-14,400000,45067,0.112668,152368,0.38092
-45.2,-13.8,400000,44644,0.11161,152397,0.380993
-45.2,-13.6,400000,44586,0.111465,152368,0.38092
-45.2,-13.4,400000,44555,0.111388,152044,0.38011
-45.2,-13.2,400000,44829,0.112073,151984,0.37996
-45.2,-13,400000,44799,0.111997,151813,0.379532
-45.2,-12.8,400000,44786,0.111965,152180,0.38045
-45.2,-12.6,400000,44543,0.111357,152528,0.38132
-45.2,-12.4,400000,44682,0.111705,152429,0.381072
-45.2,-12.2,400000,44910,0.112275,152496,0.38124
-45.2,-12,400000,45075,0.112687,152331,0.380827
-45.2,-11.8,400000,44800,0.112,151573,0.378933
-45.2,-11.6,400000,45346,0.113365,152644,0.38161
-45.2,-11.4,400000,44829,0.112073,152515,0.381288
-45.2,-11.2,400000,45432,0.11358,152045,0.380113
-45.2,-11,400000,44344,0.11086,151847,0.379617
-45.2,-10.8,400000,44725,0.111812,151906,0.379765
-45.2,-10.6,400000,44798,0.111995,152105,0.380263
-45.2,-10.4,400000,44835,0.112088,151905,0.379763
-45.2,-10.2,400000,44345,0.110863,151577,0.378943
-45.2,-10,400000,44973,0.112433,152030,0.380075
-45.2,-9.8,400000,44592,0.11148,152066,0.380165
-45.2,-9.6,400000,45091,0.112727,152057,0.380142
-45.2,-9.4,400000,44412,0.11103,152041,0.380103
-45.2,-9.2,400000,45129,0.112823,151806,0.379515
-45.2,-9,400000,44671,0.111677,152167,0.380418
-45.2,-8.8,400000,45061,0.112653,152037,0.380092
-45.2,-8.6,400000,44884,0.11221,152278,0.380695
-45.2,-8.4,400000,44440,0.1111,152224,0.38056
-45.2,-8.2,400000,44831,0.112077,151617,0.379043
-45.2,-8,400000,45141,0.112852,152330,0.380825
-45.2,-7.8,400000,44636,0.11159,152035,0.380088
-45.2,-7.6,400000,44741,0.111852,152148,0.38037
-45.2,-7.4,400000,44710,0.111775,151844,0.37961
-45.2,-7.2,400000,44682,0.111705,152299,0.380748
-45.2,-7,400000,45174,0.112935,152372,0.38093
-45.2,-6.8,400000,45185,0.112962,152538,0.381345
-45.2,-6.6,400000,45071,0.112677,152215,0.380537
-45.2,-6.4,400000,45086,0.112715,152758,0.381895
-45.2,-6.2,400000,45170,0.112925,152491,0.381227
-45.2,-6,400000,44765,0.111912,151701,0.379252
-45.2,-5.8,400000,44791,0.111977,152426,0.381065
-45.2,-5.6,400000,44933,0.112333,152375,0.380937
-45.2,-5.4,400000,44571,0.111427,152285,0.380713
-45.2,-5.2,400000,44557,0.111393,152285,0.380713
-45.2,-5,400000,44791,0.111977,152036,0.38009
-45.2,-4.8,400000,43767,0.109418,151026,0.377565
-45.2,-4.6,400000,44867,0.112168,152134,0.380335
-45.2,-4.4,400000,44515,0.111287,151857,0.379642
-45.2,-4.2,400000,44474,0.111185,151683,0.379207
-45.2,-4,400000,45413,0.113532,152051,0.380128
-45.2,-3.8,400000,44556,0.11139,151528,0.37882
-45.2,-3.6,400000,44655,0.111638,152299,0.380748
-45.2,-3.4,400000,45070,0.112675,151845,0.379613
-45.2,-3.2,400000,44636,0.11159,152664,0.38166
-45.2,-3,400000,45190,0.112975,152895,0.382238
-45.2,-2.8,400000,45129,0.112823,152328,0.38082
-45.2,-2.6,400000,44904,0.11226,151687,0.379217
-45.2,-2.4,400000,44965,0.112412,152850,0.382125
-45.2,-2.2,400000,45245,0.113113,152217,0.380543
-45.2,-2,400000,44596,0.11149,151755,0.379387
-45.2,-1.8,400000,44569,0.111422,151665,0.379163
-45.2,-1.6,400000,45210,0.113025,151620,0.37905
-45.2,-1.4,400000,44953,0.112382,151556,0.37889
-45.2,-1.2,400000,44279,0.110698,151978,0.379945
-45.2,-1,400000,44323,0.110808,151743,0.379358
-45.2,-0.8,400000,44690,0.111725,152266,0.380665
-45.2,-0.6,400000,44732,0.11183,152120,0.3803
-45.2,-0.4,400000,45114,0.112785,151873,0.379682
-45.2,-0.2,400000,44630,0.111575,151990,0.379975
-45.2,0,400000,44587,0.111467,151867,0.379667
-45.2,0.2,400000,44804,0.11201,151915,0.379788
-45.2,0.4,400000,44747,0.111867,152229,0.380572
-45.2,0.6,400000,44387,0.110967,151946,0.379865
-45.2,0.8,400000,44867,0.112168,152360,0.3809
-45.2,1,400000,44911,0.112278,151809,0.379522
-45.2,1.2,400000,44571,0.111427,151419,0.378547
-45.2,1.4,400000,44788,0.11197,151857,0.379642
-45.2,1.6,400000,44682,0.111705,151457,0.378642
-45.2,1.8,400000,44846,0.112115,151681,0.379202
-45.2,2,400000,44859,0.112147,152283,0.380707
-45.2,2.2,400000,44908,0.11227,151657,0.379142
-45.2,2.4,400000,44568,0.11142,151365,0.378412
-45.2,2.6,400000,45116,0.11279,152547,0.381368
-45.2,2.8,400000,44778,0.111945,151899,0.379748
-45.2,3,400000,44577,0.111442,151399,0.378497
-45.2,3.2,400000,45037,0.112592,151859,0.379648
-45.2,3.4,400000,44931,0.112327,152405,0.381012
-45.2,3.6,400000,44445,0.111113,152044,0.38011
-45.2,3.8,400000,44940,0.11235,151135,0.377837
-45.2,4,400000,44749,0.111872,151780,0.37945
-45.2,4.2,400000,45146,0.112865,152699,0.381748
-45.2,4.4,400000,44878,0.112195,151688,0.37922
-45.2,4.6,400000,44951,0.112378,151797,0.379493
-45.2,4.8,400000,44070,0.110175,151689,0.379223
-45.2,5,400000,44590,0.111475,151621,0.379053
-45.2,5.2,400000,44684,0.11171,152616,0.38154
-45.2,5.4,400000,44732,0.11183,151824,0.37956
-45.2,5.6,400000,44682,0.111705,151443,0.378607
-45.2,5.8,400000,44944,0.11236,151688,0.37922
-45.2,6,400000,44668,0.11167,151907,0.379767
-45.2,6.2,400000,45017,0.112543,152128,0.38032
-45.2,6.4,400000,44937,0.112342,152480,0.3812
-45.2,6.6,400000,44374,0.110935,151684,0.37921
-45.2,6.8,400000,45245,0.113113,152059,0.380148
-45.2,7,400000,44741,0.111852,152041,0.380103
-45.2,7.2,400000,44556,0.11139,150984,0.37746
-45.2,7.4,400000,44226,0.110565,151634,0.379085
-45.2,7.6,400000,44848,0.11212,151697,0.379242
-45.2,7.8,400000,44704,0.11176,152435,0.381088
-45.2,8,400000,45202,0.113005,151713,0.379283
-45.2,8.2,400000,44469,0.111172,151385,0.378462
-45.2,8.4,400000,44787,0.111967,152012,0.38003
-45.2,8.6,400000,45638,0.114095,152268,0.38067
-45.2,8.8,400000,44954,0.112385,152817,0.382043
-45.2,9,400000,44419,0.111047,151727,0.379317
-45.2,9.2,400000,44494,0.111235,151967,0.379918
-45.2,9.4,400000,44847,0.112117,151943,0.379858
-45.2,9.6,400000,44707,0.111768,151770,0.379425
-45.2,9.8,400000,45107,0.112768,152068,0.38017
-45.2,10,400000,44949,0.112373,152884,0.38221
-45.2,10.2,400000,45307,0.113267,151819,0.379547
-45.2,10.4,400000,45153,0.112882,152236,0.38059
-45.2,10.6,400000,45023,0.112558,152134,0.380335
-45.2,10.8,400000,44355,0.110887,151661,0.379153
-45.2,11,400000,45093,0.112732,151628,0.37907
-45.2,11.2,400000,44597,0.111492,151689,0.379223
-45.2,11.4,400000,45284,0.11321,152150,0.380375
-45.2,11.6,400000,44923,0.112308,151502,0.378755
-45.2,11.8,400000,44393,0.110982,151288,0.37822
-45.2,12,400000,44791,0.111977,152071,0.380178
-45.2,12.2,400000,45084,0.11271,152718,0.381795
-45.2,12.4,400000,44909,0.112272,152291,0.380727
-45.2,12.6,400000,44723,0.111808,152103,0.380258
-45.2,12.8,400000,44243,0.110607,151929,0.379823
-45.2,13,400000,44821,0.112052,151523,0.378808
-45.2,13.2,400000,44937,0.112342,152265,0.380663
-45.2,13.4,400000,44501,0.111253,152295,0.380738
-45.2,13.6,400000,44392,0.11098,152104,0.38026
-45.2,13.8,400000,45440,0.1136,151808,0.37952
-45.2,14,400000,44638,0.111595,151598,0.378995
-45.2,14.2,400000,45407,0.113517,152238,0.380595
-45.2,14.4,400000,44595,0.111488,152181,0.380453
-45.2,14.6,400000,44859,0.112147,152451,0.381128
-45.2,14.8,400000,45017,0.112543,151911,0.379777
-45.2,15,400000,44367,0.110918,151946,0.379865
-45.2,15.2,400000,44525,0.111312,152007,0.380018
-45.2,15.4,400000,44290,0.110725,151420,0.37855
-45.2,15.6,400000,45229,0.113073,151985,0.379962
-45.2,15.8,400000,45253,0.113132,151678,0.379195
-45.2,16,400000,44985,0.112463,152021,0.380053
-45.2,16.2,400000,44681,0.111702,152052,0.38013
-45.2,16.4,400000,44927,0.112318,151488,0.37872
-45.2,16.6,400000,44955,0.112388,151749,0.379373
-45.2,16.8,400000,44529,0.111323,152571,0.381427
-45.2,17,400000,44780,0.11195,151682,0.379205
-45.2,17.2,400000,44596,0.11149,151648,0.37912
-45.2,17.4,400000,45326,0.113315,151648,0.37912
-45.2,17.6,400000,44467,0.111168,152103,0.380258
-45.2,17.8,400000,44527,0.111317,152137,0.380342
-45.2,18,400000,45138,0.112845,152071,0.380178
-45.2,18.2,400000,44928,0.11232,152637,0.381593
-45.2,18.4,400000,45067,0.112668,151814,0.379535
-45.2,18.6,400000,44937,0.112342,151950,0.379875
-45.2,18.8,400000,44904,0.11226,152536,0.38134
-45.2,19,400000,44845,0.112113,152491,0.381227
-45.2,19.2,400000,44928,0.11232,152476,0.38119
-45.2,19.4,400000,44641,0.111602,152724,0.38181
-45.2,19.6,400000,45019,0.112547,152508,0.38127
-45.2,19.8,400000,45045,0.112613,152124,0.38031
-45.2,20,400000,45152,0.11288,152684,0.38171
-45.2,20.2,400000,44831,0.112077,152383,0.380958
-45.2,20.4,400000,44964,0.11241,151781,0.379453
-45.2,20.6,400000,45173,0.112933,152560,0.3814
-45.2,20.8,400000,45351,0.113378,152536,0.38134
-45.2,21,400000,45367,0.113418,152737,0.381842
-45.2,21.2,400000,44921,0.112302,151898,0.379745
-45.2,21.4,400000,44542,0.111355,152515,0.381288
-45.2,21.6,400000,45053,0.112632,151870,0.379675
-45.2,21.8,400000,44699,0.111747,151536,0.37884
-45.2,22,400000,44785,0.111963,151862,0.379655
-45.2,22.2,400000,44711,0.111778,151622,0.379055
-45.2,22.4,400000,44445,0.111113,152142,0.380355
-45.2,22.6,400000,45079,0.112698,151931,0.379827
-45.2,22.8,400000,44378,0.110945,152111,0.380277
-45.2,23,400000,45230,0.113075,151834,0.379585
-45.2,23.2,400000,44640,0.1116,151501,0.378752
-45.2,23.4,400000,44901,0.112253,151926,0.379815
-45.2,23.6,400000,44822,0.112055,151569,0.378922
-45.2,23.8,400000,44564,0.11141,151630,0.379075
-45.2,24,400000,44949,0.112373,151744,0.37936
-45.2,24.2,400000,45239,0.113098,152338,0.380845
-45.2,24.4,400000,45083,0.112708,152126,0.380315
-45.2,24.6,400000,45479,0.113698,152595,0.381487
-45.2,24.8,400000,44892,0.11223,151876,0.37969
-45.2,25,400000,44564,0.11141,151610,0.379025
-45.2,25.2,400000,45134,0.112835,152565,0.381412
-45.2,25.4,400000,45391,0.113477,152125,0.380312
-45.2,25.6,400000,44683,0.111708,151844,0.37961
-45.2,25.8,400000,44991,0.112477,152230,0.380575
-45.2,26,400000,45069,0.112672,152113,0.380283
-45.2,26.2,400000,44581,0.111452,152212,0.38053
-45.2,26.4,400000,44594,0.111485,151887,0.379717
-45.2,26.6,400000,44840,0.1121,151916,0.37979
-45.2,26.8,400000,45268,0.11317,152219,0.380547
-45.2,27,400000,44867,0.112168,152145,0.380362
-45.2,27.2,400000,45158,0.112895,152016,0.38004
-45.2,27.4,400000,44719,0.111797,151568,0.37892
-45.2,27.6,400000,44571,0.111427,151714,0.379285
-45.2,27.8,400000,44800,0.112,151934,0.379835
-45.2,28,400000,45344,0.11336,152369,0.380922
-45.2,28.2,400000,45028,0.11257,152737,0.381842
-45.2,28.4,400000,44403,0.111007,151635,0.379088
-45.2,28.6,400000,44790,0.111975,152134,0.380335
-45.2,28.8,400000,44948,0.11237,152295,0.380738
-45.2,29,400000,44559,0.111397,152036,0.38009
-45.2,29.2,400000,44767,0.111918,151834,0.379585
-45.2,29.4,400000,44930,0.112325,152385,0.380962
-45.2,29.6,400000,44935,0.112338,152268,0.38067
-45.2,29.8,400000,44807,0.112018,152077,0.380192
-45.2,30,400000,45231,0.113077,152425,0.381063
-45.2,30.2,400000,44726,0.111815,152210,0.380525
-45.2,30.4,400000,44964,0.11241,152032,0.38008
-45.2,30.6,400000,45167,0.112918,152145,0.380362
-45.2,30.8,400000,44444,0.11111,151878,0.379695
-45.2,31,400000,44585,0.111463,151578,0.378945
-45.2,31.2,400000,44728,0.11182,151961,0.379902
-45.2,31.4,400000,44736,0.11184,152291,0.380727
-45.2,31.6,400000,45073,0.112683,152257,0.380642
-45.2,31.8,400000,45023,0.112558,152452,0.38113
-45.2,32,400000,44723,0.111808,151744,0.37936
-45.2,32.2,400000,44609,0.111522,151942,0.379855
-45.2,32.4,400000,43894,0.109735,151695,0.379238
-45.2,32.6,400000,44651,0.111628,151964,0.37991
-45.2,32.8,400000,44711,0.111778,152005,0.380012
-45.2,33,400000,44922,0.112305,152687,0.381717
-45.2,33.2,400000,45118,0.112795,152045,0.380113
-45.2,33.4,400000,44776,0.11194,151893,0.379732
-45.2,33.6,400000,44441,0.111103,151585,0.378962
-45.2,33.8,400000,45083,0.112708,152032,0.38008
-45.2,34,400000,45072,0.11268,152382,0.380955
-45.2,34.2,400000,44864,0.11216,152379,0.380947
-45.2,34.4,400000,44723,0.111808,151631,0.379078
-45.2,34.6,400000,44663,0.111658,151996,0.37999
-45.2,34.8,400000,44714,0.111785,152020,0.38005
-45.2,35,400000,44787,0.111967,152520,0.3813
-45.2,35.2,400000,44792,0.11198,152416,0.38104
-45.2,35.4,400000,44654,0.111635,152143,0.380358
-45.2,35.6,400000,44472,0.11118,151883,0.379707
-45.2,35.8,400000,44678,0.111695,152134,0.380335
-45.2,36,400000,44631,0.111577,151751,0.379377
-45.2,36.2,400000,44820,0.11205,151341,0.378352
-45.2,36.4,400000,44740,0.11185,151760,0.3794
-45.2,36.6,400000,44769,0.111922,152327,0.380817
-45.2,36.8,400000,45358,0.113395,152041,0.380103
-45.2,37,400000,45128,0.11282,152194,0.380485
-45.2,37.2,400000,44546,0.111365,151832,0.37958
-45.2,37.4,400000,44817,0.112043,152111,0.380277
-45.2,37.6,400000,44740,0.11185,151586,0.378965
-45.2,37.8,400000,44821,0.112052,151938,0.379845
-45.2,38,400000,44554,0.111385,152092,0.38023
-45.2,38.2,400000,45091,0.112727,152168,0.38042
-45.2,38.4,400000,44591,0.111477,152335,0.380837
-45.2,38.6,400000,45513,0.113782,152518,0.381295
-45.2,38.8,400000,44790,0.111975,151608,0.37902
-45.2,39,400000,44380,0.11095,151770,0.379425
-45.2,39.2,400000,45035,0.112587,151740,0.37935
-45.2,39.4,400000,44999,0.112498,151676,0.37919
-45.2,39.6,400000,44656,0.11164,152086,0.380215
-45.2,39.8,400000,44552,0.11138,151809,0.379522
-45.2,40,400000,44566,0.111415,152558,0.381395
-45.2,40.2,400000,44650,0.111625,151970,0.379925
-45.2,40.4,400000,45169,0.112922,152139,0.380348
-45.2,40.6,400000,44999,0.112498,152016,0.38004
-45.2,40.8,400000,44864,0.11216,151994,0.379985
-45.2,41,400000,44973,0.112433,151818,0.379545
-45.2,41.2,400000,44993,0.112482,151450,0.378625
-45.2,41.4,400000,44899,0.112248,152196,0.38049
-45.2,41.6,400000,44530,0.111325,152414,0.381035
-45.2,41.8,400000,45423,0.113558,151986,0.379965
-45.2,42,400000,45093,0.112732,152088,0.38022
-45.2,42.2,400000,45133,0.112833,152306,0.380765
-45.2,42.4,400000,44106,0.110265,151564,0.37891
-45.2,42.6,400000,44510,0.111275,151860,0.37965
-45.2,42.8,400000,44957,0.112393,152344,0.38086
-45.2,43,400000,44880,0.1122,152078,0.380195
-45.2,43.2,400000,45080,0.1127,151751,0.379377
-45.2,43.4,400000,44563,0.111408,151790,0.379475
-45.2,43.6,400000,44979,0.112448,152729,0.381823
-45.2,43.8,400000,44938,0.112345,152789,0.381972
-45.2,44,400000,44715,0.111787,152444,0.38111
-45.2,44.2,400000,45155,0.112888,152886,0.382215
-45.2,44.4,400000,44781,0.111952,151441,0.378603
-45.2,44.6,400000,44772,0.11193,152033,0.380082
-45.2,44.8,400000,45037,0.112592,152019,0.380047
-45.2,45,400000,44474,0.111185,151912,0.37978
-45.2,45.2,400000,44738,0.111845,152102,0.380255
-45.2,45.4,400000,44646,0.111615,151882,0.379705
-45.2,45.6,400000,45258,0.113145,151954,0.379885
-45.2,45.8,400000,44587,0.111467,151768,0.37942
-45.2,46,400000,44400,0.111,151659,0.379148
-45.2,46.2,400000,45192,0.11298,151856,0.37964
-45.2,46.4,400000,44975,0.112437,152259,0.380648
-45.2,46.6,400000,44685,0.111713,151494,0.378735
-45.2,46.8,400000,44734,0.111835,151899,0.379748
-45.2,47,400000,44895,0.112238,152160,0.3804
-45.2,47.2,400000,45007,0.112518,151949,0.379873
-45.2,47.4,400000,45346,0.113365,152737,0.381842
-45.2,47.6,400000,44820,0.11205,151480,0.3787
-45.2,47.8,400000,44623,0.111558,151942,0.379855
-45.2,48,400000,44502,0.111255,151542,0.378855
-45.2,48.2,400000,44550,0.111375,151777,0.379443
-45.2,48.4,400000,44876,0.11219,152259,0.380648
-45.2,48.6,400000,44408,0.11102,151488,0.37872
-45.2,48.8,400000,44888,0.11222,151642,0.379105
-45.2,49,400000,44893,0.112232,152162,0.380405
-45.2,49.2,400000,44468,0.11117,151905,0.379763
-45.2,49.4,400000,44644,0.11161,151777,0.379443
-45.2,49.6,400000,44846,0.112115,152123,0.380308
-45.2,49.8,400000,44258,0.110645,151829,0.379572
-45.2,50,400000,44783,0.111958,152320,0.3808
-45,-50,400000,44797,0.111992,152220,0.38055
-45,-49.8,400000,44779,0.111948,152226,0.380565
-45,-49.6,400000,45231,0.113077,152100,0.38025
-45,-49.4,400000,44402,0.111005,152150,0.380375
-45,-49.2,400000,45029,0.112573,152041,0.380103
-45,-49,400000,45017,0.112543,151903,0.379758
-45,-48.8,400000,45208,0.11302,151614,0.379035
-45,-48.6,400000,44946,0.112365,151635,0.379088
-45,-48.4,400000,44673,0.111683,152437,0.381093
-45,-48.2,400000,44428,0.11107,151629,0.379072
-45,-48,400000,45276,0.11319,152600,0.3815
-45,-47.8,400000,45071,0.112677,151608,0.37902
-45,-47.6,400000,44921,0.112302,152542,0.381355
-45,-47.4,400000,45375,0.113437,152295,0.380738
-45,-47.2,400000,44513,0.111283,152015,0.380037
-45,-47,400000,44665,0.111662,151928,0.37982
-45,-46.8,400000,45096,0.11274,152855,0.382138
-45,-46.6,400000,44579,0.111448,151905,0.379763
-45,-46.4,400000,45178,0.112945,152020,0.38005
-45,-46.2,400000,44606,0.111515,151749,0.379373
-45,-46,400000,44729,0.111823,151830,0.379575
-45,-45.8,400000,44751,0.111878,151831,0.379578
-45,-45.6,400000,44624,0.11156,151600,0.379
-45,-45.4,400000,44501,0.111253,151854,0.379635
-45,-45.2,400000,44825,0.112062,151927,0.379817
-45,-45,400000,44738,0.111845,151629,0.379072
-45,-44.8,400000,44882,0.112205,151189,0.377972
-45,-44.6,400000,44826,0.112065,151755,0.379387
-45,-44.4,400000,44464,0.11116,152360,0.3809
-45,-44.2,400000,44964,0.11241,152297,0.380742
-45,-44,400000,44686,0.111715,152089,0.380223
-45,-43.8,400000,44820,0.11205,152303,0.380758
-45,-43.6,400000,45044,0.11261,152314,0.380785
-45,-43.4,400000,45028,0.11257,152536,0.38134
-45,-43.2,400000,44756,0.11189,152281,0.380702
-45,-43,400000,44971,0.112427,152683,0.381707
-45,-42.8,400000,44837,0.112092,151908,0.37977
-45,-42.6,400000,44750,0.111875,151703,0.379258
-45,-42.4,400000,45186,0.112965,151790,0.379475
-45,-42.2,400000,44647,0.111617,152118,0.380295
-45,-42,400000,44703,0.111757,152461,0.381153
-45,-41.8,400000,44982,0.112455,152132,0.38033
-45,-41.6,400000,44972,0.11243,152365,0.380912
-45,-41.4,400000,44993,0.112482,152579,0.381447
-45,-41.2,400000,45473,0.113683,152503,0.381258
-45,-41,400000,44658,0.111645,152123,0.380308
-45,-40.8,400000,44822,0.112055,152185,0.380462
-45,-40.6,400000,44733,0.111833,152367,0.380918
-45,-40.4,400000,44823,0.112058,151296,0.37824
-45,-40.2,400000,45013,0.112532,152047,0.380117
-45,-40,400000,44385,0.110963,151264,0.37816
-45,-39.8,400000,44795,0.111988,152013,0.380032
-45,-39.6,400000,44789,0.111973,151414,0.378535
-45,-39.4,400000,45046,0.112615,152024,0.38006
-45,-39.2,400000,44728,0.11182,151694,0.379235
-45,-39,400000,44546,0.111365,152231,0.380578
-45,-38.8,400000,44651,0.111628,151755,0.379387
-45,-38.6,400000,45214,0.113035,152650,0.381625
-45,-38.4,400000,44865,0.112162,151811,0.379528
-45,-38.2,400000,44439,0.111098,151707,0.379267
-45,-38,400000,45104,0.11276,152324,0.38081
-45,-37.8,400000,44748,0.11187,152231,0.380578
-45,-37.6,400000,44698,0.111745,151756,0.37939
-45,-37.4,400000,44964,0.11241,152460,0.38115
-45,-37.2,400000,45004,0.11251,151950,0.379875
-45,-37,400000,45059,0.112647,151977,0.379943
-45,-36.8,400000,44411,0.111028,151642,0.379105
-45,-36.6,400000,44532,0.11133,151811,0.379528
-45,-36.4,400000,44665,0.111662,151963,0.379908
-45,-36.2,400000,44598,0.111495,151985,0.379962
-45,-36,400000,44885,0.112213,152141,0.380352
-45,-35.8,400000,44921,0.112302,151614,0.379035
-45,-35.6,400000,45153,0.112882,151798,0.379495
-45,-35.4,400000,44748,0.11187,152048,0.38012
-45,-35.2,400000,45048,0.11262,152231,0.380578
-45,-35,400000,45142,0.112855,152621,0.381553
-45,-34.8,400000,45065,0.112662,152139,0.380348
-45,-34.6,400000,44833,0.112083,151567,0.378918
-45,-34.4,400000,44455,0.111138,152064,0.38016
-45,-34.2,400000,45040,0.1126,152192,0.38048
-45,-34,400000,44630,0.111575,151988,0.37997
-45,-33.8,400000,44432,0.11108,151699,0.379248
-45,-33.6,400000,44556,0.11139,152399,0.380997
-45,-33.4,400000,44569,0.111422,151754,0.379385
-45,-33.2,400000,44846,0.112115,152374,0.380935
-45,-33,400000,44848,0.11212,152157,0.380393
-45,-32.8,400000,45054,0.112635,152329,0.380823
-45,-32.6,400000,45062,0.112655,152102,0.380255
-45,-32.4,400000,44554,0.111385,151692,0.37923
-45,-32.2,400000,44981,0.112452,152824,0.38206
-45,-32,400000,44856,0.11214,152160,0.3804
-45,-31.8,400000,44312,0.11078,151705,0.379263
-45,-31.6,400000,44841,0.112102,152211,0.380528
-45,-31.4,400000,44574,0.111435,151895,0.379738
-45,-31.2,400000,44681,0.111702,151861,0.379653
-45,-31,400000,44824,0.11206,151192,0.37798
-45,-30.8,400000,44988,0.11247,152494,0.381235
-45,-30.6,400000,44442,0.111105,151671,0.379178
-45,-30.4,400000,44843,0.112107,151978,0.379945
-45,-30.2,400000,44656,0.11164,152263,0.380657
-45,-30,400000,44755,0.111888,152228,0.38057
-45,-29.8,400000,44390,0.110975,152225,0.380563
-45,-29.6,400000,44597,0.111492,151497,0.378742
-45,-29.4,400000,44475,0.111187,152054,0.380135
-45,-29.2,400000,45256,0.11314,152140,0.38035
-45,-29,400000,45342,0.113355,151924,0.37981
-45,-28.8,400000,45009,0.112522,152050,0.380125
-45,-28.6,400000,44958,0.112395,152235,0.380588
-45,-28.4,400000,44381,0.110952,152087,0.380217
-45,-28.2,400000,45216,0.11304,152383,0.380958
-45,-28,400000,44994,0.112485,152542,0.381355
-45,-27.8,400000,44378,0.110945,151722,0.379305
-45,-27.6,400000,45318,0.113295,152076,0.38019
-45,-27.4,400000,44773,0.111933,152529,0.381323
-45,-27.2,400000,45183,0.112958,152011,0.380028
-45,-27,400000,44612,0.11153,151322,0.378305
-45,-26.8,400000,44482,0.111205,151484,0.37871
-45,-26.6,400000,44612,0.11153,152258,0.380645
-45,-26.4,400000,45092,0.11273,152179,0.380447
-45,-26.2,400000,44528,0.11132,151804,0.37951
-45,-26,400000,45074,0.112685,152641,0.381603
-45,-25.8,400000,44829,0.112073,152052,0.38013
-45,-25.6,400000,45160,0.1129,152501,0.381252
-45,-25.4,400000,44815,0.112037,151542,0.378855
-45,-25.2,400000,44665,0.111662,152099,0.380248
-45,-25,400000,44766,0.111915,152055,0.380138
-45,-24.8,400000,44950,0.112375,152133,0.380333
-45,-24.6,400000,44569,0.111422,152297,0.380742
-45,-24.4,400000,44944,0.11236,152035,0.380088
-45,-24.2,400000,44612,0.11153,151747,0.379368
-45,-24,400000,44373,0.110933,151645,0.379113
-45,-23.8,400000,44674,0.111685,151624,0.37906
-45,-23.6,400000,45095,0.112738,152298,0.380745
-45,-23.4,400000,44846,0.112115,152118,0.380295
-45,-23.2,400000,44752,0.11188,152172,0.38043
-45,-23,400000,44630,0.111575,151577,0.378943
-45,-22.8,400000,44926,0.112315,152134,0.380335
-45,-22.6,400000,44737,0.111842,152319,0.380798
-45,-22.4,400000,45407,0.113517,152130,0.380325
-45,-22.2,400000,44913,0.112282,151504,0.37876
-45,-22,400000,45132,0.11283,152512,0.38128
-45,-21.8,400000,44582,0.111455,151724,0.37931
-45,-21.6,400000,44889,0.112223,151407,0.378518
-45,-21.4,400000,44626,0.111565,151800,0.3795
-45,-21.2,400000,44302,0.110755,151475,0.378688
-45,-21,400000,44819,0.112047,152545,0.381362
-45,-20.8,400000,44700,0.11175,152482,0.381205
-45,-20.6,400000,44941,0.112352,151713,0.379283
-45,-20.4,400000,45244,0.11311,152232,0.38058
-45,-20.2,400000,44313,0.110783,151810,0.379525
-45,-20,400000,44558,0.111395,151665,0.379163
-45,-19.8,400000,44764,0.11191,151508,0.37877
-45,-19.6,400000,44850,0.112125,152515,0.381288
-45,-19.4,400000,44674,0.111685,152020,0.38005
-45,-19.2,400000,44865,0.112162,152241,0.380603
-45,-19,400000,44759,0.111897,152009,0.380022
-45,-18.8,400000,44831,0.112077,152014,0.380035
-45,-18.6,400000,44921,0.112302,152378,0.380945
-45,-18.4,400000,44619,0.111547,151715,0.379287
-45,-18.2,400000,45413,0.113532,152955,0.382387
-45,-18,400000,44583,0.111458,152518,0.381295
-45,-17.8,400000,44799,0.111997,152038,0.380095
-45,-17.6,400000,44946,0.112365,152613,0.381532
-45,-17.4,400000,44626,0.111565,151998,0.379995
-45,-17.2,400000,44790,0.111975,152239,0.380597
-45,-17,400000,44496,0.11124,152183,0.380458
-45,-16.8,400000,44472,0.11118,152018,0.380045
-45,-16.6,400000,45083,0.112708,151853,0.379632
-45,-16.4,400000,44512,0.11128,152176,0.38044
-45,-16.2,400000,44786,0.111965,152122,0.380305
-45,-16,400000,44262,0.110655,151218,0.378045
-45,-15.8,400000,44781,0.111952,151998,0.379995
-45,-15.6,400000,44463,0.111158,151228,0.37807
-45,-15.4,400000,44972,0.11243,151664,0.37916
-45,-15.2,400000,44943,0.112357,151668,0.37917
-45,-15,400000,44794,0.111985,152369,0.380922
-45,-14.8,400000,44600,0.1115,151334,0.378335
-45,-14.6,400000,44662,0.111655,151872,0.37968
-45,-14.4,400000,44710,0.111775,152355,0.380887
-45,-14.2,400000,45184,0.11296,152704,0.38176
-45,-14,400000,45177,0.112943,151843,0.379607
-45,-13.8,400000,44885,0.112213,152056,0.38014
-45,-13.6,400000,44869,0.112172,152089,0.380223
-45,-13.4,400000,44675,0.111687,152187,0.380468
-45,-13.2,400000,44980,0.11245,152154,0.380385
-45,-13,400000,44880,0.1122,152458,0.381145
-45,-12.8,400000,44875,0.112187,151760,0.3794
-45,-12.6,400000,44638,0.111595,151697,0.379242
-45,-12.4,400000,45017,0.112543,152338,0.380845
-45,-12.2,400000,44810,0.112025,151822,0.379555
-45,-12,400000,44644,0.11161,151318,0.378295
-45,-11.8,400000,44802,0.112005,152126,0.380315
-45,-11.6,400000,44960,0.1124,151722,0.379305
-45,-11.4,400000,44609,0.111522,151876,0.37969
-45,-11.2,400000,44799,0.111997,152121,0.380302
-45,-11,400000,44836,0.11209,152481,0.381202
-45,-10.8,400000,45166,0.112915,152060,0.38015
-45,-10.6,400000,44749,0.111872,151394,0.378485
-45,-10.4,400000,44570,0.111425,152177,0.380443
-45,-10.2,400000,44713,0.111783,152276,0.38069
-45,-10,400000,45229,0.113073,152214,0.380535
-45,-9.8,400000,45065,0.112662,152390,0.380975
-45,-9.6,400000,44791,0.111977,152415,0.381037
-45,-9.4,400000,44631,0.111577,151955,0.379887
-45,-9.2,400000,45129,0.112823,152272,0.38068
-45,-9,400000,45047,0.112617,151741,0.379352
-45,-8.8,400000,44590,0.111475,151820,0.37955
-45,-8.6,400000,44869,0.112172,152363,0.380908
-45,-8.4,400000,44478,0.111195,151872,0.37968
-45,-8.2,400000,44817,0.112043,152735,0.381837
-45,-8,400000,45030,0.112575,152363,0.380908
-45,-7.8,400000,44959,0.112397,151706,0.379265
-45,-7.6,400000,45420,0.11355,153018,0.382545
-45,-7.4,400000,44818,0.112045,151564,0.37891
-45,-7.2,400000,44706,0.111765,151872,0.37968
-45,-7,400000,44868,0.11217,151913,0.379783
-45,-6.8,400000,44459,0.111147,151590,0.378975
-45,-6.6,400000,44628,0.11157,152250,0.380625
-45,-6.4,400000,44402,0.111005,151646,0.379115
-45,-6.2,400000,44899,0.112248,152257,0.380642
-45,-6,400000,44820,0.11205,152299,0.380748
-45,-5.8,400000,44780,0.11195,152052,0.38013
-45,-5.6,400000,45149,0.112873,152309,0.380773
-45,-5.4,400000,44755,0.111888,151377,0.378443
-45,-5.2,400000,45226,0.113065,151681,0.379202
-45,-5,400000,45020,0.11255,152086,0.380215
-45,-4.8,400000,45147,0.112867,151988,0.37997
-45,-4.6,400000,44438,0.111095,151874,0.379685
-45,-4.4,400000,44945,0.112363,151902,0.379755
-45,-4.2,400000,44861,0.112153,152289,0.380723
-45,-4,400000,44777,0.111943,152396,0.38099
-45,-3.8,400000,44656,0.11164,151606,0.379015
-45,-3.6,400000,45258,0.113145,152214,0.380535
-45,-3.4,400000,44947,0.112367,151971,0.379927
-45,-3.2,400000,44910,0.112275,152220,0.38055
-45,-3,400000,44872,0.11218,151597,0.378993
-45,-2.8,400000,45035,0.112587,151910,0.379775
-45,-2.6,400000,44594,0.111485,151909,0.379773
-45,-2.4,400000,44495,0.111238,152103,0.380258
-45,-2.2,400000,44919,0.112297,152635,0.381588
-45,-2,400000,44783,0.111958,152624,0.38156
-45,-1.8,400000,44804,0.11201,151951,0.379877
-45,-1.6,400000,45008,0.11252,151936,0.37984
-45,-1.4,400000,45038,0.112595,151835,0.379588
-45,-1.2,400000,44773,0.111933,151729,0.379323
-45,-1,400000,45043,0.112607,151978,0.379945
-45,-0.8,400000,45171,0.112928,152621,0.381553
-45,-0.6,400000,44785,0.111963,151648,0.37912
-45,-0.4,400000,44644,0.11161,151999,0.379997
-45,-0.2,400000,44948,0.11237,152462,0.381155
-45,0,400000,44414,0.111035,151304,0.37826
-45,0.2,400000,45047,0.112617,152120,0.3803
-45,0.4,400000,44810,0.112025,151999,0.379997
-45,0.6,400000,44705,0.111763,151527,0.378817
-45,0.8,400000,44640,0.1116,152631,0.381578
-45,1,400000,44672,0.11168,152536,0.38134
-45,1.2,400000,44687,0.111717,152054,0.380135
-45,1.4,400000,44787,0.111967,151977,0.379943
-45,1.6,400000,45623,0.114058,152775,0.381937
-45,1.8,400000,44646,0.111615,151041,0.377603
-45,2,400000,44981,0.112452,151645,0.379113
-45,2.2,400000,44505,0.111263,152080,0.3802
-45,2.4,400000,44188,0.11047,151383,0.378458
-45,2.6,400000,44293,0.110732,151728,0.37932
-45,2.8,400000,45122,0.112805,151656,0.37914
-45,3,400000,44882,0.112205,152176,0.38044
-45,3.2,400000,45213,0.113032,152609,0.381522
-45,3.4,400000,44342,0.110855,151754,0.379385
-45,3.6,400000,44810,0.112025,151943,0.379858
-45,3.8,400000,44941,0.112352,151989,0.379972
-45,4,400000,44758,0.111895,151746,0.379365
-45,4.2,400000,44816,0.11204,151986,0.379965
-45,4.4,400000,44888,0.11222,152107,0.380267
-45,4.6,400000,44677,0.111693,152156,0.38039
-45,4.8,400000,44686,0.111715,151698,0.379245
-45,5,400000,44426,0.111065,151733,0.379333
-45,5.2,400000,44780,0.11195,151970,0.379925
-45,5.4,400000,44357,0.110893,151654,0.379135
-45,5.6,400000,44681,0.111702,151320,0.3783
-45,5.8,400000,44692,0.11173,151731,0.379327
-45,6,400000,44956,0.11239,152610,0.381525
-45,6.2,400000,45034,0.112585,152625,0.381563
-45,6.4,400000,44754,0.111885,152631,0.381578
-45,6.6,400000,44501,0.111253,151624,0.37906
-45,6.8,400000,44752,0.11188,152228,0.38057
-45,7,400000,44731,0.111827,152265,0.380663
-45,7.2,400000,45100,0.11275,152148,0.38037
-45,7.4,400000,44937,0.112342,152175,0.380437
-45,7.6,400000,44389,0.110973,151990,0.379975
-45,7.8,400000,45194,0.112985,152054,0.380135
-45,8,400000,45220,0.11305,152102,0.380255
-45,8.2,400000,44641,0.111602,151437,0.378592
-45,8.4,400000,44339,0.110848,152006,0.380015
-45,8.6,400000,45027,0.112568,152765,0.381912
-45,8.8,400000,44771,0.111927,152128,0.38032
-45,9,400000,44777,0.111943,152535,0.381337
-45,9.2,400000,44439,0.111098,151815,0.379538
-45,9.4,400000,45185,0.112962,152218,0.380545
-45,9.6,400000,44803,0.112007,151756,0.37939
-45,9.8,400000,44882,0.112205,151805,0.379512
-45,10,400000,45182,0.112955,152197,0.380493
-45,10.2,400000,44535,0.111338,152064,0.38016
-45,10.4,400000,45352,0.11338,152489,0.381223
-45,10.6,400000,45205,0.113013,152431,0.381078
-45,10.8,400000,44947,0.112367,152120,0.3803
-45,11,400000,43808,0.10952,151767,0.379418
-45,11.2,400000,44734,0.111835,152098,0.380245
-45,11.4,400000,44740,0.11185,151980,0.37995
-45,11.6,400000,45361,0.113403,152189,0.380472
-45,11.8,400000,45128,0.11282,151426,0.378565
-45,12,400000,45089,0.112723,151859,0.379648
-45,12.2,400000,44715,0.111787,152487,0.381217
-45,12.4,400000,45194,0.112985,152741,0.381852
-45,12.6,400000,44902,0.112255,151944,0.37986
-45,12.8,400000,45128,0.11282,152058,0.380145
-45,13,400000,44664,0.11166,151734,0.379335
-45,13.2,400000,44179,0.110448,151958,0.379895
-45,13.4,400000,45046,0.112615,152622,0.381555
-45,13.6,400000,44985,0.112463,152487,0.381217
-45,13.8,400000,44995,0.112488,152215,0.380537
-45,14,400000,44548,0.11137,151920,0.3798
-45,14.2,400000,44167,0.110418,151495,0.378738
-45,14.4,400000,44806,0.112015,152171,0.380427
-45,14.6,400000,45303,0.113257,152073,0.380182
-45,14.8,400000,44655,0.111638,151880,0.3797
-45,15,400000,45047,0.112617,151388,0.37847
-45,15.2,400000,44781,0.111952,152009,0.380022
-45,15.4,400000,44618,0.111545,151761,0.379402
-45,15.6,400000,43948,0.10987,151395,0.378487
-45,15.8,400000,44873,0.112183,152406,0.381015
-45,16,400000,44565,0.111412,151352,0.37838
-45,16.2,400000,45092,0.11273,151839,0.379597
-45,16.4,400000,45166,0.112915,151728,0.37932
-45,16.6,400000,44462,0.111155,151673,0.379182
-45,16.8,400000,45227,0.113068,152478,0.381195
-45,17,400000,44823,0.112058,151469,0.378673
-45,17.2,400000,45268,0.11317,152873,0.382182
-45,17.4,400000,45239,0.113098,152373,0.380933
-45,17.6,400000,44999,0.112498,151850,0.379625
-45,17.8,400000,45369,0.113422,152520,0.3813
-45,18,400000,44811,0.112028,151990,0.379975
-45,18.2,400000,45092,0.11273,152514,0.381285
-45,18.4,400000,45006,0.112515,152741,0.381852
-45,18.6,400000,44999,0.112498,151854,0.379635
-45,18.8,400000,45071,0.112677,152162,0.380405
-45,19,400000,44548,0.11137,151269,0.378173
-45,19.2,400000,44878,0.112195,152253,0.380632
-45,19.4,400000,44741,0.111852,152220,0.38055
-45,19.6,400000,44925,0.112312,152420,0.38105
-45,19.8,400000,45211,0.113028,152179,0.380447
-45,20,400000,44751,0.111878,151484,0.37871
-45,20.2,400000,44969,0.112422,151946,0.379865
-45,20.4,400000,45201,0.113003,152975,0.382437
-45,20.6,400000,44230,0.110575,151106,0.377765
-45,20.8,400000,45226,0.113065,152880,0.3822
-45,21,400000,44850,0.112125,152188,0.38047
-45,21.2,400000,45296,0.11324,152189,0.380472
-45,21.4,400000,44001,0.110003,151308,0.37827
-45,21.6,400000,44588,0.11147,152009,0.380022
-45,21.8,400000,45082,0.112705,152650,0.381625
-45,22,400000,44647,0.111617,152385,0.380962
-45,22.2,400000,45177,0.112943,152193,0.380483
-45,22.4,400000,44628,0.11157,152623,0.381557
-45,22.6,400000,44700,0.11175,152092,0.38023
-45,22.8,400000,44032,0.11008,152009,0.380022
-45,23,400000,44778,0.111945,151948,0.37987
-45,23.2,400000,45019,0.112547,151917,0.379792
-45,23.4,400000,44959,0.112397,151971,0.379927
-45,23.6,400000,44841,0.112102,151969,0.379922
-45,23.8,400000,44686,0.111715,152107,0.380267
-45,24,400000,45405,0.113513,152457,0.381142
-45,24.2,400000,44480,0.1112,151482,0.378705
-45,24.4,400000,44680,0.1117,152588,0.38147
-45,24.6,400000,44318,0.110795,151786,0.379465
-45,24.8,400000,45183,0.112958,152851,0.382128
-45,25,400000,43975,0.109937,151725,0.379312
-45,25.2,400000,44603,0.111507,151766,0.379415
-45,25.4,400000,45146,0.112865,151754,0.379385
-45,25.6,400000,44512,0.11128,152460,0.38115
-45,25.8,400000,44470,0.111175,151948,0.37987
-45,26,400000,44770,0.111925,151771,0.379427
-45,26.2,400000,44498,0.111245,151753,0.379383
-45,26.4,400000,44777,0.111943,152427,0.381068
-45,26.6,400000,45045,0.112613,152483,0.381207
-45,26.8,400000,45474,0.113685,152697,0.381742
-45,27,400000,44835,0.112088,151948,0.37987
-45,27.2,400000,45206,0.113015,152213,0.380532
-45,27.4,400000,45108,0.11277,152347,0.380868
-45,27.6,400000,44699,0.111747,151995,0.379987
-45,27.8,400000,44511,0.111278,151969,0.379922
-45,28,400000,44814,0.112035,152108,0.38027
-45,28.2,400000,44908,0.11227,152272,0.38068
-45,28.4,400000,45433,0.113583,152513,0.381283
-45,28.6,400000,44712,0.11178,151792,0.37948
-45,28.8,400000,44519,0.111297,151670,0.379175
-45,29,400000,45278,0.113195,152455,0.381138
-45,29.2,400000,45544,0.11386,151909,0.379773
-45,29.4,400000,44482,0.111205,152078,0.380195
-45,29.6,400000,44206,0.110515,151230,0.378075
-45,29.8,400000,45145,0.112863,151943,0.379858
-45,30,400000,44943,0.112357,152152,0.38038
-45,30.2,400000,44993,0.112482,152340,0.38085
-45,30.4,400000,44468,0.11117,151733,0.379333
-45,30.6,400000,44783,0.111958,151829,0.379572
-45,30.8,400000,45051,0.112628,151610,0.379025
-45,31,400000,44334,0.110835,152007,0.380018
-45,31.2,400000,44947,0.112367,152675,0.381688
-45,31.4,400000,45244,0.11311,152433,0.381082
-45,31.6,400000,44599,0.111497,151941,0.379852
-45,31.8,400000,45184,0.11296,152812,0.38203
-45,32,400000,44665,0.111662,152214,0.380535
-45,32.2,400000,45445,0.113613,152529,0.381323
-45,32.4,400000,44892,0.11223,152163,0.380408
-45,32.6,400000,45044,0.11261,152429,0.381072
-45,32.8,400000,44829,0.112073,152695,0.381738
-45,33,400000,44529,0.111323,151634,0.379085
-45,33.2,400000,44882,0.112205,151903,0.379758
-45,33.4,400000,45190,0.112975,152196,0.38049
-45,33.6,400000,45440,0.1136,152329,0.380823
-45,33.8,400000,44918,0.112295,151842,0.379605
-45,34,400000,44918,0.112295,151960,0.3799
-45,34.2,400000,44835,0.112088,152387,0.380968
-45,34.4,400000,45073,0.112683,151618,0.379045
-45,34.6,400000,45193,0.112982,151975,0.379937
-45,34.8,400000,45027,0.112568,152288,0.38072
-45,35,400000,45103,0.112757,152825,0.382063
-45,35.2,400000,45037,0.112592,151535,0.378837
-45,35.4,400000,44863,0.112157,152728,0.38182
-45,35.6,400000,44954,0.112385,151974,0.379935
-45,35.8,400000,44672,0.11168,152257,0.380642
-45,36,400000,44456,0.11114,151694,0.379235
-45,36.2,400000,44854,0.112135,152399,0.380997
-45,36.4,400000,45156,0.11289,151995,0.379987
-45,36.6,400000,44543,0.111357,151986,0.379965
-45,36.8,400000,44899,0.112248,151791,0.379478
-45,37,400000,44928,0.11232,152064,0.38016
-45,37.2,400000,45134,0.112835,152060,0.38015
-45,37.4,400000,45134,0.112835,152487,0.381217
-45,37.6,400000,45307,0.113267,152424,0.38106
-45,37.8,400000,45078,0.112695,152072,0.38018
-45,38,400000,44808,0.11202,152201,0.380503
-45,38.2,400000,44834,0.112085,152016,0.38004
-45,38.4,400000,45160,0.1129,152043,0.380107
-45,38.6,400000,45045,0.112613,152250,0.380625
-45,38.8,400000,44437,0.111092,151983,0.379958
-45,39,400000,44945,0.112363,151897,0.379742
-45,39.2,400000,45020,0.11255,152234,0.380585
-45,39.4,400000,44953,0.112382,152415,0.381037
-45,39.6,400000,45393,0.113483,152268,0.38067
-45,39.8,400000,44580,0.11145,151924,0.37981
-45,40,400000,44580,0.11145,152312,0.38078
-45,40.2,400000,44470,0.111175,151615,0.379038
-45,40.4,400000,44834,0.112085,151813,0.379532
-45,40.6,400000,44579,0.111448,151899,0.379748
-45,40.8,400000,44755,0.111888,152375,0.380937
-45,41,400000,44857,0.112143,151670,0.379175
-45,41.2,400000,44437,0.111092,152110,0.380275
-45,41.4,400000,44535,0.111338,151748,0.37937
-45,41.6,400000,45071,0.112677,152396,0.38099
-45,41.8,400000,44743,0.111857,151946,0.379865
-45,42,400000,45131,0.112827,152742,0.381855
-45,42.2,400000,44714,0.111785,152075,0.380188
-45,42.4,400000,45032,0.11258,152342,0.380855
-45,42.6,400000,44766,0.111915,151537,0.378843
-45,42.8,400000,44759,0.111897,151895,0.379738
-45,43,400000,44643,0.111607,151991,0.379978
-45,43.2,400000,45406,0.113515,152405,0.381012
-45,43.4,400000,44881,0.112202,151507,0.378767
-45,43.6,400000,44990,0.112475,152097,0.380242
-45,43.8,400000,44714,0.111785,151543,0.378858
-45,44,400000,45044,0.11261,152042,0.380105
-45,44.2,400000,44711,0.111778,152700,0.38175
-45,44.4,400000,44473,0.111183,152474,0.381185
-45,44.6,400000,44716,0.11179,151842,0.379605
-45,44.8,400000,45165,0.112912,152559,0.381398
-45,45,400000,44614,0.111535,151893,0.379732
-45,45.2,400000,44894,0.112235,152008,0.38002
-45,45.4,400000,44416,0.11104,151638,0.379095
-45,45.6,400000,45224,0.11306,152296,0.38074
-45,45.8,400000,44947,0.112367,151647,0.379117
-45,46,400000,45414,0.113535,152155,0.380387
-45,46.2,400000,45286,0.113215,152215,0.380537
-45,46.4,400000,45049,0.112623,152191,0.380478
-45,46.6,400000,45138,0.112845,152050,0.380125
-45,46.8,400000,44682,0.111705,152083,0.380207
-45,47,400000,44494,0.111235,151846,0.379615
-45,47.2,400000,45403,0.113507,152020,0.38005
-45,47.4,400000,44626,0.111565,152142,0.380355
-45,47.6,400000,44940,0.11235,152472,0.38118
-45,47.8,400000,45014,0.112535,152143,0.380358
-45,48,400000,44887,0.112217,152330,0.380825
-45,48.2,400000,44962,0.112405,151796,0.37949
-45,48.4,400000,44566,0.111415,152027,0.380068
-45,48.6,400000,44926,0.112315,151899,0.379748
-45,48.8,400000,44666,0.111665,151798,0.379495
-45,49,400000,44975,0.112437,152564,0.38141
-45,49.2,400000,45020,0.11255,151903,0.379758
-45,49.4,400000,44735,0.111838,152383,0.380958
-45,49.6,400000,44898,0.112245,151896,0.37974
-45,49.8,400000,45083,0.112708,152896,0.38224
-45,50,400000,44707,0.111768,152164,0.38041
-44.8,-50,400000,44856,0.11214,151851,0.379628
-44.8,-49.8,400000,45340,0.11335,152321,0.380802
-44.8,-49.6,400000,44901,0.112253,152087,0.380217
-44.8,-49.4,400000,44288,0.11072,151968,0.37992
-44.8,-49.2,400000,44855,0.112138,151890,0.379725
-44.8,-49,400000,44758,0.111895,151831,0.379578
-44.8,-48.8,400000,44711,0.111778,151629,0.379072
-44.8,-48.6,400000,44304,0.11076,151843,0.379607
-44.8,-48.4,400000,44816,0.11204,152032,0.38008
-44.8,-48.2,400000,44793,0.111982,151949,0.379873
-44.8,-48,400000,44765,0.111912,151696,0.37924
-44.8,-47.8,400000,44568,0.11142,151502,0.378755
-44.8,-47.6,400000,45014,0.112535,151688,0.37922
-44.8,-47.4,400000,44848,0.11212,151630,0.379075
-44.8,-47.2,400000,45163,0.112907,152652,0.38163
-44.8,-47,400000,45491,0.113727,152518,0.381295
-44.8,-46.8,400000,44813,0.112032,151493,0.378733
-44.8,-46.6,400000,44851,0.112128,152031,0.380078
-44.8,-46.4,400000,44716,0.11179,152141,0.380352
-44.8,-46.2,400000,45413,0.113532,151978,0.379945
-44.8,-46,400000,44733,0.111833,152766,0.381915
-44.8,-45.8,400000,44661,0.111653,152158,0.380395
-44.8,-45.6,400000,44676,0.11169,151367,0.378418
-44.8,-45.4,400000,44410,0.111025,151453,0.378632
-44.8,-45.2,400000,45016,0.11254,152172,0.38043
-44.8,-45,400000,44714,0.111785,152518,0.381295
-44.8,-44.8,400000,44325,0.110812,152273,0.380682
-44.8,-44.6,400000,44480,0.1112,151746,0.379365
-44.8,-44.4,400000,44438,0.111095,151860,0.37965
-44.8,-44.2,400000,44718,0.111795,151433,0.378582
-44.8,-44,400000,44965,0.112412,152039,0.380097
-44.8,-43.8,400000,44832,0.11208,151994,0.379985
-44.8,-43.6,400000,44684,0.11171,151441,0.378603
-44.8,-43.4,400000,45331,0.113327,152671,0.381678
-44.8,-43.2,400000,44785,0.111963,151904,0.37976
-44.8,-43,400000,44940,0.11235,152335,0.380837
-44.8,-42.8,400000,44880,0.1122,151970,0.379925
-44.8,-42.6,400000,45438,0.113595,152900,0.38225
-44.8,-42.4,400000,44797,0.111992,152354,0.380885
-44.8,-42.2,400000,44777,0.111943,151463,0.378657
-44.8,-42,400000,44714,0.111785,152097,0.380242
-44.8,-41.8,400000,44469,0.111172,151998,0.379995
-44.8,-41.6,400000,44327,0.110817,151868,0.37967
-44.8,-41.4,400000,44730,0.111825,151889,0.379723
-44.8,-41.2,400000,44569,0.111422,151875,0.379688
-44.8,-41,400000,44656,0.11164,152000,0.38
-44.8,-40.8,400000,44998,0.112495,151712,0.37928
-44.8,-40.6,400000,44976,0.11244,152106,0.380265
-44.8,-40.4,400000,44665,0.111662,151795,0.379487
-44.8,-40.2,400000,44859,0.112147,152103,0.380258
-44.8,-40,400000,45062,0.112655,152864,0.38216
-44.8,-39.8,400000,44939,0.112348,151828,0.37957
-44.8,-39.6,400000,44788,0.11197,152033,0.380082
-44.8,-39.4,400000,44900,0.11225,152136,0.38034
-44.8,-39.2,400000,44564,0.11141,151694,0.379235
-44.8,-39,400000,45062,0.112655,151784,0.37946
-44.8,-38.8,400000,44736,0.11184,152062,0.380155
-44.8,-38.6,400000,44967,0.112418,152473,0.381182
-44.8,-38.4,400000,45139,0.112848,152070,0.380175
-44.8,-38.2,400000,45299,0.113248,152392,0.38098
-44.8,-38,400000,44751,0.111878,152085,0.380213
-44.8,-37.8,400000,44615,0.111537,151843,0.379607
-44.8,-37.6,400000,44466,0.111165,151885,0.379713
-44.8,-37.4,400000,44844,0.11211,151798,0.379495
-44.8,-37.2,400000,43946,0.109865,151892,0.37973
-44.8,-37,400000,45521,0.113803,152566,0.381415
-44.8,-36.8,400000,44511,0.111278,151909,0.379773
-44.8,-36.6,400000,44931,0.112327,152511,0.381277
-44.8,-36.4,400000,44648,0.11162,152139,0.380348
-44.8,-36.2,400000,44716,0.11179,152004,0.38001
-44.8,-36,400000,44959,0.112397,152275,0.380688
-44.8,-35.8,400000,44905,0.112263,151984,0.37996
-44.8,-35.6,400000,44815,0.112037,151836,0.37959
-44.8,-35.4,400000,44960,0.1124,151919,0.379798
-44.8,-35.2,400000,45521,0.113803,152325,0.380812
-44.8,-35,400000,44360,0.1109,151931,0.379827
-44.8,-34.8,400000,45065,0.112662,152041,0.380103
-44.8,-34.6,400000,44942,0.112355,151753,0.379383
-44.8,-34.4,400000,44811,0.112028,152348,0.38087
-44.8,-34.2,400000,44741,0.111852,151858,0.379645
-44.8,-34,400000,45178,0.112945,152675,0.381688
-44.8,-33.8,400000,44335,0.110838,151734,0.379335
-44.8,-33.6,400000,44274,0.110685,151359,0.378397
-44.8,-33.4,400000,45377,0.113443,152527,0.381317
-44.8,-33.2,400000,44857,0.112143,152216,0.38054
-44.8,-33,400000,44998,0.112495,152559,0.381398
-44.8,-32.8,400000,45315,0.113287,152210,0.380525
-44.8,-32.6,400000,45285,0.113212,152724,0.38181
-44.8,-32.4,400000,45146,0.112865,152263,0.380657
-44.8,-32.2,400000,44531,0.111327,151440,0.3786
-44.8,-32,400000,45126,0.112815,152379,0.380947
-44.8,-31.8,400000,44359,0.110897,151604,0.37901
-44.8,-31.6,400000,45265,0.113162,152405,0.381012
-44.8,-31.4,400000,44726,0.111815,152059,0.380148
-44.8,-31.2,400000,44842,0.112105,151999,0.379997
-44.8,-31,400000,44710,0.111775,151580,0.37895
-44.8,-30.8,400000,45443,0.113608,151770,0.379425
-44.8,-30.6,400000,44811,0.112028,152028,0.38007
-44.8,-30.4,400000,44713,0.111783,152061,0.380153
-44.8,-30.2,400000,45037,0.112592,151862,0.379655
-44.8,-30,400000,45013,0.112532,151993,0.379983
-44.8,-29.8,400000,44955,0.112388,151754,0.379385
-44.8,-29.6,400000,44970,0.112425,152552,0.38138
-44.8,-29.4,400000,44568,0.11142,151501,0.378752
-44.8,-29.2,400000,44862,0.112155,152289,0.380723
-44.8,-29,400000,45409,0.113522,151947,0.379868
-44.8,-28.8,400000,44831,0.112077,151940,0.37985
-44.8,-28.6,400000,44899,0.112248,152243,0.380607
-44.8,-28.4,400000,45115,0.112787,152423,0.381057
-44.8,-28.2,400000,44782,0.111955,153064,0.38266
-44.8,-28,400000,44584,0.11146,152055,0.380138
-44.8,-27.8,400000,44499,0.111247,152125,0.380312
-44.8,-27.6,400000,45501,0.113753,152709,0.381773
-44.8,-27.4,400000,44689,0.111723,152223,0.380557
-44.8,-27.2,400000,44950,0.112375,152317,0.380792
-44.8,-27,400000,44626,0.111565,152391,0.380978
-44.8,-26.8,400000,44999,0.112498,152340,0.38085
-44.8,-26.6,400000,44603,0.111507,151683,0.379207
-44.8,-26.4,400000,44865,0.112162,152111,0.380277
-44.8,-26.2,400000,44547,0.111367,151732,0.37933
-44.8,-26,400000,45185,0.112962,152363,0.380908
-44.8,-25.8,400000,44572,0.11143,151474,0.378685
-44.8,-25.6,400000,45163,0.112907,152120,0.3803
-44.8,-25.4,400000,44964,0.11241,152167,0.380418
-44.8,-25.2,400000,44545,0.111363,152107,0.380267
-44.8,-25,400000,44903,0.112257,152316,0.38079
-44.8,-24.8,400000,44517,0.111293,152232,0.38058
-44.8,-24.6,400000,44809,0.112022,151845,0.379613
-44.8,-24.4,400000,44551,0.111378,152120,0.3803
-44.8,-24.2,400000,44940,0.11235,152608,0.38152
-44.8,-24,400000,44382,0.110955,151699,0.379248
-44.8,-23.8,400000,44837,0.112092,151792,0.37948
-44.8,-23.6,400000,44598,0.111495,151876,0.37969
-44.8,-23.4,400000,45285,0.113212,152277,0.380692
-44.8,-23.2,400000,44655,0.111638,152502,0.381255
-44.8,-23,400000,44605,0.111513,152234,0.380585
-44.8,-22.8,400000,44837,0.112092,151670,0.379175
-44.8,-22.6,400000,45178,0.112945,151758,0.379395
-44.8,-22.4,400000,45073,0.112683,152393,0.380983
-44.8,-22.2,400000,45294,0.113235,152006,0.380015
-44.8,-22,400000,44474,0.111185,151956,0.37989
-44.8,-21.8,400000,44636,0.11159,151632,0.37908
-44.8,-21.6,400000,44980,0.11245,152467,0.381167
-44.8,-21.4,400000,44409,0.111022,151955,0.379887
-44.8,-21.2,400000,44538,0.111345,151522,0.378805
-44.8,-21,400000,44679,0.111698,151254,0.378135
-44.8,-20.8,400000,44920,0.1123,152562,0.381405
-44.8,-20.6,400000,44464,0.11116,151841,0.379603
-44.8,-20.4,400000,44382,0.110955,151911,0.379777
-44.8,-20.2,400000,44701,0.111753,152453,0.381132
-44.8,-20,400000,44820,0.11205,152235,0.380588
-44.8,-19.8,400000,45047,0.112617,152167,0.380418
-44.8,-19.6,400000,44853,0.112132,152506,0.381265
-44.8,-19.4,400000,44557,0.111393,151694,0.379235
-44.8,-19.2,400000,44882,0.112205,152499,0.381248
-44.8,-19,400000,45486,0.113715,151946,0.379865
-44.8,-18.8,400000,44508,0.11127,152327,0.380817
-44.8,-18.6,400000,44821,0.112052,152323,0.380808
-44.8,-18.4,400000,44286,0.110715,151970,0.379925
-44.8,-18.2,400000,44701,0.111753,151871,0.379678
-44.8,-18,400000,44471,0.111177,151635,0.379088
-44.8,-17.8,400000,44577,0.111442,151674,0.379185
-44.8,-17.6,400000,44529,0.111323,151468,0.37867
-44.8,-17.4,400000,44213,0.110533,151390,0.378475
-44.8,-17.2,400000,44694,0.111735,152187,0.380468
-44.8,-17,400000,44464,0.11116,151603,0.379007
-44.8,-16.8,400000,45080,0.1127,151869,0.379673
-44.8,-16.6,400000,44520,0.1113,151720,0.3793
-44.8,-16.4,400000,44929,0.112323,152509,0.381273
-44.8,-16.2,400000,44614,0.111535,151982,0.379955
-44.8,-16,400000,44779,0.111948,152591,0.381478
-44.8,-15.8,400000,45242,0.113105,152413,0.381032
-44.8,-15.6,400000,44968,0.11242,152418,0.381045
-44.8,-15.4,400000,45025,0.112562,152464,0.38116
-44.8,-15.2,400000,45149,0.112873,151790,0.379475
-44.8,-15,400000,45083,0.112708,152159,0.380397
-44.8,-14.8,400000,45081,0.112702,151570,0.378925
-44.8,-14.6,400000,44880,0.1122,151652,0.37913
-44.8,-14.4,400000,44762,0.111905,152016,0.38004
-44.8,-14.2,400000,44651,0.111628,152047,0.380117
-44.8,-14,400000,45207,0.113018,152694,0.381735
-44.8,-13.8,400000,44173,0.110433,151728,0.37932
-44.8,-13.6,400000,44796,0.11199,152122,0.380305
-44.8,-13.4,400000,44256,0.11064,151837,0.379592
-44.8,-13.2,400000,45244,0.11311,152333,0.380833
-44.8,-13,400000,44777,0.111943,152389,0.380972
-44.8,-12.8,400000,44748,0.11187,152186,0.380465
-44.8,-12.6,400000,44442,0.111105,151178,0.377945
-44.8,-12.4,400000,44787,0.111967,151539,0.378848
-44.8,-12.2,400000,44760,0.1119,151852,0.37963
-44.8,-12,400000,44931,0.112327,152605,0.381512
-44.8,-11.8,400000,44768,0.11192,152087,0.380217
-44.8,-11.6,400000,45049,0.112623,152121,0.380302
-44.8,-11.4,400000,45187,0.112967,152382,0.380955
-44.8,-11.2,400000,44978,0.112445,152186,0.380465
-44.8,-11,400000,44149,0.110372,151834,0.379585
-44.8,-10.8,400000,44998,0.112495,151954,0.379885
-44.8,-10.6,400000,45069,0.112672,151986,0.379965
-44.8,-10.4,400000,44929,0.112323,152144,0.38036
-44.8,-10.2,400000,45426,0.113565,152096,0.38024
-44.8,-10,400000,45078,0.112695,151757,0.379393
-44.8,-9.8,400000,45283,0.113208,152880,0.3822
-44.8,-9.6,400000,45284,0.11321,152437,0.381093
-44.8,-9.4,400000,44815,0.112037,151816,0.37954
-44.8,-9.2,400000,45343,0.113357,152208,0.38052
-44.8,-9,400000,45236,0.11309,152260,0.38065
-44.8,-8.8,400000,44779,0.111948,152527,0.381317
-44.8,-8.6,400000,45064,0.11266,152077,0.380192
-44.8,-8.4,400000,44408,0.11102,152364,0.38091
-44.8,-8.2,400000,44925,0.112312,152265,0.380663
-44.8,-8,400000,44904,0.11226,152459,0.381147
-44.8,-7.8,400000,44733,0.111833,152489,0.381223
-44.8,-7.6,400000,45049,0.112623,152758,0.381895
-44.8,-7.4,400000,45290,0.113225,152216,0.38054
-44.8,-7.2,400000,45007,0.112518,152485,0.381213
-44.8,-7,400000,44531,0.111327,152081,0.380202
-44.8,-6.8,400000,45159,0.112897,151983,0.379958
-44.8,-6.6,400000,44922,0.112305,152739,0.381848
-44.8,-6.4,400000,44884,0.11221,152341,0.380852
-44.8,-6.2,400000,44975,0.112437,151882,0.379705
-44.8,-6,400000,45262,0.113155,152608,0.38152
-44.8,-5.8,400000,45109,0.112772,152133,0.380333
-44.8,-5.6,400000,44435,0.111088,151949,0.379873
-44.8,-5.4,400000,45222,0.113055,152541,0.381352
-44.8,-5.2,400000,45005,0.112513,152121,0.380302
-44.8,-5,400000,44390,0.110975,151638,0.379095
-44.8,-4.8,400000,44755,0.111888,151358,0.378395
-44.8,-4.6,400000,45427,0.113568,152394,0.380985
-44.8,-4.4,400000,44453,0.111132,151731,0.379327
-44.8,-4.2,400000,44934,0.112335,152195,0.380487
-44.8,-4,400000,44017,0.110043,151453,0.378632
-44.8,-3.8,400000,44371,0.110927,151939,0.379848
-44.8,-3.6,400000,44877,0.112193,152224,0.38056
-44.8,-3.4,400000,44783,0.111958,151853,0.379632
-44.8,-3.2,400000,44601,0.111503,152140,0.38035
-44.8,-3,400000,44813,0.112032,151731,0.379327
-44.8,-2.8,400000,44478,0.111195,151951,0.379877
-44.8,-2.6,400000,45243,0.113107,152282,0.380705
-44.8,-2.4,400000,45200,0.113,152113,0.380283
-44.8,-2.2,400000,44356,0.11089,152034,0.380085
-44.8,-2,400000,44796,0.11199,152036,0.38009
-44.8,-1.8,400000,44903,0.112257,152095,0.380238
-44.8,-1.6,400000,44721,0.111802,151327,0.378317
-44.8,-1.4,400000,45286,0.113215,152719,0.381798
-44.8,-1.2,400000,45299,0.113248,151782,0.379455
-44.8,-1,400000,44806,0.112015,152222,0.380555
-44.8,-0.8,400000,45170,0.112925,152197,0.380493
-44.8,-0.6,400000,44401,0.111003,151763,0.379408
-44.8,-0.4,400000,44847,0.112117,152097,0.380242
-44.8,-0.2,400000,44467,0.111168,152061,0.380153
-44.8,0,400000,44663,0.111658,151418,0.378545
-44.8,0.2,400000,44910,0.112275,151755,0.379387
-44.8,0.4,400000,44920,0.1123,152387,0.380968
-44.8,0.6,400000,44420,0.11105,151841,0.379603
-44.8,0.8,400000,44779,0.111948,152142,0.380355
-44.8,1,400000,44602,0.111505,151614,0.379035
-44.8,1.2,400000,45222,0.113055,152030,0.380075
-44.8,1.4,400000,44760,0.1119,152106,0.380265
-44.8,1.6,400000,44876,0.11219,152333,0.380833
-44.8,1.8,400000,45082,0.112705,152408,0.38102
-44.8,2,400000,44660,0.11165,151755,0.379387
-44.8,2.2,400000,44740,0.11185,152376,0.38094
-44.8,2.4,400000,45049,0.112623,152195,0.380487
-44.8,2.6,400000,45159,0.112897,152213,0.380532
-44.8,2.8,400000,44694,0.111735,151836,0.37959
-44.8,3,400000,44788,0.11197,152040,0.3801
-44.8,3.2,400000,44832,0.11208,151915,0.379788
-44.8,3.4,400000,44917,0.112293,152371,0.380927
-44.8,3.6,400000,44654,0.111635,151835,0.379588
-44.8,3.8,400000,44873,0.112183,152871,0.382178
-44.8,4,400000,44988,0.11247,152179,0.380447
-44.8,4.2,400000,44927,0.112318,152118,0.380295
-44.8,4.4,400000,44270,0.110675,151734,0.379335
-44.8,4.6,400000,44760,0.1119,151876,0.37969
-44.8,4.8,400000,44188,0.11047,151775,0.379437
-44.8,5,400000,44562,0.111405,151813,0.379532
-44.8,5.2,400000,44831,0.112077,152190,0.380475
-44.8,5.4,400000,44788,0.11197,151965,0.379912
-44.8,5.6,400000,44490,0.111225,152142,0.380355
-44.8,5.8,400000,44876,0.11219,152109,0.380273
-44.8,6,400000,44837,0.112092,152451,0.381128
-44.8,6.2,400000,45249,0.113123,152012,0.38003
-44.8,6.4,400000,45385,0.113462,152381,0.380953
-44.8,6.6,400000,44877,0.112193,151606,0.379015
-44.8,6.8,400000,44939,0.112348,152404,0.38101
-44.8,7,400000,44763,0.111907,152027,0.380068
-44.8,7.2,400000,44493,0.111232,151741,0.379352
-44.8,7.4,400000,45210,0.113025,152589,0.381472
-44.8,7.6,400000,44809,0.112022,152277,0.380692
-44.8,7.8,400000,44534,0.111335,152205,0.380512
-44.8,8,400000,44853,0.112132,152362,0.380905
-44.8,8.2,400000,44892,0.11223,152157,0.380393
-44.8,8.4,400000,44844,0.11211,151623,0.379057
-44.8,8.6,400000,44988,0.11247,152227,0.380568
-44.8,8.8,400000,44518,0.111295,151907,0.379767
-44.8,9,400000,44795,0.111988,152045,0.380113
-44.8,9.2,400000,45057,0.112643,152242,0.380605
-44.8,9.4,400000,44817,0.112043,151565,0.378912
-44.8,9.6,400000,44486,0.111215,152178,0.380445
-44.8,9.8,400000,45075,0.112687,152537,0.381342
-44.8,10,400000,44981,0.112452,152272,0.38068
-44.8,10.2,400000,44915,0.112287,151852,0.37963
-44.8,10.4,400000,44915,0.112287,151488,0.37872
-44.8,10.6,400000,44837,0.112092,151534,0.378835
-44.8,10.8,400000,44464,0.11116,151646,0.379115
-44.8,11,400000,45169,0.112922,152449,0.381122
-44.8,11.2,400000,45025,0.112562,152335,0.380837
-44.8,11.4,400000,44466,0.111165,151785,0.379462
-44.8,11.6,400000,44688,0.11172,151633,0.379082
-44.8,11.8,400000,45111,0.112778,152300,0.38075
-44.8,12,400000,44702,0.111755,152103,0.380258
-44.8,12.2,400000,45065,0.112662,152719,0.381798
-44.8,12.4,400000,44647,0.111617,152046,0.380115
-44.8,12.6,400000,44564,0.11141,152545,0.381362
-44.8,12.8,400000,44892,0.11223,152229,0.380572
-44.8,13,400000,44909,0.112272,151802,0.379505
-44.8,13.2,400000,44947,0.112367,151692,0.37923
-44.8,13.4,400000,45059,0.112647,152967,0.382418
-44.8,13.6,400000,44770,0.111925,152070,0.380175
-44.8,13.8,400000,44391,0.110978,151624,0.37906
-44.8,14,400000,44462,0.111155,152385,0.380962
-44.8,14.2,400000,44720,0.1118,152477,0.381192
-44.8,14.4,400000,44465,0.111162,152086,0.380215
-44.8,14.6,400000,44627,0.111568,152315,0.380788
-44.8,14.8,400000,44879,0.112198,152105,0.380263
-44.8,15,400000,44929,0.112323,151676,0.37919
-44.8,15.2,400000,44956,0.11239,151971,0.379927
-44.8,15.4,400000,45229,0.113073,152069,0.380173
-44.8,15.6,400000,45061,0.112653,152323,0.380808
-44.8,15.8,400000,44169,0.110423,152329,0.380823
-44.8,16,400000,44888,0.11222,151543,0.378858
-44.8,16.2,400000,44678,0.111695,151877,0.379692
-44.8,16.4,400000,44658,0.111645,152143,0.380358
-44.8,16.6,400000,44594,0.111485,152187,0.380468
-44.8,16.8,400000,44580,0.11145,152031,0.380078
-44.8,17,400000,44904,0.11226,151756,0.37939
-44.8,17.2,400000,45271,0.113178,152067,0.380167
-44.8,17.4,400000,44717,0.111793,151639,0.379097
-44.8,17.6,400000,44789,0.111973,152297,0.380742
-44.8,17.8,400000,45262,0.113155,153081,0.382703
-44.8,18,400000,44898,0.112245,151615,0.379038
-44.8,18.2,400000,44645,0.111613,152026,0.380065
-44.8,18.4,400000,44889,0.112223,151914,0.379785
-44.8,18.6,400000,44633,0.111583,152295,0.380738
-44.8,18.8,400000,44652,0.11163,152030,0.380075
-44.8,19,400000,44856,0.11214,152773,0.381933
-44.8,19.2,400000,44806,0.112015,152254,0.380635
-44.8,19.4,400000,44994,0.112485,151857,0.379642
-44.8,19.6,400000,44768,0.11192,152246,0.380615
-44.8,19.8,400000,44733,0.111833,151726,0.379315
-44.8,20,400000,44623,0.111558,152051,0.380128
-44.8,20.2,400000,44982,0.112455,152103,0.380258
-44.8,20.4,400000,45319,0.113297,152675,0.381688
-44.8,20.6,400000,44840,0.1121,152301,0.380752
-44.8,20.8,400000,44959,0.112397,152648,0.38162
-44.8,21,400000,45174,0.112935,152592,0.38148
-44.8,21.2,400000,44911,0.112278,151867,0.379667
-44.8,21.4,400000,44188,0.11047,151555,0.378887
-44.8,21.6,400000,44593,0.111482,151682,0.379205
-44.8,21.8,400000,44899,0.112248,152227,0.380568
-44.8,22,400000,44965,0.112412,151614,0.379035
-44.8,22.2,400000,44717,0.111793,151750,0.379375
-44.8,22.4,400000,44597,0.111492,152163,0.380408
-44.8,22.6,400000,45124,0.11281,152325,0.380812
-44.8,22.8,400000,44592,0.11148,152187,0.380468
-44.8,23,400000,44956,0.11239,152503,0.381258
-44.8,23.2,400000,45345,0.113363,152624,0.38156
-44.8,23.4,400000,44654,0.111635,151740,0.37935
-44.8,23.6,400000,44884,0.11221,152790,0.381975
-44.8,23.8,400000,44684,0.11171,152235,0.380588
-44.8,24,400000,44597,0.111492,151510,0.378775
-44.8,24.2,400000,45129,0.112823,152393,0.380983
-44.8,24.4,400000,45073,0.112683,152153,0.380383
-44.8,24.6,400000,44726,0.111815,151947,0.379868
-44.8,24.8,400000,44827,0.112068,151984,0.37996
-44.8,25,400000,44291,0.110728,151455,0.378638
-44.8,25.2,400000,45183,0.112958,151713,0.379283
-44.8,25.4,400000,44625,0.111562,151832,0.37958
-44.8,25.6,400000,44527,0.111317,152367,0.380918
-44.8,25.8,400000,44341,0.110853,151920,0.3798
-44.8,26,400000,44978,0.112445,151435,0.378588
-44.8,26.2,400000,44700,0.11175,152348,0.38087
-44.8,26.4,400000,44650,0.111625,151642,0.379105
-44.8,26.6,400000,45202,0.113005,151813,0.379532
-44.8,26.8,400000,44867,0.112168,152200,0.3805
-44.8,27,400000,45118,0.112795,152194,0.380485
-44.8,27.2,400000,45189,0.112973,152393,0.380983
-44.8,27.4,400000,44930,0.112325,152733,0.381833
-44.8,27.6,400000,44544,0.11136,151474,0.378685
-44.8,27.8,400000,45017,0.112543,152772,0.38193
-44.8,28,400000,45057,0.112643,152361,0.380902
-44.8,28.2,400000,44597,0.111492,152315,0.380788
-44.8,28.4,400000,44902,0.112255,152688,0.38172
-44.8,28.6,400000,44378,0.110945,151661,0.379153
-44.8,28.8,400000,44903,0.112257,152041,0.380103
-44.8,29,400000,45122,0.112805,152673,0.381682
-44.8,29.2,400000,44866,0.112165,152109,0.380273
-44.8,29.4,400000,45481,0.113702,152439,0.381097
-44.8,29.6,400000,45113,0.112782,152311,0.380777
-44.8,29.8,400000,44834,0.112085,152344,0.38086
-44.8,30,400000,44766,0.111915,151782,0.379455
-44.8,30.2,400000,44807,0.112018,151708,0.37927
-44.8,30.4,400000,44710,0.111775,151655,0.379138
-44.8,30.6,400000,44963,0.112407,152026,0.380065
-44.8,30.8,400000,44816,0.11204,152400,0.381
-44.8,31,400000,45563,0.113907,151796,0.37949
-44.8,31.2,400000,45195,0.112988,152130,0.380325
-44.8,31.4,400000,44786,0.111965,152438,0.381095
-44.8,31.6,400000,45027,0.112568,151851,0.379628
-44.8,31.8,400000,44883,0.112208,151601,0.379003
-44.8,32,400000,44712,0.11178,151856,0.37964
-44.8,32.2,400000,44882,0.112205,151999,0.379997
-44.8,32.4,400000,44789,0.111973,151872,0.37968
-44.8,32.6,400000,44226,0.110565,151458,0.378645
-44.8,32.8,400000,44401,0.111003,151640,0.3791
-44.8,33,400000,44569,0.111422,152755,0.381887
-44.8,33.2,400000,44449,0.111122,151696,0.37924
-44.8,33.4,400000,44999,0.112498,151977,0.379943
-44.8,33.6,400000,45070,0.112675,152091,0.380227
-44.8,33.8,400000,45116,0.11279,151902,0.379755
-44.8,34,400000,44788,0.11197,152069,0.380173
-44.8,34.2,400000,44528,0.11132,152073,0.380182
-44.8,34.4,400000,44968,0.11242,152281,0.380702
-44.8,34.6,400000,44881,0.112202,152281,0.380702
-44.8,34.8,400000,44870,0.112175,151962,0.379905
-44.8,35,400000,44539,0.111348,151880,0.3797
-44.8,35.2,400000,44397,0.110992,152134,0.380335
-44.8,35.4,400000,45503,0.113757,152727,0.381817
-44.8,35.6,400000,44351,0.110878,151879,0.379698
-44.8,35.8,400000,45144,0.11286,152561,0.381402
-44.8,36,400000,45136,0.11284,152848,0.38212
-44.8,36.2,400000,45619,0.114047,152317,0.380792
-44.8,36.4,400000,44493,0.111232,151963,0.379908
-44.8,36.6,400000,44996,0.11249,152435,0.381088
-44.8,36.8,400000,44851,0.112128,152232,0.38058
-44.8,37,400000,45066,0.112665,152458,0.381145
-44.8,37.2,400000,45232,0.11308,152466,0.381165
-44.8,37.4,400000,44849,0.112122,152050,0.380125
-44.8,37.6,400000,44936,0.11234,151828,0.37957
-44.8,37.8,400000,44430,0.111075,151680,0.3792
-44.8,38,400000,45272,0.11318,151763,0.379408
-44.8,38.2,400000,44689,0.111723,151468,0.37867
-44.8,38.4,400000,45633,0.114083,152146,0.380365
-44.8,38.6,400000,45027,0.112568,152520,0.3813
-44.8,38.8,400000,44990,0.112475,152099,0.380248
-44.8,39,400000,44679,0.111698,151945,0.379862
-44.8,39.2,400000,44394,0.110985,151901,0.379752
-44.8,39.4,400000,44423,0.111058,151572,0.37893
-44.8,39.6,400000,45273,0.113183,152360,0.3809
-44.8,39.8,400000,44856,0.11214,151718,0.379295
-44.8,40,400000,44610,0.111525,151654,0.379135
-44.8,40.2,400000,44606,0.111515,151766,0.379415
-44.8,40.4,400000,45122,0.112805,152497,0.381242
-44.8,40.6,400000,44771,0.111927,152257,0.380642
-44.8,40.8,400000,44994,0.112485,152359,0.380897
-44.8,41,400000,44437,0.111092,151944,0.37986
-44.8,41.2,400000,45155,0.112888,152271,0.380678
-44.8,41.4,400000,44377,0.110942,151995,0.379987
-44.8,41.6,400000,45107,0.112768,152078,0.380195
-44.8,41.8,400000,45033,0.112583,152664,0.38166
-44.8,42,400000,45045,0.112613,151988,0.37997
-44.8,42.2,400000,44925,0.112312,152104,0.38026
-44.8,42.4,400000,44441,0.111103,151816,0.37954
-44.8,42.6,400000,44664,0.11166,151910,0.379775
-44.8,42.8,400000,44850,0.112125,152269,0.380673
-44.8,43,400000,44639,0.111598,151849,0.379622
-44.8,43.2,400000,44811,0.112028,151551,0.378877
-44.8,43.4,400000,44860,0.11215,151792,0.37948
-44.8,43.6,400000,45172,0.11293,152077,0.380192
-44.8,43.8,400000,44644,0.11161,152102,0.380255
-44.8,44,400000,44781,0.111952,152367,0.380918
-44.8,44.2,400000,44479,0.111198,151261,0.378153
-44.8,44.4,400000,44501,0.111253,152138,0.380345
-44.8,44.6,400000,44814,0.112035,151802,0.379505
-44.8,44.8,400000,44919,0.112297,152435,0.381088
-44.8,45,400000,44958,0.112395,151891,0.379727
-44.8,45.2,400000,44691,0.111727,152554,0.381385
-44.8,45.4,400000,44870,0.112175,152261,0.380653
-44.8,45.6,400000,44585,0.111463,152064,0.38016
-44.8,45.8,400000,45075,0.112687,152052,0.38013
-44.8,46,400000,44723,0.111808,151724,0.37931
-44.8,46.2,400000,44730,0.111825,151829,0.379572
-44.8,46.4,400000,44698,0.111745,151912,0.37978
-44.8,46.6,400000,45249,0.113123,152014,0.380035
-44.8,46.8,400000,44830,0.112075,152123,0.380308
-44.8,47,400000,45539,0.113848,152906,0.382265
-44.8,47.2,400000,45075,0.112687,151659,0.379148
-44.8,47.4,400000,44300,0.11075,151856,0.37964
-44.8,47.6,400000,44934,0.112335,151737,0.379343
-44.8,47.8,400000,45027,0.112568,152428,0.38107
-44.8,48,400000,44703,0.111757,152160,0.3804
-44.8,48.2,400000,45203,0.113007,152348,0.38087
-44.8,48.4,400000,45055,0.112638,152289,0.380723
-44.8,48.6,400000,44652,0.11163,152604,0.38151
-44.8,48.8,400000,44850,0.112125,152445,0.381113
-44.8,49,400000,44077,0.110192,151622,0.379055
-44.8,49.2,400000,44467,0.111168,151597,0.378993
-44.8,49.4,400000,44745,0.111863,151814,0.379535
-44.8,49.6,400000,45155,0.112888,152028,0.38007
-44.8,49.8,400000,44070,0.110175,151766,0.379415
-44.8,50,400000,44472,0.11118,152309,0.380773
-44.6,-50,400000,44798,0.111995,151257,0.378142
-44.6,-49.8,400000,44419,0.111047,152154,0.380385
-44.6,-49.6,400000,45085,0.112712,152586,0.381465
-44.6,-49.4,400000,44993,0.112482,151223,0.378057
-44.6,-49.2,400000,44775,0.111937,152185,0.380462
-44.6,-49,400000,44475,0.111187,152303,0.380758
-44.6,-48.8,400000,44988,0.11247,151512,0.37878
-44.6,-48.6,400000,44800,0.112,152042,0.380105
-44.6,-48.4,400000,44517,0.111293,152066,0.380165
-44.6,-48.2,400000,44859,0.112147,152312,0.38078
-44.6,-48,400000,44977,0.112443,152810,0.382025
-44.6,-47.8,400000,45054,0.112635,152211,0.380528
-44.6,-47.6,400000,44876,0.11219,151829,0.379572
-44.6,-47.4,400000,44778,0.111945,152144,0.38036
-44.6,-47.2,400000,45037,0.112592,151971,0.379927
-44.6,-47,400000,44773,0.111933,151616,0.37904
-44.6,-46.8,400000,45239,0.113098,152340,0.38085
-44.6,-46.6,400000,44756,0.11189,151902,0.379755
-44.6,-46.4,400000,44552,0.11138,151366,0.378415
-44.6,-46.2,400000,44946,0.112365,152634,0.381585
-44.6,-46,400000,44894,0.112235,151628,0.37907
-44.6,-45.8,400000,44751,0.111878,151282,0.378205
-44.6,-45.6,400000,44586,0.111465,151891,0.379727
-44.6,-45.4,400000,44966,0.112415,152129,0.380323
-44.6,-45.2,400000,45053,0.112632,152118,0.380295
-44.6,-45,400000,44732,0.11183,152482,0.381205
-44.6,-44.8,400000,44962,0.112405,152046,0.380115
-44.6,-44.6,400000,44650,0.111625,151904,0.37976
-44.6,-44.4,400000,45127,0.112818,152053,0.380132
-44.6,-44.2,400000,44768,0.11192,151930,0.379825
-44.6,-44,400000,45089,0.112723,152225,0.380563
-44.6,-43.8,400000,44866,0.112165,152600,0.3815
-44.6,-43.6,400000,45213,0.113032,151860,0.37965
-44.6,-43.4,400000,44670,0.111675,152293,0.380732
-44.6,-43.2,400000,44986,0.112465,152184,0.38046
-44.6,-43,400000,45348,0.11337,152395,0.380987
-44.6,-42.8,400000,44957,0.112393,151583,0.378958
-44.6,-42.6,400000,44983,0.112458,152513,0.381283
-44.6,-42.4,400000,45042,0.112605,151367,0.378418
-44.6,-42.2,400000,44686,0.111715,152105,0.380263
-44.6,-42,400000,44992,0.11248,152127,0.380317
-44.6,-41.8,400000,44585,0.111463,151946,0.379865
-44.6,-41.6,400000,44954,0.112385,151536,0.37884
-44.6,-41.4,400000,45226,0.113065,152319,0.380798
-44.6,-41.2,400000,45253,0.113132,151938,0.379845
-44.6,-41,400000,44599,0.111497,152085,0.380213
-44.6,-40.8,400000,45285,0.113212,152730,0.381825
-44.6,-40.6,400000,45009,0.112522,151794,0.379485
-44.6,-40.4,400000,45225,0.113062,152441,0.381103
-44.6,-40.2,400000,44692,0.11173,151653,0.379132
-44.6,-40,400000,44673,0.111683,151896,0.37974
-44.6,-39.8,400000,44910,0.112275,152520,0.3813
-44.6,-39.6,400000,44894,0.112235,151730,0.379325
-44.6,-39.4,400000,44938,0.112345,151857,0.379642
-44.6,-39.2,400000,44743,0.111857,151770,0.379425
-44.6,-39,400000,45358,0.113395,152680,0.3817
-44.6,-38.8,400000,44727,0.111818,152491,0.381227
-44.6,-38.6,400000,45053,0.112632,152371,0.380927
-44.6,-38.4,400000,45120,0.1128,152750,0.381875
-44.6,-38.2,400000,44768,0.11192,151873,0.379682
-44.6,-38,400000,44880,0.1122,152200,0.3805
-44.6,-37.8,400000,45119,0.112797,151746,0.379365
-44.6,-37.6,400000,45073,0.112683,152008,0.38002
-44.6,-37.4,400000,44756,0.11189,151813,0.379532
-44.6,-37.2,400000,44846,0.112115,152623,0.381557
-44.6,-37,400000,45035,0.112587,151874,0.379685
-44.6,-36.8,400000,44981,0.112452,151822,0.379555
-44.6,-36.6,400000,44858,0.112145,152078,0.380195
-44.6,-36.4,400000,44704,0.11176,152196,0.38049
-44.6,-36.2,400000,45223,0.113058,152450,0.381125
-44.6,-36,400000,44481,0.111202,152185,0.380462
-44.6,-35.8,400000,45374,0.113435,152135,0.380337
-44.6,-35.6,400000,44928,0.11232,152139,0.380348
-44.6,-35.4,400000,44782,0.111955,152561,0.381402
-44.6,-35.2,400000,44756,0.11189,152090,0.380225
-44.6,-35,400000,44803,0.112007,152028,0.38007
-44.6,-34.8,400000,45279,0.113198,152316,0.38079
-44.6,-34.6,400000,44748,0.11187,151875,0.379688
-44.6,-34.4,400000,45006,0.112515,151956,0.37989
-44.6,-34.2,400000,44683,0.111708,151975,0.379937
-44.6,-34,400000,44977,0.112443,152373,0.380933
-44.6,-33.8,400000,45162,0.112905,152521,0.381302
-44.6,-33.6,400000,44330,0.110825,152410,0.381025
-44.6,-33.4,400000,44443,0.111107,152059,0.380148
-44.6,-33.2,400000,44596,0.11149,152130,0.380325
-44.6,-33,400000,44321,0.110802,152312,0.38078
-44.6,-32.8,400000,45123,0.112808,152466,0.381165
-44.6,-32.6,400000,44876,0.11219,152315,0.380788
-44.6,-32.4,400000,45187,0.112967,151783,0.379458
-44.6,-32.2,400000,44285,0.110713,151858,0.379645
-44.6,-32,400000,45182,0.112955,152492,0.38123
-44.6,-31.8,400000,44782,0.111955,152071,0.380178
-44.6,-31.6,400000,45320,0.1133,152247,0.380617
-44.6,-31.4,400000,45174,0.112935,151910,0.379775
-44.6,-31.2,400000,44890,0.112225,151726,0.379315
-44.6,-31,400000,44814,0.112035,151942,0.379855
-44.6,-30.8,400000,44746,0.111865,152471,0.381178
-44.6,-30.6,400000,45165,0.112912,151782,0.379455
-44.6,-30.4,400000,44790,0.111975,151744,0.37936
-44.6,-30.2,400000,44881,0.112202,152609,0.381522
-44.6,-30,400000,44873,0.112183,152007,0.380018
-44.6,-29.8,400000,44914,0.112285,152106,0.380265
-44.6,-29.6,400000,44459,0.111147,151297,0.378242
-44.6,-29.4,400000,44543,0.111357,151399,0.378497
-44.6,-29.2,400000,44723,0.111808,152269,0.380673
-44.6,-29,400000,44877,0.112193,152162,0.380405
-44.6,-28.8,400000,44795,0.111988,152377,0.380943
-44.6,-28.6,400000,45036,0.11259,152244,0.38061
-44.6,-28.4,400000,44505,0.111263,151617,0.379043
-44.6,-28.2,400000,44796,0.11199,151840,0.3796
-44.6,-28,400000,45096,0.11274,152201,0.380503
-44.6,-27.8,400000,44664,0.11166,152156,0.38039
-44.6,-27.6,400000,44925,0.112312,152181,0.380453
-44.6,-27.4,400000,44560,0.1114,151289,0.378223
-44.6,-27.2,400000,45316,0.11329,152181,0.380453
-44.6,-27,400000,44872,0.11218,151846,0.379615
-44.6,-26.8,400000,44831,0.112077,152058,0.380145
-44.6,-26.6,400000,45031,0.112577,152200,0.3805
-44.6,-26.4,400000,45295,0.113238,152031,0.380078
-44.6,-26.2,400000,44746,0.111865,152392,0.38098
-44.6,-26,400000,44454,0.111135,151708,0.37927
-44.6,-25.8,400000,44695,0.111738,151530,0.378825
-44.6,-25.6,400000,44971,0.112427,152396,0.38099
-44.6,-25.4,400000,45103,0.112757,151879,0.379698
-44.6,-25.2,400000,45004,0.11251,152307,0.380767
-44.6,-25,400000,44668,0.11167,152072,0.38018
-44.6,-24.8,400000,44847,0.112117,152657,0.381642
-44.6,-24.6,400000,45428,0.11357,152109,0.380273
-44.6,-24.4,400000,45205,0.113013,152838,0.382095
-44.6,-24.2,400000,44511,0.111278,151684,0.37921
-44.6,-24,400000,44870,0.112175,152499,0.381248
-44.6,-23.8,400000,44653,0.111632,151759,0.379397
-44.6,-23.6,400000,44433,0.111083,152127,0.380317
-44.6,-23.4,400000,45297,0.113242,152338,0.380845
-44.6,-23.2,400000,45177,0.112943,151966,0.379915
-44.6,-23,400000,44751,0.111878,151910,0.379775
-44.6,-22.8,400000,45009,0.112522,152345,0.380862
-44.6,-22.6,400000,45439,0.113598,152380,0.38095
-44.6,-22.4,400000,45005,0.112513,152398,0.380995
-44.6,-22.2,400000,44541,0.111352,151651,0.379128
-44.6,-22,400000,44999,0.112498,152288,0.38072
-44.6,-21.8,400000,44820,0.11205,152260,0.38065
-44.6,-21.6,400000,44515,0.111287,151715,0.379287
-44.6,-21.4,400000,45126,0.112815,152199,0.380497
-44.6,-21.2,400000,44585,0.111463,152157,0.380393
-44.6,-21,400000,44713,0.111783,152126,0.380315
-44.6,-20.8,400000,45086,0.112715,152441,0.381103
-44.6,-20.6,400000,44541,0.111352,151610,0.379025
-44.6,-20.4,400000,44864,0.11216,151730,0.379325
-44.6,-20.2,400000,45181,0.112952,152433,0.381082
-44.6,-20,400000,44786,0.111965,152152,0.38038
-44.6,-19.8,400000,44618,0.111545,152153,0.380383
-44.6,-19.6,400000,44681,0.111702,151711,0.379277
-44.6,-19.4,400000,45258,0.113145,152678,0.381695
-44.6,-19.2,400000,44459,0.111147,152012,0.38003
-44.6,-19,400000,44088,0.11022,151626,0.379065
-44.6,-18.8,400000,44886,0.112215,151677,0.379192
-44.6,-18.6,400000,44689,0.111723,152164,0.38041
-44.6,-18.4,400000,44859,0.112147,151636,0.37909
-44.6,-18.2,400000,44795,0.111988,151876,0.37969
-44.6,-18,400000,44315,0.110787,152277,0.380692
-44.6,-17.8,400000,44354,0.110885,151904,0.37976
-44.6,-17.6,400000,44559,0.111397,152180,0.38045
-44.6,-17.4,400000,45216,0.11304,152311,0.380777
-44.6,-17.2,400000,45026,0.112565,151651,0.379128
-44.6,-17,400000,45313,0.113282,152694,0.381735
-44.6,-16.8,400000,44961,0.112403,151937,0.379843
-44.6,-16.6,400000,44633,0.111583,151543,0.378858
-44.6,-16.4,400000,44615,0.111537,151644,0.37911
-44.6,-16.2,400000,44586,0.111465,151980,0.37995
-44.6,-16,400000,45029,0.112573,152015,0.380037
-44.6,-15.8,400000,44947,0.112367,151942,0.379855
-44.6,-15.6,400000,45136,0.11284,151841,0.379603
-44.6,-15.4,400000,44584,0.11146,152236,0.38059
-44.6,-15.2,400000,44843,0.112107,151771,0.379427
-44.6,-15,400000,44757,0.111893,151887,0.379717
-44.6,-14.8,400000,44680,0.1117,152118,0.380295
-44.6,-14.6,400000,45310,0.113275,152065,0.380163
-44.6,-14.4,400000,44429,0.111073,152379,0.380947
-44.6,-14.2,400000,44864,0.11216,151848,0.37962
-44.6,-14,400000,45065,0.112662,152445,0.381113
-44.6,-13.8,400000,44859,0.112147,152468,0.38117
-44.6,-13.6,400000,44780,0.11195,152216,0.38054
-44.6,-13.4,400000,44228,0.11057,151794,0.379485
-44.6,-13.2,400000,45061,0.112653,152029,0.380072
-44.6,-13,400000,44428,0.11107,152170,0.380425
-44.6,-12.8,400000,45203,0.113007,152568,0.38142
-44.6,-12.6,400000,44923,0.112308,152314,0.380785
-44.6,-12.4,400000,44776,0.11194,152363,0.380908
-44.6,-12.2,400000,44899,0.112248,151891,0.379727
-44.6,-12,400000,45076,0.11269,152035,0.380088
-44.6,-11.8,400000,45180,0.11295,152645,0.381613
-44.6,-11.6,400000,44885,0.112213,151656,0.37914
-44.6,-11.4,400000,44506,0.111265,152072,0.38018
-44.6,-11.2,400000,44645,0.111613,151536,0.37884
-44.6,-11,400000,44657,0.111643,151276,0.37819
-44.6,-10.8,400000,44894,0.112235,152252,0.38063
-44.6,-10.6,400000,44576,0.11144,151716,0.37929
-44.6,-10.4,400000,44234,0.110585,151680,0.3792
-44.6,-10.2,400000,44594,0.111485,151771,0.379427
-44.6,-10,400000,44789,0.111973,151904,0.37976
-44.6,-9.8,400000,45151,0.112878,152843,0.382107
-44.6,-9.6,400000,45190,0.112975,152332,0.38083
-44.6,-9.4,400000,44934,0.112335,151873,0.379682
-44.6,-9.2,400000,45409,0.113522,152148,0.38037
-44.6,-9,400000,44784,0.11196,152170,0.380425
-44.6,-8.8,400000,44582,0.111455,152499,0.381248
-44.6,-8.6,400000,45156,0.11289,152326,0.380815
-44.6,-8.4,400000,44908,0.11227,152269,0.380673
-44.6,-8.2,400000,44646,0.111615,151957,0.379893
-44.6,-8,400000,44842,0.112105,151892,0.37973
-44.6,-7.8,400000,44772,0.11193,151797,0.379493
-44.6,-7.6,400000,44797,0.111992,152099,0.380248
-44.6,-7.4,400000,44571,0.111427,152103,0.380258
-44.6,-7.2,400000,44539,0.111348,152342,0.380855
-44.6,-7,400000,44843,0.112107,151582,0.378955
-44.6,-6.8,400000,44574,0.111435,151182,0.377955
-44.6,-6.6,400000,44763,0.111907,151639,0.379097
-44.6,-6.4,400000,44217,0.110543,151149,0.377873
-44.6,-6.2,400000,44694,0.111735,152034,0.380085
-44.6,-6,400000,44428,0.11107,151694,0.379235
-44.6,-5.8,400000,44915,0.112287,152234,0.380585
-44.6,-5.6,400000,45385,0.113462,152309,0.380773
-44.6,-5.4,400000,44421,0.111052,151716,0.37929
-44.6,-5.2,400000,44726,0.111815,152356,0.38089
-44.6,-5,400000,45078,0.112695,152027,0.380068
-44.6,-4.8,400000,44816,0.11204,152449,0.381122
-44.6,-4.6,400000,45002,0.112505,152023,0.380057
-44.6,-4.4,400000,44985,0.112463,152067,0.380167
-44.6,-4.2,400000,44729,0.111823,151954,0.379885
-44.6,-4,400000,44654,0.111635,151668,0.37917
-44.6,-3.8,400000,45202,0.113005,152596,0.38149
-44.6,-3.6,400000,45069,0.112672,152268,0.38067
-44.6,-3.4,400000,44677,0.111693,151744,0.37936
-44.6,-3.2,400000,44266,0.110665,151652,0.37913
-44.6,-3,400000,45113,0.112782,151582,0.378955
-44.6,-2.8,400000,44647,0.111617,151983,0.379958
-44.6,-2.6,400000,44635,0.111588,152390,0.380975
-44.6,-2.4,400000,45123,0.112808,152123,0.380308
-44.6,-2.2,400000,45112,0.11278,152063,0.380157
-44.6,-2,400000,45214,0.113035,152428,0.38107
-44.6,-1.8,400000,45047,0.112617,152455,0.381138
-44.6,-1.6,400000,45166,0.112915,152072,0.38018
-44.6,-1.4,400000,45628,0.11407,152039,0.380097
-44.6,-1.2,400000,45310,0.113275,152671,0.381678
-44.6,-1,400000,44825,0.112062,152169,0.380422
-44.6,-0.8,400000,45389,0.113473,152499,0.381248
-44.6,-0.6,400000,44815,0.112037,152272,0.38068
-44.6,-0.4,400000,44709,0.111772,152057,0.380142
-44.6,-0.2,400000,45106,0.112765,151608,0.37902
-44.6,0,400000,44619,0.111547,151996,0.37999
-44.6,0.2,400000,44810,0.112025,151555,0.378887
-44.6,0.4,400000,45025,0.112562,151694,0.379235
-44.6,0.6,400000,45153,0.112882,152092,0.38023
-44.6,0.8,400000,45171,0.112928,152838,0.382095
-44.6,1,400000,44321,0.110802,151846,0.379615
-44.6,1.2,400000,44807,0.112018,152074,0.380185
-44.6,1.4,400000,44763,0.111907,152382,0.380955
-44.6,1.6,400000,44969,0.112422,151837,0.379592
-44.6,1.8,400000,44895,0.112238,152274,0.380685
-44.6,2,400000,44996,0.11249,151899,0.379748
-44.6,2.2,400000,44304,0.11076,152212,0.38053
-44.6,2.4,400000,44931,0.112327,152115,0.380288
-44.6,2.6,400000,45070,0.112675,152083,0.380207
-44.6,2.8,400000,45405,0.113513,152232,0.38058
-44.6,3,400000,44731,0.111827,151828,0.37957
-44.6,3.2,400000,44781,0.111952,151475,0.378688
-44.6,3.4,400000,44490,0.111225,151895,0.379738
-44.6,3.6,400000,45191,0.112977,152610,0.381525
-44.6,3.8,400000,44492,0.11123,152196,0.38049
-44.6,4,400000,44420,0.11105,151403,0.378507
-44.6,4.2,400000,44550,0.111375,151835,0.379588
-44.6,4.4,400000,44408,0.11102,151501,0.378752
-44.6,4.6,400000,44291,0.110728,152047,0.380117
-44.6,4.8,400000,45455,0.113638,152001,0.380003
-44.6,5,400000,44809,0.112022,152028,0.38007
-44.6,5.2,400000,44985,0.112463,152395,0.380987
-44.6,5.4,400000,44780,0.11195,152415,0.381037
-44.6,5.6,400000,44691,0.111727,152059,0.380148
-44.6,5.8,400000,45245,0.113113,152266,0.380665
-44.6,6,400000,44686,0.111715,152292,0.38073
-44.6,6.2,400000,44738,0.111845,152262,0.380655
-44.6,6.4,400000,44617,0.111543,151726,0.379315
-44.6,6.6,400000,44784,0.11196,151371,0.378428
-44.6,6.8,400000,44711,0.111778,152347,0.380868
-44.6,7,400000,44671,0.111677,152019,0.380047
-44.6,7.2,400000,44651,0.111628,151793,0.379483
-44.6,7.4,400000,44597,0.111492,151669,0.379173
-44.6,7.6,400000,45255,0.113138,152216,0.38054
-44.6,7.8,400000,44693,0.111732,151750,0.379375
-44.6,8,400000,45507,0.113767,152739,0.381848
-44.6,8.2,400000,45060,0.11265,152621,0.381553
-44.6,8.4,400000,44593,0.111482,151881,0.379702
-44.6,8.6,400000,44670,0.111675,152349,0.380873
-44.6,8.8,400000,45044,0.11261,152857,0.382142
-44.6,9,400000,44499,0.111247,151926,0.379815
-44.6,9.2,400000,44812,0.11203,152309,0.380773
-44.6,9.4,400000,44788,0.11197,152163,0.380408
-44.6,9.6,400000,44851,0.112128,151900,0.37975
-44.6,9.8,400000,45052,0.11263,152226,0.380565
-44.6,10,400000,44642,0.111605,151923,0.379808
-44.6,10.2,400000,44748,0.11187,152244,0.38061
-44.6,10.4,400000,44701,0.111753,151938,0.379845
-44.6,10.6,400000,44724,0.11181,151993,0.379983
-44.6,10.8,400000,44784,0.11196,152563,0.381408
-44.6,11,400000,45174,0.112935,151849,0.379622
-44.6,11.2,400000,44946,0.112365,152228,0.38057
-44.6,11.4,400000,45085,0.112712,152115,0.380288
-44.6,11.6,400000,44551,0.111378,151669,0.379173
-44.6,11.8,400000,44563,0.111408,151802,0.379505
-44.6,12,400000,44786,0.111965,152284,0.38071
-44.6,12.2,400000,45107,0.112768,152653,0.381632
-44.6,12.4,400000,44841,0.112102,151807,0.379518
-44.6,12.6,400000,45175,0.112937,152145,0.380362
-44.6,12.8,400000,44699,0.111747,151858,0.379645
-44.6,13,400000,44820,0.11205,151842,0.379605
-44.6,13.2,400000,44472,0.11118,151669,0.379173
-44.6,13.4,400000,44672,0.11168,152215,0.380537
-44.6,13.6,400000,44740,0.11185,152373,0.380933
-44.6,13.8,400000,44432,0.11108,152149,0.380373
-44.6,14,400000,44390,0.110975,152106,0.380265
-44.6,14.2,400000,44813,0.112032,152056,0.38014
-44.6,14.4,400000,44842,0.112105,152470,0.381175
-44.6,14.6,400000,44617,0.111543,152121,0.380302
-44.6,14.8,400000,45022,0.112555,152054,0.380135
-44.6,15,400000,44985,0.112463,152558,0.381395
-44.6,15.2,400000,45023,0.112558,152756,0.38189
-44.6,15.4,400000,44441,0.111103,151610,0.379025
-44.6,15.6,400000,44896,0.11224,152224,0.38056
-44.6,15.8,400000,44520,0.1113,152083,0.380207
-44.6,16,400000,44523,0.111308,152008,0.38002
-44.6,16.2,400000,44794,0.111985,152322,0.380805
-44.6,16.4,400000,44863,0.112157,152652,0.38163
-44.6,16.6,400000,45030,0.112575,151847,0.379617
-44.6,16.8,400000,45222,0.113055,152411,0.381028
-44.6,17,400000,44670,0.111675,152163,0.380408
-44.6,17.2,400000,44994,0.112485,152281,0.380702
-44.6,17.4,400000,44644,0.11161,151886,0.379715
-44.6,17.6,400000,44631,0.111577,151985,0.379962
-44.6,17.8,400000,44862,0.112155,152679,0.381698
-44.6,18,400000,44754,0.111885,152052,0.38013
-44.6,18.2,400000,44981,0.112452,151940,0.37985
-44.6,18.4,400000,44740,0.11185,152225,0.380563
-44.6,18.6,400000,45087,0.112717,152753,0.381883
-44.6,18.8,400000,45393,0.113483,152035,0.380088
-44.6,19,400000,44779,0.111948,151967,0.379918
-44.6,19.2,400000,44571,0.111427,152532,0.38133
-44.6,19.4,400000,44841,0.112102,151682,0.379205
-44.6,19.6,400000,44840,0.1121,152582,0.381455
-44.6,19.8,400000,44767,0.111918,152042,0.380105
-44.6,20,400000,44794,0.111985,152144,0.38036
-44.6,20.2,400000,44643,0.111607,151802,0.379505
-44.6,20.4,400000,44731,0.111827,152173,0.380433
-44.6,20.6,400000,44631,0.111577,151852,0.37963
-44.6,20.8,400000,45075,0.112687,152022,0.380055
-44.6,21,400000,44703,0.111757,151931,0.379827
-44.6,21.2,400000,44592,0.11148,151755,0.379387
-44.6,21.4,400000,44443,0.111107,151533,0.378833
-44.6,21.6,400000,45412,0.11353,152415,0.381037
-44.6,21.8,400000,44345,0.110863,152462,0.381155
-44.6,22,400000,44946,0.112365,151941,0.379852
-44.6,22.2,400000,45095,0.112738,152510,0.381275
-44.6,22.4,400000,44620,0.11155,151631,0.379078
-44.6,22.6,400000,45308,0.11327,152028,0.38007
-44.6,22.8,400000,44885,0.112213,151993,0.379983
-44.6,23,400000,44750,0.111875,151974,0.379935
-44.6,23.2,400000,45550,0.113875,152443,0.381107
-44.6,23.4,400000,44383,0.110958,151710,0.379275
-44.6,23.6,400000,44998,0.112495,152287,0.380717
-44.6,23.8,400000,44627,0.111568,151825,0.379563
-44.6,24,400000,44902,0.112255,151388,0.37847
-44.6,24.2,400000,44849,0.112122,152183,0.380458
-44.6,24.4,400000,44869,0.112172,151760,0.3794
-44.6,24.6,400000,44610,0.111525,152453,0.381132
-44.6,24.8,400000,44775,0.111937,152238,0.380595
-44.6,25,400000,44796,0.11199,152379,0.380947
-44.6,25.2,400000,44614,0.111535,151510,0.378775
-44.6,25.4,400000,45015,0.112537,152340,0.38085
-44.6,25.6,400000,45105,0.112763,152090,0.380225
-44.6,25.8,400000,44214,0.110535,151460,0.37865
-44.6,26,400000,45253,0.113132,152103,0.380258
-44.6,26.2,400000,44706,0.111765,152090,0.380225
-44.6,26.4,400000,44627,0.111568,152062,0.380155
-44.6,26.6,400000,45042,0.112605,152000,0.38
-44.6,26.8,400000,44282,0.110705,151856,0.37964
-44.6,27,400000,44736,0.11184,151750,0.379375
-44.6,27.2,400000,44634,0.111585,151962,0.379905
-44.6,27.4,400000,44924,0.11231,152253,0.380632
-44.6,27.6,400000,45058,0.112645,152186,0.380465
-44.6,27.8,400000,44532,0.11133,151878,0.379695
-44.6,28,400000,44933,0.112333,152601,0.381503
-44.6,28.2,400000,44615,0.111537,151896,0.37974
-44.6,28.4,400000,44392,0.11098,152052,0.38013
-44.6,28.6,400000,45497,0.113742,152862,0.382155
-44.6,28.8,400000,44606,0.111515,152381,0.380953
-44.6,29,400000,44940,0.11235,151908,0.37977
-44.6,29.2,400000,44555,0.111388,151688,0.37922
-44.6,29.4,400000,45034,0.112585,151858,0.379645
-44.6,29.6,400000,44615,0.111537,151873,0.379682
-44.6,29.8,400000,45110,0.112775,152355,0.380887
-44.6,30,400000,44541,0.111352,151290,0.378225
-44.6,30.2,400000,44538,0.111345,151402,0.378505
-44.6,30.4,400000,44140,0.11035,151847,0.379617
-44.6,30.6,400000,44907,0.112268,151714,0.379285
-44.6,30.8,400000,45498,0.113745,152517,0.381292
-44.6,31,400000,44941,0.112352,151482,0.378705
-44.6,31.2,400000,44402,0.111005,152393,0.380983
-44.6,31.4,400000,44960,0.1124,152294,0.380735
-44.6,31.6,400000,44741,0.111852,151704,0.37926
-44.6,31.8,400000,44533,0.111333,152171,0.380427
-44.6,32,400000,44740,0.11185,151778,0.379445
-44.6,32.2,400000,44974,0.112435,152019,0.380047
-44.6,32.4,400000,44746,0.111865,152057,0.380142
-44.6,32.6,400000,44916,0.11229,152099,0.380248
-44.6,32.8,400000,45001,0.112503,152005,0.380012
-44.6,33,400000,43984,0.10996,151710,0.379275
-44.6,33.2,400000,45158,0.112895,152087,0.380217
-44.6,33.4,400000,44734,0.111835,151965,0.379912
-44.6,33.6,400000,44625,0.111562,151458,0.378645
-44.6,33.8,400000,45278,0.113195,152327,0.380817
-44.6,34,400000,44891,0.112227,152676,0.38169
-44.6,34.2,400000,45325,0.113312,152479,0.381198
-44.6,34.4,400000,44462,0.111155,151666,0.379165
-44.6,34.6,400000,44653,0.111632,152136,0.38034
-44.6,34.8,400000,44689,0.111723,152284,0.38071
-44.6,35,400000,45398,0.113495,152498,0.381245
-44.6,35.2,400000,45160,0.1129,152306,0.380765
-44.6,35.4,400000,44509,0.111272,151879,0.379698
-44.6,35.6,400000,44693,0.111732,151156,0.37789
-44.6,35.8,400000,44379,0.110948,152206,0.380515
-44.6,36,400000,44783,0.111958,152184,0.38046
-44.6,36.2,400000,44298,0.110745,151199,0.377997
-44.6,36.4,400000,44873,0.112183,152067,0.380167
-44.6,36.6,400000,44693,0.111732,152016,0.38004
-44.6,36.8,400000,45009,0.112522,152220,0.38055
-44.6,37,400000,44858,0.112145,152273,0.380682
-44.6,37.2,400000,44898,0.112245,152231,0.380578
-44.6,37.4,400000,44793,0.111982,151985,0.379962
-44.6,37.6,400000,44578,0.111445,152266,0.380665
-44.6,37.8,400000,44780,0.11195,151984,0.37996
-44.6,38,400000,44901,0.112253,152179,0.380447
-44.6,38.2,400000,44976,0.11244,152123,0.380308
-44.6,38.4,400000,44660,0.11165,151968,0.37992
-44.6,38.6,400000,44892,0.11223,152403,0.381007
-44.6,38.8,400000,45269,0.113172,152311,0.380777
-44.6,39,400000,45147,0.112867,151818,0.379545
-44.6,39.2,400000,45256,0.11314,152848,0.38212
-44.6,39.4,400000,44533,0.111333,152324,0.38081
-44.6,39.6,400000,44825,0.112062,151864,0.37966
-44.6,39.8,400000,45075,0.112687,151987,0.379968
-44.6,40,400000,44885,0.112213,151791,0.379478
-44.6,40.2,400000,44920,0.1123,152032,0.38008
-44.6,40.4,400000,45002,0.112505,151782,0.379455
-44.6,40.6,400000,44756,0.11189,151533,0.378833
-44.6,40.8,400000,44452,0.11113,151905,0.379763
-44.6,41,400000,45136,0.11284,152404,0.38101
-44.6,41.2,400000,44880,0.1122,151777,0.379443
-44.6,41.4,400000,44889,0.112223,152003,0.380007
-44.6,41.6,400000,44541,0.111352,151849,0.379622
-44.6,41.8,400000,44459,0.111147,152212,0.38053
-44.6,42,400000,45095,0.112738,151877,0.379692
-44.6,42.2,400000,45296,0.11324,152041,0.380103
-44.6,42.4,400000,44932,0.11233,152076,0.38019
-44.6,42.6,400000,44843,0.112107,152135,0.380337
-44.6,42.8,400000,44717,0.111793,151867,0.379667
-44.6,43,400000,44703,0.111757,151961,0.379902
-44.6,43.2,400000,44915,0.112287,152124,0.38031
-44.6,43.4,400000,45058,0.112645,152442,0.381105
-44.6,43.6,400000,44648,0.11162,151868,0.37967
-44.6,43.8,400000,44968,0.11242,152146,0.380365
-44.6,44,400000,44583,0.111458,151844,0.37961
-44.6,44.2,400000,44368,0.11092,152090,0.380225
-44.6,44.4,400000,44689,0.111723,151334,0.378335
-44.6,44.6,400000,45200,0.113,152055,0.380138
-44.6,44.8,400000,44642,0.111605,151728,0.37932
-44.6,45,400000,44966,0.112415,152388,0.38097
-44.6,45.2,400000,45077,0.112693,151979,0.379947
-44.6,45.4,400000,44557,0.111393,151760,0.3794
-44.6,45.6,400000,45198,0.112995,152029,0.380072
-44.6,45.8,400000,44695,0.111738,152284,0.38071
-44.6,46,400000,45227,0.113068,152204,0.38051
-44.6,46.2,400000,44908,0.11227,152370,0.380925
-44.6,46.4,400000,44688,0.11172,152266,0.380665
-44.6,46.6,400000,44868,0.11217,152251,0.380628
-44.6,46.8,400000,45127,0.112818,152589,0.381472
-44.6,47,400000,44292,0.11073,151958,0.379895
-44.6,47.2,400000,45025,0.112562,152044,0.38011
-44.6,47.4,400000,45614,0.114035,152838,0.382095
-44.6,47.6,400000,44447,0.111117,151800,0.3795
-44.6,47.8,400000,45509,0.113772,152273,0.380682
-44.6,48,400000,44666,0.111665,151331,0.378327
-44.6,48.2,400000,44806,0.112015,152342,0.380855
-44.6,48.4,400000,45397,0.113492,152348,0.38087
-44.6,48.6,400000,44387,0.110967,152363,0.380908
-44.6,48.8,400000,44638,0.111595,151706,0.379265
-44.6,49,400000,45143,0.112857,152056,0.38014
-44.6,49.2,400000,44741,0.111852,151397,0.378493
-44.6,49.4,400000,45590,0.113975,152633,0.381582
-44.6,49.6,400000,44637,0.111592,152027,0.380068
-44.6,49.8,400000,44785,0.111963,152028,0.38007
-44.6,50,400000,44970,0.112425,152190,0.380475
-44.4,-50,400000,45044,0.11261,152302,0.380755
-44.4,-49.8,400000,44875,0.112187,151640,0.3791
-44.4,-49.6,400000,44792,0.11198,151915,0.379788
-44.4,-49.4,400000,44930,0.112325,151820,0.37955
-44.4,-49.2,400000,45300,0.11325,151999,0.379997
-44.4,-49,400000,44425,0.111062,151639,0.379097
-44.4,-48.8,400000,45001,0.112503,152222,0.380555
-44.4,-48.6,400000,45166,0.112915,152491,0.381227
-44.4,-48.4,400000,44691,0.111727,151872,0.37968
-44.4,-48.2,400000,44854,0.112135,152199,0.380497
-44.4,-48,400000,45308,0.11327,152051,0.380128
-44.4,-47.8,400000,45188,0.11297,152394,0.380985
-44.4,-47.6,400000,44939,0.112348,152244,0.38061
-44.4,-47.4,400000,45195,0.112988,152081,0.380202
-44.4,-47.2,400000,44370,0.110925,151789,0.379472
-44.4,-47,400000,45013,0.112532,151894,0.379735
-44.4,-46.8,400000,44637,0.111592,152015,0.380037
-44.4,-46.6,400000,44792,0.11198,151704,0.37926
-44.4,-46.4,400000,44748,0.11187,152252,0.38063
-44.4,-46.2,400000,44352,0.11088,151956,0.37989
-44.4,-46,400000,44846,0.112115,152294,0.380735
-44.4,-45.8,400000,43987,0.109967,151426,0.378565
-44.4,-45.6,400000,45211,0.113028,152510,0.381275
-44.4,-45.4,400000,45237,0.113092,152460,0.38115
-44.4,-45.2,400000,44646,0.111615,152012,0.38003
-44.4,-45,400000,45306,0.113265,152150,0.380375
-44.4,-44.8,400000,45148,0.11287,152568,0.38142
-44.4,-44.6,400000,45161,0.112903,151964,0.37991
-44.4,-44.4,400000,44976,0.11244,152393,0.380983
-44.4,-44.2,400000,44811,0.112028,151911,0.379777
-44.4,-44,400000,44701,0.111753,152408,0.38102
-44.4,-43.8,400000,44092,0.11023,151522,0.378805
-44.4,-43.6,400000,45023,0.112558,151438,0.378595
-44.4,-43.4,400000,44603,0.111507,151461,0.378653
-44.4,-43.2,400000,45208,0.11302,152222,0.380555
-44.4,-43,400000,44553,0.111382,152106,0.380265
-44.4,-42.8,400000,44942,0.112355,152302,0.380755
-44.4,-42.6,400000,45294,0.113235,152799,0.381997
-44.4,-42.4,400000,44763,0.111907,151973,0.379933
-44.4,-42.2,400000,44577,0.111442,151779,0.379447
-44.4,-42,400000,44438,0.111095,151976,0.37994
-44.4,-41.8,400000,44774,0.111935,152265,0.380663
-44.4,-41.6,400000,44572,0.11143,151467,0.378667
-44.4,-41.4,400000,44565,0.111412,151773,0.379433
