x,y,detectorID,nPrimary,roiCounts,normalizedCounts,flux,normalizedFlux
-50,-50,0,100000,38,0.00038,73,0.00073
-50,-50,1,100000,34,0.00034,82,0.00082
-50,-50,2,100000,22,0.00022,69,0.00069
-50,-50,3,100000,26,0.00026,69,0.00069
-50,-50,4,100000,33,0.00033,88,0.00088
-50,-50,5,100000,27,0.00027,71,0.00071
-50,-49,0,100000,27,0.00027,82,0.00082
-50,-49,1,100000,31,0.00031,85,0.00085
-50,-49,2,100000,38,0.00038,73,0.00073
-50,-49,3,100000,35,0.00035,86,0.00086
-50,-49,4,100000,51,0.00051,77,0.00077
-50,-49,5,100000,38,0.00038,76,0.00076
-50,-48,0,100000,34,0.00034,71,0.00071
-50,-48,1,100000,20,0.0002,72,0.00072
-50,-48,2,100000,27,0.00027,67,0.00067
-50,-48,3,100000,34,0.00034,84,0.00084
-50,-48,4,100000,35,0.00035,75,0.00075
-50,-48,5,100000,40,0.0004,71,0.00071
-50,-47,0,100000,32,0.00032,78,0.00078
-50,-47,1,100000,23,0.00023,68,0.00068
-50,-47,2,100000,30,0.0003,66,0.00066
-50,-47,3,100000,28,0.00028,82,0.00082
-50,-47,4,100000,33,0.00033,76,0.00076
-50,-47,5,100000,29,0.00029,66,0.00066
-50,-46,0,100000,52,0.00052,88,0.00088
-50,-46,1,100000,31,0.00031,64,0.00064
-50,-46,2,100000,32,0.00032,63,0.00063
-50,-46,3,100000,20,0.0002,73,0.00073
-50,-46,4,100000,35,0.00035,73,0.00073
-50,-46,5,100000,23,0.00023,74,0.00074
-50,-45,0,100000,21,0.00021,79,0.00079
-50,-45,1,100000,36,0.00036,75,0.00075
-50,-45,2,100000,36,0.00036,79,0.00079
-50,-45,3,100000,20,0.0002,69,0.00069
-50,-45,4,100000,33,0.00033,69,0.00069
-50,-45,5,100000,37,0.00037,76,0.00076
-50,-44,0,100000,36,0.00036,69,0.00069
-50,-44,1,100000,32,0.00032,69,0.00069
-50,-44,2,100000,54,0.00054,88,0.00088
-50,-44,3,100000,11,0.00011,75,0.00075
-50,-44,4,100000,27,0.00027,68,0.00068
-50,-44,5,100000,22,0.00022,70,0.0007
-50,-43,0,100000,35,0.00035,86,0.00086
-50,-43,1,100000,28,0.00028,59,0.00059
-50,-43,2,100000,27,0.00027,65,0.00065
-50,-43,3,100000,47,0.00047,78,0.00078
-50,-43,4,100000,36,0.00036,74,0.00074
-50,-43,5,100000,27,0.00027,71,0.00071
-50,-42,0,100000,23,0.00023,70,0.0007
-50,-42,1,100000,18,0.00018,48,0.00048
-50,-42,2,100000,38,0.00038,64,0.00064
-50,-42,3,100000,22,0.00022,66,0.00066
-50,-42,4,100000,30,0.0003,72,0.00072
-50,-42,5,100000,19,0.00019,61,0.00061
-50,-41,0,100000,20,0.0002,78,0.00078
-50,-41,1,100000,42,0.00042,74,0.00074
-50,-41,2,100000,31,0.00031,92,0.00092
-50,-41,3,100000,39,0.00039,79,0.00079
-50,-41,4,100000,23,0.00023,72,0.00072
-50,-41,5,100000,27,0.00027,69,0.00069
-50,-40,0,100000,32,0.00032,89,0.00089
-50,-40,1,100000,44,0.00044,76,0.00076
-50,-40,2,100000,42,0.00042,79,0.00079
-50,-40,3,100000,11,0.00011,65,0.00065
-50,-40,4,100000,30,0.0003,76,0.00076
-50,-40,5,100000,29,0.00029,84,0.00084
-50,-39,0,100000,31,0.00031,66,0.00066
-50,-39,1,100000,36,0.00036,70,0.0007
-50,-39,2,100000,32,0.00032,71,0.00071
-50,-39,3,100000,35,0.00035,69,0.00069
-50,-39,4,100000,16,0.00016,55,0.00055
-50,-39,5,100000,22,0.00022,73,0.00073
-50,-38,0,100000,26,0.00026,74,0.00074
-50,-38,1,100000,30,0.0003,64,0.00064
-50,-38,2,100000,36,0.00036,75,0.00075
-50,-38,3,100000,17,0.00017,59,0.00059
-50,-38,4,100000,38,0.00038,69,0.00069
-50,-38,5,100000,22,0.00022,73,0.00073
-50,-37,0,100000,33,0.00033,75,0.00075
-50,-37,1,100000,29,0.00029,81,0.00081
-50,-37,2,100000,35,0.00035,81,0.00081
-50,-37,3,100000,32,0.00032,70,0.0007
-50,-37,4,100000,34,0.00034,65,0.00065
-50,-37,5,100000,32,0.00032,69,0.00069
-50,-36,0,100000,33,0.00033,67,0.00067
-50,-36,1,100000,26,0.00026,68,0.00068
-50,-36,2,100000,25,0.00025,61,0.00061
-50,-36,3,100000,15,0.00015,57,0.00057
-50,-36,4,100000,18,0.00018,81,0.00081
-50,-36,5,100000,28,0.00028,72,0.00072
-50,-35,0,100000,19,0.00019,75,0.00075
-50,-35,1,100000,41,0.00041,82,0.00082
-50,-35,2,100000,53,0.00053,73,0.00073
-50,-35,3,100000,28,0.00028,69,0.00069
-50,-35,4,100000,23,0.00023,72,0.00072
-50,-35,5,100000,18,0.00018,77,0.00077
-50,-34,0,100000,48,0.00048,79,0.00079
-50,-34,1,100000,38,0.00038,74,0.00074
-50,-34,2,100000,49,0.00049,89,0.00089
-50,-34,3,100000,26,0.00026,68,0.00068
-50,-34,4,100000,20,0.0002,76,0.00076
-50,-34,5,100000,36,0.00036,62,0.00062
-50,-33,0,100000,49,0.00049,65,0.00065
-50,-33,1,100000,44,0.00044,89,0.00089
-50,-33,2,100000,28,0.00028,58,0.00058
-50,-33,3,100000,37,0.00037,69,0.00069
-50,-33,4,100000,42,0.00042,86,0.00086
-50,-33,5,100000,36,0.00036,74,0.00074
-50,-32,0,100000,37,0.00037,82,0.00082
-50,-32,1,100000,28,0.00028,76,0.00076
-50,-32,2,100000,26,0.00026,59,0.00059
-50,-32,3,100000,24,0.00024,79,0.00079
-50,-32,4,100000,29,0.00029,60,0.0006
-50,-32,5,100000,35,0.00035,62,0.00062
-50,-31,0,100000,31,0.00031,67,0.00067
-50,-31,1,100000,38,0.00038,81,0.00081
-50,-31,2,100000,15,0.00015,53,0.00053
-50,-31,3,100000,32,0.00032,64,0.00064
-50,-31,4,100000,44,0.00044,74,0.00074
-50,-31,5,100000,41,0.00041,65,0.00065
-50,-30,0,100000,31,0.00031,50,0.0005
-50,-30,1,100000,29,0.00029,78,0.00078
-50,-30,2,100000,16,0.00016,68,0.00068
-50,-30,3,100000,21,0.00021,83,0.00083
-50,-30,4,100000,33,0.00033,74,0.00074
-50,-30,5,100000,26,0.00026,73,0.00073
-50,-29,0,100000,26,0.00026,67,0.00067
-50,-29,1,100000,37,0.00037,72,0.00072
-50,-29,2,100000,35,0.00035,71,0.00071
-50,-29,3,100000,23,0.00023,78,0.00078
-50,-29,4,100000,24,0.00024,60,0.0006
-50,-29,5,100000,19,0.00019,60,0.0006
-50,-28,0,100000,49,0.00049,72,0.00072
-50,-28,1,100000,20,0.0002,64,0.00064
-50,-28,2,100000,21,0.00021,79,0.00079
-50,-28,3,100000,25,0.00025,62,0.00062
-50,-28,4,100000,20,0.0002,67,0.00067
-50,-28,5,100000,43,0.00043,80,0.0008
-50,-27,0,100000,24,0.00024,71,0.00071
-50,-27,1,100000,15,0.00015,57,0.00057
-50,-27,2,100000,20,0.0002,81,0.00081
-50,-27,3,100000,34,0.00034,77,0.00077
-50,-27,4,100000,32,0.00032,73,0.00073
-50,-27,5,100000,28,0.00028,88,0.00088
-50,-26,0,100000,23,0.00023,66,0.00066
-50,-26,1,100000,41,0.00041,67,0.00067
-50,-26,2,100000,58,0.00058,89,0.00089
-50,-26,3,100000,28,0.00028,66,0.00066
-50,-26,4,100000,32,0.00032,76,0.00076
-50,-26,5,100000,19,0.00019,56,0.00056
-50,-25,0,100000,45,0.00045,68,0.00068
-50,-25,1,100000,30,0.0003,83,0.00083
-50,-25,2,100000,24,0.00024,77,0.00077
-50,-25,3,100000,28,0.00028,60,0.0006
-50,-25,4,100000,50,0.0005,78,0.00078
-50,-25,5,100000,29,0.00029,62,0.00062
-50,-24,0,100000,24,0.00024,81,0.00081
-50,-24,1,100000,28,0.00028,73,0.00073
-50,-24,2,100000,17,0.00017,81,0.00081
-50,-24,3,100000,50,0.0005,87,0.00087
-50,-24,4,100000,31,0.00031,71,0.00071
-50,-24,5,100000,38,0.00038,80,0.0008
-50,-23,0,100000,54,0.00054,87,0.00087
-50,-23,1,100000,30,0.0003,76,0.00076
-50,-23,2,100000,45,0.00045,57,0.00057
-50,-23,3,100000,45,0.00045,80,0.0008
-50,-23,4,100000,32,0.00032,68,0.00068
-50,-23,5,100000,37,0.00037,66,0.00066
-50,-22,0,100000,28,0.00028,73,0.00073
-50,-22,1,100000,26,0.00026,73,0.00073
-50,-22,2,100000,56,0.00056,69,0.00069
-50,-22,3,100000,32,0.00032,76,0.00076
-50,-22,4,100000,28,0.00028,61,0.00061
-50,-22,5,100000,12,0.00012,74,0.00074
-50,-21,0,100000,38,0.00038,67,0.00067
-50,-21,1,100000,25,0.00025,74,0.00074
-50,-21,2,100000,37,0.00037,78,0.00078
-50,-21,3,100000,32,0.00032,64,0.00064
-50,-21,4,100000,41,0.00041,71,0.00071
-50,-21,5,100000,47,0.00047,83,0.00083
-50,-20,0,100000,32,0.00032,65,0.00065
-50,-20,1,100000,45,0.00045,83,0.00083
-50,-20,2,100000,54,0.00054,81,0.00081
-50,-20,3,100000,38,0.00038,59,0.00059
-50,-20,4,100000,27,0.00027,76,0.00076
-50,-20,5,100000,26,0.00026,72,0.00072
-50,-19,0,100000,31,0.00031,52,0.00052
-50,-19,1,100000,13,0.00013,61,0.00061
-50,-19,2,100000,28,0.00028,73,0.00073
-50,-19,3,100000,23,0.00023,65,0.00065
-50,-19,4,100000,15,0.00015,64,0.00064
-50,-19,5,100000,22,0.00022,77,0.00077
-50,-18,0,100000,30,0.0003,58,0.00058
-50,-18,1,100000,47,0.00047,81,0.00081
-50,-18,2,100000,24,0.00024,70,0.0007
-50,-18,3,100000,26,0.00026,70,0.0007
-50,-18,4,100000,24,0.00024,66,0.00066
-50,-18,5,100000,36,0.00036,80,0.0008
-50,-17,0,100000,25,0.00025,73,0.00073
-50,-17,1,100000,21,0.00021,53,0.00053
-50,-17,2,100000,27,0.00027,78,0.00078
-50,-17,3,100000,46,0.00046,81,0.00081
-50,-17,4,100000,54,0.00054,62,0.00062
-50,-17,5,100000,33,0.00033,80,0.0008
-50,-16,0,100000,39,0.00039,95,0.00095
-50,-16,1,100000,21,0.00021,77,0.00077
-50,-16,2,100000,30,0.0003,72,0.00072
-50,-16,3,100000,29,0.00029,79,0.00079
-50,-16,4,100000,28,0.00028,75,0.00075
-50,-16,5,100000,34,0.00034,75,0.00075
-50,-15,0,100000,36,0.00036,73,0.00073
-50,-15,1,100000,40,0.0004,83,0.00083
-50,-15,2,100000,37,0.00037,87,0.00087
-50,-15,3,100000,29,0.00029,74,0.00074
-50,-15,4,100000,32,0.00032,73,0.00073
-50,-15,5,100000,30,0.0003,75,0.00075
-50,-14,0,100000,36,0.00036,70,0.0007
-50,-14,1,100000,26,0.00026,71,0.00071
-50,-14,2,100000,37,0.00037,71,0.00071
-50,-14,3,100000,39,0.00039,70,0.0007
-50,-14,4,100000,16,0.00016,84,0.00084
-50,-14,5,100000,31,0.00031,65,0.00065
-50,-13,0,100000,46,0.00046,76,0.00076
-50,-13,1,100000,26,0.00026,60,0.0006
-50,-13,2,100000,28,0.00028,71,0.00071
-50,-13,3,100000,34,0.00034,72,0.00072
-50,-13,4,100000,20,0.0002,59,0.00059
-50,-13,5,100000,11,0.00011,63,0.00063
-50,-12,0,100000,30,0.0003,84,0.00084
-50,-12,1,100000,46,0.00046,98,0.00098
-50,-12,2,100000,34,0.00034,61,0.00061
-50,-12,3,100000,28,0.00028,65,0.00065
-50,-12,4,100000,24,0.00024,72,0.00072
-50,-12,5,100000,32,0.00032,51,0.00051
-50,-11,0,100000,22,0.00022,67,0.00067
-50,-11,1,100000,21,0.00021,64,0.00064
-50,-11,2,100000,35,0.00035,76,0.00076
-50,-11,3,100000,27,0.00027,62,0.00062
-50,-11,4,100000,36,0.00036,73,0.00073
-50,-11,5,100000,28,0.00028,66,0.00066
-50,-10,0,100000,33,0.00033,68,0.00068
-50,-10,1,100000,39,0.00039,77,0.00077
-50,-10,2,100000,33,0.00033,81,0.00081
-50,-10,3,100000,25,0.00025,61,0.00061
-50,-10,4,100000,26,0.00026,90,0.0009
-50,-10,5,100000,49,0.00049,83,0.00083
-50,-9,0,100000,32,0.00032,63,0.00063
-50,-9,1,100000,24,0.00024,67,0.00067
-50,-9,2,100000,17,0.00017,72,0.00072
-50,-9,3,100000,35,0.00035,63,0.00063
-50,-9,4,100000,23,0.00023,69,0.00069
-50,-9,5,100000,38,0.00038,66,0.00066
-50,-8,0,100000,25,0.00025,68,0.00068
-50,-8,1,100000,38,0.00038,68,0.00068
-50,-8,2,100000,32,0.00032,74,0.00074
-50,-8,3,100000,28,0.00028,64,0.00064
-50,-8,4,100000,22,0.00022,67,0.00067
-50,-8,5,100000,33,0.00033,67,0.00067
-50,-7,0,100000,34,0.00034,68,0.00068
-50,-7,1,100000,44,0.00044,78,0.00078
-50,-7,2,100000,34,0.00034,77,0.00077
-50,-7,3,100000,28,0.00028,67,0.00067
-50,-7,4,100000,33,0.00033,80,0.0008
-50,-7,5,100000,51,0.00051,70,0.0007
-50,-6,0,100000,18,0.00018,73,0.00073
-50,-6,1,100000,24,0.00024,71,0.00071
-50,-6,2,100000,21,0.00021,56,0.00056
-50,-6,3,100000,21,0.00021,76,0.00076
-50,-6,4,100000,37,0.00037,63,0.00063
-50,-6,5,100000,16,0.00016,61,0.00061
-50,-5,0,100000,42,0.00042,86,0.00086
-50,-5,1,100000,30,0.0003,70,0.0007
-50,-5,2,100000,41,0.00041,62,0.00062
-50,-5,3,100000,36,0.00036,70,0.0007
-50,-5,4,100000,12,0.00012,64,0.00064
-50,-5,5,100000,38,0.00038,77,0.00077
-50,-4,0,100000,31,0.00031,79,0.00079
-50,-4,1,100000,37,0.00037,64,0.00064
-50,-4,2,100000,19,0.00019,67,0.00067
-50,-4,3,100000,25,0.00025,67,0.00067
-50,-4,4,100000,22,0.00022,78,0.00078
-50,-4,5,100000,26,0.00026,84,0.00084
-50,-3,0,100000,31,0.00031,71,0.00071
-50,-3,1,100000,31,0.00031,83,0.00083
-50,-3,2,100000,50,0.0005,78,0.00078
-50,-3,3,100000,28,0.00028,77,0.00077
-50,-3,4,100000,33,0.00033,65,0.00065
-50,-3,5,100000,47,0.00047,79,0.00079
-50,-2,0,100000,36,0.00036,74,0.00074
-50,-2,1,100000,41,0.00041,88,0.00088
-50,-2,2,100000,28,0.00028,58,0.00058
-50,-2,3,100000,29,0.00029,85,0.00085
-50,-2,4,100000,26,0.00026,76,0.00076
-50,-2,5,100000,44,0.00044,63,0.00063
-50,-1,0,100000,32,0.00032,61,0.00061
-50,-1,1,100000,35,0.00035,85,0.00085
-50,-1,2,100000,18,0.00018,65,0.00065
-50,-1,3,100000,31,0.00031,69,0.00069
-50,-1,4,100000,19,0.00019,64,0.00064
-50,-1,5,100000,55,0.00055,89,0.00089
-50,0,0,100000,22,0.00022,77,0.00077
-50,0,1,100000,14,0.00014,63,0.00063
-50,0,2,100000,42,0.00042,85,0.00085
-50,0,3,100000,28,0.00028,68,0.00068
-50,0,4,100000,31,0.00031,78,0.00078
-50,0,5,100000,35,0.00035,64,0.00064
-50,1,0,100000,36,0.00036,67,0.00067
-50,1,1,100000,27,0.00027,70,0.0007
-50,1,2,100000,38,0.00038,80,0.0008
-50,1,3,100000,32,0.00032,81,0.00081
-50,1,4,100000,26,0.00026,67,0.00067
-50,1,5,100000,28,0.00028,72,0.00072
-50,2,0,100000,50,0.0005,85,0.00085
-50,2,1,100000,25,0.00025,81,0.00081
-50,2,2,100000,25,0.00025,69,0.00069
-50,2,3,100000,21,0.00021,65,0.00065
-50,2,4,100000,19,0.00019,88,0.00088
-50,2,5,100000,35,0.00035,85,0.00085
-50,3,0,100000,36,0.00036,66,0.00066
-50,3,1,100000,26,0.00026,77,0.00077
-50,3,2,100000,36,0.00036,71,0.00071
-50,3,3,100000,33,0.00033,70,0.0007
-50,3,4,100000,17,0.00017,70,0.0007
-50,3,5,100000,14,0.00014,76,0.00076
-50,4,0,100000,16,0.00016,58,0.00058
-50,4,1,100000,32,0.00032,62,0.00062
-50,4,2,100000,31,0.00031,76,0.00076
-50,4,3,100000,29,0.00029,78,0.00078
-50,4,4,100000,26,0.00026,70,0.0007
-50,4,5,100000,30,0.0003,72,0.00072
-50,5,0,100000,46,0.00046,81,0.00081
-50,5,1,100000,44,0.00044,79,0.00079
-50,5,2,100000,22,0.00022,67,0.00067
-50,5,3,100000,36,0.00036,68,0.00068
-50,5,4,100000,40,0.0004,76,0.00076
-50,5,5,100000,19,0.00019,74,0.00074
-50,6,0,100000,29,0.00029,72,0.00072
-50,6,1,100000,39,0.00039,75,0.00075
-50,6,2,100000,31,0.00031,86,0.00086
-50,6,3,100000,38,0.00038,67,0.00067
-50,6,4,100000,42,0.00042,74,0.00074
-50,6,5,100000,38,0.00038,83,0.00083
-50,7,0,100000,43,0.00043,94,0.00094
-50,7,1,100000,32,0.00032,73,0.00073
-50,7,2,100000,17,0.00017,63,0.00063
-50,7,3,100000,36,0.00036,68,0.00068
-50,7,4,100000,26,0.00026,83,0.00083
-50,7,5,100000,30,0.0003,67,0.00067
-50,8,0,100000,25,0.00025,71,0.00071
-50,8,1,100000,30,0.0003,75,0.00075
-50,8,2,100000,21,0.00021,63,0.00063
-50,8,3,100000,18,0.00018,67,0.00067
-50,8,4,100000,21,0.00021,67,0.00067
-50,8,5,100000,34,0.00034,66,0.00066
-50,9,0,100000,44,0.00044,81,0.00081
-50,9,1,100000,40,0.0004,60,0.0006
-50,9,2,100000,24,0.00024,74,0.00074
-50,9,3,100000,29,0.00029,67,0.00067
-50,9,4,100000,41,0.00041,78,0.00078
-50,9,5,100000,38,0.00038,80,0.0008
-50,10,0,100000,21,0.00021,80,0.0008
-50,10,1,100000,46,0.00046,74,0.00074
-50,10,2,100000,28,0.00028,85,0.00085
-50,10,3,100000,38,0.00038,77,0.00077
-50,10,4,100000,20,0.0002,73,0.00073
-50,10,5,100000,19,0.00019,74,0.00074
-50,11,0,100000,35,0.00035,69,0.00069
-50,11,1,100000,28,0.00028,68,0.00068
-50,11,2,100000,28,0.00028,71,0.00071
-50,11,3,100000,30,0.0003,78,0.00078
-50,11,4,100000,50,0.0005,80,0.0008
-50,11,5,100000,37,0.00037,83,0.00083
-50,12,0,100000,30,0.0003,61,0.00061
-50,12,1,100000,19,0.00019,64,0.00064
-50,12,2,100000,23,0.00023,90,0.0009
-50,12,3,100000,33,0.00033,71,0.00071
-50,12,4,100000,33,0.00033,72,0.00072
-50,12,5,100000,29,0.00029,67,0.00067
-50,13,0,100000,23,0.00023,66,0.00066
-50,13,1,100000,19,0.00019,59,0.00059
-50,13,2,100000,25,0.00025,63,0.00063
-50,13,3,100000,31,0.00031,66,0.00066
-50,13,4,100000,31,0.00031,80,0.0008
-50,13,5,100000,19,0.00019,70,0.0007
-50,14,0,100000,32,0.00032,63,0.00063
-50,14,1,100000,27,0.00027,69,0.00069
-50,14,2,100000,14,0.00014,75,0.00075
-50,14,3,100000,19,0.00019,96,0.00096
-50,14,4,100000,29,0.00029,73,0.00073
-50,14,5,100000,50,0.0005,93,0.00093
-50,15,0,100000,24,0.00024,67,0.00067
-50,15,1,100000,34,0.00034,62,0.00062
-50,15,2,100000,34,0.00034,86,0.00086
-50,15,3,100000,37,0.00037,66,0.00066
-50,15,4,100000,34,0.00034,70,0.0007
-50,15,5,100000,53,0.00053,95,0.00095
-50,16,0,100000,34,0.00034,77,0.00077
-50,16,1,100000,17,0.00017,56,0.00056
-50,16,2,100000,32,0.00032,70,0.0007
-50,16,3,100000,21,0.00021,62,0.00062
-50,16,4,100000,54,0.00054,79,0.00079
-50,16,5,100000,35,0.00035,74,0.00074
-50,17,0,100000,28,0.00028,66,0.00066
-50,17,1,100000,38,0.00038,62,0.00062
-50,17,2,100000,28,0.00028,70,0.0007
-50,17,3,100000,44,0.00044,64,0.00064
-50,17,4,100000,26,0.00026,71,0.00071
-50,17,5,100000,28,0.00028,72,0.00072
-50,18,0,100000,21,0.00021,79,0.00079
-50,18,1,100000,24,0.00024,72,0.00072
-50,18,2,100000,57,0.00057,83,0.00083
-50,18,3,100000,17,0.00017,87,0.00087
-50,18,4,100000,25,0.00025,69,0.00069
-50,18,5,100000,21,0.00021,73,0.00073
-50,19,0,100000,30,0.0003,69,0.00069
-50,19,1,100000,60,0.0006,101,0.00101
-50,19,2,100000,32,0.00032,68,0.00068
-50,19,3,100000,22,0.00022,69,0.00069
-50,19,4,100000,23,0.00023,66,0.00066
-50,19,5,100000,33,0.00033,81,0.00081
-50,20,0,100000,37,0.00037,69,0.00069
-50,20,1,100000,18,0.00018,74,0.00074
-50,20,2,100000,24,0.00024,61,0.00061
-50,20,3,100000,27,0.00027,71,0.00071
-50,20,4,100000,37,0.00037,70,0.0007
-50,20,5,100000,42,0.00042,95,0.00095
-50,21,0,100000,30,0.0003,67,0.00067
-50,21,1,100000,23,0.00023,52,0.00052
-50,21,2,100000,32,0.00032,69,0.00069
-50,21,3,100000,23,0.00023,71,0.00071
-50,21,4,100000,33,0.00033,82,0.00082
-50,21,5,100000,22,0.00022,66,0.00066
-50,22,0,100000,52,0.00052,71,0.00071
-50,22,1,100000,35,0.00035,88,0.00088
-50,22,2,100000,18,0.00018,71,0.00071
-50,22,3,100000,28,0.00028,73,0.00073
-50,22,4,100000,31,0.00031,80,0.0008
-50,22,5,100000,44,0.00044,64,0.00064
-50,23,0,100000,29,0.00029,78,0.00078
-50,23,1,100000,35,0.00035,87,0.00087
-50,23,2,100000,26,0.00026,74,0.00074
-50,23,3,100000,23,0.00023,75,0.00075
-50,23,4,100000,26,0.00026,74,0.00074
-50,23,5,100000,24,0.00024,70,0.0007
-50,24,0,100000,28,0.00028,59,0.00059
-50,24,1,100000,50,0.0005,75,0.00075
-50,24,2,100000,41,0.00041,69,0.00069
-50,24,3,100000,23,0.00023,61,0.00061
-50,24,4,100000,25,0.00025,80,0.0008
-50,24,5,100000,34,0.00034,77,0.00077
-50,25,0,100000,27,0.00027,73,0.00073
-50,25,1,100000,45,0.00045,90,0.0009
-50,25,2,100000,29,0.00029,71,0.00071
-50,25,3,100000,42,0.00042,72,0.00072
-50,25,4,100000,34,0.00034,77,0.00077
-50,25,5,100000,29,0.00029,76,0.00076
-50,26,0,100000,36,0.00036,82,0.00082
-50,26,1,100000,49,0.00049,77,0.00077
-50,26,2,100000,47,0.00047,88,0.00088
-50,26,3,100000,26,0.00026,78,0.00078
-50,26,4,100000,16,0.00016,64,0.00064
-50,26,5,100000,37,0.00037,68,0.00068
-50,27,0,100000,39,0.00039,76,0.00076
-50,27,1,100000,25,0.00025,67,0.00067
-50,27,2,100000,33,0.00033,78,0.00078
-50,27,3,100000,43,0.00043,95,0.00095
-50,27,4,100000,24,0.00024,80,0.0008
-50,27,5,100000,32,0.00032,75,0.00075
-50,28,0,100000,27,0.00027,73,0.00073
-50,28,1,100000,35,0.00035,62,0.00062
-50,28,2,100000,21,0.00021,55,0.00055
-50,28,3,100000,27,0.00027,74,0.00074
-50,28,4,100000,30,0.0003,82,0.00082
-50,28,5,100000,36,0.00036,70,0.0007
-50,29,0,100000,25,0.00025,62,0.00062
-50,29,1,100000,25,0.00025,71,0.00071
-50,29,2,100000,16,0.00016,62,0.00062
-50,29,3,100000,15,0.00015,61,0.00061
-50,29,4,100000,28,0.00028,65,0.00065
-50,29,5,100000,31,0.00031,74,0.00074
-50,30,0,100000,24,0.00024,90,0.0009
-50,30,1,100000,29,0.00029,77,0.00077
-50,30,2,100000,23,0.00023,75,0.00075
-50,30,3,100000,44,0.00044,74,0.00074
-50,30,4,100000,41,0.00041,81,0.00081
-50,30,5,100000,35,0.00035,85,0.00085
-50,31,0,100000,39,0.00039,81,0.00081
-50,31,1,100000,28,0.00028,84,0.00084
-50,31,2,100000,23,0.00023,75,0.00075
-50,31,3,100000,36,0.00036,67,0.00067
-50,31,4,100000,26,0.00026,74,0.00074
-50,31,5,100000,31,0.00031,78,0.00078
-50,32,0,100000,25,0.00025,64,0.00064
-50,32,1,100000,25,0.00025,64,0.00064
-50,32,2,100000,29,0.00029,66,0.00066
-50,32,3,100000,36,0.00036,73,0.00073
-50,32,4,100000,45,0.00045,62,0.00062
-50,32,5,100000,34,0.00034,85,0.00085
-50,33,0,100000,27,0.00027,64,0.00064
-50,33,1,100000,39,0.00039,74,0.00074
-50,33,2,100000,30,0.0003,73,0.00073
-50,33,3,100000,47,0.00047,69,0.00069
-50,33,4,100000,35,0.00035,86,0.00086
-50,33,5,100000,12,0.00012,67,0.00067
-50,34,0,100000,35,0.00035,75,0.00075
-50,34,1,100000,30,0.0003,71,0.00071
-50,34,2,100000,14,0.00014,68,0.00068
-50,34,3,100000,37,0.00037,81,0.00081
-50,34,4,100000,14,0.00014,66,0.00066
-50,34,5,100000,26,0.00026,67,0.00067
-50,35,0,100000,29,0.00029,55,0.00055
-50,35,1,100000,20,0.0002,66,0.00066
-50,35,2,100000,13,0.00013,61,0.00061
-50,35,3,100000,23,0.00023,70,0.0007
-50,35,4,100000,23,0.00023,75,0.00075
-50,35,5,100000,29,0.00029,77,0.00077
-50,36,0,100000,42,0.00042,70,0.0007
-50,36,1,100000,43,0.00043,81,0.00081
-50,36,2,100000,48,0.00048,76,0.00076
-50,36,3,100000,42,0.00042,81,0.00081
-50,36,4,100000,33,0.00033,85,0.00085
-50,36,5,100000,34,0.00034,70,0.0007
-50,37,0,100000,30,0.0003,74,0.00074
-50,37,1,100000,32,0.00032,76,0.00076
-50,37,2,100000,31,0.00031,81,0.00081
-50,37,3,100000,32,0.00032,73,0.00073
-50,37,4,100000,27,0.00027,68,0.00068
-50,37,5,100000,26,0.00026,73,0.00073
-50,38,0,100000,17,0.00017,54,0.00054
-50,38,1,100000,25,0.00025,65,0.00065
-50,38,2,100000,27,0.00027,67,0.00067
-50,38,3,100000,32,0.00032,74,0.00074
-50,38,4,100000,37,0.00037,80,0.0008
-50,38,5,100000,30,0.0003,72,0.00072
-50,39,0,100000,43,0.00043,70,0.0007
-50,39,1,100000,38,0.00038,71,0.00071
-50,39,2,100000,39,0.00039,64,0.00064
-50,39,3,100000,26,0.00026,82,0.00082
-50,39,4,100000,22,0.00022,73,0.00073
-50,39,5,100000,41,0.00041,87,0.00087
-50,40,0,100000,18,0.00018,58,0.00058
-50,40,1,100000,27,0.00027,70,0.0007
-50,40,2,100000,35,0.00035,69,0.00069
-50,40,3,100000,17,0.00017,77,0.00077
-50,40,4,100000,23,0.00023,58,0.00058
-50,40,5,100000,32,0.00032,84,0.00084
-50,41,0,100000,28,0.00028,69,0.00069
-50,41,1,100000,22,0.00022,77,0.00077
-50,41,2,100000,38,0.00038,83,0.00083
-50,41,3,100000,22,0.00022,66,0.00066
-50,41,4,100000,14,0.00014,83,0.00083
-50,41,5,100000,19,0.00019,51,0.00051
-50,42,0,100000,44,0.00044,83,0.00083
-50,42,1,100000,23,0.00023,90,0.0009
-50,42,2,100000,43,0.00043,65,0.00065
-50,42,3,100000,24,0.00024,53,0.00053
-50,42,4,100000,35,0.00035,74,0.00074
-50,42,5,100000,34,0.00034,81,0.00081
-50,43,0,100000,32,0.00032,84,0.00084
-50,43,1,100000,29,0.00029,66,0.00066
-50,43,2,100000,20,0.0002,62,0.00062
-50,43,3,100000,27,0.00027,65,0.00065
-50,43,4,100000,24,0.00024,73,0.00073
-50,43,5,100000,24,0.00024,77,0.00077
-50,44,0,100000,27,0.00027,74,0.00074
-50,44,1,100000,19,0.00019,60,0.0006
-50,44,2,100000,28,0.00028,75,0.00075
-50,44,3,100000,35,0.00035,95,0.00095
-50,44,4,100000,12,0.00012,69,0.00069
-50,44,5,100000,10,0.0001,69,0.00069
-50,45,0,100000,31,0.00031,81,0.00081
-50,45,1,100000,34,0.00034,80,0.0008
-50,45,2,100000,35,0.00035,75,0.00075
-50,45,3,100000,33,0.00033,82,0.00082
-50,45,4,100000,36,0.00036,73,0.00073
-50,45,5,100000,26,0.00026,66,0.00066
-50,46,0,100000,27,0.00027,57,0.00057
-50,46,1,100000,27,0.00027,84,0.00084
-50,46,2,100000,30,0.0003,67,0.00067
-50,46,3,100000,38,0.00038,70,0.0007
-50,46,4,100000,24,0.00024,70,0.0007
-50,46,5,100000,14,0.00014,57,0.00057
-50,47,0,100000,33,0.00033,77,0.00077
-50,47,1,100000,21,0.00021,71,0.00071
-50,47,2,100000,28,0.00028,66,0.00066
-50,47,3,100000,18,0.00018,57,0.00057
-50,47,4,100000,16,0.00016,62,0.00062
-50,47,5,100000,56,0.00056,80,0.0008
-50,48,0,100000,42,0.00042,78,0.00078
-50,48,1,100000,44,0.00044,68,0.00068
-50,48,2,100000,32,0.00032,77,0.00077
-50,48,3,100000,54,0.00054,70,0.0007
-50,48,4,100000,15,0.00015,71,0.00071
-50,48,5,100000,30,0.0003,68,0.00068
-50,49,0,100000,23,0.00023,69,0.00069
-50,49,1,100000,27,0.00027,69,0.00069
-50,49,2,100000,56,0.00056,86,0.00086
-50,49,3,100000,26,0.00026,72,0.00072
-50,49,4,100000,52,0.00052,66,0.00066
-50,49,5,100000,44,0.00044,72,0.00072
-50,50,0,100000,22,0.00022,66,0.00066
-50,50,1,100000,63,0.00063,79,0.00079
-50,50,2,100000,25,0.00025,75,0.00075
-50,50,3,100000,44,0.00044,78,0.00078
-50,50,4,100000,35,0.00035,75,0.00075
-50,50,5,100000,29,0.00029,75,0.00075
-49,-50,0,100000,53,0.00053,87,0.00087
-49,-50,1,100000,21,0.00021,74,0.00074
-49,-50,2,100000,30,0.0003,65,0.00065
-49,-50,3,100000,38,0.00038,62,0.00062
-49,-50,4,100000,65,0.00065,94,0.00094
-49,-50,5,100000,30,0.0003,60,0.0006
-49,-49,0,100000,19,0.00019,72,0.00072
-49,-49,1,100000,30,0.0003,78,0.00078
-49,-49,2,100000,28,0.00028,81,0.00081
-49,-49,3,100000,27,0.00027,58,0.00058
-49,-49,4,100000,27,0.00027,70,0.0007
-49,-49,5,100000,26,0.00026,75,0.00075
-49,-48,0,100000,29,0.00029,80,0.0008
-49,-48,1,100000,41,0.00041,73,0.00073
-49,-48,2,100000,40,0.0004,74,0.00074
-49,-48,3,100000,51,0.00051,85,0.00085
-49,-48,4,100000,76,0.00076,69,0.00069
-49,-48,5,100000,17,0.00017,60,0.0006
-49,-47,0,100000,38,0.00038,84,0.00084
-49,-47,1,100000,31,0.00031,69,0.00069
-49,-47,2,100000,32,0.00032,84,0.00084
-49,-47,3,100000,35,0.00035,59,0.00059
-49,-47,4,100000,31,0.00031,72,0.00072
-49,-47,5,100000,15,0.00015,72,0.00072
-49,-46,0,100000,17,0.00017,74,0.00074
-49,-46,1,100000,13,0.00013,65,0.00065
-49,-46,2,100000,17,0.00017,64,0.00064
-49,-46,3,100000,33,0.00033,72,0.00072
-49,-46,4,100000,28,0.00028,75,0.00075
-49,-46,5,100000,32,0.00032,84,0.00084
-49,-45,0,100000,18,0.00018,70,0.0007
-49,-45,1,100000,24,0.00024,63,0.00063
-49,-45,2,100000,32,0.00032,62,0.00062
-49,-45,3,100000,31,0.00031,81,0.00081
-49,-45,4,100000,29,0.00029,74,0.00074
-49,-45,5,100000,31,0.00031,73,0.00073
-49,-44,0,100000,36,0.00036,100,0.001
-49,-44,1,100000,34,0.00034,85,0.00085
-49,-44,2,100000,30,0.0003,75,0.00075
-49,-44,3,100000,32,0.00032,65,0.00065
-49,-44,4,100000,41,0.00041,76,0.00076
-49,-44,5,100000,24,0.00024,74,0.00074
-49,-43,0,100000,41,0.00041,57,0.00057
-49,-43,1,100000,32,0.00032,60,0.0006
-49,-43,2,100000,31,0.00031,72,0.00072
-49,-43,3,100000,30,0.0003,72,0.00072
-49,-43,4,100000,29,0.00029,68,0.00068
-49,-43,5,100000,15,0.00015,59,0.00059
-49,-42,0,100000,24,0.00024,66,0.00066
-49,-42,1,100000,28,0.00028,69,0.00069
-49,-42,2,100000,38,0.00038,89,0.00089
-49,-42,3,100000,39,0.00039,73,0.00073
-49,-42,4,100000,14,0.00014,68,0.00068
-49,-42,5,100000,20,0.0002,71,0.00071
-49,-41,0,100000,37,0.00037,82,0.00082
-49,-41,1,100000,37,0.00037,82,0.00082
-49,-41,2,100000,36,0.00036,72,0.00072
-49,-41,3,100000,21,0.00021,63,0.00063
-49,-41,4,100000,22,0.00022,77,0.00077
-49,-41,5,100000,37,0.00037,88,0.00088
-49,-40,0,100000,23,0.00023,80,0.0008
-49,-40,1,100000,33,0.00033,78,0.00078
-49,-40,2,100000,25,0.00025,83,0.00083
-49,-40,3,100000,24,0.00024,68,0.00068
-49,-40,4,100000,34,0.00034,77,0.00077
-49,-40,5,100000,35,0.00035,69,0.00069
-49,-39,0,100000,29,0.00029,87,0.00087
-49,-39,1,100000,47,0.00047,85,0.00085
-49,-39,2,100000,40,0.0004,85,0.00085
-49,-39,3,100000,46,0.00046,81,0.00081
-49,-39,4,100000,17,0.00017,66,0.00066
-49,-39,5,100000,34,0.00034,96,0.00096
-49,-38,0,100000,44,0.00044,78,0.00078
-49,-38,1,100000,19,0.00019,72,0.00072
-49,-38,2,100000,21,0.00021,55,0.00055
-49,-38,3,100000,30,0.0003,84,0.00084
-49,-38,4,100000,44,0.00044,82,0.00082
-49,-38,5,100000,25,0.00025,76,0.00076
-49,-37,0,100000,22,0.00022,77,0.00077
-49,-37,1,100000,17,0.00017,58,0.00058
-49,-37,2,100000,20,0.0002,68,0.00068
-49,-37,3,100000,35,0.00035,72,0.00072
-49,-37,4,100000,16,0.00016,76,0.00076
-49,-37,5,100000,34,0.00034,64,0.00064
-49,-36,0,100000,35,0.00035,78,0.00078
-49,-36,1,100000,40,0.0004,67,0.00067
-49,-36,2,100000,59,0.00059,69,0.00069
-49,-36,3,100000,37,0.00037,75,0.00075
-49,-36,4,100000,60,0.0006,78,0.00078
-49,-36,5,100000,39,0.00039,78,0.00078
-49,-35,0,100000,28,0.00028,55,0.00055
-49,-35,1,100000,24,0.00024,68,0.00068
-49,-35,2,100000,29,0.00029,81,0.00081
-49,-35,3,100000,38,0.00038,73,0.00073
-49,-35,4,100000,45,0.00045,73,0.00073
-49,-35,5,100000,22,0.00022,75,0.00075
-49,-34,0,100000,29,0.00029,80,0.0008
-49,-34,1,100000,25,0.00025,79,0.00079
-49,-34,2,100000,37,0.00037,82,0.00082
-49,-34,3,100000,33,0.00033,63,0.00063
-49,-34,4,100000,26,0.00026,58,0.00058
-49,-34,5,100000,38,0.00038,91,0.00091
-49,-33,0,100000,22,0.00022,65,0.00065
-49,-33,1,100000,20,0.0002,77,0.00077
-49,-33,2,100000,42,0.00042,81,0.00081
-49,-33,3,100000,34,0.00034,96,0.00096
-49,-33,4,100000,21,0.00021,75,0.00075
-49,-33,5,100000,42,0.00042,84,0.00084
-49,-32,0,100000,21,0.00021,66,0.00066
-49,-32,1,100000,20,0.0002,78,0.00078
-49,-32,2,100000,42,0.00042,71,0.00071
-49,-32,3,100000,50,0.0005,88,0.00088
-49,-32,4,100000,25,0.00025,61,0.00061
-49,-32,5,100000,27,0.00027,62,0.00062
-49,-31,0,100000,28,0.00028,71,0.00071
-49,-31,1,100000,49,0.00049,70,0.0007
-49,-31,2,100000,27,0.00027,76,0.00076
-49,-31,3,100000,29,0.00029,65,0.00065
-49,-31,4,100000,15,0.00015,68,0.00068
-49,-31,5,100000,31,0.00031,72,0.00072
-49,-30,0,100000,22,0.00022,69,0.00069
-49,-30,1,100000,29,0.00029,74,0.00074
-49,-30,2,100000,48,0.00048,77,0.00077
-49,-30,3,100000,28,0.00028,66,0.00066
-49,-30,4,100000,37,0.00037,66,0.00066
-49,-30,5,100000,31,0.00031,70,0.0007
-49,-29,0,100000,21,0.00021,81,0.00081
-49,-29,1,100000,31,0.00031,70,0.0007
-49,-29,2,100000,53,0.00053,89,0.00089
-49,-29,3,100000,23,0.00023,87,0.00087
-49,-29,4,100000,26,0.00026,66,0.00066
-49,-29,5,100000,40,0.0004,77,0.00077
-49,-28,0,100000,36,0.00036,71,0.00071
-49,-28,1,100000,11,0.00011,54,0.00054
-49,-28,2,100000,21,0.00021,67,0.00067
-49,-28,3,100000,25,0.00025,77,0.00077
-49,-28,4,100000,28,0.00028,79,0.00079
-49,-28,5,100000,45,0.00045,88,0.00088
-49,-27,0,100000,12,0.00012,62,0.00062
-49,-27,1,100000,37,0.00037,62,0.00062
-49,-27,2,100000,33,0.00033,72,0.00072
-49,-27,3,100000,31,0.00031,58,0.00058
-49,-27,4,100000,34,0.00034,74,0.00074
-49,-27,5,100000,38,0.00038,65,0.00065
-49,-26,0,100000,37,0.00037,52,0.00052
-49,-26,1,100000,39,0.00039,70,0.0007
-49,-26,2,100000,20,0.0002,68,0.00068
-49,-26,3,100000,27,0.00027,79,0.00079
-49,-26,4,100000,32,0.00032,77,0.00077
-49,-26,5,100000,34,0.00034,88,0.00088
-49,-25,0,100000,21,0.00021,71,0.00071
-49,-25,1,100000,44,0.00044,75,0.00075
-49,-25,2,100000,36,0.00036,93,0.00093
-49,-25,3,100000,34,0.00034,77,0.00077
-49,-25,4,100000,41,0.00041,78,0.00078
-49,-25,5,100000,40,0.0004,70,0.0007
-49,-24,0,100000,35,0.00035,84,0.00084
-49,-24,1,100000,36,0.00036,96,0.00096
-49,-24,2,100000,27,0.00027,72,0.00072
-49,-24,3,100000,28,0.00028,68,0.00068
-49,-24,4,100000,31,0.00031,64,0.00064
-49,-24,5,100000,18,0.00018,68,0.00068
-49,-23,0,100000,26,0.00026,72,0.00072
-49,-23,1,100000,35,0.00035,73,0.00073
-49,-23,2,100000,38,0.00038,71,0.00071
-49,-23,3,100000,30,0.0003,74,0.00074
-49,-23,4,100000,43,0.00043,59,0.00059
-49,-23,5,100000,37,0.00037,73,0.00073
-49,-22,0,100000,36,0.00036,87,0.00087
-49,-22,1,100000,38,0.00038,72,0.00072
-49,-22,2,100000,61,0.00061,82,0.00082
-49,-22,3,100000,47,0.00047,76,0.00076
-49,-22,4,100000,46,0.00046,65,0.00065
-49,-22,5,100000,23,0.00023,76,0.00076
-49,-21,0,100000,39,0.00039,81,0.00081
-49,-21,1,100000,31,0.00031,64,0.00064
-49,-21,2,100000,34,0.00034,53,0.00053
-49,-21,3,100000,36,0.00036,72,0.00072
-49,-21,4,100000,32,0.00032,94,0.00094
-49,-21,5,100000,37,0.00037,61,0.00061
-49,-20,0,100000,22,0.00022,65,0.00065
-49,-20,1,100000,20,0.0002,66,0.00066
-49,-20,2,100000,28,0.00028,68,0.00068
-49,-20,3,100000,25,0.00025,70,0.0007
-49,-20,4,100000,33,0.00033,63,0.00063
-49,-20,5,100000,23,0.00023,60,0.0006
-49,-19,0,100000,37,0.00037,85,0.00085
-49,-19,1,100000,26,0.00026,66,0.00066
-49,-19,2,100000,19,0.00019,62,0.00062
-49,-19,3,100000,20,0.0002,78,0.00078
-49,-19,4,100000,21,0.00021,60,0.0006
-49,-19,5,100000,21,0.00021,76,0.00076
-49,-18,0,100000,49,0.00049,86,0.00086
-49,-18,1,100000,28,0.00028,69,0.00069
-49,-18,2,100000,20,0.0002,78,0.00078
-49,-18,3,100000,30,0.0003,81,0.00081
-49,-18,4,100000,22,0.00022,83,0.00083
-49,-18,5,100000,37,0.00037,70,0.0007
-49,-17,0,100000,39,0.00039,61,0.00061
-49,-17,1,100000,25,0.00025,66,0.00066
-49,-17,2,100000,31,0.00031,74,0.00074
-49,-17,3,100000,32,0.00032,80,0.0008
-49,-17,4,100000,40,0.0004,62,0.00062
-49,-17,5,100000,35,0.00035,77,0.00077
-49,-16,0,100000,30,0.0003,87,0.00087
-49,-16,1,100000,33,0.00033,67,0.00067
-49,-16,2,100000,38,0.00038,78,0.00078
-49,-16,3,100000,32,0.00032,75,0.00075
-49,-16,4,100000,34,0.00034,76,0.00076
-49,-16,5,100000,32,0.00032,78,0.00078
-49,-15,0,100000,22,0.00022,68,0.00068
-49,-15,1,100000,54,0.00054,80,0.0008
-49,-15,2,100000,33,0.00033,81,0.00081
-49,-15,3,100000,39,0.00039,77,0.00077
-49,-15,4,100000,26,0.00026,67,0.00067
-49,-15,5,100000,34,0.00034,82,0.00082
-49,-14,0,100000,31,0.00031,81,0.00081
-49,-14,1,100000,29,0.00029,71,0.00071
-49,-14,2,100000,47,0.00047,90,0.0009
-49,-14,3,100000,35,0.00035,81,0.00081
-49,-14,4,100000,31,0.00031,74,0.00074
-49,-14,5,100000,19,0.00019,72,0.00072
-49,-13,0,100000,23,0.00023,67,0.00067
-49,-13,1,100000,43,0.00043,65,0.00065
-49,-13,2,100000,27,0.00027,71,0.00071
-49,-13,3,100000,19,0.00019,65,0.00065
-49,-13,4,100000,40,0.0004,81,0.00081
-49,-13,5,100000,23,0.00023,61,0.00061
-49,-12,0,100000,33,0.00033,69,0.00069
-49,-12,1,100000,19,0.00019,67,0.00067
-49,-12,2,100000,25,0.00025,78,0.00078
-49,-12,3,100000,30,0.0003,69,0.00069
-49,-12,4,100000,25,0.00025,71,0.00071
-49,-12,5,100000,35,0.00035,72,0.00072
-49,-11,0,100000,20,0.0002,76,0.00076
-49,-11,1,100000,27,0.00027,62,0.00062
-49,-11,2,100000,32,0.00032,71,0.00071
-49,-11,3,100000,34,0.00034,83,0.00083
-49,-11,4,100000,38,0.00038,74,0.00074
-49,-11,5,100000,31,0.00031,60,0.0006
-49,-10,0,100000,24,0.00024,72,0.00072
-49,-10,1,100000,35,0.00035,61,0.00061
-49,-10,2,100000,20,0.0002,59,0.00059
-49,-10,3,100000,35,0.00035,68,0.00068
-49,-10,4,100000,23,0.00023,72,0.00072
-49,-10,5,100000,43,0.00043,73,0.00073
-49,-9,0,100000,10,0.0001,55,0.00055
-49,-9,1,100000,23,0.00023,63,0.00063
-49,-9,2,100000,27,0.00027,71,0.00071
-49,-9,3,100000,15,0.00015,78,0.00078
-49,-9,4,100000,48,0.00048,72,0.00072
-49,-9,5,100000,31,0.00031,63,0.00063
-49,-8,0,100000,26,0.00026,64,0.00064
-49,-8,1,100000,37,0.00037,67,0.00067
-49,-8,2,100000,43,0.00043,75,0.00075
-49,-8,3,100000,19,0.00019,61,0.00061
-49,-8,4,100000,24,0.00024,72,0.00072
-49,-8,5,100000,32,0.00032,68,0.00068
-49,-7,0,100000,29,0.00029,72,0.00072
-49,-7,1,100000,35,0.00035,68,0.00068
-49,-7,2,100000,19,0.00019,72,0.00072
-49,-7,3,100000,17,0.00017,62,0.00062
-49,-7,4,100000,32,0.00032,77,0.00077
-49,-7,5,100000,16,0.00016,60,0.0006
-49,-6,0,100000,22,0.00022,61,0.00061
-49,-6,1,100000,23,0.00023,78,0.00078
-49,-6,2,100000,31,0.00031,71,0.00071
-49,-6,3,100000,35,0.00035,83,0.00083
-49,-6,4,100000,24,0.00024,66,0.00066
-49,-6,5,100000,17,0.00017,83,0.00083
-49,-5,0,100000,35,0.00035,69,0.00069
-49,-5,1,100000,29,0.00029,70,0.0007
-49,-5,2,100000,46,0.00046,72,0.00072
-49,-5,3,100000,14,0.00014,74,0.00074
-49,-5,4,100000,25,0.00025,76,0.00076
-49,-5,5,100000,37,0.00037,75,0.00075
-49,-4,0,100000,25,0.00025,73,0.00073
-49,-4,1,100000,29,0.00029,64,0.00064
-49,-4,2,100000,13,0.00013,60,0.0006
-49,-4,3,100000,19,0.00019,64,0.00064
-49,-4,4,100000,27,0.00027,74,0.00074
-49,-4,5,100000,38,0.00038,72,0.00072
-49,-3,0,100000,30,0.0003,74,0.00074
-49,-3,1,100000,39,0.00039,85,0.00085
-49,-3,2,100000,27,0.00027,65,0.00065
-49,-3,3,100000,15,0.00015,70,0.0007
-49,-3,4,100000,55,0.00055,78,0.00078
-49,-3,5,100000,38,0.00038,90,0.0009
-49,-2,0,100000,35,0.00035,67,0.00067
-49,-2,1,100000,8,8e-05,61,0.00061
-49,-2,2,100000,25,0.00025,71,0.00071
-49,-2,3,100000,45,0.00045,78,0.00078
-49,-2,4,100000,20,0.0002,72,0.00072
-49,-2,5,100000,50,0.0005,85,0.00085
-49,-1,0,100000,40,0.0004,66,0.00066
-49,-1,1,100000,17,0.00017,60,0.0006
-49,-1,2,100000,25,0.00025,70,0.0007
-49,-1,3,100000,28,0.00028,76,0.00076
-49,-1,4,100000,29,0.00029,70,0.0007
-49,-1,5,100000,48,0.00048,85,0.00085
-49,0,0,100000,26,0.00026,68,0.00068
-49,0,1,100000,21,0.00021,75,0.00075
-49,0,2,100000,33,0.00033,65,0.00065
-49,0,3,100000,26,0.00026,64,0.00064
-49,0,4,100000,21,0.00021,64,0.00064
-49,0,5,100000,43,0.00043,88,0.00088
-49,1,0,100000,36,0.00036,78,0.00078
-49,1,1,100000,31,0.00031,79,0.00079
-49,1,2,100000,43,0.00043,89,0.00089
-49,1,3,100000,46,0.00046,82,0.00082
-49,1,4,100000,38,0.00038,83,0.00083
-49,1,5,100000,26,0.00026,73,0.00073
-49,2,0,100000,18,0.00018,81,0.00081
-49,2,1,100000,25,0.00025,67,0.00067
-49,2,2,100000,37,0.00037,73,0.00073
-49,2,3,100000,30,0.0003,76,0.00076
-49,2,4,100000,42,0.00042,77,0.00077
-49,2,5,100000,25,0.00025,71,0.00071
-49,3,0,100000,40,0.0004,89,0.00089
-49,3,1,100000,46,0.00046,82,0.00082
-49,3,2,100000,38,0.00038,77,0.00077
-49,3,3,100000,24,0.00024,72,0.00072
-49,3,4,100000,32,0.00032,70,0.0007
-49,3,5,100000,28,0.00028,82,0.00082
-49,4,0,100000,45,0.00045,77,0.00077
-49,4,1,100000,47,0.00047,77,0.00077
-49,4,2,100000,30,0.0003,68,0.00068
-49,4,3,100000,22,0.00022,78,0.00078
-49,4,4,100000,27,0.00027,64,0.00064
-49,4,5,100000,29,0.00029,70,0.0007
-49,5,0,100000,36,0.00036,67,0.00067
-49,5,1,100000,26,0.00026,61,0.00061
-49,5,2,100000,29,0.00029,76,0.00076
-49,5,3,100000,30,0.0003,73,0.00073
-49,5,4,100000,17,0.00017,55,0.00055
-49,5,5,100000,32,0.00032,74,0.00074
-49,6,0,100000,31,0.00031,74,0.00074
-49,6,1,100000,42,0.00042,78,0.00078
-49,6,2,100000,20,0.0002,58,0.00058
-49,6,3,100000,35,0.00035,78,0.00078
-49,6,4,100000,41,0.00041,76,0.00076
-49,6,5,100000,39,0.00039,76,0.00076
-49,7,0,100000,28,0.00028,79,0.00079
-49,7,1,100000,23,0.00023,75,0.00075
-49,7,2,100000,37,0.00037,65,0.00065
-49,7,3,100000,33,0.00033,80,0.0008
-49,7,4,100000,23,0.00023,80,0.0008
-49,7,5,100000,34,0.00034,83,0.00083
-49,8,0,100000,52,0.00052,92,0.00092
-49,8,1,100000,24,0.00024,66,0.00066
-49,8,2,100000,38,0.00038,69,0.00069
-49,8,3,100000,19,0.00019,76,0.00076
-49,8,4,100000,32,0.00032,73,0.00073
-49,8,5,100000,30,0.0003,81,0.00081
-49,9,0,100000,36,0.00036,77,0.00077
-49,9,1,100000,41,0.00041,79,0.00079
-49,9,2,100000,28,0.00028,71,0.00071
-49,9,3,100000,25,0.00025,75,0.00075
-49,9,4,100000,40,0.0004,60,0.0006
-49,9,5,100000,25,0.00025,74,0.00074
-49,10,0,100000,61,0.00061,93,0.00093
-49,10,1,100000,48,0.00048,80,0.0008
-49,10,2,100000,25,0.00025,78,0.00078
-49,10,3,100000,40,0.0004,81,0.00081
-49,10,4,100000,46,0.00046,74,0.00074
-49,10,5,100000,39,0.00039,75,0.00075
-49,11,0,100000,16,0.00016,57,0.00057
-49,11,1,100000,19,0.00019,80,0.0008
-49,11,2,100000,22,0.00022,68,0.00068
-49,11,3,100000,38,0.00038,83,0.00083
-49,11,4,100000,31,0.00031,69,0.00069
-49,11,5,100000,36,0.00036,71,0.00071
-49,12,0,100000,21,0.00021,71,0.00071
-49,12,1,100000,16,0.00016,53,0.00053
-49,12,2,100000,47,0.00047,87,0.00087
-49,12,3,100000,12,0.00012,61,0.00061
-49,12,4,100000,39,0.00039,73,0.00073
-49,12,5,100000,33,0.00033,77,0.00077
-49,13,0,100000,25,0.00025,73,0.00073
-49,13,1,100000,26,0.00026,57,0.00057
-49,13,2,100000,36,0.00036,55,0.00055
-49,13,3,100000,22,0.00022,76,0.00076
-49,13,4,100000,30,0.0003,90,0.0009
-49,13,5,100000,46,0.00046,78,0.00078
-49,14,0,100000,56,0.00056,70,0.0007
-49,14,1,100000,19,0.00019,63,0.00063
-49,14,2,100000,20,0.0002,75,0.00075
-49,14,3,100000,31,0.00031,56,0.00056
-49,14,4,100000,32,0.00032,83,0.00083
-49,14,5,100000,24,0.00024,76,0.00076
-49,15,0,100000,39,0.00039,65,0.00065
-49,15,1,100000,28,0.00028,73,0.00073
-49,15,2,100000,32,0.00032,72,0.00072
-49,15,3,100000,54,0.00054,85,0.00085
-49,15,4,100000,31,0.00031,52,0.00052
-49,15,5,100000,29,0.00029,71,0.00071
-49,16,0,100000,28,0.00028,88,0.00088
-49,16,1,100000,25,0.00025,74,0.00074
-49,16,2,100000,30,0.0003,63,0.00063
-49,16,3,100000,18,0.00018,61,0.00061
-49,16,4,100000,28,0.00028,68,0.00068
-49,16,5,100000,39,0.00039,82,0.00082
-49,17,0,100000,41,0.00041,90,0.0009
-49,17,1,100000,24,0.00024,69,0.00069
-49,17,2,100000,31,0.00031,73,0.00073
-49,17,3,100000,20,0.0002,72,0.00072
-49,17,4,100000,18,0.00018,79,0.00079
-49,17,5,100000,25,0.00025,71,0.00071
-49,18,0,100000,66,0.00066,76,0.00076
-49,18,1,100000,13,0.00013,66,0.00066
-49,18,2,100000,14,0.00014,46,0.00046
-49,18,3,100000,40,0.0004,80,0.0008
-49,18,4,100000,27,0.00027,61,0.00061
-49,18,5,100000,38,0.00038,67,0.00067
-49,19,0,100000,27,0.00027,76,0.00076
-49,19,1,100000,18,0.00018,50,0.0005
-49,19,2,100000,37,0.00037,69,0.00069
-49,19,3,100000,40,0.0004,82,0.00082
-49,19,4,100000,28,0.00028,72,0.00072
-49,19,5,100000,44,0.00044,68,0.00068
-49,20,0,100000,16,0.00016,71,0.00071
-49,20,1,100000,43,0.00043,72,0.00072
-49,20,2,100000,23,0.00023,67,0.00067
-49,20,3,100000,16,0.00016,56,0.00056
-49,20,4,100000,51,0.00051,78,0.00078
-49,20,5,100000,36,0.00036,74,0.00074
-49,21,0,100000,22,0.00022,59,0.00059
-49,21,1,100000,27,0.00027,74,0.00074
-49,21,2,100000,25,0.00025,67,0.00067
-49,21,3,100000,24,0.00024,58,0.00058
-49,21,4,100000,10,0.0001,64,0.00064
-49,21,5,100000,21,0.00021,66,0.00066
-49,22,0,100000,23,0.00023,56,0.00056
-49,22,1,100000,26,0.00026,64,0.00064
-49,22,2,100000,38,0.00038,66,0.00066
-49,22,3,100000,17,0.00017,52,0.00052
-49,22,4,100000,28,0.00028,73,0.00073
-49,22,5,100000,29,0.00029,63,0.00063
-49,23,0,100000,28,0.00028,63,0.00063
-49,23,1,100000,15,0.00015,86,0.00086
-49,23,2,100000,19,0.00019,58,0.00058
-49,23,3,100000,21,0.00021,71,0.00071
-49,23,4,100000,12,0.00012,62,0.00062
-49,23,5,100000,52,0.00052,74,0.00074
-49,24,0,100000,26,0.00026,64,0.00064
-49,24,1,100000,21,0.00021,71,0.00071
-49,24,2,100000,17,0.00017,75,0.00075
-49,24,3,100000,18,0.00018,60,0.0006
-49,24,4,100000,23,0.00023,58,0.00058
-49,24,5,100000,27,0.00027,67,0.00067
-49,25,0,100000,32,0.00032,82,0.00082
-49,25,1,100000,45,0.00045,64,0.00064
-49,25,2,100000,27,0.00027,63,0.00063
-49,25,3,100000,17,0.00017,68,0.00068
-49,25,4,100000,23,0.00023,75,0.00075
-49,25,5,100000,26,0.00026,49,0.00049
-49,26,0,100000,38,0.00038,77,0.00077
-49,26,1,100000,34,0.00034,56,0.00056
-49,26,2,100000,34,0.00034,58,0.00058
-49,26,3,100000,26,0.00026,67,0.00067
-49,26,4,100000,42,0.00042,77,0.00077
-49,26,5,100000,18,0.00018,64,0.00064
-49,27,0,100000,31,0.00031,65,0.00065
-49,27,1,100000,43,0.00043,76,0.00076
-49,27,2,100000,33,0.00033,76,0.00076
-49,27,3,100000,45,0.00045,68,0.00068
-49,27,4,100000,27,0.00027,91,0.00091
-49,27,5,100000,33,0.00033,79,0.00079
-49,28,0,100000,30,0.0003,67,0.00067
-49,28,1,100000,23,0.00023,58,0.00058
-49,28,2,100000,28,0.00028,76,0.00076
-49,28,3,100000,21,0.00021,65,0.00065
-49,28,4,100000,37,0.00037,63,0.00063
-49,28,5,100000,27,0.00027,85,0.00085
-49,29,0,100000,39,0.00039,80,0.0008
-49,29,1,100000,23,0.00023,68,0.00068
-49,29,2,100000,17,0.00017,55,0.00055
-49,29,3,100000,40,0.0004,77,0.00077
-49,29,4,100000,23,0.00023,78,0.00078
-49,29,5,100000,37,0.00037,77,0.00077
-49,30,0,100000,31,0.00031,70,0.0007
-49,30,1,100000,23,0.00023,59,0.00059
-49,30,2,100000,33,0.00033,84,0.00084
-49,30,3,100000,14,0.00014,80,0.0008
-49,30,4,100000,29,0.00029,76,0.00076
-49,30,5,100000,21,0.00021,68,0.00068
-49,31,0,100000,35,0.00035,84,0.00084
-49,31,1,100000,29,0.00029,68,0.00068
-49,31,2,100000,45,0.00045,78,0.00078
-49,31,3,100000,49,0.00049,72,0.00072
-49,31,4,100000,13,0.00013,50,0.0005
-49,31,5,100000,27,0.00027,58,0.00058
-49,32,0,100000,11,0.00011,59,0.00059
-49,32,1,100000,34,0.00034,83,0.00083
-49,32,2,100000,29,0.00029,49,0.00049
-49,32,3,100000,39,0.00039,79,0.00079
-49,32,4,100000,26,0.00026,80,0.0008
-49,32,5,100000,33,0.00033,79,0.00079
-49,33,0,100000,29,0.00029,72,0.00072
-49,33,1,100000,24,0.00024,56,0.00056
-49,33,2,100000,31,0.00031,81,0.00081
-49,33,3,100000,38,0.00038,85,0.00085
-49,33,4,100000,33,0.00033,82,0.00082
-49,33,5,100000,41,0.00041,74,0.00074
-49,34,0,100000,35,0.00035,97,0.00097
-49,34,1,100000,40,0.0004,86,0.00086
-49,34,2,100000,57,0.00057,89,0.00089
-49,34,3,100000,48,0.00048,86,0.00086
-49,34,4,100000,30,0.0003,67,0.00067
-49,34,5,100000,55,0.00055,81,0.00081
-49,35,0,100000,26,0.00026,84,0.00084
-49,35,1,100000,41,0.00041,79,0.00079
-49,35,2,100000,38,0.00038,72,0.00072
-49,35,3,100000,19,0.00019,68,0.00068
-49,35,4,100000,23,0.00023,69,0.00069
-49,35,5,100000,30,0.0003,101,0.00101
-49,36,0,100000,50,0.0005,71,0.00071
-49,36,1,100000,54,0.00054,76,0.00076
-49,36,2,100000,35,0.00035,68,0.00068
-49,36,3,100000,32,0.00032,81,0.00081
-49,36,4,100000,38,0.00038,85,0.00085
-49,36,5,100000,20,0.0002,73,0.00073
-49,37,0,100000,27,0.00027,66,0.00066
-49,37,1,100000,36,0.00036,75,0.00075
-49,37,2,100000,35,0.00035,82,0.00082
-49,37,3,100000,20,0.0002,77,0.00077
-49,37,4,100000,38,0.00038,75,0.00075
-49,37,5,100000,15,0.00015,66,0.00066
-49,38,0,100000,35,0.00035,68,0.00068
-49,38,1,100000,28,0.00028,67,0.00067
-49,38,2,100000,56,0.00056,70,0.0007
-49,38,3,100000,33,0.00033,69,0.00069
-49,38,4,100000,26,0.00026,78,0.00078
-49,38,5,100000,27,0.00027,83,0.00083
-49,39,0,100000,30,0.0003,90,0.0009
-49,39,1,100000,21,0.00021,77,0.00077
-49,39,2,100000,30,0.0003,60,0.0006
-49,39,3,100000,53,0.00053,81,0.00081
-49,39,4,100000,40,0.0004,79,0.00079
-49,39,5,100000,26,0.00026,66,0.00066
-49,40,0,100000,24,0.00024,63,0.00063
-49,40,1,100000,18,0.00018,65,0.00065
-49,40,2,100000,26,0.00026,61,0.00061
-49,40,3,100000,22,0.00022,72,0.00072
-49,40,4,100000,26,0.00026,61,0.00061
-49,40,5,100000,20,0.0002,70,0.0007
-49,41,0,100000,38,0.00038,69,0.00069
-49,41,1,100000,15,0.00015,80,0.0008
-49,41,2,100000,35,0.00035,66,0.00066
-49,41,3,100000,18,0.00018,63,0.00063
-49,41,4,100000,36,0.00036,66,0.00066
-49,41,5,100000,26,0.00026,58,0.00058
-49,42,0,100000,26,0.00026,75,0.00075
-49,42,1,100000,25,0.00025,70,0.0007
-49,42,2,100000,30,0.0003,75,0.00075
-49,42,3,100000,23,0.00023,76,0.00076
-49,42,4,100000,22,0.00022,67,0.00067
-49,42,5,100000,41,0.00041,76,0.00076
-49,43,0,100000,45,0.00045,71,0.00071
-49,43,1,100000,38,0.00038,79,0.00079
-49,43,2,100000,29,0.00029,75,0.00075
-49,43,3,100000,50,0.0005,79,0.00079
-49,43,4,100000,33,0.00033,73,0.00073
-49,43,5,100000,38,0.00038,74,0.00074
-49,44,0,100000,27,0.00027,72,0.00072
-49,44,1,100000,30,0.0003,64,0.00064
-49,44,2,100000,23,0.00023,79,0.00079
-49,44,3,100000,27,0.00027,58,0.00058
-49,44,4,100000,35,0.00035,73,0.00073
-49,44,5,100000,34,0.00034,105,0.00105
-49,45,0,100000,24,0.00024,77,0.00077
-49,45,1,100000,33,0.00033,78,0.00078
-49,45,2,100000,30,0.0003,94,0.00094
-49,45,3,100000,54,0.00054,71,0.00071
-49,45,4,100000,21,0.00021,62,0.00062
-49,45,5,100000,25,0.00025,70,0.0007
-49,46,0,100000,18,0.00018,71,0.00071
-49,46,1,100000,27,0.00027,62,0.00062
-49,46,2,100000,39,0.00039,72,0.00072
-49,46,3,100000,17,0.00017,69,0.00069
-49,46,4,100000,24,0.00024,64,0.00064
-49,46,5,100000,17,0.00017,68,0.00068
-49,47,0,100000,23,0.00023,76,0.00076
-49,47,1,100000,30,0.0003,71,0.00071
-49,47,2,100000,22,0.00022,67,0.00067
-49,47,3,100000,20,0.0002,64,0.00064
-49,47,4,100000,32,0.00032,68,0.00068
-49,47,5,100000,35,0.00035,70,0.0007
-49,48,0,100000,37,0.00037,66,0.00066
-49,48,1,100000,35,0.00035,76,0.00076
-49,48,2,100000,49,0.00049,70,0.0007
-49,48,3,100000,42,0.00042,79,0.00079
-49,48,4,100000,23,0.00023,75,0.00075
-49,48,5,100000,42,0.00042,77,0.00077
-49,49,0,100000,26,0.00026,79,0.00079
-49,49,1,100000,25,0.00025,64,0.00064
-49,49,2,100000,51,0.00051,75,0.00075
-49,49,3,100000,19,0.00019,63,0.00063
-49,49,4,100000,33,0.00033,72,0.00072
-49,49,5,100000,38,0.00038,67,0.00067
-49,50,0,100000,21,0.00021,59,0.00059
-49,50,1,100000,27,0.00027,70,0.0007
-49,50,2,100000,24,0.00024,64,0.00064
-49,50,3,100000,15,0.00015,62,0.00062
-49,50,4,100000,16,0.00016,60,0.0006
-49,50,5,100000,42,0.00042,70,0.0007
-48,-50,0,100000,29,0.00029,62,0.00062
-48,-50,1,100000,29,0.00029,67,0.00067
-48,-50,2,100000,21,0.00021,69,0.00069
-48,-50,3,100000,38,0.00038,67,0.00067
-48,-50,4,100000,19,0.00019,64,0.00064
-48,-50,5,100000,26,0.00026,73,0.00073
-48,-49,0,100000,23,0.00023,66,0.00066
-48,-49,1,100000,44,0.00044,77,0.00077
-48,-49,2,100000,29,0.00029,81,0.00081
-48,-49,3,100000,29,0.00029,77,0.00077
-48,-49,4,100000,40,0.0004,73,0.00073
-48,-49,5,100000,32,0.00032,88,0.00088
-48,-48,0,100000,40,0.0004,62,0.00062
-48,-48,1,100000,43,0.00043,80,0.0008
-48,-48,2,100000,19,0.00019,70,0.0007
-48,-48,3,100000,35,0.00035,57,0.00057
-48,-48,4,100000,24,0.00024,63,0.00063
-48,-48,5,100000,26,0.00026,70,0.0007
-48,-47,0,100000,28,0.00028,69,0.00069
-48,-47,1,100000,43,0.00043,61,0.00061
-48,-47,2,100000,34,0.00034,78,0.00078
-48,-47,3,100000,23,0.00023,71,0.00071
-48,-47,4,100000,45,0.00045,77,0.00077
-48,-47,5,100000,27,0.00027,81,0.00081
-48,-46,0,100000,24,0.00024,65,0.00065
-48,-46,1,100000,34,0.00034,78,0.00078
-48,-46,2,100000,38,0.00038,91,0.00091
-48,-46,3,100000,34,0.00034,70,0.0007
-48,-46,4,100000,23,0.00023,69,0.00069
-48,-46,5,100000,43,0.00043,77,0.00077
-48,-45,0,100000,27,0.00027,73,0.00073
-48,-45,1,100000,28,0.00028,81,0.00081
-48,-45,2,100000,28,0.00028,63,0.00063
-48,-45,3,100000,51,0.00051,91,0.00091
-48,-45,4,100000,32,0.00032,85,0.00085
-48,-45,5,100000,46,0.00046,81,0.00081
-48,-44,0,100000,33,0.00033,76,0.00076
-48,-44,1,100000,24,0.00024,80,0.0008
-48,-44,2,100000,39,0.00039,85,0.00085
-48,-44,3,100000,37,0.00037,64,0.00064
-48,-44,4,100000,27,0.00027,71,0.00071
-48,-44,5,100000,22,0.00022,64,0.00064
-48,-43,0,100000,18,0.00018,87,0.00087
-48,-43,1,100000,37,0.00037,81,0.00081
-48,-43,2,100000,38,0.00038,88,0.00088
-48,-43,3,100000,27,0.00027,65,0.00065
-48,-43,4,100000,25,0.00025,82,0.00082
-48,-43,5,100000,29,0.00029,71,0.00071
-48,-42,0,100000,39,0.00039,71,0.00071
-48,-42,1,100000,31,0.00031,70,0.0007
-48,-42,2,100000,34,0.00034,63,0.00063
-48,-42,3,100000,35,0.00035,73,0.00073
-48,-42,4,100000,19,0.00019,60,0.0006
-48,-42,5,100000,25,0.00025,58,0.00058
-48,-41,0,100000,38,0.00038,74,0.00074
-48,-41,1,100000,27,0.00027,82,0.00082
-48,-41,2,100000,11,0.00011,54,0.00054
-48,-41,3,100000,40,0.0004,74,0.00074
-48,-41,4,100000,15,0.00015,68,0.00068
-48,-41,5,100000,30,0.0003,63,0.00063
-48,-40,0,100000,39,0.00039,82,0.00082
-48,-40,1,100000,23,0.00023,67,0.00067
-48,-40,2,100000,26,0.00026,90,0.0009
-48,-40,3,100000,29,0.00029,67,0.00067
-48,-40,4,100000,51,0.00051,75,0.00075
-48,-40,5,100000,51,0.00051,68,0.00068
-48,-39,0,100000,26,0.00026,87,0.00087
-48,-39,1,100000,22,0.00022,57,0.00057
-48,-39,2,100000,28,0.00028,70,0.0007
-48,-39,3,100000,18,0.00018,68,0.00068
-48,-39,4,100000,34,0.00034,72,0.00072
-48,-39,5,100000,27,0.00027,73,0.00073
-48,-38,0,100000,42,0.00042,77,0.00077
-48,-38,1,100000,28,0.00028,76,0.00076
-48,-38,2,100000,44,0.00044,83,0.00083
-48,-38,3,100000,21,0.00021,61,0.00061
-48,-38,4,100000,16,0.00016,83,0.00083
-48,-38,5,100000,23,0.00023,61,0.00061
-48,-37,0,100000,19,0.00019,75,0.00075
-48,-37,1,100000,24,0.00024,57,0.00057
-48,-37,2,100000,24,0.00024,82,0.00082
-48,-37,3,100000,22,0.00022,72,0.00072
-48,-37,4,100000,29,0.00029,63,0.00063
-48,-37,5,100000,42,0.00042,72,0.00072
-48,-36,0,100000,50,0.0005,66,0.00066
-48,-36,1,100000,26,0.00026,78,0.00078
-48,-36,2,100000,56,0.00056,84,0.00084
-48,-36,3,100000,46,0.00046,79,0.00079
-48,-36,4,100000,21,0.00021,70,0.0007
-48,-36,5,100000,17,0.00017,73,0.00073
-48,-35,0,100000,31,0.00031,66,0.00066
-48,-35,1,100000,56,0.00056,82,0.00082
-48,-35,2,100000,56,0.00056,81,0.00081
-48,-35,3,100000,35,0.00035,75,0.00075
-48,-35,4,100000,22,0.00022,60,0.0006
-48,-35,5,100000,40,0.0004,63,0.00063
-48,-34,0,100000,18,0.00018,68,0.00068
-48,-34,1,100000,25,0.00025,76,0.00076
-48,-34,2,100000,24,0.00024,76,0.00076
-48,-34,3,100000,28,0.00028,82,0.00082
-48,-34,4,100000,51,0.00051,78,0.00078
-48,-34,5,100000,23,0.00023,84,0.00084
-48,-33,0,100000,25,0.00025,64,0.00064
-48,-33,1,100000,27,0.00027,52,0.00052
-48,-33,2,100000,33,0.00033,69,0.00069
-48,-33,3,100000,34,0.00034,67,0.00067
-48,-33,4,100000,20,0.0002,73,0.00073
-48,-33,5,100000,19,0.00019,56,0.00056
-48,-32,0,100000,36,0.00036,85,0.00085
-48,-32,1,100000,15,0.00015,79,0.00079
-48,-32,2,100000,33,0.00033,73,0.00073
-48,-32,3,100000,27,0.00027,67,0.00067
-48,-32,4,100000,39,0.00039,79,0.00079
-48,-32,5,100000,38,0.00038,66,0.00066
-48,-31,0,100000,37,0.00037,75,0.00075
-48,-31,1,100000,35,0.00035,70,0.0007
-48,-31,2,100000,26,0.00026,69,0.00069
-48,-31,3,100000,35,0.00035,97,0.00097
-48,-31,4,100000,22,0.00022,79,0.00079
-48,-31,5,100000,23,0.00023,75,0.00075
-48,-30,0,100000,31,0.00031,68,0.00068
-48,-30,1,100000,44,0.00044,71,0.00071
-48,-30,2,100000,48,0.00048,96,0.00096
-48,-30,3,100000,29,0.00029,71,0.00071
-48,-30,4,100000,22,0.00022,60,0.0006
-48,-30,5,100000,11,0.00011,59,0.00059
-48,-29,0,100000,33,0.00033,69,0.00069
-48,-29,1,100000,35,0.00035,64,0.00064
-48,-29,2,100000,19,0.00019,75,0.00075
-48,-29,3,100000,62,0.00062,96,0.00096
-48,-29,4,100000,47,0.00047,86,0.00086
-48,-29,5,100000,40,0.0004,81,0.00081
-48,-28,0,100000,18,0.00018,72,0.00072
-48,-28,1,100000,35,0.00035,69,0.00069
-48,-28,2,100000,44,0.00044,82,0.00082
-48,-28,3,100000,35,0.00035,78,0.00078
-48,-28,4,100000,30,0.0003,71,0.00071
-48,-28,5,100000,17,0.00017,60,0.0006
-48,-27,0,100000,20,0.0002,82,0.00082
-48,-27,1,100000,17,0.00017,67,0.00067
-48,-27,2,100000,17,0.00017,71,0.00071
-48,-27,3,100000,23,0.00023,70,0.0007
-48,-27,4,100000,31,0.00031,64,0.00064
-48,-27,5,100000,14,0.00014,62,0.00062
-48,-26,0,100000,26,0.00026,73,0.00073
-48,-26,1,100000,36,0.00036,101,0.00101
-48,-26,2,100000,25,0.00025,60,0.0006
-48,-26,3,100000,24,0.00024,67,0.00067
-48,-26,4,100000,38,0.00038,67,0.00067
-48,-26,5,100000,30,0.0003,71,0.00071
-48,-25,0,100000,42,0.00042,88,0.00088
-48,-25,1,100000,27,0.00027,68,0.00068
-48,-25,2,100000,30,0.0003,68,0.00068
-48,-25,3,100000,15,0.00015,64,0.00064
-48,-25,4,100000,31,0.00031,69,0.00069
-48,-25,5,100000,32,0.00032,60,0.0006
-48,-24,0,100000,24,0.00024,58,0.00058
-48,-24,1,100000,32,0.00032,61,0.00061
-48,-24,2,100000,45,0.00045,81,0.00081
-48,-24,3,100000,25,0.00025,81,0.00081
-48,-24,4,100000,27,0.00027,70,0.0007
-48,-24,5,100000,20,0.0002,78,0.00078
-48,-23,0,100000,32,0.00032,71,0.00071
-48,-23,1,100000,37,0.00037,80,0.0008
-48,-23,2,100000,43,0.00043,78,0.00078
-48,-23,3,100000,28,0.00028,68,0.00068
-48,-23,4,100000,20,0.0002,63,0.00063
-48,-23,5,100000,30,0.0003,68,0.00068
-48,-22,0,100000,54,0.00054,74,0.00074
-48,-22,1,100000,27,0.00027,81,0.00081
-48,-22,2,100000,59,0.00059,78,0.00078
-48,-22,3,100000,23,0.00023,67,0.00067
-48,-22,4,100000,21,0.00021,58,0.00058
-48,-22,5,100000,30,0.0003,75,0.00075
-48,-21,0,100000,35,0.00035,77,0.00077
-48,-21,1,100000,22,0.00022,74,0.00074
-48,-21,2,100000,37,0.00037,88,0.00088
-48,-21,3,100000,32,0.00032,73,0.00073
-48,-21,4,100000,31,0.00031,64,0.00064
-48,-21,5,100000,27,0.00027,65,0.00065
-48,-20,0,100000,36,0.00036,87,0.00087
-48,-20,1,100000,31,0.00031,76,0.00076
-48,-20,2,100000,31,0.00031,88,0.00088
-48,-20,3,100000,38,0.00038,89,0.00089
-48,-20,4,100000,26,0.00026,68,0.00068
-48,-20,5,100000,25,0.00025,66,0.00066
-48,-19,0,100000,23,0.00023,72,0.00072
-48,-19,1,100000,29,0.00029,86,0.00086
-48,-19,2,100000,35,0.00035,83,0.00083
-48,-19,3,100000,61,0.00061,77,0.00077
-48,-19,4,100000,33,0.00033,73,0.00073
-48,-19,5,100000,30,0.0003,80,0.0008
-48,-18,0,100000,32,0.00032,62,0.00062
-48,-18,1,100000,18,0.00018,61,0.00061
-48,-18,2,100000,17,0.00017,59,0.00059
-48,-18,3,100000,14,0.00014,65,0.00065
-48,-18,4,100000,18,0.00018,73,0.00073
-48,-18,5,100000,27,0.00027,63,0.00063
-48,-17,0,100000,10,0.0001,78,0.00078
-48,-17,1,100000,36,0.00036,76,0.00076
-48,-17,2,100000,16,0.00016,59,0.00059
-48,-17,3,100000,25,0.00025,92,0.00092
-48,-17,4,100000,32,0.00032,72,0.00072
-48,-17,5,100000,48,0.00048,93,0.00093
-48,-16,0,100000,29,0.00029,56,0.00056
-48,-16,1,100000,47,0.00047,82,0.00082
-48,-16,2,100000,35,0.00035,78,0.00078
-48,-16,3,100000,31,0.00031,70,0.0007
-48,-16,4,100000,30,0.0003,71,0.00071
-48,-16,5,100000,24,0.00024,79,0.00079
-48,-15,0,100000,33,0.00033,80,0.0008
-48,-15,1,100000,22,0.00022,67,0.00067
-48,-15,2,100000,11,0.00011,67,0.00067
-48,-15,3,100000,20,0.0002,59,0.00059
-48,-15,4,100000,24,0.00024,58,0.00058
-48,-15,5,100000,17,0.00017,58,0.00058
-48,-14,0,100000,30,0.0003,67,0.00067
-48,-14,1,100000,74,0.00074,84,0.00084
-48,-14,2,100000,19,0.00019,67,0.00067
-48,-14,3,100000,38,0.00038,60,0.0006
-48,-14,4,100000,45,0.00045,86,0.00086
-48,-14,5,100000,26,0.00026,62,0.00062
-48,-13,0,100000,64,0.00064,90,0.0009
-48,-13,1,100000,25,0.00025,56,0.00056
-48,-13,2,100000,35,0.00035,54,0.00054
-48,-13,3,100000,40,0.0004,89,0.00089
-48,-13,4,100000,26,0.00026,83,0.00083
-48,-13,5,100000,36,0.00036,82,0.00082
-48,-12,0,100000,11,0.00011,64,0.00064
-48,-12,1,100000,34,0.00034,76,0.00076
-48,-12,2,100000,29,0.00029,60,0.0006
-48,-12,3,100000,25,0.00025,67,0.00067
-48,-12,4,100000,30,0.0003,74,0.00074
-48,-12,5,100000,18,0.00018,82,0.00082
-48,-11,0,100000,29,0.00029,73,0.00073
-48,-11,1,100000,19,0.00019,60,0.0006
-48,-11,2,100000,22,0.00022,80,0.0008
-48,-11,3,100000,16,0.00016,66,0.00066
-48,-11,4,100000,23,0.00023,63,0.00063
-48,-11,5,100000,45,0.00045,88,0.00088
-48,-10,0,100000,15,0.00015,50,0.0005
-48,-10,1,100000,11,0.00011,69,0.00069
-48,-10,2,100000,36,0.00036,81,0.00081
-48,-10,3,100000,47,0.00047,84,0.00084
-48,-10,4,100000,37,0.00037,64,0.00064
-48,-10,5,100000,15,0.00015,64,0.00064
-48,-9,0,100000,27,0.00027,73,0.00073
-48,-9,1,100000,44,0.00044,84,0.00084
-48,-9,2,100000,32,0.00032,82,0.00082
-48,-9,3,100000,44,0.00044,78,0.00078
-48,-9,4,100000,29,0.00029,75,0.00075
-48,-9,5,100000,43,0.00043,75,0.00075
-48,-8,0,100000,42,0.00042,82,0.00082
-48,-8,1,100000,28,0.00028,61,0.00061
-48,-8,2,100000,20,0.0002,62,0.00062
-48,-8,3,100000,31,0.00031,74,0.00074
-48,-8,4,100000,35,0.00035,86,0.00086
-48,-8,5,100000,27,0.00027,70,0.0007
-48,-7,0,100000,37,0.00037,71,0.00071
-48,-7,1,100000,26,0.00026,74,0.00074
-48,-7,2,100000,24,0.00024,59,0.00059
-48,-7,3,100000,15,0.00015,72,0.00072
-48,-7,4,100000,22,0.00022,81,0.00081
-48,-7,5,100000,30,0.0003,84,0.00084
-48,-6,0,100000,33,0.00033,67,0.00067
-48,-6,1,100000,24,0.00024,91,0.00091
-48,-6,2,100000,30,0.0003,87,0.00087
-48,-6,3,100000,24,0.00024,74,0.00074
-48,-6,4,100000,28,0.00028,60,0.0006
-48,-6,5,100000,23,0.00023,74,0.00074
-48,-5,0,100000,28,0.00028,75,0.00075
-48,-5,1,100000,33,0.00033,69,0.00069
-48,-5,2,100000,21,0.00021,70,0.0007
-48,-5,3,100000,42,0.00042,74,0.00074
-48,-5,4,100000,41,0.00041,65,0.00065
-48,-5,5,100000,28,0.00028,67,0.00067
-48,-4,0,100000,42,0.00042,78,0.00078
-48,-4,1,100000,17,0.00017,69,0.00069
-48,-4,2,100000,39,0.00039,70,0.0007
-48,-4,3,100000,38,0.00038,79,0.00079
-48,-4,4,100000,34,0.00034,73,0.00073
-48,-4,5,100000,22,0.00022,72,0.00072
-48,-3,0,100000,33,0.00033,69,0.00069
-48,-3,1,100000,45,0.00045,87,0.00087
-48,-3,2,100000,31,0.00031,70,0.0007
-48,-3,3,100000,31,0.00031,68,0.00068
-48,-3,4,100000,30,0.0003,69,0.00069
-48,-3,5,100000,23,0.00023,68,0.00068
-48,-2,0,100000,24,0.00024,67,0.00067
-48,-2,1,100000,42,0.00042,80,0.0008
-48,-2,2,100000,35,0.00035,79,0.00079
-48,-2,3,100000,26,0.00026,66,0.00066
-48,-2,4,100000,15,0.00015,61,0.00061
-48,-2,5,100000,33,0.00033,83,0.00083
-48,-1,0,100000,30,0.0003,81,0.00081
-48,-1,1,100000,44,0.00044,79,0.00079
-48,-1,2,100000,42,0.00042,72,0.00072
-48,-1,3,100000,28,0.00028,74,0.00074
-48,-1,4,100000,44,0.00044,75,0.00075
-48,-1,5,100000,21,0.00021,86,0.00086
-48,0,0,100000,22,0.00022,63,0.00063
-48,0,1,100000,50,0.0005,69,0.00069
-48,0,2,100000,43,0.00043,77,0.00077
-48,0,3,100000,29,0.00029,72,0.00072
-48,0,4,100000,35,0.00035,70,0.0007
-48,0,5,100000,27,0.00027,70,0.0007
-48,1,0,100000,15,0.00015,70,0.0007
-48,1,1,100000,22,0.00022,63,0.00063
-48,1,2,100000,32,0.00032,70,0.0007
-48,1,3,100000,21,0.00021,80,0.0008
-48,1,4,100000,34,0.00034,59,0.00059
-48,1,5,100000,32,0.00032,53,0.00053
-48,2,0,100000,25,0.00025,76,0.00076
-48,2,1,100000,21,0.00021,70,0.0007
-48,2,2,100000,32,0.00032,74,0.00074
-48,2,3,100000,28,0.00028,71,0.00071
-48,2,4,100000,35,0.00035,74,0.00074
-48,2,5,100000,27,0.00027,76,0.00076
-48,3,0,100000,36,0.00036,79,0.00079
-48,3,1,100000,38,0.00038,69,0.00069
-48,3,2,100000,35,0.00035,60,0.0006
-48,3,3,100000,32,0.00032,72,0.00072
-48,3,4,100000,51,0.00051,79,0.00079
-48,3,5,100000,35,0.00035,91,0.00091
-48,4,0,100000,23,0.00023,64,0.00064
-48,4,1,100000,26,0.00026,90,0.0009
-48,4,2,100000,17,0.00017,70,0.0007
-48,4,3,100000,31,0.00031,82,0.00082
-48,4,4,100000,35,0.00035,59,0.00059
-48,4,5,100000,45,0.00045,70,0.0007
-48,5,0,100000,32,0.00032,67,0.00067
-48,5,1,100000,42,0.00042,77,0.00077
-48,5,2,100000,28,0.00028,74,0.00074
-48,5,3,100000,16,0.00016,55,0.00055
-48,5,4,100000,33,0.00033,70,0.0007
-48,5,5,100000,21,0.00021,64,0.00064
-48,6,0,100000,28,0.00028,61,0.00061
-48,6,1,100000,17,0.00017,78,0.00078
-48,6,2,100000,30,0.0003,79,0.00079
-48,6,3,100000,41,0.00041,75,0.00075
-48,6,4,100000,38,0.00038,68,0.00068
-48,6,5,100000,38,0.00038,70,0.0007
-48,7,0,100000,32,0.00032,58,0.00058
-48,7,1,100000,31,0.00031,70,0.0007
-48,7,2,100000,38,0.00038,73,0.00073
-48,7,3,100000,26,0.00026,74,0.00074
-48,7,4,100000,31,0.00031,63,0.00063
-48,7,5,100000,28,0.00028,80,0.0008
-48,8,0,100000,28,0.00028,85,0.00085
-48,8,1,100000,39,0.00039,76,0.00076
-48,8,2,100000,33,0.00033,71,0.00071
-48,8,3,100000,32,0.00032,69,0.00069
-48,8,4,100000,31,0.00031,61,0.00061
-48,8,5,100000,30,0.0003,70,0.0007
-48,9,0,100000,33,0.00033,81,0.00081
-48,9,1,100000,34,0.00034,64,0.00064
-48,9,2,100000,27,0.00027,74,0.00074
-48,9,3,100000,21,0.00021,71,0.00071
-48,9,4,100000,18,0.00018,68,0.00068
-48,9,5,100000,26,0.00026,70,0.0007
-48,10,0,100000,30,0.0003,66,0.00066
-48,10,1,100000,26,0.00026,90,0.0009
-48,10,2,100000,38,0.00038,72,0.00072
-48,10,3,100000,18,0.00018,74,0.00074
-48,10,4,100000,35,0.00035,71,0.00071
-48,10,5,100000,25,0.00025,78,0.00078
-48,11,0,100000,41,0.00041,88,0.00088
-48,11,1,100000,35,0.00035,72,0.00072
-48,11,2,100000,22,0.00022,79,0.00079
-48,11,3,100000,33,0.00033,74,0.00074
-48,11,4,100000,25,0.00025,70,0.0007
-48,11,5,100000,19,0.00019,59,0.00059
-48,12,0,100000,43,0.00043,74,0.00074
-48,12,1,100000,40,0.0004,67,0.00067
-48,12,2,100000,33,0.00033,68,0.00068
-48,12,3,100000,13,0.00013,68,0.00068
-48,12,4,100000,52,0.00052,91,0.00091
-48,12,5,100000,34,0.00034,58,0.00058
-48,13,0,100000,25,0.00025,67,0.00067
-48,13,1,100000,26,0.00026,70,0.0007
-48,13,2,100000,28,0.00028,80,0.0008
-48,13,3,100000,31,0.00031,81,0.00081
-48,13,4,100000,33,0.00033,76,0.00076
-48,13,5,100000,24,0.00024,79,0.00079
-48,14,0,100000,38,0.00038,75,0.00075
-48,14,1,100000,16,0.00016,74,0.00074
-48,14,2,100000,19,0.00019,79,0.00079
-48,14,3,100000,38,0.00038,77,0.00077
-48,14,4,100000,29,0.00029,72,0.00072
-48,14,5,100000,30,0.0003,60,0.0006
-48,15,0,100000,24,0.00024,81,0.00081
-48,15,1,100000,28,0.00028,91,0.00091
-48,15,2,100000,22,0.00022,78,0.00078
-48,15,3,100000,46,0.00046,67,0.00067
-48,15,4,100000,36,0.00036,67,0.00067
-48,15,5,100000,24,0.00024,81,0.00081
-48,16,0,100000,42,0.00042,76,0.00076
-48,16,1,100000,31,0.00031,64,0.00064
-48,16,2,100000,34,0.00034,75,0.00075
-48,16,3,100000,18,0.00018,66,0.00066
-48,16,4,100000,31,0.00031,81,0.00081
-48,16,5,100000,28,0.00028,59,0.00059
-48,17,0,100000,21,0.00021,53,0.00053
-48,17,1,100000,28,0.00028,88,0.00088
-48,17,2,100000,38,0.00038,59,0.00059
-48,17,3,100000,15,0.00015,75,0.00075
-48,17,4,100000,33,0.00033,73,0.00073
-48,17,5,100000,48,0.00048,78,0.00078
-48,18,0,100000,22,0.00022,75,0.00075
-48,18,1,100000,45,0.00045,83,0.00083
-48,18,2,100000,21,0.00021,68,0.00068
-48,18,3,100000,15,0.00015,58,0.00058
-48,18,4,100000,28,0.00028,70,0.0007
-48,18,5,100000,27,0.00027,76,0.00076
-48,19,0,100000,38,0.00038,65,0.00065
-48,19,1,100000,25,0.00025,68,0.00068
-48,19,2,100000,39,0.00039,74,0.00074
-48,19,3,100000,28,0.00028,69,0.00069
-48,19,4,100000,35,0.00035,66,0.00066
-48,19,5,100000,24,0.00024,74,0.00074
-48,20,0,100000,15,0.00015,62,0.00062
-48,20,1,100000,20,0.0002,76,0.00076
-48,20,2,100000,25,0.00025,79,0.00079
-48,20,3,100000,32,0.00032,71,0.00071
-48,20,4,100000,25,0.00025,73,0.00073
-48,20,5,100000,45,0.00045,72,0.00072
-48,21,0,100000,42,0.00042,81,0.00081
-48,21,1,100000,25,0.00025,60,0.0006
-48,21,2,100000,32,0.00032,74,0.00074
-48,21,3,100000,28,0.00028,72,0.00072
-48,21,4,100000,27,0.00027,78,0.00078
-48,21,5,100000,25,0.00025,66,0.00066
-48,22,0,100000,48,0.00048,78,0.00078
-48,22,1,100000,43,0.00043,71,0.00071
-48,22,2,100000,33,0.00033,78,0.00078
-48,22,3,100000,37,0.00037,81,0.00081
-48,22,4,100000,31,0.00031,62,0.00062
-48,22,5,100000,18,0.00018,69,0.00069
-48,23,0,100000,39,0.00039,72,0.00072
-48,23,1,100000,26,0.00026,77,0.00077
-48,23,2,100000,30,0.0003,63,0.00063
-48,23,3,100000,21,0.00021,74,0.00074
-48,23,4,100000,25,0.00025,81,0.00081
-48,23,5,100000,29,0.00029,59,0.00059
-48,24,0,100000,31,0.00031,70,0.0007
-48,24,1,100000,28,0.00028,74,0.00074
-48,24,2,100000,26,0.00026,78,0.00078
-48,24,3,100000,24,0.00024,73,0.00073
-48,24,4,100000,26,0.00026,69,0.00069
-48,24,5,100000,40,0.0004,75,0.00075
-48,25,0,100000,43,0.00043,76,0.00076
-48,25,1,100000,24,0.00024,72,0.00072
-48,25,2,100000,25,0.00025,69,0.00069
-48,25,3,100000,39,0.00039,80,0.0008
-48,25,4,100000,22,0.00022,71,0.00071
-48,25,5,100000,42,0.00042,84,0.00084
-48,26,0,100000,32,0.00032,79,0.00079
-48,26,1,100000,26,0.00026,55,0.00055
-48,26,2,100000,11,0.00011,61,0.00061
-48,26,3,100000,25,0.00025,63,0.00063
-48,26,4,100000,27,0.00027,56,0.00056
-48,26,5,100000,38,0.00038,79,0.00079
-48,27,0,100000,37,0.00037,81,0.00081
-48,27,1,100000,24,0.00024,73,0.00073
-48,27,2,100000,25,0.00025,87,0.00087
-48,27,3,100000,34,0.00034,76,0.00076
-48,27,4,100000,29,0.00029,83,0.00083
-48,27,5,100000,30,0.0003,80,0.0008
-48,28,0,100000,35,0.00035,72,0.00072
-48,28,1,100000,23,0.00023,73,0.00073
-48,28,2,100000,28,0.00028,71,0.00071
-48,28,3,100000,32,0.00032,67,0.00067
-48,28,4,100000,35,0.00035,87,0.00087
-48,28,5,100000,17,0.00017,60,0.0006
-48,29,0,100000,20,0.0002,53,0.00053
-48,29,1,100000,36,0.00036,66,0.00066
-48,29,2,100000,29,0.00029,77,0.00077
-48,29,3,100000,29,0.00029,70,0.0007
-48,29,4,100000,37,0.00037,71,0.00071
-48,29,5,100000,35,0.00035,69,0.00069
-48,30,0,100000,28,0.00028,73,0.00073
-48,30,1,100000,23,0.00023,79,0.00079
-48,30,2,100000,14,0.00014,62,0.00062
-48,30,3,100000,27,0.00027,75,0.00075
-48,30,4,100000,22,0.00022,62,0.00062
-48,30,5,100000,22,0.00022,69,0.00069
-48,31,0,100000,18,0.00018,69,0.00069
-48,31,1,100000,33,0.00033,77,0.00077
-48,31,2,100000,44,0.00044,78,0.00078
-48,31,3,100000,17,0.00017,76,0.00076
-48,31,4,100000,38,0.00038,86,0.00086
-48,31,5,100000,18,0.00018,59,0.00059
-48,32,0,100000,27,0.00027,75,0.00075
-48,32,1,100000,21,0.00021,64,0.00064
-48,32,2,100000,24,0.00024,60,0.0006
-48,32,3,100000,25,0.00025,77,0.00077
-48,32,4,100000,29,0.00029,77,0.00077
-48,32,5,100000,29,0.00029,67,0.00067
-48,33,0,100000,44,0.00044,75,0.00075
-48,33,1,100000,16,0.00016,55,0.00055
-48,33,2,100000,26,0.00026,72,0.00072
-48,33,3,100000,28,0.00028,65,0.00065
-48,33,4,100000,24,0.00024,66,0.00066
-48,33,5,100000,22,0.00022,68,0.00068
-48,34,0,100000,28,0.00028,75,0.00075
-48,34,1,100000,42,0.00042,83,0.00083
-48,34,2,100000,34,0.00034,71,0.00071
-48,34,3,100000,43,0.00043,64,0.00064
-48,34,4,100000,26,0.00026,75,0.00075
-48,34,5,100000,30,0.0003,75,0.00075
-48,35,0,100000,34,0.00034,75,0.00075
-48,35,1,100000,29,0.00029,71,0.00071
-48,35,2,100000,18,0.00018,65,0.00065
-48,35,3,100000,38,0.00038,65,0.00065
-48,35,4,100000,18,0.00018,68,0.00068
-48,35,5,100000,28,0.00028,73,0.00073
-48,36,0,100000,21,0.00021,61,0.00061
-48,36,1,100000,32,0.00032,63,0.00063
-48,36,2,100000,45,0.00045,87,0.00087
-48,36,3,100000,48,0.00048,79,0.00079
-48,36,4,100000,37,0.00037,83,0.00083
-48,36,5,100000,33,0.00033,71,0.00071
-48,37,0,100000,43,0.00043,73,0.00073
-48,37,1,100000,38,0.00038,84,0.00084
-48,37,2,100000,35,0.00035,75,0.00075
-48,37,3,100000,36,0.00036,70,0.0007
-48,37,4,100000,18,0.00018,65,0.00065
-48,37,5,100000,38,0.00038,66,0.00066
-48,38,0,100000,41,0.00041,68,0.00068
-48,38,1,100000,30,0.0003,72,0.00072
-48,38,2,100000,28,0.00028,72,0.00072
-48,38,3,100000,34,0.00034,75,0.00075
-48,38,4,100000,19,0.00019,68,0.00068
-48,38,5,100000,36,0.00036,82,0.00082
-48,39,0,100000,27,0.00027,70,0.0007
-48,39,1,100000,25,0.00025,66,0.00066
-48,39,2,100000,33,0.00033,71,0.00071
-48,39,3,100000,33,0.00033,89,0.00089
-48,39,4,100000,30,0.0003,84,0.00084
-48,39,5,100000,17,0.00017,62,0.00062
-48,40,0,100000,29,0.00029,75,0.00075
-48,40,1,100000,34,0.00034,77,0.00077
-48,40,2,100000,35,0.00035,82,0.00082
-48,40,3,100000,40,0.0004,79,0.00079
-48,40,4,100000,36,0.00036,86,0.00086
-48,40,5,100000,37,0.00037,73,0.00073
-48,41,0,100000,28,0.00028,76,0.00076
-48,41,1,100000,47,0.00047,70,0.0007
-48,41,2,100000,25,0.00025,72,0.00072
-48,41,3,100000,28,0.00028,59,0.00059
-48,41,4,100000,47,0.00047,87,0.00087
-48,41,5,100000,31,0.00031,81,0.00081
-48,42,0,100000,34,0.00034,71,0.00071
-48,42,1,100000,50,0.0005,81,0.00081
-48,42,2,100000,18,0.00018,80,0.0008
-48,42,3,100000,35,0.00035,75,0.00075
-48,42,4,100000,55,0.00055,72,0.00072
-48,42,5,100000,26,0.00026,75,0.00075
-48,43,0,100000,36,0.00036,77,0.00077
-48,43,1,100000,27,0.00027,94,0.00094
-48,43,2,100000,29,0.00029,79,0.00079
-48,43,3,100000,30,0.0003,76,0.00076
-48,43,4,100000,34,0.00034,71,0.00071
-48,43,5,100000,40,0.0004,65,0.00065
-48,44,0,100000,31,0.00031,77,0.00077
-48,44,1,100000,23,0.00023,69,0.00069
-48,44,2,100000,29,0.00029,74,0.00074
-48,44,3,100000,40,0.0004,85,0.00085
-48,44,4,100000,39,0.00039,82,0.00082
-48,44,5,100000,42,0.00042,76,0.00076
-48,45,0,100000,20,0.0002,74,0.00074
-48,45,1,100000,35,0.00035,71,0.00071
-48,45,2,100000,26,0.00026,72,0.00072
-48,45,3,100000,24,0.00024,68,0.00068
-48,45,4,100000,40,0.0004,71,0.00071
-48,45,5,100000,29,0.00029,83,0.00083
-48,46,0,100000,23,0.00023,61,0.00061
-48,46,1,100000,26,0.00026,75,0.00075
-48,46,2,100000,49,0.00049,73,0.00073
-48,46,3,100000,26,0.00026,69,0.00069
-48,46,4,100000,31,0.00031,66,0.00066
-48,46,5,100000,26,0.00026,74,0.00074
-48,47,0,100000,33,0.00033,67,0.00067
-48,47,1,100000,34,0.00034,69,0.00069
-48,47,2,100000,48,0.00048,77,0.00077
-48,47,3,100000,19,0.00019,73,0.00073
-48,47,4,100000,37,0.00037,70,0.0007
-48,47,5,100000,29,0.00029,69,0.00069
-48,48,0,100000,22,0.00022,65,0.00065
-48,48,1,100000,18,0.00018,73,0.00073
-48,48,2,100000,39,0.00039,75,0.00075
-48,48,3,100000,49,0.00049,82,0.00082
-48,48,4,100000,12,0.00012,67,0.00067
-48,48,5,100000,14,0.00014,49,0.00049
-48,49,0,100000,24,0.00024,85,0.00085
-48,49,1,100000,20,0.0002,73,0.00073
-48,49,2,100000,39,0.00039,68,0.00068
-48,49,3,100000,21,0.00021,89,0.00089
-48,49,4,100000,38,0.00038,78,0.00078
-48,49,5,100000,22,0.00022,74,0.00074
-48,50,0,100000,36,0.00036,98,0.00098
-48,50,1,100000,38,0.00038,78,0.00078
-48,50,2,100000,24,0.00024,73,0.00073
-48,50,3,100000,27,0.00027,70,0.0007
-48,50,4,100000,34,0.00034,79,0.00079
-48,50,5,100000,39,0.00039,74,0.00074
-47,-50,0,100000,37,0.00037,66,0.00066
-47,-50,1,100000,29,0.00029,66,0.00066
-47,-50,2,100000,35,0.00035,81,0.00081
-47,-50,3,100000,31,0.00031,62,0.00062
-47,-50,4,100000,20,0.0002,66,0.00066
-47,-50,5,100000,15,0.00015,65,0.00065
-47,-49,0,100000,15,0.00015,74,0.00074
-47,-49,1,100000,29,0.00029,77,0.00077
-47,-49,2,100000,43,0.00043,83,0.00083
-47,-49,3,100000,48,0.00048,87,0.00087
-47,-49,4,100000,23,0.00023,75,0.00075
-47,-49,5,100000,33,0.00033,68,0.00068
-47,-48,0,100000,33,0.00033,72,0.00072
-47,-48,1,100000,21,0.00021,71,0.00071
-47,-48,2,100000,13,0.00013,69,0.00069
-47,-48,3,100000,40,0.0004,72,0.00072
-47,-48,4,100000,43,0.00043,65,0.00065
-47,-48,5,100000,45,0.00045,69,0.00069
-47,-47,0,100000,43,0.00043,65,0.00065
-47,-47,1,100000,29,0.00029,65,0.00065
-47,-47,2,100000,36,0.00036,74,0.00074
-47,-47,3,100000,29,0.00029,63,0.00063
-47,-47,4,100000,30,0.0003,65,0.00065
-47,-47,5,100000,20,0.0002,73,0.00073
-47,-46,0,100000,30,0.0003,70,0.0007
-47,-46,1,100000,19,0.00019,64,0.00064
-47,-46,2,100000,44,0.00044,72,0.00072
-47,-46,3,100000,28,0.00028,97,0.00097
-47,-46,4,100000,21,0.00021,72,0.00072
-47,-46,5,100000,38,0.00038,76,0.00076
-47,-45,0,100000,26,0.00026,74,0.00074
-47,-45,1,100000,39,0.00039,76,0.00076
-47,-45,2,100000,29,0.00029,66,0.00066
-47,-45,3,100000,20,0.0002,70,0.0007
-47,-45,4,100000,19,0.00019,67,0.00067
-47,-45,5,100000,25,0.00025,59,0.00059
-47,-44,0,100000,38,0.00038,83,0.00083
-47,-44,1,100000,28,0.00028,80,0.0008
-47,-44,2,100000,22,0.00022,63,0.00063
-47,-44,3,100000,28,0.00028,78,0.00078
-47,-44,4,100000,27,0.00027,51,0.00051
-47,-44,5,100000,31,0.00031,68,0.00068
-47,-43,0,100000,34,0.00034,71,0.00071
-47,-43,1,100000,33,0.00033,66,0.00066
-47,-43,2,100000,37,0.00037,79,0.00079
-47,-43,3,100000,15,0.00015,73,0.00073
-47,-43,4,100000,45,0.00045,68,0.00068
-47,-43,5,100000,20,0.0002,70,0.0007
-47,-42,0,100000,31,0.00031,66,0.00066
-47,-42,1,100000,29,0.00029,62,0.00062
-47,-42,2,100000,25,0.00025,72,0.00072
-47,-42,3,100000,55,0.00055,75,0.00075
-47,-42,4,100000,22,0.00022,74,0.00074
-47,-42,5,100000,28,0.00028,63,0.00063
-47,-41,0,100000,36,0.00036,72,0.00072
-47,-41,1,100000,30,0.0003,90,0.0009
-47,-41,2,100000,49,0.00049,86,0.00086
-47,-41,3,100000,45,0.00045,85,0.00085
-47,-41,4,100000,29,0.00029,69,0.00069
-47,-41,5,100000,24,0.00024,69,0.00069
-47,-40,0,100000,25,0.00025,76,0.00076
-47,-40,1,100000,22,0.00022,66,0.00066
-47,-40,2,100000,33,0.00033,76,0.00076
-47,-40,3,100000,32,0.00032,65,0.00065
-47,-40,4,100000,30,0.0003,63,0.00063
-47,-40,5,100000,14,0.00014,59,0.00059
-47,-39,0,100000,25,0.00025,63,0.00063
-47,-39,1,100000,19,0.00019,82,0.00082
-47,-39,2,100000,36,0.00036,79,0.00079
-47,-39,3,100000,30,0.0003,87,0.00087
-47,-39,4,100000,15,0.00015,69,0.00069
-47,-39,5,100000,31,0.00031,76,0.00076
-47,-38,0,100000,34,0.00034,72,0.00072
-47,-38,1,100000,45,0.00045,76,0.00076
-47,-38,2,100000,40,0.0004,74,0.00074
-47,-38,3,100000,34,0.00034,77,0.00077
-47,-38,4,100000,23,0.00023,73,0.00073
-47,-38,5,100000,49,0.00049,76,0.00076
-47,-37,0,100000,19,0.00019,62,0.00062
-47,-37,1,100000,30,0.0003,77,0.00077
-47,-37,2,100000,30,0.0003,76,0.00076
-47,-37,3,100000,34,0.00034,81,0.00081
-47,-37,4,100000,25,0.00025,72,0.00072
-47,-37,5,100000,44,0.00044,67,0.00067
-47,-36,0,100000,24,0.00024,79,0.00079
-47,-36,1,100000,20,0.0002,71,0.00071
-47,-36,2,100000,21,0.00021,49,0.00049
-47,-36,3,100000,20,0.0002,70,0.0007
-47,-36,4,100000,29,0.00029,63,0.00063
-47,-36,5,100000,18,0.00018,81,0.00081
-47,-35,0,100000,26,0.00026,59,0.00059
-47,-35,1,100000,24,0.00024,57,0.00057
-47,-35,2,100000,30,0.0003,80,0.0008
-47,-35,3,100000,24,0.00024,82,0.00082
-47,-35,4,100000,45,0.00045,69,0.00069
-47,-35,5,100000,20,0.0002,81,0.00081
-47,-34,0,100000,41,0.00041,83,0.00083
-47,-34,1,100000,21,0.00021,63,0.00063
-47,-34,2,100000,31,0.00031,77,0.00077
-47,-34,3,100000,34,0.00034,70,0.0007
-47,-34,4,100000,47,0.00047,85,0.00085
-47,-34,5,100000,22,0.00022,64,0.00064
-47,-33,0,100000,23,0.00023,65,0.00065
-47,-33,1,100000,43,0.00043,80,0.0008
-47,-33,2,100000,33,0.00033,73,0.00073
-47,-33,3,100000,35,0.00035,101,0.00101
-47,-33,4,100000,29,0.00029,75,0.00075
-47,-33,5,100000,19,0.00019,62,0.00062
-47,-32,0,100000,37,0.00037,67,0.00067
-47,-32,1,100000,24,0.00024,68,0.00068
-47,-32,2,100000,40,0.0004,85,0.00085
-47,-32,3,100000,34,0.00034,70,0.0007
-47,-32,4,100000,27,0.00027,69,0.00069
-47,-32,5,100000,19,0.00019,89,0.00089
-47,-31,0,100000,31,0.00031,76,0.00076
-47,-31,1,100000,23,0.00023,69,0.00069
-47,-31,2,100000,31,0.00031,71,0.00071
-47,-31,3,100000,27,0.00027,77,0.00077
-47,-31,4,100000,26,0.00026,71,0.00071
-47,-31,5,100000,42,0.00042,78,0.00078
-47,-30,0,100000,33,0.00033,76,0.00076
-47,-30,1,100000,17,0.00017,57,0.00057
-47,-30,2,100000,23,0.00023,59,0.00059
-47,-30,3,100000,22,0.00022,74,0.00074
-47,-30,4,100000,23,0.00023,54,0.00054
-47,-30,5,100000,28,0.00028,70,0.0007
-47,-29,0,100000,23,0.00023,73,0.00073
-47,-29,1,100000,31,0.00031,68,0.00068
-47,-29,2,100000,35,0.00035,77,0.00077
-47,-29,3,100000,29,0.00029,76,0.00076
-47,-29,4,100000,27,0.00027,59,0.00059
-47,-29,5,100000,37,0.00037,73,0.00073
-47,-28,0,100000,41,0.00041,80,0.0008
-47,-28,1,100000,35,0.00035,70,0.0007
-47,-28,2,100000,18,0.00018,61,0.00061
-47,-28,3,100000,37,0.00037,78,0.00078
-47,-28,4,100000,30,0.0003,77,0.00077
-47,-28,5,100000,45,0.00045,85,0.00085
-47,-27,0,100000,42,0.00042,89,0.00089
-47,-27,1,100000,34,0.00034,66,0.00066
-47,-27,2,100000,28,0.00028,61,0.00061
-47,-27,3,100000,36,0.00036,77,0.00077
-47,-27,4,100000,33,0.00033,63,0.00063
-47,-27,5,100000,16,0.00016,64,0.00064
-47,-26,0,100000,32,0.00032,66,0.00066
-47,-26,1,100000,19,0.00019,73,0.00073
-47,-26,2,100000,27,0.00027,72,0.00072
-47,-26,3,100000,23,0.00023,79,0.00079
-47,-26,4,100000,27,0.00027,76,0.00076
-47,-26,5,100000,22,0.00022,52,0.00052
-47,-25,0,100000,25,0.00025,76,0.00076
-47,-25,1,100000,22,0.00022,76,0.00076
-47,-25,2,100000,42,0.00042,61,0.00061
-47,-25,3,100000,20,0.0002,67,0.00067
-47,-25,4,100000,21,0.00021,62,0.00062
-47,-25,5,100000,40,0.0004,79,0.00079
-47,-24,0,100000,19,0.00019,66,0.00066
-47,-24,1,100000,20,0.0002,84,0.00084
-47,-24,2,100000,42,0.00042,83,0.00083
-47,-24,3,100000,39,0.00039,80,0.0008
-47,-24,4,100000,18,0.00018,63,0.00063
-47,-24,5,100000,23,0.00023,74,0.00074
-47,-23,0,100000,30,0.0003,75,0.00075
-47,-23,1,100000,26,0.00026,66,0.00066
-47,-23,2,100000,27,0.00027,67,0.00067
-47,-23,3,100000,30,0.0003,66,0.00066
-47,-23,4,100000,16,0.00016,56,0.00056
-47,-23,5,100000,32,0.00032,70,0.0007
-47,-22,0,100000,31,0.00031,71,0.00071
-47,-22,1,100000,33,0.00033,93,0.00093
-47,-22,2,100000,19,0.00019,76,0.00076
-47,-22,3,100000,25,0.00025,70,0.0007
-47,-22,4,100000,45,0.00045,74,0.00074
-47,-22,5,100000,43,0.00043,78,0.00078
-47,-21,0,100000,19,0.00019,73,0.00073
-47,-21,1,100000,22,0.00022,66,0.00066
-47,-21,2,100000,21,0.00021,75,0.00075
-47,-21,3,100000,28,0.00028,68,0.00068
-47,-21,4,100000,16,0.00016,53,0.00053
-47,-21,5,100000,21,0.00021,59,0.00059
-47,-20,0,100000,18,0.00018,50,0.0005
-47,-20,1,100000,28,0.00028,62,0.00062
-47,-20,2,100000,20,0.0002,67,0.00067
-47,-20,3,100000,29,0.00029,68,0.00068
-47,-20,4,100000,33,0.00033,71,0.00071
-47,-20,5,100000,22,0.00022,69,0.00069
-47,-19,0,100000,11,0.00011,62,0.00062
-47,-19,1,100000,36,0.00036,81,0.00081
-47,-19,2,100000,24,0.00024,75,0.00075
-47,-19,3,100000,39,0.00039,80,0.0008
-47,-19,4,100000,42,0.00042,85,0.00085
-47,-19,5,100000,23,0.00023,75,0.00075
-47,-18,0,100000,15,0.00015,68,0.00068
-47,-18,1,100000,38,0.00038,75,0.00075
-47,-18,2,100000,18,0.00018,63,0.00063
-47,-18,3,100000,29,0.00029,69,0.00069
-47,-18,4,100000,30,0.0003,64,0.00064
-47,-18,5,100000,44,0.00044,66,0.00066
-47,-17,0,100000,44,0.00044,62,0.00062
-47,-17,1,100000,27,0.00027,66,0.00066
-47,-17,2,100000,47,0.00047,77,0.00077
-47,-17,3,100000,44,0.00044,64,0.00064
-47,-17,4,100000,32,0.00032,85,0.00085
-47,-17,5,100000,26,0.00026,72,0.00072
-47,-16,0,100000,27,0.00027,74,0.00074
-47,-16,1,100000,30,0.0003,65,0.00065
-47,-16,2,100000,22,0.00022,72,0.00072
-47,-16,3,100000,27,0.00027,63,0.00063
-47,-16,4,100000,44,0.00044,70,0.0007
-47,-16,5,100000,22,0.00022,63,0.00063
-47,-15,0,100000,52,0.00052,78,0.00078
-47,-15,1,100000,34,0.00034,76,0.00076
-47,-15,2,100000,32,0.00032,67,0.00067
-47,-15,3,100000,38,0.00038,76,0.00076
-47,-15,4,100000,25,0.00025,59,0.00059
-47,-15,5,100000,44,0.00044,65,0.00065
-47,-14,0,100000,44,0.00044,91,0.00091
-47,-14,1,100000,37,0.00037,66,0.00066
-47,-14,2,100000,28,0.00028,69,0.00069
-47,-14,3,100000,32,0.00032,58,0.00058
-47,-14,4,100000,28,0.00028,72,0.00072
-47,-14,5,100000,33,0.00033,64,0.00064
-47,-13,0,100000,43,0.00043,79,0.00079
-47,-13,1,100000,28,0.00028,82,0.00082
-47,-13,2,100000,30,0.0003,76,0.00076
-47,-13,3,100000,20,0.0002,66,0.00066
-47,-13,4,100000,31,0.00031,76,0.00076
-47,-13,5,100000,32,0.00032,75,0.00075
-47,-12,0,100000,23,0.00023,66,0.00066
-47,-12,1,100000,28,0.00028,56,0.00056
-47,-12,2,100000,14,0.00014,71,0.00071
-47,-12,3,100000,21,0.00021,61,0.00061
-47,-12,4,100000,27,0.00027,72,0.00072
-47,-12,5,100000,19,0.00019,56,0.00056
-47,-11,0,100000,24,0.00024,79,0.00079
-47,-11,1,100000,47,0.00047,79,0.00079
-47,-11,2,100000,35,0.00035,79,0.00079
-47,-11,3,100000,35,0.00035,74,0.00074
-47,-11,4,100000,30,0.0003,73,0.00073
-47,-11,5,100000,29,0.00029,76,0.00076
-47,-10,0,100000,28,0.00028,78,0.00078
-47,-10,1,100000,34,0.00034,86,0.00086
-47,-10,2,100000,34,0.00034,74,0.00074
-47,-10,3,100000,27,0.00027,64,0.00064
-47,-10,4,100000,36,0.00036,78,0.00078
-47,-10,5,100000,25,0.00025,67,0.00067
-47,-9,0,100000,31,0.00031,56,0.00056
-47,-9,1,100000,35,0.00035,81,0.00081
-47,-9,2,100000,33,0.00033,58,0.00058
-47,-9,3,100000,31,0.00031,72,0.00072
-47,-9,4,100000,26,0.00026,56,0.00056
-47,-9,5,100000,23,0.00023,63,0.00063
-47,-8,0,100000,25,0.00025,71,0.00071
-47,-8,1,100000,35,0.00035,88,0.00088
-47,-8,2,100000,50,0.0005,94,0.00094
-47,-8,3,100000,32,0.00032,73,0.00073
-47,-8,4,100000,43,0.00043,87,0.00087
-47,-8,5,100000,41,0.00041,82,0.00082
-47,-7,0,100000,15,0.00015,76,0.00076
-47,-7,1,100000,40,0.0004,69,0.00069
-47,-7,2,100000,15,0.00015,73,0.00073
-47,-7,3,100000,24,0.00024,82,0.00082
-47,-7,4,100000,38,0.00038,74,0.00074
-47,-7,5,100000,47,0.00047,92,0.00092
-47,-6,0,100000,33,0.00033,67,0.00067
-47,-6,1,100000,21,0.00021,76,0.00076
-47,-6,2,100000,18,0.00018,78,0.00078
-47,-6,3,100000,29,0.00029,65,0.00065
-47,-6,4,100000,25,0.00025,63,0.00063
-47,-6,5,100000,26,0.00026,80,0.0008
-47,-5,0,100000,44,0.00044,88,0.00088
-47,-5,1,100000,17,0.00017,55,0.00055
-47,-5,2,100000,56,0.00056,90,0.0009
-47,-5,3,100000,26,0.00026,59,0.00059
-47,-5,4,100000,33,0.00033,68,0.00068
-47,-5,5,100000,54,0.00054,98,0.00098
-47,-4,0,100000,37,0.00037,84,0.00084
-47,-4,1,100000,25,0.00025,71,0.00071
-47,-4,2,100000,36,0.00036,77,0.00077
-47,-4,3,100000,37,0.00037,77,0.00077
-47,-4,4,100000,23,0.00023,65,0.00065
-47,-4,5,100000,31,0.00031,75,0.00075
-47,-3,0,100000,31,0.00031,57,0.00057
-47,-3,1,100000,43,0.00043,65,0.00065
-47,-3,2,100000,41,0.00041,63,0.00063
-47,-3,3,100000,25,0.00025,59,0.00059
-47,-3,4,100000,24,0.00024,74,0.00074
-47,-3,5,100000,29,0.00029,73,0.00073
-47,-2,0,100000,37,0.00037,88,0.00088
-47,-2,1,100000,37,0.00037,58,0.00058
-47,-2,2,100000,39,0.00039,83,0.00083
-47,-2,3,100000,28,0.00028,68,0.00068
-47,-2,4,100000,26,0.00026,88,0.00088
-47,-2,5,100000,41,0.00041,72,0.00072
-47,-1,0,100000,20,0.0002,73,0.00073
-47,-1,1,100000,28,0.00028,78,0.00078
-47,-1,2,100000,34,0.00034,75,0.00075
-47,-1,3,100000,31,0.00031,75,0.00075
-47,-1,4,100000,21,0.00021,65,0.00065
-47,-1,5,100000,12,0.00012,65,0.00065
-47,0,0,100000,22,0.00022,65,0.00065
-47,0,1,100000,25,0.00025,57,0.00057
-47,0,2,100000,12,0.00012,61,0.00061
-47,0,3,100000,29,0.00029,77,0.00077
-47,0,4,100000,25,0.00025,76,0.00076
-47,0,5,100000,34,0.00034,84,0.00084
-47,1,0,100000,22,0.00022,62,0.00062
-47,1,1,100000,43,0.00043,67,0.00067
-47,1,2,100000,31,0.00031,60,0.0006
-47,1,3,100000,26,0.00026,59,0.00059
-47,1,4,100000,29,0.00029,80,0.0008
-47,1,5,100000,39,0.00039,83,0.00083
-47,2,0,100000,46,0.00046,82,0.00082
-47,2,1,100000,24,0.00024,67,0.00067
-47,2,2,100000,28,0.00028,78,0.00078
-47,2,3,100000,16,0.00016,68,0.00068
-47,2,4,100000,18,0.00018,66,0.00066
-47,2,5,100000,41,0.00041,72,0.00072
-47,3,0,100000,28,0.00028,80,0.0008
-47,3,1,100000,37,0.00037,79,0.00079
-47,3,2,100000,29,0.00029,73,0.00073
-47,3,3,100000,20,0.0002,72,0.00072
-47,3,4,100000,20,0.0002,64,0.00064
-47,3,5,100000,31,0.00031,75,0.00075
-47,4,0,100000,23,0.00023,76,0.00076
-47,4,1,100000,26,0.00026,69,0.00069
-47,4,2,100000,35,0.00035,87,0.00087
-47,4,3,100000,45,0.00045,72,0.00072
-47,4,4,100000,17,0.00017,55,0.00055
-47,4,5,100000,26,0.00026,67,0.00067
-47,5,0,100000,26,0.00026,74,0.00074
-47,5,1,100000,32,0.00032,67,0.00067
-47,5,2,100000,20,0.0002,51,0.00051
-47,5,3,100000,40,0.0004,58,0.00058
-47,5,4,100000,23,0.00023,53,0.00053
-47,5,5,100000,14,0.00014,61,0.00061
-47,6,0,100000,34,0.00034,70,0.0007
-47,6,1,100000,29,0.00029,85,0.00085
-47,6,2,100000,29,0.00029,70,0.0007
-47,6,3,100000,31,0.00031,81,0.00081
-47,6,4,100000,46,0.00046,73,0.00073
-47,6,5,100000,28,0.00028,75,0.00075
-47,7,0,100000,29,0.00029,60,0.0006
-47,7,1,100000,22,0.00022,75,0.00075
-47,7,2,100000,30,0.0003,84,0.00084
-47,7,3,100000,19,0.00019,72,0.00072
-47,7,4,100000,36,0.00036,66,0.00066
-47,7,5,100000,35,0.00035,63,0.00063
-47,8,0,100000,26,0.00026,74,0.00074
-47,8,1,100000,60,0.0006,77,0.00077
-47,8,2,100000,16,0.00016,69,0.00069
-47,8,3,100000,27,0.00027,62,0.00062
-47,8,4,100000,25,0.00025,72,0.00072
-47,8,5,100000,35,0.00035,59,0.00059
-47,9,0,100000,31,0.00031,66,0.00066
-47,9,1,100000,30,0.0003,76,0.00076
-47,9,2,100000,13,0.00013,56,0.00056
-47,9,3,100000,25,0.00025,65,0.00065
-47,9,4,100000,30,0.0003,69,0.00069
-47,9,5,100000,14,0.00014,80,0.0008
-47,10,0,100000,18,0.00018,67,0.00067
-47,10,1,100000,33,0.00033,65,0.00065
-47,10,2,100000,31,0.00031,55,0.00055
-47,10,3,100000,40,0.0004,72,0.00072
-47,10,4,100000,14,0.00014,55,0.00055
-47,10,5,100000,17,0.00017,75,0.00075
-47,11,0,100000,39,0.00039,72,0.00072
-47,11,1,100000,40,0.0004,74,0.00074
-47,11,2,100000,30,0.0003,78,0.00078
-47,11,3,100000,23,0.00023,88,0.00088
-47,11,4,100000,19,0.00019,83,0.00083
-47,11,5,100000,23,0.00023,64,0.00064
-47,12,0,100000,25,0.00025,64,0.00064
-47,12,1,100000,28,0.00028,78,0.00078
-47,12,2,100000,21,0.00021,78,0.00078
-47,12,3,100000,33,0.00033,72,0.00072
-47,12,4,100000,32,0.00032,82,0.00082
-47,12,5,100000,37,0.00037,81,0.00081
-47,13,0,100000,18,0.00018,79,0.00079
-47,13,1,100000,35,0.00035,81,0.00081
-47,13,2,100000,22,0.00022,97,0.00097
-47,13,3,100000,35,0.00035,77,0.00077
-47,13,4,100000,30,0.0003,70,0.0007
-47,13,5,100000,47,0.00047,93,0.00093
-47,14,0,100000,41,0.00041,81,0.00081
-47,14,1,100000,31,0.00031,64,0.00064
-47,14,2,100000,43,0.00043,82,0.00082
-47,14,3,100000,30,0.0003,78,0.00078
-47,14,4,100000,28,0.00028,82,0.00082
-47,14,5,100000,35,0.00035,64,0.00064
-47,15,0,100000,25,0.00025,77,0.00077
-47,15,1,100000,30,0.0003,62,0.00062
-47,15,2,100000,50,0.0005,82,0.00082
-47,15,3,100000,51,0.00051,84,0.00084
-47,15,4,100000,15,0.00015,71,0.00071
-47,15,5,100000,26,0.00026,65,0.00065
-47,16,0,100000,25,0.00025,74,0.00074
-47,16,1,100000,36,0.00036,89,0.00089
-47,16,2,100000,24,0.00024,59,0.00059
-47,16,3,100000,35,0.00035,67,0.00067
-47,16,4,100000,34,0.00034,66,0.00066
-47,16,5,100000,42,0.00042,74,0.00074
-47,17,0,100000,40,0.0004,73,0.00073
-47,17,1,100000,25,0.00025,69,0.00069
-47,17,2,100000,29,0.00029,83,0.00083
-47,17,3,100000,30,0.0003,78,0.00078
-47,17,4,100000,36,0.00036,79,0.00079
-47,17,5,100000,36,0.00036,81,0.00081
-47,18,0,100000,36,0.00036,71,0.00071
-47,18,1,100000,10,0.0001,70,0.0007
-47,18,2,100000,43,0.00043,73,0.00073
-47,18,3,100000,42,0.00042,83,0.00083
-47,18,4,100000,30,0.0003,66,0.00066
-47,18,5,100000,29,0.00029,81,0.00081
-47,19,0,100000,38,0.00038,73,0.00073
-47,19,1,100000,37,0.00037,74,0.00074
-47,19,2,100000,12,0.00012,54,0.00054
-47,19,3,100000,26,0.00026,77,0.00077
-47,19,4,100000,18,0.00018,50,0.0005
-47,19,5,100000,25,0.00025,65,0.00065
-47,20,0,100000,39,0.00039,69,0.00069
-47,20,1,100000,42,0.00042,81,0.00081
-47,20,2,100000,19,0.00019,67,0.00067
-47,20,3,100000,32,0.00032,82,0.00082
-47,20,4,100000,41,0.00041,70,0.0007
-47,20,5,100000,29,0.00029,73,0.00073
-47,21,0,100000,22,0.00022,73,0.00073
-47,21,1,100000,43,0.00043,69,0.00069
-47,21,2,100000,26,0.00026,79,0.00079
-47,21,3,100000,30,0.0003,62,0.00062
-47,21,4,100000,29,0.00029,75,0.00075
-47,21,5,100000,35,0.00035,73,0.00073
-47,22,0,100000,33,0.00033,78,0.00078
-47,22,1,100000,16,0.00016,80,0.0008
-47,22,2,100000,37,0.00037,70,0.0007
-47,22,3,100000,41,0.00041,69,0.00069
-47,22,4,100000,24,0.00024,70,0.0007
-47,22,5,100000,10,0.0001,50,0.0005
-47,23,0,100000,39,0.00039,80,0.0008
-47,23,1,100000,33,0.00033,68,0.00068
-47,23,2,100000,29,0.00029,63,0.00063
-47,23,3,100000,43,0.00043,84,0.00084
-47,23,4,100000,30,0.0003,67,0.00067
-47,23,5,100000,20,0.0002,64,0.00064
-47,24,0,100000,20,0.0002,67,0.00067
-47,24,1,100000,22,0.00022,67,0.00067
-47,24,2,100000,41,0.00041,75,0.00075
-47,24,3,100000,29,0.00029,61,0.00061
-47,24,4,100000,31,0.00031,82,0.00082
-47,24,5,100000,31,0.00031,89,0.00089
-47,25,0,100000,29,0.00029,76,0.00076
-47,25,1,100000,29,0.00029,84,0.00084
-47,25,2,100000,26,0.00026,61,0.00061
-47,25,3,100000,29,0.00029,67,0.00067
-47,25,4,100000,31,0.00031,67,0.00067
-47,25,5,100000,17,0.00017,67,0.00067
-47,26,0,100000,41,0.00041,58,0.00058
-47,26,1,100000,37,0.00037,74,0.00074
-47,26,2,100000,32,0.00032,80,0.0008
-47,26,3,100000,43,0.00043,72,0.00072
-47,26,4,100000,32,0.00032,73,0.00073
-47,26,5,100000,27,0.00027,75,0.00075
-47,27,0,100000,29,0.00029,71,0.00071
-47,27,1,100000,32,0.00032,74,0.00074
-47,27,2,100000,29,0.00029,69,0.00069
-47,27,3,100000,28,0.00028,61,0.00061
-47,27,4,100000,37,0.00037,73,0.00073
-47,27,5,100000,41,0.00041,60,0.0006
-47,28,0,100000,43,0.00043,81,0.00081
-47,28,1,100000,34,0.00034,73,0.00073
-47,28,2,100000,43,0.00043,65,0.00065
-47,28,3,100000,38,0.00038,78,0.00078
-47,28,4,100000,19,0.00019,77,0.00077
-47,28,5,100000,29,0.00029,73,0.00073
-47,29,0,100000,36,0.00036,75,0.00075
-47,29,1,100000,15,0.00015,61,0.00061
-47,29,2,100000,44,0.00044,76,0.00076
-47,29,3,100000,30,0.0003,73,0.00073
-47,29,4,100000,25,0.00025,75,0.00075
-47,29,5,100000,52,0.00052,72,0.00072
-47,30,0,100000,25,0.00025,69,0.00069
-47,30,1,100000,19,0.00019,73,0.00073
-47,30,2,100000,20,0.0002,79,0.00079
-47,30,3,100000,28,0.00028,67,0.00067
-47,30,4,100000,49,0.00049,89,0.00089
-47,30,5,100000,28,0.00028,74,0.00074
-47,31,0,100000,19,0.00019,85,0.00085
-47,31,1,100000,21,0.00021,66,0.00066
-47,31,2,100000,38,0.00038,77,0.00077
-47,31,3,100000,28,0.00028,78,0.00078
-47,31,4,100000,51,0.00051,72,0.00072
-47,31,5,100000,35,0.00035,82,0.00082
-47,32,0,100000,43,0.00043,82,0.00082
-47,32,1,100000,30,0.0003,76,0.00076
-47,32,2,100000,33,0.00033,72,0.00072
-47,32,3,100000,41,0.00041,77,0.00077
-47,32,4,100000,25,0.00025,74,0.00074
-47,32,5,100000,21,0.00021,64,0.00064
-47,33,0,100000,42,0.00042,73,0.00073
-47,33,1,100000,21,0.00021,60,0.0006
-47,33,2,100000,29,0.00029,61,0.00061
-47,33,3,100000,26,0.00026,88,0.00088
-47,33,4,100000,33,0.00033,117,0.00117
-47,33,5,100000,45,0.00045,74,0.00074
-47,34,0,100000,14,0.00014,69,0.00069
-47,34,1,100000,13,0.00013,63,0.00063
-47,34,2,100000,22,0.00022,60,0.0006
-47,34,3,100000,28,0.00028,58,0.00058
-47,34,4,100000,23,0.00023,58,0.00058
-47,34,5,100000,26,0.00026,77,0.00077
-47,35,0,100000,35,0.00035,67,0.00067
-47,35,1,100000,20,0.0002,80,0.0008
-47,35,2,100000,22,0.00022,59,0.00059
-47,35,3,100000,23,0.00023,69,0.00069
-47,35,4,100000,14,0.00014,68,0.00068
-47,35,5,100000,27,0.00027,78,0.00078
-47,36,0,100000,23,0.00023,76,0.00076
-47,36,1,100000,41,0.00041,70,0.0007
-47,36,2,100000,36,0.00036,62,0.00062
-47,36,3,100000,36,0.00036,83,0.00083
-47,36,4,100000,39,0.00039,62,0.00062
-47,36,5,100000,20,0.0002,60,0.0006
-47,37,0,100000,41,0.00041,64,0.00064
-47,37,1,100000,55,0.00055,78,0.00078
-47,37,2,100000,23,0.00023,71,0.00071
-47,37,3,100000,21,0.00021,64,0.00064
-47,37,4,100000,25,0.00025,73,0.00073
-47,37,5,100000,22,0.00022,74,0.00074
-47,38,0,100000,30,0.0003,67,0.00067
-47,38,1,100000,36,0.00036,74,0.00074
-47,38,2,100000,28,0.00028,63,0.00063
-47,38,3,100000,38,0.00038,65,0.00065
-47,38,4,100000,26,0.00026,66,0.00066
-47,38,5,100000,29,0.00029,76,0.00076
-47,39,0,100000,23,0.00023,57,0.00057
-47,39,1,100000,26,0.00026,74,0.00074
-47,39,2,100000,17,0.00017,63,0.00063
-47,39,3,100000,24,0.00024,69,0.00069
-47,39,4,100000,36,0.00036,74,0.00074
-47,39,5,100000,19,0.00019,67,0.00067
-47,40,0,100000,21,0.00021,68,0.00068
-47,40,1,100000,40,0.0004,84,0.00084
-47,40,2,100000,39,0.00039,79,0.00079
-47,40,3,100000,16,0.00016,64,0.00064
-47,40,4,100000,18,0.00018,69,0.00069
-47,40,5,100000,25,0.00025,74,0.00074
-47,41,0,100000,13,0.00013,52,0.00052
-47,41,1,100000,48,0.00048,82,0.00082
-47,41,2,100000,39,0.00039,74,0.00074
-47,41,3,100000,36,0.00036,87,0.00087
-47,41,4,100000,36,0.00036,55,0.00055
-47,41,5,100000,17,0.00017,71,0.00071
-47,42,0,100000,46,0.00046,83,0.00083
-47,42,1,100000,31,0.00031,74,0.00074
-47,42,2,100000,58,0.00058,76,0.00076
-47,42,3,100000,23,0.00023,91,0.00091
-47,42,4,100000,25,0.00025,70,0.0007
-47,42,5,100000,51,0.00051,80,0.0008
-47,43,0,100000,34,0.00034,74,0.00074
-47,43,1,100000,39,0.00039,65,0.00065
-47,43,2,100000,12,0.00012,63,0.00063
-47,43,3,100000,28,0.00028,61,0.00061
-47,43,4,100000,42,0.00042,64,0.00064
-47,43,5,100000,36,0.00036,81,0.00081
-47,44,0,100000,36,0.00036,65,0.00065
-47,44,1,100000,25,0.00025,58,0.00058
-47,44,2,100000,31,0.00031,71,0.00071
-47,44,3,100000,17,0.00017,64,0.00064
-47,44,4,100000,29,0.00029,76,0.00076
-47,44,5,100000,25,0.00025,66,0.00066
-47,45,0,100000,27,0.00027,77,0.00077
-47,45,1,100000,37,0.00037,76,0.00076
-47,45,2,100000,39,0.00039,86,0.00086
-47,45,3,100000,48,0.00048,70,0.0007
-47,45,4,100000,21,0.00021,69,0.00069
-47,45,5,100000,25,0.00025,77,0.00077
-47,46,0,100000,46,0.00046,86,0.00086
-47,46,1,100000,29,0.00029,69,0.00069
-47,46,2,100000,24,0.00024,80,0.0008
-47,46,3,100000,24,0.00024,76,0.00076
-47,46,4,100000,25,0.00025,71,0.00071
-47,46,5,100000,33,0.00033,79,0.00079
-47,47,0,100000,32,0.00032,70,0.0007
-47,47,1,100000,23,0.00023,69,0.00069
-47,47,2,100000,45,0.00045,85,0.00085
-47,47,3,100000,37,0.00037,72,0.00072
-47,47,4,100000,40,0.0004,69,0.00069
-47,47,5,100000,14,0.00014,67,0.00067
-47,48,0,100000,36,0.00036,75,0.00075
-47,48,1,100000,22,0.00022,65,0.00065
-47,48,2,100000,35,0.00035,73,0.00073
-47,48,3,100000,16,0.00016,57,0.00057
-47,48,4,100000,34,0.00034,99,0.00099
-47,48,5,100000,27,0.00027,69,0.00069
-47,49,0,100000,22,0.00022,87,0.00087
-47,49,1,100000,8,8e-05,65,0.00065
-47,49,2,100000,18,0.00018,74,0.00074
-47,49,3,100000,38,0.00038,69,0.00069
-47,49,4,100000,39,0.00039,75,0.00075
-47,49,5,100000,28,0.00028,70,0.0007
-47,50,0,100000,22,0.00022,75,0.00075
-47,50,1,100000,39,0.00039,76,0.00076
-47,50,2,100000,32,0.00032,78,0.00078
-47,50,3,100000,33,0.00033,85,0.00085
-47,50,4,100000,31,0.00031,73,0.00073
-47,50,5,100000,21,0.00021,64,0.00064
-46,-50,0,100000,27,0.00027,72,0.00072
-46,-50,1,100000,21,0.00021,84,0.00084
-46,-50,2,100000,32,0.00032,75,0.00075
-46,-50,3,100000,44,0.00044,78,0.00078
-46,-50,4,100000,34,0.00034,67,0.00067
-46,-50,5,100000,26,0.00026,77,0.00077
-46,-49,0,100000,25,0.00025,69,0.00069
-46,-49,1,100000,27,0.00027,93,0.00093
-46,-49,2,100000,25,0.00025,69,0.00069
-46,-49,3,100000,33,0.00033,83,0.00083
-46,-49,4,100000,29,0.00029,69,0.00069
-46,-49,5,100000,22,0.00022,78,0.00078
-46,-48,0,100000,22,0.00022,65,0.00065
-46,-48,1,100000,17,0.00017,71,0.00071
-46,-48,2,100000,43,0.00043,89,0.00089
-46,-48,3,100000,49,0.00049,60,0.0006
-46,-48,4,100000,36,0.00036,77,0.00077
-46,-48,5,100000,17,0.00017,65,0.00065
-46,-47,0,100000,35,0.00035,89,0.00089
-46,-47,1,100000,25,0.00025,75,0.00075
-46,-47,2,100000,37,0.00037,76,0.00076
-46,-47,3,100000,32,0.00032,76,0.00076
-46,-47,4,100000,31,0.00031,70,0.0007
-46,-47,5,100000,20,0.0002,71,0.00071
-46,-46,0,100000,38,0.00038,93,0.00093
-46,-46,1,100000,37,0.00037,92,0.00092
-46,-46,2,100000,36,0.00036,62,0.00062
-46,-46,3,100000,39,0.00039,73,0.00073
-46,-46,4,100000,34,0.00034,79,0.00079
-46,-46,5,100000,14,0.00014,70,0.0007
-46,-45,0,100000,24,0.00024,73,0.00073
-46,-45,1,100000,16,0.00016,62,0.00062
-46,-45,2,100000,51,0.00051,88,0.00088
-46,-45,3,100000,29,0.00029,74,0.00074
-46,-45,4,100000,38,0.00038,68,0.00068
-46,-45,5,100000,28,0.00028,57,0.00057
-46,-44,0,100000,32,0.00032,77,0.00077
-46,-44,1,100000,35,0.00035,72,0.00072
-46,-44,2,100000,20,0.0002,75,0.00075
-46,-44,3,100000,51,0.00051,75,0.00075
-46,-44,4,100000,36,0.00036,67,0.00067
-46,-44,5,100000,22,0.00022,76,0.00076
-46,-43,0,100000,26,0.00026,77,0.00077
-46,-43,1,100000,27,0.00027,75,0.00075
-46,-43,2,100000,12,0.00012,66,0.00066
-46,-43,3,100000,41,0.00041,94,0.00094
-46,-43,4,100000,10,0.0001,65,0.00065
-46,-43,5,100000,47,0.00047,70,0.0007
-46,-42,0,100000,62,0.00062,74,0.00074
-46,-42,1,100000,32,0.00032,68,0.00068
-46,-42,2,100000,23,0.00023,71,0.00071
-46,-42,3,100000,20,0.0002,71,0.00071
-46,-42,4,100000,22,0.00022,68,0.00068
-46,-42,5,100000,25,0.00025,66,0.00066
-46,-41,0,100000,39,0.00039,76,0.00076
-46,-41,1,100000,29,0.00029,57,0.00057
-46,-41,2,100000,33,0.00033,79,0.00079
-46,-41,3,100000,24,0.00024,74,0.00074
-46,-41,4,100000,26,0.00026,68,0.00068
-46,-41,5,100000,24,0.00024,70,0.0007
-46,-40,0,100000,25,0.00025,73,0.00073
-46,-40,1,100000,37,0.00037,77,0.00077
-46,-40,2,100000,25,0.00025,75,0.00075
-46,-40,3,100000,19,0.00019,73,0.00073
-46,-40,4,100000,43,0.00043,79,0.00079
-46,-40,5,100000,35,0.00035,72,0.00072
-46,-39,0,100000,41,0.00041,89,0.00089
-46,-39,1,100000,42,0.00042,78,0.00078
-46,-39,2,100000,16,0.00016,62,0.00062
-46,-39,3,100000,35,0.00035,79,0.00079
-46,-39,4,100000,21,0.00021,75,0.00075
-46,-39,5,100000,23,0.00023,60,0.0006
-46,-38,0,100000,47,0.00047,87,0.00087
-46,-38,1,100000,29,0.00029,80,0.0008
-46,-38,2,100000,18,0.00018,81,0.00081
-46,-38,3,100000,21,0.00021,65,0.00065
-46,-38,4,100000,25,0.00025,73,0.00073
-46,-38,5,100000,47,0.00047,73,0.00073
-46,-37,0,100000,22,0.00022,58,0.00058
-46,-37,1,100000,29,0.00029,65,0.00065
-46,-37,2,100000,31,0.00031,69,0.00069
-46,-37,3,100000,18,0.00018,67,0.00067
-46,-37,4,100000,36,0.00036,73,0.00073
-46,-37,5,100000,35,0.00035,67,0.00067
-46,-36,0,100000,21,0.00021,77,0.00077
-46,-36,1,100000,19,0.00019,76,0.00076
-46,-36,2,100000,42,0.00042,88,0.00088
-46,-36,3,100000,32,0.00032,67,0.00067
-46,-36,4,100000,29,0.00029,76,0.00076
-46,-36,5,100000,18,0.00018,59,0.00059
-46,-35,0,100000,16,0.00016,76,0.00076
-46,-35,1,100000,24,0.00024,76,0.00076
-46,-35,2,100000,26,0.00026,72,0.00072
-46,-35,3,100000,48,0.00048,83,0.00083
-46,-35,4,100000,16,0.00016,56,0.00056
-46,-35,5,100000,33,0.00033,67,0.00067
-46,-34,0,100000,38,0.00038,56,0.00056
-46,-34,1,100000,23,0.00023,70,0.0007
-46,-34,2,100000,36,0.00036,73,0.00073
-46,-34,3,100000,34,0.00034,74,0.00074
-46,-34,4,100000,24,0.00024,77,0.00077
-46,-34,5,100000,26,0.00026,51,0.00051
-46,-33,0,100000,46,0.00046,84,0.00084
-46,-33,1,100000,34,0.00034,76,0.00076
-46,-33,2,100000,20,0.0002,72,0.00072
-46,-33,3,100000,29,0.00029,65,0.00065
-46,-33,4,100000,39,0.00039,76,0.00076
-46,-33,5,100000,41,0.00041,95,0.00095
-46,-32,0,100000,28,0.00028,73,0.00073
-46,-32,1,100000,26,0.00026,59,0.00059
-46,-32,2,100000,30,0.0003,70,0.0007
-46,-32,3,100000,46,0.00046,98,0.00098
-46,-32,4,100000,36,0.00036,79,0.00079
-46,-32,5,100000,23,0.00023,77,0.00077
-46,-31,0,100000,32,0.00032,90,0.0009
-46,-31,1,100000,20,0.0002,78,0.00078
-46,-31,2,100000,33,0.00033,70,0.0007
-46,-31,3,100000,44,0.00044,80,0.0008
-46,-31,4,100000,28,0.00028,83,0.00083
-46,-31,5,100000,43,0.00043,61,0.00061
-46,-30,0,100000,36,0.00036,76,0.00076
-46,-30,1,100000,24,0.00024,75,0.00075
-46,-30,2,100000,39,0.00039,77,0.00077
-46,-30,3,100000,39,0.00039,69,0.00069
-46,-30,4,100000,41,0.00041,75,0.00075
-46,-30,5,100000,30,0.0003,68,0.00068
-46,-29,0,100000,28,0.00028,73,0.00073
-46,-29,1,100000,22,0.00022,75,0.00075
-46,-29,2,100000,45,0.00045,79,0.00079
-46,-29,3,100000,42,0.00042,73,0.00073
-46,-29,4,100000,51,0.00051,87,0.00087
-46,-29,5,100000,45,0.00045,84,0.00084
-46,-28,0,100000,33,0.00033,76,0.00076
-46,-28,1,100000,39,0.00039,80,0.0008
-46,-28,2,100000,10,0.0001,53,0.00053
-46,-28,3,100000,18,0.00018,81,0.00081
-46,-28,4,100000,34,0.00034,86,0.00086
-46,-28,5,100000,21,0.00021,56,0.00056
-46,-27,0,100000,15,0.00015,61,0.00061
-46,-27,1,100000,17,0.00017,57,0.00057
-46,-27,2,100000,33,0.00033,76,0.00076
-46,-27,3,100000,36,0.00036,88,0.00088
-46,-27,4,100000,14,0.00014,65,0.00065
-46,-27,5,100000,44,0.00044,66,0.00066
-46,-26,0,100000,31,0.00031,70,0.0007
-46,-26,1,100000,26,0.00026,64,0.00064
-46,-26,2,100000,30,0.0003,87,0.00087
-46,-26,3,100000,33,0.00033,86,0.00086
-46,-26,4,100000,42,0.00042,76,0.00076
-46,-26,5,100000,41,0.00041,79,0.00079
-46,-25,0,100000,31,0.00031,94,0.00094
-46,-25,1,100000,45,0.00045,85,0.00085
-46,-25,2,100000,27,0.00027,73,0.00073
-46,-25,3,100000,43,0.00043,80,0.0008
-46,-25,4,100000,39,0.00039,76,0.00076
-46,-25,5,100000,37,0.00037,84,0.00084
-46,-24,0,100000,23,0.00023,77,0.00077
-46,-24,1,100000,35,0.00035,80,0.0008
-46,-24,2,100000,21,0.00021,66,0.00066
-46,-24,3,100000,25,0.00025,71,0.00071
-46,-24,4,100000,29,0.00029,64,0.00064
-46,-24,5,100000,26,0.00026,67,0.00067
-46,-23,0,100000,21,0.00021,64,0.00064
-46,-23,1,100000,33,0.00033,74,0.00074
-46,-23,2,100000,22,0.00022,73,0.00073
-46,-23,3,100000,33,0.00033,87,0.00087
-46,-23,4,100000,46,0.00046,72,0.00072
-46,-23,5,100000,18,0.00018,74,0.00074
-46,-22,0,100000,28,0.00028,79,0.00079
-46,-22,1,100000,18,0.00018,61,0.00061
-46,-22,2,100000,32,0.00032,79,0.00079
-46,-22,3,100000,22,0.00022,67,0.00067
-46,-22,4,100000,14,0.00014,56,0.00056
-46,-22,5,100000,27,0.00027,78,0.00078
-46,-21,0,100000,30,0.0003,73,0.00073
-46,-21,1,100000,26,0.00026,72,0.00072
-46,-21,2,100000,33,0.00033,77,0.00077
-46,-21,3,100000,28,0.00028,60,0.0006
-46,-21,4,100000,43,0.00043,71,0.00071
-46,-21,5,100000,38,0.00038,77,0.00077
-46,-20,0,100000,33,0.00033,71,0.00071
-46,-20,1,100000,28,0.00028,74,0.00074
-46,-20,2,100000,47,0.00047,79,0.00079
-46,-20,3,100000,38,0.00038,61,0.00061
-46,-20,4,100000,30,0.0003,68,0.00068
-46,-20,5,100000,21,0.00021,70,0.0007
-46,-19,0,100000,31,0.00031,55,0.00055
-46,-19,1,100000,22,0.00022,63,0.00063
-46,-19,2,100000,26,0.00026,75,0.00075
-46,-19,3,100000,31,0.00031,68,0.00068
-46,-19,4,100000,27,0.00027,73,0.00073
-46,-19,5,100000,28,0.00028,67,0.00067
-46,-18,0,100000,38,0.00038,67,0.00067
-46,-18,1,100000,27,0.00027,66,0.00066
-46,-18,2,100000,18,0.00018,61,0.00061
-46,-18,3,100000,22,0.00022,64,0.00064
-46,-18,4,100000,66,0.00066,82,0.00082
-46,-18,5,100000,19,0.00019,63,0.00063
-46,-17,0,100000,35,0.00035,74,0.00074
-46,-17,1,100000,33,0.00033,75,0.00075
-46,-17,2,100000,29,0.00029,78,0.00078
-46,-17,3,100000,13,0.00013,61,0.00061
-46,-17,4,100000,33,0.00033,72,0.00072
-46,-17,5,100000,39,0.00039,83,0.00083
-46,-16,0,100000,22,0.00022,75,0.00075
-46,-16,1,100000,27,0.00027,73,0.00073
-46,-16,2,100000,24,0.00024,72,0.00072
-46,-16,3,100000,26,0.00026,60,0.0006
-46,-16,4,100000,45,0.00045,82,0.00082
-46,-16,5,100000,18,0.00018,64,0.00064
-46,-15,0,100000,22,0.00022,61,0.00061
-46,-15,1,100000,48,0.00048,77,0.00077
-46,-15,2,100000,8,8e-05,74,0.00074
-46,-15,3,100000,25,0.00025,75,0.00075
-46,-15,4,100000,54,0.00054,71,0.00071
-46,-15,5,100000,49,0.00049,77,0.00077
-46,-14,0,100000,42,0.00042,71,0.00071
-46,-14,1,100000,33,0.00033,76,0.00076
-46,-14,2,100000,23,0.00023,68,0.00068
-46,-14,3,100000,30,0.0003,60,0.0006
-46,-14,4,100000,29,0.00029,76,0.00076
-46,-14,5,100000,33,0.00033,70,0.0007
-46,-13,0,100000,24,0.00024,67,0.00067
-46,-13,1,100000,24,0.00024,73,0.00073
-46,-13,2,100000,24,0.00024,62,0.00062
-46,-13,3,100000,36,0.00036,79,0.00079
-46,-13,4,100000,28,0.00028,64,0.00064
-46,-13,5,100000,22,0.00022,82,0.00082
-46,-12,0,100000,33,0.00033,77,0.00077
-46,-12,1,100000,41,0.00041,73,0.00073
-46,-12,2,100000,22,0.00022,75,0.00075
-46,-12,3,100000,14,0.00014,65,0.00065
-46,-12,4,100000,24,0.00024,69,0.00069
-46,-12,5,100000,27,0.00027,62,0.00062
-46,-11,0,100000,33,0.00033,79,0.00079
-46,-11,1,100000,38,0.00038,90,0.0009
-46,-11,2,100000,56,0.00056,56,0.00056
-46,-11,3,100000,28,0.00028,70,0.0007
-46,-11,4,100000,38,0.00038,69,0.00069
-46,-11,5,100000,34,0.00034,74,0.00074
-46,-10,0,100000,16,0.00016,63,0.00063
-46,-10,1,100000,20,0.0002,65,0.00065
-46,-10,2,100000,21,0.00021,63,0.00063
-46,-10,3,100000,27,0.00027,72,0.00072
-46,-10,4,100000,19,0.00019,62,0.00062
-46,-10,5,100000,30,0.0003,67,0.00067
-46,-9,0,100000,40,0.0004,82,0.00082
-46,-9,1,100000,45,0.00045,77,0.00077
-46,-9,2,100000,18,0.00018,65,0.00065
-46,-9,3,100000,23,0.00023,86,0.00086
-46,-9,4,100000,25,0.00025,72,0.00072
-46,-9,5,100000,44,0.00044,66,0.00066
-46,-8,0,100000,19,0.00019,73,0.00073
-46,-8,1,100000,30,0.0003,67,0.00067
-46,-8,2,100000,15,0.00015,72,0.00072
-46,-8,3,100000,30,0.0003,79,0.00079
-46,-8,4,100000,54,0.00054,89,0.00089
-46,-8,5,100000,26,0.00026,70,0.0007
-46,-7,0,100000,31,0.00031,75,0.00075
-46,-7,1,100000,32,0.00032,80,0.0008
-46,-7,2,100000,27,0.00027,72,0.00072
-46,-7,3,100000,17,0.00017,69,0.00069
-46,-7,4,100000,38,0.00038,77,0.00077
-46,-7,5,100000,29,0.00029,73,0.00073
-46,-6,0,100000,30,0.0003,73,0.00073
-46,-6,1,100000,17,0.00017,60,0.0006
-46,-6,2,100000,29,0.00029,70,0.0007
-46,-6,3,100000,24,0.00024,72,0.00072
-46,-6,4,100000,24,0.00024,64,0.00064
-46,-6,5,100000,13,0.00013,62,0.00062
-46,-5,0,100000,27,0.00027,67,0.00067
-46,-5,1,100000,29,0.00029,70,0.0007
-46,-5,2,100000,36,0.00036,80,0.0008
-46,-5,3,100000,35,0.00035,84,0.00084
-46,-5,4,100000,36,0.00036,86,0.00086
-46,-5,5,100000,28,0.00028,80,0.0008
-46,-4,0,100000,34,0.00034,67,0.00067
-46,-4,1,100000,44,0.00044,75,0.00075
-46,-4,2,100000,25,0.00025,69,0.00069
-46,-4,3,100000,30,0.0003,69,0.00069
-46,-4,4,100000,31,0.00031,58,0.00058
-46,-4,5,100000,40,0.0004,74,0.00074
-46,-3,0,100000,24,0.00024,80,0.0008
-46,-3,1,100000,39,0.00039,71,0.00071
-46,-3,2,100000,28,0.00028,76,0.00076
-46,-3,3,100000,14,0.00014,64,0.00064
-46,-3,4,100000,30,0.0003,68,0.00068
-46,-3,5,100000,31,0.00031,78,0.00078
-46,-2,0,100000,38,0.00038,72,0.00072
-46,-2,1,100000,26,0.00026,83,0.00083
-46,-2,2,100000,37,0.00037,71,0.00071
-46,-2,3,100000,35,0.00035,77,0.00077
-46,-2,4,100000,37,0.00037,79,0.00079
-46,-2,5,100000,22,0.00022,68,0.00068
-46,-1,0,100000,22,0.00022,69,0.00069
-46,-1,1,100000,20,0.0002,71,0.00071
-46,-1,2,100000,32,0.00032,40,0.0004
-46,-1,3,100000,24,0.00024,70,0.0007
-46,-1,4,100000,24,0.00024,54,0.00054
-46,-1,5,100000,38,0.00038,90,0.0009
-46,0,0,100000,17,0.00017,70,0.0007
-46,0,1,100000,19,0.00019,65,0.00065
-46,0,2,100000,27,0.00027,73,0.00073
-46,0,3,100000,21,0.00021,70,0.0007
-46,0,4,100000,24,0.00024,80,0.0008
-46,0,5,100000,23,0.00023,69,0.00069
-46,1,0,100000,25,0.00025,68,0.00068
-46,1,1,100000,20,0.0002,70,0.0007
-46,1,2,100000,43,0.00043,98,0.00098
-46,1,3,100000,37,0.00037,75,0.00075
-46,1,4,100000,24,0.00024,70,0.0007
-46,1,5,100000,20,0.0002,56,0.00056
-46,2,0,100000,38,0.00038,76,0.00076
-46,2,1,100000,28,0.00028,80,0.0008
-46,2,2,100000,27,0.00027,78,0.00078
-46,2,3,100000,38,0.00038,67,0.00067
-46,2,4,100000,28,0.00028,68,0.00068
-46,2,5,100000,43,0.00043,81,0.00081
-46,3,0,100000,36,0.00036,73,0.00073
-46,3,1,100000,46,0.00046,87,0.00087
-46,3,2,100000,40,0.0004,62,0.00062
-46,3,3,100000,33,0.00033,59,0.00059
-46,3,4,100000,40,0.0004,82,0.00082
-46,3,5,100000,16,0.00016,68,0.00068
-46,4,0,100000,36,0.00036,77,0.00077
-46,4,1,100000,18,0.00018,73,0.00073
-46,4,2,100000,28,0.00028,64,0.00064
-46,4,3,100000,51,0.00051,57,0.00057
-46,4,4,100000,25,0.00025,66,0.00066
-46,4,5,100000,22,0.00022,63,0.00063
-46,5,0,100000,40,0.0004,62,0.00062
-46,5,1,100000,33,0.00033,68,0.00068
-46,5,2,100000,28,0.00028,65,0.00065
-46,5,3,100000,42,0.00042,84,0.00084
-46,5,4,100000,41,0.00041,65,0.00065
-46,5,5,100000,31,0.00031,72,0.00072
-46,6,0,100000,38,0.00038,80,0.0008
-46,6,1,100000,27,0.00027,80,0.0008
-46,6,2,100000,18,0.00018,58,0.00058
-46,6,3,100000,24,0.00024,68,0.00068
-46,6,4,100000,28,0.00028,84,0.00084
-46,6,5,100000,21,0.00021,68,0.00068
-46,7,0,100000,32,0.00032,68,0.00068
-46,7,1,100000,25,0.00025,64,0.00064
-46,7,2,100000,37,0.00037,67,0.00067
-46,7,3,100000,41,0.00041,84,0.00084
-46,7,4,100000,40,0.0004,61,0.00061
-46,7,5,100000,24,0.00024,71,0.00071
-46,8,0,100000,37,0.00037,75,0.00075
-46,8,1,100000,21,0.00021,59,0.00059
-46,8,2,100000,19,0.00019,78,0.00078
-46,8,3,100000,33,0.00033,76,0.00076
-46,8,4,100000,19,0.00019,76,0.00076
-46,8,5,100000,56,0.00056,81,0.00081
-46,9,0,100000,17,0.00017,86,0.00086
-46,9,1,100000,50,0.0005,74,0.00074
-46,9,2,100000,27,0.00027,67,0.00067
-46,9,3,100000,8,8e-05,53,0.00053
-46,9,4,100000,33,0.00033,72,0.00072
-46,9,5,100000,25,0.00025,74,0.00074
-46,10,0,100000,30,0.0003,91,0.00091
-46,10,1,100000,29,0.00029,77,0.00077
-46,10,2,100000,42,0.00042,80,0.0008
-46,10,3,100000,26,0.00026,63,0.00063
-46,10,4,100000,35,0.00035,80,0.0008
-46,10,5,100000,37,0.00037,73,0.00073
-46,11,0,100000,45,0.00045,85,0.00085
-46,11,1,100000,13,0.00013,61,0.00061
-46,11,2,100000,21,0.00021,71,0.00071
-46,11,3,100000,42,0.00042,81,0.00081
-46,11,4,100000,50,0.0005,85,0.00085
-46,11,5,100000,17,0.00017,76,0.00076
-46,12,0,100000,41,0.00041,90,0.0009
-46,12,1,100000,50,0.0005,85,0.00085
-46,12,2,100000,22,0.00022,73,0.00073
-46,12,3,100000,31,0.00031,73,0.00073
-46,12,4,100000,34,0.00034,75,0.00075
-46,12,5,100000,38,0.00038,76,0.00076
-46,13,0,100000,25,0.00025,64,0.00064
-46,13,1,100000,26,0.00026,80,0.0008
-46,13,2,100000,18,0.00018,68,0.00068
-46,13,3,100000,45,0.00045,70,0.0007
-46,13,4,100000,27,0.00027,73,0.00073
-46,13,5,100000,47,0.00047,78,0.00078
-46,14,0,100000,44,0.00044,82,0.00082
-46,14,1,100000,30,0.0003,67,0.00067
-46,14,2,100000,23,0.00023,62,0.00062
-46,14,3,100000,15,0.00015,66,0.00066
-46,14,4,100000,15,0.00015,65,0.00065
-46,14,5,100000,35,0.00035,75,0.00075
-46,15,0,100000,30,0.0003,66,0.00066
-46,15,1,100000,45,0.00045,74,0.00074
-46,15,2,100000,18,0.00018,75,0.00075
-46,15,3,100000,33,0.00033,61,0.00061
-46,15,4,100000,35,0.00035,94,0.00094
-46,15,5,100000,33,0.00033,83,0.00083
-46,16,0,100000,29,0.00029,68,0.00068
-46,16,1,100000,26,0.00026,68,0.00068
-46,16,2,100000,21,0.00021,77,0.00077
-46,16,3,100000,16,0.00016,65,0.00065
-46,16,4,100000,39,0.00039,80,0.0008
-46,16,5,100000,25,0.00025,68,0.00068
-46,17,0,100000,30,0.0003,70,0.0007
-46,17,1,100000,38,0.00038,71,0.00071
-46,17,2,100000,26,0.00026,62,0.00062
-46,17,3,100000,40,0.0004,79,0.00079
-46,17,4,100000,24,0.00024,73,0.00073
-46,17,5,100000,29,0.00029,69,0.00069
-46,18,0,100000,33,0.00033,76,0.00076
-46,18,1,100000,40,0.0004,70,0.0007
-46,18,2,100000,36,0.00036,64,0.00064
-46,18,3,100000,10,0.0001,61,0.00061
-46,18,4,100000,35,0.00035,81,0.00081
-46,18,5,100000,25,0.00025,76,0.00076
-46,19,0,100000,22,0.00022,68,0.00068
-46,19,1,100000,32,0.00032,71,0.00071
-46,19,2,100000,40,0.0004,70,0.0007
-46,19,3,100000,39,0.00039,78,0.00078
-46,19,4,100000,29,0.00029,64,0.00064
-46,19,5,100000,58,0.00058,90,0.0009
-46,20,0,100000,17,0.00017,62,0.00062
-46,20,1,100000,18,0.00018,77,0.00077
-46,20,2,100000,16,0.00016,67,0.00067
-46,20,3,100000,31,0.00031,78,0.00078
-46,20,4,100000,16,0.00016,69,0.00069
-46,20,5,100000,22,0.00022,70,0.0007
-46,21,0,100000,16,0.00016,67,0.00067
-46,21,1,100000,26,0.00026,60,0.0006
-46,21,2,100000,31,0.00031,69,0.00069
-46,21,3,100000,22,0.00022,69,0.00069
-46,21,4,100000,37,0.00037,73,0.00073
-46,21,5,100000,26,0.00026,80,0.0008
-46,22,0,100000,31,0.00031,74,0.00074
-46,22,1,100000,38,0.00038,71,0.00071
-46,22,2,100000,18,0.00018,70,0.0007
-46,22,3,100000,48,0.00048,91,0.00091
-46,22,4,100000,41,0.00041,62,0.00062
-46,22,5,100000,37,0.00037,78,0.00078
-46,23,0,100000,29,0.00029,66,0.00066
-46,23,1,100000,19,0.00019,68,0.00068
-46,23,2,100000,28,0.00028,81,0.00081
-46,23,3,100000,43,0.00043,78,0.00078
-46,23,4,100000,23,0.00023,59,0.00059
-46,23,5,100000,12,0.00012,57,0.00057
-46,24,0,100000,38,0.00038,77,0.00077
-46,24,1,100000,21,0.00021,65,0.00065
-46,24,2,100000,30,0.0003,68,0.00068
-46,24,3,100000,18,0.00018,60,0.0006
-46,24,4,100000,26,0.00026,78,0.00078
-46,24,5,100000,20,0.0002,64,0.00064
-46,25,0,100000,27,0.00027,55,0.00055
-46,25,1,100000,30,0.0003,74,0.00074
-46,25,2,100000,22,0.00022,64,0.00064
-46,25,3,100000,27,0.00027,74,0.00074
-46,25,4,100000,20,0.0002,66,0.00066
-46,25,5,100000,28,0.00028,78,0.00078
-46,26,0,100000,24,0.00024,82,0.00082
-46,26,1,100000,30,0.0003,78,0.00078
-46,26,2,100000,39,0.00039,94,0.00094
-46,26,3,100000,35,0.00035,68,0.00068
-46,26,4,100000,46,0.00046,71,0.00071
-46,26,5,100000,21,0.00021,70,0.0007
-46,27,0,100000,34,0.00034,72,0.00072
-46,27,1,100000,34,0.00034,85,0.00085
-46,27,2,100000,26,0.00026,72,0.00072
-46,27,3,100000,38,0.00038,74,0.00074
-46,27,4,100000,30,0.0003,64,0.00064
-46,27,5,100000,33,0.00033,86,0.00086
-46,28,0,100000,27,0.00027,74,0.00074
-46,28,1,100000,44,0.00044,73,0.00073
-46,28,2,100000,28,0.00028,73,0.00073
-46,28,3,100000,27,0.00027,80,0.0008
-46,28,4,100000,15,0.00015,58,0.00058
-46,28,5,100000,29,0.00029,71,0.00071
-46,29,0,100000,41,0.00041,67,0.00067
-46,29,1,100000,35,0.00035,82,0.00082
-46,29,2,100000,31,0.00031,84,0.00084
-46,29,3,100000,16,0.00016,62,0.00062
-46,29,4,100000,44,0.00044,83,0.00083
-46,29,5,100000,34,0.00034,86,0.00086
-46,30,0,100000,25,0.00025,83,0.00083
-46,30,1,100000,54,0.00054,82,0.00082
-46,30,2,100000,14,0.00014,62,0.00062
-46,30,3,100000,41,0.00041,71,0.00071
-46,30,4,100000,39,0.00039,79,0.00079
-46,30,5,100000,47,0.00047,73,0.00073
-46,31,0,100000,15,0.00015,63,0.00063
-46,31,1,100000,22,0.00022,64,0.00064
-46,31,2,100000,15,0.00015,68,0.00068
-46,31,3,100000,27,0.00027,56,0.00056
-46,31,4,100000,39,0.00039,68,0.00068
-46,31,5,100000,30,0.0003,66,0.00066
-46,32,0,100000,58,0.00058,83,0.00083
-46,32,1,100000,28,0.00028,68,0.00068
-46,32,2,100000,30,0.0003,70,0.0007
-46,32,3,100000,58,0.00058,88,0.00088
-46,32,4,100000,30,0.0003,77,0.00077
-46,32,5,100000,46,0.00046,90,0.0009
-46,33,0,100000,49,0.00049,65,0.00065
-46,33,1,100000,25,0.00025,74,0.00074
-46,33,2,100000,31,0.00031,75,0.00075
-46,33,3,100000,21,0.00021,78,0.00078
-46,33,4,100000,22,0.00022,66,0.00066
-46,33,5,100000,29,0.00029,64,0.00064
-46,34,0,100000,38,0.00038,76,0.00076
-46,34,1,100000,24,0.00024,47,0.00047
-46,34,2,100000,23,0.00023,71,0.00071
-46,34,3,100000,30,0.0003,78,0.00078
-46,34,4,100000,27,0.00027,78,0.00078
-46,34,5,100000,32,0.00032,66,0.00066
-46,35,0,100000,31,0.00031,73,0.00073
-46,35,1,100000,36,0.00036,71,0.00071
-46,35,2,100000,22,0.00022,85,0.00085
-46,35,3,100000,10,0.0001,59,0.00059
-46,35,4,100000,18,0.00018,63,0.00063
-46,35,5,100000,21,0.00021,59,0.00059
-46,36,0,100000,49,0.00049,78,0.00078
-46,36,1,100000,12,0.00012,65,0.00065
-46,36,2,100000,39,0.00039,88,0.00088
-46,36,3,100000,30,0.0003,60,0.0006
-46,36,4,100000,25,0.00025,83,0.00083
-46,36,5,100000,40,0.0004,73,0.00073
-46,37,0,100000,46,0.00046,73,0.00073
-46,37,1,100000,44,0.00044,91,0.00091
-46,37,2,100000,17,0.00017,66,0.00066
-46,37,3,100000,39,0.00039,73,0.00073
-46,37,4,100000,27,0.00027,64,0.00064
-46,37,5,100000,23,0.00023,60,0.0006
-46,38,0,100000,38,0.00038,68,0.00068
-46,38,1,100000,12,0.00012,53,0.00053
-46,38,2,100000,10,0.0001,61,0.00061
-46,38,3,100000,28,0.00028,61,0.00061
-46,38,4,100000,50,0.0005,86,0.00086
-46,38,5,100000,38,0.00038,75,0.00075
-46,39,0,100000,59,0.00059,97,0.00097
-46,39,1,100000,35,0.00035,69,0.00069
-46,39,2,100000,31,0.00031,92,0.00092
-46,39,3,100000,30,0.0003,54,0.00054
-46,39,4,100000,22,0.00022,61,0.00061
-46,39,5,100000,29,0.00029,69,0.00069
-46,40,0,100000,26,0.00026,69,0.00069
-46,40,1,100000,11,0.00011,66,0.00066
-46,40,2,100000,37,0.00037,97,0.00097
-46,40,3,100000,48,0.00048,66,0.00066
-46,40,4,100000,42,0.00042,81,0.00081
-46,40,5,100000,30,0.0003,72,0.00072
-46,41,0,100000,27,0.00027,75,0.00075
-46,41,1,100000,40,0.0004,79,0.00079
-46,41,2,100000,22,0.00022,73,0.00073
-46,41,3,100000,34,0.00034,73,0.00073
-46,41,4,100000,21,0.00021,66,0.00066
-46,41,5,100000,24,0.00024,63,0.00063
-46,42,0,100000,29,0.00029,70,0.0007
-46,42,1,100000,26,0.00026,65,0.00065
-46,42,2,100000,21,0.00021,65,0.00065
-46,42,3,100000,29,0.00029,67,0.00067
-46,42,4,100000,22,0.00022,61,0.00061
-46,42,5,100000,25,0.00025,61,0.00061
-46,43,0,100000,27,0.00027,61,0.00061
-46,43,1,100000,31,0.00031,72,0.00072
-46,43,2,100000,23,0.00023,64,0.00064
-46,43,3,100000,30,0.0003,64,0.00064
-46,43,4,100000,36,0.00036,66,0.00066
-46,43,5,100000,37,0.00037,76,0.00076
-46,44,0,100000,36,0.00036,85,0.00085
-46,44,1,100000,43,0.00043,77,0.00077
-46,44,2,100000,26,0.00026,80,0.0008
-46,44,3,100000,37,0.00037,56,0.00056
-46,44,4,100000,30,0.0003,79,0.00079
-46,44,5,100000,17,0.00017,79,0.00079
-46,45,0,100000,25,0.00025,74,0.00074
-46,45,1,100000,24,0.00024,63,0.00063
-46,45,2,100000,25,0.00025,60,0.0006
-46,45,3,100000,24,0.00024,58,0.00058
-46,45,4,100000,53,0.00053,83,0.00083
-46,45,5,100000,19,0.00019,63,0.00063
-46,46,0,100000,24,0.00024,62,0.00062
-46,46,1,100000,26,0.00026,71,0.00071
-46,46,2,100000,36,0.00036,79,0.00079
-46,46,3,100000,38,0.00038,73,0.00073
-46,46,4,100000,21,0.00021,80,0.0008
-46,46,5,100000,24,0.00024,58,0.00058
-46,47,0,100000,33,0.00033,74,0.00074
-46,47,1,100000,28,0.00028,68,0.00068
-46,47,2,100000,26,0.00026,66,0.00066
-46,47,3,100000,17,0.00017,58,0.00058
-46,47,4,100000,33,0.00033,64,0.00064
-46,47,5,100000,34,0.00034,74,0.00074
-46,48,0,100000,11,0.00011,65,0.00065
-46,48,1,100000,38,0.00038,81,0.00081
-46,48,2,100000,26,0.00026,76,0.00076
-46,48,3,100000,41,0.00041,78,0.00078
-46,48,4,100000,31,0.00031,71,0.00071
-46,48,5,100000,33,0.00033,71,0.00071
-46,49,0,100000,22,0.00022,71,0.00071
-46,49,1,100000,42,0.00042,79,0.00079
-46,49,2,100000,38,0.00038,63,0.00063
-46,49,3,100000,50,0.0005,75,0.00075
-46,49,4,100000,42,0.00042,85,0.00085
-46,49,5,100000,37,0.00037,66,0.00066
-46,50,0,100000,21,0.00021,65,0.00065
-46,50,1,100000,29,0.00029,63,0.00063
-46,50,2,100000,19,0.00019,58,0.00058
-46,50,3,100000,40,0.0004,93,0.00093
-46,50,4,100000,31,0.00031,82,0.00082
-46,50,5,100000,27,0.00027,77,0.00077
-45,-50,0,100000,21,0.00021,56,0.00056
-45,-50,1,100000,27,0.00027,77,0.00077
-45,-50,2,100000,21,0.00021,61,0.00061
-45,-50,3,100000,29,0.00029,80,0.0008
-45,-50,4,100000,33,0.00033,69,0.00069
-45,-50,5,100000,35,0.00035,54,0.00054
-45,-49,0,100000,30,0.0003,85,0.00085
-45,-49,1,100000,29,0.00029,71,0.00071
-45,-49,2,100000,24,0.00024,83,0.00083
-45,-49,3,100000,39,0.00039,79,0.00079
-45,-49,4,100000,30,0.0003,90,0.0009
-45,-49,5,100000,36,0.00036,83,0.00083
-45,-48,0,100000,24,0.00024,67,0.00067
-45,-48,1,100000,13,0.00013,68,0.00068
-45,-48,2,100000,25,0.00025,69,0.00069
-45,-48,3,100000,28,0.00028,84,0.00084
-45,-48,4,100000,32,0.00032,69,0.00069
-45,-48,5,100000,32,0.00032,65,0.00065
-45,-47,0,100000,30,0.0003,69,0.00069
-45,-47,1,100000,23,0.00023,54,0.00054
-45,-47,2,100000,28,0.00028,77,0.00077
-45,-47,3,100000,49,0.00049,80,0.0008
-45,-47,4,100000,31,0.00031,90,0.0009
-45,-47,5,100000,36,0.00036,72,0.00072
-45,-46,0,100000,31,0.00031,69,0.00069
-45,-46,1,100000,13,0.00013,65,0.00065
-45,-46,2,100000,58,0.00058,75,0.00075
-45,-46,3,100000,24,0.00024,76,0.00076
-45,-46,4,100000,46,0.00046,85,0.00085
-45,-46,5,100000,33,0.00033,75,0.00075
-45,-45,0,100000,24,0.00024,57,0.00057
-45,-45,1,100000,20,0.0002,66,0.00066
-45,-45,2,100000,24,0.00024,72,0.00072
-45,-45,3,100000,37,0.00037,80,0.0008
-45,-45,4,100000,23,0.00023,69,0.00069
-45,-45,5,100000,52,0.00052,72,0.00072
