x,y,nPrimary,roiCounts,normalizedCounts,flux,normalizedFlux
9.4,-2.2,400000,44738,0.111845,151709,0.379273
9.4,-2,400000,45168,0.11292,152528,0.38132
9.4,-1.8,400000,44422,0.111055,151773,0.379433
9.4,-1.6,400000,45057,0.112643,153007,0.382518
9.4,-1.4,400000,44744,0.11186,152205,0.380512
9.4,-1.2,400000,44759,0.111897,152009,0.380022
9.4,-1,400000,44723,0.111808,152152,0.38038
9.4,-0.8,400000,44553,0.111382,151700,0.37925
9.4,-0.6,400000,45085,0.112712,151530,0.378825
9.4,-0.4,400000,44496,0.11124,151946,0.379865
9.4,-0.2,400000,44462,0.111155,152027,0.380068
9.4,0,400000,44686,0.111715,152270,0.380675
9.4,0.2,400000,44930,0.112325,151705,0.379263
9.4,0.4,400000,44869,0.112172,152131,0.380327
9.4,0.6,400000,44868,0.11217,152694,0.381735
9.4,0.8,400000,44873,0.112183,152188,0.38047
9.4,1,400000,45505,0.113763,152513,0.381283
9.4,1.2,400000,44992,0.11248,152172,0.38043
9.4,1.4,400000,45030,0.112575,152595,0.381487
9.4,1.6,400000,44946,0.112365,153217,0.383043
9.4,1.8,400000,44587,0.111467,152225,0.380563
9.4,2,400000,44460,0.11115,151516,0.37879
9.4,2.2,400000,44895,0.112238,152768,0.38192
9.4,2.4,400000,44956,0.11239,152024,0.38006
9.4,2.6,400000,45362,0.113405,152365,0.380912
9.4,2.8,400000,44888,0.11222,152568,0.38142
9.4,3,400000,45137,0.112842,152536,0.38134
9.4,3.2,400000,44856,0.11214,151951,0.379877
9.4,3.4,400000,44703,0.111757,151900,0.37975
9.4,3.6,400000,45252,0.11313,152362,0.380905
9.4,3.8,400000,44534,0.111335,151805,0.379512
9.4,4,400000,45089,0.112723,152190,0.380475
9.4,4.2,400000,44315,0.110787,151490,0.378725
9.4,4.4,400000,44633,0.111583,151894,0.379735
9.4,4.6,400000,44749,0.111872,151931,0.379827
9.4,4.8,400000,44788,0.11197,151958,0.379895
9.4,5,400000,44949,0.112373,152150,0.380375
9.4,5.2,400000,45110,0.112775,152312,0.38078
9.4,5.4,400000,44705,0.111763,151796,0.37949
9.4,5.6,400000,44668,0.11167,152415,0.381037
9.4,5.8,400000,44784,0.11196,152093,0.380232
9.4,6,400000,44633,0.111583,152417,0.381043
9.4,6.2,400000,45287,0.113217,151880,0.3797
9.4,6.4,400000,44906,0.112265,152271,0.380678
9.4,6.6,400000,44869,0.112172,152184,0.38046
9.4,6.8,400000,44370,0.110925,151574,0.378935
9.4,7,400000,45182,0.112955,152182,0.380455
9.4,7.2,400000,44193,0.110482,151570,0.378925
9.4,7.4,400000,45233,0.113083,152398,0.380995
9.4,7.6,400000,45263,0.113157,152545,0.381362
9.4,7.8,400000,45067,0.112668,152069,0.380173
9.4,8,400000,44783,0.111958,152325,0.380812
9.4,8.2,400000,44853,0.112132,151906,0.379765
9.4,8.4,400000,44822,0.112055,152374,0.380935
9.4,8.6,400000,44453,0.111132,152177,0.380443
9.4,8.8,400000,44401,0.111003,151586,0.378965
9.4,9,400000,45206,0.113015,152558,0.381395
9.4,9.2,400000,44674,0.111685,152370,0.380925
9.4,9.4,400000,45234,0.113085,152187,0.380468
9.4,9.6,400000,44770,0.111925,152175,0.380437
9.4,9.8,400000,44100,0.11025,151738,0.379345
9.4,10,400000,45175,0.112937,152511,0.381277
9.4,10.2,400000,44691,0.111727,152487,0.381217
9.4,10.4,400000,44762,0.111905,151722,0.379305
9.4,10.6,400000,44552,0.11138,152104,0.38026
9.4,10.8,400000,44693,0.111732,152057,0.380142
9.4,11,400000,44436,0.11109,151708,0.37927
9.4,11.2,400000,44621,0.111552,152132,0.38033
9.4,11.4,400000,44684,0.11171,151753,0.379383
9.4,11.6,400000,44531,0.111327,151474,0.378685
9.4,11.8,400000,44994,0.112485,152024,0.38006
9.4,12,400000,44501,0.111253,151932,0.37983
9.4,12.2,400000,45092,0.11273,152256,0.38064
9.4,12.4,400000,44745,0.111863,152270,0.380675
9.4,12.6,400000,45422,0.113555,153104,0.38276
9.4,12.8,400000,44806,0.112015,151922,0.379805
9.4,13,400000,44885,0.112213,152785,0.381962
9.4,13.2,400000,44969,0.112422,152328,0.38082
9.4,13.4,400000,44333,0.110833,152355,0.380887
9.4,13.6,400000,44279,0.110698,151805,0.379512
9.4,13.8,400000,44684,0.11171,151676,0.37919
9.4,14,400000,44836,0.11209,152623,0.381557
9.4,14.2,400000,44469,0.111172,152249,0.380622
9.4,14.4,400000,44658,0.111645,152217,0.380543
9.4,14.6,400000,44645,0.111613,152114,0.380285
9.4,14.8,400000,44753,0.111882,152368,0.38092
9.4,15,400000,45149,0.112873,152570,0.381425
9.4,15.2,400000,44324,0.11081,151745,0.379362
9.4,15.4,400000,45084,0.11271,152368,0.38092
9.4,15.6,400000,45008,0.11252,152298,0.380745
9.4,15.8,400000,44640,0.1116,152370,0.380925
9.4,16,400000,45104,0.11276,152222,0.380555
9.4,16.2,400000,45458,0.113645,153316,0.38329
9.4,16.4,400000,44074,0.110185,151613,0.379032
9.4,16.6,400000,45327,0.113318,152009,0.380022
9.4,16.8,400000,44017,0.110043,152072,0.38018
9.4,17,400000,45216,0.11304,152306,0.380765
9.4,17.2,400000,44835,0.112088,152423,0.381057
9.4,17.4,400000,44571,0.111427,152095,0.380238
9.4,17.6,400000,44901,0.112253,152129,0.380323
9.4,17.8,400000,44589,0.111473,151733,0.379333
9.4,18,400000,44413,0.111033,151115,0.377787
9.4,18.2,400000,44949,0.112373,152211,0.380528
9.4,18.4,400000,45057,0.112643,152258,0.380645
9.4,18.6,400000,44695,0.111738,151674,0.379185
9.4,18.8,400000,45269,0.113172,152618,0.381545
9.4,19,400000,45181,0.112952,152280,0.3807
9.4,19.2,400000,44793,0.111982,152487,0.381217
9.4,19.4,400000,44792,0.11198,151514,0.378785
9.4,19.6,400000,45326,0.113315,152427,0.381068
9.4,19.8,400000,45114,0.112785,152408,0.38102
9.4,20,400000,44793,0.111982,152244,0.38061
9.4,20.2,400000,44456,0.11114,151889,0.379723
9.4,20.4,400000,45019,0.112547,151877,0.379692
9.4,20.6,400000,44795,0.111988,152673,0.381682
9.4,20.8,400000,44475,0.111187,151752,0.37938
9.4,21,400000,44767,0.111918,152061,0.380153
9.4,21.2,400000,44587,0.111467,151888,0.37972
9.4,21.4,400000,45118,0.112795,152305,0.380763
9.4,21.6,400000,44935,0.112338,152192,0.38048
9.4,21.8,400000,44730,0.111825,151967,0.379918
9.4,22,400000,44571,0.111427,152073,0.380182
9.4,22.2,400000,45071,0.112677,152240,0.3806
9.4,22.4,400000,45085,0.112712,152208,0.38052
9.4,22.6,400000,45038,0.112595,152039,0.380097
9.4,22.8,400000,44815,0.112037,151884,0.37971
9.4,23,400000,44918,0.112295,152001,0.380003
9.4,23.2,400000,44980,0.11245,151845,0.379613
9.4,23.4,400000,45336,0.11334,152596,0.38149
9.4,23.6,400000,45269,0.113172,152505,0.381263
9.4,23.8,400000,44372,0.11093,152108,0.38027
9.4,24,400000,44675,0.111687,151878,0.379695
9.4,24.2,400000,44788,0.11197,151885,0.379713
9.4,24.4,400000,45070,0.112675,152411,0.381028
9.4,24.6,400000,45033,0.112583,152626,0.381565
9.4,24.8,400000,44937,0.112342,152446,0.381115
9.4,25,400000,44844,0.11211,152149,0.380373
9.4,25.2,400000,44766,0.111915,152250,0.380625
9.4,25.4,400000,45010,0.112525,152138,0.380345
9.4,25.6,400000,44548,0.11137,151691,0.379227
9.4,25.8,400000,44349,0.110872,151998,0.379995
9.4,26,400000,45037,0.112592,151926,0.379815
9.4,26.2,400000,45157,0.112893,152421,0.381053
9.4,26.4,400000,44729,0.111823,152451,0.381128
9.4,26.6,400000,44313,0.110783,151617,0.379043
9.4,26.8,400000,44656,0.11164,152041,0.380103
9.4,27,400000,44918,0.112295,152253,0.380632
9.4,27.2,400000,45318,0.113295,151908,0.37977
9.4,27.4,400000,45580,0.11395,152305,0.380763
9.4,27.6,400000,44843,0.112107,152381,0.380953
9.4,27.8,400000,44727,0.111818,152213,0.380532
9.4,28,400000,44680,0.1117,152452,0.38113
9.4,28.2,400000,45108,0.11277,152389,0.380972
9.4,28.4,400000,44944,0.11236,152433,0.381082
9.4,28.6,400000,45068,0.11267,151832,0.37958
9.4,28.8,400000,45447,0.113617,152005,0.380012
9.4,29,400000,45019,0.112547,152133,0.380333
9.4,29.2,400000,45278,0.113195,152451,0.381128
9.4,29.4,400000,44627,0.111568,151352,0.37838
9.4,29.6,400000,44760,0.1119,151471,0.378678
9.4,29.8,400000,44794,0.111985,151854,0.379635
9.4,30,400000,44595,0.111488,152036,0.38009
9.4,30.2,400000,45295,0.113238,152097,0.380242
9.4,30.4,400000,44337,0.110842,151852,0.37963
9.4,30.6,400000,44728,0.11182,151525,0.378812
9.4,30.8,400000,45034,0.112585,152217,0.380543
9.4,31,400000,45086,0.112715,152261,0.380653
9.4,31.2,400000,45299,0.113248,152511,0.381277
9.4,31.4,400000,45065,0.112662,152436,0.38109
9.4,31.6,400000,45070,0.112675,151911,0.379777
9.4,31.8,400000,45070,0.112675,152588,0.38147
9.4,32,400000,45249,0.113123,152344,0.38086
9.4,32.2,400000,44475,0.111187,152315,0.380788
9.4,32.4,400000,44571,0.111427,152665,0.381663
9.4,32.6,400000,44545,0.111363,152370,0.380925
9.4,32.8,400000,45159,0.112897,152121,0.380302
9.4,33,400000,44807,0.112018,152070,0.380175
9.4,33.2,400000,45502,0.113755,152888,0.38222
9.4,33.4,400000,44306,0.110765,151465,0.378663
9.4,33.6,400000,45308,0.11327,152143,0.380358
9.4,33.8,400000,44787,0.111967,151632,0.37908
9.4,34,400000,45088,0.11272,152410,0.381025
9.4,34.2,400000,45060,0.11265,151807,0.379518
9.4,34.4,400000,45007,0.112518,152801,0.382003
9.4,34.6,400000,44149,0.110372,152142,0.380355
9.4,34.8,400000,44760,0.1119,151961,0.379902
9.4,35,400000,44723,0.111808,151891,0.379727
9.4,35.2,400000,44790,0.111975,152053,0.380132
9.4,35.4,400000,44608,0.11152,151983,0.379958
9.4,35.6,400000,44681,0.111702,151653,0.379132
9.4,35.8,400000,44722,0.111805,151700,0.37925
9.4,36,400000,44659,0.111647,152276,0.38069
9.4,36.2,400000,44735,0.111838,151402,0.378505
9.4,36.4,400000,44901,0.112253,151729,0.379323
9.4,36.6,400000,45015,0.112537,151980,0.37995
9.4,36.8,400000,44967,0.112418,152041,0.380103
9.4,37,400000,44548,0.11137,152316,0.38079
9.4,37.2,400000,44822,0.112055,152662,0.381655
9.4,37.4,400000,44779,0.111948,152291,0.380727
9.4,37.6,400000,45105,0.112763,151914,0.379785
9.4,37.8,400000,44602,0.111505,152297,0.380742
9.4,38,400000,44443,0.111107,151833,0.379582
9.4,38.2,400000,45191,0.112977,152190,0.380475
9.4,38.4,400000,45381,0.113452,152438,0.381095
9.4,38.6,400000,44545,0.111363,152016,0.38004
9.4,38.8,400000,45047,0.112617,152351,0.380877
9.4,39,400000,45403,0.113507,152849,0.382122
9.4,39.2,400000,44552,0.11138,151965,0.379912
9.4,39.4,400000,44238,0.110595,151999,0.379997
9.4,39.6,400000,44916,0.11229,152154,0.380385
9.4,39.8,400000,45022,0.112555,151967,0.379918
9.4,40,400000,44545,0.111363,152135,0.380337
9.4,40.2,400000,44535,0.111338,151911,0.379777
9.4,40.4,400000,44790,0.111975,152059,0.380148
9.4,40.6,400000,44364,0.11091,151985,0.379962
9.4,40.8,400000,44957,0.112393,151850,0.379625
9.4,41,400000,45316,0.11329,152252,0.38063
9.4,41.2,400000,45177,0.112943,151998,0.379995
9.4,41.4,400000,44740,0.11185,151847,0.379617
9.4,41.6,400000,44563,0.111408,152396,0.38099
9.4,41.8,400000,44470,0.111175,151598,0.378995
9.4,42,400000,44860,0.11215,151978,0.379945
9.4,42.2,400000,44976,0.11244,151926,0.379815
9.4,42.4,400000,45210,0.113025,152141,0.380352
9.4,42.6,400000,44924,0.11231,151616,0.37904
9.4,42.8,400000,44594,0.111485,151741,0.379352
9.4,43,400000,45151,0.112878,152095,0.380238
9.4,43.2,400000,45232,0.11308,152003,0.380007
9.4,43.4,400000,44912,0.11228,152156,0.38039
9.4,43.6,400000,44024,0.11006,151808,0.37952
9.4,43.8,400000,44813,0.112032,151889,0.379723
9.4,44,400000,44839,0.112098,152258,0.380645
9.4,44.2,400000,45050,0.112625,152227,0.380568
9.4,44.4,400000,44548,0.11137,152099,0.380248
9.4,44.6,400000,44867,0.112168,152725,0.381812
9.4,44.8,400000,44568,0.11142,152173,0.380433
9.4,45,400000,44263,0.110658,152274,0.380685
9.4,45.2,400000,45566,0.113915,152613,0.381532
9.4,45.4,400000,44837,0.112092,152033,0.380082
9.4,45.6,400000,45167,0.112918,152247,0.380617
9.4,45.8,400000,44954,0.112385,152113,0.380283
9.4,46,400000,45504,0.11376,152068,0.38017
9.4,46.2,400000,44621,0.111552,151749,0.379373
9.4,46.4,400000,44382,0.110955,151794,0.379485
9.4,46.6,400000,44930,0.112325,152042,0.380105
9.4,46.8,400000,44708,0.11177,152284,0.38071
9.4,47,400000,45057,0.112643,152284,0.38071
9.4,47.2,400000,44690,0.111725,151872,0.37968
9.4,47.4,400000,44463,0.111158,152129,0.380323
9.4,47.6,400000,44822,0.112055,152236,0.38059
9.4,47.8,400000,44652,0.11163,152044,0.38011
9.4,48,400000,45076,0.11269,152562,0.381405
9.4,48.2,400000,44503,0.111257,152042,0.380105
9.4,48.4,400000,45538,0.113845,151621,0.379053
9.4,48.6,400000,45129,0.112823,152422,0.381055
9.4,48.8,400000,44751,0.111878,152098,0.380245
9.4,49,400000,44673,0.111683,151625,0.379063
9.4,49.2,400000,44994,0.112485,151594,0.378985
9.4,49.4,400000,44810,0.112025,151913,0.379783
9.4,49.6,400000,44774,0.111935,151749,0.379373
9.4,49.8,400000,44818,0.112045,151945,0.379862
9.4,50,400000,45037,0.112592,151941,0.379852
9.6,-50,400000,44834,0.112085,152931,0.382327
9.6,-49.8,400000,44717,0.111793,151786,0.379465
9.6,-49.6,400000,45145,0.112863,151718,0.379295
9.6,-49.4,400000,44619,0.111547,152383,0.380958
9.6,-49.2,400000,44760,0.1119,152344,0.38086
9.6,-49,400000,44149,0.110372,151855,0.379638
9.6,-48.8,400000,45187,0.112967,152444,0.38111
9.6,-48.6,400000,44697,0.111742,151768,0.37942
9.6,-48.4,400000,44865,0.112162,151664,0.37916
9.6,-48.2,400000,44885,0.112213,152088,0.38022
9.6,-48,400000,44710,0.111775,151593,0.378982
9.6,-47.8,400000,45326,0.113315,152870,0.382175
9.6,-47.6,400000,44889,0.112223,152122,0.380305
9.6,-47.4,400000,44575,0.111437,151712,0.37928
9.6,-47.2,400000,45216,0.11304,152325,0.380812
9.6,-47,400000,44890,0.112225,152022,0.380055
9.6,-46.8,400000,44708,0.11177,151903,0.379758
9.6,-46.6,400000,44814,0.112035,151498,0.378745
9.6,-46.4,400000,44937,0.112342,152421,0.381053
9.6,-46.2,400000,45044,0.11261,151989,0.379972
9.6,-46,400000,44997,0.112492,152313,0.380783
9.6,-45.8,400000,44585,0.111463,152121,0.380302
9.6,-45.6,400000,44479,0.111198,152088,0.38022
9.6,-45.4,400000,44775,0.111937,151935,0.379837
9.6,-45.2,400000,44672,0.11168,151913,0.379783
9.6,-45,400000,44993,0.112482,152226,0.380565
9.6,-44.8,400000,44828,0.11207,151964,0.37991
9.6,-44.6,400000,45241,0.113102,152304,0.38076
9.6,-44.4,400000,45148,0.11287,151991,0.379978
9.6,-44.2,400000,45241,0.113102,152242,0.380605
9.6,-44,400000,44752,0.11188,152296,0.38074
9.6,-43.8,400000,45340,0.11335,152146,0.380365
9.6,-43.6,400000,45184,0.11296,152281,0.380702
9.6,-43.4,400000,45073,0.112683,151914,0.379785
9.6,-43.2,400000,44786,0.111965,153086,0.382715
9.6,-43,400000,44559,0.111397,151964,0.37991
9.6,-42.8,400000,44922,0.112305,152071,0.380178
9.6,-42.6,400000,44498,0.111245,151817,0.379543
9.6,-42.4,400000,44406,0.111015,152169,0.380422
9.6,-42.2,400000,45360,0.1134,152270,0.380675
9.6,-42,400000,45137,0.112842,151972,0.37993
9.6,-41.8,400000,44610,0.111525,151896,0.37974
9.6,-41.6,400000,44870,0.112175,152213,0.380532
9.6,-41.4,400000,45082,0.112705,152557,0.381393
9.6,-41.2,400000,45150,0.112875,151605,0.379012
9.6,-41,400000,44459,0.111147,152136,0.38034
9.6,-40.8,400000,44913,0.112282,151861,0.379653
9.6,-40.6,400000,45419,0.113547,152214,0.380535
9.6,-40.4,400000,44250,0.110625,152493,0.381232
9.6,-40.2,400000,44637,0.111592,152020,0.38005
9.6,-40,400000,44524,0.11131,152318,0.380795
9.6,-39.8,400000,45194,0.112985,152382,0.380955
9.6,-39.6,400000,44578,0.111445,152453,0.381132
9.6,-39.4,400000,45277,0.113193,152378,0.380945
9.6,-39.2,400000,45353,0.113382,152389,0.380972
9.6,-39,400000,44845,0.112113,151824,0.37956
9.6,-38.8,400000,44998,0.112495,152664,0.38166
9.6,-38.6,400000,45071,0.112677,152363,0.380908
9.6,-38.4,400000,44801,0.112003,151484,0.37871
9.6,-38.2,400000,44552,0.11138,151770,0.379425
9.6,-38,400000,44626,0.111565,151916,0.37979
9.6,-37.8,400000,45259,0.113147,152275,0.380688
9.6,-37.6,400000,45084,0.11271,152346,0.380865
9.6,-37.4,400000,45097,0.112742,152280,0.3807
9.6,-37.2,400000,44376,0.11094,152199,0.380497
9.6,-37,400000,44779,0.111948,151971,0.379927
9.6,-36.8,400000,44929,0.112323,152297,0.380742
9.6,-36.6,400000,44409,0.111022,152005,0.380012
9.6,-36.4,400000,44888,0.11222,152343,0.380858
9.6,-36.2,400000,44348,0.11087,152075,0.380188
9.6,-36,400000,44745,0.111863,152326,0.380815
9.6,-35.8,400000,44529,0.111323,152012,0.38003
9.6,-35.6,400000,44674,0.111685,152011,0.380028
9.6,-35.4,400000,44993,0.112482,152391,0.380978
9.6,-35.2,400000,45060,0.11265,152145,0.380362
9.6,-35,400000,45212,0.11303,152357,0.380893
9.6,-34.8,400000,44704,0.11176,152500,0.38125
9.6,-34.6,400000,44666,0.111665,152051,0.380128
9.6,-34.4,400000,44755,0.111888,152145,0.380362
9.6,-34.2,400000,44922,0.112305,152821,0.382053
9.6,-34,400000,44546,0.111365,152016,0.38004
9.6,-33.8,400000,44542,0.111355,151851,0.379628
9.6,-33.6,400000,44846,0.112115,152068,0.38017
9.6,-33.4,400000,44971,0.112427,152287,0.380717
9.6,-33.2,400000,44834,0.112085,152242,0.380605
9.6,-33,400000,44511,0.111278,152281,0.380702
9.6,-32.8,400000,44700,0.11175,152080,0.3802
9.6,-32.6,400000,44756,0.11189,152276,0.38069
9.6,-32.4,400000,44917,0.112293,152048,0.38012
9.6,-32.2,400000,45074,0.112685,152322,0.380805
9.6,-32,400000,44525,0.111312,152037,0.380092
9.6,-31.8,400000,44719,0.111797,151898,0.379745
9.6,-31.6,400000,44336,0.11084,151601,0.379003
9.6,-31.4,400000,45257,0.113142,152123,0.380308
9.6,-31.2,400000,44748,0.11187,151923,0.379808
9.6,-31,400000,44899,0.112248,152889,0.382223
9.6,-30.8,400000,44646,0.111615,151983,0.379958
9.6,-30.6,400000,44391,0.110978,151444,0.37861
9.6,-30.4,400000,44884,0.11221,151968,0.37992
9.6,-30.2,400000,44609,0.111522,152086,0.380215
9.6,-30,400000,44400,0.111,151346,0.378365
9.6,-29.8,400000,44919,0.112297,152047,0.380117
9.6,-29.6,400000,44823,0.112058,152670,0.381675
9.6,-29.4,400000,44527,0.111317,151389,0.378472
9.6,-29.2,400000,44650,0.111625,152563,0.381408
9.6,-29,400000,45300,0.11325,152843,0.382107
9.6,-28.8,400000,45241,0.113102,152525,0.381312
9.6,-28.6,400000,44587,0.111467,152223,0.380557
9.6,-28.4,400000,45340,0.11335,152149,0.380373
9.6,-28.2,400000,44830,0.112075,152308,0.38077
9.6,-28,400000,44495,0.111238,152091,0.380227
9.6,-27.8,400000,45404,0.11351,152782,0.381955
9.6,-27.6,400000,44594,0.111485,152015,0.380037
9.6,-27.4,400000,44977,0.112443,152437,0.381093
9.6,-27.2,400000,45196,0.11299,152038,0.380095
9.6,-27,400000,45121,0.112802,152559,0.381398
9.6,-26.8,400000,44749,0.111872,152028,0.38007
9.6,-26.6,400000,44725,0.111812,151304,0.37826
9.6,-26.4,400000,44821,0.112052,151832,0.37958
9.6,-26.2,400000,44749,0.111872,152414,0.381035
9.6,-26,400000,44619,0.111547,152375,0.380937
9.6,-25.8,400000,44680,0.1117,152052,0.38013
9.6,-25.6,400000,45202,0.113005,152466,0.381165
9.6,-25.4,400000,44812,0.11203,152000,0.38
9.6,-25.2,400000,44451,0.111128,151734,0.379335
9.6,-25,400000,44731,0.111827,151903,0.379758
9.6,-24.8,400000,44960,0.1124,152078,0.380195
9.6,-24.6,400000,44858,0.112145,152321,0.380802
9.6,-24.4,400000,44571,0.111427,152141,0.380352
9.6,-24.2,400000,44765,0.111912,151912,0.37978
9.6,-24,400000,44638,0.111595,151825,0.379563
9.6,-23.8,400000,44769,0.111922,151994,0.379985
9.6,-23.6,400000,44569,0.111422,152242,0.380605
9.6,-23.4,400000,44632,0.11158,152159,0.380397
9.6,-23.2,400000,44880,0.1122,152193,0.380483
9.6,-23,400000,44408,0.11102,151349,0.378373
9.6,-22.8,400000,44823,0.112058,152099,0.380248
9.6,-22.6,400000,45008,0.11252,151908,0.37977
9.6,-22.4,400000,44332,0.11083,152136,0.38034
9.6,-22.2,400000,45055,0.112638,152300,0.38075
9.6,-22,400000,44772,0.11193,152171,0.380427
9.6,-21.8,400000,45068,0.11267,152729,0.381823
9.6,-21.6,400000,44757,0.111893,151734,0.379335
9.6,-21.4,400000,44814,0.112035,152202,0.380505
9.6,-21.2,400000,44758,0.111895,151869,0.379673
9.6,-21,400000,44840,0.1121,152051,0.380128
9.6,-20.8,400000,45306,0.113265,152290,0.380725
9.6,-20.6,400000,45020,0.11255,152111,0.380277
9.6,-20.4,400000,44870,0.112175,152152,0.38038
9.6,-20.2,400000,44362,0.110905,152535,0.381337
9.6,-20,400000,44287,0.110717,151316,0.37829
9.6,-19.8,400000,44819,0.112047,152145,0.380362
9.6,-19.6,400000,44797,0.111992,151403,0.378507
9.6,-19.4,400000,44231,0.110577,151416,0.37854
9.6,-19.2,400000,44962,0.112405,152502,0.381255
9.6,-19,400000,45008,0.11252,151941,0.379852
9.6,-18.8,400000,45092,0.11273,152087,0.380217
9.6,-18.6,400000,44765,0.111912,152181,0.380453
9.6,-18.4,400000,45124,0.11281,152035,0.380088
9.6,-18.2,400000,44455,0.111138,152242,0.380605
9.6,-18,400000,45013,0.112532,152088,0.38022
9.6,-17.8,400000,44684,0.11171,152513,0.381283
9.6,-17.6,400000,44874,0.112185,152699,0.381748
9.6,-17.4,400000,44651,0.111628,151992,0.37998
9.6,-17.2,400000,44397,0.110992,151930,0.379825
9.6,-17,400000,45030,0.112575,152456,0.38114
9.6,-16.8,400000,44725,0.111812,151638,0.379095
9.6,-16.6,400000,44869,0.112172,152221,0.380553
9.6,-16.4,400000,45227,0.113068,152114,0.380285
9.6,-16.2,400000,45027,0.112568,152431,0.381078
9.6,-16,400000,44970,0.112425,152243,0.380607
9.6,-15.8,400000,45314,0.113285,152523,0.381308
9.6,-15.6,400000,45197,0.112992,152250,0.380625
9.6,-15.4,400000,44983,0.112458,151722,0.379305
9.6,-15.2,400000,45452,0.11363,152448,0.38112
9.6,-15,400000,44666,0.111665,152446,0.381115
9.6,-14.8,400000,44324,0.11081,151995,0.379987
9.6,-14.6,400000,44804,0.11201,151864,0.37966
9.6,-14.4,400000,45006,0.112515,152788,0.38197
9.6,-14.2,400000,45178,0.112945,152063,0.380157
9.6,-14,400000,44861,0.112153,151650,0.379125
9.6,-13.8,400000,45102,0.112755,152487,0.381217
9.6,-13.6,400000,44874,0.112185,152122,0.380305
9.6,-13.4,400000,44740,0.11185,152965,0.382412
9.6,-13.2,400000,44523,0.111308,151736,0.37934
9.6,-13,400000,44710,0.111775,151583,0.378958
9.6,-12.8,400000,44965,0.112412,152495,0.381238
9.6,-12.6,400000,45008,0.11252,152446,0.381115
9.6,-12.4,400000,44792,0.11198,151910,0.379775
9.6,-12.2,400000,44375,0.110937,151890,0.379725
9.6,-12,400000,44742,0.111855,152179,0.380447
9.6,-11.8,400000,45181,0.112952,152499,0.381248
9.6,-11.6,400000,45005,0.112513,151888,0.37972
9.6,-11.4,400000,44367,0.110918,151890,0.379725
9.6,-11.2,400000,44631,0.111577,152257,0.380642
9.6,-11,400000,45260,0.11315,152127,0.380317
9.6,-10.8,400000,44795,0.111988,152432,0.38108
9.6,-10.6,400000,44930,0.112325,152231,0.380578
9.6,-10.4,400000,44482,0.111205,152272,0.38068
9.6,-10.2,400000,45511,0.113778,152363,0.380908
9.6,-10,400000,44923,0.112308,152070,0.380175
9.6,-9.8,400000,45016,0.11254,152566,0.381415
9.6,-9.6,400000,44840,0.1121,151802,0.379505
9.6,-9.4,400000,44947,0.112367,153045,0.382613
9.6,-9.2,400000,44736,0.11184,152303,0.380758
9.6,-9,400000,44205,0.110512,151754,0.379385
9.6,-8.8,400000,44852,0.11213,152482,0.381205
9.6,-8.6,400000,44990,0.112475,153024,0.38256
9.6,-8.4,400000,44461,0.111153,151752,0.37938
9.6,-8.2,400000,44816,0.11204,151950,0.379875
9.6,-8,400000,44287,0.110717,152584,0.38146
9.6,-7.8,400000,45142,0.112855,152306,0.380765
9.6,-7.6,400000,44840,0.1121,152284,0.38071
9.6,-7.4,400000,44909,0.112272,152141,0.380352
9.6,-7.2,400000,44690,0.111725,151888,0.37972
9.6,-7,400000,45020,0.11255,152307,0.380767
9.6,-6.8,400000,44900,0.11225,152152,0.38038
9.6,-6.6,400000,45112,0.11278,151930,0.379825
9.6,-6.4,400000,44788,0.11197,151664,0.37916
9.6,-6.2,400000,44647,0.111617,151535,0.378837
9.6,-6,400000,44698,0.111745,152636,0.38159
9.6,-5.8,400000,45289,0.113223,152648,0.38162
9.6,-5.6,400000,44643,0.111607,152508,0.38127
9.6,-5.4,400000,45097,0.112742,152020,0.38005
9.6,-5.2,400000,45341,0.113352,153084,0.38271
9.6,-5,400000,44511,0.111278,152565,0.381412
9.6,-4.8,400000,44784,0.11196,152445,0.381113
9.6,-4.6,400000,44699,0.111747,151120,0.3778
9.6,-4.4,400000,44418,0.111045,151200,0.378
9.6,-4.2,400000,45009,0.112522,152233,0.380582
9.6,-4,400000,44600,0.1115,152588,0.38147
9.6,-3.8,400000,45077,0.112693,152100,0.38025
9.6,-3.6,400000,44765,0.111912,151857,0.379642
9.6,-3.4,400000,44597,0.111492,152466,0.381165
9.6,-3.2,400000,44594,0.111485,152063,0.380157
9.6,-3,400000,45081,0.112702,152242,0.380605
9.6,-2.8,400000,44934,0.112335,152318,0.380795
9.6,-2.6,400000,44610,0.111525,152017,0.380043
9.6,-2.4,400000,44782,0.111955,152059,0.380148
9.6,-2.2,400000,44547,0.111367,151822,0.379555
9.6,-2,400000,44880,0.1122,151620,0.37905
9.6,-1.8,400000,44592,0.11148,152014,0.380035
9.6,-1.6,400000,44834,0.112085,152370,0.380925
9.6,-1.4,400000,45143,0.112857,152759,0.381898
9.6,-1.2,400000,44990,0.112475,152422,0.381055
9.6,-1,400000,44631,0.111577,152500,0.38125
9.6,-0.8,400000,45215,0.113037,152268,0.38067
9.6,-0.6,400000,45051,0.112628,153068,0.38267
9.6,-0.4,400000,44796,0.11199,152001,0.380003
9.6,-0.2,400000,44674,0.111685,151907,0.379767
9.6,0,400000,44646,0.111615,152091,0.380227
9.6,0.2,400000,44147,0.110367,151660,0.37915
9.6,0.4,400000,44324,0.11081,152164,0.38041
9.6,0.6,400000,45203,0.113007,152407,0.381018
9.6,0.8,400000,44869,0.112172,152227,0.380568
9.6,1,400000,45173,0.112933,152854,0.382135
9.6,1.2,400000,44619,0.111547,151674,0.379185
9.6,1.4,400000,45173,0.112933,151996,0.37999
9.6,1.6,400000,44760,0.1119,152432,0.38108
9.6,1.8,400000,45099,0.112748,152570,0.381425
9.6,2,400000,45057,0.112643,151884,0.37971
9.6,2.2,400000,45111,0.112778,152091,0.380227
9.6,2.4,400000,44366,0.110915,151972,0.37993
9.6,2.6,400000,44641,0.111602,152022,0.380055
9.6,2.8,400000,45119,0.112797,151778,0.379445
9.6,3,400000,44726,0.111815,152255,0.380638
9.6,3.2,400000,44691,0.111727,151870,0.379675
9.6,3.4,400000,44629,0.111573,151947,0.379868
9.6,3.6,400000,44968,0.11242,151975,0.379937
9.6,3.8,400000,44911,0.112278,151872,0.37968
9.6,4,400000,44932,0.11233,151807,0.379518
9.6,4.2,400000,44656,0.11164,152009,0.380022
9.6,4.4,400000,45385,0.113462,152489,0.381223
9.6,4.6,400000,45001,0.112503,152009,0.380022
9.6,4.8,400000,44790,0.111975,152243,0.380607
9.6,5,400000,44486,0.111215,151910,0.379775
9.6,5.2,400000,44707,0.111768,152277,0.380692
9.6,5.4,400000,44378,0.110945,151543,0.378858
9.6,5.6,400000,44960,0.1124,151847,0.379617
9.6,5.8,400000,44825,0.112062,152224,0.38056
9.6,6,400000,45148,0.11287,152257,0.380642
9.6,6.2,400000,44276,0.11069,151028,0.37757
9.6,6.4,400000,44870,0.112175,152108,0.38027
9.6,6.6,400000,45061,0.112653,151918,0.379795
9.6,6.8,400000,44749,0.111872,152364,0.38091
9.6,7,400000,44121,0.110302,151540,0.37885
9.6,7.2,400000,44139,0.110348,152131,0.380327
9.6,7.4,400000,44662,0.111655,152855,0.382138
9.6,7.6,400000,44847,0.112117,152487,0.381217
9.6,7.8,400000,45055,0.112638,152339,0.380848
9.6,8,400000,45069,0.112672,152582,0.381455
9.6,8.2,400000,44926,0.112315,152748,0.38187
9.6,8.4,400000,45206,0.113015,151695,0.379238
9.6,8.6,400000,44440,0.1111,151659,0.379148
9.6,8.8,400000,44913,0.112282,152270,0.380675
9.6,9,400000,45055,0.112638,152404,0.38101
9.6,9.2,400000,43960,0.1099,151145,0.377862
9.6,9.4,400000,44960,0.1124,151969,0.379922
9.6,9.6,400000,45035,0.112587,152031,0.380078
9.6,9.8,400000,44593,0.111482,152027,0.380068
9.6,10,400000,45227,0.113068,151704,0.37926
9.6,10.2,400000,44156,0.11039,151720,0.3793
9.6,10.4,400000,44889,0.112223,152303,0.380758
9.6,10.6,400000,45091,0.112727,152258,0.380645
9.6,10.8,400000,44953,0.112382,152040,0.3801
9.6,11,400000,45087,0.112717,152334,0.380835
9.6,11.2,400000,45358,0.113395,152390,0.380975
9.6,11.4,400000,44777,0.111943,151797,0.379493
9.6,11.6,400000,44610,0.111525,151112,0.37778
9.6,11.8,400000,45151,0.112878,152112,0.38028
9.6,12,400000,45088,0.11272,152027,0.380068
9.6,12.2,400000,45200,0.113,152736,0.38184
9.6,12.4,400000,44573,0.111433,151976,0.37994
9.6,12.6,400000,45439,0.113598,152168,0.38042
9.6,12.8,400000,45170,0.112925,152348,0.38087
9.6,13,400000,44684,0.11171,152434,0.381085
9.6,13.2,400000,44991,0.112477,152120,0.3803
9.6,13.4,400000,44672,0.11168,152352,0.38088
9.6,13.6,400000,44650,0.111625,152057,0.380142
9.6,13.8,400000,44438,0.111095,151965,0.379912
9.6,14,400000,45044,0.11261,152780,0.38195
9.6,14.2,400000,44847,0.112117,152698,0.381745
9.6,14.4,400000,45041,0.112602,152107,0.380267
9.6,14.6,400000,44966,0.112415,152269,0.380673
9.6,14.8,400000,45126,0.112815,152334,0.380835
9.6,15,400000,45050,0.112625,152044,0.38011
9.6,15.2,400000,45033,0.112583,152367,0.380918
9.6,15.4,400000,44000,0.11,151852,0.37963
9.6,15.6,400000,45142,0.112855,152262,0.380655
9.6,15.8,400000,44336,0.11084,152156,0.38039
9.6,16,400000,44653,0.111632,151531,0.378827
9.6,16.2,400000,45016,0.11254,151943,0.379858
9.6,16.4,400000,44777,0.111943,151939,0.379848
9.6,16.6,400000,44838,0.112095,152251,0.380628
9.6,16.8,400000,44863,0.112157,152150,0.380375
9.6,17,400000,44740,0.11185,151996,0.37999
9.6,17.2,400000,44534,0.111335,151375,0.378437
9.6,17.4,400000,45512,0.11378,152478,0.381195
9.6,17.6,400000,45373,0.113433,152301,0.380752
9.6,17.8,400000,44754,0.111885,152100,0.38025
9.6,18,400000,44766,0.111915,151934,0.379835
9.6,18.2,400000,44273,0.110683,151809,0.379522
9.6,18.4,400000,45040,0.1126,152392,0.38098
9.6,18.6,400000,44844,0.11211,152459,0.381147
9.6,18.8,400000,44806,0.112015,151736,0.37934
9.6,19,400000,44888,0.11222,152498,0.381245
9.6,19.2,400000,45374,0.113435,153376,0.38344
9.6,19.4,400000,45190,0.112975,152539,0.381348
9.6,19.6,400000,45340,0.11335,152339,0.380848
9.6,19.8,400000,44676,0.11169,152350,0.380875
9.6,20,400000,45148,0.11287,152065,0.380163
9.6,20.2,400000,45033,0.112583,152115,0.380288
9.6,20.4,400000,44841,0.112102,152321,0.380802
9.6,20.6,400000,45139,0.112848,152051,0.380128
9.6,20.8,400000,44768,0.11192,152221,0.380553
9.6,21,400000,44606,0.111515,151296,0.37824
9.6,21.2,400000,45045,0.112613,152399,0.380997
9.6,21.4,400000,44660,0.11165,152095,0.380238
9.6,21.6,400000,44613,0.111533,152438,0.381095
9.6,21.8,400000,45207,0.113018,152450,0.381125
9.6,22,400000,44944,0.11236,152028,0.38007
9.6,22.2,400000,44951,0.112378,152338,0.380845
9.6,22.4,400000,44270,0.110675,151822,0.379555
9.6,22.6,400000,45001,0.112503,152039,0.380097
9.6,22.8,400000,45370,0.113425,152893,0.382232
9.6,23,400000,44212,0.11053,151770,0.379425
9.6,23.2,400000,44978,0.112445,152113,0.380283
9.6,23.4,400000,44681,0.111702,151712,0.37928
9.6,23.6,400000,44616,0.11154,152000,0.38
9.6,23.8,400000,45592,0.11398,152215,0.380537
9.6,24,400000,44483,0.111208,151777,0.379443
9.6,24.2,400000,44792,0.11198,152289,0.380723
9.6,24.4,400000,44608,0.11152,152006,0.380015
9.6,24.6,400000,45155,0.112888,152369,0.380922
9.6,24.8,400000,44599,0.111497,151943,0.379858
9.6,25,400000,44523,0.111308,152052,0.38013
9.6,25.2,400000,45184,0.11296,153043,0.382607
9.6,25.4,400000,44957,0.112393,151941,0.379852
9.6,25.6,400000,44931,0.112327,152052,0.38013
9.6,25.8,400000,44322,0.110805,151814,0.379535
9.6,26,400000,45038,0.112595,152183,0.380458
9.6,26.2,400000,44470,0.111175,152202,0.380505
9.6,26.4,400000,45297,0.113242,152125,0.380312
9.6,26.6,400000,44580,0.11145,151781,0.379453
9.6,26.8,400000,44951,0.112378,152611,0.381528
9.6,27,400000,45035,0.112587,151738,0.379345
9.6,27.2,400000,45101,0.112753,151812,0.37953
9.6,27.4,400000,44280,0.1107,151445,0.378613
9.6,27.6,400000,45192,0.11298,152413,0.381032
9.6,27.8,400000,44666,0.111665,151911,0.379777
9.6,28,400000,44567,0.111418,152488,0.38122
9.6,28.2,400000,45016,0.11254,152259,0.380648
9.6,28.4,400000,44566,0.111415,152302,0.380755
9.6,28.6,400000,44937,0.112342,152113,0.380283
9.6,28.8,400000,44578,0.111445,151537,0.378843
9.6,29,400000,44991,0.112477,152693,0.381732
9.6,29.2,400000,44968,0.11242,151738,0.379345
9.6,29.4,400000,44297,0.110742,151614,0.379035
9.6,29.6,400000,44973,0.112433,151249,0.378122
9.6,29.8,400000,45033,0.112583,152265,0.380663
9.6,30,400000,44515,0.111287,152246,0.380615
9.6,30.2,400000,44634,0.111585,152019,0.380047
9.6,30.4,400000,45083,0.112708,152554,0.381385
9.6,30.6,400000,44654,0.111635,152137,0.380342
9.6,30.8,400000,44363,0.110908,152158,0.380395
9.6,31,400000,44620,0.11155,152058,0.380145
9.6,31.2,400000,44610,0.111525,151754,0.379385
9.6,31.4,400000,44635,0.111588,152477,0.381192
9.6,31.6,400000,44684,0.11171,151534,0.378835
9.6,31.8,400000,44725,0.111812,152375,0.380937
9.6,32,400000,44981,0.112452,152299,0.380748
9.6,32.2,400000,45171,0.112928,152742,0.381855
9.6,32.4,400000,45069,0.112672,151946,0.379865
9.6,32.6,400000,44908,0.11227,152385,0.380962
9.6,32.8,400000,45262,0.113155,152247,0.380617
9.6,33,400000,44320,0.1108,151959,0.379897
9.6,33.2,400000,44841,0.112102,151910,0.379775
9.6,33.4,400000,44688,0.11172,152429,0.381072
9.6,33.6,400000,44823,0.112058,152234,0.380585
9.6,33.8,400000,44801,0.112003,152196,0.38049
9.6,34,400000,44288,0.11072,151825,0.379563
9.6,34.2,400000,45248,0.11312,151498,0.378745
9.6,34.4,400000,44562,0.111405,151754,0.379385
9.6,34.6,400000,44774,0.111935,152188,0.38047
9.6,34.8,400000,44649,0.111622,151525,0.378812
9.6,35,400000,44999,0.112498,152510,0.381275
9.6,35.2,400000,44916,0.11229,152721,0.381802
9.6,35.4,400000,44438,0.111095,151822,0.379555
9.6,35.6,400000,44434,0.111085,151596,0.37899
9.6,35.8,400000,44740,0.11185,152249,0.380622
9.6,36,400000,45094,0.112735,151853,0.379632
9.6,36.2,400000,44787,0.111967,152323,0.380808
9.6,36.4,400000,44599,0.111497,151445,0.378613
9.6,36.6,400000,44326,0.110815,151913,0.379783
9.6,36.8,400000,44801,0.112003,151575,0.378937
9.6,37,400000,44773,0.111933,152551,0.381377
9.6,37.2,400000,45103,0.112757,152296,0.38074
9.6,37.4,400000,44945,0.112363,152149,0.380373
9.6,37.6,400000,45143,0.112857,152538,0.381345
9.6,37.8,400000,45133,0.112833,152413,0.381032
9.6,38,400000,45281,0.113202,151941,0.379852
9.6,38.2,400000,45069,0.112672,152180,0.38045
9.6,38.4,400000,44478,0.111195,151573,0.378933
9.6,38.6,400000,44948,0.11237,152451,0.381128
9.6,38.8,400000,44780,0.11195,152357,0.380893
9.6,39,400000,44823,0.112058,152069,0.380173
9.6,39.2,400000,44023,0.110058,151468,0.37867
9.6,39.4,400000,45201,0.113003,151839,0.379597
9.6,39.6,400000,44491,0.111228,152060,0.38015
9.6,39.8,400000,44587,0.111467,152209,0.380522
9.6,40,400000,45281,0.113202,151971,0.379927
9.6,40.2,400000,45060,0.11265,152469,0.381173
9.6,40.4,400000,45253,0.113132,152702,0.381755
9.6,40.6,400000,44540,0.11135,152191,0.380478
9.6,40.8,400000,44360,0.1109,152122,0.380305
9.6,41,400000,44685,0.111713,152291,0.380727
9.6,41.2,400000,45576,0.11394,152823,0.382057
9.6,41.4,400000,45068,0.11267,151944,0.37986
9.6,41.6,400000,44408,0.11102,151625,0.379063
9.6,41.8,400000,44789,0.111973,152404,0.38101
9.6,42,400000,44846,0.112115,151857,0.379642
9.6,42.2,400000,44947,0.112367,151790,0.379475
9.6,42.4,400000,44775,0.111937,151620,0.37905
9.6,42.6,400000,45250,0.113125,152136,0.38034
9.6,42.8,400000,44933,0.112333,152255,0.380638
9.6,43,400000,44930,0.112325,152428,0.38107
9.6,43.2,400000,44402,0.111005,151416,0.37854
9.6,43.4,400000,44932,0.11233,152728,0.38182
9.6,43.6,400000,45284,0.11321,152519,0.381298
9.6,43.8,400000,44936,0.11234,152246,0.380615
9.6,44,400000,45145,0.112863,152547,0.381368
9.6,44.2,400000,44958,0.112395,151969,0.379922
9.6,44.4,400000,44372,0.11093,151874,0.379685
9.6,44.6,400000,44005,0.110012,151583,0.378958
9.6,44.8,400000,44922,0.112305,151733,0.379333
9.6,45,400000,45265,0.113162,152275,0.380688
9.6,45.2,400000,45069,0.112672,152215,0.380537
9.6,45.4,400000,44472,0.11118,151629,0.379072
9.6,45.6,400000,44918,0.112295,152145,0.380362
9.6,45.8,400000,45450,0.113625,153019,0.382547
9.6,46,400000,44410,0.111025,151764,0.37941
9.6,46.2,400000,44565,0.111412,151876,0.37969
9.6,46.4,400000,44961,0.112403,152410,0.381025
9.6,46.6,400000,44977,0.112443,152237,0.380593
9.6,46.8,400000,44783,0.111958,152264,0.38066
9.6,47,400000,45037,0.112592,152941,0.382352
9.6,47.2,400000,44682,0.111705,151667,0.379167
9.6,47.4,400000,45574,0.113935,151904,0.37976
9.6,47.6,400000,44650,0.111625,152073,0.380182
9.6,47.8,400000,44723,0.111808,152217,0.380543
9.6,48,400000,44917,0.112293,151823,0.379557
9.6,48.2,400000,44506,0.111265,152399,0.380997
9.6,48.4,400000,45145,0.112863,151684,0.37921
9.6,48.6,400000,44868,0.11217,152570,0.381425
9.6,48.8,400000,45012,0.11253,152261,0.380653
9.6,49,400000,45426,0.113565,152312,0.38078
9.6,49.2,400000,44843,0.112107,151976,0.37994
9.6,49.4,400000,44903,0.112257,151664,0.37916
9.6,49.6,400000,44841,0.112102,152126,0.380315
9.6,49.8,400000,44907,0.112268,152101,0.380252
9.6,50,400000,45026,0.112565,151872,0.37968
9.8,-50,400000,44807,0.112018,152103,0.380258
9.8,-49.8,400000,44931,0.112327,152016,0.38004
9.8,-49.6,400000,44999,0.112498,152171,0.380427
9.8,-49.4,400000,44895,0.112238,151855,0.379638
9.8,-49.2,400000,44944,0.11236,152282,0.380705
9.8,-49,400000,45069,0.112672,151762,0.379405
9.8,-48.8,400000,45518,0.113795,153156,0.38289
9.8,-48.6,400000,44747,0.111867,152175,0.380437
9.8,-48.4,400000,45017,0.112543,152400,0.381
9.8,-48.2,400000,45057,0.112643,152208,0.38052
9.8,-48,400000,45353,0.113382,152149,0.380373
9.8,-47.8,400000,44880,0.1122,152256,0.38064
9.8,-47.6,400000,45164,0.11291,152610,0.381525
9.8,-47.4,400000,44991,0.112477,152096,0.38024
9.8,-47.2,400000,45016,0.11254,151934,0.379835
9.8,-47,400000,44570,0.111425,152132,0.38033
9.8,-46.8,400000,44433,0.111083,151662,0.379155
9.8,-46.6,400000,44358,0.110895,151563,0.378908
9.8,-46.4,400000,44863,0.112157,152259,0.380648
9.8,-46.2,400000,45271,0.113178,152256,0.38064
9.8,-46,400000,44663,0.111658,151700,0.37925
9.8,-45.8,400000,44699,0.111747,152193,0.380483
9.8,-45.6,400000,44902,0.112255,151740,0.37935
9.8,-45.4,400000,44715,0.111787,151781,0.379453
9.8,-45.2,400000,44987,0.112467,151778,0.379445
9.8,-45,400000,44229,0.110573,151855,0.379638
9.8,-44.8,400000,44450,0.111125,151462,0.378655
9.8,-44.6,400000,44473,0.111183,152336,0.38084
9.8,-44.4,400000,44399,0.110997,151452,0.37863
9.8,-44.2,400000,45015,0.112537,152029,0.380072
9.8,-44,400000,44700,0.11175,151638,0.379095
9.8,-43.8,400000,44342,0.110855,151858,0.379645
9.8,-43.6,400000,45080,0.1127,152125,0.380312
9.8,-43.4,400000,44878,0.112195,152456,0.38114
9.8,-43.2,400000,45029,0.112573,152217,0.380543
9.8,-43,400000,44417,0.111043,151409,0.378522
9.8,-42.8,400000,44706,0.111765,151991,0.379978
9.8,-42.6,400000,45121,0.112802,151904,0.37976
9.8,-42.4,400000,44917,0.112293,152328,0.38082
9.8,-42.2,400000,45237,0.113092,152144,0.38036
9.8,-42,400000,45307,0.113267,152542,0.381355
9.8,-41.8,400000,44746,0.111865,152302,0.380755
9.8,-41.6,400000,45067,0.112668,151885,0.379713
9.8,-41.4,400000,45142,0.112855,152179,0.380447
9.8,-41.2,400000,44995,0.112488,152218,0.380545
9.8,-41,400000,45184,0.11296,152487,0.381217
9.8,-40.8,400000,44540,0.11135,152307,0.380767
9.8,-40.6,400000,44697,0.111742,151738,0.379345
9.8,-40.4,400000,44762,0.111905,151650,0.379125
9.8,-40.2,400000,45019,0.112547,152131,0.380327
9.8,-40,400000,44947,0.112367,152009,0.380022
9.8,-39.8,400000,44937,0.112342,152361,0.380902
9.8,-39.6,400000,44873,0.112183,152374,0.380935
9.8,-39.4,400000,44997,0.112492,151740,0.37935
9.8,-39.2,400000,44353,0.110882,152320,0.3808
9.8,-39,400000,44241,0.110603,151786,0.379465
9.8,-38.8,400000,44905,0.112263,152420,0.38105
9.8,-38.6,400000,45289,0.113223,151966,0.379915
9.8,-38.4,400000,44670,0.111675,152289,0.380723
9.8,-38.2,400000,45021,0.112552,152207,0.380518
9.8,-38,400000,44227,0.110567,151664,0.37916
9.8,-37.8,400000,44896,0.11224,152171,0.380427
9.8,-37.6,400000,45081,0.112702,152495,0.381238
9.8,-37.4,400000,44538,0.111345,151758,0.379395
9.8,-37.2,400000,44468,0.11117,151675,0.379188
9.8,-37,400000,45110,0.112775,152115,0.380288
9.8,-36.8,400000,44604,0.11151,151791,0.379478
9.8,-36.6,400000,45203,0.113007,152047,0.380117
9.8,-36.4,400000,45094,0.112735,152278,0.380695
9.8,-36.2,400000,45063,0.112657,152328,0.38082
9.8,-36,400000,44419,0.111047,151682,0.379205
9.8,-35.8,400000,44442,0.111105,151077,0.377692
9.8,-35.6,400000,44868,0.11217,151961,0.379902
9.8,-35.4,400000,44569,0.111422,151580,0.37895
9.8,-35.2,400000,44300,0.11075,152214,0.380535
9.8,-35,400000,44792,0.11198,152056,0.38014
9.8,-34.8,400000,45057,0.112643,152299,0.380748
9.8,-34.6,400000,44647,0.111617,152154,0.380385
9.8,-34.4,400000,44799,0.111997,152107,0.380267
9.8,-34.2,400000,44731,0.111827,152388,0.38097
9.8,-34,400000,44274,0.110685,152049,0.380122
9.8,-33.8,400000,44677,0.111693,152337,0.380842
9.8,-33.6,400000,44595,0.111488,152010,0.380025
9.8,-33.4,400000,45138,0.112845,152984,0.38246
9.8,-33.2,400000,44323,0.110808,151976,0.37994
9.8,-33,400000,45221,0.113053,152964,0.38241
9.8,-32.8,400000,45395,0.113488,151927,0.379817
9.8,-32.6,400000,45144,0.11286,152227,0.380568
9.8,-32.4,400000,45203,0.113007,151881,0.379702
9.8,-32.2,400000,44793,0.111982,151757,0.379393
9.8,-32,400000,45274,0.113185,152305,0.380763
9.8,-31.8,400000,44608,0.11152,152214,0.380535
9.8,-31.6,400000,45140,0.11285,152511,0.381277
9.8,-31.4,400000,44688,0.11172,151597,0.378993
9.8,-31.2,400000,45046,0.112615,152386,0.380965
9.8,-31,400000,44651,0.111628,151824,0.37956
9.8,-30.8,400000,44617,0.111543,151790,0.379475
9.8,-30.6,400000,44927,0.112318,152587,0.381468
9.8,-30.4,400000,44274,0.110685,152173,0.380433
9.8,-30.2,400000,45206,0.113015,152407,0.381018
9.8,-30,400000,45088,0.11272,151676,0.37919
9.8,-29.8,400000,44755,0.111888,151973,0.379933
9.8,-29.6,400000,44983,0.112458,152070,0.380175
9.8,-29.4,400000,44811,0.112028,152603,0.381507
9.8,-29.2,400000,44705,0.111763,152848,0.38212
9.8,-29,400000,44522,0.111305,151823,0.379557
9.8,-28.8,400000,44692,0.11173,151718,0.379295
9.8,-28.6,400000,44555,0.111388,151936,0.37984
9.8,-28.4,400000,44752,0.11188,152414,0.381035
9.8,-28.2,400000,44615,0.111537,152008,0.38002
9.8,-28,400000,44864,0.11216,152993,0.382483
9.8,-27.8,400000,44660,0.11165,152324,0.38081
9.8,-27.6,400000,45264,0.11316,152462,0.381155
9.8,-27.4,400000,44665,0.111662,151793,0.379483
9.8,-27.2,400000,45150,0.112875,152939,0.382348
9.8,-27,400000,44827,0.112068,151887,0.379717
9.8,-26.8,400000,44741,0.111852,151450,0.378625
9.8,-26.6,400000,44880,0.1122,152350,0.380875
9.8,-26.4,400000,45325,0.113312,152800,0.382
9.8,-26.2,400000,44583,0.111458,152376,0.38094
9.8,-26,400000,44509,0.111272,151784,0.37946
9.8,-25.8,400000,45165,0.112912,152887,0.382217
9.8,-25.6,400000,44606,0.111515,151991,0.379978
9.8,-25.4,400000,44438,0.111095,151632,0.37908
9.8,-25.2,400000,44604,0.11151,151916,0.37979
9.8,-25,400000,45367,0.113418,152224,0.38056
9.8,-24.8,400000,44637,0.111592,151846,0.379615
9.8,-24.6,400000,45119,0.112797,152128,0.38032
9.8,-24.4,400000,45147,0.112867,152565,0.381412
9.8,-24.2,400000,44580,0.11145,151967,0.379918
9.8,-24,400000,45224,0.11306,152258,0.380645
9.8,-23.8,400000,44999,0.112498,152662,0.381655
9.8,-23.6,400000,44771,0.111927,152963,0.382408
9.8,-23.4,400000,44439,0.111098,151495,0.378738
9.8,-23.2,400000,44707,0.111768,151946,0.379865
9.8,-23,400000,45149,0.112873,151763,0.379408
9.8,-22.8,400000,44747,0.111867,152254,0.380635
9.8,-22.6,400000,44826,0.112065,152220,0.38055
9.8,-22.4,400000,45249,0.113123,152516,0.38129
9.8,-22.2,400000,44760,0.1119,152246,0.380615
9.8,-22,400000,45047,0.112617,152897,0.382242
9.8,-21.8,400000,44919,0.112297,152617,0.381543
9.8,-21.6,400000,44815,0.112037,151993,0.379983
9.8,-21.4,400000,44925,0.112312,151835,0.379588
9.8,-21.2,400000,45291,0.113227,152599,0.381497
9.8,-21,400000,44656,0.11164,152344,0.38086
9.8,-20.8,400000,45529,0.113822,151922,0.379805
9.8,-20.6,400000,44844,0.11211,152183,0.380458
9.8,-20.4,400000,44489,0.111223,152586,0.381465
9.8,-20.2,400000,44851,0.112128,151753,0.379383
9.8,-20,400000,44820,0.11205,151860,0.37965
9.8,-19.8,400000,45083,0.112708,152506,0.381265
9.8,-19.6,400000,45382,0.113455,152485,0.381213
9.8,-19.4,400000,44719,0.111797,152546,0.381365
9.8,-19.2,400000,44701,0.111753,152357,0.380893
9.8,-19,400000,44831,0.112077,151601,0.379003
9.8,-18.8,400000,45150,0.112875,152396,0.38099
9.8,-18.6,400000,44624,0.11156,152019,0.380047
9.8,-18.4,400000,44736,0.11184,151868,0.37967
9.8,-18.2,400000,45235,0.113087,152162,0.380405
9.8,-18,400000,44370,0.110925,152182,0.380455
9.8,-17.8,400000,45102,0.112755,152431,0.381078
9.8,-17.6,400000,44554,0.111385,152018,0.380045
9.8,-17.4,400000,44814,0.112035,152357,0.380893
9.8,-17.2,400000,44381,0.110952,152050,0.380125
9.8,-17,400000,45246,0.113115,152686,0.381715
9.8,-16.8,400000,44835,0.112088,151944,0.37986
9.8,-16.6,400000,44527,0.111317,151936,0.37984
9.8,-16.4,400000,45027,0.112568,152177,0.380443
9.8,-16.2,400000,44954,0.112385,152318,0.380795
9.8,-16,400000,43952,0.10988,151959,0.379897
9.8,-15.8,400000,44731,0.111827,152393,0.380983
9.8,-15.6,400000,44466,0.111165,151789,0.379472
9.8,-15.4,400000,44793,0.111982,152123,0.380308
9.8,-15.2,400000,45021,0.112552,152349,0.380873
9.8,-15,400000,44399,0.110997,151735,0.379337
9.8,-14.8,400000,44335,0.110838,151675,0.379188
9.8,-14.6,400000,45216,0.11304,152262,0.380655
9.8,-14.4,400000,45108,0.11277,152424,0.38106
9.8,-14.2,400000,45289,0.113223,152779,0.381947
9.8,-14,400000,44753,0.111882,152122,0.380305
9.8,-13.8,400000,45006,0.112515,152782,0.381955
9.8,-13.6,400000,45043,0.112607,152482,0.381205
9.8,-13.4,400000,44726,0.111815,152057,0.380142
9.8,-13.2,400000,44863,0.112157,152493,0.381232
9.8,-13,400000,44703,0.111757,152438,0.381095
9.8,-12.8,400000,45027,0.112568,152416,0.38104
9.8,-12.6,400000,44427,0.111067,151940,0.37985
9.8,-12.4,400000,44923,0.112308,152184,0.38046
9.8,-12.2,400000,44925,0.112312,152716,0.38179
9.8,-12,400000,45045,0.112613,151907,0.379767
9.8,-11.8,400000,44860,0.11215,151563,0.378908
9.8,-11.6,400000,44682,0.111705,152052,0.38013
9.8,-11.4,400000,45047,0.112617,152385,0.380962
9.8,-11.2,400000,44896,0.11224,152274,0.380685
9.8,-11,400000,45369,0.113422,152199,0.380497
9.8,-10.8,400000,45144,0.11286,152232,0.38058
9.8,-10.6,400000,44920,0.1123,151782,0.379455
9.8,-10.4,400000,44415,0.111037,151833,0.379582
9.8,-10.2,400000,45085,0.112712,152995,0.382487
9.8,-10,400000,44553,0.111382,151581,0.378953
9.8,-9.8,400000,44544,0.11136,151953,0.379883
9.8,-9.6,400000,44646,0.111615,152017,0.380043
9.8,-9.4,400000,44345,0.110863,151940,0.37985
9.8,-9.2,400000,44658,0.111645,152289,0.380723
9.8,-9,400000,45282,0.113205,152174,0.380435
9.8,-8.8,400000,44424,0.11106,151593,0.378982
9.8,-8.6,400000,45554,0.113885,152720,0.3818
9.8,-8.4,400000,44938,0.112345,152152,0.38038
9.8,-8.2,400000,45106,0.112765,152344,0.38086
9.8,-8,400000,45011,0.112528,152016,0.38004
9.8,-7.8,400000,45282,0.113205,153056,0.38264
9.8,-7.6,400000,44214,0.110535,152304,0.38076
9.8,-7.4,400000,45069,0.112672,152273,0.380682
9.8,-7.2,400000,45052,0.11263,152515,0.381288
9.8,-7,400000,44679,0.111698,152114,0.380285
9.8,-6.8,400000,44938,0.112345,152364,0.38091
9.8,-6.6,400000,45287,0.113217,153156,0.38289
9.8,-6.4,400000,44972,0.11243,151669,0.379173
9.8,-6.2,400000,44489,0.111223,151528,0.37882
9.8,-6,400000,44585,0.111463,152441,0.381103
9.8,-5.8,400000,44779,0.111948,152554,0.381385
9.8,-5.6,400000,44961,0.112403,152574,0.381435
9.8,-5.4,400000,44911,0.112278,152129,0.380323
9.8,-5.2,400000,44996,0.11249,152392,0.38098
9.8,-5,400000,45076,0.11269,152332,0.38083
9.8,-4.8,400000,44942,0.112355,151837,0.379592
9.8,-4.6,400000,44870,0.112175,152055,0.380138
9.8,-4.4,400000,44794,0.111985,152276,0.38069
9.8,-4.2,400000,45176,0.11294,152408,0.38102
9.8,-4,400000,45073,0.112683,152567,0.381418
9.8,-3.8,400000,45024,0.11256,152335,0.380837
9.8,-3.6,400000,44872,0.11218,152208,0.38052
9.8,-3.4,400000,44757,0.111893,152083,0.380207
9.8,-3.2,400000,44315,0.110787,152366,0.380915
9.8,-3,400000,44782,0.111955,152484,0.38121
9.8,-2.8,400000,44746,0.111865,152087,0.380217
9.8,-2.6,400000,44986,0.112465,152568,0.38142
9.8,-2.4,400000,44503,0.111257,151690,0.379225
9.8,-2.2,400000,44963,0.112407,152456,0.38114
9.8,-2,400000,45442,0.113605,151598,0.378995
9.8,-1.8,400000,45262,0.113155,153134,0.382835
9.8,-1.6,400000,45110,0.112775,151800,0.3795
9.8,-1.4,400000,45119,0.112797,152768,0.38192
9.8,-1.2,400000,45033,0.112583,151616,0.37904
9.8,-1,400000,44878,0.112195,151993,0.379983
9.8,-0.8,400000,44804,0.11201,152429,0.381072
9.8,-0.6,400000,44702,0.111755,152148,0.38037
9.8,-0.4,400000,45304,0.11326,151873,0.379682
9.8,-0.2,400000,44976,0.11244,151920,0.3798
9.8,0,400000,44692,0.11173,152366,0.380915
9.8,0.2,400000,44995,0.112488,151914,0.379785
9.8,0.4,400000,44659,0.111647,152563,0.381408
9.8,0.6,400000,43872,0.10968,151879,0.379698
9.8,0.8,400000,44535,0.111338,151937,0.379843
9.8,1,400000,44976,0.11244,152283,0.380707
9.8,1.2,400000,44781,0.111952,152302,0.380755
9.8,1.4,400000,44337,0.110842,152302,0.380755
9.8,1.6,400000,45189,0.112973,152109,0.380273
9.8,1.8,400000,44601,0.111503,151896,0.37974
9.8,2,400000,45181,0.112952,152512,0.38128
9.8,2.2,400000,45001,0.112503,151932,0.37983
9.8,2.4,400000,45097,0.112742,152029,0.380072
9.8,2.6,400000,44866,0.112165,152058,0.380145
9.8,2.8,400000,44412,0.11103,151789,0.379472
9.8,3,400000,45282,0.113205,152362,0.380905
9.8,3.2,400000,45071,0.112677,152229,0.380572
9.8,3.4,400000,45330,0.113325,152352,0.38088
9.8,3.6,400000,44688,0.11172,152114,0.380285
9.8,3.8,400000,44688,0.11172,152332,0.38083
9.8,4,400000,45139,0.112848,152066,0.380165
9.8,4.2,400000,44586,0.111465,151786,0.379465
9.8,4.4,400000,44562,0.111405,152334,0.380835
9.8,4.6,400000,44623,0.111558,151982,0.379955
9.8,4.8,400000,44907,0.112268,152582,0.381455
9.8,5,400000,44777,0.111943,152414,0.381035
9.8,5.2,400000,44695,0.111738,152037,0.380092
9.8,5.4,400000,45139,0.112848,152290,0.380725
9.8,5.6,400000,44604,0.11151,151304,0.37826
9.8,5.8,400000,45316,0.11329,152631,0.381578
9.8,6,400000,44912,0.11228,151999,0.379997
9.8,6.2,400000,44327,0.110817,150927,0.377317
9.8,6.4,400000,44939,0.112348,152135,0.380337
9.8,6.6,400000,44549,0.111372,151924,0.37981
9.8,6.8,400000,44667,0.111668,152430,0.381075
9.8,7,400000,44445,0.111113,152127,0.380317
9.8,7.2,400000,44895,0.112238,151815,0.379538
9.8,7.4,400000,44780,0.11195,152176,0.38044
9.8,7.6,400000,44744,0.11186,151858,0.379645
9.8,7.8,400000,44825,0.112062,152013,0.380032
9.8,8,400000,44584,0.11146,151983,0.379958
9.8,8.2,400000,45361,0.113403,152738,0.381845
9.8,8.4,400000,44786,0.111965,152244,0.38061
9.8,8.6,400000,44367,0.110918,151712,0.37928
9.8,8.8,400000,44934,0.112335,152181,0.380453
9.8,9,400000,44746,0.111865,152127,0.380317
9.8,9.2,400000,45163,0.112907,152520,0.3813
9.8,9.4,400000,45212,0.11303,151887,0.379717
9.8,9.6,400000,44835,0.112088,152117,0.380292
9.8,9.8,400000,44516,0.11129,152019,0.380047
9.8,10,400000,44086,0.110215,151587,0.378968
9.8,10.2,400000,44732,0.11183,152373,0.380933
9.8,10.4,400000,45340,0.11335,152434,0.381085
9.8,10.6,400000,44652,0.11163,151945,0.379862
9.8,10.8,400000,44787,0.111967,152372,0.38093
9.8,11,400000,45231,0.113077,151468,0.37867
9.8,11.2,400000,44256,0.11064,152154,0.380385
9.8,11.4,400000,45116,0.11279,152235,0.380588
9.8,11.6,400000,45033,0.112583,152327,0.380817
9.8,11.8,400000,44218,0.110545,152197,0.380493
9.8,12,400000,44729,0.111823,152515,0.381288
9.8,12.2,400000,45178,0.112945,152418,0.381045
9.8,12.4,400000,44058,0.110145,151598,0.378995
9.8,12.6,400000,44786,0.111965,151780,0.37945
9.8,12.8,400000,44918,0.112295,152489,0.381223
9.8,13,400000,44539,0.111348,152288,0.38072
9.8,13.2,400000,44586,0.111465,151851,0.379628
9.8,13.4,400000,44631,0.111577,152818,0.382045
9.8,13.6,400000,44897,0.112242,151815,0.379538
9.8,13.8,400000,44613,0.111533,152318,0.380795
9.8,14,400000,44722,0.111805,152071,0.380178
9.8,14.2,400000,45050,0.112625,152043,0.380107
9.8,14.4,400000,44716,0.11179,151856,0.37964
9.8,14.6,400000,44534,0.111335,152213,0.380532
9.8,14.8,400000,44664,0.11166,152284,0.38071
9.8,15,400000,44785,0.111963,151168,0.37792
9.8,15.2,400000,44975,0.112437,152123,0.380308
9.8,15.4,400000,45125,0.112812,152037,0.380092
9.8,15.6,400000,44724,0.11181,152071,0.380178
9.8,15.8,400000,44742,0.111855,151772,0.37943
9.8,16,400000,44903,0.112257,151626,0.379065
9.8,16.2,400000,45276,0.11319,153067,0.382667
9.8,16.4,400000,44962,0.112405,151458,0.378645
9.8,16.6,400000,44770,0.111925,152123,0.380308
9.8,16.8,400000,44555,0.111388,151645,0.379113
9.8,17,400000,45394,0.113485,152625,0.381563
9.8,17.2,400000,44763,0.111907,152762,0.381905
9.8,17.4,400000,45220,0.11305,152577,0.381443
9.8,17.6,400000,44979,0.112448,152112,0.38028
9.8,17.8,400000,44741,0.111852,152453,0.381132
9.8,18,400000,44682,0.111705,152568,0.38142
9.8,18.2,400000,45481,0.113702,152673,0.381682
9.8,18.4,400000,44475,0.111187,151468,0.37867
9.8,18.6,400000,44452,0.11113,152173,0.380433
9.8,18.8,400000,44869,0.112172,152132,0.38033
9.8,19,400000,45079,0.112698,152346,0.380865
9.8,19.2,400000,45616,0.11404,152572,0.38143
9.8,19.4,400000,44578,0.111445,151728,0.37932
9.8,19.6,400000,45359,0.113397,152320,0.3808
9.8,19.8,400000,44879,0.112198,152032,0.38008
9.8,20,400000,44633,0.111583,151589,0.378972
9.8,20.2,400000,45141,0.112852,151695,0.379238
9.8,20.4,400000,44747,0.111867,151930,0.379825
9.8,20.6,400000,44717,0.111793,151928,0.37982
9.8,20.8,400000,44835,0.112088,151678,0.379195
9.8,21,400000,44588,0.11147,152046,0.380115
9.8,21.2,400000,45130,0.112825,152600,0.3815
9.8,21.4,400000,44692,0.11173,151792,0.37948
9.8,21.6,400000,44921,0.112302,152355,0.380887
9.8,21.8,400000,45245,0.113113,151975,0.379937
9.8,22,400000,44612,0.11153,152046,0.380115
9.8,22.2,400000,44869,0.112172,152029,0.380072
9.8,22.4,400000,45059,0.112647,152334,0.380835
9.8,22.6,400000,45188,0.11297,152263,0.380657
9.8,22.8,400000,45224,0.11306,152267,0.380667
9.8,23,400000,44824,0.11206,151849,0.379622
9.8,23.2,400000,44912,0.11228,151940,0.37985
9.8,23.4,400000,44589,0.111473,152383,0.380958
9.8,23.6,400000,45254,0.113135,152738,0.381845
9.8,23.8,400000,44703,0.111757,152461,0.381153
9.8,24,400000,44703,0.111757,152045,0.380113
9.8,24.2,400000,45257,0.113142,151940,0.37985
9.8,24.4,400000,44803,0.112007,152556,0.38139
9.8,24.6,400000,44649,0.111622,151445,0.378613
9.8,24.8,400000,44817,0.112043,152340,0.38085
9.8,25,400000,45180,0.11295,152318,0.380795
9.8,25.2,400000,45123,0.112808,152028,0.38007
9.8,25.4,400000,45009,0.112522,152023,0.380057
9.8,25.6,400000,45154,0.112885,152736,0.38184
9.8,25.8,400000,44765,0.111912,151831,0.379578
9.8,26,400000,44865,0.112162,151695,0.379238
9.8,26.2,400000,44881,0.112202,151941,0.379852
9.8,26.4,400000,44880,0.1122,152446,0.381115
9.8,26.6,400000,45221,0.113053,152007,0.380018
9.8,26.8,400000,44359,0.110897,151848,0.37962
9.8,27,400000,45123,0.112808,152117,0.380292
9.8,27.2,400000,44462,0.111155,151493,0.378733
9.8,27.4,400000,44969,0.112422,152372,0.38093
9.8,27.6,400000,45064,0.11266,151950,0.379875
9.8,27.8,400000,44763,0.111907,152738,0.381845
9.8,28,400000,44570,0.111425,152174,0.380435
9.8,28.2,400000,45065,0.112662,152486,0.381215
9.8,28.4,400000,45298,0.113245,152278,0.380695
9.8,28.6,400000,44408,0.11102,151896,0.37974
9.8,28.8,400000,44652,0.11163,151584,0.37896
9.8,29,400000,44439,0.111098,152240,0.3806
9.8,29.2,400000,44878,0.112195,152208,0.38052
9.8,29.4,400000,44548,0.11137,151942,0.379855
9.8,29.6,400000,45227,0.113068,152481,0.381202
9.8,29.8,400000,45205,0.113013,151947,0.379868
9.8,30,400000,44570,0.111425,151990,0.379975
9.8,30.2,400000,45396,0.11349,151928,0.37982
9.8,30.4,400000,44278,0.110695,152061,0.380153
9.8,30.6,400000,45209,0.113022,152087,0.380217
9.8,30.8,400000,44428,0.11107,151094,0.377735
9.8,31,400000,45194,0.112985,152170,0.380425
9.8,31.2,400000,45093,0.112732,152436,0.38109
9.8,31.4,400000,44569,0.111422,152054,0.380135
9.8,31.6,400000,45048,0.11262,151948,0.37987
9.8,31.8,400000,44480,0.1112,151512,0.37878
9.8,32,400000,44853,0.112132,151877,0.379692
9.8,32.2,400000,44600,0.1115,152269,0.380673
9.8,32.4,400000,45810,0.114525,152685,0.381713
9.8,32.6,400000,45131,0.112827,152026,0.380065
9.8,32.8,400000,44227,0.110567,152170,0.380425
9.8,33,400000,44373,0.110933,151622,0.379055
9.8,33.2,400000,44868,0.11217,152115,0.380288
9.8,33.4,400000,44928,0.11232,152566,0.381415
9.8,33.6,400000,44878,0.112195,152286,0.380715
9.8,33.8,400000,44674,0.111685,151434,0.378585
9.8,34,400000,44644,0.11161,151951,0.379877
9.8,34.2,400000,44758,0.111895,152155,0.380387
9.8,34.4,400000,44667,0.111668,151641,0.379103
9.8,34.6,400000,44805,0.112013,152155,0.380387
9.8,34.8,400000,44996,0.11249,152276,0.38069
9.8,35,400000,44701,0.111753,151676,0.37919
9.8,35.2,400000,45061,0.112653,152313,0.380783
9.8,35.4,400000,45096,0.11274,152086,0.380215
9.8,35.6,400000,44808,0.11202,151962,0.379905
9.8,35.8,400000,44712,0.11178,152644,0.38161
9.8,36,400000,44887,0.112217,152094,0.380235
9.8,36.2,400000,44841,0.112102,152243,0.380607
9.8,36.4,400000,44862,0.112155,152437,0.381093
9.8,36.6,400000,44963,0.112407,152513,0.381283
9.8,36.8,400000,45103,0.112757,152041,0.380103
9.8,37,400000,45017,0.112543,152573,0.381433
9.8,37.2,400000,44442,0.111105,151207,0.378018
9.8,37.4,400000,45114,0.112785,151794,0.379485
9.8,37.6,400000,44969,0.112422,152139,0.380348
9.8,37.8,400000,44947,0.112367,151911,0.379777
9.8,38,400000,44687,0.111717,151610,0.379025
9.8,38.2,400000,45185,0.112962,152426,0.381065
9.8,38.4,400000,44856,0.11214,152215,0.380537
9.8,38.6,400000,44718,0.111795,151936,0.37984
9.8,38.8,400000,45341,0.113352,152552,0.38138
9.8,39,400000,44525,0.111312,152366,0.380915
9.8,39.2,400000,44443,0.111107,151372,0.37843
9.8,39.4,400000,44562,0.111405,152171,0.380427
9.8,39.6,400000,44894,0.112235,152524,0.38131
9.8,39.8,400000,44934,0.112335,152592,0.38148
9.8,40,400000,44857,0.112143,152445,0.381113
9.8,40.2,400000,44288,0.11072,151919,0.379798
9.8,40.4,400000,44525,0.111312,151843,0.379607
9.8,40.6,400000,44325,0.110812,152097,0.380242
9.8,40.8,400000,45025,0.112562,152044,0.38011
9.8,41,400000,45244,0.11311,152193,0.380483
9.8,41.2,400000,45352,0.11338,151521,0.378802
9.8,41.4,400000,44691,0.111727,152119,0.380298
9.8,41.6,400000,44414,0.111035,151726,0.379315
9.8,41.8,400000,45552,0.11388,152529,0.381323
9.8,42,400000,44998,0.112495,151826,0.379565
9.8,42.2,400000,44774,0.111935,152057,0.380142
9.8,42.4,400000,44408,0.11102,151585,0.378962
9.8,42.6,400000,45138,0.112845,151957,0.379893
9.8,42.8,400000,44949,0.112373,152118,0.380295
9.8,43,400000,44716,0.11179,151845,0.379613
9.8,43.2,400000,44385,0.110963,151969,0.379922
9.8,43.4,400000,44444,0.11111,152341,0.380852
9.8,43.6,400000,44589,0.111473,151744,0.37936
9.8,43.8,400000,44691,0.111727,152562,0.381405
9.8,44,400000,45111,0.112778,152282,0.380705
9.8,44.2,400000,44548,0.11137,152076,0.38019
9.8,44.4,400000,44624,0.11156,152019,0.380047
9.8,44.6,400000,44518,0.111295,151089,0.377723
9.8,44.8,400000,44655,0.111638,151722,0.379305
9.8,45,400000,45089,0.112723,152197,0.380493
9.8,45.2,400000,44811,0.112028,152042,0.380105
9.8,45.4,400000,44785,0.111963,151867,0.379667
9.8,45.6,400000,44896,0.11224,152062,0.380155
9.8,45.8,400000,44949,0.112373,151572,0.37893
9.8,46,400000,44599,0.111497,151497,0.378742
9.8,46.2,400000,44598,0.111495,151499,0.378748
9.8,46.4,400000,44850,0.112125,152245,0.380613
9.8,46.6,400000,44908,0.11227,152093,0.380232
9.8,46.8,400000,44675,0.111687,152037,0.380092
9.8,47,400000,44652,0.11163,152281,0.380702
9.8,47.2,400000,44858,0.112145,151971,0.379927
9.8,47.4,400000,45026,0.112565,151759,0.379397
9.8,47.6,400000,44789,0.111973,151876,0.37969
9.8,47.8,400000,45579,0.113947,152826,0.382065
9.8,48,400000,44600,0.1115,151861,0.379653
9.8,48.2,400000,45234,0.113085,152433,0.381082
9.8,48.4,400000,44240,0.1106,151136,0.37784
9.8,48.6,400000,44921,0.112302,151886,0.379715
9.8,48.8,400000,45172,0.11293,151978,0.379945
9.8,49,400000,45266,0.113165,152211,0.380528
9.8,49.2,400000,45313,0.113282,152151,0.380377
9.8,49.4,400000,45201,0.113003,152524,0.38131
9.8,49.6,400000,45069,0.112672,151890,0.379725
9.8,49.8,400000,45345,0.113363,152010,0.380025
9.8,50,400000,44598,0.111495,151690,0.379225
10,-50,400000,45120,0.1128,152496,0.38124
10,-49.8,400000,44801,0.112003,151388,0.37847
10,-49.6,400000,44759,0.111897,152074,0.380185
10,-49.4,400000,44762,0.111905,151850,0.379625
10,-49.2,400000,44492,0.11123,152153,0.380383
10,-49,400000,44536,0.11134,152621,0.381553
10,-48.8,400000,44539,0.111348,151819,0.379547
10,-48.6,400000,45178,0.112945,152112,0.38028
10,-48.4,400000,44524,0.11131,151542,0.378855
10,-48.2,400000,45041,0.112602,152408,0.38102
10,-48,400000,45325,0.113312,152444,0.38111
10,-47.8,400000,44979,0.112448,152042,0.380105
10,-47.6,400000,44436,0.11109,151670,0.379175
10,-47.4,400000,44563,0.111408,151455,0.378638
10,-47.2,400000,44204,0.11051,152011,0.380028
10,-47,400000,44007,0.110018,151634,0.379085
10,-46.8,400000,44771,0.111927,151852,0.37963
10,-46.6,400000,45136,0.11284,152229,0.380572
10,-46.4,400000,45163,0.112907,152166,0.380415
10,-46.2,400000,44796,0.11199,152124,0.38031
10,-46,400000,44744,0.11186,152083,0.380207
10,-45.8,400000,44240,0.1106,151993,0.379983
10,-45.6,400000,44950,0.112375,151978,0.379945
10,-45.4,400000,44611,0.111528,152445,0.381113
10,-45.2,400000,45072,0.11268,152305,0.380763
10,-45,400000,44823,0.112058,151546,0.378865
10,-44.8,400000,44827,0.112068,152113,0.380283
10,-44.6,400000,44486,0.111215,151716,0.37929
10,-44.4,400000,44627,0.111568,151585,0.378962
10,-44.2,400000,44304,0.11076,151932,0.37983
10,-44,400000,45274,0.113185,152324,0.38081
10,-43.8,400000,44900,0.11225,151923,0.379808
10,-43.6,400000,45013,0.112532,152589,0.381472
10,-43.4,400000,44495,0.111238,151936,0.37984
10,-43.2,400000,44919,0.112297,152181,0.380453
10,-43,400000,44898,0.112245,151803,0.379507
10,-42.8,400000,45056,0.11264,152076,0.38019
10,-42.6,400000,44956,0.11239,151397,0.378493
10,-42.4,400000,44418,0.111045,151415,0.378538
10,-42.2,400000,44520,0.1113,151921,0.379802
10,-42,400000,44862,0.112155,152597,0.381493
10,-41.8,400000,44969,0.112422,152290,0.380725
10,-41.6,400000,44881,0.112202,152180,0.38045
10,-41.4,400000,44791,0.111977,151278,0.378195
10,-41.2,400000,45514,0.113785,152150,0.380375
10,-41,400000,44984,0.11246,152305,0.380763
10,-40.8,400000,44818,0.112045,152206,0.380515
10,-40.6,400000,44952,0.11238,152245,0.380613
10,-40.4,400000,44983,0.112458,152258,0.380645
10,-40.2,400000,44798,0.111995,152014,0.380035
10,-40,400000,44942,0.112355,152268,0.38067
10,-39.8,400000,44340,0.11085,151764,0.37941
10,-39.6,400000,44888,0.11222,152056,0.38014
10,-39.4,400000,45158,0.112895,152486,0.381215
10,-39.2,400000,44784,0.11196,151853,0.379632
10,-39,400000,45064,0.11266,151864,0.37966
10,-38.8,400000,44934,0.112335,151967,0.379918
10,-38.6,400000,45203,0.113007,152370,0.380925
10,-38.4,400000,45129,0.112823,151879,0.379698
10,-38.2,400000,44841,0.112102,151529,0.378823
10,-38,400000,44894,0.112235,151998,0.379995
10,-37.8,400000,44924,0.11231,151842,0.379605
10,-37.6,400000,44860,0.11215,151789,0.379472
10,-37.4,400000,45111,0.112778,151652,0.37913
10,-37.2,400000,44592,0.11148,151870,0.379675
10,-37,400000,44616,0.11154,151862,0.379655
10,-36.8,400000,45172,0.11293,152054,0.380135
10,-36.6,400000,44829,0.112073,152161,0.380402
10,-36.4,400000,44521,0.111302,152416,0.38104
10,-36.2,400000,45075,0.112687,152124,0.38031
10,-36,400000,44899,0.112248,152448,0.38112
10,-35.8,400000,45147,0.112867,152055,0.380138
10,-35.6,400000,44609,0.111522,151888,0.37972
10,-35.4,400000,44772,0.11193,152331,0.380827
10,-35.2,400000,45182,0.112955,152053,0.380132
10,-35,400000,44851,0.112128,151899,0.379748
10,-34.8,400000,44456,0.11114,151256,0.37814
10,-34.6,400000,45387,0.113467,152262,0.380655
10,-34.4,400000,44806,0.112015,152668,0.38167
10,-34.2,400000,44861,0.112153,152405,0.381012
10,-34,400000,44675,0.111687,151975,0.379937
10,-33.8,400000,45036,0.11259,151655,0.379138
10,-33.6,400000,44770,0.111925,152022,0.380055
10,-33.4,400000,44244,0.11061,151809,0.379522
10,-33.2,400000,44777,0.111943,152008,0.38002
10,-33,400000,44453,0.111132,152345,0.380862
10,-32.8,400000,44656,0.11164,151639,0.379097
10,-32.6,400000,44989,0.112473,151968,0.37992
10,-32.4,400000,44677,0.111693,152120,0.3803
10,-32.2,400000,44746,0.111865,152366,0.380915
10,-32,400000,44535,0.111338,151652,0.37913
10,-31.8,400000,44648,0.11162,151634,0.379085
10,-31.6,400000,44559,0.111397,152137,0.380342
10,-31.4,400000,44855,0.112138,152293,0.380732
10,-31.2,400000,44509,0.111272,152030,0.380075
10,-31,400000,44638,0.111595,152404,0.38101
10,-30.8,400000,44814,0.112035,152332,0.38083
10,-30.6,400000,45488,0.11372,152728,0.38182
10,-30.4,400000,44773,0.111933,151869,0.379673
10,-30.2,400000,45594,0.113985,152852,0.38213
10,-30,400000,44968,0.11242,152491,0.381227
10,-29.8,400000,44384,0.11096,151621,0.379053
10,-29.6,400000,45196,0.11299,152767,0.381918
10,-29.4,400000,44726,0.111815,152023,0.380057
10,-29.2,400000,45098,0.112745,152241,0.380603
10,-29,400000,44677,0.111693,152301,0.380752
10,-28.8,400000,45128,0.11282,152810,0.382025
10,-28.6,400000,45519,0.113797,152299,0.380748
10,-28.4,400000,44497,0.111242,151928,0.37982
10,-28.2,400000,44780,0.11195,151530,0.378825
10,-28,400000,44757,0.111893,152268,0.38067
10,-27.8,400000,44860,0.11215,152015,0.380037
10,-27.6,400000,45199,0.112998,152831,0.382078
10,-27.4,400000,45297,0.113242,152417,0.381043
10,-27.2,400000,44971,0.112427,152147,0.380368
10,-27,400000,45127,0.112818,152832,0.38208
10,-26.8,400000,44775,0.111937,152441,0.381103
10,-26.6,400000,45177,0.112943,152936,0.38234
10,-26.4,400000,44660,0.11165,152112,0.38028
10,-26.2,400000,44401,0.111003,151832,0.37958
10,-26,400000,45102,0.112755,152651,0.381628
10,-25.8,400000,44227,0.110567,152010,0.380025
10,-25.6,400000,45157,0.112893,152246,0.380615
10,-25.4,400000,44772,0.11193,152229,0.380572
10,-25.2,400000,44761,0.111903,152133,0.380333
10,-25,400000,44870,0.112175,152278,0.380695
10,-24.8,400000,45221,0.113053,152557,0.381393
10,-24.6,400000,45171,0.112928,151690,0.379225
10,-24.4,400000,44550,0.111375,151894,0.379735
10,-24.2,400000,44734,0.111835,151951,0.379877
10,-24,400000,44935,0.112338,152053,0.380132
10,-23.8,400000,44919,0.112297,152286,0.380715
10,-23.6,400000,44275,0.110687,151270,0.378175
10,-23.4,400000,44455,0.111138,151508,0.37877
10,-23.2,400000,44882,0.112205,151961,0.379902
10,-23,400000,44765,0.111912,152045,0.380113
10,-22.8,400000,44861,0.112153,152135,0.380337
10,-22.6,400000,44941,0.112352,151790,0.379475
10,-22.4,400000,45092,0.11273,152822,0.382055
10,-22.2,400000,44169,0.110423,151621,0.379053
10,-22,400000,44517,0.111293,151916,0.37979
10,-21.8,400000,44881,0.112202,152044,0.38011
10,-21.6,400000,44687,0.111717,151735,0.379337
10,-21.4,400000,45045,0.112613,152497,0.381242
10,-21.2,400000,45267,0.113168,152108,0.38027
10,-21,400000,44940,0.11235,152735,0.381837
10,-20.8,400000,45195,0.112988,152308,0.38077
10,-20.6,400000,44659,0.111647,152761,0.381902
10,-20.4,400000,44330,0.110825,152002,0.380005
10,-20.2,400000,44353,0.110882,151305,0.378263
10,-20,400000,44897,0.112242,151981,0.379953
10,-19.8,400000,45312,0.11328,152401,0.381003
10,-19.6,400000,44785,0.111963,152283,0.380707
10,-19.4,400000,44591,0.111477,151964,0.37991
10,-19.2,400000,44621,0.111552,151335,0.378337
10,-19,400000,45160,0.1129,152510,0.381275
10,-18.8,400000,44858,0.112145,152139,0.380348
10,-18.6,400000,45104,0.11276,151747,0.379368
10,-18.4,400000,44696,0.11174,152033,0.380082
10,-18.2,400000,44311,0.110778,151863,0.379657
10,-18,400000,44962,0.112405,152121,0.380302
10,-17.8,400000,44874,0.112185,152214,0.380535
10,-17.6,400000,45257,0.113142,151925,0.379812
10,-17.4,400000,44804,0.11201,152662,0.381655
10,-17.2,400000,44885,0.112213,152248,0.38062
10,-17,400000,44846,0.112115,151791,0.379478
10,-16.8,400000,44854,0.112135,151364,0.37841
10,-16.6,400000,45243,0.113107,152662,0.381655
10,-16.4,400000,44973,0.112433,151582,0.378955
10,-16.2,400000,44546,0.111365,151732,0.37933
10,-16,400000,45115,0.112787,151949,0.379873
10,-15.8,400000,44588,0.11147,151983,0.379958
10,-15.6,400000,44925,0.112312,151973,0.379933
10,-15.4,400000,44407,0.111018,152004,0.38001
10,-15.2,400000,45054,0.112635,151673,0.379182
10,-15,400000,44775,0.111937,152542,0.381355
10,-14.8,400000,45391,0.113477,151859,0.379648
10,-14.6,400000,45035,0.112587,152328,0.38082
10,-14.4,400000,44575,0.111437,152014,0.380035
10,-14.2,400000,44644,0.11161,151598,0.378995
10,-14,400000,44993,0.112482,152540,0.38135
10,-13.8,400000,44954,0.112385,152744,0.38186
10,-13.6,400000,45035,0.112587,152544,0.38136
10,-13.4,400000,44683,0.111708,152262,0.380655
10,-13.2,400000,44645,0.111613,151730,0.379325
10,-13,400000,44759,0.111897,152351,0.380877
10,-12.8,400000,44860,0.11215,151739,0.379348
10,-12.6,400000,43881,0.109702,152241,0.380603
10,-12.4,400000,44538,0.111345,152148,0.38037
10,-12.2,400000,45270,0.113175,151782,0.379455
10,-12,400000,44294,0.110735,151711,0.379277
10,-11.8,400000,44407,0.111018,152373,0.380933
10,-11.6,400000,44509,0.111272,151679,0.379198
10,-11.4,400000,44677,0.111693,152391,0.380978
10,-11.2,400000,44717,0.111793,151683,0.379207
10,-11,400000,45179,0.112948,152434,0.381085
10,-10.8,400000,44756,0.11189,151601,0.379003
10,-10.6,400000,44867,0.112168,152421,0.381053
10,-10.4,400000,44842,0.112105,151290,0.378225
10,-10.2,400000,45286,0.113215,151891,0.379727
10,-10,400000,44572,0.11143,152143,0.380358
10,-9.8,400000,44671,0.111677,152172,0.38043
10,-9.6,400000,44646,0.111615,152460,0.38115
10,-9.4,400000,44316,0.11079,151793,0.379483
10,-9.2,400000,45057,0.112643,151918,0.379795
10,-9,400000,44945,0.112363,152135,0.380337
10,-8.8,400000,44865,0.112162,151575,0.378937
10,-8.6,400000,45182,0.112955,153189,0.382972
10,-8.4,400000,44947,0.112367,152279,0.380698
10,-8.2,400000,44908,0.11227,152131,0.380327
10,-8,400000,44639,0.111598,152406,0.381015
10,-7.8,400000,44706,0.111765,152143,0.380358
10,-7.6,400000,44936,0.11234,152202,0.380505
10,-7.4,400000,44664,0.11166,151961,0.379902
10,-7.2,400000,44827,0.112068,152132,0.38033
10,-7,400000,44127,0.110317,152269,0.380673
10,-6.8,400000,45083,0.112708,151911,0.379777
10,-6.6,400000,44822,0.112055,151682,0.379205
10,-6.4,400000,44662,0.111655,151628,0.37907
10,-6.2,400000,45836,0.11459,152343,0.380858
10,-6,400000,44909,0.112272,152066,0.380165
10,-5.8,400000,44994,0.112485,152319,0.380798
10,-5.6,400000,44597,0.111492,152150,0.380375
10,-5.4,400000,44533,0.111333,151775,0.379437
10,-5.2,400000,45662,0.114155,152738,0.381845
10,-5,400000,44882,0.112205,152107,0.380267
10,-4.8,400000,44943,0.112357,151871,0.379678
10,-4.6,400000,44821,0.112052,152338,0.380845
10,-4.4,400000,44789,0.111973,152140,0.38035
10,-4.2,400000,44527,0.111317,152198,0.380495
10,-4,400000,45005,0.112513,152407,0.381018
10,-3.8,400000,45092,0.11273,152344,0.38086
10,-3.6,400000,45033,0.112583,151964,0.37991
10,-3.4,400000,44796,0.11199,152049,0.380122
10,-3.2,400000,44985,0.112463,152888,0.38222
10,-3,400000,44712,0.11178,152031,0.380078
10,-2.8,400000,44398,0.110995,151613,0.379032
10,-2.6,400000,44952,0.11238,152030,0.380075
10,-2.4,400000,45122,0.112805,152247,0.380617
10,-2.2,400000,45044,0.11261,151885,0.379713
10,-2,400000,45205,0.113013,152576,0.38144
10,-1.8,400000,44942,0.112355,152132,0.38033
10,-1.6,400000,45029,0.112573,152192,0.38048
10,-1.4,400000,45203,0.113007,152848,0.38212
10,-1.2,400000,44715,0.111787,151990,0.379975
10,-1,400000,44848,0.11212,152427,0.381068
10,-0.8,400000,45189,0.112973,152568,0.38142
10,-0.6,400000,44405,0.111013,152122,0.380305
10,-0.4,400000,44783,0.111958,152269,0.380673
10,-0.2,400000,44928,0.11232,152933,0.382333
10,0,400000,44611,0.111528,152699,0.381748
10,0.2,400000,44623,0.111558,152106,0.380265
10,0.4,400000,45389,0.113473,152191,0.380478
10,0.6,400000,44453,0.111132,152626,0.381565
10,0.8,400000,44532,0.11133,152104,0.38026
10,1,400000,45017,0.112543,152353,0.380883
10,1.2,400000,45031,0.112577,152195,0.380487
10,1.4,400000,45403,0.113507,152418,0.381045
10,1.6,400000,44949,0.112373,152502,0.381255
10,1.8,400000,44571,0.111427,151380,0.37845
10,2,400000,44622,0.111555,151938,0.379845
10,2.2,400000,45219,0.113047,151855,0.379638
10,2.4,400000,44981,0.112452,152388,0.38097
10,2.6,400000,44864,0.11216,151314,0.378285
10,2.8,400000,44402,0.111005,152274,0.380685
10,3,400000,44894,0.112235,152300,0.38075
10,3.2,400000,45176,0.11294,151575,0.378937
10,3.4,400000,44829,0.112073,152778,0.381945
10,3.6,400000,44132,0.11033,151255,0.378138
10,3.8,400000,44876,0.11219,152132,0.38033
10,4,400000,44909,0.112272,152285,0.380713
10,4.2,400000,44535,0.111338,152076,0.38019
10,4.4,400000,44736,0.11184,151765,0.379412
10,4.6,400000,44948,0.11237,151979,0.379947
10,4.8,400000,44992,0.11248,152132,0.38033
10,5,400000,45064,0.11266,152288,0.38072
10,5.2,400000,44651,0.111628,151749,0.379373
10,5.4,400000,45132,0.11283,152198,0.380495
10,5.6,400000,44657,0.111643,152094,0.380235
10,5.8,400000,44491,0.111228,151211,0.378028
10,6,400000,44665,0.111662,152618,0.381545
10,6.2,400000,45134,0.112835,153036,0.38259
10,6.4,400000,45231,0.113077,152525,0.381312
10,6.6,400000,45310,0.113275,152329,0.380823
10,6.8,400000,45363,0.113407,152319,0.380798
10,7,400000,45103,0.112757,152073,0.380182
10,7.2,400000,44567,0.111418,152130,0.380325
10,7.4,400000,45000,0.1125,152767,0.381918
10,7.6,400000,44624,0.11156,152256,0.38064
10,7.8,400000,45195,0.112988,152149,0.380373
10,8,400000,44425,0.111062,152515,0.381288
10,8.2,400000,44748,0.11187,151962,0.379905
10,8.4,400000,44960,0.1124,152429,0.381072
10,8.6,400000,44619,0.111547,152128,0.38032
10,8.8,400000,44917,0.112293,152309,0.380773
10,9,400000,44489,0.111223,151264,0.37816
10,9.2,400000,44931,0.112327,152290,0.380725
10,9.4,400000,44892,0.11223,151886,0.379715
10,9.6,400000,44280,0.1107,151348,0.37837
10,9.8,400000,45375,0.113437,152788,0.38197
10,10,400000,44838,0.112095,152457,0.381142
10,10.2,400000,44696,0.11174,151874,0.379685
10,10.4,400000,45090,0.112725,152041,0.380103
10,10.6,400000,44683,0.111708,151765,0.379412
10,10.8,400000,44534,0.111335,151706,0.379265
10,11,400000,44684,0.11171,152589,0.381472
10,11.2,400000,44627,0.111568,152378,0.380945
10,11.4,400000,44538,0.111345,151951,0.379877
10,11.6,400000,45138,0.112845,151536,0.37884
10,11.8,400000,45029,0.112573,152384,0.38096
10,12,400000,44459,0.111147,152185,0.380462
10,12.2,400000,45142,0.112855,152601,0.381503
10,12.4,400000,45011,0.112528,151951,0.379877
10,12.6,400000,45588,0.11397,152757,0.381893
10,12.8,400000,44708,0.11177,152155,0.380387
10,13,400000,44546,0.111365,152843,0.382107
10,13.2,400000,45029,0.112573,152186,0.380465
10,13.4,400000,44664,0.11166,151756,0.37939
10,13.6,400000,44576,0.11144,151759,0.379397
10,13.8,400000,44713,0.111783,152219,0.380547
10,14,400000,44848,0.11212,152614,0.381535
10,14.2,400000,44776,0.11194,152464,0.38116
10,14.4,400000,45040,0.1126,151975,0.379937
10,14.6,400000,44781,0.111952,152266,0.380665
10,14.8,400000,44230,0.110575,151982,0.379955
10,15,400000,44950,0.112375,152362,0.380905
10,15.2,400000,44945,0.112363,152171,0.380427
10,15.4,400000,45071,0.112677,151921,0.379802
10,15.6,400000,44012,0.11003,151075,0.377688
10,15.8,400000,44590,0.111475,151789,0.379472
10,16,400000,44487,0.111217,152584,0.38146
10,16.2,400000,44873,0.112183,151886,0.379715
10,16.4,400000,44311,0.110778,151524,0.37881
10,16.6,400000,44487,0.111217,151571,0.378927
10,16.8,400000,44853,0.112132,152124,0.38031
10,17,400000,44824,0.11206,151973,0.379933
10,17.2,400000,44553,0.111382,152372,0.38093
10,17.4,400000,44742,0.111855,152030,0.380075
10,17.6,400000,44356,0.11089,151597,0.378993
10,17.8,400000,44942,0.112355,152551,0.381377
10,18,400000,44621,0.111552,151455,0.378638
10,18.2,400000,45345,0.113363,152008,0.38002
10,18.4,400000,44684,0.11171,152478,0.381195
10,18.6,400000,45133,0.112833,152230,0.380575
10,18.8,400000,45028,0.11257,152163,0.380408
10,19,400000,45113,0.112782,152370,0.380925
10,19.2,400000,44979,0.112448,152139,0.380348
10,19.4,400000,44518,0.111295,152013,0.380032
10,19.6,400000,44563,0.111408,151589,0.378972
10,19.8,400000,44909,0.112272,151877,0.379692
10,20,400000,44482,0.111205,152421,0.381053
10,20.2,400000,44596,0.11149,152379,0.380947
10,20.4,400000,44366,0.110915,151154,0.377885
10,20.6,400000,45076,0.11269,152136,0.38034
10,20.8,400000,44382,0.110955,152024,0.38006
10,21,400000,44446,0.111115,151836,0.37959
10,21.2,400000,44617,0.111543,152256,0.38064
10,21.4,400000,44958,0.112395,152378,0.380945
10,21.6,400000,45056,0.11264,152550,0.381375
10,21.8,400000,44692,0.11173,152429,0.381072
10,22,400000,45610,0.114025,152581,0.381453
10,22.2,400000,45270,0.113175,151942,0.379855
10,22.4,400000,44762,0.111905,152769,0.381922
10,22.6,400000,44769,0.111922,152280,0.3807
10,22.8,400000,44687,0.111717,152115,0.380288
10,23,400000,44613,0.111533,151892,0.37973
10,23.2,400000,45576,0.11394,152905,0.382263
10,23.4,400000,44658,0.111645,152511,0.381277
10,23.6,400000,44798,0.111995,152131,0.380327
10,23.8,400000,45030,0.112575,152099,0.380248
10,24,400000,44092,0.11023,151868,0.37967
10,24.2,400000,44964,0.11241,151991,0.379978
10,24.4,400000,45045,0.112613,152539,0.381348
10,24.6,400000,44702,0.111755,151897,0.379742
10,24.8,400000,44706,0.111765,151691,0.379227
10,25,400000,44939,0.112348,152601,0.381503
10,25.2,400000,44697,0.111742,152117,0.380292
10,25.4,400000,44387,0.110967,152392,0.38098
10,25.6,400000,44868,0.11217,152888,0.38222
10,25.8,400000,44831,0.112077,151905,0.379763
10,26,400000,44644,0.11161,151758,0.379395
10,26.2,400000,44629,0.111573,152048,0.38012
10,26.4,400000,45211,0.113028,152492,0.38123
10,26.6,400000,44990,0.112475,152263,0.380657
10,26.8,400000,44869,0.112172,151812,0.37953
10,27,400000,44674,0.111685,152565,0.381412
10,27.2,400000,44979,0.112448,152666,0.381665
10,27.4,400000,44891,0.112227,152392,0.38098
10,27.6,400000,44749,0.111872,151946,0.379865
10,27.8,400000,44727,0.111818,151544,0.37886
10,28,400000,45058,0.112645,152502,0.381255
10,28.2,400000,45037,0.112592,152285,0.380713
10,28.4,400000,44842,0.112105,151606,0.379015
10,28.6,400000,45051,0.112628,152042,0.380105
10,28.8,400000,45185,0.112962,152182,0.380455
10,29,400000,44542,0.111355,151745,0.379362
10,29.2,400000,44692,0.11173,151805,0.379512
10,29.4,400000,45299,0.113248,152566,0.381415
10,29.6,400000,44857,0.112143,151936,0.37984
10,29.8,400000,44592,0.11148,152686,0.381715
10,30,400000,44817,0.112043,152438,0.381095
10,30.2,400000,45031,0.112577,152135,0.380337
10,30.4,400000,45066,0.112665,152375,0.380937
10,30.6,400000,44798,0.111995,151884,0.37971
10,30.8,400000,44480,0.1112,151985,0.379962
10,31,400000,44870,0.112175,152439,0.381097
10,31.2,400000,44555,0.111388,152494,0.381235
10,31.4,400000,45287,0.113217,152918,0.382295
10,31.6,400000,44577,0.111442,151734,0.379335
10,31.8,400000,45100,0.11275,151899,0.379748
10,32,400000,44933,0.112333,151728,0.37932
10,32.2,400000,45094,0.112735,151895,0.379738
10,32.4,400000,44965,0.112412,151917,0.379792
10,32.6,400000,44430,0.111075,152346,0.380865
10,32.8,400000,44548,0.11137,151837,0.379592
10,33,400000,45003,0.112507,152364,0.38091
10,33.2,400000,44977,0.112443,152491,0.381227
10,33.4,400000,44712,0.11178,151389,0.378472
10,33.6,400000,45102,0.112755,152458,0.381145
10,33.8,400000,44780,0.11195,152457,0.381142
10,34,400000,44629,0.111573,151659,0.379148
10,34.2,400000,44364,0.11091,151631,0.379078
10,34.4,400000,44920,0.1123,151799,0.379497
10,34.6,400000,44931,0.112327,152827,0.382068
10,34.8,400000,44555,0.111388,151940,0.37985
10,35,400000,44603,0.111507,151832,0.37958
10,35.2,400000,44439,0.111098,151737,0.379343
10,35.4,400000,44187,0.110467,151612,0.37903
10,35.6,400000,44782,0.111955,151817,0.379543
10,35.8,400000,44648,0.11162,152062,0.380155
10,36,400000,44737,0.111842,151369,0.378422
10,36.2,400000,44819,0.112047,151770,0.379425
10,36.4,400000,44654,0.111635,152462,0.381155
10,36.6,400000,45030,0.112575,152575,0.381437
10,36.8,400000,44751,0.111878,152213,0.380532
10,37,400000,44844,0.11211,152139,0.380348
10,37.2,400000,44848,0.11212,151436,0.37859
10,37.4,400000,44804,0.11201,151870,0.379675
10,37.6,400000,44972,0.11243,151850,0.379625
10,37.8,400000,44888,0.11222,152365,0.380912
10,38,400000,44665,0.111662,151971,0.379927
10,38.2,400000,45169,0.112922,152735,0.381837
10,38.4,400000,44796,0.11199,152226,0.380565
10,38.6,400000,44835,0.112088,153110,0.382775
10,38.8,400000,44927,0.112318,152374,0.380935
10,39,400000,44961,0.112403,152471,0.381178
10,39.2,400000,44919,0.112297,151999,0.379997
10,39.4,400000,45186,0.112965,152136,0.38034
10,39.6,400000,45184,0.11296,151929,0.379823
10,39.8,400000,44592,0.11148,151835,0.379588
10,40,400000,45222,0.113055,151451,0.378628
10,40.2,400000,44905,0.112263,151604,0.37901
10,40.4,400000,44682,0.111705,152570,0.381425
10,40.6,400000,45272,0.11318,152708,0.38177
10,40.8,400000,45111,0.112778,152170,0.380425
10,41,400000,45120,0.1128,152032,0.38008
10,41.2,400000,45202,0.113005,152800,0.382
10,41.4,400000,45158,0.112895,152563,0.381408
10,41.6,400000,44997,0.112492,151961,0.379902
10,41.8,400000,45219,0.113047,152637,0.381593
10,42,400000,44764,0.11191,151453,0.378632
10,42.2,400000,44738,0.111845,151345,0.378362
10,42.4,400000,44811,0.112028,151362,0.378405
10,42.6,400000,44880,0.1122,152179,0.380447
10,42.8,400000,44932,0.11233,151852,0.37963
10,43,400000,44933,0.112333,152218,0.380545
10,43.2,400000,44855,0.112138,151756,0.37939
10,43.4,400000,44539,0.111348,152067,0.380167
10,43.6,400000,44906,0.112265,152323,0.380808
10,43.8,400000,45032,0.11258,152513,0.381283
10,44,400000,44755,0.111888,151607,0.379018
10,44.2,400000,45518,0.113795,152289,0.380723
10,44.4,400000,44747,0.111867,151318,0.378295
10,44.6,400000,44834,0.112085,152108,0.38027
10,44.8,400000,45343,0.113357,152448,0.38112
10,45,400000,44995,0.112488,151888,0.37972
10,45.2,400000,44746,0.111865,152549,0.381373
10,45.4,400000,44788,0.11197,152045,0.380113
10,45.6,400000,44686,0.111715,152114,0.380285
10,45.8,400000,44334,0.110835,151988,0.37997
10,46,400000,45386,0.113465,152109,0.380273
10,46.2,400000,44811,0.112028,152008,0.38002
10,46.4,400000,44939,0.112348,152475,0.381188
10,46.6,400000,44321,0.110802,152038,0.380095
10,46.8,400000,44525,0.111312,151758,0.379395
10,47,400000,44204,0.11051,151751,0.379377
10,47.2,400000,45192,0.11298,152167,0.380418
10,47.4,400000,44634,0.111585,152563,0.381408
10,47.6,400000,44545,0.111363,151949,0.379873
10,47.8,400000,44756,0.11189,151998,0.379995
10,48,400000,44931,0.112327,152472,0.38118
10,48.2,400000,45017,0.112543,151933,0.379833
10,48.4,400000,44362,0.110905,151860,0.37965
10,48.6,400000,45254,0.113135,152627,0.381568
10,48.8,400000,44673,0.111683,152303,0.380758
10,49,400000,44747,0.111867,151889,0.379723
10,49.2,400000,44519,0.111297,152108,0.38027
10,49.4,400000,44675,0.111687,152083,0.380207
10,49.6,400000,44788,0.11197,152325,0.380812
10,49.8,400000,44576,0.11144,151579,0.378947
10,50,400000,44674,0.111685,152252,0.38063
10.2,-50,400000,44974,0.112435,151902,0.379755
10.2,-49.8,400000,44636,0.11159,151749,0.379373
10.2,-49.6,400000,45034,0.112585,152398,0.380995
10.2,-49.4,400000,45073,0.112683,151996,0.37999
10.2,-49.2,400000,44978,0.112445,151762,0.379405
10.2,-49,400000,44582,0.111455,151860,0.37965
10.2,-48.8,400000,44624,0.11156,151826,0.379565
10.2,-48.6,400000,44873,0.112183,152401,0.381003
10.2,-48.4,400000,44773,0.111933,151600,0.379
10.2,-48.2,400000,44857,0.112143,152012,0.38003
10.2,-48,400000,44534,0.111335,151818,0.379545
10.2,-47.8,400000,44582,0.111455,151522,0.378805
10.2,-47.6,400000,44750,0.111875,151955,0.379887
10.2,-47.4,400000,44955,0.112388,151892,0.37973
10.2,-47.2,400000,44688,0.11172,152124,0.38031
10.2,-47,400000,45093,0.112732,152194,0.380485
10.2,-46.8,400000,44644,0.11161,152039,0.380097
10.2,-46.6,400000,44985,0.112463,152006,0.380015
10.2,-46.4,400000,44958,0.112395,152583,0.381458
10.2,-46.2,400000,45077,0.112693,151867,0.379667
10.2,-46,400000,45176,0.11294,152234,0.380585
10.2,-45.8,400000,44823,0.112058,151608,0.37902
10.2,-45.6,400000,45361,0.113403,152011,0.380028
10.2,-45.4,400000,44182,0.110455,151197,0.377993
10.2,-45.2,400000,44448,0.11112,151378,0.378445
10.2,-45,400000,45017,0.112543,152619,0.381547
10.2,-44.8,400000,44732,0.11183,151520,0.3788
10.2,-44.6,400000,44877,0.112193,151686,0.379215
10.2,-44.4,400000,45138,0.112845,152968,0.38242
10.2,-44.2,400000,44737,0.111842,152070,0.380175
10.2,-44,400000,44311,0.110778,152105,0.380263
10.2,-43.8,400000,44511,0.111278,151896,0.37974
10.2,-43.6,400000,44627,0.111568,152298,0.380745
10.2,-43.4,400000,45473,0.113683,152269,0.380673
10.2,-43.2,400000,44976,0.11244,152374,0.380935
10.2,-43,400000,45297,0.113242,152097,0.380242
10.2,-42.8,400000,44981,0.112452,152340,0.38085
10.2,-42.6,400000,45152,0.11288,152585,0.381462
10.2,-42.4,400000,45158,0.112895,152188,0.38047
10.2,-42.2,400000,45195,0.112988,151766,0.379415
10.2,-42,400000,44884,0.11221,152183,0.380458
10.2,-41.8,400000,44788,0.11197,152096,0.38024
10.2,-41.6,400000,44397,0.110992,151928,0.37982
10.2,-41.4,400000,44757,0.111893,151867,0.379667
10.2,-41.2,400000,44957,0.112393,152237,0.380593
10.2,-41,400000,44755,0.111888,151624,0.37906
10.2,-40.8,400000,45034,0.112585,152362,0.380905
10.2,-40.6,400000,44916,0.11229,151968,0.37992
10.2,-40.4,400000,44901,0.112253,152487,0.381217
10.2,-40.2,400000,44952,0.11238,151926,0.379815
10.2,-40,400000,44657,0.111643,151640,0.3791
10.2,-39.8,400000,44622,0.111555,152160,0.3804
10.2,-39.6,400000,44819,0.112047,152367,0.380918
10.2,-39.4,400000,44862,0.112155,152409,0.381022
10.2,-39.2,400000,45108,0.11277,152508,0.38127
10.2,-39,400000,44525,0.111312,152587,0.381468
10.2,-38.8,400000,44723,0.111808,152430,0.381075
10.2,-38.6,400000,45307,0.113267,152457,0.381142
10.2,-38.4,400000,44878,0.112195,152164,0.38041
10.2,-38.2,400000,44402,0.111005,151426,0.378565
10.2,-38,400000,44885,0.112213,151968,0.37992
10.2,-37.8,400000,44202,0.110505,151052,0.37763
10.2,-37.6,400000,44639,0.111598,152250,0.380625
10.2,-37.4,400000,44615,0.111537,152298,0.380745
10.2,-37.2,400000,44789,0.111973,151756,0.37939
10.2,-37,400000,45075,0.112687,151883,0.379707
10.2,-36.8,400000,44989,0.112473,152177,0.380443
10.2,-36.6,400000,44828,0.11207,151588,0.37897
10.2,-36.4,400000,44965,0.112412,152215,0.380537
10.2,-36.2,400000,45410,0.113525,152655,0.381638
10.2,-36,400000,44969,0.112422,152406,0.381015
10.2,-35.8,400000,44810,0.112025,152086,0.380215
10.2,-35.6,400000,44810,0.112025,151507,0.378767
10.2,-35.4,400000,44631,0.111577,151676,0.37919
10.2,-35.2,400000,44822,0.112055,152201,0.380503
10.2,-35,400000,44998,0.112495,152602,0.381505
10.2,-34.8,400000,45218,0.113045,152748,0.38187
10.2,-34.6,400000,44861,0.112153,151971,0.379927
10.2,-34.4,400000,44842,0.112105,152253,0.380632
10.2,-34.2,400000,44483,0.111208,152242,0.380605
10.2,-34,400000,44257,0.110643,151333,0.378333
10.2,-33.8,400000,45155,0.112888,152201,0.380503
10.2,-33.6,400000,45212,0.11303,152127,0.380317
10.2,-33.4,400000,45061,0.112653,152046,0.380115
10.2,-33.2,400000,44481,0.111202,151601,0.379003
10.2,-33,400000,44244,0.11061,151558,0.378895
10.2,-32.8,400000,45041,0.112602,152563,0.381408
10.2,-32.6,400000,44699,0.111747,152325,0.380812
10.2,-32.4,400000,44531,0.111327,151769,0.379422
10.2,-32.2,400000,44882,0.112205,152206,0.380515
10.2,-32,400000,45058,0.112645,152057,0.380142
10.2,-31.8,400000,44510,0.111275,152125,0.380312
10.2,-31.6,400000,44865,0.112162,151965,0.379912
10.2,-31.4,400000,45144,0.11286,152500,0.38125
10.2,-31.2,400000,44609,0.111522,152103,0.380258
10.2,-31,400000,44741,0.111852,152511,0.381277
10.2,-30.8,400000,44903,0.112257,151983,0.379958
10.2,-30.6,400000,45032,0.11258,152254,0.380635
10.2,-30.4,400000,45091,0.112727,152826,0.382065
10.2,-30.2,400000,44821,0.112052,151923,0.379808
10.2,-30,400000,45015,0.112537,152386,0.380965
10.2,-29.8,400000,44660,0.11165,152207,0.380518
10.2,-29.6,400000,45123,0.112808,152755,0.381887
10.2,-29.4,400000,44658,0.111645,151439,0.378597
10.2,-29.2,400000,45566,0.113915,152600,0.3815
10.2,-29,400000,44471,0.111177,151660,0.37915
10.2,-28.8,400000,44317,0.110793,151969,0.379922
10.2,-28.6,400000,44726,0.111815,152175,0.380437
10.2,-28.4,400000,44973,0.112433,152492,0.38123
10.2,-28.2,400000,43817,0.109543,151511,0.378777
10.2,-28,400000,44723,0.111808,151972,0.37993
10.2,-27.8,400000,45218,0.113045,152329,0.380823
10.2,-27.6,400000,44716,0.11179,151898,0.379745
10.2,-27.4,400000,44660,0.11165,151701,0.379252
10.2,-27.2,400000,44689,0.111723,151716,0.37929
10.2,-27,400000,44430,0.111075,152177,0.380443
10.2,-26.8,400000,44384,0.11096,151544,0.37886
10.2,-26.6,400000,44301,0.110753,151526,0.378815
10.2,-26.4,400000,44901,0.112253,152098,0.380245
10.2,-26.2,400000,44473,0.111183,151581,0.378953
10.2,-26,400000,45251,0.113128,152210,0.380525
10.2,-25.8,400000,44991,0.112477,152495,0.381238
10.2,-25.6,400000,45082,0.112705,152339,0.380848
10.2,-25.4,400000,44822,0.112055,152227,0.380568
10.2,-25.2,400000,44808,0.11202,152214,0.380535
10.2,-25,400000,45346,0.113365,151799,0.379497
10.2,-24.8,400000,44918,0.112295,152172,0.38043
10.2,-24.6,400000,44853,0.112132,151256,0.37814
10.2,-24.4,400000,45087,0.112717,152008,0.38002
10.2,-24.2,400000,44420,0.11105,151561,0.378902
10.2,-24,400000,45336,0.11334,152176,0.38044
10.2,-23.8,400000,44655,0.111638,152064,0.38016
10.2,-23.6,400000,44759,0.111897,152222,0.380555
10.2,-23.4,400000,45121,0.112802,152546,0.381365
10.2,-23.2,400000,44681,0.111702,152528,0.38132
10.2,-23,400000,45055,0.112638,152396,0.38099
10.2,-22.8,400000,45193,0.112982,152568,0.38142
10.2,-22.6,400000,44460,0.11115,151933,0.379833
10.2,-22.4,400000,44929,0.112323,152371,0.380927
10.2,-22.2,400000,44971,0.112427,152295,0.380738
10.2,-22,400000,45075,0.112687,152130,0.380325
10.2,-21.8,400000,44868,0.11217,151979,0.379947
10.2,-21.6,400000,45127,0.112818,152129,0.380323
10.2,-21.4,400000,44876,0.11219,152168,0.38042
10.2,-21.2,400000,44309,0.110772,151681,0.379202
10.2,-21,400000,44719,0.111797,152382,0.380955
10.2,-20.8,400000,44439,0.111098,151727,0.379317
10.2,-20.6,400000,45130,0.112825,152322,0.380805
10.2,-20.4,400000,44633,0.111583,151934,0.379835
10.2,-20.2,400000,44261,0.110653,151492,0.37873
10.2,-20,400000,44897,0.112242,152276,0.38069
10.2,-19.8,400000,45345,0.113363,152902,0.382255
10.2,-19.6,400000,44948,0.11237,152455,0.381138
10.2,-19.4,400000,44775,0.111937,152297,0.380742
10.2,-19.2,400000,44439,0.111098,152157,0.380393
10.2,-19,400000,44571,0.111427,151883,0.379707
10.2,-18.8,400000,44778,0.111945,152508,0.38127
10.2,-18.6,400000,44843,0.112107,152123,0.380308
10.2,-18.4,400000,45124,0.11281,152180,0.38045
10.2,-18.2,400000,44635,0.111588,152091,0.380227
10.2,-18,400000,45207,0.113018,152848,0.38212
10.2,-17.8,400000,44934,0.112335,152793,0.381983
10.2,-17.6,400000,44738,0.111845,152318,0.380795
10.2,-17.4,400000,45154,0.112885,152264,0.38066
10.2,-17.2,400000,44344,0.11086,152045,0.380113
10.2,-17,400000,44578,0.111445,151990,0.379975
10.2,-16.8,400000,45073,0.112683,152210,0.380525
10.2,-16.6,400000,44196,0.11049,151993,0.379983
10.2,-16.4,400000,45051,0.112628,152411,0.381028
10.2,-16.2,400000,44469,0.111172,152598,0.381495
10.2,-16,400000,44909,0.112272,152205,0.380512
10.2,-15.8,400000,44912,0.11228,152278,0.380695
10.2,-15.6,400000,44698,0.111745,151737,0.379343
10.2,-15.4,400000,45234,0.113085,152070,0.380175
10.2,-15.2,400000,44725,0.111812,151832,0.37958
10.2,-15,400000,44690,0.111725,151895,0.379738
10.2,-14.8,400000,45304,0.11326,152625,0.381563
10.2,-14.6,400000,45298,0.113245,152160,0.3804
10.2,-14.4,400000,44748,0.11187,152061,0.380153
10.2,-14.2,400000,44601,0.111503,151830,0.379575
10.2,-14,400000,44680,0.1117,152416,0.38104
10.2,-13.8,400000,44980,0.11245,152113,0.380283
10.2,-13.6,400000,44506,0.111265,151779,0.379447
10.2,-13.4,400000,44669,0.111672,151810,0.379525
10.2,-13.2,400000,44704,0.11176,152869,0.382173
10.2,-13,400000,44604,0.11151,152177,0.380443
10.2,-12.8,400000,44734,0.111835,151724,0.37931
10.2,-12.6,400000,44857,0.112143,151741,0.379352
10.2,-12.4,400000,44724,0.11181,152181,0.380453
10.2,-12.2,400000,44383,0.110958,152173,0.380433
10.2,-12,400000,45347,0.113367,152991,0.382478
10.2,-11.8,400000,44377,0.110942,152130,0.380325
10.2,-11.6,400000,44613,0.111533,151016,0.37754
10.2,-11.4,400000,44740,0.11185,152192,0.38048
10.2,-11.2,400000,44997,0.112492,151983,0.379958
10.2,-11,400000,44738,0.111845,151722,0.379305
10.2,-10.8,400000,45026,0.112565,152115,0.380288
10.2,-10.6,400000,45155,0.112888,152796,0.38199
10.2,-10.4,400000,44918,0.112295,152221,0.380553
10.2,-10.2,400000,44834,0.112085,151694,0.379235
10.2,-10,400000,44796,0.11199,152420,0.38105
10.2,-9.8,400000,44983,0.112458,152038,0.380095
10.2,-9.6,400000,45144,0.11286,152501,0.381252
10.2,-9.4,400000,45196,0.11299,152779,0.381947
10.2,-9.2,400000,45343,0.113357,151993,0.379983
10.2,-9,400000,45210,0.113025,152603,0.381507
10.2,-8.8,400000,44577,0.111442,151799,0.379497
10.2,-8.6,400000,45126,0.112815,152151,0.380377
10.2,-8.4,400000,44822,0.112055,152390,0.380975
10.2,-8.2,400000,44717,0.111793,152208,0.38052
10.2,-8,400000,44920,0.1123,152314,0.380785
10.2,-7.8,400000,44717,0.111793,152228,0.38057
10.2,-7.6,400000,44544,0.11136,151983,0.379958
10.2,-7.4,400000,44427,0.111067,151871,0.379678
10.2,-7.2,400000,44860,0.11215,152478,0.381195
10.2,-7,400000,44724,0.11181,152234,0.380585
10.2,-6.8,400000,44708,0.11177,152237,0.380593
10.2,-6.6,400000,44589,0.111473,152527,0.381317
10.2,-6.4,400000,45193,0.112982,151906,0.379765
10.2,-6.2,400000,45034,0.112585,152321,0.380802
10.2,-6,400000,44646,0.111615,152614,0.381535
10.2,-5.8,400000,45308,0.11327,152849,0.382122
10.2,-5.6,400000,44644,0.11161,151872,0.37968
10.2,-5.4,400000,44924,0.11231,152089,0.380223
10.2,-5.2,400000,44538,0.111345,151965,0.379912
10.2,-5,400000,45475,0.113687,152421,0.381053
10.2,-4.8,400000,44867,0.112168,152012,0.38003
10.2,-4.6,400000,44859,0.112147,152295,0.380738
10.2,-4.4,400000,44845,0.112113,152502,0.381255
10.2,-4.2,400000,44499,0.111247,152304,0.38076
10.2,-4,400000,44754,0.111885,151635,0.379088
10.2,-3.8,400000,44974,0.112435,152517,0.381292
10.2,-3.6,400000,44985,0.112463,152264,0.38066
10.2,-3.4,400000,44964,0.11241,152057,0.380142
10.2,-3.2,400000,44880,0.1122,152477,0.381192
10.2,-3,400000,44849,0.112122,152388,0.38097
10.2,-2.8,400000,44891,0.112227,152739,0.381848
10.2,-2.6,400000,44696,0.11174,152090,0.380225
10.2,-2.4,400000,44790,0.111975,152376,0.38094
10.2,-2.2,400000,44874,0.112185,152254,0.380635
10.2,-2,400000,44822,0.112055,152492,0.38123
10.2,-1.8,400000,45238,0.113095,152514,0.381285
10.2,-1.6,400000,44682,0.111705,151734,0.379335
10.2,-1.4,400000,44980,0.11245,151920,0.3798
10.2,-1.2,400000,44824,0.11206,152453,0.381132
10.2,-1,400000,45195,0.112988,152580,0.38145
10.2,-0.8,400000,44887,0.112217,151721,0.379302
10.2,-0.6,400000,44838,0.112095,152114,0.380285
10.2,-0.4,400000,44923,0.112308,152365,0.380912
10.2,-0.2,400000,44992,0.11248,151957,0.379893
10.2,0,400000,45187,0.112967,151877,0.379692
10.2,0.2,400000,44975,0.112437,153193,0.382983
10.2,0.4,400000,45008,0.11252,152382,0.380955
10.2,0.6,400000,44930,0.112325,153124,0.38281
10.2,0.8,400000,44763,0.111907,151658,0.379145
10.2,1,400000,44140,0.11035,152043,0.380107
10.2,1.2,400000,44650,0.111625,152077,0.380192
10.2,1.4,400000,45233,0.113083,152294,0.380735
10.2,1.6,400000,44707,0.111768,151852,0.37963
10.2,1.8,400000,44743,0.111857,152189,0.380472
10.2,2,400000,44481,0.111202,151460,0.37865
10.2,2.2,400000,45371,0.113428,152978,0.382445
10.2,2.4,400000,45022,0.112555,152261,0.380653
10.2,2.6,400000,44602,0.111505,151793,0.379483
10.2,2.8,400000,44979,0.112448,152240,0.3806
10.2,3,400000,45098,0.112745,152125,0.380312
10.2,3.2,400000,44636,0.11159,152127,0.380317
10.2,3.4,400000,44507,0.111268,151897,0.379742
10.2,3.6,400000,44913,0.112282,152792,0.38198
10.2,3.8,400000,44765,0.111912,151810,0.379525
10.2,4,400000,44642,0.111605,152109,0.380273
10.2,4.2,400000,44521,0.111302,152109,0.380273
10.2,4.4,400000,44961,0.112403,152040,0.3801
10.2,4.6,400000,44523,0.111308,151890,0.379725
10.2,4.8,400000,44684,0.11171,151637,0.379092
10.2,5,400000,44437,0.111092,152037,0.380092
10.2,5.2,400000,44668,0.11167,152394,0.380985
10.2,5.4,400000,45399,0.113498,152619,0.381547
10.2,5.6,400000,44775,0.111937,151992,0.37998
10.2,5.8,400000,45079,0.112698,152852,0.38213
10.2,6,400000,44915,0.112287,152677,0.381692
10.2,6.2,400000,45331,0.113327,152240,0.3806
10.2,6.4,400000,44633,0.111583,152125,0.380312
10.2,6.6,400000,44658,0.111645,151753,0.379383
10.2,6.8,400000,44626,0.111565,152248,0.38062
10.2,7,400000,44944,0.11236,152328,0.38082
10.2,7.2,400000,44947,0.112367,152481,0.381202
10.2,7.4,400000,44415,0.111037,152131,0.380327
10.2,7.6,400000,44740,0.11185,152067,0.380167
10.2,7.8,400000,45212,0.11303,152199,0.380497
10.2,8,400000,44499,0.111247,151879,0.379698
10.2,8.2,400000,44302,0.110755,151608,0.37902
10.2,8.4,400000,45115,0.112787,152397,0.380993
10.2,8.6,400000,44396,0.11099,152271,0.380678
10.2,8.8,400000,44469,0.111172,151871,0.379678
10.2,9,400000,44610,0.111525,151383,0.378458
10.2,9.2,400000,44779,0.111948,151869,0.379673
10.2,9.4,400000,44593,0.111482,151781,0.379453
10.2,9.6,400000,44913,0.112282,152813,0.382032
10.2,9.8,400000,45234,0.113085,152393,0.380983
10.2,10,400000,44727,0.111818,152305,0.380763
10.2,10.2,400000,44522,0.111305,151810,0.379525
10.2,10.4,400000,45191,0.112977,152406,0.381015
10.2,10.6,400000,45017,0.112543,151994,0.379985
10.2,10.8,400000,44788,0.11197,152358,0.380895
10.2,11,400000,44696,0.11174,152139,0.380348
10.2,11.2,400000,45055,0.112638,152345,0.380862
10.2,11.4,400000,45260,0.11315,152009,0.380022
10.2,11.6,400000,44095,0.110238,151726,0.379315
10.2,11.8,400000,44893,0.112232,152288,0.38072
10.2,12,400000,44780,0.11195,151689,0.379223
10.2,12.2,400000,45002,0.112505,152348,0.38087
10.2,12.4,400000,44946,0.112365,152352,0.38088
10.2,12.6,400000,44396,0.11099,152029,0.380072
10.2,12.8,400000,45122,0.112805,152230,0.380575
10.2,13,400000,44769,0.111922,151959,0.379897
10.2,13.2,400000,44655,0.111638,152140,0.38035
10.2,13.4,400000,44373,0.110933,152048,0.38012
10.2,13.6,400000,44585,0.111463,152349,0.380873
10.2,13.8,400000,44997,0.112492,152239,0.380597
10.2,14,400000,44879,0.112198,152230,0.380575
10.2,14.2,400000,44910,0.112275,152594,0.381485
10.2,14.4,400000,44206,0.110515,152303,0.380758
10.2,14.6,400000,44933,0.112333,152134,0.380335
10.2,14.8,400000,44788,0.11197,152098,0.380245
10.2,15,400000,44584,0.11146,152025,0.380063
10.2,15.2,400000,44907,0.112268,152176,0.38044
10.2,15.4,400000,44682,0.111705,152545,0.381362
10.2,15.6,400000,44664,0.11166,151930,0.379825
10.2,15.8,400000,44841,0.112102,152443,0.381107
10.2,16,400000,44667,0.111668,152207,0.380518
10.2,16.2,400000,44645,0.111613,152070,0.380175
10.2,16.4,400000,45091,0.112727,152733,0.381833
10.2,16.6,400000,44479,0.111198,152349,0.380873
10.2,16.8,400000,44664,0.11166,151825,0.379563
10.2,17,400000,44878,0.112195,151993,0.379983
10.2,17.2,400000,44620,0.11155,151595,0.378987
10.2,17.4,400000,45102,0.112755,152081,0.380202
10.2,17.6,400000,45330,0.113325,151983,0.379958
10.2,17.8,400000,44338,0.110845,151644,0.37911
10.2,18,400000,44568,0.11142,152246,0.380615
10.2,18.2,400000,44554,0.111385,151589,0.378972
10.2,18.4,400000,44638,0.111595,151858,0.379645
10.2,18.6,400000,44589,0.111473,152144,0.38036
10.2,18.8,400000,44978,0.112445,152078,0.380195
10.2,19,400000,44979,0.112448,152131,0.380327
10.2,19.2,400000,45080,0.1127,152552,0.38138
10.2,19.4,400000,45080,0.1127,152471,0.381178
10.2,19.6,400000,44775,0.111937,152433,0.381082
10.2,19.8,400000,44609,0.111522,152330,0.380825
10.2,20,400000,44442,0.111105,151948,0.37987
10.2,20.2,400000,44731,0.111827,151383,0.378458
10.2,20.4,400000,44994,0.112485,152236,0.38059
10.2,20.6,400000,44748,0.11187,152288,0.38072
10.2,20.8,400000,45330,0.113325,152939,0.382348
10.2,21,400000,44856,0.11214,151783,0.379458
10.2,21.2,400000,45251,0.113128,152268,0.38067
10.2,21.4,400000,44781,0.111952,152082,0.380205
10.2,21.6,400000,45286,0.113215,152551,0.381377
10.2,21.8,400000,45353,0.113382,152187,0.380468
10.2,22,400000,44714,0.111785,151946,0.379865
10.2,22.2,400000,45078,0.112695,152440,0.3811
10.2,22.4,400000,44463,0.111158,152158,0.380395
10.2,22.6,400000,44969,0.112422,152314,0.380785
10.2,22.8,400000,44794,0.111985,151824,0.37956
10.2,23,400000,44624,0.11156,150909,0.377273
10.2,23.2,400000,44748,0.11187,151834,0.379585
10.2,23.4,400000,44428,0.11107,151776,0.37944
10.2,23.6,400000,44956,0.11239,152101,0.380252
10.2,23.8,400000,44660,0.11165,152162,0.380405
10.2,24,400000,45177,0.112943,152567,0.381418
10.2,24.2,400000,44796,0.11199,152074,0.380185
10.2,24.4,400000,45140,0.11285,152288,0.38072
10.2,24.6,400000,44562,0.111405,152002,0.380005
10.2,24.8,400000,44644,0.11161,151807,0.379518
10.2,25,400000,44906,0.112265,152472,0.38118
10.2,25.2,400000,44924,0.11231,152763,0.381908
10.2,25.4,400000,45344,0.11336,152208,0.38052
10.2,25.6,400000,44531,0.111327,152300,0.38075
10.2,25.8,400000,44830,0.112075,152541,0.381352
10.2,26,400000,44613,0.111533,152240,0.3806
10.2,26.2,400000,44142,0.110355,152063,0.380157
10.2,26.4,400000,44599,0.111497,151584,0.37896
10.2,26.6,400000,45086,0.112715,151824,0.37956
10.2,26.8,400000,45116,0.11279,151942,0.379855
10.2,27,400000,45220,0.11305,152424,0.38106
10.2,27.2,400000,44458,0.111145,152169,0.380422
10.2,27.4,400000,44655,0.111638,152174,0.380435
10.2,27.6,400000,45427,0.113568,151860,0.37965
10.2,27.8,400000,44698,0.111745,151291,0.378227
10.2,28,400000,44409,0.111022,151799,0.379497
10.2,28.2,400000,45112,0.11278,152517,0.381292
10.2,28.4,400000,44888,0.11222,152032,0.38008
10.2,28.6,400000,44908,0.11227,152238,0.380595
10.2,28.8,400000,44686,0.111715,152224,0.38056
10.2,29,400000,44913,0.112282,152425,0.381063
10.2,29.2,400000,44636,0.11159,151657,0.379142
10.2,29.4,400000,45261,0.113153,152401,0.381003
10.2,29.6,400000,44937,0.112342,151715,0.379287
10.2,29.8,400000,44380,0.11095,151220,0.37805
10.2,30,400000,44760,0.1119,152121,0.380302
10.2,30.2,400000,44541,0.111352,152046,0.380115
10.2,30.4,400000,45343,0.113357,152290,0.380725
10.2,30.6,400000,44381,0.110952,151824,0.37956
10.2,30.8,400000,44174,0.110435,151605,0.379012
10.2,31,400000,44904,0.11226,151679,0.379198
10.2,31.2,400000,44947,0.112367,151788,0.37947
10.2,31.4,400000,44835,0.112088,152365,0.380912
10.2,31.6,400000,44558,0.111395,151662,0.379155
10.2,31.8,400000,44498,0.111245,152139,0.380348
10.2,32,400000,44525,0.111312,152623,0.381557
10.2,32.2,400000,45055,0.112638,152533,0.381333
10.2,32.4,400000,44607,0.111518,151514,0.378785
10.2,32.6,400000,44456,0.11114,151505,0.378763
10.2,32.8,400000,44565,0.111412,151584,0.37896
10.2,33,400000,45309,0.113272,151768,0.37942
10.2,33.2,400000,44126,0.110315,151572,0.37893
10.2,33.4,400000,44625,0.111562,152758,0.381895
10.2,33.6,400000,44649,0.111622,152258,0.380645
10.2,33.8,400000,44758,0.111895,151761,0.379402
10.2,34,400000,44747,0.111867,151890,0.379725
10.2,34.2,400000,44941,0.112352,152493,0.381232
10.2,34.4,400000,44427,0.111067,151618,0.379045
10.2,34.6,400000,44921,0.112302,151463,0.378657
10.2,34.8,400000,44581,0.111452,151913,0.379783
10.2,35,400000,44959,0.112397,152573,0.381433
10.2,35.2,400000,44909,0.112272,152201,0.380503
10.2,35.4,400000,45117,0.112793,152436,0.38109
10.2,35.6,400000,44658,0.111645,152005,0.380012
10.2,35.8,400000,45036,0.11259,152941,0.382352
10.2,36,400000,44489,0.111223,151922,0.379805
10.2,36.2,400000,44782,0.111955,152392,0.38098
10.2,36.4,400000,44778,0.111945,152222,0.380555
10.2,36.6,400000,44827,0.112068,152350,0.380875
10.2,36.8,400000,45130,0.112825,152140,0.38035
10.2,37,400000,44949,0.112373,152034,0.380085
10.2,37.2,400000,45266,0.113165,152050,0.380125
10.2,37.4,400000,44623,0.111558,152384,0.38096
10.2,37.6,400000,44648,0.11162,151901,0.379752
10.2,37.8,400000,44770,0.111925,152147,0.380368
10.2,38,400000,44954,0.112385,151788,0.37947
10.2,38.2,400000,45277,0.113193,152075,0.380188
10.2,38.4,400000,45183,0.112958,152208,0.38052
10.2,38.6,400000,44816,0.11204,152123,0.380308
10.2,38.8,400000,44844,0.11211,152174,0.380435
10.2,39,400000,44467,0.111168,152067,0.380167
10.2,39.2,400000,44874,0.112185,152079,0.380198
10.2,39.4,400000,44628,0.11157,152464,0.38116
10.2,39.6,400000,44842,0.112105,151542,0.378855
10.2,39.8,400000,44762,0.111905,152131,0.380327
10.2,40,400000,45130,0.112825,152525,0.381312
10.2,40.2,400000,45335,0.113337,152581,0.381453
10.2,40.4,400000,44746,0.111865,152356,0.38089
10.2,40.6,400000,44739,0.111848,151920,0.3798
10.2,40.8,400000,44619,0.111547,151948,0.37987
10.2,41,400000,45183,0.112958,152624,0.38156
10.2,41.2,400000,44907,0.112268,152600,0.3815
10.2,41.4,400000,45159,0.112897,151976,0.37994
10.2,41.6,400000,45385,0.113462,152395,0.380987
10.2,41.8,400000,44859,0.112147,151915,0.379788
10.2,42,400000,44658,0.111645,151738,0.379345
10.2,42.2,400000,44724,0.11181,152142,0.380355
10.2,42.4,400000,45007,0.112518,152153,0.380383
10.2,42.6,400000,44957,0.112393,152241,0.380603
10.2,42.8,400000,45099,0.112748,152339,0.380848
10.2,43,400000,44592,0.11148,152210,0.380525
10.2,43.2,400000,44922,0.112305,152799,0.381997
10.2,43.4,400000,44725,0.111812,151650,0.379125
10.2,43.6,400000,44947,0.112367,151894,0.379735
10.2,43.8,400000,44638,0.111595,152138,0.380345
10.2,44,400000,44612,0.11153,152155,0.380387
10.2,44.2,400000,44906,0.112265,151724,0.37931
10.2,44.4,400000,44723,0.111808,151748,0.37937
10.2,44.6,400000,44585,0.111463,151856,0.37964
10.2,44.8,400000,44817,0.112043,152394,0.380985
10.2,45,400000,44941,0.112352,151702,0.379255
10.2,45.2,400000,45019,0.112547,151846,0.379615
10.2,45.4,400000,45469,0.113672,152610,0.381525
10.2,45.6,400000,44755,0.111888,152201,0.380503
10.2,45.8,400000,43988,0.10997,151336,0.37834
10.2,46,400000,44640,0.1116,151922,0.379805
10.2,46.2,400000,44897,0.112242,152303,0.380758
10.2,46.4,400000,44733,0.111833,151355,0.378387
10.2,46.6,400000,44438,0.111095,152356,0.38089
10.2,46.8,400000,44540,0.11135,152231,0.380578
10.2,47,400000,44707,0.111768,152397,0.380993
10.2,47.2,400000,44796,0.11199,151455,0.378638
10.2,47.4,400000,45118,0.112795,152514,0.381285
10.2,47.6,400000,45282,0.113205,152011,0.380028
10.2,47.8,400000,44746,0.111865,151943,0.379858
10.2,48,400000,44686,0.111715,151864,0.37966
10.2,48.2,400000,44404,0.11101,152233,0.380582
10.2,48.4,400000,44728,0.11182,151805,0.379512
10.2,48.6,400000,44561,0.111403,151867,0.379667
10.2,48.8,400000,44680,0.1117,152349,0.380873
10.2,49,400000,44944,0.11236,151936,0.37984
10.2,49.2,400000,45024,0.11256,151837,0.379592
10.2,49.4,400000,44730,0.111825,151720,0.3793
10.2,49.6,400000,44850,0.112125,152088,0.38022
10.2,49.8,400000,44338,0.110845,151563,0.378908
10.2,50,400000,45121,0.112802,152000,0.38
10.4,-50,400000,44868,0.11217,151926,0.379815
10.4,-49.8,400000,44801,0.112003,151927,0.379817
10.4,-49.6,400000,44803,0.112007,151975,0.379937
10.4,-49.4,400000,44690,0.111725,151258,0.378145
10.4,-49.2,400000,44709,0.111772,152196,0.38049
10.4,-49,400000,44842,0.112105,152122,0.380305
10.4,-48.8,400000,44641,0.111602,151974,0.379935
10.4,-48.6,400000,45160,0.1129,151640,0.3791
10.4,-48.4,400000,44172,0.11043,151966,0.379915
10.4,-48.2,400000,45170,0.112925,152031,0.380078
10.4,-48,400000,44847,0.112117,152068,0.38017
10.4,-47.8,400000,45204,0.11301,152565,0.381412
10.4,-47.6,400000,45141,0.112852,151638,0.379095
10.4,-47.4,400000,45439,0.113598,152448,0.38112
10.4,-47.2,400000,44439,0.111098,151479,0.378698
10.4,-47,400000,44863,0.112157,152239,0.380597
10.4,-46.8,400000,44440,0.1111,152404,0.38101
10.4,-46.6,400000,45185,0.112962,152566,0.381415
10.4,-46.4,400000,45125,0.112812,152021,0.380053
10.4,-46.2,400000,44967,0.112418,151874,0.379685
10.4,-46,400000,44965,0.112412,152266,0.380665
10.4,-45.8,400000,44574,0.111435,151697,0.379242
10.4,-45.6,400000,45250,0.113125,152180,0.38045
10.4,-45.4,400000,44888,0.11222,152393,0.380983
10.4,-45.2,400000,44949,0.112373,152160,0.3804
10.4,-45,400000,44598,0.111495,152082,0.380205
10.4,-44.8,400000,44663,0.111658,151330,0.378325
10.4,-44.6,400000,44884,0.11221,152167,0.380418
10.4,-44.4,400000,45243,0.113107,151915,0.379788
10.4,-44.2,400000,44743,0.111857,152318,0.380795
10.4,-44,400000,45054,0.112635,152367,0.380918
10.4,-43.8,400000,44709,0.111772,152233,0.380582
10.4,-43.6,400000,44995,0.112488,152036,0.38009
10.4,-43.4,400000,45358,0.113395,152479,0.381198
10.4,-43.2,400000,45563,0.113907,152301,0.380752
10.4,-43,400000,44482,0.111205,151557,0.378893
10.4,-42.8,400000,44248,0.11062,151475,0.378688
10.4,-42.6,400000,44458,0.111145,152357,0.380893
10.4,-42.4,400000,45052,0.11263,152440,0.3811
10.4,-42.2,400000,45007,0.112518,151657,0.379142
10.4,-42,400000,45440,0.1136,152626,0.381565
10.4,-41.8,400000,44936,0.11234,152140,0.38035
10.4,-41.6,400000,44952,0.11238,152954,0.382385
10.4,-41.4,400000,44910,0.112275,152180,0.38045
10.4,-41.2,400000,45045,0.112613,152304,0.38076
10.4,-41,400000,44528,0.11132,151596,0.37899
10.4,-40.8,400000,45156,0.11289,152496,0.38124
10.4,-40.6,400000,45107,0.112768,152170,0.380425
10.4,-40.4,400000,44704,0.11176,152020,0.38005
10.4,-40.2,400000,44848,0.11212,152248,0.38062
10.4,-40,400000,44997,0.112492,152795,0.381987
10.4,-39.8,400000,44894,0.112235,152345,0.380862
10.4,-39.6,400000,45120,0.1128,152213,0.380532
10.4,-39.4,400000,45029,0.112573,152075,0.380188
10.4,-39.2,400000,44778,0.111945,152087,0.380217
10.4,-39,400000,44897,0.112242,152882,0.382205
10.4,-38.8,400000,45267,0.113168,152740,0.38185
10.4,-38.6,400000,44656,0.11164,152185,0.380462
10.4,-38.4,400000,44834,0.112085,151261,0.378153
10.4,-38.2,400000,44895,0.112238,152126,0.380315
10.4,-38,400000,44683,0.111708,151901,0.379752
10.4,-37.8,400000,44801,0.112003,152067,0.380167
10.4,-37.6,400000,44953,0.112382,151804,0.37951
10.4,-37.4,400000,44719,0.111797,152033,0.380082
10.4,-37.2,400000,44743,0.111857,152137,0.380342
10.4,-37,400000,45074,0.112685,153008,0.38252
10.4,-36.8,400000,44938,0.112345,152443,0.381107
10.4,-36.6,400000,44867,0.112168,152388,0.38097
10.4,-36.4,400000,44854,0.112135,152043,0.380107
10.4,-36.2,400000,44232,0.11058,151630,0.379075
10.4,-36,400000,45376,0.11344,152065,0.380163
10.4,-35.8,400000,44948,0.11237,152984,0.38246
10.4,-35.6,400000,44802,0.112005,152285,0.380713
10.4,-35.4,400000,44828,0.11207,152161,0.380402
10.4,-35.2,400000,45248,0.11312,152765,0.381912
10.4,-35,400000,44711,0.111778,151749,0.379373
10.4,-34.8,400000,44120,0.1103,151738,0.379345
10.4,-34.6,400000,44325,0.110812,151283,0.378207
10.4,-34.4,400000,44620,0.11155,152201,0.380503
10.4,-34.2,400000,44442,0.111105,151870,0.379675
10.4,-34,400000,44823,0.112058,152125,0.380312
10.4,-33.8,400000,44647,0.111617,152408,0.38102
10.4,-33.6,400000,44687,0.111717,151919,0.379798
10.4,-33.4,400000,44232,0.11058,152333,0.380833
10.4,-33.2,400000,44531,0.111327,151678,0.379195
10.4,-33,400000,44530,0.111325,151964,0.37991
10.4,-32.8,400000,44865,0.112162,152400,0.381
10.4,-32.6,400000,44575,0.111437,152784,0.38196
10.4,-32.4,400000,44857,0.112143,152363,0.380908
10.4,-32.2,400000,45140,0.11285,152060,0.38015
10.4,-32,400000,44906,0.112265,151672,0.37918
10.4,-31.8,400000,44626,0.111565,151864,0.37966
10.4,-31.6,400000,44404,0.11101,152210,0.380525
10.4,-31.4,400000,44463,0.111158,151876,0.37969
10.4,-31.2,400000,45085,0.112712,152412,0.38103
10.4,-31,400000,44131,0.110327,151573,0.378933
10.4,-30.8,400000,44910,0.112275,152195,0.380487
10.4,-30.6,400000,44390,0.110975,151941,0.379852
10.4,-30.4,400000,44822,0.112055,152171,0.380427
10.4,-30.2,400000,45042,0.112605,152258,0.380645
10.4,-30,400000,44251,0.110628,152240,0.3806
10.4,-29.8,400000,44626,0.111565,152396,0.38099
10.4,-29.6,400000,44745,0.111863,152146,0.380365
10.4,-29.4,400000,44850,0.112125,151689,0.379223
10.4,-29.2,400000,44553,0.111382,151766,0.379415
10.4,-29,400000,44664,0.11166,151901,0.379752
10.4,-28.8,400000,44653,0.111632,152061,0.380153
10.4,-28.6,400000,44997,0.112492,152341,0.380852
10.4,-28.4,400000,44763,0.111907,151395,0.378487
10.4,-28.2,400000,44793,0.111982,151700,0.37925
10.4,-28,400000,44955,0.112388,152482,0.381205
10.4,-27.8,400000,44562,0.111405,152338,0.380845
10.4,-27.6,400000,44832,0.11208,152047,0.380117
10.4,-27.4,400000,44733,0.111833,151735,0.379337
10.4,-27.2,400000,44723,0.111808,152273,0.380682
10.4,-27,400000,44762,0.111905,152254,0.380635
10.4,-26.8,400000,45003,0.112507,152513,0.381283
10.4,-26.6,400000,44583,0.111458,152267,0.380667
10.4,-26.4,400000,45330,0.113325,152429,0.381072
10.4,-26.2,400000,44727,0.111818,152248,0.38062
10.4,-26,400000,45371,0.113428,152557,0.381393
10.4,-25.8,400000,44629,0.111573,151759,0.379397
10.4,-25.6,400000,44099,0.110247,151814,0.379535
10.4,-25.4,400000,44981,0.112452,152646,0.381615
10.4,-25.2,400000,44724,0.11181,152073,0.380182
10.4,-25,400000,44815,0.112037,151872,0.37968
10.4,-24.8,400000,44819,0.112047,152426,0.381065
10.4,-24.6,400000,45102,0.112755,152902,0.382255
10.4,-24.4,400000,44042,0.110105,150998,0.377495
10.4,-24.2,400000,44835,0.112088,152192,0.38048
10.4,-24,400000,44375,0.110937,152184,0.38046
10.4,-23.8,400000,44817,0.112043,151974,0.379935
10.4,-23.6,400000,45103,0.112757,152105,0.380263
10.4,-23.4,400000,44768,0.11192,152297,0.380742
10.4,-23.2,400000,44868,0.11217,151837,0.379592
10.4,-23,400000,45080,0.1127,152076,0.38019
10.4,-22.8,400000,44980,0.11245,152472,0.38118
10.4,-22.6,400000,44716,0.11179,152341,0.380852
10.4,-22.4,400000,44259,0.110647,152227,0.380568
10.4,-22.2,400000,44550,0.111375,151901,0.379752
10.4,-22,400000,44254,0.110635,152441,0.381103
10.4,-21.8,400000,45025,0.112562,152833,0.382082
10.4,-21.6,400000,44764,0.11191,151797,0.379493
10.4,-21.4,400000,44797,0.111992,152335,0.380837
10.4,-21.2,400000,44499,0.111247,151504,0.37876
10.4,-21,400000,44498,0.111245,151932,0.37983
10.4,-20.8,400000,44684,0.11171,152131,0.380327
10.4,-20.6,400000,44600,0.1115,151836,0.37959
10.4,-20.4,400000,44283,0.110708,152308,0.38077
10.4,-20.2,400000,44874,0.112185,151938,0.379845
10.4,-20,400000,44241,0.110603,152112,0.38028
10.4,-19.8,400000,45000,0.1125,152686,0.381715
10.4,-19.6,400000,45062,0.112655,152441,0.381103
10.4,-19.4,400000,45024,0.11256,152303,0.380758
10.4,-19.2,400000,44458,0.111145,151986,0.379965
10.4,-19,400000,44883,0.112208,152314,0.380785
10.4,-18.8,400000,45096,0.11274,152091,0.380227
10.4,-18.6,400000,44727,0.111818,151917,0.379792
10.4,-18.4,400000,44628,0.11157,152226,0.380565
10.4,-18.2,400000,44602,0.111505,152226,0.380565
10.4,-18,400000,44872,0.11218,152242,0.380605
10.4,-17.8,400000,44035,0.110088,151852,0.37963
10.4,-17.6,400000,44515,0.111287,151922,0.379805
10.4,-17.4,400000,44435,0.111088,151730,0.379325
10.4,-17.2,400000,44678,0.111695,152098,0.380245
10.4,-17,400000,44656,0.11164,152243,0.380607
10.4,-16.8,400000,44567,0.111418,151756,0.37939
10.4,-16.6,400000,44952,0.11238,152309,0.380773
10.4,-16.4,400000,44740,0.11185,152304,0.38076
10.4,-16.2,400000,45128,0.11282,151965,0.379912
10.4,-16,400000,44996,0.11249,152675,0.381688
10.4,-15.8,400000,45391,0.113477,152156,0.38039
10.4,-15.6,400000,45506,0.113765,152513,0.381283
10.4,-15.4,400000,45029,0.112573,152431,0.381078
10.4,-15.2,400000,45212,0.11303,151974,0.379935
10.4,-15,400000,45152,0.11288,152566,0.381415
10.4,-14.8,400000,44572,0.11143,152027,0.380068
10.4,-14.6,400000,44826,0.112065,152176,0.38044
10.4,-14.4,400000,44864,0.11216,152012,0.38003
10.4,-14.2,400000,44507,0.111268,151713,0.379283
10.4,-14,400000,45063,0.112657,152404,0.38101
10.4,-13.8,400000,44712,0.11178,151397,0.378493
10.4,-13.6,400000,45061,0.112653,152108,0.38027
10.4,-13.4,400000,44848,0.11212,151874,0.379685
10.4,-13.2,400000,44873,0.112183,151915,0.379788
10.4,-13,400000,44541,0.111352,152531,0.381327
10.4,-12.8,400000,45044,0.11261,152333,0.380833
10.4,-12.6,400000,44896,0.11224,152106,0.380265
10.4,-12.4,400000,44813,0.112032,151961,0.379902
10.4,-12.2,400000,45237,0.113092,152326,0.380815
10.4,-12,400000,44396,0.11099,152086,0.380215
10.4,-11.8,400000,44953,0.112382,152186,0.380465
10.4,-11.6,400000,44373,0.110933,151507,0.378767
10.4,-11.4,400000,45187,0.112967,152344,0.38086
10.4,-11.2,400000,45059,0.112647,152305,0.380763
10.4,-11,400000,44779,0.111948,151903,0.379758
10.4,-10.8,400000,45178,0.112945,152527,0.381317
10.4,-10.6,400000,44468,0.11117,151916,0.37979
10.4,-10.4,400000,44659,0.111647,152063,0.380157
10.4,-10.2,400000,44559,0.111397,152014,0.380035
10.4,-10,400000,44112,0.11028,151846,0.379615
10.4,-9.8,400000,44765,0.111912,151917,0.379792
10.4,-9.6,400000,44334,0.110835,151506,0.378765
10.4,-9.4,400000,44618,0.111545,151874,0.379685
10.4,-9.2,400000,44819,0.112047,152142,0.380355
10.4,-9,400000,45044,0.11261,152279,0.380698
10.4,-8.8,400000,45074,0.112685,152843,0.382107
10.4,-8.6,400000,44006,0.110015,151609,0.379022
10.4,-8.4,400000,44906,0.112265,151921,0.379802
10.4,-8.2,400000,44951,0.112378,152425,0.381063
10.4,-8,400000,44517,0.111293,152561,0.381402
10.4,-7.8,400000,45179,0.112948,152167,0.380418
10.4,-7.6,400000,44405,0.111013,151727,0.379317
10.4,-7.4,400000,44682,0.111705,152111,0.380277
10.4,-7.2,400000,44890,0.112225,152526,0.381315
10.4,-7,400000,44747,0.111867,152001,0.380003
10.4,-6.8,400000,44972,0.11243,152467,0.381167
10.4,-6.6,400000,44743,0.111857,152097,0.380242
10.4,-6.4,400000,45089,0.112723,152621,0.381553
10.4,-6.2,400000,44755,0.111888,152077,0.380192
10.4,-6,400000,45215,0.113037,152462,0.381155
10.4,-5.8,400000,45073,0.112683,152201,0.380503
10.4,-5.6,400000,44291,0.110728,152084,0.38021
10.4,-5.4,400000,44705,0.111763,152096,0.38024
10.4,-5.2,400000,44910,0.112275,151437,0.378592
10.4,-5,400000,45129,0.112823,152152,0.38038
10.4,-4.8,400000,45195,0.112988,152532,0.38133
10.4,-4.6,400000,44822,0.112055,152435,0.381088
10.4,-4.4,400000,45130,0.112825,152470,0.381175
10.4,-4.2,400000,45164,0.11291,152577,0.381443
10.4,-4,400000,44393,0.110982,152264,0.38066
10.4,-3.8,400000,44847,0.112117,151959,0.379897
10.4,-3.6,400000,44786,0.111965,152232,0.38058
10.4,-3.4,400000,44928,0.11232,152744,0.38186
10.4,-3.2,400000,44832,0.11208,152334,0.380835
10.4,-3,400000,45129,0.112823,152258,0.380645
10.4,-2.8,400000,44946,0.112365,151618,0.379045
10.4,-2.6,400000,44799,0.111997,152249,0.380622
10.4,-2.4,400000,45181,0.112952,152903,0.382257
10.4,-2.2,400000,44737,0.111842,152493,0.381232
10.4,-2,400000,44665,0.111662,152354,0.380885
10.4,-1.8,400000,44676,0.11169,151450,0.378625
10.4,-1.6,400000,44900,0.11225,152554,0.381385
10.4,-1.4,400000,45148,0.11287,151706,0.379265
10.4,-1.2,400000,44426,0.111065,151690,0.379225
10.4,-1,400000,44596,0.11149,151649,0.379122
10.4,-0.8,400000,44674,0.111685,151619,0.379047
10.4,-0.6,400000,44638,0.111595,152143,0.380358
10.4,-0.4,400000,44686,0.111715,152642,0.381605
10.4,-0.2,400000,45132,0.11283,152410,0.381025
10.4,0,400000,45255,0.113138,152421,0.381053
10.4,0.2,400000,44879,0.112198,151683,0.379207
10.4,0.4,400000,45370,0.113425,152087,0.380217
10.4,0.6,400000,44737,0.111842,152031,0.380078
10.4,0.8,400000,44466,0.111165,152217,0.380543
10.4,1,400000,44424,0.11106,151905,0.379763
10.4,1.2,400000,44955,0.112388,151659,0.379148
10.4,1.4,400000,44557,0.111393,151868,0.37967
10.4,1.6,400000,44983,0.112458,152121,0.380302
10.4,1.8,400000,45087,0.112717,152450,0.381125
10.4,2,400000,44799,0.111997,151845,0.379613
10.4,2.2,400000,45041,0.112602,152778,0.381945
10.4,2.4,400000,45201,0.113003,152014,0.380035
10.4,2.6,400000,44799,0.111997,151967,0.379918
10.4,2.8,400000,45117,0.112793,152496,0.38124
10.4,3,400000,45111,0.112778,152469,0.381173
10.4,3.2,400000,45057,0.112643,152266,0.380665
10.4,3.4,400000,44611,0.111528,151582,0.378955
10.4,3.6,400000,44787,0.111967,152428,0.38107
10.4,3.8,400000,44711,0.111778,152326,0.380815
10.4,4,400000,44717,0.111793,151716,0.37929
10.4,4.2,400000,44705,0.111763,151929,0.379823
10.4,4.4,400000,44430,0.111075,152294,0.380735
10.4,4.6,400000,44872,0.11218,151492,0.37873
10.4,4.8,400000,45010,0.112525,152015,0.380037
10.4,5,400000,44637,0.111592,152184,0.38046
10.4,5.2,400000,44774,0.111935,152210,0.380525
10.4,5.4,400000,44329,0.110823,152209,0.380522
10.4,5.6,400000,45101,0.112753,152890,0.382225
10.4,5.8,400000,45186,0.112965,153060,0.38265
10.4,6,400000,45009,0.112522,151636,0.37909
10.4,6.2,400000,44511,0.111278,151959,0.379897
10.4,6.4,400000,44993,0.112482,152270,0.380675
10.4,6.6,400000,44851,0.112128,152247,0.380617
10.4,6.8,400000,45077,0.112693,152264,0.38066
10.4,7,400000,44801,0.112003,151441,0.378603
10.4,7.2,400000,45229,0.113073,153051,0.382628
10.4,7.4,400000,44983,0.112458,152457,0.381142
10.4,7.6,400000,44519,0.111297,151963,0.379908
10.4,7.8,400000,44834,0.112085,152515,0.381288
10.4,8,400000,45034,0.112585,152326,0.380815
10.4,8.2,400000,44457,0.111143,151893,0.379732
10.4,8.4,400000,44973,0.112433,151961,0.379902
10.4,8.6,400000,45089,0.112723,152363,0.380908
10.4,8.8,400000,44237,0.110592,151948,0.37987
10.4,9,400000,44651,0.111628,152403,0.381007
10.4,9.2,400000,44551,0.111378,152229,0.380572
10.4,9.4,400000,44747,0.111867,152090,0.380225
10.4,9.6,400000,44529,0.111323,152560,0.3814
10.4,9.8,400000,44983,0.112458,152276,0.38069
10.4,10,400000,44608,0.11152,152600,0.3815
10.4,10.2,400000,44589,0.111473,151219,0.378047
10.4,10.4,400000,44862,0.112155,151945,0.379862
10.4,10.6,400000,44086,0.110215,152048,0.38012
10.4,10.8,400000,44919,0.112297,152578,0.381445
10.4,11,400000,44826,0.112065,151881,0.379702
10.4,11.2,400000,45344,0.11336,152104,0.38026
10.4,11.4,400000,44799,0.111997,151779,0.379447
10.4,11.6,400000,45294,0.113235,152696,0.38174
10.4,11.8,400000,44826,0.112065,152382,0.380955
10.4,12,400000,44181,0.110452,151494,0.378735
10.4,12.2,400000,44200,0.1105,152079,0.380198
10.4,12.4,400000,44945,0.112363,151386,0.378465
10.4,12.6,400000,45406,0.113515,152761,0.381902
10.4,12.8,400000,44925,0.112312,152501,0.381252
10.4,13,400000,44865,0.112162,151898,0.379745
10.4,13.2,400000,45080,0.1127,152117,0.380292
10.4,13.4,400000,44340,0.11085,151412,0.37853
10.4,13.6,400000,45084,0.11271,152513,0.381283
10.4,13.8,400000,45135,0.112837,152163,0.380408
10.4,14,400000,44623,0.111558,151622,0.379055
10.4,14.2,400000,44718,0.111795,151942,0.379855
10.4,14.4,400000,44217,0.110543,151347,0.378368
10.4,14.6,400000,44525,0.111312,151906,0.379765
10.4,14.8,400000,44755,0.111888,151818,0.379545
10.4,15,400000,44968,0.11242,152174,0.380435
10.4,15.2,400000,44998,0.112495,152728,0.38182
10.4,15.4,400000,44766,0.111915,151973,0.379933
10.4,15.6,400000,44595,0.111488,151616,0.37904
10.4,15.8,400000,44423,0.111058,151913,0.379783
10.4,16,400000,44965,0.112412,152149,0.380373
10.4,16.2,400000,44983,0.112458,152770,0.381925
10.4,16.4,400000,44893,0.112232,152637,0.381593
10.4,16.6,400000,44884,0.11221,152452,0.38113
10.4,16.8,400000,44812,0.11203,152622,0.381555
10.4,17,400000,44615,0.111537,152201,0.380503
10.4,17.2,400000,44472,0.11118,152057,0.380142
10.4,17.4,400000,44923,0.112308,152297,0.380742
10.4,17.6,400000,45313,0.113282,152388,0.38097
10.4,17.8,400000,44948,0.11237,152373,0.380933
10.4,18,400000,44969,0.112422,152372,0.38093
10.4,18.2,400000,44704,0.11176,151801,0.379503
10.4,18.4,400000,44701,0.111753,151930,0.379825
10.4,18.6,400000,45046,0.112615,152437,0.381093
10.4,18.8,400000,44540,0.11135,152143,0.380358
10.4,19,400000,44541,0.111352,151637,0.379092
10.4,19.2,400000,44558,0.111395,151929,0.379823
10.4,19.4,400000,44540,0.11135,152524,0.38131
10.4,19.6,400000,44868,0.11217,151865,0.379663
10.4,19.8,400000,44703,0.111757,152258,0.380645
10.4,20,400000,45207,0.113018,151557,0.378893
10.4,20.2,400000,44736,0.11184,152213,0.380532
10.4,20.4,400000,45321,0.113303,151939,0.379848
10.4,20.6,400000,44861,0.112153,152214,0.380535
10.4,20.8,400000,45228,0.11307,152837,0.382093
10.4,21,400000,44909,0.112272,151791,0.379478
10.4,21.2,400000,45221,0.113053,152278,0.380695
10.4,21.4,400000,44495,0.111238,152133,0.380333
10.4,21.6,400000,44642,0.111605,152118,0.380295
10.4,21.8,400000,44786,0.111965,151808,0.37952
10.4,22,400000,44395,0.110988,151938,0.379845
10.4,22.2,400000,44475,0.111187,151802,0.379505
10.4,22.4,400000,44578,0.111445,152557,0.381393
10.4,22.6,400000,44880,0.1122,152477,0.381192
10.4,22.8,400000,44875,0.112187,151834,0.379585
10.4,23,400000,44767,0.111918,151690,0.379225
10.4,23.2,400000,44940,0.11235,151959,0.379897
10.4,23.4,400000,44657,0.111643,152085,0.380213
10.4,23.6,400000,44660,0.11165,151987,0.379968
10.4,23.8,400000,44852,0.11213,152881,0.382203
10.4,24,400000,44746,0.111865,151873,0.379682
10.4,24.2,400000,44605,0.111513,152035,0.380088
10.4,24.4,400000,44921,0.112302,151943,0.379858
10.4,24.6,400000,44017,0.110043,151858,0.379645
10.4,24.8,400000,45261,0.113153,152242,0.380605
10.4,25,400000,45229,0.113073,152875,0.382188
10.4,25.2,400000,44408,0.11102,151712,0.37928
10.4,25.4,400000,45266,0.113165,152380,0.38095
10.4,25.6,400000,44480,0.1112,152087,0.380217
10.4,25.8,400000,45212,0.11303,152980,0.38245
10.4,26,400000,44619,0.111547,152176,0.38044
10.4,26.2,400000,44391,0.110978,152177,0.380443
10.4,26.4,400000,44556,0.11139,151721,0.379302
10.4,26.6,400000,44956,0.11239,152029,0.380072
10.4,26.8,400000,44478,0.111195,151772,0.37943
10.4,27,400000,44710,0.111775,151775,0.379437
10.4,27.2,400000,45282,0.113205,152482,0.381205
10.4,27.4,400000,45118,0.112795,152673,0.381682
10.4,27.6,400000,45206,0.113015,152077,0.380192
10.4,27.8,400000,45274,0.113185,152296,0.38074
10.4,28,400000,44615,0.111537,152264,0.38066
10.4,28.2,400000,44717,0.111793,152407,0.381018
10.4,28.4,400000,44862,0.112155,151897,0.379742
10.4,28.6,400000,44529,0.111323,152514,0.381285
10.4,28.8,400000,45057,0.112643,152371,0.380927
10.4,29,400000,44358,0.110895,151242,0.378105
10.4,29.2,400000,45191,0.112977,151733,0.379333
10.4,29.4,400000,44761,0.111903,152962,0.382405
10.4,29.6,400000,44689,0.111723,151920,0.3798
10.4,29.8,400000,44855,0.112138,152454,0.381135
10.4,30,400000,44732,0.11183,152020,0.38005
10.4,30.2,400000,44976,0.11244,152262,0.380655
10.4,30.4,400000,45079,0.112698,152534,0.381335
10.4,30.6,400000,44594,0.111485,151844,0.37961
10.4,30.8,400000,44818,0.112045,152508,0.38127
10.4,31,400000,44493,0.111232,152069,0.380173
10.4,31.2,400000,44941,0.112352,152209,0.380522
10.4,31.4,400000,44771,0.111927,152429,0.381072
10.4,31.6,400000,44824,0.11206,151550,0.378875
10.4,31.8,400000,45016,0.11254,151854,0.379635
10.4,32,400000,45202,0.113005,152386,0.380965
10.4,32.2,400000,43984,0.10996,151431,0.378578
10.4,32.4,400000,44488,0.11122,152307,0.380767
10.4,32.6,400000,44777,0.111943,152264,0.38066
10.4,32.8,400000,44728,0.11182,151402,0.378505
10.4,33,400000,44504,0.11126,152026,0.380065
10.4,33.2,400000,44297,0.110742,151879,0.379698
10.4,33.4,400000,44828,0.11207,151861,0.379653
10.4,33.6,400000,44464,0.11116,152154,0.380385
10.4,33.8,400000,44861,0.112153,152122,0.380305
10.4,34,400000,45010,0.112525,152024,0.38006
10.4,34.2,400000,44717,0.111793,151980,0.37995
10.4,34.4,400000,44771,0.111927,152365,0.380912
10.4,34.6,400000,44628,0.11157,151950,0.379875
10.4,34.8,400000,45123,0.112808,152488,0.38122
10.4,35,400000,44572,0.11143,152250,0.380625
10.4,35.2,400000,44407,0.111018,151912,0.37978
10.4,35.4,400000,44866,0.112165,152430,0.381075
10.4,35.6,400000,44243,0.110607,151936,0.37984
10.4,35.8,400000,44877,0.112193,152191,0.380478
10.4,36,400000,44722,0.111805,152108,0.38027
10.4,36.2,400000,44869,0.112172,152879,0.382198
10.4,36.4,400000,44976,0.11244,152292,0.38073
10.4,36.6,400000,44420,0.11105,152047,0.380117
10.4,36.8,400000,44963,0.112407,152064,0.38016
10.4,37,400000,44561,0.111403,151670,0.379175
10.4,37.2,400000,45448,0.11362,152944,0.38236
10.4,37.4,400000,44642,0.111605,152026,0.380065
10.4,37.6,400000,44979,0.112448,151808,0.37952
10.4,37.8,400000,45227,0.113068,152849,0.382122
10.4,38,400000,44771,0.111927,151451,0.378628
10.4,38.2,400000,44609,0.111522,151357,0.378393
10.4,38.4,400000,44819,0.112047,152086,0.380215
10.4,38.6,400000,44568,0.11142,152092,0.38023
10.4,38.8,400000,44887,0.112217,152271,0.380678
10.4,39,400000,44972,0.11243,152644,0.38161
10.4,39.2,400000,45446,0.113615,152555,0.381387
10.4,39.4,400000,44452,0.11113,152331,0.380827
10.4,39.6,400000,45122,0.112805,151748,0.37937
10.4,39.8,400000,44658,0.111645,152205,0.380512
10.4,40,400000,44811,0.112028,152174,0.380435
10.4,40.2,400000,44427,0.111067,151591,0.378978
10.4,40.4,400000,44659,0.111647,151476,0.37869
10.4,40.6,400000,44819,0.112047,152109,0.380273
10.4,40.8,400000,44666,0.111665,151389,0.378472
10.4,41,400000,44377,0.110942,151662,0.379155
10.4,41.2,400000,45012,0.11253,151828,0.37957
10.4,41.4,400000,44767,0.111918,152495,0.381238
10.4,41.6,400000,44773,0.111933,151440,0.3786
10.4,41.8,400000,44795,0.111988,152225,0.380563
10.4,42,400000,45266,0.113165,152102,0.380255
10.4,42.2,400000,44698,0.111745,152383,0.380958
10.4,42.4,400000,44957,0.112393,151680,0.3792
10.4,42.6,400000,44809,0.112022,152651,0.381628
10.4,42.8,400000,43966,0.109915,151135,0.377837
10.4,43,400000,44525,0.111312,151928,0.37982
10.4,43.2,400000,44685,0.111713,152129,0.380323
10.4,43.4,400000,44999,0.112498,152492,0.38123
10.4,43.6,400000,45233,0.113083,152375,0.380937
10.4,43.8,400000,44778,0.111945,151913,0.379783
10.4,44,400000,45061,0.112653,152253,0.380632
10.4,44.2,400000,44649,0.111622,151764,0.37941
10.4,44.4,400000,44336,0.11084,151427,0.378568
10.4,44.6,400000,44990,0.112475,152070,0.380175
10.4,44.8,400000,44594,0.111485,151554,0.378885
10.4,45,400000,45001,0.112503,152077,0.380192
10.4,45.2,400000,44229,0.110573,151587,0.378968
10.4,45.4,400000,44623,0.111558,151190,0.377975
10.4,45.6,400000,45091,0.112727,151844,0.37961
10.4,45.8,400000,44344,0.11086,151692,0.37923
10.4,46,400000,45059,0.112647,152444,0.38111
10.4,46.2,400000,45108,0.11277,152328,0.38082
10.4,46.4,400000,45271,0.113178,152393,0.380983
10.4,46.6,400000,44540,0.11135,152643,0.381607
10.4,46.8,400000,45321,0.113303,152535,0.381337
10.4,47,400000,45308,0.11327,152267,0.380667
10.4,47.2,400000,44944,0.11236,151735,0.379337
10.4,47.4,400000,44896,0.11224,151957,0.379893
10.4,47.6,400000,44849,0.112122,151417,0.378543
10.4,47.8,400000,45128,0.11282,152513,0.381283
10.4,48,400000,45517,0.113793,152777,0.381943
10.4,48.2,400000,45498,0.113745,152226,0.380565
10.4,48.4,400000,44492,0.11123,151687,0.379217
10.4,48.6,400000,45199,0.112998,151257,0.378142
10.4,48.8,400000,44796,0.11199,151890,0.379725
10.4,49,400000,44760,0.1119,152629,0.381572
10.4,49.2,400000,44671,0.111677,151247,0.378117
10.4,49.4,400000,45059,0.112647,151828,0.37957
10.4,49.6,400000,44740,0.11185,151822,0.379555
10.4,49.8,400000,44475,0.111187,151440,0.3786
10.4,50,400000,44775,0.111937,152630,0.381575
10.6,-50,400000,44802,0.112005,151956,0.37989
10.6,-49.8,400000,45124,0.11281,152486,0.381215
10.6,-49.6,400000,44744,0.11186,151501,0.378752
10.6,-49.4,400000,45090,0.112725,151655,0.379138
10.6,-49.2,400000,44842,0.112105,151594,0.378985
10.6,-49,400000,44956,0.11239,152112,0.38028
10.6,-48.8,400000,45115,0.112787,152455,0.381138
10.6,-48.6,400000,44513,0.111283,151978,0.379945
10.6,-48.4,400000,44659,0.111647,151903,0.379758
10.6,-48.2,400000,45233,0.113083,152918,0.382295
10.6,-48,400000,44834,0.112085,152126,0.380315
10.6,-47.8,400000,44515,0.111287,152049,0.380122
10.6,-47.6,400000,44553,0.111382,151563,0.378908
10.6,-47.4,400000,44672,0.11168,151059,0.377648
10.6,-47.2,400000,44674,0.111685,151679,0.379198
10.6,-47,400000,45006,0.112515,152256,0.38064
10.6,-46.8,400000,44581,0.111452,151780,0.37945
10.6,-46.6,400000,44768,0.11192,152114,0.380285
10.6,-46.4,400000,44987,0.112467,152016,0.38004
10.6,-46.2,400000,44755,0.111888,152482,0.381205
10.6,-46,400000,44927,0.112318,151664,0.37916
10.6,-45.8,400000,44822,0.112055,152217,0.380543
10.6,-45.6,400000,44857,0.112143,152573,0.381433
10.6,-45.4,400000,44592,0.11148,151285,0.378213
10.6,-45.2,400000,44550,0.111375,151843,0.379607
10.6,-45,400000,44885,0.112213,152463,0.381157
10.6,-44.8,400000,44844,0.11211,152767,0.381918
10.6,-44.6,400000,44818,0.112045,152243,0.380607
10.6,-44.4,400000,44406,0.111015,151315,0.378287
10.6,-44.2,400000,45053,0.112632,151758,0.379395
10.6,-44,400000,44706,0.111765,152195,0.380487
10.6,-43.8,400000,45134,0.112835,151749,0.379373
10.6,-43.6,400000,45026,0.112565,152464,0.38116
10.6,-43.4,400000,44931,0.112327,151837,0.379592
10.6,-43.2,400000,44752,0.11188,152235,0.380588
10.6,-43,400000,44770,0.111925,152376,0.38094
10.6,-42.8,400000,45033,0.112583,151971,0.379927
10.6,-42.6,400000,44558,0.111395,151983,0.379958
10.6,-42.4,400000,44866,0.112165,152307,0.380767
10.6,-42.2,400000,44399,0.110997,151999,0.379997
10.6,-42,400000,45501,0.113753,151891,0.379727
10.6,-41.8,400000,44825,0.112062,151858,0.379645
10.6,-41.6,400000,44888,0.11222,151748,0.37937
10.6,-41.4,400000,44564,0.11141,151854,0.379635
10.6,-41.2,400000,44606,0.111515,152224,0.38056
10.6,-41,400000,44788,0.11197,151933,0.379833
10.6,-40.8,400000,45065,0.112662,151907,0.379767
10.6,-40.6,400000,44704,0.11176,151731,0.379327
10.6,-40.4,400000,43992,0.10998,151961,0.379902
10.6,-40.2,400000,44824,0.11206,151712,0.37928
10.6,-40,400000,44594,0.111485,152155,0.380387
10.6,-39.8,400000,44474,0.111185,151844,0.37961
10.6,-39.6,400000,44613,0.111533,152028,0.38007
10.6,-39.4,400000,44780,0.11195,152088,0.38022
10.6,-39.2,400000,44825,0.112062,152280,0.3807
10.6,-39,400000,44976,0.11244,152284,0.38071
10.6,-38.8,400000,44671,0.111677,151982,0.379955
10.6,-38.6,400000,44656,0.11164,152474,0.381185
10.6,-38.4,400000,45214,0.113035,151886,0.379715
10.6,-38.2,400000,44726,0.111815,152254,0.380635
10.6,-38,400000,45053,0.112632,151730,0.379325
10.6,-37.8,400000,45027,0.112568,152162,0.380405
10.6,-37.6,400000,44832,0.11208,152417,0.381043
10.6,-37.4,400000,44842,0.112105,151664,0.37916
10.6,-37.2,400000,45008,0.11252,152662,0.381655
10.6,-37,400000,44212,0.11053,151959,0.379897
10.6,-36.8,400000,44916,0.11229,152285,0.380713
10.6,-36.6,400000,44695,0.111738,152529,0.381323
10.6,-36.4,400000,44774,0.111935,151869,0.379673
10.6,-36.2,400000,45190,0.112975,152029,0.380072
10.6,-36,400000,44649,0.111622,151088,0.37772
10.6,-35.8,400000,44841,0.112102,152361,0.380902
10.6,-35.6,400000,45045,0.112613,152543,0.381358
10.6,-35.4,400000,45117,0.112793,152855,0.382138
10.6,-35.2,400000,44795,0.111988,151336,0.37834
10.6,-35,400000,45209,0.113022,152183,0.380458
10.6,-34.8,400000,44403,0.111007,152179,0.380447
10.6,-34.6,400000,44601,0.111503,152458,0.381145
10.6,-34.4,400000,44762,0.111905,152005,0.380012
10.6,-34.2,400000,44707,0.111768,151908,0.37977
10.6,-34,400000,44700,0.11175,152469,0.381173
10.6,-33.8,400000,45053,0.112632,152205,0.380512
10.6,-33.6,400000,44622,0.111555,151956,0.37989
10.6,-33.4,400000,44158,0.110395,150913,0.377283
10.6,-33.2,400000,44827,0.112068,151950,0.379875
10.6,-33,400000,45360,0.1134,152490,0.381225
10.6,-32.8,400000,44685,0.111713,151782,0.379455
10.6,-32.6,400000,45277,0.113193,152572,0.38143
10.6,-32.4,400000,44799,0.111997,152552,0.38138
10.6,-32.2,400000,44597,0.111492,152178,0.380445
10.6,-32,400000,44127,0.110317,152213,0.380532
10.6,-31.8,400000,44952,0.11238,152590,0.381475
10.6,-31.6,400000,45129,0.112823,152812,0.38203
10.6,-31.4,400000,44818,0.112045,152375,0.380937
10.6,-31.2,400000,44482,0.111205,152155,0.380387
10.6,-31,400000,44609,0.111522,152269,0.380673
10.6,-30.8,400000,44978,0.112445,152046,0.380115
10.6,-30.6,400000,44873,0.112183,152419,0.381047
10.6,-30.4,400000,45361,0.113403,152492,0.38123
10.6,-30.2,400000,44344,0.11086,151627,0.379068
10.6,-30,400000,44770,0.111925,152621,0.381553
10.6,-29.8,400000,44352,0.11088,152102,0.380255
10.6,-29.6,400000,44912,0.11228,152964,0.38241
10.6,-29.4,400000,44810,0.112025,152160,0.3804
10.6,-29.2,400000,44626,0.111565,152130,0.380325
10.6,-29,400000,44846,0.112115,152226,0.380565
10.6,-28.8,400000,45064,0.11266,152309,0.380773
10.6,-28.6,400000,44467,0.111168,151972,0.37993
10.6,-28.4,400000,44759,0.111897,152473,0.381182
10.6,-28.2,400000,45111,0.112778,152490,0.381225
10.6,-28,400000,44647,0.111617,152531,0.381327
10.6,-27.8,400000,45087,0.112717,152136,0.38034
10.6,-27.6,400000,44771,0.111927,152089,0.380223
10.6,-27.4,400000,44949,0.112373,152392,0.38098
10.6,-27.2,400000,44943,0.112357,152175,0.380437
10.6,-27,400000,44579,0.111448,151821,0.379553
10.6,-26.8,400000,44111,0.110278,151533,0.378833
10.6,-26.6,400000,44764,0.11191,152185,0.380462
10.6,-26.4,400000,44801,0.112003,151874,0.379685
10.6,-26.2,400000,44924,0.11231,152321,0.380802
10.6,-26,400000,44726,0.111815,152713,0.381783
10.6,-25.8,400000,44850,0.112125,152390,0.380975
10.6,-25.6,400000,45101,0.112753,152403,0.381007
10.6,-25.4,400000,44770,0.111925,152413,0.381032
10.6,-25.2,400000,44640,0.1116,151682,0.379205
10.6,-25,400000,44847,0.112117,152414,0.381035
10.6,-24.8,400000,44635,0.111588,151929,0.379823
10.6,-24.6,400000,45033,0.112583,152202,0.380505
10.6,-24.4,400000,45323,0.113308,152427,0.381068
10.6,-24.2,400000,45170,0.112925,152356,0.38089
10.6,-24,400000,44861,0.112153,151376,0.37844
10.6,-23.8,400000,44659,0.111647,152295,0.380738
10.6,-23.6,400000,44837,0.112092,152215,0.380537
10.6,-23.4,400000,45606,0.114015,152784,0.38196
10.6,-23.2,400000,45344,0.11336,152072,0.38018
10.6,-23,400000,45077,0.112693,152732,0.38183
10.6,-22.8,400000,45230,0.113075,152372,0.38093
10.6,-22.6,400000,44748,0.11187,152382,0.380955
10.6,-22.4,400000,44935,0.112338,152218,0.380545
10.6,-22.2,400000,45241,0.113102,152478,0.381195
10.6,-22,400000,44580,0.11145,151928,0.37982
10.6,-21.8,400000,44719,0.111797,152544,0.38136
10.6,-21.6,400000,44683,0.111708,151940,0.37985
10.6,-21.4,400000,45198,0.112995,152408,0.38102
10.6,-21.2,400000,44918,0.112295,152614,0.381535
10.6,-21,400000,45129,0.112823,151971,0.379927
10.6,-20.8,400000,44575,0.111437,151667,0.379167
10.6,-20.6,400000,44348,0.11087,152070,0.380175
10.6,-20.4,400000,44558,0.111395,152766,0.381915
10.6,-20.2,400000,44726,0.111815,152751,0.381877
10.6,-20,400000,44680,0.1117,152326,0.380815
10.6,-19.8,400000,44898,0.112245,152013,0.380032
10.6,-19.6,400000,44262,0.110655,152072,0.38018
10.6,-19.4,400000,44271,0.110677,151973,0.379933
10.6,-19.2,400000,45090,0.112725,152915,0.382288
10.6,-19,400000,45049,0.112623,152085,0.380213
10.6,-18.8,400000,45446,0.113615,153189,0.382972
10.6,-18.6,400000,45282,0.113205,152531,0.381327
10.6,-18.4,400000,44939,0.112348,152141,0.380352
10.6,-18.2,400000,45068,0.11267,152284,0.38071
10.6,-18,400000,44777,0.111943,152690,0.381725
10.6,-17.8,400000,44188,0.11047,152068,0.38017
10.6,-17.6,400000,44974,0.112435,152736,0.38184
10.6,-17.4,400000,45178,0.112945,152560,0.3814
10.6,-17.2,400000,45265,0.113162,152078,0.380195
10.6,-17,400000,45128,0.11282,151991,0.379978
10.6,-16.8,400000,44592,0.11148,152000,0.38
10.6,-16.6,400000,44645,0.111613,152255,0.380638
10.6,-16.4,400000,44808,0.11202,152235,0.380588
10.6,-16.2,400000,44580,0.11145,151866,0.379665
10.6,-16,400000,44346,0.110865,152122,0.380305
10.6,-15.8,400000,44224,0.11056,152069,0.380173
10.6,-15.6,400000,45487,0.113717,152691,0.381727
10.6,-15.4,400000,44901,0.112253,152422,0.381055
10.6,-15.2,400000,44703,0.111757,152517,0.381292
10.6,-15,400000,44941,0.112352,152640,0.3816
10.6,-14.8,400000,44705,0.111763,152365,0.380912
10.6,-14.6,400000,44546,0.111365,152425,0.381063
10.6,-14.4,400000,44952,0.11238,152516,0.38129
10.6,-14.2,400000,44901,0.112253,152688,0.38172
10.6,-14,400000,44751,0.111878,152260,0.38065
10.6,-13.8,400000,44792,0.11198,152001,0.380003
10.6,-13.6,400000,44882,0.112205,152458,0.381145
10.6,-13.4,400000,44877,0.112193,152512,0.38128
10.6,-13.2,400000,44597,0.111492,152304,0.38076
10.6,-13,400000,45287,0.113217,152354,0.380885
10.6,-12.8,400000,44981,0.112452,151252,0.37813
10.6,-12.6,400000,44408,0.11102,151611,0.379028
10.6,-12.4,400000,44630,0.111575,152005,0.380012
10.6,-12.2,400000,45177,0.112943,152440,0.3811
10.6,-12,400000,45040,0.1126,152519,0.381298
10.6,-11.8,400000,44516,0.11129,151820,0.37955
10.6,-11.6,400000,44423,0.111058,151926,0.379815
10.6,-11.4,400000,45070,0.112675,151812,0.37953
10.6,-11.2,400000,44797,0.111992,151847,0.379617
10.6,-11,400000,44821,0.112052,152531,0.381327
10.6,-10.8,400000,44568,0.11142,152335,0.380837
10.6,-10.6,400000,44602,0.111505,152234,0.380585
10.6,-10.4,400000,44633,0.111583,152132,0.38033
10.6,-10.2,400000,44957,0.112393,152725,0.381812
10.6,-10,400000,44892,0.11223,152235,0.380588
10.6,-9.8,400000,44849,0.112122,152038,0.380095
10.6,-9.6,400000,44760,0.1119,152121,0.380302
10.6,-9.4,400000,45297,0.113242,152385,0.380962
10.6,-9.2,400000,44329,0.110823,151703,0.379258
10.6,-9,400000,44880,0.1122,152306,0.380765
10.6,-8.8,400000,45409,0.113522,153039,0.382597
10.6,-8.6,400000,44667,0.111668,151699,0.379248
10.6,-8.4,400000,44698,0.111745,152423,0.381057
10.6,-8.2,400000,44902,0.112255,152436,0.38109
10.6,-8,400000,44814,0.112035,151775,0.379437
10.6,-7.8,400000,45010,0.112525,152839,0.382097
10.6,-7.6,400000,44403,0.111007,152348,0.38087
10.6,-7.4,400000,44404,0.11101,152101,0.380252
10.6,-7.2,400000,44527,0.111317,152326,0.380815
10.6,-7,400000,44716,0.11179,152262,0.380655
10.6,-6.8,400000,44775,0.111937,152492,0.38123
10.6,-6.6,400000,44728,0.11182,151995,0.379987
10.6,-6.4,400000,44695,0.111738,152374,0.380935
10.6,-6.2,400000,44855,0.112138,151611,0.379028
10.6,-6,400000,44853,0.112132,152564,0.38141
10.6,-5.8,400000,44911,0.112278,152274,0.380685
10.6,-5.6,400000,44924,0.11231,152694,0.381735
10.6,-5.4,400000,45148,0.11287,152278,0.380695
10.6,-5.2,400000,44927,0.112318,152182,0.380455
10.6,-5,400000,44406,0.111015,151738,0.379345
10.6,-4.8,400000,44277,0.110692,152287,0.380717
10.6,-4.6,400000,44730,0.111825,152614,0.381535
10.6,-4.4,400000,44839,0.112098,152534,0.381335
10.6,-4.2,400000,44251,0.110628,152090,0.380225
10.6,-4,400000,44696,0.11174,152093,0.380232
10.6,-3.8,400000,44634,0.111585,152060,0.38015
10.6,-3.6,400000,44927,0.112318,152073,0.380182
10.6,-3.4,400000,45418,0.113545,152544,0.38136
10.6,-3.2,400000,44821,0.112052,152555,0.381387
10.6,-3,400000,44645,0.111613,151881,0.379702
10.6,-2.8,400000,44724,0.11181,152018,0.380045
10.6,-2.6,400000,45501,0.113753,153149,0.382873
10.6,-2.4,400000,44611,0.111528,152645,0.381613
10.6,-2.2,400000,45435,0.113587,152718,0.381795
10.6,-2,400000,44658,0.111645,152478,0.381195
10.6,-1.8,400000,44865,0.112162,151445,0.378613
10.6,-1.6,400000,44677,0.111693,152105,0.380263
10.6,-1.4,400000,44802,0.112005,152635,0.381588
10.6,-1.2,400000,45092,0.11273,152412,0.38103
10.6,-1,400000,45473,0.113683,152080,0.3802
10.6,-0.8,400000,45047,0.112617,151819,0.379547
10.6,-0.6,400000,44867,0.112168,151697,0.379242
10.6,-0.4,400000,44696,0.11174,151986,0.379965
10.6,-0.2,400000,44633,0.111583,152468,0.38117
10.6,0,400000,44502,0.111255,152134,0.380335
10.6,0.2,400000,44605,0.111513,152504,0.38126
10.6,0.4,400000,44915,0.112287,151373,0.378433
10.6,0.6,400000,44704,0.11176,151490,0.378725
10.6,0.8,400000,44962,0.112405,152618,0.381545
10.6,1,400000,44806,0.112015,152243,0.380607
10.6,1.2,400000,44949,0.112373,151830,0.379575
10.6,1.4,400000,45174,0.112935,152094,0.380235
10.6,1.6,400000,44631,0.111577,151910,0.379775
10.6,1.8,400000,44446,0.111115,151797,0.379493
10.6,2,400000,44872,0.11218,152263,0.380657
10.6,2.2,400000,45313,0.113282,152111,0.380277
10.6,2.4,400000,44837,0.112092,151923,0.379808
10.6,2.6,400000,44724,0.11181,151292,0.37823
10.6,2.8,400000,44743,0.111857,152400,0.381
10.6,3,400000,44833,0.112083,152080,0.3802
10.6,3.2,400000,44794,0.111985,152085,0.380213
10.6,3.4,400000,44903,0.112257,152353,0.380883
10.6,3.6,400000,44948,0.11237,151843,0.379607
10.6,3.8,400000,44532,0.11133,151760,0.3794
10.6,4,400000,44750,0.111875,151896,0.37974
10.6,4.2,400000,45570,0.113925,152261,0.380653
10.6,4.4,400000,44972,0.11243,151887,0.379717
10.6,4.6,400000,44791,0.111977,151870,0.379675
10.6,4.8,400000,45027,0.112568,151647,0.379117
10.6,5,400000,44617,0.111543,151950,0.379875
10.6,5.2,400000,44467,0.111168,151940,0.37985
10.6,5.4,400000,44758,0.111895,152159,0.380397
10.6,5.6,400000,44887,0.112217,151546,0.378865
10.6,5.8,400000,45059,0.112647,152609,0.381522
10.6,6,400000,44795,0.111988,151916,0.37979
10.6,6.2,400000,44703,0.111757,151599,0.378997
10.6,6.4,400000,45304,0.11326,153270,0.383175
10.6,6.6,400000,44969,0.112422,151793,0.379483
10.6,6.8,400000,44760,0.1119,152563,0.381408
10.6,7,400000,44373,0.110933,152194,0.380485
10.6,7.2,400000,44804,0.11201,151883,0.379707
10.6,7.4,400000,45060,0.11265,152022,0.380055
10.6,7.6,400000,44533,0.111333,151582,0.378955
10.6,7.8,400000,45019,0.112547,152387,0.380968
10.6,8,400000,44840,0.1121,152452,0.38113
10.6,8.2,400000,44969,0.112422,152108,0.38027
10.6,8.4,400000,44809,0.112022,152471,0.381178
10.6,8.6,400000,44568,0.11142,151981,0.379953
10.6,8.8,400000,44324,0.11081,151287,0.378217
10.6,9,400000,44879,0.112198,152109,0.380273
10.6,9.2,400000,45081,0.112702,152777,0.381943
10.6,9.4,400000,45127,0.112818,152121,0.380302
10.6,9.6,400000,44676,0.11169,151906,0.379765
10.6,9.8,400000,45016,0.11254,152329,0.380823
10.6,10,400000,44800,0.112,152303,0.380758
10.6,10.2,400000,45326,0.113315,152547,0.381368
10.6,10.4,400000,44599,0.111497,151723,0.379308
10.6,10.6,400000,44555,0.111388,151869,0.379673
10.6,10.8,400000,44656,0.11164,151658,0.379145
10.6,11,400000,45074,0.112685,152092,0.38023
10.6,11.2,400000,44770,0.111925,152050,0.380125
10.6,11.4,400000,44250,0.110625,151767,0.379418
10.6,11.6,400000,44866,0.112165,151763,0.379408
10.6,11.8,400000,44811,0.112028,151949,0.379873
10.6,12,400000,45210,0.113025,151935,0.379837
10.6,12.2,400000,44513,0.111283,152481,0.381202
10.6,12.4,400000,45067,0.112668,151781,0.379453
10.6,12.6,400000,44637,0.111592,152726,0.381815
10.6,12.8,400000,44963,0.112407,152656,0.38164
10.6,13,400000,45089,0.112723,152084,0.38021
10.6,13.2,400000,44180,0.11045,151772,0.37943
10.6,13.4,400000,44351,0.110878,151955,0.379887
10.6,13.6,400000,45034,0.112585,152360,0.3809
10.6,13.8,400000,44653,0.111632,152201,0.380503
10.6,14,400000,44842,0.112105,151463,0.378657
10.6,14.2,400000,45100,0.11275,152614,0.381535
10.6,14.4,400000,44945,0.112363,151711,0.379277
10.6,14.6,400000,44932,0.11233,152203,0.380507
10.6,14.8,400000,44575,0.111437,151929,0.379823
10.6,15,400000,45180,0.11295,152563,0.381408
10.6,15.2,400000,45100,0.11275,152274,0.380685
10.6,15.4,400000,44814,0.112035,152064,0.38016
10.6,15.6,400000,44632,0.11158,151789,0.379472
10.6,15.8,400000,44995,0.112488,151964,0.37991
10.6,16,400000,45270,0.113175,153073,0.382682
10.6,16.2,400000,44838,0.112095,151630,0.379075
10.6,16.4,400000,45150,0.112875,153068,0.38267
10.6,16.6,400000,44447,0.111117,151469,0.378673
10.6,16.8,400000,44451,0.111128,151517,0.378792
10.6,17,400000,45435,0.113587,152755,0.381887
10.6,17.2,400000,44559,0.111397,152816,0.38204
10.6,17.4,400000,44733,0.111833,152421,0.381053
10.6,17.6,400000,44554,0.111385,152144,0.38036
10.6,17.8,400000,44555,0.111388,152304,0.38076
10.6,18,400000,44952,0.11238,152184,0.38046
10.6,18.2,400000,45301,0.113253,152206,0.380515
10.6,18.4,400000,44893,0.112232,152556,0.38139
10.6,18.6,400000,45091,0.112727,151776,0.37944
10.6,18.8,400000,44448,0.11112,151867,0.379667
10.6,19,400000,44884,0.11221,152288,0.38072
10.6,19.2,400000,44455,0.111138,152442,0.381105
10.6,19.4,400000,44776,0.11194,152211,0.380528
10.6,19.6,400000,44713,0.111783,152168,0.38042
10.6,19.8,400000,44388,0.11097,152114,0.380285
10.6,20,400000,44483,0.111208,151675,0.379188
10.6,20.2,400000,45152,0.11288,152266,0.380665
10.6,20.4,400000,44875,0.112187,152112,0.38028
10.6,20.6,400000,44761,0.111903,152328,0.38082
10.6,20.8,400000,45688,0.11422,152466,0.381165
10.6,21,400000,45026,0.112565,152242,0.380605
10.6,21.2,400000,44473,0.111183,151931,0.379827
10.6,21.4,400000,45124,0.11281,151744,0.37936
10.6,21.6,400000,44637,0.111592,151780,0.37945
10.6,21.8,400000,44828,0.11207,152054,0.380135
10.6,22,400000,44569,0.111422,151814,0.379535
10.6,22.2,400000,44509,0.111272,152168,0.38042
10.6,22.4,400000,44895,0.112238,152459,0.381147
10.6,22.6,400000,45720,0.1143,152472,0.38118
10.6,22.8,400000,44893,0.112232,152672,0.38168
10.6,23,400000,44949,0.112373,152745,0.381862
10.6,23.2,400000,44879,0.112198,152234,0.380585
10.6,23.4,400000,44922,0.112305,152245,0.380613
10.6,23.6,400000,44837,0.112092,152296,0.38074
10.6,23.8,400000,45052,0.11263,151909,0.379773
10.6,24,400000,44459,0.111147,152216,0.38054
10.6,24.2,400000,44652,0.11163,151802,0.379505
10.6,24.4,400000,45336,0.11334,152894,0.382235
10.6,24.6,400000,44852,0.11213,152745,0.381862
10.6,24.8,400000,44382,0.110955,151822,0.379555
10.6,25,400000,44525,0.111312,151894,0.379735
10.6,25.2,400000,45307,0.113267,151975,0.379937
10.6,25.4,400000,44861,0.112153,152470,0.381175
10.6,25.6,400000,44965,0.112412,151755,0.379387
10.6,25.8,400000,44836,0.11209,151945,0.379862
10.6,26,400000,45164,0.11291,152133,0.380333
10.6,26.2,400000,44584,0.11146,152321,0.380802
10.6,26.4,400000,45256,0.11314,151653,0.379132
10.6,26.6,400000,44829,0.112073,151693,0.379232
10.6,26.8,400000,44782,0.111955,151677,0.379192
10.6,27,400000,44421,0.111052,152672,0.38168
10.6,27.2,400000,44751,0.111878,152446,0.381115
10.6,27.4,400000,44972,0.11243,151880,0.3797
10.6,27.6,400000,44742,0.111855,152360,0.3809
10.6,27.8,400000,45150,0.112875,151807,0.379518
10.6,28,400000,44853,0.112132,152108,0.38027
10.6,28.2,400000,44862,0.112155,152086,0.380215
10.6,28.4,400000,44812,0.11203,152438,0.381095
10.6,28.6,400000,44848,0.11212,152085,0.380213
10.6,28.8,400000,45419,0.113547,152777,0.381943
10.6,29,400000,44947,0.112367,152076,0.38019
10.6,29.2,400000,45032,0.11258,152591,0.381478
10.6,29.4,400000,45080,0.1127,151784,0.37946
10.6,29.6,400000,44581,0.111452,152147,0.380368
10.6,29.8,400000,45389,0.113473,152338,0.380845
10.6,30,400000,44249,0.110622,151872,0.37968
10.6,30.2,400000,44882,0.112205,152749,0.381873
10.6,30.4,400000,44789,0.111973,152190,0.380475
10.6,30.6,400000,45138,0.112845,152488,0.38122
10.6,30.8,400000,45027,0.112568,152272,0.38068
10.6,31,400000,44923,0.112308,152199,0.380497
10.6,31.2,400000,45574,0.113935,152256,0.38064
10.6,31.4,400000,45075,0.112687,152494,0.381235
10.6,31.6,400000,44742,0.111855,152096,0.38024
10.6,31.8,400000,44949,0.112373,151453,0.378632
10.6,32,400000,44836,0.11209,151826,0.379565
10.6,32.2,400000,45002,0.112505,153223,0.383057
10.6,32.4,400000,44688,0.11172,151866,0.379665
10.6,32.6,400000,45334,0.113335,151938,0.379845
10.6,32.8,400000,44718,0.111795,152391,0.380978
10.6,33,400000,44992,0.11248,152085,0.380213
10.6,33.2,400000,44678,0.111695,152334,0.380835
10.6,33.4,400000,44412,0.11103,152332,0.38083
10.6,33.6,400000,45111,0.112778,152714,0.381785
10.6,33.8,400000,45665,0.114163,152822,0.382055
10.6,34,400000,44321,0.110802,151782,0.379455
10.6,34.2,400000,45113,0.112782,151806,0.379515
10.6,34.4,400000,45131,0.112827,152089,0.380223
10.6,34.6,400000,44361,0.110903,151395,0.378487
10.6,34.8,400000,44267,0.110668,152025,0.380063
10.6,35,400000,44913,0.112282,152460,0.38115
10.6,35.2,400000,45017,0.112543,152220,0.38055
10.6,35.4,400000,44482,0.111205,152031,0.380078
10.6,35.6,400000,44584,0.11146,152180,0.38045
10.6,35.8,400000,44406,0.111015,151942,0.379855
10.6,36,400000,44941,0.112352,152392,0.38098
10.6,36.2,400000,44949,0.112373,151551,0.378877
10.6,36.4,400000,45343,0.113357,152884,0.38221
10.6,36.6,400000,45165,0.112912,153509,0.383773
10.6,36.8,400000,44311,0.110778,151987,0.379968
10.6,37,400000,44570,0.111425,151689,0.379223
10.6,37.2,400000,44888,0.11222,152643,0.381607
10.6,37.4,400000,44496,0.11124,151987,0.379968
10.6,37.6,400000,44844,0.11211,152106,0.380265
10.6,37.8,400000,44883,0.112208,151983,0.379958
10.6,38,400000,44273,0.110683,151947,0.379868
10.6,38.2,400000,45313,0.113282,152312,0.38078
10.6,38.4,400000,45471,0.113678,152637,0.381593
10.6,38.6,400000,44636,0.11159,151947,0.379868
10.6,38.8,400000,45173,0.112933,152280,0.3807
10.6,39,400000,44885,0.112213,152463,0.381157
10.6,39.2,400000,44584,0.11146,152044,0.38011
10.6,39.4,400000,44320,0.1108,151576,0.37894
10.6,39.6,400000,44812,0.11203,152202,0.380505
10.6,39.8,400000,44868,0.11217,152105,0.380263
10.6,40,400000,44872,0.11218,152278,0.380695
10.6,40.2,400000,45122,0.112805,152321,0.380802
10.6,40.4,400000,44809,0.112022,151882,0.379705
10.6,40.6,400000,44858,0.112145,151687,0.379217
10.6,40.8,400000,44997,0.112492,152342,0.380855
10.6,41,400000,45024,0.11256,152126,0.380315
10.6,41.2,400000,44679,0.111698,151935,0.379837
10.6,41.4,400000,44858,0.112145,151846,0.379615
10.6,41.6,400000,44295,0.110738,151741,0.379352
10.6,41.8,400000,44310,0.110775,152055,0.380138
10.6,42,400000,44760,0.1119,151919,0.379798
10.6,42.2,400000,45086,0.112715,151825,0.379563
10.6,42.4,400000,45116,0.11279,152066,0.380165
10.6,42.6,400000,44726,0.111815,152164,0.38041
10.6,42.8,400000,44389,0.110973,152303,0.380758
10.6,43,400000,44980,0.11245,152182,0.380455
10.6,43.2,400000,44122,0.110305,151550,0.378875
10.6,43.4,400000,44489,0.111223,151774,0.379435
10.6,43.6,400000,45340,0.11335,152552,0.38138
10.6,43.8,400000,44764,0.11191,151711,0.379277
10.6,44,400000,44770,0.111925,152049,0.380122
10.6,44.2,400000,45231,0.113077,152303,0.380758
10.6,44.4,400000,44457,0.111143,151869,0.379673
10.6,44.6,400000,44834,0.112085,151895,0.379738
10.6,44.8,400000,44945,0.112363,152496,0.38124
10.6,45,400000,45290,0.113225,152472,0.38118
10.6,45.2,400000,44641,0.111602,151897,0.379742
10.6,45.4,400000,44486,0.111215,152304,0.38076
10.6,45.6,400000,44882,0.112205,152264,0.38066
10.6,45.8,400000,44498,0.111245,152047,0.380117
10.6,46,400000,44731,0.111827,151975,0.379937
10.6,46.2,400000,44676,0.11169,151931,0.379827
10.6,46.4,400000,45082,0.112705,152188,0.38047
10.6,46.6,400000,45374,0.113435,152204,0.38051
10.6,46.8,400000,44886,0.112215,152101,0.380252
10.6,47,400000,44542,0.111355,151889,0.379723
10.6,47.2,400000,44897,0.112242,152092,0.38023
10.6,47.4,400000,45091,0.112727,151935,0.379837
10.6,47.6,400000,44521,0.111302,151497,0.378742
10.6,47.8,400000,44954,0.112385,152026,0.380065
10.6,48,400000,45181,0.112952,151743,0.379358
10.6,48.2,400000,44473,0.111183,151860,0.37965
10.6,48.4,400000,44600,0.1115,152158,0.380395
10.6,48.6,400000,44991,0.112477,152330,0.380825
10.6,48.8,400000,44998,0.112495,151732,0.37933
10.6,49,400000,44970,0.112425,152615,0.381537
10.6,49.2,400000,45069,0.112672,152458,0.381145
10.6,49.4,400000,45025,0.112562,151559,0.378897
10.6,49.6,400000,44624,0.11156,152422,0.381055
10.6,49.8,400000,44796,0.11199,151746,0.379365
10.6,50,400000,44889,0.112223,151901,0.379752
10.8,-50,400000,45124,0.11281,152515,0.381288
10.8,-49.8,400000,44349,0.110872,152013,0.380032
10.8,-49.6,400000,44179,0.110448,151633,0.379082
10.8,-49.4,400000,45084,0.11271,152885,0.382213
10.8,-49.2,400000,44640,0.1116,152931,0.382327
10.8,-49,400000,44689,0.111723,152169,0.380422
10.8,-48.8,400000,44906,0.112265,151422,0.378555
10.8,-48.6,400000,44707,0.111768,152302,0.380755
10.8,-48.4,400000,44794,0.111985,151669,0.379173
10.8,-48.2,400000,44825,0.112062,152109,0.380273
10.8,-48,400000,44578,0.111445,152124,0.38031
10.8,-47.8,400000,44730,0.111825,151842,0.379605
10.8,-47.6,400000,44990,0.112475,152125,0.380312
10.8,-47.4,400000,45449,0.113623,152252,0.38063
10.8,-47.2,400000,44767,0.111918,151891,0.379727
10.8,-47,400000,45222,0.113055,152285,0.380713
10.8,-46.8,400000,44458,0.111145,151893,0.379732
10.8,-46.6,400000,44587,0.111467,151658,0.379145
10.8,-46.4,400000,45388,0.11347,152179,0.380447
10.8,-46.2,400000,44529,0.111323,151780,0.37945
10.8,-46,400000,44528,0.11132,152327,0.380817
10.8,-45.8,400000,44729,0.111823,152244,0.38061
10.8,-45.6,400000,44867,0.112168,151488,0.37872
10.8,-45.4,400000,45184,0.11296,152134,0.380335
10.8,-45.2,400000,44889,0.112223,152250,0.380625
10.8,-45,400000,45107,0.112768,152031,0.380078
10.8,-44.8,400000,44773,0.111933,151254,0.378135
10.8,-44.6,400000,44992,0.11248,152314,0.380785
10.8,-44.4,400000,44966,0.112415,152610,0.381525
10.8,-44.2,400000,45476,0.11369,152211,0.380528
10.8,-44,400000,44689,0.111723,151411,0.378528
10.8,-43.8,400000,44811,0.112028,152240,0.3806
10.8,-43.6,400000,44744,0.11186,152093,0.380232
10.8,-43.4,400000,45004,0.11251,152212,0.38053
10.8,-43.2,400000,44701,0.111753,151859,0.379648
10.8,-43,400000,44653,0.111632,152044,0.38011
10.8,-42.8,400000,44644,0.11161,152137,0.380342
10.8,-42.6,400000,44720,0.1118,152394,0.380985
10.8,-42.4,400000,44546,0.111365,151407,0.378518
10.8,-42.2,400000,44760,0.1119,151898,0.379745
10.8,-42,400000,45020,0.11255,151468,0.37867
10.8,-41.8,400000,44859,0.112147,152177,0.380443
10.8,-41.6,400000,44394,0.110985,151799,0.379497
10.8,-41.4,400000,45200,0.113,152372,0.38093
10.8,-41.2,400000,44968,0.11242,151962,0.379905
10.8,-41,400000,44519,0.111297,152091,0.380227
10.8,-40.8,400000,44666,0.111665,151647,0.379117
10.8,-40.6,400000,45076,0.11269,151936,0.37984
10.8,-40.4,400000,44761,0.111903,152390,0.380975
10.8,-40.2,400000,44526,0.111315,151602,0.379005
10.8,-40,400000,45059,0.112647,152077,0.380192
10.8,-39.8,400000,44306,0.110765,152347,0.380868
10.8,-39.6,400000,45053,0.112632,152006,0.380015
10.8,-39.4,400000,44426,0.111065,152367,0.380918
10.8,-39.2,400000,44342,0.110855,151564,0.37891
10.8,-39,400000,45126,0.112815,152297,0.380742
10.8,-38.8,400000,45013,0.112532,152587,0.381468
10.8,-38.6,400000,44605,0.111513,152261,0.380653
10.8,-38.4,400000,44833,0.112083,152106,0.380265
10.8,-38.2,400000,45352,0.11338,152066,0.380165
10.8,-38,400000,45118,0.112795,152441,0.381103
10.8,-37.8,400000,44552,0.11138,152084,0.38021
10.8,-37.6,400000,44847,0.112117,152097,0.380242
10.8,-37.4,400000,45094,0.112735,152399,0.380997
10.8,-37.2,400000,44661,0.111653,151166,0.377915
10.8,-37,400000,44938,0.112345,152080,0.3802
10.8,-36.8,400000,44814,0.112035,151952,0.37988
10.8,-36.6,400000,45494,0.113735,152710,0.381775
10.8,-36.4,400000,44436,0.11109,151707,0.379267
10.8,-36.2,400000,44951,0.112378,151971,0.379927
10.8,-36,400000,45022,0.112555,151818,0.379545
10.8,-35.8,400000,44714,0.111785,151993,0.379983
10.8,-35.6,400000,44369,0.110922,152454,0.381135
10.8,-35.4,400000,44956,0.11239,151855,0.379638
10.8,-35.2,400000,44950,0.112375,152696,0.38174
10.8,-35,400000,45579,0.113947,152211,0.380528
10.8,-34.8,400000,45147,0.112867,152093,0.380232
10.8,-34.6,400000,44202,0.110505,151148,0.37787
10.8,-34.4,400000,44438,0.111095,151821,0.379553
10.8,-34.2,400000,45050,0.112625,152721,0.381802
10.8,-34,400000,44974,0.112435,151926,0.379815
10.8,-33.8,400000,44674,0.111685,152042,0.380105
10.8,-33.6,400000,44804,0.11201,152117,0.380292
10.8,-33.4,400000,44942,0.112355,152082,0.380205
10.8,-33.2,400000,45231,0.113077,152606,0.381515
10.8,-33,400000,44737,0.111842,151618,0.379045
10.8,-32.8,400000,44770,0.111925,151971,0.379927
10.8,-32.6,400000,44577,0.111442,152706,0.381765
10.8,-32.4,400000,44521,0.111302,151855,0.379638
10.8,-32.2,400000,45026,0.112565,152704,0.38176
10.8,-32,400000,44454,0.111135,152333,0.380833
10.8,-31.8,400000,44275,0.110687,151400,0.3785
10.8,-31.6,400000,44546,0.111365,152074,0.380185
10.8,-31.4,400000,44704,0.11176,152735,0.381837
10.8,-31.2,400000,45106,0.112765,152096,0.38024
10.8,-31,400000,44933,0.112333,151382,0.378455
10.8,-30.8,400000,44992,0.11248,152057,0.380142
10.8,-30.6,400000,44930,0.112325,152254,0.380635
10.8,-30.4,400000,44994,0.112485,151908,0.37977
10.8,-30.2,400000,44274,0.110685,152100,0.38025
10.8,-30,400000,44922,0.112305,152377,0.380943
10.8,-29.8,400000,45228,0.11307,152479,0.381198
10.8,-29.6,400000,44781,0.111952,151590,0.378975
10.8,-29.4,400000,45752,0.11438,152859,0.382147
10.8,-29.2,400000,45119,0.112797,152305,0.380763
10.8,-29,400000,44860,0.11215,152038,0.380095
10.8,-28.8,400000,44710,0.111775,151815,0.379538
10.8,-28.6,400000,45187,0.112967,152548,0.38137
10.8,-28.4,400000,44669,0.111672,151947,0.379868
10.8,-28.2,400000,45007,0.112518,151984,0.37996
10.8,-28,400000,44426,0.111065,151946,0.379865
10.8,-27.8,400000,45256,0.11314,152090,0.380225
10.8,-27.6,400000,45087,0.112717,152139,0.380348
10.8,-27.4,400000,44523,0.111308,151713,0.379283
10.8,-27.2,400000,44665,0.111662,152000,0.38
10.8,-27,400000,44353,0.110882,151495,0.378738
10.8,-26.8,400000,44690,0.111725,151113,0.377783
10.8,-26.6,400000,44676,0.11169,152061,0.380153
10.8,-26.4,400000,44782,0.111955,151549,0.378873
10.8,-26.2,400000,44609,0.111522,151788,0.37947
10.8,-26,400000,45247,0.113117,152136,0.38034
10.8,-25.8,400000,45145,0.112863,151816,0.37954
10.8,-25.6,400000,44925,0.112312,152873,0.382182
10.8,-25.4,400000,44935,0.112338,152886,0.382215
10.8,-25.2,400000,45143,0.112857,152266,0.380665
10.8,-25,400000,44887,0.112217,151821,0.379553
10.8,-24.8,400000,44769,0.111922,151912,0.37978
10.8,-24.6,400000,44154,0.110385,151891,0.379727
10.8,-24.4,400000,44992,0.11248,151903,0.379758
10.8,-24.2,400000,44705,0.111763,152121,0.380302
10.8,-24,400000,44137,0.110342,151733,0.379333
10.8,-23.8,400000,44599,0.111497,152093,0.380232
10.8,-23.6,400000,44916,0.11229,152536,0.38134
10.8,-23.4,400000,45624,0.11406,152317,0.380792
10.8,-23.2,400000,44819,0.112047,152044,0.38011
10.8,-23,400000,45104,0.11276,152268,0.38067
10.8,-22.8,400000,44909,0.112272,152848,0.38212
10.8,-22.6,400000,45178,0.112945,152047,0.380117
10.8,-22.4,400000,45704,0.11426,152863,0.382157
10.8,-22.2,400000,44370,0.110925,152124,0.38031
10.8,-22,400000,45006,0.112515,152426,0.381065
10.8,-21.8,400000,45108,0.11277,152429,0.381072
10.8,-21.6,400000,44591,0.111477,151689,0.379223
10.8,-21.4,400000,44764,0.11191,152233,0.380582
10.8,-21.2,400000,45127,0.112818,152356,0.38089
10.8,-21,400000,44923,0.112308,152389,0.380972
10.8,-20.8,400000,44895,0.112238,151327,0.378317
10.8,-20.6,400000,45156,0.11289,152732,0.38183
10.8,-20.4,400000,44377,0.110942,151596,0.37899
10.8,-20.2,400000,44561,0.111403,151893,0.379732
10.8,-20,400000,44734,0.111835,151933,0.379833
10.8,-19.8,400000,44489,0.111223,152242,0.380605
10.8,-19.6,400000,44845,0.112113,152538,0.381345
10.8,-19.4,400000,45374,0.113435,152500,0.38125
10.8,-19.2,400000,45374,0.113435,152615,0.381537
10.8,-19,400000,44706,0.111765,151927,0.379817
10.8,-18.8,400000,44436,0.11109,151939,0.379848
10.8,-18.6,400000,44941,0.112352,152141,0.380352
10.8,-18.4,400000,44625,0.111562,151921,0.379802
10.8,-18.2,400000,44698,0.111745,152618,0.381545
10.8,-18,400000,44970,0.112425,152316,0.38079
10.8,-17.8,400000,44414,0.111035,152172,0.38043
10.8,-17.6,400000,44129,0.110323,151922,0.379805
10.8,-17.4,400000,45147,0.112867,152637,0.381593
10.8,-17.2,400000,44907,0.112268,152046,0.380115
10.8,-17,400000,44685,0.111713,151802,0.379505
10.8,-16.8,400000,44786,0.111965,151934,0.379835
10.8,-16.6,400000,45392,0.11348,152741,0.381852
10.8,-16.4,400000,45100,0.11275,152224,0.38056
10.8,-16.2,400000,44857,0.112143,152183,0.380458
10.8,-16,400000,45305,0.113263,152289,0.380723
10.8,-15.8,400000,44657,0.111643,152310,0.380775
10.8,-15.6,400000,45035,0.112587,152347,0.380868
10.8,-15.4,400000,44757,0.111893,152190,0.380475
10.8,-15.2,400000,44463,0.111158,151779,0.379447
10.8,-15,400000,44979,0.112448,152510,0.381275
10.8,-14.8,400000,44602,0.111505,152028,0.38007
10.8,-14.6,400000,44737,0.111842,152000,0.38
10.8,-14.4,400000,45281,0.113202,152250,0.380625
10.8,-14.2,400000,44838,0.112095,152181,0.380453
10.8,-14,400000,44731,0.111827,151620,0.37905
10.8,-13.8,400000,44846,0.112115,152163,0.380408
10.8,-13.6,400000,44847,0.112117,151585,0.378962
10.8,-13.4,400000,44488,0.11122,151845,0.379613
10.8,-13.2,400000,44484,0.11121,151848,0.37962
10.8,-13,400000,44764,0.11191,151795,0.379487
10.8,-12.8,400000,45514,0.113785,151815,0.379538
10.8,-12.6,400000,44959,0.112397,152002,0.380005
10.8,-12.4,400000,44778,0.111945,151488,0.37872
10.8,-12.2,400000,44788,0.11197,152330,0.380825
10.8,-12,400000,44835,0.112088,152252,0.38063
10.8,-11.8,400000,44484,0.11121,151851,0.379628
10.8,-11.6,400000,44626,0.111565,152203,0.380507
10.8,-11.4,400000,44682,0.111705,152102,0.380255
10.8,-11.2,400000,45246,0.113115,152566,0.381415
10.8,-11,400000,44753,0.111882,151869,0.379673
10.8,-10.8,400000,44935,0.112338,152315,0.380788
10.8,-10.6,400000,45031,0.112577,152640,0.3816
10.8,-10.4,400000,44836,0.11209,152134,0.380335
10.8,-10.2,400000,45290,0.113225,152255,0.380638
10.8,-10,400000,45244,0.11311,152245,0.380613
10.8,-9.8,400000,44971,0.112427,152933,0.382333
10.8,-9.6,400000,44602,0.111505,152200,0.3805
10.8,-9.4,400000,44452,0.11113,152212,0.38053
10.8,-9.2,400000,45098,0.112745,152882,0.382205
10.8,-9,400000,44549,0.111372,151805,0.379512
10.8,-8.8,400000,45014,0.112535,152126,0.380315
10.8,-8.6,400000,45069,0.112672,151927,0.379817
10.8,-8.4,400000,45044,0.11261,152200,0.3805
10.8,-8.2,400000,44546,0.111365,151583,0.378958
10.8,-8,400000,45536,0.11384,152916,0.38229
10.8,-7.8,400000,44953,0.112382,152025,0.380063
10.8,-7.6,400000,44890,0.112225,152013,0.380032
10.8,-7.4,400000,44864,0.11216,152537,0.381342
10.8,-7.2,400000,44938,0.112345,152197,0.380493
10.8,-7,400000,45027,0.112568,152299,0.380748
10.8,-6.8,400000,44944,0.11236,151820,0.37955
10.8,-6.6,400000,44950,0.112375,152016,0.38004
10.8,-6.4,400000,44617,0.111543,152175,0.380437
10.8,-6.2,400000,44644,0.11161,152125,0.380312
10.8,-6,400000,45347,0.113367,151952,0.37988
10.8,-5.8,400000,45350,0.113375,152571,0.381427
10.8,-5.6,400000,45126,0.112815,151858,0.379645
10.8,-5.4,400000,44531,0.111327,152191,0.380478
10.8,-5.2,400000,44521,0.111302,151946,0.379865
10.8,-5,400000,44920,0.1123,152042,0.380105
10.8,-4.8,400000,45202,0.113005,152593,0.381483
10.8,-4.6,400000,44705,0.111763,151948,0.37987
10.8,-4.4,400000,44773,0.111933,151736,0.37934
10.8,-4.2,400000,44626,0.111565,152001,0.380003
10.8,-4,400000,45283,0.113208,152668,0.38167
10.8,-3.8,400000,45110,0.112775,152660,0.38165
10.8,-3.6,400000,44604,0.11151,152479,0.381198
10.8,-3.4,400000,45218,0.113045,152972,0.38243
10.8,-3.2,400000,44852,0.11213,152356,0.38089
10.8,-3,400000,45307,0.113267,152499,0.381248
10.8,-2.8,400000,45107,0.112768,151698,0.379245
10.8,-2.6,400000,45091,0.112727,152206,0.380515
10.8,-2.4,400000,44805,0.112013,152409,0.381022
10.8,-2.2,400000,44749,0.111872,151828,0.37957
10.8,-2,400000,44652,0.11163,151810,0.379525
10.8,-1.8,400000,44940,0.11235,151838,0.379595
10.8,-1.6,400000,44848,0.11212,152117,0.380292
10.8,-1.4,400000,44977,0.112443,151927,0.379817
10.8,-1.2,400000,44782,0.111955,152209,0.380522
10.8,-1,400000,44848,0.11212,152432,0.38108
10.8,-0.8,400000,44783,0.111958,152134,0.380335
10.8,-0.6,400000,44865,0.112162,152296,0.38074
10.8,-0.4,400000,44599,0.111497,151483,0.378707
10.8,-0.2,400000,45045,0.112613,152518,0.381295
10.8,0,400000,44642,0.111605,152026,0.380065
10.8,0.2,400000,44914,0.112285,152239,0.380597
10.8,0.4,400000,44450,0.111125,151850,0.379625
10.8,0.6,400000,44630,0.111575,151722,0.379305
10.8,0.8,400000,45371,0.113428,151883,0.379707
10.8,1,400000,44210,0.110525,152489,0.381223
10.8,1.2,400000,44867,0.112168,152225,0.380563
10.8,1.4,400000,44766,0.111915,151671,0.379178
10.8,1.6,400000,44522,0.111305,152060,0.38015
10.8,1.8,400000,44879,0.112198,152864,0.38216
10.8,2,400000,44359,0.110897,151372,0.37843
10.8,2.2,400000,44941,0.112352,152166,0.380415
10.8,2.4,400000,45228,0.11307,151731,0.379327
10.8,2.6,400000,44722,0.111805,152324,0.38081
10.8,2.8,400000,44992,0.11248,152762,0.381905
10.8,3,400000,45053,0.112632,152637,0.381593
10.8,3.2,400000,45416,0.11354,152536,0.38134
10.8,3.4,400000,45410,0.113525,152097,0.380242
10.8,3.6,400000,44947,0.112367,152392,0.38098
10.8,3.8,400000,44543,0.111357,151869,0.379673
10.8,4,400000,44917,0.112293,152080,0.3802
10.8,4.2,400000,45410,0.113525,152222,0.380555
10.8,4.4,400000,44135,0.110338,152304,0.38076
10.8,4.6,400000,44692,0.11173,152289,0.380723
10.8,4.8,400000,44712,0.11178,152042,0.380105
10.8,5,400000,44583,0.111458,151554,0.378885
10.8,5.2,400000,44686,0.111715,152168,0.38042
10.8,5.4,400000,44714,0.111785,152533,0.381333
10.8,5.6,400000,45512,0.11378,152863,0.382157
10.8,5.8,400000,44437,0.111092,151686,0.379215
10.8,6,400000,44388,0.11097,151977,0.379943
10.8,6.2,400000,44821,0.112052,151753,0.379383
10.8,6.4,400000,44421,0.111052,152554,0.381385
10.8,6.6,400000,44726,0.111815,152211,0.380528
10.8,6.8,400000,45199,0.112998,152269,0.380673
10.8,7,400000,44702,0.111755,152467,0.381167
10.8,7.2,400000,44797,0.111992,152598,0.381495
10.8,7.4,400000,44632,0.11158,151949,0.379873
10.8,7.6,400000,44913,0.112282,151538,0.378845
10.8,7.8,400000,44615,0.111537,152089,0.380223
10.8,8,400000,44449,0.111122,152053,0.380132
10.8,8.2,400000,44711,0.111778,152027,0.380068
10.8,8.4,400000,44674,0.111685,152091,0.380227
10.8,8.6,400000,44180,0.11045,151163,0.377908
10.8,8.8,400000,44693,0.111732,152639,0.381597
10.8,9,400000,45315,0.113287,152483,0.381207
10.8,9.2,400000,45035,0.112587,152142,0.380355
10.8,9.4,400000,45196,0.11299,152474,0.381185
10.8,9.6,400000,44665,0.111662,152425,0.381063
10.8,9.8,400000,44829,0.112073,152306,0.380765
10.8,10,400000,44752,0.11188,152119,0.380298
10.8,10.2,400000,44998,0.112495,152274,0.380685
10.8,10.4,400000,45057,0.112643,152105,0.380263
10.8,10.6,400000,45116,0.11279,151923,0.379808
10.8,10.8,400000,44100,0.11025,152414,0.381035
10.8,11,400000,44709,0.111772,151638,0.379095
10.8,11.2,400000,45298,0.113245,152138,0.380345
10.8,11.4,400000,44425,0.111062,152209,0.380522
10.8,11.6,400000,44983,0.112458,151733,0.379333
10.8,11.8,400000,44862,0.112155,151885,0.379713
10.8,12,400000,44839,0.112098,152403,0.381007
10.8,12.2,400000,44610,0.111525,152244,0.38061
10.8,12.4,400000,45147,0.112867,152526,0.381315
10.8,12.6,400000,45268,0.11317,152858,0.382145
10.8,12.8,400000,45040,0.1126,151547,0.378868
10.8,13,400000,44654,0.111635,152156,0.38039
10.8,13.2,400000,44953,0.112382,152382,0.380955
10.8,13.4,400000,44926,0.112315,152216,0.38054
10.8,13.6,400000,45174,0.112935,152317,0.380792
10.8,13.8,400000,44643,0.111607,152315,0.380788
10.8,14,400000,44102,0.110255,152186,0.380465
10.8,14.2,400000,44794,0.111985,152229,0.380572
10.8,14.4,400000,44542,0.111355,151996,0.37999
10.8,14.6,400000,44641,0.111602,151359,0.378397
10.8,14.8,400000,44690,0.111725,151897,0.379742
10.8,15,400000,44698,0.111745,152027,0.380068
10.8,15.2,400000,44715,0.111787,152111,0.380277
10.8,15.4,400000,44925,0.112312,151570,0.378925
10.8,15.6,400000,44384,0.11096,151820,0.37955
10.8,15.8,400000,45118,0.112795,151701,0.379252
10.8,16,400000,45461,0.113653,152511,0.381277
10.8,16.2,400000,44941,0.112352,152084,0.38021
10.8,16.4,400000,45076,0.11269,152019,0.380047
10.8,16.6,400000,44739,0.111848,151812,0.37953
10.8,16.8,400000,44181,0.110452,151719,0.379298
10.8,17,400000,44906,0.112265,152261,0.380653
10.8,17.2,400000,44659,0.111647,152162,0.380405
10.8,17.4,400000,44936,0.11234,152361,0.380902
10.8,17.6,400000,44797,0.111992,152276,0.38069
10.8,17.8,400000,44692,0.11173,152307,0.380767
10.8,18,400000,44568,0.11142,151897,0.379742
10.8,18.2,400000,45111,0.112778,152376,0.38094
10.8,18.4,400000,45372,0.11343,152654,0.381635
10.8,18.6,400000,44885,0.112213,152378,0.380945
10.8,18.8,400000,45084,0.11271,152210,0.380525
10.8,19,400000,44572,0.11143,152561,0.381402
10.8,19.2,400000,45253,0.113132,153038,0.382595
10.8,19.4,400000,45048,0.11262,152831,0.382078
10.8,19.6,400000,44889,0.112223,152266,0.380665
10.8,19.8,400000,44489,0.111223,151758,0.379395
10.8,20,400000,45742,0.114355,152233,0.380582
10.8,20.2,400000,44565,0.111412,152050,0.380125
10.8,20.4,400000,44815,0.112037,152279,0.380698
10.8,20.6,400000,44701,0.111753,151791,0.379478
10.8,20.8,400000,44298,0.110745,151914,0.379785
10.8,21,400000,44826,0.112065,152505,0.381263
10.8,21.2,400000,44931,0.112327,151838,0.379595
10.8,21.4,400000,45545,0.113863,152703,0.381758
10.8,21.6,400000,44460,0.11115,151835,0.379588
10.8,21.8,400000,44982,0.112455,152577,0.381443
10.8,22,400000,45121,0.112802,152565,0.381412
10.8,22.2,400000,45144,0.11286,152118,0.380295
10.8,22.4,400000,44977,0.112443,151898,0.379745
10.8,22.6,400000,44567,0.111418,152257,0.380642
10.8,22.8,400000,44819,0.112047,152390,0.380975
10.8,23,400000,44899,0.112248,152723,0.381808
10.8,23.2,400000,44757,0.111893,152031,0.380078
10.8,23.4,400000,45290,0.113225,151846,0.379615
10.8,23.6,400000,45200,0.113,152143,0.380358
10.8,23.8,400000,44832,0.11208,152212,0.38053
10.8,24,400000,44460,0.11115,151766,0.379415
10.8,24.2,400000,44794,0.111985,151756,0.37939
10.8,24.4,400000,44557,0.111393,152515,0.381288
10.8,24.6,400000,45218,0.113045,152422,0.381055
10.8,24.8,400000,44331,0.110827,151795,0.379487
10.8,25,400000,44446,0.111115,151552,0.37888
10.8,25.2,400000,45007,0.112518,152668,0.38167
10.8,25.4,400000,44986,0.112465,152311,0.380777
10.8,25.6,400000,45022,0.112555,152244,0.38061
10.8,25.8,400000,44889,0.112223,151852,0.37963
10.8,26,400000,44317,0.110793,151565,0.378912
10.8,26.2,400000,44935,0.112338,152387,0.380968
10.8,26.4,400000,45203,0.113007,152117,0.380292
10.8,26.6,400000,44653,0.111632,151996,0.37999
10.8,26.8,400000,45252,0.11313,152735,0.381837
10.8,27,400000,44555,0.111388,152445,0.381113
10.8,27.2,400000,44681,0.111702,151799,0.379497
10.8,27.4,400000,45020,0.11255,152575,0.381437
10.8,27.6,400000,44794,0.111985,152439,0.381097
10.8,27.8,400000,44882,0.112205,152060,0.38015
10.8,28,400000,45357,0.113392,151930,0.379825
10.8,28.2,400000,44584,0.11146,152444,0.38111
10.8,28.4,400000,45369,0.113422,152561,0.381402
10.8,28.6,400000,44723,0.111808,151870,0.379675
10.8,28.8,400000,45043,0.112607,152219,0.380547
10.8,29,400000,44664,0.11166,152051,0.380128
10.8,29.2,400000,45338,0.113345,152512,0.38128
10.8,29.4,400000,44398,0.110995,152104,0.38026
10.8,29.6,400000,44369,0.110922,152029,0.380072
10.8,29.8,400000,44837,0.112092,152162,0.380405
10.8,30,400000,44976,0.11244,151956,0.37989
10.8,30.2,400000,44794,0.111985,152291,0.380727
10.8,30.4,400000,44557,0.111393,152607,0.381518
10.8,30.6,400000,45099,0.112748,151984,0.37996
10.8,30.8,400000,44195,0.110488,151408,0.37852
10.8,31,400000,44580,0.11145,151952,0.37988
10.8,31.2,400000,45065,0.112662,152312,0.38078
10.8,31.4,400000,44908,0.11227,152384,0.38096
10.8,31.6,400000,44461,0.111153,152099,0.380248
10.8,31.8,400000,45188,0.11297,151796,0.37949
10.8,32,400000,44211,0.110528,151557,0.378893
10.8,32.2,400000,44497,0.111242,151857,0.379642
10.8,32.4,400000,44453,0.111132,152413,0.381032
10.8,32.6,400000,44926,0.112315,152082,0.380205
10.8,32.8,400000,44906,0.112265,151810,0.379525
10.8,33,400000,45060,0.11265,152377,0.380943
10.8,33.2,400000,45013,0.112532,152660,0.38165
10.8,33.4,400000,45168,0.11292,151763,0.379408
10.8,33.6,400000,44528,0.11132,151695,0.379238
10.8,33.8,400000,45303,0.113257,152174,0.380435
10.8,34,400000,45225,0.113062,152641,0.381603
10.8,34.2,400000,44996,0.11249,152214,0.380535
10.8,34.4,400000,45104,0.11276,151864,0.37966
10.8,34.6,400000,45485,0.113712,152378,0.380945
10.8,34.8,400000,45000,0.1125,152296,0.38074
10.8,35,400000,44293,0.110732,151894,0.379735
10.8,35.2,400000,44352,0.11088,152126,0.380315
10.8,35.4,400000,45025,0.112562,152524,0.38131
10.8,35.6,400000,44766,0.111915,152387,0.380968
10.8,35.8,400000,44678,0.111695,152080,0.3802
10.8,36,400000,44791,0.111977,152238,0.380595
10.8,36.2,400000,45102,0.112755,152739,0.381848
10.8,36.4,400000,44931,0.112327,152460,0.38115
10.8,36.6,400000,44704,0.11176,152045,0.380113
10.8,36.8,400000,45181,0.112952,152012,0.38003
10.8,37,400000,45050,0.112625,152089,0.380223
10.8,37.2,400000,45026,0.112565,152027,0.380068
10.8,37.4,400000,44858,0.112145,151856,0.37964
10.8,37.6,400000,45136,0.11284,152204,0.38051
10.8,37.8,400000,44721,0.111802,152009,0.380022
10.8,38,400000,44577,0.111442,151855,0.379638
10.8,38.2,400000,44738,0.111845,152107,0.380267
10.8,38.4,400000,44722,0.111805,152561,0.381402
10.8,38.6,400000,44951,0.112378,152114,0.380285
10.8,38.8,400000,45481,0.113702,152562,0.381405
10.8,39,400000,44839,0.112098,152360,0.3809
10.8,39.2,400000,44686,0.111715,152456,0.38114
10.8,39.4,400000,44315,0.110787,151386,0.378465
10.8,39.6,400000,44806,0.112015,152552,0.38138
10.8,39.8,400000,44738,0.111845,152182,0.380455
10.8,40,400000,44159,0.110397,151586,0.378965
10.8,40.2,400000,45095,0.112738,152128,0.38032
10.8,40.4,400000,44609,0.111522,152256,0.38064
10.8,40.6,400000,44737,0.111842,151881,0.379702
10.8,40.8,400000,45167,0.112918,151823,0.379557
10.8,41,400000,44803,0.112007,152267,0.380667
10.8,41.2,400000,44758,0.111895,152261,0.380653
10.8,41.4,400000,45285,0.113212,152478,0.381195
10.8,41.6,400000,45175,0.112937,152482,0.381205
10.8,41.8,400000,44217,0.110543,151653,0.379132
10.8,42,400000,44807,0.112018,152143,0.380358
10.8,42.2,400000,44544,0.11136,152008,0.38002
10.8,42.4,400000,45182,0.112955,151971,0.379927
10.8,42.6,400000,44710,0.111775,151821,0.379553
10.8,42.8,400000,44921,0.112302,151816,0.37954
10.8,43,400000,45113,0.112782,151844,0.37961
10.8,43.2,400000,45141,0.112852,152584,0.38146
10.8,43.4,400000,45329,0.113323,152176,0.38044
10.8,43.6,400000,44580,0.11145,151769,0.379422
10.8,43.8,400000,44998,0.112495,151615,0.379038
10.8,44,400000,45040,0.1126,152138,0.380345
10.8,44.2,400000,45036,0.11259,152179,0.380447
10.8,44.4,400000,45298,0.113245,152114,0.380285
10.8,44.6,400000,44944,0.11236,151655,0.379138
10.8,44.8,400000,44782,0.111955,152338,0.380845
10.8,45,400000,44892,0.11223,152312,0.38078
10.8,45.2,400000,45250,0.113125,152170,0.380425
10.8,45.4,400000,44884,0.11221,152049,0.380122
10.8,45.6,400000,44709,0.111772,152136,0.38034
10.8,45.8,400000,44767,0.111918,152021,0.380053
10.8,46,400000,45178,0.112945,152182,0.380455
10.8,46.2,400000,45242,0.113105,152409,0.381022
10.8,46.4,400000,44790,0.111975,152040,0.3801
10.8,46.6,400000,44947,0.112367,152115,0.380288
10.8,46.8,400000,45076,0.11269,152233,0.380582
10.8,47,400000,44695,0.111738,151774,0.379435
10.8,47.2,400000,44849,0.112122,151884,0.37971
10.8,47.4,400000,44951,0.112378,152179,0.380447
10.8,47.6,400000,44837,0.112092,152091,0.380227
10.8,47.8,400000,45022,0.112555,152383,0.380958
10.8,48,400000,45002,0.112505,152006,0.380015
10.8,48.2,400000,45121,0.112802,152158,0.380395
10.8,48.4,400000,44894,0.112235,152463,0.381157
10.8,48.6,400000,44571,0.111427,152393,0.380983
10.8,48.8,400000,44679,0.111698,151803,0.379507
10.8,49,400000,45244,0.11311,152060,0.38015
10.8,49.2,400000,44698,0.111745,151886,0.379715
10.8,49.4,400000,44488,0.11122,151195,0.377987
10.8,49.6,400000,44988,0.11247,151947,0.379868
10.8,49.8,400000,45026,0.112565,152298,0.380745
10.8,50,400000,44883,0.112208,152415,0.381037
11,-50,400000,44926,0.112315,152772,0.38193
11,-49.8,400000,44791,0.111977,152072,0.38018
11,-49.6,400000,44411,0.111028,151321,0.378302
11,-49.4,400000,45240,0.1131,152768,0.38192
11,-49.2,400000,44848,0.11212,151813,0.379532
11,-49,400000,44770,0.111925,151734,0.379335
11,-48.8,400000,44537,0.111342,151562,0.378905
11,-48.6,400000,44756,0.11189,151377,0.378443
11,-48.4,400000,44901,0.112253,151896,0.37974
11,-48.2,400000,45141,0.112852,152607,0.381518
11,-48,400000,45067,0.112668,152309,0.380773
11,-47.8,400000,44723,0.111808,151454,0.378635
11,-47.6,400000,44508,0.11127,151782,0.379455
11,-47.4,400000,45126,0.112815,151753,0.379383
11,-47.2,400000,44898,0.112245,152049,0.380122
11,-47,400000,44842,0.112105,151863,0.379657
11,-46.8,400000,45140,0.11285,152556,0.38139
11,-46.6,400000,44596,0.11149,151978,0.379945
11,-46.4,400000,44712,0.11178,151572,0.37893
11,-46.2,400000,44301,0.110753,151759,0.379397
11,-46,400000,44809,0.112022,151898,0.379745
11,-45.8,400000,45192,0.11298,152161,0.380402
11,-45.6,400000,44976,0.11244,152380,0.38095
11,-45.4,400000,45024,0.11256,152302,0.380755
11,-45.2,400000,44940,0.11235,152146,0.380365
11,-45,400000,45140,0.11285,151936,0.37984
11,-44.8,400000,44318,0.110795,151035,0.377588
11,-44.6,400000,45134,0.112835,152206,0.380515
11,-44.4,400000,44510,0.111275,151947,0.379868
11,-44.2,400000,44187,0.110467,151692,0.37923
11,-44,400000,44447,0.111117,151421,0.378553
11,-43.8,400000,44760,0.1119,151726,0.379315
11,-43.6,400000,44874,0.112185,152033,0.380082
11,-43.4,400000,44776,0.11194,152024,0.38006
11,-43.2,400000,45365,0.113412,152302,0.380755
11,-43,400000,44859,0.112147,151693,0.379232
11,-42.8,400000,44769,0.111922,152593,0.381483
11,-42.6,400000,44675,0.111687,152464,0.38116
11,-42.4,400000,44895,0.112238,152504,0.38126
11,-42.2,400000,44923,0.112308,152101,0.380252
11,-42,400000,44805,0.112013,151746,0.379365
11,-41.8,400000,45086,0.112715,152288,0.38072
11,-41.6,400000,44571,0.111427,152145,0.380362
11,-41.4,400000,44915,0.112287,151878,0.379695
11,-41.2,400000,44773,0.111933,151680,0.3792
11,-41,400000,44636,0.11159,151841,0.379603
11,-40.8,400000,44547,0.111367,151917,0.379792
11,-40.6,400000,44617,0.111543,151775,0.379437
11,-40.4,400000,45342,0.113355,152160,0.3804
11,-40.2,400000,45376,0.11344,152739,0.381848
11,-40,400000,44326,0.110815,151606,0.379015
11,-39.8,400000,44211,0.110528,152179,0.380447
11,-39.6,400000,45227,0.113068,151914,0.379785
11,-39.4,400000,44333,0.110833,151804,0.37951
11,-39.2,400000,44422,0.111055,151560,0.3789
11,-39,400000,45088,0.11272,152282,0.380705
11,-38.8,400000,44135,0.110338,151887,0.379717
11,-38.6,400000,44761,0.111903,152194,0.380485
11,-38.4,400000,44453,0.111132,152006,0.380015
11,-38.2,400000,45267,0.113168,151945,0.379862
11,-38,400000,44579,0.111448,152407,0.381018
11,-37.8,400000,44920,0.1123,151730,0.379325
11,-37.6,400000,45010,0.112525,152608,0.38152
11,-37.4,400000,44815,0.112037,151967,0.379918
11,-37.2,400000,44879,0.112198,152187,0.380468
11,-37,400000,44395,0.110988,151271,0.378177
11,-36.8,400000,44561,0.111403,152175,0.380437
11,-36.6,400000,44964,0.11241,152521,0.381302
11,-36.4,400000,45022,0.112555,152102,0.380255
11,-36.2,400000,44820,0.11205,152026,0.380065
11,-36,400000,45014,0.112535,152154,0.380385
11,-35.8,400000,44374,0.110935,151822,0.379555
11,-35.6,400000,44729,0.111823,151881,0.379702
11,-35.4,400000,44627,0.111568,152306,0.380765
11,-35.2,400000,44851,0.112128,151972,0.37993
11,-35,400000,44470,0.111175,151835,0.379588
11,-34.8,400000,44677,0.111693,151946,0.379865
11,-34.6,400000,45431,0.113577,151701,0.379252
11,-34.4,400000,45310,0.113275,152269,0.380673
11,-34.2,400000,44521,0.111302,151748,0.37937
11,-34,400000,45290,0.113225,152279,0.380698
11,-33.8,400000,44935,0.112338,152177,0.380443
11,-33.6,400000,44768,0.11192,151754,0.379385
11,-33.4,400000,44998,0.112495,152580,0.38145
11,-33.2,400000,44933,0.112333,152289,0.380723
11,-33,400000,43860,0.10965,151114,0.377785
11,-32.8,400000,44955,0.112388,152266,0.380665
11,-32.6,400000,44578,0.111445,151710,0.379275
11,-32.4,400000,44912,0.11228,152301,0.380752
11,-32.2,400000,44670,0.111675,152327,0.380817
11,-32,400000,44661,0.111653,151786,0.379465
11,-31.8,400000,44393,0.110982,151721,0.379302
11,-31.6,400000,45285,0.113212,152352,0.38088
11,-31.4,400000,44391,0.110978,151265,0.378163
11,-31.2,400000,44604,0.11151,151902,0.379755
11,-31,400000,44816,0.11204,151963,0.379908
11,-30.8,400000,45095,0.112738,152663,0.381657
11,-30.6,400000,44338,0.110845,152032,0.38008
11,-30.4,400000,44390,0.110975,151413,0.378532
11,-30.2,400000,45095,0.112738,152404,0.38101
11,-30,400000,45003,0.112507,152302,0.380755
11,-29.8,400000,45059,0.112647,152466,0.381165
11,-29.6,400000,44977,0.112443,152239,0.380597
11,-29.4,400000,44317,0.110793,151125,0.377812
11,-29.2,400000,45176,0.11294,152203,0.380507
11,-29,400000,44443,0.111107,151932,0.37983
11,-28.8,400000,44379,0.110948,151961,0.379902
11,-28.6,400000,45223,0.113058,152774,0.381935
11,-28.4,400000,44861,0.112153,152034,0.380085
11,-28.2,400000,45185,0.112962,152221,0.380553
11,-28,400000,44515,0.111287,151795,0.379487
11,-27.8,400000,44842,0.112105,152286,0.380715
11,-27.6,400000,44730,0.111825,152033,0.380082
11,-27.4,400000,45118,0.112795,151785,0.379462
11,-27.2,400000,45005,0.112513,152385,0.380962
11,-27,400000,44925,0.112312,152145,0.380362
11,-26.8,400000,44561,0.111403,151950,0.379875
11,-26.6,400000,44785,0.111963,152060,0.38015
11,-26.4,400000,45018,0.112545,152200,0.3805
11,-26.2,400000,45011,0.112528,152520,0.3813
11,-26,400000,45034,0.112585,151778,0.379445
11,-25.8,400000,45102,0.112755,152112,0.38028
11,-25.6,400000,44234,0.110585,152318,0.380795
11,-25.4,400000,44668,0.11167,152667,0.381667
11,-25.2,400000,44691,0.111727,152215,0.380537
11,-25,400000,44919,0.112297,152645,0.381613
11,-24.8,400000,45452,0.11363,152524,0.38131
11,-24.6,400000,44835,0.112088,152552,0.38138
11,-24.4,400000,44677,0.111693,151724,0.37931
11,-24.2,400000,44406,0.111015,152701,0.381752
11,-24,400000,44695,0.111738,151987,0.379968
11,-23.8,400000,44846,0.112115,152509,0.381273
11,-23.6,400000,44674,0.111685,152275,0.380688
11,-23.4,400000,44663,0.111658,152241,0.380603
11,-23.2,400000,45426,0.113565,152329,0.380823
11,-23,400000,45464,0.11366,152539,0.381348
11,-22.8,400000,44613,0.111533,152261,0.380653
11,-22.6,400000,44911,0.112278,151702,0.379255
11,-22.4,400000,44706,0.111765,151314,0.378285
11,-22.2,400000,44115,0.110287,151709,0.379273
11,-22,400000,44804,0.11201,152768,0.38192
11,-21.8,400000,44832,0.11208,152395,0.380987
11,-21.6,400000,44705,0.111763,152013,0.380032
11,-21.4,400000,44577,0.111442,151799,0.379497
11,-21.2,400000,44427,0.111067,151737,0.379343
11,-21,400000,45052,0.11263,152220,0.38055
11,-20.8,400000,44764,0.11191,152135,0.380337
11,-20.6,400000,45005,0.112513,152108,0.38027
11,-20.4,400000,45123,0.112808,152291,0.380727
11,-20.2,400000,45310,0.113275,152804,0.38201
11,-20,400000,45171,0.112928,152823,0.382057
11,-19.8,400000,44867,0.112168,152641,0.381603
11,-19.6,400000,44603,0.111507,151909,0.379773
11,-19.4,400000,44491,0.111228,151891,0.379727
11,-19.2,400000,45282,0.113205,152426,0.381065
11,-19,400000,44645,0.111613,151614,0.379035
11,-18.8,400000,44614,0.111535,152607,0.381518
11,-18.6,400000,44769,0.111922,152097,0.380242
11,-18.4,400000,45430,0.113575,152660,0.38165
11,-18.2,400000,45156,0.11289,152315,0.380788
11,-18,400000,44801,0.112003,151628,0.37907
11,-17.8,400000,44898,0.112245,152341,0.380852
11,-17.6,400000,44563,0.111408,152019,0.380047
11,-17.4,400000,44830,0.112075,151955,0.379887
11,-17.2,400000,45198,0.112995,152241,0.380603
11,-17,400000,44515,0.111287,152427,0.381068
11,-16.8,400000,44599,0.111497,152484,0.38121
11,-16.6,400000,44879,0.112198,152544,0.38136
11,-16.4,400000,45242,0.113105,152354,0.380885
11,-16.2,400000,44188,0.11047,151650,0.379125
11,-16,400000,45430,0.113575,153195,0.382987
11,-15.8,400000,44684,0.11171,151856,0.37964
11,-15.6,400000,44949,0.112373,152616,0.38154
11,-15.4,400000,44362,0.110905,151552,0.37888
11,-15.2,400000,44843,0.112107,152726,0.381815
11,-15,400000,44791,0.111977,152062,0.380155
11,-14.8,400000,44892,0.11223,152119,0.380298
11,-14.6,400000,44901,0.112253,151683,0.379207
11,-14.4,400000,44066,0.110165,151467,0.378667
11,-14.2,400000,44552,0.11138,151817,0.379543
11,-14,400000,44110,0.110275,151507,0.378767
11,-13.8,400000,44644,0.11161,152256,0.38064
11,-13.6,400000,44553,0.111382,152221,0.380553
11,-13.4,400000,45056,0.11264,152516,0.38129
11,-13.2,400000,44617,0.111543,152031,0.380078
11,-13,400000,44825,0.112062,152212,0.38053
11,-12.8,400000,44970,0.112425,152286,0.380715
11,-12.6,400000,45057,0.112643,152409,0.381022
11,-12.4,400000,45256,0.11314,152217,0.380543
11,-12.2,400000,44570,0.111425,151596,0.37899
11,-12,400000,45169,0.112922,152170,0.380425
11,-11.8,400000,44838,0.112095,151948,0.37987
11,-11.6,400000,44958,0.112395,152174,0.380435
11,-11.4,400000,44788,0.11197,151873,0.379682
11,-11.2,400000,44568,0.11142,151791,0.379478
11,-11,400000,44645,0.111613,152429,0.381072
11,-10.8,400000,45152,0.11288,152805,0.382012
11,-10.6,400000,44710,0.111775,152227,0.380568
11,-10.4,400000,44773,0.111933,152396,0.38099
11,-10.2,400000,44607,0.111518,151360,0.3784
11,-10,400000,44887,0.112217,152365,0.380912
11,-9.8,400000,45257,0.113142,151975,0.379937
11,-9.6,400000,44544,0.11136,151865,0.379663
11,-9.4,400000,44894,0.112235,152127,0.380317
11,-9.2,400000,44839,0.112098,151905,0.379763
11,-9,400000,44562,0.111405,151640,0.3791
11,-8.8,400000,44623,0.111558,152045,0.380113
11,-8.6,400000,44925,0.112312,152253,0.380632
11,-8.4,400000,44643,0.111607,152187,0.380468
11,-8.2,400000,44380,0.11095,151556,0.37889
11,-8,400000,45040,0.1126,151759,0.379397
11,-7.8,400000,43971,0.109927,152098,0.380245
11,-7.6,400000,45151,0.112878,152532,0.38133
11,-7.4,400000,44708,0.11177,151699,0.379248
11,-7.2,400000,44922,0.112305,152039,0.380097
11,-7,400000,44507,0.111268,151523,0.378808
11,-6.8,400000,44368,0.11092,151872,0.37968
11,-6.6,400000,44840,0.1121,151775,0.379437
11,-6.4,400000,44941,0.112352,152016,0.38004
11,-6.2,400000,45157,0.112893,152706,0.381765
11,-6,400000,45384,0.11346,151893,0.379732
11,-5.8,400000,44302,0.110755,151682,0.379205
11,-5.6,400000,44918,0.112295,152013,0.380032
11,-5.4,400000,44572,0.11143,151605,0.379012
11,-5.2,400000,44734,0.111835,151885,0.379713
11,-5,400000,44972,0.11243,152180,0.38045
11,-4.8,400000,44457,0.111143,151861,0.379653
11,-4.6,400000,44709,0.111772,152467,0.381167
11,-4.4,400000,44741,0.111852,152465,0.381163
11,-4.2,400000,44568,0.11142,151381,0.378453
11,-4,400000,44591,0.111477,152388,0.38097
11,-3.8,400000,44451,0.111128,151842,0.379605
11,-3.6,400000,44777,0.111943,152118,0.380295
11,-3.4,400000,44950,0.112375,152228,0.38057
11,-3.2,400000,44884,0.11221,151986,0.379965
11,-3,400000,45137,0.112842,152799,0.381997
11,-2.8,400000,44550,0.111375,151887,0.379717
11,-2.6,400000,44994,0.112485,152224,0.38056
11,-2.4,400000,44586,0.111465,152093,0.380232
11,-2.2,400000,44345,0.110863,151594,0.378985
11,-2,400000,44862,0.112155,152305,0.380763
11,-1.8,400000,45272,0.11318,152742,0.381855
11,-1.6,400000,45234,0.113085,152130,0.380325
11,-1.4,400000,45217,0.113043,152716,0.38179
11,-1.2,400000,44982,0.112455,151735,0.379337
11,-1,400000,44830,0.112075,151801,0.379503
11,-0.8,400000,45267,0.113168,151913,0.379783
11,-0.6,400000,45084,0.11271,152107,0.380267
11,-0.4,400000,44832,0.11208,151851,0.379628
11,-0.2,400000,44549,0.111372,151913,0.379783
11,0,400000,44850,0.112125,152611,0.381528
11,0.2,400000,44739,0.111848,151448,0.37862
11,0.4,400000,44552,0.11138,151881,0.379702
11,0.6,400000,45070,0.112675,152306,0.380765
11,0.8,400000,44992,0.11248,152188,0.38047
11,1,400000,45103,0.112757,152114,0.380285
11,1.2,400000,45127,0.112818,152390,0.380975
11,1.4,400000,44477,0.111192,151846,0.379615
11,1.6,400000,44499,0.111247,151897,0.379742
11,1.8,400000,44728,0.11182,152331,0.380827
11,2,400000,44886,0.112215,152171,0.380427
11,2.2,400000,44448,0.11112,151859,0.379648
11,2.4,400000,44836,0.11209,152246,0.380615
11,2.6,400000,44962,0.112405,152087,0.380217
11,2.8,400000,45353,0.113382,152453,0.381132
11,3,400000,44984,0.11246,152200,0.3805
11,3.2,400000,44927,0.112318,152203,0.380507
11,3.4,400000,44979,0.112448,152377,0.380943
11,3.6,400000,45018,0.112545,152547,0.381368
11,3.8,400000,44775,0.111937,151915,0.379788
11,4,400000,44823,0.112058,152886,0.382215
11,4.2,400000,44746,0.111865,151392,0.37848
11,4.4,400000,44718,0.111795,152014,0.380035
11,4.6,400000,44322,0.110805,151111,0.377777
11,4.8,400000,44546,0.111365,151825,0.379563
11,5,400000,45057,0.112643,152218,0.380545
11,5.2,400000,44933,0.112333,151952,0.37988
11,5.4,400000,44910,0.112275,151551,0.378877
11,5.6,400000,45113,0.112782,152064,0.38016
11,5.8,400000,44741,0.111852,151916,0.37979
11,6,400000,44960,0.1124,152823,0.382057
11,6.2,400000,44649,0.111622,151495,0.378738
11,6.4,400000,44808,0.11202,152517,0.381292
11,6.6,400000,44405,0.111013,151926,0.379815
11,6.8,400000,45333,0.113333,152540,0.38135
11,7,400000,44983,0.112458,151749,0.379373
11,7.2,400000,44494,0.111235,152184,0.38046
11,7.4,400000,44445,0.111113,152119,0.380298
11,7.6,400000,44809,0.112022,152108,0.38027
11,7.8,400000,44814,0.112035,152094,0.380235
11,8,400000,44477,0.111192,152278,0.380695
11,8.2,400000,45138,0.112845,151763,0.379408
11,8.4,400000,44746,0.111865,152195,0.380487
11,8.6,400000,44875,0.112187,151930,0.379825
11,8.8,400000,44465,0.111162,151868,0.37967
11,9,400000,44678,0.111695,152155,0.380387
11,9.2,400000,44734,0.111835,152394,0.380985
11,9.4,400000,44592,0.11148,151987,0.379968
11,9.6,400000,44886,0.112215,152284,0.38071
11,9.8,400000,44516,0.11129,152342,0.380855
11,10,400000,44597,0.111492,151678,0.379195
11,10.2,400000,44807,0.112018,151984,0.37996
11,10.4,400000,44997,0.112492,151892,0.37973
11,10.6,400000,45271,0.113178,152279,0.380698
11,10.8,400000,44886,0.112215,152866,0.382165
11,11,400000,44240,0.1106,152236,0.38059
11,11.2,400000,44703,0.111757,152409,0.381022
11,11.4,400000,44712,0.11178,152072,0.38018
11,11.6,400000,44236,0.11059,151882,0.379705
11,11.8,400000,44590,0.111475,152131,0.380327
11,12,400000,44768,0.11192,152194,0.380485
11,12.2,400000,44576,0.11144,151838,0.379595
11,12.4,400000,44965,0.112412,152571,0.381427
11,12.6,400000,44843,0.112107,152420,0.38105
11,12.8,400000,44561,0.111403,151448,0.37862
11,13,400000,44816,0.11204,152312,0.38078
11,13.2,400000,45607,0.114017,152761,0.381902
11,13.4,400000,44886,0.112215,152223,0.380557
11,13.6,400000,44710,0.111775,152438,0.381095
11,13.8,400000,44486,0.111215,151289,0.378223
11,14,400000,44550,0.111375,152186,0.380465
11,14.2,400000,44109,0.110272,151818,0.379545
11,14.4,400000,45066,0.112665,151842,0.379605
11,14.6,400000,45023,0.112558,152513,0.381283
11,14.8,400000,44869,0.112172,152176,0.38044
11,15,400000,44784,0.11196,151696,0.37924
11,15.2,400000,44776,0.11194,152199,0.380497
11,15.4,400000,44664,0.11166,151757,0.379393
11,15.6,400000,44883,0.112208,152061,0.380153
11,15.8,400000,44770,0.111925,152047,0.380117
11,16,400000,44524,0.11131,151771,0.379427
11,16.2,400000,44559,0.111397,151743,0.379358
11,16.4,400000,44982,0.112455,152280,0.3807
11,16.6,400000,44445,0.111113,151662,0.379155
11,16.8,400000,44578,0.111445,152328,0.38082
11,17,400000,44679,0.111698,152022,0.380055
11,17.2,400000,44749,0.111872,152416,0.38104
11,17.4,400000,44380,0.11095,151803,0.379507
11,17.6,400000,44213,0.110533,151895,0.379738
11,17.8,400000,44361,0.110903,151998,0.379995
11,18,400000,45035,0.112587,152197,0.380493
11,18.2,400000,44272,0.11068,151938,0.379845
11,18.4,400000,45307,0.113267,152605,0.381512
11,18.6,400000,44626,0.111565,152002,0.380005
11,18.8,400000,44368,0.11092,151889,0.379723
11,19,400000,44751,0.111878,152190,0.380475
11,19.2,400000,44612,0.11153,152101,0.380252
11,19.4,400000,44669,0.111672,152381,0.380953
11,19.6,400000,45116,0.11279,152732,0.38183
11,19.8,400000,44588,0.11147,151759,0.379397
11,20,400000,44995,0.112488,152193,0.380483
11,20.2,400000,44661,0.111653,152339,0.380848
11,20.4,400000,44826,0.112065,152390,0.380975
11,20.6,400000,44460,0.11115,152255,0.380638
11,20.8,400000,44999,0.112498,151993,0.379983
11,21,400000,44812,0.11203,152241,0.380603
11,21.2,400000,44836,0.11209,151912,0.37978
11,21.4,400000,44568,0.11142,152133,0.380333
11,21.6,400000,44554,0.111385,151775,0.379437
11,21.8,400000,45026,0.112565,152108,0.38027
11,22,400000,44645,0.111613,152559,0.381398
11,22.2,400000,44758,0.111895,151884,0.37971
11,22.4,400000,44687,0.111717,151765,0.379412
11,22.6,400000,44773,0.111933,151896,0.37974
11,22.8,400000,45260,0.11315,152421,0.381053
11,23,400000,45004,0.11251,152057,0.380142
11,23.2,400000,44740,0.11185,151836,0.37959
11,23.4,400000,44516,0.11129,151768,0.37942
11,23.6,400000,44494,0.111235,151481,0.378702
11,23.8,400000,44980,0.11245,152125,0.380312
11,24,400000,44680,0.1117,152194,0.380485
11,24.2,400000,44645,0.111613,152360,0.3809
11,24.4,400000,44744,0.11186,151500,0.37875
11,24.6,400000,44310,0.110775,151969,0.379922
11,24.8,400000,44977,0.112443,152553,0.381383
11,25,400000,44694,0.111735,151850,0.379625
11,25.2,400000,44853,0.112132,152257,0.380642
11,25.4,400000,45129,0.112823,152358,0.380895
11,25.6,400000,45040,0.1126,152868,0.38217
11,25.8,400000,44856,0.11214,152364,0.38091
11,26,400000,44904,0.11226,152429,0.381072
11,26.2,400000,44805,0.112013,151840,0.3796
11,26.4,400000,44872,0.11218,152360,0.3809
11,26.6,400000,44738,0.111845,152040,0.3801
11,26.8,400000,44614,0.111535,151788,0.37947
11,27,400000,44269,0.110672,151603,0.379007
11,27.2,400000,44597,0.111492,151992,0.37998
11,27.4,400000,44795,0.111988,151977,0.379943
11,27.6,400000,45565,0.113912,152385,0.380962
11,27.8,400000,45086,0.112715,152247,0.380617
11,28,400000,44747,0.111867,151878,0.379695
11,28.2,400000,45219,0.113047,152581,0.381453
11,28.4,400000,45475,0.113687,152387,0.380968
11,28.6,400000,44595,0.111488,152125,0.380312
11,28.8,400000,45369,0.113422,152138,0.380345
11,29,400000,45491,0.113727,152384,0.38096
11,29.2,400000,45258,0.113145,151755,0.379387
11,29.4,400000,45058,0.112645,152077,0.380192
11,29.6,400000,44452,0.11113,151419,0.378547
11,29.8,400000,44636,0.11159,151922,0.379805
11,30,400000,45004,0.11251,152597,0.381493
11,30.2,400000,45192,0.11298,151937,0.379843
11,30.4,400000,44883,0.112208,152064,0.38016
11,30.6,400000,44556,0.11139,152044,0.38011
11,30.8,400000,44369,0.110922,151406,0.378515
11,31,400000,44681,0.111702,152613,0.381532
11,31.2,400000,45033,0.112583,151906,0.379765
11,31.4,400000,44789,0.111973,152203,0.380507
11,31.6,400000,44779,0.111948,152081,0.380202
11,31.8,400000,44546,0.111365,152711,0.381777
11,32,400000,44333,0.110833,152762,0.381905
11,32.2,400000,45123,0.112808,152718,0.381795
11,32.4,400000,44780,0.11195,151658,0.379145
11,32.6,400000,44951,0.112378,152554,0.381385
11,32.8,400000,44903,0.112257,152126,0.380315
11,33,400000,45142,0.112855,152160,0.3804
11,33.2,400000,45065,0.112662,152423,0.381057
11,33.4,400000,44573,0.111433,152131,0.380327
11,33.6,400000,44629,0.111573,151654,0.379135
11,33.8,400000,44266,0.110665,151969,0.379922
11,34,400000,45010,0.112525,152409,0.381022
11,34.2,400000,44984,0.11246,152464,0.38116
11,34.4,400000,44505,0.111263,152257,0.380642
11,34.6,400000,45169,0.112922,152084,0.38021
11,34.8,400000,44413,0.111033,152436,0.38109
11,35,400000,44664,0.11166,151871,0.379678
11,35.2,400000,44801,0.112003,152424,0.38106
11,35.4,400000,45083,0.112708,151985,0.379962
11,35.6,400000,44948,0.11237,152294,0.380735
11,35.8,400000,44646,0.111615,151791,0.379478
11,36,400000,44863,0.112157,152250,0.380625
11,36.2,400000,44738,0.111845,152146,0.380365
11,36.4,400000,44232,0.11058,151551,0.378877
11,36.6,400000,44854,0.112135,151573,0.378933
11,36.8,400000,45282,0.113205,153029,0.382572
11,37,400000,44776,0.11194,152182,0.380455
11,37.2,400000,44926,0.112315,152276,0.38069
11,37.4,400000,44983,0.112458,152595,0.381487
11,37.6,400000,45221,0.113053,152487,0.381217
11,37.8,400000,44818,0.112045,151867,0.379667
11,38,400000,44478,0.111195,152305,0.380763
11,38.2,400000,44549,0.111372,151936,0.37984
11,38.4,400000,44696,0.11174,152452,0.38113
11,38.6,400000,44722,0.111805,151810,0.379525
11,38.8,400000,44778,0.111945,152089,0.380223
11,39,400000,44287,0.110717,151746,0.379365
11,39.2,400000,44907,0.112268,152098,0.380245
11,39.4,400000,44489,0.111223,152075,0.380188
11,39.6,400000,44694,0.111735,152366,0.380915
11,39.8,400000,44776,0.11194,151770,0.379425
11,40,400000,45322,0.113305,152013,0.380032
11,40.2,400000,44427,0.111067,151631,0.379078
11,40.4,400000,44640,0.1116,151937,0.379843
11,40.6,400000,45116,0.11279,152294,0.380735
11,40.8,400000,45095,0.112738,152630,0.381575
11,41,400000,44652,0.11163,151892,0.37973
11,41.2,400000,44840,0.1121,152180,0.38045
11,41.4,400000,44934,0.112335,152219,0.380547
11,41.6,400000,44677,0.111693,151682,0.379205
11,41.8,400000,44897,0.112242,152421,0.381053
11,42,400000,44573,0.111433,152245,0.380613
11,42.2,400000,45312,0.11328,152158,0.380395
11,42.4,400000,44749,0.111872,151583,0.378958
11,42.6,400000,44864,0.11216,152187,0.380468
11,42.8,400000,45155,0.112888,152253,0.380632
11,43,400000,45256,0.11314,152193,0.380483
11,43.2,400000,45179,0.112948,151997,0.379993
11,43.4,400000,44867,0.112168,151803,0.379507
11,43.6,400000,44956,0.11239,152629,0.381572
11,43.8,400000,45139,0.112848,152406,0.381015
11,44,400000,44705,0.111763,151794,0.379485
11,44.2,400000,44964,0.11241,151960,0.3799
11,44.4,400000,44639,0.111598,152050,0.380125
11,44.6,400000,45055,0.112638,152484,0.38121
11,44.8,400000,44883,0.112208,151944,0.37986
11,45,400000,45231,0.113077,152274,0.380685
11,45.2,400000,44819,0.112047,151877,0.379692
11,45.4,400000,44692,0.11173,152223,0.380557
11,45.6,400000,45283,0.113208,152244,0.38061
11,45.8,400000,44894,0.112235,151593,0.378982
11,46,400000,44870,0.112175,152274,0.380685
11,46.2,400000,45303,0.113257,152364,0.38091
11,46.4,400000,44863,0.112157,152029,0.380072
11,46.6,400000,44823,0.112058,152219,0.380547
11,46.8,400000,44680,0.1117,152077,0.380192
11,47,400000,44974,0.112435,152445,0.381113
11,47.2,400000,44474,0.111185,151869,0.379673
11,47.4,400000,44476,0.11119,151937,0.379843
11,47.6,400000,44883,0.112208,151940,0.37985
11,47.8,400000,44227,0.110567,151575,0.378937
11,48,400000,44412,0.11103,151704,0.37926
11,48.2,400000,44734,0.111835,151413,0.378532
11,48.4,400000,44921,0.112302,151677,0.379192
11,48.6,400000,44241,0.110603,152143,0.380358
11,48.8,400000,44803,0.112007,152093,0.380232
11,49,400000,45132,0.11283,152432,0.38108
11,49.2,400000,45046,0.112615,152419,0.381047
11,49.4,400000,44546,0.111365,152279,0.380698
11,49.6,400000,44817,0.112043,151602,0.379005
11,49.8,400000,44380,0.11095,151512,0.37878
11,50,400000,45454,0.113635,152634,0.381585
11.2,-50,400000,44723,0.111808,151771,0.379427
11.2,-49.8,400000,44259,0.110647,151453,0.378632
11.2,-49.6,400000,44640,0.1116,151697,0.379242
11.2,-49.4,400000,44350,0.110875,152527,0.381317
11.2,-49.2,400000,45192,0.11298,152303,0.380758
11.2,-49,400000,44393,0.110982,152447,0.381117
11.2,-48.8,400000,44909,0.112272,152361,0.380902
11.2,-48.6,400000,44937,0.112342,151961,0.379902
11.2,-48.4,400000,44858,0.112145,151582,0.378955
11.2,-48.2,400000,44880,0.1122,152077,0.380192
11.2,-48,400000,45018,0.112545,151704,0.37926
11.2,-47.8,400000,45016,0.11254,152605,0.381512
11.2,-47.6,400000,44565,0.111412,152311,0.380777
11.2,-47.4,400000,44537,0.111342,151743,0.379358
11.2,-47.2,400000,44878,0.112195,152140,0.38035
11.2,-47,400000,44999,0.112498,152078,0.380195
11.2,-46.8,400000,44426,0.111065,151904,0.37976
11.2,-46.6,400000,44523,0.111308,151756,0.37939
11.2,-46.4,400000,45176,0.11294,152420,0.38105
11.2,-46.2,400000,44993,0.112482,151725,0.379312
11.2,-46,400000,44946,0.112365,152155,0.380387
11.2,-45.8,400000,45134,0.112835,152375,0.380937
11.2,-45.6,400000,44853,0.112132,151786,0.379465
11.2,-45.4,400000,45221,0.113053,152030,0.380075
11.2,-45.2,400000,44505,0.111263,151546,0.378865
11.2,-45,400000,45067,0.112668,151773,0.379433
11.2,-44.8,400000,44671,0.111677,151916,0.37979
11.2,-44.6,400000,44442,0.111105,151636,0.37909
11.2,-44.4,400000,45208,0.11302,151979,0.379947
11.2,-44.2,400000,44543,0.111357,151532,0.37883
11.2,-44,400000,44918,0.112295,152414,0.381035
11.2,-43.8,400000,45073,0.112683,151977,0.379943
11.2,-43.6,400000,44470,0.111175,152268,0.38067
11.2,-43.4,400000,44716,0.11179,152272,0.38068
11.2,-43.2,400000,45155,0.112888,151968,0.37992
11.2,-43,400000,45075,0.112687,152167,0.380418
11.2,-42.8,400000,44497,0.111242,151906,0.379765
11.2,-42.6,400000,44099,0.110247,151458,0.378645
11.2,-42.4,400000,44946,0.112365,152024,0.38006
11.2,-42.2,400000,44445,0.111113,152196,0.38049
11.2,-42,400000,45416,0.11354,152244,0.38061
11.2,-41.8,400000,44847,0.112117,152469,0.381173
11.2,-41.6,400000,45035,0.112587,152399,0.380997
11.2,-41.4,400000,44637,0.111592,151934,0.379835
11.2,-41.2,400000,45161,0.112903,152344,0.38086
11.2,-41,400000,44917,0.112293,152224,0.38056
11.2,-40.8,400000,45150,0.112875,152380,0.38095
11.2,-40.6,400000,44981,0.112452,152032,0.38008
11.2,-40.4,400000,44745,0.111863,152182,0.380455
11.2,-40.2,400000,45145,0.112863,151776,0.37944
11.2,-40,400000,45325,0.113312,152550,0.381375
11.2,-39.8,400000,44691,0.111727,151687,0.379217
11.2,-39.6,400000,44942,0.112355,151958,0.379895
11.2,-39.4,400000,44973,0.112433,152494,0.381235
11.2,-39.2,400000,44492,0.11123,151688,0.37922
11.2,-39,400000,45352,0.11338,152405,0.381012
11.2,-38.8,400000,44610,0.111525,152266,0.380665
11.2,-38.6,400000,45089,0.112723,151876,0.37969
11.2,-38.4,400000,44980,0.11245,152476,0.38119
11.2,-38.2,400000,44484,0.11121,151794,0.379485
11.2,-38,400000,45245,0.113113,151527,0.378817
11.2,-37.8,400000,44904,0.11226,152025,0.380063
11.2,-37.6,400000,44618,0.111545,152434,0.381085
11.2,-37.4,400000,45054,0.112635,151843,0.379607
11.2,-37.2,400000,44919,0.112297,152457,0.381142
11.2,-37,400000,44978,0.112445,152032,0.38008
11.2,-36.8,400000,44901,0.112253,152767,0.381918
11.2,-36.6,400000,45099,0.112748,152445,0.381113
11.2,-36.4,400000,45115,0.112787,152356,0.38089
11.2,-36.2,400000,44940,0.11235,151874,0.379685
11.2,-36,400000,44965,0.112412,152407,0.381018
11.2,-35.8,400000,45005,0.112513,151717,0.379292
11.2,-35.6,400000,44445,0.111113,151340,0.37835
11.2,-35.4,400000,44859,0.112147,152750,0.381875
11.2,-35.2,400000,44506,0.111265,151533,0.378833
11.2,-35,400000,45147,0.112867,152070,0.380175
11.2,-34.8,400000,44813,0.112032,152525,0.381312
11.2,-34.6,400000,44704,0.11176,151423,0.378557
11.2,-34.4,400000,44850,0.112125,152003,0.380007
11.2,-34.2,400000,44564,0.11141,151928,0.37982
11.2,-34,400000,44622,0.111555,151997,0.379993
11.2,-33.8,400000,44407,0.111018,151714,0.379285
11.2,-33.6,400000,45094,0.112735,152961,0.382402
11.2,-33.4,400000,44999,0.112498,152785,0.381962
11.2,-33.2,400000,44769,0.111922,152299,0.380748
11.2,-33,400000,44882,0.112205,151647,0.379117
11.2,-32.8,400000,44885,0.112213,152201,0.380503
11.2,-32.6,400000,45166,0.112915,152115,0.380288
11.2,-32.4,400000,44833,0.112083,152219,0.380547
11.2,-32.2,400000,44144,0.11036,151965,0.379912
11.2,-32,400000,44700,0.11175,152692,0.38173
11.2,-31.8,400000,44676,0.11169,151883,0.379707
11.2,-31.6,400000,45162,0.112905,152188,0.38047
11.2,-31.4,400000,44642,0.111605,152299,0.380748
11.2,-31.2,400000,44485,0.111213,152217,0.380543
11.2,-31,400000,44701,0.111753,152157,0.380393
11.2,-30.8,400000,44786,0.111965,152247,0.380617
11.2,-30.6,400000,44835,0.112088,152449,0.381122
11.2,-30.4,400000,45115,0.112787,152081,0.380202
11.2,-30.2,400000,45111,0.112778,152252,0.38063
11.2,-30,400000,44959,0.112397,152333,0.380833
11.2,-29.8,400000,45443,0.113608,153194,0.382985
11.2,-29.6,400000,44799,0.111997,151991,0.379978
11.2,-29.4,400000,44734,0.111835,152298,0.380745
11.2,-29.2,400000,44493,0.111232,151746,0.379365
11.2,-29,400000,44667,0.111668,151760,0.3794
11.2,-28.8,400000,44756,0.11189,151947,0.379868
11.2,-28.6,400000,44732,0.11183,152179,0.380447
11.2,-28.4,400000,45020,0.11255,152347,0.380868
11.2,-28.2,400000,44400,0.111,151805,0.379512
11.2,-28,400000,45271,0.113178,152511,0.381277
11.2,-27.8,400000,44825,0.112062,152412,0.38103
11.2,-27.6,400000,44720,0.1118,151362,0.378405
11.2,-27.4,400000,44737,0.111842,152106,0.380265
11.2,-27.2,400000,44736,0.11184,152157,0.380393
11.2,-27,400000,44718,0.111795,151827,0.379568
11.2,-26.8,400000,44818,0.112045,152707,0.381767
11.2,-26.6,400000,44379,0.110948,151775,0.379437
11.2,-26.4,400000,44921,0.112302,152171,0.380427
11.2,-26.2,400000,44628,0.11157,152194,0.380485
11.2,-26,400000,44636,0.11159,152440,0.3811
11.2,-25.8,400000,44269,0.110672,151784,0.37946
11.2,-25.6,400000,44938,0.112345,152115,0.380288
11.2,-25.4,400000,45089,0.112723,152808,0.38202
11.2,-25.2,400000,44917,0.112293,152836,0.38209
11.2,-25,400000,45130,0.112825,152129,0.380323
11.2,-24.8,400000,45172,0.11293,152554,0.381385
11.2,-24.6,400000,44732,0.11183,152066,0.380165
11.2,-24.4,400000,44734,0.111835,152548,0.38137
11.2,-24.2,400000,45027,0.112568,152397,0.380993
11.2,-24,400000,45054,0.112635,152051,0.380128
11.2,-23.8,400000,44603,0.111507,152677,0.381692
11.2,-23.6,400000,44525,0.111312,151898,0.379745
11.2,-23.4,400000,44983,0.112458,152198,0.380495
11.2,-23.2,400000,44010,0.110025,151197,0.377993
11.2,-23,400000,44858,0.112145,152466,0.381165
11.2,-22.8,400000,44744,0.11186,152230,0.380575
11.2,-22.6,400000,44835,0.112088,152481,0.381202
11.2,-22.4,400000,45046,0.112615,152002,0.380005
11.2,-22.2,400000,44575,0.111437,151737,0.379343
11.2,-22,400000,44582,0.111455,152035,0.380088
11.2,-21.8,400000,44932,0.11233,152181,0.380453
11.2,-21.6,400000,44473,0.111183,151998,0.379995
11.2,-21.4,400000,44880,0.1122,153120,0.3828
11.2,-21.2,400000,45591,0.113977,152108,0.38027
11.2,-21,400000,45026,0.112565,152182,0.380455
11.2,-20.8,400000,44699,0.111747,152348,0.38087
11.2,-20.6,400000,45008,0.11252,152535,0.381337
11.2,-20.4,400000,44507,0.111268,151799,0.379497
11.2,-20.2,400000,44950,0.112375,152100,0.38025
11.2,-20,400000,44867,0.112168,152014,0.380035
11.2,-19.8,400000,44604,0.11151,151487,0.378717
11.2,-19.6,400000,44393,0.110982,151847,0.379617
11.2,-19.4,400000,44358,0.110895,152089,0.380223
11.2,-19.2,400000,44436,0.11109,152259,0.380648
11.2,-19,400000,44266,0.110665,152591,0.381478
11.2,-18.8,400000,45005,0.112513,151772,0.37943
11.2,-18.6,400000,44868,0.11217,152095,0.380238
11.2,-18.4,400000,44676,0.11169,152024,0.38006
11.2,-18.2,400000,44819,0.112047,152045,0.380113
11.2,-18,400000,44638,0.111595,151913,0.379783
11.2,-17.8,400000,44685,0.111713,152159,0.380397
11.2,-17.6,400000,44805,0.112013,152253,0.380632
11.2,-17.4,400000,44675,0.111687,151873,0.379682
11.2,-17.2,400000,44402,0.111005,151660,0.37915
11.2,-17,400000,44652,0.11163,151794,0.379485
11.2,-16.8,400000,44693,0.111732,152026,0.380065
11.2,-16.6,400000,44996,0.11249,152084,0.38021
11.2,-16.4,400000,44486,0.111215,151608,0.37902
11.2,-16.2,400000,44798,0.111995,151958,0.379895
11.2,-16,400000,44548,0.11137,151445,0.378613
11.2,-15.8,400000,44800,0.112,152485,0.381213
11.2,-15.6,400000,44858,0.112145,151919,0.379798
11.2,-15.4,400000,45036,0.11259,152020,0.38005
11.2,-15.2,400000,45155,0.112888,151868,0.37967
11.2,-15,400000,44632,0.11158,152495,0.381238
11.2,-14.8,400000,44933,0.112333,152319,0.380798
11.2,-14.6,400000,44976,0.11244,151940,0.37985
11.2,-14.4,400000,44887,0.112217,151876,0.37969
11.2,-14.2,400000,45435,0.113587,152754,0.381885
11.2,-14,400000,44897,0.112242,152317,0.380792
11.2,-13.8,400000,44709,0.111772,152050,0.380125
11.2,-13.6,400000,44412,0.11103,152575,0.381437
11.2,-13.4,400000,44617,0.111543,151510,0.378775
11.2,-13.2,400000,44440,0.1111,152052,0.38013
11.2,-13,400000,44907,0.112268,152234,0.380585
11.2,-12.8,400000,44491,0.111228,151698,0.379245
11.2,-12.6,400000,45049,0.112623,151981,0.379953
11.2,-12.4,400000,44605,0.111513,152159,0.380397
11.2,-12.2,400000,45263,0.113157,152436,0.38109
11.2,-12,400000,44881,0.112202,152880,0.3822
11.2,-11.8,400000,44233,0.110583,151574,0.378935
11.2,-11.6,400000,45305,0.113263,152439,0.381097
11.2,-11.4,400000,44904,0.11226,152289,0.380723
11.2,-11.2,400000,44898,0.112245,151714,0.379285
11.2,-11,400000,44290,0.110725,151701,0.379252
11.2,-10.8,400000,44901,0.112253,151436,0.37859
11.2,-10.6,400000,45045,0.112613,152472,0.38118
11.2,-10.4,400000,45059,0.112647,151902,0.379755
11.2,-10.2,400000,44551,0.111378,151359,0.378397
11.2,-10,400000,44825,0.112062,151975,0.379937
11.2,-9.8,400000,45863,0.114657,152464,0.38116
11.2,-9.6,400000,45138,0.112845,152541,0.381352
11.2,-9.4,400000,44760,0.1119,151661,0.379153
11.2,-9.2,400000,44412,0.11103,152376,0.38094
11.2,-9,400000,45071,0.112677,151779,0.379447
11.2,-8.8,400000,44899,0.112248,152033,0.380082
11.2,-8.6,400000,44817,0.112043,152042,0.380105
11.2,-8.4,400000,45171,0.112928,152963,0.382408
11.2,-8.2,400000,45053,0.112632,152177,0.380443
11.2,-8,400000,45084,0.11271,151976,0.37994
11.2,-7.8,400000,44958,0.112395,152194,0.380485
11.2,-7.6,400000,44550,0.111375,151563,0.378908
11.2,-7.4,400000,44737,0.111842,151208,0.37802
11.2,-7.2,400000,44675,0.111687,152087,0.380217
11.2,-7,400000,44808,0.11202,151813,0.379532
11.2,-6.8,400000,44920,0.1123,151644,0.37911
11.2,-6.6,400000,44342,0.110855,151345,0.378362
11.2,-6.4,400000,45070,0.112675,152099,0.380248
11.2,-6.2,400000,45199,0.112998,152936,0.38234
11.2,-6,400000,45435,0.113587,153060,0.38265
11.2,-5.8,400000,44877,0.112193,152245,0.380613
11.2,-5.6,400000,44453,0.111132,152353,0.380883
11.2,-5.4,400000,44808,0.11202,151193,0.377982
11.2,-5.2,400000,44627,0.111568,152461,0.381153
11.2,-5,400000,44524,0.11131,151896,0.37974
11.2,-4.8,400000,44805,0.112013,152544,0.38136
11.2,-4.6,400000,45596,0.11399,152549,0.381373
11.2,-4.4,400000,44475,0.111187,151936,0.37984
11.2,-4.2,400000,45615,0.114037,152439,0.381097
11.2,-4,400000,44656,0.11164,152405,0.381012
11.2,-3.8,400000,44788,0.11197,152925,0.382312
11.2,-3.6,400000,45197,0.112992,152001,0.380003
11.2,-3.4,400000,44422,0.111055,151915,0.379788
11.2,-3.2,400000,44652,0.11163,151959,0.379897
11.2,-3,400000,44539,0.111348,152027,0.380068
11.2,-2.8,400000,45127,0.112818,151990,0.379975
11.2,-2.6,400000,45135,0.112837,151747,0.379368
11.2,-2.4,400000,44896,0.11224,152159,0.380397
11.2,-2.2,400000,44326,0.110815,152209,0.380522
11.2,-2,400000,44537,0.111342,151626,0.379065
11.2,-1.8,400000,44899,0.112248,152085,0.380213
11.2,-1.6,400000,44710,0.111775,152469,0.381173
11.2,-1.4,400000,45155,0.112888,152176,0.38044
11.2,-1.2,400000,44690,0.111725,151771,0.379427
11.2,-1,400000,44881,0.112202,151402,0.378505
11.2,-0.8,400000,44429,0.111073,151993,0.379983
11.2,-0.6,400000,44711,0.111778,152497,0.381242
11.2,-0.4,400000,45207,0.113018,152303,0.380758
11.2,-0.2,400000,44988,0.11247,152822,0.382055
11.2,0,400000,45066,0.112665,152146,0.380365
11.2,0.2,400000,44816,0.11204,152089,0.380223
11.2,0.4,400000,44755,0.111888,152541,0.381352
11.2,0.6,400000,44592,0.11148,152436,0.38109
11.2,0.8,400000,44836,0.11209,152221,0.380553
11.2,1,400000,44398,0.110995,152315,0.380788
11.2,1.2,400000,44858,0.112145,152377,0.380943
11.2,1.4,400000,45059,0.112647,152196,0.38049
11.2,1.6,400000,44761,0.111903,152670,0.381675
11.2,1.8,400000,44461,0.111153,152630,0.381575
11.2,2,400000,45257,0.113142,152229,0.380572
11.2,2.2,400000,45224,0.11306,152251,0.380628
11.2,2.4,400000,45246,0.113115,152685,0.381713
11.2,2.6,400000,45462,0.113655,152659,0.381647
11.2,2.8,400000,44964,0.11241,152214,0.380535
11.2,3,400000,44191,0.110478,151968,0.37992
11.2,3.2,400000,45093,0.112732,152250,0.380625
11.2,3.4,400000,45124,0.11281,152006,0.380015
11.2,3.6,400000,44959,0.112397,152174,0.380435
11.2,3.8,400000,44765,0.111912,151962,0.379905
11.2,4,400000,44773,0.111933,152186,0.380465
11.2,4.2,400000,45197,0.112992,152314,0.380785
11.2,4.4,400000,44616,0.11154,152136,0.38034
11.2,4.6,400000,45041,0.112602,151921,0.379802
11.2,4.8,400000,44752,0.11188,151701,0.379252
11.2,5,400000,44935,0.112338,151973,0.379933
11.2,5.2,400000,44767,0.111918,151601,0.379003
11.2,5.4,400000,44901,0.112253,151775,0.379437
11.2,5.6,400000,44884,0.11221,152096,0.38024
11.2,5.8,400000,44924,0.11231,152042,0.380105
11.2,6,400000,45076,0.11269,152162,0.380405
11.2,6.2,400000,45504,0.11376,152417,0.381043
11.2,6.4,400000,44835,0.112088,151943,0.379858
11.2,6.6,400000,44964,0.11241,152263,0.380657
11.2,6.8,400000,45026,0.112565,152449,0.381122
11.2,7,400000,45018,0.112545,152135,0.380337
11.2,7.2,400000,44772,0.11193,151610,0.379025
11.2,7.4,400000,44923,0.112308,152194,0.380485
11.2,7.6,400000,44918,0.112295,152106,0.380265
11.2,7.8,400000,44384,0.11096,151991,0.379978
11.2,8,400000,44473,0.111183,152092,0.38023
11.2,8.2,400000,44750,0.111875,152125,0.380312
11.2,8.4,400000,45495,0.113738,152773,0.381933
11.2,8.6,400000,44992,0.11248,152338,0.380845
11.2,8.8,400000,45027,0.112568,152196,0.38049
11.2,9,400000,44590,0.111475,151865,0.379663
11.2,9.2,400000,44627,0.111568,151957,0.379893
11.2,9.4,400000,44754,0.111885,151961,0.379902
11.2,9.6,400000,45055,0.112638,152148,0.38037
11.2,9.8,400000,45087,0.112717,152508,0.38127
11.2,10,400000,44605,0.111513,151924,0.37981
11.2,10.2,400000,44791,0.111977,152361,0.380902
11.2,10.4,400000,45281,0.113202,152500,0.38125
11.2,10.6,400000,44821,0.112052,152139,0.380348
11.2,10.8,400000,44599,0.111497,151990,0.379975
11.2,11,400000,44658,0.111645,152404,0.38101
11.2,11.2,400000,44980,0.11245,152118,0.380295
11.2,11.4,400000,44783,0.111958,152331,0.380827
11.2,11.6,400000,45114,0.112785,152694,0.381735
11.2,11.8,400000,45096,0.11274,151965,0.379912
11.2,12,400000,44827,0.112068,152063,0.380157
11.2,12.2,400000,44973,0.112433,151696,0.37924
11.2,12.4,400000,44548,0.11137,151577,0.378943
11.2,12.6,400000,44455,0.111138,151795,0.379487
11.2,12.8,400000,44896,0.11224,152106,0.380265
11.2,13,400000,44992,0.11248,152507,0.381267
11.2,13.2,400000,45069,0.112672,152196,0.38049
11.2,13.4,400000,45163,0.112907,152675,0.381688
11.2,13.6,400000,44721,0.111802,152251,0.380628
11.2,13.8,400000,44600,0.1115,152173,0.380433
11.2,14,400000,44152,0.11038,152173,0.380433
11.2,14.2,400000,44509,0.111272,151765,0.379412
11.2,14.4,400000,44409,0.111022,151893,0.379732
11.2,14.6,400000,45000,0.1125,152682,0.381705
11.2,14.8,400000,45065,0.112662,151872,0.37968
11.2,15,400000,44920,0.1123,152347,0.380868
11.2,15.2,400000,44710,0.111775,151953,0.379883
11.2,15.4,400000,45077,0.112693,151864,0.37966
11.2,15.6,400000,45110,0.112775,152351,0.380877
11.2,15.8,400000,44950,0.112375,152281,0.380702
11.2,16,400000,44882,0.112205,151955,0.379887
11.2,16.2,400000,44658,0.111645,152083,0.380207
11.2,16.4,400000,44795,0.111988,152457,0.381142
11.2,16.6,400000,44946,0.112365,152476,0.38119
11.2,16.8,400000,44667,0.111668,152316,0.38079
11.2,17,400000,44613,0.111533,151921,0.379802
11.2,17.2,400000,44783,0.111958,151975,0.379937
11.2,17.4,400000,44748,0.11187,152329,0.380823
11.2,17.6,400000,44435,0.111088,151861,0.379653
11.2,17.8,400000,44915,0.112287,151218,0.378045
11.2,18,400000,44620,0.11155,151773,0.379433
11.2,18.2,400000,44631,0.111577,152267,0.380667
11.2,18.4,400000,45090,0.112725,152043,0.380107
11.2,18.6,400000,45255,0.113138,152423,0.381057
11.2,18.8,400000,44682,0.111705,152114,0.380285
11.2,19,400000,44560,0.1114,152049,0.380122
11.2,19.2,400000,44675,0.111687,151910,0.379775
11.2,19.4,400000,45234,0.113085,152107,0.380267
11.2,19.6,400000,44314,0.110785,151951,0.379877
11.2,19.8,400000,45307,0.113267,152092,0.38023
11.2,20,400000,44751,0.111878,152598,0.381495
11.2,20.2,400000,45559,0.113897,152581,0.381453
11.2,20.4,400000,44663,0.111658,152034,0.380085
11.2,20.6,400000,44411,0.111028,151931,0.379827
11.2,20.8,400000,45145,0.112863,151752,0.37938
11.2,21,400000,44600,0.1115,151812,0.37953
11.2,21.2,400000,44684,0.11171,151878,0.379695
11.2,21.4,400000,44812,0.11203,152103,0.380258
11.2,21.6,400000,44471,0.111177,152365,0.380912
11.2,21.8,400000,44477,0.111192,151861,0.379653
11.2,22,400000,45113,0.112782,151898,0.379745
11.2,22.2,400000,45063,0.112657,151946,0.379865
11.2,22.4,400000,45022,0.112555,151929,0.379823
11.2,22.6,400000,45187,0.112967,152012,0.38003
11.2,22.8,400000,44838,0.112095,151503,0.378758
11.2,23,400000,44817,0.112043,151809,0.379522
11.2,23.2,400000,44515,0.111287,152725,0.381812
11.2,23.4,400000,45234,0.113085,151941,0.379852
11.2,23.6,400000,45055,0.112638,152344,0.38086
11.2,23.8,400000,45132,0.11283,152445,0.381113
11.2,24,400000,43944,0.10986,151826,0.379565
11.2,24.2,400000,44673,0.111683,151842,0.379605
11.2,24.4,400000,45062,0.112655,152241,0.380603
11.2,24.6,400000,44492,0.11123,151906,0.379765
11.2,24.8,400000,45102,0.112755,151781,0.379453
11.2,25,400000,44677,0.111693,152262,0.380655
11.2,25.2,400000,44922,0.112305,152728,0.38182
11.2,25.4,400000,44417,0.111043,152442,0.381105
11.2,25.6,400000,45041,0.112602,152743,0.381858
11.2,25.8,400000,45382,0.113455,152934,0.382335
11.2,26,400000,44826,0.112065,151990,0.379975
11.2,26.2,400000,44702,0.111755,152337,0.380842
11.2,26.4,400000,44920,0.1123,152294,0.380735
11.2,26.6,400000,44559,0.111397,152196,0.38049
11.2,26.8,400000,44922,0.112305,152440,0.3811
11.2,27,400000,44744,0.11186,151813,0.379532
11.2,27.2,400000,44965,0.112412,151741,0.379352
11.2,27.4,400000,44272,0.11068,151700,0.37925
11.2,27.6,400000,44906,0.112265,152372,0.38093
11.2,27.8,400000,44977,0.112443,151908,0.37977
11.2,28,400000,44941,0.112352,152200,0.3805
11.2,28.2,400000,44772,0.11193,151564,0.37891
11.2,28.4,400000,44560,0.1114,151747,0.379368
11.2,28.6,400000,44808,0.11202,152015,0.380037
11.2,28.8,400000,44995,0.112488,152178,0.380445
11.2,29,400000,45572,0.11393,152818,0.382045
11.2,29.2,400000,45071,0.112677,151759,0.379397
11.2,29.4,400000,44632,0.11158,151790,0.379475
11.2,29.6,400000,44605,0.111513,151649,0.379122
11.2,29.8,400000,44485,0.111213,152170,0.380425
11.2,30,400000,44773,0.111933,151880,0.3797
11.2,30.2,400000,44230,0.110575,151536,0.37884
11.2,30.4,400000,44838,0.112095,151802,0.379505
11.2,30.6,400000,45031,0.112577,152444,0.38111
11.2,30.8,400000,44552,0.11138,151877,0.379692
11.2,31,400000,44571,0.111427,151566,0.378915
11.2,31.2,400000,44566,0.111415,151627,0.379068
11.2,31.4,400000,44494,0.111235,152134,0.380335
11.2,31.6,400000,44840,0.1121,152480,0.3812
11.2,31.8,400000,44359,0.110897,152318,0.380795
11.2,32,400000,45025,0.112562,152657,0.381642
11.2,32.2,400000,45219,0.113047,152086,0.380215
11.2,32.4,400000,44597,0.111492,152365,0.380912
11.2,32.6,400000,45074,0.112685,152332,0.38083
11.2,32.8,400000,45051,0.112628,151892,0.37973
11.2,33,400000,45109,0.112772,151428,0.37857
11.2,33.2,400000,45066,0.112665,151899,0.379748
11.2,33.4,400000,44840,0.1121,152700,0.38175
11.2,33.6,400000,44231,0.110577,151494,0.378735
11.2,33.8,400000,45158,0.112895,152651,0.381628
11.2,34,400000,44773,0.111933,151287,0.378217
11.2,34.2,400000,44893,0.112232,152574,0.381435
11.2,34.4,400000,45095,0.112738,152165,0.380412
11.2,34.6,400000,44759,0.111897,152343,0.380858
11.2,34.8,400000,44648,0.11162,152335,0.380837
11.2,35,400000,45019,0.112547,152608,0.38152
11.2,35.2,400000,44825,0.112062,152328,0.38082
11.2,35.4,400000,45092,0.11273,151943,0.379858
11.2,35.6,400000,44862,0.112155,151748,0.37937
11.2,35.8,400000,44664,0.11166,151959,0.379897
11.2,36,400000,44745,0.111863,151812,0.37953
11.2,36.2,400000,44505,0.111263,151682,0.379205
11.2,36.4,400000,44457,0.111143,151717,0.379292
11.2,36.6,400000,44668,0.11167,151827,0.379568
11.2,36.8,400000,44936,0.11234,151831,0.379578
11.2,37,400000,44472,0.11118,151306,0.378265
11.2,37.2,400000,44659,0.111647,151810,0.379525
11.2,37.4,400000,44703,0.111757,152347,0.380868
11.2,37.6,400000,44972,0.11243,152314,0.380785
11.2,37.8,400000,44785,0.111963,152653,0.381632
11.2,38,400000,44943,0.112357,151934,0.379835
11.2,38.2,400000,45122,0.112805,152220,0.38055
11.2,38.4,400000,45182,0.112955,152448,0.38112
11.2,38.6,400000,44566,0.111415,151919,0.379798
11.2,38.8,400000,45026,0.112565,152762,0.381905
11.2,39,400000,45224,0.11306,152184,0.38046
11.2,39.2,400000,44991,0.112477,152062,0.380155
11.2,39.4,400000,44862,0.112155,151619,0.379047
11.2,39.6,400000,44727,0.111818,151988,0.37997
11.2,39.8,400000,44744,0.11186,152259,0.380648
11.2,40,400000,44953,0.112382,152259,0.380648
11.2,40.2,400000,45069,0.112672,152945,0.382362
11.2,40.4,400000,44821,0.112052,152520,0.3813
11.2,40.6,400000,45268,0.11317,152403,0.381007
11.2,40.8,400000,44730,0.111825,152057,0.380142
11.2,41,400000,44577,0.111442,152342,0.380855
11.2,41.2,400000,44698,0.111745,152330,0.380825
11.2,41.4,400000,45064,0.11266,151430,0.378575
11.2,41.6,400000,45103,0.112757,152044,0.38011
11.2,41.8,400000,44361,0.110903,151009,0.377522
11.2,42,400000,44707,0.111768,152105,0.380263
11.2,42.2,400000,44923,0.112308,151814,0.379535
11.2,42.4,400000,44873,0.112183,151650,0.379125
11.2,42.6,400000,44982,0.112455,151781,0.379453
11.2,42.8,400000,44553,0.111382,152119,0.380298
11.2,43,400000,44584,0.11146,151526,0.378815
11.2,43.2,400000,45197,0.112992,152510,0.381275
11.2,43.4,400000,44572,0.11143,152057,0.380142
11.2,43.6,400000,44579,0.111448,151837,0.379592
11.2,43.8,400000,44903,0.112257,151899,0.379748
11.2,44,400000,44964,0.11241,152344,0.38086
11.2,44.2,400000,44555,0.111388,151859,0.379648
11.2,44.4,400000,45161,0.112903,152669,0.381673
11.2,44.6,400000,45122,0.112805,152063,0.380157
11.2,44.8,400000,44894,0.112235,152195,0.380487
11.2,45,400000,44498,0.111245,151439,0.378597
11.2,45.2,400000,44773,0.111933,151772,0.37943
11.2,45.4,400000,44299,0.110747,151544,0.37886
11.2,45.6,400000,44680,0.1117,151987,0.379968
11.2,45.8,400000,44630,0.111575,151912,0.37978
11.2,46,400000,45170,0.112925,151646,0.379115
11.2,46.2,400000,45075,0.112687,152162,0.380405
11.2,46.4,400000,45152,0.11288,152314,0.380785
11.2,46.6,400000,44974,0.112435,152181,0.380453
11.2,46.8,400000,45087,0.112717,152797,0.381993
11.2,47,400000,44721,0.111802,151808,0.37952
11.2,47.2,400000,44670,0.111675,151453,0.378632
11.2,47.4,400000,44445,0.111113,152490,0.381225
11.2,47.6,400000,45040,0.1126,151918,0.379795
11.2,47.8,400000,44521,0.111302,151918,0.379795
11.2,48,400000,44525,0.111312,151996,0.37999
11.2,48.2,400000,44379,0.110948,152096,0.38024
11.2,48.4,400000,45020,0.11255,152267,0.380667
11.2,48.6,400000,45005,0.112513,152418,0.381045
11.2,48.8,400000,44935,0.112338,152162,0.380405
11.2,49,400000,44921,0.112302,152526,0.381315
11.2,49.2,400000,45387,0.113467,151947,0.379868
11.2,49.4,400000,44488,0.11122,151576,0.37894
11.2,49.6,400000,44466,0.111165,152843,0.382107
11.2,49.8,400000,44686,0.111715,151624,0.37906
11.2,50,400000,44168,0.11042,151690,0.379225
11.4,-50,400000,44683,0.111708,151839,0.379597
11.4,-49.8,400000,44568,0.11142,151931,0.379827
11.4,-49.6,400000,44677,0.111693,151833,0.379582
11.4,-49.4,400000,44918,0.112295,151741,0.379352
11.4,-49.2,400000,44657,0.111643,152527,0.381317
11.4,-49,400000,44777,0.111943,151977,0.379943
11.4,-48.8,400000,44743,0.111857,151708,0.37927
11.4,-48.6,400000,44773,0.111933,152272,0.38068
11.4,-48.4,400000,44561,0.111403,152201,0.380503
11.4,-48.2,400000,44370,0.110925,152083,0.380207
11.4,-48,400000,44312,0.11078,151281,0.378202
11.4,-47.8,400000,44671,0.111677,152002,0.380005
11.4,-47.6,400000,45407,0.113517,152392,0.38098
11.4,-47.4,400000,44871,0.112177,151657,0.379142
11.4,-47.2,400000,44723,0.111808,151853,0.379632
11.4,-47,400000,45026,0.112565,152480,0.3812
11.4,-46.8,400000,44314,0.110785,151851,0.379628
11.4,-46.6,400000,44896,0.11224,151859,0.379648
11.4,-46.4,400000,44801,0.112003,152519,0.381298
11.4,-46.2,400000,44680,0.1117,151901,0.379752
11.4,-46,400000,45481,0.113702,152314,0.380785
11.4,-45.8,400000,44962,0.112405,152368,0.38092
11.4,-45.6,400000,45227,0.113068,151966,0.379915
11.4,-45.4,400000,44443,0.111107,151523,0.378808
11.4,-45.2,400000,44528,0.11132,151630,0.379075
11.4,-45,400000,44628,0.11157,151817,0.379543
11.4,-44.8,400000,44960,0.1124,152193,0.380483
11.4,-44.6,400000,44772,0.11193,151838,0.379595
11.4,-44.4,400000,45255,0.113138,152375,0.380937
11.4,-44.2,400000,44700,0.11175,151855,0.379638
11.4,-44,400000,44983,0.112458,152289,0.380723
11.4,-43.8,400000,44942,0.112355,151610,0.379025
11.4,-43.6,400000,44636,0.11159,151993,0.379983
11.4,-43.4,400000,44578,0.111445,151938,0.379845
11.4,-43.2,400000,44676,0.11169,152418,0.381045
11.4,-43,400000,44549,0.111372,152119,0.380298
11.4,-42.8,400000,44998,0.112495,152109,0.380273
11.4,-42.6,400000,44555,0.111388,151453,0.378632
11.4,-42.4,400000,44077,0.110192,151456,0.37864
11.4,-42.2,400000,44823,0.112058,151595,0.378987
11.4,-42,400000,45300,0.11325,152441,0.381103
11.4,-41.8,400000,44823,0.112058,151865,0.379663
11.4,-41.6,400000,44908,0.11227,151975,0.379937
11.4,-41.4,400000,44789,0.111973,151795,0.379487
11.4,-41.2,400000,45026,0.112565,152021,0.380053
11.4,-41,400000,44895,0.112238,152478,0.381195
11.4,-40.8,400000,45136,0.11284,152496,0.38124
11.4,-40.6,400000,44881,0.112202,151729,0.379323
11.4,-40.4,400000,45001,0.112503,152395,0.380987
11.4,-40.2,400000,44803,0.112007,152096,0.38024
11.4,-40,400000,44757,0.111893,151518,0.378795
11.4,-39.8,400000,44464,0.11116,151484,0.37871
11.4,-39.6,400000,44329,0.110823,151493,0.378733
11.4,-39.4,400000,44859,0.112147,152620,0.38155
11.4,-39.2,400000,44718,0.111795,152639,0.381597
11.4,-39,400000,44972,0.11243,151839,0.379597
11.4,-38.8,400000,45230,0.113075,152383,0.380958
11.4,-38.6,400000,44579,0.111448,151993,0.379983
11.4,-38.4,400000,44583,0.111458,151687,0.379217
11.4,-38.2,400000,45027,0.112568,151866,0.379665
11.4,-38,400000,45024,0.11256,152206,0.380515
11.4,-37.8,400000,44784,0.11196,151980,0.37995
11.4,-37.6,400000,44832,0.11208,152332,0.38083
11.4,-37.4,400000,44703,0.111757,151847,0.379617
11.4,-37.2,400000,44507,0.111268,152312,0.38078
11.4,-37,400000,44687,0.111717,151990,0.379975
11.4,-36.8,400000,44699,0.111747,151511,0.378777
11.4,-36.6,400000,45298,0.113245,152908,0.38227
11.4,-36.4,400000,44533,0.111333,152231,0.380578
11.4,-36.2,400000,44726,0.111815,152399,0.380997
11.4,-36,400000,45117,0.112793,152379,0.380947
11.4,-35.8,400000,44551,0.111378,152065,0.380163
11.4,-35.6,400000,44852,0.11213,152022,0.380055
11.4,-35.4,400000,44502,0.111255,152559,0.381398
11.4,-35.2,400000,44487,0.111217,152077,0.380192
11.4,-35,400000,45064,0.11266,152151,0.380377
11.4,-34.8,400000,44577,0.111442,152042,0.380105
11.4,-34.6,400000,44670,0.111675,151726,0.379315
11.4,-34.4,400000,44377,0.110942,151463,0.378657
11.4,-34.2,400000,44797,0.111992,151837,0.379592
11.4,-34,400000,44551,0.111378,151375,0.378437
11.4,-33.8,400000,44708,0.11177,152096,0.38024
11.4,-33.6,400000,44839,0.112098,151953,0.379883
11.4,-33.4,400000,44896,0.11224,152700,0.38175
11.4,-33.2,400000,44915,0.112287,151781,0.379453
11.4,-33,400000,44849,0.112122,151807,0.379518
11.4,-32.8,400000,44662,0.111655,152358,0.380895
11.4,-32.6,400000,45049,0.112623,152566,0.381415
11.4,-32.4,400000,44708,0.11177,151740,0.37935
11.4,-32.2,400000,44911,0.112278,152107,0.380267
11.4,-32,400000,44789,0.111973,152262,0.380655
11.4,-31.8,400000,44696,0.11174,152266,0.380665
11.4,-31.6,400000,45331,0.113327,152343,0.380858
11.4,-31.4,400000,44629,0.111573,152215,0.380537
11.4,-31.2,400000,45216,0.11304,151736,0.37934
11.4,-31,400000,44725,0.111812,152042,0.380105
11.4,-30.8,400000,45103,0.112757,152543,0.381358
11.4,-30.6,400000,44496,0.11124,151825,0.379563
11.4,-30.4,400000,44943,0.112357,151720,0.3793
11.4,-30.2,400000,44356,0.11089,152067,0.380167
11.4,-30,400000,44973,0.112433,151855,0.379638
11.4,-29.8,400000,44603,0.111507,151981,0.379953
11.4,-29.6,400000,44856,0.11214,151967,0.379918
11.4,-29.4,400000,44836,0.11209,152564,0.38141
11.4,-29.2,400000,45246,0.113115,152062,0.380155
11.4,-29,400000,44729,0.111823,151491,0.378727
11.4,-28.8,400000,44802,0.112005,152168,0.38042
11.4,-28.6,400000,44824,0.11206,151940,0.37985
11.4,-28.4,400000,44794,0.111985,152240,0.3806
11.4,-28.2,400000,45109,0.112772,152658,0.381645
11.4,-28,400000,44671,0.111677,152285,0.380713
11.4,-27.8,400000,44728,0.11182,152332,0.38083
11.4,-27.6,400000,45400,0.1135,152686,0.381715
11.4,-27.4,400000,45057,0.112643,151884,0.37971
11.4,-27.2,400000,44692,0.11173,151962,0.379905
11.4,-27,400000,44734,0.111835,152317,0.380792
11.4,-26.8,400000,44656,0.11164,152031,0.380078
11.4,-26.6,400000,44843,0.112107,152811,0.382028
11.4,-26.4,400000,44867,0.112168,152350,0.380875
11.4,-26.2,400000,45238,0.113095,152334,0.380835
11.4,-26,400000,45360,0.1134,152528,0.38132
11.4,-25.8,400000,44744,0.11186,151630,0.379075
11.4,-25.6,400000,44901,0.112253,152134,0.380335
11.4,-25.4,400000,45070,0.112675,152349,0.380873
11.4,-25.2,400000,44716,0.11179,152252,0.38063
11.4,-25,400000,44465,0.111162,152079,0.380198
11.4,-24.8,400000,44247,0.110617,151329,0.378323
11.4,-24.6,400000,44940,0.11235,152021,0.380053
11.4,-24.4,400000,44942,0.112355,152237,0.380593
11.4,-24.2,400000,44809,0.112022,152365,0.380912
11.4,-24,400000,45113,0.112782,152659,0.381647
11.4,-23.8,400000,44728,0.11182,151159,0.377897
11.4,-23.6,400000,45138,0.112845,152122,0.380305
11.4,-23.4,400000,45034,0.112585,152488,0.38122
11.4,-23.2,400000,45082,0.112705,152289,0.380723
11.4,-23,400000,44696,0.11174,151782,0.379455
11.4,-22.8,400000,44899,0.112248,152243,0.380607
11.4,-22.6,400000,44840,0.1121,152525,0.381312
11.4,-22.4,400000,44950,0.112375,152153,0.380383
11.4,-22.2,400000,44442,0.111105,151889,0.379723
11.4,-22,400000,45069,0.112672,152293,0.380732
11.4,-21.8,400000,44731,0.111827,151767,0.379418
11.4,-21.6,400000,44896,0.11224,152260,0.38065
11.4,-21.4,400000,44625,0.111562,151157,0.377893
11.4,-21.2,400000,44982,0.112455,151970,0.379925
11.4,-21,400000,44567,0.111418,151997,0.379993
11.4,-20.8,400000,44377,0.110942,152227,0.380568
11.4,-20.6,400000,44916,0.11229,152693,0.381732
11.4,-20.4,400000,44523,0.111308,152561,0.381402
11.4,-20.2,400000,44841,0.112102,152196,0.38049
11.4,-20,400000,44863,0.112157,151945,0.379862
11.4,-19.8,400000,44876,0.11219,152338,0.380845
11.4,-19.6,400000,44888,0.11222,151572,0.37893
11.4,-19.4,400000,45131,0.112827,152260,0.38065
11.4,-19.2,400000,45008,0.11252,152360,0.3809
11.4,-19,400000,45044,0.11261,152366,0.380915
11.4,-18.8,400000,44982,0.112455,152362,0.380905
11.4,-18.6,400000,44796,0.11199,152409,0.381022
11.4,-18.4,400000,44668,0.11167,151431,0.378578
11.4,-18.2,400000,45071,0.112677,152113,0.380283
11.4,-18,400000,44737,0.111842,151986,0.379965
11.4,-17.8,400000,44809,0.112022,151717,0.379292
11.4,-17.6,400000,44336,0.11084,152654,0.381635
11.4,-17.4,400000,44798,0.111995,152027,0.380068
11.4,-17.2,400000,44910,0.112275,151940,0.37985
11.4,-17,400000,44696,0.11174,152111,0.380277
11.4,-16.8,400000,45395,0.113488,152870,0.382175
11.4,-16.6,400000,44878,0.112195,151120,0.3778
11.4,-16.4,400000,44950,0.112375,152108,0.38027
11.4,-16.2,400000,44618,0.111545,151909,0.379773
11.4,-16,400000,44641,0.111602,151612,0.37903
11.4,-15.8,400000,44279,0.110698,151995,0.379987
11.4,-15.6,400000,45273,0.113183,152159,0.380397
11.4,-15.4,400000,45183,0.112958,152380,0.38095
11.4,-15.2,400000,45383,0.113458,152755,0.381887
11.4,-15,400000,44399,0.110997,151988,0.37997
11.4,-14.8,400000,44584,0.11146,152012,0.38003
11.4,-14.6,400000,44848,0.11212,152173,0.380433
11.4,-14.4,400000,44670,0.111675,151810,0.379525
11.4,-14.2,400000,45039,0.112598,152538,0.381345
11.4,-14,400000,44748,0.11187,152187,0.380468
11.4,-13.8,400000,45112,0.11278,152512,0.38128
11.4,-13.6,400000,45083,0.112708,152129,0.380323
11.4,-13.4,400000,44563,0.111408,151959,0.379897
11.4,-13.2,400000,44727,0.111818,151799,0.379497
11.4,-13,400000,44503,0.111257,151976,0.37994
11.4,-12.8,400000,44836,0.11209,151869,0.379673
11.4,-12.6,400000,44267,0.110668,151944,0.37986
11.4,-12.4,400000,45125,0.112812,152621,0.381553
11.4,-12.2,400000,44819,0.112047,152746,0.381865
11.4,-12,400000,44870,0.112175,152367,0.380918
11.4,-11.8,400000,44913,0.112282,151989,0.379972
11.4,-11.6,400000,44726,0.111815,152402,0.381005
11.4,-11.4,400000,45023,0.112558,152514,0.381285
11.4,-11.2,400000,45303,0.113257,152443,0.381107
11.4,-11,400000,45021,0.112552,152187,0.380468
11.4,-10.8,400000,44545,0.111363,152156,0.38039
11.4,-10.6,400000,44906,0.112265,152057,0.380142
11.4,-10.4,400000,45343,0.113357,152584,0.38146
11.4,-10.2,400000,44510,0.111275,151890,0.379725
11.4,-10,400000,44536,0.11134,151855,0.379638
11.4,-9.8,400000,45000,0.1125,152692,0.38173
11.4,-9.6,400000,44879,0.112198,152319,0.380798
11.4,-9.4,400000,44809,0.112022,152849,0.382122
11.4,-9.2,400000,44473,0.111183,151862,0.379655
11.4,-9,400000,44915,0.112287,151955,0.379887
11.4,-8.8,400000,45106,0.112765,151852,0.37963
11.4,-8.6,400000,44789,0.111973,152015,0.380037
11.4,-8.4,400000,45101,0.112753,152093,0.380232
11.4,-8.2,400000,44666,0.111665,152254,0.380635
11.4,-8,400000,44810,0.112025,152385,0.380962
11.4,-7.8,400000,45139,0.112848,152538,0.381345
11.4,-7.6,400000,44953,0.112382,152459,0.381147
11.4,-7.4,400000,43981,0.109952,152076,0.38019
11.4,-7.2,400000,44649,0.111622,152095,0.380238
11.4,-7,400000,44607,0.111518,151698,0.379245
11.4,-6.8,400000,45294,0.113235,152143,0.380358
11.4,-6.6,400000,45298,0.113245,151944,0.37986
11.4,-6.4,400000,44888,0.11222,151560,0.3789
11.4,-6.2,400000,44778,0.111945,152589,0.381472
11.4,-6,400000,44901,0.112253,152909,0.382273
11.4,-5.8,400000,44587,0.111467,151779,0.379447
11.4,-5.6,400000,45143,0.112857,152065,0.380163
11.4,-5.4,400000,45177,0.112943,152102,0.380255
11.4,-5.2,400000,44508,0.11127,152328,0.38082
11.4,-5,400000,45010,0.112525,152361,0.380902
11.4,-4.8,400000,45229,0.113073,152717,0.381792
11.4,-4.6,400000,45334,0.113335,152098,0.380245
11.4,-4.4,400000,44691,0.111727,151992,0.37998
11.4,-4.2,400000,44519,0.111297,151822,0.379555
11.4,-4,400000,44778,0.111945,151974,0.379935
11.4,-3.8,400000,45291,0.113227,151961,0.379902
11.4,-3.6,400000,44692,0.11173,151813,0.379532
11.4,-3.4,400000,45204,0.11301,151750,0.379375
11.4,-3.2,400000,45068,0.11267,151986,0.379965
11.4,-3,400000,44335,0.110838,151789,0.379472
11.4,-2.8,400000,44047,0.110117,151723,0.379308
11.4,-2.6,400000,44924,0.11231,152753,0.381883
11.4,-2.4,400000,44674,0.111685,151602,0.379005
11.4,-2.2,400000,44956,0.11239,151215,0.378038
11.4,-2,400000,45029,0.112573,151897,0.379742
11.4,-1.8,400000,44533,0.111333,151598,0.378995
11.4,-1.6,400000,45149,0.112873,152552,0.38138
11.4,-1.4,400000,44919,0.112297,152273,0.380682
11.4,-1.2,400000,45101,0.112753,152695,0.381738
11.4,-1,400000,45144,0.11286,152285,0.380713
11.4,-0.8,400000,44958,0.112395,151912,0.37978
11.4,-0.6,400000,45295,0.113238,152856,0.38214
11.4,-0.4,400000,44633,0.111583,151884,0.37971
11.4,-0.2,400000,45679,0.114197,152949,0.382373
11.4,0,400000,45024,0.11256,152534,0.381335
11.4,0.2,400000,44908,0.11227,152155,0.380387
11.4,0.4,400000,44782,0.111955,152033,0.380082
11.4,0.6,400000,44713,0.111783,151914,0.379785
11.4,0.8,400000,44950,0.112375,152202,0.380505
11.4,1,400000,44908,0.11227,152182,0.380455
11.4,1.2,400000,44975,0.112437,152117,0.380292
11.4,1.4,400000,45168,0.11292,152055,0.380138
11.4,1.6,400000,44784,0.11196,152047,0.380117
11.4,1.8,400000,44890,0.112225,152374,0.380935
11.4,2,400000,45418,0.113545,152619,0.381547
11.4,2.2,400000,44673,0.111683,151784,0.37946
11.4,2.4,400000,44725,0.111812,152668,0.38167
11.4,2.6,400000,44999,0.112498,152284,0.38071
11.4,2.8,400000,45085,0.112712,152284,0.38071
11.4,3,400000,44328,0.11082,151211,0.378028
11.4,3.2,400000,44699,0.111747,151978,0.379945
11.4,3.4,400000,45045,0.112613,152901,0.382252
11.4,3.6,400000,44738,0.111845,152507,0.381267
11.4,3.8,400000,45123,0.112808,152195,0.380487
11.4,4,400000,44855,0.112138,152561,0.381402
11.4,4.2,400000,44458,0.111145,151837,0.379592
11.4,4.4,400000,44477,0.111192,151923,0.379808
11.4,4.6,400000,44659,0.111647,152023,0.380057
11.4,4.8,400000,45151,0.112878,151933,0.379833
11.4,5,400000,45046,0.112615,152256,0.38064
11.4,5.2,400000,45025,0.112562,151999,0.379997
11.4,5.4,400000,44782,0.111955,152388,0.38097
11.4,5.6,400000,45041,0.112602,152124,0.38031
11.4,5.8,400000,44340,0.11085,151930,0.379825
11.4,6,400000,44775,0.111937,151900,0.37975
11.4,6.2,400000,44837,0.112092,152434,0.381085
11.4,6.4,400000,44999,0.112498,152348,0.38087
11.4,6.6,400000,44300,0.11075,152276,0.38069
11.4,6.8,400000,45051,0.112628,151664,0.37916
11.4,7,400000,44911,0.112278,152117,0.380292
11.4,7.2,400000,44656,0.11164,152131,0.380327
11.4,7.4,400000,44740,0.11185,152389,0.380972
11.4,7.6,400000,44895,0.112238,152119,0.380298
11.4,7.8,400000,44614,0.111535,151943,0.379858
11.4,8,400000,45067,0.112668,153435,0.383588
11.4,8.2,400000,45270,0.113175,152344,0.38086
11.4,8.4,400000,45029,0.112573,152277,0.380692
11.4,8.6,400000,44955,0.112388,152173,0.380433
11.4,8.8,400000,44999,0.112498,152091,0.380227
11.4,9,400000,45196,0.11299,152579,0.381447
11.4,9.2,400000,44729,0.111823,152189,0.380472
11.4,9.4,400000,44522,0.111305,152380,0.38095
11.4,9.6,400000,44719,0.111797,152340,0.38085
11.4,9.8,400000,45084,0.11271,152609,0.381522
11.4,10,400000,45350,0.113375,152314,0.380785
11.4,10.2,400000,44532,0.11133,152000,0.38
11.4,10.4,400000,44609,0.111522,151901,0.379752
11.4,10.6,400000,44793,0.111982,152248,0.38062
11.4,10.8,400000,45176,0.11294,151826,0.379565
11.4,11,400000,44066,0.110165,151939,0.379848
11.4,11.2,400000,44445,0.111113,151719,0.379298
11.4,11.4,400000,45181,0.112952,151885,0.379713
11.4,11.6,400000,44812,0.11203,152436,0.38109
11.4,11.8,400000,44897,0.112242,152323,0.380808
11.4,12,400000,44777,0.111943,152356,0.38089
11.4,12.2,400000,44756,0.11189,152119,0.380298
11.4,12.4,400000,44824,0.11206,151903,0.379758
11.4,12.6,400000,45103,0.112757,152161,0.380402
11.4,12.8,400000,45059,0.112647,152687,0.381717
11.4,13,400000,45061,0.112653,152598,0.381495
11.4,13.2,400000,44976,0.11244,152599,0.381497
11.4,13.4,400000,44836,0.11209,152429,0.381072
11.4,13.6,400000,44708,0.11177,152176,0.38044
11.4,13.8,400000,45236,0.11309,152303,0.380758
11.4,14,400000,45179,0.112948,152588,0.38147
11.4,14.2,400000,44683,0.111708,151841,0.379603
11.4,14.4,400000,44621,0.111552,152455,0.381138
11.4,14.6,400000,44668,0.11167,151778,0.379445
11.4,14.8,400000,45117,0.112793,152311,0.380777
11.4,15,400000,44617,0.111543,151753,0.379383
11.4,15.2,400000,44901,0.112253,151936,0.37984
11.4,15.4,400000,44932,0.11233,151999,0.379997
11.4,15.6,400000,44896,0.11224,152261,0.380653
11.4,15.8,400000,45091,0.112727,152760,0.3819
11.4,16,400000,45249,0.113123,152234,0.380585
11.4,16.2,400000,44864,0.11216,151643,0.379107
11.4,16.4,400000,44846,0.112115,152639,0.381597
11.4,16.6,400000,44945,0.112363,152385,0.380962
11.4,16.8,400000,44940,0.11235,151972,0.37993
11.4,17,400000,45057,0.112643,152358,0.380895
11.4,17.2,400000,44700,0.11175,152392,0.38098
11.4,17.4,400000,45101,0.112753,152651,0.381628
11.4,17.6,400000,44492,0.11123,152151,0.380377
11.4,17.8,400000,44887,0.112217,152508,0.38127
11.4,18,400000,45002,0.112505,151907,0.379767
11.4,18.2,400000,45033,0.112583,152423,0.381057
11.4,18.4,400000,45166,0.112915,152063,0.380157
11.4,18.6,400000,44672,0.11168,151892,0.37973
11.4,18.8,400000,45385,0.113462,152649,0.381622
11.4,19,400000,44946,0.112365,152303,0.380758
11.4,19.2,400000,45347,0.113367,152011,0.380028
11.4,19.4,400000,44941,0.112352,152461,0.381153
11.4,19.6,400000,45347,0.113367,152111,0.380277
11.4,19.8,400000,44982,0.112455,152366,0.380915
11.4,20,400000,45162,0.112905,151723,0.379308
11.4,20.2,400000,44655,0.111638,152210,0.380525
11.4,20.4,400000,44409,0.111022,152073,0.380182
11.4,20.6,400000,44687,0.111717,152029,0.380072
11.4,20.8,400000,45124,0.11281,152074,0.380185
11.4,21,400000,45152,0.11288,152380,0.38095
11.4,21.2,400000,45138,0.112845,152434,0.381085
11.4,21.4,400000,44504,0.11126,152491,0.381227
11.4,21.6,400000,44967,0.112418,152444,0.38111
11.4,21.8,400000,44040,0.1101,151487,0.378717
11.4,22,400000,44910,0.112275,151768,0.37942
11.4,22.2,400000,44692,0.11173,152510,0.381275
11.4,22.4,400000,44711,0.111778,151814,0.379535
11.4,22.6,400000,45218,0.113045,152478,0.381195
11.4,22.8,400000,44250,0.110625,152269,0.380673
11.4,23,400000,44310,0.110775,152020,0.38005
11.4,23.2,400000,44674,0.111685,152310,0.380775
11.4,23.4,400000,45071,0.112677,152620,0.38155
11.4,23.6,400000,45187,0.112967,152293,0.380732
11.4,23.8,400000,44774,0.111935,152626,0.381565
11.4,24,400000,45243,0.113107,152155,0.380387
11.4,24.2,400000,44473,0.111183,151384,0.37846
11.4,24.4,400000,44643,0.111607,151918,0.379795
11.4,24.6,400000,44624,0.11156,151779,0.379447
11.4,24.8,400000,45377,0.113443,152897,0.382242
11.4,25,400000,44779,0.111948,151399,0.378497
11.4,25.2,400000,44752,0.11188,151936,0.37984
11.4,25.4,400000,44688,0.11172,151548,0.37887
11.4,25.6,400000,44896,0.11224,152402,0.381005
11.4,25.8,400000,44979,0.112448,153075,0.382688
11.4,26,400000,44326,0.110815,152442,0.381105
11.4,26.2,400000,44768,0.11192,152060,0.38015
11.4,26.4,400000,44733,0.111833,152442,0.381105
11.4,26.6,400000,44923,0.112308,152548,0.38137
11.4,26.8,400000,44862,0.112155,152372,0.38093
11.4,27,400000,44680,0.1117,152001,0.380003
11.4,27.2,400000,45209,0.113022,152038,0.380095
11.4,27.4,400000,44795,0.111988,151755,0.379387
11.4,27.6,400000,45544,0.11386,152538,0.381345
11.4,27.8,400000,45220,0.11305,152335,0.380837
11.4,28,400000,44756,0.11189,152430,0.381075
11.4,28.2,400000,45448,0.11362,152446,0.381115
11.4,28.4,400000,44260,0.11065,152155,0.380387
11.4,28.6,400000,44844,0.11211,152341,0.380852
11.4,28.8,400000,45209,0.113022,152127,0.380317
11.4,29,400000,44860,0.11215,152432,0.38108
11.4,29.2,400000,44939,0.112348,152527,0.381317
11.4,29.4,400000,45038,0.112595,152249,0.380622
11.4,29.6,400000,44277,0.110692,151440,0.3786
11.4,29.8,400000,45610,0.114025,152915,0.382288
11.4,30,400000,44600,0.1115,151522,0.378805
11.4,30.2,400000,44710,0.111775,151917,0.379792
11.4,30.4,400000,44542,0.111355,151880,0.3797
11.4,30.6,400000,45121,0.112802,152417,0.381043
11.4,30.8,400000,44962,0.112405,152351,0.380877
11.4,31,400000,44819,0.112047,152405,0.381012
11.4,31.2,400000,45087,0.112717,152439,0.381097
11.4,31.4,400000,44841,0.112102,152486,0.381215
11.4,31.6,400000,44614,0.111535,152207,0.380518
11.4,31.8,400000,45363,0.113407,152664,0.38166
11.4,32,400000,45085,0.112712,151695,0.379238
11.4,32.2,400000,44705,0.111763,152223,0.380557
11.4,32.4,400000,44414,0.111035,152122,0.380305
11.4,32.6,400000,44744,0.11186,151796,0.37949
11.4,32.8,400000,44575,0.111437,151928,0.37982
11.4,33,400000,44789,0.111973,151377,0.378443
11.4,33.2,400000,44583,0.111458,152258,0.380645
11.4,33.4,400000,44532,0.11133,151837,0.379592
11.4,33.6,400000,44720,0.1118,151943,0.379858
11.4,33.8,400000,44551,0.111378,151601,0.379003
11.4,34,400000,45038,0.112595,152076,0.38019
11.4,34.2,400000,45393,0.113483,152095,0.380238
11.4,34.4,400000,44971,0.112427,152367,0.380918
11.4,34.6,400000,45204,0.11301,152213,0.380532
11.4,34.8,400000,45023,0.112558,152383,0.380958
11.4,35,400000,44989,0.112473,152227,0.380568
11.4,35.2,400000,44747,0.111867,152303,0.380758
11.4,35.4,400000,45170,0.112925,152226,0.380565
11.4,35.6,400000,45165,0.112912,152069,0.380173
11.4,35.8,400000,44686,0.111715,152557,0.381393
11.4,36,400000,44987,0.112467,152781,0.381952
11.4,36.2,400000,44669,0.111672,151118,0.377795
11.4,36.4,400000,44646,0.111615,152332,0.38083
11.4,36.6,400000,44606,0.111515,151884,0.37971
11.4,36.8,400000,44844,0.11211,152623,0.381557
11.4,37,400000,44544,0.11136,152414,0.381035
11.4,37.2,400000,44338,0.110845,151073,0.377682
11.4,37.4,400000,44730,0.111825,151686,0.379215
11.4,37.6,400000,44512,0.11128,151745,0.379362
11.4,37.8,400000,45122,0.112805,151928,0.37982
11.4,38,400000,44476,0.11119,151991,0.379978
11.4,38.2,400000,45056,0.11264,152025,0.380063
11.4,38.4,400000,45146,0.112865,152496,0.38124
11.4,38.6,400000,45088,0.11272,152339,0.380848
11.4,38.8,400000,44849,0.112122,152175,0.380437
11.4,39,400000,44756,0.11189,152315,0.380788
11.4,39.2,400000,44825,0.112062,152473,0.381182
11.4,39.4,400000,45167,0.112918,152045,0.380113
11.4,39.6,400000,44690,0.111725,152280,0.3807
11.4,39.8,400000,44514,0.111285,151787,0.379468
11.4,40,400000,44712,0.11178,152313,0.380783
11.4,40.2,400000,44553,0.111382,151894,0.379735
11.4,40.4,400000,44462,0.111155,151742,0.379355
11.4,40.6,400000,44570,0.111425,151677,0.379192
11.4,40.8,400000,44716,0.11179,152680,0.3817
11.4,41,400000,44660,0.11165,151632,0.37908
11.4,41.2,400000,44847,0.112117,152019,0.380047
11.4,41.4,400000,44537,0.111342,151701,0.379252
11.4,41.6,400000,45120,0.1128,152501,0.381252
11.4,41.8,400000,44715,0.111787,152470,0.381175
11.4,42,400000,44935,0.112338,151926,0.379815
11.4,42.2,400000,44495,0.111238,151908,0.37977
11.4,42.4,400000,44890,0.112225,151804,0.37951
11.4,42.6,400000,44976,0.11244,152176,0.38044
11.4,42.8,400000,44944,0.11236,152046,0.380115
11.4,43,400000,45004,0.11251,152171,0.380427
11.4,43.2,400000,44984,0.11246,152354,0.380885
11.4,43.4,400000,45345,0.113363,152583,0.381458
11.4,43.6,400000,45066,0.112665,152338,0.380845
11.4,43.8,400000,44763,0.111907,151961,0.379902
11.4,44,400000,45107,0.112768,152347,0.380868
11.4,44.2,400000,44478,0.111195,151555,0.378887
11.4,44.4,400000,44877,0.112193,151550,0.378875
11.4,44.6,400000,44330,0.110825,152003,0.380007
11.4,44.8,400000,44926,0.112315,152058,0.380145
11.4,45,400000,44515,0.111287,152071,0.380178
11.4,45.2,400000,44866,0.112165,152222,0.380555
11.4,45.4,400000,44554,0.111385,151996,0.37999
11.4,45.6,400000,44994,0.112485,152525,0.381312
11.4,45.8,400000,44732,0.11183,151909,0.379773
11.4,46,400000,44846,0.112115,152204,0.38051
11.4,46.2,400000,44973,0.112433,151589,0.378972
11.4,46.4,400000,45266,0.113165,152787,0.381968
11.4,46.6,400000,44891,0.112227,151857,0.379642
11.4,46.8,400000,44488,0.11122,151694,0.379235
11.4,47,400000,45202,0.113005,152396,0.38099
11.4,47.2,400000,44656,0.11164,152275,0.380688
11.4,47.4,400000,44569,0.111422,151444,0.37861
11.4,47.6,400000,44798,0.111995,152485,0.381213
11.4,47.8,400000,44540,0.11135,152094,0.380235
11.4,48,400000,44826,0.112065,151902,0.379755
11.4,48.2,400000,44677,0.111693,151804,0.37951
11.4,48.4,400000,45179,0.112948,152423,0.381057
11.4,48.6,400000,44994,0.112485,152353,0.380883
11.4,48.8,400000,44719,0.111797,152578,0.381445
11.4,49,400000,45525,0.113812,152370,0.380925
11.4,49.2,400000,45446,0.113615,152544,0.38136
11.4,49.4,400000,44806,0.112015,151585,0.378962
11.4,49.6,400000,44520,0.1113,151690,0.379225
11.4,49.8,400000,45466,0.113665,152721,0.381802
11.4,50,400000,44430,0.111075,151990,0.379975
11.6,-50,400000,44903,0.112257,152197,0.380493
11.6,-49.8,400000,44949,0.112373,152405,0.381012
11.6,-49.6,400000,44567,0.111418,152132,0.38033
11.6,-49.4,400000,44934,0.112335,151775,0.379437
11.6,-49.2,400000,45368,0.11342,151521,0.378802
11.6,-49,400000,44774,0.111935,152061,0.380153
11.6,-48.8,400000,45021,0.112552,152218,0.380545
11.6,-48.6,400000,45064,0.11266,151679,0.379198
11.6,-48.4,400000,44563,0.111408,151811,0.379528
11.6,-48.2,400000,44985,0.112463,151612,0.37903
11.6,-48,400000,44597,0.111492,151901,0.379752
11.6,-47.8,400000,44681,0.111702,151943,0.379858
11.6,-47.6,400000,45180,0.11295,152250,0.380625
11.6,-47.4,400000,45103,0.112757,151683,0.379207
11.6,-47.2,400000,44730,0.111825,152374,0.380935
11.6,-47,400000,44968,0.11242,152431,0.381078
11.6,-46.8,400000,45003,0.112507,152474,0.381185
11.6,-46.6,400000,44941,0.112352,152740,0.38185
11.6,-46.4,400000,44643,0.111607,152360,0.3809
11.6,-46.2,400000,45155,0.112888,152536,0.38134
11.6,-46,400000,45336,0.11334,152281,0.380702
11.6,-45.8,400000,44645,0.111613,152465,0.381163
11.6,-45.6,400000,45332,0.11333,152602,0.381505
11.6,-45.4,400000,44688,0.11172,152314,0.380785
11.6,-45.2,400000,44980,0.11245,151709,0.379273
11.6,-45,400000,44903,0.112257,151929,0.379823
11.6,-44.8,400000,44838,0.112095,152014,0.380035
11.6,-44.6,400000,45089,0.112723,152311,0.380777
11.6,-44.4,400000,44746,0.111865,152330,0.380825
11.6,-44.2,400000,44430,0.111075,151267,0.378167
11.6,-44,400000,45024,0.11256,152161,0.380402
11.6,-43.8,400000,45156,0.11289,152659,0.381647
11.6,-43.6,400000,44227,0.110567,151534,0.378835
11.6,-43.4,400000,44762,0.111905,152635,0.381588
11.6,-43.2,400000,44757,0.111893,151939,0.379848
11.6,-43,400000,44814,0.112035,151959,0.379897
11.6,-42.8,400000,44473,0.111183,152105,0.380263
11.6,-42.6,400000,44851,0.112128,152404,0.38101
11.6,-42.4,400000,44403,0.111007,151357,0.378393
11.6,-42.2,400000,44919,0.112297,151613,0.379032
11.6,-42,400000,44486,0.111215,151761,0.379402
11.6,-41.8,400000,45150,0.112875,152573,0.381433
11.6,-41.6,400000,44779,0.111948,152518,0.381295
11.6,-41.4,400000,45092,0.11273,152283,0.380707
11.6,-41.2,400000,44933,0.112333,151502,0.378755
11.6,-41,400000,44953,0.112382,151776,0.37944
11.6,-40.8,400000,44911,0.112278,152562,0.381405
11.6,-40.6,400000,44894,0.112235,151867,0.379667
11.6,-40.4,400000,44425,0.111062,151704,0.37926
11.6,-40.2,400000,44490,0.111225,151990,0.379975
11.6,-40,400000,45203,0.113007,152310,0.380775
11.6,-39.8,400000,44170,0.110425,151813,0.379532
11.6,-39.6,400000,44655,0.111638,151715,0.379287
11.6,-39.4,400000,44335,0.110838,151582,0.378955
11.6,-39.2,400000,44712,0.11178,152358,0.380895
11.6,-39,400000,44313,0.110783,151443,0.378607
11.6,-38.8,400000,44417,0.111043,152207,0.380518
11.6,-38.6,400000,44753,0.111882,152078,0.380195
11.6,-38.4,400000,45052,0.11263,152243,0.380607
11.6,-38.2,400000,45124,0.11281,152236,0.38059
11.6,-38,400000,44707,0.111768,152261,0.380653
11.6,-37.8,400000,44609,0.111522,151971,0.379927
11.6,-37.6,400000,44863,0.112157,151903,0.379758
11.6,-37.4,400000,45169,0.112922,152307,0.380767
11.6,-37.2,400000,44881,0.112202,152228,0.38057
11.6,-37,400000,45080,0.1127,152469,0.381173
11.6,-36.8,400000,44666,0.111665,152023,0.380057
11.6,-36.6,400000,44627,0.111568,151712,0.37928
11.6,-36.4,400000,44415,0.111037,151866,0.379665
11.6,-36.2,400000,44712,0.11178,151844,0.37961
11.6,-36,400000,44334,0.110835,151778,0.379445
11.6,-35.8,400000,44537,0.111342,151851,0.379628
11.6,-35.6,400000,44731,0.111827,151810,0.379525
11.6,-35.4,400000,44264,0.11066,151463,0.378657
11.6,-35.2,400000,44988,0.11247,152113,0.380283
11.6,-35,400000,44569,0.111422,151703,0.379258
11.6,-34.8,400000,44844,0.11211,152087,0.380217
11.6,-34.6,400000,44563,0.111408,152081,0.380202
11.6,-34.4,400000,44975,0.112437,152141,0.380352
11.6,-34.2,400000,44957,0.112393,152342,0.380855
11.6,-34,400000,45366,0.113415,152194,0.380485
11.6,-33.8,400000,44765,0.111912,152102,0.380255
11.6,-33.6,400000,44655,0.111638,151635,0.379088
11.6,-33.4,400000,45207,0.113018,152278,0.380695
11.6,-33.2,400000,44713,0.111783,151470,0.378675
11.6,-33,400000,44863,0.112157,151736,0.37934
11.6,-32.8,400000,44607,0.111518,151985,0.379962
11.6,-32.6,400000,44870,0.112175,152239,0.380597
11.6,-32.4,400000,44450,0.111125,151935,0.379837
11.6,-32.2,400000,44621,0.111552,151735,0.379337
11.6,-32,400000,44750,0.111875,152094,0.380235
11.6,-31.8,400000,44565,0.111412,151957,0.379893
11.6,-31.6,400000,44973,0.112433,152248,0.38062
11.6,-31.4,400000,44469,0.111172,152472,0.38118
11.6,-31.2,400000,45095,0.112738,152012,0.38003
11.6,-31,400000,44384,0.11096,151484,0.37871
11.6,-30.8,400000,45003,0.112507,152042,0.380105
11.6,-30.6,400000,44789,0.111973,151976,0.37994
11.6,-30.4,400000,44540,0.11135,152345,0.380862
11.6,-30.2,400000,45236,0.11309,152869,0.382173
11.6,-30,400000,44919,0.112297,152546,0.381365
11.6,-29.8,400000,44947,0.112367,152413,0.381032
11.6,-29.6,400000,44973,0.112433,152170,0.380425
11.6,-29.4,400000,44434,0.111085,151848,0.37962
11.6,-29.2,400000,44558,0.111395,151826,0.379565
11.6,-29,400000,45228,0.11307,152077,0.380192
11.6,-28.8,400000,45011,0.112528,151995,0.379987
11.6,-28.6,400000,45328,0.11332,152310,0.380775
11.6,-28.4,400000,44607,0.111518,152041,0.380103
11.6,-28.2,400000,45157,0.112893,152550,0.381375
11.6,-28,400000,45088,0.11272,152164,0.38041
11.6,-27.8,400000,44453,0.111132,151846,0.379615
11.6,-27.6,400000,45129,0.112823,152308,0.38077
11.6,-27.4,400000,45041,0.112602,152111,0.380277
11.6,-27.2,400000,44699,0.111747,151995,0.379987
11.6,-27,400000,44921,0.112302,152137,0.380342
11.6,-26.8,400000,44306,0.110765,152735,0.381837
11.6,-26.6,400000,45022,0.112555,151810,0.379525
11.6,-26.4,400000,44555,0.111388,152131,0.380327
11.6,-26.2,400000,45239,0.113098,153007,0.382518
11.6,-26,400000,45150,0.112875,152375,0.380937
11.6,-25.8,400000,45093,0.112732,152009,0.380022
11.6,-25.6,400000,45108,0.11277,152722,0.381805
11.6,-25.4,400000,44257,0.110643,151648,0.37912
11.6,-25.2,400000,44869,0.112172,152243,0.380607
11.6,-25,400000,45112,0.11278,152585,0.381462
11.6,-24.8,400000,45150,0.112875,152491,0.381227
11.6,-24.6,400000,45172,0.11293,151975,0.379937
11.6,-24.4,400000,44765,0.111912,152678,0.381695
11.6,-24.2,400000,45322,0.113305,152318,0.380795
11.6,-24,400000,44143,0.110357,151918,0.379795
11.6,-23.8,400000,45155,0.112888,152047,0.380117
11.6,-23.6,400000,45030,0.112575,152070,0.380175
11.6,-23.4,400000,44411,0.111028,151632,0.37908
11.6,-23.2,400000,45225,0.113062,152154,0.380385
11.6,-23,400000,45258,0.113145,152500,0.38125
11.6,-22.8,400000,44441,0.111103,151935,0.379837
11.6,-22.6,400000,44860,0.11215,152005,0.380012
11.6,-22.4,400000,44234,0.110585,151463,0.378657
11.6,-22.2,400000,44679,0.111698,152113,0.380283
11.6,-22,400000,45072,0.11268,151998,0.379995
11.6,-21.8,400000,44993,0.112482,152172,0.38043
11.6,-21.6,400000,44520,0.1113,151769,0.379422
11.6,-21.4,400000,45429,0.113573,152132,0.38033
11.6,-21.2,400000,44421,0.111052,151981,0.379953
11.6,-21,400000,45097,0.112742,152298,0.380745
11.6,-20.8,400000,45066,0.112665,152052,0.38013
11.6,-20.6,400000,44502,0.111255,151990,0.379975
11.6,-20.4,400000,44656,0.11164,152401,0.381003
11.6,-20.2,400000,44790,0.111975,151850,0.379625
11.6,-20,400000,45256,0.11314,152362,0.380905
11.6,-19.8,400000,45151,0.112878,152294,0.380735
11.6,-19.6,400000,44951,0.112378,151658,0.379145
11.6,-19.4,400000,44745,0.111863,152317,0.380792
11.6,-19.2,400000,44732,0.11183,152430,0.381075
11.6,-19,400000,44526,0.111315,151986,0.379965
11.6,-18.8,400000,44633,0.111583,152472,0.38118
11.6,-18.6,400000,44925,0.112312,152023,0.380057
11.6,-18.4,400000,44869,0.112172,151759,0.379397
11.6,-18.2,400000,44826,0.112065,151995,0.379987
11.6,-18,400000,44573,0.111433,152054,0.380135
11.6,-17.8,400000,44883,0.112208,152251,0.380628
11.6,-17.6,400000,45039,0.112598,152290,0.380725
11.6,-17.4,400000,44469,0.111172,151597,0.378993
11.6,-17.2,400000,45079,0.112698,152374,0.380935
11.6,-17,400000,45323,0.113308,153125,0.382812
11.6,-16.8,400000,44834,0.112085,152235,0.380588
11.6,-16.6,400000,44841,0.112102,151870,0.379675
11.6,-16.4,400000,44997,0.112492,152212,0.38053
11.6,-16.2,400000,44686,0.111715,151933,0.379833
11.6,-16,400000,44956,0.11239,152416,0.38104
11.6,-15.8,400000,45256,0.11314,152404,0.38101
11.6,-15.6,400000,44386,0.110965,151623,0.379057
11.6,-15.4,400000,45009,0.112522,152244,0.38061
11.6,-15.2,400000,44784,0.11196,152128,0.38032
11.6,-15,400000,44941,0.112352,152298,0.380745
11.6,-14.8,400000,44913,0.112282,151948,0.37987
11.6,-14.6,400000,44767,0.111918,152939,0.382348
11.6,-14.4,400000,44999,0.112498,152402,0.381005
11.6,-14.2,400000,45051,0.112628,152684,0.38171
11.6,-14,400000,44477,0.111192,151522,0.378805
11.6,-13.8,400000,44392,0.11098,151942,0.379855
11.6,-13.6,400000,44192,0.11048,151755,0.379387
11.6,-13.4,400000,44684,0.11171,152263,0.380657
11.6,-13.2,400000,44647,0.111617,152253,0.380632
11.6,-13,400000,44432,0.11108,151618,0.379045
11.6,-12.8,400000,44650,0.111625,152226,0.380565
11.6,-12.6,400000,44697,0.111742,152225,0.380563
11.6,-12.4,400000,45540,0.11385,152691,0.381727
11.6,-12.2,400000,44958,0.112395,152330,0.380825
11.6,-12,400000,45021,0.112552,152053,0.380132
11.6,-11.8,400000,44922,0.112305,151936,0.37984
11.6,-11.6,400000,44767,0.111918,152110,0.380275
11.6,-11.4,400000,44500,0.11125,152314,0.380785
11.6,-11.2,400000,44657,0.111643,152253,0.380632
11.6,-11,400000,45126,0.112815,152203,0.380507
11.6,-10.8,400000,45191,0.112977,152704,0.38176
11.6,-10.6,400000,45007,0.112518,152208,0.38052
11.6,-10.4,400000,44960,0.1124,152495,0.381238
11.6,-10.2,400000,45093,0.112732,152693,0.381732
11.6,-10,400000,44888,0.11222,151826,0.379565
11.6,-9.8,400000,44725,0.111812,151767,0.379418
11.6,-9.6,400000,44708,0.11177,152273,0.380682
11.6,-9.4,400000,45190,0.112975,152466,0.381165
11.6,-9.2,400000,45136,0.11284,152525,0.381312
11.6,-9,400000,45008,0.11252,151681,0.379202
11.6,-8.8,400000,44293,0.110732,152506,0.381265
11.6,-8.6,400000,45505,0.113763,152746,0.381865
11.6,-8.4,400000,44610,0.111525,152135,0.380337
11.6,-8.2,400000,45052,0.11263,151714,0.379285
11.6,-8,400000,44688,0.11172,151483,0.378707
11.6,-7.8,400000,44765,0.111912,151977,0.379943
11.6,-7.6,400000,44660,0.11165,152101,0.380252
11.6,-7.4,400000,44955,0.112388,152633,0.381582
11.6,-7.2,400000,44657,0.111643,152269,0.380673
11.6,-7,400000,44912,0.11228,151978,0.379945
11.6,-6.8,400000,44855,0.112138,151804,0.37951
11.6,-6.6,400000,45235,0.113087,152235,0.380588
11.6,-6.4,400000,44642,0.111605,151809,0.379522
11.6,-6.2,400000,44720,0.1118,152315,0.380788
11.6,-6,400000,44781,0.111952,152439,0.381097
11.6,-5.8,400000,44427,0.111067,152217,0.380543
11.6,-5.6,400000,44872,0.11218,152188,0.38047
11.6,-5.4,400000,45204,0.11301,151871,0.379678
11.6,-5.2,400000,44846,0.112115,152093,0.380232
11.6,-5,400000,44791,0.111977,152654,0.381635
11.6,-4.8,400000,44664,0.11166,152016,0.38004
11.6,-4.6,400000,43852,0.10963,151643,0.379107
11.6,-4.4,400000,44594,0.111485,152233,0.380582
11.6,-4.2,400000,44609,0.111522,152034,0.380085
11.6,-4,400000,44620,0.11155,153043,0.382607
11.6,-3.8,400000,45193,0.112982,152339,0.380848
11.6,-3.6,400000,44696,0.11174,151844,0.37961
11.6,-3.4,400000,45097,0.112742,152249,0.380622
11.6,-3.2,400000,44982,0.112455,151983,0.379958
11.6,-3,400000,45306,0.113265,152448,0.38112
11.6,-2.8,400000,45014,0.112535,152391,0.380978
11.6,-2.6,400000,44471,0.111177,151707,0.379267
11.6,-2.4,400000,45039,0.112598,151628,0.37907
11.6,-2.2,400000,44775,0.111937,151827,0.379568
11.6,-2,400000,44507,0.111268,152193,0.380483
11.6,-1.8,400000,44811,0.112028,152044,0.38011
11.6,-1.6,400000,44851,0.112128,152195,0.380487
11.6,-1.4,400000,44744,0.11186,151575,0.378937
11.6,-1.2,400000,44807,0.112018,151613,0.379032
11.6,-1,400000,44722,0.111805,151645,0.379113
11.6,-0.8,400000,44442,0.111105,152454,0.381135
11.6,-0.6,400000,45296,0.11324,152975,0.382437
11.6,-0.4,400000,45026,0.112565,151961,0.379902
11.6,-0.2,400000,44605,0.111513,152195,0.380487
11.6,0,400000,44794,0.111985,152262,0.380655
11.6,0.2,400000,45141,0.112852,152612,0.38153
11.6,0.4,400000,44421,0.111052,152057,0.380142
11.6,0.6,400000,45118,0.112795,152974,0.382435
11.6,0.8,400000,44790,0.111975,152193,0.380483
11.6,1,400000,44785,0.111963,152141,0.380352
11.6,1.2,400000,45260,0.11315,152823,0.382057
11.6,1.4,400000,44552,0.11138,151420,0.37855
11.6,1.6,400000,44656,0.11164,151918,0.379795
11.6,1.8,400000,45013,0.112532,151872,0.37968
11.6,2,400000,45419,0.113547,152807,0.382018
11.6,2.2,400000,45022,0.112555,152216,0.38054
11.6,2.4,400000,45340,0.11335,153099,0.382748
11.6,2.6,400000,45149,0.112873,152265,0.380663
11.6,2.8,400000,44722,0.111805,152201,0.380503
11.6,3,400000,43937,0.109842,151323,0.378308
11.6,3.2,400000,44978,0.112445,151894,0.379735
11.6,3.4,400000,44692,0.11173,151596,0.37899
11.6,3.6,400000,44987,0.112467,152113,0.380283
11.6,3.8,400000,44512,0.11128,151682,0.379205
11.6,4,400000,44605,0.111513,152113,0.380283
11.6,4.2,400000,45138,0.112845,152295,0.380738
11.6,4.4,400000,44411,0.111028,152593,0.381483
11.6,4.6,400000,45160,0.1129,152601,0.381503
11.6,4.8,400000,45164,0.11291,152970,0.382425
11.6,5,400000,45043,0.112607,152213,0.380532
11.6,5.2,400000,44578,0.111445,152326,0.380815
11.6,5.4,400000,44779,0.111948,152521,0.381302
11.6,5.6,400000,44570,0.111425,151546,0.378865
11.6,5.8,400000,44963,0.112407,152421,0.381053
11.6,6,400000,44873,0.112183,152361,0.380902
11.6,6.2,400000,44817,0.112043,151608,0.37902
11.6,6.4,400000,44765,0.111912,152150,0.380375
11.6,6.6,400000,45055,0.112638,151786,0.379465
11.6,6.8,400000,44661,0.111653,151425,0.378563
11.6,7,400000,45001,0.112503,152156,0.38039
11.6,7.2,400000,44513,0.111283,152210,0.380525
11.6,7.4,400000,44485,0.111213,151766,0.379415
11.6,7.6,400000,44773,0.111933,151359,0.378397
11.6,7.8,400000,44669,0.111672,152323,0.380808
11.6,8,400000,44875,0.112187,152100,0.38025
11.6,8.2,400000,45346,0.113365,152135,0.380337
11.6,8.4,400000,44759,0.111897,152112,0.38028
11.6,8.6,400000,45539,0.113848,152308,0.38077
11.6,8.8,400000,44634,0.111585,151941,0.379852
11.6,9,400000,45014,0.112535,152439,0.381097
11.6,9.2,400000,45148,0.11287,152218,0.380545
11.6,9.4,400000,44719,0.111797,152491,0.381227
11.6,9.6,400000,45185,0.112962,152095,0.380238
11.6,9.8,400000,44923,0.112308,152570,0.381425
11.6,10,400000,44576,0.11144,151973,0.379933
11.6,10.2,400000,45201,0.113003,152394,0.380985
11.6,10.4,400000,45104,0.11276,152570,0.381425
11.6,10.6,400000,44737,0.111842,152162,0.380405
11.6,10.8,400000,45137,0.112842,152572,0.38143
11.6,11,400000,44827,0.112068,151764,0.37941
11.6,11.2,400000,45174,0.112935,153093,0.382732
11.6,11.4,400000,44872,0.11218,152020,0.38005
11.6,11.6,400000,44700,0.11175,152028,0.38007
11.6,11.8,400000,45209,0.113022,151780,0.37945
11.6,12,400000,44521,0.111302,151908,0.37977
11.6,12.2,400000,44963,0.112407,152634,0.381585
11.6,12.4,400000,44966,0.112415,152269,0.380673
11.6,12.6,400000,45826,0.114565,152260,0.38065
11.6,12.8,400000,44686,0.111715,151882,0.379705
11.6,13,400000,45266,0.113165,152711,0.381777
11.6,13.2,400000,44925,0.112312,152125,0.380312
11.6,13.4,400000,44778,0.111945,151899,0.379748
11.6,13.6,400000,44864,0.11216,152256,0.38064
11.6,13.8,400000,44933,0.112333,152310,0.380775
11.6,14,400000,44380,0.11095,151089,0.377723
11.6,14.2,400000,44509,0.111272,152128,0.38032
11.6,14.4,400000,44639,0.111598,152044,0.38011
11.6,14.6,400000,44100,0.11025,152118,0.380295
11.6,14.8,400000,44890,0.112225,152262,0.380655
11.6,15,400000,45538,0.113845,152079,0.380198
11.6,15.2,400000,45014,0.112535,152563,0.381408
11.6,15.4,400000,45138,0.112845,152232,0.38058
11.6,15.6,400000,44682,0.111705,151990,0.379975
11.6,15.8,400000,44915,0.112287,152420,0.38105
11.6,16,400000,44524,0.11131,152047,0.380117
11.6,16.2,400000,45077,0.112693,152754,0.381885
11.6,16.4,400000,44981,0.112452,152216,0.38054
11.6,16.6,400000,44465,0.111162,151987,0.379968
11.6,16.8,400000,44682,0.111705,152181,0.380453
11.6,17,400000,45154,0.112885,152895,0.382238
11.6,17.2,400000,44852,0.11213,152214,0.380535
11.6,17.4,400000,45235,0.113087,152923,0.382308
11.6,17.6,400000,45442,0.113605,152746,0.381865
11.6,17.8,400000,44998,0.112495,152005,0.380012
11.6,18,400000,44182,0.110455,151565,0.378912
11.6,18.2,400000,45009,0.112522,152706,0.381765
11.6,18.4,400000,44944,0.11236,152006,0.380015
11.6,18.6,400000,44606,0.111515,151956,0.37989
11.6,18.8,400000,45129,0.112823,152620,0.38155
11.6,19,400000,44832,0.11208,152517,0.381292
11.6,19.2,400000,44592,0.11148,151913,0.379783
11.6,19.4,400000,45127,0.112818,152125,0.380312
11.6,19.6,400000,45195,0.112988,151886,0.379715
11.6,19.8,400000,44152,0.11038,151377,0.378443
11.6,20,400000,45509,0.113772,152693,0.381732
11.6,20.2,400000,44745,0.111863,152328,0.38082
11.6,20.4,400000,44636,0.11159,151987,0.379968
11.6,20.6,400000,44956,0.11239,152320,0.3808
11.6,20.8,400000,44435,0.111088,151863,0.379657
11.6,21,400000,44606,0.111515,152094,0.380235
11.6,21.2,400000,45182,0.112955,152703,0.381758
11.6,21.4,400000,44781,0.111952,151443,0.378607
11.6,21.6,400000,44634,0.111585,151552,0.37888
11.6,21.8,400000,44897,0.112242,152113,0.380283
11.6,22,400000,45069,0.112672,152502,0.381255
11.6,22.2,400000,44380,0.11095,152239,0.380597
11.6,22.4,400000,44758,0.111895,151659,0.379148
11.6,22.6,400000,44590,0.111475,152629,0.381572
11.6,22.8,400000,44868,0.11217,152273,0.380682
11.6,23,400000,44745,0.111863,151935,0.379837
11.6,23.2,400000,45540,0.11385,152880,0.3822
11.6,23.4,400000,44839,0.112098,153090,0.382725
11.6,23.6,400000,44879,0.112198,152203,0.380507
11.6,23.8,400000,45030,0.112575,152257,0.380642
11.6,24,400000,44588,0.11147,151850,0.379625
11.6,24.2,400000,44938,0.112345,152201,0.380503
11.6,24.4,400000,44697,0.111742,152048,0.38012
11.6,24.6,400000,44851,0.112128,152173,0.380433
11.6,24.8,400000,44600,0.1115,151731,0.379327
11.6,25,400000,45006,0.112515,152432,0.38108
11.6,25.2,400000,44858,0.112145,152204,0.38051
11.6,25.4,400000,44882,0.112205,152018,0.380045
11.6,25.6,400000,44848,0.11212,152343,0.380858
11.6,25.8,400000,44401,0.111003,151335,0.378337
11.6,26,400000,44554,0.111385,151887,0.379717
11.6,26.2,400000,44956,0.11239,152535,0.381337
11.6,26.4,400000,45012,0.11253,152137,0.380342
11.6,26.6,400000,44738,0.111845,152012,0.38003
11.6,26.8,400000,45371,0.113428,152966,0.382415
11.6,27,400000,44487,0.111217,152063,0.380157
11.6,27.2,400000,44642,0.111605,151660,0.37915
11.6,27.4,400000,45053,0.112632,152139,0.380348
11.6,27.6,400000,45047,0.112617,152019,0.380047
11.6,27.8,400000,44934,0.112335,152305,0.380763
11.6,28,400000,44889,0.112223,152018,0.380045
11.6,28.2,400000,45302,0.113255,151907,0.379767
11.6,28.4,400000,44672,0.11168,152247,0.380617
11.6,28.6,400000,45655,0.114138,153104,0.38276
11.6,28.8,400000,44398,0.110995,151495,0.378738
11.6,29,400000,44434,0.111085,151545,0.378862
11.6,29.2,400000,45276,0.11319,152347,0.380868
11.6,29.4,400000,44727,0.111818,152325,0.380812
11.6,29.6,400000,44877,0.112193,152659,0.381647
11.6,29.8,400000,45134,0.112835,151842,0.379605
11.6,30,400000,44854,0.112135,152303,0.380758
11.6,30.2,400000,44603,0.111507,152636,0.38159
11.6,30.4,400000,44748,0.11187,152800,0.382
11.6,30.6,400000,44571,0.111427,151747,0.379368
11.6,30.8,400000,44424,0.11106,151686,0.379215
11.6,31,400000,44927,0.112318,152327,0.380817
11.6,31.2,400000,44526,0.111315,151569,0.378922
11.6,31.4,400000,44520,0.1113,152032,0.38008
11.6,31.6,400000,44491,0.111228,152135,0.380337
11.6,31.8,400000,44389,0.110973,151793,0.379483
11.6,32,400000,45083,0.112708,152083,0.380207
11.6,32.2,400000,44412,0.11103,151974,0.379935
11.6,32.4,400000,45047,0.112617,151721,0.379302
11.6,32.6,400000,44977,0.112443,152623,0.381557
11.6,32.8,400000,44588,0.11147,151915,0.379788
11.6,33,400000,44780,0.11195,151870,0.379675
11.6,33.2,400000,44941,0.112352,152050,0.380125
11.6,33.4,400000,44785,0.111963,152149,0.380373
11.6,33.6,400000,44606,0.111515,152930,0.382325
11.6,33.8,400000,45202,0.113005,152543,0.381358
11.6,34,400000,44772,0.11193,152326,0.380815
11.6,34.2,400000,45143,0.112857,151980,0.37995
11.6,34.4,400000,44500,0.11125,152168,0.38042
11.6,34.6,400000,44949,0.112373,152241,0.380603
11.6,34.8,400000,44893,0.112232,151697,0.379242
11.6,35,400000,45140,0.11285,152273,0.380682
11.6,35.2,400000,44758,0.111895,151516,0.37879
11.6,35.4,400000,44638,0.111595,152563,0.381408
11.6,35.6,400000,45095,0.112738,152164,0.38041
11.6,35.8,400000,44802,0.112005,152016,0.38004
11.6,36,400000,45004,0.11251,151801,0.379503
11.6,36.2,400000,44272,0.11068,152199,0.380497
11.6,36.4,400000,44832,0.11208,152194,0.380485
11.6,36.6,400000,44838,0.112095,152134,0.380335
11.6,36.8,400000,44851,0.112128,152558,0.381395
11.6,37,400000,44850,0.112125,151951,0.379877
11.6,37.2,400000,45294,0.113235,152195,0.380487
11.6,37.4,400000,44481,0.111202,152148,0.38037
11.6,37.6,400000,45121,0.112802,152372,0.38093
11.6,37.8,400000,44893,0.112232,152506,0.381265
11.6,38,400000,44694,0.111735,152258,0.380645
11.6,38.2,400000,45200,0.113,152065,0.380163
11.6,38.4,400000,44521,0.111302,151919,0.379798
11.6,38.6,400000,45176,0.11294,152556,0.38139
11.6,38.8,400000,44816,0.11204,152017,0.380043
11.6,39,400000,45267,0.113168,152102,0.380255
11.6,39.2,400000,44754,0.111885,152298,0.380745
11.6,39.4,400000,44852,0.11213,151931,0.379827
11.6,39.6,400000,44841,0.112102,152093,0.380232
11.6,39.8,400000,44838,0.112095,152246,0.380615
11.6,40,400000,44630,0.111575,151908,0.37977
11.6,40.2,400000,45171,0.112928,151862,0.379655
11.6,40.4,400000,44597,0.111492,151883,0.379707
11.6,40.6,400000,45454,0.113635,151664,0.37916
11.6,40.8,400000,44699,0.111747,152440,0.3811
11.6,41,400000,45277,0.113193,152409,0.381022
11.6,41.2,400000,45017,0.112543,152303,0.380758
11.6,41.4,400000,44458,0.111145,151518,0.378795
11.6,41.6,400000,44964,0.11241,152277,0.380692
11.6,41.8,400000,44568,0.11142,151752,0.37938
11.6,42,400000,44878,0.112195,152201,0.380503
11.6,42.2,400000,44890,0.112225,151764,0.37941
11.6,42.4,400000,44865,0.112162,151837,0.379592
11.6,42.6,400000,45169,0.112922,152118,0.380295
11.6,42.8,400000,44710,0.111775,152284,0.38071
11.6,43,400000,45079,0.112698,152732,0.38183
11.6,43.2,400000,45229,0.113073,152711,0.381777
11.6,43.4,400000,45083,0.112708,152480,0.3812
11.6,43.6,400000,44632,0.11158,151679,0.379198
11.6,43.8,400000,45386,0.113465,152308,0.38077
11.6,44,400000,45170,0.112925,151905,0.379763
11.6,44.2,400000,44828,0.11207,152034,0.380085
11.6,44.4,400000,45405,0.113513,152826,0.382065
11.6,44.6,400000,44445,0.111113,152034,0.380085
11.6,44.8,400000,44901,0.112253,151592,0.37898
11.6,45,400000,45180,0.11295,152027,0.380068
11.6,45.2,400000,44797,0.111992,152161,0.380402
11.6,45.4,400000,44767,0.111918,151790,0.379475
11.6,45.6,400000,44942,0.112355,151973,0.379933
11.6,45.8,400000,44805,0.112013,152097,0.380242
11.6,46,400000,44999,0.112498,152415,0.381037
11.6,46.2,400000,44886,0.112215,152479,0.381198
11.6,46.4,400000,44595,0.111488,152359,0.380897
11.6,46.6,400000,44734,0.111835,152207,0.380518
11.6,46.8,400000,45032,0.11258,151784,0.37946
11.6,47,400000,45130,0.112825,152472,0.38118
11.6,47.2,400000,45066,0.112665,152045,0.380113
11.6,47.4,400000,44645,0.111613,151247,0.378117
11.6,47.6,400000,44710,0.111775,152233,0.380582
11.6,47.8,400000,45194,0.112985,152528,0.38132
11.6,48,400000,44964,0.11241,152360,0.3809
11.6,48.2,400000,44284,0.11071,151940,0.37985
11.6,48.4,400000,44371,0.110927,152217,0.380543
11.6,48.6,400000,44856,0.11214,152336,0.38084
11.6,48.8,400000,44427,0.111067,152048,0.38012
11.6,49,400000,45001,0.112503,152295,0.380738
11.6,49.2,400000,45142,0.112855,151984,0.37996
11.6,49.4,400000,44805,0.112013,152012,0.38003
11.6,49.6,400000,44241,0.110603,151578,0.378945
11.6,49.8,400000,45252,0.11313,152795,0.381987
11.6,50,400000,45208,0.11302,151937,0.379843
11.8,-50,400000,44871,0.112177,151659,0.379148
11.8,-49.8,400000,45174,0.112935,151617,0.379043
11.8,-49.6,400000,44989,0.112473,151999,0.379997
11.8,-49.4,400000,44773,0.111933,152047,0.380117
11.8,-49.2,400000,44958,0.112395,152518,0.381295
11.8,-49,400000,45049,0.112623,151504,0.37876
11.8,-48.8,400000,44853,0.112132,152560,0.3814
11.8,-48.6,400000,45055,0.112638,152144,0.38036
11.8,-48.4,400000,44759,0.111897,151901,0.379752
11.8,-48.2,400000,44531,0.111327,151555,0.378887
11.8,-48,400000,44363,0.110908,151855,0.379638
11.8,-47.8,400000,44760,0.1119,151565,0.378912
11.8,-47.6,400000,44647,0.111617,152121,0.380302
11.8,-47.4,400000,44786,0.111965,152374,0.380935
11.8,-47.2,400000,45310,0.113275,152719,0.381798
11.8,-47,400000,44945,0.112363,152044,0.38011
11.8,-46.8,400000,44268,0.11067,151328,0.37832
11.8,-46.6,400000,44884,0.11221,151884,0.37971
11.8,-46.4,400000,44875,0.112187,151748,0.37937
11.8,-46.2,400000,44789,0.111973,152015,0.380037
11.8,-46,400000,44372,0.11093,151229,0.378072
11.8,-45.8,400000,45050,0.112625,151944,0.37986
11.8,-45.6,400000,44955,0.112388,151738,0.379345
11.8,-45.4,400000,44752,0.11188,151682,0.379205
11.8,-45.2,400000,44580,0.11145,151876,0.37969
11.8,-45,400000,44826,0.112065,151525,0.378812
11.8,-44.8,400000,45212,0.11303,152660,0.38165
11.8,-44.6,400000,44880,0.1122,152144,0.38036
11.8,-44.4,400000,44662,0.111655,151441,0.378603
11.8,-44.2,400000,44559,0.111397,151820,0.37955
11.8,-44,400000,45412,0.11353,152625,0.381563
11.8,-43.8,400000,44713,0.111783,151521,0.378802
11.8,-43.6,400000,45270,0.113175,152706,0.381765
11.8,-43.4,400000,44860,0.11215,152578,0.381445
11.8,-43.2,400000,45017,0.112543,152042,0.380105
11.8,-43,400000,45533,0.113833,152507,0.381267
11.8,-42.8,400000,44417,0.111043,151920,0.3798
11.8,-42.6,400000,45231,0.113077,152556,0.38139
11.8,-42.4,400000,44811,0.112028,152164,0.38041
11.8,-42.2,400000,44381,0.110952,151701,0.379252
11.8,-42,400000,44859,0.112147,151986,0.379965
11.8,-41.8,400000,45045,0.112613,151721,0.379302
11.8,-41.6,400000,44883,0.112208,151987,0.379968
11.8,-41.4,400000,44880,0.1122,152028,0.38007
11.8,-41.2,400000,44740,0.11185,152394,0.380985
11.8,-41,400000,45230,0.113075,152234,0.380585
11.8,-40.8,400000,44984,0.11246,152149,0.380373
11.8,-40.6,400000,45066,0.112665,152141,0.380352
11.8,-40.4,400000,44868,0.11217,152527,0.381317
11.8,-40.2,400000,45015,0.112537,152059,0.380148
11.8,-40,400000,44436,0.11109,151826,0.379565
11.8,-39.8,400000,44650,0.111625,152158,0.380395
11.8,-39.6,400000,44549,0.111372,152065,0.380163
11.8,-39.4,400000,44940,0.11235,152176,0.38044
11.8,-39.2,400000,44936,0.11234,152047,0.380117
11.8,-39,400000,44598,0.111495,151386,0.378465
11.8,-38.8,400000,44942,0.112355,152345,0.380862
11.8,-38.6,400000,44924,0.11231,152087,0.380217
11.8,-38.4,400000,45123,0.112808,151816,0.37954
11.8,-38.2,400000,44460,0.11115,152175,0.380437
11.8,-38,400000,44835,0.112088,151727,0.379317
11.8,-37.8,400000,44632,0.11158,152616,0.38154
11.8,-37.6,400000,43981,0.109952,151102,0.377755
11.8,-37.4,400000,44827,0.112068,152309,0.380773
11.8,-37.2,400000,44474,0.111185,151603,0.379007
11.8,-37,400000,44920,0.1123,152247,0.380617
11.8,-36.8,400000,44888,0.11222,151644,0.37911
11.8,-36.6,400000,44523,0.111308,151854,0.379635
11.8,-36.4,400000,44248,0.11062,152192,0.38048
11.8,-36.2,400000,44618,0.111545,151895,0.379738
11.8,-36,400000,44833,0.112083,152091,0.380227
11.8,-35.8,400000,44656,0.11164,152003,0.380007
11.8,-35.6,400000,45063,0.112657,152386,0.380965
11.8,-35.4,400000,45144,0.11286,152331,0.380827
11.8,-35.2,400000,44613,0.111533,151841,0.379603
11.8,-35,400000,44126,0.110315,151220,0.37805
11.8,-34.8,400000,44732,0.11183,152587,0.381468
11.8,-34.6,400000,44773,0.111933,152363,0.380908
11.8,-34.4,400000,45047,0.112617,151679,0.379198
11.8,-34.2,400000,45259,0.113147,152436,0.38109
11.8,-34,400000,44982,0.112455,152247,0.380617
11.8,-33.8,400000,44517,0.111293,152180,0.38045
11.8,-33.6,400000,45174,0.112935,152199,0.380497
11.8,-33.4,400000,44855,0.112138,152395,0.380987
11.8,-33.2,400000,44827,0.112068,152226,0.380565
11.8,-33,400000,45000,0.1125,152117,0.380292
11.8,-32.8,400000,44381,0.110952,152436,0.38109
11.8,-32.6,400000,44844,0.11211,152019,0.380047
11.8,-32.4,400000,45263,0.113157,152555,0.381387
11.8,-32.2,400000,44731,0.111827,152626,0.381565
11.8,-32,400000,44609,0.111522,151998,0.379995
11.8,-31.8,400000,44389,0.110973,151745,0.379362
11.8,-31.6,400000,44926,0.112315,152249,0.380622
11.8,-31.4,400000,44259,0.110647,152083,0.380207
11.8,-31.2,400000,45376,0.11344,152942,0.382355
11.8,-31,400000,45480,0.1137,152842,0.382105
11.8,-30.8,400000,44815,0.112037,152054,0.380135
11.8,-30.6,400000,45037,0.112592,151837,0.379592
11.8,-30.4,400000,44717,0.111793,152527,0.381317
11.8,-30.2,400000,44988,0.11247,152471,0.381178
11.8,-30,400000,44779,0.111948,152236,0.38059
11.8,-29.8,400000,44701,0.111753,152442,0.381105
11.8,-29.6,400000,44191,0.110478,151318,0.378295
11.8,-29.4,400000,44511,0.111278,151687,0.379217
11.8,-29.2,400000,44825,0.112062,152046,0.380115
11.8,-29,400000,44761,0.111903,152147,0.380368
11.8,-28.8,400000,44508,0.11127,151986,0.379965
11.8,-28.6,400000,44784,0.11196,152007,0.380018
11.8,-28.4,400000,44955,0.112388,152164,0.38041
11.8,-28.2,400000,45247,0.113117,153206,0.383015
11.8,-28,400000,44833,0.112083,152362,0.380905
11.8,-27.8,400000,44696,0.11174,151622,0.379055
11.8,-27.6,400000,45052,0.11263,152668,0.38167
11.8,-27.4,400000,45066,0.112665,152070,0.380175
11.8,-27.2,400000,44956,0.11239,152866,0.382165
11.8,-27,400000,45040,0.1126,152807,0.382018
11.8,-26.8,400000,44783,0.111958,152441,0.381103
11.8,-26.6,400000,44709,0.111772,151844,0.37961
11.8,-26.4,400000,44693,0.111732,152036,0.38009
11.8,-26.2,400000,44579,0.111448,150949,0.377372
11.8,-26,400000,45125,0.112812,152288,0.38072
11.8,-25.8,400000,44390,0.110975,152095,0.380238
11.8,-25.6,400000,45100,0.11275,152282,0.380705
11.8,-25.4,400000,44734,0.111835,151790,0.379475
11.8,-25.2,400000,44861,0.112153,151359,0.378397
11.8,-25,400000,44859,0.112147,152366,0.380915
11.8,-24.8,400000,44348,0.11087,151455,0.378638
11.8,-24.6,400000,44715,0.111787,151990,0.379975
11.8,-24.4,400000,44500,0.11125,152088,0.38022
11.8,-24.2,400000,45280,0.1132,152437,0.381093
11.8,-24,400000,44905,0.112263,152237,0.380593
11.8,-23.8,400000,44784,0.11196,152145,0.380362
11.8,-23.6,400000,44802,0.112005,152087,0.380217
11.8,-23.4,400000,45097,0.112742,152123,0.380308
11.8,-23.2,400000,44795,0.111988,151991,0.379978
11.8,-23,400000,45080,0.1127,152350,0.380875
11.8,-22.8,400000,44642,0.111605,151984,0.37996
11.8,-22.6,400000,44877,0.112193,152146,0.380365
11.8,-22.4,400000,45078,0.112695,152256,0.38064
11.8,-22.2,400000,44972,0.11243,152193,0.380483
11.8,-22,400000,44750,0.111875,151921,0.379802
11.8,-21.8,400000,44779,0.111948,152307,0.380767
11.8,-21.6,400000,44448,0.11112,151586,0.378965
11.8,-21.4,400000,45245,0.113113,152472,0.38118
11.8,-21.2,400000,44626,0.111565,151676,0.37919
11.8,-21,400000,44452,0.11113,152059,0.380148
11.8,-20.8,400000,44911,0.112278,152697,0.381742
11.8,-20.6,400000,44399,0.110997,151959,0.379897
11.8,-20.4,400000,45459,0.113647,153010,0.382525
11.8,-20.2,400000,44868,0.11217,152162,0.380405
11.8,-20,400000,45248,0.11312,151633,0.379082
11.8,-19.8,400000,45247,0.113117,152384,0.38096
11.8,-19.6,400000,44988,0.11247,152487,0.381217
11.8,-19.4,400000,45173,0.112933,152518,0.381295
11.8,-19.2,400000,45129,0.112823,152177,0.380443
11.8,-19,400000,44911,0.112278,151945,0.379862
11.8,-18.8,400000,44505,0.111263,151869,0.379673
11.8,-18.6,400000,44786,0.111965,151695,0.379238
11.8,-18.4,400000,44828,0.11207,152198,0.380495
11.8,-18.2,400000,45249,0.113123,152238,0.380595
11.8,-18,400000,44722,0.111805,151609,0.379022
11.8,-17.8,400000,45474,0.113685,152423,0.381057
11.8,-17.6,400000,44644,0.11161,152155,0.380387
11.8,-17.4,400000,44855,0.112138,152735,0.381837
11.8,-17.2,400000,44500,0.11125,151812,0.37953
11.8,-17,400000,45265,0.113162,152384,0.38096
11.8,-16.8,400000,45141,0.112852,152282,0.380705
11.8,-16.6,400000,44916,0.11229,152157,0.380393
11.8,-16.4,400000,44835,0.112088,152065,0.380163
11.8,-16.2,400000,44760,0.1119,152623,0.381557
11.8,-16,400000,45175,0.112937,152179,0.380447
11.8,-15.8,400000,44825,0.112062,152187,0.380468
11.8,-15.6,400000,45018,0.112545,151899,0.379748
11.8,-15.4,400000,44889,0.112223,151969,0.379922
11.8,-15.2,400000,44866,0.112165,151761,0.379402
11.8,-15,400000,44404,0.11101,152377,0.380943
11.8,-14.8,400000,45207,0.113018,152521,0.381302
11.8,-14.6,400000,44889,0.112223,152486,0.381215
11.8,-14.4,400000,44208,0.11052,151827,0.379568
11.8,-14.2,400000,44983,0.112458,152175,0.380437
11.8,-14,400000,44278,0.110695,151880,0.3797
11.8,-13.8,400000,44745,0.111863,152385,0.380962
11.8,-13.6,400000,44891,0.112227,152177,0.380443
11.8,-13.4,400000,44846,0.112115,152054,0.380135
11.8,-13.2,400000,45007,0.112518,152439,0.381097
11.8,-13,400000,44310,0.110775,151782,0.379455
11.8,-12.8,400000,45021,0.112552,152137,0.380342
11.8,-12.6,400000,45078,0.112695,152559,0.381398
11.8,-12.4,400000,44670,0.111675,152476,0.38119
11.8,-12.2,400000,44645,0.111613,152216,0.38054
11.8,-12,400000,44591,0.111477,151512,0.37878
11.8,-11.8,400000,44882,0.112205,152006,0.380015
11.8,-11.6,400000,44584,0.11146,152024,0.38006
11.8,-11.4,400000,44658,0.111645,152162,0.380405
11.8,-11.2,400000,45069,0.112672,152088,0.38022
11.8,-11,400000,44740,0.11185,151594,0.378985
11.8,-10.8,400000,45156,0.11289,152030,0.380075
11.8,-10.6,400000,45094,0.112735,152377,0.380943
11.8,-10.4,400000,44834,0.112085,152535,0.381337
11.8,-10.2,400000,45100,0.11275,153049,0.382622
11.8,-10,400000,44525,0.111312,152204,0.38051
11.8,-9.8,400000,44879,0.112198,152133,0.380333
11.8,-9.6,400000,44584,0.11146,152940,0.38235
11.8,-9.4,400000,44589,0.111473,151928,0.37982
11.8,-9.2,400000,45044,0.11261,152088,0.38022
11.8,-9,400000,44674,0.111685,152498,0.381245
11.8,-8.8,400000,44832,0.11208,151575,0.378937
11.8,-8.6,400000,44707,0.111768,152045,0.380113
11.8,-8.4,400000,44715,0.111787,152178,0.380445
11.8,-8.2,400000,44715,0.111787,152009,0.380022
11.8,-8,400000,45072,0.11268,152084,0.38021
11.8,-7.8,400000,44747,0.111867,151604,0.37901
11.8,-7.6,400000,45185,0.112962,152477,0.381192
11.8,-7.4,400000,44587,0.111467,151242,0.378105
11.8,-7.2,400000,45123,0.112808,152380,0.38095
11.8,-7,400000,44733,0.111833,152100,0.38025
11.8,-6.8,400000,44063,0.110158,151770,0.379425
11.8,-6.6,400000,44763,0.111907,152036,0.38009
11.8,-6.4,400000,45139,0.112848,153159,0.382898
11.8,-6.2,400000,45006,0.112515,152259,0.380648
11.8,-6,400000,44921,0.112302,152268,0.38067
11.8,-5.8,400000,44852,0.11213,152021,0.380053
11.8,-5.6,400000,44924,0.11231,152171,0.380427
11.8,-5.4,400000,44263,0.110658,151494,0.378735
11.8,-5.2,400000,44261,0.110653,151578,0.378945
11.8,-5,400000,44836,0.11209,152139,0.380348
11.8,-4.8,400000,44931,0.112327,152537,0.381342
11.8,-4.6,400000,44483,0.111208,152072,0.38018
11.8,-4.4,400000,44583,0.111458,151934,0.379835
11.8,-4.2,400000,44533,0.111333,152252,0.38063
11.8,-4,400000,45164,0.11291,152382,0.380955
11.8,-3.8,400000,44673,0.111683,152078,0.380195
11.8,-3.6,400000,45279,0.113198,152547,0.381368
11.8,-3.4,400000,44866,0.112165,152692,0.38173
11.8,-3.2,400000,44498,0.111245,151781,0.379453
11.8,-3,400000,44655,0.111638,152325,0.380812
11.8,-2.8,400000,44982,0.112455,152100,0.38025
11.8,-2.6,400000,44851,0.112128,152335,0.380837
11.8,-2.4,400000,44509,0.111272,152073,0.380182
11.8,-2.2,400000,44638,0.111595,152124,0.38031
11.8,-2,400000,45031,0.112577,152745,0.381862
11.8,-1.8,400000,44926,0.112315,151775,0.379437
11.8,-1.6,400000,45510,0.113775,153328,0.38332
11.8,-1.4,400000,44575,0.111437,151837,0.379592
11.8,-1.2,400000,45018,0.112545,152227,0.380568
11.8,-1,400000,44578,0.111445,151569,0.378922
11.8,-0.8,400000,44764,0.11191,152487,0.381217
11.8,-0.6,400000,45142,0.112855,152885,0.382213
11.8,-0.4,400000,44708,0.11177,152353,0.380883
11.8,-0.2,400000,44927,0.112318,151632,0.37908
11.8,0,400000,44580,0.11145,152251,0.380628
11.8,0.2,400000,45323,0.113308,152621,0.381553
11.8,0.4,400000,45080,0.1127,151839,0.379597
11.8,0.6,400000,44792,0.11198,152339,0.380848
11.8,0.8,400000,44886,0.112215,152376,0.38094
11.8,1,400000,44754,0.111885,152226,0.380565
11.8,1.2,400000,44625,0.111562,152328,0.38082
11.8,1.4,400000,44821,0.112052,152033,0.380082
11.8,1.6,400000,44761,0.111903,152350,0.380875
11.8,1.8,400000,44720,0.1118,151926,0.379815
11.8,2,400000,44955,0.112388,152092,0.38023
11.8,2.2,400000,44670,0.111675,151665,0.379163
11.8,2.4,400000,44773,0.111933,152062,0.380155
11.8,2.6,400000,44823,0.112058,152553,0.381383
11.8,2.8,400000,44512,0.11128,151688,0.37922
11.8,3,400000,44784,0.11196,151862,0.379655
11.8,3.2,400000,44845,0.112113,152315,0.380788
11.8,3.4,400000,44771,0.111927,152460,0.38115
11.8,3.6,400000,44710,0.111775,152440,0.3811
11.8,3.8,400000,44663,0.111658,151866,0.379665
11.8,4,400000,44853,0.112132,151732,0.37933
11.8,4.2,400000,45048,0.11262,151937,0.379843
11.8,4.4,400000,43917,0.109793,151728,0.37932
11.8,4.6,400000,45351,0.113378,152384,0.38096
11.8,4.8,400000,44527,0.111317,151917,0.379792
11.8,5,400000,44489,0.111223,151932,0.37983
11.8,5.2,400000,45203,0.113007,152815,0.382037
11.8,5.4,400000,44812,0.11203,151897,0.379742
11.8,5.6,400000,44903,0.112257,151780,0.37945
11.8,5.8,400000,45109,0.112772,152379,0.380947
11.8,6,400000,45044,0.11261,152339,0.380848
11.8,6.2,400000,44486,0.111215,152331,0.380827
11.8,6.4,400000,44725,0.111812,152187,0.380468
11.8,6.6,400000,44511,0.111278,151660,0.37915
11.8,6.8,400000,44969,0.112422,151750,0.379375
11.8,7,400000,44970,0.112425,152003,0.380007
11.8,7.2,400000,44492,0.11123,151367,0.378418
11.8,7.4,400000,44392,0.11098,151672,0.37918
11.8,7.6,400000,44774,0.111935,152050,0.380125
11.8,7.8,400000,44848,0.11212,152244,0.38061
11.8,8,400000,44838,0.112095,152250,0.380625
11.8,8.2,400000,45013,0.112532,151991,0.379978
11.8,8.4,400000,44375,0.110937,151928,0.37982
11.8,8.6,400000,44846,0.112115,151766,0.379415
11.8,8.8,400000,45139,0.112848,152725,0.381812
11.8,9,400000,45035,0.112587,152629,0.381572
11.8,9.2,400000,44748,0.11187,152237,0.380593
11.8,9.4,400000,44546,0.111365,152111,0.380277
11.8,9.6,400000,45022,0.112555,152862,0.382155
11.8,9.8,400000,44627,0.111568,152064,0.38016
11.8,10,400000,45072,0.11268,152128,0.38032
11.8,10.2,400000,45253,0.113132,153270,0.383175
11.8,10.4,400000,44760,0.1119,151840,0.3796
11.8,10.6,400000,44326,0.110815,151411,0.378528
11.8,10.8,400000,45144,0.11286,152328,0.38082
11.8,11,400000,44801,0.112003,151426,0.378565
11.8,11.2,400000,45018,0.112545,152462,0.381155
11.8,11.4,400000,44553,0.111382,151740,0.37935
11.8,11.6,400000,44589,0.111473,151445,0.378613
11.8,11.8,400000,44404,0.11101,151694,0.379235
11.8,12,400000,44238,0.110595,151681,0.379202
11.8,12.2,400000,45490,0.113725,152282,0.380705
11.8,12.4,400000,44707,0.111768,151963,0.379908
11.8,12.6,400000,45042,0.112605,152354,0.380885
11.8,12.8,400000,44562,0.111405,151836,0.37959
11.8,13,400000,45194,0.112985,152219,0.380547
11.8,13.2,400000,44694,0.111735,152199,0.380497
11.8,13.4,400000,44981,0.112452,152382,0.380955
11.8,13.6,400000,44891,0.112227,151745,0.379362
11.8,13.8,400000,44870,0.112175,151951,0.379877
11.8,14,400000,44527,0.111317,152399,0.380997
11.8,14.2,400000,44840,0.1121,151852,0.37963
11.8,14.4,400000,44323,0.110808,151774,0.379435
11.8,14.6,400000,44831,0.112077,152010,0.380025
11.8,14.8,400000,44977,0.112443,152122,0.380305
11.8,15,400000,44394,0.110985,151507,0.378767
11.8,15.2,400000,44844,0.11211,151948,0.37987
11.8,15.4,400000,44689,0.111723,153021,0.382553
11.8,15.6,400000,45092,0.11273,152154,0.380385
11.8,15.8,400000,44908,0.11227,152350,0.380875
11.8,16,400000,44581,0.111452,152138,0.380345
11.8,16.2,400000,44899,0.112248,152241,0.380603
11.8,16.4,400000,44881,0.112202,152626,0.381565
11.8,16.6,400000,44896,0.11224,152100,0.38025
11.8,16.8,400000,44391,0.110978,151786,0.379465
11.8,17,400000,44817,0.112043,151794,0.379485
11.8,17.2,400000,44558,0.111395,151796,0.37949
11.8,17.4,400000,44518,0.111295,152094,0.380235
11.8,17.6,400000,44565,0.111412,151980,0.37995
11.8,17.8,400000,44544,0.11136,152131,0.380327
11.8,18,400000,44515,0.111287,152096,0.38024
11.8,18.2,400000,44783,0.111958,151830,0.379575
11.8,18.4,400000,44834,0.112085,152157,0.380393
11.8,18.6,400000,44917,0.112293,152468,0.38117
11.8,18.8,400000,44965,0.112412,152427,0.381068
11.8,19,400000,44773,0.111933,152221,0.380553
11.8,19.2,400000,44661,0.111653,152017,0.380043
11.8,19.4,400000,44872,0.11218,152043,0.380107
11.8,19.6,400000,45487,0.113717,152394,0.380985
11.8,19.8,400000,44713,0.111783,151951,0.379877
11.8,20,400000,44587,0.111467,152186,0.380465
11.8,20.2,400000,44991,0.112477,152370,0.380925
11.8,20.4,400000,45462,0.113655,152480,0.3812
11.8,20.6,400000,44908,0.11227,151997,0.379993
11.8,20.8,400000,44737,0.111842,152179,0.380447
11.8,21,400000,45144,0.11286,152771,0.381927
11.8,21.2,400000,44817,0.112043,152121,0.380302
11.8,21.4,400000,44477,0.111192,151596,0.37899
11.8,21.6,400000,44508,0.11127,151686,0.379215
11.8,21.8,400000,45380,0.11345,152213,0.380532
11.8,22,400000,45048,0.11262,151723,0.379308
11.8,22.2,400000,44269,0.110672,151400,0.3785
11.8,22.4,400000,44746,0.111865,152149,0.380373
11.8,22.6,400000,45297,0.113242,152411,0.381028
