x,y,nPrimary,roiCounts,normalizedCounts,flux,normalizedFlux
-12.6,38.2,400000,44870,0.112175,151913,0.379783
-12.6,38.4,400000,45042,0.112605,152085,0.380213
-12.6,38.6,400000,44561,0.111403,152034,0.380085
-12.6,38.8,400000,45102,0.112755,152569,0.381422
-12.6,39,400000,45003,0.112507,152279,0.380698
-12.6,39.2,400000,44583,0.111458,152117,0.380292
-12.6,39.4,400000,44801,0.112003,152352,0.38088
-12.6,39.6,400000,44445,0.111113,151502,0.378755
-12.6,39.8,400000,45053,0.112632,151447,0.378617
-12.6,40,400000,44697,0.111742,151865,0.379663
-12.6,40.2,400000,44599,0.111497,152317,0.380792
-12.6,40.4,400000,44438,0.111095,152113,0.380283
-12.6,40.6,400000,44612,0.11153,151601,0.379003
-12.6,40.8,400000,45158,0.112895,152392,0.38098
-12.6,41,400000,44907,0.112268,152495,0.381238
-12.6,41.2,400000,45026,0.112565,152068,0.38017
-12.6,41.4,400000,45491,0.113727,152648,0.38162
-12.6,41.6,400000,44700,0.11175,151927,0.379817
-12.6,41.8,400000,45187,0.112967,152197,0.380493
-12.6,42,400000,44904,0.11226,152772,0.38193
-12.6,42.2,400000,44767,0.111918,152056,0.38014
-12.6,42.4,400000,44602,0.111505,151467,0.378667
-12.6,42.6,400000,44921,0.112302,152580,0.38145
-12.6,42.8,400000,45054,0.112635,151801,0.379503
-12.6,43,400000,45092,0.11273,152219,0.380547
-12.6,43.2,400000,44474,0.111185,152308,0.38077
-12.6,43.4,400000,45254,0.113135,152465,0.381163
-12.6,43.6,400000,45040,0.1126,151840,0.3796
-12.6,43.8,400000,44764,0.11191,151708,0.37927
-12.6,44,400000,45023,0.112558,152434,0.381085
-12.6,44.2,400000,44633,0.111583,151691,0.379227
-12.6,44.4,400000,44947,0.112367,151751,0.379377
-12.6,44.6,400000,44052,0.11013,151250,0.378125
-12.6,44.8,400000,44621,0.111552,151501,0.378752
-12.6,45,400000,45120,0.1128,151992,0.37998
-12.6,45.2,400000,44657,0.111643,151423,0.378557
-12.6,45.4,400000,44765,0.111912,152066,0.380165
-12.6,45.6,400000,44923,0.112308,151863,0.379657
-12.6,45.8,400000,44717,0.111793,151926,0.379815
-12.6,46,400000,44886,0.112215,152320,0.3808
-12.6,46.2,400000,44373,0.110933,151954,0.379885
-12.6,46.4,400000,44538,0.111345,152559,0.381398
-12.6,46.6,400000,45474,0.113685,151742,0.379355
-12.6,46.8,400000,45081,0.112702,152028,0.38007
-12.6,47,400000,44682,0.111705,152082,0.380205
-12.6,47.2,400000,44600,0.1115,151481,0.378702
-12.6,47.4,400000,44918,0.112295,152003,0.380007
-12.6,47.6,400000,44510,0.111275,151432,0.37858
-12.6,47.8,400000,44563,0.111408,152214,0.380535
-12.6,48,400000,45319,0.113297,152790,0.381975
-12.6,48.2,400000,44656,0.11164,151830,0.379575
-12.6,48.4,400000,44824,0.11206,151854,0.379635
-12.6,48.6,400000,44735,0.111838,151810,0.379525
-12.6,48.8,400000,44677,0.111693,152020,0.38005
-12.6,49,400000,44569,0.111422,152235,0.380588
-12.6,49.2,400000,44592,0.11148,151785,0.379462
-12.6,49.4,400000,44743,0.111857,151917,0.379792
-12.6,49.6,400000,45153,0.112882,152735,0.381837
-12.6,49.8,400000,44918,0.112295,151924,0.37981
-12.6,50,400000,44870,0.112175,152021,0.380053
-12.4,-50,400000,44186,0.110465,151936,0.37984
-12.4,-49.8,400000,45234,0.113085,152414,0.381035
-12.4,-49.6,400000,44538,0.111345,152309,0.380773
-12.4,-49.4,400000,44580,0.11145,151583,0.378958
-12.4,-49.2,400000,44708,0.11177,151529,0.378823
-12.4,-49,400000,44788,0.11197,152158,0.380395
-12.4,-48.8,400000,44190,0.110475,152042,0.380105
-12.4,-48.6,400000,44333,0.110833,151500,0.37875
-12.4,-48.4,400000,44654,0.111635,151994,0.379985
-12.4,-48.2,400000,44338,0.110845,151460,0.37865
-12.4,-48,400000,44984,0.11246,152385,0.380962
-12.4,-47.8,400000,44698,0.111745,151864,0.37966
-12.4,-47.6,400000,44746,0.111865,151741,0.379352
-12.4,-47.4,400000,44769,0.111922,152026,0.380065
-12.4,-47.2,400000,45090,0.112725,152665,0.381663
-12.4,-47,400000,44777,0.111943,152045,0.380113
-12.4,-46.8,400000,44634,0.111585,152191,0.380478
-12.4,-46.6,400000,44821,0.112052,152311,0.380777
-12.4,-46.4,400000,44440,0.1111,152004,0.38001
-12.4,-46.2,400000,44153,0.110382,151806,0.379515
-12.4,-46,400000,44832,0.11208,151812,0.37953
-12.4,-45.8,400000,45240,0.1131,152511,0.381277
-12.4,-45.6,400000,44339,0.110848,151933,0.379833
-12.4,-45.4,400000,44711,0.111778,151896,0.37974
-12.4,-45.2,400000,45006,0.112515,152484,0.38121
-12.4,-45,400000,44746,0.111865,152322,0.380805
-12.4,-44.8,400000,44961,0.112403,152334,0.380835
-12.4,-44.6,400000,44049,0.110122,151833,0.379582
-12.4,-44.4,400000,44947,0.112367,152058,0.380145
-12.4,-44.2,400000,44967,0.112418,151894,0.379735
-12.4,-44,400000,44428,0.11107,152164,0.38041
-12.4,-43.8,400000,44808,0.11202,151969,0.379922
-12.4,-43.6,400000,45354,0.113385,153117,0.382792
-12.4,-43.4,400000,44570,0.111425,151516,0.37879
-12.4,-43.2,400000,45346,0.113365,151952,0.37988
-12.4,-43,400000,44105,0.110262,151881,0.379702
-12.4,-42.8,400000,45181,0.112952,152439,0.381097
-12.4,-42.6,400000,44638,0.111595,151927,0.379817
-12.4,-42.4,400000,44610,0.111525,152395,0.380987
-12.4,-42.2,400000,45242,0.113105,152379,0.380947
-12.4,-42,400000,44544,0.11136,151676,0.37919
-12.4,-41.8,400000,44397,0.110992,151380,0.37845
-12.4,-41.6,400000,44775,0.111937,152148,0.38037
-12.4,-41.4,400000,45137,0.112842,152158,0.380395
-12.4,-41.2,400000,44411,0.111028,151669,0.379173
-12.4,-41,400000,44906,0.112265,152185,0.380462
-12.4,-40.8,400000,45164,0.11291,152061,0.380153
-12.4,-40.6,400000,44810,0.112025,152378,0.380945
-12.4,-40.4,400000,45079,0.112698,151378,0.378445
-12.4,-40.2,400000,45242,0.113105,152128,0.38032
-12.4,-40,400000,45317,0.113293,152187,0.380468
-12.4,-39.8,400000,45032,0.11258,152084,0.38021
-12.4,-39.6,400000,44367,0.110918,152049,0.380122
-12.4,-39.4,400000,44973,0.112433,151777,0.379443
-12.4,-39.2,400000,44984,0.11246,152524,0.38131
-12.4,-39,400000,44583,0.111458,152009,0.380022
-12.4,-38.8,400000,44742,0.111855,151853,0.379632
-12.4,-38.6,400000,44508,0.11127,151525,0.378812
-12.4,-38.4,400000,44573,0.111433,152061,0.380153
-12.4,-38.2,400000,44730,0.111825,152369,0.380922
-12.4,-38,400000,45212,0.11303,152082,0.380205
-12.4,-37.8,400000,44386,0.110965,152419,0.381047
-12.4,-37.6,400000,45094,0.112735,152463,0.381157
-12.4,-37.4,400000,44865,0.112162,152164,0.38041
-12.4,-37.2,400000,44865,0.112162,151942,0.379855
-12.4,-37,400000,44398,0.110995,151294,0.378235
-12.4,-36.8,400000,44928,0.11232,152884,0.38221
-12.4,-36.6,400000,45036,0.11259,151699,0.379248
-12.4,-36.4,400000,45072,0.11268,152352,0.38088
-12.4,-36.2,400000,45501,0.113753,152783,0.381958
-12.4,-36,400000,44578,0.111445,152534,0.381335
-12.4,-35.8,400000,44363,0.110908,151918,0.379795
-12.4,-35.6,400000,44746,0.111865,151680,0.3792
-12.4,-35.4,400000,45238,0.113095,152293,0.380732
-12.4,-35.2,400000,44754,0.111885,152539,0.381348
-12.4,-35,400000,45055,0.112638,152098,0.380245
-12.4,-34.8,400000,44889,0.112223,152257,0.380642
-12.4,-34.6,400000,45279,0.113198,152146,0.380365
-12.4,-34.4,400000,44952,0.11238,152588,0.38147
-12.4,-34.2,400000,45281,0.113202,152249,0.380622
-12.4,-34,400000,44683,0.111708,151976,0.37994
-12.4,-33.8,400000,44958,0.112395,152156,0.38039
-12.4,-33.6,400000,44977,0.112443,152070,0.380175
-12.4,-33.4,400000,44977,0.112443,152381,0.380953
-12.4,-33.2,400000,44557,0.111393,152151,0.380377
-12.4,-33,400000,44456,0.11114,151783,0.379458
-12.4,-32.8,400000,44930,0.112325,152150,0.380375
-12.4,-32.6,400000,45351,0.113378,152281,0.380702
-12.4,-32.4,400000,45484,0.11371,152156,0.38039
-12.4,-32.2,400000,44791,0.111977,152629,0.381572
-12.4,-32,400000,44789,0.111973,152337,0.380842
-12.4,-31.8,400000,44797,0.111992,152507,0.381267
-12.4,-31.6,400000,44973,0.112433,152112,0.38028
-12.4,-31.4,400000,44641,0.111602,152238,0.380595
-12.4,-31.2,400000,44787,0.111967,151949,0.379873
-12.4,-31,400000,45637,0.114092,152461,0.381153
-12.4,-30.8,400000,45271,0.113178,151998,0.379995
-12.4,-30.6,400000,44943,0.112357,152093,0.380232
-12.4,-30.4,400000,44952,0.11238,152164,0.38041
-12.4,-30.2,400000,45147,0.112867,151654,0.379135
-12.4,-30,400000,44656,0.11164,151776,0.37944
-12.4,-29.8,400000,44761,0.111903,151953,0.379883
-12.4,-29.6,400000,45285,0.113212,152202,0.380505
-12.4,-29.4,400000,44644,0.11161,151575,0.378937
-12.4,-29.2,400000,44765,0.111912,151932,0.37983
-12.4,-29,400000,45002,0.112505,152023,0.380057
-12.4,-28.8,400000,45057,0.112643,152078,0.380195
-12.4,-28.6,400000,45227,0.113068,152479,0.381198
-12.4,-28.4,400000,44876,0.11219,152018,0.380045
-12.4,-28.2,400000,45352,0.11338,151980,0.37995
-12.4,-28,400000,44763,0.111907,152562,0.381405
-12.4,-27.8,400000,45308,0.11327,152684,0.38171
-12.4,-27.6,400000,44350,0.110875,151874,0.379685
-12.4,-27.4,400000,44869,0.112172,152844,0.38211
-12.4,-27.2,400000,44362,0.110905,151904,0.37976
-12.4,-27,400000,44793,0.111982,152032,0.38008
-12.4,-26.8,400000,44916,0.11229,151899,0.379748
-12.4,-26.6,400000,45251,0.113128,152305,0.380763
-12.4,-26.4,400000,45004,0.11251,151580,0.37895
-12.4,-26.2,400000,45032,0.11258,152629,0.381572
-12.4,-26,400000,44550,0.111375,151562,0.378905
-12.4,-25.8,400000,45067,0.112668,151984,0.37996
-12.4,-25.6,400000,45000,0.1125,151940,0.37985
-12.4,-25.4,400000,44938,0.112345,152710,0.381775
-12.4,-25.2,400000,44475,0.111187,152431,0.381078
-12.4,-25,400000,44808,0.11202,152002,0.380005
-12.4,-24.8,400000,44660,0.11165,151853,0.379632
-12.4,-24.6,400000,44945,0.112363,152498,0.381245
-12.4,-24.4,400000,44640,0.1116,151874,0.379685
-12.4,-24.2,400000,44616,0.11154,151754,0.379385
-12.4,-24,400000,44969,0.112422,152220,0.38055
-12.4,-23.8,400000,44801,0.112003,152258,0.380645
-12.4,-23.6,400000,44658,0.111645,151778,0.379445
-12.4,-23.4,400000,44595,0.111488,151797,0.379493
-12.4,-23.2,400000,44943,0.112357,151508,0.37877
-12.4,-23,400000,44728,0.11182,151911,0.379777
-12.4,-22.8,400000,44752,0.11188,152245,0.380613
-12.4,-22.6,400000,44748,0.11187,152849,0.382122
-12.4,-22.4,400000,44793,0.111982,152425,0.381063
-12.4,-22.2,400000,45332,0.11333,152203,0.380507
-12.4,-22,400000,44652,0.11163,152417,0.381043
-12.4,-21.8,400000,44322,0.110805,151538,0.378845
-12.4,-21.6,400000,45546,0.113865,151954,0.379885
-12.4,-21.4,400000,45173,0.112933,152760,0.3819
-12.4,-21.2,400000,44735,0.111838,151875,0.379688
-12.4,-21,400000,44918,0.112295,152076,0.38019
-12.4,-20.8,400000,45632,0.11408,152836,0.38209
-12.4,-20.6,400000,44702,0.111755,152151,0.380377
-12.4,-20.4,400000,44248,0.11062,151822,0.379555
-12.4,-20.2,400000,44963,0.112407,152165,0.380412
-12.4,-20,400000,45237,0.113092,152528,0.38132
-12.4,-19.8,400000,44736,0.11184,152313,0.380783
-12.4,-19.6,400000,44413,0.111033,152394,0.380985
-12.4,-19.4,400000,44834,0.112085,152575,0.381437
-12.4,-19.2,400000,44397,0.110992,152058,0.380145
-12.4,-19,400000,44970,0.112425,151913,0.379783
-12.4,-18.8,400000,44947,0.112367,152356,0.38089
-12.4,-18.6,400000,45281,0.113202,152403,0.381007
-12.4,-18.4,400000,45062,0.112655,151974,0.379935
-12.4,-18.2,400000,44838,0.112095,152629,0.381572
-12.4,-18,400000,44417,0.111043,151808,0.37952
-12.4,-17.8,400000,44829,0.112073,152336,0.38084
-12.4,-17.6,400000,44722,0.111805,151735,0.379337
-12.4,-17.4,400000,45599,0.113998,152563,0.381408
-12.4,-17.2,400000,44728,0.11182,151380,0.37845
-12.4,-17,400000,44711,0.111778,151878,0.379695
-12.4,-16.8,400000,44956,0.11239,152229,0.380572
-12.4,-16.6,400000,45350,0.113375,151916,0.37979
-12.4,-16.4,400000,45098,0.112745,152383,0.380958
-12.4,-16.2,400000,43927,0.109817,151861,0.379653
-12.4,-16,400000,44698,0.111745,151817,0.379543
-12.4,-15.8,400000,45049,0.112623,152294,0.380735
-12.4,-15.6,400000,45140,0.11285,152535,0.381337
-12.4,-15.4,400000,44671,0.111677,152116,0.38029
-12.4,-15.2,400000,45170,0.112925,152732,0.38183
-12.4,-15,400000,44489,0.111223,152320,0.3808
-12.4,-14.8,400000,44448,0.11112,152114,0.380285
-12.4,-14.6,400000,45284,0.11321,152939,0.382348
-12.4,-14.4,400000,44768,0.11192,151712,0.37928
-12.4,-14.2,400000,45022,0.112555,152084,0.38021
-12.4,-14,400000,44766,0.111915,152090,0.380225
-12.4,-13.8,400000,45539,0.113848,152366,0.380915
-12.4,-13.6,400000,44769,0.111922,151647,0.379117
-12.4,-13.4,400000,44431,0.111077,152169,0.380422
-12.4,-13.2,400000,44672,0.11168,151856,0.37964
-12.4,-13,400000,44451,0.111128,152437,0.381093
-12.4,-12.8,400000,45200,0.113,152415,0.381037
-12.4,-12.6,400000,44715,0.111787,152070,0.380175
-12.4,-12.4,400000,44829,0.112073,152401,0.381003
-12.4,-12.2,400000,44756,0.11189,152188,0.38047
-12.4,-12,400000,44839,0.112098,152040,0.3801
-12.4,-11.8,400000,44874,0.112185,152616,0.38154
-12.4,-11.6,400000,44559,0.111397,152209,0.380522
-12.4,-11.4,400000,45432,0.11358,151582,0.378955
-12.4,-11.2,400000,44933,0.112333,152651,0.381628
-12.4,-11,400000,44937,0.112342,152277,0.380692
-12.4,-10.8,400000,44471,0.111177,151878,0.379695
-12.4,-10.6,400000,44830,0.112075,152015,0.380037
-12.4,-10.4,400000,44841,0.112102,152238,0.380595
-12.4,-10.2,400000,44857,0.112143,152138,0.380345
-12.4,-10,400000,44803,0.112007,151649,0.379122
-12.4,-9.8,400000,44727,0.111818,152047,0.380117
-12.4,-9.6,400000,44860,0.11215,152982,0.382455
-12.4,-9.4,400000,44687,0.111717,152541,0.381352
-12.4,-9.2,400000,45464,0.11366,152143,0.380358
-12.4,-9,400000,44785,0.111963,152328,0.38082
-12.4,-8.8,400000,44984,0.11246,152783,0.381958
-12.4,-8.6,400000,44301,0.110753,151541,0.378852
-12.4,-8.4,400000,45216,0.11304,152787,0.381968
-12.4,-8.2,400000,45139,0.112848,152089,0.380223
-12.4,-8,400000,44645,0.111613,151705,0.379263
-12.4,-7.8,400000,45042,0.112605,152020,0.38005
-12.4,-7.6,400000,44603,0.111507,151828,0.37957
-12.4,-7.4,400000,45260,0.11315,152509,0.381273
-12.4,-7.2,400000,44926,0.112315,152359,0.380897
-12.4,-7,400000,44460,0.11115,151759,0.379397
-12.4,-6.8,400000,44900,0.11225,152161,0.380402
-12.4,-6.6,400000,44981,0.112452,152078,0.380195
-12.4,-6.4,400000,44268,0.11067,152134,0.380335
-12.4,-6.2,400000,44944,0.11236,152006,0.380015
-12.4,-6,400000,45018,0.112545,152196,0.38049
-12.4,-5.8,400000,45110,0.112775,152242,0.380605
-12.4,-5.6,400000,45267,0.113168,152881,0.382203
-12.4,-5.4,400000,44666,0.111665,152132,0.38033
-12.4,-5.2,400000,44675,0.111687,152023,0.380057
-12.4,-5,400000,44691,0.111727,152284,0.38071
-12.4,-4.8,400000,45079,0.112698,152007,0.380018
-12.4,-4.6,400000,44729,0.111823,152430,0.381075
-12.4,-4.4,400000,44772,0.11193,151960,0.3799
-12.4,-4.2,400000,44937,0.112342,152488,0.38122
-12.4,-4,400000,45135,0.112837,152090,0.380225
-12.4,-3.8,400000,45323,0.113308,152354,0.380885
-12.4,-3.6,400000,44999,0.112498,153025,0.382563
-12.4,-3.4,400000,45271,0.113178,152095,0.380238
-12.4,-3.2,400000,45065,0.112662,152188,0.38047
-12.4,-3,400000,44968,0.11242,151800,0.3795
-12.4,-2.8,400000,44606,0.111515,153123,0.382808
-12.4,-2.6,400000,44461,0.111153,152065,0.380163
-12.4,-2.4,400000,44755,0.111888,152397,0.380993
-12.4,-2.2,400000,44674,0.111685,152329,0.380823
-12.4,-2,400000,44949,0.112373,152418,0.381045
-12.4,-1.8,400000,45072,0.11268,152169,0.380422
-12.4,-1.6,400000,45152,0.11288,151975,0.379937
-12.4,-1.4,400000,44693,0.111732,151927,0.379817
-12.4,-1.2,400000,44720,0.1118,152057,0.380142
-12.4,-1,400000,45034,0.112585,152461,0.381153
-12.4,-0.8,400000,45028,0.11257,151542,0.378855
-12.4,-0.6,400000,44585,0.111463,152136,0.38034
-12.4,-0.4,400000,44543,0.111357,151967,0.379918
-12.4,-0.2,400000,45183,0.112958,152357,0.380893
-12.4,0,400000,44544,0.11136,152692,0.38173
-12.4,0.2,400000,44602,0.111505,152139,0.380348
-12.4,0.4,400000,44655,0.111638,152264,0.38066
-12.4,0.6,400000,45041,0.112602,152264,0.38066
-12.4,0.8,400000,44475,0.111187,152495,0.381238
-12.4,1,400000,45296,0.11324,152176,0.38044
-12.4,1.2,400000,45172,0.11293,152383,0.380958
-12.4,1.4,400000,44941,0.112352,152010,0.380025
-12.4,1.6,400000,45049,0.112623,152925,0.382312
-12.4,1.8,400000,44950,0.112375,152424,0.38106
-12.4,2,400000,44791,0.111977,151813,0.379532
-12.4,2.2,400000,44431,0.111077,151841,0.379603
-12.4,2.4,400000,44713,0.111783,151967,0.379918
-12.4,2.6,400000,45175,0.112937,152300,0.38075
-12.4,2.8,400000,45122,0.112805,152526,0.381315
-12.4,3,400000,45352,0.11338,152680,0.3817
-12.4,3.2,400000,44518,0.111295,152391,0.380978
-12.4,3.4,400000,44819,0.112047,151879,0.379698
-12.4,3.6,400000,44982,0.112455,152632,0.38158
-12.4,3.8,400000,44494,0.111235,152085,0.380213
-12.4,4,400000,44797,0.111992,152239,0.380597
-12.4,4.2,400000,44412,0.11103,152039,0.380097
-12.4,4.4,400000,44627,0.111568,152022,0.380055
-12.4,4.6,400000,44357,0.110893,152002,0.380005
-12.4,4.8,400000,44572,0.11143,152071,0.380178
-12.4,5,400000,45151,0.112878,152683,0.381707
-12.4,5.2,400000,45058,0.112645,152047,0.380117
-12.4,5.4,400000,45152,0.11288,152573,0.381433
-12.4,5.6,400000,44764,0.11191,152348,0.38087
-12.4,5.8,400000,44605,0.111513,152139,0.380348
-12.4,6,400000,44749,0.111872,152399,0.380997
-12.4,6.2,400000,44678,0.111695,152620,0.38155
-12.4,6.4,400000,44955,0.112388,152211,0.380528
-12.4,6.6,400000,44728,0.11182,152305,0.380763
-12.4,6.8,400000,44645,0.111613,151839,0.379597
-12.4,7,400000,44949,0.112373,152212,0.38053
-12.4,7.2,400000,44825,0.112062,152101,0.380252
-12.4,7.4,400000,44671,0.111677,151922,0.379805
-12.4,7.6,400000,44734,0.111835,152032,0.38008
-12.4,7.8,400000,44817,0.112043,152410,0.381025
-12.4,8,400000,44888,0.11222,152591,0.381478
-12.4,8.2,400000,44915,0.112287,152450,0.381125
-12.4,8.4,400000,44772,0.11193,152050,0.380125
-12.4,8.6,400000,44694,0.111735,151776,0.37944
-12.4,8.8,400000,44572,0.11143,151996,0.37999
-12.4,9,400000,44965,0.112412,151743,0.379358
-12.4,9.2,400000,44597,0.111492,152215,0.380537
-12.4,9.4,400000,44983,0.112458,153017,0.382543
-12.4,9.6,400000,44662,0.111655,152172,0.38043
-12.4,9.8,400000,44921,0.112302,151714,0.379285
-12.4,10,400000,45120,0.1128,152500,0.38125
-12.4,10.2,400000,44577,0.111442,151797,0.379493
-12.4,10.4,400000,44747,0.111867,151649,0.379122
-12.4,10.6,400000,45108,0.11277,152385,0.380962
-12.4,10.8,400000,44766,0.111915,152260,0.38065
-12.4,11,400000,44979,0.112448,151434,0.378585
-12.4,11.2,400000,44741,0.111852,152734,0.381835
-12.4,11.4,400000,44957,0.112393,152619,0.381547
-12.4,11.6,400000,45328,0.11332,152806,0.382015
-12.4,11.8,400000,44519,0.111297,152035,0.380088
-12.4,12,400000,45482,0.113705,152566,0.381415
-12.4,12.2,400000,44811,0.112028,152297,0.380742
-12.4,12.4,400000,44579,0.111448,152242,0.380605
-12.4,12.6,400000,45334,0.113335,152516,0.38129
-12.4,12.8,400000,44791,0.111977,152335,0.380837
-12.4,13,400000,44915,0.112287,152448,0.38112
-12.4,13.2,400000,44968,0.11242,152123,0.380308
-12.4,13.4,400000,45169,0.112922,152369,0.380922
-12.4,13.6,400000,45090,0.112725,152078,0.380195
-12.4,13.8,400000,44723,0.111808,151539,0.378848
-12.4,14,400000,44781,0.111952,152308,0.38077
-12.4,14.2,400000,44591,0.111477,152142,0.380355
-12.4,14.4,400000,44810,0.112025,152472,0.38118
-12.4,14.6,400000,44489,0.111223,151784,0.37946
-12.4,14.8,400000,45141,0.112852,152393,0.380983
-12.4,15,400000,44780,0.11195,152366,0.380915
-12.4,15.2,400000,44472,0.11118,151572,0.37893
-12.4,15.4,400000,44938,0.112345,152086,0.380215
-12.4,15.6,400000,44916,0.11229,151997,0.379993
-12.4,15.8,400000,45014,0.112535,152553,0.381383
-12.4,16,400000,44628,0.11157,151943,0.379858
-12.4,16.2,400000,44863,0.112157,152382,0.380955
-12.4,16.4,400000,44470,0.111175,151776,0.37944
-12.4,16.6,400000,44892,0.11223,151820,0.37955
-12.4,16.8,400000,44429,0.111073,152268,0.38067
-12.4,17,400000,45003,0.112507,152351,0.380877
-12.4,17.2,400000,44839,0.112098,151955,0.379887
-12.4,17.4,400000,44452,0.11113,151737,0.379343
-12.4,17.6,400000,44803,0.112007,152317,0.380792
-12.4,17.8,400000,44965,0.112412,152105,0.380263
-12.4,18,400000,44580,0.11145,152050,0.380125
-12.4,18.2,400000,45070,0.112675,152243,0.380607
-12.4,18.4,400000,44818,0.112045,152110,0.380275
-12.4,18.6,400000,44909,0.112272,152991,0.382478
-12.4,18.8,400000,44976,0.11244,152172,0.38043
-12.4,19,400000,44809,0.112022,152181,0.380453
-12.4,19.2,400000,44848,0.11212,152239,0.380597
-12.4,19.4,400000,44804,0.11201,152000,0.38
-12.4,19.6,400000,45185,0.112962,152345,0.380862
-12.4,19.8,400000,44942,0.112355,152108,0.38027
-12.4,20,400000,44868,0.11217,151617,0.379043
-12.4,20.2,400000,44650,0.111625,152552,0.38138
-12.4,20.4,400000,44589,0.111473,151428,0.37857
-12.4,20.6,400000,44862,0.112155,152067,0.380167
-12.4,20.8,400000,44725,0.111812,151850,0.379625
-12.4,21,400000,44318,0.110795,151670,0.379175
-12.4,21.2,400000,45007,0.112518,152870,0.382175
-12.4,21.4,400000,45206,0.113015,151854,0.379635
-12.4,21.6,400000,45224,0.11306,151958,0.379895
-12.4,21.8,400000,44999,0.112498,152548,0.38137
-12.4,22,400000,45341,0.113352,151949,0.379873
-12.4,22.2,400000,44420,0.11105,152523,0.381308
-12.4,22.4,400000,45072,0.11268,152367,0.380918
-12.4,22.6,400000,44655,0.111638,152612,0.38153
-12.4,22.8,400000,45195,0.112988,152611,0.381528
-12.4,23,400000,44525,0.111312,151827,0.379568
-12.4,23.2,400000,44674,0.111685,152113,0.380283
-12.4,23.4,400000,44739,0.111848,152350,0.380875
-12.4,23.6,400000,45126,0.112815,152381,0.380953
-12.4,23.8,400000,44810,0.112025,151992,0.37998
-12.4,24,400000,45086,0.112715,152193,0.380483
-12.4,24.2,400000,45305,0.113263,152638,0.381595
-12.4,24.4,400000,45345,0.113363,152547,0.381368
-12.4,24.6,400000,45371,0.113428,152496,0.38124
-12.4,24.8,400000,45067,0.112668,151993,0.379983
-12.4,25,400000,45070,0.112675,152279,0.380698
-12.4,25.2,400000,45102,0.112755,152443,0.381107
-12.4,25.4,400000,44763,0.111907,152440,0.3811
-12.4,25.6,400000,44174,0.110435,151725,0.379312
-12.4,25.8,400000,44703,0.111757,152031,0.380078
-12.4,26,400000,45230,0.113075,152526,0.381315
-12.4,26.2,400000,45080,0.1127,151826,0.379565
-12.4,26.4,400000,44695,0.111738,151892,0.37973
-12.4,26.6,400000,45163,0.112907,152389,0.380972
-12.4,26.8,400000,44717,0.111793,152095,0.380238
-12.4,27,400000,44913,0.112282,152929,0.382323
-12.4,27.2,400000,44592,0.11148,151591,0.378978
-12.4,27.4,400000,44773,0.111933,151573,0.378933
-12.4,27.6,400000,44898,0.112245,152180,0.38045
-12.4,27.8,400000,45163,0.112907,152244,0.38061
-12.4,28,400000,44849,0.112122,151988,0.37997
-12.4,28.2,400000,44438,0.111095,151891,0.379727
-12.4,28.4,400000,44542,0.111355,152115,0.380288
-12.4,28.6,400000,45175,0.112937,152016,0.38004
-12.4,28.8,400000,44696,0.11174,151882,0.379705
-12.4,29,400000,44657,0.111643,152261,0.380653
-12.4,29.2,400000,44537,0.111342,151854,0.379635
-12.4,29.4,400000,45264,0.11316,152148,0.38037
-12.4,29.6,400000,44639,0.111598,151912,0.37978
-12.4,29.8,400000,44673,0.111683,152045,0.380113
-12.4,30,400000,44790,0.111975,152284,0.38071
-12.4,30.2,400000,45368,0.11342,152251,0.380628
-12.4,30.4,400000,45074,0.112685,152330,0.380825
-12.4,30.6,400000,45052,0.11263,152500,0.38125
-12.4,30.8,400000,44980,0.11245,152010,0.380025
-12.4,31,400000,44969,0.112422,152893,0.382232
-12.4,31.2,400000,44721,0.111802,151820,0.37955
-12.4,31.4,400000,44389,0.110973,151710,0.379275
-12.4,31.6,400000,44882,0.112205,152266,0.380665
-12.4,31.8,400000,45074,0.112685,152639,0.381597
-12.4,32,400000,44861,0.112153,152049,0.380122
-12.4,32.2,400000,44695,0.111738,152030,0.380075
-12.4,32.4,400000,44597,0.111492,152385,0.380962
-12.4,32.6,400000,45289,0.113223,151917,0.379792
-12.4,32.8,400000,44785,0.111963,152228,0.38057
-12.4,33,400000,44932,0.11233,151797,0.379493
-12.4,33.2,400000,44869,0.112172,151930,0.379825
-12.4,33.4,400000,44822,0.112055,151897,0.379742
-12.4,33.6,400000,45033,0.112583,152033,0.380082
-12.4,33.8,400000,44927,0.112318,152047,0.380117
-12.4,34,400000,44826,0.112065,151599,0.378997
-12.4,34.2,400000,44618,0.111545,151662,0.379155
-12.4,34.4,400000,45036,0.11259,152637,0.381593
-12.4,34.6,400000,44918,0.112295,152086,0.380215
-12.4,34.8,400000,44904,0.11226,152511,0.381277
-12.4,35,400000,45131,0.112827,152360,0.3809
-12.4,35.2,400000,45369,0.113422,152714,0.381785
-12.4,35.4,400000,44615,0.111537,152542,0.381355
-12.4,35.6,400000,44815,0.112037,152460,0.38115
-12.4,35.8,400000,44627,0.111568,151516,0.37879
-12.4,36,400000,44568,0.11142,151523,0.378808
-12.4,36.2,400000,44535,0.111338,152014,0.380035
-12.4,36.4,400000,44690,0.111725,152285,0.380713
-12.4,36.6,400000,45043,0.112607,152035,0.380088
-12.4,36.8,400000,44847,0.112117,151825,0.379563
-12.4,37,400000,44458,0.111145,152463,0.381157
-12.4,37.2,400000,44430,0.111075,151900,0.37975
-12.4,37.4,400000,45247,0.113117,152257,0.380642
-12.4,37.6,400000,44925,0.112312,152631,0.381578
-12.4,37.8,400000,44618,0.111545,151902,0.379755
-12.4,38,400000,44697,0.111742,151826,0.379565
-12.4,38.2,400000,44868,0.11217,151893,0.379732
-12.4,38.4,400000,44703,0.111757,152311,0.380777
-12.4,38.6,400000,44524,0.11131,151919,0.379798
-12.4,38.8,400000,44887,0.112217,152318,0.380795
-12.4,39,400000,45158,0.112895,152193,0.380483
-12.4,39.2,400000,44683,0.111708,152244,0.38061
-12.4,39.4,400000,44719,0.111797,152565,0.381412
-12.4,39.6,400000,45142,0.112855,152363,0.380908
-12.4,39.8,400000,44896,0.11224,152557,0.381393
-12.4,40,400000,45094,0.112735,152266,0.380665
-12.4,40.2,400000,44452,0.11113,151907,0.379767
-12.4,40.4,400000,44434,0.111085,152023,0.380057
-12.4,40.6,400000,44145,0.110363,151797,0.379493
-12.4,40.8,400000,44233,0.110583,151753,0.379383
-12.4,41,400000,45066,0.112665,152208,0.38052
-12.4,41.2,400000,44873,0.112183,152360,0.3809
-12.4,41.4,400000,44999,0.112498,152389,0.380972
-12.4,41.6,400000,44589,0.111473,151471,0.378678
-12.4,41.8,400000,45305,0.113263,152149,0.380373
-12.4,42,400000,44897,0.112242,152510,0.381275
-12.4,42.2,400000,44757,0.111893,152490,0.381225
-12.4,42.4,400000,44952,0.11238,152002,0.380005
-12.4,42.6,400000,45042,0.112605,151643,0.379107
-12.4,42.8,400000,44448,0.11112,152123,0.380308
-12.4,43,400000,44672,0.11168,151958,0.379895
-12.4,43.2,400000,45241,0.113102,151796,0.37949
-12.4,43.4,400000,44685,0.111713,152162,0.380405
-12.4,43.6,400000,44419,0.111047,151572,0.37893
-12.4,43.8,400000,44824,0.11206,152332,0.38083
-12.4,44,400000,44973,0.112433,152147,0.380368
-12.4,44.2,400000,44967,0.112418,151745,0.379362
-12.4,44.4,400000,45058,0.112645,151825,0.379563
-12.4,44.6,400000,44530,0.111325,151734,0.379335
-12.4,44.8,400000,45299,0.113248,152278,0.380695
-12.4,45,400000,45023,0.112558,151850,0.379625
-12.4,45.2,400000,44969,0.112422,152196,0.38049
-12.4,45.4,400000,44634,0.111585,152180,0.38045
-12.4,45.6,400000,44611,0.111528,151963,0.379908
-12.4,45.8,400000,44503,0.111257,151576,0.37894
-12.4,46,400000,45042,0.112605,152124,0.38031
-12.4,46.2,400000,44754,0.111885,151942,0.379855
-12.4,46.4,400000,44847,0.112117,151656,0.37914
-12.4,46.6,400000,44338,0.110845,151076,0.37769
-12.4,46.8,400000,44814,0.112035,152001,0.380003
-12.4,47,400000,45198,0.112995,151891,0.379727
-12.4,47.2,400000,44583,0.111458,152080,0.3802
-12.4,47.4,400000,44209,0.110522,151476,0.37869
-12.4,47.6,400000,44028,0.11007,151729,0.379323
-12.4,47.8,400000,44592,0.11148,152527,0.381317
-12.4,48,400000,44736,0.11184,152195,0.380487
-12.4,48.2,400000,45345,0.113363,152492,0.38123
-12.4,48.4,400000,44547,0.111367,151991,0.379978
-12.4,48.6,400000,44867,0.112168,152547,0.381368
-12.4,48.8,400000,45018,0.112545,151312,0.37828
-12.4,49,400000,44421,0.111052,151618,0.379045
-12.4,49.2,400000,44923,0.112308,152216,0.38054
-12.4,49.4,400000,45003,0.112507,152383,0.380958
-12.4,49.6,400000,43919,0.109798,151201,0.378003
-12.4,49.8,400000,44819,0.112047,151761,0.379402
-12.4,50,400000,44994,0.112485,151389,0.378472
-12.2,-50,400000,44875,0.112187,152225,0.380563
-12.2,-49.8,400000,45114,0.112785,151693,0.379232
-12.2,-49.6,400000,44088,0.11022,151556,0.37889
-12.2,-49.4,400000,45135,0.112837,152308,0.38077
-12.2,-49.2,400000,44986,0.112465,152292,0.38073
-12.2,-49,400000,44958,0.112395,152080,0.3802
-12.2,-48.8,400000,44984,0.11246,152005,0.380012
-12.2,-48.6,400000,45339,0.113348,151999,0.379997
-12.2,-48.4,400000,44665,0.111662,151912,0.37978
-12.2,-48.2,400000,44822,0.112055,151172,0.37793
-12.2,-48,400000,45263,0.113157,151717,0.379292
-12.2,-47.8,400000,45270,0.113175,152070,0.380175
-12.2,-47.6,400000,45102,0.112755,152584,0.38146
-12.2,-47.4,400000,44718,0.111795,151728,0.37932
-12.2,-47.2,400000,44845,0.112113,152041,0.380103
-12.2,-47,400000,45307,0.113267,152240,0.3806
-12.2,-46.8,400000,44447,0.111117,152432,0.38108
-12.2,-46.6,400000,44921,0.112302,152307,0.380767
-12.2,-46.4,400000,44747,0.111867,151706,0.379265
-12.2,-46.2,400000,44770,0.111925,151817,0.379543
-12.2,-46,400000,44513,0.111283,152217,0.380543
-12.2,-45.8,400000,44990,0.112475,152883,0.382207
-12.2,-45.6,400000,44823,0.112058,152271,0.380678
-12.2,-45.4,400000,44849,0.112122,152124,0.38031
-12.2,-45.2,400000,45238,0.113095,151968,0.37992
-12.2,-45,400000,45124,0.11281,152095,0.380238
-12.2,-44.8,400000,44978,0.112445,151886,0.379715
-12.2,-44.6,400000,45160,0.1129,152006,0.380015
-12.2,-44.4,400000,44106,0.110265,152021,0.380053
-12.2,-44.2,400000,45127,0.112818,152432,0.38108
-12.2,-44,400000,44192,0.11048,151906,0.379765
-12.2,-43.8,400000,44399,0.110997,151647,0.379117
-12.2,-43.6,400000,45308,0.11327,152024,0.38006
-12.2,-43.4,400000,44904,0.11226,151891,0.379727
-12.2,-43.2,400000,44736,0.11184,151891,0.379727
-12.2,-43,400000,44728,0.11182,152293,0.380732
-12.2,-42.8,400000,44575,0.111437,152069,0.380173
-12.2,-42.6,400000,44589,0.111473,151378,0.378445
-12.2,-42.4,400000,45061,0.112653,152132,0.38033
-12.2,-42.2,400000,45439,0.113598,151960,0.3799
-12.2,-42,400000,44829,0.112073,151803,0.379507
-12.2,-41.8,400000,44723,0.111808,151850,0.379625
-12.2,-41.6,400000,44249,0.110622,151953,0.379883
-12.2,-41.4,400000,45008,0.11252,151907,0.379767
-12.2,-41.2,400000,45428,0.11357,152732,0.38183
-12.2,-41,400000,44977,0.112443,152250,0.380625
-12.2,-40.8,400000,44597,0.111492,151649,0.379122
-12.2,-40.6,400000,45117,0.112793,153217,0.383043
-12.2,-40.4,400000,45406,0.113515,152539,0.381348
-12.2,-40.2,400000,45169,0.112922,152456,0.38114
-12.2,-40,400000,44677,0.111693,152154,0.380385
-12.2,-39.8,400000,45056,0.11264,152045,0.380113
-12.2,-39.6,400000,44981,0.112452,152172,0.38043
-12.2,-39.4,400000,44570,0.111425,151823,0.379557
-12.2,-39.2,400000,44671,0.111677,151908,0.37977
-12.2,-39,400000,45173,0.112933,152378,0.380945
-12.2,-38.8,400000,44516,0.11129,151564,0.37891
-12.2,-38.6,400000,45269,0.113172,152145,0.380362
-12.2,-38.4,400000,44591,0.111477,151827,0.379568
-12.2,-38.2,400000,44849,0.112122,152463,0.381157
-12.2,-38,400000,44923,0.112308,152313,0.380783
-12.2,-37.8,400000,44796,0.11199,152182,0.380455
-12.2,-37.6,400000,44962,0.112405,152181,0.380453
-12.2,-37.4,400000,44461,0.111153,152124,0.38031
-12.2,-37.2,400000,45009,0.112522,151884,0.37971
-12.2,-37,400000,44861,0.112153,152659,0.381647
-12.2,-36.8,400000,44407,0.111018,151858,0.379645
-12.2,-36.6,400000,44964,0.11241,152212,0.38053
-12.2,-36.4,400000,44784,0.11196,151943,0.379858
-12.2,-36.2,400000,44836,0.11209,152199,0.380497
-12.2,-36,400000,45131,0.112827,152294,0.380735
-12.2,-35.8,400000,44505,0.111263,151414,0.378535
-12.2,-35.6,400000,45151,0.112878,153007,0.382518
-12.2,-35.4,400000,44498,0.111245,151867,0.379667
-12.2,-35.2,400000,44890,0.112225,152209,0.380522
-12.2,-35,400000,45116,0.11279,152219,0.380547
-12.2,-34.8,400000,44405,0.111013,152387,0.380968
-12.2,-34.6,400000,44881,0.112202,152469,0.381173
-12.2,-34.4,400000,45337,0.113342,152056,0.38014
-12.2,-34.2,400000,44628,0.11157,151489,0.378723
-12.2,-34,400000,44664,0.11166,152220,0.38055
-12.2,-33.8,400000,45061,0.112653,151937,0.379843
-12.2,-33.6,400000,44392,0.11098,152225,0.380563
-12.2,-33.4,400000,45399,0.113498,152182,0.380455
-12.2,-33.2,400000,44798,0.111995,152388,0.38097
-12.2,-33,400000,45043,0.112607,152457,0.381142
-12.2,-32.8,400000,45072,0.11268,151671,0.379178
-12.2,-32.6,400000,44914,0.112285,152252,0.38063
-12.2,-32.4,400000,44203,0.110507,151407,0.378518
-12.2,-32.2,400000,44715,0.111787,152297,0.380742
-12.2,-32,400000,44383,0.110958,151505,0.378763
-12.2,-31.8,400000,44614,0.111535,152456,0.38114
-12.2,-31.6,400000,45158,0.112895,152455,0.381138
-12.2,-31.4,400000,44616,0.11154,152094,0.380235
-12.2,-31.2,400000,44512,0.11128,152116,0.38029
-12.2,-31,400000,44733,0.111833,151912,0.37978
-12.2,-30.8,400000,44976,0.11244,152205,0.380512
-12.2,-30.6,400000,44882,0.112205,152185,0.380462
-12.2,-30.4,400000,44634,0.111585,152346,0.380865
-12.2,-30.2,400000,44464,0.11116,151504,0.37876
-12.2,-30,400000,45012,0.11253,152232,0.38058
-12.2,-29.8,400000,44577,0.111442,152254,0.380635
-12.2,-29.6,400000,44720,0.1118,151779,0.379447
-12.2,-29.4,400000,45420,0.11355,152859,0.382147
-12.2,-29.2,400000,44663,0.111658,151961,0.379902
-12.2,-29,400000,44499,0.111247,152156,0.38039
-12.2,-28.8,400000,44855,0.112138,152051,0.380128
-12.2,-28.6,400000,44281,0.110702,151526,0.378815
-12.2,-28.4,400000,44829,0.112073,152253,0.380632
-12.2,-28.2,400000,44751,0.111878,152170,0.380425
-12.2,-28,400000,44766,0.111915,152227,0.380568
-12.2,-27.8,400000,45080,0.1127,152010,0.380025
-12.2,-27.6,400000,45067,0.112668,152873,0.382182
-12.2,-27.4,400000,44801,0.112003,152024,0.38006
-12.2,-27.2,400000,44964,0.11241,152316,0.38079
-12.2,-27,400000,45066,0.112665,152078,0.380195
-12.2,-26.8,400000,44511,0.111278,152069,0.380173
-12.2,-26.6,400000,45049,0.112623,152345,0.380862
-12.2,-26.4,400000,45032,0.11258,152305,0.380763
-12.2,-26.2,400000,44931,0.112327,152357,0.380893
-12.2,-26,400000,44410,0.111025,151995,0.379987
-12.2,-25.8,400000,44294,0.110735,151648,0.37912
-12.2,-25.6,400000,44934,0.112335,151648,0.37912
-12.2,-25.4,400000,44828,0.11207,152125,0.380312
-12.2,-25.2,400000,44821,0.112052,152054,0.380135
-12.2,-25,400000,44402,0.111005,151635,0.379088
-12.2,-24.8,400000,45172,0.11293,152526,0.381315
-12.2,-24.6,400000,44679,0.111698,152468,0.38117
-12.2,-24.4,400000,44623,0.111558,152204,0.38051
-12.2,-24.2,400000,44377,0.110942,151942,0.379855
-12.2,-24,400000,45176,0.11294,151930,0.379825
-12.2,-23.8,400000,44980,0.11245,152259,0.380648
-12.2,-23.6,400000,45040,0.1126,152145,0.380362
-12.2,-23.4,400000,44885,0.112213,151875,0.379688
-12.2,-23.2,400000,44436,0.11109,151587,0.378968
-12.2,-23,400000,44527,0.111317,152024,0.38006
-12.2,-22.8,400000,44862,0.112155,152380,0.38095
-12.2,-22.6,400000,45182,0.112955,152328,0.38082
-12.2,-22.4,400000,44959,0.112397,152683,0.381707
-12.2,-22.2,400000,45327,0.113318,152839,0.382097
-12.2,-22,400000,45086,0.112715,152580,0.38145
-12.2,-21.8,400000,45101,0.112753,152097,0.380242
-12.2,-21.6,400000,44767,0.111918,151789,0.379472
-12.2,-21.4,400000,44657,0.111643,151485,0.378713
-12.2,-21.2,400000,45243,0.113107,152516,0.38129
-12.2,-21,400000,44569,0.111422,152373,0.380933
-12.2,-20.8,400000,44989,0.112473,152005,0.380012
-12.2,-20.6,400000,43910,0.109775,151946,0.379865
-12.2,-20.4,400000,45134,0.112835,151836,0.37959
-12.2,-20.2,400000,44643,0.111607,152471,0.381178
-12.2,-20,400000,44471,0.111177,151813,0.379532
-12.2,-19.8,400000,45147,0.112867,152371,0.380927
-12.2,-19.6,400000,44976,0.11244,152490,0.381225
-12.2,-19.4,400000,44827,0.112068,152465,0.381163
-12.2,-19.2,400000,44658,0.111645,152652,0.38163
-12.2,-19,400000,44442,0.111105,152428,0.38107
-12.2,-18.8,400000,45051,0.112628,152805,0.382012
-12.2,-18.6,400000,45478,0.113695,152667,0.381667
-12.2,-18.4,400000,44982,0.112455,152186,0.380465
-12.2,-18.2,400000,44710,0.111775,151935,0.379837
-12.2,-18,400000,45052,0.11263,152582,0.381455
-12.2,-17.8,400000,44735,0.111838,151687,0.379217
-12.2,-17.6,400000,44741,0.111852,151542,0.378855
-12.2,-17.4,400000,44782,0.111955,151987,0.379968
-12.2,-17.2,400000,44906,0.112265,151842,0.379605
-12.2,-17,400000,44806,0.112015,151974,0.379935
-12.2,-16.8,400000,44847,0.112117,152548,0.38137
-12.2,-16.6,400000,44639,0.111598,151779,0.379447
-12.2,-16.4,400000,45094,0.112735,152502,0.381255
-12.2,-16.2,400000,45137,0.112842,152262,0.380655
-12.2,-16,400000,44831,0.112077,152391,0.380978
-12.2,-15.8,400000,45025,0.112562,152448,0.38112
-12.2,-15.6,400000,44985,0.112463,152089,0.380223
-12.2,-15.4,400000,44509,0.111272,151941,0.379852
-12.2,-15.2,400000,44003,0.110007,151685,0.379213
-12.2,-15,400000,45159,0.112897,152251,0.380628
-12.2,-14.8,400000,45088,0.11272,152505,0.381263
-12.2,-14.6,400000,44904,0.11226,152106,0.380265
-12.2,-14.4,400000,44544,0.11136,151703,0.379258
-12.2,-14.2,400000,45142,0.112855,152285,0.380713
-12.2,-14,400000,45128,0.11282,152739,0.381848
-12.2,-13.8,400000,44713,0.111783,152007,0.380018
-12.2,-13.6,400000,44439,0.111098,151796,0.37949
-12.2,-13.4,400000,44929,0.112323,152504,0.38126
-12.2,-13.2,400000,45127,0.112818,152418,0.381045
-12.2,-13,400000,44556,0.11139,152353,0.380883
-12.2,-12.8,400000,45275,0.113187,152674,0.381685
-12.2,-12.6,400000,44447,0.111117,151906,0.379765
-12.2,-12.4,400000,44985,0.112463,151492,0.37873
-12.2,-12.2,400000,44337,0.110842,152096,0.38024
-12.2,-12,400000,44788,0.11197,152529,0.381323
-12.2,-11.8,400000,45052,0.11263,152141,0.380352
-12.2,-11.6,400000,44369,0.110922,152441,0.381103
-12.2,-11.4,400000,45119,0.112797,151671,0.379178
-12.2,-11.2,400000,44855,0.112138,152572,0.38143
-12.2,-11,400000,44837,0.112092,152426,0.381065
-12.2,-10.8,400000,45147,0.112867,152365,0.380912
-12.2,-10.6,400000,44775,0.111937,152137,0.380342
-12.2,-10.4,400000,45011,0.112528,151957,0.379893
-12.2,-10.2,400000,44626,0.111565,152132,0.38033
-12.2,-10,400000,44889,0.112223,152178,0.380445
-12.2,-9.8,400000,44953,0.112382,151852,0.37963
-12.2,-9.6,400000,44730,0.111825,152061,0.380153
-12.2,-9.4,400000,44810,0.112025,152381,0.380953
-12.2,-9.2,400000,44702,0.111755,152109,0.380273
-12.2,-9,400000,45182,0.112955,152453,0.381132
-12.2,-8.8,400000,44902,0.112255,152410,0.381025
-12.2,-8.6,400000,45034,0.112585,151858,0.379645
-12.2,-8.4,400000,45422,0.113555,152843,0.382107
-12.2,-8.2,400000,44828,0.11207,152354,0.380885
-12.2,-8,400000,45029,0.112573,152417,0.381043
-12.2,-7.8,400000,45179,0.112948,152484,0.38121
-12.2,-7.6,400000,45107,0.112768,152026,0.380065
-12.2,-7.4,400000,45042,0.112605,152210,0.380525
-12.2,-7.2,400000,45188,0.11297,152752,0.38188
-12.2,-7,400000,45021,0.112552,152398,0.380995
-12.2,-6.8,400000,45145,0.112863,152362,0.380905
-12.2,-6.6,400000,44562,0.111405,152176,0.38044
-12.2,-6.4,400000,44465,0.111162,151821,0.379553
-12.2,-6.2,400000,44324,0.11081,151643,0.379107
-12.2,-6,400000,44948,0.11237,152458,0.381145
-12.2,-5.8,400000,45146,0.112865,152170,0.380425
-12.2,-5.6,400000,44412,0.11103,151556,0.37889
-12.2,-5.4,400000,44401,0.111003,151766,0.379415
-12.2,-5.2,400000,44872,0.11218,151776,0.37944
-12.2,-5,400000,44894,0.112235,152187,0.380468
-12.2,-4.8,400000,45044,0.11261,151804,0.37951
-12.2,-4.6,400000,44317,0.110793,151937,0.379843
-12.2,-4.4,400000,44646,0.111615,151748,0.37937
-12.2,-4.2,400000,44339,0.110848,152263,0.380657
-12.2,-4,400000,44401,0.111003,151661,0.379153
-12.2,-3.8,400000,45079,0.112698,151762,0.379405
-12.2,-3.6,400000,44912,0.11228,152132,0.38033
-12.2,-3.4,400000,44592,0.11148,152238,0.380595
-12.2,-3.2,400000,45066,0.112665,152221,0.380553
-12.2,-3,400000,45024,0.11256,152391,0.380978
-12.2,-2.8,400000,45139,0.112848,152507,0.381267
-12.2,-2.6,400000,44214,0.110535,151588,0.37897
-12.2,-2.4,400000,44612,0.11153,151846,0.379615
-12.2,-2.2,400000,44960,0.1124,152236,0.38059
-12.2,-2,400000,44663,0.111658,151968,0.37992
-12.2,-1.8,400000,45124,0.11281,152306,0.380765
-12.2,-1.6,400000,45002,0.112505,152345,0.380862
-12.2,-1.4,400000,45315,0.113287,152512,0.38128
-12.2,-1.2,400000,44948,0.11237,152162,0.380405
-12.2,-1,400000,45083,0.112708,152041,0.380103
-12.2,-0.8,400000,45081,0.112702,152568,0.38142
-12.2,-0.6,400000,44986,0.112465,152255,0.380638
-12.2,-0.4,400000,44648,0.11162,152217,0.380543
-12.2,-0.2,400000,44831,0.112077,151933,0.379833
-12.2,0,400000,44771,0.111927,152002,0.380005
-12.2,0.2,400000,44860,0.11215,152261,0.380653
-12.2,0.4,400000,44651,0.111628,152107,0.380267
-12.2,0.6,400000,44991,0.112477,152098,0.380245
-12.2,0.8,400000,45355,0.113388,152745,0.381862
-12.2,1,400000,45029,0.112573,152012,0.38003
-12.2,1.2,400000,44084,0.11021,152290,0.380725
-12.2,1.4,400000,44652,0.11163,152305,0.380763
-12.2,1.6,400000,44984,0.11246,152273,0.380682
-12.2,1.8,400000,45072,0.11268,152174,0.380435
-12.2,2,400000,45034,0.112585,152585,0.381462
-12.2,2.2,400000,44623,0.111558,152500,0.38125
-12.2,2.4,400000,44487,0.111217,151935,0.379837
-12.2,2.6,400000,44654,0.111635,152317,0.380792
-12.2,2.8,400000,44881,0.112202,152372,0.38093
-12.2,3,400000,44349,0.110872,151155,0.377887
-12.2,3.2,400000,44455,0.111138,151668,0.37917
-12.2,3.4,400000,44973,0.112433,152343,0.380858
-12.2,3.6,400000,44799,0.111997,151634,0.379085
-12.2,3.8,400000,45215,0.113037,151894,0.379735
-12.2,4,400000,44973,0.112433,152356,0.38089
-12.2,4.2,400000,45112,0.11278,152509,0.381273
-12.2,4.4,400000,44397,0.110992,151717,0.379292
-12.2,4.6,400000,44607,0.111518,151120,0.3778
-12.2,4.8,400000,44937,0.112342,151718,0.379295
-12.2,5,400000,44580,0.11145,151841,0.379603
-12.2,5.2,400000,44143,0.110357,152204,0.38051
-12.2,5.4,400000,44817,0.112043,152083,0.380207
-12.2,5.6,400000,45055,0.112638,152304,0.38076
-12.2,5.8,400000,44728,0.11182,152046,0.380115
-12.2,6,400000,44743,0.111857,151702,0.379255
-12.2,6.2,400000,44717,0.111793,152214,0.380535
-12.2,6.4,400000,44122,0.110305,152103,0.380258
-12.2,6.6,400000,44478,0.111195,151933,0.379833
-12.2,6.8,400000,44873,0.112183,152193,0.380483
-12.2,7,400000,45066,0.112665,152852,0.38213
-12.2,7.2,400000,44686,0.111715,152123,0.380308
-12.2,7.4,400000,45038,0.112595,152898,0.382245
-12.2,7.6,400000,45593,0.113983,152333,0.380833
-12.2,7.8,400000,45184,0.11296,152235,0.380588
-12.2,8,400000,45200,0.113,152046,0.380115
-12.2,8.2,400000,44929,0.112323,152114,0.380285
-12.2,8.4,400000,45259,0.113147,152240,0.3806
-12.2,8.6,400000,44750,0.111875,152607,0.381518
-12.2,8.8,400000,45183,0.112958,152717,0.381792
-12.2,9,400000,44857,0.112143,151670,0.379175
-12.2,9.2,400000,44881,0.112202,152230,0.380575
-12.2,9.4,400000,44579,0.111448,151888,0.37972
-12.2,9.6,400000,44771,0.111927,151910,0.379775
-12.2,9.8,400000,44900,0.11225,152687,0.381717
-12.2,10,400000,44707,0.111768,152526,0.381315
-12.2,10.2,400000,45169,0.112922,152405,0.381012
-12.2,10.4,400000,44974,0.112435,151852,0.37963
-12.2,10.6,400000,44564,0.11141,151175,0.377937
-12.2,10.8,400000,44943,0.112357,152428,0.38107
-12.2,11,400000,44427,0.111067,152433,0.381082
-12.2,11.2,400000,44780,0.11195,152313,0.380783
-12.2,11.4,400000,44362,0.110905,152010,0.380025
-12.2,11.6,400000,45004,0.11251,151671,0.379178
-12.2,11.8,400000,44580,0.11145,152238,0.380595
-12.2,12,400000,44959,0.112397,152586,0.381465
-12.2,12.2,400000,44563,0.111408,152056,0.38014
-12.2,12.4,400000,44818,0.112045,152522,0.381305
-12.2,12.6,400000,44528,0.11132,152203,0.380507
-12.2,12.8,400000,44933,0.112333,152570,0.381425
-12.2,13,400000,44569,0.111422,151801,0.379503
-12.2,13.2,400000,44657,0.111643,152594,0.381485
-12.2,13.4,400000,45402,0.113505,152479,0.381198
-12.2,13.6,400000,44687,0.111717,151186,0.377965
-12.2,13.8,400000,44873,0.112183,152762,0.381905
-12.2,14,400000,45029,0.112573,152329,0.380823
-12.2,14.2,400000,44589,0.111473,152504,0.38126
-12.2,14.4,400000,44556,0.11139,151773,0.379433
-12.2,14.6,400000,44770,0.111925,152272,0.38068
-12.2,14.8,400000,45134,0.112835,152505,0.381263
-12.2,15,400000,44493,0.111232,151857,0.379642
-12.2,15.2,400000,44845,0.112113,152287,0.380717
-12.2,15.4,400000,45393,0.113483,152346,0.380865
-12.2,15.6,400000,44559,0.111397,151682,0.379205
-12.2,15.8,400000,45339,0.113348,152156,0.38039
-12.2,16,400000,45017,0.112543,152475,0.381188
-12.2,16.2,400000,44829,0.112073,152211,0.380528
-12.2,16.4,400000,44870,0.112175,152153,0.380383
-12.2,16.6,400000,44755,0.111888,152288,0.38072
-12.2,16.8,400000,45113,0.112782,153108,0.38277
-12.2,17,400000,44240,0.1106,151332,0.37833
-12.2,17.2,400000,44869,0.112172,151823,0.379557
-12.2,17.4,400000,45429,0.113573,152014,0.380035
-12.2,17.6,400000,44636,0.11159,152318,0.380795
-12.2,17.8,400000,45113,0.112782,152177,0.380443
-12.2,18,400000,44937,0.112342,152557,0.381393
-12.2,18.2,400000,44773,0.111933,152288,0.38072
-12.2,18.4,400000,44818,0.112045,152434,0.381085
-12.2,18.6,400000,44732,0.11183,152352,0.38088
-12.2,18.8,400000,45169,0.112922,152029,0.380072
-12.2,19,400000,44795,0.111988,151728,0.37932
-12.2,19.2,400000,45097,0.112742,152482,0.381205
-12.2,19.4,400000,44871,0.112177,151784,0.37946
-12.2,19.6,400000,45403,0.113507,151893,0.379732
-12.2,19.8,400000,45113,0.112782,152848,0.38212
-12.2,20,400000,44841,0.112102,152486,0.381215
-12.2,20.2,400000,44610,0.111525,151609,0.379022
-12.2,20.4,400000,45030,0.112575,152317,0.380792
-12.2,20.6,400000,45066,0.112665,152600,0.3815
-12.2,20.8,400000,45111,0.112778,152283,0.380707
-12.2,21,400000,44447,0.111117,152185,0.380462
-12.2,21.2,400000,44995,0.112488,152161,0.380402
-12.2,21.4,400000,44906,0.112265,151871,0.379678
-12.2,21.6,400000,45297,0.113242,152526,0.381315
-12.2,21.8,400000,44764,0.11191,151997,0.379993
-12.2,22,400000,44710,0.111775,151999,0.379997
-12.2,22.2,400000,45028,0.11257,152030,0.380075
-12.2,22.4,400000,44667,0.111668,151950,0.379875
-12.2,22.6,400000,44997,0.112492,152295,0.380738
-12.2,22.8,400000,44155,0.110387,152041,0.380103
-12.2,23,400000,44983,0.112458,152436,0.38109
-12.2,23.2,400000,44275,0.110687,152010,0.380025
-12.2,23.4,400000,45165,0.112912,152446,0.381115
-12.2,23.6,400000,44865,0.112162,152037,0.380092
-12.2,23.8,400000,44373,0.110933,151839,0.379597
-12.2,24,400000,44856,0.11214,151949,0.379873
-12.2,24.2,400000,44559,0.111397,152059,0.380148
-12.2,24.4,400000,44370,0.110925,152211,0.380528
-12.2,24.6,400000,44291,0.110728,152331,0.380827
-12.2,24.8,400000,44932,0.11233,151779,0.379447
-12.2,25,400000,44600,0.1115,151767,0.379418
-12.2,25.2,400000,45095,0.112738,152358,0.380895
-12.2,25.4,400000,44338,0.110845,151895,0.379738
-12.2,25.6,400000,44592,0.11148,152044,0.38011
-12.2,25.8,400000,45102,0.112755,151975,0.379937
-12.2,26,400000,44966,0.112415,152184,0.38046
-12.2,26.2,400000,44907,0.112268,152689,0.381723
-12.2,26.4,400000,45019,0.112547,152342,0.380855
-12.2,26.6,400000,44845,0.112113,152283,0.380707
-12.2,26.8,400000,45173,0.112933,152507,0.381267
-12.2,27,400000,44986,0.112465,152295,0.380738
-12.2,27.2,400000,44785,0.111963,152261,0.380653
-12.2,27.4,400000,44388,0.11097,152316,0.38079
-12.2,27.6,400000,44951,0.112378,152206,0.380515
-12.2,27.8,400000,44631,0.111577,151714,0.379285
-12.2,28,400000,44725,0.111812,152329,0.380823
-12.2,28.2,400000,45123,0.112808,152761,0.381902
-12.2,28.4,400000,44754,0.111885,151680,0.3792
-12.2,28.6,400000,44941,0.112352,151743,0.379358
-12.2,28.8,400000,44723,0.111808,152235,0.380588
-12.2,29,400000,45240,0.1131,152329,0.380823
-12.2,29.2,400000,44538,0.111345,151806,0.379515
-12.2,29.4,400000,45231,0.113077,152622,0.381555
-12.2,29.6,400000,44914,0.112285,151890,0.379725
-12.2,29.8,400000,44918,0.112295,151968,0.37992
-12.2,30,400000,44375,0.110937,151471,0.378678
-12.2,30.2,400000,45281,0.113202,152880,0.3822
-12.2,30.4,400000,44646,0.111615,151578,0.378945
-12.2,30.6,400000,44926,0.112315,152042,0.380105
-12.2,30.8,400000,44624,0.11156,151923,0.379808
-12.2,31,400000,44073,0.110183,151794,0.379485
-12.2,31.2,400000,44892,0.11223,152378,0.380945
-12.2,31.4,400000,45227,0.113068,152600,0.3815
-12.2,31.6,400000,44308,0.11077,151732,0.37933
-12.2,31.8,400000,45236,0.11309,152087,0.380217
-12.2,32,400000,44843,0.112107,152439,0.381097
-12.2,32.2,400000,45021,0.112552,152136,0.38034
-12.2,32.4,400000,45101,0.112753,152272,0.38068
-12.2,32.6,400000,45112,0.11278,152815,0.382037
-12.2,32.8,400000,44526,0.111315,151864,0.37966
-12.2,33,400000,45164,0.11291,152660,0.38165
-12.2,33.2,400000,44986,0.112465,152666,0.381665
-12.2,33.4,400000,44756,0.11189,151975,0.379937
-12.2,33.6,400000,45346,0.113365,152433,0.381082
-12.2,33.8,400000,44823,0.112058,152304,0.38076
-12.2,34,400000,44867,0.112168,151827,0.379568
-12.2,34.2,400000,44403,0.111007,151120,0.3778
-12.2,34.4,400000,44272,0.11068,152330,0.380825
-12.2,34.6,400000,44959,0.112397,152379,0.380947
-12.2,34.8,400000,45130,0.112825,152632,0.38158
-12.2,35,400000,44680,0.1117,151494,0.378735
-12.2,35.2,400000,44831,0.112077,152155,0.380387
-12.2,35.4,400000,45059,0.112647,152265,0.380663
-12.2,35.6,400000,44923,0.112308,151728,0.37932
-12.2,35.8,400000,44847,0.112117,152223,0.380557
-12.2,36,400000,44791,0.111977,152124,0.38031
-12.2,36.2,400000,45101,0.112753,152654,0.381635
-12.2,36.4,400000,44883,0.112208,152426,0.381065
-12.2,36.6,400000,44944,0.11236,152370,0.380925
-12.2,36.8,400000,45190,0.112975,152251,0.380628
-12.2,37,400000,44742,0.111855,152385,0.380962
-12.2,37.2,400000,44283,0.110708,152250,0.380625
-12.2,37.4,400000,44912,0.11228,152636,0.38159
-12.2,37.6,400000,44950,0.112375,152379,0.380947
-12.2,37.8,400000,44826,0.112065,151797,0.379493
-12.2,38,400000,44777,0.111943,152061,0.380153
-12.2,38.2,400000,44762,0.111905,152034,0.380085
-12.2,38.4,400000,45286,0.113215,151855,0.379638
-12.2,38.6,400000,45023,0.112558,152633,0.381582
-12.2,38.8,400000,45291,0.113227,151687,0.379217
-12.2,39,400000,45346,0.113365,152820,0.38205
-12.2,39.2,400000,44980,0.11245,151570,0.378925
-12.2,39.4,400000,44993,0.112482,152034,0.380085
-12.2,39.6,400000,44580,0.11145,152128,0.38032
-12.2,39.8,400000,44714,0.111785,152059,0.380148
-12.2,40,400000,44947,0.112367,151842,0.379605
-12.2,40.2,400000,45120,0.1128,151914,0.379785
-12.2,40.4,400000,44525,0.111312,152348,0.38087
-12.2,40.6,400000,44856,0.11214,152122,0.380305
-12.2,40.8,400000,44782,0.111955,152411,0.381028
-12.2,41,400000,44183,0.110458,151827,0.379568
-12.2,41.2,400000,44861,0.112153,151770,0.379425
-12.2,41.4,400000,44950,0.112375,152065,0.380163
-12.2,41.6,400000,44679,0.111698,151850,0.379625
-12.2,41.8,400000,44404,0.11101,152142,0.380355
-12.2,42,400000,45118,0.112795,152049,0.380122
-12.2,42.2,400000,44373,0.110933,151705,0.379263
-12.2,42.4,400000,45298,0.113245,152210,0.380525
-12.2,42.6,400000,45098,0.112745,151889,0.379723
-12.2,42.8,400000,44983,0.112458,152074,0.380185
-12.2,43,400000,44474,0.111185,151747,0.379368
-12.2,43.2,400000,44835,0.112088,151778,0.379445
-12.2,43.4,400000,45168,0.11292,152064,0.38016
-12.2,43.6,400000,45060,0.11265,152192,0.38048
-12.2,43.8,400000,44989,0.112473,152281,0.380702
-12.2,44,400000,44730,0.111825,152497,0.381242
-12.2,44.2,400000,44902,0.112255,152275,0.380688
-12.2,44.4,400000,44977,0.112443,152200,0.3805
-12.2,44.6,400000,44484,0.11121,151783,0.379458
-12.2,44.8,400000,44482,0.111205,152017,0.380043
-12.2,45,400000,44478,0.111195,151797,0.379493
-12.2,45.2,400000,45004,0.11251,152337,0.380842
-12.2,45.4,400000,44785,0.111963,152318,0.380795
-12.2,45.6,400000,44820,0.11205,151791,0.379478
-12.2,45.8,400000,44911,0.112278,151930,0.379825
-12.2,46,400000,44701,0.111753,151347,0.378368
-12.2,46.2,400000,45337,0.113342,152460,0.38115
-12.2,46.4,400000,44728,0.11182,152040,0.3801
-12.2,46.6,400000,44329,0.110823,150553,0.376383
-12.2,46.8,400000,45091,0.112727,152336,0.38084
-12.2,47,400000,44493,0.111232,152275,0.380688
-12.2,47.2,400000,44579,0.111448,152369,0.380922
-12.2,47.4,400000,44787,0.111967,152048,0.38012
-12.2,47.6,400000,44584,0.11146,151769,0.379422
-12.2,47.8,400000,44984,0.11246,152217,0.380543
-12.2,48,400000,44387,0.110967,151385,0.378462
-12.2,48.2,400000,44757,0.111893,152125,0.380312
-12.2,48.4,400000,44531,0.111327,151648,0.37912
-12.2,48.6,400000,45320,0.1133,152566,0.381415
-12.2,48.8,400000,44797,0.111992,152351,0.380877
-12.2,49,400000,44704,0.11176,151714,0.379285
-12.2,49.2,400000,44523,0.111308,151869,0.379673
-12.2,49.4,400000,44701,0.111753,151893,0.379732
-12.2,49.6,400000,45320,0.1133,152425,0.381063
-12.2,49.8,400000,45188,0.11297,152034,0.380085
-12.2,50,400000,44816,0.11204,152028,0.38007
-12,-50,400000,44777,0.111943,151727,0.379317
-12,-49.8,400000,44275,0.110687,151268,0.37817
-12,-49.6,400000,44641,0.111602,151889,0.379723
-12,-49.4,400000,45240,0.1131,152169,0.380422
-12,-49.2,400000,44352,0.11088,151733,0.379333
-12,-49,400000,44776,0.11194,151957,0.379893
-12,-48.8,400000,45248,0.11312,151635,0.379088
-12,-48.6,400000,44247,0.110617,152051,0.380128
-12,-48.4,400000,45017,0.112543,151728,0.37932
-12,-48.2,400000,45007,0.112518,152124,0.38031
-12,-48,400000,44294,0.110735,152166,0.380415
-12,-47.8,400000,44916,0.11229,152415,0.381037
-12,-47.6,400000,45315,0.113287,152567,0.381418
-12,-47.4,400000,44244,0.11061,151794,0.379485
-12,-47.2,400000,44743,0.111857,151824,0.37956
-12,-47,400000,44980,0.11245,152479,0.381198
-12,-46.8,400000,44514,0.111285,152235,0.380588
-12,-46.6,400000,44542,0.111355,151566,0.378915
-12,-46.4,400000,44800,0.112,152626,0.381565
-12,-46.2,400000,44801,0.112003,151775,0.379437
-12,-46,400000,44845,0.112113,152330,0.380825
-12,-45.8,400000,44610,0.111525,152206,0.380515
-12,-45.6,400000,44755,0.111888,151496,0.37874
-12,-45.4,400000,44774,0.111935,151898,0.379745
-12,-45.2,400000,44744,0.11186,151961,0.379902
-12,-45,400000,44679,0.111698,152064,0.38016
-12,-44.8,400000,44788,0.11197,151255,0.378138
-12,-44.6,400000,44751,0.111878,152013,0.380032
-12,-44.4,400000,45009,0.112522,151968,0.37992
-12,-44.2,400000,44724,0.11181,151919,0.379798
-12,-44,400000,44670,0.111675,152122,0.380305
-12,-43.8,400000,44587,0.111467,151506,0.378765
-12,-43.6,400000,45300,0.11325,152719,0.381798
-12,-43.4,400000,44998,0.112495,151246,0.378115
-12,-43.2,400000,44793,0.111982,152039,0.380097
-12,-43,400000,44740,0.11185,151443,0.378607
-12,-42.8,400000,45378,0.113445,152847,0.382117
-12,-42.6,400000,44913,0.112282,152661,0.381653
-12,-42.4,400000,45158,0.112895,152389,0.380972
-12,-42.2,400000,45136,0.11284,152277,0.380692
-12,-42,400000,44719,0.111797,152319,0.380798
-12,-41.8,400000,44453,0.111132,151845,0.379613
-12,-41.6,400000,45126,0.112815,152518,0.381295
-12,-41.4,400000,45016,0.11254,151325,0.378312
-12,-41.2,400000,44291,0.110728,152125,0.380312
-12,-41,400000,44715,0.111787,152448,0.38112
-12,-40.8,400000,45039,0.112598,152505,0.381263
-12,-40.6,400000,45719,0.114297,152739,0.381848
-12,-40.4,400000,44471,0.111177,151784,0.37946
-12,-40.2,400000,45248,0.11312,152074,0.380185
-12,-40,400000,44696,0.11174,152196,0.38049
-12,-39.8,400000,44709,0.111772,152019,0.380047
-12,-39.6,400000,45026,0.112565,151800,0.3795
-12,-39.4,400000,44870,0.112175,151856,0.37964
-12,-39.2,400000,44730,0.111825,152184,0.38046
-12,-39,400000,44844,0.11211,151585,0.378962
-12,-38.8,400000,44640,0.1116,151710,0.379275
-12,-38.6,400000,45215,0.113037,152449,0.381122
-12,-38.4,400000,44545,0.111363,152001,0.380003
-12,-38.2,400000,44784,0.11196,152207,0.380518
-12,-38,400000,45018,0.112545,151870,0.379675
-12,-37.8,400000,44544,0.11136,151795,0.379487
-12,-37.6,400000,45238,0.113095,152199,0.380497
-12,-37.4,400000,45273,0.113183,152623,0.381557
-12,-37.2,400000,45192,0.11298,151807,0.379518
-12,-37,400000,45187,0.112967,152431,0.381078
-12,-36.8,400000,44729,0.111823,151395,0.378487
-12,-36.6,400000,44954,0.112385,151990,0.379975
-12,-36.4,400000,44797,0.111992,152489,0.381223
-12,-36.2,400000,45192,0.11298,152363,0.380908
-12,-36,400000,44608,0.11152,152562,0.381405
-12,-35.8,400000,44806,0.112015,151720,0.3793
-12,-35.6,400000,44948,0.11237,151695,0.379238
-12,-35.4,400000,45161,0.112903,152405,0.381012
-12,-35.2,400000,44498,0.111245,151489,0.378723
-12,-35,400000,45118,0.112795,152433,0.381082
-12,-34.8,400000,44867,0.112168,151978,0.379945
-12,-34.6,400000,45189,0.112973,151584,0.37896
-12,-34.4,400000,45015,0.112537,152450,0.381125
-12,-34.2,400000,45063,0.112657,152010,0.380025
-12,-34,400000,44915,0.112287,151959,0.379897
-12,-33.8,400000,45134,0.112835,151831,0.379578
-12,-33.6,400000,45093,0.112732,151755,0.379387
-12,-33.4,400000,44685,0.111713,152104,0.38026
-12,-33.2,400000,45062,0.112655,152593,0.381483
-12,-33,400000,44234,0.110585,151325,0.378312
-12,-32.8,400000,45048,0.11262,152135,0.380337
-12,-32.6,400000,44339,0.110848,151640,0.3791
-12,-32.4,400000,45097,0.112742,152015,0.380037
-12,-32.2,400000,45233,0.113083,152435,0.381088
-12,-32,400000,44461,0.111153,151994,0.379985
-12,-31.8,400000,44772,0.11193,152559,0.381398
-12,-31.6,400000,44982,0.112455,152269,0.380673
-12,-31.4,400000,45214,0.113035,152096,0.38024
-12,-31.2,400000,44675,0.111687,152324,0.38081
-12,-31,400000,44571,0.111427,151720,0.3793
-12,-30.8,400000,44442,0.111105,152098,0.380245
-12,-30.6,400000,44814,0.112035,151867,0.379667
-12,-30.4,400000,44647,0.111617,152052,0.38013
-12,-30.2,400000,45266,0.113165,152689,0.381723
-12,-30,400000,44832,0.11208,151841,0.379603
-12,-29.8,400000,44795,0.111988,152549,0.381373
-12,-29.6,400000,45171,0.112928,152039,0.380097
-12,-29.4,400000,44508,0.11127,152085,0.380213
-12,-29.2,400000,44902,0.112255,152172,0.38043
-12,-29,400000,44727,0.111818,151240,0.3781
-12,-28.8,400000,45037,0.112592,152573,0.381433
-12,-28.6,400000,45266,0.113165,152500,0.38125
-12,-28.4,400000,44757,0.111893,152278,0.380695
-12,-28.2,400000,44961,0.112403,151974,0.379935
-12,-28,400000,44628,0.11157,151701,0.379252
-12,-27.8,400000,44772,0.11193,151471,0.378678
-12,-27.6,400000,44647,0.111617,152354,0.380885
-12,-27.4,400000,45557,0.113892,152577,0.381443
-12,-27.2,400000,45053,0.112632,152033,0.380082
-12,-27,400000,44469,0.111172,152119,0.380298
-12,-26.8,400000,44504,0.11126,151871,0.379678
-12,-26.6,400000,44873,0.112183,151817,0.379543
-12,-26.4,400000,45163,0.112907,152730,0.381825
-12,-26.2,400000,44906,0.112265,152777,0.381943
-12,-26,400000,44430,0.111075,151113,0.377783
-12,-25.8,400000,44783,0.111958,152006,0.380015
-12,-25.6,400000,44806,0.112015,152413,0.381032
-12,-25.4,400000,44639,0.111598,151673,0.379182
-12,-25.2,400000,44795,0.111988,151798,0.379495
-12,-25,400000,44990,0.112475,152480,0.3812
-12,-24.8,400000,44740,0.11185,151866,0.379665
-12,-24.6,400000,44962,0.112405,152329,0.380823
-12,-24.4,400000,44658,0.111645,151938,0.379845
-12,-24.2,400000,44834,0.112085,151998,0.379995
-12,-24,400000,44637,0.111592,152670,0.381675
-12,-23.8,400000,44762,0.111905,152399,0.380997
-12,-23.6,400000,44991,0.112477,151966,0.379915
-12,-23.4,400000,45165,0.112912,152622,0.381555
-12,-23.2,400000,44928,0.11232,152232,0.38058
-12,-23,400000,44934,0.112335,152076,0.38019
-12,-22.8,400000,44979,0.112448,152582,0.381455
-12,-22.6,400000,44613,0.111533,151622,0.379055
-12,-22.4,400000,45162,0.112905,151951,0.379877
-12,-22.2,400000,44689,0.111723,151788,0.37947
-12,-22,400000,44748,0.11187,152006,0.380015
-12,-21.8,400000,45066,0.112665,151848,0.37962
-12,-21.6,400000,44787,0.111967,152064,0.38016
-12,-21.4,400000,44721,0.111802,152142,0.380355
-12,-21.2,400000,44688,0.11172,152253,0.380632
-12,-21,400000,45108,0.11277,152172,0.38043
-12,-20.8,400000,44662,0.111655,152230,0.380575
-12,-20.6,400000,44592,0.11148,151832,0.37958
-12,-20.4,400000,44478,0.111195,152174,0.380435
-12,-20.2,400000,45248,0.11312,152787,0.381968
-12,-20,400000,44560,0.1114,152309,0.380773
-12,-19.8,400000,44682,0.111705,152454,0.381135
-12,-19.6,400000,44201,0.110503,151715,0.379287
-12,-19.4,400000,44625,0.111562,151971,0.379927
-12,-19.2,400000,44135,0.110338,151808,0.37952
-12,-19,400000,45151,0.112878,151972,0.37993
-12,-18.8,400000,45094,0.112735,153000,0.3825
-12,-18.6,400000,45230,0.113075,151927,0.379817
-12,-18.4,400000,45034,0.112585,152333,0.380833
-12,-18.2,400000,43923,0.109808,151607,0.379018
-12,-18,400000,45546,0.113865,152659,0.381647
-12,-17.8,400000,45297,0.113242,152663,0.381657
-12,-17.6,400000,44525,0.111312,151981,0.379953
-12,-17.4,400000,44659,0.111647,151728,0.37932
-12,-17.2,400000,44865,0.112162,151866,0.379665
-12,-17,400000,45079,0.112698,152380,0.38095
-12,-16.8,400000,44627,0.111568,151668,0.37917
-12,-16.6,400000,44209,0.110522,152039,0.380097
-12,-16.4,400000,44229,0.110573,152366,0.380915
-12,-16.2,400000,44377,0.110942,152069,0.380173
-12,-16,400000,44685,0.111713,152384,0.38096
-12,-15.8,400000,45104,0.11276,152598,0.381495
-12,-15.6,400000,44760,0.1119,152363,0.380908
-12,-15.4,400000,45053,0.112632,152447,0.381117
-12,-15.2,400000,44419,0.111047,151340,0.37835
-12,-15,400000,44511,0.111278,151993,0.379983
-12,-14.8,400000,45150,0.112875,152476,0.38119
-12,-14.6,400000,45025,0.112562,152226,0.380565
-12,-14.4,400000,44571,0.111427,151818,0.379545
-12,-14.2,400000,45252,0.11313,152758,0.381895
-12,-14,400000,45179,0.112948,152002,0.380005
-12,-13.8,400000,44652,0.11163,151597,0.378993
-12,-13.6,400000,44622,0.111555,151780,0.37945
-12,-13.4,400000,44700,0.11175,152418,0.381045
-12,-13.2,400000,44619,0.111547,152077,0.380192
-12,-13,400000,44401,0.111003,152001,0.380003
-12,-12.8,400000,44651,0.111628,152229,0.380572
-12,-12.6,400000,44826,0.112065,152005,0.380012
-12,-12.4,400000,45100,0.11275,151962,0.379905
-12,-12.2,400000,44875,0.112187,152064,0.38016
-12,-12,400000,45484,0.11371,153021,0.382553
-12,-11.8,400000,44444,0.11111,151748,0.37937
-12,-11.6,400000,45068,0.11267,152563,0.381408
-12,-11.4,400000,44505,0.111263,151528,0.37882
-12,-11.2,400000,44952,0.11238,151775,0.379437
-12,-11,400000,44870,0.112175,152013,0.380032
-12,-10.8,400000,45178,0.112945,152352,0.38088
-12,-10.6,400000,45167,0.112918,152223,0.380557
-12,-10.4,400000,45186,0.112965,152943,0.382358
-12,-10.2,400000,44681,0.111702,151838,0.379595
-12,-10,400000,45236,0.11309,151798,0.379495
-12,-9.8,400000,44859,0.112147,152055,0.380138
-12,-9.6,400000,44938,0.112345,152313,0.380783
-12,-9.4,400000,44790,0.111975,151572,0.37893
-12,-9.2,400000,44844,0.11211,152367,0.380918
-12,-9,400000,44455,0.111138,151809,0.379522
-12,-8.8,400000,44549,0.111372,152359,0.380897
-12,-8.6,400000,44690,0.111725,152495,0.381238
-12,-8.4,400000,44400,0.111,152309,0.380773
-12,-8.2,400000,44901,0.112253,152035,0.380088
-12,-8,400000,44693,0.111732,151371,0.378428
-12,-7.8,400000,45117,0.112793,152689,0.381723
-12,-7.6,400000,45283,0.113208,152324,0.38081
-12,-7.4,400000,45082,0.112705,152393,0.380983
-12,-7.2,400000,44509,0.111272,151772,0.37943
-12,-7,400000,44555,0.111388,151632,0.37908
-12,-6.8,400000,44392,0.11098,152202,0.380505
-12,-6.6,400000,44251,0.110628,151666,0.379165
-12,-6.4,400000,44662,0.111655,151981,0.379953
-12,-6.2,400000,45073,0.112683,152424,0.38106
-12,-6,400000,45023,0.112558,152472,0.38118
-12,-5.8,400000,44901,0.112253,152255,0.380638
-12,-5.6,400000,44931,0.112327,152093,0.380232
-12,-5.4,400000,44345,0.110863,152225,0.380563
-12,-5.2,400000,44991,0.112477,151835,0.379588
-12,-5,400000,44394,0.110985,152112,0.38028
-12,-4.8,400000,45033,0.112583,152300,0.38075
-12,-4.6,400000,44826,0.112065,151858,0.379645
-12,-4.4,400000,45023,0.112558,152200,0.3805
-12,-4.2,400000,44575,0.111437,152157,0.380393
-12,-4,400000,44758,0.111895,151660,0.37915
-12,-3.8,400000,44718,0.111795,152146,0.380365
-12,-3.6,400000,44967,0.112418,152206,0.380515
-12,-3.4,400000,44766,0.111915,152222,0.380555
-12,-3.2,400000,44878,0.112195,152669,0.381673
-12,-3,400000,44793,0.111982,152101,0.380252
-12,-2.8,400000,44692,0.11173,151862,0.379655
-12,-2.6,400000,44884,0.11221,151725,0.379312
-12,-2.4,400000,44904,0.11226,151728,0.37932
-12,-2.2,400000,45206,0.113015,151624,0.37906
-12,-2,400000,44272,0.11068,151746,0.379365
-12,-1.8,400000,44303,0.110757,151843,0.379607
-12,-1.6,400000,44818,0.112045,152304,0.38076
-12,-1.4,400000,45257,0.113142,152412,0.38103
-12,-1.2,400000,44873,0.112183,152108,0.38027
-12,-1,400000,44650,0.111625,151488,0.37872
-12,-0.8,400000,45209,0.113022,152423,0.381057
-12,-0.6,400000,44901,0.112253,152255,0.380638
-12,-0.4,400000,44974,0.112435,152581,0.381453
-12,-0.2,400000,45004,0.11251,152104,0.38026
-12,0,400000,45056,0.11264,152302,0.380755
-12,0.2,400000,44930,0.112325,152639,0.381597
-12,0.4,400000,44988,0.11247,152201,0.380503
-12,0.6,400000,44309,0.110772,152153,0.380383
-12,0.8,400000,45310,0.113275,152856,0.38214
-12,1,400000,45061,0.112653,152337,0.380842
-12,1.2,400000,44878,0.112195,151908,0.37977
-12,1.4,400000,45025,0.112562,151947,0.379868
-12,1.6,400000,45080,0.1127,152231,0.380578
-12,1.8,400000,45104,0.11276,151932,0.37983
-12,2,400000,45080,0.1127,152062,0.380155
-12,2.2,400000,44612,0.11153,151487,0.378717
-12,2.4,400000,44879,0.112198,152454,0.381135
-12,2.6,400000,45386,0.113465,152035,0.380088
-12,2.8,400000,44672,0.11168,152037,0.380092
-12,3,400000,44949,0.112373,151844,0.37961
-12,3.2,400000,44478,0.111195,151592,0.37898
-12,3.4,400000,44692,0.11173,152223,0.380557
-12,3.6,400000,45089,0.112723,152184,0.38046
-12,3.8,400000,44664,0.11166,151915,0.379788
-12,4,400000,44714,0.111785,152326,0.380815
-12,4.2,400000,45147,0.112867,152484,0.38121
-12,4.4,400000,44829,0.112073,151741,0.379352
-12,4.6,400000,44805,0.112013,152157,0.380393
-12,4.8,400000,44868,0.11217,152369,0.380922
-12,5,400000,44674,0.111685,152476,0.38119
-12,5.2,400000,45204,0.11301,152123,0.380308
-12,5.4,400000,44465,0.111162,151579,0.378947
-12,5.6,400000,44924,0.11231,151682,0.379205
-12,5.8,400000,45036,0.11259,152695,0.381738
-12,6,400000,44952,0.11238,152576,0.38144
-12,6.2,400000,44828,0.11207,152075,0.380188
-12,6.4,400000,44937,0.112342,152147,0.380368
-12,6.6,400000,44821,0.112052,151824,0.37956
-12,6.8,400000,45007,0.112518,152243,0.380607
-12,7,400000,44396,0.11099,151838,0.379595
-12,7.2,400000,44502,0.111255,151771,0.379427
-12,7.4,400000,44635,0.111588,152134,0.380335
-12,7.6,400000,44725,0.111812,151534,0.378835
-12,7.8,400000,44911,0.112278,152198,0.380495
-12,8,400000,44798,0.111995,152413,0.381032
-12,8.2,400000,44821,0.112052,151948,0.37987
-12,8.4,400000,44664,0.11166,151509,0.378773
-12,8.6,400000,44770,0.111925,152108,0.38027
-12,8.8,400000,44385,0.110963,152119,0.380298
-12,9,400000,45057,0.112643,152204,0.38051
-12,9.2,400000,44685,0.111713,152011,0.380028
-12,9.4,400000,44625,0.111562,151721,0.379302
-12,9.6,400000,44883,0.112208,152306,0.380765
-12,9.8,400000,45078,0.112695,152474,0.381185
-12,10,400000,44552,0.11138,151615,0.379038
-12,10.2,400000,45600,0.114,152757,0.381893
-12,10.4,400000,44910,0.112275,152815,0.382037
-12,10.6,400000,44616,0.11154,151793,0.379483
-12,10.8,400000,44967,0.112418,152840,0.3821
-12,11,400000,44848,0.11212,152314,0.380785
-12,11.2,400000,45022,0.112555,152259,0.380648
-12,11.4,400000,45303,0.113257,152559,0.381398
-12,11.6,400000,44962,0.112405,152550,0.381375
-12,11.8,400000,45611,0.114028,152830,0.382075
-12,12,400000,44401,0.111003,151843,0.379607
-12,12.2,400000,45023,0.112558,151654,0.379135
-12,12.4,400000,44764,0.11191,152116,0.38029
-12,12.6,400000,45263,0.113157,152670,0.381675
-12,12.8,400000,45125,0.112812,152445,0.381113
-12,13,400000,45233,0.113083,152306,0.380765
-12,13.2,400000,45119,0.112797,152565,0.381412
-12,13.4,400000,44961,0.112403,152334,0.380835
-12,13.6,400000,44823,0.112058,152624,0.38156
-12,13.8,400000,45219,0.113047,152323,0.380808
-12,14,400000,44300,0.11075,152376,0.38094
-12,14.2,400000,44412,0.11103,152257,0.380642
-12,14.4,400000,45199,0.112998,152259,0.380648
-12,14.6,400000,44363,0.110908,152228,0.38057
-12,14.8,400000,45001,0.112503,152428,0.38107
-12,15,400000,44377,0.110942,152054,0.380135
-12,15.2,400000,44928,0.11232,152232,0.38058
-12,15.4,400000,44725,0.111812,152333,0.380833
-12,15.6,400000,45040,0.1126,152323,0.380808
-12,15.8,400000,44884,0.11221,151429,0.378572
-12,16,400000,44599,0.111497,152241,0.380603
-12,16.2,400000,44562,0.111405,151713,0.379283
-12,16.4,400000,44984,0.11246,152087,0.380217
-12,16.6,400000,44609,0.111522,151732,0.37933
-12,16.8,400000,44426,0.111065,151621,0.379053
-12,17,400000,44551,0.111378,151476,0.37869
-12,17.2,400000,44868,0.11217,151971,0.379927
-12,17.4,400000,44847,0.112117,152092,0.38023
-12,17.6,400000,44885,0.112213,152234,0.380585
-12,17.8,400000,45131,0.112827,151984,0.37996
-12,18,400000,44830,0.112075,152254,0.380635
-12,18.2,400000,44234,0.110585,151891,0.379727
-12,18.4,400000,44515,0.111287,151872,0.37968
-12,18.6,400000,44830,0.112075,152462,0.381155
-12,18.8,400000,44971,0.112427,152173,0.380433
-12,19,400000,44988,0.11247,152254,0.380635
-12,19.2,400000,44899,0.112248,152007,0.380018
-12,19.4,400000,45337,0.113342,152482,0.381205
-12,19.6,400000,45454,0.113635,152518,0.381295
-12,19.8,400000,44546,0.111365,152903,0.382257
-12,20,400000,44401,0.111003,152221,0.380553
-12,20.2,400000,44659,0.111647,151363,0.378408
-12,20.4,400000,44727,0.111818,152413,0.381032
-12,20.6,400000,44993,0.112482,152013,0.380032
-12,20.8,400000,45026,0.112565,152079,0.380198
-12,21,400000,44801,0.112003,151766,0.379415
-12,21.2,400000,44610,0.111525,151596,0.37899
-12,21.4,400000,45222,0.113055,152924,0.38231
-12,21.6,400000,45277,0.113193,152110,0.380275
-12,21.8,400000,45051,0.112628,152127,0.380317
-12,22,400000,44387,0.110967,151985,0.379962
-12,22.2,400000,44450,0.111125,152105,0.380263
-12,22.4,400000,45221,0.113053,152393,0.380983
-12,22.6,400000,44943,0.112357,152054,0.380135
-12,22.8,400000,45386,0.113465,152156,0.38039
-12,23,400000,44974,0.112435,152750,0.381875
-12,23.2,400000,44521,0.111302,151559,0.378897
-12,23.4,400000,44954,0.112385,151952,0.37988
-12,23.6,400000,44964,0.11241,152006,0.380015
-12,23.8,400000,45114,0.112785,152104,0.38026
-12,24,400000,44729,0.111823,152146,0.380365
-12,24.2,400000,44655,0.111638,151814,0.379535
-12,24.4,400000,45015,0.112537,152507,0.381267
-12,24.6,400000,44895,0.112238,151751,0.379377
-12,24.8,400000,44796,0.11199,151936,0.37984
-12,25,400000,44758,0.111895,151961,0.379902
-12,25.2,400000,44932,0.11233,152017,0.380043
-12,25.4,400000,44970,0.112425,152662,0.381655
-12,25.6,400000,44669,0.111672,151830,0.379575
-12,25.8,400000,44857,0.112143,152351,0.380877
-12,26,400000,45199,0.112998,152133,0.380333
-12,26.2,400000,44683,0.111708,151994,0.379985
-12,26.4,400000,45054,0.112635,152273,0.380682
-12,26.6,400000,45017,0.112543,152680,0.3817
-12,26.8,400000,44947,0.112367,152150,0.380375
-12,27,400000,44798,0.111995,152394,0.380985
-12,27.2,400000,44538,0.111345,151770,0.379425
-12,27.4,400000,44757,0.111893,152455,0.381138
-12,27.6,400000,44767,0.111918,152116,0.38029
-12,27.8,400000,44157,0.110393,152090,0.380225
-12,28,400000,44669,0.111672,152451,0.381128
-12,28.2,400000,44978,0.112445,151597,0.378993
-12,28.4,400000,44075,0.110187,151781,0.379453
-12,28.6,400000,44426,0.111065,152039,0.380097
-12,28.8,400000,44483,0.111208,152167,0.380418
-12,29,400000,44796,0.11199,152002,0.380005
-12,29.2,400000,44838,0.112095,151942,0.379855
-12,29.4,400000,44987,0.112467,152118,0.380295
-12,29.6,400000,44838,0.112095,151993,0.379983
-12,29.8,400000,44827,0.112068,152344,0.38086
-12,30,400000,44861,0.112153,151332,0.37833
-12,30.2,400000,45207,0.113018,152347,0.380868
-12,30.4,400000,44522,0.111305,151769,0.379422
-12,30.6,400000,44430,0.111075,152199,0.380497
-12,30.8,400000,44702,0.111755,152335,0.380837
-12,31,400000,44565,0.111412,151669,0.379173
-12,31.2,400000,45235,0.113087,152350,0.380875
-12,31.4,400000,44863,0.112157,151787,0.379468
-12,31.6,400000,44796,0.11199,151652,0.37913
-12,31.8,400000,45174,0.112935,153215,0.383037
-12,32,400000,45027,0.112568,151808,0.37952
-12,32.2,400000,44576,0.11144,151679,0.379198
-12,32.4,400000,44903,0.112257,152500,0.38125
-12,32.6,400000,44622,0.111555,151960,0.3799
-12,32.8,400000,44854,0.112135,151984,0.37996
-12,33,400000,44618,0.111545,152065,0.380163
-12,33.2,400000,44979,0.112448,152195,0.380487
-12,33.4,400000,44278,0.110695,151953,0.379883
-12,33.6,400000,45053,0.112632,152503,0.381258
-12,33.8,400000,45104,0.11276,151330,0.378325
-12,34,400000,44853,0.112132,151807,0.379518
-12,34.2,400000,45654,0.114135,152297,0.380742
-12,34.4,400000,44735,0.111838,152216,0.38054
-12,34.6,400000,45082,0.112705,152250,0.380625
-12,34.8,400000,44486,0.111215,152120,0.3803
-12,35,400000,44847,0.112117,151844,0.37961
-12,35.2,400000,45450,0.113625,152577,0.381443
-12,35.4,400000,44569,0.111422,151886,0.379715
-12,35.6,400000,45212,0.11303,152246,0.380615
-12,35.8,400000,44701,0.111753,151919,0.379798
-12,36,400000,44577,0.111442,151439,0.378597
-12,36.2,400000,44875,0.112187,152739,0.381848
-12,36.4,400000,45649,0.114123,152593,0.381483
-12,36.6,400000,45021,0.112552,152256,0.38064
-12,36.8,400000,45042,0.112605,152186,0.380465
-12,37,400000,44987,0.112467,152246,0.380615
-12,37.2,400000,44963,0.112407,152610,0.381525
-12,37.4,400000,44704,0.11176,151732,0.37933
-12,37.6,400000,44405,0.111013,151590,0.378975
-12,37.8,400000,44945,0.112363,152027,0.380068
-12,38,400000,44902,0.112255,152034,0.380085
-12,38.2,400000,44999,0.112498,151816,0.37954
-12,38.4,400000,45355,0.113388,152404,0.38101
-12,38.6,400000,44926,0.112315,152074,0.380185
-12,38.8,400000,44645,0.111613,152216,0.38054
-12,39,400000,45241,0.113102,152806,0.382015
-12,39.2,400000,44574,0.111435,151575,0.378937
-12,39.4,400000,44774,0.111935,152624,0.38156
-12,39.6,400000,45108,0.11277,152731,0.381827
-12,39.8,400000,44408,0.11102,152047,0.380117
-12,40,400000,44950,0.112375,152467,0.381167
-12,40.2,400000,44832,0.11208,152889,0.382223
-12,40.4,400000,44615,0.111537,152512,0.38128
-12,40.6,400000,45011,0.112528,152455,0.381138
-12,40.8,400000,45042,0.112605,151709,0.379273
-12,41,400000,44499,0.111247,152062,0.380155
-12,41.2,400000,44245,0.110613,152133,0.380333
-12,41.4,400000,45144,0.11286,152110,0.380275
-12,41.6,400000,45133,0.112833,151784,0.37946
-12,41.8,400000,45476,0.11369,152484,0.38121
-12,42,400000,45214,0.113035,152658,0.381645
-12,42.2,400000,44631,0.111577,151108,0.37777
-12,42.4,400000,44508,0.11127,152016,0.38004
-12,42.6,400000,45173,0.112933,152029,0.380072
-12,42.8,400000,44741,0.111852,152130,0.380325
-12,43,400000,44870,0.112175,151528,0.37882
-12,43.2,400000,44652,0.11163,152193,0.380483
-12,43.4,400000,44845,0.112113,151958,0.379895
-12,43.6,400000,44767,0.111918,151538,0.378845
-12,43.8,400000,45062,0.112655,152809,0.382022
-12,44,400000,44531,0.111327,151372,0.37843
-12,44.2,400000,44840,0.1121,152120,0.3803
-12,44.4,400000,45031,0.112577,152315,0.380788
-12,44.6,400000,44623,0.111558,151944,0.37986
-12,44.8,400000,44666,0.111665,151825,0.379563
-12,45,400000,44776,0.11194,152038,0.380095
-12,45.2,400000,44996,0.11249,152288,0.38072
-12,45.4,400000,44847,0.112117,151860,0.37965
-12,45.6,400000,44858,0.112145,151996,0.37999
-12,45.8,400000,45201,0.113003,152002,0.380005
-12,46,400000,44416,0.11104,152016,0.38004
-12,46.2,400000,44545,0.111363,150906,0.377265
-12,46.4,400000,44902,0.112255,152722,0.381805
-12,46.6,400000,44958,0.112395,152586,0.381465
-12,46.8,400000,45270,0.113175,152373,0.380933
-12,47,400000,45153,0.112882,152078,0.380195
-12,47.2,400000,45220,0.11305,152355,0.380887
-12,47.4,400000,45335,0.113337,152067,0.380167
-12,47.6,400000,44812,0.11203,151566,0.378915
-12,47.8,400000,44728,0.11182,152273,0.380682
-12,48,400000,44667,0.111668,151961,0.379902
-12,48.2,400000,44986,0.112465,151907,0.379767
-12,48.4,400000,44409,0.111022,152418,0.381045
-12,48.6,400000,44476,0.11119,151862,0.379655
-12,48.8,400000,45273,0.113183,152299,0.380748
-12,49,400000,44457,0.111143,151803,0.379507
-12,49.2,400000,44916,0.11229,152089,0.380223
-12,49.4,400000,44517,0.111293,151375,0.378437
-12,49.6,400000,44955,0.112388,152103,0.380258
-12,49.8,400000,44705,0.111763,151107,0.377767
-12,50,400000,44266,0.110665,151419,0.378547
-11.8,-50,400000,44889,0.112223,152260,0.38065
-11.8,-49.8,400000,44998,0.112495,152678,0.381695
-11.8,-49.6,400000,45069,0.112672,151826,0.379565
-11.8,-49.4,400000,45192,0.11298,151838,0.379595
-11.8,-49.2,400000,44714,0.111785,151636,0.37909
-11.8,-49,400000,44576,0.11144,152036,0.38009
-11.8,-48.8,400000,44643,0.111607,152073,0.380182
-11.8,-48.6,400000,44673,0.111683,152414,0.381035
-11.8,-48.4,400000,44446,0.111115,151694,0.379235
-11.8,-48.2,400000,45042,0.112605,151745,0.379362
-11.8,-48,400000,44821,0.112052,152294,0.380735
-11.8,-47.8,400000,44169,0.110423,151743,0.379358
-11.8,-47.6,400000,45390,0.113475,152622,0.381555
-11.8,-47.4,400000,45143,0.112857,151928,0.37982
-11.8,-47.2,400000,45673,0.114183,152516,0.38129
-11.8,-47,400000,44428,0.11107,151819,0.379547
-11.8,-46.8,400000,44849,0.112122,152718,0.381795
-11.8,-46.6,400000,45102,0.112755,152149,0.380373
-11.8,-46.4,400000,44520,0.1113,151406,0.378515
-11.8,-46.2,400000,44656,0.11164,152219,0.380547
-11.8,-46,400000,44775,0.111937,151950,0.379875
-11.8,-45.8,400000,44927,0.112318,152545,0.381362
-11.8,-45.6,400000,44709,0.111772,152642,0.381605
-11.8,-45.4,400000,45087,0.112717,151751,0.379377
-11.8,-45.2,400000,44891,0.112227,152315,0.380788
-11.8,-45,400000,44377,0.110942,152450,0.381125
-11.8,-44.8,400000,44707,0.111768,151854,0.379635
-11.8,-44.6,400000,44784,0.11196,151769,0.379422
-11.8,-44.4,400000,44819,0.112047,152047,0.380117
-11.8,-44.2,400000,44278,0.110695,151269,0.378173
-11.8,-44,400000,44246,0.110615,151343,0.378358
-11.8,-43.8,400000,44892,0.11223,152582,0.381455
-11.8,-43.6,400000,44448,0.11112,151788,0.37947
-11.8,-43.4,400000,44458,0.111145,151178,0.377945
-11.8,-43.2,400000,44817,0.112043,151665,0.379163
-11.8,-43,400000,45210,0.113025,152094,0.380235
-11.8,-42.8,400000,45057,0.112643,151823,0.379557
-11.8,-42.6,400000,44402,0.111005,152121,0.380302
-11.8,-42.4,400000,44516,0.11129,151544,0.37886
-11.8,-42.2,400000,44365,0.110912,151663,0.379157
-11.8,-42,400000,45239,0.113098,152362,0.380905
-11.8,-41.8,400000,45023,0.112558,151556,0.37889
-11.8,-41.6,400000,45099,0.112748,151627,0.379068
-11.8,-41.4,400000,44793,0.111982,152448,0.38112
-11.8,-41.2,400000,45077,0.112693,152295,0.380738
-11.8,-41,400000,45035,0.112587,152006,0.380015
-11.8,-40.8,400000,44942,0.112355,152505,0.381263
-11.8,-40.6,400000,44935,0.112338,152204,0.38051
-11.8,-40.4,400000,44645,0.111613,152041,0.380103
-11.8,-40.2,400000,44756,0.11189,151953,0.379883
-11.8,-40,400000,45122,0.112805,151935,0.379837
-11.8,-39.8,400000,44563,0.111408,152586,0.381465
-11.8,-39.6,400000,44555,0.111388,152117,0.380292
-11.8,-39.4,400000,44478,0.111195,151289,0.378223
-11.8,-39.2,400000,44896,0.11224,151847,0.379617
-11.8,-39,400000,44591,0.111477,152072,0.38018
-11.8,-38.8,400000,44774,0.111935,151970,0.379925
-11.8,-38.6,400000,44515,0.111287,152151,0.380377
-11.8,-38.4,400000,44935,0.112338,151992,0.37998
-11.8,-38.2,400000,44980,0.11245,152081,0.380202
-11.8,-38,400000,44886,0.112215,152144,0.38036
-11.8,-37.8,400000,45254,0.113135,152089,0.380223
-11.8,-37.6,400000,45039,0.112598,151799,0.379497
-11.8,-37.4,400000,44469,0.111172,151938,0.379845
-11.8,-37.2,400000,44847,0.112117,152387,0.380968
-11.8,-37,400000,45041,0.112602,152079,0.380198
-11.8,-36.8,400000,44747,0.111867,152104,0.38026
-11.8,-36.6,400000,45486,0.113715,152706,0.381765
-11.8,-36.4,400000,44630,0.111575,152535,0.381337
-11.8,-36.2,400000,44991,0.112477,152060,0.38015
-11.8,-36,400000,44954,0.112385,151845,0.379613
-11.8,-35.8,400000,44147,0.110367,151269,0.378173
-11.8,-35.6,400000,44808,0.11202,152188,0.38047
-11.8,-35.4,400000,45105,0.112763,152596,0.38149
-11.8,-35.2,400000,44957,0.112393,152476,0.38119
-11.8,-35,400000,44935,0.112338,152282,0.380705
-11.8,-34.8,400000,44771,0.111927,152415,0.381037
-11.8,-34.6,400000,44865,0.112162,152493,0.381232
-11.8,-34.4,400000,44412,0.11103,152363,0.380908
-11.8,-34.2,400000,45150,0.112875,152736,0.38184
-11.8,-34,400000,44610,0.111525,151790,0.379475
-11.8,-33.8,400000,45065,0.112662,152195,0.380487
-11.8,-33.6,400000,44901,0.112253,152242,0.380605
-11.8,-33.4,400000,44925,0.112312,152138,0.380345
-11.8,-33.2,400000,44787,0.111967,151923,0.379808
-11.8,-33,400000,45047,0.112617,152270,0.380675
-11.8,-32.8,400000,44854,0.112135,152315,0.380788
-11.8,-32.6,400000,44656,0.11164,152393,0.380983
-11.8,-32.4,400000,45120,0.1128,152168,0.38042
-11.8,-32.2,400000,44847,0.112117,151852,0.37963
-11.8,-32,400000,44757,0.111893,151494,0.378735
-11.8,-31.8,400000,45188,0.11297,152466,0.381165
-11.8,-31.6,400000,44803,0.112007,151945,0.379862
-11.8,-31.4,400000,44995,0.112488,151751,0.379377
-11.8,-31.2,400000,44910,0.112275,151697,0.379242
-11.8,-31,400000,45227,0.113068,152407,0.381018
-11.8,-30.8,400000,44873,0.112183,152096,0.38024
-11.8,-30.6,400000,44722,0.111805,151869,0.379673
-11.8,-30.4,400000,45179,0.112948,152609,0.381522
-11.8,-30.2,400000,44889,0.112223,151520,0.3788
-11.8,-30,400000,44696,0.11174,152964,0.38241
-11.8,-29.8,400000,44786,0.111965,152482,0.381205
-11.8,-29.6,400000,45136,0.11284,152124,0.38031
-11.8,-29.4,400000,45081,0.112702,152249,0.380622
-11.8,-29.2,400000,44836,0.11209,152123,0.380308
-11.8,-29,400000,44699,0.111747,152006,0.380015
-11.8,-28.8,400000,44600,0.1115,151957,0.379893
-11.8,-28.6,400000,44733,0.111833,152537,0.381342
-11.8,-28.4,400000,45426,0.113565,152792,0.38198
-11.8,-28.2,400000,44674,0.111685,151751,0.379377
-11.8,-28,400000,45203,0.113007,151900,0.37975
-11.8,-27.8,400000,44957,0.112393,151979,0.379947
-11.8,-27.6,400000,45062,0.112655,151848,0.37962
-11.8,-27.4,400000,45209,0.113022,151762,0.379405
-11.8,-27.2,400000,44182,0.110455,151761,0.379402
-11.8,-27,400000,44543,0.111357,151943,0.379858
-11.8,-26.8,400000,45005,0.112513,152724,0.38181
-11.8,-26.6,400000,45081,0.112702,152349,0.380873
-11.8,-26.4,400000,44800,0.112,151881,0.379702
-11.8,-26.2,400000,44704,0.11176,152469,0.381173
-11.8,-26,400000,44761,0.111903,152394,0.380985
-11.8,-25.8,400000,44845,0.112113,151791,0.379478
-11.8,-25.6,400000,44457,0.111143,151601,0.379003
-11.8,-25.4,400000,44801,0.112003,151607,0.379018
-11.8,-25.2,400000,45331,0.113327,152951,0.382377
-11.8,-25,400000,45116,0.11279,152356,0.38089
-11.8,-24.8,400000,44536,0.11134,151763,0.379408
-11.8,-24.6,400000,44797,0.111992,151790,0.379475
-11.8,-24.4,400000,44617,0.111543,151699,0.379248
-11.8,-24.2,400000,44895,0.112238,151757,0.379393
-11.8,-24,400000,44519,0.111297,152228,0.38057
-11.8,-23.8,400000,44876,0.11219,151519,0.378798
-11.8,-23.6,400000,44841,0.112102,151780,0.37945
-11.8,-23.4,400000,44939,0.112348,152654,0.381635
-11.8,-23.2,400000,44923,0.112308,152146,0.380365
-11.8,-23,400000,44920,0.1123,152750,0.381875
-11.8,-22.8,400000,44955,0.112388,151759,0.379397
-11.8,-22.6,400000,45055,0.112638,152291,0.380727
-11.8,-22.4,400000,44615,0.111537,151689,0.379223
-11.8,-22.2,400000,44935,0.112338,151890,0.379725
-11.8,-22,400000,44783,0.111958,152312,0.38078
-11.8,-21.8,400000,45018,0.112545,152353,0.380883
-11.8,-21.6,400000,45215,0.113037,152779,0.381947
-11.8,-21.4,400000,44672,0.11168,152213,0.380532
-11.8,-21.2,400000,44700,0.11175,152857,0.382142
-11.8,-21,400000,44902,0.112255,152523,0.381308
-11.8,-20.8,400000,44582,0.111455,152214,0.380535
-11.8,-20.6,400000,45061,0.112653,152243,0.380607
-11.8,-20.4,400000,45159,0.112897,152317,0.380792
-11.8,-20.2,400000,45168,0.11292,152037,0.380092
-11.8,-20,400000,44382,0.110955,151967,0.379918
-11.8,-19.8,400000,44864,0.11216,151342,0.378355
-11.8,-19.6,400000,44791,0.111977,151848,0.37962
-11.8,-19.4,400000,44812,0.11203,152439,0.381097
-11.8,-19.2,400000,45106,0.112765,152292,0.38073
-11.8,-19,400000,44985,0.112463,152199,0.380497
-11.8,-18.8,400000,45234,0.113085,152302,0.380755
-11.8,-18.6,400000,45386,0.113465,153079,0.382698
-11.8,-18.4,400000,45089,0.112723,152681,0.381703
-11.8,-18.2,400000,45192,0.11298,152410,0.381025
-11.8,-18,400000,44839,0.112098,152461,0.381153
-11.8,-17.8,400000,44655,0.111638,151629,0.379072
-11.8,-17.6,400000,44841,0.112102,151717,0.379292
-11.8,-17.4,400000,45039,0.112598,151867,0.379667
-11.8,-17.2,400000,44885,0.112213,152127,0.380317
-11.8,-17,400000,44744,0.11186,151964,0.37991
-11.8,-16.8,400000,44718,0.111795,152218,0.380545
-11.8,-16.6,400000,45046,0.112615,152669,0.381673
-11.8,-16.4,400000,44906,0.112265,152091,0.380227
-11.8,-16.2,400000,44642,0.111605,152271,0.380678
-11.8,-16,400000,44636,0.11159,151995,0.379987
-11.8,-15.8,400000,44989,0.112473,151718,0.379295
-11.8,-15.6,400000,45367,0.113418,152272,0.38068
-11.8,-15.4,400000,44776,0.11194,151987,0.379968
-11.8,-15.2,400000,44646,0.111615,151582,0.378955
-11.8,-15,400000,45488,0.11372,152423,0.381057
-11.8,-14.8,400000,45116,0.11279,152349,0.380873
-11.8,-14.6,400000,44854,0.112135,152193,0.380483
-11.8,-14.4,400000,44747,0.111867,152195,0.380487
-11.8,-14.2,400000,44995,0.112488,152125,0.380312
-11.8,-14,400000,44363,0.110908,152003,0.380007
-11.8,-13.8,400000,45180,0.11295,152033,0.380082
-11.8,-13.6,400000,44680,0.1117,152231,0.380578
-11.8,-13.4,400000,44998,0.112495,152798,0.381995
-11.8,-13.2,400000,44230,0.110575,152301,0.380752
-11.8,-13,400000,44793,0.111982,151907,0.379767
-11.8,-12.8,400000,44168,0.11042,151877,0.379692
-11.8,-12.6,400000,45091,0.112727,152127,0.380317
-11.8,-12.4,400000,44833,0.112083,152720,0.3818
-11.8,-12.2,400000,45038,0.112595,152174,0.380435
-11.8,-12,400000,44544,0.11136,151920,0.3798
-11.8,-11.8,400000,45099,0.112748,152584,0.38146
-11.8,-11.6,400000,44927,0.112318,152101,0.380252
-11.8,-11.4,400000,44450,0.111125,151587,0.378968
-11.8,-11.2,400000,45543,0.113858,153231,0.383078
-11.8,-11,400000,44539,0.111348,152195,0.380487
-11.8,-10.8,400000,44712,0.11178,151953,0.379883
-11.8,-10.6,400000,44199,0.110497,151812,0.37953
-11.8,-10.4,400000,44627,0.111568,152065,0.380163
-11.8,-10.2,400000,45155,0.112888,153306,0.383265
-11.8,-10,400000,44652,0.11163,151946,0.379865
-11.8,-9.8,400000,45115,0.112787,152286,0.380715
-11.8,-9.6,400000,44946,0.112365,151904,0.37976
-11.8,-9.4,400000,44744,0.11186,151670,0.379175
-11.8,-9.2,400000,45199,0.112998,152671,0.381678
-11.8,-9,400000,44886,0.112215,151784,0.37946
-11.8,-8.8,400000,44921,0.112302,152089,0.380223
-11.8,-8.6,400000,44596,0.11149,152028,0.38007
-11.8,-8.4,400000,44798,0.111995,151980,0.37995
-11.8,-8.2,400000,44991,0.112477,152554,0.381385
-11.8,-8,400000,44720,0.1118,151921,0.379802
-11.8,-7.8,400000,45086,0.112715,152191,0.380478
-11.8,-7.6,400000,44391,0.110978,151579,0.378947
-11.8,-7.4,400000,44705,0.111763,152046,0.380115
-11.8,-7.2,400000,44802,0.112005,152291,0.380727
-11.8,-7,400000,44826,0.112065,152065,0.380163
-11.8,-6.8,400000,44850,0.112125,152419,0.381047
-11.8,-6.6,400000,45034,0.112585,152418,0.381045
-11.8,-6.4,400000,44806,0.112015,152372,0.38093
-11.8,-6.2,400000,44863,0.112157,152141,0.380352
-11.8,-6,400000,44821,0.112052,152848,0.38212
-11.8,-5.8,400000,45154,0.112885,152231,0.380578
-11.8,-5.6,400000,45440,0.1136,152419,0.381047
-11.8,-5.4,400000,44524,0.11131,151696,0.37924
-11.8,-5.2,400000,44986,0.112465,152143,0.380358
-11.8,-5,400000,44178,0.110445,151296,0.37824
-11.8,-4.8,400000,44666,0.111665,151929,0.379823
-11.8,-4.6,400000,44656,0.11164,152228,0.38057
-11.8,-4.4,400000,44711,0.111778,152022,0.380055
-11.8,-4.2,400000,45032,0.11258,151978,0.379945
-11.8,-4,400000,45076,0.11269,153145,0.382862
-11.8,-3.8,400000,44844,0.11211,152375,0.380937
-11.8,-3.6,400000,44497,0.111242,152104,0.38026
-11.8,-3.4,400000,44469,0.111172,152052,0.38013
-11.8,-3.2,400000,44667,0.111668,152558,0.381395
-11.8,-3,400000,45451,0.113628,152348,0.38087
-11.8,-2.8,400000,44848,0.11212,151897,0.379742
-11.8,-2.6,400000,45261,0.113153,152862,0.382155
-11.8,-2.4,400000,44779,0.111948,152207,0.380518
-11.8,-2.2,400000,45209,0.113022,152450,0.381125
-11.8,-2,400000,45176,0.11294,152034,0.380085
-11.8,-1.8,400000,45259,0.113147,151977,0.379943
-11.8,-1.6,400000,44598,0.111495,152108,0.38027
-11.8,-1.4,400000,44727,0.111818,152144,0.38036
-11.8,-1.2,400000,44443,0.111107,151890,0.379725
-11.8,-1,400000,44905,0.112263,152301,0.380752
-11.8,-0.8,400000,45031,0.112577,152166,0.380415
-11.8,-0.6,400000,44832,0.11208,152510,0.381275
-11.8,-0.4,400000,44911,0.112278,152425,0.381063
-11.8,-0.2,400000,44940,0.11235,151447,0.378617
-11.8,0,400000,44867,0.112168,152778,0.381945
-11.8,0.2,400000,44885,0.112213,152058,0.380145
-11.8,0.4,400000,44207,0.110518,151359,0.378397
-11.8,0.6,400000,44710,0.111775,152271,0.380678
-11.8,0.8,400000,44613,0.111533,152273,0.380682
-11.8,1,400000,45009,0.112522,152505,0.381263
-11.8,1.2,400000,45089,0.112723,152153,0.380383
-11.8,1.4,400000,44479,0.111198,152317,0.380792
-11.8,1.6,400000,44853,0.112132,152712,0.38178
-11.8,1.8,400000,45062,0.112655,152473,0.381182
-11.8,2,400000,44787,0.111967,152137,0.380342
-11.8,2.2,400000,44836,0.11209,151850,0.379625
-11.8,2.4,400000,45175,0.112937,152159,0.380397
-11.8,2.6,400000,44634,0.111585,152203,0.380507
-11.8,2.8,400000,44481,0.111202,152058,0.380145
-11.8,3,400000,44486,0.111215,151563,0.378908
-11.8,3.2,400000,44835,0.112088,151720,0.3793
-11.8,3.4,400000,45346,0.113365,152266,0.380665
-11.8,3.6,400000,45075,0.112687,151963,0.379908
-11.8,3.8,400000,44708,0.11177,152035,0.380088
-11.8,4,400000,45166,0.112915,153021,0.382553
-11.8,4.2,400000,45614,0.114035,152843,0.382107
-11.8,4.4,400000,44615,0.111537,152354,0.380885
-11.8,4.6,400000,44915,0.112287,152343,0.380858
-11.8,4.8,400000,44777,0.111943,151270,0.378175
-11.8,5,400000,44542,0.111355,151871,0.379678
-11.8,5.2,400000,44581,0.111452,152397,0.380993
-11.8,5.4,400000,44994,0.112485,152442,0.381105
-11.8,5.6,400000,44958,0.112395,152044,0.38011
-11.8,5.8,400000,45047,0.112617,152250,0.380625
-11.8,6,400000,44580,0.11145,152170,0.380425
-11.8,6.2,400000,44502,0.111255,152130,0.380325
-11.8,6.4,400000,44801,0.112003,151654,0.379135
-11.8,6.6,400000,44677,0.111693,152311,0.380777
-11.8,6.8,400000,45205,0.113013,151935,0.379837
-11.8,7,400000,44861,0.112153,152409,0.381022
-11.8,7.2,400000,44352,0.11088,151488,0.37872
-11.8,7.4,400000,44487,0.111217,151406,0.378515
-11.8,7.6,400000,44892,0.11223,152488,0.38122
-11.8,7.8,400000,45193,0.112982,152812,0.38203
-11.8,8,400000,44481,0.111202,152053,0.380132
-11.8,8.2,400000,45155,0.112888,152582,0.381455
-11.8,8.4,400000,44631,0.111577,152064,0.38016
-11.8,8.6,400000,44550,0.111375,151871,0.379678
-11.8,8.8,400000,44699,0.111747,152170,0.380425
-11.8,9,400000,44931,0.112327,152546,0.381365
-11.8,9.2,400000,44821,0.112052,152250,0.380625
-11.8,9.4,400000,44622,0.111555,152515,0.381288
-11.8,9.6,400000,44827,0.112068,151801,0.379503
-11.8,9.8,400000,45168,0.11292,152253,0.380632
-11.8,10,400000,45291,0.113227,152609,0.381522
-11.8,10.2,400000,44548,0.11137,152104,0.38026
-11.8,10.4,400000,44754,0.111885,152105,0.380263
-11.8,10.6,400000,44800,0.112,152269,0.380673
-11.8,10.8,400000,44867,0.112168,152445,0.381113
-11.8,11,400000,44949,0.112373,151914,0.379785
-11.8,11.2,400000,44838,0.112095,152021,0.380053
-11.8,11.4,400000,44836,0.11209,152115,0.380288
-11.8,11.6,400000,44493,0.111232,152039,0.380097
-11.8,11.8,400000,44766,0.111915,152558,0.381395
-11.8,12,400000,44791,0.111977,151905,0.379763
-11.8,12.2,400000,44708,0.11177,152062,0.380155
-11.8,12.4,400000,44322,0.110805,151719,0.379298
-11.8,12.6,400000,45734,0.114335,152731,0.381827
-11.8,12.8,400000,44861,0.112153,152186,0.380465
-11.8,13,400000,44927,0.112318,151619,0.379047
-11.8,13.2,400000,44619,0.111547,152044,0.38011
-11.8,13.4,400000,44708,0.11177,152301,0.380752
-11.8,13.6,400000,44324,0.11081,151503,0.378758
-11.8,13.8,400000,44747,0.111867,152064,0.38016
-11.8,14,400000,45141,0.112852,151918,0.379795
-11.8,14.2,400000,43958,0.109895,151509,0.378773
-11.8,14.4,400000,45410,0.113525,152819,0.382047
-11.8,14.6,400000,44915,0.112287,152322,0.380805
-11.8,14.8,400000,45101,0.112753,152823,0.382057
-11.8,15,400000,45099,0.112748,151994,0.379985
-11.8,15.2,400000,45169,0.112922,152362,0.380905
-11.8,15.4,400000,44992,0.11248,151633,0.379082
-11.8,15.6,400000,44526,0.111315,152004,0.38001
-11.8,15.8,400000,44896,0.11224,151389,0.378472
-11.8,16,400000,45083,0.112708,152133,0.380333
-11.8,16.2,400000,44863,0.112157,152169,0.380422
-11.8,16.4,400000,45226,0.113065,152458,0.381145
-11.8,16.6,400000,44642,0.111605,152046,0.380115
-11.8,16.8,400000,44863,0.112157,152015,0.380037
-11.8,17,400000,44877,0.112193,152307,0.380767
-11.8,17.2,400000,44363,0.110908,152411,0.381028
-11.8,17.4,400000,45053,0.112632,152252,0.38063
-11.8,17.6,400000,45407,0.113517,152803,0.382007
-11.8,17.8,400000,44393,0.110982,151568,0.37892
-11.8,18,400000,44904,0.11226,152468,0.38117
-11.8,18.2,400000,44894,0.112235,152082,0.380205
-11.8,18.4,400000,44977,0.112443,152120,0.3803
-11.8,18.6,400000,45261,0.113153,152592,0.38148
-11.8,18.8,400000,45047,0.112617,152027,0.380068
-11.8,19,400000,44576,0.11144,151867,0.379667
-11.8,19.2,400000,44502,0.111255,152035,0.380088
-11.8,19.4,400000,44638,0.111595,151931,0.379827
-11.8,19.6,400000,44925,0.112312,152038,0.380095
-11.8,19.8,400000,45100,0.11275,152154,0.380385
-11.8,20,400000,44507,0.111268,152083,0.380207
-11.8,20.2,400000,44482,0.111205,151588,0.37897
-11.8,20.4,400000,44909,0.112272,152629,0.381572
-11.8,20.6,400000,45213,0.113032,152868,0.38217
-11.8,20.8,400000,44827,0.112068,152439,0.381097
-11.8,21,400000,44727,0.111818,151935,0.379837
-11.8,21.2,400000,44531,0.111327,152396,0.38099
-11.8,21.4,400000,44721,0.111802,152443,0.381107
-11.8,21.6,400000,44849,0.112122,152114,0.380285
-11.8,21.8,400000,44978,0.112445,151749,0.379373
-11.8,22,400000,45288,0.11322,152115,0.380288
-11.8,22.2,400000,45343,0.113357,152672,0.38168
-11.8,22.4,400000,44772,0.11193,152775,0.381937
-11.8,22.6,400000,44884,0.11221,152598,0.381495
-11.8,22.8,400000,44958,0.112395,152122,0.380305
-11.8,23,400000,44637,0.111592,152435,0.381088
-11.8,23.2,400000,44168,0.11042,152122,0.380305
-11.8,23.4,400000,44532,0.11133,151365,0.378412
-11.8,23.6,400000,44928,0.11232,152606,0.381515
-11.8,23.8,400000,44590,0.111475,152195,0.380487
-11.8,24,400000,44676,0.11169,152581,0.381453
-11.8,24.2,400000,44613,0.111533,152727,0.381817
-11.8,24.4,400000,45201,0.113003,152320,0.3808
-11.8,24.6,400000,44891,0.112227,151869,0.379673
-11.8,24.8,400000,44789,0.111973,151985,0.379962
-11.8,25,400000,45388,0.11347,152649,0.381622
-11.8,25.2,400000,44538,0.111345,151541,0.378852
-11.8,25.4,400000,44778,0.111945,151629,0.379072
-11.8,25.6,400000,44943,0.112357,152143,0.380358
-11.8,25.8,400000,45156,0.11289,152760,0.3819
-11.8,26,400000,45081,0.112702,152088,0.38022
-11.8,26.2,400000,44496,0.11124,151697,0.379242
-11.8,26.4,400000,44823,0.112058,152141,0.380352
-11.8,26.6,400000,44607,0.111518,151971,0.379927
-11.8,26.8,400000,44759,0.111897,152027,0.380068
-11.8,27,400000,44642,0.111605,152367,0.380918
-11.8,27.2,400000,44566,0.111415,152474,0.381185
-11.8,27.4,400000,44747,0.111867,151945,0.379862
-11.8,27.6,400000,45071,0.112677,151681,0.379202
-11.8,27.8,400000,44793,0.111982,152215,0.380537
-11.8,28,400000,44469,0.111172,151525,0.378812
-11.8,28.2,400000,44791,0.111977,152361,0.380902
-11.8,28.4,400000,44867,0.112168,152707,0.381767
-11.8,28.6,400000,44197,0.110492,151486,0.378715
-11.8,28.8,400000,45130,0.112825,151505,0.378763
-11.8,29,400000,44466,0.111165,151409,0.378522
-11.8,29.2,400000,45020,0.11255,151772,0.37943
-11.8,29.4,400000,44888,0.11222,151912,0.37978
-11.8,29.6,400000,45024,0.11256,152480,0.3812
-11.8,29.8,400000,45538,0.113845,152650,0.381625
-11.8,30,400000,44862,0.112155,152051,0.380128
-11.8,30.2,400000,44937,0.112342,152042,0.380105
-11.8,30.4,400000,44897,0.112242,151841,0.379603
-11.8,30.6,400000,44880,0.1122,152260,0.38065
-11.8,30.8,400000,45010,0.112525,152318,0.380795
-11.8,31,400000,45167,0.112918,152313,0.380783
-11.8,31.2,400000,45066,0.112665,152412,0.38103
-11.8,31.4,400000,45061,0.112653,152760,0.3819
-11.8,31.6,400000,44959,0.112397,152183,0.380458
-11.8,31.8,400000,44987,0.112467,152041,0.380103
-11.8,32,400000,44725,0.111812,152008,0.38002
-11.8,32.2,400000,44551,0.111378,152241,0.380603
-11.8,32.4,400000,44922,0.112305,152327,0.380817
-11.8,32.6,400000,44627,0.111568,152280,0.3807
-11.8,32.8,400000,44517,0.111293,151713,0.379283
-11.8,33,400000,44499,0.111247,152053,0.380132
-11.8,33.2,400000,45044,0.11261,152340,0.38085
-11.8,33.4,400000,44876,0.11219,152355,0.380887
-11.8,33.6,400000,44587,0.111467,152015,0.380037
-11.8,33.8,400000,44647,0.111617,152447,0.381117
-11.8,34,400000,45181,0.112952,152089,0.380223
-11.8,34.2,400000,44859,0.112147,152866,0.382165
-11.8,34.4,400000,44882,0.112205,152586,0.381465
-11.8,34.6,400000,45330,0.113325,152580,0.38145
-11.8,34.8,400000,45083,0.112708,152147,0.380368
-11.8,35,400000,44464,0.11116,152026,0.380065
-11.8,35.2,400000,44956,0.11239,152276,0.38069
-11.8,35.4,400000,45144,0.11286,152175,0.380437
-11.8,35.6,400000,44757,0.111893,151911,0.379777
-11.8,35.8,400000,45049,0.112623,152275,0.380688
-11.8,36,400000,44806,0.112015,151888,0.37972
-11.8,36.2,400000,44652,0.11163,152314,0.380785
-11.8,36.4,400000,44753,0.111882,151578,0.378945
-11.8,36.6,400000,44900,0.11225,152610,0.381525
-11.8,36.8,400000,44606,0.111515,151477,0.378692
-11.8,37,400000,45432,0.11358,152520,0.3813
-11.8,37.2,400000,44454,0.111135,151665,0.379163
-11.8,37.4,400000,44861,0.112153,152379,0.380947
-11.8,37.6,400000,45110,0.112775,152604,0.38151
-11.8,37.8,400000,44516,0.11129,152145,0.380362
-11.8,38,400000,45082,0.112705,152229,0.380572
-11.8,38.2,400000,44908,0.11227,151858,0.379645
-11.8,38.4,400000,44634,0.111585,152045,0.380113
-11.8,38.6,400000,45103,0.112757,152428,0.38107
-11.8,38.8,400000,45087,0.112717,151447,0.378617
-11.8,39,400000,44795,0.111988,152460,0.38115
-11.8,39.2,400000,44613,0.111533,152616,0.38154
-11.8,39.4,400000,45197,0.112992,152203,0.380507
-11.8,39.6,400000,45033,0.112583,152082,0.380205
-11.8,39.8,400000,44748,0.11187,152180,0.38045
-11.8,40,400000,44472,0.11118,151912,0.37978
-11.8,40.2,400000,45313,0.113282,151957,0.379893
-11.8,40.4,400000,45253,0.113132,152514,0.381285
-11.8,40.6,400000,45041,0.112602,152299,0.380748
-11.8,40.8,400000,44810,0.112025,152455,0.381138
-11.8,41,400000,44807,0.112018,152527,0.381317
-11.8,41.2,400000,44823,0.112058,152114,0.380285
-11.8,41.4,400000,44367,0.110918,151893,0.379732
-11.8,41.6,400000,44459,0.111147,152262,0.380655
-11.8,41.8,400000,45037,0.112592,151884,0.37971
-11.8,42,400000,44802,0.112005,152271,0.380678
-11.8,42.2,400000,44472,0.11118,151975,0.379937
-11.8,42.4,400000,44579,0.111448,151566,0.378915
-11.8,42.6,400000,45412,0.11353,152664,0.38166
-11.8,42.8,400000,44768,0.11192,151875,0.379688
-11.8,43,400000,44462,0.111155,151519,0.378798
-11.8,43.2,400000,45435,0.113587,152880,0.3822
-11.8,43.4,400000,45110,0.112775,151861,0.379653
-11.8,43.6,400000,44790,0.111975,151784,0.37946
-11.8,43.8,400000,44587,0.111467,151883,0.379707
-11.8,44,400000,44707,0.111768,152588,0.38147
-11.8,44.2,400000,44588,0.11147,151504,0.37876
-11.8,44.4,400000,44559,0.111397,152229,0.380572
-11.8,44.6,400000,44772,0.11193,152103,0.380258
-11.8,44.8,400000,44685,0.111713,151820,0.37955
-11.8,45,400000,44712,0.11178,152221,0.380553
-11.8,45.2,400000,44830,0.112075,151721,0.379302
-11.8,45.4,400000,44562,0.111405,151926,0.379815
-11.8,45.6,400000,44744,0.11186,152621,0.381553
-11.8,45.8,400000,44955,0.112388,151982,0.379955
-11.8,46,400000,44645,0.111613,152106,0.380265
-11.8,46.2,400000,45121,0.112802,152429,0.381072
-11.8,46.4,400000,44740,0.11185,152012,0.38003
-11.8,46.6,400000,44879,0.112198,151902,0.379755
-11.8,46.8,400000,44950,0.112375,152110,0.380275
-11.8,47,400000,44931,0.112327,152074,0.380185
-11.8,47.2,400000,44506,0.111265,152359,0.380897
-11.8,47.4,400000,45395,0.113488,152575,0.381437
-11.8,47.6,400000,44896,0.11224,152184,0.38046
-11.8,47.8,400000,44179,0.110448,151742,0.379355
-11.8,48,400000,44738,0.111845,152122,0.380305
-11.8,48.2,400000,45151,0.112878,152357,0.380893
-11.8,48.4,400000,44451,0.111128,151403,0.378507
-11.8,48.6,400000,44549,0.111372,151847,0.379617
-11.8,48.8,400000,45033,0.112583,152068,0.38017
-11.8,49,400000,44419,0.111047,151905,0.379763
-11.8,49.2,400000,44595,0.111488,151304,0.37826
-11.8,49.4,400000,44521,0.111302,151757,0.379393
-11.8,49.6,400000,45140,0.11285,151892,0.37973
-11.8,49.8,400000,44562,0.111405,151719,0.379298
-11.8,50,400000,45260,0.11315,152678,0.381695
-11.6,-50,400000,45093,0.112732,152171,0.380427
-11.6,-49.8,400000,44338,0.110845,151786,0.379465
-11.6,-49.6,400000,44764,0.11191,151852,0.37963
-11.6,-49.4,400000,44914,0.112285,152023,0.380057
-11.6,-49.2,400000,44813,0.112032,151392,0.37848
-11.6,-49,400000,44742,0.111855,152004,0.38001
-11.6,-48.8,400000,44622,0.111555,151951,0.379877
-11.6,-48.6,400000,45330,0.113325,152807,0.382018
-11.6,-48.4,400000,45247,0.113117,151763,0.379408
-11.6,-48.2,400000,44343,0.110857,151493,0.378733
-11.6,-48,400000,45006,0.112515,152400,0.381
-11.6,-47.8,400000,44656,0.11164,151549,0.378873
-11.6,-47.6,400000,44969,0.112422,152401,0.381003
-11.6,-47.4,400000,45098,0.112745,152034,0.380085
-11.6,-47.2,400000,44506,0.111265,152231,0.380578
-11.6,-47,400000,44980,0.11245,152194,0.380485
-11.6,-46.8,400000,44847,0.112117,151817,0.379543
-11.6,-46.6,400000,44600,0.1115,151956,0.37989
-11.6,-46.4,400000,44267,0.110668,151884,0.37971
-11.6,-46.2,400000,44925,0.112312,152085,0.380213
-11.6,-46,400000,44848,0.11212,151822,0.379555
-11.6,-45.8,400000,44971,0.112427,152072,0.38018
-11.6,-45.6,400000,44955,0.112388,152244,0.38061
-11.6,-45.4,400000,44151,0.110378,152364,0.38091
-11.6,-45.2,400000,45362,0.113405,151859,0.379648
-11.6,-45,400000,44766,0.111915,151859,0.379648
-11.6,-44.8,400000,44573,0.111433,151993,0.379983
-11.6,-44.6,400000,44752,0.11188,152310,0.380775
-11.6,-44.4,400000,44747,0.111867,152455,0.381138
-11.6,-44.2,400000,44707,0.111768,151369,0.378422
-11.6,-44,400000,45040,0.1126,152104,0.38026
-11.6,-43.8,400000,44342,0.110855,152282,0.380705
-11.6,-43.6,400000,44905,0.112263,152194,0.380485
-11.6,-43.4,400000,44831,0.112077,152810,0.382025
-11.6,-43.2,400000,44469,0.111172,152065,0.380163
-11.6,-43,400000,44714,0.111785,151734,0.379335
-11.6,-42.8,400000,45029,0.112573,151871,0.379678
-11.6,-42.6,400000,44805,0.112013,151696,0.37924
-11.6,-42.4,400000,44638,0.111595,151923,0.379808
-11.6,-42.2,400000,44968,0.11242,152026,0.380065
-11.6,-42,400000,44490,0.111225,151901,0.379752
-11.6,-41.8,400000,44578,0.111445,151678,0.379195
-11.6,-41.6,400000,44707,0.111768,151380,0.37845
-11.6,-41.4,400000,44611,0.111528,151546,0.378865
-11.6,-41.2,400000,44619,0.111547,152024,0.38006
-11.6,-41,400000,44679,0.111698,152220,0.38055
-11.6,-40.8,400000,45048,0.11262,152180,0.38045
-11.6,-40.6,400000,45202,0.113005,152428,0.38107
-11.6,-40.4,400000,44718,0.111795,151890,0.379725
-11.6,-40.2,400000,44861,0.112153,152290,0.380725
-11.6,-40,400000,44513,0.111283,152241,0.380603
-11.6,-39.8,400000,44493,0.111232,151953,0.379883
-11.6,-39.6,400000,44811,0.112028,151455,0.378638
-11.6,-39.4,400000,44897,0.112242,152262,0.380655
-11.6,-39.2,400000,45115,0.112787,152761,0.381902
-11.6,-39,400000,45257,0.113142,152757,0.381893
-11.6,-38.8,400000,44811,0.112028,151910,0.379775
-11.6,-38.6,400000,45279,0.113198,152121,0.380302
-11.6,-38.4,400000,45159,0.112897,152187,0.380468
-11.6,-38.2,400000,44805,0.112013,152628,0.38157
-11.6,-38,400000,45063,0.112657,151874,0.379685
-11.6,-37.8,400000,44652,0.11163,151929,0.379823
-11.6,-37.6,400000,44921,0.112302,152298,0.380745
-11.6,-37.4,400000,44453,0.111132,152116,0.38029
-11.6,-37.2,400000,44807,0.112018,151913,0.379783
-11.6,-37,400000,44634,0.111585,151791,0.379478
-11.6,-36.8,400000,44471,0.111177,150827,0.377067
-11.6,-36.6,400000,44557,0.111393,152029,0.380072
-11.6,-36.4,400000,44480,0.1112,151328,0.37832
-11.6,-36.2,400000,44758,0.111895,152437,0.381093
-11.6,-36,400000,45074,0.112685,151983,0.379958
-11.6,-35.8,400000,45417,0.113543,152394,0.380985
-11.6,-35.6,400000,44666,0.111665,151834,0.379585
-11.6,-35.4,400000,45416,0.11354,152734,0.381835
-11.6,-35.2,400000,44514,0.111285,151893,0.379732
-11.6,-35,400000,44824,0.11206,151781,0.379453
-11.6,-34.8,400000,45157,0.112893,152770,0.381925
-11.6,-34.6,400000,44864,0.11216,152533,0.381333
-11.6,-34.4,400000,45519,0.113797,152619,0.381547
-11.6,-34.2,400000,44590,0.111475,152365,0.380912
-11.6,-34,400000,44634,0.111585,151979,0.379947
-11.6,-33.8,400000,44809,0.112022,152485,0.381213
-11.6,-33.6,400000,44205,0.110512,152086,0.380215
-11.6,-33.4,400000,44809,0.112022,151752,0.37938
-11.6,-33.2,400000,45144,0.11286,152212,0.38053
-11.6,-33,400000,45243,0.113107,151933,0.379833
-11.6,-32.8,400000,44918,0.112295,152251,0.380628
-11.6,-32.6,400000,44739,0.111848,151983,0.379958
-11.6,-32.4,400000,44787,0.111967,152192,0.38048
-11.6,-32.2,400000,45186,0.112965,151796,0.37949
-11.6,-32,400000,44851,0.112128,151740,0.37935
-11.6,-31.8,400000,44162,0.110405,151688,0.37922
-11.6,-31.6,400000,45152,0.11288,152238,0.380595
-11.6,-31.4,400000,45026,0.112565,152008,0.38002
-11.6,-31.2,400000,44782,0.111955,152190,0.380475
-11.6,-31,400000,44472,0.11118,152023,0.380057
-11.6,-30.8,400000,44983,0.112458,151835,0.379588
-11.6,-30.6,400000,44696,0.11174,151929,0.379823
-11.6,-30.4,400000,45157,0.112893,152048,0.38012
-11.6,-30.2,400000,44668,0.11167,151603,0.379007
-11.6,-30,400000,44488,0.11122,151158,0.377895
-11.6,-29.8,400000,44682,0.111705,151984,0.37996
-11.6,-29.6,400000,44669,0.111672,152406,0.381015
-11.6,-29.4,400000,45528,0.11382,152403,0.381007
-11.6,-29.2,400000,44080,0.1102,152077,0.380192
-11.6,-29,400000,44337,0.110842,151152,0.37788
-11.6,-28.8,400000,45034,0.112585,152146,0.380365
-11.6,-28.6,400000,44761,0.111903,151746,0.379365
-11.6,-28.4,400000,44487,0.111217,152368,0.38092
-11.6,-28.2,400000,45008,0.11252,151492,0.37873
-11.6,-28,400000,44536,0.11134,152036,0.38009
-11.6,-27.8,400000,44464,0.11116,152358,0.380895
-11.6,-27.6,400000,44987,0.112467,152559,0.381398
-11.6,-27.4,400000,45089,0.112723,151540,0.37885
-11.6,-27.2,400000,44595,0.111488,151917,0.379792
-11.6,-27,400000,44831,0.112077,151961,0.379902
-11.6,-26.8,400000,44927,0.112318,152175,0.380437
-11.6,-26.6,400000,44166,0.110415,151994,0.379985
-11.6,-26.4,400000,44413,0.111033,152830,0.382075
-11.6,-26.2,400000,44621,0.111552,152239,0.380597
-11.6,-26,400000,44824,0.11206,151792,0.37948
-11.6,-25.8,400000,44629,0.111573,151624,0.37906
-11.6,-25.6,400000,44932,0.11233,152188,0.38047
-11.6,-25.4,400000,44642,0.111605,151682,0.379205
-11.6,-25.2,400000,44662,0.111655,151538,0.378845
-11.6,-25,400000,44768,0.11192,152629,0.381572
-11.6,-24.8,400000,45172,0.11293,152633,0.381582
-11.6,-24.6,400000,44913,0.112282,152097,0.380242
-11.6,-24.4,400000,45180,0.11295,152541,0.381352
-11.6,-24.2,400000,45057,0.112643,152645,0.381613
-11.6,-24,400000,44833,0.112083,152641,0.381603
-11.6,-23.8,400000,44572,0.11143,152056,0.38014
-11.6,-23.6,400000,44796,0.11199,152426,0.381065
-11.6,-23.4,400000,44539,0.111348,151920,0.3798
-11.6,-23.2,400000,44494,0.111235,152074,0.380185
-11.6,-23,400000,45226,0.113065,152414,0.381035
-11.6,-22.8,400000,45034,0.112585,152360,0.3809
-11.6,-22.6,400000,44747,0.111867,152060,0.38015
-11.6,-22.4,400000,44481,0.111202,152178,0.380445
-11.6,-22.2,400000,44470,0.111175,151969,0.379922
-11.6,-22,400000,44673,0.111683,151842,0.379605
-11.6,-21.8,400000,44970,0.112425,151802,0.379505
-11.6,-21.6,400000,45456,0.11364,152425,0.381063
-11.6,-21.4,400000,44771,0.111927,152000,0.38
-11.6,-21.2,400000,44829,0.112073,152245,0.380613
-11.6,-21,400000,44651,0.111628,152201,0.380503
-11.6,-20.8,400000,44896,0.11224,152311,0.380777
-11.6,-20.6,400000,44988,0.11247,151941,0.379852
-11.6,-20.4,400000,44772,0.11193,152572,0.38143
-11.6,-20.2,400000,44898,0.112245,152179,0.380447
-11.6,-20,400000,44571,0.111427,151962,0.379905
-11.6,-19.8,400000,44758,0.111895,152451,0.381128
-11.6,-19.6,400000,45201,0.113003,152490,0.381225
-11.6,-19.4,400000,44414,0.111035,152403,0.381007
-11.6,-19.2,400000,44580,0.11145,151996,0.37999
-11.6,-19,400000,44936,0.11234,152191,0.380478
-11.6,-18.8,400000,44971,0.112427,152513,0.381283
-11.6,-18.6,400000,44774,0.111935,152193,0.380483
-11.6,-18.4,400000,45113,0.112782,152521,0.381302
-11.6,-18.2,400000,44920,0.1123,152370,0.380925
-11.6,-18,400000,44863,0.112157,152201,0.380503
-11.6,-17.8,400000,44649,0.111622,151557,0.378893
-11.6,-17.6,400000,45159,0.112897,153166,0.382915
-11.6,-17.4,400000,45012,0.11253,152334,0.380835
-11.6,-17.2,400000,44544,0.11136,151922,0.379805
-11.6,-17,400000,44818,0.112045,152219,0.380547
-11.6,-16.8,400000,44630,0.111575,152207,0.380518
-11.6,-16.6,400000,45121,0.112802,152801,0.382003
-11.6,-16.4,400000,44519,0.111297,151692,0.37923
-11.6,-16.2,400000,45148,0.11287,152028,0.38007
-11.6,-16,400000,44726,0.111815,152186,0.380465
-11.6,-15.8,400000,44639,0.111598,152016,0.38004
-11.6,-15.6,400000,44818,0.112045,152032,0.38008
-11.6,-15.4,400000,45043,0.112607,151663,0.379157
-11.6,-15.2,400000,44490,0.111225,152363,0.380908
-11.6,-15,400000,44784,0.11196,152662,0.381655
-11.6,-14.8,400000,44832,0.11208,152222,0.380555
-11.6,-14.6,400000,45289,0.113223,151929,0.379823
-11.6,-14.4,400000,45251,0.113128,152435,0.381088
-11.6,-14.2,400000,44809,0.112022,152237,0.380593
-11.6,-14,400000,44244,0.11061,151420,0.37855
-11.6,-13.8,400000,44332,0.11083,152186,0.380465
-11.6,-13.6,400000,44728,0.11182,152014,0.380035
-11.6,-13.4,400000,44688,0.11172,151754,0.379385
-11.6,-13.2,400000,44429,0.111073,152556,0.38139
-11.6,-13,400000,44847,0.112117,152059,0.380148
-11.6,-12.8,400000,44966,0.112415,152700,0.38175
-11.6,-12.6,400000,44621,0.111552,151213,0.378032
-11.6,-12.4,400000,45035,0.112587,152581,0.381453
-11.6,-12.2,400000,45002,0.112505,151769,0.379422
-11.6,-12,400000,45118,0.112795,152327,0.380817
-11.6,-11.8,400000,44621,0.111552,152397,0.380993
-11.6,-11.6,400000,43901,0.109753,152153,0.380383
-11.6,-11.4,400000,44655,0.111638,151847,0.379617
-11.6,-11.2,400000,44512,0.11128,152008,0.38002
-11.6,-11,400000,44910,0.112275,152306,0.380765
-11.6,-10.8,400000,44496,0.11124,151798,0.379495
-11.6,-10.6,400000,45245,0.113113,151817,0.379543
-11.6,-10.4,400000,44499,0.111247,151888,0.37972
-11.6,-10.2,400000,44666,0.111665,152265,0.380663
-11.6,-10,400000,44406,0.111015,151793,0.379483
-11.6,-9.8,400000,44964,0.11241,151922,0.379805
-11.6,-9.6,400000,45372,0.11343,152592,0.38148
-11.6,-9.4,400000,44804,0.11201,151964,0.37991
-11.6,-9.2,400000,44676,0.11169,151928,0.37982
-11.6,-9,400000,44602,0.111505,151551,0.378877
-11.6,-8.8,400000,44996,0.11249,152585,0.381462
-11.6,-8.6,400000,44743,0.111857,151893,0.379732
-11.6,-8.4,400000,44545,0.111363,152068,0.38017
-11.6,-8.2,400000,44946,0.112365,151820,0.37955
-11.6,-8,400000,44288,0.11072,151813,0.379532
-11.6,-7.8,400000,45007,0.112518,152306,0.380765
-11.6,-7.6,400000,44813,0.112032,151987,0.379968
-11.6,-7.4,400000,45056,0.11264,152503,0.381258
-11.6,-7.2,400000,45134,0.112835,151881,0.379702
-11.6,-7,400000,44790,0.111975,151886,0.379715
-11.6,-6.8,400000,44293,0.110732,151851,0.379628
-11.6,-6.6,400000,45240,0.1131,152798,0.381995
-11.6,-6.4,400000,44535,0.111338,152136,0.38034
-11.6,-6.2,400000,45218,0.113045,152553,0.381383
-11.6,-6,400000,44939,0.112348,152456,0.38114
-11.6,-5.8,400000,45181,0.112952,152024,0.38006
-11.6,-5.6,400000,45220,0.11305,152479,0.381198
-11.6,-5.4,400000,44673,0.111683,152103,0.380258
-11.6,-5.2,400000,45061,0.112653,152222,0.380555
-11.6,-5,400000,44765,0.111912,152694,0.381735
-11.6,-4.8,400000,44938,0.112345,151910,0.379775
-11.6,-4.6,400000,44733,0.111833,152034,0.380085
-11.6,-4.4,400000,44451,0.111128,151456,0.37864
-11.6,-4.2,400000,44914,0.112285,152263,0.380657
-11.6,-4,400000,44991,0.112477,151870,0.379675
-11.6,-3.8,400000,44755,0.111888,152679,0.381698
-11.6,-3.6,400000,44866,0.112165,152447,0.381117
-11.6,-3.4,400000,44628,0.11157,151900,0.37975
-11.6,-3.2,400000,44934,0.112335,152346,0.380865
-11.6,-3,400000,45244,0.11311,152038,0.380095
-11.6,-2.8,400000,45105,0.112763,151958,0.379895
-11.6,-2.6,400000,44747,0.111867,152209,0.380522
-11.6,-2.4,400000,44746,0.111865,152061,0.380153
-11.6,-2.2,400000,44975,0.112437,152753,0.381883
-11.6,-2,400000,45103,0.112757,152335,0.380837
-11.6,-1.8,400000,45228,0.11307,151655,0.379138
-11.6,-1.6,400000,44998,0.112495,152638,0.381595
-11.6,-1.4,400000,45126,0.112815,152197,0.380493
-11.6,-1.2,400000,44674,0.111685,152865,0.382163
-11.6,-1,400000,44671,0.111677,152127,0.380317
-11.6,-0.8,400000,45108,0.11277,151871,0.379678
-11.6,-0.6,400000,44956,0.11239,151678,0.379195
-11.6,-0.4,400000,44853,0.112132,152018,0.380045
-11.6,-0.2,400000,44949,0.112373,152138,0.380345
-11.6,0,400000,44961,0.112403,152277,0.380692
-11.6,0.2,400000,44626,0.111565,152412,0.38103
-11.6,0.4,400000,45076,0.11269,153123,0.382808
-11.6,0.6,400000,44733,0.111833,152362,0.380905
-11.6,0.8,400000,45100,0.11275,152122,0.380305
-11.6,1,400000,45135,0.112837,152509,0.381273
-11.6,1.2,400000,44918,0.112295,152313,0.380783
-11.6,1.4,400000,44648,0.11162,152539,0.381348
-11.6,1.6,400000,45176,0.11294,152594,0.381485
-11.6,1.8,400000,44913,0.112282,151886,0.379715
-11.6,2,400000,44640,0.1116,151498,0.378745
-11.6,2.2,400000,44696,0.11174,152465,0.381163
-11.6,2.4,400000,44992,0.11248,152071,0.380178
-11.6,2.6,400000,44561,0.111403,152108,0.38027
-11.6,2.8,400000,45018,0.112545,152662,0.381655
-11.6,3,400000,44864,0.11216,152185,0.380462
-11.6,3.2,400000,44892,0.11223,152401,0.381003
-11.6,3.4,400000,45078,0.112695,153053,0.382632
-11.6,3.6,400000,44796,0.11199,152427,0.381068
-11.6,3.8,400000,45263,0.113157,152938,0.382345
-11.6,4,400000,44518,0.111295,151682,0.379205
-11.6,4.2,400000,44586,0.111465,152081,0.380202
-11.6,4.4,400000,45259,0.113147,152463,0.381157
-11.6,4.6,400000,44893,0.112232,152706,0.381765
-11.6,4.8,400000,44988,0.11247,152043,0.380107
-11.6,5,400000,44854,0.112135,152325,0.380812
-11.6,5.2,400000,45012,0.11253,152260,0.38065
-11.6,5.4,400000,44474,0.111185,151997,0.379993
-11.6,5.6,400000,44154,0.110385,151027,0.377568
-11.6,5.8,400000,44825,0.112062,152366,0.380915
-11.6,6,400000,44453,0.111132,152302,0.380755
-11.6,6.2,400000,44768,0.11192,152616,0.38154
-11.6,6.4,400000,44420,0.11105,152091,0.380227
-11.6,6.6,400000,44911,0.112278,152401,0.381003
-11.6,6.8,400000,44605,0.111513,151988,0.37997
-11.6,7,400000,44454,0.111135,152009,0.380022
-11.6,7.2,400000,44562,0.111405,151686,0.379215
-11.6,7.4,400000,45066,0.112665,152483,0.381207
-11.6,7.6,400000,44601,0.111503,152402,0.381005
-11.6,7.8,400000,44929,0.112323,152381,0.380953
-11.6,8,400000,44848,0.11212,152450,0.381125
-11.6,8.2,400000,45361,0.113403,151996,0.37999
-11.6,8.4,400000,44622,0.111555,151515,0.378787
-11.6,8.6,400000,44794,0.111985,152558,0.381395
-11.6,8.8,400000,43961,0.109903,151439,0.378597
-11.6,9,400000,44959,0.112397,152037,0.380092
-11.6,9.2,400000,45083,0.112708,151977,0.379943
-11.6,9.4,400000,44193,0.110482,151699,0.379248
-11.6,9.6,400000,44654,0.111635,152344,0.38086
-11.6,9.8,400000,44262,0.110655,151965,0.379912
-11.6,10,400000,44835,0.112088,152422,0.381055
-11.6,10.2,400000,45253,0.113132,152458,0.381145
-11.6,10.4,400000,44340,0.11085,152232,0.38058
-11.6,10.6,400000,44811,0.112028,152369,0.380922
-11.6,10.8,400000,44680,0.1117,151742,0.379355
-11.6,11,400000,45250,0.113125,152438,0.381095
-11.6,11.2,400000,44392,0.11098,152261,0.380653
-11.6,11.4,400000,44527,0.111317,151886,0.379715
-11.6,11.6,400000,44907,0.112268,151993,0.379983
-11.6,11.8,400000,44828,0.11207,152075,0.380188
-11.6,12,400000,44962,0.112405,151195,0.377987
-11.6,12.2,400000,44500,0.11125,152221,0.380553
-11.6,12.4,400000,44711,0.111778,152351,0.380877
-11.6,12.6,400000,44629,0.111573,152093,0.380232
-11.6,12.8,400000,45015,0.112537,151564,0.37891
-11.6,13,400000,44736,0.11184,151769,0.379422
-11.6,13.2,400000,44889,0.112223,152311,0.380777
-11.6,13.4,400000,44762,0.111905,152232,0.38058
-11.6,13.6,400000,45000,0.1125,152565,0.381412
-11.6,13.8,400000,45077,0.112693,152271,0.380678
-11.6,14,400000,44744,0.11186,152420,0.38105
-11.6,14.2,400000,45351,0.113378,152118,0.380295
-11.6,14.4,400000,44836,0.11209,152405,0.381012
-11.6,14.6,400000,44720,0.1118,151800,0.3795
-11.6,14.8,400000,44467,0.111168,152151,0.380377
-11.6,15,400000,45078,0.112695,152570,0.381425
-11.6,15.2,400000,44511,0.111278,151728,0.37932
-11.6,15.4,400000,45056,0.11264,152530,0.381325
-11.6,15.6,400000,44656,0.11164,152433,0.381082
-11.6,15.8,400000,44562,0.111405,151946,0.379865
-11.6,16,400000,44678,0.111695,151236,0.37809
-11.6,16.2,400000,44851,0.112128,152166,0.380415
-11.6,16.4,400000,44715,0.111787,151946,0.379865
-11.6,16.6,400000,44829,0.112073,151988,0.37997
-11.6,16.8,400000,45223,0.113058,152637,0.381593
-11.6,17,400000,44550,0.111375,151743,0.379358
-11.6,17.2,400000,44808,0.11202,152439,0.381097
-11.6,17.4,400000,45025,0.112562,152118,0.380295
-11.6,17.6,400000,45079,0.112698,152431,0.381078
-11.6,17.8,400000,44614,0.111535,151966,0.379915
-11.6,18,400000,44597,0.111492,152428,0.38107
-11.6,18.2,400000,44508,0.11127,152015,0.380037
-11.6,18.4,400000,44900,0.11225,152770,0.381925
-11.6,18.6,400000,44979,0.112448,152361,0.380902
-11.6,18.8,400000,44592,0.11148,151866,0.379665
-11.6,19,400000,44776,0.11194,151932,0.37983
-11.6,19.2,400000,44830,0.112075,152121,0.380302
-11.6,19.4,400000,44405,0.111013,152132,0.38033
-11.6,19.6,400000,44370,0.110925,151320,0.3783
-11.6,19.8,400000,44491,0.111228,152073,0.380182
-11.6,20,400000,44426,0.111065,152127,0.380317
-11.6,20.2,400000,44187,0.110467,151624,0.37906
-11.6,20.4,400000,44862,0.112155,152259,0.380648
-11.6,20.6,400000,45016,0.11254,152573,0.381433
-11.6,20.8,400000,44787,0.111967,152444,0.38111
-11.6,21,400000,45187,0.112967,152057,0.380142
-11.6,21.2,400000,44885,0.112213,152402,0.381005
-11.6,21.4,400000,45023,0.112558,152040,0.3801
-11.6,21.6,400000,45041,0.112602,152399,0.380997
-11.6,21.8,400000,44739,0.111848,151926,0.379815
-11.6,22,400000,45101,0.112753,152407,0.381018
-11.6,22.2,400000,44569,0.111422,152356,0.38089
-11.6,22.4,400000,44725,0.111812,151947,0.379868
-11.6,22.6,400000,43977,0.109942,151939,0.379848
-11.6,22.8,400000,44596,0.11149,151842,0.379605
-11.6,23,400000,44423,0.111058,151396,0.37849
-11.6,23.2,400000,44870,0.112175,152386,0.380965
-11.6,23.4,400000,44760,0.1119,151880,0.3797
-11.6,23.6,400000,44805,0.112013,151840,0.3796
-11.6,23.8,400000,44766,0.111915,152275,0.380688
-11.6,24,400000,44871,0.112177,152479,0.381198
-11.6,24.2,400000,45263,0.113157,152625,0.381563
-11.6,24.4,400000,44794,0.111985,152369,0.380922
-11.6,24.6,400000,45526,0.113815,151895,0.379738
-11.6,24.8,400000,45254,0.113135,152531,0.381327
-11.6,25,400000,45011,0.112528,152342,0.380855
-11.6,25.2,400000,45535,0.113837,152430,0.381075
-11.6,25.4,400000,44893,0.112232,152527,0.381317
-11.6,25.6,400000,44463,0.111158,151576,0.37894
-11.6,25.8,400000,44597,0.111492,152051,0.380128
-11.6,26,400000,44432,0.11108,151515,0.378787
-11.6,26.2,400000,45478,0.113695,152492,0.38123
-11.6,26.4,400000,44724,0.11181,151511,0.378777
-11.6,26.6,400000,44764,0.11191,151898,0.379745
-11.6,26.8,400000,44763,0.111907,151995,0.379987
-11.6,27,400000,44856,0.11214,152162,0.380405
-11.6,27.2,400000,44775,0.111937,151893,0.379732
-11.6,27.4,400000,44527,0.111317,152342,0.380855
-11.6,27.6,400000,45001,0.112503,152569,0.381422
-11.6,27.8,400000,44994,0.112485,151606,0.379015
-11.6,28,400000,45271,0.113178,152256,0.38064
-11.6,28.2,400000,44578,0.111445,152036,0.38009
-11.6,28.4,400000,44887,0.112217,152088,0.38022
-11.6,28.6,400000,45074,0.112685,152171,0.380427
-11.6,28.8,400000,44435,0.111088,151848,0.37962
-11.6,29,400000,45076,0.11269,152794,0.381985
-11.6,29.2,400000,44759,0.111897,152089,0.380223
-11.6,29.4,400000,44804,0.11201,152182,0.380455
-11.6,29.6,400000,44908,0.11227,152100,0.38025
-11.6,29.8,400000,44276,0.11069,152147,0.380368
-11.6,30,400000,44846,0.112115,152195,0.380487
-11.6,30.2,400000,44822,0.112055,151818,0.379545
-11.6,30.4,400000,44099,0.110247,151677,0.379192
-11.6,30.6,400000,44677,0.111693,151529,0.378823
-11.6,30.8,400000,44396,0.11099,151781,0.379453
-11.6,31,400000,44852,0.11213,152170,0.380425
-11.6,31.2,400000,44608,0.11152,151946,0.379865
-11.6,31.4,400000,45142,0.112855,152359,0.380897
-11.6,31.6,400000,44848,0.11212,152515,0.381288
-11.6,31.8,400000,44594,0.111485,152184,0.38046
-11.6,32,400000,44810,0.112025,151759,0.379397
-11.6,32.2,400000,44638,0.111595,152563,0.381408
-11.6,32.4,400000,44560,0.1114,152169,0.380422
-11.6,32.6,400000,45213,0.113032,152233,0.380582
-11.6,32.8,400000,44654,0.111635,151807,0.379518
-11.6,33,400000,44681,0.111702,152116,0.38029
-11.6,33.2,400000,45071,0.112677,152693,0.381732
-11.6,33.4,400000,44801,0.112003,151735,0.379337
-11.6,33.6,400000,44931,0.112327,152351,0.380877
-11.6,33.8,400000,44585,0.111463,152146,0.380365
-11.6,34,400000,45357,0.113392,152405,0.381012
-11.6,34.2,400000,44986,0.112465,152118,0.380295
-11.6,34.4,400000,45012,0.11253,151946,0.379865
-11.6,34.6,400000,44431,0.111077,152065,0.380163
-11.6,34.8,400000,44544,0.11136,151754,0.379385
-11.6,35,400000,44911,0.112278,152070,0.380175
-11.6,35.2,400000,44830,0.112075,151628,0.37907
-11.6,35.4,400000,44888,0.11222,152497,0.381242
-11.6,35.6,400000,45221,0.113053,152466,0.381165
-11.6,35.8,400000,44915,0.112287,152372,0.38093
-11.6,36,400000,44852,0.11213,152173,0.380433
-11.6,36.2,400000,45001,0.112503,152107,0.380267
-11.6,36.4,400000,44514,0.111285,152309,0.380773
-11.6,36.6,400000,44500,0.11125,151895,0.379738
-11.6,36.8,400000,45209,0.113022,152279,0.380698
-11.6,37,400000,44602,0.111505,152463,0.381157
-11.6,37.2,400000,45286,0.113215,152563,0.381408
-11.6,37.4,400000,45108,0.11277,151872,0.37968
-11.6,37.6,400000,44747,0.111867,151829,0.379572
-11.6,37.8,400000,44959,0.112397,151906,0.379765
-11.6,38,400000,45066,0.112665,153059,0.382647
-11.6,38.2,400000,44850,0.112125,152332,0.38083
-11.6,38.4,400000,44354,0.110885,151504,0.37876
-11.6,38.6,400000,44985,0.112463,151990,0.379975
-11.6,38.8,400000,44765,0.111912,152287,0.380717
-11.6,39,400000,44722,0.111805,152146,0.380365
-11.6,39.2,400000,44588,0.11147,151437,0.378592
-11.6,39.4,400000,45104,0.11276,151975,0.379937
-11.6,39.6,400000,44281,0.110702,151808,0.37952
-11.6,39.8,400000,44615,0.111537,152470,0.381175
-11.6,40,400000,44797,0.111992,152419,0.381047
-11.6,40.2,400000,45150,0.112875,152115,0.380288
-11.6,40.4,400000,45116,0.11279,152088,0.38022
-11.6,40.6,400000,45057,0.112643,151534,0.378835
-11.6,40.8,400000,44902,0.112255,152083,0.380207
-11.6,41,400000,44684,0.11171,151972,0.37993
-11.6,41.2,400000,44662,0.111655,151735,0.379337
-11.6,41.4,400000,44851,0.112128,151936,0.37984
-11.6,41.6,400000,44931,0.112327,152415,0.381037
-11.6,41.8,400000,44395,0.110988,151200,0.378
-11.6,42,400000,44823,0.112058,152187,0.380468
-11.6,42.2,400000,45279,0.113198,152595,0.381487
-11.6,42.4,400000,44399,0.110997,151726,0.379315
-11.6,42.6,400000,45222,0.113055,152464,0.38116
-11.6,42.8,400000,44929,0.112323,151799,0.379497
-11.6,43,400000,44946,0.112365,151943,0.379858
-11.6,43.2,400000,45090,0.112725,152406,0.381015
-11.6,43.4,400000,45023,0.112558,152159,0.380397
-11.6,43.6,400000,44765,0.111912,151722,0.379305
-11.6,43.8,400000,44592,0.11148,151692,0.37923
-11.6,44,400000,44712,0.11178,152212,0.38053
-11.6,44.2,400000,44722,0.111805,152278,0.380695
-11.6,44.4,400000,45102,0.112755,151879,0.379698
-11.6,44.6,400000,44384,0.11096,151531,0.378827
-11.6,44.8,400000,44323,0.110808,151638,0.379095
-11.6,45,400000,44990,0.112475,151373,0.378433
-11.6,45.2,400000,44963,0.112407,152072,0.38018
-11.6,45.4,400000,44743,0.111857,152323,0.380808
-11.6,45.6,400000,44646,0.111615,151910,0.379775
-11.6,45.8,400000,44862,0.112155,152644,0.38161
-11.6,46,400000,45285,0.113212,152719,0.381798
-11.6,46.2,400000,45082,0.112705,152533,0.381333
-11.6,46.4,400000,44985,0.112463,151708,0.37927
-11.6,46.6,400000,44784,0.11196,151827,0.379568
-11.6,46.8,400000,44693,0.111732,151977,0.379943
-11.6,47,400000,45066,0.112665,151931,0.379827
-11.6,47.2,400000,44949,0.112373,151756,0.37939
-11.6,47.4,400000,44729,0.111823,151501,0.378752
-11.6,47.6,400000,44854,0.112135,152477,0.381192
-11.6,47.8,400000,44864,0.11216,152051,0.380128
-11.6,48,400000,44363,0.110908,151929,0.379823
-11.6,48.2,400000,44507,0.111268,151922,0.379805
-11.6,48.4,400000,44988,0.11247,152636,0.38159
-11.6,48.6,400000,44456,0.11114,151501,0.378752
-11.6,48.8,400000,44807,0.112018,151943,0.379858
-11.6,49,400000,44854,0.112135,151921,0.379802
-11.6,49.2,400000,44455,0.111138,151987,0.379968
-11.6,49.4,400000,44803,0.112007,152413,0.381032
-11.6,49.6,400000,44751,0.111878,151751,0.379377
-11.6,49.8,400000,44631,0.111577,152758,0.381895
-11.6,50,400000,44550,0.111375,151889,0.379723
-11.4,-50,400000,45036,0.11259,152533,0.381333
-11.4,-49.8,400000,44245,0.110613,151700,0.37925
-11.4,-49.6,400000,45043,0.112607,151749,0.379373
-11.4,-49.4,400000,44403,0.111007,151634,0.379085
-11.4,-49.2,400000,44478,0.111195,151844,0.37961
-11.4,-49,400000,45033,0.112583,152506,0.381265
-11.4,-48.8,400000,45225,0.113062,152123,0.380308
-11.4,-48.6,400000,44995,0.112488,151879,0.379698
-11.4,-48.4,400000,45020,0.11255,151918,0.379795
-11.4,-48.2,400000,44953,0.112382,152263,0.380657
-11.4,-48,400000,44332,0.11083,152214,0.380535
-11.4,-47.8,400000,44159,0.110397,151491,0.378727
-11.4,-47.6,400000,44445,0.111113,152222,0.380555
-11.4,-47.4,400000,44904,0.11226,151690,0.379225
-11.4,-47.2,400000,45019,0.112547,152326,0.380815
-11.4,-47,400000,45258,0.113145,152357,0.380893
-11.4,-46.8,400000,44845,0.112113,151989,0.379972
-11.4,-46.6,400000,45070,0.112675,151790,0.379475
-11.4,-46.4,400000,44434,0.111085,151639,0.379097
-11.4,-46.2,400000,45356,0.11339,152668,0.38167
-11.4,-46,400000,44879,0.112198,151619,0.379047
-11.4,-45.8,400000,44288,0.11072,151593,0.378982
-11.4,-45.6,400000,45118,0.112795,152098,0.380245
-11.4,-45.4,400000,44195,0.110488,151369,0.378422
-11.4,-45.2,400000,44378,0.110945,152269,0.380673
-11.4,-45,400000,44475,0.111187,151524,0.37881
-11.4,-44.8,400000,45067,0.112668,152130,0.380325
-11.4,-44.6,400000,44738,0.111845,152247,0.380617
-11.4,-44.4,400000,44872,0.11218,151944,0.37986
-11.4,-44.2,400000,44600,0.1115,152330,0.380825
-11.4,-44,400000,44529,0.111323,152007,0.380018
-11.4,-43.8,400000,44897,0.112242,151868,0.37967
-11.4,-43.6,400000,45360,0.1134,152946,0.382365
-11.4,-43.4,400000,44981,0.112452,152273,0.380682
-11.4,-43.2,400000,44515,0.111287,152296,0.38074
-11.4,-43,400000,45042,0.112605,152739,0.381848
-11.4,-42.8,400000,44713,0.111783,151840,0.3796
-11.4,-42.6,400000,44581,0.111452,151789,0.379472
-11.4,-42.4,400000,44562,0.111405,152220,0.38055
-11.4,-42.2,400000,45412,0.11353,152517,0.381292
-11.4,-42,400000,45116,0.11279,152526,0.381315
-11.4,-41.8,400000,44992,0.11248,152053,0.380132
-11.4,-41.6,400000,44722,0.111805,151764,0.37941
-11.4,-41.4,400000,44400,0.111,151957,0.379893
-11.4,-41.2,400000,45407,0.113517,152868,0.38217
-11.4,-41,400000,44469,0.111172,151571,0.378927
-11.4,-40.8,400000,44893,0.112232,151939,0.379848
-11.4,-40.6,400000,44407,0.111018,151725,0.379312
-11.4,-40.4,400000,44815,0.112037,152455,0.381138
-11.4,-40.2,400000,44536,0.11134,151788,0.37947
-11.4,-40,400000,44866,0.112165,151715,0.379287
-11.4,-39.8,400000,44691,0.111727,151455,0.378638
-11.4,-39.6,400000,44829,0.112073,151896,0.37974
-11.4,-39.4,400000,45200,0.113,152106,0.380265
-11.4,-39.2,400000,44908,0.11227,152459,0.381147
-11.4,-39,400000,45030,0.112575,152249,0.380622
-11.4,-38.8,400000,44961,0.112403,151982,0.379955
-11.4,-38.6,400000,45156,0.11289,152031,0.380078
-11.4,-38.4,400000,44688,0.11172,152123,0.380308
-11.4,-38.2,400000,44842,0.112105,152214,0.380535
-11.4,-38,400000,44359,0.110897,151899,0.379748
-11.4,-37.8,400000,44427,0.111067,151701,0.379252
-11.4,-37.6,400000,44388,0.11097,151594,0.378985
-11.4,-37.4,400000,44697,0.111742,152623,0.381557
-11.4,-37.2,400000,44753,0.111882,152124,0.38031
-11.4,-37,400000,44642,0.111605,151491,0.378727
-11.4,-36.8,400000,44526,0.111315,151611,0.379028
-11.4,-36.6,400000,44787,0.111967,151876,0.37969
-11.4,-36.4,400000,44967,0.112418,152289,0.380723
-11.4,-36.2,400000,44615,0.111537,152012,0.38003
-11.4,-36,400000,44729,0.111823,152611,0.381528
-11.4,-35.8,400000,44864,0.11216,151999,0.379997
-11.4,-35.6,400000,44745,0.111863,151704,0.37926
-11.4,-35.4,400000,44828,0.11207,152024,0.38006
-11.4,-35.2,400000,44144,0.11036,152110,0.380275
-11.4,-35,400000,44925,0.112312,151876,0.37969
-11.4,-34.8,400000,45232,0.11308,152792,0.38198
-11.4,-34.6,400000,44578,0.111445,151885,0.379713
-11.4,-34.4,400000,45465,0.113662,152244,0.38061
-11.4,-34.2,400000,44597,0.111492,151798,0.379495
-11.4,-34,400000,45275,0.113187,152789,0.381972
-11.4,-33.8,400000,44535,0.111338,151847,0.379617
-11.4,-33.6,400000,44567,0.111418,152452,0.38113
-11.4,-33.4,400000,44812,0.11203,151991,0.379978
-11.4,-33.2,400000,45010,0.112525,152003,0.380007
-11.4,-33,400000,44470,0.111175,151671,0.379178
-11.4,-32.8,400000,45299,0.113248,151838,0.379595
-11.4,-32.6,400000,44872,0.11218,152059,0.380148
-11.4,-32.4,400000,45344,0.11336,152674,0.381685
-11.4,-32.2,400000,45000,0.1125,152228,0.38057
-11.4,-32,400000,45124,0.11281,152272,0.38068
-11.4,-31.8,400000,44454,0.111135,152258,0.380645
-11.4,-31.6,400000,44605,0.111513,152375,0.380937
-11.4,-31.4,400000,44536,0.11134,151723,0.379308
-11.4,-31.2,400000,44877,0.112193,152593,0.381483
-11.4,-31,400000,44735,0.111838,151892,0.37973
-11.4,-30.8,400000,44746,0.111865,151917,0.379792
-11.4,-30.6,400000,44933,0.112333,152112,0.38028
-11.4,-30.4,400000,44595,0.111488,152273,0.380682
-11.4,-30.2,400000,45139,0.112848,152349,0.380873
-11.4,-30,400000,45045,0.112613,152715,0.381788
-11.4,-29.8,400000,44733,0.111833,152151,0.380377
-11.4,-29.6,400000,44632,0.11158,151997,0.379993
-11.4,-29.4,400000,45049,0.112623,152402,0.381005
-11.4,-29.2,400000,44825,0.112062,152121,0.380302
-11.4,-29,400000,44413,0.111033,151999,0.379997
-11.4,-28.8,400000,44567,0.111418,152091,0.380227
-11.4,-28.6,400000,44950,0.112375,152058,0.380145
-11.4,-28.4,400000,44793,0.111982,152180,0.38045
-11.4,-28.2,400000,45083,0.112708,152226,0.380565
-11.4,-28,400000,44932,0.11233,151950,0.379875
-11.4,-27.8,400000,44880,0.1122,152198,0.380495
-11.4,-27.6,400000,44271,0.110677,151338,0.378345
-11.4,-27.4,400000,44279,0.110698,152124,0.38031
-11.4,-27.2,400000,44649,0.111622,152036,0.38009
-11.4,-27,400000,44659,0.111647,151412,0.37853
-11.4,-26.8,400000,44623,0.111558,152465,0.381163
-11.4,-26.6,400000,44259,0.110647,151932,0.37983
-11.4,-26.4,400000,45285,0.113212,151983,0.379958
-11.4,-26.2,400000,44364,0.11091,151735,0.379337
-11.4,-26,400000,44808,0.11202,152396,0.38099
-11.4,-25.8,400000,44752,0.11188,152137,0.380342
-11.4,-25.6,400000,44627,0.111568,152104,0.38026
-11.4,-25.4,400000,44826,0.112065,152133,0.380333
-11.4,-25.2,400000,44535,0.111338,152165,0.380412
-11.4,-25,400000,44821,0.112052,151934,0.379835
-11.4,-24.8,400000,44593,0.111482,152216,0.38054
-11.4,-24.6,400000,44636,0.11159,152000,0.38
-11.4,-24.4,400000,44554,0.111385,151947,0.379868
-11.4,-24.2,400000,44370,0.110925,152153,0.380383
-11.4,-24,400000,45283,0.113208,152225,0.380563
-11.4,-23.8,400000,44686,0.111715,152028,0.38007
-11.4,-23.6,400000,44714,0.111785,152857,0.382142
-11.4,-23.4,400000,45047,0.112617,152158,0.380395
-11.4,-23.2,400000,44731,0.111827,152254,0.380635
-11.4,-23,400000,44998,0.112495,152135,0.380337
-11.4,-22.8,400000,44433,0.111083,151592,0.37898
-11.4,-22.6,400000,44877,0.112193,152592,0.38148
-11.4,-22.4,400000,44767,0.111918,152442,0.381105
-11.4,-22.2,400000,44936,0.11234,151831,0.379578
-11.4,-22,400000,45469,0.113672,152854,0.382135
-11.4,-21.8,400000,44889,0.112223,151412,0.37853
-11.4,-21.6,400000,44351,0.110878,151245,0.378113
-11.4,-21.4,400000,44869,0.112172,152355,0.380887
-11.4,-21.2,400000,44329,0.110823,151971,0.379927
-11.4,-21,400000,44516,0.11129,152210,0.380525
-11.4,-20.8,400000,44875,0.112187,153071,0.382678
-11.4,-20.6,400000,45009,0.112522,152388,0.38097
-11.4,-20.4,400000,44701,0.111753,152207,0.380518
-11.4,-20.2,400000,44797,0.111992,151359,0.378397
-11.4,-20,400000,44275,0.110687,151943,0.379858
-11.4,-19.8,400000,44958,0.112395,152508,0.38127
-11.4,-19.6,400000,44801,0.112003,152012,0.38003
-11.4,-19.4,400000,45009,0.112522,151982,0.379955
-11.4,-19.2,400000,44963,0.112407,151822,0.379555
-11.4,-19,400000,44576,0.11144,151506,0.378765
-11.4,-18.8,400000,44686,0.111715,152043,0.380107
-11.4,-18.6,400000,44912,0.11228,151763,0.379408
-11.4,-18.4,400000,44823,0.112058,152360,0.3809
-11.4,-18.2,400000,44882,0.112205,151681,0.379202
-11.4,-18,400000,44751,0.111878,152154,0.380385
-11.4,-17.8,400000,45218,0.113045,152402,0.381005
-11.4,-17.6,400000,45111,0.112778,152348,0.38087
-11.4,-17.4,400000,44880,0.1122,151990,0.379975
-11.4,-17.2,400000,44921,0.112302,152220,0.38055
-11.4,-17,400000,43827,0.109567,150998,0.377495
-11.4,-16.8,400000,44644,0.11161,151855,0.379638
-11.4,-16.6,400000,44802,0.112005,152435,0.381088
-11.4,-16.4,400000,44541,0.111352,152156,0.38039
-11.4,-16.2,400000,45306,0.113265,152672,0.38168
-11.4,-16,400000,44997,0.112492,152322,0.380805
-11.4,-15.8,400000,44509,0.111272,152201,0.380503
-11.4,-15.6,400000,44847,0.112117,152039,0.380097
-11.4,-15.4,400000,44374,0.110935,151250,0.378125
-11.4,-15.2,400000,44755,0.111888,152143,0.380358
-11.4,-15,400000,44659,0.111647,151886,0.379715
-11.4,-14.8,400000,44496,0.11124,151842,0.379605
-11.4,-14.6,400000,44147,0.110367,151724,0.37931
-11.4,-14.4,400000,44924,0.11231,151985,0.379962
-11.4,-14.2,400000,45043,0.112607,152040,0.3801
-11.4,-14,400000,44811,0.112028,152298,0.380745
-11.4,-13.8,400000,45118,0.112795,152423,0.381057
-11.4,-13.6,400000,45313,0.113282,152300,0.38075
-11.4,-13.4,400000,45032,0.11258,152086,0.380215
-11.4,-13.2,400000,45086,0.112715,152856,0.38214
-11.4,-13,400000,44932,0.11233,152726,0.381815
-11.4,-12.8,400000,45528,0.11382,152538,0.381345
-11.4,-12.6,400000,45137,0.112842,151696,0.37924
-11.4,-12.4,400000,44569,0.111422,151420,0.37855
-11.4,-12.2,400000,44884,0.11221,151926,0.379815
-11.4,-12,400000,45256,0.11314,152271,0.380678
-11.4,-11.8,400000,45168,0.11292,152636,0.38159
-11.4,-11.6,400000,44825,0.112062,151829,0.379572
-11.4,-11.4,400000,44867,0.112168,151827,0.379568
-11.4,-11.2,400000,45398,0.113495,151443,0.378607
-11.4,-11,400000,44520,0.1113,151925,0.379812
-11.4,-10.8,400000,44684,0.11171,152406,0.381015
-11.4,-10.6,400000,44844,0.11211,151809,0.379522
-11.4,-10.4,400000,44902,0.112255,151829,0.379572
-11.4,-10.2,400000,44979,0.112448,151962,0.379905
-11.4,-10,400000,44504,0.11126,151963,0.379908
-11.4,-9.8,400000,45131,0.112827,152642,0.381605
-11.4,-9.6,400000,44684,0.11171,152192,0.38048
-11.4,-9.4,400000,44722,0.111805,152080,0.3802
-11.4,-9.2,400000,44658,0.111645,151400,0.3785
-11.4,-9,400000,44987,0.112467,151800,0.3795
-11.4,-8.8,400000,44620,0.11155,151600,0.379
-11.4,-8.6,400000,44847,0.112117,152261,0.380653
-11.4,-8.4,400000,44996,0.11249,152243,0.380607
-11.4,-8.2,400000,44262,0.110655,151818,0.379545
-11.4,-8,400000,45021,0.112552,152260,0.38065
-11.4,-7.8,400000,45046,0.112615,152863,0.382157
-11.4,-7.6,400000,44765,0.111912,151991,0.379978
-11.4,-7.4,400000,44403,0.111007,152530,0.381325
-11.4,-7.2,400000,44555,0.111388,151769,0.379422
-11.4,-7,400000,44710,0.111775,151533,0.378833
-11.4,-6.8,400000,44898,0.112245,151678,0.379195
-11.4,-6.6,400000,45053,0.112632,152487,0.381217
-11.4,-6.4,400000,44471,0.111177,151922,0.379805
-11.4,-6.2,400000,44952,0.11238,152230,0.380575
-11.4,-6,400000,45030,0.112575,152110,0.380275
-11.4,-5.8,400000,45028,0.11257,152393,0.380983
-11.4,-5.6,400000,44806,0.112015,151874,0.379685
-11.4,-5.4,400000,44756,0.11189,152025,0.380063
-11.4,-5.2,400000,44891,0.112227,152475,0.381188
-11.4,-5,400000,44872,0.11218,151351,0.378377
-11.4,-4.8,400000,44679,0.111698,152363,0.380908
-11.4,-4.6,400000,44695,0.111738,152194,0.380485
-11.4,-4.4,400000,45065,0.112662,152849,0.382122
-11.4,-4.2,400000,44848,0.11212,151923,0.379808
-11.4,-4,400000,44608,0.11152,151337,0.378343
-11.4,-3.8,400000,44967,0.112418,151719,0.379298
-11.4,-3.6,400000,45004,0.11251,151870,0.379675
-11.4,-3.4,400000,45095,0.112738,151806,0.379515
-11.4,-3.2,400000,45221,0.113053,152709,0.381773
-11.4,-3,400000,45201,0.113003,151988,0.37997
-11.4,-2.8,400000,44467,0.111168,152092,0.38023
-11.4,-2.6,400000,45210,0.113025,152443,0.381107
-11.4,-2.4,400000,45174,0.112935,152195,0.380487
-11.4,-2.2,400000,44632,0.11158,152170,0.380425
-11.4,-2,400000,44820,0.11205,152262,0.380655
-11.4,-1.8,400000,44807,0.112018,152056,0.38014
-11.4,-1.6,400000,45167,0.112918,151728,0.37932
-11.4,-1.4,400000,45013,0.112532,151608,0.37902
-11.4,-1.2,400000,44917,0.112293,151877,0.379692
-11.4,-1,400000,44933,0.112333,152094,0.380235
-11.4,-0.8,400000,44879,0.112198,152234,0.380585
-11.4,-0.6,400000,45074,0.112685,151969,0.379922
-11.4,-0.4,400000,44796,0.11199,152223,0.380557
-11.4,-0.2,400000,44796,0.11199,151970,0.379925
-11.4,0,400000,44476,0.11119,151972,0.37993
-11.4,0.2,400000,44746,0.111865,151916,0.37979
-11.4,0.4,400000,44779,0.111948,152705,0.381763
-11.4,0.6,400000,44716,0.11179,151927,0.379817
-11.4,0.8,400000,44929,0.112323,152223,0.380557
-11.4,1,400000,45084,0.11271,152539,0.381348
-11.4,1.2,400000,45058,0.112645,152298,0.380745
-11.4,1.4,400000,44940,0.11235,152243,0.380607
-11.4,1.6,400000,44527,0.111317,152086,0.380215
-11.4,1.8,400000,44603,0.111507,152340,0.38085
-11.4,2,400000,45258,0.113145,152440,0.3811
-11.4,2.2,400000,44432,0.11108,151969,0.379922
-11.4,2.4,400000,44800,0.112,152011,0.380028
-11.4,2.6,400000,44867,0.112168,152692,0.38173
-11.4,2.8,400000,45142,0.112855,152680,0.3817
-11.4,3,400000,44926,0.112315,152210,0.380525
-11.4,3.2,400000,44899,0.112248,152532,0.38133
-11.4,3.4,400000,44498,0.111245,152195,0.380487
-11.4,3.6,400000,44950,0.112375,152258,0.380645
-11.4,3.8,400000,44868,0.11217,152373,0.380933
-11.4,4,400000,44995,0.112488,152245,0.380613
-11.4,4.2,400000,44880,0.1122,151578,0.378945
-11.4,4.4,400000,44914,0.112285,151100,0.37775
-11.4,4.6,400000,45096,0.11274,152420,0.38105
-11.4,4.8,400000,45159,0.112897,152353,0.380883
-11.4,5,400000,45016,0.11254,152284,0.38071
-11.4,5.2,400000,45194,0.112985,151762,0.379405
-11.4,5.4,400000,44855,0.112138,152227,0.380568
-11.4,5.6,400000,44742,0.111855,152457,0.381142
-11.4,5.8,400000,44414,0.111035,152427,0.381068
-11.4,6,400000,44668,0.11167,152079,0.380198
-11.4,6.2,400000,45145,0.112863,152539,0.381348
-11.4,6.4,400000,44773,0.111933,152398,0.380995
-11.4,6.6,400000,44938,0.112345,152138,0.380345
-11.4,6.8,400000,44563,0.111408,151928,0.37982
-11.4,7,400000,44842,0.112105,151676,0.37919
-11.4,7.2,400000,44616,0.11154,151928,0.37982
-11.4,7.4,400000,45106,0.112765,152302,0.380755
-11.4,7.6,400000,44665,0.111662,152149,0.380373
-11.4,7.8,400000,44694,0.111735,152589,0.381472
-11.4,8,400000,45037,0.112592,152256,0.38064
-11.4,8.2,400000,44664,0.11166,152247,0.380617
-11.4,8.4,400000,44618,0.111545,152312,0.38078
-11.4,8.6,400000,44956,0.11239,152924,0.38231
-11.4,8.8,400000,44639,0.111598,152068,0.38017
-11.4,9,400000,44701,0.111753,152069,0.380173
-11.4,9.2,400000,43944,0.10986,152332,0.38083
-11.4,9.4,400000,45069,0.112672,152570,0.381425
-11.4,9.6,400000,44777,0.111943,152026,0.380065
-11.4,9.8,400000,45077,0.112693,152598,0.381495
-11.4,10,400000,45043,0.112607,152139,0.380348
-11.4,10.2,400000,44545,0.111363,152277,0.380692
-11.4,10.4,400000,44446,0.111115,152266,0.380665
-11.4,10.6,400000,44227,0.110567,152344,0.38086
-11.4,10.8,400000,44834,0.112085,152395,0.380987
-11.4,11,400000,44625,0.111562,152007,0.380018
-11.4,11.2,400000,44646,0.111615,151411,0.378528
-11.4,11.4,400000,45136,0.11284,152670,0.381675
-11.4,11.6,400000,44799,0.111997,151969,0.379922
-11.4,11.8,400000,44781,0.111952,152284,0.38071
-11.4,12,400000,45013,0.112532,152680,0.3817
-11.4,12.2,400000,45388,0.11347,152727,0.381817
-11.4,12.4,400000,44922,0.112305,152309,0.380773
-11.4,12.6,400000,45252,0.11313,152174,0.380435
-11.4,12.8,400000,44698,0.111745,152535,0.381337
-11.4,13,400000,45363,0.113407,152707,0.381767
-11.4,13.2,400000,44875,0.112187,152020,0.38005
-11.4,13.4,400000,44311,0.110778,151975,0.379937
-11.4,13.6,400000,44593,0.111482,151702,0.379255
-11.4,13.8,400000,44848,0.11212,152359,0.380897
-11.4,14,400000,44812,0.11203,152023,0.380057
-11.4,14.2,400000,44532,0.11133,152506,0.381265
-11.4,14.4,400000,44662,0.111655,152274,0.380685
-11.4,14.6,400000,44809,0.112022,152491,0.381227
-11.4,14.8,400000,44652,0.11163,152067,0.380167
-11.4,15,400000,44966,0.112415,151907,0.379767
-11.4,15.2,400000,44550,0.111375,152020,0.38005
-11.4,15.4,400000,44742,0.111855,151982,0.379955
-11.4,15.6,400000,44173,0.110433,152249,0.380622
-11.4,15.8,400000,45358,0.113395,152529,0.381323
-11.4,16,400000,44998,0.112495,152343,0.380858
-11.4,16.2,400000,45181,0.112952,152508,0.38127
-11.4,16.4,400000,44555,0.111388,151669,0.379173
-11.4,16.6,400000,44773,0.111933,152131,0.380327
-11.4,16.8,400000,45323,0.113308,153058,0.382645
-11.4,17,400000,45512,0.11378,152372,0.38093
-11.4,17.2,400000,44847,0.112117,152503,0.381258
-11.4,17.4,400000,44758,0.111895,152168,0.38042
-11.4,17.6,400000,45433,0.113583,152784,0.38196
-11.4,17.8,400000,45063,0.112657,152448,0.38112
-11.4,18,400000,45009,0.112522,152073,0.380182
-11.4,18.2,400000,44913,0.112282,152304,0.38076
-11.4,18.4,400000,44600,0.1115,152095,0.380238
-11.4,18.6,400000,45112,0.11278,152550,0.381375
-11.4,18.8,400000,44882,0.112205,151850,0.379625
-11.4,19,400000,45015,0.112537,152226,0.380565
-11.4,19.2,400000,45215,0.113037,152453,0.381132
-11.4,19.4,400000,44984,0.11246,152162,0.380405
-11.4,19.6,400000,44674,0.111685,151512,0.37878
-11.4,19.8,400000,44762,0.111905,152397,0.380993
-11.4,20,400000,44964,0.11241,152738,0.381845
-11.4,20.2,400000,45017,0.112543,152551,0.381377
-11.4,20.4,400000,44746,0.111865,151948,0.37987
-11.4,20.6,400000,45180,0.11295,152384,0.38096
-11.4,20.8,400000,44502,0.111255,152311,0.380777
-11.4,21,400000,44572,0.11143,151566,0.378915
-11.4,21.2,400000,45510,0.113775,152876,0.38219
-11.4,21.4,400000,44689,0.111723,152053,0.380132
-11.4,21.6,400000,45489,0.113723,153278,0.383195
-11.4,21.8,400000,45242,0.113105,152091,0.380227
-11.4,22,400000,44818,0.112045,151960,0.3799
-11.4,22.2,400000,44540,0.11135,152064,0.38016
-11.4,22.4,400000,44635,0.111588,152758,0.381895
-11.4,22.6,400000,44170,0.110425,151927,0.379817
-11.4,22.8,400000,44932,0.11233,152453,0.381132
-11.4,23,400000,44786,0.111965,152439,0.381097
-11.4,23.2,400000,45344,0.11336,152170,0.380425
-11.4,23.4,400000,44675,0.111687,151787,0.379468
-11.4,23.6,400000,44741,0.111852,152633,0.381582
-11.4,23.8,400000,44767,0.111918,152460,0.38115
-11.4,24,400000,44908,0.11227,152172,0.38043
-11.4,24.2,400000,44478,0.111195,151501,0.378752
-11.4,24.4,400000,44358,0.110895,152172,0.38043
-11.4,24.6,400000,44707,0.111768,152533,0.381333
-11.4,24.8,400000,45020,0.11255,152178,0.380445
-11.4,25,400000,45189,0.112973,152276,0.38069
-11.4,25.2,400000,44476,0.11119,152670,0.381675
-11.4,25.4,400000,44692,0.11173,152063,0.380157
-11.4,25.6,400000,44582,0.111455,152053,0.380132
-11.4,25.8,400000,44849,0.112122,152737,0.381842
-11.4,26,400000,44784,0.11196,152237,0.380593
-11.4,26.2,400000,44888,0.11222,152278,0.380695
-11.4,26.4,400000,44383,0.110958,151777,0.379443
-11.4,26.6,400000,44766,0.111915,151964,0.37991
-11.4,26.8,400000,45021,0.112552,152516,0.38129
-11.4,27,400000,44684,0.11171,152018,0.380045
-11.4,27.2,400000,44655,0.111638,151915,0.379788
-11.4,27.4,400000,44929,0.112323,152084,0.38021
-11.4,27.6,400000,45094,0.112735,151688,0.37922
-11.4,27.8,400000,44307,0.110768,151727,0.379317
-11.4,28,400000,44303,0.110757,151548,0.37887
-11.4,28.2,400000,45389,0.113473,152682,0.381705
-11.4,28.4,400000,45168,0.11292,152417,0.381043
-11.4,28.6,400000,44451,0.111128,152050,0.380125
-11.4,28.8,400000,44457,0.111143,152057,0.380142
-11.4,29,400000,45078,0.112695,151408,0.37852
-11.4,29.2,400000,44887,0.112217,152337,0.380842
-11.4,29.4,400000,44706,0.111765,152264,0.38066
-11.4,29.6,400000,44283,0.110708,151787,0.379468
-11.4,29.8,400000,44508,0.11127,151991,0.379978
-11.4,30,400000,44897,0.112242,152317,0.380792
-11.4,30.2,400000,44966,0.112415,152666,0.381665
-11.4,30.4,400000,44315,0.110787,151493,0.378733
-11.4,30.6,400000,45181,0.112952,152531,0.381327
-11.4,30.8,400000,44936,0.11234,152437,0.381093
-11.4,31,400000,44838,0.112095,152040,0.3801
-11.4,31.2,400000,44462,0.111155,152028,0.38007
-11.4,31.4,400000,45158,0.112895,151931,0.379827
-11.4,31.6,400000,45272,0.11318,153079,0.382698
-11.4,31.8,400000,44831,0.112077,152033,0.380082
-11.4,32,400000,44443,0.111107,152197,0.380493
-11.4,32.2,400000,45309,0.113272,152812,0.38203
-11.4,32.4,400000,44795,0.111988,152020,0.38005
-11.4,32.6,400000,45053,0.112632,152719,0.381798
-11.4,32.8,400000,44607,0.111518,152132,0.38033
-11.4,33,400000,44517,0.111293,152046,0.380115
-11.4,33.2,400000,44636,0.11159,152537,0.381342
-11.4,33.4,400000,45082,0.112705,152345,0.380862
-11.4,33.6,400000,44662,0.111655,151950,0.379875
-11.4,33.8,400000,44734,0.111835,151826,0.379565
-11.4,34,400000,44958,0.112395,152591,0.381478
-11.4,34.2,400000,44663,0.111658,152033,0.380082
-11.4,34.4,400000,45056,0.11264,152178,0.380445
-11.4,34.6,400000,45373,0.113433,152535,0.381337
-11.4,34.8,400000,44867,0.112168,152069,0.380173
-11.4,35,400000,45048,0.11262,152199,0.380497
-11.4,35.2,400000,44818,0.112045,152011,0.380028
-11.4,35.4,400000,44215,0.110537,151556,0.37889
-11.4,35.6,400000,44812,0.11203,152329,0.380823
-11.4,35.8,400000,44843,0.112107,152525,0.381312
-11.4,36,400000,44590,0.111475,152524,0.38131
-11.4,36.2,400000,44402,0.111005,152121,0.380302
-11.4,36.4,400000,44743,0.111857,152174,0.380435
-11.4,36.6,400000,45167,0.112918,152020,0.38005
-11.4,36.8,400000,45012,0.11253,152209,0.380522
-11.4,37,400000,45419,0.113547,153032,0.38258
-11.4,37.2,400000,44596,0.11149,151986,0.379965
-11.4,37.4,400000,44803,0.112007,152081,0.380202
-11.4,37.6,400000,44624,0.11156,151999,0.379997
-11.4,37.8,400000,45196,0.11299,152399,0.380997
-11.4,38,400000,44809,0.112022,152554,0.381385
-11.4,38.2,400000,45109,0.112772,152424,0.38106
-11.4,38.4,400000,44648,0.11162,151929,0.379823
-11.4,38.6,400000,44567,0.111418,151642,0.379105
-11.4,38.8,400000,44701,0.111753,152017,0.380043
-11.4,39,400000,44637,0.111592,152188,0.38047
-11.4,39.2,400000,44810,0.112025,152077,0.380192
-11.4,39.4,400000,45681,0.114202,152144,0.38036
-11.4,39.6,400000,45451,0.113628,152051,0.380128
-11.4,39.8,400000,44520,0.1113,151480,0.3787
-11.4,40,400000,44596,0.11149,151950,0.379875
-11.4,40.2,400000,45160,0.1129,152334,0.380835
-11.4,40.4,400000,44324,0.11081,151830,0.379575
-11.4,40.6,400000,44765,0.111912,152358,0.380895
-11.4,40.8,400000,44966,0.112415,151332,0.37833
-11.4,41,400000,44843,0.112107,151452,0.37863
-11.4,41.2,400000,45164,0.11291,152896,0.38224
-11.4,41.4,400000,44519,0.111297,152285,0.380713
-11.4,41.6,400000,44822,0.112055,151546,0.378865
-11.4,41.8,400000,45031,0.112577,152050,0.380125
-11.4,42,400000,44428,0.11107,151653,0.379132
-11.4,42.2,400000,44669,0.111672,151678,0.379195
-11.4,42.4,400000,44864,0.11216,151793,0.379483
-11.4,42.6,400000,45143,0.112857,151824,0.37956
-11.4,42.8,400000,44793,0.111982,151851,0.379628
-11.4,43,400000,44847,0.112117,151894,0.379735
-11.4,43.2,400000,44913,0.112282,152814,0.382035
-11.4,43.4,400000,45030,0.112575,152017,0.380043
-11.4,43.6,400000,44292,0.11073,151688,0.37922
-11.4,43.8,400000,45252,0.11313,152261,0.380653
-11.4,44,400000,44598,0.111495,151706,0.379265
-11.4,44.2,400000,45108,0.11277,151823,0.379557
-11.4,44.4,400000,44718,0.111795,152077,0.380192
-11.4,44.6,400000,45377,0.113443,151751,0.379377
-11.4,44.8,400000,45043,0.112607,152224,0.38056
-11.4,45,400000,44878,0.112195,151923,0.379808
-11.4,45.2,400000,45311,0.113278,151608,0.37902
-11.4,45.4,400000,44875,0.112187,152713,0.381783
-11.4,45.6,400000,44040,0.1101,151220,0.37805
-11.4,45.8,400000,45061,0.112653,151827,0.379568
-11.4,46,400000,44810,0.112025,151464,0.37866
-11.4,46.2,400000,44979,0.112448,152178,0.380445
-11.4,46.4,400000,44849,0.112122,151861,0.379653
-11.4,46.6,400000,44912,0.11228,151832,0.37958
-11.4,46.8,400000,45184,0.11296,153043,0.382607
-11.4,47,400000,44771,0.111927,151673,0.379182
-11.4,47.2,400000,44809,0.112022,152142,0.380355
-11.4,47.4,400000,44541,0.111352,152468,0.38117
-11.4,47.6,400000,44725,0.111812,151460,0.37865
-11.4,47.8,400000,45335,0.113337,152030,0.380075
-11.4,48,400000,44517,0.111293,151669,0.379173
-11.4,48.2,400000,45234,0.113085,152371,0.380927
-11.4,48.4,400000,44465,0.111162,151729,0.379323
-11.4,48.6,400000,45143,0.112857,152449,0.381122
-11.4,48.8,400000,44438,0.111095,152221,0.380553
-11.4,49,400000,44966,0.112415,151803,0.379507
-11.4,49.2,400000,44460,0.11115,151644,0.37911
-11.4,49.4,400000,44834,0.112085,152001,0.380003
-11.4,49.6,400000,44966,0.112415,152393,0.380983
-11.4,49.8,400000,44810,0.112025,151999,0.379997
-11.4,50,400000,44667,0.111668,151791,0.379478
-11.2,-50,400000,44825,0.112062,151989,0.379972
-11.2,-49.8,400000,45036,0.11259,152214,0.380535
-11.2,-49.6,400000,45258,0.113145,152467,0.381167
-11.2,-49.4,400000,44679,0.111698,151556,0.37889
-11.2,-49.2,400000,44501,0.111253,151353,0.378383
-11.2,-49,400000,44620,0.11155,151576,0.37894
-11.2,-48.8,400000,45008,0.11252,151945,0.379862
-11.2,-48.6,400000,44520,0.1113,152097,0.380242
-11.2,-48.4,400000,44592,0.11148,151964,0.37991
-11.2,-48.2,400000,44972,0.11243,151650,0.379125
-11.2,-48,400000,44799,0.111997,151715,0.379287
-11.2,-47.8,400000,45294,0.113235,152689,0.381723
-11.2,-47.6,400000,44623,0.111558,151332,0.37833
-11.2,-47.4,400000,44716,0.11179,151896,0.37974
-11.2,-47.2,400000,44741,0.111852,152546,0.381365
-11.2,-47,400000,44732,0.11183,152236,0.38059
-11.2,-46.8,400000,44899,0.112248,151831,0.379578
-11.2,-46.6,400000,43895,0.109738,151678,0.379195
-11.2,-46.4,400000,44792,0.11198,151918,0.379795
-11.2,-46.2,400000,44915,0.112287,152357,0.380893
-11.2,-46,400000,45051,0.112628,152015,0.380037
-11.2,-45.8,400000,44987,0.112467,151588,0.37897
-11.2,-45.6,400000,45289,0.113223,152764,0.38191
-11.2,-45.4,400000,45289,0.113223,151430,0.378575
-11.2,-45.2,400000,44997,0.112492,151577,0.378943
-11.2,-45,400000,44496,0.11124,151922,0.379805
-11.2,-44.8,400000,45141,0.112852,152405,0.381012
-11.2,-44.6,400000,44845,0.112113,152303,0.380758
-11.2,-44.4,400000,44602,0.111505,151752,0.37938
-11.2,-44.2,400000,44721,0.111802,151946,0.379865
-11.2,-44,400000,44929,0.112323,152140,0.38035
-11.2,-43.8,400000,44966,0.112415,152887,0.382217
-11.2,-43.6,400000,44815,0.112037,151431,0.378578
-11.2,-43.4,400000,45362,0.113405,153110,0.382775
-11.2,-43.2,400000,44747,0.111867,151580,0.37895
-11.2,-43,400000,44746,0.111865,151757,0.379393
-11.2,-42.8,400000,45019,0.112547,152589,0.381472
-11.2,-42.6,400000,44641,0.111602,152783,0.381958
-11.2,-42.4,400000,44476,0.11119,152377,0.380943
-11.2,-42.2,400000,44905,0.112263,152045,0.380113
-11.2,-42,400000,44319,0.110797,151998,0.379995
-11.2,-41.8,400000,44665,0.111662,151915,0.379788
-11.2,-41.6,400000,45457,0.113642,152569,0.381422
-11.2,-41.4,400000,44833,0.112083,152151,0.380377
-11.2,-41.2,400000,45100,0.11275,152057,0.380142
-11.2,-41,400000,44504,0.11126,151612,0.37903
-11.2,-40.8,400000,44841,0.112102,152170,0.380425
-11.2,-40.6,400000,44582,0.111455,152285,0.380713
-11.2,-40.4,400000,44681,0.111702,151921,0.379802
-11.2,-40.2,400000,44762,0.111905,152408,0.38102
-11.2,-40,400000,44441,0.111103,152148,0.38037
-11.2,-39.8,400000,44712,0.11178,151802,0.379505
-11.2,-39.6,400000,45031,0.112577,152019,0.380047
-11.2,-39.4,400000,45072,0.11268,152416,0.38104
-11.2,-39.2,400000,44679,0.111698,152181,0.380453
-11.2,-39,400000,45535,0.113837,152036,0.38009
-11.2,-38.8,400000,45058,0.112645,152263,0.380657
-11.2,-38.6,400000,44643,0.111607,152127,0.380317
-11.2,-38.4,400000,44989,0.112473,151533,0.378833
-11.2,-38.2,400000,44690,0.111725,151403,0.378507
-11.2,-38,400000,44510,0.111275,151925,0.379812
-11.2,-37.8,400000,44620,0.11155,151867,0.379667
-11.2,-37.6,400000,44490,0.111225,152283,0.380707
-11.2,-37.4,400000,45035,0.112587,152372,0.38093
-11.2,-37.2,400000,45481,0.113702,152165,0.380412
-11.2,-37,400000,45020,0.11255,152724,0.38181
-11.2,-36.8,400000,44802,0.112005,152337,0.380842
-11.2,-36.6,400000,45101,0.112753,152709,0.381773
-11.2,-36.4,400000,44949,0.112373,152342,0.380855
-11.2,-36.2,400000,45189,0.112973,152415,0.381037
-11.2,-36,400000,44706,0.111765,151878,0.379695
-11.2,-35.8,400000,44369,0.110922,151615,0.379038
-11.2,-35.6,400000,45021,0.112552,152003,0.380007
-11.2,-35.4,400000,44994,0.112485,152953,0.382383
-11.2,-35.2,400000,44741,0.111852,152598,0.381495
-11.2,-35,400000,44656,0.11164,152152,0.38038
-11.2,-34.8,400000,44429,0.111073,151449,0.378622
-11.2,-34.6,400000,45443,0.113608,152320,0.3808
-11.2,-34.4,400000,44760,0.1119,152155,0.380387
-11.2,-34.2,400000,45150,0.112875,151853,0.379632
-11.2,-34,400000,44457,0.111143,151950,0.379875
-11.2,-33.8,400000,45224,0.11306,152497,0.381242
-11.2,-33.6,400000,44989,0.112473,152394,0.380985
-11.2,-33.4,400000,45229,0.113073,151852,0.37963
-11.2,-33.2,400000,44786,0.111965,151597,0.378993
-11.2,-33,400000,44944,0.11236,151712,0.37928
-11.2,-32.8,400000,44543,0.111357,152891,0.382227
-11.2,-32.6,400000,44361,0.110903,152274,0.380685
-11.2,-32.4,400000,45224,0.11306,151659,0.379148
-11.2,-32.2,400000,44605,0.111513,152270,0.380675
-11.2,-32,400000,45132,0.11283,151773,0.379433
-11.2,-31.8,400000,44681,0.111702,151799,0.379497
-11.2,-31.6,400000,45096,0.11274,152242,0.380605
-11.2,-31.4,400000,44773,0.111933,152457,0.381142
-11.2,-31.2,400000,44995,0.112488,152250,0.380625
-11.2,-31,400000,45022,0.112555,152737,0.381842
-11.2,-30.8,400000,45064,0.11266,152213,0.380532
-11.2,-30.6,400000,45205,0.113013,152283,0.380707
-11.2,-30.4,400000,44964,0.11241,152193,0.380483
-11.2,-30.2,400000,44512,0.11128,152121,0.380302
-11.2,-30,400000,44939,0.112348,152093,0.380232
-11.2,-29.8,400000,44568,0.11142,151832,0.37958
-11.2,-29.6,400000,44702,0.111755,152452,0.38113
-11.2,-29.4,400000,45134,0.112835,152510,0.381275
-11.2,-29.2,400000,45090,0.112725,152701,0.381752
-11.2,-29,400000,45172,0.11293,152306,0.380765
-11.2,-28.8,400000,44853,0.112132,152334,0.380835
-11.2,-28.6,400000,45376,0.11344,152274,0.380685
-11.2,-28.4,400000,45180,0.11295,152669,0.381673
-11.2,-28.2,400000,44712,0.11178,152242,0.380605
-11.2,-28,400000,44730,0.111825,151833,0.379582
-11.2,-27.8,400000,44910,0.112275,151926,0.379815
-11.2,-27.6,400000,45342,0.113355,153154,0.382885
-11.2,-27.4,400000,44723,0.111808,151874,0.379685
-11.2,-27.2,400000,45039,0.112598,151766,0.379415
-11.2,-27,400000,44557,0.111393,152103,0.380258
-11.2,-26.8,400000,45066,0.112665,152225,0.380563
-11.2,-26.6,400000,44652,0.11163,152395,0.380987
-11.2,-26.4,400000,44326,0.110815,152417,0.381043
-11.2,-26.2,400000,44732,0.11183,152339,0.380848
-11.2,-26,400000,45480,0.1137,152794,0.381985
-11.2,-25.8,400000,44118,0.110295,151968,0.37992
-11.2,-25.6,400000,44898,0.112245,151377,0.378443
-11.2,-25.4,400000,44947,0.112367,152023,0.380057
-11.2,-25.2,400000,44418,0.111045,151468,0.37867
-11.2,-25,400000,44296,0.11074,151987,0.379968
-11.2,-24.8,400000,44999,0.112498,152520,0.3813
-11.2,-24.6,400000,44876,0.11219,152224,0.38056
-11.2,-24.4,400000,44674,0.111685,152437,0.381093
-11.2,-24.2,400000,44355,0.110887,152092,0.38023
-11.2,-24,400000,44467,0.111168,151950,0.379875
-11.2,-23.8,400000,44959,0.112397,152447,0.381117
-11.2,-23.6,400000,44888,0.11222,151939,0.379848
-11.2,-23.4,400000,45199,0.112998,152883,0.382207
-11.2,-23.2,400000,44941,0.112352,153320,0.3833
-11.2,-23,400000,44430,0.111075,152031,0.380078
-11.2,-22.8,400000,44691,0.111727,151814,0.379535
-11.2,-22.6,400000,45092,0.11273,153024,0.38256
-11.2,-22.4,400000,44895,0.112238,152475,0.381188
-11.2,-22.2,400000,44699,0.111747,152050,0.380125
-11.2,-22,400000,44536,0.11134,151945,0.379862
-11.2,-21.8,400000,44437,0.111092,151987,0.379968
-11.2,-21.6,400000,45265,0.113162,152451,0.381128
-11.2,-21.4,400000,45117,0.112793,152189,0.380472
-11.2,-21.2,400000,44585,0.111463,151891,0.379727
-11.2,-21,400000,45046,0.112615,152686,0.381715
-11.2,-20.8,400000,44791,0.111977,152503,0.381258
-11.2,-20.6,400000,44857,0.112143,152309,0.380773
-11.2,-20.4,400000,44536,0.11134,152045,0.380113
-11.2,-20.2,400000,44876,0.11219,152287,0.380717
-11.2,-20,400000,44964,0.11241,152126,0.380315
-11.2,-19.8,400000,44865,0.112162,152368,0.38092
-11.2,-19.6,400000,44933,0.112333,152254,0.380635
-11.2,-19.4,400000,44905,0.112263,152249,0.380622
-11.2,-19.2,400000,45055,0.112638,151951,0.379877
-11.2,-19,400000,44963,0.112407,152450,0.381125
-11.2,-18.8,400000,44799,0.111997,152272,0.38068
-11.2,-18.6,400000,44556,0.11139,151725,0.379312
-11.2,-18.4,400000,44523,0.111308,151656,0.37914
-11.2,-18.2,400000,44280,0.1107,151897,0.379742
-11.2,-18,400000,44363,0.110908,151948,0.37987
-11.2,-17.8,400000,44820,0.11205,152376,0.38094
-11.2,-17.6,400000,44880,0.1122,151671,0.379178
-11.2,-17.4,400000,45089,0.112723,151866,0.379665
-11.2,-17.2,400000,44767,0.111918,152311,0.380777
-11.2,-17,400000,44577,0.111442,152345,0.380862
-11.2,-16.8,400000,44772,0.11193,151993,0.379983
-11.2,-16.6,400000,44035,0.110088,151493,0.378733
-11.2,-16.4,400000,44574,0.111435,152093,0.380232
-11.2,-16.2,400000,45244,0.11311,152621,0.381553
-11.2,-16,400000,44819,0.112047,151913,0.379783
-11.2,-15.8,400000,44978,0.112445,152398,0.380995
-11.2,-15.6,400000,45094,0.112735,152408,0.38102
-11.2,-15.4,400000,44828,0.11207,152302,0.380755
-11.2,-15.2,400000,45023,0.112558,152402,0.381005
-11.2,-15,400000,44809,0.112022,152127,0.380317
-11.2,-14.8,400000,45457,0.113642,152598,0.381495
-11.2,-14.6,400000,44538,0.111345,152150,0.380375
-11.2,-14.4,400000,44741,0.111852,152361,0.380902
-11.2,-14.2,400000,44943,0.112357,152501,0.381252
-11.2,-14,400000,44330,0.110825,152242,0.380605
-11.2,-13.8,400000,44496,0.11124,152055,0.380138
-11.2,-13.6,400000,44604,0.11151,152089,0.380223
-11.2,-13.4,400000,45124,0.11281,152548,0.38137
-11.2,-13.2,400000,45070,0.112675,152052,0.38013
-11.2,-13,400000,45023,0.112558,152540,0.38135
-11.2,-12.8,400000,44631,0.111577,152446,0.381115
-11.2,-12.6,400000,45222,0.113055,152661,0.381653
-11.2,-12.4,400000,45043,0.112607,152086,0.380215
-11.2,-12.2,400000,44041,0.110103,151378,0.378445
-11.2,-12,400000,45282,0.113205,152533,0.381333
-11.2,-11.8,400000,45022,0.112555,152205,0.380512
-11.2,-11.6,400000,44946,0.112365,152296,0.38074
-11.2,-11.4,400000,44735,0.111838,152230,0.380575
-11.2,-11.2,400000,44912,0.11228,152224,0.38056
-11.2,-11,400000,44882,0.112205,151671,0.379178
-11.2,-10.8,400000,44639,0.111598,152475,0.381188
-11.2,-10.6,400000,45059,0.112647,152414,0.381035
-11.2,-10.4,400000,45131,0.112827,151965,0.379912
-11.2,-10.2,400000,44610,0.111525,152317,0.380792
-11.2,-10,400000,44902,0.112255,152126,0.380315
-11.2,-9.8,400000,44978,0.112445,152003,0.380007
-11.2,-9.6,400000,44603,0.111507,152247,0.380617
-11.2,-9.4,400000,44540,0.11135,152031,0.380078
-11.2,-9.2,400000,44562,0.111405,152315,0.380788
-11.2,-9,400000,45159,0.112897,153009,0.382522
-11.2,-8.8,400000,44562,0.111405,152893,0.382232
-11.2,-8.6,400000,44559,0.111397,152113,0.380283
-11.2,-8.4,400000,44980,0.11245,151818,0.379545
-11.2,-8.2,400000,44312,0.11078,152043,0.380107
-11.2,-8,400000,45224,0.11306,152607,0.381518
-11.2,-7.8,400000,44569,0.111422,151630,0.379075
-11.2,-7.6,400000,44384,0.11096,152223,0.380557
-11.2,-7.4,400000,44973,0.112433,152164,0.38041
-11.2,-7.2,400000,45129,0.112823,152263,0.380657
-11.2,-7,400000,45288,0.11322,152054,0.380135
-11.2,-6.8,400000,44734,0.111835,152462,0.381155
-11.2,-6.6,400000,44860,0.11215,152065,0.380163
-11.2,-6.4,400000,44761,0.111903,152050,0.380125
-11.2,-6.2,400000,44901,0.112253,151639,0.379097
-11.2,-6,400000,44817,0.112043,151928,0.37982
-11.2,-5.8,400000,44890,0.112225,152122,0.380305
-11.2,-5.6,400000,44356,0.11089,151852,0.37963
-11.2,-5.4,400000,45219,0.113047,152765,0.381912
-11.2,-5.2,400000,45037,0.112592,151972,0.37993
-11.2,-5,400000,44723,0.111808,151900,0.37975
-11.2,-4.8,400000,45231,0.113077,152043,0.380107
-11.2,-4.6,400000,44857,0.112143,152036,0.38009
-11.2,-4.4,400000,44599,0.111497,151563,0.378908
-11.2,-4.2,400000,45143,0.112857,152369,0.380922
-11.2,-4,400000,44804,0.11201,152547,0.381368
-11.2,-3.8,400000,45454,0.113635,152566,0.381415
-11.2,-3.6,400000,44709,0.111772,151895,0.379738
-11.2,-3.4,400000,44696,0.11174,152571,0.381427
-11.2,-3.2,400000,44957,0.112393,151810,0.379525
-11.2,-3,400000,44878,0.112195,152293,0.380732
-11.2,-2.8,400000,44706,0.111765,152091,0.380227
-11.2,-2.6,400000,44354,0.110885,151826,0.379565
-11.2,-2.4,400000,44861,0.112153,152472,0.38118
-11.2,-2.2,400000,44701,0.111753,152230,0.380575
-11.2,-2,400000,44834,0.112085,151832,0.37958
-11.2,-1.8,400000,44522,0.111305,151774,0.379435
-11.2,-1.6,400000,45131,0.112827,151805,0.379512
-11.2,-1.4,400000,44537,0.111342,152097,0.380242
-11.2,-1.2,400000,44595,0.111488,152130,0.380325
-11.2,-1,400000,45059,0.112647,152414,0.381035
-11.2,-0.8,400000,45008,0.11252,152199,0.380497
-11.2,-0.6,400000,44771,0.111927,152063,0.380157
-11.2,-0.4,400000,44654,0.111635,151800,0.3795
-11.2,-0.2,400000,44777,0.111943,151936,0.37984
-11.2,0,400000,44932,0.11233,152661,0.381653
-11.2,0.2,400000,44986,0.112465,152419,0.381047
-11.2,0.4,400000,45185,0.112962,152383,0.380958
-11.2,0.6,400000,44701,0.111753,152465,0.381163
-11.2,0.8,400000,44883,0.112208,151695,0.379238
-11.2,1,400000,44526,0.111315,152269,0.380673
-11.2,1.2,400000,44431,0.111077,151413,0.378532
-11.2,1.4,400000,45185,0.112962,152517,0.381292
-11.2,1.6,400000,45270,0.113175,152341,0.380852
-11.2,1.8,400000,44725,0.111812,152322,0.380805
-11.2,2,400000,44871,0.112177,152128,0.38032
-11.2,2.2,400000,45157,0.112893,152254,0.380635
-11.2,2.4,400000,45160,0.1129,152031,0.380078
-11.2,2.6,400000,44670,0.111675,152102,0.380255
-11.2,2.8,400000,44947,0.112367,152371,0.380927
-11.2,3,400000,45275,0.113187,152538,0.381345
-11.2,3.2,400000,44675,0.111687,151399,0.378497
-11.2,3.4,400000,44956,0.11239,152487,0.381217
-11.2,3.6,400000,44854,0.112135,151914,0.379785
-11.2,3.8,400000,44545,0.111363,151925,0.379812
-11.2,4,400000,45080,0.1127,152108,0.38027
-11.2,4.2,400000,45204,0.11301,152129,0.380323
-11.2,4.4,400000,44655,0.111638,152350,0.380875
-11.2,4.6,400000,44809,0.112022,152094,0.380235
-11.2,4.8,400000,44906,0.112265,152285,0.380713
-11.2,5,400000,45003,0.112507,152606,0.381515
-11.2,5.2,400000,45148,0.11287,152952,0.38238
-11.2,5.4,400000,45467,0.113668,152331,0.380827
-11.2,5.6,400000,45041,0.112602,151777,0.379443
-11.2,5.8,400000,44261,0.110653,151458,0.378645
-11.2,6,400000,44497,0.111242,151678,0.379195
-11.2,6.2,400000,45026,0.112565,152255,0.380638
-11.2,6.4,400000,44901,0.112253,151818,0.379545
-11.2,6.6,400000,44795,0.111988,152523,0.381308
-11.2,6.8,400000,44765,0.111912,151950,0.379875
-11.2,7,400000,44622,0.111555,152406,0.381015
-11.2,7.2,400000,44827,0.112068,152331,0.380827
-11.2,7.4,400000,45143,0.112857,151743,0.379358
-11.2,7.6,400000,44903,0.112257,152151,0.380377
-11.2,7.8,400000,45111,0.112778,152517,0.381292
-11.2,8,400000,44164,0.11041,151703,0.379258
-11.2,8.2,400000,45367,0.113418,152765,0.381912
-11.2,8.4,400000,44537,0.111342,152395,0.380987
-11.2,8.6,400000,44192,0.11048,151541,0.378852
-11.2,8.8,400000,44061,0.110153,151917,0.379792
-11.2,9,400000,44975,0.112437,152489,0.381223
-11.2,9.2,400000,45056,0.11264,151959,0.379897
-11.2,9.4,400000,44945,0.112363,151471,0.378678
-11.2,9.6,400000,44991,0.112477,152080,0.3802
-11.2,9.8,400000,45064,0.11266,152167,0.380418
-11.2,10,400000,44892,0.11223,152241,0.380603
-11.2,10.2,400000,44621,0.111552,152128,0.38032
-11.2,10.4,400000,45073,0.112683,152925,0.382312
-11.2,10.6,400000,45042,0.112605,151883,0.379707
-11.2,10.8,400000,44845,0.112113,152071,0.380178
-11.2,11,400000,45107,0.112768,152925,0.382312
-11.2,11.2,400000,45156,0.11289,152122,0.380305
-11.2,11.4,400000,44985,0.112463,152106,0.380265
-11.2,11.6,400000,44849,0.112122,152077,0.380192
-11.2,11.8,400000,45256,0.11314,152330,0.380825
-11.2,12,400000,44641,0.111602,151752,0.37938
-11.2,12.2,400000,44941,0.112352,152036,0.38009
-11.2,12.4,400000,44544,0.11136,152305,0.380763
-11.2,12.6,400000,45104,0.11276,151457,0.378642
-11.2,12.8,400000,44680,0.1117,151930,0.379825
-11.2,13,400000,44811,0.112028,152140,0.38035
-11.2,13.2,400000,44378,0.110945,152237,0.380593
-11.2,13.4,400000,44386,0.110965,151179,0.377947
-11.2,13.6,400000,44636,0.11159,151533,0.378833
-11.2,13.8,400000,44740,0.11185,151942,0.379855
-11.2,14,400000,44561,0.111403,151205,0.378012
-11.2,14.2,400000,44756,0.11189,152134,0.380335
-11.2,14.4,400000,44784,0.11196,151808,0.37952
-11.2,14.6,400000,45061,0.112653,151762,0.379405
-11.2,14.8,400000,44701,0.111753,152680,0.3817
-11.2,15,400000,44941,0.112352,152603,0.381507
-11.2,15.2,400000,45096,0.11274,152787,0.381968
-11.2,15.4,400000,44617,0.111543,151509,0.378773
-11.2,15.6,400000,44548,0.11137,151788,0.37947
-11.2,15.8,400000,44539,0.111348,152109,0.380273
-11.2,16,400000,44908,0.11227,151647,0.379117
-11.2,16.2,400000,44397,0.110992,151902,0.379755
-11.2,16.4,400000,43865,0.109662,151361,0.378402
-11.2,16.6,400000,44630,0.111575,152384,0.38096
-11.2,16.8,400000,45485,0.113712,152219,0.380547
-11.2,17,400000,45079,0.112698,152082,0.380205
-11.2,17.2,400000,44453,0.111132,151930,0.379825
-11.2,17.4,400000,45135,0.112837,152637,0.381593
-11.2,17.6,400000,45043,0.112607,152561,0.381402
-11.2,17.8,400000,44921,0.112302,152131,0.380327
-11.2,18,400000,45704,0.11426,152931,0.382327
-11.2,18.2,400000,44235,0.110588,151828,0.37957
-11.2,18.4,400000,44673,0.111683,152318,0.380795
-11.2,18.6,400000,45018,0.112545,152267,0.380667
-11.2,18.8,400000,44563,0.111408,152267,0.380667
-11.2,19,400000,44726,0.111815,152234,0.380585
-11.2,19.2,400000,44750,0.111875,152559,0.381398
-11.2,19.4,400000,45242,0.113105,152427,0.381068
-11.2,19.6,400000,44881,0.112202,151538,0.378845
-11.2,19.8,400000,44742,0.111855,152191,0.380478
-11.2,20,400000,44513,0.111283,151932,0.37983
-11.2,20.2,400000,44557,0.111393,151466,0.378665
-11.2,20.4,400000,44617,0.111543,152596,0.38149
-11.2,20.6,400000,44331,0.110827,152208,0.38052
-11.2,20.8,400000,44918,0.112295,152327,0.380817
-11.2,21,400000,44859,0.112147,152446,0.381115
-11.2,21.2,400000,45138,0.112845,152781,0.381952
-11.2,21.4,400000,45018,0.112545,152106,0.380265
-11.2,21.6,400000,44501,0.111253,151961,0.379902
-11.2,21.8,400000,44545,0.111363,151853,0.379632
-11.2,22,400000,44619,0.111547,151948,0.37987
-11.2,22.2,400000,44741,0.111852,152590,0.381475
-11.2,22.4,400000,44722,0.111805,152047,0.380117
-11.2,22.6,400000,44747,0.111867,152154,0.380385
-11.2,22.8,400000,44436,0.11109,152033,0.380082
-11.2,23,400000,45072,0.11268,152615,0.381537
-11.2,23.2,400000,44599,0.111497,151835,0.379588
-11.2,23.4,400000,44644,0.11161,152247,0.380617
-11.2,23.6,400000,45135,0.112837,152113,0.380283
-11.2,23.8,400000,45757,0.114392,153100,0.38275
-11.2,24,400000,44605,0.111513,152334,0.380835
-11.2,24.2,400000,44576,0.11144,151788,0.37947
-11.2,24.4,400000,44790,0.111975,152057,0.380142
-11.2,24.6,400000,44747,0.111867,152252,0.38063
-11.2,24.8,400000,45112,0.11278,152609,0.381522
-11.2,25,400000,44810,0.112025,151757,0.379393
-11.2,25.2,400000,44327,0.110817,151859,0.379648
-11.2,25.4,400000,44601,0.111503,152546,0.381365
-11.2,25.6,400000,44964,0.11241,152491,0.381227
-11.2,25.8,400000,44658,0.111645,152197,0.380493
-11.2,26,400000,45344,0.11336,151918,0.379795
-11.2,26.2,400000,44552,0.11138,152072,0.38018
-11.2,26.4,400000,44983,0.112458,151853,0.379632
-11.2,26.6,400000,45106,0.112765,152073,0.380182
-11.2,26.8,400000,44380,0.11095,151581,0.378953
-11.2,27,400000,45310,0.113275,152332,0.38083
-11.2,27.2,400000,44502,0.111255,152242,0.380605
-11.2,27.4,400000,44753,0.111882,152372,0.38093
-11.2,27.6,400000,44814,0.112035,151725,0.379312
-11.2,27.8,400000,45251,0.113128,151984,0.37996
-11.2,28,400000,44880,0.1122,151150,0.377875
-11.2,28.2,400000,44898,0.112245,152368,0.38092
-11.2,28.4,400000,44515,0.111287,152055,0.380138
-11.2,28.6,400000,44586,0.111465,152168,0.38042
-11.2,28.8,400000,44858,0.112145,152158,0.380395
-11.2,29,400000,45089,0.112723,152246,0.380615
-11.2,29.2,400000,44950,0.112375,152377,0.380943
-11.2,29.4,400000,44652,0.11163,151899,0.379748
-11.2,29.6,400000,45073,0.112683,152311,0.380777
-11.2,29.8,400000,45135,0.112837,152918,0.382295
-11.2,30,400000,44856,0.11214,152101,0.380252
-11.2,30.2,400000,45546,0.113865,152102,0.380255
-11.2,30.4,400000,45091,0.112727,152308,0.38077
-11.2,30.6,400000,44846,0.112115,152997,0.382493
-11.2,30.8,400000,44841,0.112102,152752,0.38188
-11.2,31,400000,44345,0.110863,151927,0.379817
-11.2,31.2,400000,44821,0.112052,152646,0.381615
-11.2,31.4,400000,45226,0.113065,152106,0.380265
-11.2,31.6,400000,45205,0.113013,152213,0.380532
-11.2,31.8,400000,44909,0.112272,152103,0.380258
-11.2,32,400000,44996,0.11249,152303,0.380758
-11.2,32.2,400000,45186,0.112965,151959,0.379897
-11.2,32.4,400000,45130,0.112825,152495,0.381238
-11.2,32.6,400000,45016,0.11254,152269,0.380673
-11.2,32.8,400000,44865,0.112162,151949,0.379873
-11.2,33,400000,44683,0.111708,151918,0.379795
-11.2,33.2,400000,44882,0.112205,151922,0.379805
-11.2,33.4,400000,45016,0.11254,151998,0.379995
-11.2,33.6,400000,44349,0.110872,151711,0.379277
-11.2,33.8,400000,45169,0.112922,151977,0.379943
-11.2,34,400000,44632,0.11158,152275,0.380688
-11.2,34.2,400000,44956,0.11239,151834,0.379585
-11.2,34.4,400000,45123,0.112808,151956,0.37989
-11.2,34.6,400000,45413,0.113532,152420,0.38105
-11.2,34.8,400000,44799,0.111997,152057,0.380142
-11.2,35,400000,44802,0.112005,151896,0.37974
-11.2,35.2,400000,44499,0.111247,151973,0.379933
-11.2,35.4,400000,45031,0.112577,151973,0.379933
-11.2,35.6,400000,44848,0.11212,152230,0.380575
-11.2,35.8,400000,45066,0.112665,152334,0.380835
-11.2,36,400000,44694,0.111735,151926,0.379815
-11.2,36.2,400000,44837,0.112092,152279,0.380698
-11.2,36.4,400000,45580,0.11395,152627,0.381568
-11.2,36.6,400000,44308,0.11077,152336,0.38084
-11.2,36.8,400000,44900,0.11225,152174,0.380435
-11.2,37,400000,45258,0.113145,153092,0.38273
-11.2,37.2,400000,44906,0.112265,152222,0.380555
-11.2,37.4,400000,45735,0.114337,152485,0.381213
-11.2,37.6,400000,44516,0.11129,151512,0.37878
-11.2,37.8,400000,44950,0.112375,152100,0.38025
-11.2,38,400000,44708,0.11177,152325,0.380812
-11.2,38.2,400000,44860,0.11215,152077,0.380192
-11.2,38.4,400000,44892,0.11223,151862,0.379655
-11.2,38.6,400000,44875,0.112187,151472,0.37868
-11.2,38.8,400000,45137,0.112842,152336,0.38084
-11.2,39,400000,45171,0.112928,152393,0.380983
-11.2,39.2,400000,45104,0.11276,152420,0.38105
-11.2,39.4,400000,44683,0.111708,152208,0.38052
-11.2,39.6,400000,45008,0.11252,152572,0.38143
-11.2,39.8,400000,44894,0.112235,152176,0.38044
-11.2,40,400000,44590,0.111475,151513,0.378783
-11.2,40.2,400000,44961,0.112403,152375,0.380937
-11.2,40.4,400000,44492,0.11123,151998,0.379995
-11.2,40.6,400000,45183,0.112958,151729,0.379323
-11.2,40.8,400000,44215,0.110537,151749,0.379373
-11.2,41,400000,45243,0.113107,151858,0.379645
-11.2,41.2,400000,45284,0.11321,152346,0.380865
-11.2,41.4,400000,44282,0.110705,151897,0.379742
-11.2,41.6,400000,45349,0.113373,152616,0.38154
-11.2,41.8,400000,44327,0.110817,151612,0.37903
-11.2,42,400000,44596,0.11149,152035,0.380088
-11.2,42.2,400000,44713,0.111783,152095,0.380238
-11.2,42.4,400000,44467,0.111168,151886,0.379715
-11.2,42.6,400000,45024,0.11256,152125,0.380312
-11.2,42.8,400000,44669,0.111672,151355,0.378387
-11.2,43,400000,45046,0.112615,152663,0.381657
-11.2,43.2,400000,44806,0.112015,152758,0.381895
-11.2,43.4,400000,45096,0.11274,152169,0.380422
-11.2,43.6,400000,45291,0.113227,152263,0.380657
-11.2,43.8,400000,44954,0.112385,151987,0.379968
-11.2,44,400000,44701,0.111753,151937,0.379843
-11.2,44.2,400000,44767,0.111918,152084,0.38021
-11.2,44.4,400000,44887,0.112217,152118,0.380295
-11.2,44.6,400000,45320,0.1133,151882,0.379705
-11.2,44.8,400000,44577,0.111442,152400,0.381
-11.2,45,400000,44572,0.11143,152114,0.380285
-11.2,45.2,400000,44614,0.111535,151550,0.378875
-11.2,45.4,400000,44664,0.11166,151331,0.378327
-11.2,45.6,400000,45133,0.112833,152860,0.38215
-11.2,45.8,400000,44700,0.11175,151939,0.379848
-11.2,46,400000,44801,0.112003,152988,0.38247
-11.2,46.2,400000,44512,0.11128,151129,0.377823
-11.2,46.4,400000,44714,0.111785,152028,0.38007
-11.2,46.6,400000,44914,0.112285,151711,0.379277
-11.2,46.8,400000,44603,0.111507,152163,0.380408
-11.2,47,400000,44893,0.112232,152441,0.381103
-11.2,47.2,400000,45092,0.11273,151939,0.379848
-11.2,47.4,400000,44745,0.111863,152021,0.380053
-11.2,47.6,400000,44806,0.112015,152487,0.381217
-11.2,47.8,400000,45037,0.112592,152333,0.380833
-11.2,48,400000,44821,0.112052,151415,0.378538
-11.2,48.2,400000,44483,0.111208,152309,0.380773
-11.2,48.4,400000,44368,0.11092,152029,0.380072
-11.2,48.6,400000,45227,0.113068,152193,0.380483
-11.2,48.8,400000,44578,0.111445,151665,0.379163
-11.2,49,400000,44559,0.111397,151498,0.378745
-11.2,49.2,400000,44794,0.111985,152218,0.380545
-11.2,49.4,400000,45040,0.1126,152308,0.38077
-11.2,49.6,400000,45068,0.11267,152146,0.380365
-11.2,49.8,400000,44771,0.111927,152390,0.380975
-11.2,50,400000,44886,0.112215,152595,0.381487
-11,-50,400000,44605,0.111513,151862,0.379655
-11,-49.8,400000,44866,0.112165,152006,0.380015
-11,-49.6,400000,45076,0.11269,151958,0.379895
-11,-49.4,400000,44910,0.112275,152247,0.380617
-11,-49.2,400000,44802,0.112005,151677,0.379192
-11,-49,400000,44344,0.11086,152042,0.380105
-11,-48.8,400000,44740,0.11185,151540,0.37885
-11,-48.6,400000,45147,0.112867,151922,0.379805
-11,-48.4,400000,44327,0.110817,151951,0.379877
-11,-48.2,400000,44688,0.11172,151692,0.37923
-11,-48,400000,44911,0.112278,151766,0.379415
-11,-47.8,400000,44862,0.112155,152280,0.3807
-11,-47.6,400000,44536,0.11134,152096,0.38024
-11,-47.4,400000,45214,0.113035,152647,0.381617
-11,-47.2,400000,44888,0.11222,152355,0.380887
-11,-47,400000,44937,0.112342,151362,0.378405
-11,-46.8,400000,45158,0.112895,152390,0.380975
-11,-46.6,400000,44979,0.112448,152316,0.38079
-11,-46.4,400000,45157,0.112893,152231,0.380578
-11,-46.2,400000,44756,0.11189,152282,0.380705
-11,-46,400000,44597,0.111492,152228,0.38057
-11,-45.8,400000,44636,0.11159,152357,0.380893
-11,-45.6,400000,44681,0.111702,151936,0.37984
-11,-45.4,400000,44682,0.111705,152089,0.380223
-11,-45.2,400000,44897,0.112242,151419,0.378547
-11,-45,400000,44627,0.111568,151976,0.37994
-11,-44.8,400000,44493,0.111232,151712,0.37928
-11,-44.6,400000,44733,0.111833,151736,0.37934
-11,-44.4,400000,44966,0.112415,151918,0.379795
-11,-44.2,400000,44288,0.11072,152204,0.38051
-11,-44,400000,45029,0.112573,151654,0.379135
-11,-43.8,400000,45488,0.11372,152730,0.381825
-11,-43.6,400000,44770,0.111925,152105,0.380263
-11,-43.4,400000,45133,0.112833,151767,0.379418
-11,-43.2,400000,44427,0.111067,151934,0.379835
-11,-43,400000,44270,0.110675,151630,0.379075
-11,-42.8,400000,45166,0.112915,152429,0.381072
-11,-42.6,400000,44793,0.111982,151905,0.379763
-11,-42.4,400000,44858,0.112145,152477,0.381192
-11,-42.2,400000,44835,0.112088,152253,0.380632
-11,-42,400000,44433,0.111083,151820,0.37955
-11,-41.8,400000,44597,0.111492,151589,0.378972
-11,-41.6,400000,45464,0.11366,152696,0.38174
-11,-41.4,400000,45633,0.114083,152515,0.381288
-11,-41.2,400000,45113,0.112782,152391,0.380978
-11,-41,400000,44784,0.11196,152463,0.381157
-11,-40.8,400000,44739,0.111848,152566,0.381415
-11,-40.6,400000,45458,0.113645,152997,0.382493
-11,-40.4,400000,45127,0.112818,152690,0.381725
-11,-40.2,400000,44660,0.11165,152095,0.380238
-11,-40,400000,44543,0.111357,152120,0.3803
-11,-39.8,400000,45707,0.114267,152272,0.38068
-11,-39.6,400000,44612,0.11153,151935,0.379837
-11,-39.4,400000,44423,0.111058,151837,0.379592
-11,-39.2,400000,44936,0.11234,152082,0.380205
-11,-39,400000,44449,0.111122,151543,0.378858
-11,-38.8,400000,44736,0.11184,152225,0.380563
-11,-38.6,400000,44967,0.112418,151758,0.379395
-11,-38.4,400000,45115,0.112787,152527,0.381317
-11,-38.2,400000,44717,0.111793,151797,0.379493
-11,-38,400000,44857,0.112143,152514,0.381285
-11,-37.8,400000,45059,0.112647,151860,0.37965
-11,-37.6,400000,44671,0.111677,152045,0.380113
-11,-37.4,400000,44749,0.111872,151958,0.379895
-11,-37.2,400000,44648,0.11162,151939,0.379848
-11,-37,400000,44985,0.112463,152322,0.380805
-11,-36.8,400000,45046,0.112615,152829,0.382072
-11,-36.6,400000,44793,0.111982,152011,0.380028
-11,-36.4,400000,45335,0.113337,151861,0.379653
-11,-36.2,400000,45080,0.1127,152100,0.38025
-11,-36,400000,44555,0.111388,151589,0.378972
-11,-35.8,400000,44582,0.111455,151885,0.379713
-11,-35.6,400000,44398,0.110995,151489,0.378723
-11,-35.4,400000,44857,0.112143,152213,0.380532
-11,-35.2,400000,45441,0.113602,152274,0.380685
-11,-35,400000,44451,0.111128,151778,0.379445
-11,-34.8,400000,44389,0.110973,151845,0.379613
-11,-34.6,400000,44959,0.112397,152462,0.381155
-11,-34.4,400000,45122,0.112805,152372,0.38093
-11,-34.2,400000,44852,0.11213,151846,0.379615
-11,-34,400000,44868,0.11217,152090,0.380225
-11,-33.8,400000,44452,0.11113,152100,0.38025
-11,-33.6,400000,44983,0.112458,151925,0.379812
-11,-33.4,400000,45089,0.112723,152034,0.380085
-11,-33.2,400000,44762,0.111905,152241,0.380603
-11,-33,400000,45142,0.112855,152385,0.380962
-11,-32.8,400000,44327,0.110817,152681,0.381703
-11,-32.6,400000,44690,0.111725,151827,0.379568
-11,-32.4,400000,44830,0.112075,152647,0.381617
-11,-32.2,400000,44868,0.11217,152265,0.380663
-11,-32,400000,45085,0.112712,152278,0.380695
-11,-31.8,400000,45140,0.11285,152145,0.380362
-11,-31.6,400000,44589,0.111473,152375,0.380937
-11,-31.4,400000,45050,0.112625,152392,0.38098
-11,-31.2,400000,44489,0.111223,152359,0.380897
-11,-31,400000,45178,0.112945,152812,0.38203
-11,-30.8,400000,44742,0.111855,152106,0.380265
-11,-30.6,400000,45206,0.113015,152857,0.382142
-11,-30.4,400000,44511,0.111278,152343,0.380858
-11,-30.2,400000,44547,0.111367,151899,0.379748
-11,-30,400000,45029,0.112573,152390,0.380975
-11,-29.8,400000,45032,0.11258,152225,0.380563
-11,-29.6,400000,44739,0.111848,152587,0.381468
-11,-29.4,400000,44869,0.112172,152850,0.382125
-11,-29.2,400000,45013,0.112532,152177,0.380443
-11,-29,400000,44222,0.110555,151653,0.379132
-11,-28.8,400000,44849,0.112122,152311,0.380777
-11,-28.6,400000,45208,0.11302,152314,0.380785
-11,-28.4,400000,44654,0.111635,151856,0.37964
-11,-28.2,400000,44785,0.111963,152713,0.381783
-11,-28,400000,44830,0.112075,151772,0.37943
-11,-27.8,400000,44263,0.110658,151696,0.37924
-11,-27.6,400000,44629,0.111573,151997,0.379993
-11,-27.4,400000,44328,0.11082,152089,0.380223
-11,-27.2,400000,44896,0.11224,151868,0.37967
-11,-27,400000,45039,0.112598,151812,0.37953
-11,-26.8,400000,45071,0.112677,152633,0.381582
-11,-26.6,400000,45339,0.113348,152677,0.381692
-11,-26.4,400000,45035,0.112587,151706,0.379265
-11,-26.2,400000,44821,0.112052,151793,0.379483
-11,-26,400000,45439,0.113598,152138,0.380345
-11,-25.8,400000,44864,0.11216,152095,0.380238
-11,-25.6,400000,44677,0.111693,152311,0.380777
-11,-25.4,400000,44858,0.112145,152083,0.380207
-11,-25.2,400000,45586,0.113965,152653,0.381632
-11,-25,400000,44943,0.112357,152436,0.38109
-11,-24.8,400000,44357,0.110893,151707,0.379267
-11,-24.6,400000,44518,0.111295,152531,0.381327
-11,-24.4,400000,45285,0.113212,152686,0.381715
-11,-24.2,400000,44779,0.111948,152599,0.381497
-11,-24,400000,44612,0.11153,151871,0.379678
-11,-23.8,400000,44766,0.111915,152431,0.381078
-11,-23.6,400000,45383,0.113458,153137,0.382842
-11,-23.4,400000,44905,0.112263,152578,0.381445
-11,-23.2,400000,45041,0.112602,152015,0.380037
-11,-23,400000,45266,0.113165,152241,0.380603
-11,-22.8,400000,44724,0.11181,152075,0.380188
-11,-22.6,400000,44723,0.111808,152159,0.380397
-11,-22.4,400000,44978,0.112445,152176,0.38044
-11,-22.2,400000,45098,0.112745,152161,0.380402
-11,-22,400000,44692,0.11173,151933,0.379833
-11,-21.8,400000,44581,0.111452,151897,0.379742
-11,-21.6,400000,44857,0.112143,152076,0.38019
-11,-21.4,400000,44917,0.112293,152967,0.382418
-11,-21.2,400000,44875,0.112187,152040,0.3801
-11,-21,400000,45090,0.112725,152315,0.380788
-11,-20.8,400000,44743,0.111857,152687,0.381717
-11,-20.6,400000,44939,0.112348,152539,0.381348
-11,-20.4,400000,44315,0.110787,151680,0.3792
-11,-20.2,400000,44703,0.111757,152366,0.380915
-11,-20,400000,44758,0.111895,152356,0.38089
-11,-19.8,400000,44420,0.11105,151882,0.379705
-11,-19.6,400000,45061,0.112653,152425,0.381063
-11,-19.4,400000,45044,0.11261,152476,0.38119
-11,-19.2,400000,44841,0.112102,151651,0.379128
-11,-19,400000,45180,0.11295,152286,0.380715
-11,-18.8,400000,44779,0.111948,151750,0.379375
-11,-18.6,400000,44704,0.11176,151897,0.379742
-11,-18.4,400000,44961,0.112403,152314,0.380785
-11,-18.2,400000,45174,0.112935,152739,0.381848
-11,-18,400000,44665,0.111662,151932,0.37983
-11,-17.8,400000,44789,0.111973,151691,0.379227
-11,-17.6,400000,44725,0.111812,152216,0.38054
-11,-17.4,400000,45293,0.113232,151927,0.379817
-11,-17.2,400000,44646,0.111615,152310,0.380775
-11,-17,400000,44841,0.112102,151439,0.378597
-11,-16.8,400000,45050,0.112625,152170,0.380425
-11,-16.6,400000,45112,0.11278,152753,0.381883
-11,-16.4,400000,45424,0.11356,152329,0.380823
-11,-16.2,400000,44662,0.111655,151802,0.379505
-11,-16,400000,44883,0.112208,151848,0.37962
-11,-15.8,400000,44725,0.111812,151827,0.379568
-11,-15.6,400000,45216,0.11304,152457,0.381142
-11,-15.4,400000,45064,0.11266,152025,0.380063
-11,-15.2,400000,44742,0.111855,152025,0.380063
-11,-15,400000,44769,0.111922,152434,0.381085
-11,-14.8,400000,45033,0.112583,152078,0.380195
-11,-14.6,400000,45116,0.11279,152439,0.381097
-11,-14.4,400000,44976,0.11244,152062,0.380155
-11,-14.2,400000,44471,0.111177,152189,0.380472
-11,-14,400000,44920,0.1123,152368,0.38092
-11,-13.8,400000,45155,0.112888,152425,0.381063
-11,-13.6,400000,44994,0.112485,152515,0.381288
-11,-13.4,400000,44884,0.11221,152277,0.380692
-11,-13.2,400000,45413,0.113532,152221,0.380553
-11,-13,400000,44884,0.11221,152006,0.380015
-11,-12.8,400000,44570,0.111425,151825,0.379563
-11,-12.6,400000,44923,0.112308,152380,0.38095
-11,-12.4,400000,45107,0.112768,152567,0.381418
-11,-12.2,400000,44971,0.112427,152276,0.38069
-11,-12,400000,44938,0.112345,152384,0.38096
-11,-11.8,400000,44838,0.112095,151830,0.379575
-11,-11.6,400000,45291,0.113227,152523,0.381308
-11,-11.4,400000,44764,0.11191,152204,0.38051
-11,-11.2,400000,44457,0.111143,152127,0.380317
-11,-11,400000,45052,0.11263,152088,0.38022
-11,-10.8,400000,45146,0.112865,151984,0.37996
-11,-10.6,400000,44981,0.112452,152298,0.380745
-11,-10.4,400000,44673,0.111683,151834,0.379585
-11,-10.2,400000,45124,0.11281,152580,0.38145
-11,-10,400000,45256,0.11314,152256,0.38064
-11,-9.8,400000,44842,0.112105,152627,0.381568
-11,-9.6,400000,44735,0.111838,152572,0.38143
-11,-9.4,400000,44312,0.11078,151982,0.379955
-11,-9.2,400000,44626,0.111565,151803,0.379507
-11,-9,400000,45071,0.112677,152478,0.381195
-11,-8.8,400000,44990,0.112475,152110,0.380275
-11,-8.6,400000,44759,0.111897,151946,0.379865
-11,-8.4,400000,44745,0.111863,151974,0.379935
-11,-8.2,400000,44402,0.111005,151328,0.37832
-11,-8,400000,45063,0.112657,152243,0.380607
-11,-7.8,400000,45233,0.113083,152737,0.381842
-11,-7.6,400000,44391,0.110978,151640,0.3791
-11,-7.4,400000,44562,0.111405,151926,0.379815
-11,-7.2,400000,44997,0.112492,152206,0.380515
-11,-7,400000,45092,0.11273,151881,0.379702
-11,-6.8,400000,44881,0.112202,151964,0.37991
-11,-6.6,400000,44761,0.111903,152199,0.380497
-11,-6.4,400000,45450,0.113625,152902,0.382255
-11,-6.2,400000,44680,0.1117,152355,0.380887
-11,-6,400000,44760,0.1119,151804,0.37951
-11,-5.8,400000,44104,0.11026,151687,0.379217
-11,-5.6,400000,45146,0.112865,152284,0.38071
-11,-5.4,400000,45149,0.112873,152476,0.38119
-11,-5.2,400000,44545,0.111363,152277,0.380692
-11,-5,400000,45180,0.11295,152168,0.38042
-11,-4.8,400000,44565,0.111412,152096,0.38024
-11,-4.6,400000,45210,0.113025,151990,0.379975
-11,-4.4,400000,44576,0.11144,151664,0.37916
-11,-4.2,400000,45077,0.112693,152511,0.381277
-11,-4,400000,44552,0.11138,151635,0.379088
-11,-3.8,400000,44644,0.11161,151723,0.379308
-11,-3.6,400000,44363,0.110908,151358,0.378395
-11,-3.4,400000,45005,0.112513,152362,0.380905
-11,-3.2,400000,44970,0.112425,151739,0.379348
-11,-3,400000,44719,0.111797,152417,0.381043
-11,-2.8,400000,45293,0.113232,152080,0.3802
-11,-2.6,400000,44201,0.110503,151793,0.379483
-11,-2.4,400000,45058,0.112645,152678,0.381695
-11,-2.2,400000,44799,0.111997,153148,0.38287
-11,-2,400000,44673,0.111683,152577,0.381443
-11,-1.8,400000,44916,0.11229,151719,0.379298
-11,-1.6,400000,44906,0.112265,151846,0.379615
-11,-1.4,400000,44940,0.11235,151970,0.379925
-11,-1.2,400000,44483,0.111208,151748,0.37937
-11,-1,400000,44932,0.11233,152141,0.380352
-11,-0.8,400000,44460,0.11115,151816,0.37954
-11,-0.6,400000,44779,0.111948,151759,0.379397
-11,-0.4,400000,44728,0.11182,152125,0.380312
-11,-0.2,400000,44674,0.111685,151791,0.379478
-11,0,400000,45283,0.113208,152675,0.381688
-11,0.2,400000,45218,0.113045,152349,0.380873
-11,0.4,400000,44339,0.110848,152077,0.380192
-11,0.6,400000,44590,0.111475,152013,0.380032
-11,0.8,400000,44997,0.112492,151994,0.379985
-11,1,400000,44504,0.11126,151975,0.379937
-11,1.2,400000,44670,0.111675,152192,0.38048
-11,1.4,400000,44732,0.11183,151720,0.3793
-11,1.6,400000,43893,0.109732,151719,0.379298
-11,1.8,400000,45215,0.113037,152123,0.380308
-11,2,400000,44379,0.110948,152100,0.38025
-11,2.2,400000,45318,0.113295,152130,0.380325
-11,2.4,400000,44762,0.111905,152666,0.381665
-11,2.6,400000,44682,0.111705,152074,0.380185
-11,2.8,400000,44790,0.111975,152160,0.3804
-11,3,400000,45216,0.11304,151802,0.379505
-11,3.2,400000,44531,0.111327,152242,0.380605
-11,3.4,400000,44368,0.11092,151850,0.379625
-11,3.6,400000,44602,0.111505,152166,0.380415
-11,3.8,400000,44625,0.111562,152086,0.380215
-11,4,400000,45174,0.112935,152438,0.381095
-11,4.2,400000,44799,0.111997,152056,0.38014
-11,4.4,400000,44638,0.111595,152170,0.380425
-11,4.6,400000,44128,0.11032,151256,0.37814
-11,4.8,400000,45018,0.112545,152245,0.380613
-11,5,400000,44624,0.11156,152638,0.381595
-11,5.2,400000,44802,0.112005,152010,0.380025
-11,5.4,400000,44642,0.111605,152299,0.380748
-11,5.6,400000,45276,0.11319,152365,0.380912
-11,5.8,400000,45068,0.11267,151856,0.37964
-11,6,400000,45165,0.112912,152251,0.380628
-11,6.2,400000,44848,0.11212,152019,0.380047
-11,6.4,400000,45322,0.113305,152473,0.381182
-11,6.6,400000,44783,0.111958,151918,0.379795
-11,6.8,400000,44876,0.11219,152078,0.380195
-11,7,400000,44936,0.11234,152029,0.380072
-11,7.2,400000,44460,0.11115,152182,0.380455
-11,7.4,400000,44030,0.110075,151428,0.37857
-11,7.6,400000,44861,0.112153,152329,0.380823
-11,7.8,400000,44596,0.11149,151808,0.37952
-11,8,400000,44913,0.112282,152685,0.381713
-11,8.2,400000,45011,0.112528,152467,0.381167
-11,8.4,400000,44525,0.111312,151411,0.378528
-11,8.6,400000,44749,0.111872,152659,0.381647
-11,8.8,400000,44775,0.111937,151567,0.378918
-11,9,400000,44813,0.112032,152222,0.380555
-11,9.2,400000,44781,0.111952,151698,0.379245
-11,9.4,400000,44904,0.11226,152755,0.381887
-11,9.6,400000,45167,0.112918,152537,0.381342
-11,9.8,400000,44517,0.111293,151611,0.379028
-11,10,400000,44466,0.111165,152315,0.380788
-11,10.2,400000,45063,0.112657,152454,0.381135
-11,10.4,400000,45310,0.113275,152656,0.38164
-11,10.6,400000,44944,0.11236,151758,0.379395
-11,10.8,400000,45130,0.112825,152533,0.381333
-11,11,400000,44647,0.111617,151654,0.379135
-11,11.2,400000,44979,0.112448,152198,0.380495
-11,11.4,400000,44686,0.111715,152134,0.380335
-11,11.6,400000,44528,0.11132,152332,0.38083
-11,11.8,400000,44875,0.112187,151840,0.3796
-11,12,400000,44852,0.11213,152394,0.380985
-11,12.2,400000,44874,0.112185,151881,0.379702
-11,12.4,400000,44740,0.11185,151890,0.379725
-11,12.6,400000,44520,0.1113,152393,0.380983
-11,12.8,400000,44958,0.112395,151711,0.379277
-11,13,400000,45020,0.11255,152100,0.38025
-11,13.2,400000,44970,0.112425,152651,0.381628
-11,13.4,400000,45135,0.112837,152239,0.380597
-11,13.6,400000,45079,0.112698,151605,0.379012
-11,13.8,400000,44766,0.111915,152202,0.380505
-11,14,400000,44909,0.112272,152345,0.380862
-11,14.2,400000,44931,0.112327,152264,0.38066
-11,14.4,400000,45513,0.113782,152324,0.38081
-11,14.6,400000,44612,0.11153,151358,0.378395
-11,14.8,400000,44361,0.110903,152530,0.381325
-11,15,400000,44997,0.112492,152891,0.382227
-11,15.2,400000,44749,0.111872,152380,0.38095
-11,15.4,400000,45236,0.11309,152468,0.38117
-11,15.6,400000,45506,0.113765,152569,0.381422
-11,15.8,400000,44070,0.110175,151901,0.379752
-11,16,400000,44554,0.111385,152087,0.380217
-11,16.2,400000,44409,0.111022,152006,0.380015
-11,16.4,400000,44591,0.111477,151985,0.379962
-11,16.6,400000,45003,0.112507,152502,0.381255
-11,16.8,400000,44476,0.11119,152179,0.380447
-11,17,400000,44638,0.111595,151997,0.379993
-11,17.2,400000,44799,0.111997,152325,0.380812
-11,17.4,400000,45327,0.113318,152303,0.380758
-11,17.6,400000,44639,0.111598,151966,0.379915
-11,17.8,400000,45168,0.11292,151848,0.37962
-11,18,400000,44541,0.111352,151675,0.379188
-11,18.2,400000,44041,0.110103,151808,0.37952
-11,18.4,400000,44994,0.112485,152847,0.382117
-11,18.6,400000,44529,0.111323,151595,0.378987
-11,18.8,400000,45027,0.112568,152288,0.38072
-11,19,400000,44604,0.11151,151995,0.379987
-11,19.2,400000,44547,0.111367,152061,0.380153
-11,19.4,400000,45451,0.113628,152930,0.382325
-11,19.6,400000,44691,0.111727,151827,0.379568
-11,19.8,400000,45188,0.11297,151850,0.379625
-11,20,400000,45527,0.113818,153039,0.382597
-11,20.2,400000,44756,0.11189,152181,0.380453
-11,20.4,400000,44741,0.111852,152140,0.38035
-11,20.6,400000,44948,0.11237,152693,0.381732
-11,20.8,400000,44396,0.11099,151871,0.379678
-11,21,400000,44719,0.111797,152154,0.380385
-11,21.2,400000,45363,0.113407,151934,0.379835
-11,21.4,400000,44543,0.111357,151835,0.379588
-11,21.6,400000,44819,0.112047,152788,0.38197
-11,21.8,400000,44741,0.111852,152010,0.380025
-11,22,400000,45425,0.113562,152764,0.38191
-11,22.2,400000,45197,0.112992,152155,0.380387
-11,22.4,400000,45002,0.112505,151744,0.37936
-11,22.6,400000,44888,0.11222,152368,0.38092
-11,22.8,400000,44375,0.110937,151950,0.379875
-11,23,400000,44727,0.111818,151911,0.379777
-11,23.2,400000,44896,0.11224,152077,0.380192
-11,23.4,400000,44761,0.111903,152435,0.381088
-11,23.6,400000,44427,0.111067,152085,0.380213
-11,23.8,400000,44865,0.112162,152409,0.381022
-11,24,400000,44815,0.112037,152251,0.380628
-11,24.2,400000,44881,0.112202,152344,0.38086
-11,24.4,400000,45026,0.112565,152560,0.3814
-11,24.6,400000,44676,0.11169,152242,0.380605
-11,24.8,400000,45136,0.11284,152879,0.382198
-11,25,400000,44283,0.110708,152012,0.38003
-11,25.2,400000,44805,0.112013,152284,0.38071
-11,25.4,400000,44772,0.11193,151955,0.379887
-11,25.6,400000,45054,0.112635,152092,0.38023
-11,25.8,400000,44330,0.110825,151831,0.379578
-11,26,400000,44190,0.110475,151621,0.379053
-11,26.2,400000,44520,0.1113,151812,0.37953
-11,26.4,400000,44387,0.110967,151955,0.379887
-11,26.6,400000,45062,0.112655,152077,0.380192
-11,26.8,400000,44547,0.111367,152328,0.38082
-11,27,400000,44970,0.112425,152264,0.38066
-11,27.2,400000,44700,0.11175,152220,0.38055
-11,27.4,400000,44661,0.111653,151545,0.378862
-11,27.6,400000,45013,0.112532,152555,0.381387
-11,27.8,400000,44917,0.112293,152352,0.38088
-11,28,400000,45363,0.113407,152396,0.38099
-11,28.2,400000,44723,0.111808,151559,0.378897
-11,28.4,400000,45274,0.113185,152597,0.381493
-11,28.6,400000,44485,0.111213,152333,0.380833
-11,28.8,400000,44831,0.112077,152089,0.380223
-11,29,400000,44219,0.110548,151615,0.379038
-11,29.2,400000,44713,0.111783,151507,0.378767
-11,29.4,400000,44564,0.11141,152311,0.380777
-11,29.6,400000,45132,0.11283,152752,0.38188
-11,29.8,400000,44596,0.11149,151862,0.379655
-11,30,400000,44577,0.111442,152486,0.381215
-11,30.2,400000,44598,0.111495,151629,0.379072
-11,30.4,400000,44750,0.111875,152027,0.380068
-11,30.6,400000,44802,0.112005,151526,0.378815
-11,30.8,400000,44929,0.112323,152273,0.380682
-11,31,400000,44543,0.111357,151961,0.379902
-11,31.2,400000,44936,0.11234,151964,0.37991
-11,31.4,400000,44892,0.11223,151555,0.378887
-11,31.6,400000,44398,0.110995,152100,0.38025
-11,31.8,400000,45300,0.11325,152077,0.380192
-11,32,400000,44073,0.110183,151382,0.378455
-11,32.2,400000,44351,0.110878,151562,0.378905
-11,32.4,400000,44940,0.11235,152058,0.380145
-11,32.6,400000,44374,0.110935,152259,0.380648
-11,32.8,400000,45305,0.113263,152208,0.38052
-11,33,400000,44576,0.11144,151549,0.378873
-11,33.2,400000,45081,0.112702,151856,0.37964
-11,33.4,400000,44306,0.110765,152085,0.380213
-11,33.6,400000,44535,0.111338,152105,0.380263
-11,33.8,400000,44999,0.112498,151675,0.379188
-11,34,400000,44757,0.111893,152486,0.381215
-11,34.2,400000,45325,0.113312,152593,0.381483
-11,34.4,400000,44743,0.111857,151576,0.37894
-11,34.6,400000,44455,0.111138,151983,0.379958
-11,34.8,400000,44774,0.111935,151927,0.379817
-11,35,400000,44376,0.11094,151668,0.37917
-11,35.2,400000,44708,0.11177,151884,0.37971
-11,35.4,400000,44803,0.112007,151995,0.379987
-11,35.6,400000,44833,0.112083,151957,0.379893
-11,35.8,400000,44557,0.111393,152131,0.380327
-11,36,400000,44944,0.11236,151624,0.37906
-11,36.2,400000,44730,0.111825,151741,0.379352
-11,36.4,400000,44817,0.112043,152176,0.38044
-11,36.6,400000,44684,0.11171,151896,0.37974
-11,36.8,400000,44536,0.11134,151992,0.37998
-11,37,400000,45285,0.113212,152413,0.381032
-11,37.2,400000,44719,0.111797,151926,0.379815
-11,37.4,400000,44960,0.1124,151997,0.379993
-11,37.6,400000,44844,0.11211,152200,0.3805
-11,37.8,400000,44872,0.11218,152180,0.38045
-11,38,400000,44577,0.111442,151592,0.37898
-11,38.2,400000,44296,0.11074,151726,0.379315
-11,38.4,400000,44816,0.11204,152308,0.38077
-11,38.6,400000,45178,0.112945,152398,0.380995
-11,38.8,400000,45196,0.11299,152283,0.380707
-11,39,400000,44844,0.11211,152635,0.381588
-11,39.2,400000,45122,0.112805,152245,0.380613
-11,39.4,400000,45021,0.112552,151971,0.379927
-11,39.6,400000,44932,0.11233,151731,0.379327
-11,39.8,400000,44611,0.111528,152011,0.380028
-11,40,400000,44877,0.112193,151625,0.379063
-11,40.2,400000,44164,0.11041,151351,0.378377
-11,40.4,400000,44885,0.112213,152678,0.381695
-11,40.6,400000,44752,0.11188,151722,0.379305
-11,40.8,400000,44857,0.112143,152035,0.380088
-11,41,400000,45104,0.11276,152740,0.38185
-11,41.2,400000,44936,0.11234,151671,0.379178
-11,41.4,400000,45088,0.11272,151894,0.379735
-11,41.6,400000,44704,0.11176,152576,0.38144
-11,41.8,400000,44621,0.111552,152055,0.380138
-11,42,400000,44550,0.111375,151656,0.37914
-11,42.2,400000,44567,0.111418,151648,0.37912
-11,42.4,400000,44839,0.112098,151959,0.379897
-11,42.6,400000,44773,0.111933,151876,0.37969
-11,42.8,400000,44678,0.111695,152122,0.380305
-11,43,400000,44902,0.112255,151850,0.379625
-11,43.2,400000,45365,0.113412,152297,0.380742
-11,43.4,400000,45171,0.112928,151876,0.37969
-11,43.6,400000,44929,0.112323,152506,0.381265
-11,43.8,400000,45224,0.11306,152047,0.380117
-11,44,400000,44649,0.111622,152323,0.380808
-11,44.2,400000,44824,0.11206,151564,0.37891
-11,44.4,400000,44685,0.111713,152435,0.381088
-11,44.6,400000,44193,0.110482,150969,0.377422
-11,44.8,400000,44293,0.110732,151781,0.379453
-11,45,400000,44899,0.112248,151544,0.37886
-11,45.2,400000,44606,0.111515,151872,0.37968
-11,45.4,400000,45046,0.112615,152130,0.380325
-11,45.6,400000,44858,0.112145,151792,0.37948
-11,45.8,400000,44816,0.11204,151631,0.379078
-11,46,400000,44939,0.112348,152262,0.380655
-11,46.2,400000,44622,0.111555,151962,0.379905
-11,46.4,400000,44843,0.112107,152418,0.381045
-11,46.6,400000,44469,0.111172,151783,0.379458
-11,46.8,400000,44895,0.112238,152503,0.381258
-11,47,400000,44616,0.11154,151970,0.379925
-11,47.2,400000,45081,0.112702,152148,0.38037
-11,47.4,400000,44909,0.112272,152013,0.380032
-11,47.6,400000,44399,0.110997,151968,0.37992
-11,47.8,400000,44598,0.111495,152153,0.380383
-11,48,400000,45065,0.112662,152095,0.380238
-11,48.2,400000,44872,0.11218,151880,0.3797
-11,48.4,400000,44467,0.111168,151957,0.379893
-11,48.6,400000,45074,0.112685,151829,0.379572
-11,48.8,400000,44493,0.111232,152403,0.381007
-11,49,400000,44818,0.112045,151565,0.378912
-11,49.2,400000,44310,0.110775,151986,0.379965
-11,49.4,400000,44564,0.11141,151824,0.37956
-11,49.6,400000,45022,0.112555,152309,0.380773
-11,49.8,400000,44608,0.11152,151775,0.379437
-11,50,400000,44805,0.112013,152118,0.380295
-10.8,-50,400000,44593,0.111482,152309,0.380773
-10.8,-49.8,400000,44455,0.111138,151514,0.378785
-10.8,-49.6,400000,44469,0.111172,151632,0.37908
-10.8,-49.4,400000,44883,0.112208,152024,0.38006
-10.8,-49.2,400000,45510,0.113775,152360,0.3809
-10.8,-49,400000,44656,0.11164,152004,0.38001
-10.8,-48.8,400000,44004,0.11001,151996,0.37999
-10.8,-48.6,400000,44915,0.112287,152229,0.380572
-10.8,-48.4,400000,44684,0.11171,152124,0.38031
-10.8,-48.2,400000,44387,0.110967,152126,0.380315
-10.8,-48,400000,44577,0.111442,152318,0.380795
-10.8,-47.8,400000,44700,0.11175,151618,0.379045
-10.8,-47.6,400000,44455,0.111138,151809,0.379522
-10.8,-47.4,400000,45262,0.113155,152247,0.380617
-10.8,-47.2,400000,44266,0.110665,152063,0.380157
-10.8,-47,400000,44601,0.111503,151333,0.378333
-10.8,-46.8,400000,44771,0.111927,152543,0.381358
-10.8,-46.6,400000,45338,0.113345,152066,0.380165
-10.8,-46.4,400000,44848,0.11212,152238,0.380595
-10.8,-46.2,400000,44411,0.111028,151726,0.379315
-10.8,-46,400000,44607,0.111518,151772,0.37943
-10.8,-45.8,400000,44544,0.11136,151967,0.379918
-10.8,-45.6,400000,44568,0.11142,152046,0.380115
-10.8,-45.4,400000,44870,0.112175,151599,0.378997
-10.8,-45.2,400000,44869,0.112172,152478,0.381195
-10.8,-45,400000,44922,0.112305,152295,0.380738
-10.8,-44.8,400000,44610,0.111525,151380,0.37845
-10.8,-44.6,400000,44725,0.111812,152217,0.380543
-10.8,-44.4,400000,44706,0.111765,151593,0.378982
-10.8,-44.2,400000,45254,0.113135,152290,0.380725
-10.8,-44,400000,45003,0.112507,152069,0.380173
-10.8,-43.8,400000,44699,0.111747,152047,0.380117
-10.8,-43.6,400000,44874,0.112185,151855,0.379638
-10.8,-43.4,400000,44833,0.112083,152157,0.380393
-10.8,-43.2,400000,44723,0.111808,152187,0.380468
-10.8,-43,400000,44681,0.111702,152186,0.380465
-10.8,-42.8,400000,45158,0.112895,152229,0.380572
-10.8,-42.6,400000,44699,0.111747,152007,0.380018
-10.8,-42.4,400000,44435,0.111088,151985,0.379962
-10.8,-42.2,400000,44256,0.11064,151752,0.37938
-10.8,-42,400000,44354,0.110885,152055,0.380138
-10.8,-41.8,400000,45064,0.11266,152382,0.380955
-10.8,-41.6,400000,44055,0.110137,152029,0.380072
-10.8,-41.4,400000,44917,0.112293,152122,0.380305
-10.8,-41.2,400000,44722,0.111805,152163,0.380408
-10.8,-41,400000,44356,0.11089,151702,0.379255
-10.8,-40.8,400000,44882,0.112205,152336,0.38084
-10.8,-40.6,400000,44745,0.111863,152135,0.380337
-10.8,-40.4,400000,44774,0.111935,152306,0.380765
-10.8,-40.2,400000,45083,0.112708,152242,0.380605
-10.8,-40,400000,44692,0.11173,152147,0.380368
-10.8,-39.8,400000,44817,0.112043,152080,0.3802
-10.8,-39.6,400000,44448,0.11112,151849,0.379622
-10.8,-39.4,400000,44704,0.11176,152557,0.381393
-10.8,-39.2,400000,44436,0.11109,151661,0.379153
-10.8,-39,400000,45024,0.11256,152079,0.380198
-10.8,-38.8,400000,45030,0.112575,152279,0.380698
-10.8,-38.6,400000,44888,0.11222,152307,0.380767
-10.8,-38.4,400000,44487,0.111217,151983,0.379958
-10.8,-38.2,400000,44425,0.111062,151667,0.379167
-10.8,-38,400000,44956,0.11239,151914,0.379785
-10.8,-37.8,400000,44660,0.11165,152152,0.38038
-10.8,-37.6,400000,44534,0.111335,151995,0.379987
-10.8,-37.4,400000,44939,0.112348,151979,0.379947
-10.8,-37.2,400000,45060,0.11265,152239,0.380597
-10.8,-37,400000,44695,0.111738,151751,0.379377
-10.8,-36.8,400000,44839,0.112098,151918,0.379795
-10.8,-36.6,400000,44697,0.111742,151650,0.379125
-10.8,-36.4,400000,44310,0.110775,151871,0.379678
-10.8,-36.2,400000,44608,0.11152,151648,0.37912
-10.8,-36,400000,44721,0.111802,151563,0.378908
-10.8,-35.8,400000,44793,0.111982,152232,0.38058
-10.8,-35.6,400000,44948,0.11237,152667,0.381667
-10.8,-35.4,400000,44872,0.11218,151994,0.379985
-10.8,-35.2,400000,44335,0.110838,151501,0.378752
-10.8,-35,400000,44866,0.112165,152278,0.380695
-10.8,-34.8,400000,45095,0.112738,151880,0.3797
-10.8,-34.6,400000,44876,0.11219,151969,0.379922
-10.8,-34.4,400000,44874,0.112185,152334,0.380835
-10.8,-34.2,400000,44854,0.112135,152501,0.381252
-10.8,-34,400000,44996,0.11249,152749,0.381873
-10.8,-33.8,400000,44913,0.112282,152045,0.380113
-10.8,-33.6,400000,44771,0.111927,151813,0.379532
-10.8,-33.4,400000,44719,0.111797,152257,0.380642
-10.8,-33.2,400000,44785,0.111963,151972,0.37993
-10.8,-33,400000,44762,0.111905,152117,0.380292
-10.8,-32.8,400000,44535,0.111338,151752,0.37938
-10.8,-32.6,400000,44801,0.112003,152363,0.380908
-10.8,-32.4,400000,44721,0.111802,152213,0.380532
-10.8,-32.2,400000,44939,0.112348,151983,0.379958
-10.8,-32,400000,45051,0.112628,151952,0.37988
-10.8,-31.8,400000,44660,0.11165,151721,0.379302
-10.8,-31.6,400000,45114,0.112785,152413,0.381032
-10.8,-31.4,400000,45551,0.113878,152674,0.381685
-10.8,-31.2,400000,44519,0.111297,151985,0.379962
-10.8,-31,400000,45391,0.113477,152176,0.38044
-10.8,-30.8,400000,44856,0.11214,151880,0.3797
-10.8,-30.6,400000,44867,0.112168,151825,0.379563
-10.8,-30.4,400000,45331,0.113327,152067,0.380167
-10.8,-30.2,400000,44476,0.11119,151337,0.378343
-10.8,-30,400000,44883,0.112208,152314,0.380785
-10.8,-29.8,400000,44753,0.111882,152580,0.38145
-10.8,-29.6,400000,45506,0.113765,152140,0.38035
-10.8,-29.4,400000,44697,0.111742,151806,0.379515
-10.8,-29.2,400000,44698,0.111745,151962,0.379905
-10.8,-29,400000,44528,0.11132,151353,0.378383
-10.8,-28.8,400000,44737,0.111842,152606,0.381515
-10.8,-28.6,400000,44947,0.112367,151679,0.379198
-10.8,-28.4,400000,44712,0.11178,152365,0.380912
-10.8,-28.2,400000,44706,0.111765,151906,0.379765
-10.8,-28,400000,44871,0.112177,152939,0.382348
-10.8,-27.8,400000,44610,0.111525,152812,0.38203
-10.8,-27.6,400000,45120,0.1128,152607,0.381518
-10.8,-27.4,400000,44565,0.111412,151754,0.379385
-10.8,-27.2,400000,45022,0.112555,152847,0.382117
-10.8,-27,400000,45013,0.112532,152075,0.380188
-10.8,-26.8,400000,45072,0.11268,152201,0.380503
-10.8,-26.6,400000,44807,0.112018,152473,0.381182
-10.8,-26.4,400000,44720,0.1118,152187,0.380468
-10.8,-26.2,400000,44592,0.11148,151605,0.379012
-10.8,-26,400000,44445,0.111113,152109,0.380273
-10.8,-25.8,400000,45016,0.11254,152455,0.381138
-10.8,-25.6,400000,44950,0.112375,152513,0.381283
-10.8,-25.4,400000,44805,0.112013,152342,0.380855
-10.8,-25.2,400000,44950,0.112375,152087,0.380217
-10.8,-25,400000,44768,0.11192,152353,0.380883
-10.8,-24.8,400000,44734,0.111835,151898,0.379745
-10.8,-24.6,400000,44792,0.11198,152662,0.381655
-10.8,-24.4,400000,45074,0.112685,151940,0.37985
-10.8,-24.2,400000,44933,0.112333,152483,0.381207
-10.8,-24,400000,44637,0.111592,151700,0.37925
-10.8,-23.8,400000,45270,0.113175,152521,0.381302
-10.8,-23.6,400000,44568,0.11142,152064,0.38016
-10.8,-23.4,400000,44401,0.111003,151867,0.379667
-10.8,-23.2,400000,44688,0.11172,151651,0.379128
-10.8,-23,400000,45238,0.113095,153380,0.38345
-10.8,-22.8,400000,44577,0.111442,152204,0.38051
-10.8,-22.6,400000,44775,0.111937,151989,0.379972
-10.8,-22.4,400000,45074,0.112685,152747,0.381868
-10.8,-22.2,400000,45091,0.112727,152390,0.380975
-10.8,-22,400000,45070,0.112675,151971,0.379927
-10.8,-21.8,400000,44715,0.111787,152659,0.381647
-10.8,-21.6,400000,44321,0.110802,151817,0.379543
-10.8,-21.4,400000,44841,0.112102,152522,0.381305
-10.8,-21.2,400000,44746,0.111865,152003,0.380007
-10.8,-21,400000,44951,0.112378,151976,0.37994
-10.8,-20.8,400000,44275,0.110687,151589,0.378972
-10.8,-20.6,400000,45068,0.11267,152531,0.381327
-10.8,-20.4,400000,44635,0.111588,152354,0.380885
-10.8,-20.2,400000,44461,0.111153,151942,0.379855
-10.8,-20,400000,44937,0.112342,151882,0.379705
-10.8,-19.8,400000,45023,0.112558,151860,0.37965
-10.8,-19.6,400000,44739,0.111848,151695,0.379238
-10.8,-19.4,400000,44178,0.110445,151645,0.379113
-10.8,-19.2,400000,44777,0.111943,152226,0.380565
-10.8,-19,400000,45280,0.1132,152912,0.38228
-10.8,-18.8,400000,44798,0.111995,151951,0.379877
-10.8,-18.6,400000,44942,0.112355,152232,0.38058
-10.8,-18.4,400000,44806,0.112015,152155,0.380387
-10.8,-18.2,400000,44474,0.111185,152052,0.38013
-10.8,-18,400000,45042,0.112605,152469,0.381173
-10.8,-17.8,400000,44909,0.112272,152155,0.380387
-10.8,-17.6,400000,44954,0.112385,152202,0.380505
-10.8,-17.4,400000,44705,0.111763,152015,0.380037
-10.8,-17.2,400000,44798,0.111995,152685,0.381713
-10.8,-17,400000,45545,0.113863,152403,0.381007
-10.8,-16.8,400000,45334,0.113335,152163,0.380408
-10.8,-16.6,400000,45120,0.1128,152411,0.381028
-10.8,-16.4,400000,45032,0.11258,152685,0.381713
-10.8,-16.2,400000,45096,0.11274,152568,0.38142
-10.8,-16,400000,45073,0.112683,151963,0.379908
-10.8,-15.8,400000,44516,0.11129,152254,0.380635
-10.8,-15.6,400000,45064,0.11266,151840,0.3796
-10.8,-15.4,400000,44613,0.111533,152373,0.380933
-10.8,-15.2,400000,45040,0.1126,152258,0.380645
-10.8,-15,400000,45190,0.112975,152327,0.380817
-10.8,-14.8,400000,44935,0.112338,152270,0.380675
-10.8,-14.6,400000,44926,0.112315,152279,0.380698
-10.8,-14.4,400000,44746,0.111865,152382,0.380955
-10.8,-14.2,400000,45120,0.1128,152290,0.380725
-10.8,-14,400000,44999,0.112498,151722,0.379305
-10.8,-13.8,400000,44698,0.111745,152233,0.380582
-10.8,-13.6,400000,45434,0.113585,152969,0.382422
-10.8,-13.4,400000,44900,0.11225,152180,0.38045
-10.8,-13.2,400000,44553,0.111382,152351,0.380877
-10.8,-13,400000,44453,0.111132,151896,0.37974
-10.8,-12.8,400000,44409,0.111022,152543,0.381358
-10.8,-12.6,400000,44462,0.111155,151760,0.3794
-10.8,-12.4,400000,44478,0.111195,152157,0.380393
-10.8,-12.2,400000,44549,0.111372,151931,0.379827
-10.8,-12,400000,44391,0.110978,151698,0.379245
-10.8,-11.8,400000,44262,0.110655,152095,0.380238
-10.8,-11.6,400000,44572,0.11143,151258,0.378145
-10.8,-11.4,400000,45180,0.11295,152075,0.380188
-10.8,-11.2,400000,44046,0.110115,152101,0.380252
-10.8,-11,400000,44913,0.112282,152161,0.380402
-10.8,-10.8,400000,45041,0.112602,152449,0.381122
-10.8,-10.6,400000,44797,0.111992,152138,0.380345
-10.8,-10.4,400000,44671,0.111677,152237,0.380593
-10.8,-10.2,400000,45001,0.112503,151838,0.379595
-10.8,-10,400000,44599,0.111497,151913,0.379783
-10.8,-9.8,400000,45475,0.113687,153019,0.382547
-10.8,-9.6,400000,44695,0.111738,152016,0.38004
-10.8,-9.4,400000,44525,0.111312,151858,0.379645
-10.8,-9.2,400000,44719,0.111797,151803,0.379507
-10.8,-9,400000,44512,0.11128,152562,0.381405
-10.8,-8.8,400000,45007,0.112518,152267,0.380667
-10.8,-8.6,400000,44731,0.111827,152489,0.381223
-10.8,-8.4,400000,44776,0.11194,152032,0.38008
-10.8,-8.2,400000,44618,0.111545,152098,0.380245
-10.8,-8,400000,44771,0.111927,151817,0.379543
-10.8,-7.8,400000,44895,0.112238,152011,0.380028
-10.8,-7.6,400000,45022,0.112555,151902,0.379755
-10.8,-7.4,400000,45071,0.112677,153055,0.382638
-10.8,-7.2,400000,44437,0.111092,152007,0.380018
-10.8,-7,400000,44403,0.111007,151822,0.379555
-10.8,-6.8,400000,44813,0.112032,152286,0.380715
-10.8,-6.6,400000,44460,0.11115,151927,0.379817
-10.8,-6.4,400000,44591,0.111477,152205,0.380512
-10.8,-6.2,400000,44777,0.111943,152211,0.380528
-10.8,-6,400000,44786,0.111965,152459,0.381147
-10.8,-5.8,400000,44642,0.111605,151869,0.379673
-10.8,-5.6,400000,45033,0.112583,152173,0.380433
-10.8,-5.4,400000,45062,0.112655,152682,0.381705
-10.8,-5.2,400000,44820,0.11205,151778,0.379445
-10.8,-5,400000,45484,0.11371,152153,0.380383
-10.8,-4.8,400000,44093,0.110232,151411,0.378528
-10.8,-4.6,400000,45387,0.113467,152096,0.38024
-10.8,-4.4,400000,44719,0.111797,151576,0.37894
-10.8,-4.2,400000,44578,0.111445,151441,0.378603
-10.8,-4,400000,44646,0.111615,151813,0.379532
-10.8,-3.8,400000,44777,0.111943,151762,0.379405
-10.8,-3.6,400000,44551,0.111378,152339,0.380848
-10.8,-3.4,400000,45070,0.112675,152633,0.381582
-10.8,-3.2,400000,44320,0.1108,152067,0.380167
-10.8,-3,400000,44967,0.112418,152803,0.382007
-10.8,-2.8,400000,44829,0.112073,151847,0.379617
-10.8,-2.6,400000,44873,0.112183,152269,0.380673
-10.8,-2.4,400000,44501,0.111253,152203,0.380507
-10.8,-2.2,400000,44405,0.111013,151464,0.37866
-10.8,-2,400000,44996,0.11249,152737,0.381842
-10.8,-1.8,400000,44810,0.112025,152182,0.380455
-10.8,-1.6,400000,45138,0.112845,152256,0.38064
-10.8,-1.4,400000,44914,0.112285,152601,0.381503
-10.8,-1.2,400000,44545,0.111363,152137,0.380342
-10.8,-1,400000,44521,0.111302,152431,0.381078
-10.8,-0.8,400000,44998,0.112495,152298,0.380745
-10.8,-0.6,400000,44801,0.112003,152332,0.38083
-10.8,-0.4,400000,44922,0.112305,152510,0.381275
-10.8,-0.2,400000,45003,0.112507,152228,0.38057
-10.8,0,400000,44447,0.111117,151876,0.37969
-10.8,0.2,400000,45158,0.112895,152527,0.381317
-10.8,0.4,400000,45234,0.113085,152345,0.380862
-10.8,0.6,400000,44774,0.111935,151654,0.379135
-10.8,0.8,400000,44854,0.112135,152185,0.380462
-10.8,1,400000,44879,0.112198,152624,0.38156
-10.8,1.2,400000,44528,0.11132,151285,0.378213
-10.8,1.4,400000,44982,0.112455,152766,0.381915
-10.8,1.6,400000,44716,0.11179,151940,0.37985
-10.8,1.8,400000,44994,0.112485,151685,0.379213
-10.8,2,400000,44904,0.11226,152737,0.381842
-10.8,2.2,400000,44753,0.111882,151916,0.37979
-10.8,2.4,400000,45160,0.1129,151794,0.379485
-10.8,2.6,400000,44679,0.111698,152162,0.380405
-10.8,2.8,400000,44642,0.111605,152032,0.38008
-10.8,3,400000,45313,0.113282,152214,0.380535
-10.8,3.2,400000,45053,0.112632,152579,0.381447
-10.8,3.4,400000,44861,0.112153,152093,0.380232
-10.8,3.6,400000,45296,0.11324,152887,0.382217
-10.8,3.8,400000,45089,0.112723,152143,0.380358
-10.8,4,400000,44697,0.111742,151747,0.379368
-10.8,4.2,400000,44796,0.11199,152164,0.38041
-10.8,4.4,400000,44841,0.112102,152366,0.380915
-10.8,4.6,400000,44969,0.112422,151407,0.378518
-10.8,4.8,400000,44514,0.111285,152091,0.380227
-10.8,5,400000,44882,0.112205,152110,0.380275
-10.8,5.2,400000,44535,0.111338,151918,0.379795
-10.8,5.4,400000,45097,0.112742,152184,0.38046
-10.8,5.6,400000,44869,0.112172,152617,0.381543
-10.8,5.8,400000,44639,0.111598,151604,0.37901
-10.8,6,400000,44732,0.11183,151901,0.379752
-10.8,6.2,400000,44723,0.111808,152234,0.380585
-10.8,6.4,400000,44407,0.111018,152254,0.380635
-10.8,6.6,400000,44751,0.111878,152201,0.380503
-10.8,6.8,400000,45068,0.11267,152373,0.380933
-10.8,7,400000,44886,0.112215,152860,0.38215
-10.8,7.2,400000,44615,0.111537,152133,0.380333
-10.8,7.4,400000,45197,0.112992,151437,0.378592
-10.8,7.6,400000,45050,0.112625,152245,0.380613
-10.8,7.8,400000,45106,0.112765,152119,0.380298
-10.8,8,400000,44994,0.112485,152419,0.381047
-10.8,8.2,400000,44620,0.11155,152491,0.381227
-10.8,8.4,400000,44763,0.111907,152355,0.380887
-10.8,8.6,400000,44841,0.112102,152014,0.380035
-10.8,8.8,400000,44956,0.11239,152093,0.380232
-10.8,9,400000,44522,0.111305,151548,0.37887
-10.8,9.2,400000,44907,0.112268,152569,0.381422
-10.8,9.4,400000,44521,0.111302,152410,0.381025
-10.8,9.6,400000,44775,0.111937,152589,0.381472
-10.8,9.8,400000,44897,0.112242,152360,0.3809
-10.8,10,400000,45044,0.11261,152131,0.380327
-10.8,10.2,400000,44943,0.112357,151800,0.3795
-10.8,10.4,400000,45192,0.11298,152870,0.382175
-10.8,10.6,400000,45083,0.112708,152911,0.382277
-10.8,10.8,400000,45371,0.113428,152299,0.380748
-10.8,11,400000,44449,0.111122,151605,0.379012
-10.8,11.2,400000,44744,0.11186,152186,0.380465
-10.8,11.4,400000,44565,0.111412,152298,0.380745
-10.8,11.6,400000,44825,0.112062,151971,0.379927
-10.8,11.8,400000,44594,0.111485,152010,0.380025
-10.8,12,400000,45038,0.112595,152294,0.380735
-10.8,12.2,400000,44574,0.111435,152155,0.380387
-10.8,12.4,400000,45250,0.113125,152404,0.38101
-10.8,12.6,400000,44456,0.11114,152148,0.38037
-10.8,12.8,400000,44804,0.11201,151402,0.378505
-10.8,13,400000,44657,0.111643,152251,0.380628
-10.8,13.2,400000,45134,0.112835,151825,0.379563
-10.8,13.4,400000,44955,0.112388,152517,0.381292
-10.8,13.6,400000,44542,0.111355,152452,0.38113
-10.8,13.8,400000,44630,0.111575,151776,0.37944
-10.8,14,400000,45129,0.112823,152739,0.381848
-10.8,14.2,400000,44425,0.111062,151995,0.379987
-10.8,14.4,400000,44899,0.112248,152443,0.381107
-10.8,14.6,400000,44100,0.11025,151752,0.37938
-10.8,14.8,400000,44870,0.112175,152438,0.381095
-10.8,15,400000,44976,0.11244,152449,0.381122
-10.8,15.2,400000,45107,0.112768,152768,0.38192
-10.8,15.4,400000,44981,0.112452,151974,0.379935
-10.8,15.6,400000,45199,0.112998,152932,0.38233
-10.8,15.8,400000,44941,0.112352,152487,0.381217
-10.8,16,400000,44717,0.111793,151637,0.379092
-10.8,16.2,400000,44889,0.112223,152629,0.381572
-10.8,16.4,400000,45193,0.112982,152088,0.38022
-10.8,16.6,400000,44717,0.111793,152363,0.380908
-10.8,16.8,400000,44446,0.111115,151814,0.379535
-10.8,17,400000,44849,0.112122,152290,0.380725
-10.8,17.2,400000,43764,0.10941,151371,0.378428
-10.8,17.4,400000,45067,0.112668,152361,0.380902
-10.8,17.6,400000,44689,0.111723,151963,0.379908
-10.8,17.8,400000,44665,0.111662,152192,0.38048
-10.8,18,400000,45431,0.113577,152231,0.380578
-10.8,18.2,400000,44524,0.11131,151636,0.37909
-10.8,18.4,400000,44634,0.111585,152528,0.38132
-10.8,18.6,400000,44762,0.111905,151699,0.379248
-10.8,18.8,400000,44309,0.110772,152541,0.381352
-10.8,19,400000,45265,0.113162,152926,0.382315
-10.8,19.2,400000,44868,0.11217,152154,0.380385
-10.8,19.4,400000,44840,0.1121,151769,0.379422
-10.8,19.6,400000,44818,0.112045,152654,0.381635
-10.8,19.8,400000,45051,0.112628,152190,0.380475
-10.8,20,400000,44845,0.112113,151722,0.379305
-10.8,20.2,400000,44991,0.112477,152225,0.380563
-10.8,20.4,400000,45354,0.113385,151976,0.37994
-10.8,20.6,400000,44523,0.111308,151691,0.379227
-10.8,20.8,400000,44325,0.110812,151691,0.379227
-10.8,21,400000,44228,0.11057,151942,0.379855
-10.8,21.2,400000,44823,0.112058,152511,0.381277
-10.8,21.4,400000,44558,0.111395,152382,0.380955
-10.8,21.6,400000,44844,0.11211,151717,0.379292
-10.8,21.8,400000,44685,0.111713,152149,0.380373
-10.8,22,400000,44534,0.111335,151756,0.37939
-10.8,22.2,400000,44766,0.111915,152212,0.38053
-10.8,22.4,400000,44801,0.112003,152424,0.38106
-10.8,22.6,400000,44378,0.110945,152011,0.380028
-10.8,22.8,400000,44871,0.112177,152265,0.380663
-10.8,23,400000,45117,0.112793,152138,0.380345
-10.8,23.2,400000,44448,0.11112,151318,0.378295
-10.8,23.4,400000,44946,0.112365,152167,0.380418
-10.8,23.6,400000,44535,0.111338,151674,0.379185
-10.8,23.8,400000,44920,0.1123,151879,0.379698
-10.8,24,400000,44712,0.11178,152155,0.380387
-10.8,24.2,400000,45066,0.112665,152253,0.380632
-10.8,24.4,400000,44728,0.11182,151796,0.37949
-10.8,24.6,400000,45119,0.112797,152494,0.381235
-10.8,24.8,400000,44609,0.111522,151612,0.37903
-10.8,25,400000,44707,0.111768,151590,0.378975
-10.8,25.2,400000,44910,0.112275,152334,0.380835
-10.8,25.4,400000,45068,0.11267,152455,0.381138
-10.8,25.6,400000,44881,0.112202,152145,0.380362
-10.8,25.8,400000,45127,0.112818,151485,0.378713
-10.8,26,400000,45063,0.112657,152062,0.380155
-10.8,26.2,400000,45255,0.113138,152946,0.382365
-10.8,26.4,400000,45150,0.112875,152199,0.380497
-10.8,26.6,400000,44854,0.112135,151806,0.379515
-10.8,26.8,400000,44001,0.110003,151813,0.379532
-10.8,27,400000,44431,0.111077,151782,0.379455
-10.8,27.2,400000,44867,0.112168,152507,0.381267
-10.8,27.4,400000,44990,0.112475,151986,0.379965
-10.8,27.6,400000,44520,0.1113,151269,0.378173
-10.8,27.8,400000,45055,0.112638,152214,0.380535
-10.8,28,400000,44867,0.112168,152157,0.380393
-10.8,28.2,400000,45152,0.11288,152452,0.38113
-10.8,28.4,400000,44801,0.112003,152384,0.38096
-10.8,28.6,400000,44558,0.111395,151916,0.37979
-10.8,28.8,400000,45252,0.11313,152370,0.380925
-10.8,29,400000,44693,0.111732,152115,0.380288
-10.8,29.2,400000,44720,0.1118,151534,0.378835
-10.8,29.4,400000,44174,0.110435,151696,0.37924
-10.8,29.6,400000,45123,0.112808,151709,0.379273
-10.8,29.8,400000,44526,0.111315,152122,0.380305
-10.8,30,400000,44909,0.112272,151259,0.378148
-10.8,30.2,400000,44671,0.111677,151804,0.37951
-10.8,30.4,400000,44786,0.111965,152118,0.380295
-10.8,30.6,400000,45532,0.11383,152281,0.380702
-10.8,30.8,400000,45128,0.11282,152514,0.381285
-10.8,31,400000,44409,0.111022,151693,0.379232
-10.8,31.2,400000,44366,0.110915,151926,0.379815
-10.8,31.4,400000,44857,0.112143,151861,0.379653
-10.8,31.6,400000,44827,0.112068,151957,0.379893
-10.8,31.8,400000,45269,0.113172,152717,0.381792
-10.8,32,400000,44661,0.111653,152886,0.382215
-10.8,32.2,400000,45315,0.113287,152050,0.380125
-10.8,32.4,400000,45224,0.11306,152370,0.380925
-10.8,32.6,400000,44851,0.112128,152016,0.38004
-10.8,32.8,400000,44495,0.111238,151984,0.37996
-10.8,33,400000,45171,0.112928,151519,0.378798
-10.8,33.2,400000,44367,0.110918,151400,0.3785
-10.8,33.4,400000,45315,0.113287,152470,0.381175
-10.8,33.6,400000,44958,0.112395,151543,0.378858
-10.8,33.8,400000,44638,0.111595,151431,0.378578
-10.8,34,400000,44802,0.112005,152581,0.381453
-10.8,34.2,400000,45156,0.11289,152948,0.38237
-10.8,34.4,400000,44968,0.11242,152219,0.380547
-10.8,34.6,400000,44956,0.11239,152277,0.380692
-10.8,34.8,400000,44305,0.110762,151601,0.379003
-10.8,35,400000,44838,0.112095,151559,0.378897
-10.8,35.2,400000,44789,0.111973,152383,0.380958
-10.8,35.4,400000,44494,0.111235,152257,0.380642
-10.8,35.6,400000,44743,0.111857,152305,0.380763
-10.8,35.8,400000,45575,0.113937,152221,0.380553
-10.8,36,400000,44670,0.111675,151926,0.379815
-10.8,36.2,400000,45474,0.113685,152573,0.381433
-10.8,36.4,400000,44401,0.111003,152134,0.380335
-10.8,36.6,400000,44830,0.112075,152478,0.381195
-10.8,36.8,400000,45118,0.112795,151993,0.379983
-10.8,37,400000,44391,0.110978,151928,0.37982
-10.8,37.2,400000,44816,0.11204,152092,0.38023
-10.8,37.4,400000,44481,0.111202,151497,0.378742
-10.8,37.6,400000,45008,0.11252,151661,0.379153
-10.8,37.8,400000,45265,0.113162,152019,0.380047
-10.8,38,400000,44890,0.112225,152107,0.380267
-10.8,38.2,400000,44451,0.111128,151800,0.3795
-10.8,38.4,400000,45259,0.113147,151712,0.37928
-10.8,38.6,400000,44889,0.112223,151835,0.379588
-10.8,38.8,400000,44864,0.11216,152175,0.380437
-10.8,39,400000,44611,0.111528,151398,0.378495
-10.8,39.2,400000,44808,0.11202,151932,0.37983
-10.8,39.4,400000,44979,0.112448,151741,0.379352
-10.8,39.6,400000,44632,0.11158,152053,0.380132
-10.8,39.8,400000,44935,0.112338,152068,0.38017
-10.8,40,400000,45000,0.1125,152079,0.380198
-10.8,40.2,400000,44785,0.111963,152461,0.381153
-10.8,40.4,400000,45161,0.112903,151908,0.37977
-10.8,40.6,400000,44734,0.111835,151857,0.379642
-10.8,40.8,400000,45117,0.112793,152517,0.381292
-10.8,41,400000,44544,0.11136,152266,0.380665
-10.8,41.2,400000,44910,0.112275,152564,0.38141
-10.8,41.4,400000,44774,0.111935,152776,0.38194
-10.8,41.6,400000,44862,0.112155,151907,0.379767
-10.8,41.8,400000,45086,0.112715,152064,0.38016
-10.8,42,400000,44825,0.112062,152465,0.381163
-10.8,42.2,400000,44796,0.11199,152614,0.381535
-10.8,42.4,400000,44934,0.112335,151895,0.379738
-10.8,42.6,400000,45600,0.114,152683,0.381707
-10.8,42.8,400000,45267,0.113168,152605,0.381512
-10.8,43,400000,45179,0.112948,152511,0.381277
-10.8,43.2,400000,44969,0.112422,152065,0.380163
-10.8,43.4,400000,44487,0.111217,152859,0.382147
-10.8,43.6,400000,45169,0.112922,151828,0.37957
-10.8,43.8,400000,44663,0.111658,151647,0.379117
-10.8,44,400000,44847,0.112117,151738,0.379345
-10.8,44.2,400000,44876,0.11219,152134,0.380335
-10.8,44.4,400000,44488,0.11122,152100,0.38025
-10.8,44.6,400000,45028,0.11257,151945,0.379862
-10.8,44.8,400000,44538,0.111345,152080,0.3802
-10.8,45,400000,45233,0.113083,152092,0.38023
-10.8,45.2,400000,44429,0.111073,151618,0.379045
-10.8,45.4,400000,44876,0.11219,152055,0.380138
-10.8,45.6,400000,45095,0.112738,151634,0.379085
-10.8,45.8,400000,44717,0.111793,151507,0.378767
-10.8,46,400000,44927,0.112318,151634,0.379085
-10.8,46.2,400000,44969,0.112422,152399,0.380997
-10.8,46.4,400000,45218,0.113045,152117,0.380292
-10.8,46.6,400000,45407,0.113517,152000,0.38
-10.8,46.8,400000,44870,0.112175,151780,0.37945
-10.8,47,400000,44398,0.110995,151668,0.37917
-10.8,47.2,400000,45389,0.113473,152457,0.381142
-10.8,47.4,400000,45192,0.11298,152039,0.380097
-10.8,47.6,400000,44836,0.11209,152078,0.380195
-10.8,47.8,400000,44617,0.111543,152021,0.380053
-10.8,48,400000,45183,0.112958,152049,0.380122
-10.8,48.2,400000,44412,0.11103,151691,0.379227
-10.8,48.4,400000,44881,0.112202,151821,0.379553
-10.8,48.6,400000,44656,0.11164,152178,0.380445
-10.8,48.8,400000,45249,0.113123,152180,0.38045
-10.8,49,400000,45031,0.112577,152358,0.380895
-10.8,49.2,400000,44985,0.112463,151923,0.379808
-10.8,49.4,400000,44572,0.11143,151869,0.379673
-10.8,49.6,400000,44489,0.111223,151859,0.379648
-10.8,49.8,400000,44910,0.112275,152062,0.380155
-10.8,50,400000,45422,0.113555,152172,0.38043
-10.6,-50,400000,44784,0.11196,152041,0.380103
-10.6,-49.8,400000,44274,0.110685,151326,0.378315
-10.6,-49.6,400000,44906,0.112265,152168,0.38042
-10.6,-49.4,400000,45125,0.112812,152497,0.381242
-10.6,-49.2,400000,44687,0.111717,152100,0.38025
-10.6,-49,400000,44783,0.111958,151732,0.37933
-10.6,-48.8,400000,44926,0.112315,152183,0.380458
-10.6,-48.6,400000,44982,0.112455,152350,0.380875
-10.6,-48.4,400000,44777,0.111943,151848,0.37962
-10.6,-48.2,400000,45153,0.112882,152486,0.381215
-10.6,-48,400000,44890,0.112225,152178,0.380445
-10.6,-47.8,400000,44872,0.11218,151964,0.37991
-10.6,-47.6,400000,45017,0.112543,151763,0.379408
-10.6,-47.4,400000,44738,0.111845,151966,0.379915
-10.6,-47.2,400000,44429,0.111073,151271,0.378177
-10.6,-47,400000,44843,0.112107,152143,0.380358
-10.6,-46.8,400000,44685,0.111713,152219,0.380547
-10.6,-46.6,400000,45128,0.11282,152342,0.380855
-10.6,-46.4,400000,44904,0.11226,152434,0.381085
-10.6,-46.2,400000,44691,0.111727,151817,0.379543
-10.6,-46,400000,44685,0.111713,151778,0.379445
-10.6,-45.8,400000,43900,0.10975,151766,0.379415
-10.6,-45.6,400000,44819,0.112047,152006,0.380015
-10.6,-45.4,400000,44537,0.111342,151839,0.379597
-10.6,-45.2,400000,44820,0.11205,152655,0.381638
-10.6,-45,400000,45103,0.112757,151847,0.379617
-10.6,-44.8,400000,44919,0.112297,151985,0.379962
-10.6,-44.6,400000,44683,0.111708,151759,0.379397
-10.6,-44.4,400000,45173,0.112933,152145,0.380362
-10.6,-44.2,400000,45065,0.112662,152325,0.380812
-10.6,-44,400000,45091,0.112727,152294,0.380735
-10.6,-43.8,400000,44963,0.112407,151833,0.379582
-10.6,-43.6,400000,44734,0.111835,151930,0.379825
-10.6,-43.4,400000,44739,0.111848,152409,0.381022
-10.6,-43.2,400000,44945,0.112363,152608,0.38152
-10.6,-43,400000,44635,0.111588,152775,0.381937
-10.6,-42.8,400000,44527,0.111317,151788,0.37947
-10.6,-42.6,400000,44532,0.11133,151878,0.379695
-10.6,-42.4,400000,44732,0.11183,152331,0.380827
-10.6,-42.2,400000,44698,0.111745,151748,0.37937
-10.6,-42,400000,44780,0.11195,151403,0.378507
-10.6,-41.8,400000,44556,0.11139,151746,0.379365
-10.6,-41.6,400000,44706,0.111765,152313,0.380783
-10.6,-41.4,400000,45119,0.112797,151675,0.379188
-10.6,-41.2,400000,45024,0.11256,152399,0.380997
-10.6,-41,400000,44517,0.111293,152066,0.380165
-10.6,-40.8,400000,44783,0.111958,152257,0.380642
-10.6,-40.6,400000,44641,0.111602,151816,0.37954
-10.6,-40.4,400000,44899,0.112248,152065,0.380163
-10.6,-40.2,400000,44674,0.111685,152222,0.380555
-10.6,-40,400000,45113,0.112782,152093,0.380232
-10.6,-39.8,400000,44637,0.111592,152268,0.38067
-10.6,-39.6,400000,45384,0.11346,152430,0.381075
-10.6,-39.4,400000,44546,0.111365,151789,0.379472
-10.6,-39.2,400000,44441,0.111103,152078,0.380195
-10.6,-39,400000,45125,0.112812,151746,0.379365
-10.6,-38.8,400000,44643,0.111607,151929,0.379823
-10.6,-38.6,400000,45133,0.112833,152308,0.38077
-10.6,-38.4,400000,44243,0.110607,151721,0.379302
-10.6,-38.2,400000,44598,0.111495,152509,0.381273
-10.6,-38,400000,44577,0.111442,151960,0.3799
-10.6,-37.8,400000,45310,0.113275,152261,0.380653
-10.6,-37.6,400000,45001,0.112503,152202,0.380505
-10.6,-37.4,400000,44962,0.112405,151875,0.379688
-10.6,-37.2,400000,44978,0.112445,151847,0.379617
-10.6,-37,400000,44742,0.111855,151671,0.379178
-10.6,-36.8,400000,44708,0.11177,152124,0.38031
-10.6,-36.6,400000,44848,0.11212,152525,0.381312
-10.6,-36.4,400000,45237,0.113092,151936,0.37984
-10.6,-36.2,400000,44816,0.11204,152169,0.380422
-10.6,-36,400000,45155,0.112888,152732,0.38183
-10.6,-35.8,400000,43888,0.10972,151550,0.378875
-10.6,-35.6,400000,44734,0.111835,151745,0.379362
-10.6,-35.4,400000,44881,0.112202,152216,0.38054
-10.6,-35.2,400000,44988,0.11247,152265,0.380663
-10.6,-35,400000,44955,0.112388,151669,0.379173
-10.6,-34.8,400000,44695,0.111738,152384,0.38096
-10.6,-34.6,400000,44886,0.112215,152718,0.381795
-10.6,-34.4,400000,44859,0.112147,152823,0.382057
-10.6,-34.2,400000,44756,0.11189,152486,0.381215
-10.6,-34,400000,45102,0.112755,152753,0.381883
-10.6,-33.8,400000,44619,0.111547,151617,0.379043
-10.6,-33.6,400000,44766,0.111915,152039,0.380097
-10.6,-33.4,400000,44854,0.112135,151915,0.379788
-10.6,-33.2,400000,44602,0.111505,152038,0.380095
-10.6,-33,400000,44781,0.111952,152118,0.380295
-10.6,-32.8,400000,44941,0.112352,151966,0.379915
-10.6,-32.6,400000,44936,0.11234,151914,0.379785
-10.6,-32.4,400000,44171,0.110427,151733,0.379333
-10.6,-32.2,400000,44584,0.11146,151898,0.379745
-10.6,-32,400000,45097,0.112742,151858,0.379645
-10.6,-31.8,400000,45132,0.11283,152420,0.38105
-10.6,-31.6,400000,44891,0.112227,151741,0.379352
-10.6,-31.4,400000,44488,0.11122,151782,0.379455
-10.6,-31.2,400000,44924,0.11231,152143,0.380358
-10.6,-31,400000,44935,0.112338,152376,0.38094
-10.6,-30.8,400000,45545,0.113863,153044,0.38261
-10.6,-30.6,400000,44837,0.112092,151672,0.37918
-10.6,-30.4,400000,44666,0.111665,151764,0.37941
-10.6,-30.2,400000,44802,0.112005,151840,0.3796
-10.6,-30,400000,44470,0.111175,151687,0.379217
-10.6,-29.8,400000,45070,0.112675,152421,0.381053
-10.6,-29.6,400000,44110,0.110275,151500,0.37875
-10.6,-29.4,400000,44855,0.112138,151773,0.379433
-10.6,-29.2,400000,45040,0.1126,152471,0.381178
-10.6,-29,400000,44681,0.111702,152136,0.38034
-10.6,-28.8,400000,44490,0.111225,151468,0.37867
-10.6,-28.6,400000,44636,0.11159,152070,0.380175
-10.6,-28.4,400000,44540,0.11135,151887,0.379717
-10.6,-28.2,400000,44898,0.112245,152775,0.381937
-10.6,-28,400000,44522,0.111305,152072,0.38018
-10.6,-27.8,400000,45020,0.11255,152430,0.381075
-10.6,-27.6,400000,44964,0.11241,152214,0.380535
-10.6,-27.4,400000,44665,0.111662,152608,0.38152
-10.6,-27.2,400000,45027,0.112568,151778,0.379445
-10.6,-27,400000,44933,0.112333,151769,0.379422
-10.6,-26.8,400000,45200,0.113,152001,0.380003
-10.6,-26.6,400000,45012,0.11253,151642,0.379105
-10.6,-26.4,400000,44776,0.11194,152628,0.38157
-10.6,-26.2,400000,44451,0.111128,151990,0.379975
-10.6,-26,400000,45052,0.11263,152240,0.3806
-10.6,-25.8,400000,45060,0.11265,151748,0.37937
-10.6,-25.6,400000,44956,0.11239,152597,0.381493
-10.6,-25.4,400000,44802,0.112005,152068,0.38017
-10.6,-25.2,400000,45148,0.11287,152295,0.380738
-10.6,-25,400000,44508,0.11127,152162,0.380405
-10.6,-24.8,400000,45210,0.113025,152748,0.38187
-10.6,-24.6,400000,44866,0.112165,152129,0.380323
-10.6,-24.4,400000,45185,0.112962,152051,0.380128
-10.6,-24.2,400000,44772,0.11193,152138,0.380345
-10.6,-24,400000,44628,0.11157,151842,0.379605
-10.6,-23.8,400000,44533,0.111333,151790,0.379475
-10.6,-23.6,400000,44744,0.11186,151732,0.37933
-10.6,-23.4,400000,44769,0.111922,152027,0.380068
-10.6,-23.2,400000,44696,0.11174,151929,0.379823
-10.6,-23,400000,44808,0.11202,151659,0.379148
-10.6,-22.8,400000,44595,0.111488,151541,0.378852
-10.6,-22.6,400000,44753,0.111882,151972,0.37993
-10.6,-22.4,400000,44418,0.111045,152456,0.38114
-10.6,-22.2,400000,44884,0.11221,152148,0.38037
-10.6,-22,400000,44898,0.112245,152785,0.381962
-10.6,-21.8,400000,44793,0.111982,152072,0.38018
-10.6,-21.6,400000,45242,0.113105,152644,0.38161
-10.6,-21.4,400000,45024,0.11256,152014,0.380035
-10.6,-21.2,400000,44832,0.11208,152309,0.380773
-10.6,-21,400000,45020,0.11255,152553,0.381383
-10.6,-20.8,400000,45243,0.113107,152343,0.380858
-10.6,-20.6,400000,45062,0.112655,151790,0.379475
-10.6,-20.4,400000,44665,0.111662,151840,0.3796
-10.6,-20.2,400000,44636,0.11159,151900,0.37975
-10.6,-20,400000,45122,0.112805,152786,0.381965
-10.6,-19.8,400000,44630,0.111575,152173,0.380433
-10.6,-19.6,400000,45136,0.11284,152534,0.381335
-10.6,-19.4,400000,45114,0.112785,152901,0.382252
-10.6,-19.2,400000,45333,0.113333,152392,0.38098
-10.6,-19,400000,44734,0.111835,152366,0.380915
-10.6,-18.8,400000,44833,0.112083,152294,0.380735
-10.6,-18.6,400000,44705,0.111763,151897,0.379742
-10.6,-18.4,400000,45013,0.112532,151657,0.379142
-10.6,-18.2,400000,45097,0.112742,151959,0.379897
-10.6,-18,400000,44564,0.11141,151219,0.378047
-10.6,-17.8,400000,44915,0.112287,152140,0.38035
-10.6,-17.6,400000,44806,0.112015,151816,0.37954
-10.6,-17.4,400000,44920,0.1123,152018,0.380045
-10.6,-17.2,400000,44733,0.111833,151637,0.379092
-10.6,-17,400000,44421,0.111052,152430,0.381075
-10.6,-16.8,400000,44781,0.111952,151750,0.379375
-10.6,-16.6,400000,45309,0.113272,152834,0.382085
-10.6,-16.4,400000,44572,0.11143,151721,0.379302
-10.6,-16.2,400000,44762,0.111905,152058,0.380145
-10.6,-16,400000,45016,0.11254,152361,0.380902
-10.6,-15.8,400000,44712,0.11178,152343,0.380858
-10.6,-15.6,400000,44663,0.111658,151876,0.37969
-10.6,-15.4,400000,45163,0.112907,152875,0.382188
-10.6,-15.2,400000,45125,0.112812,152242,0.380605
-10.6,-15,400000,44793,0.111982,152381,0.380953
-10.6,-14.8,400000,44704,0.11176,151691,0.379227
-10.6,-14.6,400000,44505,0.111263,152304,0.38076
-10.6,-14.4,400000,44643,0.111607,151780,0.37945
-10.6,-14.2,400000,44240,0.1106,152020,0.38005
-10.6,-14,400000,44802,0.112005,152192,0.38048
-10.6,-13.8,400000,45333,0.113333,151903,0.379758
-10.6,-13.6,400000,45061,0.112653,152046,0.380115
-10.6,-13.4,400000,44891,0.112227,152308,0.38077
-10.6,-13.2,400000,44652,0.11163,152135,0.380337
-10.6,-13,400000,45478,0.113695,152819,0.382047
-10.6,-12.8,400000,44822,0.112055,152389,0.380972
-10.6,-12.6,400000,44652,0.11163,151429,0.378572
-10.6,-12.4,400000,44674,0.111685,152266,0.380665
-10.6,-12.2,400000,45065,0.112662,152754,0.381885
-10.6,-12,400000,44363,0.110908,151582,0.378955
-10.6,-11.8,400000,44470,0.111175,152065,0.380163
-10.6,-11.6,400000,44703,0.111757,152162,0.380405
-10.6,-11.4,400000,44711,0.111778,152419,0.381047
-10.6,-11.2,400000,45128,0.11282,152542,0.381355
-10.6,-11,400000,45297,0.113242,152111,0.380277
-10.6,-10.8,400000,45206,0.113015,152878,0.382195
-10.6,-10.6,400000,44986,0.112465,152062,0.380155
-10.6,-10.4,400000,44506,0.111265,151955,0.379887
-10.6,-10.2,400000,44863,0.112157,152720,0.3818
-10.6,-10,400000,44995,0.112488,152012,0.38003
-10.6,-9.8,400000,44106,0.110265,151863,0.379657
-10.6,-9.6,400000,44914,0.112285,152541,0.381352
-10.6,-9.4,400000,44593,0.111482,151884,0.37971
-10.6,-9.2,400000,44957,0.112393,152027,0.380068
-10.6,-9,400000,44774,0.111935,151820,0.37955
-10.6,-8.8,400000,45142,0.112855,152516,0.38129
-10.6,-8.6,400000,44741,0.111852,152204,0.38051
-10.6,-8.4,400000,44781,0.111952,152082,0.380205
-10.6,-8.2,400000,44970,0.112425,152526,0.381315
-10.6,-8,400000,44540,0.11135,152132,0.38033
-10.6,-7.8,400000,44473,0.111183,152339,0.380848
-10.6,-7.6,400000,44508,0.11127,151784,0.37946
-10.6,-7.4,400000,44705,0.111763,152071,0.380178
-10.6,-7.2,400000,45377,0.113443,152374,0.380935
-10.6,-7,400000,44650,0.111625,152224,0.38056
-10.6,-6.8,400000,44882,0.112205,151940,0.37985
-10.6,-6.6,400000,44919,0.112297,153174,0.382935
-10.6,-6.4,400000,44492,0.11123,151633,0.379082
-10.6,-6.2,400000,45314,0.113285,152634,0.381585
-10.6,-6,400000,44731,0.111827,152152,0.38038
-10.6,-5.8,400000,45202,0.113005,151786,0.379465
-10.6,-5.6,400000,45162,0.112905,152851,0.382128
-10.6,-5.4,400000,45264,0.11316,152352,0.38088
-10.6,-5.2,400000,44983,0.112458,152250,0.380625
-10.6,-5,400000,45010,0.112525,151571,0.378927
-10.6,-4.8,400000,44334,0.110835,151929,0.379823
-10.6,-4.6,400000,44863,0.112157,152351,0.380877
-10.6,-4.4,400000,44622,0.111555,151900,0.37975
-10.6,-4.2,400000,45205,0.113013,152012,0.38003
-10.6,-4,400000,44799,0.111997,152433,0.381082
-10.6,-3.8,400000,44596,0.11149,152069,0.380173
-10.6,-3.6,400000,45303,0.113257,152156,0.38039
-10.6,-3.4,400000,45117,0.112793,152156,0.38039
-10.6,-3.2,400000,44150,0.110375,151838,0.379595
-10.6,-3,400000,44632,0.11158,152122,0.380305
-10.6,-2.8,400000,44880,0.1122,151978,0.379945
-10.6,-2.6,400000,44442,0.111105,152278,0.380695
-10.6,-2.4,400000,45044,0.11261,152136,0.38034
-10.6,-2.2,400000,44463,0.111158,151876,0.37969
-10.6,-2,400000,44683,0.111708,151904,0.37976
-10.6,-1.8,400000,44784,0.11196,151654,0.379135
-10.6,-1.6,400000,45170,0.112925,152166,0.380415
-10.6,-1.4,400000,44845,0.112113,152559,0.381398
-10.6,-1.2,400000,44718,0.111795,151900,0.37975
-10.6,-1,400000,44571,0.111427,152321,0.380802
-10.6,-0.8,400000,44919,0.112297,152020,0.38005
-10.6,-0.6,400000,45029,0.112573,152248,0.38062
-10.6,-0.4,400000,45329,0.113323,152357,0.380893
-10.6,-0.2,400000,45274,0.113185,151841,0.379603
-10.6,0,400000,45219,0.113047,152770,0.381925
-10.6,0.2,400000,44815,0.112037,151834,0.379585
-10.6,0.4,400000,44479,0.111198,151994,0.379985
-10.6,0.6,400000,44589,0.111473,151781,0.379453
-10.6,0.8,400000,44391,0.110978,151207,0.378018
-10.6,1,400000,44831,0.112077,152482,0.381205
-10.6,1.2,400000,44773,0.111933,152676,0.38169
-10.6,1.4,400000,44713,0.111783,151428,0.37857
-10.6,1.6,400000,45102,0.112755,152117,0.380292
-10.6,1.8,400000,44431,0.111077,151751,0.379377
-10.6,2,400000,44583,0.111458,151771,0.379427
-10.6,2.2,400000,45058,0.112645,152198,0.380495
-10.6,2.4,400000,44711,0.111778,152104,0.38026
-10.6,2.6,400000,44843,0.112107,152452,0.38113
-10.6,2.8,400000,44617,0.111543,152176,0.38044
-10.6,3,400000,44719,0.111797,152005,0.380012
-10.6,3.2,400000,44679,0.111698,152668,0.38167
-10.6,3.4,400000,45093,0.112732,152134,0.380335
-10.6,3.6,400000,45049,0.112623,152854,0.382135
-10.6,3.8,400000,44676,0.11169,152152,0.38038
-10.6,4,400000,45184,0.11296,152987,0.382468
-10.6,4.2,400000,44755,0.111888,152187,0.380468
-10.6,4.4,400000,45010,0.112525,152668,0.38167
-10.6,4.6,400000,44387,0.110967,151779,0.379447
-10.6,4.8,400000,44643,0.111607,152274,0.380685
-10.6,5,400000,44723,0.111808,152602,0.381505
-10.6,5.2,400000,44799,0.111997,152036,0.38009
-10.6,5.4,400000,44762,0.111905,151699,0.379248
-10.6,5.6,400000,44508,0.11127,152222,0.380555
-10.6,5.8,400000,44267,0.110668,151846,0.379615
-10.6,6,400000,44638,0.111595,151275,0.378188
-10.6,6.2,400000,45161,0.112903,152576,0.38144
-10.6,6.4,400000,44766,0.111915,151578,0.378945
-10.6,6.6,400000,44938,0.112345,151914,0.379785
-10.6,6.8,400000,45122,0.112805,152530,0.381325
-10.6,7,400000,44757,0.111893,152175,0.380437
-10.6,7.2,400000,44796,0.11199,151536,0.37884
-10.6,7.4,400000,44761,0.111903,152522,0.381305
-10.6,7.6,400000,44956,0.11239,152343,0.380858
-10.6,7.8,400000,45074,0.112685,152713,0.381783
-10.6,8,400000,44981,0.112452,152285,0.380713
-10.6,8.2,400000,44493,0.111232,152058,0.380145
-10.6,8.4,400000,44737,0.111842,151939,0.379848
-10.6,8.6,400000,44490,0.111225,151848,0.37962
-10.6,8.8,400000,44968,0.11242,152738,0.381845
-10.6,9,400000,44972,0.11243,152309,0.380773
-10.6,9.2,400000,44929,0.112323,151688,0.37922
-10.6,9.4,400000,44902,0.112255,152252,0.38063
-10.6,9.6,400000,44689,0.111723,151874,0.379685
-10.6,9.8,400000,44677,0.111693,151492,0.37873
-10.6,10,400000,44686,0.111715,152042,0.380105
-10.6,10.2,400000,44708,0.11177,151975,0.379937
-10.6,10.4,400000,44934,0.112335,151640,0.3791
-10.6,10.6,400000,45063,0.112657,152201,0.380503
-10.6,10.8,400000,44505,0.111263,152493,0.381232
-10.6,11,400000,44762,0.111905,152363,0.380908
-10.6,11.2,400000,44782,0.111955,151647,0.379117
-10.6,11.4,400000,44636,0.11159,151280,0.3782
-10.6,11.6,400000,44591,0.111477,152474,0.381185
-10.6,11.8,400000,44691,0.111727,151831,0.379578
-10.6,12,400000,44808,0.11202,152103,0.380258
-10.6,12.2,400000,45307,0.113267,152678,0.381695
-10.6,12.4,400000,44590,0.111475,152362,0.380905
-10.6,12.6,400000,45022,0.112555,152667,0.381667
-10.6,12.8,400000,45279,0.113198,152385,0.380962
-10.6,13,400000,45134,0.112835,151870,0.379675
-10.6,13.2,400000,44268,0.11067,151855,0.379638
-10.6,13.4,400000,44716,0.11179,152382,0.380955
-10.6,13.6,400000,44654,0.111635,152202,0.380505
-10.6,13.8,400000,44811,0.112028,152536,0.38134
-10.6,14,400000,45099,0.112748,152390,0.380975
-10.6,14.2,400000,44815,0.112037,151577,0.378943
-10.6,14.4,400000,45318,0.113295,152683,0.381707
-10.6,14.6,400000,45164,0.11291,152409,0.381022
-10.6,14.8,400000,44634,0.111585,151871,0.379678
-10.6,15,400000,44821,0.112052,152111,0.380277
-10.6,15.2,400000,44560,0.1114,152283,0.380707
-10.6,15.4,400000,44624,0.11156,152037,0.380092
-10.6,15.6,400000,44889,0.112223,151578,0.378945
-10.6,15.8,400000,44830,0.112075,151959,0.379897
-10.6,16,400000,44864,0.11216,152437,0.381093
-10.6,16.2,400000,44816,0.11204,152185,0.380462
-10.6,16.4,400000,45109,0.112772,152375,0.380937
-10.6,16.6,400000,44829,0.112073,151551,0.378877
-10.6,16.8,400000,44829,0.112073,152415,0.381037
-10.6,17,400000,44913,0.112282,152166,0.380415
-10.6,17.2,400000,45089,0.112723,151992,0.37998
-10.6,17.4,400000,44337,0.110842,151800,0.3795
-10.6,17.6,400000,44597,0.111492,152252,0.38063
-10.6,17.8,400000,44953,0.112382,152441,0.381103
-10.6,18,400000,44821,0.112052,152227,0.380568
-10.6,18.2,400000,45099,0.112748,152529,0.381323
-10.6,18.4,400000,45198,0.112995,152137,0.380342
-10.6,18.6,400000,44846,0.112115,152122,0.380305
-10.6,18.8,400000,44841,0.112102,152219,0.380547
-10.6,19,400000,44982,0.112455,151802,0.379505
-10.6,19.2,400000,44573,0.111433,151919,0.379798
-10.6,19.4,400000,44272,0.11068,151977,0.379943
-10.6,19.6,400000,44588,0.11147,152139,0.380348
-10.6,19.8,400000,44758,0.111895,152980,0.38245
-10.6,20,400000,44559,0.111397,152395,0.380987
-10.6,20.2,400000,45196,0.11299,151858,0.379645
-10.6,20.4,400000,44657,0.111643,151634,0.379085
-10.6,20.6,400000,44948,0.11237,152380,0.38095
-10.6,20.8,400000,44881,0.112202,151679,0.379198
-10.6,21,400000,44947,0.112367,152544,0.38136
-10.6,21.2,400000,44819,0.112047,152477,0.381192
-10.6,21.4,400000,45029,0.112573,151958,0.379895
-10.6,21.6,400000,44876,0.11219,151996,0.37999
-10.6,21.8,400000,44613,0.111533,152123,0.380308
-10.6,22,400000,44785,0.111963,151473,0.378682
-10.6,22.2,400000,44839,0.112098,151911,0.379777
-10.6,22.4,400000,44653,0.111632,152032,0.38008
-10.6,22.6,400000,45290,0.113225,152198,0.380495
-10.6,22.8,400000,44547,0.111367,152679,0.381698
-10.6,23,400000,44787,0.111967,152420,0.38105
-10.6,23.2,400000,44789,0.111973,151851,0.379628
-10.6,23.4,400000,44970,0.112425,152255,0.380638
-10.6,23.6,400000,45285,0.113212,152059,0.380148
-10.6,23.8,400000,44991,0.112477,151487,0.378717
-10.6,24,400000,44816,0.11204,151705,0.379263
-10.6,24.2,400000,44302,0.110755,152320,0.3808
-10.6,24.4,400000,44591,0.111477,151618,0.379045
-10.6,24.6,400000,44412,0.11103,152027,0.380068
-10.6,24.8,400000,45012,0.11253,151931,0.379827
-10.6,25,400000,45259,0.113147,152759,0.381898
-10.6,25.2,400000,45205,0.113013,152407,0.381018
-10.6,25.4,400000,44402,0.111005,151846,0.379615
-10.6,25.6,400000,44873,0.112183,152360,0.3809
-10.6,25.8,400000,44880,0.1122,151971,0.379927
-10.6,26,400000,44833,0.112083,152019,0.380047
-10.6,26.2,400000,44925,0.112312,152072,0.38018
-10.6,26.4,400000,44607,0.111518,152165,0.380412
-10.6,26.6,400000,45073,0.112683,152190,0.380475
-10.6,26.8,400000,44469,0.111172,151889,0.379723
-10.6,27,400000,44831,0.112077,151861,0.379653
-10.6,27.2,400000,44449,0.111122,151985,0.379962
-10.6,27.4,400000,44816,0.11204,151870,0.379675
-10.6,27.6,400000,44866,0.112165,152319,0.380798
-10.6,27.8,400000,44496,0.11124,151976,0.37994
-10.6,28,400000,44868,0.11217,152004,0.38001
-10.6,28.2,400000,45184,0.11296,153045,0.382613
-10.6,28.4,400000,44811,0.112028,152320,0.3808
-10.6,28.6,400000,44641,0.111602,152183,0.380458
-10.6,28.8,400000,44795,0.111988,152394,0.380985
-10.6,29,400000,44910,0.112275,152219,0.380547
-10.6,29.2,400000,45318,0.113295,152411,0.381028
-10.6,29.4,400000,44654,0.111635,151727,0.379317
-10.6,29.6,400000,44999,0.112498,152384,0.38096
-10.6,29.8,400000,44562,0.111405,151342,0.378355
-10.6,30,400000,45132,0.11283,152755,0.381887
-10.6,30.2,400000,44314,0.110785,151716,0.37929
-10.6,30.4,400000,44905,0.112263,152285,0.380713
-10.6,30.6,400000,44968,0.11242,152470,0.381175
-10.6,30.8,400000,44595,0.111488,152282,0.380705
-10.6,31,400000,44769,0.111922,152454,0.381135
-10.6,31.2,400000,44718,0.111795,151818,0.379545
-10.6,31.4,400000,45027,0.112568,152159,0.380397
-10.6,31.6,400000,45134,0.112835,151942,0.379855
-10.6,31.8,400000,45154,0.112885,152121,0.380302
-10.6,32,400000,44932,0.11233,152303,0.380758
-10.6,32.2,400000,44608,0.11152,151928,0.37982
-10.6,32.4,400000,45328,0.11332,152650,0.381625
-10.6,32.6,400000,45059,0.112647,152506,0.381265
-10.6,32.8,400000,44670,0.111675,152313,0.380783
-10.6,33,400000,43789,0.109473,151591,0.378978
-10.6,33.2,400000,44748,0.11187,152303,0.380758
-10.6,33.4,400000,45312,0.11328,152264,0.38066
-10.6,33.6,400000,45050,0.112625,151545,0.378862
-10.6,33.8,400000,45037,0.112592,152015,0.380037
-10.6,34,400000,44621,0.111552,151677,0.379192
-10.6,34.2,400000,44974,0.112435,153276,0.38319
-10.6,34.4,400000,44891,0.112227,152359,0.380897
-10.6,34.6,400000,44994,0.112485,152224,0.38056
-10.6,34.8,400000,45179,0.112948,152191,0.380478
-10.6,35,400000,44943,0.112357,152529,0.381323
-10.6,35.2,400000,44637,0.111592,152078,0.380195
-10.6,35.4,400000,44870,0.112175,152060,0.38015
-10.6,35.6,400000,44813,0.112032,151831,0.379578
-10.6,35.8,400000,45246,0.113115,152321,0.380802
-10.6,36,400000,44533,0.111333,152255,0.380638
-10.6,36.2,400000,44405,0.111013,151668,0.37917
-10.6,36.4,400000,44876,0.11219,152362,0.380905
-10.6,36.6,400000,45104,0.11276,151906,0.379765
-10.6,36.8,400000,44823,0.112058,151957,0.379893
-10.6,37,400000,44881,0.112202,151594,0.378985
-10.6,37.2,400000,44928,0.11232,152130,0.380325
-10.6,37.4,400000,44148,0.11037,151693,0.379232
-10.6,37.6,400000,44127,0.110317,151864,0.37966
-10.6,37.8,400000,45012,0.11253,152094,0.380235
-10.6,38,400000,44704,0.11176,151449,0.378622
-10.6,38.2,400000,44775,0.111937,151486,0.378715
-10.6,38.4,400000,45141,0.112852,152195,0.380487
-10.6,38.6,400000,44749,0.111872,151961,0.379902
-10.6,38.8,400000,44916,0.11229,152342,0.380855
-10.6,39,400000,45251,0.113128,152455,0.381138
-10.6,39.2,400000,45334,0.113335,152800,0.382
-10.6,39.4,400000,45261,0.113153,152342,0.380855
-10.6,39.6,400000,45218,0.113045,152019,0.380047
-10.6,39.8,400000,44981,0.112452,152139,0.380348
-10.6,40,400000,45006,0.112515,151706,0.379265
-10.6,40.2,400000,45383,0.113458,152731,0.381827
-10.6,40.4,400000,44870,0.112175,152263,0.380657
-10.6,40.6,400000,45091,0.112727,152248,0.38062
-10.6,40.8,400000,44691,0.111727,151758,0.379395
-10.6,41,400000,44878,0.112195,151677,0.379192
-10.6,41.2,400000,44473,0.111183,152120,0.3803
-10.6,41.4,400000,44918,0.112295,152657,0.381642
-10.6,41.6,400000,45094,0.112735,151970,0.379925
-10.6,41.8,400000,45047,0.112617,152261,0.380653
-10.6,42,400000,44780,0.11195,152070,0.380175
-10.6,42.2,400000,44980,0.11245,152241,0.380603
-10.6,42.4,400000,44921,0.112302,152117,0.380292
-10.6,42.6,400000,44532,0.11133,151885,0.379713
-10.6,42.8,400000,45148,0.11287,152455,0.381138
-10.6,43,400000,44896,0.11224,152261,0.380653
-10.6,43.2,400000,45037,0.112592,151885,0.379713
-10.6,43.4,400000,44349,0.110872,150652,0.37663
-10.6,43.6,400000,44646,0.111615,152599,0.381497
-10.6,43.8,400000,44931,0.112327,152470,0.381175
-10.6,44,400000,44851,0.112128,152215,0.380537
-10.6,44.2,400000,45383,0.113458,152289,0.380723
-10.6,44.4,400000,44518,0.111295,152398,0.380995
-10.6,44.6,400000,44582,0.111455,152024,0.38006
-10.6,44.8,400000,44285,0.110713,151526,0.378815
-10.6,45,400000,44738,0.111845,151849,0.379622
-10.6,45.2,400000,45271,0.113178,152029,0.380072
-10.6,45.4,400000,45096,0.11274,152249,0.380622
-10.6,45.6,400000,44466,0.111165,151758,0.379395
-10.6,45.8,400000,44948,0.11237,152256,0.38064
-10.6,46,400000,44730,0.111825,152005,0.380012
-10.6,46.2,400000,44782,0.111955,152099,0.380248
-10.6,46.4,400000,44824,0.11206,152147,0.380368
-10.6,46.6,400000,44760,0.1119,152168,0.38042
-10.6,46.8,400000,44904,0.11226,152187,0.380468
-10.6,47,400000,44636,0.11159,151996,0.37999
-10.6,47.2,400000,45094,0.112735,151723,0.379308
-10.6,47.4,400000,44750,0.111875,151903,0.379758
-10.6,47.6,400000,44638,0.111595,151934,0.379835
-10.6,47.8,400000,44701,0.111753,152120,0.3803
-10.6,48,400000,44855,0.112138,151649,0.379122
-10.6,48.2,400000,44476,0.11119,152105,0.380263
-10.6,48.4,400000,45105,0.112763,153130,0.382825
-10.6,48.6,400000,45286,0.113215,152139,0.380348
-10.6,48.8,400000,45062,0.112655,152286,0.380715
-10.6,49,400000,45047,0.112617,151968,0.37992
-10.6,49.2,400000,44966,0.112415,152435,0.381088
-10.6,49.4,400000,45276,0.11319,152426,0.381065
-10.6,49.6,400000,44666,0.111665,152146,0.380365
-10.6,49.8,400000,44468,0.11117,152051,0.380128
-10.6,50,400000,44841,0.112102,152170,0.380425
-10.4,-50,400000,45149,0.112873,152664,0.38166
-10.4,-49.8,400000,45558,0.113895,152388,0.38097
-10.4,-49.6,400000,44645,0.111613,151519,0.378798
-10.4,-49.4,400000,44874,0.112185,152308,0.38077
-10.4,-49.2,400000,45061,0.112653,151832,0.37958
-10.4,-49,400000,45341,0.113352,151936,0.37984
-10.4,-48.8,400000,44342,0.110855,151793,0.379483
-10.4,-48.6,400000,44391,0.110978,151233,0.378082
-10.4,-48.4,400000,44992,0.11248,152007,0.380018
-10.4,-48.2,400000,44776,0.11194,152235,0.380588
-10.4,-48,400000,45003,0.112507,152395,0.380987
-10.4,-47.8,400000,44461,0.111153,151985,0.379962
-10.4,-47.6,400000,45014,0.112535,151703,0.379258
-10.4,-47.4,400000,44897,0.112242,152068,0.38017
-10.4,-47.2,400000,44968,0.11242,151982,0.379955
-10.4,-47,400000,45061,0.112653,152585,0.381462
-10.4,-46.8,400000,45343,0.113357,152736,0.38184
-10.4,-46.6,400000,44728,0.11182,151922,0.379805
-10.4,-46.4,400000,44983,0.112458,152437,0.381093
-10.4,-46.2,400000,45134,0.112835,152448,0.38112
-10.4,-46,400000,45092,0.11273,152390,0.380975
-10.4,-45.8,400000,45501,0.113753,152628,0.38157
-10.4,-45.6,400000,44399,0.110997,151708,0.37927
-10.4,-45.4,400000,44962,0.112405,152703,0.381758
-10.4,-45.2,400000,44714,0.111785,151841,0.379603
-10.4,-45,400000,45217,0.113043,151717,0.379292
-10.4,-44.8,400000,44672,0.11168,152035,0.380088
-10.4,-44.6,400000,45068,0.11267,152321,0.380802
-10.4,-44.4,400000,44746,0.111865,151581,0.378953
-10.4,-44.2,400000,44892,0.11223,152180,0.38045
-10.4,-44,400000,45311,0.113278,152560,0.3814
-10.4,-43.8,400000,44769,0.111922,151721,0.379302
-10.4,-43.6,400000,45064,0.11266,151682,0.379205
-10.4,-43.4,400000,44825,0.112062,152240,0.3806
-10.4,-43.2,400000,44805,0.112013,152170,0.380425
-10.4,-43,400000,45137,0.112842,152227,0.380568
-10.4,-42.8,400000,44852,0.11213,152228,0.38057
-10.4,-42.6,400000,44668,0.11167,152075,0.380188
-10.4,-42.4,400000,45165,0.112912,152412,0.38103
-10.4,-42.2,400000,44635,0.111588,152141,0.380352
-10.4,-42,400000,44835,0.112088,152384,0.38096
-10.4,-41.8,400000,45196,0.11299,152230,0.380575
-10.4,-41.6,400000,45025,0.112562,152333,0.380833
-10.4,-41.4,400000,44921,0.112302,152101,0.380252
-10.4,-41.2,400000,44588,0.11147,151554,0.378885
-10.4,-41,400000,45270,0.113175,152741,0.381852
-10.4,-40.8,400000,45337,0.113342,152185,0.380462
-10.4,-40.6,400000,45196,0.11299,151780,0.37945
-10.4,-40.4,400000,44727,0.111818,152191,0.380478
-10.4,-40.2,400000,45031,0.112577,151777,0.379443
-10.4,-40,400000,44637,0.111592,152136,0.38034
-10.4,-39.8,400000,45288,0.11322,151922,0.379805
-10.4,-39.6,400000,44641,0.111602,152090,0.380225
-10.4,-39.4,400000,44589,0.111473,152092,0.38023
-10.4,-39.2,400000,44640,0.1116,152143,0.380358
-10.4,-39,400000,44918,0.112295,152340,0.38085
-10.4,-38.8,400000,45313,0.113282,152345,0.380862
-10.4,-38.6,400000,45073,0.112683,152335,0.380837
-10.4,-38.4,400000,44578,0.111445,152212,0.38053
-10.4,-38.2,400000,44686,0.111715,152165,0.380412
-10.4,-38,400000,44401,0.111003,151550,0.378875
-10.4,-37.8,400000,44860,0.11215,151893,0.379732
-10.4,-37.6,400000,44681,0.111702,152074,0.380185
-10.4,-37.4,400000,44680,0.1117,152116,0.38029
-10.4,-37.2,400000,45009,0.112522,152020,0.38005
-10.4,-37,400000,44552,0.11138,152261,0.380653
-10.4,-36.8,400000,44346,0.110865,151947,0.379868
-10.4,-36.6,400000,44844,0.11211,152042,0.380105
-10.4,-36.4,400000,45151,0.112878,152779,0.381947
-10.4,-36.2,400000,45092,0.11273,152263,0.380657
-10.4,-36,400000,44914,0.112285,152307,0.380767
-10.4,-35.8,400000,45333,0.113333,152256,0.38064
-10.4,-35.6,400000,44423,0.111058,151453,0.378632
-10.4,-35.4,400000,44852,0.11213,152185,0.380462
-10.4,-35.2,400000,44504,0.11126,151921,0.379802
-10.4,-35,400000,45177,0.112943,152401,0.381003
-10.4,-34.8,400000,44810,0.112025,151395,0.378487
-10.4,-34.6,400000,44677,0.111693,152050,0.380125
-10.4,-34.4,400000,44838,0.112095,151155,0.377887
-10.4,-34.2,400000,44985,0.112463,152762,0.381905
-10.4,-34,400000,44533,0.111333,152366,0.380915
-10.4,-33.8,400000,44884,0.11221,152397,0.380993
-10.4,-33.6,400000,44658,0.111645,152205,0.380512
-10.4,-33.4,400000,44807,0.112018,152249,0.380622
-10.4,-33.2,400000,44764,0.11191,152235,0.380588
-10.4,-33,400000,44937,0.112342,152405,0.381012
-10.4,-32.8,400000,44734,0.111835,152391,0.380978
-10.4,-32.6,400000,45317,0.113293,152059,0.380148
-10.4,-32.4,400000,44850,0.112125,151799,0.379497
-10.4,-32.2,400000,45692,0.11423,152413,0.381032
-10.4,-32,400000,45156,0.11289,152601,0.381503
-10.4,-31.8,400000,44574,0.111435,152385,0.380962
-10.4,-31.6,400000,45338,0.113345,151868,0.37967
-10.4,-31.4,400000,44543,0.111357,152106,0.380265
-10.4,-31.2,400000,44776,0.11194,152367,0.380918
-10.4,-31,400000,44887,0.112217,151681,0.379202
-10.4,-30.8,400000,44580,0.11145,152376,0.38094
-10.4,-30.6,400000,45009,0.112522,152638,0.381595
-10.4,-30.4,400000,45182,0.112955,152363,0.380908
-10.4,-30.2,400000,44739,0.111848,151910,0.379775
-10.4,-30,400000,45465,0.113662,152590,0.381475
-10.4,-29.8,400000,44986,0.112465,151640,0.3791
-10.4,-29.6,400000,44534,0.111335,151836,0.37959
-10.4,-29.4,400000,44466,0.111165,151933,0.379833
-10.4,-29.2,400000,45265,0.113162,152355,0.380887
-10.4,-29,400000,44833,0.112083,152209,0.380522
-10.4,-28.8,400000,44788,0.11197,152572,0.38143
-10.4,-28.6,400000,45225,0.113062,152977,0.382443
-10.4,-28.4,400000,44863,0.112157,152455,0.381138
-10.4,-28.2,400000,44557,0.111393,152446,0.381115
-10.4,-28,400000,45265,0.113162,152520,0.3813
-10.4,-27.8,400000,45061,0.112653,151931,0.379827
-10.4,-27.6,400000,44682,0.111705,152371,0.380927
-10.4,-27.4,400000,44396,0.11099,152387,0.380968
-10.4,-27.2,400000,44809,0.112022,151674,0.379185
-10.4,-27,400000,44645,0.111613,152307,0.380767
-10.4,-26.8,400000,44801,0.112003,151215,0.378038
-10.4,-26.6,400000,44898,0.112245,152541,0.381352
-10.4,-26.4,400000,44826,0.112065,152296,0.38074
-10.4,-26.2,400000,44626,0.111565,151989,0.379972
-10.4,-26,400000,44795,0.111988,152160,0.3804
-10.4,-25.8,400000,44931,0.112327,151831,0.379578
-10.4,-25.6,400000,45104,0.11276,151967,0.379918
-10.4,-25.4,400000,45034,0.112585,152325,0.380812
-10.4,-25.2,400000,45011,0.112528,152544,0.38136
-10.4,-25,400000,45280,0.1132,152439,0.381097
-10.4,-24.8,400000,44840,0.1121,151956,0.37989
-10.4,-24.6,400000,44528,0.11132,152046,0.380115
-10.4,-24.4,400000,44989,0.112473,152645,0.381613
-10.4,-24.2,400000,44805,0.112013,152089,0.380223
-10.4,-24,400000,44973,0.112433,152710,0.381775
-10.4,-23.8,400000,44736,0.11184,152485,0.381213
-10.4,-23.6,400000,44421,0.111052,151167,0.377918
-10.4,-23.4,400000,44716,0.11179,152046,0.380115
-10.4,-23.2,400000,44711,0.111778,152247,0.380617
-10.4,-23,400000,44748,0.11187,152589,0.381472
-10.4,-22.8,400000,44459,0.111147,152281,0.380702
-10.4,-22.6,400000,44640,0.1116,152235,0.380588
-10.4,-22.4,400000,44848,0.11212,151493,0.378733
-10.4,-22.2,400000,44411,0.111028,151616,0.37904
-10.4,-22,400000,44978,0.112445,152139,0.380348
-10.4,-21.8,400000,44511,0.111278,152139,0.380348
-10.4,-21.6,400000,44971,0.112427,152245,0.380613
-10.4,-21.4,400000,45126,0.112815,152655,0.381638
-10.4,-21.2,400000,45067,0.112668,152519,0.381298
-10.4,-21,400000,44915,0.112287,152230,0.380575
-10.4,-20.8,400000,44757,0.111893,152342,0.380855
-10.4,-20.6,400000,44772,0.11193,152515,0.381288
-10.4,-20.4,400000,45214,0.113035,151814,0.379535
-10.4,-20.2,400000,44856,0.11214,152435,0.381088
-10.4,-20,400000,44468,0.11117,151893,0.379732
-10.4,-19.8,400000,44406,0.111015,152413,0.381032
-10.4,-19.6,400000,44852,0.11213,152218,0.380545
-10.4,-19.4,400000,44476,0.11119,151957,0.379893
-10.4,-19.2,400000,44810,0.112025,151816,0.37954
-10.4,-19,400000,44929,0.112323,152647,0.381617
-10.4,-18.8,400000,44558,0.111395,151729,0.379323
-10.4,-18.6,400000,44770,0.111925,152154,0.380385
-10.4,-18.4,400000,44747,0.111867,151857,0.379642
-10.4,-18.2,400000,45168,0.11292,152494,0.381235
-10.4,-18,400000,45048,0.11262,152763,0.381908
-10.4,-17.8,400000,44563,0.111408,151982,0.379955
-10.4,-17.6,400000,44471,0.111177,151959,0.379897
-10.4,-17.4,400000,44950,0.112375,152018,0.380045
-10.4,-17.2,400000,44603,0.111507,152159,0.380397
-10.4,-17,400000,44886,0.112215,152168,0.38042
-10.4,-16.8,400000,45001,0.112503,152541,0.381352
-10.4,-16.6,400000,44790,0.111975,152458,0.381145
-10.4,-16.4,400000,45313,0.113282,152062,0.380155
-10.4,-16.2,400000,45030,0.112575,152579,0.381447
-10.4,-16,400000,44953,0.112382,151905,0.379763
-10.4,-15.8,400000,45021,0.112552,152501,0.381252
-10.4,-15.6,400000,44630,0.111575,151877,0.379692
-10.4,-15.4,400000,44726,0.111815,151977,0.379943
-10.4,-15.2,400000,44643,0.111607,151930,0.379825
-10.4,-15,400000,44778,0.111945,152268,0.38067
-10.4,-14.8,400000,44568,0.11142,152565,0.381412
-10.4,-14.6,400000,44840,0.1121,152360,0.3809
-10.4,-14.4,400000,44729,0.111823,152153,0.380383
-10.4,-14.2,400000,44740,0.11185,152518,0.381295
-10.4,-14,400000,44840,0.1121,152331,0.380827
-10.4,-13.8,400000,44782,0.111955,152186,0.380465
-10.4,-13.6,400000,44915,0.112287,151717,0.379292
-10.4,-13.4,400000,45027,0.112568,152832,0.38208
-10.4,-13.2,400000,44963,0.112407,152047,0.380117
-10.4,-13,400000,44449,0.111122,151537,0.378843
-10.4,-12.8,400000,45132,0.11283,152528,0.38132
-10.4,-12.6,400000,44802,0.112005,152416,0.38104
-10.4,-12.4,400000,45152,0.11288,152033,0.380082
-10.4,-12.2,400000,44844,0.11211,152496,0.38124
-10.4,-12,400000,44658,0.111645,152122,0.380305
-10.4,-11.8,400000,44632,0.11158,151711,0.379277
-10.4,-11.6,400000,45170,0.112925,152553,0.381383
-10.4,-11.4,400000,45157,0.112893,152646,0.381615
-10.4,-11.2,400000,44844,0.11211,152239,0.380597
-10.4,-11,400000,45233,0.113083,152770,0.381925
-10.4,-10.8,400000,45522,0.113805,152733,0.381833
-10.4,-10.6,400000,45410,0.113525,152425,0.381063
-10.4,-10.4,400000,44767,0.111918,151707,0.379267
-10.4,-10.2,400000,44370,0.110925,151930,0.379825
-10.4,-10,400000,45330,0.113325,152868,0.38217
-10.4,-9.8,400000,44629,0.111573,151962,0.379905
-10.4,-9.6,400000,44836,0.11209,151597,0.378993
-10.4,-9.4,400000,44666,0.111665,152263,0.380657
-10.4,-9.2,400000,44791,0.111977,151891,0.379727
-10.4,-9,400000,44887,0.112217,151823,0.379557
-10.4,-8.8,400000,45312,0.11328,151818,0.379545
-10.4,-8.6,400000,44797,0.111992,152394,0.380985
-10.4,-8.4,400000,45104,0.11276,152312,0.38078
-10.4,-8.2,400000,45040,0.1126,151766,0.379415
-10.4,-8,400000,45054,0.112635,152435,0.381088
-10.4,-7.8,400000,44779,0.111948,151688,0.37922
-10.4,-7.6,400000,44784,0.11196,151999,0.379997
-10.4,-7.4,400000,44618,0.111545,151895,0.379738
-10.4,-7.2,400000,45051,0.112628,152134,0.380335
-10.4,-7,400000,44999,0.112498,151967,0.379918
-10.4,-6.8,400000,45071,0.112677,152493,0.381232
-10.4,-6.6,400000,44634,0.111585,152259,0.380648
-10.4,-6.4,400000,45064,0.11266,152236,0.38059
-10.4,-6.2,400000,44350,0.110875,152704,0.38176
-10.4,-6,400000,45033,0.112583,152190,0.380475
-10.4,-5.8,400000,44871,0.112177,152198,0.380495
-10.4,-5.6,400000,45387,0.113467,152300,0.38075
-10.4,-5.4,400000,44687,0.111717,152414,0.381035
-10.4,-5.2,400000,44851,0.112128,152962,0.382405
-10.4,-5,400000,44849,0.112122,152677,0.381692
-10.4,-4.8,400000,45098,0.112745,151653,0.379132
-10.4,-4.6,400000,44869,0.112172,152085,0.380213
-10.4,-4.4,400000,44822,0.112055,152204,0.38051
-10.4,-4.2,400000,44881,0.112202,152443,0.381107
-10.4,-4,400000,44671,0.111677,151973,0.379933
-10.4,-3.8,400000,44085,0.110213,150833,0.377082
-10.4,-3.6,400000,44853,0.112132,151951,0.379877
-10.4,-3.4,400000,44831,0.112077,152548,0.38137
-10.4,-3.2,400000,44869,0.112172,151832,0.37958
-10.4,-3,400000,44434,0.111085,152527,0.381317
-10.4,-2.8,400000,44540,0.11135,151880,0.3797
-10.4,-2.6,400000,44899,0.112248,152503,0.381258
-10.4,-2.4,400000,44576,0.11144,152324,0.38081
-10.4,-2.2,400000,44924,0.11231,152441,0.381103
-10.4,-2,400000,44149,0.110372,151551,0.378877
-10.4,-1.8,400000,44738,0.111845,151841,0.379603
-10.4,-1.6,400000,44810,0.112025,152028,0.38007
-10.4,-1.4,400000,44906,0.112265,152623,0.381557
-10.4,-1.2,400000,45063,0.112657,152642,0.381605
-10.4,-1,400000,44636,0.11159,152105,0.380263
-10.4,-0.8,400000,45245,0.113113,151666,0.379165
-10.4,-0.6,400000,44899,0.112248,152095,0.380238
-10.4,-0.4,400000,44788,0.11197,152271,0.380678
-10.4,-0.2,400000,44771,0.111927,152033,0.380082
-10.4,0,400000,44618,0.111545,151883,0.379707
-10.4,0.2,400000,44326,0.110815,151844,0.37961
-10.4,0.4,400000,45219,0.113047,152493,0.381232
-10.4,0.6,400000,43839,0.109598,151878,0.379695
-10.4,0.8,400000,44699,0.111747,151525,0.378812
-10.4,1,400000,44594,0.111485,152182,0.380455
-10.4,1.2,400000,44823,0.112058,152618,0.381545
-10.4,1.4,400000,43778,0.109445,151310,0.378275
-10.4,1.6,400000,44633,0.111583,152716,0.38179
-10.4,1.8,400000,44894,0.112235,152206,0.380515
-10.4,2,400000,45331,0.113327,152390,0.380975
-10.4,2.2,400000,45452,0.11363,152758,0.381895
-10.4,2.4,400000,44199,0.110497,151746,0.379365
-10.4,2.6,400000,45051,0.112628,152373,0.380933
-10.4,2.8,400000,45047,0.112617,151998,0.379995
-10.4,3,400000,45144,0.11286,152440,0.3811
-10.4,3.2,400000,44586,0.111465,152038,0.380095
-10.4,3.4,400000,44882,0.112205,152710,0.381775
-10.4,3.6,400000,44685,0.111713,151872,0.37968
-10.4,3.8,400000,44381,0.110952,152010,0.380025
-10.4,4,400000,44606,0.111515,151918,0.379795
-10.4,4.2,400000,44704,0.11176,151639,0.379097
-10.4,4.4,400000,44239,0.110598,151407,0.378518
-10.4,4.6,400000,44618,0.111545,152263,0.380657
-10.4,4.8,400000,44886,0.112215,152273,0.380682
-10.4,5,400000,44752,0.11188,151548,0.37887
-10.4,5.2,400000,44476,0.11119,152010,0.380025
-10.4,5.4,400000,44970,0.112425,152114,0.380285
-10.4,5.6,400000,44868,0.11217,152041,0.380103
-10.4,5.8,400000,44596,0.11149,152561,0.381402
-10.4,6,400000,44875,0.112187,152497,0.381242
-10.4,6.2,400000,45155,0.112888,152354,0.380885
-10.4,6.4,400000,44988,0.11247,152603,0.381507
-10.4,6.6,400000,44698,0.111745,151997,0.379993
-10.4,6.8,400000,44920,0.1123,151729,0.379323
-10.4,7,400000,45083,0.112708,152537,0.381342
-10.4,7.2,400000,44759,0.111897,151591,0.378978
-10.4,7.4,400000,44952,0.11238,151867,0.379667
-10.4,7.6,400000,44553,0.111382,152099,0.380248
-10.4,7.8,400000,45022,0.112555,152415,0.381037
-10.4,8,400000,44850,0.112125,152418,0.381045
-10.4,8.2,400000,44658,0.111645,152078,0.380195
-10.4,8.4,400000,44602,0.111505,152128,0.38032
-10.4,8.6,400000,44813,0.112032,152317,0.380792
-10.4,8.8,400000,45108,0.11277,152404,0.38101
-10.4,9,400000,44355,0.110887,152415,0.381037
-10.4,9.2,400000,44805,0.112013,151453,0.378632
-10.4,9.4,400000,44697,0.111742,151538,0.378845
-10.4,9.6,400000,45049,0.112623,151982,0.379955
-10.4,9.8,400000,44649,0.111622,151668,0.37917
-10.4,10,400000,44879,0.112198,152622,0.381555
-10.4,10.2,400000,45080,0.1127,153182,0.382955
-10.4,10.4,400000,44856,0.11214,152234,0.380585
-10.4,10.6,400000,45278,0.113195,152520,0.3813
-10.4,10.8,400000,44489,0.111223,152029,0.380072
-10.4,11,400000,44776,0.11194,151766,0.379415
-10.4,11.2,400000,44978,0.112445,152179,0.380447
-10.4,11.4,400000,45294,0.113235,152447,0.381117
-10.4,11.6,400000,45194,0.112985,152033,0.380082
-10.4,11.8,400000,44967,0.112418,152006,0.380015
-10.4,12,400000,44718,0.111795,152169,0.380422
-10.4,12.2,400000,45674,0.114185,152965,0.382412
-10.4,12.4,400000,45049,0.112623,152126,0.380315
-10.4,12.6,400000,45127,0.112818,152134,0.380335
-10.4,12.8,400000,44984,0.11246,152195,0.380487
-10.4,13,400000,44900,0.11225,152306,0.380765
-10.4,13.2,400000,45254,0.113135,152396,0.38099
-10.4,13.4,400000,44551,0.111378,152411,0.381028
-10.4,13.6,400000,44593,0.111482,152635,0.381588
-10.4,13.8,400000,44902,0.112255,152007,0.380018
-10.4,14,400000,44690,0.111725,152238,0.380595
-10.4,14.2,400000,44949,0.112373,152944,0.38236
-10.4,14.4,400000,45272,0.11318,152564,0.38141
-10.4,14.6,400000,45314,0.113285,152264,0.38066
-10.4,14.8,400000,44517,0.111293,152305,0.380763
-10.4,15,400000,44591,0.111477,151678,0.379195
-10.4,15.2,400000,45059,0.112647,152644,0.38161
-10.4,15.4,400000,45086,0.112715,152263,0.380657
-10.4,15.6,400000,45251,0.113128,152742,0.381855
-10.4,15.8,400000,45095,0.112738,152297,0.380742
-10.4,16,400000,44951,0.112378,152818,0.382045
-10.4,16.2,400000,44963,0.112407,152449,0.381122
-10.4,16.4,400000,44674,0.111685,151972,0.37993
-10.4,16.6,400000,45242,0.113105,152569,0.381422
-10.4,16.8,400000,44765,0.111912,152068,0.38017
-10.4,17,400000,44204,0.11051,151343,0.378358
-10.4,17.2,400000,45321,0.113303,152516,0.38129
-10.4,17.4,400000,45297,0.113242,151937,0.379843
-10.4,17.6,400000,44564,0.11141,152420,0.38105
-10.4,17.8,400000,44431,0.111077,151497,0.378742
-10.4,18,400000,43983,0.109957,151500,0.37875
-10.4,18.2,400000,45040,0.1126,152250,0.380625
-10.4,18.4,400000,45146,0.112865,152249,0.380622
-10.4,18.6,400000,44634,0.111585,152079,0.380198
-10.4,18.8,400000,44415,0.111037,151583,0.378958
-10.4,19,400000,44827,0.112068,152026,0.380065
-10.4,19.2,400000,44862,0.112155,152262,0.380655
-10.4,19.4,400000,45146,0.112865,152212,0.38053
-10.4,19.6,400000,44461,0.111153,151755,0.379387
-10.4,19.8,400000,44317,0.110793,151585,0.378962
-10.4,20,400000,45194,0.112985,152473,0.381182
-10.4,20.2,400000,44762,0.111905,151644,0.37911
-10.4,20.4,400000,45379,0.113448,152594,0.381485
-10.4,20.6,400000,45212,0.11303,152527,0.381317
-10.4,20.8,400000,44518,0.111295,151869,0.379673
-10.4,21,400000,45085,0.112712,152538,0.381345
-10.4,21.2,400000,44346,0.110865,151680,0.3792
-10.4,21.4,400000,45056,0.11264,152480,0.3812
-10.4,21.6,400000,44490,0.111225,152167,0.380418
-10.4,21.8,400000,44498,0.111245,151453,0.378632
-10.4,22,400000,44962,0.112405,151916,0.37979
-10.4,22.2,400000,45022,0.112555,151977,0.379943
-10.4,22.4,400000,44350,0.110875,152046,0.380115
-10.4,22.6,400000,45189,0.112973,152118,0.380295
-10.4,22.8,400000,44770,0.111925,152156,0.38039
-10.4,23,400000,44977,0.112443,152139,0.380348
-10.4,23.2,400000,44750,0.111875,152392,0.38098
-10.4,23.4,400000,45013,0.112532,152431,0.381078
-10.4,23.6,400000,44954,0.112385,152636,0.38159
-10.4,23.8,400000,44778,0.111945,152133,0.380333
-10.4,24,400000,44665,0.111662,152283,0.380707
-10.4,24.2,400000,44763,0.111907,151911,0.379777
-10.4,24.4,400000,44951,0.112378,152323,0.380808
-10.4,24.6,400000,45202,0.113005,152333,0.380833
-10.4,24.8,400000,44485,0.111213,151517,0.378792
-10.4,25,400000,44995,0.112488,152495,0.381238
-10.4,25.2,400000,44972,0.11243,152481,0.381202
-10.4,25.4,400000,44668,0.11167,152267,0.380667
-10.4,25.6,400000,44751,0.111878,152332,0.38083
-10.4,25.8,400000,44847,0.112117,152502,0.381255
-10.4,26,400000,45009,0.112522,152339,0.380848
-10.4,26.2,400000,45038,0.112595,152095,0.380238
-10.4,26.4,400000,44458,0.111145,151857,0.379642
-10.4,26.6,400000,44307,0.110768,152105,0.380263
-10.4,26.8,400000,44384,0.11096,151600,0.379
-10.4,27,400000,44958,0.112395,152209,0.380522
-10.4,27.2,400000,44657,0.111643,152050,0.380125
-10.4,27.4,400000,44603,0.111507,151700,0.37925
-10.4,27.6,400000,44590,0.111475,152716,0.38179
-10.4,27.8,400000,44940,0.11235,152074,0.380185
-10.4,28,400000,44901,0.112253,152543,0.381358
-10.4,28.2,400000,45211,0.113028,152735,0.381837
-10.4,28.4,400000,44826,0.112065,151666,0.379165
-10.4,28.6,400000,44743,0.111857,151544,0.37886
-10.4,28.8,400000,44978,0.112445,152592,0.38148
-10.4,29,400000,44466,0.111165,152290,0.380725
-10.4,29.2,400000,44867,0.112168,152420,0.38105
-10.4,29.4,400000,45457,0.113642,152359,0.380897
-10.4,29.6,400000,44355,0.110887,152192,0.38048
-10.4,29.8,400000,45099,0.112748,152315,0.380788
-10.4,30,400000,44821,0.112052,152306,0.380765
-10.4,30.2,400000,45054,0.112635,152243,0.380607
-10.4,30.4,400000,44798,0.111995,152219,0.380547
-10.4,30.6,400000,44873,0.112183,152010,0.380025
-10.4,30.8,400000,44301,0.110753,152037,0.380092
-10.4,31,400000,45086,0.112715,152373,0.380933
-10.4,31.2,400000,44897,0.112242,151705,0.379263
-10.4,31.4,400000,44490,0.111225,152147,0.380368
-10.4,31.6,400000,44777,0.111943,152741,0.381852
-10.4,31.8,400000,45051,0.112628,152152,0.38038
-10.4,32,400000,44949,0.112373,152118,0.380295
-10.4,32.2,400000,44717,0.111793,151556,0.37889
-10.4,32.4,400000,45410,0.113525,151707,0.379267
-10.4,32.6,400000,44402,0.111005,152249,0.380622
-10.4,32.8,400000,44667,0.111668,152055,0.380138
-10.4,33,400000,44970,0.112425,152278,0.380695
-10.4,33.2,400000,44626,0.111565,152343,0.380858
-10.4,33.4,400000,44823,0.112058,151992,0.37998
-10.4,33.6,400000,44801,0.112003,151953,0.379883
-10.4,33.8,400000,45000,0.1125,152300,0.38075
-10.4,34,400000,44816,0.11204,151957,0.379893
-10.4,34.2,400000,44637,0.111592,151955,0.379887
-10.4,34.4,400000,44875,0.112187,152579,0.381447
-10.4,34.6,400000,44606,0.111515,151949,0.379873
-10.4,34.8,400000,44693,0.111732,151835,0.379588
-10.4,35,400000,45121,0.112802,152187,0.380468
-10.4,35.2,400000,44979,0.112448,152577,0.381443
-10.4,35.4,400000,44705,0.111763,152248,0.38062
-10.4,35.6,400000,44890,0.112225,151982,0.379955
-10.4,35.8,400000,44076,0.11019,152019,0.380047
-10.4,36,400000,45035,0.112587,152691,0.381727
-10.4,36.2,400000,44310,0.110775,151845,0.379613
-10.4,36.4,400000,44983,0.112458,152771,0.381927
-10.4,36.6,400000,44604,0.11151,152037,0.380092
-10.4,36.8,400000,45066,0.112665,152279,0.380698
-10.4,37,400000,44883,0.112208,151868,0.37967
-10.4,37.2,400000,45286,0.113215,152345,0.380862
-10.4,37.4,400000,45025,0.112562,151797,0.379493
-10.4,37.6,400000,44405,0.111013,152408,0.38102
-10.4,37.8,400000,44451,0.111128,151540,0.37885
-10.4,38,400000,44767,0.111918,151941,0.379852
-10.4,38.2,400000,44798,0.111995,151925,0.379812
-10.4,38.4,400000,44384,0.11096,151959,0.379897
-10.4,38.6,400000,44881,0.112202,152391,0.380978
-10.4,38.8,400000,44469,0.111172,151697,0.379242
-10.4,39,400000,45211,0.113028,151891,0.379727
-10.4,39.2,400000,44998,0.112495,151612,0.37903
-10.4,39.4,400000,44845,0.112113,152132,0.38033
-10.4,39.6,400000,44672,0.11168,152547,0.381368
-10.4,39.8,400000,45108,0.11277,152594,0.381485
-10.4,40,400000,44667,0.111668,151639,0.379097
-10.4,40.2,400000,44875,0.112187,152109,0.380273
-10.4,40.4,400000,44731,0.111827,152469,0.381173
-10.4,40.6,400000,44854,0.112135,152459,0.381147
-10.4,40.8,400000,44293,0.110732,151993,0.379983
-10.4,41,400000,45137,0.112842,152621,0.381553
-10.4,41.2,400000,44762,0.111905,152134,0.380335
-10.4,41.4,400000,44663,0.111658,151990,0.379975
-10.4,41.6,400000,44888,0.11222,152443,0.381107
-10.4,41.8,400000,44463,0.111158,151920,0.3798
-10.4,42,400000,44957,0.112393,152004,0.38001
-10.4,42.2,400000,45123,0.112808,151951,0.379877
-10.4,42.4,400000,44929,0.112323,152389,0.380972
-10.4,42.6,400000,44914,0.112285,152750,0.381875
-10.4,42.8,400000,45269,0.113172,153244,0.38311
-10.4,43,400000,44900,0.11225,151931,0.379827
-10.4,43.2,400000,44611,0.111528,151559,0.378897
-10.4,43.4,400000,44413,0.111033,151718,0.379295
-10.4,43.6,400000,44466,0.111165,151761,0.379402
-10.4,43.8,400000,44610,0.111525,151343,0.378358
-10.4,44,400000,44879,0.112198,151804,0.37951
-10.4,44.2,400000,44678,0.111695,151783,0.379458
-10.4,44.4,400000,44533,0.111333,151976,0.37994
-10.4,44.6,400000,44992,0.11248,152483,0.381207
-10.4,44.8,400000,44584,0.11146,152498,0.381245
-10.4,45,400000,45062,0.112655,152385,0.380962
-10.4,45.2,400000,45456,0.11364,152531,0.381327
-10.4,45.4,400000,44818,0.112045,152474,0.381185
-10.4,45.6,400000,44449,0.111122,152402,0.381005
-10.4,45.8,400000,45100,0.11275,151920,0.3798
-10.4,46,400000,44588,0.11147,151840,0.3796
-10.4,46.2,400000,44974,0.112435,152487,0.381217
-10.4,46.4,400000,44722,0.111805,152119,0.380298
-10.4,46.6,400000,44816,0.11204,151458,0.378645
-10.4,46.8,400000,44949,0.112373,151860,0.37965
-10.4,47,400000,45259,0.113147,151788,0.37947
-10.4,47.2,400000,44403,0.111007,151395,0.378487
-10.4,47.4,400000,44691,0.111727,152471,0.381178
-10.4,47.6,400000,44534,0.111335,152275,0.380688
-10.4,47.8,400000,44682,0.111705,151764,0.37941
-10.4,48,400000,44807,0.112018,151647,0.379117
-10.4,48.2,400000,44451,0.111128,151843,0.379607
-10.4,48.4,400000,45005,0.112513,151948,0.37987
-10.4,48.6,400000,45156,0.11289,151544,0.37886
-10.4,48.8,400000,44993,0.112482,152052,0.38013
-10.4,49,400000,45288,0.11322,152529,0.381323
-10.4,49.2,400000,44902,0.112255,152199,0.380497
-10.4,49.4,400000,44619,0.111547,152108,0.38027
-10.4,49.6,400000,44872,0.11218,152135,0.380337
-10.4,49.8,400000,44911,0.112278,152471,0.381178
-10.4,50,400000,45072,0.11268,151986,0.379965
-10.2,-50,400000,45022,0.112555,152732,0.38183
-10.2,-49.8,400000,44502,0.111255,151618,0.379045
-10.2,-49.6,400000,45100,0.11275,152117,0.380292
-10.2,-49.4,400000,45035,0.112587,152221,0.380553
-10.2,-49.2,400000,44863,0.112157,152562,0.381405
-10.2,-49,400000,45335,0.113337,152326,0.380815
-10.2,-48.8,400000,44816,0.11204,152009,0.380022
-10.2,-48.6,400000,45277,0.113193,152829,0.382072
-10.2,-48.4,400000,44892,0.11223,151764,0.37941
-10.2,-48.2,400000,44595,0.111488,151896,0.37974
-10.2,-48,400000,45258,0.113145,151802,0.379505
-10.2,-47.8,400000,44578,0.111445,151919,0.379798
-10.2,-47.6,400000,44968,0.11242,152467,0.381167
-10.2,-47.4,400000,45183,0.112958,152311,0.380777
-10.2,-47.2,400000,45874,0.114685,152131,0.380327
-10.2,-47,400000,44965,0.112412,152179,0.380447
-10.2,-46.8,400000,45025,0.112562,152247,0.380617
-10.2,-46.6,400000,44994,0.112485,152251,0.380628
-10.2,-46.4,400000,44764,0.11191,151250,0.378125
-10.2,-46.2,400000,44727,0.111818,152144,0.38036
-10.2,-46,400000,45113,0.112782,152369,0.380922
-10.2,-45.8,400000,44488,0.11122,151007,0.377518
-10.2,-45.6,400000,44664,0.11166,151711,0.379277
-10.2,-45.4,400000,44423,0.111058,152117,0.380292
-10.2,-45.2,400000,44543,0.111357,151973,0.379933
-10.2,-45,400000,44677,0.111693,152306,0.380765
-10.2,-44.8,400000,45096,0.11274,151853,0.379632
-10.2,-44.6,400000,45104,0.11276,152063,0.380157
-10.2,-44.4,400000,45040,0.1126,152172,0.38043
-10.2,-44.2,400000,44395,0.110988,151826,0.379565
-10.2,-44,400000,45006,0.112515,152120,0.3803
-10.2,-43.8,400000,44467,0.111168,151943,0.379858
-10.2,-43.6,400000,44989,0.112473,152231,0.380578
-10.2,-43.4,400000,45114,0.112785,152284,0.38071
-10.2,-43.2,400000,44564,0.11141,152158,0.380395
-10.2,-43,400000,44704,0.11176,151998,0.379995
-10.2,-42.8,400000,44948,0.11237,152570,0.381425
-10.2,-42.6,400000,44735,0.111838,151907,0.379767
-10.2,-42.4,400000,44966,0.112415,152716,0.38179
-10.2,-42.2,400000,45021,0.112552,152503,0.381258
-10.2,-42,400000,45107,0.112768,152016,0.38004
-10.2,-41.8,400000,44629,0.111573,151830,0.379575
-10.2,-41.6,400000,44882,0.112205,152680,0.3817
-10.2,-41.4,400000,44886,0.112215,151898,0.379745
-10.2,-41.2,400000,45114,0.112785,152054,0.380135
-10.2,-41,400000,45222,0.113055,152726,0.381815
-10.2,-40.8,400000,45046,0.112615,152324,0.38081
-10.2,-40.6,400000,44347,0.110867,151857,0.379642
-10.2,-40.4,400000,45175,0.112937,152177,0.380443
-10.2,-40.2,400000,44924,0.11231,151402,0.378505
-10.2,-40,400000,45026,0.112565,151757,0.379393
-10.2,-39.8,400000,45156,0.11289,152278,0.380695
-10.2,-39.6,400000,44888,0.11222,152541,0.381352
-10.2,-39.4,400000,44553,0.111382,151594,0.378985
-10.2,-39.2,400000,44662,0.111655,152106,0.380265
-10.2,-39,400000,44695,0.111738,151849,0.379622
-10.2,-38.8,400000,44614,0.111535,152201,0.380503
-10.2,-38.6,400000,44949,0.112373,152145,0.380362
-10.2,-38.4,400000,44581,0.111452,151289,0.378223
-10.2,-38.2,400000,45000,0.1125,152116,0.38029
-10.2,-38,400000,44511,0.111278,151866,0.379665
-10.2,-37.8,400000,44647,0.111617,152590,0.381475
-10.2,-37.6,400000,45367,0.113418,152815,0.382037
-10.2,-37.4,400000,44911,0.112278,151838,0.379595
-10.2,-37.2,400000,44807,0.112018,152767,0.381918
-10.2,-37,400000,44635,0.111588,151593,0.378982
-10.2,-36.8,400000,44720,0.1118,152161,0.380402
-10.2,-36.6,400000,45308,0.11327,152587,0.381468
-10.2,-36.4,400000,44815,0.112037,152427,0.381068
-10.2,-36.2,400000,44767,0.111918,152147,0.380368
-10.2,-36,400000,45120,0.1128,152540,0.38135
-10.2,-35.8,400000,45057,0.112643,152283,0.380707
-10.2,-35.6,400000,44862,0.112155,152229,0.380572
-10.2,-35.4,400000,44577,0.111442,152253,0.380632
-10.2,-35.2,400000,45117,0.112793,152598,0.381495
-10.2,-35,400000,44679,0.111698,151658,0.379145
-10.2,-34.8,400000,44903,0.112257,152208,0.38052
-10.2,-34.6,400000,44574,0.111435,151712,0.37928
-10.2,-34.4,400000,44891,0.112227,152416,0.38104
-10.2,-34.2,400000,44808,0.11202,152079,0.380198
-10.2,-34,400000,44315,0.110787,151180,0.37795
-10.2,-33.8,400000,44350,0.110875,151959,0.379897
-10.2,-33.6,400000,44761,0.111903,152036,0.38009
-10.2,-33.4,400000,45011,0.112528,152675,0.381688
-10.2,-33.2,400000,44670,0.111675,151996,0.37999
-10.2,-33,400000,44943,0.112357,153104,0.38276
-10.2,-32.8,400000,44766,0.111915,152186,0.380465
-10.2,-32.6,400000,44819,0.112047,151871,0.379678
-10.2,-32.4,400000,44811,0.112028,152106,0.380265
-10.2,-32.2,400000,44911,0.112278,151729,0.379323
-10.2,-32,400000,44414,0.111035,152115,0.380288
-10.2,-31.8,400000,45035,0.112587,152180,0.38045
-10.2,-31.6,400000,45009,0.112522,151750,0.379375
-10.2,-31.4,400000,45128,0.11282,152153,0.380383
-10.2,-31.2,400000,45625,0.114062,152789,0.381972
-10.2,-31,400000,44406,0.111015,151639,0.379097
-10.2,-30.8,400000,44360,0.1109,151709,0.379273
-10.2,-30.6,400000,45246,0.113115,152327,0.380817
-10.2,-30.4,400000,44679,0.111698,152036,0.38009
-10.2,-30.2,400000,44824,0.11206,152386,0.380965
-10.2,-30,400000,44862,0.112155,151609,0.379022
-10.2,-29.8,400000,45066,0.112665,152473,0.381182
-10.2,-29.6,400000,44513,0.111283,152449,0.381122
-10.2,-29.4,400000,44751,0.111878,152656,0.38164
-10.2,-29.2,400000,44492,0.11123,151929,0.379823
-10.2,-29,400000,44661,0.111653,151774,0.379435
-10.2,-28.8,400000,45200,0.113,152295,0.380738
-10.2,-28.6,400000,44447,0.111117,151545,0.378862
-10.2,-28.4,400000,44526,0.111315,152147,0.380368
-10.2,-28.2,400000,44324,0.11081,152116,0.38029
-10.2,-28,400000,44590,0.111475,152006,0.380015
-10.2,-27.8,400000,44733,0.111833,151944,0.37986
-10.2,-27.6,400000,44807,0.112018,151885,0.379713
-10.2,-27.4,400000,44563,0.111408,151297,0.378242
-10.2,-27.2,400000,44742,0.111855,152473,0.381182
-10.2,-27,400000,44785,0.111963,152001,0.380003
-10.2,-26.8,400000,45200,0.113,151855,0.379638
-10.2,-26.6,400000,44779,0.111948,152185,0.380462
-10.2,-26.4,400000,44611,0.111528,152089,0.380223
-10.2,-26.2,400000,44493,0.111232,152783,0.381958
-10.2,-26,400000,45295,0.113238,152789,0.381972
-10.2,-25.8,400000,44554,0.111385,152090,0.380225
-10.2,-25.6,400000,44940,0.11235,151931,0.379827
-10.2,-25.4,400000,44552,0.11138,152038,0.380095
-10.2,-25.2,400000,44751,0.111878,152051,0.380128
-10.2,-25,400000,45135,0.112837,152201,0.380503
-10.2,-24.8,400000,44944,0.11236,152322,0.380805
-10.2,-24.6,400000,44687,0.111717,151702,0.379255
-10.2,-24.4,400000,44389,0.110973,152567,0.381418
-10.2,-24.2,400000,45412,0.11353,152195,0.380487
-10.2,-24,400000,44644,0.11161,152169,0.380422
-10.2,-23.8,400000,44827,0.112068,151743,0.379358
-10.2,-23.6,400000,44383,0.110958,152053,0.380132
-10.2,-23.4,400000,44826,0.112065,152142,0.380355
-10.2,-23.2,400000,44969,0.112422,152465,0.381163
-10.2,-23,400000,44840,0.1121,152401,0.381003
-10.2,-22.8,400000,44647,0.111617,151792,0.37948
-10.2,-22.6,400000,45308,0.11327,152677,0.381692
-10.2,-22.4,400000,44609,0.111522,151537,0.378843
-10.2,-22.2,400000,45241,0.113102,152541,0.381352
-10.2,-22,400000,44676,0.11169,152275,0.380688
-10.2,-21.8,400000,44855,0.112138,152408,0.38102
-10.2,-21.6,400000,44689,0.111723,152172,0.38043
-10.2,-21.4,400000,45115,0.112787,152462,0.381155
-10.2,-21.2,400000,45527,0.113818,152799,0.381997
-10.2,-21,400000,44954,0.112385,152043,0.380107
-10.2,-20.8,400000,44935,0.112338,151992,0.37998
-10.2,-20.6,400000,44938,0.112345,152546,0.381365
-10.2,-20.4,400000,44478,0.111195,151643,0.379107
-10.2,-20.2,400000,45134,0.112835,152214,0.380535
-10.2,-20,400000,44601,0.111503,152175,0.380437
-10.2,-19.8,400000,44998,0.112495,151745,0.379362
-10.2,-19.6,400000,45128,0.11282,151868,0.37967
-10.2,-19.4,400000,44732,0.11183,151981,0.379953
-10.2,-19.2,400000,45564,0.11391,151979,0.379947
-10.2,-19,400000,44563,0.111408,152461,0.381153
-10.2,-18.8,400000,45012,0.11253,152191,0.380478
-10.2,-18.6,400000,45059,0.112647,152537,0.381342
-10.2,-18.4,400000,44571,0.111427,151663,0.379157
-10.2,-18.2,400000,44969,0.112422,152628,0.38157
-10.2,-18,400000,44547,0.111367,151816,0.37954
-10.2,-17.8,400000,44813,0.112032,152182,0.380455
-10.2,-17.6,400000,44642,0.111605,151645,0.379113
-10.2,-17.4,400000,44808,0.11202,152076,0.38019
-10.2,-17.2,400000,45279,0.113198,152446,0.381115
-10.2,-17,400000,44861,0.112153,152774,0.381935
-10.2,-16.8,400000,45098,0.112745,152523,0.381308
-10.2,-16.6,400000,45043,0.112607,152603,0.381507
-10.2,-16.4,400000,44747,0.111867,152498,0.381245
-10.2,-16.2,400000,44807,0.112018,152012,0.38003
-10.2,-16,400000,44969,0.112422,152226,0.380565
-10.2,-15.8,400000,45010,0.112525,151695,0.379238
-10.2,-15.6,400000,44780,0.11195,151831,0.379578
-10.2,-15.4,400000,45125,0.112812,152727,0.381817
-10.2,-15.2,400000,44588,0.11147,152013,0.380032
-10.2,-15,400000,44763,0.111907,151753,0.379383
-10.2,-14.8,400000,44855,0.112138,152184,0.38046
-10.2,-14.6,400000,44687,0.111717,152030,0.380075
-10.2,-14.4,400000,44921,0.112302,152065,0.380163
-10.2,-14.2,400000,44805,0.112013,152091,0.380227
-10.2,-14,400000,44936,0.11234,152215,0.380537
-10.2,-13.8,400000,44774,0.111935,152330,0.380825
-10.2,-13.6,400000,45359,0.113397,152570,0.381425
-10.2,-13.4,400000,44244,0.11061,152076,0.38019
-10.2,-13.2,400000,44974,0.112435,152391,0.380978
-10.2,-13,400000,45110,0.112775,151789,0.379472
-10.2,-12.8,400000,44910,0.112275,152636,0.38159
-10.2,-12.6,400000,45652,0.11413,151878,0.379695
-10.2,-12.4,400000,44599,0.111497,151741,0.379352
-10.2,-12.2,400000,44822,0.112055,152639,0.381597
-10.2,-12,400000,45087,0.112717,152741,0.381852
-10.2,-11.8,400000,45224,0.11306,152575,0.381437
-10.2,-11.6,400000,44160,0.1104,151972,0.37993
-10.2,-11.4,400000,44328,0.11082,152168,0.38042
-10.2,-11.2,400000,44703,0.111757,152474,0.381185
-10.2,-11,400000,44673,0.111683,152095,0.380238
-10.2,-10.8,400000,44770,0.111925,152512,0.38128
-10.2,-10.6,400000,45367,0.113418,151596,0.37899
-10.2,-10.4,400000,44861,0.112153,152314,0.380785
-10.2,-10.2,400000,44253,0.110632,151692,0.37923
-10.2,-10,400000,45039,0.112598,152378,0.380945
-10.2,-9.8,400000,45333,0.113333,152746,0.381865
-10.2,-9.6,400000,44793,0.111982,151918,0.379795
-10.2,-9.4,400000,44968,0.11242,152224,0.38056
-10.2,-9.2,400000,45166,0.112915,152027,0.380068
-10.2,-9,400000,44680,0.1117,152174,0.380435
-10.2,-8.8,400000,44847,0.112117,151863,0.379657
-10.2,-8.6,400000,45013,0.112532,151963,0.379908
-10.2,-8.4,400000,45006,0.112515,152196,0.38049
-10.2,-8.2,400000,45119,0.112797,152600,0.3815
-10.2,-8,400000,44559,0.111397,152002,0.380005
-10.2,-7.8,400000,44823,0.112058,152120,0.3803
-10.2,-7.6,400000,44536,0.11134,151640,0.3791
-10.2,-7.4,400000,44668,0.11167,152152,0.38038
-10.2,-7.2,400000,44824,0.11206,152199,0.380497
-10.2,-7,400000,44815,0.112037,152268,0.38067
-10.2,-6.8,400000,45099,0.112748,152685,0.381713
-10.2,-6.6,400000,44737,0.111842,151338,0.378345
-10.2,-6.4,400000,44593,0.111482,152080,0.3802
-10.2,-6.2,400000,44894,0.112235,151901,0.379752
-10.2,-6,400000,45081,0.112702,152373,0.380933
-10.2,-5.8,400000,44994,0.112485,152498,0.381245
-10.2,-5.6,400000,44308,0.11077,151186,0.377965
-10.2,-5.4,400000,45194,0.112985,152072,0.38018
-10.2,-5.2,400000,45151,0.112878,151704,0.37926
-10.2,-5,400000,45090,0.112725,152218,0.380545
-10.2,-4.8,400000,45112,0.11278,152383,0.380958
-10.2,-4.6,400000,44861,0.112153,151274,0.378185
-10.2,-4.4,400000,45168,0.11292,152849,0.382122
-10.2,-4.2,400000,44768,0.11192,152197,0.380493
-10.2,-4,400000,44754,0.111885,151801,0.379503
-10.2,-3.8,400000,44948,0.11237,152420,0.38105
-10.2,-3.6,400000,45560,0.1139,152586,0.381465
-10.2,-3.4,400000,44492,0.11123,151576,0.37894
-10.2,-3.2,400000,45044,0.11261,152345,0.380862
-10.2,-3,400000,44554,0.111385,152372,0.38093
-10.2,-2.8,400000,45418,0.113545,152409,0.381022
-10.2,-2.6,400000,44988,0.11247,152326,0.380815
-10.2,-2.4,400000,44702,0.111755,151872,0.37968
-10.2,-2.2,400000,45078,0.112695,152665,0.381663
-10.2,-2,400000,44901,0.112253,152046,0.380115
-10.2,-1.8,400000,44417,0.111043,151851,0.379628
-10.2,-1.6,400000,44999,0.112498,151975,0.379937
-10.2,-1.4,400000,44926,0.112315,152071,0.380178
-10.2,-1.2,400000,44940,0.11235,152342,0.380855
-10.2,-1,400000,44857,0.112143,152165,0.380412
-10.2,-0.8,400000,45051,0.112628,152518,0.381295
-10.2,-0.6,400000,45168,0.11292,152026,0.380065
-10.2,-0.4,400000,44418,0.111045,151943,0.379858
-10.2,-0.2,400000,44922,0.112305,151871,0.379678
-10.2,0,400000,45092,0.11273,152525,0.381312
-10.2,0.2,400000,44978,0.112445,152338,0.380845
-10.2,0.4,400000,44762,0.111905,152237,0.380593
-10.2,0.6,400000,44786,0.111965,152183,0.380458
-10.2,0.8,400000,44514,0.111285,151861,0.379653
-10.2,1,400000,44748,0.11187,152272,0.38068
-10.2,1.2,400000,45101,0.112753,152051,0.380128
-10.2,1.4,400000,44616,0.11154,151341,0.378352
-10.2,1.6,400000,45312,0.11328,152302,0.380755
-10.2,1.8,400000,44995,0.112488,152197,0.380493
-10.2,2,400000,44579,0.111448,151948,0.37987
-10.2,2.2,400000,44721,0.111802,152352,0.38088
-10.2,2.4,400000,44838,0.112095,152310,0.380775
-10.2,2.6,400000,45003,0.112507,152319,0.380798
-10.2,2.8,400000,44048,0.11012,151390,0.378475
-10.2,3,400000,44815,0.112037,152304,0.38076
-10.2,3.2,400000,44576,0.11144,152037,0.380092
-10.2,3.4,400000,45126,0.112815,152467,0.381167
-10.2,3.6,400000,45076,0.11269,152022,0.380055
-10.2,3.8,400000,44129,0.110323,151654,0.379135
-10.2,4,400000,44724,0.11181,152457,0.381142
-10.2,4.2,400000,44672,0.11168,151793,0.379483
-10.2,4.4,400000,45042,0.112605,152528,0.38132
-10.2,4.6,400000,44901,0.112253,152113,0.380283
-10.2,4.8,400000,44988,0.11247,152310,0.380775
-10.2,5,400000,44884,0.11221,152214,0.380535
-10.2,5.2,400000,44616,0.11154,151162,0.377905
-10.2,5.4,400000,44413,0.111033,151604,0.37901
-10.2,5.6,400000,45090,0.112725,152331,0.380827
-10.2,5.8,400000,44696,0.11174,152064,0.38016
-10.2,6,400000,44685,0.111713,151858,0.379645
-10.2,6.2,400000,45717,0.114293,152545,0.381362
-10.2,6.4,400000,44599,0.111497,152122,0.380305
-10.2,6.6,400000,44806,0.112015,152275,0.380688
-10.2,6.8,400000,44692,0.11173,151780,0.37945
-10.2,7,400000,45096,0.11274,152174,0.380435
-10.2,7.2,400000,44904,0.11226,152511,0.381277
-10.2,7.4,400000,44963,0.112407,152095,0.380238
-10.2,7.6,400000,44815,0.112037,152593,0.381483
-10.2,7.8,400000,44814,0.112035,152273,0.380682
-10.2,8,400000,45111,0.112778,152703,0.381758
-10.2,8.2,400000,44846,0.112115,152349,0.380873
-10.2,8.4,400000,44767,0.111918,151887,0.379717
-10.2,8.6,400000,44824,0.11206,151994,0.379985
-10.2,8.8,400000,44559,0.111397,151907,0.379767
-10.2,9,400000,44673,0.111683,152297,0.380742
-10.2,9.2,400000,45740,0.11435,152840,0.3821
-10.2,9.4,400000,45000,0.1125,152592,0.38148
-10.2,9.6,400000,44888,0.11222,152271,0.380678
-10.2,9.8,400000,45143,0.112857,151975,0.379937
-10.2,10,400000,44747,0.111867,152479,0.381198
-10.2,10.2,400000,44836,0.11209,152171,0.380427
-10.2,10.4,400000,44594,0.111485,152099,0.380248
-10.2,10.6,400000,44618,0.111545,152253,0.380632
-10.2,10.8,400000,44487,0.111217,151378,0.378445
-10.2,11,400000,44824,0.11206,152173,0.380433
-10.2,11.2,400000,44901,0.112253,152249,0.380622
-10.2,11.4,400000,44528,0.11132,151802,0.379505
-10.2,11.6,400000,44496,0.11124,152185,0.380462
-10.2,11.8,400000,44896,0.11224,151942,0.379855
-10.2,12,400000,45029,0.112573,152602,0.381505
-10.2,12.2,400000,45470,0.113675,152707,0.381767
-10.2,12.4,400000,44775,0.111937,151870,0.379675
-10.2,12.6,400000,44982,0.112455,151844,0.37961
-10.2,12.8,400000,44925,0.112312,152306,0.380765
-10.2,13,400000,44743,0.111857,151930,0.379825
-10.2,13.2,400000,44949,0.112373,152805,0.382012
-10.2,13.4,400000,45169,0.112922,152686,0.381715
-10.2,13.6,400000,44915,0.112287,152263,0.380657
-10.2,13.8,400000,44535,0.111338,151977,0.379943
-10.2,14,400000,44908,0.11227,152285,0.380713
-10.2,14.2,400000,44458,0.111145,151797,0.379493
-10.2,14.4,400000,45072,0.11268,152417,0.381043
-10.2,14.6,400000,44692,0.11173,152705,0.381763
-10.2,14.8,400000,44537,0.111342,151799,0.379497
-10.2,15,400000,44855,0.112138,151470,0.378675
-10.2,15.2,400000,44695,0.111738,151555,0.378887
-10.2,15.4,400000,44623,0.111558,151494,0.378735
-10.2,15.6,400000,45013,0.112532,151968,0.37992
-10.2,15.8,400000,44551,0.111378,152238,0.380595
-10.2,16,400000,44817,0.112043,152184,0.38046
-10.2,16.2,400000,45051,0.112628,152068,0.38017
-10.2,16.4,400000,44642,0.111605,152289,0.380723
-10.2,16.6,400000,44592,0.11148,151947,0.379868
-10.2,16.8,400000,45104,0.11276,152101,0.380252
-10.2,17,400000,44949,0.112373,152242,0.380605
-10.2,17.2,400000,44569,0.111422,152192,0.38048
-10.2,17.4,400000,45282,0.113205,152187,0.380468
-10.2,17.6,400000,44751,0.111878,151666,0.379165
-10.2,17.8,400000,44799,0.111997,152009,0.380022
-10.2,18,400000,45368,0.11342,152668,0.38167
-10.2,18.2,400000,45085,0.112712,152509,0.381273
-10.2,18.4,400000,44953,0.112382,151978,0.379945
-10.2,18.6,400000,44297,0.110742,151745,0.379362
-10.2,18.8,400000,45002,0.112505,151684,0.37921
-10.2,19,400000,44940,0.11235,152323,0.380808
-10.2,19.2,400000,44661,0.111653,151832,0.37958
-10.2,19.4,400000,44825,0.112062,152218,0.380545
-10.2,19.6,400000,44833,0.112083,152385,0.380962
-10.2,19.8,400000,44967,0.112418,152760,0.3819
-10.2,20,400000,45164,0.11291,152310,0.380775
-10.2,20.2,400000,44886,0.112215,151935,0.379837
-10.2,20.4,400000,45397,0.113492,151824,0.37956
-10.2,20.6,400000,44901,0.112253,152542,0.381355
-10.2,20.8,400000,45250,0.113125,152640,0.3816
-10.2,21,400000,44662,0.111655,152337,0.380842
-10.2,21.2,400000,45299,0.113248,152427,0.381068
-10.2,21.4,400000,44954,0.112385,152112,0.38028
-10.2,21.6,400000,45098,0.112745,152219,0.380547
-10.2,21.8,400000,44767,0.111918,152005,0.380012
-10.2,22,400000,44679,0.111698,152128,0.38032
-10.2,22.2,400000,44983,0.112458,151791,0.379478
-10.2,22.4,400000,45030,0.112575,151718,0.379295
-10.2,22.6,400000,45270,0.113175,152542,0.381355
-10.2,22.8,400000,44405,0.111013,152121,0.380302
-10.2,23,400000,44876,0.11219,152100,0.38025
-10.2,23.2,400000,44386,0.110965,152045,0.380113
-10.2,23.4,400000,45352,0.11338,152665,0.381663
-10.2,23.6,400000,44996,0.11249,152354,0.380885
-10.2,23.8,400000,44982,0.112455,151859,0.379648
-10.2,24,400000,44526,0.111315,151842,0.379605
-10.2,24.2,400000,44582,0.111455,152315,0.380788
-10.2,24.4,400000,45227,0.113068,152216,0.38054
-10.2,24.6,400000,45201,0.113003,152273,0.380682
-10.2,24.8,400000,44601,0.111503,152116,0.38029
-10.2,25,400000,44704,0.11176,151715,0.379287
-10.2,25.2,400000,44380,0.11095,151579,0.378947
-10.2,25.4,400000,44859,0.112147,152805,0.382012
-10.2,25.6,400000,44760,0.1119,151937,0.379843
-10.2,25.8,400000,44758,0.111895,152373,0.380933
-10.2,26,400000,44216,0.11054,151768,0.37942
-10.2,26.2,400000,44717,0.111793,152066,0.380165
-10.2,26.4,400000,44495,0.111238,152008,0.38002
-10.2,26.6,400000,45086,0.112715,152403,0.381007
-10.2,26.8,400000,45263,0.113157,152315,0.380788
-10.2,27,400000,44811,0.112028,152406,0.381015
-10.2,27.2,400000,44851,0.112128,152035,0.380088
-10.2,27.4,400000,44598,0.111495,151891,0.379727
-10.2,27.6,400000,45200,0.113,152097,0.380242
-10.2,27.8,400000,44442,0.111105,152224,0.38056
-10.2,28,400000,44679,0.111698,152473,0.381182
-10.2,28.2,400000,44620,0.11155,152155,0.380387
-10.2,28.4,400000,44243,0.110607,151419,0.378547
-10.2,28.6,400000,45022,0.112555,152289,0.380723
-10.2,28.8,400000,44307,0.110768,151916,0.37979
-10.2,29,400000,44553,0.111382,152011,0.380028
-10.2,29.2,400000,44511,0.111278,151584,0.37896
-10.2,29.4,400000,44839,0.112098,151701,0.379252
-10.2,29.6,400000,44730,0.111825,151950,0.379875
-10.2,29.8,400000,45074,0.112685,152362,0.380905
-10.2,30,400000,44911,0.112278,152746,0.381865
-10.2,30.2,400000,44834,0.112085,152932,0.38233
-10.2,30.4,400000,44440,0.1111,151996,0.37999
-10.2,30.6,400000,44811,0.112028,152293,0.380732
-10.2,30.8,400000,44506,0.111265,152110,0.380275
-10.2,31,400000,44800,0.112,152454,0.381135
-10.2,31.2,400000,45055,0.112638,151982,0.379955
-10.2,31.4,400000,44789,0.111973,152347,0.380868
-10.2,31.6,400000,44956,0.11239,151909,0.379773
-10.2,31.8,400000,44388,0.11097,151808,0.37952
-10.2,32,400000,44826,0.112065,152171,0.380427
-10.2,32.2,400000,44846,0.112115,152191,0.380478
-10.2,32.4,400000,45018,0.112545,152186,0.380465
-10.2,32.6,400000,44786,0.111965,152212,0.38053
-10.2,32.8,400000,44901,0.112253,152203,0.380507
-10.2,33,400000,45173,0.112933,152139,0.380348
-10.2,33.2,400000,44995,0.112488,151816,0.37954
-10.2,33.4,400000,44525,0.111312,151827,0.379568
-10.2,33.6,400000,44604,0.11151,151849,0.379622
-10.2,33.8,400000,44699,0.111747,151950,0.379875
-10.2,34,400000,45192,0.11298,152452,0.38113
-10.2,34.2,400000,44960,0.1124,152067,0.380167
-10.2,34.4,400000,44764,0.11191,151918,0.379795
-10.2,34.6,400000,44956,0.11239,151927,0.379817
-10.2,34.8,400000,45003,0.112507,152181,0.380453
-10.2,35,400000,44164,0.11041,151592,0.37898
-10.2,35.2,400000,44709,0.111772,152087,0.380217
-10.2,35.4,400000,44698,0.111745,152201,0.380503
-10.2,35.6,400000,44835,0.112088,152808,0.38202
-10.2,35.8,400000,44491,0.111228,152495,0.381238
-10.2,36,400000,44786,0.111965,152050,0.380125
-10.2,36.2,400000,44661,0.111653,152766,0.381915
-10.2,36.4,400000,44855,0.112138,152233,0.380582
-10.2,36.6,400000,44640,0.1116,151639,0.379097
-10.2,36.8,400000,45353,0.113382,152851,0.382128
-10.2,37,400000,45090,0.112725,152806,0.382015
-10.2,37.2,400000,44429,0.111073,151705,0.379263
-10.2,37.4,400000,44736,0.11184,152158,0.380395
-10.2,37.6,400000,44332,0.11083,151874,0.379685
-10.2,37.8,400000,44800,0.112,151990,0.379975
-10.2,38,400000,44604,0.11151,152198,0.380495
-10.2,38.2,400000,45089,0.112723,152559,0.381398
-10.2,38.4,400000,44940,0.11235,152145,0.380362
-10.2,38.6,400000,45085,0.112712,152080,0.3802
-10.2,38.8,400000,44849,0.112122,152892,0.38223
-10.2,39,400000,44649,0.111622,151784,0.37946
-10.2,39.2,400000,44740,0.11185,152083,0.380207
-10.2,39.4,400000,44529,0.111323,151857,0.379642
-10.2,39.6,400000,44703,0.111757,152717,0.381792
-10.2,39.8,400000,44988,0.11247,152334,0.380835
-10.2,40,400000,44962,0.112405,152164,0.38041
-10.2,40.2,400000,44460,0.11115,151907,0.379767
-10.2,40.4,400000,44806,0.112015,152610,0.381525
-10.2,40.6,400000,45476,0.11369,152412,0.38103
-10.2,40.8,400000,45263,0.113157,152336,0.38084
-10.2,41,400000,44422,0.111055,152504,0.38126
-10.2,41.2,400000,44996,0.11249,152081,0.380202
-10.2,41.4,400000,44656,0.11164,152166,0.380415
-10.2,41.6,400000,44828,0.11207,152167,0.380418
-10.2,41.8,400000,45075,0.112687,152464,0.38116
-10.2,42,400000,44460,0.11115,152085,0.380213
-10.2,42.2,400000,44767,0.111918,152302,0.380755
-10.2,42.4,400000,44819,0.112047,151520,0.3788
-10.2,42.6,400000,44680,0.1117,151766,0.379415
-10.2,42.8,400000,44690,0.111725,151560,0.3789
-10.2,43,400000,44660,0.11165,152315,0.380788
-10.2,43.2,400000,44169,0.110423,151470,0.378675
-10.2,43.4,400000,45005,0.112513,152299,0.380748
-10.2,43.6,400000,44921,0.112302,152043,0.380107
-10.2,43.8,400000,45015,0.112537,152164,0.38041
-10.2,44,400000,44523,0.111308,152036,0.38009
-10.2,44.2,400000,44903,0.112257,152055,0.380138
-10.2,44.4,400000,45366,0.113415,152122,0.380305
-10.2,44.6,400000,44681,0.111702,151582,0.378955
-10.2,44.8,400000,44449,0.111122,152040,0.3801
-10.2,45,400000,45724,0.11431,152312,0.38078
-10.2,45.2,400000,44331,0.110827,151842,0.379605
-10.2,45.4,400000,44687,0.111717,151788,0.37947
-10.2,45.6,400000,44534,0.111335,151968,0.37992
-10.2,45.8,400000,44307,0.110768,151190,0.377975
-10.2,46,400000,45059,0.112647,152300,0.38075
-10.2,46.2,400000,45275,0.113187,152402,0.381005
-10.2,46.4,400000,44796,0.11199,152121,0.380302
-10.2,46.6,400000,44301,0.110753,152150,0.380375
-10.2,46.8,400000,44712,0.11178,152615,0.381537
-10.2,47,400000,44711,0.111778,151338,0.378345
-10.2,47.2,400000,44897,0.112242,151957,0.379893
-10.2,47.4,400000,45027,0.112568,152081,0.380202
-10.2,47.6,400000,44585,0.111463,151434,0.378585
-10.2,47.8,400000,44621,0.111552,151434,0.378585
-10.2,48,400000,44784,0.11196,152393,0.380983
-10.2,48.2,400000,44627,0.111568,152281,0.380702
-10.2,48.4,400000,45034,0.112585,152072,0.38018
-10.2,48.6,400000,44415,0.111037,151884,0.37971
-10.2,48.8,400000,44769,0.111922,152120,0.3803
-10.2,49,400000,44558,0.111395,151607,0.379018
-10.2,49.2,400000,44653,0.111632,152171,0.380427
-10.2,49.4,400000,45121,0.112802,152253,0.380632
-10.2,49.6,400000,44785,0.111963,152446,0.381115
-10.2,49.8,400000,45001,0.112503,152275,0.380688
-10.2,50,400000,44833,0.112083,152465,0.381163
-10,-50,400000,44483,0.111208,152359,0.380897
-10,-49.8,400000,45206,0.113015,152326,0.380815
-10,-49.6,400000,45063,0.112657,152784,0.38196
-10,-49.4,400000,45047,0.112617,151754,0.379385
-10,-49.2,400000,44588,0.11147,151476,0.37869
-10,-49,400000,44819,0.112047,151953,0.379883
-10,-48.8,400000,44840,0.1121,151647,0.379117
-10,-48.6,400000,45364,0.11341,152593,0.381483
-10,-48.4,400000,44513,0.111283,151836,0.37959
-10,-48.2,400000,44747,0.111867,151072,0.37768
-10,-48,400000,44623,0.111558,151675,0.379188
-10,-47.8,400000,44293,0.110732,151410,0.378525
-10,-47.6,400000,45289,0.113223,152157,0.380393
-10,-47.4,400000,45185,0.112962,151891,0.379727
-10,-47.2,400000,44863,0.112157,152236,0.38059
-10,-47,400000,44728,0.11182,152006,0.380015
-10,-46.8,400000,44937,0.112342,152024,0.38006
-10,-46.6,400000,44777,0.111943,152351,0.380877
-10,-46.4,400000,44889,0.112223,151817,0.379543
-10,-46.2,400000,44659,0.111647,151722,0.379305
-10,-46,400000,44685,0.111713,151992,0.37998
-10,-45.8,400000,44537,0.111342,152023,0.380057
-10,-45.6,400000,44870,0.112175,151828,0.37957
-10,-45.4,400000,44231,0.110577,151910,0.379775
-10,-45.2,400000,44877,0.112193,151536,0.37884
-10,-45,400000,45095,0.112738,152124,0.38031
-10,-44.8,400000,44351,0.110878,151257,0.378142
-10,-44.6,400000,44986,0.112465,152097,0.380242
-10,-44.4,400000,45203,0.113007,153061,0.382653
-10,-44.2,400000,44529,0.111323,151833,0.379582
-10,-44,400000,45024,0.11256,152177,0.380443
-10,-43.8,400000,44420,0.11105,152290,0.380725
-10,-43.6,400000,44911,0.112278,152051,0.380128
-10,-43.4,400000,44777,0.111943,152358,0.380895
-10,-43.2,400000,45197,0.112992,152176,0.38044
-10,-43,400000,44886,0.112215,152294,0.380735
-10,-42.8,400000,44459,0.111147,151063,0.377657
-10,-42.6,400000,44338,0.110845,151864,0.37966
-10,-42.4,400000,45096,0.11274,152376,0.38094
-10,-42.2,400000,44376,0.11094,151748,0.37937
-10,-42,400000,44652,0.11163,151818,0.379545
-10,-41.8,400000,44583,0.111458,152182,0.380455
-10,-41.6,400000,44680,0.1117,152014,0.380035
-10,-41.4,400000,45052,0.11263,152421,0.381053
