x,y,detectorID,nPrimary,roiCounts,normalizedCounts,flux,normalizedFlux
-15,-8,0,100000,249,0.00249,596,0.00596
-15,-8,1,100000,261,0.00261,683,0.00683
-15,-8,2,100000,270,0.0027,777,0.00777
-15,-8,3,100000,356,0.00356,802,0.00802
-15,-8,4,100000,333,0.00333,810,0.0081
-15,-8,5,100000,291,0.00291,669,0.00669
-15,-7,0,100000,211,0.00211,606,0.00606
-15,-7,1,100000,252,0.00252,709,0.00709
-15,-7,2,100000,322,0.00322,771,0.00771
-15,-7,3,100000,317,0.00317,818,0.00818
-15,-7,4,100000,308,0.00308,791,0.00791
-15,-7,5,100000,280,0.0028,718,0.00718
-15,-6,0,100000,235,0.00235,653,0.00653
-15,-6,1,100000,294,0.00294,753,0.00753
-15,-6,2,100000,341,0.00341,802,0.00802
-15,-6,3,100000,300,0.003,766,0.00766
-15,-6,4,100000,315,0.00315,804,0.00804
-15,-6,5,100000,272,0.00272,683,0.00683
-15,-5,0,100000,264,0.00264,622,0.00622
-15,-5,1,100000,312,0.00312,713,0.00713
-15,-5,2,100000,265,0.00265,729,0.00729
-15,-5,3,100000,291,0.00291,795,0.00795
-15,-5,4,100000,330,0.0033,807,0.00807
-15,-5,5,100000,283,0.00283,687,0.00687
-15,-4,0,100000,298,0.00298,662,0.00662
-15,-4,1,100000,262,0.00262,680,0.0068
-15,-4,2,100000,300,0.003,734,0.00734
-15,-4,3,100000,303,0.00303,786,0.00786
-15,-4,4,100000,331,0.00331,784,0.00784
-15,-4,5,100000,291,0.00291,703,0.00703
-15,-3,0,100000,266,0.00266,641,0.00641
-15,-3,1,100000,291,0.00291,698,0.00698
-15,-3,2,100000,301,0.00301,773,0.00773
-15,-3,3,100000,327,0.00327,803,0.00803
-15,-3,4,100000,338,0.00338,824,0.00824
-15,-3,5,100000,268,0.00268,658,0.00658
-15,-2,0,100000,255,0.00255,647,0.00647
-15,-2,1,100000,238,0.00238,684,0.00684
-15,-2,2,100000,306,0.00306,763,0.00763
-15,-2,3,100000,394,0.00394,865,0.00865
-15,-2,4,100000,343,0.00343,782,0.00782
-15,-2,5,100000,274,0.00274,673,0.00673
-15,-1,0,100000,233,0.00233,598,0.00598
-15,-1,1,100000,249,0.00249,723,0.00723
-15,-1,2,100000,359,0.00359,794,0.00794
-15,-1,3,100000,348,0.00348,822,0.00822
-15,-1,4,100000,310,0.0031,783,0.00783
-15,-1,5,100000,259,0.00259,675,0.00675
-15,0,0,100000,254,0.00254,652,0.00652
-15,0,1,100000,215,0.00215,666,0.00666
-15,0,2,100000,329,0.00329,801,0.00801
-15,0,3,100000,330,0.0033,794,0.00794
-15,0,4,100000,337,0.00337,791,0.00791
-15,0,5,100000,281,0.00281,712,0.00712
-15,1,0,100000,293,0.00293,673,0.00673
-15,1,1,100000,272,0.00272,675,0.00675
-15,1,2,100000,337,0.00337,765,0.00765
-15,1,3,100000,324,0.00324,835,0.00835
-15,1,4,100000,321,0.00321,767,0.00767
-15,1,5,100000,259,0.00259,673,0.00673
-15,2,0,100000,225,0.00225,658,0.00658
-15,2,1,100000,252,0.00252,717,0.00717
-15,2,2,100000,316,0.00316,784,0.00784
-15,2,3,100000,327,0.00327,787,0.00787
-15,2,4,100000,328,0.00328,845,0.00845
-15,2,5,100000,279,0.00279,675,0.00675
-15,3,0,100000,223,0.00223,631,0.00631
-15,3,1,100000,271,0.00271,686,0.00686
-15,3,2,100000,329,0.00329,753,0.00753
-15,3,3,100000,356,0.00356,849,0.00849
-15,3,4,100000,348,0.00348,811,0.00811
-15,3,5,100000,295,0.00295,700,0.007
-15,4,0,100000,225,0.00225,649,0.00649
-15,4,1,100000,275,0.00275,686,0.00686
-15,4,2,100000,305,0.00305,747,0.00747
-15,4,3,100000,310,0.0031,820,0.0082
-15,4,4,100000,300,0.003,766,0.00766
-15,4,5,100000,268,0.00268,705,0.00705
-15,5,0,100000,266,0.00266,621,0.00621
-15,5,1,100000,241,0.00241,678,0.00678
-15,5,2,100000,294,0.00294,777,0.00777
-15,5,3,100000,315,0.00315,803,0.00803
-15,5,4,100000,328,0.00328,778,0.00778
-15,5,5,100000,310,0.0031,735,0.00735
-15,6,0,100000,237,0.00237,614,0.00614
-15,6,1,100000,305,0.00305,749,0.00749
-15,6,2,100000,283,0.00283,774,0.00774
-15,6,3,100000,336,0.00336,830,0.0083
-15,6,4,100000,285,0.00285,742,0.00742
-15,6,5,100000,239,0.00239,660,0.0066
-15,7,0,100000,273,0.00273,643,0.00643
-15,7,1,100000,273,0.00273,663,0.00663
-15,7,2,100000,341,0.00341,837,0.00837
-15,7,3,100000,282,0.00282,785,0.00785
-15,7,4,100000,319,0.00319,791,0.00791
-15,7,5,100000,270,0.0027,685,0.00685
-15,8,0,100000,234,0.00234,641,0.00641
-15,8,1,100000,272,0.00272,719,0.00719
-15,8,2,100000,282,0.00282,752,0.00752
-15,8,3,100000,320,0.0032,815,0.00815
-15,8,4,100000,276,0.00276,759,0.00759
-15,8,5,100000,259,0.00259,690,0.0069
-15,9,0,100000,266,0.00266,637,0.00637
-15,9,1,100000,288,0.00288,682,0.00682
-15,9,2,100000,297,0.00297,729,0.00729
-15,9,3,100000,336,0.00336,812,0.00812
-15,9,4,100000,305,0.00305,733,0.00733
-15,9,5,100000,293,0.00293,702,0.00702
-15,10,0,100000,229,0.00229,626,0.00626
-15,10,1,100000,296,0.00296,671,0.00671
-15,10,2,100000,295,0.00295,760,0.0076
-15,10,3,100000,328,0.00328,800,0.008
-15,10,4,100000,277,0.00277,771,0.00771
-15,10,5,100000,279,0.00279,711,0.00711
-15,11,0,100000,254,0.00254,629,0.00629
-15,11,1,100000,289,0.00289,699,0.00699
-15,11,2,100000,333,0.00333,801,0.00801
-15,11,3,100000,304,0.00304,777,0.00777
-15,11,4,100000,350,0.0035,788,0.00788
-15,11,5,100000,248,0.00248,691,0.00691
-15,12,0,100000,240,0.0024,591,0.00591
-15,12,1,100000,284,0.00284,716,0.00716
-15,12,2,100000,321,0.00321,770,0.0077
-15,12,3,100000,306,0.00306,796,0.00796
-15,12,4,100000,315,0.00315,773,0.00773
-15,12,5,100000,283,0.00283,750,0.0075
-15,13,0,100000,260,0.0026,622,0.00622
-15,13,1,100000,271,0.00271,693,0.00693
-15,13,2,100000,335,0.00335,814,0.00814
-15,13,3,100000,346,0.00346,819,0.00819
-15,13,4,100000,330,0.0033,808,0.00808
-15,13,5,100000,262,0.00262,693,0.00693
-15,14,0,100000,259,0.00259,631,0.00631
-15,14,1,100000,337,0.00337,723,0.00723
-15,14,2,100000,278,0.00278,757,0.00757
-15,14,3,100000,336,0.00336,880,0.0088
-15,14,4,100000,274,0.00274,734,0.00734
-15,14,5,100000,274,0.00274,704,0.00704
-15,15,0,100000,222,0.00222,608,0.00608
-15,15,1,100000,246,0.00246,645,0.00645
-15,15,2,100000,306,0.00306,758,0.00758
-15,15,3,100000,360,0.0036,834,0.00834
-15,15,4,100000,277,0.00277,735,0.00735
-15,15,5,100000,291,0.00291,720,0.0072
-15,16,0,100000,265,0.00265,615,0.00615
-15,16,1,100000,248,0.00248,656,0.00656
-15,16,2,100000,274,0.00274,735,0.00735
-15,16,3,100000,341,0.00341,848,0.00848
-15,16,4,100000,311,0.00311,793,0.00793
-15,16,5,100000,263,0.00263,692,0.00692
-15,17,0,100000,239,0.00239,641,0.00641
-15,17,1,100000,281,0.00281,705,0.00705
-15,17,2,100000,288,0.00288,788,0.00788
-15,17,3,100000,352,0.00352,796,0.00796
-15,17,4,100000,318,0.00318,808,0.00808
-15,17,5,100000,313,0.00313,707,0.00707
-15,18,0,100000,210,0.0021,619,0.00619
-15,18,1,100000,271,0.00271,683,0.00683
-15,18,2,100000,268,0.00268,773,0.00773
-15,18,3,100000,293,0.00293,756,0.00756
-15,18,4,100000,362,0.00362,836,0.00836
-15,18,5,100000,264,0.00264,732,0.00732
-15,19,0,100000,246,0.00246,649,0.00649
-15,19,1,100000,281,0.00281,704,0.00704
-15,19,2,100000,328,0.00328,820,0.0082
-15,19,3,100000,341,0.00341,805,0.00805
-15,19,4,100000,343,0.00343,824,0.00824
-15,19,5,100000,319,0.00319,715,0.00715
-15,20,0,100000,282,0.00282,691,0.00691
-15,20,1,100000,264,0.00264,716,0.00716
-15,20,2,100000,289,0.00289,789,0.00789
-15,20,3,100000,348,0.00348,818,0.00818
-15,20,4,100000,312,0.00312,797,0.00797
-15,20,5,100000,263,0.00263,668,0.00668
-15,21,0,100000,247,0.00247,617,0.00617
-15,21,1,100000,282,0.00282,707,0.00707
-15,21,2,100000,302,0.00302,807,0.00807
-15,21,3,100000,385,0.00385,841,0.00841
-15,21,4,100000,289,0.00289,756,0.00756
-15,21,5,100000,311,0.00311,727,0.00727
-15,22,0,100000,216,0.00216,621,0.00621
-15,22,1,100000,279,0.00279,647,0.00647
-15,22,2,100000,311,0.00311,800,0.008
-15,22,3,100000,304,0.00304,783,0.00783
-15,22,4,100000,317,0.00317,804,0.00804
-15,22,5,100000,283,0.00283,703,0.00703
-15,23,0,100000,208,0.00208,636,0.00636
-15,23,1,100000,289,0.00289,735,0.00735
-15,23,2,100000,322,0.00322,730,0.0073
-15,23,3,100000,296,0.00296,794,0.00794
-15,23,4,100000,321,0.00321,772,0.00772
-15,23,5,100000,229,0.00229,684,0.00684
-15,24,0,100000,238,0.00238,633,0.00633
-15,24,1,100000,262,0.00262,729,0.00729
-15,24,2,100000,304,0.00304,762,0.00762
-15,24,3,100000,285,0.00285,846,0.00846
-15,24,4,100000,276,0.00276,798,0.00798
-15,24,5,100000,275,0.00275,711,0.00711
-15,25,0,100000,272,0.00272,644,0.00644
-15,25,1,100000,289,0.00289,706,0.00706
-15,25,2,100000,333,0.00333,791,0.00791
-15,25,3,100000,323,0.00323,817,0.00817
-15,25,4,100000,313,0.00313,780,0.0078
-15,25,5,100000,276,0.00276,686,0.00686
-15,26,0,100000,246,0.00246,607,0.00607
-15,26,1,100000,251,0.00251,623,0.00623
-15,26,2,100000,277,0.00277,765,0.00765
-15,26,3,100000,357,0.00357,897,0.00897
-15,26,4,100000,333,0.00333,792,0.00792
-15,26,5,100000,268,0.00268,672,0.00672
-15,27,0,100000,225,0.00225,633,0.00633
-15,27,1,100000,259,0.00259,720,0.0072
-15,27,2,100000,335,0.00335,781,0.00781
-15,27,3,100000,329,0.00329,782,0.00782
-15,27,4,100000,295,0.00295,756,0.00756
-15,27,5,100000,294,0.00294,715,0.00715
-15,28,0,100000,258,0.00258,668,0.00668
-15,28,1,100000,252,0.00252,684,0.00684
-15,28,2,100000,357,0.00357,827,0.00827
-15,28,3,100000,324,0.00324,869,0.00869
-15,28,4,100000,297,0.00297,810,0.0081
-15,28,5,100000,265,0.00265,651,0.00651
-15,29,0,100000,252,0.00252,634,0.00634
-15,29,1,100000,289,0.00289,731,0.00731
-15,29,2,100000,334,0.00334,786,0.00786
-15,29,3,100000,292,0.00292,816,0.00816
-15,29,4,100000,346,0.00346,813,0.00813
-15,29,5,100000,298,0.00298,727,0.00727
-15,30,0,100000,230,0.0023,601,0.00601
-15,30,1,100000,284,0.00284,695,0.00695
-15,30,2,100000,314,0.00314,786,0.00786
-15,30,3,100000,319,0.00319,843,0.00843
-15,30,4,100000,317,0.00317,764,0.00764
-15,30,5,100000,279,0.00279,669,0.00669
-15,31,0,100000,273,0.00273,691,0.00691
-15,31,1,100000,254,0.00254,693,0.00693
-15,31,2,100000,330,0.0033,786,0.00786
-15,31,3,100000,326,0.00326,785,0.00785
-15,31,4,100000,305,0.00305,797,0.00797
-15,31,5,100000,310,0.0031,670,0.0067
-15,32,0,100000,236,0.00236,624,0.00624
-15,32,1,100000,291,0.00291,714,0.00714
-15,32,2,100000,283,0.00283,727,0.00727
-15,32,3,100000,314,0.00314,792,0.00792
-15,32,4,100000,330,0.0033,783,0.00783
-15,32,5,100000,277,0.00277,653,0.00653
-15,33,0,100000,234,0.00234,613,0.00613
-15,33,1,100000,309,0.00309,752,0.00752
-15,33,2,100000,374,0.00374,831,0.00831
-15,33,3,100000,293,0.00293,727,0.00727
-15,33,4,100000,324,0.00324,780,0.0078
-15,33,5,100000,249,0.00249,666,0.00666
-15,34,0,100000,255,0.00255,666,0.00666
-15,34,1,100000,259,0.00259,683,0.00683
-15,34,2,100000,266,0.00266,722,0.00722
-15,34,3,100000,287,0.00287,817,0.00817
-15,34,4,100000,287,0.00287,756,0.00756
-15,34,5,100000,291,0.00291,732,0.00732
-15,35,0,100000,214,0.00214,608,0.00608
-15,35,1,100000,285,0.00285,620,0.0062
-15,35,2,100000,317,0.00317,777,0.00777
-15,35,3,100000,311,0.00311,772,0.00772
-15,35,4,100000,303,0.00303,730,0.0073
-15,35,5,100000,267,0.00267,707,0.00707
-15,36,0,100000,278,0.00278,630,0.0063
-15,36,1,100000,272,0.00272,651,0.00651
-15,36,2,100000,319,0.00319,780,0.0078
-15,36,3,100000,354,0.00354,788,0.00788
-15,36,4,100000,348,0.00348,798,0.00798
-15,36,5,100000,254,0.00254,669,0.00669
-15,37,0,100000,269,0.00269,567,0.00567
-15,37,1,100000,295,0.00295,660,0.0066
-15,37,2,100000,331,0.00331,726,0.00726
-15,37,3,100000,295,0.00295,748,0.00748
-15,37,4,100000,342,0.00342,797,0.00797
-15,37,5,100000,324,0.00324,687,0.00687
-15,38,0,100000,223,0.00223,494,0.00494
-15,38,1,100000,270,0.0027,593,0.00593
-15,38,2,100000,248,0.00248,620,0.0062
-15,38,3,100000,313,0.00313,718,0.00718
-15,38,4,100000,304,0.00304,722,0.00722
-15,38,5,100000,257,0.00257,600,0.006
-15,39,0,100000,182,0.00182,427,0.00427
-15,39,1,100000,203,0.00203,478,0.00478
-15,39,2,100000,214,0.00214,509,0.00509
-15,39,3,100000,244,0.00244,544,0.00544
-15,39,4,100000,239,0.00239,537,0.00537
-15,39,5,100000,224,0.00224,503,0.00503
-15,40,0,100000,142,0.00142,307,0.00307
-15,40,1,100000,131,0.00131,342,0.00342
-15,40,2,100000,154,0.00154,365,0.00365
-15,40,3,100000,157,0.00157,352,0.00352
-15,40,4,100000,169,0.00169,387,0.00387
-15,40,5,100000,147,0.00147,339,0.00339
-15,41,0,100000,84,0.00084,180,0.0018
-15,41,1,100000,126,0.00126,246,0.00246
-15,41,2,100000,94,0.00094,216,0.00216
-15,41,3,100000,112,0.00112,251,0.00251
-15,41,4,100000,130,0.0013,269,0.00269
-15,41,5,100000,117,0.00117,219,0.00219
-15,42,0,100000,46,0.00046,101,0.00101
-15,42,1,100000,52,0.00052,121,0.00121
-15,42,2,100000,79,0.00079,163,0.00163
-15,42,3,100000,49,0.00049,120,0.0012
-15,42,4,100000,39,0.00039,118,0.00118
-15,42,5,100000,71,0.00071,121,0.00121
-15,43,0,100000,34,0.00034,94,0.00094
-15,43,1,100000,22,0.00022,84,0.00084
-15,43,2,100000,43,0.00043,106,0.00106
-15,43,3,100000,29,0.00029,81,0.00081
-15,43,4,100000,44,0.00044,85,0.00085
-15,43,5,100000,24,0.00024,82,0.00082
-15,44,0,100000,32,0.00032,77,0.00077
-15,44,1,100000,26,0.00026,84,0.00084
-15,44,2,100000,24,0.00024,81,0.00081
-15,44,3,100000,25,0.00025,70,0.0007
-15,44,4,100000,19,0.00019,74,0.00074
-15,44,5,100000,28,0.00028,73,0.00073
-15,45,0,100000,27,0.00027,81,0.00081
-15,45,1,100000,40,0.0004,85,0.00085
-15,45,2,100000,27,0.00027,67,0.00067
-15,45,3,100000,35,0.00035,78,0.00078
-15,45,4,100000,26,0.00026,74,0.00074
-15,45,5,100000,30,0.0003,99,0.00099
-15,46,0,100000,58,0.00058,84,0.00084
-15,46,1,100000,29,0.00029,74,0.00074
-15,46,2,100000,31,0.00031,79,0.00079
-15,46,3,100000,31,0.00031,70,0.0007
-15,46,4,100000,44,0.00044,90,0.0009
-15,46,5,100000,33,0.00033,83,0.00083
-15,47,0,100000,37,0.00037,93,0.00093
-15,47,1,100000,28,0.00028,76,0.00076
-15,47,2,100000,25,0.00025,71,0.00071
-15,47,3,100000,33,0.00033,69,0.00069
-15,47,4,100000,28,0.00028,67,0.00067
-15,47,5,100000,30,0.0003,93,0.00093
-15,48,0,100000,55,0.00055,71,0.00071
-15,48,1,100000,18,0.00018,77,0.00077
-15,48,2,100000,39,0.00039,88,0.00088
-15,48,3,100000,33,0.00033,75,0.00075
-15,48,4,100000,38,0.00038,82,0.00082
-15,48,5,100000,26,0.00026,68,0.00068
-15,49,0,100000,35,0.00035,78,0.00078
-15,49,1,100000,42,0.00042,84,0.00084
-15,49,2,100000,24,0.00024,75,0.00075
-15,49,3,100000,27,0.00027,71,0.00071
-15,49,4,100000,45,0.00045,82,0.00082
-15,49,5,100000,25,0.00025,91,0.00091
-15,50,0,100000,27,0.00027,80,0.0008
-15,50,1,100000,38,0.00038,72,0.00072
-15,50,2,100000,22,0.00022,63,0.00063
-15,50,3,100000,21,0.00021,75,0.00075
-15,50,4,100000,35,0.00035,72,0.00072
-15,50,5,100000,46,0.00046,75,0.00075
-14,-50,0,100000,27,0.00027,69,0.00069
-14,-50,1,100000,16,0.00016,78,0.00078
-14,-50,2,100000,32,0.00032,82,0.00082
-14,-50,3,100000,38,0.00038,80,0.0008
-14,-50,4,100000,32,0.00032,60,0.0006
-14,-50,5,100000,22,0.00022,51,0.00051
-14,-49,0,100000,26,0.00026,69,0.00069
-14,-49,1,100000,26,0.00026,71,0.00071
-14,-49,2,100000,24,0.00024,76,0.00076
-14,-49,3,100000,37,0.00037,76,0.00076
-14,-49,4,100000,30,0.0003,79,0.00079
-14,-49,5,100000,30,0.0003,78,0.00078
-14,-48,0,100000,40,0.0004,81,0.00081
-14,-48,1,100000,33,0.00033,82,0.00082
-14,-48,2,100000,19,0.00019,81,0.00081
-14,-48,3,100000,44,0.00044,94,0.00094
-14,-48,4,100000,38,0.00038,72,0.00072
-14,-48,5,100000,26,0.00026,73,0.00073
-14,-47,0,100000,24,0.00024,85,0.00085
-14,-47,1,100000,21,0.00021,71,0.00071
-14,-47,2,100000,24,0.00024,79,0.00079
-14,-47,3,100000,50,0.0005,94,0.00094
-14,-47,4,100000,27,0.00027,61,0.00061
-14,-47,5,100000,43,0.00043,69,0.00069
-14,-46,0,100000,36,0.00036,81,0.00081
-14,-46,1,100000,22,0.00022,64,0.00064
-14,-46,2,100000,30,0.0003,89,0.00089
-14,-46,3,100000,39,0.00039,71,0.00071
-14,-46,4,100000,51,0.00051,91,0.00091
-14,-46,5,100000,22,0.00022,73,0.00073
-14,-45,0,100000,40,0.0004,84,0.00084
-14,-45,1,100000,44,0.00044,75,0.00075
-14,-45,2,100000,22,0.00022,74,0.00074
-14,-45,3,100000,21,0.00021,76,0.00076
-14,-45,4,100000,41,0.00041,88,0.00088
-14,-45,5,100000,37,0.00037,93,0.00093
-14,-44,0,100000,47,0.00047,98,0.00098
-14,-44,1,100000,27,0.00027,76,0.00076
-14,-44,2,100000,17,0.00017,64,0.00064
-14,-44,3,100000,30,0.0003,67,0.00067
-14,-44,4,100000,52,0.00052,83,0.00083
-14,-44,5,100000,19,0.00019,73,0.00073
-14,-43,0,100000,29,0.00029,87,0.00087
-14,-43,1,100000,38,0.00038,88,0.00088
-14,-43,2,100000,19,0.00019,81,0.00081
-14,-43,3,100000,29,0.00029,98,0.00098
-14,-43,4,100000,26,0.00026,82,0.00082
-14,-43,5,100000,27,0.00027,78,0.00078
-14,-42,0,100000,64,0.00064,123,0.00123
-14,-42,1,100000,29,0.00029,105,0.00105
-14,-42,2,100000,33,0.00033,97,0.00097
-14,-42,3,100000,78,0.00078,129,0.00129
-14,-42,4,100000,69,0.00069,155,0.00155
-14,-42,5,100000,75,0.00075,141,0.00141
-14,-41,0,100000,107,0.00107,242,0.00242
-14,-41,1,100000,122,0.00122,227,0.00227
-14,-41,2,100000,103,0.00103,270,0.0027
-14,-41,3,100000,105,0.00105,258,0.00258
-14,-41,4,100000,98,0.00098,242,0.00242
-14,-41,5,100000,118,0.00118,236,0.00236
-14,-40,0,100000,161,0.00161,345,0.00345
-14,-40,1,100000,188,0.00188,416,0.00416
-14,-40,2,100000,211,0.00211,465,0.00465
-14,-40,3,100000,183,0.00183,408,0.00408
-14,-40,4,100000,184,0.00184,387,0.00387
-14,-40,5,100000,193,0.00193,365,0.00365
-14,-39,0,100000,236,0.00236,463,0.00463
-14,-39,1,100000,244,0.00244,591,0.00591
-14,-39,2,100000,262,0.00262,630,0.0063
-14,-39,3,100000,273,0.00273,656,0.00656
-14,-39,4,100000,253,0.00253,622,0.00622
-14,-39,5,100000,238,0.00238,529,0.00529
-14,-38,0,100000,245,0.00245,619,0.00619
-14,-38,1,100000,303,0.00303,725,0.00725
-14,-38,2,100000,318,0.00318,752,0.00752
-14,-38,3,100000,365,0.00365,767,0.00767
-14,-38,4,100000,331,0.00331,740,0.0074
-14,-38,5,100000,290,0.0029,671,0.00671
-14,-37,0,100000,274,0.00274,651,0.00651
-14,-37,1,100000,263,0.00263,676,0.00676
-14,-37,2,100000,356,0.00356,833,0.00833
-14,-37,3,100000,332,0.00332,842,0.00842
-14,-37,4,100000,308,0.00308,746,0.00746
-14,-37,5,100000,310,0.0031,680,0.0068
-14,-36,0,100000,265,0.00265,628,0.00628
-14,-36,1,100000,323,0.00323,770,0.0077
-14,-36,2,100000,372,0.00372,889,0.00889
-14,-36,3,100000,355,0.00355,860,0.0086
-14,-36,4,100000,319,0.00319,783,0.00783
-14,-36,5,100000,304,0.00304,722,0.00722
-14,-35,0,100000,280,0.0028,694,0.00694
-14,-35,1,100000,315,0.00315,763,0.00763
-14,-35,2,100000,337,0.00337,866,0.00866
-14,-35,3,100000,314,0.00314,874,0.00874
-14,-35,4,100000,350,0.0035,867,0.00867
-14,-35,5,100000,294,0.00294,740,0.0074
-14,-34,0,100000,323,0.00323,757,0.00757
-14,-34,1,100000,301,0.00301,761,0.00761
-14,-34,2,100000,383,0.00383,925,0.00925
-14,-34,3,100000,345,0.00345,900,0.009
-14,-34,4,100000,340,0.0034,808,0.00808
-14,-34,5,100000,334,0.00334,766,0.00766
-14,-33,0,100000,297,0.00297,682,0.00682
-14,-33,1,100000,309,0.00309,826,0.00826
-14,-33,2,100000,367,0.00367,848,0.00848
-14,-33,3,100000,376,0.00376,913,0.00913
-14,-33,4,100000,379,0.00379,904,0.00904
-14,-33,5,100000,302,0.00302,777,0.00777
-14,-32,0,100000,244,0.00244,681,0.00681
-14,-32,1,100000,316,0.00316,758,0.00758
-14,-32,2,100000,336,0.00336,832,0.00832
-14,-32,3,100000,362,0.00362,894,0.00894
-14,-32,4,100000,339,0.00339,866,0.00866
-14,-32,5,100000,267,0.00267,742,0.00742
-14,-31,0,100000,307,0.00307,715,0.00715
-14,-31,1,100000,334,0.00334,795,0.00795
-14,-31,2,100000,367,0.00367,834,0.00834
-14,-31,3,100000,362,0.00362,930,0.0093
-14,-31,4,100000,379,0.00379,910,0.0091
-14,-31,5,100000,319,0.00319,733,0.00733
-14,-30,0,100000,235,0.00235,745,0.00745
-14,-30,1,100000,344,0.00344,778,0.00778
-14,-30,2,100000,382,0.00382,934,0.00934
-14,-30,3,100000,364,0.00364,874,0.00874
-14,-30,4,100000,350,0.0035,928,0.00928
-14,-30,5,100000,336,0.00336,813,0.00813
-14,-29,0,100000,290,0.0029,706,0.00706
-14,-29,1,100000,324,0.00324,795,0.00795
-14,-29,2,100000,369,0.00369,892,0.00892
-14,-29,3,100000,377,0.00377,894,0.00894
-14,-29,4,100000,378,0.00378,886,0.00886
-14,-29,5,100000,273,0.00273,698,0.00698
-14,-28,0,100000,295,0.00295,679,0.00679
-14,-28,1,100000,313,0.00313,805,0.00805
-14,-28,2,100000,380,0.0038,902,0.00902
-14,-28,3,100000,379,0.00379,899,0.00899
-14,-28,4,100000,338,0.00338,873,0.00873
-14,-28,5,100000,299,0.00299,744,0.00744
-14,-27,0,100000,308,0.00308,723,0.00723
-14,-27,1,100000,314,0.00314,835,0.00835
-14,-27,2,100000,365,0.00365,874,0.00874
-14,-27,3,100000,380,0.0038,915,0.00915
-14,-27,4,100000,312,0.00312,863,0.00863
-14,-27,5,100000,300,0.003,736,0.00736
-14,-26,0,100000,277,0.00277,733,0.00733
-14,-26,1,100000,328,0.00328,746,0.00746
-14,-26,2,100000,354,0.00354,893,0.00893
-14,-26,3,100000,380,0.0038,925,0.00925
-14,-26,4,100000,363,0.00363,894,0.00894
-14,-26,5,100000,324,0.00324,767,0.00767
-14,-25,0,100000,283,0.00283,726,0.00726
-14,-25,1,100000,300,0.003,760,0.0076
-14,-25,2,100000,362,0.00362,885,0.00885
-14,-25,3,100000,360,0.0036,934,0.00934
-14,-25,4,100000,357,0.00357,852,0.00852
-14,-25,5,100000,304,0.00304,702,0.00702
-14,-24,0,100000,277,0.00277,708,0.00708
-14,-24,1,100000,331,0.00331,764,0.00764
-14,-24,2,100000,362,0.00362,889,0.00889
-14,-24,3,100000,371,0.00371,874,0.00874
-14,-24,4,100000,361,0.00361,874,0.00874
-14,-24,5,100000,341,0.00341,777,0.00777
-14,-23,0,100000,282,0.00282,695,0.00695
-14,-23,1,100000,295,0.00295,725,0.00725
-14,-23,2,100000,340,0.0034,862,0.00862
-14,-23,3,100000,364,0.00364,848,0.00848
-14,-23,4,100000,361,0.00361,911,0.00911
-14,-23,5,100000,313,0.00313,813,0.00813
-14,-22,0,100000,280,0.0028,700,0.007
-14,-22,1,100000,304,0.00304,747,0.00747
-14,-22,2,100000,338,0.00338,909,0.00909
-14,-22,3,100000,324,0.00324,899,0.00899
-14,-22,4,100000,358,0.00358,873,0.00873
-14,-22,5,100000,302,0.00302,751,0.00751
-14,-21,0,100000,278,0.00278,694,0.00694
-14,-21,1,100000,280,0.0028,759,0.00759
-14,-21,2,100000,344,0.00344,871,0.00871
-14,-21,3,100000,352,0.00352,895,0.00895
-14,-21,4,100000,346,0.00346,826,0.00826
-14,-21,5,100000,306,0.00306,772,0.00772
-14,-20,0,100000,295,0.00295,666,0.00666
-14,-20,1,100000,309,0.00309,791,0.00791
-14,-20,2,100000,338,0.00338,855,0.00855
-14,-20,3,100000,367,0.00367,864,0.00864
-14,-20,4,100000,334,0.00334,845,0.00845
-14,-20,5,100000,268,0.00268,751,0.00751
-14,-19,0,100000,265,0.00265,699,0.00699
-14,-19,1,100000,312,0.00312,787,0.00787
-14,-19,2,100000,377,0.00377,894,0.00894
-14,-19,3,100000,388,0.00388,921,0.00921
-14,-19,4,100000,349,0.00349,850,0.0085
-14,-19,5,100000,324,0.00324,800,0.008
-14,-18,0,100000,290,0.0029,693,0.00693
-14,-18,1,100000,277,0.00277,790,0.0079
-14,-18,2,100000,358,0.00358,863,0.00863
-14,-18,3,100000,395,0.00395,897,0.00897
-14,-18,4,100000,367,0.00367,882,0.00882
-14,-18,5,100000,331,0.00331,766,0.00766
-14,-17,0,100000,291,0.00291,722,0.00722
-14,-17,1,100000,308,0.00308,753,0.00753
-14,-17,2,100000,323,0.00323,851,0.00851
-14,-17,3,100000,385,0.00385,896,0.00896
-14,-17,4,100000,355,0.00355,882,0.00882
-14,-17,5,100000,303,0.00303,747,0.00747
-14,-16,0,100000,312,0.00312,723,0.00723
-14,-16,1,100000,282,0.00282,733,0.00733
-14,-16,2,100000,392,0.00392,921,0.00921
-14,-16,3,100000,358,0.00358,912,0.00912
-14,-16,4,100000,334,0.00334,845,0.00845
-14,-16,5,100000,306,0.00306,793,0.00793
-14,-15,0,100000,293,0.00293,742,0.00742
-14,-15,1,100000,283,0.00283,737,0.00737
-14,-15,2,100000,327,0.00327,834,0.00834
-14,-15,3,100000,347,0.00347,914,0.00914
-14,-15,4,100000,339,0.00339,850,0.0085
-14,-15,5,100000,286,0.00286,764,0.00764
-14,-14,0,100000,281,0.00281,743,0.00743
-14,-14,1,100000,284,0.00284,780,0.0078
-14,-14,2,100000,328,0.00328,841,0.00841
-14,-14,3,100000,367,0.00367,909,0.00909
-14,-14,4,100000,355,0.00355,925,0.00925
-14,-14,5,100000,311,0.00311,797,0.00797
-14,-13,0,100000,283,0.00283,761,0.00761
-14,-13,1,100000,326,0.00326,810,0.0081
-14,-13,2,100000,356,0.00356,873,0.00873
-14,-13,3,100000,360,0.0036,910,0.0091
-14,-13,4,100000,326,0.00326,867,0.00867
-14,-13,5,100000,312,0.00312,807,0.00807
-14,-12,0,100000,260,0.0026,687,0.00687
-14,-12,1,100000,296,0.00296,749,0.00749
-14,-12,2,100000,363,0.00363,923,0.00923
-14,-12,3,100000,343,0.00343,880,0.0088
-14,-12,4,100000,345,0.00345,864,0.00864
-14,-12,5,100000,309,0.00309,743,0.00743
-14,-11,0,100000,275,0.00275,704,0.00704
-14,-11,1,100000,341,0.00341,801,0.00801
-14,-11,2,100000,366,0.00366,890,0.0089
-14,-11,3,100000,351,0.00351,924,0.00924
-14,-11,4,100000,304,0.00304,874,0.00874
-14,-11,5,100000,341,0.00341,818,0.00818
-14,-10,0,100000,278,0.00278,677,0.00677
-14,-10,1,100000,316,0.00316,807,0.00807
-14,-10,2,100000,346,0.00346,877,0.00877
-14,-10,3,100000,386,0.00386,902,0.00902
-14,-10,4,100000,363,0.00363,897,0.00897
-14,-10,5,100000,323,0.00323,807,0.00807
-14,-9,0,100000,269,0.00269,676,0.00676
-14,-9,1,100000,302,0.00302,784,0.00784
-14,-9,2,100000,348,0.00348,876,0.00876
-14,-9,3,100000,299,0.00299,862,0.00862
-14,-9,4,100000,343,0.00343,832,0.00832
-14,-9,5,100000,296,0.00296,770,0.0077
-14,-8,0,100000,262,0.00262,682,0.00682
-14,-8,1,100000,284,0.00284,756,0.00756
-14,-8,2,100000,363,0.00363,921,0.00921
-14,-8,3,100000,396,0.00396,958,0.00958
-14,-8,4,100000,346,0.00346,856,0.00856
-14,-8,5,100000,316,0.00316,742,0.00742
-14,-7,0,100000,250,0.0025,675,0.00675
-14,-7,1,100000,303,0.00303,804,0.00804
-14,-7,2,100000,357,0.00357,917,0.00917
-14,-7,3,100000,355,0.00355,937,0.00937
-14,-7,4,100000,356,0.00356,860,0.0086
-14,-7,5,100000,331,0.00331,787,0.00787
-14,-6,0,100000,286,0.00286,700,0.007
-14,-6,1,100000,307,0.00307,776,0.00776
-14,-6,2,100000,313,0.00313,804,0.00804
-14,-6,3,100000,391,0.00391,892,0.00892
-14,-6,4,100000,313,0.00313,842,0.00842
-14,-6,5,100000,294,0.00294,811,0.00811
-14,-5,0,100000,249,0.00249,713,0.00713
-14,-5,1,100000,323,0.00323,784,0.00784
-14,-5,2,100000,363,0.00363,877,0.00877
-14,-5,3,100000,326,0.00326,852,0.00852
-14,-5,4,100000,331,0.00331,881,0.00881
-14,-5,5,100000,344,0.00344,803,0.00803
-14,-4,0,100000,311,0.00311,720,0.0072
-14,-4,1,100000,335,0.00335,802,0.00802
-14,-4,2,100000,292,0.00292,857,0.00857
-14,-4,3,100000,381,0.00381,936,0.00936
-14,-4,4,100000,350,0.0035,868,0.00868
-14,-4,5,100000,345,0.00345,803,0.00803
-14,-3,0,100000,281,0.00281,736,0.00736
-14,-3,1,100000,301,0.00301,770,0.0077
-14,-3,2,100000,365,0.00365,907,0.00907
-14,-3,3,100000,336,0.00336,928,0.00928
-14,-3,4,100000,355,0.00355,908,0.00908
-14,-3,5,100000,284,0.00284,733,0.00733
-14,-2,0,100000,229,0.00229,651,0.00651
-14,-2,1,100000,329,0.00329,741,0.00741
-14,-2,2,100000,345,0.00345,939,0.00939
-14,-2,3,100000,387,0.00387,969,0.00969
-14,-2,4,100000,362,0.00362,839,0.00839
-14,-2,5,100000,291,0.00291,760,0.0076
-14,-1,0,100000,296,0.00296,661,0.00661
-14,-1,1,100000,281,0.00281,776,0.00776
-14,-1,2,100000,385,0.00385,850,0.0085
-14,-1,3,100000,372,0.00372,912,0.00912
-14,-1,4,100000,308,0.00308,865,0.00865
-14,-1,5,100000,297,0.00297,745,0.00745
-14,0,0,100000,299,0.00299,759,0.00759
-14,0,1,100000,294,0.00294,789,0.00789
-14,0,2,100000,302,0.00302,883,0.00883
-14,0,3,100000,399,0.00399,967,0.00967
-14,0,4,100000,366,0.00366,905,0.00905
-14,0,5,100000,298,0.00298,735,0.00735
-14,1,0,100000,256,0.00256,649,0.00649
-14,1,1,100000,287,0.00287,780,0.0078
-14,1,2,100000,388,0.00388,850,0.0085
-14,1,3,100000,375,0.00375,923,0.00923
-14,1,4,100000,368,0.00368,935,0.00935
-14,1,5,100000,325,0.00325,780,0.0078
-14,2,0,100000,319,0.00319,715,0.00715
-14,2,1,100000,326,0.00326,803,0.00803
-14,2,2,100000,321,0.00321,839,0.00839
-14,2,3,100000,361,0.00361,942,0.00942
-14,2,4,100000,348,0.00348,867,0.00867
-14,2,5,100000,308,0.00308,821,0.00821
-14,3,0,100000,272,0.00272,749,0.00749
-14,3,1,100000,344,0.00344,817,0.00817
-14,3,2,100000,416,0.00416,923,0.00923
-14,3,3,100000,344,0.00344,912,0.00912
-14,3,4,100000,358,0.00358,883,0.00883
-14,3,5,100000,316,0.00316,807,0.00807
-14,4,0,100000,265,0.00265,684,0.00684
-14,4,1,100000,313,0.00313,815,0.00815
-14,4,2,100000,350,0.0035,866,0.00866
-14,4,3,100000,350,0.0035,887,0.00887
-14,4,4,100000,372,0.00372,915,0.00915
-14,4,5,100000,324,0.00324,802,0.00802
-14,5,0,100000,273,0.00273,675,0.00675
-14,5,1,100000,324,0.00324,766,0.00766
-14,5,2,100000,344,0.00344,854,0.00854
-14,5,3,100000,311,0.00311,854,0.00854
-14,5,4,100000,329,0.00329,837,0.00837
-14,5,5,100000,304,0.00304,774,0.00774
-14,6,0,100000,262,0.00262,689,0.00689
-14,6,1,100000,339,0.00339,786,0.00786
-14,6,2,100000,330,0.0033,861,0.00861
-14,6,3,100000,358,0.00358,876,0.00876
-14,6,4,100000,376,0.00376,912,0.00912
-14,6,5,100000,335,0.00335,770,0.0077
-14,7,0,100000,257,0.00257,708,0.00708
-14,7,1,100000,290,0.0029,757,0.00757
-14,7,2,100000,339,0.00339,873,0.00873
-14,7,3,100000,345,0.00345,948,0.00948
-14,7,4,100000,366,0.00366,907,0.00907
-14,7,5,100000,276,0.00276,733,0.00733
-14,8,0,100000,292,0.00292,695,0.00695
-14,8,1,100000,319,0.00319,785,0.00785
-14,8,2,100000,359,0.00359,869,0.00869
-14,8,3,100000,356,0.00356,888,0.00888
-14,8,4,100000,326,0.00326,871,0.00871
-14,8,5,100000,312,0.00312,766,0.00766
-14,9,0,100000,264,0.00264,744,0.00744
-14,9,1,100000,336,0.00336,761,0.00761
-14,9,2,100000,361,0.00361,893,0.00893
-14,9,3,100000,404,0.00404,940,0.0094
-14,9,4,100000,350,0.0035,885,0.00885
-14,9,5,100000,315,0.00315,759,0.00759
-14,10,0,100000,274,0.00274,742,0.00742
-14,10,1,100000,327,0.00327,802,0.00802
-14,10,2,100000,378,0.00378,882,0.00882
-14,10,3,100000,356,0.00356,907,0.00907
-14,10,4,100000,345,0.00345,835,0.00835
-14,10,5,100000,282,0.00282,772,0.00772
-14,11,0,100000,245,0.00245,702,0.00702
-14,11,1,100000,299,0.00299,755,0.00755
-14,11,2,100000,337,0.00337,869,0.00869
-14,11,3,100000,351,0.00351,871,0.00871
-14,11,4,100000,388,0.00388,904,0.00904
-14,11,5,100000,322,0.00322,801,0.00801
-14,12,0,100000,299,0.00299,732,0.00732
-14,12,1,100000,302,0.00302,796,0.00796
-14,12,2,100000,378,0.00378,856,0.00856
-14,12,3,100000,340,0.0034,885,0.00885
-14,12,4,100000,397,0.00397,870,0.0087
-14,12,5,100000,342,0.00342,819,0.00819
-14,13,0,100000,301,0.00301,730,0.0073
-14,13,1,100000,251,0.00251,712,0.00712
-14,13,2,100000,363,0.00363,896,0.00896
-14,13,3,100000,350,0.0035,892,0.00892
-14,13,4,100000,362,0.00362,905,0.00905
-14,13,5,100000,325,0.00325,814,0.00814
-14,14,0,100000,265,0.00265,708,0.00708
-14,14,1,100000,305,0.00305,821,0.00821
-14,14,2,100000,342,0.00342,881,0.00881
-14,14,3,100000,403,0.00403,926,0.00926
-14,14,4,100000,333,0.00333,907,0.00907
-14,14,5,100000,294,0.00294,789,0.00789
-14,15,0,100000,284,0.00284,756,0.00756
-14,15,1,100000,298,0.00298,756,0.00756
-14,15,2,100000,352,0.00352,878,0.00878
-14,15,3,100000,380,0.0038,972,0.00972
-14,15,4,100000,306,0.00306,826,0.00826
-14,15,5,100000,342,0.00342,780,0.0078
-14,16,0,100000,264,0.00264,689,0.00689
-14,16,1,100000,325,0.00325,795,0.00795
-14,16,2,100000,382,0.00382,901,0.00901
-14,16,3,100000,363,0.00363,918,0.00918
-14,16,4,100000,376,0.00376,854,0.00854
-14,16,5,100000,317,0.00317,782,0.00782
-14,17,0,100000,286,0.00286,694,0.00694
-14,17,1,100000,314,0.00314,796,0.00796
-14,17,2,100000,389,0.00389,918,0.00918
-14,17,3,100000,328,0.00328,897,0.00897
-14,17,4,100000,353,0.00353,873,0.00873
-14,17,5,100000,298,0.00298,769,0.00769
-14,18,0,100000,289,0.00289,678,0.00678
-14,18,1,100000,268,0.00268,717,0.00717
-14,18,2,100000,361,0.00361,844,0.00844
-14,18,3,100000,364,0.00364,867,0.00867
-14,18,4,100000,342,0.00342,890,0.0089
-14,18,5,100000,328,0.00328,772,0.00772
-14,19,0,100000,260,0.0026,716,0.00716
-14,19,1,100000,339,0.00339,789,0.00789
-14,19,2,100000,369,0.00369,897,0.00897
-14,19,3,100000,352,0.00352,922,0.00922
-14,19,4,100000,336,0.00336,832,0.00832
-14,19,5,100000,292,0.00292,763,0.00763
-14,20,0,100000,294,0.00294,711,0.00711
-14,20,1,100000,319,0.00319,835,0.00835
-14,20,2,100000,388,0.00388,882,0.00882
-14,20,3,100000,377,0.00377,910,0.0091
-14,20,4,100000,373,0.00373,871,0.00871
-14,20,5,100000,281,0.00281,789,0.00789
-14,21,0,100000,294,0.00294,722,0.00722
-14,21,1,100000,301,0.00301,728,0.00728
-14,21,2,100000,377,0.00377,869,0.00869
-14,21,3,100000,374,0.00374,884,0.00884
-14,21,4,100000,362,0.00362,914,0.00914
-14,21,5,100000,333,0.00333,741,0.00741
-14,22,0,100000,280,0.0028,723,0.00723
-14,22,1,100000,332,0.00332,773,0.00773
-14,22,2,100000,335,0.00335,836,0.00836
-14,22,3,100000,365,0.00365,874,0.00874
-14,22,4,100000,351,0.00351,840,0.0084
-14,22,5,100000,319,0.00319,762,0.00762
-14,23,0,100000,284,0.00284,753,0.00753
-14,23,1,100000,295,0.00295,775,0.00775
-14,23,2,100000,340,0.0034,857,0.00857
-14,23,3,100000,368,0.00368,868,0.00868
-14,23,4,100000,333,0.00333,870,0.0087
-14,23,5,100000,287,0.00287,769,0.00769
-14,24,0,100000,283,0.00283,668,0.00668
-14,24,1,100000,300,0.003,806,0.00806
-14,24,2,100000,350,0.0035,901,0.00901
-14,24,3,100000,364,0.00364,904,0.00904
-14,24,4,100000,361,0.00361,878,0.00878
-14,24,5,100000,341,0.00341,768,0.00768
-14,25,0,100000,259,0.00259,650,0.0065
-14,25,1,100000,305,0.00305,742,0.00742
-14,25,2,100000,333,0.00333,890,0.0089
-14,25,3,100000,387,0.00387,960,0.0096
-14,25,4,100000,340,0.0034,899,0.00899
-14,25,5,100000,275,0.00275,775,0.00775
-14,26,0,100000,273,0.00273,726,0.00726
-14,26,1,100000,339,0.00339,769,0.00769
-14,26,2,100000,336,0.00336,848,0.00848
-14,26,3,100000,367,0.00367,935,0.00935
-14,26,4,100000,344,0.00344,852,0.00852
-14,26,5,100000,329,0.00329,770,0.0077
-14,27,0,100000,294,0.00294,715,0.00715
-14,27,1,100000,328,0.00328,784,0.00784
-14,27,2,100000,355,0.00355,867,0.00867
-14,27,3,100000,415,0.00415,948,0.00948
-14,27,4,100000,307,0.00307,868,0.00868
-14,27,5,100000,321,0.00321,771,0.00771
-14,28,0,100000,286,0.00286,712,0.00712
-14,28,1,100000,311,0.00311,752,0.00752
-14,28,2,100000,357,0.00357,871,0.00871
-14,28,3,100000,386,0.00386,975,0.00975
-14,28,4,100000,359,0.00359,937,0.00937
-14,28,5,100000,278,0.00278,795,0.00795
-14,29,0,100000,281,0.00281,706,0.00706
-14,29,1,100000,311,0.00311,800,0.008
-14,29,2,100000,377,0.00377,894,0.00894
-14,29,3,100000,361,0.00361,869,0.00869
-14,29,4,100000,323,0.00323,825,0.00825
-14,29,5,100000,347,0.00347,803,0.00803
-14,30,0,100000,282,0.00282,698,0.00698
-14,30,1,100000,320,0.0032,804,0.00804
-14,30,2,100000,369,0.00369,877,0.00877
-14,30,3,100000,396,0.00396,905,0.00905
-14,30,4,100000,326,0.00326,861,0.00861
-14,30,5,100000,342,0.00342,789,0.00789
-14,31,0,100000,296,0.00296,707,0.00707
-14,31,1,100000,297,0.00297,757,0.00757
-14,31,2,100000,368,0.00368,849,0.00849
-14,31,3,100000,363,0.00363,858,0.00858
-14,31,4,100000,357,0.00357,881,0.00881
-14,31,5,100000,326,0.00326,791,0.00791
-14,32,0,100000,273,0.00273,732,0.00732
-14,32,1,100000,331,0.00331,754,0.00754
-14,32,2,100000,335,0.00335,845,0.00845
-14,32,3,100000,353,0.00353,925,0.00925
-14,32,4,100000,347,0.00347,884,0.00884
-14,32,5,100000,283,0.00283,776,0.00776
-14,33,0,100000,264,0.00264,706,0.00706
-14,33,1,100000,262,0.00262,694,0.00694
-14,33,2,100000,343,0.00343,834,0.00834
-14,33,3,100000,397,0.00397,905,0.00905
-14,33,4,100000,363,0.00363,895,0.00895
-14,33,5,100000,300,0.003,720,0.0072
-14,34,0,100000,279,0.00279,711,0.00711
-14,34,1,100000,290,0.0029,766,0.00766
-14,34,2,100000,329,0.00329,879,0.00879
-14,34,3,100000,383,0.00383,950,0.0095
-14,34,4,100000,321,0.00321,859,0.00859
-14,34,5,100000,318,0.00318,788,0.00788
-14,35,0,100000,263,0.00263,673,0.00673
-14,35,1,100000,295,0.00295,714,0.00714
-14,35,2,100000,348,0.00348,824,0.00824
-14,35,3,100000,315,0.00315,863,0.00863
-14,35,4,100000,404,0.00404,895,0.00895
-14,35,5,100000,275,0.00275,734,0.00734
-14,36,0,100000,284,0.00284,680,0.0068
-14,36,1,100000,286,0.00286,690,0.0069
-14,36,2,100000,373,0.00373,880,0.0088
-14,36,3,100000,385,0.00385,869,0.00869
-14,36,4,100000,330,0.0033,832,0.00832
-14,36,5,100000,317,0.00317,743,0.00743
-14,37,0,100000,267,0.00267,650,0.0065
-14,37,1,100000,346,0.00346,756,0.00756
-14,37,2,100000,335,0.00335,783,0.00783
-14,37,3,100000,368,0.00368,848,0.00848
-14,37,4,100000,323,0.00323,824,0.00824
-14,37,5,100000,302,0.00302,781,0.00781
-14,38,0,100000,256,0.00256,633,0.00633
-14,38,1,100000,305,0.00305,661,0.00661
-14,38,2,100000,327,0.00327,750,0.0075
-14,38,3,100000,350,0.0035,835,0.00835
-14,38,4,100000,368,0.00368,788,0.00788
-14,38,5,100000,302,0.00302,747,0.00747
-14,39,0,100000,217,0.00217,512,0.00512
-14,39,1,100000,217,0.00217,532,0.00532
-14,39,2,100000,271,0.00271,615,0.00615
-14,39,3,100000,252,0.00252,593,0.00593
-14,39,4,100000,284,0.00284,648,0.00648
-14,39,5,100000,267,0.00267,632,0.00632
-14,40,0,100000,140,0.0014,305,0.00305
-14,40,1,100000,158,0.00158,372,0.00372
-14,40,2,100000,172,0.00172,417,0.00417
-14,40,3,100000,197,0.00197,420,0.0042
-14,40,4,100000,246,0.00246,505,0.00505
-14,40,5,100000,171,0.00171,395,0.00395
-14,41,0,100000,100,0.001,212,0.00212
-14,41,1,100000,128,0.00128,262,0.00262
-14,41,2,100000,92,0.00092,238,0.00238
-14,41,3,100000,120,0.0012,232,0.00232
-14,41,4,100000,126,0.00126,267,0.00267
-14,41,5,100000,102,0.00102,244,0.00244
-14,42,0,100000,49,0.00049,120,0.0012
-14,42,1,100000,64,0.00064,122,0.00122
-14,42,2,100000,58,0.00058,149,0.00149
-14,42,3,100000,69,0.00069,131,0.00131
-14,42,4,100000,59,0.00059,133,0.00133
-14,42,5,100000,28,0.00028,80,0.0008
-14,43,0,100000,47,0.00047,87,0.00087
-14,43,1,100000,37,0.00037,99,0.00099
-14,43,2,100000,21,0.00021,79,0.00079
-14,43,3,100000,30,0.0003,91,0.00091
-14,43,4,100000,40,0.0004,77,0.00077
-14,43,5,100000,16,0.00016,86,0.00086
-14,44,0,100000,39,0.00039,91,0.00091
-14,44,1,100000,32,0.00032,82,0.00082
-14,44,2,100000,36,0.00036,96,0.00096
-14,44,3,100000,39,0.00039,82,0.00082
-14,44,4,100000,32,0.00032,68,0.00068
-14,44,5,100000,26,0.00026,66,0.00066
-14,45,0,100000,33,0.00033,87,0.00087
-14,45,1,100000,25,0.00025,78,0.00078
-14,45,2,100000,51,0.00051,86,0.00086
-14,45,3,100000,31,0.00031,77,0.00077
-14,45,4,100000,15,0.00015,82,0.00082
-14,45,5,100000,23,0.00023,83,0.00083
-14,46,0,100000,26,0.00026,76,0.00076
-14,46,1,100000,28,0.00028,72,0.00072
-14,46,2,100000,33,0.00033,97,0.00097
-14,46,3,100000,38,0.00038,100,0.001
-14,46,4,100000,47,0.00047,86,0.00086
-14,46,5,100000,52,0.00052,100,0.001
-14,47,0,100000,22,0.00022,72,0.00072
-14,47,1,100000,43,0.00043,83,0.00083
-14,47,2,100000,23,0.00023,65,0.00065
-14,47,3,100000,54,0.00054,85,0.00085
-14,47,4,100000,35,0.00035,70,0.0007
-14,47,5,100000,30,0.0003,85,0.00085
-14,48,0,100000,29,0.00029,84,0.00084
-14,48,1,100000,26,0.00026,70,0.0007
-14,48,2,100000,27,0.00027,77,0.00077
-14,48,3,100000,22,0.00022,62,0.00062
-14,48,4,100000,30,0.0003,71,0.00071
-14,48,5,100000,26,0.00026,88,0.00088
-14,49,0,100000,21,0.00021,77,0.00077
-14,49,1,100000,26,0.00026,75,0.00075
-14,49,2,100000,35,0.00035,64,0.00064
-14,49,3,100000,30,0.0003,87,0.00087
-14,49,4,100000,32,0.00032,89,0.00089
-14,49,5,100000,36,0.00036,80,0.0008
-14,50,0,100000,33,0.00033,70,0.0007
-14,50,1,100000,46,0.00046,91,0.00091
-14,50,2,100000,53,0.00053,74,0.00074
-14,50,3,100000,29,0.00029,73,0.00073
-14,50,4,100000,38,0.00038,76,0.00076
-14,50,5,100000,27,0.00027,76,0.00076
-13,-50,0,100000,40,0.0004,69,0.00069
-13,-50,1,100000,34,0.00034,73,0.00073
-13,-50,2,100000,23,0.00023,61,0.00061
-13,-50,3,100000,44,0.00044,70,0.0007
-13,-50,4,100000,28,0.00028,61,0.00061
-13,-50,5,100000,25,0.00025,67,0.00067
-13,-49,0,100000,35,0.00035,90,0.0009
-13,-49,1,100000,40,0.0004,77,0.00077
-13,-49,2,100000,24,0.00024,58,0.00058
-13,-49,3,100000,56,0.00056,83,0.00083
-13,-49,4,100000,15,0.00015,63,0.00063
-13,-49,5,100000,31,0.00031,71,0.00071
-13,-48,0,100000,23,0.00023,77,0.00077
-13,-48,1,100000,43,0.00043,73,0.00073
-13,-48,2,100000,55,0.00055,99,0.00099
-13,-48,3,100000,47,0.00047,77,0.00077
-13,-48,4,100000,49,0.00049,99,0.00099
-13,-48,5,100000,35,0.00035,85,0.00085
-13,-47,0,100000,31,0.00031,82,0.00082
-13,-47,1,100000,44,0.00044,93,0.00093
-13,-47,2,100000,33,0.00033,82,0.00082
-13,-47,3,100000,53,0.00053,92,0.00092
-13,-47,4,100000,36,0.00036,78,0.00078
-13,-47,5,100000,32,0.00032,73,0.00073
-13,-46,0,100000,49,0.00049,86,0.00086
-13,-46,1,100000,32,0.00032,81,0.00081
-13,-46,2,100000,40,0.0004,87,0.00087
-13,-46,3,100000,26,0.00026,75,0.00075
-13,-46,4,100000,26,0.00026,86,0.00086
-13,-46,5,100000,40,0.0004,80,0.0008
-13,-45,0,100000,41,0.00041,75,0.00075
-13,-45,1,100000,30,0.0003,73,0.00073
-13,-45,2,100000,45,0.00045,69,0.00069
-13,-45,3,100000,36,0.00036,82,0.00082
-13,-45,4,100000,38,0.00038,92,0.00092
-13,-45,5,100000,35,0.00035,72,0.00072
-13,-44,0,100000,34,0.00034,91,0.00091
-13,-44,1,100000,32,0.00032,70,0.0007
-13,-44,2,100000,46,0.00046,89,0.00089
-13,-44,3,100000,37,0.00037,80,0.0008
-13,-44,4,100000,34,0.00034,92,0.00092
-13,-44,5,100000,46,0.00046,87,0.00087
-13,-43,0,100000,38,0.00038,103,0.00103
-13,-43,1,100000,23,0.00023,73,0.00073
-13,-43,2,100000,24,0.00024,72,0.00072
-13,-43,3,100000,42,0.00042,77,0.00077
-13,-43,4,100000,27,0.00027,73,0.00073
-13,-43,5,100000,31,0.00031,82,0.00082
-13,-42,0,100000,48,0.00048,124,0.00124
-13,-42,1,100000,46,0.00046,102,0.00102
-13,-42,2,100000,54,0.00054,127,0.00127
-13,-42,3,100000,44,0.00044,129,0.00129
-13,-42,4,100000,54,0.00054,91,0.00091
-13,-42,5,100000,62,0.00062,109,0.00109
-13,-41,0,100000,112,0.00112,223,0.00223
-13,-41,1,100000,122,0.00122,265,0.00265
-13,-41,2,100000,105,0.00105,251,0.00251
-13,-41,3,100000,112,0.00112,263,0.00263
-13,-41,4,100000,110,0.0011,248,0.00248
-13,-41,5,100000,114,0.00114,240,0.0024
-13,-40,0,100000,162,0.00162,341,0.00341
-13,-40,1,100000,227,0.00227,463,0.00463
-13,-40,2,100000,234,0.00234,479,0.00479
-13,-40,3,100000,233,0.00233,478,0.00478
-13,-40,4,100000,176,0.00176,431,0.00431
-13,-40,5,100000,197,0.00197,428,0.00428
-13,-39,0,100000,228,0.00228,522,0.00522
-13,-39,1,100000,304,0.00304,653,0.00653
-13,-39,2,100000,302,0.00302,768,0.00768
-13,-39,3,100000,292,0.00292,689,0.00689
-13,-39,4,100000,325,0.00325,699,0.00699
-13,-39,5,100000,282,0.00282,655,0.00655
-13,-38,0,100000,281,0.00281,712,0.00712
-13,-38,1,100000,367,0.00367,821,0.00821
-13,-38,2,100000,383,0.00383,906,0.00906
-13,-38,3,100000,377,0.00377,869,0.00869
-13,-38,4,100000,327,0.00327,833,0.00833
-13,-38,5,100000,373,0.00373,769,0.00769
-13,-37,0,100000,315,0.00315,692,0.00692
-13,-37,1,100000,366,0.00366,846,0.00846
-13,-37,2,100000,361,0.00361,893,0.00893
-13,-37,3,100000,429,0.00429,937,0.00937
-13,-37,4,100000,393,0.00393,851,0.00851
-13,-37,5,100000,318,0.00318,740,0.0074
-13,-36,0,100000,318,0.00318,758,0.00758
-13,-36,1,100000,373,0.00373,857,0.00857
-13,-36,2,100000,425,0.00425,1001,0.01001
-13,-36,3,100000,426,0.00426,989,0.00989
-13,-36,4,100000,435,0.00435,936,0.00936
-13,-36,5,100000,364,0.00364,802,0.00802
-13,-35,0,100000,308,0.00308,789,0.00789
-13,-35,1,100000,377,0.00377,856,0.00856
-13,-35,2,100000,395,0.00395,981,0.00981
-13,-35,3,100000,388,0.00388,939,0.00939
-13,-35,4,100000,386,0.00386,970,0.0097
-13,-35,5,100000,377,0.00377,858,0.00858
-13,-34,0,100000,284,0.00284,767,0.00767
-13,-34,1,100000,331,0.00331,851,0.00851
-13,-34,2,100000,428,0.00428,1002,0.01002
-13,-34,3,100000,391,0.00391,1011,0.01011
-13,-34,4,100000,369,0.00369,932,0.00932
-13,-34,5,100000,370,0.0037,844,0.00844
-13,-33,0,100000,275,0.00275,742,0.00742
-13,-33,1,100000,359,0.00359,912,0.00912
-13,-33,2,100000,390,0.0039,994,0.00994
-13,-33,3,100000,407,0.00407,1020,0.0102
-13,-33,4,100000,375,0.00375,921,0.00921
-13,-33,5,100000,310,0.0031,876,0.00876
-13,-32,0,100000,334,0.00334,813,0.00813
-13,-32,1,100000,326,0.00326,825,0.00825
-13,-32,2,100000,369,0.00369,977,0.00977
-13,-32,3,100000,385,0.00385,979,0.00979
-13,-32,4,100000,405,0.00405,1006,0.01006
-13,-32,5,100000,366,0.00366,878,0.00878
-13,-31,0,100000,318,0.00318,824,0.00824
-13,-31,1,100000,342,0.00342,867,0.00867
-13,-31,2,100000,403,0.00403,1032,0.01032
-13,-31,3,100000,399,0.00399,1014,0.01014
-13,-31,4,100000,392,0.00392,976,0.00976
-13,-31,5,100000,403,0.00403,884,0.00884
-13,-30,0,100000,309,0.00309,812,0.00812
-13,-30,1,100000,355,0.00355,872,0.00872
-13,-30,2,100000,390,0.0039,956,0.00956
-13,-30,3,100000,421,0.00421,1032,0.01032
-13,-30,4,100000,359,0.00359,927,0.00927
-13,-30,5,100000,366,0.00366,853,0.00853
-13,-29,0,100000,313,0.00313,818,0.00818
-13,-29,1,100000,356,0.00356,900,0.009
-13,-29,2,100000,353,0.00353,943,0.00943
-13,-29,3,100000,434,0.00434,1028,0.01028
-13,-29,4,100000,333,0.00333,942,0.00942
-13,-29,5,100000,372,0.00372,890,0.0089
-13,-28,0,100000,317,0.00317,735,0.00735
-13,-28,1,100000,370,0.0037,844,0.00844
-13,-28,2,100000,404,0.00404,977,0.00977
-13,-28,3,100000,360,0.0036,985,0.00985
-13,-28,4,100000,409,0.00409,990,0.0099
-13,-28,5,100000,325,0.00325,891,0.00891
-13,-27,0,100000,329,0.00329,853,0.00853
-13,-27,1,100000,318,0.00318,848,0.00848
-13,-27,2,100000,394,0.00394,1003,0.01003
-13,-27,3,100000,394,0.00394,1002,0.01002
-13,-27,4,100000,386,0.00386,947,0.00947
-13,-27,5,100000,325,0.00325,836,0.00836
-13,-26,0,100000,351,0.00351,819,0.00819
-13,-26,1,100000,334,0.00334,841,0.00841
-13,-26,2,100000,365,0.00365,1013,0.01013
-13,-26,3,100000,396,0.00396,1004,0.01004
-13,-26,4,100000,379,0.00379,985,0.00985
-13,-26,5,100000,340,0.0034,855,0.00855
-13,-25,0,100000,345,0.00345,797,0.00797
-13,-25,1,100000,339,0.00339,856,0.00856
-13,-25,2,100000,397,0.00397,973,0.00973
-13,-25,3,100000,409,0.00409,1009,0.01009
-13,-25,4,100000,400,0.004,987,0.00987
-13,-25,5,100000,348,0.00348,877,0.00877
-13,-24,0,100000,346,0.00346,788,0.00788
-13,-24,1,100000,348,0.00348,835,0.00835
-13,-24,2,100000,399,0.00399,981,0.00981
-13,-24,3,100000,418,0.00418,986,0.00986
-13,-24,4,100000,423,0.00423,982,0.00982
-13,-24,5,100000,380,0.0038,860,0.0086
-13,-23,0,100000,298,0.00298,786,0.00786
-13,-23,1,100000,331,0.00331,851,0.00851
-13,-23,2,100000,394,0.00394,984,0.00984
-13,-23,3,100000,416,0.00416,1066,0.01066
-13,-23,4,100000,367,0.00367,941,0.00941
-13,-23,5,100000,318,0.00318,831,0.00831
-13,-22,0,100000,301,0.00301,776,0.00776
-13,-22,1,100000,312,0.00312,823,0.00823
-13,-22,2,100000,395,0.00395,974,0.00974
-13,-22,3,100000,395,0.00395,1043,0.01043
-13,-22,4,100000,381,0.00381,955,0.00955
-13,-22,5,100000,308,0.00308,855,0.00855
-13,-21,0,100000,306,0.00306,762,0.00762
-13,-21,1,100000,333,0.00333,869,0.00869
-13,-21,2,100000,393,0.00393,1033,0.01033
-13,-21,3,100000,419,0.00419,995,0.00995
-13,-21,4,100000,426,0.00426,990,0.0099
-13,-21,5,100000,332,0.00332,832,0.00832
-13,-20,0,100000,353,0.00353,848,0.00848
-13,-20,1,100000,329,0.00329,849,0.00849
-13,-20,2,100000,385,0.00385,962,0.00962
-13,-20,3,100000,401,0.00401,1043,0.01043
-13,-20,4,100000,382,0.00382,965,0.00965
-13,-20,5,100000,320,0.0032,872,0.00872
-13,-19,0,100000,349,0.00349,794,0.00794
-13,-19,1,100000,353,0.00353,881,0.00881
-13,-19,2,100000,373,0.00373,970,0.0097
-13,-19,3,100000,429,0.00429,1014,0.01014
-13,-19,4,100000,410,0.0041,976,0.00976
-13,-19,5,100000,372,0.00372,937,0.00937
-13,-18,0,100000,322,0.00322,831,0.00831
-13,-18,1,100000,357,0.00357,849,0.00849
-13,-18,2,100000,387,0.00387,987,0.00987
-13,-18,3,100000,422,0.00422,1045,0.01045
-13,-18,4,100000,389,0.00389,948,0.00948
-13,-18,5,100000,336,0.00336,858,0.00858
-13,-17,0,100000,328,0.00328,858,0.00858
-13,-17,1,100000,355,0.00355,868,0.00868
-13,-17,2,100000,402,0.00402,963,0.00963
-13,-17,3,100000,376,0.00376,974,0.00974
-13,-17,4,100000,382,0.00382,970,0.0097
-13,-17,5,100000,320,0.0032,836,0.00836
-13,-16,0,100000,336,0.00336,796,0.00796
-13,-16,1,100000,289,0.00289,837,0.00837
-13,-16,2,100000,390,0.0039,969,0.00969
-13,-16,3,100000,354,0.00354,968,0.00968
-13,-16,4,100000,443,0.00443,1025,0.01025
-13,-16,5,100000,323,0.00323,842,0.00842
-13,-15,0,100000,276,0.00276,811,0.00811
-13,-15,1,100000,325,0.00325,843,0.00843
-13,-15,2,100000,356,0.00356,940,0.0094
-13,-15,3,100000,413,0.00413,1025,0.01025
-13,-15,4,100000,380,0.0038,949,0.00949
-13,-15,5,100000,346,0.00346,877,0.00877
-13,-14,0,100000,339,0.00339,810,0.0081
-13,-14,1,100000,353,0.00353,880,0.0088
-13,-14,2,100000,390,0.0039,949,0.00949
-13,-14,3,100000,401,0.00401,989,0.00989
-13,-14,4,100000,383,0.00383,954,0.00954
-13,-14,5,100000,291,0.00291,816,0.00816
-13,-13,0,100000,282,0.00282,797,0.00797
-13,-13,1,100000,315,0.00315,830,0.0083
-13,-13,2,100000,390,0.0039,937,0.00937
-13,-13,3,100000,402,0.00402,966,0.00966
-13,-13,4,100000,407,0.00407,997,0.00997
-13,-13,5,100000,331,0.00331,849,0.00849
-13,-12,0,100000,309,0.00309,768,0.00768
-13,-12,1,100000,358,0.00358,900,0.009
-13,-12,2,100000,398,0.00398,1031,0.01031
-13,-12,3,100000,388,0.00388,966,0.00966
-13,-12,4,100000,381,0.00381,954,0.00954
-13,-12,5,100000,359,0.00359,856,0.00856
-13,-11,0,100000,304,0.00304,769,0.00769
-13,-11,1,100000,358,0.00358,878,0.00878
-13,-11,2,100000,431,0.00431,1024,0.01024
-13,-11,3,100000,392,0.00392,998,0.00998
-13,-11,4,100000,450,0.0045,1022,0.01022
-13,-11,5,100000,351,0.00351,856,0.00856
-13,-10,0,100000,306,0.00306,813,0.00813
-13,-10,1,100000,327,0.00327,856,0.00856
-13,-10,2,100000,355,0.00355,960,0.0096
-13,-10,3,100000,432,0.00432,1020,0.0102
-13,-10,4,100000,390,0.0039,951,0.00951
-13,-10,5,100000,378,0.00378,922,0.00922
-13,-9,0,100000,332,0.00332,834,0.00834
-13,-9,1,100000,348,0.00348,859,0.00859
-13,-9,2,100000,417,0.00417,1045,0.01045
-13,-9,3,100000,385,0.00385,953,0.00953
-13,-9,4,100000,381,0.00381,916,0.00916
-13,-9,5,100000,314,0.00314,877,0.00877
-13,-8,0,100000,305,0.00305,817,0.00817
-13,-8,1,100000,353,0.00353,862,0.00862
-13,-8,2,100000,421,0.00421,975,0.00975
-13,-8,3,100000,394,0.00394,1014,0.01014
-13,-8,4,100000,356,0.00356,957,0.00957
-13,-8,5,100000,352,0.00352,843,0.00843
-13,-7,0,100000,317,0.00317,807,0.00807
-13,-7,1,100000,308,0.00308,812,0.00812
-13,-7,2,100000,399,0.00399,957,0.00957
-13,-7,3,100000,395,0.00395,1036,0.01036
-13,-7,4,100000,404,0.00404,994,0.00994
-13,-7,5,100000,338,0.00338,832,0.00832
-13,-6,0,100000,348,0.00348,780,0.0078
-13,-6,1,100000,366,0.00366,884,0.00884
-13,-6,2,100000,375,0.00375,971,0.00971
-13,-6,3,100000,398,0.00398,985,0.00985
-13,-6,4,100000,414,0.00414,969,0.00969
-13,-6,5,100000,384,0.00384,874,0.00874
-13,-5,0,100000,337,0.00337,781,0.00781
-13,-5,1,100000,376,0.00376,873,0.00873
-13,-5,2,100000,408,0.00408,966,0.00966
-13,-5,3,100000,376,0.00376,1011,0.01011
-13,-5,4,100000,448,0.00448,1038,0.01038
-13,-5,5,100000,343,0.00343,857,0.00857
-13,-4,0,100000,312,0.00312,784,0.00784
-13,-4,1,100000,369,0.00369,879,0.00879
-13,-4,2,100000,372,0.00372,954,0.00954
-13,-4,3,100000,418,0.00418,1027,0.01027
-13,-4,4,100000,422,0.00422,1037,0.01037
-13,-4,5,100000,384,0.00384,893,0.00893
-13,-3,0,100000,321,0.00321,792,0.00792
-13,-3,1,100000,350,0.0035,875,0.00875
-13,-3,2,100000,362,0.00362,946,0.00946
-13,-3,3,100000,394,0.00394,1019,0.01019
-13,-3,4,100000,401,0.00401,950,0.0095
-13,-3,5,100000,330,0.0033,844,0.00844
-13,-2,0,100000,320,0.0032,804,0.00804
-13,-2,1,100000,374,0.00374,878,0.00878
-13,-2,2,100000,430,0.0043,973,0.00973
-13,-2,3,100000,433,0.00433,975,0.00975
-13,-2,4,100000,378,0.00378,952,0.00952
-13,-2,5,100000,310,0.0031,869,0.00869
-13,-1,0,100000,324,0.00324,814,0.00814
-13,-1,1,100000,328,0.00328,896,0.00896
-13,-1,2,100000,420,0.0042,1027,0.01027
-13,-1,3,100000,367,0.00367,1034,0.01034
-13,-1,4,100000,391,0.00391,927,0.00927
-13,-1,5,100000,367,0.00367,888,0.00888
-13,0,0,100000,346,0.00346,817,0.00817
-13,0,1,100000,338,0.00338,836,0.00836
-13,0,2,100000,413,0.00413,1020,0.0102
-13,0,3,100000,434,0.00434,1013,0.01013
-13,0,4,100000,400,0.004,983,0.00983
-13,0,5,100000,365,0.00365,891,0.00891
-13,1,0,100000,317,0.00317,774,0.00774
-13,1,1,100000,359,0.00359,855,0.00855
-13,1,2,100000,436,0.00436,1008,0.01008
-13,1,3,100000,404,0.00404,962,0.00962
-13,1,4,100000,423,0.00423,1022,0.01022
-13,1,5,100000,353,0.00353,883,0.00883
-13,2,0,100000,327,0.00327,843,0.00843
-13,2,1,100000,363,0.00363,884,0.00884
-13,2,2,100000,389,0.00389,963,0.00963
-13,2,3,100000,408,0.00408,1021,0.01021
-13,2,4,100000,425,0.00425,1001,0.01001
-13,2,5,100000,325,0.00325,893,0.00893
-13,3,0,100000,282,0.00282,787,0.00787
-13,3,1,100000,349,0.00349,839,0.00839
-13,3,2,100000,404,0.00404,986,0.00986
-13,3,3,100000,405,0.00405,963,0.00963
-13,3,4,100000,363,0.00363,975,0.00975
-13,3,5,100000,331,0.00331,845,0.00845
-13,4,0,100000,343,0.00343,819,0.00819
-13,4,1,100000,357,0.00357,804,0.00804
-13,4,2,100000,408,0.00408,1013,0.01013
-13,4,3,100000,428,0.00428,1034,0.01034
-13,4,4,100000,398,0.00398,975,0.00975
-13,4,5,100000,353,0.00353,897,0.00897
-13,5,0,100000,348,0.00348,831,0.00831
-13,5,1,100000,343,0.00343,877,0.00877
-13,5,2,100000,371,0.00371,893,0.00893
-13,5,3,100000,410,0.0041,983,0.00983
-13,5,4,100000,441,0.00441,1000,0.01
-13,5,5,100000,380,0.0038,884,0.00884
-13,6,0,100000,288,0.00288,778,0.00778
-13,6,1,100000,380,0.0038,898,0.00898
-13,6,2,100000,386,0.00386,952,0.00952
-13,6,3,100000,402,0.00402,960,0.0096
-13,6,4,100000,372,0.00372,932,0.00932
-13,6,5,100000,410,0.0041,877,0.00877
-13,7,0,100000,284,0.00284,740,0.0074
-13,7,1,100000,376,0.00376,905,0.00905
-13,7,2,100000,395,0.00395,992,0.00992
-13,7,3,100000,422,0.00422,1045,0.01045
-13,7,4,100000,425,0.00425,983,0.00983
-13,7,5,100000,343,0.00343,886,0.00886
-13,8,0,100000,312,0.00312,812,0.00812
-13,8,1,100000,342,0.00342,882,0.00882
-13,8,2,100000,391,0.00391,971,0.00971
-13,8,3,100000,394,0.00394,1032,0.01032
-13,8,4,100000,394,0.00394,966,0.00966
-13,8,5,100000,381,0.00381,888,0.00888
-13,9,0,100000,333,0.00333,782,0.00782
-13,9,1,100000,353,0.00353,863,0.00863
-13,9,2,100000,415,0.00415,972,0.00972
-13,9,3,100000,381,0.00381,1053,0.01053
-13,9,4,100000,412,0.00412,990,0.0099
-13,9,5,100000,356,0.00356,851,0.00851
-13,10,0,100000,325,0.00325,772,0.00772
-13,10,1,100000,338,0.00338,867,0.00867
-13,10,2,100000,391,0.00391,967,0.00967
-13,10,3,100000,410,0.0041,980,0.0098
-13,10,4,100000,385,0.00385,967,0.00967
-13,10,5,100000,355,0.00355,893,0.00893
-13,11,0,100000,333,0.00333,792,0.00792
-13,11,1,100000,311,0.00311,826,0.00826
-13,11,2,100000,411,0.00411,1028,0.01028
-13,11,3,100000,408,0.00408,1001,0.01001
-13,11,4,100000,396,0.00396,927,0.00927
-13,11,5,100000,372,0.00372,883,0.00883
-13,12,0,100000,290,0.0029,781,0.00781
-13,12,1,100000,340,0.0034,837,0.00837
-13,12,2,100000,431,0.00431,1011,0.01011
-13,12,3,100000,426,0.00426,997,0.00997
-13,12,4,100000,381,0.00381,974,0.00974
-13,12,5,100000,355,0.00355,856,0.00856
-13,13,0,100000,337,0.00337,825,0.00825
-13,13,1,100000,363,0.00363,844,0.00844
-13,13,2,100000,404,0.00404,959,0.00959
-13,13,3,100000,383,0.00383,976,0.00976
-13,13,4,100000,387,0.00387,933,0.00933
-13,13,5,100000,326,0.00326,827,0.00827
-13,14,0,100000,283,0.00283,760,0.0076
-13,14,1,100000,369,0.00369,852,0.00852
-13,14,2,100000,422,0.00422,967,0.00967
-13,14,3,100000,420,0.0042,1039,0.01039
-13,14,4,100000,368,0.00368,937,0.00937
-13,14,5,100000,333,0.00333,837,0.00837
-13,15,0,100000,304,0.00304,815,0.00815
-13,15,1,100000,384,0.00384,885,0.00885
-13,15,2,100000,374,0.00374,968,0.00968
-13,15,3,100000,445,0.00445,1028,0.01028
-13,15,4,100000,358,0.00358,950,0.0095
-13,15,5,100000,397,0.00397,933,0.00933
-13,16,0,100000,316,0.00316,766,0.00766
-13,16,1,100000,355,0.00355,856,0.00856
-13,16,2,100000,383,0.00383,977,0.00977
-13,16,3,100000,413,0.00413,1009,0.01009
-13,16,4,100000,345,0.00345,932,0.00932
-13,16,5,100000,356,0.00356,843,0.00843
-13,17,0,100000,272,0.00272,741,0.00741
-13,17,1,100000,387,0.00387,876,0.00876
-13,17,2,100000,403,0.00403,994,0.00994
-13,17,3,100000,408,0.00408,1059,0.01059
-13,17,4,100000,439,0.00439,989,0.00989
-13,17,5,100000,355,0.00355,844,0.00844
-13,18,0,100000,322,0.00322,780,0.0078
-13,18,1,100000,370,0.0037,913,0.00913
-13,18,2,100000,381,0.00381,1002,0.01002
-13,18,3,100000,378,0.00378,972,0.00972
-13,18,4,100000,387,0.00387,977,0.00977
-13,18,5,100000,316,0.00316,816,0.00816
-13,19,0,100000,342,0.00342,856,0.00856
-13,19,1,100000,359,0.00359,867,0.00867
-13,19,2,100000,375,0.00375,947,0.00947
-13,19,3,100000,401,0.00401,1012,0.01012
-13,19,4,100000,445,0.00445,1024,0.01024
-13,19,5,100000,345,0.00345,853,0.00853
-13,20,0,100000,293,0.00293,773,0.00773
-13,20,1,100000,387,0.00387,935,0.00935
-13,20,2,100000,409,0.00409,935,0.00935
-13,20,3,100000,396,0.00396,1008,0.01008
-13,20,4,100000,353,0.00353,954,0.00954
-13,20,5,100000,333,0.00333,857,0.00857
-13,21,0,100000,297,0.00297,724,0.00724
-13,21,1,100000,353,0.00353,861,0.00861
-13,21,2,100000,364,0.00364,956,0.00956
-13,21,3,100000,412,0.00412,1003,0.01003
-13,21,4,100000,424,0.00424,1001,0.01001
-13,21,5,100000,367,0.00367,856,0.00856
-13,22,0,100000,278,0.00278,772,0.00772
-13,22,1,100000,327,0.00327,907,0.00907
-13,22,2,100000,389,0.00389,946,0.00946
-13,22,3,100000,443,0.00443,994,0.00994
-13,22,4,100000,357,0.00357,912,0.00912
-13,22,5,100000,349,0.00349,865,0.00865
-13,23,0,100000,336,0.00336,789,0.00789
-13,23,1,100000,358,0.00358,871,0.00871
-13,23,2,100000,397,0.00397,927,0.00927
-13,23,3,100000,386,0.00386,980,0.0098
-13,23,4,100000,407,0.00407,959,0.00959
-13,23,5,100000,378,0.00378,871,0.00871
-13,24,0,100000,286,0.00286,772,0.00772
-13,24,1,100000,370,0.0037,868,0.00868
-13,24,2,100000,369,0.00369,926,0.00926
-13,24,3,100000,394,0.00394,1005,0.01005
-13,24,4,100000,322,0.00322,897,0.00897
-13,24,5,100000,350,0.0035,889,0.00889
-13,25,0,100000,296,0.00296,808,0.00808
-13,25,1,100000,358,0.00358,867,0.00867
-13,25,2,100000,394,0.00394,1000,0.01
-13,25,3,100000,374,0.00374,939,0.00939
-13,25,4,100000,378,0.00378,949,0.00949
-13,25,5,100000,363,0.00363,843,0.00843
-13,26,0,100000,309,0.00309,819,0.00819
-13,26,1,100000,365,0.00365,894,0.00894
-13,26,2,100000,362,0.00362,960,0.0096
-13,26,3,100000,437,0.00437,1041,0.01041
-13,26,4,100000,400,0.004,975,0.00975
-13,26,5,100000,375,0.00375,907,0.00907
-13,27,0,100000,345,0.00345,796,0.00796
-13,27,1,100000,382,0.00382,865,0.00865
-13,27,2,100000,359,0.00359,980,0.0098
-13,27,3,100000,438,0.00438,1051,0.01051
-13,27,4,100000,404,0.00404,979,0.00979
-13,27,5,100000,369,0.00369,887,0.00887
-13,28,0,100000,279,0.00279,775,0.00775
-13,28,1,100000,351,0.00351,904,0.00904
-13,28,2,100000,390,0.0039,945,0.00945
-13,28,3,100000,379,0.00379,984,0.00984
-13,28,4,100000,375,0.00375,979,0.00979
-13,28,5,100000,367,0.00367,865,0.00865
-13,29,0,100000,346,0.00346,848,0.00848
-13,29,1,100000,340,0.0034,896,0.00896
-13,29,2,100000,387,0.00387,986,0.00986
-13,29,3,100000,377,0.00377,971,0.00971
-13,29,4,100000,400,0.004,933,0.00933
-13,29,5,100000,319,0.00319,868,0.00868
-13,30,0,100000,327,0.00327,790,0.0079
-13,30,1,100000,341,0.00341,858,0.00858
-13,30,2,100000,385,0.00385,955,0.00955
-13,30,3,100000,422,0.00422,1020,0.0102
-13,30,4,100000,391,0.00391,992,0.00992
-13,30,5,100000,351,0.00351,874,0.00874
-13,31,0,100000,279,0.00279,747,0.00747
-13,31,1,100000,341,0.00341,878,0.00878
-13,31,2,100000,392,0.00392,938,0.00938
-13,31,3,100000,404,0.00404,988,0.00988
-13,31,4,100000,411,0.00411,977,0.00977
-13,31,5,100000,355,0.00355,847,0.00847
-13,32,0,100000,295,0.00295,776,0.00776
-13,32,1,100000,344,0.00344,883,0.00883
-13,32,2,100000,395,0.00395,937,0.00937
-13,32,3,100000,395,0.00395,957,0.00957
-13,32,4,100000,379,0.00379,952,0.00952
-13,32,5,100000,369,0.00369,862,0.00862
-13,33,0,100000,339,0.00339,839,0.00839
-13,33,1,100000,351,0.00351,891,0.00891
-13,33,2,100000,383,0.00383,939,0.00939
-13,33,3,100000,385,0.00385,988,0.00988
-13,33,4,100000,416,0.00416,926,0.00926
-13,33,5,100000,333,0.00333,843,0.00843
-13,34,0,100000,325,0.00325,792,0.00792
-13,34,1,100000,328,0.00328,815,0.00815
-13,34,2,100000,371,0.00371,999,0.00999
-13,34,3,100000,401,0.00401,998,0.00998
-13,34,4,100000,408,0.00408,1009,0.01009
-13,34,5,100000,307,0.00307,831,0.00831
-13,35,0,100000,334,0.00334,800,0.008
-13,35,1,100000,339,0.00339,846,0.00846
-13,35,2,100000,395,0.00395,904,0.00904
-13,35,3,100000,406,0.00406,998,0.00998
-13,35,4,100000,425,0.00425,980,0.0098
-13,35,5,100000,334,0.00334,899,0.00899
-13,36,0,100000,332,0.00332,740,0.0074
-13,36,1,100000,358,0.00358,828,0.00828
-13,36,2,100000,413,0.00413,949,0.00949
-13,36,3,100000,379,0.00379,915,0.00915
-13,36,4,100000,365,0.00365,939,0.00939
-13,36,5,100000,334,0.00334,821,0.00821
-13,37,0,100000,315,0.00315,763,0.00763
-13,37,1,100000,360,0.0036,787,0.00787
-13,37,2,100000,385,0.00385,894,0.00894
-13,37,3,100000,399,0.00399,955,0.00955
-13,37,4,100000,392,0.00392,891,0.00891
-13,37,5,100000,369,0.00369,894,0.00894
-13,38,0,100000,313,0.00313,702,0.00702
-13,38,1,100000,330,0.0033,747,0.00747
-13,38,2,100000,349,0.00349,829,0.00829
-13,38,3,100000,379,0.00379,914,0.00914
-13,38,4,100000,409,0.00409,894,0.00894
-13,38,5,100000,306,0.00306,754,0.00754
-13,39,0,100000,284,0.00284,563,0.00563
-13,39,1,100000,276,0.00276,595,0.00595
-13,39,2,100000,310,0.0031,691,0.00691
-13,39,3,100000,349,0.00349,727,0.00727
-13,39,4,100000,338,0.00338,742,0.00742
-13,39,5,100000,338,0.00338,692,0.00692
-13,40,0,100000,162,0.00162,399,0.00399
-13,40,1,100000,205,0.00205,437,0.00437
-13,40,2,100000,192,0.00192,438,0.00438
-13,40,3,100000,214,0.00214,455,0.00455
-13,40,4,100000,227,0.00227,507,0.00507
-13,40,5,100000,230,0.0023,440,0.0044
-13,41,0,100000,124,0.00124,229,0.00229
-13,41,1,100000,144,0.00144,290,0.0029
-13,41,2,100000,91,0.00091,281,0.00281
-13,41,3,100000,129,0.00129,254,0.00254
-13,41,4,100000,115,0.00115,261,0.00261
-13,41,5,100000,105,0.00105,239,0.00239
-13,42,0,100000,71,0.00071,121,0.00121
-13,42,1,100000,38,0.00038,141,0.00141
-13,42,2,100000,42,0.00042,129,0.00129
-13,42,3,100000,75,0.00075,128,0.00128
-13,42,4,100000,41,0.00041,110,0.0011
-13,42,5,100000,60,0.0006,96,0.00096
-13,43,0,100000,49,0.00049,89,0.00089
-13,43,1,100000,36,0.00036,93,0.00093
-13,43,2,100000,35,0.00035,95,0.00095
-13,43,3,100000,37,0.00037,79,0.00079
-13,43,4,100000,23,0.00023,73,0.00073
-13,43,5,100000,35,0.00035,62,0.00062
-13,44,0,100000,32,0.00032,86,0.00086
-13,44,1,100000,31,0.00031,85,0.00085
-13,44,2,100000,30,0.0003,77,0.00077
-13,44,3,100000,47,0.00047,92,0.00092
-13,44,4,100000,33,0.00033,71,0.00071
-13,44,5,100000,45,0.00045,83,0.00083
-13,45,0,100000,15,0.00015,75,0.00075
-13,45,1,100000,20,0.0002,70,0.0007
-13,45,2,100000,29,0.00029,89,0.00089
-13,45,3,100000,26,0.00026,69,0.00069
-13,45,4,100000,37,0.00037,77,0.00077
-13,45,5,100000,30,0.0003,73,0.00073
-13,46,0,100000,28,0.00028,83,0.00083
-13,46,1,100000,18,0.00018,74,0.00074
-13,46,2,100000,30,0.0003,62,0.00062
-13,46,3,100000,22,0.00022,66,0.00066
-13,46,4,100000,65,0.00065,84,0.00084
-13,46,5,100000,30,0.0003,80,0.0008
-13,47,0,100000,34,0.00034,88,0.00088
-13,47,1,100000,55,0.00055,88,0.00088
-13,47,2,100000,28,0.00028,74,0.00074
-13,47,3,100000,29,0.00029,62,0.00062
-13,47,4,100000,37,0.00037,83,0.00083
-13,47,5,100000,53,0.00053,85,0.00085
-13,48,0,100000,35,0.00035,82,0.00082
-13,48,1,100000,27,0.00027,60,0.0006
-13,48,2,100000,33,0.00033,69,0.00069
-13,48,3,100000,29,0.00029,73,0.00073
-13,48,4,100000,34,0.00034,64,0.00064
-13,48,5,100000,39,0.00039,82,0.00082
-13,49,0,100000,32,0.00032,67,0.00067
-13,49,1,100000,27,0.00027,58,0.00058
-13,49,2,100000,34,0.00034,76,0.00076
-13,49,3,100000,23,0.00023,85,0.00085
-13,49,4,100000,24,0.00024,73,0.00073
-13,49,5,100000,15,0.00015,58,0.00058
-13,50,0,100000,48,0.00048,75,0.00075
-13,50,1,100000,15,0.00015,65,0.00065
-13,50,2,100000,25,0.00025,67,0.00067
-13,50,3,100000,22,0.00022,61,0.00061
-13,50,4,100000,56,0.00056,90,0.0009
-13,50,5,100000,23,0.00023,58,0.00058
-12,-50,0,100000,24,0.00024,71,0.00071
-12,-50,1,100000,27,0.00027,74,0.00074
-12,-50,2,100000,35,0.00035,80,0.0008
-12,-50,3,100000,17,0.00017,49,0.00049
-12,-50,4,100000,34,0.00034,73,0.00073
-12,-50,5,100000,45,0.00045,98,0.00098
-12,-49,0,100000,30,0.0003,74,0.00074
-12,-49,1,100000,20,0.0002,68,0.00068
-12,-49,2,100000,27,0.00027,74,0.00074
-12,-49,3,100000,36,0.00036,85,0.00085
-12,-49,4,100000,22,0.00022,75,0.00075
-12,-49,5,100000,36,0.00036,76,0.00076
-12,-48,0,100000,14,0.00014,67,0.00067
-12,-48,1,100000,12,0.00012,74,0.00074
-12,-48,2,100000,20,0.0002,65,0.00065
-12,-48,3,100000,20,0.0002,67,0.00067
-12,-48,4,100000,30,0.0003,70,0.0007
-12,-48,5,100000,23,0.00023,67,0.00067
-12,-47,0,100000,38,0.00038,58,0.00058
-12,-47,1,100000,35,0.00035,82,0.00082
-12,-47,2,100000,32,0.00032,86,0.00086
-12,-47,3,100000,38,0.00038,95,0.00095
-12,-47,4,100000,23,0.00023,101,0.00101
-12,-47,5,100000,44,0.00044,97,0.00097
-12,-46,0,100000,24,0.00024,76,0.00076
-12,-46,1,100000,26,0.00026,79,0.00079
-12,-46,2,100000,30,0.0003,74,0.00074
-12,-46,3,100000,24,0.00024,66,0.00066
-12,-46,4,100000,29,0.00029,69,0.00069
-12,-46,5,100000,27,0.00027,68,0.00068
-12,-45,0,100000,33,0.00033,77,0.00077
-12,-45,1,100000,19,0.00019,83,0.00083
-12,-45,2,100000,31,0.00031,67,0.00067
-12,-45,3,100000,32,0.00032,74,0.00074
-12,-45,4,100000,35,0.00035,79,0.00079
-12,-45,5,100000,41,0.00041,82,0.00082
-12,-44,0,100000,54,0.00054,90,0.0009
-12,-44,1,100000,20,0.0002,71,0.00071
-12,-44,2,100000,23,0.00023,87,0.00087
-12,-44,3,100000,49,0.00049,82,0.00082
-12,-44,4,100000,29,0.00029,83,0.00083
-12,-44,5,100000,41,0.00041,97,0.00097
-12,-43,0,100000,48,0.00048,94,0.00094
-12,-43,1,100000,59,0.00059,82,0.00082
-12,-43,2,100000,49,0.00049,79,0.00079
-12,-43,3,100000,18,0.00018,100,0.001
-12,-43,4,100000,48,0.00048,100,0.001
-12,-43,5,100000,36,0.00036,90,0.0009
-12,-42,0,100000,40,0.0004,137,0.00137
-12,-42,1,100000,27,0.00027,104,0.00104
-12,-42,2,100000,28,0.00028,94,0.00094
-12,-42,3,100000,41,0.00041,112,0.00112
-12,-42,4,100000,27,0.00027,105,0.00105
-12,-42,5,100000,55,0.00055,129,0.00129
-12,-41,0,100000,104,0.00104,206,0.00206
-12,-41,1,100000,114,0.00114,275,0.00275
-12,-41,2,100000,126,0.00126,278,0.00278
-12,-41,3,100000,134,0.00134,258,0.00258
-12,-41,4,100000,118,0.00118,269,0.00269
-12,-41,5,100000,123,0.00123,264,0.00264
-12,-40,0,100000,186,0.00186,399,0.00399
-12,-40,1,100000,258,0.00258,521,0.00521
-12,-40,2,100000,239,0.00239,522,0.00522
-12,-40,3,100000,246,0.00246,501,0.00501
-12,-40,4,100000,206,0.00206,491,0.00491
-12,-40,5,100000,207,0.00207,474,0.00474
-12,-39,0,100000,259,0.00259,623,0.00623
-12,-39,1,100000,307,0.00307,698,0.00698
-12,-39,2,100000,374,0.00374,818,0.00818
-12,-39,3,100000,371,0.00371,753,0.00753
-12,-39,4,100000,371,0.00371,762,0.00762
-12,-39,5,100000,304,0.00304,699,0.00699
-12,-38,0,100000,337,0.00337,762,0.00762
-12,-38,1,100000,385,0.00385,912,0.00912
-12,-38,2,100000,451,0.00451,1004,0.01004
-12,-38,3,100000,441,0.00441,1009,0.01009
-12,-38,4,100000,412,0.00412,918,0.00918
-12,-38,5,100000,360,0.0036,843,0.00843
-12,-37,0,100000,356,0.00356,876,0.00876
-12,-37,1,100000,431,0.00431,958,0.00958
-12,-37,2,100000,440,0.0044,1079,0.01079
-12,-37,3,100000,444,0.00444,1067,0.01067
-12,-37,4,100000,407,0.00407,966,0.00966
-12,-37,5,100000,375,0.00375,876,0.00876
-12,-36,0,100000,349,0.00349,869,0.00869
-12,-36,1,100000,440,0.0044,952,0.00952
-12,-36,2,100000,414,0.00414,1061,0.01061
-12,-36,3,100000,445,0.00445,1007,0.01007
-12,-36,4,100000,449,0.00449,1026,0.01026
-12,-36,5,100000,429,0.00429,929,0.00929
-12,-35,0,100000,321,0.00321,830,0.0083
-12,-35,1,100000,395,0.00395,910,0.0091
-12,-35,2,100000,416,0.00416,1049,0.01049
-12,-35,3,100000,487,0.00487,1137,0.01137
-12,-35,4,100000,394,0.00394,1012,0.01012
-12,-35,5,100000,374,0.00374,877,0.00877
-12,-34,0,100000,375,0.00375,917,0.00917
-12,-34,1,100000,381,0.00381,983,0.00983
-12,-34,2,100000,482,0.00482,1060,0.0106
-12,-34,3,100000,450,0.0045,1112,0.01112
-12,-34,4,100000,495,0.00495,1047,0.01047
-12,-34,5,100000,355,0.00355,916,0.00916
-12,-33,0,100000,397,0.00397,888,0.00888
-12,-33,1,100000,401,0.00401,994,0.00994
-12,-33,2,100000,438,0.00438,1057,0.01057
-12,-33,3,100000,424,0.00424,1108,0.01108
-12,-33,4,100000,445,0.00445,1068,0.01068
-12,-33,5,100000,367,0.00367,936,0.00936
-12,-32,0,100000,367,0.00367,871,0.00871
-12,-32,1,100000,411,0.00411,941,0.00941
-12,-32,2,100000,464,0.00464,1080,0.0108
-12,-32,3,100000,476,0.00476,1080,0.0108
-12,-32,4,100000,443,0.00443,1038,0.01038
-12,-32,5,100000,384,0.00384,975,0.00975
-12,-31,0,100000,330,0.0033,876,0.00876
-12,-31,1,100000,359,0.00359,936,0.00936
-12,-31,2,100000,412,0.00412,1084,0.01084
-12,-31,3,100000,437,0.00437,1071,0.01071
-12,-31,4,100000,466,0.00466,1036,0.01036
-12,-31,5,100000,433,0.00433,982,0.00982
-12,-30,0,100000,348,0.00348,872,0.00872
-12,-30,1,100000,375,0.00375,922,0.00922
-12,-30,2,100000,417,0.00417,1047,0.01047
-12,-30,3,100000,456,0.00456,1078,0.01078
-12,-30,4,100000,434,0.00434,1042,0.01042
-12,-30,5,100000,422,0.00422,1007,0.01007
-12,-29,0,100000,393,0.00393,934,0.00934
-12,-29,1,100000,411,0.00411,930,0.0093
-12,-29,2,100000,417,0.00417,1052,0.01052
-12,-29,3,100000,449,0.00449,1078,0.01078
-12,-29,4,100000,425,0.00425,1049,0.01049
-12,-29,5,100000,351,0.00351,928,0.00928
-12,-28,0,100000,340,0.0034,902,0.00902
-12,-28,1,100000,411,0.00411,1019,0.01019
-12,-28,2,100000,396,0.00396,1023,0.01023
-12,-28,3,100000,412,0.00412,1052,0.01052
-12,-28,4,100000,487,0.00487,1112,0.01112
-12,-28,5,100000,411,0.00411,1007,0.01007
-12,-27,0,100000,346,0.00346,886,0.00886
-12,-27,1,100000,383,0.00383,949,0.00949
-12,-27,2,100000,471,0.00471,1100,0.011
-12,-27,3,100000,433,0.00433,1108,0.01108
-12,-27,4,100000,432,0.00432,1044,0.01044
-12,-27,5,100000,396,0.00396,968,0.00968
-12,-26,0,100000,362,0.00362,866,0.00866
-12,-26,1,100000,366,0.00366,930,0.0093
-12,-26,2,100000,387,0.00387,1039,0.01039
-12,-26,3,100000,426,0.00426,1075,0.01075
-12,-26,4,100000,419,0.00419,1042,0.01042
-12,-26,5,100000,430,0.0043,971,0.00971
-12,-25,0,100000,355,0.00355,895,0.00895
-12,-25,1,100000,372,0.00372,978,0.00978
-12,-25,2,100000,429,0.00429,1076,0.01076
-12,-25,3,100000,433,0.00433,1081,0.01081
-12,-25,4,100000,437,0.00437,1088,0.01088
-12,-25,5,100000,367,0.00367,927,0.00927
-12,-24,0,100000,371,0.00371,945,0.00945
-12,-24,1,100000,378,0.00378,965,0.00965
-12,-24,2,100000,425,0.00425,1074,0.01074
-12,-24,3,100000,428,0.00428,1104,0.01104
-12,-24,4,100000,488,0.00488,1137,0.01137
-12,-24,5,100000,390,0.0039,956,0.00956
-12,-23,0,100000,341,0.00341,892,0.00892
-12,-23,1,100000,393,0.00393,923,0.00923
-12,-23,2,100000,449,0.00449,1105,0.01105
-12,-23,3,100000,439,0.00439,1117,0.01117
-12,-23,4,100000,456,0.00456,1054,0.01054
-12,-23,5,100000,380,0.0038,906,0.00906
-12,-22,0,100000,361,0.00361,864,0.00864
-12,-22,1,100000,370,0.0037,943,0.00943
-12,-22,2,100000,435,0.00435,1079,0.01079
-12,-22,3,100000,428,0.00428,1053,0.01053
-12,-22,4,100000,464,0.00464,1107,0.01107
-12,-22,5,100000,387,0.00387,1008,0.01008
-12,-21,0,100000,333,0.00333,854,0.00854
-12,-21,1,100000,389,0.00389,984,0.00984
-12,-21,2,100000,401,0.00401,1038,0.01038
-12,-21,3,100000,438,0.00438,1120,0.0112
-12,-21,4,100000,407,0.00407,1034,0.01034
-12,-21,5,100000,383,0.00383,944,0.00944
-12,-20,0,100000,365,0.00365,887,0.00887
-12,-20,1,100000,386,0.00386,1003,0.01003
-12,-20,2,100000,467,0.00467,1120,0.0112
-12,-20,3,100000,484,0.00484,1148,0.01148
-12,-20,4,100000,458,0.00458,1113,0.01113
-12,-20,5,100000,394,0.00394,949,0.00949
-12,-19,0,100000,359,0.00359,867,0.00867
-12,-19,1,100000,372,0.00372,988,0.00988
-12,-19,2,100000,477,0.00477,1133,0.01133
-12,-19,3,100000,462,0.00462,1123,0.01123
-12,-19,4,100000,420,0.0042,1029,0.01029
-12,-19,5,100000,400,0.004,984,0.00984
-12,-18,0,100000,376,0.00376,920,0.0092
-12,-18,1,100000,383,0.00383,985,0.00985
-12,-18,2,100000,471,0.00471,1067,0.01067
-12,-18,3,100000,399,0.00399,1073,0.01073
-12,-18,4,100000,419,0.00419,1047,0.01047
-12,-18,5,100000,415,0.00415,960,0.0096
-12,-17,0,100000,366,0.00366,868,0.00868
-12,-17,1,100000,423,0.00423,1029,0.01029
-12,-17,2,100000,451,0.00451,1099,0.01099
-12,-17,3,100000,432,0.00432,1073,0.01073
-12,-17,4,100000,428,0.00428,1044,0.01044
-12,-17,5,100000,403,0.00403,998,0.00998
-12,-16,0,100000,357,0.00357,856,0.00856
-12,-16,1,100000,401,0.00401,976,0.00976
-12,-16,2,100000,430,0.0043,1076,0.01076
-12,-16,3,100000,406,0.00406,1036,0.01036
-12,-16,4,100000,426,0.00426,1054,0.01054
-12,-16,5,100000,419,0.00419,1017,0.01017
-12,-15,0,100000,342,0.00342,847,0.00847
-12,-15,1,100000,370,0.0037,933,0.00933
-12,-15,2,100000,381,0.00381,1035,0.01035
-12,-15,3,100000,448,0.00448,1122,0.01122
-12,-15,4,100000,440,0.0044,1086,0.01086
-12,-15,5,100000,383,0.00383,965,0.00965
-12,-14,0,100000,377,0.00377,884,0.00884
-12,-14,1,100000,388,0.00388,937,0.00937
-12,-14,2,100000,436,0.00436,1035,0.01035
-12,-14,3,100000,420,0.0042,1067,0.01067
-12,-14,4,100000,478,0.00478,1111,0.01111
-12,-14,5,100000,370,0.0037,913,0.00913
-12,-13,0,100000,354,0.00354,889,0.00889
-12,-13,1,100000,399,0.00399,917,0.00917
-12,-13,2,100000,445,0.00445,1086,0.01086
-12,-13,3,100000,466,0.00466,1164,0.01164
-12,-13,4,100000,436,0.00436,1038,0.01038
-12,-13,5,100000,387,0.00387,940,0.0094
-12,-12,0,100000,377,0.00377,888,0.00888
-12,-12,1,100000,416,0.00416,957,0.00957
-12,-12,2,100000,413,0.00413,1093,0.01093
-12,-12,3,100000,415,0.00415,1070,0.0107
-12,-12,4,100000,431,0.00431,1081,0.01081
-12,-12,5,100000,424,0.00424,987,0.00987
-12,-11,0,100000,349,0.00349,871,0.00871
-12,-11,1,100000,398,0.00398,968,0.00968
-12,-11,2,100000,432,0.00432,1062,0.01062
-12,-11,3,100000,413,0.00413,1062,0.01062
-12,-11,4,100000,466,0.00466,1079,0.01079
-12,-11,5,100000,377,0.00377,973,0.00973
-12,-10,0,100000,377,0.00377,871,0.00871
-12,-10,1,100000,400,0.004,968,0.00968
-12,-10,2,100000,422,0.00422,1062,0.01062
-12,-10,3,100000,380,0.0038,1081,0.01081
-12,-10,4,100000,404,0.00404,1065,0.01065
-12,-10,5,100000,379,0.00379,911,0.00911
-12,-9,0,100000,337,0.00337,911,0.00911
-12,-9,1,100000,416,0.00416,958,0.00958
-12,-9,2,100000,430,0.0043,1038,0.01038
-12,-9,3,100000,498,0.00498,1092,0.01092
-12,-9,4,100000,440,0.0044,1100,0.011
-12,-9,5,100000,400,0.004,945,0.00945
-12,-8,0,100000,370,0.0037,880,0.0088
-12,-8,1,100000,431,0.00431,987,0.00987
-12,-8,2,100000,454,0.00454,1044,0.01044
-12,-8,3,100000,412,0.00412,1049,0.01049
-12,-8,4,100000,427,0.00427,1093,0.01093
-12,-8,5,100000,381,0.00381,978,0.00978
-12,-7,0,100000,373,0.00373,906,0.00906
-12,-7,1,100000,382,0.00382,961,0.00961
-12,-7,2,100000,460,0.0046,1110,0.0111
-12,-7,3,100000,444,0.00444,1098,0.01098
-12,-7,4,100000,439,0.00439,1089,0.01089
-12,-7,5,100000,348,0.00348,965,0.00965
-12,-6,0,100000,384,0.00384,889,0.00889
-12,-6,1,100000,408,0.00408,999,0.00999
-12,-6,2,100000,456,0.00456,1065,0.01065
-12,-6,3,100000,483,0.00483,1187,0.01187
-12,-6,4,100000,410,0.0041,1047,0.01047
-12,-6,5,100000,367,0.00367,918,0.00918
-12,-5,0,100000,351,0.00351,886,0.00886
-12,-5,1,100000,404,0.00404,979,0.00979
-12,-5,2,100000,441,0.00441,1098,0.01098
-12,-5,3,100000,453,0.00453,1069,0.01069
-12,-5,4,100000,507,0.00507,1092,0.01092
-12,-5,5,100000,363,0.00363,930,0.0093
-12,-4,0,100000,349,0.00349,870,0.0087
-12,-4,1,100000,361,0.00361,971,0.00971
-12,-4,2,100000,398,0.00398,1053,0.01053
-12,-4,3,100000,421,0.00421,1112,0.01112
-12,-4,4,100000,405,0.00405,1043,0.01043
-12,-4,5,100000,409,0.00409,930,0.0093
-12,-3,0,100000,380,0.0038,896,0.00896
-12,-3,1,100000,349,0.00349,924,0.00924
-12,-3,2,100000,465,0.00465,1056,0.01056
-12,-3,3,100000,500,0.005,1138,0.01138
-12,-3,4,100000,451,0.00451,1055,0.01055
-12,-3,5,100000,391,0.00391,975,0.00975
-12,-2,0,100000,360,0.0036,918,0.00918
-12,-2,1,100000,371,0.00371,975,0.00975
-12,-2,2,100000,429,0.00429,997,0.00997
-12,-2,3,100000,422,0.00422,1068,0.01068
-12,-2,4,100000,434,0.00434,1035,0.01035
-12,-2,5,100000,361,0.00361,954,0.00954
-12,-1,0,100000,400,0.004,892,0.00892
-12,-1,1,100000,373,0.00373,923,0.00923
-12,-1,2,100000,465,0.00465,1095,0.01095
-12,-1,3,100000,496,0.00496,1145,0.01145
-12,-1,4,100000,427,0.00427,1082,0.01082
-12,-1,5,100000,397,0.00397,955,0.00955
-12,0,0,100000,357,0.00357,890,0.0089
-12,0,1,100000,374,0.00374,945,0.00945
-12,0,2,100000,460,0.0046,1047,0.01047
-12,0,3,100000,418,0.00418,1055,0.01055
-12,0,4,100000,444,0.00444,1068,0.01068
-12,0,5,100000,402,0.00402,979,0.00979
-12,1,0,100000,378,0.00378,901,0.00901
-12,1,1,100000,391,0.00391,954,0.00954
-12,1,2,100000,420,0.0042,1028,0.01028
-12,1,3,100000,466,0.00466,1081,0.01081
-12,1,4,100000,432,0.00432,1041,0.01041
-12,1,5,100000,355,0.00355,938,0.00938
-12,2,0,100000,317,0.00317,878,0.00878
-12,2,1,100000,421,0.00421,949,0.00949
-12,2,2,100000,401,0.00401,1056,0.01056
-12,2,3,100000,438,0.00438,1058,0.01058
-12,2,4,100000,416,0.00416,1066,0.01066
-12,2,5,100000,358,0.00358,929,0.00929
-12,3,0,100000,313,0.00313,846,0.00846
-12,3,1,100000,394,0.00394,958,0.00958
-12,3,2,100000,389,0.00389,1019,0.01019
-12,3,3,100000,432,0.00432,1087,0.01087
-12,3,4,100000,474,0.00474,1088,0.01088
-12,3,5,100000,388,0.00388,992,0.00992
-12,4,0,100000,313,0.00313,875,0.00875
-12,4,1,100000,357,0.00357,922,0.00922
-12,4,2,100000,434,0.00434,1044,0.01044
-12,4,3,100000,443,0.00443,1075,0.01075
-12,4,4,100000,481,0.00481,1116,0.01116
-12,4,5,100000,403,0.00403,971,0.00971
-12,5,0,100000,381,0.00381,911,0.00911
-12,5,1,100000,406,0.00406,923,0.00923
-12,5,2,100000,428,0.00428,1089,0.01089
-12,5,3,100000,434,0.00434,1060,0.0106
-12,5,4,100000,454,0.00454,1035,0.01035
-12,5,5,100000,371,0.00371,957,0.00957
-12,6,0,100000,347,0.00347,910,0.0091
-12,6,1,100000,344,0.00344,944,0.00944
-12,6,2,100000,431,0.00431,1056,0.01056
-12,6,3,100000,441,0.00441,1076,0.01076
-12,6,4,100000,341,0.00341,1031,0.01031
-12,6,5,100000,405,0.00405,1012,0.01012
-12,7,0,100000,371,0.00371,869,0.00869
-12,7,1,100000,399,0.00399,974,0.00974
-12,7,2,100000,467,0.00467,1058,0.01058
-12,7,3,100000,442,0.00442,1109,0.01109
-12,7,4,100000,464,0.00464,1089,0.01089
-12,7,5,100000,366,0.00366,958,0.00958
-12,8,0,100000,375,0.00375,890,0.0089
-12,8,1,100000,392,0.00392,936,0.00936
-12,8,2,100000,483,0.00483,1096,0.01096
-12,8,3,100000,458,0.00458,1151,0.01151
-12,8,4,100000,393,0.00393,1060,0.0106
-12,8,5,100000,402,0.00402,1048,0.01048
-12,9,0,100000,339,0.00339,914,0.00914
-12,9,1,100000,356,0.00356,935,0.00935
-12,9,2,100000,467,0.00467,1129,0.01129
-12,9,3,100000,476,0.00476,1103,0.01103
-12,9,4,100000,423,0.00423,1081,0.01081
-12,9,5,100000,373,0.00373,967,0.00967
-12,10,0,100000,354,0.00354,891,0.00891
-12,10,1,100000,357,0.00357,930,0.0093
-12,10,2,100000,400,0.004,1083,0.01083
-12,10,3,100000,447,0.00447,1134,0.01134
-12,10,4,100000,403,0.00403,1065,0.01065
-12,10,5,100000,362,0.00362,953,0.00953
-12,11,0,100000,347,0.00347,885,0.00885
-12,11,1,100000,429,0.00429,984,0.00984
-12,11,2,100000,412,0.00412,1086,0.01086
-12,11,3,100000,457,0.00457,1120,0.0112
-12,11,4,100000,449,0.00449,1104,0.01104
-12,11,5,100000,363,0.00363,976,0.00976
-12,12,0,100000,363,0.00363,913,0.00913
-12,12,1,100000,410,0.0041,991,0.00991
-12,12,2,100000,457,0.00457,1087,0.01087
-12,12,3,100000,489,0.00489,1135,0.01135
-12,12,4,100000,449,0.00449,1120,0.0112
-12,12,5,100000,413,0.00413,1002,0.01002
-12,13,0,100000,371,0.00371,885,0.00885
-12,13,1,100000,426,0.00426,965,0.00965
-12,13,2,100000,420,0.0042,1055,0.01055
-12,13,3,100000,420,0.0042,1082,0.01082
-12,13,4,100000,447,0.00447,1092,0.01092
-12,13,5,100000,408,0.00408,968,0.00968
-12,14,0,100000,348,0.00348,875,0.00875
-12,14,1,100000,410,0.0041,925,0.00925
-12,14,2,100000,464,0.00464,1140,0.0114
-12,14,3,100000,467,0.00467,1145,0.01145
-12,14,4,100000,461,0.00461,1073,0.01073
-12,14,5,100000,390,0.0039,920,0.0092
-12,15,0,100000,359,0.00359,896,0.00896
-12,15,1,100000,365,0.00365,916,0.00916
-12,15,2,100000,489,0.00489,1115,0.01115
-12,15,3,100000,435,0.00435,1076,0.01076
-12,15,4,100000,450,0.0045,1074,0.01074
-12,15,5,100000,431,0.00431,977,0.00977
-12,16,0,100000,378,0.00378,878,0.00878
-12,16,1,100000,399,0.00399,943,0.00943
-12,16,2,100000,406,0.00406,999,0.00999
-12,16,3,100000,451,0.00451,1100,0.011
-12,16,4,100000,435,0.00435,1059,0.01059
-12,16,5,100000,375,0.00375,963,0.00963
-12,17,0,100000,365,0.00365,915,0.00915
-12,17,1,100000,378,0.00378,957,0.00957
-12,17,2,100000,400,0.004,1013,0.01013
-12,17,3,100000,499,0.00499,1142,0.01142
-12,17,4,100000,468,0.00468,1097,0.01097
-12,17,5,100000,374,0.00374,886,0.00886
-12,18,0,100000,377,0.00377,873,0.00873
-12,18,1,100000,415,0.00415,929,0.00929
-12,18,2,100000,476,0.00476,1123,0.01123
-12,18,3,100000,386,0.00386,1046,0.01046
-12,18,4,100000,449,0.00449,1086,0.01086
-12,18,5,100000,382,0.00382,904,0.00904
-12,19,0,100000,354,0.00354,872,0.00872
-12,19,1,100000,405,0.00405,954,0.00954
-12,19,2,100000,417,0.00417,995,0.00995
-12,19,3,100000,491,0.00491,1163,0.01163
-12,19,4,100000,457,0.00457,1122,0.01122
-12,19,5,100000,396,0.00396,977,0.00977
-12,20,0,100000,358,0.00358,873,0.00873
-12,20,1,100000,376,0.00376,925,0.00925
-12,20,2,100000,407,0.00407,1006,0.01006
-12,20,3,100000,427,0.00427,1086,0.01086
-12,20,4,100000,430,0.0043,1100,0.011
-12,20,5,100000,407,0.00407,963,0.00963
-12,21,0,100000,339,0.00339,889,0.00889
-12,21,1,100000,377,0.00377,948,0.00948
-12,21,2,100000,407,0.00407,1050,0.0105
-12,21,3,100000,469,0.00469,1104,0.01104
-12,21,4,100000,477,0.00477,1086,0.01086
-12,21,5,100000,404,0.00404,950,0.0095
-12,22,0,100000,377,0.00377,887,0.00887
-12,22,1,100000,447,0.00447,977,0.00977
-12,22,2,100000,461,0.00461,1071,0.01071
-12,22,3,100000,466,0.00466,1091,0.01091
-12,22,4,100000,445,0.00445,1049,0.01049
-12,22,5,100000,387,0.00387,987,0.00987
-12,23,0,100000,356,0.00356,875,0.00875
-12,23,1,100000,385,0.00385,935,0.00935
-12,23,2,100000,401,0.00401,1061,0.01061
-12,23,3,100000,469,0.00469,1111,0.01111
-12,23,4,100000,455,0.00455,1074,0.01074
-12,23,5,100000,427,0.00427,947,0.00947
-12,24,0,100000,329,0.00329,869,0.00869
-12,24,1,100000,377,0.00377,916,0.00916
-12,24,2,100000,479,0.00479,1102,0.01102
-12,24,3,100000,465,0.00465,1082,0.01082
-12,24,4,100000,505,0.00505,1121,0.01121
-12,24,5,100000,370,0.0037,921,0.00921
-12,25,0,100000,331,0.00331,873,0.00873
-12,25,1,100000,396,0.00396,965,0.00965
-12,25,2,100000,457,0.00457,1086,0.01086
-12,25,3,100000,445,0.00445,1116,0.01116
-12,25,4,100000,442,0.00442,1060,0.0106
-12,25,5,100000,380,0.0038,973,0.00973
-12,26,0,100000,378,0.00378,878,0.00878
-12,26,1,100000,397,0.00397,999,0.00999
-12,26,2,100000,481,0.00481,1059,0.01059
-12,26,3,100000,418,0.00418,1095,0.01095
-12,26,4,100000,451,0.00451,1047,0.01047
-12,26,5,100000,400,0.004,944,0.00944
-12,27,0,100000,348,0.00348,904,0.00904
-12,27,1,100000,373,0.00373,960,0.0096
-12,27,2,100000,445,0.00445,1081,0.01081
-12,27,3,100000,448,0.00448,1078,0.01078
-12,27,4,100000,452,0.00452,1085,0.01085
-12,27,5,100000,408,0.00408,995,0.00995
-12,28,0,100000,343,0.00343,899,0.00899
-12,28,1,100000,415,0.00415,923,0.00923
-12,28,2,100000,404,0.00404,1051,0.01051
-12,28,3,100000,521,0.00521,1130,0.0113
-12,28,4,100000,441,0.00441,1042,0.01042
-12,28,5,100000,406,0.00406,943,0.00943
-12,29,0,100000,358,0.00358,934,0.00934
-12,29,1,100000,386,0.00386,952,0.00952
-12,29,2,100000,424,0.00424,1084,0.01084
-12,29,3,100000,459,0.00459,1089,0.01089
-12,29,4,100000,428,0.00428,1084,0.01084
-12,29,5,100000,376,0.00376,951,0.00951
-12,30,0,100000,385,0.00385,869,0.00869
-12,30,1,100000,404,0.00404,938,0.00938
-12,30,2,100000,441,0.00441,1042,0.01042
-12,30,3,100000,458,0.00458,1111,0.01111
-12,30,4,100000,410,0.0041,1039,0.01039
-12,30,5,100000,369,0.00369,935,0.00935
-12,31,0,100000,377,0.00377,855,0.00855
-12,31,1,100000,376,0.00376,932,0.00932
-12,31,2,100000,463,0.00463,1022,0.01022
-12,31,3,100000,457,0.00457,1089,0.01089
-12,31,4,100000,410,0.0041,1070,0.0107
-12,31,5,100000,406,0.00406,1002,0.01002
-12,32,0,100000,369,0.00369,885,0.00885
-12,32,1,100000,404,0.00404,970,0.0097
-12,32,2,100000,427,0.00427,1045,0.01045
-12,32,3,100000,485,0.00485,1107,0.01107
-12,32,4,100000,425,0.00425,1028,0.01028
-12,32,5,100000,335,0.00335,941,0.00941
-12,33,0,100000,315,0.00315,860,0.0086
-12,33,1,100000,378,0.00378,974,0.00974
-12,33,2,100000,447,0.00447,1064,0.01064
-12,33,3,100000,463,0.00463,1040,0.0104
-12,33,4,100000,453,0.00453,1068,0.01068
-12,33,5,100000,359,0.00359,951,0.00951
-12,34,0,100000,361,0.00361,853,0.00853
-12,34,1,100000,397,0.00397,921,0.00921
-12,34,2,100000,387,0.00387,1030,0.0103
-12,34,3,100000,490,0.0049,1120,0.0112
-12,34,4,100000,454,0.00454,1055,0.01055
-12,34,5,100000,364,0.00364,913,0.00913
-12,35,0,100000,367,0.00367,906,0.00906
-12,35,1,100000,382,0.00382,866,0.00866
-12,35,2,100000,421,0.00421,995,0.00995
-12,35,3,100000,450,0.0045,1067,0.01067
-12,35,4,100000,468,0.00468,1066,0.01066
-12,35,5,100000,442,0.00442,942,0.00942
-12,36,0,100000,389,0.00389,841,0.00841
-12,36,1,100000,325,0.00325,828,0.00828
-12,36,2,100000,467,0.00467,1066,0.01066
-12,36,3,100000,469,0.00469,1071,0.01071
-12,36,4,100000,488,0.00488,1113,0.01113
-12,36,5,100000,358,0.00358,899,0.00899
-12,37,0,100000,353,0.00353,789,0.00789
-12,37,1,100000,413,0.00413,881,0.00881
-12,37,2,100000,444,0.00444,920,0.0092
-12,37,3,100000,435,0.00435,1013,0.01013
-12,37,4,100000,460,0.0046,1087,0.01087
-12,37,5,100000,395,0.00395,909,0.00909
-12,38,0,100000,337,0.00337,773,0.00773
-12,38,1,100000,387,0.00387,815,0.00815
-12,38,2,100000,456,0.00456,981,0.00981
-12,38,3,100000,447,0.00447,965,0.00965
-12,38,4,100000,399,0.00399,952,0.00952
-12,38,5,100000,403,0.00403,911,0.00911
-12,39,0,100000,262,0.00262,591,0.00591
-12,39,1,100000,320,0.0032,678,0.00678
-12,39,2,100000,315,0.00315,714,0.00714
-12,39,3,100000,353,0.00353,783,0.00783
-12,39,4,100000,341,0.00341,786,0.00786
-12,39,5,100000,342,0.00342,723,0.00723
-12,40,0,100000,204,0.00204,392,0.00392
-12,40,1,100000,231,0.00231,493,0.00493
-12,40,2,100000,210,0.0021,493,0.00493
-12,40,3,100000,235,0.00235,491,0.00491
-12,40,4,100000,263,0.00263,555,0.00555
-12,40,5,100000,258,0.00258,483,0.00483
-12,41,0,100000,119,0.00119,212,0.00212
-12,41,1,100000,116,0.00116,275,0.00275
-12,41,2,100000,119,0.00119,252,0.00252
-12,41,3,100000,124,0.00124,254,0.00254
-12,41,4,100000,130,0.0013,256,0.00256
-12,41,5,100000,95,0.00095,232,0.00232
-12,42,0,100000,50,0.0005,118,0.00118
-12,42,1,100000,47,0.00047,139,0.00139
-12,42,2,100000,69,0.00069,112,0.00112
-12,42,3,100000,58,0.00058,128,0.00128
-12,42,4,100000,56,0.00056,102,0.00102
-12,42,5,100000,37,0.00037,102,0.00102
-12,43,0,100000,48,0.00048,91,0.00091
-12,43,1,100000,42,0.00042,85,0.00085
-12,43,2,100000,34,0.00034,97,0.00097
-12,43,3,100000,31,0.00031,74,0.00074
-12,43,4,100000,9,9e-05,72,0.00072
-12,43,5,100000,42,0.00042,75,0.00075
-12,44,0,100000,42,0.00042,89,0.00089
-12,44,1,100000,50,0.0005,95,0.00095
-12,44,2,100000,26,0.00026,85,0.00085
-12,44,3,100000,36,0.00036,87,0.00087
-12,44,4,100000,28,0.00028,86,0.00086
-12,44,5,100000,18,0.00018,77,0.00077
-12,45,0,100000,36,0.00036,78,0.00078
-12,45,1,100000,36,0.00036,82,0.00082
-12,45,2,100000,29,0.00029,78,0.00078
-12,45,3,100000,33,0.00033,83,0.00083
-12,45,4,100000,37,0.00037,100,0.001
-12,45,5,100000,25,0.00025,79,0.00079
-12,46,0,100000,30,0.0003,78,0.00078
-12,46,1,100000,63,0.00063,92,0.00092
-12,46,2,100000,17,0.00017,84,0.00084
-12,46,3,100000,42,0.00042,83,0.00083
-12,46,4,100000,27,0.00027,86,0.00086
-12,46,5,100000,41,0.00041,73,0.00073
-12,47,0,100000,33,0.00033,89,0.00089
-12,47,1,100000,53,0.00053,71,0.00071
-12,47,2,100000,64,0.00064,95,0.00095
-12,47,3,100000,44,0.00044,86,0.00086
-12,47,4,100000,35,0.00035,77,0.00077
-12,47,5,100000,29,0.00029,83,0.00083
-12,48,0,100000,37,0.00037,72,0.00072
-12,48,1,100000,31,0.00031,61,0.00061
-12,48,2,100000,43,0.00043,89,0.00089
-12,48,3,100000,20,0.0002,84,0.00084
-12,48,4,100000,29,0.00029,68,0.00068
-12,48,5,100000,31,0.00031,83,0.00083
-12,49,0,100000,15,0.00015,70,0.0007
-12,49,1,100000,35,0.00035,75,0.00075
-12,49,2,100000,33,0.00033,88,0.00088
-12,49,3,100000,22,0.00022,69,0.00069
-12,49,4,100000,36,0.00036,77,0.00077
-12,49,5,100000,43,0.00043,78,0.00078
-12,50,0,100000,24,0.00024,72,0.00072
-12,50,1,100000,30,0.0003,70,0.0007
-12,50,2,100000,20,0.0002,70,0.0007
-12,50,3,100000,51,0.00051,82,0.00082
-12,50,4,100000,32,0.00032,75,0.00075
-12,50,5,100000,27,0.00027,62,0.00062
-11,-50,0,100000,15,0.00015,52,0.00052
-11,-50,1,100000,34,0.00034,80,0.0008
-11,-50,2,100000,39,0.00039,80,0.0008
-11,-50,3,100000,20,0.0002,73,0.00073
-11,-50,4,100000,33,0.00033,71,0.00071
-11,-50,5,100000,30,0.0003,76,0.00076
-11,-49,0,100000,24,0.00024,68,0.00068
-11,-49,1,100000,16,0.00016,55,0.00055
-11,-49,2,100000,39,0.00039,72,0.00072
-11,-49,3,100000,67,0.00067,82,0.00082
-11,-49,4,100000,22,0.00022,85,0.00085
-11,-49,5,100000,37,0.00037,83,0.00083
-11,-48,0,100000,23,0.00023,75,0.00075
-11,-48,1,100000,17,0.00017,63,0.00063
-11,-48,2,100000,20,0.0002,82,0.00082
-11,-48,3,100000,33,0.00033,77,0.00077
-11,-48,4,100000,30,0.0003,81,0.00081
-11,-48,5,100000,32,0.00032,72,0.00072
-11,-47,0,100000,45,0.00045,82,0.00082
-11,-47,1,100000,25,0.00025,75,0.00075
-11,-47,2,100000,43,0.00043,79,0.00079
-11,-47,3,100000,33,0.00033,78,0.00078
-11,-47,4,100000,32,0.00032,66,0.00066
-11,-47,5,100000,44,0.00044,86,0.00086
-11,-46,0,100000,58,0.00058,87,0.00087
-11,-46,1,100000,28,0.00028,72,0.00072
-11,-46,2,100000,35,0.00035,81,0.00081
-11,-46,3,100000,38,0.00038,86,0.00086
-11,-46,4,100000,39,0.00039,75,0.00075
-11,-46,5,100000,28,0.00028,75,0.00075
-11,-45,0,100000,36,0.00036,83,0.00083
-11,-45,1,100000,32,0.00032,81,0.00081
-11,-45,2,100000,40,0.0004,76,0.00076
-11,-45,3,100000,47,0.00047,80,0.0008
-11,-45,4,100000,23,0.00023,80,0.0008
-11,-45,5,100000,54,0.00054,77,0.00077
-11,-44,0,100000,50,0.0005,88,0.00088
-11,-44,1,100000,43,0.00043,86,0.00086
-11,-44,2,100000,24,0.00024,91,0.00091
-11,-44,3,100000,32,0.00032,79,0.00079
-11,-44,4,100000,32,0.00032,77,0.00077
-11,-44,5,100000,27,0.00027,83,0.00083
-11,-43,0,100000,41,0.00041,90,0.0009
-11,-43,1,100000,35,0.00035,100,0.001
-11,-43,2,100000,34,0.00034,62,0.00062
-11,-43,3,100000,48,0.00048,91,0.00091
-11,-43,4,100000,34,0.00034,82,0.00082
-11,-43,5,100000,54,0.00054,118,0.00118
-11,-42,0,100000,44,0.00044,120,0.0012
-11,-42,1,100000,37,0.00037,99,0.00099
-11,-42,2,100000,44,0.00044,98,0.00098
-11,-42,3,100000,52,0.00052,112,0.00112
-11,-42,4,100000,55,0.00055,108,0.00108
-11,-42,5,100000,43,0.00043,122,0.00122
-11,-41,0,100000,125,0.00125,240,0.0024
-11,-41,1,100000,139,0.00139,230,0.0023
-11,-41,2,100000,159,0.00159,307,0.00307
-11,-41,3,100000,132,0.00132,251,0.00251
-11,-41,4,100000,138,0.00138,263,0.00263
-11,-41,5,100000,121,0.00121,260,0.0026
-11,-40,0,100000,198,0.00198,440,0.0044
-11,-40,1,100000,240,0.0024,536,0.00536
-11,-40,2,100000,310,0.0031,609,0.00609
-11,-40,3,100000,275,0.00275,596,0.00596
-11,-40,4,100000,276,0.00276,560,0.0056
-11,-40,5,100000,232,0.00232,490,0.0049
-11,-39,0,100000,316,0.00316,679,0.00679
-11,-39,1,100000,372,0.00372,817,0.00817
-11,-39,2,100000,415,0.00415,903,0.00903
-11,-39,3,100000,391,0.00391,813,0.00813
-11,-39,4,100000,415,0.00415,799,0.00799
-11,-39,5,100000,391,0.00391,799,0.00799
-11,-38,0,100000,363,0.00363,869,0.00869
-11,-38,1,100000,445,0.00445,1043,0.01043
-11,-38,2,100000,481,0.00481,1085,0.01085
-11,-38,3,100000,490,0.0049,1069,0.01069
-11,-38,4,100000,433,0.00433,970,0.0097
-11,-38,5,100000,386,0.00386,876,0.00876
-11,-37,0,100000,426,0.00426,926,0.00926
-11,-37,1,100000,389,0.00389,983,0.00983
-11,-37,2,100000,445,0.00445,1086,0.01086
-11,-37,3,100000,506,0.00506,1125,0.01125
-11,-37,4,100000,476,0.00476,1049,0.01049
-11,-37,5,100000,430,0.0043,948,0.00948
-11,-36,0,100000,448,0.00448,953,0.00953
-11,-36,1,100000,430,0.0043,1017,0.01017
-11,-36,2,100000,458,0.00458,1082,0.01082
-11,-36,3,100000,521,0.00521,1140,0.0114
-11,-36,4,100000,486,0.00486,1060,0.0106
-11,-36,5,100000,365,0.00365,922,0.00922
-11,-35,0,100000,419,0.00419,952,0.00952
-11,-35,1,100000,481,0.00481,1109,0.01109
-11,-35,2,100000,476,0.00476,1125,0.01125
-11,-35,3,100000,466,0.00466,1149,0.01149
-11,-35,4,100000,481,0.00481,1084,0.01084
-11,-35,5,100000,450,0.0045,1024,0.01024
-11,-34,0,100000,455,0.00455,1035,0.01035
-11,-34,1,100000,458,0.00458,1078,0.01078
-11,-34,2,100000,455,0.00455,1151,0.01151
-11,-34,3,100000,511,0.00511,1196,0.01196
-11,-34,4,100000,515,0.00515,1147,0.01147
-11,-34,5,100000,465,0.00465,1018,0.01018
-11,-33,0,100000,390,0.0039,965,0.00965
-11,-33,1,100000,476,0.00476,1072,0.01072
-11,-33,2,100000,480,0.0048,1131,0.01131
-11,-33,3,100000,509,0.00509,1195,0.01195
-11,-33,4,100000,459,0.00459,1138,0.01138
-11,-33,5,100000,410,0.0041,991,0.00991
-11,-32,0,100000,433,0.00433,988,0.00988
-11,-32,1,100000,431,0.00431,1069,0.01069
-11,-32,2,100000,485,0.00485,1151,0.01151
-11,-32,3,100000,479,0.00479,1187,0.01187
-11,-32,4,100000,516,0.00516,1155,0.01155
-11,-32,5,100000,468,0.00468,1042,0.01042
-11,-31,0,100000,383,0.00383,943,0.00943
-11,-31,1,100000,471,0.00471,1044,0.01044
-11,-31,2,100000,501,0.00501,1163,0.01163
-11,-31,3,100000,503,0.00503,1146,0.01146
-11,-31,4,100000,426,0.00426,1054,0.01054
-11,-31,5,100000,442,0.00442,1048,0.01048
-11,-30,0,100000,385,0.00385,953,0.00953
-11,-30,1,100000,460,0.0046,1048,0.01048
-11,-30,2,100000,483,0.00483,1158,0.01158
-11,-30,3,100000,553,0.00553,1204,0.01204
-11,-30,4,100000,478,0.00478,1142,0.01142
-11,-30,5,100000,385,0.00385,1037,0.01037
-11,-29,0,100000,405,0.00405,1018,0.01018
-11,-29,1,100000,454,0.00454,1125,0.01125
-11,-29,2,100000,414,0.00414,1110,0.0111
-11,-29,3,100000,534,0.00534,1222,0.01222
-11,-29,4,100000,476,0.00476,1092,0.01092
-11,-29,5,100000,384,0.00384,993,0.00993
-11,-28,0,100000,446,0.00446,972,0.00972
-11,-28,1,100000,417,0.00417,1035,0.01035
-11,-28,2,100000,473,0.00473,1174,0.01174
-11,-28,3,100000,474,0.00474,1206,0.01206
-11,-28,4,100000,467,0.00467,1085,0.01085
-11,-28,5,100000,438,0.00438,1076,0.01076
-11,-27,0,100000,356,0.00356,969,0.00969
-11,-27,1,100000,447,0.00447,1019,0.01019
-11,-27,2,100000,471,0.00471,1112,0.01112
-11,-27,3,100000,501,0.00501,1199,0.01199
-11,-27,4,100000,485,0.00485,1137,0.01137
-11,-27,5,100000,492,0.00492,1074,0.01074
-11,-26,0,100000,410,0.0041,977,0.00977
-11,-26,1,100000,417,0.00417,1031,0.01031
-11,-26,2,100000,485,0.00485,1122,0.01122
-11,-26,3,100000,534,0.00534,1261,0.01261
-11,-26,4,100000,498,0.00498,1155,0.01155
-11,-26,5,100000,496,0.00496,1080,0.0108
-11,-25,0,100000,395,0.00395,939,0.00939
-11,-25,1,100000,367,0.00367,993,0.00993
-11,-25,2,100000,521,0.00521,1193,0.01193
-11,-25,3,100000,503,0.00503,1215,0.01215
-11,-25,4,100000,493,0.00493,1165,0.01165
-11,-25,5,100000,413,0.00413,1073,0.01073
-11,-24,0,100000,378,0.00378,1010,0.0101
-11,-24,1,100000,427,0.00427,1051,0.01051
-11,-24,2,100000,502,0.00502,1159,0.01159
-11,-24,3,100000,528,0.00528,1219,0.01219
-11,-24,4,100000,511,0.00511,1175,0.01175
-11,-24,5,100000,399,0.00399,991,0.00991
-11,-23,0,100000,402,0.00402,958,0.00958
-11,-23,1,100000,434,0.00434,1081,0.01081
-11,-23,2,100000,477,0.00477,1155,0.01155
-11,-23,3,100000,528,0.00528,1230,0.0123
-11,-23,4,100000,459,0.00459,1181,0.01181
-11,-23,5,100000,388,0.00388,1045,0.01045
-11,-22,0,100000,414,0.00414,949,0.00949
-11,-22,1,100000,382,0.00382,984,0.00984
-11,-22,2,100000,502,0.00502,1155,0.01155
-11,-22,3,100000,443,0.00443,1128,0.01128
-11,-22,4,100000,431,0.00431,1108,0.01108
-11,-22,5,100000,447,0.00447,1041,0.01041
-11,-21,0,100000,394,0.00394,930,0.0093
-11,-21,1,100000,463,0.00463,1033,0.01033
-11,-21,2,100000,548,0.00548,1218,0.01218
-11,-21,3,100000,503,0.00503,1220,0.0122
-11,-21,4,100000,527,0.00527,1190,0.0119
-11,-21,5,100000,434,0.00434,1039,0.01039
-11,-20,0,100000,386,0.00386,950,0.0095
-11,-20,1,100000,422,0.00422,1078,0.01078
-11,-20,2,100000,461,0.00461,1164,0.01164
-11,-20,3,100000,523,0.00523,1206,0.01206
-11,-20,4,100000,544,0.00544,1251,0.01251
-11,-20,5,100000,451,0.00451,1044,0.01044
-11,-19,0,100000,362,0.00362,924,0.00924
-11,-19,1,100000,441,0.00441,1069,0.01069
-11,-19,2,100000,464,0.00464,1137,0.01137
-11,-19,3,100000,511,0.00511,1170,0.0117
-11,-19,4,100000,509,0.00509,1188,0.01188
-11,-19,5,100000,420,0.0042,1030,0.0103
-11,-18,0,100000,408,0.00408,971,0.00971
-11,-18,1,100000,407,0.00407,1025,0.01025
-11,-18,2,100000,484,0.00484,1164,0.01164
-11,-18,3,100000,447,0.00447,1201,0.01201
-11,-18,4,100000,500,0.005,1218,0.01218
-11,-18,5,100000,463,0.00463,1032,0.01032
-11,-17,0,100000,378,0.00378,940,0.0094
-11,-17,1,100000,438,0.00438,1028,0.01028
-11,-17,2,100000,518,0.00518,1197,0.01197
-11,-17,3,100000,528,0.00528,1221,0.01221
-11,-17,4,100000,474,0.00474,1193,0.01193
-11,-17,5,100000,470,0.0047,1089,0.01089
-11,-16,0,100000,363,0.00363,951,0.00951
-11,-16,1,100000,388,0.00388,1009,0.01009
-11,-16,2,100000,480,0.0048,1145,0.01145
-11,-16,3,100000,470,0.0047,1162,0.01162
-11,-16,4,100000,482,0.00482,1166,0.01166
-11,-16,5,100000,439,0.00439,1051,0.01051
-11,-15,0,100000,372,0.00372,943,0.00943
-11,-15,1,100000,465,0.00465,1058,0.01058
-11,-15,2,100000,448,0.00448,1094,0.01094
-11,-15,3,100000,507,0.00507,1233,0.01233
-11,-15,4,100000,496,0.00496,1200,0.012
-11,-15,5,100000,402,0.00402,1009,0.01009
-11,-14,0,100000,387,0.00387,982,0.00982
-11,-14,1,100000,410,0.0041,1003,0.01003
-11,-14,2,100000,506,0.00506,1204,0.01204
-11,-14,3,100000,540,0.0054,1203,0.01203
-11,-14,4,100000,434,0.00434,1082,0.01082
-11,-14,5,100000,435,0.00435,1033,0.01033
-11,-13,0,100000,364,0.00364,934,0.00934
-11,-13,1,100000,419,0.00419,1048,0.01048
-11,-13,2,100000,495,0.00495,1221,0.01221
-11,-13,3,100000,477,0.00477,1209,0.01209
-11,-13,4,100000,520,0.0052,1161,0.01161
-11,-13,5,100000,400,0.004,1024,0.01024
-11,-12,0,100000,396,0.00396,945,0.00945
-11,-12,1,100000,457,0.00457,1028,0.01028
-11,-12,2,100000,453,0.00453,1097,0.01097
-11,-12,3,100000,547,0.00547,1253,0.01253
-11,-12,4,100000,536,0.00536,1213,0.01213
-11,-12,5,100000,416,0.00416,1060,0.0106
-11,-11,0,100000,395,0.00395,959,0.00959
-11,-11,1,100000,441,0.00441,1037,0.01037
-11,-11,2,100000,508,0.00508,1227,0.01227
-11,-11,3,100000,538,0.00538,1239,0.01239
-11,-11,4,100000,509,0.00509,1161,0.01161
-11,-11,5,100000,482,0.00482,1070,0.0107
-11,-10,0,100000,410,0.0041,931,0.00931
-11,-10,1,100000,420,0.0042,1059,0.01059
-11,-10,2,100000,494,0.00494,1192,0.01192
-11,-10,3,100000,514,0.00514,1214,0.01214
-11,-10,4,100000,516,0.00516,1185,0.01185
-11,-10,5,100000,400,0.004,1007,0.01007
-11,-9,0,100000,381,0.00381,966,0.00966
-11,-9,1,100000,473,0.00473,1073,0.01073
-11,-9,2,100000,504,0.00504,1168,0.01168
-11,-9,3,100000,497,0.00497,1254,0.01254
-11,-9,4,100000,463,0.00463,1127,0.01127
-11,-9,5,100000,441,0.00441,1078,0.01078
-11,-8,0,100000,453,0.00453,1012,0.01012
-11,-8,1,100000,430,0.0043,1033,0.01033
-11,-8,2,100000,501,0.00501,1186,0.01186
-11,-8,3,100000,544,0.00544,1260,0.0126
-11,-8,4,100000,507,0.00507,1126,0.01126
-11,-8,5,100000,408,0.00408,1015,0.01015
-11,-7,0,100000,398,0.00398,963,0.00963
-11,-7,1,100000,437,0.00437,1043,0.01043
-11,-7,2,100000,514,0.00514,1177,0.01177
-11,-7,3,100000,516,0.00516,1204,0.01204
-11,-7,4,100000,514,0.00514,1198,0.01198
-11,-7,5,100000,499,0.00499,1119,0.01119
-11,-6,0,100000,391,0.00391,999,0.00999
-11,-6,1,100000,468,0.00468,1097,0.01097
-11,-6,2,100000,502,0.00502,1130,0.0113
-11,-6,3,100000,463,0.00463,1091,0.01091
-11,-6,4,100000,468,0.00468,1104,0.01104
-11,-6,5,100000,441,0.00441,1040,0.0104
-11,-5,0,100000,416,0.00416,973,0.00973
-11,-5,1,100000,436,0.00436,1096,0.01096
-11,-5,2,100000,473,0.00473,1129,0.01129
-11,-5,3,100000,504,0.00504,1197,0.01197
-11,-5,4,100000,484,0.00484,1176,0.01176
-11,-5,5,100000,460,0.0046,1070,0.0107
-11,-4,0,100000,400,0.004,936,0.00936
-11,-4,1,100000,438,0.00438,1074,0.01074
-11,-4,2,100000,459,0.00459,1163,0.01163
-11,-4,3,100000,508,0.00508,1180,0.0118
-11,-4,4,100000,492,0.00492,1156,0.01156
-11,-4,5,100000,439,0.00439,1042,0.01042
-11,-3,0,100000,383,0.00383,918,0.00918
-11,-3,1,100000,443,0.00443,1077,0.01077
-11,-3,2,100000,471,0.00471,1139,0.01139
-11,-3,3,100000,506,0.00506,1159,0.01159
-11,-3,4,100000,477,0.00477,1154,0.01154
-11,-3,5,100000,472,0.00472,1043,0.01043
-11,-2,0,100000,440,0.0044,1013,0.01013
-11,-2,1,100000,388,0.00388,1031,0.01031
-11,-2,2,100000,464,0.00464,1142,0.01142
-11,-2,3,100000,503,0.00503,1197,0.01197
-11,-2,4,100000,484,0.00484,1197,0.01197
-11,-2,5,100000,415,0.00415,1040,0.0104
-11,-1,0,100000,435,0.00435,975,0.00975
-11,-1,1,100000,435,0.00435,1033,0.01033
-11,-1,2,100000,499,0.00499,1175,0.01175
-11,-1,3,100000,516,0.00516,1225,0.01225
-11,-1,4,100000,478,0.00478,1179,0.01179
-11,-1,5,100000,418,0.00418,1006,0.01006
-11,0,0,100000,405,0.00405,936,0.00936
-11,0,1,100000,488,0.00488,1046,0.01046
-11,0,2,100000,493,0.00493,1151,0.01151
-11,0,3,100000,492,0.00492,1214,0.01214
-11,0,4,100000,500,0.005,1190,0.0119
-11,0,5,100000,447,0.00447,1077,0.01077
-11,1,0,100000,368,0.00368,939,0.00939
-11,1,1,100000,474,0.00474,1102,0.01102
-11,1,2,100000,491,0.00491,1123,0.01123
-11,1,3,100000,475,0.00475,1191,0.01191
-11,1,4,100000,490,0.0049,1219,0.01219
-11,1,5,100000,401,0.00401,1034,0.01034
-11,2,0,100000,397,0.00397,979,0.00979
-11,2,1,100000,492,0.00492,1069,0.01069
-11,2,2,100000,490,0.0049,1170,0.0117
-11,2,3,100000,530,0.0053,1185,0.01185
-11,2,4,100000,486,0.00486,1153,0.01153
-11,2,5,100000,432,0.00432,1041,0.01041
-11,3,0,100000,392,0.00392,963,0.00963
-11,3,1,100000,451,0.00451,1138,0.01138
-11,3,2,100000,530,0.0053,1153,0.01153
-11,3,3,100000,524,0.00524,1196,0.01196
-11,3,4,100000,484,0.00484,1186,0.01186
-11,3,5,100000,423,0.00423,964,0.00964
-11,4,0,100000,417,0.00417,995,0.00995
-11,4,1,100000,450,0.0045,1015,0.01015
-11,4,2,100000,518,0.00518,1163,0.01163
-11,4,3,100000,526,0.00526,1190,0.0119
-11,4,4,100000,530,0.0053,1215,0.01215
-11,4,5,100000,384,0.00384,1106,0.01106
-11,5,0,100000,415,0.00415,949,0.00949
-11,5,1,100000,433,0.00433,1025,0.01025
-11,5,2,100000,500,0.005,1142,0.01142
-11,5,3,100000,487,0.00487,1150,0.0115
-11,5,4,100000,588,0.00588,1192,0.01192
-11,5,5,100000,393,0.00393,1041,0.01041
-11,6,0,100000,414,0.00414,955,0.00955
-11,6,1,100000,430,0.0043,1043,0.01043
-11,6,2,100000,529,0.00529,1214,0.01214
-11,6,3,100000,533,0.00533,1193,0.01193
-11,6,4,100000,463,0.00463,1144,0.01144
-11,6,5,100000,445,0.00445,1078,0.01078
-11,7,0,100000,374,0.00374,931,0.00931
-11,7,1,100000,463,0.00463,1065,0.01065
-11,7,2,100000,503,0.00503,1151,0.01151
-11,7,3,100000,538,0.00538,1248,0.01248
-11,7,4,100000,490,0.0049,1150,0.0115
-11,7,5,100000,455,0.00455,1044,0.01044
-11,8,0,100000,435,0.00435,943,0.00943
-11,8,1,100000,439,0.00439,1033,0.01033
-11,8,2,100000,477,0.00477,1172,0.01172
-11,8,3,100000,553,0.00553,1192,0.01192
-11,8,4,100000,468,0.00468,1138,0.01138
-11,8,5,100000,426,0.00426,990,0.0099
-11,9,0,100000,386,0.00386,971,0.00971
-11,9,1,100000,453,0.00453,1104,0.01104
-11,9,2,100000,514,0.00514,1153,0.01153
-11,9,3,100000,487,0.00487,1173,0.01173
-11,9,4,100000,519,0.00519,1194,0.01194
-11,9,5,100000,415,0.00415,1012,0.01012
-11,10,0,100000,397,0.00397,1006,0.01006
-11,10,1,100000,429,0.00429,1010,0.0101
-11,10,2,100000,494,0.00494,1141,0.01141
-11,10,3,100000,521,0.00521,1173,0.01173
-11,10,4,100000,489,0.00489,1177,0.01177
-11,10,5,100000,424,0.00424,1018,0.01018
-11,11,0,100000,357,0.00357,947,0.00947
-11,11,1,100000,442,0.00442,1040,0.0104
-11,11,2,100000,506,0.00506,1167,0.01167
-11,11,3,100000,528,0.00528,1248,0.01248
-11,11,4,100000,487,0.00487,1148,0.01148
-11,11,5,100000,463,0.00463,1108,0.01108
-11,12,0,100000,401,0.00401,983,0.00983
-11,12,1,100000,428,0.00428,987,0.00987
-11,12,2,100000,447,0.00447,1142,0.01142
-11,12,3,100000,554,0.00554,1265,0.01265
-11,12,4,100000,496,0.00496,1177,0.01177
-11,12,5,100000,384,0.00384,1087,0.01087
-11,13,0,100000,426,0.00426,961,0.00961
-11,13,1,100000,411,0.00411,1055,0.01055
-11,13,2,100000,473,0.00473,1104,0.01104
-11,13,3,100000,471,0.00471,1209,0.01209
-11,13,4,100000,552,0.00552,1253,0.01253
-11,13,5,100000,430,0.0043,1029,0.01029
-11,14,0,100000,392,0.00392,988,0.00988
-11,14,1,100000,453,0.00453,1103,0.01103
-11,14,2,100000,513,0.00513,1201,0.01201
-11,14,3,100000,554,0.00554,1186,0.01186
-11,14,4,100000,476,0.00476,1182,0.01182
-11,14,5,100000,477,0.00477,1079,0.01079
-11,15,0,100000,374,0.00374,972,0.00972
-11,15,1,100000,443,0.00443,1014,0.01014
-11,15,2,100000,577,0.00577,1230,0.0123
-11,15,3,100000,476,0.00476,1124,0.01124
-11,15,4,100000,509,0.00509,1105,0.01105
-11,15,5,100000,426,0.00426,1064,0.01064
-11,16,0,100000,368,0.00368,982,0.00982
-11,16,1,100000,440,0.0044,1055,0.01055
-11,16,2,100000,475,0.00475,1128,0.01128
-11,16,3,100000,540,0.0054,1231,0.01231
-11,16,4,100000,514,0.00514,1200,0.012
-11,16,5,100000,473,0.00473,1045,0.01045
-11,17,0,100000,363,0.00363,930,0.0093
-11,17,1,100000,443,0.00443,1043,0.01043
-11,17,2,100000,492,0.00492,1175,0.01175
-11,17,3,100000,520,0.0052,1234,0.01234
-11,17,4,100000,504,0.00504,1205,0.01205
-11,17,5,100000,469,0.00469,1052,0.01052
-11,18,0,100000,426,0.00426,999,0.00999
-11,18,1,100000,367,0.00367,988,0.00988
-11,18,2,100000,468,0.00468,1166,0.01166
-11,18,3,100000,537,0.00537,1220,0.0122
-11,18,4,100000,509,0.00509,1152,0.01152
-11,18,5,100000,439,0.00439,1062,0.01062
-11,19,0,100000,400,0.004,976,0.00976
-11,19,1,100000,451,0.00451,1003,0.01003
-11,19,2,100000,447,0.00447,1154,0.01154
-11,19,3,100000,494,0.00494,1212,0.01212
-11,19,4,100000,508,0.00508,1143,0.01143
-11,19,5,100000,479,0.00479,1081,0.01081
-11,20,0,100000,371,0.00371,1002,0.01002
-11,20,1,100000,442,0.00442,1056,0.01056
-11,20,2,100000,512,0.00512,1159,0.01159
-11,20,3,100000,517,0.00517,1235,0.01235
-11,20,4,100000,496,0.00496,1214,0.01214
-11,20,5,100000,430,0.0043,1060,0.0106
-11,21,0,100000,431,0.00431,971,0.00971
-11,21,1,100000,464,0.00464,1052,0.01052
-11,21,2,100000,421,0.00421,1108,0.01108
-11,21,3,100000,501,0.00501,1189,0.01189
-11,21,4,100000,541,0.00541,1205,0.01205
-11,21,5,100000,473,0.00473,1108,0.01108
-11,22,0,100000,422,0.00422,970,0.0097
-11,22,1,100000,402,0.00402,1008,0.01008
-11,22,2,100000,467,0.00467,1157,0.01157
-11,22,3,100000,479,0.00479,1171,0.01171
-11,22,4,100000,497,0.00497,1163,0.01163
-11,22,5,100000,403,0.00403,978,0.00978
-11,23,0,100000,423,0.00423,918,0.00918
-11,23,1,100000,502,0.00502,1101,0.01101
-11,23,2,100000,503,0.00503,1161,0.01161
-11,23,3,100000,535,0.00535,1225,0.01225
-11,23,4,100000,490,0.0049,1133,0.01133
-11,23,5,100000,448,0.00448,1028,0.01028
-11,24,0,100000,384,0.00384,957,0.00957
-11,24,1,100000,408,0.00408,1000,0.01
-11,24,2,100000,480,0.0048,1160,0.0116
-11,24,3,100000,514,0.00514,1245,0.01245
-11,24,4,100000,502,0.00502,1158,0.01158
-11,24,5,100000,419,0.00419,1050,0.0105
-11,25,0,100000,401,0.00401,970,0.0097
-11,25,1,100000,414,0.00414,1086,0.01086
-11,25,2,100000,489,0.00489,1128,0.01128
-11,25,3,100000,501,0.00501,1220,0.0122
-11,25,4,100000,488,0.00488,1171,0.01171
-11,25,5,100000,420,0.0042,1005,0.01005
-11,26,0,100000,371,0.00371,951,0.00951
-11,26,1,100000,425,0.00425,1073,0.01073
-11,26,2,100000,500,0.005,1158,0.01158
-11,26,3,100000,454,0.00454,1109,0.01109
-11,26,4,100000,486,0.00486,1136,0.01136
-11,26,5,100000,436,0.00436,1034,0.01034
-11,27,0,100000,404,0.00404,973,0.00973
-11,27,1,100000,428,0.00428,1020,0.0102
-11,27,2,100000,501,0.00501,1175,0.01175
-11,27,3,100000,478,0.00478,1168,0.01168
-11,27,4,100000,473,0.00473,1121,0.01121
-11,27,5,100000,475,0.00475,1086,0.01086
-11,28,0,100000,364,0.00364,931,0.00931
-11,28,1,100000,427,0.00427,1046,0.01046
-11,28,2,100000,491,0.00491,1178,0.01178
-11,28,3,100000,475,0.00475,1163,0.01163
-11,28,4,100000,464,0.00464,1138,0.01138
-11,28,5,100000,443,0.00443,1059,0.01059
-11,29,0,100000,424,0.00424,1034,0.01034
-11,29,1,100000,386,0.00386,1045,0.01045
-11,29,2,100000,491,0.00491,1137,0.01137
-11,29,3,100000,486,0.00486,1179,0.01179
-11,29,4,100000,517,0.00517,1197,0.01197
-11,29,5,100000,413,0.00413,1074,0.01074
-11,30,0,100000,361,0.00361,932,0.00932
-11,30,1,100000,436,0.00436,1026,0.01026
-11,30,2,100000,468,0.00468,1163,0.01163
-11,30,3,100000,499,0.00499,1185,0.01185
-11,30,4,100000,540,0.0054,1221,0.01221
-11,30,5,100000,440,0.0044,1027,0.01027
-11,31,0,100000,425,0.00425,980,0.0098
-11,31,1,100000,455,0.00455,1065,0.01065
-11,31,2,100000,494,0.00494,1158,0.01158
-11,31,3,100000,519,0.00519,1188,0.01188
-11,31,4,100000,496,0.00496,1181,0.01181
-11,31,5,100000,491,0.00491,1046,0.01046
-11,32,0,100000,449,0.00449,951,0.00951
-11,32,1,100000,460,0.0046,1062,0.01062
-11,32,2,100000,511,0.00511,1179,0.01179
-11,32,3,100000,469,0.00469,1168,0.01168
-11,32,4,100000,540,0.0054,1185,0.01185
-11,32,5,100000,396,0.00396,1091,0.01091
-11,33,0,100000,343,0.00343,931,0.00931
-11,33,1,100000,422,0.00422,1059,0.01059
-11,33,2,100000,492,0.00492,1136,0.01136
-11,33,3,100000,486,0.00486,1167,0.01167
-11,33,4,100000,451,0.00451,1141,0.01141
-11,33,5,100000,426,0.00426,1023,0.01023
-11,34,0,100000,416,0.00416,921,0.00921
-11,34,1,100000,407,0.00407,973,0.00973
-11,34,2,100000,462,0.00462,1139,0.01139
-11,34,3,100000,507,0.00507,1199,0.01199
-11,34,4,100000,512,0.00512,1173,0.01173
-11,34,5,100000,502,0.00502,1050,0.0105
-11,35,0,100000,365,0.00365,960,0.0096
-11,35,1,100000,437,0.00437,1074,0.01074
-11,35,2,100000,470,0.0047,1089,0.01089
-11,35,3,100000,523,0.00523,1169,0.01169
-11,35,4,100000,469,0.00469,1188,0.01188
-11,35,5,100000,413,0.00413,987,0.00987
-11,36,0,100000,392,0.00392,892,0.00892
-11,36,1,100000,438,0.00438,983,0.00983
-11,36,2,100000,478,0.00478,1104,0.01104
-11,36,3,100000,513,0.00513,1141,0.01141
-11,36,4,100000,495,0.00495,1145,0.01145
-11,36,5,100000,411,0.00411,1009,0.01009
-11,37,0,100000,380,0.0038,955,0.00955
-11,37,1,100000,457,0.00457,992,0.00992
-11,37,2,100000,454,0.00454,1048,0.01048
-11,37,3,100000,524,0.00524,1159,0.01159
-11,37,4,100000,480,0.0048,1083,0.01083
-11,37,5,100000,476,0.00476,1032,0.01032
-11,38,0,100000,394,0.00394,850,0.0085
-11,38,1,100000,389,0.00389,868,0.00868
-11,38,2,100000,491,0.00491,1000,0.01
-11,38,3,100000,540,0.0054,1072,0.01072
-11,38,4,100000,411,0.00411,1021,0.01021
-11,38,5,100000,496,0.00496,1027,0.01027
-11,39,0,100000,316,0.00316,665,0.00665
-11,39,1,100000,340,0.0034,744,0.00744
-11,39,2,100000,416,0.00416,854,0.00854
-11,39,3,100000,377,0.00377,873,0.00873
-11,39,4,100000,395,0.00395,916,0.00916
-11,39,5,100000,364,0.00364,845,0.00845
-11,40,0,100000,206,0.00206,452,0.00452
-11,40,1,100000,249,0.00249,495,0.00495
-11,40,2,100000,213,0.00213,493,0.00493
-11,40,3,100000,233,0.00233,565,0.00565
-11,40,4,100000,326,0.00326,593,0.00593
-11,40,5,100000,279,0.00279,513,0.00513
-11,41,0,100000,104,0.00104,229,0.00229
-11,41,1,100000,87,0.00087,239,0.00239
-11,41,2,100000,105,0.00105,259,0.00259
-11,41,3,100000,128,0.00128,278,0.00278
-11,41,4,100000,119,0.00119,270,0.0027
-11,41,5,100000,124,0.00124,240,0.0024
-11,42,0,100000,45,0.00045,121,0.00121
-11,42,1,100000,53,0.00053,111,0.00111
-11,42,2,100000,47,0.00047,103,0.00103
-11,42,3,100000,46,0.00046,100,0.001
-11,42,4,100000,25,0.00025,90,0.0009
-11,42,5,100000,42,0.00042,78,0.00078
-11,43,0,100000,25,0.00025,83,0.00083
-11,43,1,100000,44,0.00044,96,0.00096
-11,43,2,100000,36,0.00036,93,0.00093
-11,43,3,100000,32,0.00032,91,0.00091
-11,43,4,100000,43,0.00043,75,0.00075
-11,43,5,100000,18,0.00018,77,0.00077
-11,44,0,100000,30,0.0003,88,0.00088
-11,44,1,100000,41,0.00041,97,0.00097
-11,44,2,100000,22,0.00022,79,0.00079
-11,44,3,100000,48,0.00048,98,0.00098
-11,44,4,100000,22,0.00022,70,0.0007
-11,44,5,100000,39,0.00039,79,0.00079
-11,45,0,100000,25,0.00025,95,0.00095
-11,45,1,100000,32,0.00032,90,0.0009
-11,45,2,100000,45,0.00045,97,0.00097
-11,45,3,100000,41,0.00041,88,0.00088
-11,45,4,100000,26,0.00026,68,0.00068
-11,45,5,100000,33,0.00033,83,0.00083
-11,46,0,100000,36,0.00036,86,0.00086
-11,46,1,100000,23,0.00023,68,0.00068
-11,46,2,100000,14,0.00014,59,0.00059
-11,46,3,100000,21,0.00021,86,0.00086
-11,46,4,100000,38,0.00038,88,0.00088
-11,46,5,100000,27,0.00027,77,0.00077
-11,47,0,100000,38,0.00038,81,0.00081
-11,47,1,100000,35,0.00035,78,0.00078
-11,47,2,100000,37,0.00037,88,0.00088
-11,47,3,100000,31,0.00031,87,0.00087
-11,47,4,100000,42,0.00042,90,0.0009
-11,47,5,100000,47,0.00047,94,0.00094
-11,48,0,100000,24,0.00024,70,0.0007
-11,48,1,100000,33,0.00033,85,0.00085
-11,48,2,100000,47,0.00047,69,0.00069
-11,48,3,100000,48,0.00048,87,0.00087
-11,48,4,100000,28,0.00028,68,0.00068
-11,48,5,100000,44,0.00044,95,0.00095
-11,49,0,100000,20,0.0002,67,0.00067
-11,49,1,100000,43,0.00043,73,0.00073
-11,49,2,100000,30,0.0003,76,0.00076
-11,49,3,100000,20,0.0002,74,0.00074
-11,49,4,100000,27,0.00027,83,0.00083
-11,49,5,100000,31,0.00031,80,0.0008
-11,50,0,100000,21,0.00021,72,0.00072
-11,50,1,100000,34,0.00034,75,0.00075
-11,50,2,100000,17,0.00017,81,0.00081
-11,50,3,100000,31,0.00031,78,0.00078
-11,50,4,100000,32,0.00032,66,0.00066
-11,50,5,100000,17,0.00017,61,0.00061
-10,-50,0,100000,51,0.00051,80,0.0008
-10,-50,1,100000,19,0.00019,64,0.00064
-10,-50,2,100000,29,0.00029,70,0.0007
-10,-50,3,100000,36,0.00036,66,0.00066
-10,-50,4,100000,10,0.0001,74,0.00074
-10,-50,5,100000,33,0.00033,76,0.00076
-10,-49,0,100000,19,0.00019,76,0.00076
-10,-49,1,100000,37,0.00037,78,0.00078
-10,-49,2,100000,19,0.00019,67,0.00067
-10,-49,3,100000,32,0.00032,71,0.00071
-10,-49,4,100000,37,0.00037,84,0.00084
-10,-49,5,100000,15,0.00015,62,0.00062
-10,-48,0,100000,23,0.00023,84,0.00084
-10,-48,1,100000,46,0.00046,76,0.00076
-10,-48,2,100000,36,0.00036,84,0.00084
-10,-48,3,100000,42,0.00042,79,0.00079
-10,-48,4,100000,32,0.00032,81,0.00081
-10,-48,5,100000,25,0.00025,72,0.00072
-10,-47,0,100000,26,0.00026,69,0.00069
-10,-47,1,100000,26,0.00026,84,0.00084
-10,-47,2,100000,26,0.00026,77,0.00077
-10,-47,3,100000,32,0.00032,90,0.0009
-10,-47,4,100000,31,0.00031,76,0.00076
-10,-47,5,100000,41,0.00041,74,0.00074
-10,-46,0,100000,30,0.0003,85,0.00085
-10,-46,1,100000,40,0.0004,83,0.00083
-10,-46,2,100000,42,0.00042,72,0.00072
-10,-46,3,100000,31,0.00031,62,0.00062
-10,-46,4,100000,22,0.00022,75,0.00075
-10,-46,5,100000,51,0.00051,91,0.00091
-10,-45,0,100000,21,0.00021,77,0.00077
-10,-45,1,100000,37,0.00037,79,0.00079
-10,-45,2,100000,26,0.00026,81,0.00081
-10,-45,3,100000,37,0.00037,85,0.00085
-10,-45,4,100000,48,0.00048,100,0.001
-10,-45,5,100000,22,0.00022,81,0.00081
-10,-44,0,100000,23,0.00023,62,0.00062
-10,-44,1,100000,25,0.00025,81,0.00081
-10,-44,2,100000,33,0.00033,75,0.00075
-10,-44,3,100000,34,0.00034,89,0.00089
-10,-44,4,100000,34,0.00034,71,0.00071
-10,-44,5,100000,28,0.00028,91,0.00091
-10,-43,0,100000,60,0.0006,103,0.00103
-10,-43,1,100000,23,0.00023,96,0.00096
-10,-43,2,100000,21,0.00021,70,0.0007
-10,-43,3,100000,33,0.00033,84,0.00084
-10,-43,4,100000,40,0.0004,94,0.00094
-10,-43,5,100000,44,0.00044,75,0.00075
-10,-42,0,100000,35,0.00035,96,0.00096
-10,-42,1,100000,45,0.00045,85,0.00085
-10,-42,2,100000,52,0.00052,97,0.00097
-10,-42,3,100000,46,0.00046,84,0.00084
-10,-42,4,100000,35,0.00035,90,0.0009
-10,-42,5,100000,48,0.00048,111,0.00111
-10,-41,0,100000,95,0.00095,224,0.00224
-10,-41,1,100000,104,0.00104,249,0.00249
-10,-41,2,100000,135,0.00135,277,0.00277
-10,-41,3,100000,116,0.00116,231,0.00231
-10,-41,4,100000,140,0.0014,255,0.00255
-10,-41,5,100000,116,0.00116,267,0.00267
-10,-40,0,100000,235,0.00235,484,0.00484
-10,-40,1,100000,296,0.00296,581,0.00581
-10,-40,2,100000,287,0.00287,611,0.00611
-10,-40,3,100000,289,0.00289,546,0.00546
-10,-40,4,100000,258,0.00258,560,0.0056
-10,-40,5,100000,243,0.00243,522,0.00522
-10,-39,0,100000,382,0.00382,779,0.00779
-10,-39,1,100000,395,0.00395,899,0.00899
-10,-39,2,100000,478,0.00478,970,0.0097
-10,-39,3,100000,436,0.00436,919,0.00919
-10,-39,4,100000,400,0.004,872,0.00872
-10,-39,5,100000,472,0.00472,924,0.00924
-10,-38,0,100000,444,0.00444,974,0.00974
-10,-38,1,100000,460,0.0046,1079,0.01079
-10,-38,2,100000,524,0.00524,1183,0.01183
-10,-38,3,100000,522,0.00522,1159,0.01159
-10,-38,4,100000,521,0.00521,1075,0.01075
-10,-38,5,100000,457,0.00457,1008,0.01008
-10,-37,0,100000,443,0.00443,1000,0.01
-10,-37,1,100000,515,0.00515,1114,0.01114
-10,-37,2,100000,571,0.00571,1249,0.01249
-10,-37,3,100000,546,0.00546,1227,0.01227
-10,-37,4,100000,527,0.00527,1162,0.01162
-10,-37,5,100000,500,0.005,1085,0.01085
-10,-36,0,100000,421,0.00421,988,0.00988
-10,-36,1,100000,484,0.00484,1135,0.01135
-10,-36,2,100000,534,0.00534,1189,0.01189
-10,-36,3,100000,586,0.00586,1306,0.01306
-10,-36,4,100000,542,0.00542,1278,0.01278
-10,-36,5,100000,458,0.00458,1017,0.01017
-10,-35,0,100000,463,0.00463,1079,0.01079
-10,-35,1,100000,489,0.00489,1116,0.01116
-10,-35,2,100000,482,0.00482,1215,0.01215
-10,-35,3,100000,556,0.00556,1251,0.01251
-10,-35,4,100000,489,0.00489,1187,0.01187
-10,-35,5,100000,425,0.00425,1055,0.01055
-10,-34,0,100000,432,0.00432,1013,0.01013
-10,-34,1,100000,504,0.00504,1166,0.01166
-10,-34,2,100000,535,0.00535,1193,0.01193
-10,-34,3,100000,555,0.00555,1289,0.01289
-10,-34,4,100000,536,0.00536,1171,0.01171
-10,-34,5,100000,481,0.00481,1062,0.01062
-10,-33,0,100000,479,0.00479,1047,0.01047
-10,-33,1,100000,502,0.00502,1107,0.01107
-10,-33,2,100000,548,0.00548,1219,0.01219
-10,-33,3,100000,580,0.0058,1346,0.01346
-10,-33,4,100000,564,0.00564,1287,0.01287
-10,-33,5,100000,511,0.00511,1107,0.01107
-10,-32,0,100000,408,0.00408,1001,0.01001
-10,-32,1,100000,512,0.00512,1145,0.01145
-10,-32,2,100000,525,0.00525,1227,0.01227
-10,-32,3,100000,577,0.00577,1324,0.01324
-10,-32,4,100000,585,0.00585,1336,0.01336
-10,-32,5,100000,433,0.00433,1145,0.01145
-10,-31,0,100000,447,0.00447,1069,0.01069
-10,-31,1,100000,491,0.00491,1207,0.01207
-10,-31,2,100000,530,0.0053,1252,0.01252
-10,-31,3,100000,486,0.00486,1217,0.01217
-10,-31,4,100000,506,0.00506,1207,0.01207
-10,-31,5,100000,493,0.00493,1171,0.01171
-10,-30,0,100000,433,0.00433,1073,0.01073
-10,-30,1,100000,490,0.0049,1173,0.01173
-10,-30,2,100000,562,0.00562,1271,0.01271
-10,-30,3,100000,571,0.00571,1311,0.01311
-10,-30,4,100000,504,0.00504,1204,0.01204
-10,-30,5,100000,479,0.00479,1100,0.011
-10,-29,0,100000,429,0.00429,1037,0.01037
-10,-29,1,100000,543,0.00543,1201,0.01201
-10,-29,2,100000,558,0.00558,1220,0.0122
-10,-29,3,100000,602,0.00602,1331,0.01331
-10,-29,4,100000,542,0.00542,1264,0.01264
-10,-29,5,100000,502,0.00502,1128,0.01128
-10,-28,0,100000,450,0.0045,1080,0.0108
-10,-28,1,100000,487,0.00487,1161,0.01161
-10,-28,2,100000,552,0.00552,1252,0.01252
-10,-28,3,100000,564,0.00564,1288,0.01288
-10,-28,4,100000,506,0.00506,1192,0.01192
-10,-28,5,100000,450,0.0045,1128,0.01128
-10,-27,0,100000,486,0.00486,1016,0.01016
-10,-27,1,100000,521,0.00521,1197,0.01197
-10,-27,2,100000,511,0.00511,1264,0.01264
-10,-27,3,100000,518,0.00518,1294,0.01294
-10,-27,4,100000,459,0.00459,1191,0.01191
-10,-27,5,100000,475,0.00475,1118,0.01118
-10,-26,0,100000,458,0.00458,1049,0.01049
-10,-26,1,100000,478,0.00478,1143,0.01143
-10,-26,2,100000,567,0.00567,1280,0.0128
-10,-26,3,100000,530,0.0053,1294,0.01294
-10,-26,4,100000,563,0.00563,1269,0.01269
-10,-26,5,100000,503,0.00503,1138,0.01138
-10,-25,0,100000,436,0.00436,1071,0.01071
-10,-25,1,100000,437,0.00437,1107,0.01107
-10,-25,2,100000,541,0.00541,1218,0.01218
-10,-25,3,100000,591,0.00591,1330,0.0133
-10,-25,4,100000,537,0.00537,1202,0.01202
-10,-25,5,100000,486,0.00486,1115,0.01115
-10,-24,0,100000,423,0.00423,1044,0.01044
-10,-24,1,100000,462,0.00462,1133,0.01133
-10,-24,2,100000,492,0.00492,1184,0.01184
-10,-24,3,100000,549,0.00549,1298,0.01298
-10,-24,4,100000,585,0.00585,1306,0.01306
-10,-24,5,100000,466,0.00466,1063,0.01063
-10,-23,0,100000,507,0.00507,1093,0.01093
-10,-23,1,100000,479,0.00479,1134,0.01134
-10,-23,2,100000,486,0.00486,1250,0.0125
-10,-23,3,100000,537,0.00537,1380,0.0138
-10,-23,4,100000,554,0.00554,1228,0.01228
-10,-23,5,100000,466,0.00466,1124,0.01124
-10,-22,0,100000,418,0.00418,984,0.00984
-10,-22,1,100000,443,0.00443,1115,0.01115
-10,-22,2,100000,557,0.00557,1291,0.01291
-10,-22,3,100000,567,0.00567,1303,0.01303
-10,-22,4,100000,514,0.00514,1255,0.01255
-10,-22,5,100000,456,0.00456,1168,0.01168
-10,-21,0,100000,428,0.00428,989,0.00989
-10,-21,1,100000,456,0.00456,1157,0.01157
-10,-21,2,100000,511,0.00511,1227,0.01227
-10,-21,3,100000,558,0.00558,1258,0.01258
-10,-21,4,100000,555,0.00555,1229,0.01229
-10,-21,5,100000,475,0.00475,1137,0.01137
-10,-20,0,100000,449,0.00449,1049,0.01049
-10,-20,1,100000,503,0.00503,1101,0.01101
-10,-20,2,100000,526,0.00526,1258,0.01258
-10,-20,3,100000,615,0.00615,1282,0.01282
-10,-20,4,100000,538,0.00538,1226,0.01226
-10,-20,5,100000,480,0.0048,1139,0.01139
-10,-19,0,100000,410,0.0041,986,0.00986
-10,-19,1,100000,463,0.00463,1118,0.01118
-10,-19,2,100000,567,0.00567,1304,0.01304
-10,-19,3,100000,589,0.00589,1313,0.01313
-10,-19,4,100000,490,0.0049,1269,0.01269
-10,-19,5,100000,482,0.00482,1169,0.01169
-10,-18,0,100000,428,0.00428,1070,0.0107
-10,-18,1,100000,452,0.00452,1128,0.01128
-10,-18,2,100000,550,0.0055,1219,0.01219
-10,-18,3,100000,519,0.00519,1291,0.01291
-10,-18,4,100000,528,0.00528,1236,0.01236
-10,-18,5,100000,478,0.00478,1158,0.01158
-10,-17,0,100000,439,0.00439,1075,0.01075
-10,-17,1,100000,536,0.00536,1143,0.01143
-10,-17,2,100000,531,0.00531,1278,0.01278
-10,-17,3,100000,556,0.00556,1340,0.0134
-10,-17,4,100000,518,0.00518,1226,0.01226
-10,-17,5,100000,441,0.00441,1075,0.01075
-10,-16,0,100000,425,0.00425,1009,0.01009
-10,-16,1,100000,512,0.00512,1158,0.01158
-10,-16,2,100000,588,0.00588,1270,0.0127
-10,-16,3,100000,565,0.00565,1291,0.01291
-10,-16,4,100000,527,0.00527,1246,0.01246
-10,-16,5,100000,510,0.0051,1187,0.01187
-10,-15,0,100000,476,0.00476,1096,0.01096
-10,-15,1,100000,521,0.00521,1140,0.0114
-10,-15,2,100000,511,0.00511,1242,0.01242
-10,-15,3,100000,582,0.00582,1316,0.01316
-10,-15,4,100000,556,0.00556,1259,0.01259
-10,-15,5,100000,472,0.00472,1137,0.01137
-10,-14,0,100000,448,0.00448,1073,0.01073
-10,-14,1,100000,493,0.00493,1151,0.01151
-10,-14,2,100000,574,0.00574,1261,0.01261
-10,-14,3,100000,539,0.00539,1311,0.01311
-10,-14,4,100000,557,0.00557,1251,0.01251
-10,-14,5,100000,503,0.00503,1103,0.01103
-10,-13,0,100000,523,0.00523,1126,0.01126
-10,-13,1,100000,471,0.00471,1152,0.01152
-10,-13,2,100000,545,0.00545,1209,0.01209
-10,-13,3,100000,551,0.00551,1294,0.01294
-10,-13,4,100000,551,0.00551,1253,0.01253
-10,-13,5,100000,514,0.00514,1177,0.01177
-10,-12,0,100000,431,0.00431,987,0.00987
-10,-12,1,100000,492,0.00492,1091,0.01091
-10,-12,2,100000,515,0.00515,1254,0.01254
-10,-12,3,100000,567,0.00567,1295,0.01295
-10,-12,4,100000,500,0.005,1221,0.01221
-10,-12,5,100000,459,0.00459,1166,0.01166
-10,-11,0,100000,458,0.00458,1076,0.01076
-10,-11,1,100000,521,0.00521,1170,0.0117
-10,-11,2,100000,544,0.00544,1259,0.01259
-10,-11,3,100000,549,0.00549,1347,0.01347
-10,-11,4,100000,479,0.00479,1205,0.01205
-10,-11,5,100000,461,0.00461,1125,0.01125
-10,-10,0,100000,438,0.00438,1057,0.01057
-10,-10,1,100000,491,0.00491,1155,0.01155
-10,-10,2,100000,510,0.0051,1223,0.01223
-10,-10,3,100000,608,0.00608,1320,0.0132
-10,-10,4,100000,545,0.00545,1303,0.01303
-10,-10,5,100000,488,0.00488,1145,0.01145
-10,-9,0,100000,481,0.00481,1047,0.01047
-10,-9,1,100000,506,0.00506,1179,0.01179
-10,-9,2,100000,549,0.00549,1299,0.01299
-10,-9,3,100000,601,0.00601,1330,0.0133
-10,-9,4,100000,553,0.00553,1255,0.01255
-10,-9,5,100000,520,0.0052,1132,0.01132
-10,-8,0,100000,447,0.00447,1029,0.01029
-10,-8,1,100000,445,0.00445,1107,0.01107
-10,-8,2,100000,556,0.00556,1270,0.0127
-10,-8,3,100000,532,0.00532,1285,0.01285
-10,-8,4,100000,554,0.00554,1242,0.01242
-10,-8,5,100000,483,0.00483,1086,0.01086
-10,-7,0,100000,473,0.00473,1032,0.01032
-10,-7,1,100000,435,0.00435,1128,0.01128
-10,-7,2,100000,534,0.00534,1240,0.0124
-10,-7,3,100000,525,0.00525,1243,0.01243
-10,-7,4,100000,560,0.0056,1170,0.0117
-10,-7,5,100000,423,0.00423,1122,0.01122
-10,-6,0,100000,454,0.00454,1047,0.01047
-10,-6,1,100000,476,0.00476,1072,0.01072
-10,-6,2,100000,539,0.00539,1250,0.0125
-10,-6,3,100000,502,0.00502,1280,0.0128
-10,-6,4,100000,533,0.00533,1225,0.01225
-10,-6,5,100000,510,0.0051,1122,0.01122
-10,-5,0,100000,411,0.00411,1039,0.01039
-10,-5,1,100000,500,0.005,1141,0.01141
-10,-5,2,100000,517,0.00517,1247,0.01247
-10,-5,3,100000,547,0.00547,1297,0.01297
-10,-5,4,100000,594,0.00594,1206,0.01206
-10,-5,5,100000,473,0.00473,1109,0.01109
-10,-4,0,100000,460,0.0046,1088,0.01088
-10,-4,1,100000,490,0.0049,1140,0.0114
-10,-4,2,100000,562,0.00562,1287,0.01287
-10,-4,3,100000,613,0.00613,1330,0.0133
-10,-4,4,100000,556,0.00556,1177,0.01177
-10,-4,5,100000,505,0.00505,1138,0.01138
-10,-3,0,100000,467,0.00467,1094,0.01094
-10,-3,1,100000,453,0.00453,1134,0.01134
-10,-3,2,100000,535,0.00535,1259,0.01259
-10,-3,3,100000,573,0.00573,1354,0.01354
-10,-3,4,100000,507,0.00507,1252,0.01252
-10,-3,5,100000,501,0.00501,1148,0.01148
