x,y,nPrimary,roiCounts,normalizedCounts,flux,normalizedFlux
-37.6,12.8,400000,44915,0.112287,151966,0.379915
-37.6,13,400000,44938,0.112345,152460,0.38115
-37.6,13.2,400000,44760,0.1119,151887,0.379717
-37.6,13.4,400000,45075,0.112687,152909,0.382273
-37.6,13.6,400000,44717,0.111793,152172,0.38043
-37.6,13.8,400000,44716,0.11179,152020,0.38005
-37.6,14,400000,44954,0.112385,152407,0.381018
-37.6,14.2,400000,44372,0.11093,151465,0.378663
-37.6,14.4,400000,44974,0.112435,151544,0.37886
-37.6,14.6,400000,44726,0.111815,152391,0.380978
-37.6,14.8,400000,44673,0.111683,152028,0.38007
-37.6,15,400000,44332,0.11083,152167,0.380418
-37.6,15.2,400000,44792,0.11198,151864,0.37966
-37.6,15.4,400000,45035,0.112587,152307,0.380767
-37.6,15.6,400000,44771,0.111927,152455,0.381138
-37.6,15.8,400000,45053,0.112632,152347,0.380868
-37.6,16,400000,45412,0.11353,152770,0.381925
-37.6,16.2,400000,45007,0.112518,152164,0.38041
-37.6,16.4,400000,45193,0.112982,152243,0.380607
-37.6,16.6,400000,45042,0.112605,152799,0.381997
-37.6,16.8,400000,44767,0.111918,152190,0.380475
-37.6,17,400000,44685,0.111713,151597,0.378993
-37.6,17.2,400000,45068,0.11267,152430,0.381075
-37.6,17.4,400000,44872,0.11218,151937,0.379843
-37.6,17.6,400000,44953,0.112382,151909,0.379773
-37.6,17.8,400000,44540,0.11135,152364,0.38091
-37.6,18,400000,45153,0.112882,152615,0.381537
-37.6,18.2,400000,45404,0.11351,152018,0.380045
-37.6,18.4,400000,44775,0.111937,151884,0.37971
-37.6,18.6,400000,45080,0.1127,152361,0.380902
-37.6,18.8,400000,44898,0.112245,151917,0.379792
-37.6,19,400000,44671,0.111677,151489,0.378723
-37.6,19.2,400000,44216,0.11054,151512,0.37878
-37.6,19.4,400000,44761,0.111903,151767,0.379418
-37.6,19.6,400000,44904,0.11226,151670,0.379175
-37.6,19.8,400000,44705,0.111763,151780,0.37945
-37.6,20,400000,45058,0.112645,152200,0.3805
-37.6,20.2,400000,45368,0.11342,152100,0.38025
-37.6,20.4,400000,44536,0.11134,151912,0.37978
-37.6,20.6,400000,45022,0.112555,152323,0.380808
-37.6,20.8,400000,44471,0.111177,151828,0.37957
-37.6,21,400000,44636,0.11159,152435,0.381088
-37.6,21.2,400000,45406,0.113515,152036,0.38009
-37.6,21.4,400000,44935,0.112338,152213,0.380532
-37.6,21.6,400000,44999,0.112498,152277,0.380692
-37.6,21.8,400000,44526,0.111315,151219,0.378047
-37.6,22,400000,44979,0.112448,152290,0.380725
-37.6,22.2,400000,44581,0.111452,151577,0.378943
-37.6,22.4,400000,44848,0.11212,152352,0.38088
-37.6,22.6,400000,45252,0.11313,152769,0.381922
-37.6,22.8,400000,44929,0.112323,151815,0.379538
-37.6,23,400000,44702,0.111755,152220,0.38055
-37.6,23.2,400000,44743,0.111857,151957,0.379893
-37.6,23.4,400000,44730,0.111825,152282,0.380705
-37.6,23.6,400000,44685,0.111713,152373,0.380933
-37.6,23.8,400000,44453,0.111132,151699,0.379248
-37.6,24,400000,44877,0.112193,152287,0.380717
-37.6,24.2,400000,45007,0.112518,152607,0.381518
-37.6,24.4,400000,44946,0.112365,152187,0.380468
-37.6,24.6,400000,44930,0.112325,151773,0.379433
-37.6,24.8,400000,44203,0.110507,151856,0.37964
-37.6,25,400000,45231,0.113077,152509,0.381273
-37.6,25.2,400000,44700,0.11175,152512,0.38128
-37.6,25.4,400000,44882,0.112205,151714,0.379285
-37.6,25.6,400000,44740,0.11185,151901,0.379752
-37.6,25.8,400000,44919,0.112297,151992,0.37998
-37.6,26,400000,44360,0.1109,152178,0.380445
-37.6,26.2,400000,44333,0.110833,151442,0.378605
-37.6,26.4,400000,44746,0.111865,151880,0.3797
-37.6,26.6,400000,44380,0.11095,151514,0.378785
-37.6,26.8,400000,44867,0.112168,152162,0.380405
-37.6,27,400000,44663,0.111658,152297,0.380742
-37.6,27.2,400000,44800,0.112,151793,0.379483
-37.6,27.4,400000,44750,0.111875,152123,0.380308
-37.6,27.6,400000,45430,0.113575,153100,0.38275
-37.6,27.8,400000,45072,0.11268,151978,0.379945
-37.6,28,400000,44522,0.111305,152355,0.380887
-37.6,28.2,400000,44853,0.112132,152365,0.380912
-37.6,28.4,400000,44360,0.1109,152218,0.380545
-37.6,28.6,400000,44796,0.11199,152133,0.380333
-37.6,28.8,400000,44828,0.11207,151624,0.37906
-37.6,29,400000,45082,0.112705,152590,0.381475
-37.6,29.2,400000,44544,0.11136,152092,0.38023
-37.6,29.4,400000,44846,0.112115,151933,0.379833
-37.6,29.6,400000,44702,0.111755,152293,0.380732
-37.6,29.8,400000,44827,0.112068,152274,0.380685
-37.6,30,400000,44853,0.112132,152428,0.38107
-37.6,30.2,400000,44237,0.110592,151683,0.379207
-37.6,30.4,400000,45014,0.112535,152372,0.38093
-37.6,30.6,400000,45104,0.11276,152218,0.380545
-37.6,30.8,400000,44488,0.11122,152316,0.38079
-37.6,31,400000,44806,0.112015,151891,0.379727
-37.6,31.2,400000,45174,0.112935,153072,0.38268
-37.6,31.4,400000,44236,0.11059,151487,0.378717
-37.6,31.6,400000,45300,0.11325,151949,0.379873
-37.6,31.8,400000,44300,0.11075,152340,0.38085
-37.6,32,400000,45352,0.11338,152328,0.38082
-37.6,32.2,400000,44802,0.112005,152052,0.38013
-37.6,32.4,400000,44687,0.111717,152268,0.38067
-37.6,32.6,400000,44891,0.112227,152105,0.380263
-37.6,32.8,400000,44624,0.11156,151717,0.379292
-37.6,33,400000,44497,0.111242,151529,0.378823
-37.6,33.2,400000,44857,0.112143,152357,0.380893
-37.6,33.4,400000,44875,0.112187,152137,0.380342
-37.6,33.6,400000,44423,0.111058,151676,0.37919
-37.6,33.8,400000,45101,0.112753,152391,0.380978
-37.6,34,400000,45080,0.1127,152174,0.380435
-37.6,34.2,400000,44761,0.111903,152446,0.381115
-37.6,34.4,400000,44893,0.112232,151428,0.37857
-37.6,34.6,400000,45552,0.11388,152508,0.38127
-37.6,34.8,400000,45351,0.113378,151986,0.379965
-37.6,35,400000,44968,0.11242,151863,0.379657
-37.6,35.2,400000,44519,0.111297,151801,0.379503
-37.6,35.4,400000,44946,0.112365,151854,0.379635
-37.6,35.6,400000,44741,0.111852,152198,0.380495
-37.6,35.8,400000,44443,0.111107,152027,0.380068
-37.6,36,400000,45285,0.113212,152074,0.380185
-37.6,36.2,400000,44673,0.111683,151546,0.378865
-37.6,36.4,400000,44955,0.112388,152428,0.38107
-37.6,36.6,400000,44353,0.110882,151904,0.37976
-37.6,36.8,400000,44814,0.112035,152108,0.38027
-37.6,37,400000,44614,0.111535,152291,0.380727
-37.6,37.2,400000,45169,0.112922,152474,0.381185
-37.6,37.4,400000,45199,0.112998,152322,0.380805
-37.6,37.6,400000,44796,0.11199,151804,0.37951
-37.6,37.8,400000,44649,0.111622,151739,0.379348
-37.6,38,400000,44800,0.112,151790,0.379475
-37.6,38.2,400000,45020,0.11255,152084,0.38021
-37.6,38.4,400000,45418,0.113545,152239,0.380597
-37.6,38.6,400000,45493,0.113733,152697,0.381742
-37.6,38.8,400000,44647,0.111617,152318,0.380795
-37.6,39,400000,44486,0.111215,151307,0.378267
-37.6,39.2,400000,44745,0.111863,151856,0.37964
-37.6,39.4,400000,45453,0.113632,152263,0.380657
-37.6,39.6,400000,44729,0.111823,152381,0.380953
-37.6,39.8,400000,44906,0.112265,152152,0.38038
-37.6,40,400000,45249,0.113123,152150,0.380375
-37.6,40.2,400000,44856,0.11214,152153,0.380383
-37.6,40.4,400000,44913,0.112282,152224,0.38056
-37.6,40.6,400000,44907,0.112268,151681,0.379202
-37.6,40.8,400000,44348,0.11087,152022,0.380055
-37.6,41,400000,45228,0.11307,152084,0.38021
-37.6,41.2,400000,44914,0.112285,152215,0.380537
-37.6,41.4,400000,44954,0.112385,152296,0.38074
-37.6,41.6,400000,44242,0.110605,151674,0.379185
-37.6,41.8,400000,44489,0.111223,151689,0.379223
-37.6,42,400000,44981,0.112452,152202,0.380505
-37.6,42.2,400000,45514,0.113785,151955,0.379887
-37.6,42.4,400000,45479,0.113698,152045,0.380113
-37.6,42.6,400000,44800,0.112,152265,0.380663
-37.6,42.8,400000,44930,0.112325,152117,0.380292
-37.6,43,400000,44871,0.112177,152393,0.380983
-37.6,43.2,400000,45315,0.113287,152280,0.3807
-37.6,43.4,400000,44786,0.111965,152549,0.381373
-37.6,43.6,400000,44935,0.112338,151640,0.3791
-37.6,43.8,400000,45359,0.113397,152075,0.380188
-37.6,44,400000,45252,0.11313,152022,0.380055
-37.6,44.2,400000,45296,0.11324,152212,0.38053
-37.6,44.4,400000,44966,0.112415,151728,0.37932
-37.6,44.6,400000,45042,0.112605,151696,0.37924
-37.6,44.8,400000,44566,0.111415,151755,0.379387
-37.6,45,400000,44576,0.11144,152194,0.380485
-37.6,45.2,400000,45460,0.11365,152100,0.38025
-37.6,45.4,400000,44489,0.111223,151689,0.379223
-37.6,45.6,400000,44599,0.111497,151292,0.37823
-37.6,45.8,400000,45203,0.113007,152357,0.380893
-37.6,46,400000,44815,0.112037,152006,0.380015
-37.6,46.2,400000,45505,0.113763,152714,0.381785
-37.6,46.4,400000,45288,0.11322,152662,0.381655
-37.6,46.6,400000,44957,0.112393,151523,0.378808
-37.6,46.8,400000,45004,0.11251,152281,0.380702
-37.6,47,400000,45378,0.113445,152197,0.380493
-37.6,47.2,400000,44391,0.110978,152186,0.380465
-37.6,47.4,400000,44484,0.11121,152791,0.381978
-37.6,47.6,400000,44472,0.11118,152034,0.380085
-37.6,47.8,400000,44577,0.111442,151502,0.378755
-37.6,48,400000,44894,0.112235,151920,0.3798
-37.6,48.2,400000,45345,0.113363,152598,0.381495
-37.6,48.4,400000,44532,0.11133,151301,0.378252
-37.6,48.6,400000,45375,0.113437,151749,0.379373
-37.6,48.8,400000,44447,0.111117,151376,0.37844
-37.6,49,400000,44952,0.11238,151774,0.379435
-37.6,49.2,400000,45056,0.11264,151884,0.37971
-37.6,49.4,400000,44930,0.112325,152457,0.381142
-37.6,49.6,400000,44455,0.111138,151947,0.379868
-37.6,49.8,400000,44740,0.11185,151881,0.379702
-37.6,50,400000,44791,0.111977,152014,0.380035
-37.4,-50,400000,44657,0.111643,152177,0.380443
-37.4,-49.8,400000,44658,0.111645,152023,0.380057
-37.4,-49.6,400000,44906,0.112265,151725,0.379312
-37.4,-49.4,400000,45198,0.112995,152263,0.380657
-37.4,-49.2,400000,44611,0.111528,152125,0.380312
-37.4,-49,400000,44569,0.111422,151594,0.378985
-37.4,-48.8,400000,44865,0.112162,151597,0.378993
-37.4,-48.6,400000,44839,0.112098,151805,0.379512
-37.4,-48.4,400000,44666,0.111665,151541,0.378852
-37.4,-48.2,400000,44551,0.111378,152233,0.380582
-37.4,-48,400000,44792,0.11198,152714,0.381785
-37.4,-47.8,400000,44978,0.112445,152398,0.380995
-37.4,-47.6,400000,45275,0.113187,152492,0.38123
-37.4,-47.4,400000,44551,0.111378,152491,0.381227
-37.4,-47.2,400000,44500,0.11125,151664,0.37916
-37.4,-47,400000,45387,0.113467,152023,0.380057
-37.4,-46.8,400000,45233,0.113083,152311,0.380777
-37.4,-46.6,400000,44595,0.111488,151762,0.379405
-37.4,-46.4,400000,45061,0.112653,152280,0.3807
-37.4,-46.2,400000,45258,0.113145,152423,0.381057
-37.4,-46,400000,44531,0.111327,152126,0.380315
-37.4,-45.8,400000,44298,0.110745,151966,0.379915
-37.4,-45.6,400000,44973,0.112433,151895,0.379738
-37.4,-45.4,400000,45190,0.112975,152296,0.38074
-37.4,-45.2,400000,44894,0.112235,151979,0.379947
-37.4,-45,400000,44564,0.11141,151990,0.379975
-37.4,-44.8,400000,44790,0.111975,152587,0.381468
-37.4,-44.6,400000,44021,0.110052,151826,0.379565
-37.4,-44.4,400000,44988,0.11247,151866,0.379665
-37.4,-44.2,400000,45121,0.112802,152491,0.381227
-37.4,-44,400000,45070,0.112675,151935,0.379837
-37.4,-43.8,400000,45087,0.112717,151858,0.379645
-37.4,-43.6,400000,44836,0.11209,152561,0.381402
-37.4,-43.4,400000,44534,0.111335,151530,0.378825
-37.4,-43.2,400000,44615,0.111537,151953,0.379883
-37.4,-43,400000,44825,0.112062,151701,0.379252
-37.4,-42.8,400000,45407,0.113517,152426,0.381065
-37.4,-42.6,400000,44831,0.112077,151311,0.378277
-37.4,-42.4,400000,44600,0.1115,151844,0.37961
-37.4,-42.2,400000,45065,0.112662,151744,0.37936
-37.4,-42,400000,45275,0.113187,151655,0.379138
-37.4,-41.8,400000,44982,0.112455,152287,0.380717
-37.4,-41.6,400000,44102,0.110255,151864,0.37966
-37.4,-41.4,400000,44676,0.11169,151826,0.379565
-37.4,-41.2,400000,44987,0.112467,152123,0.380308
-37.4,-41,400000,45135,0.112837,152351,0.380877
-37.4,-40.8,400000,44637,0.111592,152222,0.380555
-37.4,-40.6,400000,45001,0.112503,152595,0.381487
-37.4,-40.4,400000,44529,0.111323,151960,0.3799
-37.4,-40.2,400000,44556,0.11139,152425,0.381063
-37.4,-40,400000,45197,0.112992,152663,0.381657
-37.4,-39.8,400000,44944,0.11236,151860,0.37965
-37.4,-39.6,400000,44922,0.112305,151892,0.37973
-37.4,-39.4,400000,44834,0.112085,152275,0.380688
-37.4,-39.2,400000,45255,0.113138,152037,0.380092
-37.4,-39,400000,44684,0.11171,151685,0.379213
-37.4,-38.8,400000,44545,0.111363,151987,0.379968
-37.4,-38.6,400000,44737,0.111842,151750,0.379375
-37.4,-38.4,400000,44644,0.11161,152478,0.381195
-37.4,-38.2,400000,45265,0.113162,152296,0.38074
-37.4,-38,400000,44658,0.111645,151892,0.37973
-37.4,-37.8,400000,44478,0.111195,151967,0.379918
-37.4,-37.6,400000,44711,0.111778,152175,0.380437
-37.4,-37.4,400000,44718,0.111795,152158,0.380395
-37.4,-37.2,400000,44973,0.112433,152775,0.381937
-37.4,-37,400000,44359,0.110897,152024,0.38006
-37.4,-36.8,400000,45334,0.113335,151340,0.37835
-37.4,-36.6,400000,45148,0.11287,152467,0.381167
-37.4,-36.4,400000,44741,0.111852,152300,0.38075
-37.4,-36.2,400000,44417,0.111043,151751,0.379377
-37.4,-36,400000,44899,0.112248,151834,0.379585
-37.4,-35.8,400000,45042,0.112605,152098,0.380245
-37.4,-35.6,400000,44739,0.111848,152022,0.380055
-37.4,-35.4,400000,44859,0.112147,151694,0.379235
-37.4,-35.2,400000,44652,0.11163,152251,0.380628
-37.4,-35,400000,44661,0.111653,153142,0.382855
-37.4,-34.8,400000,44756,0.11189,151994,0.379985
-37.4,-34.6,400000,45371,0.113428,151725,0.379312
-37.4,-34.4,400000,44711,0.111778,152000,0.38
-37.4,-34.2,400000,44913,0.112282,152862,0.382155
-37.4,-34,400000,44107,0.110268,151855,0.379638
-37.4,-33.8,400000,45114,0.112785,152647,0.381617
-37.4,-33.6,400000,44740,0.11185,151618,0.379045
-37.4,-33.4,400000,44643,0.111607,151448,0.37862
-37.4,-33.2,400000,44943,0.112357,152102,0.380255
-37.4,-33,400000,44433,0.111083,151773,0.379433
-37.4,-32.8,400000,45183,0.112958,152532,0.38133
-37.4,-32.6,400000,45062,0.112655,152301,0.380752
-37.4,-32.4,400000,44488,0.11122,151285,0.378213
-37.4,-32.2,400000,44717,0.111793,152085,0.380213
-37.4,-32,400000,45229,0.113073,152304,0.38076
-37.4,-31.8,400000,44232,0.11058,151728,0.37932
-37.4,-31.6,400000,44722,0.111805,151786,0.379465
-37.4,-31.4,400000,45124,0.11281,152302,0.380755
-37.4,-31.2,400000,45089,0.112723,151979,0.379947
-37.4,-31,400000,45148,0.11287,152537,0.381342
-37.4,-30.8,400000,44371,0.110927,152190,0.380475
-37.4,-30.6,400000,44608,0.11152,152184,0.38046
-37.4,-30.4,400000,44774,0.111935,151936,0.37984
-37.4,-30.2,400000,44987,0.112467,152028,0.38007
-37.4,-30,400000,44654,0.111635,152601,0.381503
-37.4,-29.8,400000,44897,0.112242,152276,0.38069
-37.4,-29.6,400000,44912,0.11228,152388,0.38097
-37.4,-29.4,400000,45205,0.113013,151997,0.379993
-37.4,-29.2,400000,45124,0.11281,152337,0.380842
-37.4,-29,400000,45099,0.112748,153067,0.382667
-37.4,-28.8,400000,45242,0.113105,152071,0.380178
-37.4,-28.6,400000,44939,0.112348,151966,0.379915
-37.4,-28.4,400000,45030,0.112575,151892,0.37973
-37.4,-28.2,400000,44633,0.111583,152874,0.382185
-37.4,-28,400000,44617,0.111543,152068,0.38017
-37.4,-27.8,400000,44931,0.112327,152226,0.380565
-37.4,-27.6,400000,44604,0.11151,151832,0.37958
-37.4,-27.4,400000,44674,0.111685,152175,0.380437
-37.4,-27.2,400000,45028,0.11257,151970,0.379925
-37.4,-27,400000,45082,0.112705,152044,0.38011
-37.4,-26.8,400000,44786,0.111965,151883,0.379707
-37.4,-26.6,400000,45198,0.112995,152287,0.380717
-37.4,-26.4,400000,44910,0.112275,152690,0.381725
-37.4,-26.2,400000,45015,0.112537,151446,0.378615
-37.4,-26,400000,44465,0.111162,151968,0.37992
-37.4,-25.8,400000,44812,0.11203,152159,0.380397
-37.4,-25.6,400000,45284,0.11321,152159,0.380397
-37.4,-25.4,400000,44318,0.110795,152492,0.38123
-37.4,-25.2,400000,44544,0.11136,151993,0.379983
-37.4,-25,400000,44674,0.111685,152176,0.38044
-37.4,-24.8,400000,44983,0.112458,152223,0.380557
-37.4,-24.6,400000,44532,0.11133,152173,0.380433
-37.4,-24.4,400000,45167,0.112918,152487,0.381217
-37.4,-24.2,400000,45440,0.1136,152563,0.381408
-37.4,-24,400000,44901,0.112253,152096,0.38024
-37.4,-23.8,400000,45039,0.112598,152548,0.38137
-37.4,-23.6,400000,44933,0.112333,152260,0.38065
-37.4,-23.4,400000,44645,0.111613,151853,0.379632
-37.4,-23.2,400000,44760,0.1119,152073,0.380182
-37.4,-23,400000,44647,0.111617,151773,0.379433
-37.4,-22.8,400000,45145,0.112863,152275,0.380688
-37.4,-22.6,400000,45209,0.113022,152448,0.38112
-37.4,-22.4,400000,45227,0.113068,152445,0.381113
-37.4,-22.2,400000,44485,0.111213,152518,0.381295
-37.4,-22,400000,44920,0.1123,151971,0.379927
-37.4,-21.8,400000,44818,0.112045,152289,0.380723
-37.4,-21.6,400000,44530,0.111325,152016,0.38004
-37.4,-21.4,400000,44883,0.112208,152295,0.380738
-37.4,-21.2,400000,44625,0.111562,152240,0.3806
-37.4,-21,400000,44536,0.11134,152301,0.380752
-37.4,-20.8,400000,44696,0.11174,152120,0.3803
-37.4,-20.6,400000,44542,0.111355,152024,0.38006
-37.4,-20.4,400000,45135,0.112837,152535,0.381337
-37.4,-20.2,400000,44700,0.11175,152209,0.380522
-37.4,-20,400000,45455,0.113638,152395,0.380987
-37.4,-19.8,400000,44764,0.11191,152563,0.381408
-37.4,-19.6,400000,44625,0.111562,151937,0.379843
-37.4,-19.4,400000,44975,0.112437,152327,0.380817
-37.4,-19.2,400000,44777,0.111943,152385,0.380962
-37.4,-19,400000,44624,0.11156,152240,0.3806
-37.4,-18.8,400000,44699,0.111747,152263,0.380657
-37.4,-18.6,400000,45057,0.112643,152284,0.38071
-37.4,-18.4,400000,44673,0.111683,152074,0.380185
-37.4,-18.2,400000,44700,0.11175,151835,0.379588
-37.4,-18,400000,44597,0.111492,152046,0.380115
-37.4,-17.8,400000,44668,0.11167,151856,0.37964
-37.4,-17.6,400000,44773,0.111933,151996,0.37999
-37.4,-17.4,400000,44993,0.112482,152437,0.381093
-37.4,-17.2,400000,44909,0.112272,152213,0.380532
-37.4,-17,400000,44541,0.111352,151861,0.379653
-37.4,-16.8,400000,45024,0.11256,151882,0.379705
-37.4,-16.6,400000,44512,0.11128,151835,0.379588
-37.4,-16.4,400000,44835,0.112088,151624,0.37906
-37.4,-16.2,400000,44824,0.11206,152221,0.380553
-37.4,-16,400000,44974,0.112435,152847,0.382117
-37.4,-15.8,400000,44988,0.11247,152271,0.380678
-37.4,-15.6,400000,44611,0.111528,151484,0.37871
-37.4,-15.4,400000,44952,0.11238,152093,0.380232
-37.4,-15.2,400000,44434,0.111085,151734,0.379335
-37.4,-15,400000,44683,0.111708,151705,0.379263
-37.4,-14.8,400000,44947,0.112367,151969,0.379922
-37.4,-14.6,400000,44638,0.111595,151961,0.379902
-37.4,-14.4,400000,44697,0.111742,151270,0.378175
-37.4,-14.2,400000,44944,0.11236,152426,0.381065
-37.4,-14,400000,45119,0.112797,152466,0.381165
-37.4,-13.8,400000,45366,0.113415,152506,0.381265
-37.4,-13.6,400000,44627,0.111568,152201,0.380503
-37.4,-13.4,400000,45239,0.113098,152259,0.380648
-37.4,-13.2,400000,44685,0.111713,152376,0.38094
-37.4,-13,400000,44737,0.111842,152096,0.38024
-37.4,-12.8,400000,45153,0.112882,152357,0.380893
-37.4,-12.6,400000,44733,0.111833,152107,0.380267
-37.4,-12.4,400000,45028,0.11257,152245,0.380613
-37.4,-12.2,400000,44806,0.112015,151806,0.379515
-37.4,-12,400000,45129,0.112823,152639,0.381597
-37.4,-11.8,400000,45002,0.112505,151902,0.379755
-37.4,-11.6,400000,44579,0.111448,151323,0.378308
-37.4,-11.4,400000,44860,0.11215,152275,0.380688
-37.4,-11.2,400000,44574,0.111435,152163,0.380408
-37.4,-11,400000,44770,0.111925,152141,0.380352
-37.4,-10.8,400000,44282,0.110705,151525,0.378812
-37.4,-10.6,400000,44886,0.112215,152329,0.380823
-37.4,-10.4,400000,44814,0.112035,152092,0.38023
-37.4,-10.2,400000,44567,0.111418,151960,0.3799
-37.4,-10,400000,44956,0.11239,152181,0.380453
-37.4,-9.8,400000,45009,0.112522,152031,0.380078
-37.4,-9.6,400000,44972,0.11243,152117,0.380292
-37.4,-9.4,400000,44691,0.111727,152151,0.380377
-37.4,-9.2,400000,44860,0.11215,152189,0.380472
-37.4,-9,400000,44708,0.11177,151718,0.379295
-37.4,-8.8,400000,44555,0.111388,151714,0.379285
-37.4,-8.6,400000,44545,0.111363,152192,0.38048
-37.4,-8.4,400000,44638,0.111595,152024,0.38006
-37.4,-8.2,400000,45151,0.112878,152152,0.38038
-37.4,-8,400000,44486,0.111215,152062,0.380155
-37.4,-7.8,400000,44738,0.111845,152293,0.380732
-37.4,-7.6,400000,44758,0.111895,151962,0.379905
-37.4,-7.4,400000,44569,0.111422,151798,0.379495
-37.4,-7.2,400000,44976,0.11244,152317,0.380792
-37.4,-7,400000,44805,0.112013,152383,0.380958
-37.4,-6.8,400000,45139,0.112848,152645,0.381613
-37.4,-6.6,400000,44948,0.11237,151996,0.37999
-37.4,-6.4,400000,45113,0.112782,152288,0.38072
-37.4,-6.2,400000,44898,0.112245,152063,0.380157
-37.4,-6,400000,44793,0.111982,151811,0.379528
-37.4,-5.8,400000,44852,0.11213,152065,0.380163
-37.4,-5.6,400000,44519,0.111297,151920,0.3798
-37.4,-5.4,400000,44834,0.112085,151631,0.379078
-37.4,-5.2,400000,44553,0.111382,152604,0.38151
-37.4,-5,400000,44454,0.111135,151362,0.378405
-37.4,-4.8,400000,44717,0.111793,151992,0.37998
-37.4,-4.6,400000,44910,0.112275,151861,0.379653
-37.4,-4.4,400000,44032,0.11008,151275,0.378188
-37.4,-4.2,400000,44951,0.112378,152433,0.381082
-37.4,-4,400000,45331,0.113327,152071,0.380178
-37.4,-3.8,400000,45099,0.112748,151687,0.379217
-37.4,-3.6,400000,44894,0.112235,152297,0.380742
-37.4,-3.4,400000,45200,0.113,152027,0.380068
-37.4,-3.2,400000,44438,0.111095,152122,0.380305
-37.4,-3,400000,44976,0.11244,152334,0.380835
-37.4,-2.8,400000,44552,0.11138,152211,0.380528
-37.4,-2.6,400000,45094,0.112735,152465,0.381163
-37.4,-2.4,400000,44911,0.112278,151857,0.379642
-37.4,-2.2,400000,45010,0.112525,151796,0.37949
-37.4,-2,400000,44903,0.112257,152083,0.380207
-37.4,-1.8,400000,44878,0.112195,152133,0.380333
-37.4,-1.6,400000,44488,0.11122,151979,0.379947
-37.4,-1.4,400000,45094,0.112735,152051,0.380128
-37.4,-1.2,400000,45247,0.113117,152412,0.38103
-37.4,-1,400000,45238,0.113095,152313,0.380783
-37.4,-0.8,400000,45213,0.113032,152275,0.380688
-37.4,-0.6,400000,45009,0.112522,151819,0.379547
-37.4,-0.4,400000,45449,0.113623,152148,0.38037
-37.4,-0.2,400000,45255,0.113138,152327,0.380817
-37.4,0,400000,45042,0.112605,152534,0.381335
-37.4,0.2,400000,44367,0.110918,151792,0.37948
-37.4,0.4,400000,44775,0.111937,151618,0.379045
-37.4,0.6,400000,45205,0.113013,152738,0.381845
-37.4,0.8,400000,44959,0.112397,151737,0.379343
-37.4,1,400000,44760,0.1119,151949,0.379873
-37.4,1.2,400000,45345,0.113363,152481,0.381202
-37.4,1.4,400000,44963,0.112407,152537,0.381342
-37.4,1.6,400000,44683,0.111708,152908,0.38227
-37.4,1.8,400000,44528,0.11132,151274,0.378185
-37.4,2,400000,44845,0.112113,151601,0.379003
-37.4,2.2,400000,44874,0.112185,152334,0.380835
-37.4,2.4,400000,45001,0.112503,152257,0.380642
-37.4,2.6,400000,44610,0.111525,151995,0.379987
-37.4,2.8,400000,44495,0.111238,151799,0.379497
-37.4,3,400000,44717,0.111793,151943,0.379858
-37.4,3.2,400000,45016,0.11254,152321,0.380802
-37.4,3.4,400000,44749,0.111872,151908,0.37977
-37.4,3.6,400000,44788,0.11197,152198,0.380495
-37.4,3.8,400000,44504,0.11126,151824,0.37956
-37.4,4,400000,45106,0.112765,151915,0.379788
-37.4,4.2,400000,44574,0.111435,152026,0.380065
-37.4,4.4,400000,44717,0.111793,152049,0.380122
-37.4,4.6,400000,44574,0.111435,152193,0.380483
-37.4,4.8,400000,45626,0.114065,152281,0.380702
-37.4,5,400000,45086,0.112715,152062,0.380155
-37.4,5.2,400000,44976,0.11244,152676,0.38169
-37.4,5.4,400000,44997,0.112492,151847,0.379617
-37.4,5.6,400000,45194,0.112985,152703,0.381758
-37.4,5.8,400000,44762,0.111905,151962,0.379905
-37.4,6,400000,44457,0.111143,151830,0.379575
-37.4,6.2,400000,44954,0.112385,152202,0.380505
-37.4,6.4,400000,44914,0.112285,152273,0.380682
-37.4,6.6,400000,45098,0.112745,152192,0.38048
-37.4,6.8,400000,44792,0.11198,152178,0.380445
-37.4,7,400000,44643,0.111607,152428,0.38107
-37.4,7.2,400000,45411,0.113528,152176,0.38044
-37.4,7.4,400000,44849,0.112122,151992,0.37998
-37.4,7.6,400000,44797,0.111992,152062,0.380155
-37.4,7.8,400000,44788,0.11197,151964,0.37991
-37.4,8,400000,45074,0.112685,152253,0.380632
-37.4,8.2,400000,45038,0.112595,151873,0.379682
-37.4,8.4,400000,45097,0.112742,152058,0.380145
-37.4,8.6,400000,44707,0.111768,151367,0.378418
-37.4,8.8,400000,44881,0.112202,151927,0.379817
-37.4,9,400000,44597,0.111492,152338,0.380845
-37.4,9.2,400000,45122,0.112805,152458,0.381145
-37.4,9.4,400000,45210,0.113025,152828,0.38207
-37.4,9.6,400000,44874,0.112185,152400,0.381
-37.4,9.8,400000,45498,0.113745,152590,0.381475
-37.4,10,400000,44589,0.111473,152521,0.381302
-37.4,10.2,400000,44714,0.111785,152059,0.380148
-37.4,10.4,400000,44688,0.11172,151581,0.378953
-37.4,10.6,400000,44500,0.11125,151084,0.37771
-37.4,10.8,400000,44737,0.111842,151908,0.37977
-37.4,11,400000,44708,0.11177,152176,0.38044
-37.4,11.2,400000,45175,0.112937,152310,0.380775
-37.4,11.4,400000,44947,0.112367,151951,0.379877
-37.4,11.6,400000,44510,0.111275,152122,0.380305
-37.4,11.8,400000,44711,0.111778,152192,0.38048
-37.4,12,400000,44986,0.112465,152100,0.38025
-37.4,12.2,400000,44876,0.11219,152384,0.38096
-37.4,12.4,400000,44485,0.111213,151749,0.379373
-37.4,12.6,400000,44721,0.111802,151724,0.37931
-37.4,12.8,400000,44912,0.11228,152040,0.3801
-37.4,13,400000,44952,0.11238,152129,0.380323
-37.4,13.2,400000,44658,0.111645,152190,0.380475
-37.4,13.4,400000,44739,0.111848,152290,0.380725
-37.4,13.6,400000,45020,0.11255,152355,0.380887
-37.4,13.8,400000,44484,0.11121,152065,0.380163
-37.4,14,400000,44733,0.111833,152457,0.381142
-37.4,14.2,400000,45085,0.112712,152381,0.380953
-37.4,14.4,400000,44961,0.112403,152964,0.38241
-37.4,14.6,400000,44734,0.111835,151964,0.37991
-37.4,14.8,400000,44619,0.111547,151646,0.379115
-37.4,15,400000,44510,0.111275,152302,0.380755
-37.4,15.2,400000,44046,0.110115,151707,0.379267
-37.4,15.4,400000,44542,0.111355,152189,0.380472
-37.4,15.6,400000,44925,0.112312,152264,0.38066
-37.4,15.8,400000,44753,0.111882,152468,0.38117
-37.4,16,400000,44976,0.11244,152423,0.381057
-37.4,16.2,400000,44627,0.111568,151573,0.378933
-37.4,16.4,400000,45335,0.113337,152199,0.380497
-37.4,16.6,400000,44952,0.11238,152277,0.380692
-37.4,16.8,400000,44926,0.112315,152219,0.380547
-37.4,17,400000,44848,0.11212,151764,0.37941
-37.4,17.2,400000,45107,0.112768,152223,0.380557
-37.4,17.4,400000,44549,0.111372,151666,0.379165
-37.4,17.6,400000,44588,0.11147,152158,0.380395
-37.4,17.8,400000,45523,0.113808,152306,0.380765
-37.4,18,400000,44661,0.111653,152137,0.380342
-37.4,18.2,400000,44326,0.110815,151580,0.37895
-37.4,18.4,400000,44501,0.111253,152185,0.380462
-37.4,18.6,400000,44890,0.112225,151836,0.37959
-37.4,18.8,400000,45075,0.112687,152192,0.38048
-37.4,19,400000,44882,0.112205,151597,0.378993
-37.4,19.2,400000,44231,0.110577,151814,0.379535
-37.4,19.4,400000,45265,0.113162,152197,0.380493
-37.4,19.6,400000,45014,0.112535,152009,0.380022
-37.4,19.8,400000,45107,0.112768,152347,0.380868
-37.4,20,400000,44701,0.111753,152083,0.380207
-37.4,20.2,400000,44865,0.112162,152307,0.380767
-37.4,20.4,400000,44417,0.111043,151388,0.37847
-37.4,20.6,400000,44761,0.111903,152211,0.380528
-37.4,20.8,400000,44711,0.111778,151962,0.379905
-37.4,21,400000,44948,0.11237,151856,0.37964
-37.4,21.2,400000,44258,0.110645,151124,0.37781
-37.4,21.4,400000,44996,0.11249,152185,0.380462
-37.4,21.6,400000,45024,0.11256,152154,0.380385
-37.4,21.8,400000,44640,0.1116,151863,0.379657
-37.4,22,400000,44340,0.11085,151554,0.378885
-37.4,22.2,400000,43847,0.109618,151623,0.379057
-37.4,22.4,400000,44748,0.11187,152428,0.38107
-37.4,22.6,400000,44809,0.112022,152430,0.381075
-37.4,22.8,400000,45236,0.11309,152280,0.3807
-37.4,23,400000,44598,0.111495,152128,0.38032
-37.4,23.2,400000,44905,0.112263,152322,0.380805
-37.4,23.4,400000,45179,0.112948,151583,0.378958
-37.4,23.6,400000,44576,0.11144,151746,0.379365
-37.4,23.8,400000,44928,0.11232,152281,0.380702
-37.4,24,400000,45279,0.113198,152565,0.381412
-37.4,24.2,400000,43959,0.109897,151407,0.378518
-37.4,24.4,400000,44546,0.111365,151876,0.37969
-37.4,24.6,400000,45130,0.112825,151724,0.37931
-37.4,24.8,400000,44753,0.111882,152247,0.380617
-37.4,25,400000,45151,0.112878,151917,0.379792
-37.4,25.2,400000,44152,0.11038,151447,0.378617
-37.4,25.4,400000,44963,0.112407,152055,0.380138
-37.4,25.6,400000,44924,0.11231,152439,0.381097
-37.4,25.8,400000,45042,0.112605,152168,0.38042
-37.4,26,400000,44848,0.11212,152102,0.380255
-37.4,26.2,400000,45129,0.112823,152054,0.380135
-37.4,26.4,400000,44597,0.111492,151773,0.379433
-37.4,26.6,400000,44762,0.111905,151225,0.378063
-37.4,26.8,400000,45259,0.113147,151558,0.378895
-37.4,27,400000,45454,0.113635,152603,0.381507
-37.4,27.2,400000,45145,0.112863,152704,0.38176
-37.4,27.4,400000,44518,0.111295,151392,0.37848
-37.4,27.6,400000,44992,0.11248,151737,0.379343
-37.4,27.8,400000,44966,0.112415,152052,0.38013
-37.4,28,400000,44610,0.111525,152316,0.38079
-37.4,28.2,400000,45052,0.11263,152400,0.381
-37.4,28.4,400000,44620,0.11155,151806,0.379515
-37.4,28.6,400000,44897,0.112242,152085,0.380213
-37.4,28.8,400000,44838,0.112095,152173,0.380433
-37.4,29,400000,45048,0.11262,153167,0.382918
-37.4,29.2,400000,45133,0.112833,152510,0.381275
-37.4,29.4,400000,44760,0.1119,152107,0.380267
-37.4,29.6,400000,45134,0.112835,152119,0.380298
-37.4,29.8,400000,45095,0.112738,152220,0.38055
-37.4,30,400000,45195,0.112988,152148,0.38037
-37.4,30.2,400000,45339,0.113348,152434,0.381085
-37.4,30.4,400000,44241,0.110603,152213,0.380532
-37.4,30.6,400000,45333,0.113333,152270,0.380675
-37.4,30.8,400000,44206,0.110515,151829,0.379572
-37.4,31,400000,44618,0.111545,151550,0.378875
-37.4,31.2,400000,45272,0.11318,152373,0.380933
-37.4,31.4,400000,45016,0.11254,151941,0.379852
-37.4,31.6,400000,44919,0.112297,152019,0.380047
-37.4,31.8,400000,44417,0.111043,151959,0.379897
-37.4,32,400000,44721,0.111802,152088,0.38022
-37.4,32.2,400000,44506,0.111265,151312,0.37828
-37.4,32.4,400000,45186,0.112965,152056,0.38014
-37.4,32.6,400000,45266,0.113165,152231,0.380578
-37.4,32.8,400000,45156,0.11289,152319,0.380798
-37.4,33,400000,44596,0.11149,151957,0.379893
-37.4,33.2,400000,44273,0.110683,151739,0.379348
-37.4,33.4,400000,44942,0.112355,151901,0.379752
-37.4,33.6,400000,45147,0.112867,152384,0.38096
-37.4,33.8,400000,44734,0.111835,151674,0.379185
-37.4,34,400000,44381,0.110952,151725,0.379312
-37.4,34.2,400000,45146,0.112865,153118,0.382795
-37.4,34.4,400000,45203,0.113007,152260,0.38065
-37.4,34.6,400000,45299,0.113248,152620,0.38155
-37.4,34.8,400000,44520,0.1113,151997,0.379993
-37.4,35,400000,45010,0.112525,151993,0.379983
-37.4,35.2,400000,44924,0.11231,152426,0.381065
-37.4,35.4,400000,44990,0.112475,152186,0.380465
-37.4,35.6,400000,44837,0.112092,152146,0.380365
-37.4,35.8,400000,45087,0.112717,152240,0.3806
-37.4,36,400000,44415,0.111037,151566,0.378915
-37.4,36.2,400000,44898,0.112245,152024,0.38006
-37.4,36.4,400000,44579,0.111448,151700,0.37925
-37.4,36.6,400000,44665,0.111662,152365,0.380912
-37.4,36.8,400000,45181,0.112952,152211,0.380528
-37.4,37,400000,44676,0.11169,151926,0.379815
-37.4,37.2,400000,45017,0.112543,152277,0.380692
-37.4,37.4,400000,44225,0.110562,152054,0.380135
-37.4,37.6,400000,45028,0.11257,152049,0.380122
-37.4,37.8,400000,44961,0.112403,152565,0.381412
-37.4,38,400000,44402,0.111005,151868,0.37967
-37.4,38.2,400000,45009,0.112522,152024,0.38006
-37.4,38.4,400000,44779,0.111948,151943,0.379858
-37.4,38.6,400000,45006,0.112515,152070,0.380175
-37.4,38.8,400000,45023,0.112558,151916,0.37979
-37.4,39,400000,44555,0.111388,151303,0.378258
-37.4,39.2,400000,45189,0.112973,152930,0.382325
-37.4,39.4,400000,44547,0.111367,151747,0.379368
-37.4,39.6,400000,44642,0.111605,151647,0.379117
-37.4,39.8,400000,45271,0.113178,152127,0.380317
-37.4,40,400000,44447,0.111117,152349,0.380873
-37.4,40.2,400000,44937,0.112342,152120,0.3803
-37.4,40.4,400000,45169,0.112922,151857,0.379642
-37.4,40.6,400000,44830,0.112075,151471,0.378678
-37.4,40.8,400000,44691,0.111727,152108,0.38027
-37.4,41,400000,45149,0.112873,151863,0.379657
-37.4,41.2,400000,44540,0.11135,151989,0.379972
-37.4,41.4,400000,45448,0.11362,152339,0.380848
-37.4,41.6,400000,44587,0.111467,152165,0.380412
-37.4,41.8,400000,44941,0.112352,152064,0.38016
-37.4,42,400000,44680,0.1117,151843,0.379607
-37.4,42.2,400000,44878,0.112195,151764,0.37941
-37.4,42.4,400000,44488,0.11122,151394,0.378485
-37.4,42.6,400000,45077,0.112693,151946,0.379865
-37.4,42.8,400000,44659,0.111647,151595,0.378987
-37.4,43,400000,44688,0.11172,152471,0.381178
-37.4,43.2,400000,45146,0.112865,152111,0.380277
-37.4,43.4,400000,44773,0.111933,152294,0.380735
-37.4,43.6,400000,44527,0.111317,151570,0.378925
-37.4,43.8,400000,44802,0.112005,151848,0.37962
-37.4,44,400000,44864,0.11216,152220,0.38055
-37.4,44.2,400000,44967,0.112418,152039,0.380097
-37.4,44.4,400000,44603,0.111507,151658,0.379145
-37.4,44.6,400000,44766,0.111915,151299,0.378248
-37.4,44.8,400000,45102,0.112755,152208,0.38052
-37.4,45,400000,44686,0.111715,152068,0.38017
-37.4,45.2,400000,44800,0.112,151889,0.379723
-37.4,45.4,400000,45244,0.11311,152548,0.38137
-37.4,45.6,400000,44751,0.111878,151918,0.379795
-37.4,45.8,400000,44633,0.111583,152042,0.380105
-37.4,46,400000,44704,0.11176,152028,0.38007
-37.4,46.2,400000,44241,0.110603,151493,0.378733
-37.4,46.4,400000,44829,0.112073,151570,0.378925
-37.4,46.6,400000,44774,0.111935,152006,0.380015
-37.4,46.8,400000,44929,0.112323,152273,0.380682
-37.4,47,400000,44857,0.112143,151950,0.379875
-37.4,47.2,400000,45379,0.113448,152630,0.381575
-37.4,47.4,400000,44980,0.11245,152005,0.380012
-37.4,47.6,400000,44658,0.111645,152077,0.380192
-37.4,47.8,400000,45152,0.11288,152404,0.38101
-37.4,48,400000,44756,0.11189,152092,0.38023
-37.4,48.2,400000,45083,0.112708,152072,0.38018
-37.4,48.4,400000,44817,0.112043,152113,0.380283
-37.4,48.6,400000,44987,0.112467,152122,0.380305
-37.4,48.8,400000,44568,0.11142,152234,0.380585
-37.4,49,400000,44468,0.11117,151614,0.379035
-37.4,49.2,400000,44828,0.11207,151794,0.379485
-37.4,49.4,400000,45068,0.11267,151967,0.379918
-37.4,49.6,400000,44840,0.1121,152170,0.380425
-37.4,49.8,400000,44504,0.11126,151337,0.378343
-37.4,50,400000,45216,0.11304,152252,0.38063
-37.2,-50,400000,44894,0.112235,152514,0.381285
-37.2,-49.8,400000,44515,0.111287,151976,0.37994
-37.2,-49.6,400000,44206,0.110515,151646,0.379115
-37.2,-49.4,400000,45038,0.112595,151686,0.379215
-37.2,-49.2,400000,45122,0.112805,152117,0.380292
-37.2,-49,400000,44713,0.111783,151973,0.379933
-37.2,-48.8,400000,44881,0.112202,151659,0.379148
-37.2,-48.6,400000,44391,0.110978,151754,0.379385
-37.2,-48.4,400000,44755,0.111888,151735,0.379337
-37.2,-48.2,400000,44801,0.112003,152267,0.380667
-37.2,-48,400000,45017,0.112543,152334,0.380835
-37.2,-47.8,400000,44807,0.112018,152120,0.3803
-37.2,-47.6,400000,45096,0.11274,152451,0.381128
-37.2,-47.4,400000,44915,0.112287,152371,0.380927
-37.2,-47.2,400000,45219,0.113047,151863,0.379657
-37.2,-47,400000,45102,0.112755,152147,0.380368
-37.2,-46.8,400000,44659,0.111647,151573,0.378933
-37.2,-46.6,400000,45059,0.112647,152340,0.38085
-37.2,-46.4,400000,44367,0.110918,152184,0.38046
-37.2,-46.2,400000,44678,0.111695,151708,0.37927
-37.2,-46,400000,44172,0.11043,151709,0.379273
-37.2,-45.8,400000,44921,0.112302,151923,0.379808
-37.2,-45.6,400000,44714,0.111785,152275,0.380688
-37.2,-45.4,400000,44618,0.111545,151964,0.37991
-37.2,-45.2,400000,45253,0.113132,152432,0.38108
-37.2,-45,400000,44919,0.112297,152043,0.380107
-37.2,-44.8,400000,44963,0.112407,152391,0.380978
-37.2,-44.6,400000,44544,0.11136,152374,0.380935
-37.2,-44.4,400000,44600,0.1115,152253,0.380632
-37.2,-44.2,400000,44615,0.111537,152544,0.38136
-37.2,-44,400000,45272,0.11318,152641,0.381603
-37.2,-43.8,400000,45091,0.112727,151816,0.37954
-37.2,-43.6,400000,44494,0.111235,151732,0.37933
-37.2,-43.4,400000,44819,0.112047,152193,0.380483
-37.2,-43.2,400000,44639,0.111598,151734,0.379335
-37.2,-43,400000,44820,0.11205,151543,0.378858
-37.2,-42.8,400000,44928,0.11232,151516,0.37879
-37.2,-42.6,400000,45099,0.112748,151885,0.379713
-37.2,-42.4,400000,44477,0.111192,151967,0.379918
-37.2,-42.2,400000,44606,0.111515,152242,0.380605
-37.2,-42,400000,44663,0.111658,151756,0.37939
-37.2,-41.8,400000,44701,0.111753,152124,0.38031
-37.2,-41.6,400000,45238,0.113095,152559,0.381398
-37.2,-41.4,400000,45056,0.11264,152424,0.38106
-37.2,-41.2,400000,44952,0.11238,152577,0.381443
-37.2,-41,400000,44867,0.112168,152000,0.38
-37.2,-40.8,400000,44766,0.111915,151768,0.37942
-37.2,-40.6,400000,43969,0.109923,151735,0.379337
-37.2,-40.4,400000,45097,0.112742,152183,0.380458
-37.2,-40.2,400000,44956,0.11239,152084,0.38021
-37.2,-40,400000,45118,0.112795,152013,0.380032
-37.2,-39.8,400000,44662,0.111655,151883,0.379707
-37.2,-39.6,400000,45052,0.11263,152400,0.381
-37.2,-39.4,400000,45364,0.11341,153137,0.382842
-37.2,-39.2,400000,44998,0.112495,151909,0.379773
-37.2,-39,400000,44353,0.110882,151625,0.379063
-37.2,-38.8,400000,44835,0.112088,152111,0.380277
-37.2,-38.6,400000,44987,0.112467,152784,0.38196
-37.2,-38.4,400000,44454,0.111135,152062,0.380155
-37.2,-38.2,400000,45371,0.113428,152653,0.381632
-37.2,-38,400000,44415,0.111037,152316,0.38079
-37.2,-37.8,400000,44900,0.11225,151364,0.37841
-37.2,-37.6,400000,44600,0.1115,152272,0.38068
-37.2,-37.4,400000,44585,0.111463,152382,0.380955
-37.2,-37.2,400000,44969,0.112422,152210,0.380525
-37.2,-37,400000,44687,0.111717,152233,0.380582
-37.2,-36.8,400000,44970,0.112425,151485,0.378713
-37.2,-36.6,400000,44945,0.112363,152794,0.381985
-37.2,-36.4,400000,44849,0.112122,151840,0.3796
-37.2,-36.2,400000,44942,0.112355,151988,0.37997
-37.2,-36,400000,44909,0.112272,151789,0.379472
-37.2,-35.8,400000,44878,0.112195,151606,0.379015
-37.2,-35.6,400000,44857,0.112143,152188,0.38047
-37.2,-35.4,400000,45101,0.112753,152244,0.38061
-37.2,-35.2,400000,45019,0.112547,152088,0.38022
-37.2,-35,400000,45000,0.1125,151920,0.3798
-37.2,-34.8,400000,45033,0.112583,152439,0.381097
-37.2,-34.6,400000,45087,0.112717,152238,0.380595
-37.2,-34.4,400000,44840,0.1121,152013,0.380032
-37.2,-34.2,400000,45025,0.112562,152369,0.380922
-37.2,-34,400000,45115,0.112787,152162,0.380405
-37.2,-33.8,400000,45391,0.113477,152586,0.381465
-37.2,-33.6,400000,44858,0.112145,152386,0.380965
-37.2,-33.4,400000,45157,0.112893,152734,0.381835
-37.2,-33.2,400000,45182,0.112955,152353,0.380883
-37.2,-33,400000,45278,0.113195,152132,0.38033
-37.2,-32.8,400000,44713,0.111783,151874,0.379685
-37.2,-32.6,400000,45033,0.112583,152543,0.381358
-37.2,-32.4,400000,44996,0.11249,152278,0.380695
-37.2,-32.2,400000,44991,0.112477,152430,0.381075
-37.2,-32,400000,44133,0.110333,151730,0.379325
-37.2,-31.8,400000,44620,0.11155,151980,0.37995
-37.2,-31.6,400000,44382,0.110955,151369,0.378422
-37.2,-31.4,400000,45209,0.113022,152415,0.381037
-37.2,-31.2,400000,45155,0.112888,152403,0.381007
-37.2,-31,400000,44914,0.112285,151997,0.379993
-37.2,-30.8,400000,44551,0.111378,151909,0.379773
-37.2,-30.6,400000,44820,0.11205,151815,0.379538
-37.2,-30.4,400000,44913,0.112282,152306,0.380765
-37.2,-30.2,400000,45254,0.113135,151961,0.379902
-37.2,-30,400000,44522,0.111305,151690,0.379225
-37.2,-29.8,400000,44454,0.111135,151624,0.37906
-37.2,-29.6,400000,44599,0.111497,152579,0.381447
-37.2,-29.4,400000,44523,0.111308,151688,0.37922
-37.2,-29.2,400000,44641,0.111602,152136,0.38034
-37.2,-29,400000,44954,0.112385,151524,0.37881
-37.2,-28.8,400000,44273,0.110683,152007,0.380018
-37.2,-28.6,400000,45285,0.113212,152097,0.380242
-37.2,-28.4,400000,44915,0.112287,152399,0.380997
-37.2,-28.2,400000,45238,0.113095,152587,0.381468
-37.2,-28,400000,44483,0.111208,151331,0.378327
-37.2,-27.8,400000,44600,0.1115,151803,0.379507
-37.2,-27.6,400000,44884,0.11221,152300,0.38075
-37.2,-27.4,400000,44867,0.112168,152103,0.380258
-37.2,-27.2,400000,45149,0.112873,152130,0.380325
-37.2,-27,400000,45453,0.113632,152538,0.381345
-37.2,-26.8,400000,45014,0.112535,152354,0.380885
-37.2,-26.6,400000,44829,0.112073,152336,0.38084
-37.2,-26.4,400000,45015,0.112537,151976,0.37994
-37.2,-26.2,400000,45041,0.112602,152651,0.381628
-37.2,-26,400000,44940,0.11235,152300,0.38075
-37.2,-25.8,400000,44638,0.111595,152462,0.381155
-37.2,-25.6,400000,44921,0.112302,152214,0.380535
-37.2,-25.4,400000,44544,0.11136,151759,0.379397
-37.2,-25.2,400000,44833,0.112083,152316,0.38079
-37.2,-25,400000,44761,0.111903,152248,0.38062
-37.2,-24.8,400000,45146,0.112865,152583,0.381458
-37.2,-24.6,400000,44974,0.112435,152737,0.381842
-37.2,-24.4,400000,45094,0.112735,151766,0.379415
-37.2,-24.2,400000,44419,0.111047,152125,0.380312
-37.2,-24,400000,44450,0.111125,151929,0.379823
-37.2,-23.8,400000,44732,0.11183,152473,0.381182
-37.2,-23.6,400000,44743,0.111857,151481,0.378702
-37.2,-23.4,400000,44856,0.11214,152286,0.380715
-37.2,-23.2,400000,44658,0.111645,152435,0.381088
-37.2,-23,400000,44313,0.110783,151199,0.377997
-37.2,-22.8,400000,44704,0.11176,152114,0.380285
-37.2,-22.6,400000,44779,0.111948,152039,0.380097
-37.2,-22.4,400000,44707,0.111768,151629,0.379072
-37.2,-22.2,400000,44557,0.111393,151686,0.379215
-37.2,-22,400000,45388,0.11347,152541,0.381352
-37.2,-21.8,400000,44611,0.111528,151685,0.379213
-37.2,-21.6,400000,45107,0.112768,152084,0.38021
-37.2,-21.4,400000,45183,0.112958,152151,0.380377
-37.2,-21.2,400000,44965,0.112412,152633,0.381582
-37.2,-21,400000,44684,0.11171,152078,0.380195
-37.2,-20.8,400000,44744,0.11186,151251,0.378128
-37.2,-20.6,400000,44747,0.111867,151204,0.37801
-37.2,-20.4,400000,44958,0.112395,151794,0.379485
-37.2,-20.2,400000,44518,0.111295,152294,0.380735
-37.2,-20,400000,45001,0.112503,151826,0.379565
-37.2,-19.8,400000,44508,0.11127,152205,0.380512
-37.2,-19.6,400000,44823,0.112058,151970,0.379925
-37.2,-19.4,400000,44744,0.11186,152167,0.380418
-37.2,-19.2,400000,44547,0.111367,151835,0.379588
-37.2,-19,400000,44248,0.11062,152003,0.380007
-37.2,-18.8,400000,44572,0.11143,152334,0.380835
-37.2,-18.6,400000,44523,0.111308,152441,0.381103
-37.2,-18.4,400000,45265,0.113162,152710,0.381775
-37.2,-18.2,400000,44410,0.111025,152022,0.380055
-37.2,-18,400000,45030,0.112575,152612,0.38153
-37.2,-17.8,400000,45282,0.113205,152251,0.380628
-37.2,-17.6,400000,45023,0.112558,152113,0.380283
-37.2,-17.4,400000,45298,0.113245,152395,0.380987
-37.2,-17.2,400000,44625,0.111562,151865,0.379663
-37.2,-17,400000,45099,0.112748,152059,0.380148
-37.2,-16.8,400000,44694,0.111735,152272,0.38068
-37.2,-16.6,400000,45224,0.11306,152803,0.382007
-37.2,-16.4,400000,44874,0.112185,151930,0.379825
-37.2,-16.2,400000,44741,0.111852,152088,0.38022
-37.2,-16,400000,44816,0.11204,151846,0.379615
-37.2,-15.8,400000,44677,0.111693,152023,0.380057
-37.2,-15.6,400000,44800,0.112,152653,0.381632
-37.2,-15.4,400000,44221,0.110552,152045,0.380113
-37.2,-15.2,400000,45076,0.11269,152617,0.381543
-37.2,-15,400000,45007,0.112518,151528,0.37882
-37.2,-14.8,400000,44930,0.112325,151807,0.379518
-37.2,-14.6,400000,44878,0.112195,152009,0.380022
-37.2,-14.4,400000,44771,0.111927,152795,0.381987
-37.2,-14.2,400000,44630,0.111575,152192,0.38048
-37.2,-14,400000,44320,0.1108,151959,0.379897
-37.2,-13.8,400000,44560,0.1114,151541,0.378852
-37.2,-13.6,400000,44779,0.111948,151659,0.379148
-37.2,-13.4,400000,44742,0.111855,152854,0.382135
-37.2,-13.2,400000,44796,0.11199,152263,0.380657
-37.2,-13,400000,44559,0.111397,152575,0.381437
-37.2,-12.8,400000,44490,0.111225,151936,0.37984
-37.2,-12.6,400000,44822,0.112055,151637,0.379092
-37.2,-12.4,400000,44831,0.112077,152049,0.380122
-37.2,-12.2,400000,44342,0.110855,152290,0.380725
-37.2,-12,400000,45117,0.112793,152511,0.381277
-37.2,-11.8,400000,45008,0.11252,151838,0.379595
-37.2,-11.6,400000,44703,0.111757,152122,0.380305
-37.2,-11.4,400000,45481,0.113702,152748,0.38187
-37.2,-11.2,400000,44885,0.112213,152197,0.380493
-37.2,-11,400000,44351,0.110878,151981,0.379953
-37.2,-10.8,400000,44724,0.11181,152517,0.381292
-37.2,-10.6,400000,45170,0.112925,152413,0.381032
-37.2,-10.4,400000,44707,0.111768,152165,0.380412
-37.2,-10.2,400000,44753,0.111882,152063,0.380157
-37.2,-10,400000,45309,0.113272,152143,0.380358
-37.2,-9.8,400000,44793,0.111982,151835,0.379588
-37.2,-9.6,400000,44979,0.112448,151916,0.37979
-37.2,-9.4,400000,45438,0.113595,152591,0.381478
-37.2,-9.2,400000,44744,0.11186,151923,0.379808
-37.2,-9,400000,44926,0.112315,152258,0.380645
-37.2,-8.8,400000,44890,0.112225,152509,0.381273
-37.2,-8.6,400000,44620,0.11155,152750,0.381875
-37.2,-8.4,400000,44486,0.111215,151448,0.37862
-37.2,-8.2,400000,44601,0.111503,152001,0.380003
-37.2,-8,400000,44959,0.112397,151480,0.3787
-37.2,-7.8,400000,44628,0.11157,152210,0.380525
-37.2,-7.6,400000,45047,0.112617,151967,0.379918
-37.2,-7.4,400000,45163,0.112907,152422,0.381055
-37.2,-7.2,400000,44713,0.111783,152142,0.380355
-37.2,-7,400000,44866,0.112165,152600,0.3815
-37.2,-6.8,400000,44494,0.111235,151981,0.379953
-37.2,-6.6,400000,44746,0.111865,151343,0.378358
-37.2,-6.4,400000,45194,0.112985,152380,0.38095
-37.2,-6.2,400000,45325,0.113312,152059,0.380148
-37.2,-6,400000,45118,0.112795,152010,0.380025
-37.2,-5.8,400000,45235,0.113087,151452,0.37863
-37.2,-5.6,400000,45321,0.113303,152295,0.380738
-37.2,-5.4,400000,45091,0.112727,153026,0.382565
-37.2,-5.2,400000,44979,0.112448,151597,0.378993
-37.2,-5,400000,44505,0.111263,151725,0.379312
-37.2,-4.8,400000,45070,0.112675,152749,0.381873
-37.2,-4.6,400000,45192,0.11298,152027,0.380068
-37.2,-4.4,400000,45108,0.11277,152759,0.381898
-37.2,-4.2,400000,44701,0.111753,152067,0.380167
-37.2,-4,400000,44822,0.112055,151926,0.379815
-37.2,-3.8,400000,45275,0.113187,152004,0.38001
-37.2,-3.6,400000,44952,0.11238,151533,0.378833
-37.2,-3.4,400000,44835,0.112088,152042,0.380105
-37.2,-3.2,400000,45197,0.112992,152437,0.381093
-37.2,-3,400000,44587,0.111467,152157,0.380393
-37.2,-2.8,400000,45043,0.112607,152158,0.380395
-37.2,-2.6,400000,44372,0.11093,152169,0.380422
-37.2,-2.4,400000,44645,0.111613,152207,0.380518
-37.2,-2.2,400000,44486,0.111215,152062,0.380155
-37.2,-2,400000,45069,0.112672,152489,0.381223
-37.2,-1.8,400000,45006,0.112515,152001,0.380003
-37.2,-1.6,400000,44227,0.110567,151418,0.378545
-37.2,-1.4,400000,45083,0.112708,151655,0.379138
-37.2,-1.2,400000,44878,0.112195,152446,0.381115
-37.2,-1,400000,44487,0.111217,152265,0.380663
-37.2,-0.8,400000,44378,0.110945,151893,0.379732
-37.2,-0.6,400000,44756,0.11189,151675,0.379188
-37.2,-0.4,400000,44600,0.1115,151859,0.379648
-37.2,-0.2,400000,44640,0.1116,151794,0.379485
-37.2,0,400000,44661,0.111653,152034,0.380085
-37.2,0.2,400000,44560,0.1114,151481,0.378702
-37.2,0.4,400000,44882,0.112205,152459,0.381147
-37.2,0.6,400000,45102,0.112755,151733,0.379333
-37.2,0.8,400000,44830,0.112075,152344,0.38086
-37.2,1,400000,45141,0.112852,152550,0.381375
-37.2,1.2,400000,45084,0.11271,152627,0.381568
-37.2,1.4,400000,44587,0.111467,151981,0.379953
-37.2,1.6,400000,45108,0.11277,152653,0.381632
-37.2,1.8,400000,45206,0.113015,152386,0.380965
-37.2,2,400000,44659,0.111647,152326,0.380815
-37.2,2.2,400000,44721,0.111802,152059,0.380148
-37.2,2.4,400000,44702,0.111755,151620,0.37905
-37.2,2.6,400000,44650,0.111625,152291,0.380727
-37.2,2.8,400000,44730,0.111825,152660,0.38165
-37.2,3,400000,45361,0.113403,151834,0.379585
-37.2,3.2,400000,44858,0.112145,151541,0.378852
-37.2,3.4,400000,44480,0.1112,152243,0.380607
-37.2,3.6,400000,45142,0.112855,152010,0.380025
-37.2,3.8,400000,44706,0.111765,151818,0.379545
-37.2,4,400000,45396,0.11349,152487,0.381217
-37.2,4.2,400000,44944,0.11236,152121,0.380302
-37.2,4.4,400000,44757,0.111893,151734,0.379335
-37.2,4.6,400000,44340,0.11085,151687,0.379217
-37.2,4.8,400000,45179,0.112948,152473,0.381182
-37.2,5,400000,44687,0.111717,151409,0.378522
-37.2,5.2,400000,45158,0.112895,152230,0.380575
-37.2,5.4,400000,44438,0.111095,151454,0.378635
-37.2,5.6,400000,44725,0.111812,152061,0.380153
-37.2,5.8,400000,45131,0.112827,152527,0.381317
-37.2,6,400000,45208,0.11302,151973,0.379933
-37.2,6.2,400000,44812,0.11203,152033,0.380082
-37.2,6.4,400000,45258,0.113145,152447,0.381117
-37.2,6.6,400000,44791,0.111977,152227,0.380568
-37.2,6.8,400000,44882,0.112205,152397,0.380993
-37.2,7,400000,45311,0.113278,152152,0.38038
-37.2,7.2,400000,45283,0.113208,153135,0.382837
-37.2,7.4,400000,44729,0.111823,152049,0.380122
-37.2,7.6,400000,44964,0.11241,152301,0.380752
-37.2,7.8,400000,45178,0.112945,152310,0.380775
-37.2,8,400000,45041,0.112602,152333,0.380833
-37.2,8.2,400000,44907,0.112268,151875,0.379688
-37.2,8.4,400000,45150,0.112875,152072,0.38018
-37.2,8.6,400000,44999,0.112498,152000,0.38
-37.2,8.8,400000,44846,0.112115,151794,0.379485
-37.2,9,400000,44795,0.111988,151970,0.379925
-37.2,9.2,400000,44630,0.111575,151726,0.379315
-37.2,9.4,400000,45030,0.112575,152821,0.382053
-37.2,9.6,400000,44832,0.11208,151856,0.37964
-37.2,9.8,400000,44770,0.111925,151958,0.379895
-37.2,10,400000,44559,0.111397,152402,0.381005
-37.2,10.2,400000,45380,0.11345,152109,0.380273
-37.2,10.4,400000,44786,0.111965,151645,0.379113
-37.2,10.6,400000,44814,0.112035,152101,0.380252
-37.2,10.8,400000,45067,0.112668,152310,0.380775
-37.2,11,400000,44793,0.111982,152626,0.381565
-37.2,11.2,400000,45224,0.11306,152668,0.38167
-37.2,11.4,400000,45364,0.11341,152377,0.380943
-37.2,11.6,400000,44726,0.111815,151936,0.37984
-37.2,11.8,400000,44512,0.11128,152347,0.380868
-37.2,12,400000,44652,0.11163,152386,0.380965
-37.2,12.2,400000,44902,0.112255,152246,0.380615
-37.2,12.4,400000,44858,0.112145,152385,0.380962
-37.2,12.6,400000,44387,0.110967,151859,0.379648
-37.2,12.8,400000,44941,0.112352,152025,0.380063
-37.2,13,400000,45219,0.113047,151666,0.379165
-37.2,13.2,400000,45152,0.11288,152693,0.381732
-37.2,13.4,400000,45257,0.113142,151988,0.37997
-37.2,13.6,400000,45205,0.113013,152275,0.380688
-37.2,13.8,400000,45031,0.112577,151967,0.379918
-37.2,14,400000,45076,0.11269,151764,0.37941
-37.2,14.2,400000,44357,0.110893,152559,0.381398
-37.2,14.4,400000,44960,0.1124,151871,0.379678
-37.2,14.6,400000,45110,0.112775,151901,0.379752
-37.2,14.8,400000,44896,0.11224,151558,0.378895
-37.2,15,400000,44910,0.112275,152362,0.380905
-37.2,15.2,400000,44763,0.111907,152175,0.380437
-37.2,15.4,400000,45091,0.112727,152352,0.38088
-37.2,15.6,400000,43763,0.109408,151823,0.379557
-37.2,15.8,400000,44805,0.112013,151923,0.379808
-37.2,16,400000,44620,0.11155,152059,0.380148
-37.2,16.2,400000,45279,0.113198,152179,0.380447
-37.2,16.4,400000,44549,0.111372,151959,0.379897
-37.2,16.6,400000,44837,0.112092,151780,0.37945
-37.2,16.8,400000,44483,0.111208,151694,0.379235
-37.2,17,400000,45067,0.112668,152135,0.380337
-37.2,17.2,400000,44864,0.11216,151876,0.37969
-37.2,17.4,400000,45198,0.112995,152185,0.380462
-37.2,17.6,400000,44850,0.112125,151798,0.379495
-37.2,17.8,400000,44821,0.112052,152114,0.380285
-37.2,18,400000,44849,0.112122,151897,0.379742
-37.2,18.2,400000,45340,0.11335,152245,0.380613
-37.2,18.4,400000,44960,0.1124,152445,0.381113
-37.2,18.6,400000,44957,0.112393,152598,0.381495
-37.2,18.8,400000,44736,0.11184,152349,0.380873
-37.2,19,400000,44886,0.112215,152182,0.380455
-37.2,19.2,400000,44719,0.111797,151920,0.3798
-37.2,19.4,400000,44376,0.11094,151922,0.379805
-37.2,19.6,400000,44546,0.111365,151960,0.3799
-37.2,19.8,400000,45129,0.112823,151936,0.37984
-37.2,20,400000,44847,0.112117,152090,0.380225
-37.2,20.2,400000,44760,0.1119,152322,0.380805
-37.2,20.4,400000,45069,0.112672,152193,0.380483
-37.2,20.6,400000,44893,0.112232,151387,0.378468
-37.2,20.8,400000,44855,0.112138,151796,0.37949
-37.2,21,400000,44814,0.112035,152279,0.380698
-37.2,21.2,400000,44532,0.11133,151198,0.377995
-37.2,21.4,400000,44744,0.11186,151973,0.379933
-37.2,21.6,400000,44675,0.111687,152223,0.380557
-37.2,21.8,400000,44903,0.112257,152272,0.38068
-37.2,22,400000,44302,0.110755,151946,0.379865
-37.2,22.2,400000,44832,0.11208,151755,0.379387
-37.2,22.4,400000,45046,0.112615,152045,0.380113
-37.2,22.6,400000,44852,0.11213,152192,0.38048
-37.2,22.8,400000,44907,0.112268,151993,0.379983
-37.2,23,400000,44671,0.111677,152053,0.380132
-37.2,23.2,400000,44988,0.11247,152352,0.38088
-37.2,23.4,400000,44399,0.110997,151809,0.379522
-37.2,23.6,400000,44782,0.111955,152011,0.380028
-37.2,23.8,400000,44276,0.11069,151633,0.379082
-37.2,24,400000,45217,0.113043,151991,0.379978
-37.2,24.2,400000,44565,0.111412,152123,0.380308
-37.2,24.4,400000,45660,0.11415,152660,0.38165
-37.2,24.6,400000,44629,0.111573,151706,0.379265
-37.2,24.8,400000,44523,0.111308,151298,0.378245
-37.2,25,400000,44748,0.11187,151805,0.379512
-37.2,25.2,400000,44860,0.11215,152281,0.380702
-37.2,25.4,400000,44825,0.112062,152176,0.38044
-37.2,25.6,400000,44674,0.111685,151891,0.379727
-37.2,25.8,400000,44892,0.11223,151973,0.379933
-37.2,26,400000,45317,0.113293,152176,0.38044
-37.2,26.2,400000,44427,0.111067,151974,0.379935
-37.2,26.4,400000,44540,0.11135,151804,0.37951
-37.2,26.6,400000,45295,0.113238,151815,0.379538
-37.2,26.8,400000,44573,0.111433,152456,0.38114
-37.2,27,400000,44858,0.112145,152385,0.380962
-37.2,27.2,400000,45195,0.112988,152381,0.380953
-37.2,27.4,400000,44675,0.111687,152049,0.380122
-37.2,27.6,400000,44505,0.111263,151759,0.379397
-37.2,27.8,400000,44756,0.11189,152561,0.381402
-37.2,28,400000,44783,0.111958,152779,0.381947
-37.2,28.2,400000,44792,0.11198,151346,0.378365
-37.2,28.4,400000,44566,0.111415,152860,0.38215
-37.2,28.6,400000,44854,0.112135,151950,0.379875
-37.2,28.8,400000,45008,0.11252,152623,0.381557
-37.2,29,400000,44492,0.11123,152053,0.380132
-37.2,29.2,400000,44541,0.111352,151947,0.379868
-37.2,29.4,400000,45060,0.11265,151986,0.379965
-37.2,29.6,400000,44462,0.111155,152075,0.380188
-37.2,29.8,400000,44995,0.112488,152603,0.381507
-37.2,30,400000,45060,0.11265,151707,0.379267
-37.2,30.2,400000,44752,0.11188,151993,0.379983
-37.2,30.4,400000,45250,0.113125,152006,0.380015
-37.2,30.6,400000,44558,0.111395,152048,0.38012
-37.2,30.8,400000,44701,0.111753,152046,0.380115
-37.2,31,400000,44904,0.11226,152048,0.38012
-37.2,31.2,400000,44966,0.112415,152091,0.380227
-37.2,31.4,400000,45145,0.112863,151513,0.378783
-37.2,31.6,400000,44740,0.11185,151830,0.379575
-37.2,31.8,400000,44690,0.111725,151820,0.37955
-37.2,32,400000,45398,0.113495,152690,0.381725
-37.2,32.2,400000,44634,0.111585,152183,0.380458
-37.2,32.4,400000,45031,0.112577,152523,0.381308
-37.2,32.6,400000,45188,0.11297,152346,0.380865
-37.2,32.8,400000,44732,0.11183,152261,0.380653
-37.2,33,400000,44055,0.110137,151512,0.37878
-37.2,33.2,400000,45410,0.113525,152330,0.380825
-37.2,33.4,400000,44719,0.111797,151435,0.378588
-37.2,33.6,400000,44583,0.111458,152124,0.38031
-37.2,33.8,400000,44756,0.11189,152669,0.381673
-37.2,34,400000,45006,0.112515,152270,0.380675
-37.2,34.2,400000,45503,0.113757,152377,0.380943
-37.2,34.4,400000,44851,0.112128,151953,0.379883
-37.2,34.6,400000,44987,0.112467,152087,0.380217
-37.2,34.8,400000,45024,0.11256,152248,0.38062
-37.2,35,400000,44869,0.112172,152349,0.380873
-37.2,35.2,400000,44974,0.112435,151677,0.379192
-37.2,35.4,400000,44908,0.11227,152112,0.38028
-37.2,35.6,400000,44943,0.112357,152416,0.38104
-37.2,35.8,400000,44762,0.111905,151762,0.379405
-37.2,36,400000,44738,0.111845,151654,0.379135
-37.2,36.2,400000,45106,0.112765,152527,0.381317
-37.2,36.4,400000,44460,0.11115,151758,0.379395
-37.2,36.6,400000,44827,0.112068,152028,0.38007
-37.2,36.8,400000,44652,0.11163,151697,0.379242
-37.2,37,400000,44930,0.112325,151747,0.379368
-37.2,37.2,400000,45065,0.112662,152151,0.380377
-37.2,37.4,400000,45392,0.11348,152315,0.380788
-37.2,37.6,400000,44820,0.11205,151863,0.379657
-37.2,37.8,400000,45129,0.112823,152077,0.380192
-37.2,38,400000,44902,0.112255,151584,0.37896
-37.2,38.2,400000,44946,0.112365,151791,0.379478
-37.2,38.4,400000,44757,0.111893,152006,0.380015
-37.2,38.6,400000,45051,0.112628,152576,0.38144
-37.2,38.8,400000,44602,0.111505,152503,0.381258
-37.2,39,400000,44766,0.111915,151802,0.379505
-37.2,39.2,400000,44862,0.112155,151797,0.379493
-37.2,39.4,400000,45158,0.112895,152363,0.380908
-37.2,39.6,400000,44300,0.11075,151253,0.378132
-37.2,39.8,400000,44937,0.112342,152529,0.381323
-37.2,40,400000,45153,0.112882,152150,0.380375
-37.2,40.2,400000,44779,0.111948,151437,0.378592
-37.2,40.4,400000,44953,0.112382,151721,0.379302
-37.2,40.6,400000,45021,0.112552,152374,0.380935
-37.2,40.8,400000,45084,0.11271,152023,0.380057
-37.2,41,400000,44930,0.112325,151637,0.379092
-37.2,41.2,400000,45079,0.112698,151709,0.379273
-37.2,41.4,400000,44681,0.111702,151900,0.37975
-37.2,41.6,400000,45098,0.112745,152373,0.380933
-37.2,41.8,400000,44877,0.112193,152188,0.38047
-37.2,42,400000,44871,0.112177,151643,0.379107
-37.2,42.2,400000,44675,0.111687,151413,0.378532
-37.2,42.4,400000,44827,0.112068,152053,0.380132
-37.2,42.6,400000,44967,0.112418,151992,0.37998
-37.2,42.8,400000,44658,0.111645,151687,0.379217
-37.2,43,400000,44434,0.111085,151998,0.379995
-37.2,43.2,400000,45124,0.11281,152382,0.380955
-37.2,43.4,400000,45048,0.11262,152293,0.380732
-37.2,43.6,400000,44671,0.111677,152193,0.380483
-37.2,43.8,400000,44733,0.111833,151436,0.37859
-37.2,44,400000,44351,0.110878,151674,0.379185
-37.2,44.2,400000,44711,0.111778,151806,0.379515
-37.2,44.4,400000,44633,0.111583,151861,0.379653
-37.2,44.6,400000,44574,0.111435,152159,0.380397
-37.2,44.8,400000,44870,0.112175,151656,0.37914
-37.2,45,400000,44813,0.112032,152037,0.380092
-37.2,45.2,400000,44987,0.112467,151842,0.379605
-37.2,45.4,400000,44359,0.110897,151940,0.37985
-37.2,45.6,400000,44652,0.11163,152069,0.380173
-37.2,45.8,400000,45028,0.11257,151625,0.379063
-37.2,46,400000,44851,0.112128,152079,0.380198
-37.2,46.2,400000,45063,0.112657,151947,0.379868
-37.2,46.4,400000,44951,0.112378,152525,0.381312
-37.2,46.6,400000,44951,0.112378,152220,0.38055
-37.2,46.8,400000,44526,0.111315,151141,0.377852
-37.2,47,400000,44775,0.111937,151799,0.379497
-37.2,47.2,400000,44342,0.110855,152177,0.380443
-37.2,47.4,400000,45282,0.113205,152360,0.3809
-37.2,47.6,400000,45222,0.113055,151855,0.379638
-37.2,47.8,400000,44527,0.111317,151832,0.37958
-37.2,48,400000,44338,0.110845,151588,0.37897
-37.2,48.2,400000,44893,0.112232,151845,0.379613
-37.2,48.4,400000,44965,0.112412,152306,0.380765
-37.2,48.6,400000,44889,0.112223,152274,0.380685
-37.2,48.8,400000,44996,0.11249,151636,0.37909
-37.2,49,400000,44563,0.111408,151697,0.379242
-37.2,49.2,400000,44830,0.112075,152335,0.380837
-37.2,49.4,400000,44653,0.111632,151749,0.379373
-37.2,49.6,400000,44774,0.111935,151514,0.378785
-37.2,49.8,400000,45186,0.112965,152492,0.38123
-37.2,50,400000,44548,0.11137,151682,0.379205
-37,-50,400000,44956,0.11239,152006,0.380015
-37,-49.8,400000,44842,0.112105,151794,0.379485
-37,-49.6,400000,44861,0.112153,152028,0.38007
-37,-49.4,400000,44697,0.111742,152426,0.381065
-37,-49.2,400000,44305,0.110762,152379,0.380947
-37,-49,400000,44832,0.11208,152048,0.38012
-37,-48.8,400000,44504,0.11126,152029,0.380072
-37,-48.6,400000,44715,0.111787,152063,0.380157
-37,-48.4,400000,45232,0.11308,151897,0.379742
-37,-48.2,400000,45054,0.112635,152524,0.38131
-37,-48,400000,44427,0.111067,151478,0.378695
-37,-47.8,400000,45112,0.11278,151887,0.379717
-37,-47.6,400000,45109,0.112772,151593,0.378982
-37,-47.4,400000,44792,0.11198,151626,0.379065
-37,-47.2,400000,44686,0.111715,151843,0.379607
-37,-47,400000,44664,0.11166,151751,0.379377
-37,-46.8,400000,44778,0.111945,151981,0.379953
-37,-46.6,400000,44638,0.111595,151942,0.379855
-37,-46.4,400000,44985,0.112463,152243,0.380607
-37,-46.2,400000,44927,0.112318,151888,0.37972
-37,-46,400000,44393,0.110982,151803,0.379507
-37,-45.8,400000,44094,0.110235,151697,0.379242
-37,-45.6,400000,45289,0.113223,152896,0.38224
-37,-45.4,400000,44768,0.11192,152563,0.381408
-37,-45.2,400000,44566,0.111415,152076,0.38019
-37,-45,400000,44670,0.111675,151660,0.37915
-37,-44.8,400000,44314,0.110785,151722,0.379305
-37,-44.6,400000,44471,0.111177,151781,0.379453
-37,-44.4,400000,45239,0.113098,152097,0.380242
-37,-44.2,400000,45280,0.1132,152312,0.38078
-37,-44,400000,44903,0.112257,151686,0.379215
-37,-43.8,400000,44782,0.111955,151717,0.379292
-37,-43.6,400000,44725,0.111812,152116,0.38029
-37,-43.4,400000,45329,0.113323,152144,0.38036
-37,-43.2,400000,45028,0.11257,152328,0.38082
-37,-43,400000,44986,0.112465,152205,0.380512
-37,-42.8,400000,44677,0.111693,151873,0.379682
-37,-42.6,400000,44768,0.11192,151944,0.37986
-37,-42.4,400000,45352,0.11338,152259,0.380648
-37,-42.2,400000,45122,0.112805,152024,0.38006
-37,-42,400000,44117,0.110293,151654,0.379135
-37,-41.8,400000,44204,0.11051,151899,0.379748
-37,-41.6,400000,44407,0.111018,151649,0.379122
-37,-41.4,400000,44806,0.112015,152593,0.381483
-37,-41.2,400000,44713,0.111783,152534,0.381335
-37,-41,400000,45145,0.112863,152586,0.381465
-37,-40.8,400000,44696,0.11174,152544,0.38136
-37,-40.6,400000,44588,0.11147,151245,0.378113
-37,-40.4,400000,44366,0.110915,151646,0.379115
-37,-40.2,400000,44900,0.11225,152427,0.381068
-37,-40,400000,45131,0.112827,151834,0.379585
-37,-39.8,400000,44490,0.111225,151841,0.379603
-37,-39.6,400000,44926,0.112315,152217,0.380543
-37,-39.4,400000,45232,0.11308,152010,0.380025
-37,-39.2,400000,44598,0.111495,151915,0.379788
-37,-39,400000,44557,0.111393,151393,0.378482
-37,-38.8,400000,44510,0.111275,152233,0.380582
-37,-38.6,400000,44580,0.11145,151482,0.378705
-37,-38.4,400000,44621,0.111552,152219,0.380547
-37,-38.2,400000,44687,0.111717,152158,0.380395
-37,-38,400000,44922,0.112305,152364,0.38091
-37,-37.8,400000,44984,0.11246,151742,0.379355
-37,-37.6,400000,45278,0.113195,151861,0.379653
-37,-37.4,400000,44924,0.11231,152388,0.38097
-37,-37.2,400000,44734,0.111835,152056,0.38014
-37,-37,400000,44904,0.11226,152464,0.38116
-37,-36.8,400000,44984,0.11246,151823,0.379557
-37,-36.6,400000,44455,0.111138,151367,0.378418
-37,-36.4,400000,44731,0.111827,152057,0.380142
-37,-36.2,400000,45266,0.113165,152375,0.380937
-37,-36,400000,45529,0.113822,152496,0.38124
-37,-35.8,400000,45101,0.112753,152343,0.380858
-37,-35.6,400000,45203,0.113007,152306,0.380765
-37,-35.4,400000,45471,0.113678,152132,0.38033
-37,-35.2,400000,44741,0.111852,151812,0.37953
-37,-35,400000,44748,0.11187,152124,0.38031
-37,-34.8,400000,45151,0.112878,152298,0.380745
-37,-34.6,400000,44849,0.112122,152282,0.380705
-37,-34.4,400000,44340,0.11085,151901,0.379752
-37,-34.2,400000,45072,0.11268,152261,0.380653
-37,-34,400000,44387,0.110967,152069,0.380173
-37,-33.8,400000,44815,0.112037,152551,0.381377
-37,-33.6,400000,44749,0.111872,151886,0.379715
-37,-33.4,400000,44855,0.112138,151774,0.379435
-37,-33.2,400000,44899,0.112248,152361,0.380902
-37,-33,400000,44941,0.112352,152096,0.38024
-37,-32.8,400000,45594,0.113985,152618,0.381545
-37,-32.6,400000,44877,0.112193,152225,0.380563
-37,-32.4,400000,44373,0.110933,151314,0.378285
-37,-32.2,400000,44254,0.110635,152170,0.380425
-37,-32,400000,44557,0.111393,151786,0.379465
-37,-31.8,400000,44474,0.111185,151412,0.37853
-37,-31.6,400000,45022,0.112555,152561,0.381402
-37,-31.4,400000,45091,0.112727,152550,0.381375
-37,-31.2,400000,44683,0.111708,151520,0.3788
-37,-31,400000,44941,0.112352,152190,0.380475
-37,-30.8,400000,44836,0.11209,152566,0.381415
-37,-30.6,400000,44592,0.11148,151916,0.37979
-37,-30.4,400000,44800,0.112,152283,0.380707
-37,-30.2,400000,44800,0.112,152445,0.381113
-37,-30,400000,44802,0.112005,151612,0.37903
-37,-29.8,400000,45063,0.112657,152174,0.380435
-37,-29.6,400000,44803,0.112007,152198,0.380495
-37,-29.4,400000,44743,0.111857,151912,0.37978
-37,-29.2,400000,44457,0.111143,151181,0.377953
-37,-29,400000,45040,0.1126,152500,0.38125
-37,-28.8,400000,45182,0.112955,151788,0.37947
-37,-28.6,400000,44872,0.11218,152374,0.380935
-37,-28.4,400000,44619,0.111547,151874,0.379685
-37,-28.2,400000,44552,0.11138,151808,0.37952
-37,-28,400000,44928,0.11232,152204,0.38051
-37,-27.8,400000,45094,0.112735,152198,0.380495
-37,-27.6,400000,44822,0.112055,151736,0.37934
-37,-27.4,400000,44352,0.11088,151550,0.378875
-37,-27.2,400000,44479,0.111198,151670,0.379175
-37,-27,400000,45017,0.112543,152553,0.381383
-37,-26.8,400000,45309,0.113272,152389,0.380972
-37,-26.6,400000,44969,0.112422,152185,0.380462
-37,-26.4,400000,44846,0.112115,151655,0.379138
-37,-26.2,400000,45074,0.112685,152012,0.38003
-37,-26,400000,44965,0.112412,152443,0.381107
-37,-25.8,400000,44885,0.112213,152415,0.381037
-37,-25.6,400000,45268,0.11317,152481,0.381202
-37,-25.4,400000,44909,0.112272,151919,0.379798
-37,-25.2,400000,45274,0.113185,152479,0.381198
-37,-25,400000,44739,0.111848,152295,0.380738
-37,-24.8,400000,44837,0.112092,152064,0.38016
-37,-24.6,400000,44277,0.110692,151976,0.37994
-37,-24.4,400000,44951,0.112378,152264,0.38066
-37,-24.2,400000,45119,0.112797,151936,0.37984
-37,-24,400000,45130,0.112825,152483,0.381207
-37,-23.8,400000,44998,0.112495,151857,0.379642
-37,-23.6,400000,45222,0.113055,152257,0.380642
-37,-23.4,400000,44917,0.112293,151720,0.3793
-37,-23.2,400000,44824,0.11206,151773,0.379433
-37,-23,400000,44696,0.11174,151867,0.379667
-37,-22.8,400000,44969,0.112422,151970,0.379925
-37,-22.6,400000,44674,0.111685,152054,0.380135
-37,-22.4,400000,44963,0.112407,151658,0.379145
-37,-22.2,400000,44599,0.111497,151329,0.378323
-37,-22,400000,44722,0.111805,151985,0.379962
-37,-21.8,400000,44824,0.11206,151842,0.379605
-37,-21.6,400000,44983,0.112458,152188,0.38047
-37,-21.4,400000,44541,0.111352,151953,0.379883
-37,-21.2,400000,45401,0.113503,152545,0.381362
-37,-21,400000,44869,0.112172,152083,0.380207
-37,-20.8,400000,44972,0.11243,151684,0.37921
-37,-20.6,400000,45018,0.112545,152462,0.381155
-37,-20.4,400000,44782,0.111955,152393,0.380983
-37,-20.2,400000,44994,0.112485,152485,0.381213
-37,-20,400000,44632,0.11158,151719,0.379298
-37,-19.8,400000,44716,0.11179,151590,0.378975
-37,-19.6,400000,45147,0.112867,152363,0.380908
-37,-19.4,400000,45025,0.112562,152503,0.381258
-37,-19.2,400000,44949,0.112373,152449,0.381122
-37,-19,400000,44442,0.111105,151742,0.379355
-37,-18.8,400000,45127,0.112818,151726,0.379315
-37,-18.6,400000,44643,0.111607,151530,0.378825
-37,-18.4,400000,44780,0.11195,151919,0.379798
-37,-18.2,400000,44415,0.111037,151536,0.37884
-37,-18,400000,44460,0.11115,152236,0.38059
-37,-17.8,400000,44585,0.111463,151782,0.379455
-37,-17.6,400000,45279,0.113198,151682,0.379205
-37,-17.4,400000,44973,0.112433,152134,0.380335
-37,-17.2,400000,44917,0.112293,152545,0.381362
-37,-17,400000,44980,0.11245,152085,0.380213
-37,-16.8,400000,44857,0.112143,151495,0.378738
-37,-16.6,400000,44730,0.111825,151947,0.379868
-37,-16.4,400000,44798,0.111995,152171,0.380427
-37,-16.2,400000,44724,0.11181,152286,0.380715
-37,-16,400000,44812,0.11203,152148,0.38037
-37,-15.8,400000,44730,0.111825,152492,0.38123
-37,-15.6,400000,45058,0.112645,152279,0.380698
-37,-15.4,400000,44262,0.110655,152169,0.380422
-37,-15.2,400000,45813,0.114532,152600,0.3815
-37,-15,400000,45107,0.112768,152671,0.381678
-37,-14.8,400000,44609,0.111522,152140,0.38035
-37,-14.6,400000,45306,0.113265,152670,0.381675
-37,-14.4,400000,44750,0.111875,152583,0.381458
-37,-14.2,400000,45080,0.1127,151747,0.379368
-37,-14,400000,44795,0.111988,152327,0.380817
-37,-13.8,400000,45277,0.113193,152467,0.381167
-37,-13.6,400000,45291,0.113227,152284,0.38071
-37,-13.4,400000,44524,0.11131,151615,0.379038
-37,-13.2,400000,44894,0.112235,152099,0.380248
-37,-13,400000,44377,0.110942,151483,0.378707
-37,-12.8,400000,45169,0.112922,152399,0.380997
-37,-12.6,400000,45022,0.112555,152444,0.38111
-37,-12.4,400000,45276,0.11319,152564,0.38141
-37,-12.2,400000,44936,0.11234,151528,0.37882
-37,-12,400000,44896,0.11224,152248,0.38062
-37,-11.8,400000,44630,0.111575,152486,0.381215
-37,-11.6,400000,45209,0.113022,152662,0.381655
-37,-11.4,400000,44737,0.111842,152255,0.380638
-37,-11.2,400000,44411,0.111028,151971,0.379927
-37,-11,400000,44971,0.112427,152692,0.38173
-37,-10.8,400000,44639,0.111598,151982,0.379955
-37,-10.6,400000,44533,0.111333,151800,0.3795
-37,-10.4,400000,44648,0.11162,152184,0.38046
-37,-10.2,400000,44881,0.112202,152111,0.380277
-37,-10,400000,45225,0.113062,152197,0.380493
-37,-9.8,400000,45093,0.112732,152652,0.38163
-37,-9.6,400000,45240,0.1131,151638,0.379095
-37,-9.4,400000,44758,0.111895,152306,0.380765
-37,-9.2,400000,44799,0.111997,151742,0.379355
-37,-9,400000,44643,0.111607,151763,0.379408
-37,-8.8,400000,45013,0.112532,151701,0.379252
-37,-8.6,400000,44380,0.11095,151655,0.379138
-37,-8.4,400000,44687,0.111717,151842,0.379605
-37,-8.2,400000,44691,0.111727,151711,0.379277
-37,-8,400000,44983,0.112458,152608,0.38152
-37,-7.8,400000,44878,0.112195,151908,0.37977
-37,-7.6,400000,45105,0.112763,152150,0.380375
-37,-7.4,400000,45055,0.112638,152401,0.381003
-37,-7.2,400000,44250,0.110625,151778,0.379445
-37,-7,400000,44315,0.110787,151737,0.379343
-37,-6.8,400000,44854,0.112135,151708,0.37927
-37,-6.6,400000,44936,0.11234,152154,0.380385
-37,-6.4,400000,44733,0.111833,152588,0.38147
-37,-6.2,400000,45000,0.1125,151830,0.379575
-37,-6,400000,44890,0.112225,152250,0.380625
-37,-5.8,400000,45257,0.113142,152008,0.38002
-37,-5.6,400000,44940,0.11235,152482,0.381205
-37,-5.4,400000,44754,0.111885,152949,0.382373
-37,-5.2,400000,44423,0.111058,151558,0.378895
-37,-5,400000,44905,0.112263,151606,0.379015
-37,-4.8,400000,44779,0.111948,152339,0.380848
-37,-4.6,400000,44877,0.112193,151830,0.379575
-37,-4.4,400000,44688,0.11172,152293,0.380732
-37,-4.2,400000,44906,0.112265,151467,0.378667
-37,-4,400000,45214,0.113035,152696,0.38174
-37,-3.8,400000,45023,0.112558,152678,0.381695
-37,-3.6,400000,45227,0.113068,151734,0.379335
-37,-3.4,400000,44507,0.111268,151929,0.379823
-37,-3.2,400000,44348,0.11087,152016,0.38004
-37,-3,400000,44762,0.111905,152071,0.380178
-37,-2.8,400000,45154,0.112885,152062,0.380155
-37,-2.6,400000,45292,0.11323,152191,0.380478
-37,-2.4,400000,44971,0.112427,152067,0.380167
-37,-2.2,400000,44492,0.11123,151966,0.379915
-37,-2,400000,45061,0.112653,152141,0.380352
-37,-1.8,400000,44644,0.11161,151447,0.378617
-37,-1.6,400000,44915,0.112287,152017,0.380043
-37,-1.4,400000,44953,0.112382,151744,0.37936
-37,-1.2,400000,44624,0.11156,151679,0.379198
-37,-1,400000,45031,0.112577,152689,0.381723
-37,-0.8,400000,45237,0.113092,152085,0.380213
-37,-0.6,400000,44831,0.112077,151934,0.379835
-37,-0.4,400000,44901,0.112253,151992,0.37998
-37,-0.2,400000,45481,0.113702,151968,0.37992
-37,0,400000,44651,0.111628,152721,0.381802
-37,0.2,400000,44791,0.111977,151777,0.379443
-37,0.4,400000,44978,0.112445,152161,0.380402
-37,0.6,400000,45050,0.112625,152147,0.380368
-37,0.8,400000,44645,0.111613,151718,0.379295
-37,1,400000,44840,0.1121,152319,0.380798
-37,1.2,400000,45141,0.112852,152849,0.382122
-37,1.4,400000,45287,0.113217,152356,0.38089
-37,1.6,400000,44844,0.11211,152511,0.381277
-37,1.8,400000,44788,0.11197,151818,0.379545
-37,2,400000,44651,0.111628,152187,0.380468
-37,2.2,400000,44906,0.112265,152185,0.380462
-37,2.4,400000,44333,0.110833,152112,0.38028
-37,2.6,400000,44648,0.11162,152593,0.381483
-37,2.8,400000,45286,0.113215,152218,0.380545
-37,3,400000,44122,0.110305,151596,0.37899
-37,3.2,400000,44371,0.110927,152219,0.380547
-37,3.4,400000,44359,0.110897,151441,0.378603
-37,3.6,400000,45096,0.11274,152215,0.380537
-37,3.8,400000,44883,0.112208,152046,0.380115
-37,4,400000,44885,0.112213,152431,0.381078
-37,4.2,400000,44696,0.11174,152040,0.3801
-37,4.4,400000,44486,0.111215,151823,0.379557
-37,4.6,400000,44847,0.112117,151565,0.378912
-37,4.8,400000,45332,0.11333,152220,0.38055
-37,5,400000,44960,0.1124,151820,0.37955
-37,5.2,400000,44309,0.110772,151911,0.379777
-37,5.4,400000,44598,0.111495,151939,0.379848
-37,5.6,400000,44546,0.111365,152114,0.380285
-37,5.8,400000,45076,0.11269,152072,0.38018
-37,6,400000,44778,0.111945,151861,0.379653
-37,6.2,400000,44750,0.111875,151468,0.37867
-37,6.4,400000,45090,0.112725,152778,0.381945
-37,6.6,400000,44955,0.112388,152203,0.380507
-37,6.8,400000,44766,0.111915,151863,0.379657
-37,7,400000,44842,0.112105,152007,0.380018
-37,7.2,400000,44575,0.111437,151991,0.379978
-37,7.4,400000,44980,0.11245,152137,0.380342
-37,7.6,400000,44317,0.110793,151756,0.37939
-37,7.8,400000,44807,0.112018,151749,0.379373
-37,8,400000,44233,0.110583,151693,0.379232
-37,8.2,400000,45080,0.1127,152695,0.381738
-37,8.4,400000,44902,0.112255,151560,0.3789
-37,8.6,400000,45001,0.112503,151802,0.379505
-37,8.8,400000,45701,0.114253,151892,0.37973
-37,9,400000,44958,0.112395,152144,0.38036
-37,9.2,400000,45153,0.112882,152217,0.380543
-37,9.4,400000,44494,0.111235,151954,0.379885
-37,9.6,400000,44941,0.112352,151588,0.37897
-37,9.8,400000,45482,0.113705,152425,0.381063
-37,10,400000,44783,0.111958,152228,0.38057
-37,10.2,400000,44694,0.111735,151677,0.379192
-37,10.4,400000,44946,0.112365,151865,0.379663
-37,10.6,400000,44366,0.110915,151602,0.379005
-37,10.8,400000,44843,0.112107,152644,0.38161
-37,11,400000,45349,0.113373,152666,0.381665
-37,11.2,400000,44619,0.111547,152345,0.380862
-37,11.4,400000,45219,0.113047,152340,0.38085
-37,11.6,400000,44918,0.112295,152258,0.380645
-37,11.8,400000,44801,0.112003,152251,0.380628
-37,12,400000,44508,0.11127,151863,0.379657
-37,12.2,400000,44885,0.112213,151621,0.379053
-37,12.4,400000,44733,0.111833,151692,0.37923
-37,12.6,400000,44743,0.111857,151740,0.37935
-37,12.8,400000,44820,0.11205,151783,0.379458
-37,13,400000,45323,0.113308,152677,0.381692
-37,13.2,400000,44952,0.11238,152264,0.38066
-37,13.4,400000,44557,0.111393,151930,0.379825
-37,13.6,400000,45108,0.11277,152491,0.381227
-37,13.8,400000,44497,0.111242,152180,0.38045
-37,14,400000,45013,0.112532,152875,0.382188
-37,14.2,400000,44769,0.111922,152009,0.380022
-37,14.4,400000,44717,0.111793,152645,0.381613
-37,14.6,400000,44921,0.112302,152597,0.381493
-37,14.8,400000,45003,0.112507,152693,0.381732
-37,15,400000,44679,0.111698,152850,0.382125
-37,15.2,400000,44725,0.111812,151960,0.3799
-37,15.4,400000,45226,0.113065,152160,0.3804
-37,15.6,400000,44286,0.110715,152229,0.380572
-37,15.8,400000,44119,0.110298,151701,0.379252
-37,16,400000,44929,0.112323,152269,0.380673
-37,16.2,400000,45060,0.11265,152078,0.380195
-37,16.4,400000,45143,0.112857,151895,0.379738
-37,16.6,400000,45062,0.112655,152734,0.381835
-37,16.8,400000,44861,0.112153,151764,0.37941
-37,17,400000,44593,0.111482,151532,0.37883
-37,17.2,400000,44817,0.112043,151983,0.379958
-37,17.4,400000,44802,0.112005,152290,0.380725
-37,17.6,400000,45094,0.112735,151686,0.379215
-37,17.8,400000,44467,0.111168,151728,0.37932
-37,18,400000,44945,0.112363,151956,0.37989
-37,18.2,400000,44746,0.111865,151768,0.37942
-37,18.4,400000,44950,0.112375,152415,0.381037
-37,18.6,400000,44238,0.110595,151593,0.378982
-37,18.8,400000,45026,0.112565,152368,0.38092
-37,19,400000,44585,0.111463,152062,0.380155
-37,19.2,400000,44837,0.112092,152294,0.380735
-37,19.4,400000,44767,0.111918,151843,0.379607
-37,19.6,400000,45033,0.112583,152360,0.3809
-37,19.8,400000,45013,0.112532,152693,0.381732
-37,20,400000,44746,0.111865,151852,0.37963
-37,20.2,400000,44752,0.11188,152008,0.38002
-37,20.4,400000,44860,0.11215,151784,0.37946
-37,20.6,400000,44871,0.112177,152226,0.380565
-37,20.8,400000,44472,0.11118,150858,0.377145
-37,21,400000,44606,0.111515,152354,0.380885
-37,21.2,400000,45029,0.112573,152856,0.38214
-37,21.4,400000,45297,0.113242,152204,0.38051
-37,21.6,400000,45195,0.112988,151843,0.379607
-37,21.8,400000,45122,0.112805,152673,0.381682
-37,22,400000,44908,0.11227,151620,0.37905
-37,22.2,400000,44892,0.11223,151969,0.379922
-37,22.4,400000,45378,0.113445,152537,0.381342
-37,22.6,400000,44457,0.111143,151731,0.379327
-37,22.8,400000,45195,0.112988,152222,0.380555
-37,23,400000,44735,0.111838,152674,0.381685
-37,23.2,400000,44705,0.111763,151923,0.379808
-37,23.4,400000,45198,0.112995,152171,0.380427
-37,23.6,400000,44749,0.111872,151827,0.379568
-37,23.8,400000,44581,0.111452,152104,0.38026
-37,24,400000,44558,0.111395,151189,0.377972
-37,24.2,400000,44820,0.11205,152214,0.380535
-37,24.4,400000,44928,0.11232,152064,0.38016
-37,24.6,400000,44777,0.111943,151386,0.378465
-37,24.8,400000,44738,0.111845,151890,0.379725
-37,25,400000,44993,0.112482,152382,0.380955
-37,25.2,400000,44802,0.112005,151883,0.379707
-37,25.4,400000,45199,0.112998,151655,0.379138
-37,25.6,400000,44849,0.112122,151360,0.3784
-37,25.8,400000,44537,0.111342,151975,0.379937
-37,26,400000,44712,0.11178,152328,0.38082
-37,26.2,400000,44476,0.11119,152113,0.380283
-37,26.4,400000,44730,0.111825,152278,0.380695
-37,26.6,400000,45056,0.11264,151477,0.378692
-37,26.8,400000,44894,0.112235,152116,0.38029
-37,27,400000,44183,0.110458,151963,0.379908
-37,27.2,400000,45100,0.11275,152549,0.381373
-37,27.4,400000,45171,0.112928,151659,0.379148
-37,27.6,400000,45468,0.11367,152316,0.38079
-37,27.8,400000,44986,0.112465,151820,0.37955
-37,28,400000,44556,0.11139,152743,0.381858
-37,28.2,400000,45068,0.11267,152507,0.381267
-37,28.4,400000,44400,0.111,151662,0.379155
-37,28.6,400000,44642,0.111605,151487,0.378717
-37,28.8,400000,44992,0.11248,152657,0.381642
-37,29,400000,45147,0.112867,152946,0.382365
-37,29.2,400000,44548,0.11137,151990,0.379975
-37,29.4,400000,45139,0.112848,152129,0.380323
-37,29.6,400000,44843,0.112107,152335,0.380837
-37,29.8,400000,44150,0.110375,152175,0.380437
-37,30,400000,44844,0.11211,151790,0.379475
-37,30.2,400000,44727,0.111818,152258,0.380645
-37,30.4,400000,44743,0.111857,151562,0.378905
-37,30.6,400000,44446,0.111115,151461,0.378653
-37,30.8,400000,44420,0.11105,151990,0.379975
-37,31,400000,44476,0.11119,152212,0.38053
-37,31.2,400000,44849,0.112122,151613,0.379032
-37,31.4,400000,44439,0.111098,151758,0.379395
-37,31.6,400000,44527,0.111317,151261,0.378153
-37,31.8,400000,44947,0.112367,152175,0.380437
-37,32,400000,44889,0.112223,151424,0.37856
-37,32.2,400000,44394,0.110985,151837,0.379592
-37,32.4,400000,44724,0.11181,152072,0.38018
-37,32.6,400000,44443,0.111107,151308,0.37827
-37,32.8,400000,45066,0.112665,152188,0.38047
-37,33,400000,45526,0.113815,152100,0.38025
-37,33.2,400000,45070,0.112675,151880,0.3797
-37,33.4,400000,44617,0.111543,152310,0.380775
-37,33.6,400000,45064,0.11266,152051,0.380128
-37,33.8,400000,45228,0.11307,152143,0.380358
-37,34,400000,44879,0.112198,152135,0.380337
-37,34.2,400000,45059,0.112647,152471,0.381178
-37,34.4,400000,44608,0.11152,152015,0.380037
-37,34.6,400000,44454,0.111135,151887,0.379717
-37,34.8,400000,45134,0.112835,151482,0.378705
-37,35,400000,44508,0.11127,152206,0.380515
-37,35.2,400000,44305,0.110762,152310,0.380775
-37,35.4,400000,44365,0.110912,150950,0.377375
-37,35.6,400000,44865,0.112162,152278,0.380695
-37,35.8,400000,44292,0.11073,151719,0.379298
-37,36,400000,44745,0.111863,151776,0.37944
-37,36.2,400000,44532,0.11133,152117,0.380292
-37,36.4,400000,45024,0.11256,152277,0.380692
-37,36.6,400000,44862,0.112155,151830,0.379575
-37,36.8,400000,44924,0.11231,152659,0.381647
-37,37,400000,45992,0.11498,152439,0.381097
-37,37.2,400000,45079,0.112698,151797,0.379493
-37,37.4,400000,44855,0.112138,152271,0.380678
-37,37.6,400000,44318,0.110795,152381,0.380953
-37,37.8,400000,44908,0.11227,151570,0.378925
-37,38,400000,44717,0.111793,152377,0.380943
-37,38.2,400000,45220,0.11305,152510,0.381275
-37,38.4,400000,45210,0.113025,152318,0.380795
-37,38.6,400000,44442,0.111105,152243,0.380607
-37,38.8,400000,45118,0.112795,151923,0.379808
-37,39,400000,44426,0.111065,151669,0.379173
-37,39.2,400000,44635,0.111588,151766,0.379415
-37,39.4,400000,44970,0.112425,152444,0.38111
-37,39.6,400000,44773,0.111933,152522,0.381305
-37,39.8,400000,44910,0.112275,151866,0.379665
-37,40,400000,45083,0.112708,152517,0.381292
-37,40.2,400000,44517,0.111293,152098,0.380245
-37,40.4,400000,44565,0.111412,152449,0.381122
-37,40.6,400000,44387,0.110967,152414,0.381035
-37,40.8,400000,44857,0.112143,152370,0.380925
-37,41,400000,45127,0.112818,152209,0.380522
-37,41.2,400000,44970,0.112425,151908,0.37977
-37,41.4,400000,44493,0.111232,151941,0.379852
-37,41.6,400000,45386,0.113465,152620,0.38155
-37,41.8,400000,44697,0.111742,151633,0.379082
-37,42,400000,45149,0.112873,152527,0.381317
-37,42.2,400000,44910,0.112275,152802,0.382005
-37,42.4,400000,44500,0.11125,151960,0.3799
-37,42.6,400000,45256,0.11314,151874,0.379685
-37,42.8,400000,44892,0.11223,151802,0.379505
-37,43,400000,45331,0.113327,152315,0.380788
-37,43.2,400000,44655,0.111638,151936,0.37984
-37,43.4,400000,44944,0.11236,151747,0.379368
-37,43.6,400000,45393,0.113483,151874,0.379685
-37,43.8,400000,44935,0.112338,151523,0.378808
-37,44,400000,44978,0.112445,152043,0.380107
-37,44.2,400000,44828,0.11207,151987,0.379968
-37,44.4,400000,45106,0.112765,152490,0.381225
-37,44.6,400000,44951,0.112378,152071,0.380178
-37,44.8,400000,44668,0.11167,152263,0.380657
-37,45,400000,44834,0.112085,152177,0.380443
-37,45.2,400000,44515,0.111287,151906,0.379765
-37,45.4,400000,44923,0.112308,152338,0.380845
-37,45.6,400000,44935,0.112338,151646,0.379115
-37,45.8,400000,44651,0.111628,151909,0.379773
-37,46,400000,44341,0.110853,152143,0.380358
-37,46.2,400000,44937,0.112342,152464,0.38116
-37,46.4,400000,45168,0.11292,152652,0.38163
-37,46.6,400000,44684,0.11171,152104,0.38026
-37,46.8,400000,44914,0.112285,151655,0.379138
-37,47,400000,44742,0.111855,151534,0.378835
-37,47.2,400000,45298,0.113245,151631,0.379078
-37,47.4,400000,44849,0.112122,151570,0.378925
-37,47.6,400000,44724,0.11181,151640,0.3791
-37,47.8,400000,44668,0.11167,151886,0.379715
-37,48,400000,45238,0.113095,152537,0.381342
-37,48.2,400000,45356,0.11339,152571,0.381427
-37,48.4,400000,44501,0.111253,151267,0.378167
-37,48.6,400000,44639,0.111598,151983,0.379958
-37,48.8,400000,45020,0.11255,152055,0.380138
-37,49,400000,44992,0.11248,151973,0.379933
-37,49.2,400000,44222,0.110555,151544,0.37886
-37,49.4,400000,44688,0.11172,151288,0.37822
-37,49.6,400000,45367,0.113418,152736,0.38184
-37,49.8,400000,44673,0.111683,152196,0.38049
-37,50,400000,44623,0.111558,151844,0.37961
-36.8,-50,400000,44461,0.111153,151834,0.379585
-36.8,-49.8,400000,44431,0.111077,151336,0.37834
-36.8,-49.6,400000,44791,0.111977,151581,0.378953
-36.8,-49.4,400000,44789,0.111973,152070,0.380175
-36.8,-49.2,400000,44558,0.111395,151357,0.378393
-36.8,-49,400000,44922,0.112305,151621,0.379053
-36.8,-48.8,400000,45165,0.112912,152590,0.381475
-36.8,-48.6,400000,44679,0.111698,151566,0.378915
-36.8,-48.4,400000,44694,0.111735,152415,0.381037
-36.8,-48.2,400000,44921,0.112302,152266,0.380665
-36.8,-48,400000,45151,0.112878,151738,0.379345
-36.8,-47.8,400000,44361,0.110903,151830,0.379575
-36.8,-47.6,400000,44903,0.112257,151858,0.379645
-36.8,-47.4,400000,44996,0.11249,152209,0.380522
-36.8,-47.2,400000,44822,0.112055,151625,0.379063
-36.8,-47,400000,45011,0.112528,152874,0.382185
-36.8,-46.8,400000,44681,0.111702,152128,0.38032
-36.8,-46.6,400000,44974,0.112435,152649,0.381622
-36.8,-46.4,400000,45002,0.112505,152659,0.381647
-36.8,-46.2,400000,44715,0.111787,152107,0.380267
-36.8,-46,400000,44722,0.111805,151908,0.37977
-36.8,-45.8,400000,45524,0.11381,152444,0.38111
-36.8,-45.6,400000,45009,0.112522,151750,0.379375
-36.8,-45.4,400000,44441,0.111103,151825,0.379563
-36.8,-45.2,400000,45095,0.112738,151580,0.37895
-36.8,-45,400000,44671,0.111677,151649,0.379122
-36.8,-44.8,400000,44898,0.112245,152155,0.380387
-36.8,-44.6,400000,45089,0.112723,152672,0.38168
-36.8,-44.4,400000,45372,0.11343,152369,0.380922
-36.8,-44.2,400000,45113,0.112782,152236,0.38059
-36.8,-44,400000,44978,0.112445,152458,0.381145
-36.8,-43.8,400000,45448,0.11362,152642,0.381605
-36.8,-43.6,400000,44880,0.1122,151895,0.379738
-36.8,-43.4,400000,45259,0.113147,152567,0.381418
-36.8,-43.2,400000,44407,0.111018,151556,0.37889
-36.8,-43,400000,45029,0.112573,151695,0.379238
-36.8,-42.8,400000,44731,0.111827,151372,0.37843
-36.8,-42.6,400000,44926,0.112315,151895,0.379738
-36.8,-42.4,400000,44750,0.111875,152032,0.38008
-36.8,-42.2,400000,44859,0.112147,151892,0.37973
-36.8,-42,400000,45081,0.112702,151840,0.3796
-36.8,-41.8,400000,44666,0.111665,152555,0.381387
-36.8,-41.6,400000,45107,0.112768,152250,0.380625
-36.8,-41.4,400000,44688,0.11172,152154,0.380385
-36.8,-41.2,400000,44944,0.11236,151970,0.379925
-36.8,-41,400000,45399,0.113498,152160,0.3804
-36.8,-40.8,400000,44762,0.111905,151645,0.379113
-36.8,-40.6,400000,44945,0.112363,151580,0.37895
-36.8,-40.4,400000,45010,0.112525,152081,0.380202
-36.8,-40.2,400000,44988,0.11247,152261,0.380653
-36.8,-40,400000,44781,0.111952,151876,0.37969
-36.8,-39.8,400000,44669,0.111672,152033,0.380082
-36.8,-39.6,400000,44732,0.11183,152146,0.380365
-36.8,-39.4,400000,44451,0.111128,151798,0.379495
-36.8,-39.2,400000,45039,0.112598,151862,0.379655
-36.8,-39,400000,44861,0.112153,151851,0.379628
-36.8,-38.8,400000,44722,0.111805,152592,0.38148
-36.8,-38.6,400000,44828,0.11207,152659,0.381647
-36.8,-38.4,400000,44059,0.110147,151465,0.378663
-36.8,-38.2,400000,44497,0.111242,151703,0.379258
-36.8,-38,400000,45109,0.112772,152332,0.38083
-36.8,-37.8,400000,44811,0.112028,152253,0.380632
-36.8,-37.6,400000,44573,0.111433,152190,0.380475
-36.8,-37.4,400000,44881,0.112202,152126,0.380315
-36.8,-37.2,400000,44813,0.112032,152307,0.380767
-36.8,-37,400000,45029,0.112573,152076,0.38019
-36.8,-36.8,400000,44630,0.111575,151728,0.37932
-36.8,-36.6,400000,45239,0.113098,152612,0.38153
-36.8,-36.4,400000,44721,0.111802,152337,0.380842
-36.8,-36.2,400000,44802,0.112005,151935,0.379837
-36.8,-36,400000,44668,0.11167,152088,0.38022
-36.8,-35.8,400000,44674,0.111685,152456,0.38114
-36.8,-35.6,400000,44602,0.111505,152183,0.380458
-36.8,-35.4,400000,45012,0.11253,151656,0.37914
-36.8,-35.2,400000,44408,0.11102,151753,0.379383
-36.8,-35,400000,45391,0.113477,152161,0.380402
-36.8,-34.8,400000,44419,0.111047,151407,0.378518
-36.8,-34.6,400000,45356,0.11339,152204,0.38051
-36.8,-34.4,400000,44815,0.112037,152012,0.38003
-36.8,-34.2,400000,45007,0.112518,152173,0.380433
-36.8,-34,400000,44488,0.11122,151744,0.37936
-36.8,-33.8,400000,44789,0.111973,151834,0.379585
-36.8,-33.6,400000,44724,0.11181,152048,0.38012
-36.8,-33.4,400000,44756,0.11189,151762,0.379405
-36.8,-33.2,400000,44463,0.111158,151857,0.379642
-36.8,-33,400000,44843,0.112107,151826,0.379565
-36.8,-32.8,400000,44317,0.110793,151753,0.379383
-36.8,-32.6,400000,44732,0.11183,151598,0.378995
-36.8,-32.4,400000,45048,0.11262,152345,0.380862
-36.8,-32.2,400000,44544,0.11136,151695,0.379238
-36.8,-32,400000,44954,0.112385,152263,0.380657
-36.8,-31.8,400000,44889,0.112223,152361,0.380902
-36.8,-31.6,400000,45022,0.112555,152212,0.38053
-36.8,-31.4,400000,44889,0.112223,152404,0.38101
-36.8,-31.2,400000,44653,0.111632,152319,0.380798
-36.8,-31,400000,45261,0.113153,152624,0.38156
-36.8,-30.8,400000,44887,0.112217,151607,0.379018
-36.8,-30.6,400000,45021,0.112552,151842,0.379605
-36.8,-30.4,400000,44979,0.112448,151781,0.379453
-36.8,-30.2,400000,44403,0.111007,151383,0.378458
-36.8,-30,400000,44655,0.111638,151967,0.379918
-36.8,-29.8,400000,44489,0.111223,152021,0.380053
-36.8,-29.6,400000,44975,0.112437,151564,0.37891
-36.8,-29.4,400000,45552,0.11388,153056,0.38264
-36.8,-29.2,400000,44805,0.112013,152374,0.380935
-36.8,-29,400000,44652,0.11163,152368,0.38092
-36.8,-28.8,400000,44536,0.11134,151533,0.378833
-36.8,-28.6,400000,44259,0.110647,152071,0.380178
-36.8,-28.4,400000,45277,0.113193,152168,0.38042
-36.8,-28.2,400000,45440,0.1136,152383,0.380958
-36.8,-28,400000,44841,0.112102,151969,0.379922
-36.8,-27.8,400000,44905,0.112263,151995,0.379987
-36.8,-27.6,400000,45180,0.11295,152658,0.381645
-36.8,-27.4,400000,45826,0.114565,152338,0.380845
-36.8,-27.2,400000,45108,0.11277,152104,0.38026
-36.8,-27,400000,45030,0.112575,151854,0.379635
-36.8,-26.8,400000,44951,0.112378,152118,0.380295
-36.8,-26.6,400000,44873,0.112183,152426,0.381065
-36.8,-26.4,400000,44526,0.111315,151718,0.379295
-36.8,-26.2,400000,45249,0.113123,152455,0.381138
-36.8,-26,400000,44734,0.111835,152121,0.380302
-36.8,-25.8,400000,45357,0.113392,152708,0.38177
-36.8,-25.6,400000,45044,0.11261,152328,0.38082
-36.8,-25.4,400000,44959,0.112397,152340,0.38085
-36.8,-25.2,400000,44754,0.111885,152274,0.380685
-36.8,-25,400000,44536,0.11134,151781,0.379453
-36.8,-24.8,400000,44511,0.111278,151902,0.379755
-36.8,-24.6,400000,44730,0.111825,152177,0.380443
-36.8,-24.4,400000,44575,0.111437,152269,0.380673
-36.8,-24.2,400000,45011,0.112528,152417,0.381043
-36.8,-24,400000,44905,0.112263,152169,0.380422
-36.8,-23.8,400000,44618,0.111545,152793,0.381983
-36.8,-23.6,400000,45292,0.11323,152807,0.382018
-36.8,-23.4,400000,44913,0.112282,152221,0.380553
-36.8,-23.2,400000,44615,0.111537,151843,0.379607
-36.8,-23,400000,44962,0.112405,151676,0.37919
-36.8,-22.8,400000,44505,0.111263,151506,0.378765
-36.8,-22.6,400000,44922,0.112305,152144,0.38036
-36.8,-22.4,400000,44619,0.111547,152088,0.38022
-36.8,-22.2,400000,44279,0.110698,151564,0.37891
-36.8,-22,400000,44650,0.111625,151699,0.379248
-36.8,-21.8,400000,45548,0.11387,152378,0.380945
-36.8,-21.6,400000,44658,0.111645,151693,0.379232
-36.8,-21.4,400000,45024,0.11256,152482,0.381205
-36.8,-21.2,400000,45250,0.113125,152597,0.381493
-36.8,-21,400000,45024,0.11256,152277,0.380692
-36.8,-20.8,400000,44872,0.11218,152322,0.380805
-36.8,-20.6,400000,44420,0.11105,151753,0.379383
-36.8,-20.4,400000,44758,0.111895,151499,0.378748
-36.8,-20.2,400000,44740,0.11185,152082,0.380205
-36.8,-20,400000,44501,0.111253,152498,0.381245
-36.8,-19.8,400000,45173,0.112933,152203,0.380507
-36.8,-19.6,400000,44578,0.111445,151936,0.37984
-36.8,-19.4,400000,44947,0.112367,152390,0.380975
-36.8,-19.2,400000,44683,0.111708,152044,0.38011
-36.8,-19,400000,44447,0.111117,151803,0.379507
-36.8,-18.8,400000,44705,0.111763,151676,0.37919
-36.8,-18.6,400000,45135,0.112837,151568,0.37892
-36.8,-18.4,400000,44995,0.112488,152338,0.380845
-36.8,-18.2,400000,44882,0.112205,151836,0.37959
-36.8,-18,400000,44403,0.111007,151316,0.37829
-36.8,-17.8,400000,44611,0.111528,152020,0.38005
-36.8,-17.6,400000,44835,0.112088,152194,0.380485
-36.8,-17.4,400000,44737,0.111842,151852,0.37963
-36.8,-17.2,400000,44745,0.111863,152334,0.380835
-36.8,-17,400000,45234,0.113085,152227,0.380568
-36.8,-16.8,400000,44369,0.110922,152280,0.3807
-36.8,-16.6,400000,44428,0.11107,151438,0.378595
-36.8,-16.4,400000,44841,0.112102,151898,0.379745
-36.8,-16.2,400000,45071,0.112677,152573,0.381433
-36.8,-16,400000,44475,0.111187,152083,0.380207
-36.8,-15.8,400000,44824,0.11206,152315,0.380788
-36.8,-15.6,400000,45334,0.113335,152471,0.381178
-36.8,-15.4,400000,45178,0.112945,152204,0.38051
-36.8,-15.2,400000,44527,0.111317,151905,0.379763
-36.8,-15,400000,44957,0.112393,152161,0.380402
-36.8,-14.8,400000,44413,0.111033,152084,0.38021
-36.8,-14.6,400000,45051,0.112628,152094,0.380235
-36.8,-14.4,400000,44470,0.111175,151801,0.379503
-36.8,-14.2,400000,44995,0.112488,152403,0.381007
-36.8,-14,400000,44902,0.112255,151935,0.379837
-36.8,-13.8,400000,44929,0.112323,151928,0.37982
-36.8,-13.6,400000,44790,0.111975,152314,0.380785
-36.8,-13.4,400000,45115,0.112787,152502,0.381255
-36.8,-13.2,400000,43970,0.109925,151385,0.378462
-36.8,-13,400000,44810,0.112025,152016,0.38004
-36.8,-12.8,400000,45455,0.113638,152266,0.380665
-36.8,-12.6,400000,44836,0.11209,151810,0.379525
-36.8,-12.4,400000,44807,0.112018,151754,0.379385
-36.8,-12.2,400000,44732,0.11183,151470,0.378675
-36.8,-12,400000,44722,0.111805,152055,0.380138
-36.8,-11.8,400000,44626,0.111565,152006,0.380015
-36.8,-11.6,400000,44382,0.110955,151406,0.378515
-36.8,-11.4,400000,45081,0.112702,152295,0.380738
-36.8,-11.2,400000,43954,0.109885,151124,0.37781
-36.8,-11,400000,45297,0.113242,152657,0.381642
-36.8,-10.8,400000,44615,0.111537,152289,0.380723
-36.8,-10.6,400000,45236,0.11309,152547,0.381368
-36.8,-10.4,400000,45258,0.113145,152455,0.381138
-36.8,-10.2,400000,44986,0.112465,151894,0.379735
-36.8,-10,400000,45154,0.112885,151698,0.379245
-36.8,-9.8,400000,44624,0.11156,152045,0.380113
-36.8,-9.6,400000,44723,0.111808,151574,0.378935
-36.8,-9.4,400000,44882,0.112205,151567,0.378918
-36.8,-9.2,400000,45005,0.112513,151784,0.37946
-36.8,-9,400000,44927,0.112318,152340,0.38085
-36.8,-8.8,400000,44936,0.11234,152116,0.38029
-36.8,-8.6,400000,44984,0.11246,152224,0.38056
-36.8,-8.4,400000,45051,0.112628,152286,0.380715
-36.8,-8.2,400000,44569,0.111422,152755,0.381887
-36.8,-8,400000,44962,0.112405,152020,0.38005
-36.8,-7.8,400000,45091,0.112727,152304,0.38076
-36.8,-7.6,400000,44820,0.11205,152246,0.380615
-36.8,-7.4,400000,44647,0.111617,152154,0.380385
-36.8,-7.2,400000,44845,0.112113,151907,0.379767
-36.8,-7,400000,44864,0.11216,151835,0.379588
-36.8,-6.8,400000,45099,0.112748,152394,0.380985
-36.8,-6.6,400000,45471,0.113678,151961,0.379902
-36.8,-6.4,400000,44326,0.110815,151497,0.378742
-36.8,-6.2,400000,44517,0.111293,151844,0.37961
-36.8,-6,400000,44617,0.111543,152010,0.380025
-36.8,-5.8,400000,44434,0.111085,151842,0.379605
-36.8,-5.6,400000,45016,0.11254,151865,0.379663
-36.8,-5.4,400000,45081,0.112702,152046,0.380115
-36.8,-5.2,400000,44247,0.110617,151364,0.37841
-36.8,-5,400000,44903,0.112257,152275,0.380688
-36.8,-4.8,400000,45268,0.11317,152651,0.381628
-36.8,-4.6,400000,44696,0.11174,152773,0.381933
-36.8,-4.4,400000,44951,0.112378,152200,0.3805
-36.8,-4.2,400000,44455,0.111138,152276,0.38069
-36.8,-4,400000,44495,0.111238,151723,0.379308
-36.8,-3.8,400000,44837,0.112092,152619,0.381547
-36.8,-3.6,400000,44921,0.112302,152083,0.380207
-36.8,-3.4,400000,44869,0.112172,151641,0.379103
-36.8,-3.2,400000,44692,0.11173,152331,0.380827
-36.8,-3,400000,44997,0.112492,152449,0.381122
-36.8,-2.8,400000,44863,0.112157,152442,0.381105
-36.8,-2.6,400000,44558,0.111395,152049,0.380122
-36.8,-2.4,400000,45196,0.11299,152354,0.380885
-36.8,-2.2,400000,44273,0.110683,152273,0.380682
-36.8,-2,400000,44326,0.110815,151899,0.379748
-36.8,-1.8,400000,44994,0.112485,151815,0.379538
-36.8,-1.6,400000,44546,0.111365,151845,0.379613
-36.8,-1.4,400000,44794,0.111985,152476,0.38119
-36.8,-1.2,400000,44564,0.11141,152641,0.381603
-36.8,-1,400000,44684,0.11171,152131,0.380327
-36.8,-0.8,400000,45179,0.112948,152440,0.3811
-36.8,-0.6,400000,44705,0.111763,151569,0.378922
-36.8,-0.4,400000,45358,0.113395,151959,0.379897
-36.8,-0.2,400000,44877,0.112193,152547,0.381368
-36.8,0,400000,44506,0.111265,151496,0.37874
-36.8,0.2,400000,45406,0.113515,152072,0.38018
-36.8,0.4,400000,45231,0.113077,151973,0.379933
-36.8,0.6,400000,44900,0.11225,152029,0.380072
-36.8,0.8,400000,44760,0.1119,151950,0.379875
-36.8,1,400000,44742,0.111855,152411,0.381028
-36.8,1.2,400000,44610,0.111525,151746,0.379365
-36.8,1.4,400000,44826,0.112065,151924,0.37981
-36.8,1.6,400000,44659,0.111647,151816,0.37954
-36.8,1.8,400000,44916,0.11229,152335,0.380837
-36.8,2,400000,44784,0.11196,152768,0.38192
-36.8,2.2,400000,44510,0.111275,151279,0.378198
-36.8,2.4,400000,45161,0.112903,151743,0.379358
-36.8,2.6,400000,44639,0.111598,151985,0.379962
-36.8,2.8,400000,44727,0.111818,152037,0.380092
-36.8,3,400000,44972,0.11243,152414,0.381035
-36.8,3.2,400000,44501,0.111253,151791,0.379478
-36.8,3.4,400000,44374,0.110935,150841,0.377103
-36.8,3.6,400000,44792,0.11198,151494,0.378735
-36.8,3.8,400000,44900,0.11225,151650,0.379125
-36.8,4,400000,44492,0.11123,151862,0.379655
-36.8,4.2,400000,44966,0.112415,151565,0.378912
-36.8,4.4,400000,45559,0.113897,152889,0.382223
-36.8,4.6,400000,45048,0.11262,152385,0.380962
-36.8,4.8,400000,44787,0.111967,152005,0.380012
-36.8,5,400000,45342,0.113355,152255,0.380638
-36.8,5.2,400000,44488,0.11122,151652,0.37913
-36.8,5.4,400000,44894,0.112235,152089,0.380223
-36.8,5.6,400000,45254,0.113135,152584,0.38146
-36.8,5.8,400000,45168,0.11292,152014,0.380035
-36.8,6,400000,45137,0.112842,152633,0.381582
-36.8,6.2,400000,44819,0.112047,152172,0.38043
-36.8,6.4,400000,44892,0.11223,152397,0.380993
-36.8,6.6,400000,44870,0.112175,151774,0.379435
-36.8,6.8,400000,44458,0.111145,151996,0.37999
-36.8,7,400000,44776,0.11194,151803,0.379507
-36.8,7.2,400000,44555,0.111388,152363,0.380908
-36.8,7.4,400000,44791,0.111977,152207,0.380518
-36.8,7.6,400000,44452,0.11113,151256,0.37814
-36.8,7.8,400000,44741,0.111852,152564,0.38141
-36.8,8,400000,44771,0.111927,152175,0.380437
-36.8,8.2,400000,44427,0.111067,152236,0.38059
-36.8,8.4,400000,44944,0.11236,152344,0.38086
-36.8,8.6,400000,44890,0.112225,152287,0.380717
-36.8,8.8,400000,45109,0.112772,151720,0.3793
-36.8,9,400000,45030,0.112575,152690,0.381725
-36.8,9.2,400000,44992,0.11248,152859,0.382147
-36.8,9.4,400000,45020,0.11255,151896,0.37974
-36.8,9.6,400000,44971,0.112427,152254,0.380635
-36.8,9.8,400000,44655,0.111638,152060,0.38015
-36.8,10,400000,45517,0.113793,152384,0.38096
-36.8,10.2,400000,44842,0.112105,151862,0.379655
-36.8,10.4,400000,44385,0.110963,151615,0.379038
-36.8,10.6,400000,45228,0.11307,152739,0.381848
-36.8,10.8,400000,44628,0.11157,152214,0.380535
-36.8,11,400000,44908,0.11227,151797,0.379493
-36.8,11.2,400000,44613,0.111533,151957,0.379893
-36.8,11.4,400000,44749,0.111872,152533,0.381333
-36.8,11.6,400000,45024,0.11256,151866,0.379665
-36.8,11.8,400000,45124,0.11281,152488,0.38122
-36.8,12,400000,44688,0.11172,151768,0.37942
-36.8,12.2,400000,44934,0.112335,152437,0.381093
-36.8,12.4,400000,44677,0.111693,152392,0.38098
-36.8,12.6,400000,44908,0.11227,152441,0.381103
-36.8,12.8,400000,45002,0.112505,151755,0.379387
-36.8,13,400000,44907,0.112268,152081,0.380202
-36.8,13.2,400000,44758,0.111895,152214,0.380535
-36.8,13.4,400000,44784,0.11196,151999,0.379997
-36.8,13.6,400000,44937,0.112342,151966,0.379915
-36.8,13.8,400000,44795,0.111988,152649,0.381622
-36.8,14,400000,44843,0.112107,152506,0.381265
-36.8,14.2,400000,44648,0.11162,151555,0.378887
-36.8,14.4,400000,44758,0.111895,152336,0.38084
-36.8,14.6,400000,45119,0.112797,152290,0.380725
-36.8,14.8,400000,44631,0.111577,152153,0.380383
-36.8,15,400000,45287,0.113217,151860,0.37965
-36.8,15.2,400000,45192,0.11298,152661,0.381653
-36.8,15.4,400000,45074,0.112685,152011,0.380028
-36.8,15.6,400000,44420,0.11105,152830,0.382075
-36.8,15.8,400000,44967,0.112418,152285,0.380713
-36.8,16,400000,44755,0.111888,151840,0.3796
-36.8,16.2,400000,44375,0.110937,152339,0.380848
-36.8,16.4,400000,44726,0.111815,151837,0.379592
-36.8,16.6,400000,44823,0.112058,151811,0.379528
-36.8,16.8,400000,45145,0.112863,152191,0.380478
-36.8,17,400000,44505,0.111263,151656,0.37914
-36.8,17.2,400000,44762,0.111905,152430,0.381075
-36.8,17.4,400000,45195,0.112988,152112,0.38028
-36.8,17.6,400000,44838,0.112095,151952,0.37988
-36.8,17.8,400000,44674,0.111685,151850,0.379625
-36.8,18,400000,45745,0.114363,152558,0.381395
-36.8,18.2,400000,44455,0.111138,151372,0.37843
-36.8,18.4,400000,44585,0.111463,151976,0.37994
-36.8,18.6,400000,44733,0.111833,152352,0.38088
-36.8,18.8,400000,45051,0.112628,152483,0.381207
-36.8,19,400000,44505,0.111263,151970,0.379925
-36.8,19.2,400000,44603,0.111507,152267,0.380667
-36.8,19.4,400000,45087,0.112717,151763,0.379408
-36.8,19.6,400000,44489,0.111223,152077,0.380192
-36.8,19.8,400000,44808,0.11202,152065,0.380163
-36.8,20,400000,44161,0.110403,151300,0.37825
-36.8,20.2,400000,44921,0.112302,152640,0.3816
-36.8,20.4,400000,44648,0.11162,152357,0.380893
-36.8,20.6,400000,44896,0.11224,151990,0.379975
-36.8,20.8,400000,44860,0.11215,152547,0.381368
-36.8,21,400000,45173,0.112933,152545,0.381362
-36.8,21.2,400000,44868,0.11217,152217,0.380543
-36.8,21.4,400000,44823,0.112058,152071,0.380178
-36.8,21.6,400000,44667,0.111668,151732,0.37933
-36.8,21.8,400000,44838,0.112095,152199,0.380497
-36.8,22,400000,45030,0.112575,152370,0.380925
-36.8,22.2,400000,45367,0.113418,152674,0.381685
-36.8,22.4,400000,44627,0.111568,152185,0.380462
-36.8,22.6,400000,44456,0.11114,152450,0.381125
-36.8,22.8,400000,44949,0.112373,152289,0.380723
-36.8,23,400000,44811,0.112028,152123,0.380308
-36.8,23.2,400000,44689,0.111723,151505,0.378763
-36.8,23.4,400000,44924,0.11231,151945,0.379862
-36.8,23.6,400000,44490,0.111225,152240,0.3806
-36.8,23.8,400000,44540,0.11135,151685,0.379213
-36.8,24,400000,44543,0.111357,151674,0.379185
-36.8,24.2,400000,44454,0.111135,151232,0.37808
-36.8,24.4,400000,45182,0.112955,151647,0.379117
-36.8,24.6,400000,44536,0.11134,152721,0.381802
-36.8,24.8,400000,45035,0.112587,151954,0.379885
-36.8,25,400000,45046,0.112615,151995,0.379987
-36.8,25.2,400000,44159,0.110397,152005,0.380012
-36.8,25.4,400000,44886,0.112215,151771,0.379427
-36.8,25.6,400000,45126,0.112815,152198,0.380495
-36.8,25.8,400000,44680,0.1117,151685,0.379213
-36.8,26,400000,44682,0.111705,152240,0.3806
-36.8,26.2,400000,45019,0.112547,152751,0.381877
-36.8,26.4,400000,45134,0.112835,152306,0.380765
-36.8,26.6,400000,44694,0.111735,151853,0.379632
-36.8,26.8,400000,44817,0.112043,152323,0.380808
-36.8,27,400000,45107,0.112768,152400,0.381
-36.8,27.2,400000,44965,0.112412,152281,0.380702
-36.8,27.4,400000,44883,0.112208,151768,0.37942
-36.8,27.6,400000,44556,0.11139,152122,0.380305
-36.8,27.8,400000,45072,0.11268,152278,0.380695
-36.8,28,400000,45101,0.112753,152308,0.38077
-36.8,28.2,400000,44549,0.111372,152246,0.380615
-36.8,28.4,400000,44623,0.111558,151840,0.3796
-36.8,28.6,400000,44930,0.112325,152447,0.381117
-36.8,28.8,400000,45046,0.112615,152366,0.380915
-36.8,29,400000,44898,0.112245,151948,0.37987
-36.8,29.2,400000,44751,0.111878,151785,0.379462
-36.8,29.4,400000,44690,0.111725,152253,0.380632
-36.8,29.6,400000,44707,0.111768,152138,0.380345
-36.8,29.8,400000,45156,0.11289,152232,0.38058
-36.8,30,400000,44751,0.111878,151856,0.37964
-36.8,30.2,400000,44233,0.110583,152042,0.380105
-36.8,30.4,400000,44590,0.111475,152324,0.38081
-36.8,30.6,400000,44904,0.11226,152022,0.380055
-36.8,30.8,400000,44690,0.111725,151889,0.379723
-36.8,31,400000,44899,0.112248,152053,0.380132
-36.8,31.2,400000,44497,0.111242,151795,0.379487
-36.8,31.4,400000,45016,0.11254,152422,0.381055
-36.8,31.6,400000,45051,0.112628,152447,0.381117
-36.8,31.8,400000,44029,0.110073,151467,0.378667
-36.8,32,400000,45460,0.11365,152538,0.381345
-36.8,32.2,400000,44879,0.112198,151505,0.378763
-36.8,32.4,400000,44728,0.11182,151685,0.379213
-36.8,32.6,400000,44882,0.112205,152270,0.380675
-36.8,32.8,400000,44752,0.11188,152055,0.380138
-36.8,33,400000,44355,0.110887,151481,0.378702
-36.8,33.2,400000,44486,0.111215,151792,0.37948
-36.8,33.4,400000,44797,0.111992,151417,0.378543
-36.8,33.6,400000,44325,0.110812,151550,0.378875
-36.8,33.8,400000,44820,0.11205,152187,0.380468
-36.8,34,400000,44964,0.11241,152104,0.38026
-36.8,34.2,400000,45140,0.11285,152368,0.38092
-36.8,34.4,400000,45027,0.112568,152229,0.380572
-36.8,34.6,400000,44797,0.111992,152282,0.380705
-36.8,34.8,400000,44670,0.111675,152280,0.3807
-36.8,35,400000,44200,0.1105,151405,0.378512
-36.8,35.2,400000,44740,0.11185,151774,0.379435
-36.8,35.4,400000,44917,0.112293,151729,0.379323
-36.8,35.6,400000,44508,0.11127,151716,0.37929
-36.8,35.8,400000,45608,0.11402,152998,0.382495
-36.8,36,400000,45022,0.112555,152395,0.380987
-36.8,36.2,400000,44706,0.111765,151692,0.37923
-36.8,36.4,400000,44933,0.112333,152296,0.38074
-36.8,36.6,400000,45060,0.11265,152354,0.380885
-36.8,36.8,400000,45368,0.11342,152173,0.380433
-36.8,37,400000,44794,0.111985,151930,0.379825
-36.8,37.2,400000,44586,0.111465,151813,0.379532
-36.8,37.4,400000,44908,0.11227,151997,0.379993
-36.8,37.6,400000,45044,0.11261,152248,0.38062
-36.8,37.8,400000,44816,0.11204,151750,0.379375
-36.8,38,400000,44862,0.112155,151796,0.37949
-36.8,38.2,400000,44551,0.111378,151012,0.37753
-36.8,38.4,400000,44116,0.11029,151573,0.378933
-36.8,38.6,400000,44889,0.112223,151964,0.37991
-36.8,38.8,400000,44562,0.111405,152081,0.380202
-36.8,39,400000,45052,0.11263,152334,0.380835
-36.8,39.2,400000,44655,0.111638,151763,0.379408
-36.8,39.4,400000,45120,0.1128,152309,0.380773
-36.8,39.6,400000,44734,0.111835,152141,0.380352
-36.8,39.8,400000,44447,0.111117,151566,0.378915
-36.8,40,400000,45223,0.113058,152941,0.382352
-36.8,40.2,400000,44671,0.111677,152218,0.380545
-36.8,40.4,400000,45152,0.11288,152178,0.380445
-36.8,40.6,400000,45005,0.112513,152470,0.381175
-36.8,40.8,400000,44435,0.111088,152081,0.380202
-36.8,41,400000,44511,0.111278,152015,0.380037
-36.8,41.2,400000,44311,0.110778,152007,0.380018
-36.8,41.4,400000,44518,0.111295,151867,0.379667
-36.8,41.6,400000,45040,0.1126,151765,0.379412
-36.8,41.8,400000,45299,0.113248,152174,0.380435
-36.8,42,400000,44553,0.111382,151705,0.379263
-36.8,42.2,400000,44938,0.112345,152267,0.380667
-36.8,42.4,400000,44909,0.112272,152142,0.380355
-36.8,42.6,400000,44997,0.112492,151925,0.379812
-36.8,42.8,400000,44957,0.112393,151590,0.378975
-36.8,43,400000,44634,0.111585,151415,0.378538
-36.8,43.2,400000,45082,0.112705,152401,0.381003
-36.8,43.4,400000,44528,0.11132,151882,0.379705
-36.8,43.6,400000,44929,0.112323,151469,0.378673
-36.8,43.8,400000,44559,0.111397,152274,0.380685
-36.8,44,400000,44787,0.111967,151893,0.379732
-36.8,44.2,400000,44609,0.111522,151378,0.378445
-36.8,44.4,400000,45293,0.113232,152395,0.380987
-36.8,44.6,400000,44886,0.112215,151537,0.378843
-36.8,44.8,400000,44431,0.111077,151596,0.37899
-36.8,45,400000,44741,0.111852,151712,0.37928
-36.8,45.2,400000,44753,0.111882,152048,0.38012
-36.8,45.4,400000,45275,0.113187,152373,0.380933
-36.8,45.6,400000,44644,0.11161,151901,0.379752
-36.8,45.8,400000,43768,0.10942,151391,0.378478
-36.8,46,400000,44235,0.110588,152037,0.380092
-36.8,46.2,400000,44946,0.112365,151468,0.37867
-36.8,46.4,400000,44878,0.112195,152121,0.380302
-36.8,46.6,400000,44637,0.111592,151860,0.37965
-36.8,46.8,400000,44601,0.111503,151682,0.379205
-36.8,47,400000,44407,0.111018,152337,0.380842
-36.8,47.2,400000,44937,0.112342,152397,0.380993
-36.8,47.4,400000,45071,0.112677,151926,0.379815
-36.8,47.6,400000,44400,0.111,151506,0.378765
-36.8,47.8,400000,44684,0.11171,151540,0.37885
-36.8,48,400000,44654,0.111635,151113,0.377783
-36.8,48.2,400000,44453,0.111132,152118,0.380295
-36.8,48.4,400000,44443,0.111107,152390,0.380975
-36.8,48.6,400000,44289,0.110723,151805,0.379512
-36.8,48.8,400000,45097,0.112742,152036,0.38009
-36.8,49,400000,44804,0.11201,152013,0.380032
-36.8,49.2,400000,44817,0.112043,151796,0.37949
-36.8,49.4,400000,44734,0.111835,152010,0.380025
-36.8,49.6,400000,44865,0.112162,151904,0.37976
-36.8,49.8,400000,44607,0.111518,152091,0.380227
-36.8,50,400000,44716,0.11179,151894,0.379735
-36.6,-50,400000,45249,0.113123,152304,0.38076
-36.6,-49.8,400000,44890,0.112225,152688,0.38172
-36.6,-49.6,400000,44844,0.11211,152160,0.3804
-36.6,-49.4,400000,44732,0.11183,152553,0.381383
-36.6,-49.2,400000,44832,0.11208,152089,0.380223
-36.6,-49,400000,44695,0.111738,151935,0.379837
-36.6,-48.8,400000,44902,0.112255,152525,0.381312
-36.6,-48.6,400000,44479,0.111198,151717,0.379292
-36.6,-48.4,400000,44949,0.112373,152323,0.380808
-36.6,-48.2,400000,45042,0.112605,151974,0.379935
-36.6,-48,400000,44838,0.112095,151956,0.37989
-36.6,-47.8,400000,45107,0.112768,152884,0.38221
-36.6,-47.6,400000,44397,0.110992,151392,0.37848
-36.6,-47.4,400000,44658,0.111645,152107,0.380267
-36.6,-47.2,400000,44893,0.112232,152065,0.380163
-36.6,-47,400000,45263,0.113157,151915,0.379788
-36.6,-46.8,400000,45008,0.11252,152258,0.380645
-36.6,-46.6,400000,45431,0.113577,151985,0.379962
-36.6,-46.4,400000,45088,0.11272,152142,0.380355
-36.6,-46.2,400000,44082,0.110205,151822,0.379555
-36.6,-46,400000,44908,0.11227,152112,0.38028
-36.6,-45.8,400000,44565,0.111412,151428,0.37857
-36.6,-45.6,400000,44738,0.111845,151963,0.379908
-36.6,-45.4,400000,45095,0.112738,151981,0.379953
-36.6,-45.2,400000,44832,0.11208,152029,0.380072
-36.6,-45,400000,45045,0.112613,152662,0.381655
-36.6,-44.8,400000,45008,0.11252,152627,0.381568
-36.6,-44.6,400000,44650,0.111625,152189,0.380472
-36.6,-44.4,400000,44683,0.111708,152315,0.380788
-36.6,-44.2,400000,45006,0.112515,152156,0.38039
-36.6,-44,400000,44734,0.111835,152262,0.380655
-36.6,-43.8,400000,45053,0.112632,152449,0.381122
-36.6,-43.6,400000,45276,0.11319,152321,0.380802
-36.6,-43.4,400000,44699,0.111747,151743,0.379358
-36.6,-43.2,400000,45024,0.11256,151968,0.37992
-36.6,-43,400000,44670,0.111675,152202,0.380505
-36.6,-42.8,400000,45276,0.11319,152962,0.382405
-36.6,-42.6,400000,45001,0.112503,151915,0.379788
-36.6,-42.4,400000,44842,0.112105,151944,0.37986
-36.6,-42.2,400000,44742,0.111855,152443,0.381107
-36.6,-42,400000,44789,0.111973,152441,0.381103
-36.6,-41.8,400000,44823,0.112058,152240,0.3806
-36.6,-41.6,400000,45040,0.1126,152163,0.380408
-36.6,-41.4,400000,44801,0.112003,151743,0.379358
-36.6,-41.2,400000,45057,0.112643,152807,0.382018
-36.6,-41,400000,44468,0.11117,151715,0.379287
-36.6,-40.8,400000,45064,0.11266,152144,0.38036
-36.6,-40.6,400000,44672,0.11168,151885,0.379713
-36.6,-40.4,400000,44689,0.111723,152414,0.381035
-36.6,-40.2,400000,44526,0.111315,151776,0.37944
-36.6,-40,400000,45195,0.112988,151746,0.379365
-36.6,-39.8,400000,45390,0.113475,152255,0.380638
-36.6,-39.6,400000,44751,0.111878,151757,0.379393
-36.6,-39.4,400000,44442,0.111105,151784,0.37946
-36.6,-39.2,400000,44443,0.111107,151798,0.379495
-36.6,-39,400000,44887,0.112217,152366,0.380915
-36.6,-38.8,400000,44574,0.111435,151862,0.379655
-36.6,-38.6,400000,44641,0.111602,151972,0.37993
-36.6,-38.4,400000,44555,0.111388,152526,0.381315
-36.6,-38.2,400000,44876,0.11219,152314,0.380785
-36.6,-38,400000,44915,0.112287,152258,0.380645
-36.6,-37.8,400000,44832,0.11208,151919,0.379798
-36.6,-37.6,400000,45184,0.11296,152479,0.381198
-36.6,-37.4,400000,45049,0.112623,152610,0.381525
-36.6,-37.2,400000,44892,0.11223,151925,0.379812
-36.6,-37,400000,44921,0.112302,152644,0.38161
-36.6,-36.8,400000,44309,0.110772,151909,0.379773
-36.6,-36.6,400000,44544,0.11136,151678,0.379195
-36.6,-36.4,400000,44427,0.111067,151715,0.379287
-36.6,-36.2,400000,44797,0.111992,152385,0.380962
-36.6,-36,400000,44880,0.1122,151907,0.379767
-36.6,-35.8,400000,44657,0.111643,151572,0.37893
-36.6,-35.6,400000,44774,0.111935,152023,0.380057
-36.6,-35.4,400000,44513,0.111283,151905,0.379763
-36.6,-35.2,400000,44934,0.112335,152126,0.380315
-36.6,-35,400000,44901,0.112253,152086,0.380215
-36.6,-34.8,400000,44853,0.112132,151905,0.379763
-36.6,-34.6,400000,44861,0.112153,152308,0.38077
-36.6,-34.4,400000,44685,0.111713,151652,0.37913
-36.6,-34.2,400000,44970,0.112425,152358,0.380895
-36.6,-34,400000,44861,0.112153,151997,0.379993
-36.6,-33.8,400000,44960,0.1124,152046,0.380115
-36.6,-33.6,400000,45190,0.112975,151779,0.379447
-36.6,-33.4,400000,44375,0.110937,151996,0.37999
-36.6,-33.2,400000,44916,0.11229,151549,0.378873
-36.6,-33,400000,44718,0.111795,151986,0.379965
-36.6,-32.8,400000,44774,0.111935,152280,0.3807
-36.6,-32.6,400000,44983,0.112458,151901,0.379752
-36.6,-32.4,400000,45219,0.113047,152055,0.380138
-36.6,-32.2,400000,44547,0.111367,151901,0.379752
-36.6,-32,400000,44551,0.111378,151729,0.379323
-36.6,-31.8,400000,44882,0.112205,152466,0.381165
-36.6,-31.6,400000,44965,0.112412,152629,0.381572
-36.6,-31.4,400000,45188,0.11297,152438,0.381095
-36.6,-31.2,400000,44832,0.11208,151857,0.379642
-36.6,-31,400000,45420,0.11355,152545,0.381362
-36.6,-30.8,400000,45041,0.112602,152560,0.3814
-36.6,-30.6,400000,44609,0.111522,151466,0.378665
-36.6,-30.4,400000,44890,0.112225,151995,0.379987
-36.6,-30.2,400000,44503,0.111257,152269,0.380673
-36.6,-30,400000,44955,0.112388,152135,0.380337
-36.6,-29.8,400000,44828,0.11207,151731,0.379327
-36.6,-29.6,400000,44504,0.11126,151809,0.379522
-36.6,-29.4,400000,45101,0.112753,152098,0.380245
-36.6,-29.2,400000,44846,0.112115,152353,0.380883
-36.6,-29,400000,44890,0.112225,152313,0.380783
-36.6,-28.8,400000,44537,0.111342,152122,0.380305
-36.6,-28.6,400000,44876,0.11219,151471,0.378678
-36.6,-28.4,400000,45145,0.112863,152173,0.380433
-36.6,-28.2,400000,45317,0.113293,152384,0.38096
-36.6,-28,400000,45060,0.11265,151901,0.379752
-36.6,-27.8,400000,44540,0.11135,151808,0.37952
-36.6,-27.6,400000,44686,0.111715,152295,0.380738
-36.6,-27.4,400000,45203,0.113007,152710,0.381775
-36.6,-27.2,400000,44936,0.11234,151639,0.379097
-36.6,-27,400000,44934,0.112335,152324,0.38081
-36.6,-26.8,400000,45192,0.11298,152506,0.381265
-36.6,-26.6,400000,44945,0.112363,152233,0.380582
-36.6,-26.4,400000,44840,0.1121,152378,0.380945
-36.6,-26.2,400000,44858,0.112145,152213,0.380532
-36.6,-26,400000,44763,0.111907,151726,0.379315
-36.6,-25.8,400000,44948,0.11237,152024,0.38006
-36.6,-25.6,400000,45097,0.112742,152314,0.380785
-36.6,-25.4,400000,44796,0.11199,152189,0.380472
-36.6,-25.2,400000,44932,0.11233,151906,0.379765
-36.6,-25,400000,44762,0.111905,152703,0.381758
-36.6,-24.8,400000,45080,0.1127,152660,0.38165
-36.6,-24.6,400000,45044,0.11261,152081,0.380202
-36.6,-24.4,400000,44801,0.112003,152083,0.380207
-36.6,-24.2,400000,44840,0.1121,152337,0.380842
-36.6,-24,400000,44999,0.112498,152502,0.381255
-36.6,-23.8,400000,45222,0.113055,152857,0.382142
-36.6,-23.6,400000,44865,0.112162,152187,0.380468
-36.6,-23.4,400000,44935,0.112338,151714,0.379285
-36.6,-23.2,400000,44695,0.111738,151717,0.379292
-36.6,-23,400000,44645,0.111613,151832,0.37958
-36.6,-22.8,400000,44519,0.111297,152101,0.380252
-36.6,-22.6,400000,44861,0.112153,152242,0.380605
-36.6,-22.4,400000,44854,0.112135,152519,0.381298
-36.6,-22.2,400000,44607,0.111518,152090,0.380225
-36.6,-22,400000,45350,0.113375,153079,0.382698
-36.6,-21.8,400000,44890,0.112225,152175,0.380437
-36.6,-21.6,400000,45224,0.11306,152769,0.381922
-36.6,-21.4,400000,44779,0.111948,152634,0.381585
-36.6,-21.2,400000,44125,0.110312,151085,0.377713
-36.6,-21,400000,45277,0.113193,152360,0.3809
-36.6,-20.8,400000,45224,0.11306,152793,0.381983
-36.6,-20.6,400000,45047,0.112617,152754,0.381885
-36.6,-20.4,400000,44674,0.111685,152129,0.380323
-36.6,-20.2,400000,44988,0.11247,152480,0.3812
-36.6,-20,400000,44906,0.112265,151788,0.37947
-36.6,-19.8,400000,44170,0.110425,151796,0.37949
-36.6,-19.6,400000,44641,0.111602,151420,0.37855
-36.6,-19.4,400000,44898,0.112245,152209,0.380522
-36.6,-19.2,400000,44619,0.111547,152102,0.380255
-36.6,-19,400000,44885,0.112213,152365,0.380912
-36.6,-18.8,400000,44782,0.111955,152406,0.381015
-36.6,-18.6,400000,44466,0.111165,151860,0.37965
-36.6,-18.4,400000,44835,0.112088,152515,0.381288
-36.6,-18.2,400000,44498,0.111245,151766,0.379415
-36.6,-18,400000,45260,0.11315,152196,0.38049
-36.6,-17.8,400000,44757,0.111893,152017,0.380043
-36.6,-17.6,400000,45017,0.112543,152645,0.381613
-36.6,-17.4,400000,44802,0.112005,152325,0.380812
-36.6,-17.2,400000,45178,0.112945,152175,0.380437
-36.6,-17,400000,45130,0.112825,151896,0.37974
-36.6,-16.8,400000,44797,0.111992,151853,0.379632
-36.6,-16.6,400000,44461,0.111153,151992,0.37998
-36.6,-16.4,400000,44325,0.110812,151749,0.379373
-36.6,-16.2,400000,44943,0.112357,151953,0.379883
-36.6,-16,400000,44431,0.111077,152208,0.38052
-36.6,-15.8,400000,44307,0.110768,151656,0.37914
-36.6,-15.6,400000,44332,0.11083,151743,0.379358
-36.6,-15.4,400000,44581,0.111452,151865,0.379663
-36.6,-15.2,400000,45073,0.112683,152282,0.380705
-36.6,-15,400000,44943,0.112357,152412,0.38103
-36.6,-14.8,400000,44523,0.111308,152218,0.380545
-36.6,-14.6,400000,45090,0.112725,152618,0.381545
-36.6,-14.4,400000,45262,0.113155,152126,0.380315
-36.6,-14.2,400000,44606,0.111515,151913,0.379783
-36.6,-14,400000,45032,0.11258,152327,0.380817
-36.6,-13.8,400000,44499,0.111247,151972,0.37993
-36.6,-13.6,400000,44931,0.112327,152322,0.380805
-36.6,-13.4,400000,44656,0.11164,151806,0.379515
-36.6,-13.2,400000,44969,0.112422,151331,0.378327
-36.6,-13,400000,44900,0.11225,152286,0.380715
-36.6,-12.8,400000,44766,0.111915,152389,0.380972
-36.6,-12.6,400000,44769,0.111922,152166,0.380415
-36.6,-12.4,400000,44864,0.11216,151969,0.379922
-36.6,-12.2,400000,44523,0.111308,151493,0.378733
-36.6,-12,400000,44679,0.111698,152465,0.381163
-36.6,-11.8,400000,45170,0.112925,152359,0.380897
-36.6,-11.6,400000,44697,0.111742,152566,0.381415
-36.6,-11.4,400000,44877,0.112193,152276,0.38069
-36.6,-11.2,400000,45050,0.112625,152346,0.380865
-36.6,-11,400000,45351,0.113378,152038,0.380095
-36.6,-10.8,400000,44696,0.11174,152288,0.38072
-36.6,-10.6,400000,44603,0.111507,151948,0.37987
-36.6,-10.4,400000,44546,0.111365,151995,0.379987
-36.6,-10.2,400000,44711,0.111778,151986,0.379965
-36.6,-10,400000,44749,0.111872,151934,0.379835
-36.6,-9.8,400000,45149,0.112873,152609,0.381522
-36.6,-9.6,400000,44802,0.112005,152245,0.380613
-36.6,-9.4,400000,44581,0.111452,151487,0.378717
-36.6,-9.2,400000,44768,0.11192,152012,0.38003
-36.6,-9,400000,44826,0.112065,152157,0.380393
-36.6,-8.8,400000,44558,0.111395,151801,0.379503
-36.6,-8.6,400000,45078,0.112695,151966,0.379915
-36.6,-8.4,400000,44983,0.112458,152474,0.381185
-36.6,-8.2,400000,44622,0.111555,151749,0.379373
-36.6,-8,400000,45020,0.11255,152141,0.380352
-36.6,-7.8,400000,44978,0.112445,152576,0.38144
-36.6,-7.6,400000,44950,0.112375,152065,0.380163
-36.6,-7.4,400000,44777,0.111943,152671,0.381678
-36.6,-7.2,400000,44465,0.111162,151727,0.379317
-36.6,-7,400000,44802,0.112005,152472,0.38118
-36.6,-6.8,400000,44969,0.112422,152758,0.381895
-36.6,-6.6,400000,44832,0.11208,151648,0.37912
-36.6,-6.4,400000,44834,0.112085,152028,0.38007
-36.6,-6.2,400000,44853,0.112132,151712,0.37928
-36.6,-6,400000,44642,0.111605,152108,0.38027
-36.6,-5.8,400000,44545,0.111363,152221,0.380553
-36.6,-5.6,400000,44614,0.111535,151379,0.378447
-36.6,-5.4,400000,44284,0.11071,152227,0.380568
-36.6,-5.2,400000,44816,0.11204,151712,0.37928
-36.6,-5,400000,44391,0.110978,152139,0.380348
-36.6,-4.8,400000,44449,0.111122,151931,0.379827
-36.6,-4.6,400000,45121,0.112802,152358,0.380895
-36.6,-4.4,400000,44614,0.111535,151765,0.379412
-36.6,-4.2,400000,44730,0.111825,152036,0.38009
-36.6,-4,400000,44620,0.11155,151770,0.379425
-36.6,-3.8,400000,44923,0.112308,151989,0.379972
-36.6,-3.6,400000,45115,0.112787,152149,0.380373
-36.6,-3.4,400000,45089,0.112723,152126,0.380315
-36.6,-3.2,400000,44758,0.111895,152329,0.380823
-36.6,-3,400000,44448,0.11112,151921,0.379802
-36.6,-2.8,400000,44432,0.11108,152107,0.380267
-36.6,-2.6,400000,44384,0.11096,151700,0.37925
-36.6,-2.4,400000,44392,0.11098,151605,0.379012
-36.6,-2.2,400000,44419,0.111047,151639,0.379097
-36.6,-2,400000,44829,0.112073,152379,0.380947
-36.6,-1.8,400000,44426,0.111065,151801,0.379503
-36.6,-1.6,400000,44956,0.11239,151957,0.379893
-36.6,-1.4,400000,44671,0.111677,152468,0.38117
-36.6,-1.2,400000,44867,0.112168,152085,0.380213
-36.6,-1,400000,45176,0.11294,152942,0.382355
-36.6,-0.8,400000,44767,0.111918,152024,0.38006
-36.6,-0.6,400000,45649,0.114123,151931,0.379827
-36.6,-0.4,400000,45042,0.112605,152688,0.38172
-36.6,-0.2,400000,45124,0.11281,152252,0.38063
-36.6,0,400000,45223,0.113058,152465,0.381163
-36.6,0.2,400000,44410,0.111025,151996,0.37999
-36.6,0.4,400000,44393,0.110982,151511,0.378777
-36.6,0.6,400000,44832,0.11208,152121,0.380302
-36.6,0.8,400000,44164,0.11041,151525,0.378812
-36.6,1,400000,45255,0.113138,152299,0.380748
-36.6,1.2,400000,44889,0.112223,151754,0.379385
-36.6,1.4,400000,44881,0.112202,151942,0.379855
-36.6,1.6,400000,44629,0.111573,151765,0.379412
-36.6,1.8,400000,44688,0.11172,151905,0.379763
-36.6,2,400000,44705,0.111763,151720,0.3793
-36.6,2.2,400000,44764,0.11191,152662,0.381655
-36.6,2.4,400000,44729,0.111823,152061,0.380153
-36.6,2.6,400000,45298,0.113245,151535,0.378837
-36.6,2.8,400000,45139,0.112848,152615,0.381537
-36.6,3,400000,44399,0.110997,151964,0.37991
-36.6,3.2,400000,44867,0.112168,152299,0.380748
-36.6,3.4,400000,45056,0.11264,151909,0.379773
-36.6,3.6,400000,44873,0.112183,152016,0.38004
-36.6,3.8,400000,45064,0.11266,152276,0.38069
-36.6,4,400000,44370,0.110925,151291,0.378227
-36.6,4.2,400000,45342,0.113355,152351,0.380877
-36.6,4.4,400000,44526,0.111315,152124,0.38031
-36.6,4.6,400000,44792,0.11198,152052,0.38013
-36.6,4.8,400000,44521,0.111302,152026,0.380065
-36.6,5,400000,44650,0.111625,151655,0.379138
-36.6,5.2,400000,44684,0.11171,151863,0.379657
-36.6,5.4,400000,44429,0.111073,151831,0.379578
-36.6,5.6,400000,44688,0.11172,152089,0.380223
-36.6,5.8,400000,44722,0.111805,151966,0.379915
-36.6,6,400000,44749,0.111872,152131,0.380327
-36.6,6.2,400000,45053,0.112632,152422,0.381055
-36.6,6.4,400000,44673,0.111683,152325,0.380812
-36.6,6.6,400000,44783,0.111958,151758,0.379395
-36.6,6.8,400000,44914,0.112285,152444,0.38111
-36.6,7,400000,44468,0.11117,152477,0.381192
-36.6,7.2,400000,44979,0.112448,151988,0.37997
-36.6,7.4,400000,44889,0.112223,152155,0.380387
-36.6,7.6,400000,44695,0.111738,152283,0.380707
-36.6,7.8,400000,44816,0.11204,152297,0.380742
-36.6,8,400000,44526,0.111315,151731,0.379327
-36.6,8.2,400000,45103,0.112757,151940,0.37985
-36.6,8.4,400000,44909,0.112272,152160,0.3804
-36.6,8.6,400000,45000,0.1125,152355,0.380887
-36.6,8.8,400000,44938,0.112345,152244,0.38061
-36.6,9,400000,44909,0.112272,152434,0.381085
-36.6,9.2,400000,45204,0.11301,151678,0.379195
-36.6,9.4,400000,44544,0.11136,151925,0.379812
-36.6,9.6,400000,44624,0.11156,151877,0.379692
-36.6,9.8,400000,45066,0.112665,151218,0.378045
-36.6,10,400000,44890,0.112225,152564,0.38141
-36.6,10.2,400000,45106,0.112765,152345,0.380862
-36.6,10.4,400000,44835,0.112088,152226,0.380565
-36.6,10.6,400000,45034,0.112585,152347,0.380868
-36.6,10.8,400000,44642,0.111605,152170,0.380425
-36.6,11,400000,44525,0.111312,151898,0.379745
-36.6,11.2,400000,44478,0.111195,151949,0.379873
-36.6,11.4,400000,44556,0.11139,151722,0.379305
-36.6,11.6,400000,44901,0.112253,152454,0.381135
-36.6,11.8,400000,44587,0.111467,152367,0.380918
-36.6,12,400000,45093,0.112732,152132,0.38033
-36.6,12.2,400000,44780,0.11195,151927,0.379817
-36.6,12.4,400000,44728,0.11182,152114,0.380285
-36.6,12.6,400000,45319,0.113297,152624,0.38156
-36.6,12.8,400000,44917,0.112293,152807,0.382018
-36.6,13,400000,44564,0.11141,151947,0.379868
-36.6,13.2,400000,44616,0.11154,151847,0.379617
-36.6,13.4,400000,45117,0.112793,152235,0.380588
-36.6,13.6,400000,44459,0.111147,152239,0.380597
-36.6,13.8,400000,44712,0.11178,151987,0.379968
-36.6,14,400000,44846,0.112115,151668,0.37917
-36.6,14.2,400000,44604,0.11151,151569,0.378922
-36.6,14.4,400000,44569,0.111422,152073,0.380182
-36.6,14.6,400000,44764,0.11191,152854,0.382135
-36.6,14.8,400000,45080,0.1127,152767,0.381918
-36.6,15,400000,44921,0.112302,151519,0.378798
-36.6,15.2,400000,44914,0.112285,152113,0.380283
-36.6,15.4,400000,45188,0.11297,151483,0.378707
-36.6,15.6,400000,44970,0.112425,152058,0.380145
-36.6,15.8,400000,44658,0.111645,151814,0.379535
-36.6,16,400000,44723,0.111808,151642,0.379105
-36.6,16.2,400000,45188,0.11297,152488,0.38122
-36.6,16.4,400000,44281,0.110702,151960,0.3799
-36.6,16.6,400000,44617,0.111543,152038,0.380095
-36.6,16.8,400000,44839,0.112098,152054,0.380135
-36.6,17,400000,45182,0.112955,152367,0.380918
-36.6,17.2,400000,44265,0.110662,151972,0.37993
-36.6,17.4,400000,45274,0.113185,152100,0.38025
-36.6,17.6,400000,44922,0.112305,152194,0.380485
-36.6,17.8,400000,44895,0.112238,151913,0.379783
-36.6,18,400000,45124,0.11281,152701,0.381752
-36.6,18.2,400000,44931,0.112327,152494,0.381235
-36.6,18.4,400000,44743,0.111857,151632,0.37908
-36.6,18.6,400000,44825,0.112062,152326,0.380815
-36.6,18.8,400000,44451,0.111128,151713,0.379283
-36.6,19,400000,44571,0.111427,151967,0.379918
-36.6,19.2,400000,45107,0.112768,151859,0.379648
-36.6,19.4,400000,44612,0.11153,151889,0.379723
-36.6,19.6,400000,43938,0.109845,151308,0.37827
-36.6,19.8,400000,44769,0.111922,151582,0.378955
-36.6,20,400000,45102,0.112755,152304,0.38076
-36.6,20.2,400000,44483,0.111208,152210,0.380525
-36.6,20.4,400000,44841,0.112102,152502,0.381255
-36.6,20.6,400000,44641,0.111602,152392,0.38098
-36.6,20.8,400000,45222,0.113055,152736,0.38184
-36.6,21,400000,45717,0.114293,152129,0.380323
-36.6,21.2,400000,44557,0.111393,151769,0.379422
-36.6,21.4,400000,44643,0.111607,151903,0.379758
-36.6,21.6,400000,45027,0.112568,152545,0.381362
-36.6,21.8,400000,44747,0.111867,151723,0.379308
-36.6,22,400000,45099,0.112748,151443,0.378607
-36.6,22.2,400000,45102,0.112755,152236,0.38059
-36.6,22.4,400000,44655,0.111638,152549,0.381373
-36.6,22.6,400000,44530,0.111325,152058,0.380145
-36.6,22.8,400000,44584,0.11146,151736,0.37934
-36.6,23,400000,44649,0.111622,152127,0.380317
-36.6,23.2,400000,44946,0.112365,152202,0.380505
-36.6,23.4,400000,44551,0.111378,151584,0.37896
-36.6,23.6,400000,45015,0.112537,152196,0.38049
-36.6,23.8,400000,44923,0.112308,152240,0.3806
-36.6,24,400000,44133,0.110333,151924,0.37981
-36.6,24.2,400000,44594,0.111485,151599,0.378997
-36.6,24.4,400000,44381,0.110952,151669,0.379173
-36.6,24.6,400000,44595,0.111488,152866,0.382165
-36.6,24.8,400000,45102,0.112755,152398,0.380995
-36.6,25,400000,44732,0.11183,152296,0.38074
-36.6,25.2,400000,44451,0.111128,151639,0.379097
-36.6,25.4,400000,44735,0.111838,151627,0.379068
-36.6,25.6,400000,44284,0.11071,151898,0.379745
-36.6,25.8,400000,44378,0.110945,152211,0.380528
-36.6,26,400000,45038,0.112595,152137,0.380342
-36.6,26.2,400000,44906,0.112265,152036,0.38009
-36.6,26.4,400000,44733,0.111833,151519,0.378798
-36.6,26.6,400000,45338,0.113345,152330,0.380825
-36.6,26.8,400000,44789,0.111973,152915,0.382288
-36.6,27,400000,44723,0.111808,152146,0.380365
-36.6,27.2,400000,44289,0.110723,151703,0.379258
-36.6,27.4,400000,44716,0.11179,152495,0.381238
-36.6,27.6,400000,45006,0.112515,152282,0.380705
-36.6,27.8,400000,45038,0.112595,152080,0.3802
-36.6,28,400000,45139,0.112848,152369,0.380922
-36.6,28.2,400000,44669,0.111672,151505,0.378763
-36.6,28.4,400000,44677,0.111693,151407,0.378518
-36.6,28.6,400000,44978,0.112445,152421,0.381053
-36.6,28.8,400000,44742,0.111855,151937,0.379843
-36.6,29,400000,44777,0.111943,151659,0.379148
-36.6,29.2,400000,44622,0.111555,152013,0.380032
-36.6,29.4,400000,44371,0.110927,151225,0.378063
-36.6,29.6,400000,44522,0.111305,152115,0.380288
-36.6,29.8,400000,44649,0.111622,151959,0.379897
-36.6,30,400000,44809,0.112022,151862,0.379655
-36.6,30.2,400000,45222,0.113055,152553,0.381383
-36.6,30.4,400000,44525,0.111312,151464,0.37866
-36.6,30.6,400000,44915,0.112287,152228,0.38057
-36.6,30.8,400000,44493,0.111232,152066,0.380165
-36.6,31,400000,44712,0.11178,152105,0.380263
-36.6,31.2,400000,45081,0.112702,152183,0.380458
-36.6,31.4,400000,45421,0.113553,152861,0.382153
-36.6,31.6,400000,44753,0.111882,152988,0.38247
-36.6,31.8,400000,44817,0.112043,151852,0.37963
-36.6,32,400000,45155,0.112888,152818,0.382045
-36.6,32.2,400000,44591,0.111477,151496,0.37874
-36.6,32.4,400000,44495,0.111238,152729,0.381823
-36.6,32.6,400000,45267,0.113168,152551,0.381377
-36.6,32.8,400000,45172,0.11293,152377,0.380943
-36.6,33,400000,44486,0.111215,151877,0.379692
-36.6,33.2,400000,45231,0.113077,152301,0.380752
-36.6,33.4,400000,44537,0.111342,151638,0.379095
-36.6,33.6,400000,44714,0.111785,152234,0.380585
-36.6,33.8,400000,44989,0.112473,152777,0.381943
-36.6,34,400000,44830,0.112075,151770,0.379425
-36.6,34.2,400000,44557,0.111393,152249,0.380622
-36.6,34.4,400000,44470,0.111175,151941,0.379852
-36.6,34.6,400000,45146,0.112865,152325,0.380812
-36.6,34.8,400000,44458,0.111145,152002,0.380005
-36.6,35,400000,45015,0.112537,151572,0.37893
-36.6,35.2,400000,44250,0.110625,151574,0.378935
-36.6,35.4,400000,45189,0.112973,151627,0.379068
-36.6,35.6,400000,45106,0.112765,152188,0.38047
-36.6,35.8,400000,44807,0.112018,152024,0.38006
-36.6,36,400000,44805,0.112013,152054,0.380135
-36.6,36.2,400000,44758,0.111895,151751,0.379377
-36.6,36.4,400000,45114,0.112785,152084,0.38021
-36.6,36.6,400000,45049,0.112623,152681,0.381703
-36.6,36.8,400000,44590,0.111475,151577,0.378943
-36.6,37,400000,44464,0.11116,151722,0.379305
-36.6,37.2,400000,44859,0.112147,151822,0.379555
-36.6,37.4,400000,44200,0.1105,151620,0.37905
-36.6,37.6,400000,44837,0.112092,152122,0.380305
-36.6,37.8,400000,45029,0.112573,152096,0.38024
-36.6,38,400000,44626,0.111565,151998,0.379995
-36.6,38.2,400000,44709,0.111772,151508,0.37877
-36.6,38.4,400000,44520,0.1113,152110,0.380275
-36.6,38.6,400000,44515,0.111287,151417,0.378543
-36.6,38.8,400000,44659,0.111647,152147,0.380368
-36.6,39,400000,44607,0.111518,152066,0.380165
-36.6,39.2,400000,44845,0.112113,152182,0.380455
-36.6,39.4,400000,44735,0.111838,151306,0.378265
-36.6,39.6,400000,44583,0.111458,152456,0.38114
-36.6,39.8,400000,44603,0.111507,151872,0.37968
-36.6,40,400000,45082,0.112705,152543,0.381358
-36.6,40.2,400000,45064,0.11266,152399,0.380997
-36.6,40.4,400000,44830,0.112075,151604,0.37901
-36.6,40.6,400000,44966,0.112415,152320,0.3808
-36.6,40.8,400000,44892,0.11223,152171,0.380427
-36.6,41,400000,44828,0.11207,152706,0.381765
-36.6,41.2,400000,44631,0.111577,151925,0.379812
-36.6,41.4,400000,44944,0.11236,152263,0.380657
-36.6,41.6,400000,44986,0.112465,151829,0.379572
-36.6,41.8,400000,44794,0.111985,152100,0.38025
-36.6,42,400000,44877,0.112193,151946,0.379865
-36.6,42.2,400000,45313,0.113282,151687,0.379217
-36.6,42.4,400000,44554,0.111385,151966,0.379915
-36.6,42.6,400000,45488,0.11372,152217,0.380543
-36.6,42.8,400000,45053,0.112632,151673,0.379182
-36.6,43,400000,44919,0.112297,152202,0.380505
-36.6,43.2,400000,44440,0.1111,152323,0.380808
-36.6,43.4,400000,44866,0.112165,152338,0.380845
-36.6,43.6,400000,44735,0.111838,151831,0.379578
-36.6,43.8,400000,44884,0.11221,152270,0.380675
-36.6,44,400000,44745,0.111863,151694,0.379235
-36.6,44.2,400000,45071,0.112677,151651,0.379128
-36.6,44.4,400000,44806,0.112015,152019,0.380047
-36.6,44.6,400000,44692,0.11173,152321,0.380802
-36.6,44.8,400000,45031,0.112577,152209,0.380522
-36.6,45,400000,44850,0.112125,152225,0.380563
-36.6,45.2,400000,44597,0.111492,151865,0.379663
-36.6,45.4,400000,45041,0.112602,152584,0.38146
-36.6,45.6,400000,44512,0.11128,151840,0.3796
-36.6,45.8,400000,45220,0.11305,152571,0.381427
-36.6,46,400000,44556,0.11139,151827,0.379568
-36.6,46.2,400000,44777,0.111943,151720,0.3793
-36.6,46.4,400000,44874,0.112185,151857,0.379642
-36.6,46.6,400000,44758,0.111895,152058,0.380145
-36.6,46.8,400000,45245,0.113113,152021,0.380053
-36.6,47,400000,44867,0.112168,152060,0.38015
-36.6,47.2,400000,44352,0.11088,151599,0.378997
-36.6,47.4,400000,44295,0.110738,151545,0.378862
-36.6,47.6,400000,44875,0.112187,152464,0.38116
-36.6,47.8,400000,44579,0.111448,151538,0.378845
-36.6,48,400000,44664,0.11166,152091,0.380227
-36.6,48.2,400000,44637,0.111592,151957,0.379893
-36.6,48.4,400000,44740,0.11185,151842,0.379605
-36.6,48.6,400000,44937,0.112342,151967,0.379918
-36.6,48.8,400000,43972,0.10993,151564,0.37891
-36.6,49,400000,45260,0.11315,152325,0.380812
-36.6,49.2,400000,44840,0.1121,152384,0.38096
-36.6,49.4,400000,44661,0.111653,151829,0.379572
-36.6,49.6,400000,44862,0.112155,151986,0.379965
-36.6,49.8,400000,44723,0.111808,152201,0.380503
-36.6,50,400000,44427,0.111067,151948,0.37987
-36.4,-50,400000,44769,0.111922,152233,0.380582
-36.4,-49.8,400000,44821,0.112052,152158,0.380395
-36.4,-49.6,400000,44563,0.111408,152043,0.380107
-36.4,-49.4,400000,44613,0.111533,151810,0.379525
-36.4,-49.2,400000,45221,0.113053,152214,0.380535
-36.4,-49,400000,44749,0.111872,152677,0.381692
-36.4,-48.8,400000,44590,0.111475,152085,0.380213
-36.4,-48.6,400000,44466,0.111165,151953,0.379883
-36.4,-48.4,400000,44912,0.11228,151955,0.379887
-36.4,-48.2,400000,44903,0.112257,152007,0.380018
-36.4,-48,400000,44911,0.112278,152058,0.380145
-36.4,-47.8,400000,44947,0.112367,152656,0.38164
-36.4,-47.6,400000,44451,0.111128,151928,0.37982
-36.4,-47.4,400000,44896,0.11224,152002,0.380005
-36.4,-47.2,400000,45418,0.113545,152169,0.380422
-36.4,-47,400000,44741,0.111852,151536,0.37884
-36.4,-46.8,400000,44313,0.110783,151506,0.378765
-36.4,-46.6,400000,44685,0.111713,152234,0.380585
-36.4,-46.4,400000,44668,0.11167,152198,0.380495
-36.4,-46.2,400000,44719,0.111797,152197,0.380493
-36.4,-46,400000,44979,0.112448,152442,0.381105
-36.4,-45.8,400000,45040,0.1126,152727,0.381817
-36.4,-45.6,400000,44714,0.111785,152113,0.380283
-36.4,-45.4,400000,44800,0.112,151565,0.378912
-36.4,-45.2,400000,44568,0.11142,152258,0.380645
-36.4,-45,400000,44601,0.111503,152428,0.38107
-36.4,-44.8,400000,44900,0.11225,152045,0.380113
-36.4,-44.6,400000,44772,0.11193,150966,0.377415
-36.4,-44.4,400000,45066,0.112665,152177,0.380443
-36.4,-44.2,400000,44623,0.111558,151587,0.378968
-36.4,-44,400000,44721,0.111802,152159,0.380397
-36.4,-43.8,400000,45075,0.112687,152390,0.380975
-36.4,-43.6,400000,44837,0.112092,152143,0.380358
-36.4,-43.4,400000,44558,0.111395,151411,0.378528
-36.4,-43.2,400000,45024,0.11256,152007,0.380018
-36.4,-43,400000,45038,0.112595,152301,0.380752
-36.4,-42.8,400000,45312,0.11328,152174,0.380435
-36.4,-42.6,400000,44842,0.112105,152027,0.380068
-36.4,-42.4,400000,44354,0.110885,151887,0.379717
-36.4,-42.2,400000,44113,0.110283,151232,0.37808
-36.4,-42,400000,44454,0.111135,152031,0.380078
-36.4,-41.8,400000,45160,0.1129,152543,0.381358
-36.4,-41.6,400000,44508,0.11127,151907,0.379767
-36.4,-41.4,400000,45417,0.113543,152336,0.38084
-36.4,-41.2,400000,45121,0.112802,152237,0.380593
-36.4,-41,400000,44475,0.111187,152089,0.380223
-36.4,-40.8,400000,44666,0.111665,151657,0.379142
-36.4,-40.6,400000,44620,0.11155,151434,0.378585
-36.4,-40.4,400000,44614,0.111535,151784,0.37946
-36.4,-40.2,400000,44881,0.112202,151802,0.379505
-36.4,-40,400000,44392,0.11098,151926,0.379815
-36.4,-39.8,400000,44130,0.110325,151081,0.377702
-36.4,-39.6,400000,44778,0.111945,151995,0.379987
-36.4,-39.4,400000,45125,0.112812,151378,0.378445
-36.4,-39.2,400000,44677,0.111693,152319,0.380798
-36.4,-39,400000,45199,0.112998,152589,0.381472
-36.4,-38.8,400000,45317,0.113293,152136,0.38034
-36.4,-38.6,400000,44912,0.11228,152401,0.381003
-36.4,-38.4,400000,44599,0.111497,152384,0.38096
-36.4,-38.2,400000,45360,0.1134,152584,0.38146
-36.4,-38,400000,45024,0.11256,152159,0.380397
-36.4,-37.8,400000,45030,0.112575,151694,0.379235
-36.4,-37.6,400000,45188,0.11297,151731,0.379327
-36.4,-37.4,400000,45012,0.11253,152602,0.381505
-36.4,-37.2,400000,45045,0.112613,152065,0.380163
-36.4,-37,400000,45323,0.113308,152192,0.38048
-36.4,-36.8,400000,44946,0.112365,152179,0.380447
-36.4,-36.6,400000,44812,0.11203,151427,0.378568
-36.4,-36.4,400000,45029,0.112573,151413,0.378532
-36.4,-36.2,400000,44903,0.112257,152499,0.381248
-36.4,-36,400000,44665,0.111662,151832,0.37958
-36.4,-35.8,400000,44987,0.112467,151678,0.379195
-36.4,-35.6,400000,44999,0.112498,152041,0.380103
-36.4,-35.4,400000,44439,0.111098,151176,0.37794
-36.4,-35.2,400000,44682,0.111705,151949,0.379873
-36.4,-35,400000,44806,0.112015,152027,0.380068
-36.4,-34.8,400000,45127,0.112818,152361,0.380902
-36.4,-34.6,400000,44583,0.111458,151452,0.37863
-36.4,-34.4,400000,44393,0.110982,151789,0.379472
-36.4,-34.2,400000,45123,0.112808,151849,0.379622
-36.4,-34,400000,44930,0.112325,151668,0.37917
-36.4,-33.8,400000,45011,0.112528,152111,0.380277
-36.4,-33.6,400000,44782,0.111955,151936,0.37984
-36.4,-33.4,400000,44530,0.111325,151635,0.379088
-36.4,-33.2,400000,45049,0.112623,152610,0.381525
-36.4,-33,400000,44869,0.112172,152271,0.380678
-36.4,-32.8,400000,44992,0.11248,152958,0.382395
-36.4,-32.6,400000,44669,0.111672,152292,0.38073
-36.4,-32.4,400000,44362,0.110905,151418,0.378545
-36.4,-32.2,400000,44812,0.11203,151631,0.379078
-36.4,-32,400000,45170,0.112925,152235,0.380588
-36.4,-31.8,400000,45298,0.113245,152036,0.38009
-36.4,-31.6,400000,44679,0.111698,152089,0.380223
-36.4,-31.4,400000,44768,0.11192,152217,0.380543
-36.4,-31.2,400000,44865,0.112162,151914,0.379785
-36.4,-31,400000,45110,0.112775,152340,0.38085
-36.4,-30.8,400000,44458,0.111145,151662,0.379155
-36.4,-30.6,400000,44887,0.112217,152359,0.380897
-36.4,-30.4,400000,44832,0.11208,151855,0.379638
-36.4,-30.2,400000,44600,0.1115,151219,0.378047
-36.4,-30,400000,44682,0.111705,152007,0.380018
-36.4,-29.8,400000,44962,0.112405,152677,0.381692
-36.4,-29.6,400000,44529,0.111323,152418,0.381045
-36.4,-29.4,400000,44817,0.112043,151643,0.379107
-36.4,-29.2,400000,44690,0.111725,151476,0.37869
-36.4,-29,400000,44954,0.112385,151802,0.379505
-36.4,-28.8,400000,45211,0.113028,152031,0.380078
-36.4,-28.6,400000,45054,0.112635,151630,0.379075
-36.4,-28.4,400000,44890,0.112225,152650,0.381625
-36.4,-28.2,400000,44979,0.112448,151824,0.37956
-36.4,-28,400000,44474,0.111185,152158,0.380395
-36.4,-27.8,400000,45154,0.112885,152611,0.381528
-36.4,-27.6,400000,44691,0.111727,151938,0.379845
-36.4,-27.4,400000,44558,0.111395,152066,0.380165
-36.4,-27.2,400000,44246,0.110615,152169,0.380422
-36.4,-27,400000,45243,0.113107,151918,0.379795
-36.4,-26.8,400000,44599,0.111497,151628,0.37907
-36.4,-26.6,400000,45093,0.112732,152002,0.380005
-36.4,-26.4,400000,44845,0.112113,151622,0.379055
-36.4,-26.2,400000,45017,0.112543,152083,0.380207
-36.4,-26,400000,44648,0.11162,152051,0.380128
-36.4,-25.8,400000,44990,0.112475,152087,0.380217
-36.4,-25.6,400000,45133,0.112833,152228,0.38057
-36.4,-25.4,400000,44450,0.111125,151610,0.379025
-36.4,-25.2,400000,44543,0.111357,151988,0.37997
-36.4,-25,400000,44824,0.11206,152331,0.380827
-36.4,-24.8,400000,44522,0.111305,152121,0.380302
-36.4,-24.6,400000,44783,0.111958,152065,0.380163
-36.4,-24.4,400000,44660,0.11165,152042,0.380105
-36.4,-24.2,400000,45241,0.113102,152542,0.381355
-36.4,-24,400000,44813,0.112032,151799,0.379497
-36.4,-23.8,400000,45049,0.112623,152366,0.380915
-36.4,-23.6,400000,44348,0.11087,152101,0.380252
-36.4,-23.4,400000,44829,0.112073,152280,0.3807
-36.4,-23.2,400000,44756,0.11189,152007,0.380018
-36.4,-23,400000,44581,0.111452,151747,0.379368
-36.4,-22.8,400000,44789,0.111973,151976,0.37994
-36.4,-22.6,400000,44756,0.11189,152529,0.381323
-36.4,-22.4,400000,45046,0.112615,152310,0.380775
-36.4,-22.2,400000,44808,0.11202,152191,0.380478
-36.4,-22,400000,44631,0.111577,152740,0.38185
-36.4,-21.8,400000,44932,0.11233,152140,0.38035
-36.4,-21.6,400000,44865,0.112162,152352,0.38088
-36.4,-21.4,400000,44906,0.112265,152181,0.380453
-36.4,-21.2,400000,44985,0.112463,151936,0.37984
-36.4,-21,400000,44793,0.111982,151205,0.378012
-36.4,-20.8,400000,44900,0.11225,151512,0.37878
-36.4,-20.6,400000,44904,0.11226,152324,0.38081
-36.4,-20.4,400000,45208,0.11302,152266,0.380665
-36.4,-20.2,400000,44911,0.112278,152280,0.3807
-36.4,-20,400000,45525,0.113812,151988,0.37997
-36.4,-19.8,400000,44551,0.111378,151706,0.379265
-36.4,-19.6,400000,44509,0.111272,152591,0.381478
-36.4,-19.4,400000,44607,0.111518,152453,0.381132
-36.4,-19.2,400000,44880,0.1122,152202,0.380505
-36.4,-19,400000,44921,0.112302,152357,0.380893
-36.4,-18.8,400000,44812,0.11203,152115,0.380288
-36.4,-18.6,400000,44882,0.112205,152009,0.380022
-36.4,-18.4,400000,44679,0.111698,151473,0.378682
-36.4,-18.2,400000,44876,0.11219,151662,0.379155
-36.4,-18,400000,44851,0.112128,151943,0.379858
-36.4,-17.8,400000,45199,0.112998,152664,0.38166
-36.4,-17.6,400000,44512,0.11128,152000,0.38
-36.4,-17.4,400000,45206,0.113015,152682,0.381705
-36.4,-17.2,400000,44756,0.11189,151942,0.379855
-36.4,-17,400000,44666,0.111665,152576,0.38144
-36.4,-16.8,400000,44876,0.11219,152406,0.381015
-36.4,-16.6,400000,44917,0.112293,152822,0.382055
-36.4,-16.4,400000,44830,0.112075,151849,0.379622
-36.4,-16.2,400000,44774,0.111935,152426,0.381065
-36.4,-16,400000,44124,0.11031,151549,0.378873
-36.4,-15.8,400000,45002,0.112505,152693,0.381732
-36.4,-15.6,400000,44725,0.111812,152137,0.380342
-36.4,-15.4,400000,45444,0.11361,152612,0.38153
-36.4,-15.2,400000,45004,0.11251,151912,0.37978
-36.4,-15,400000,44923,0.112308,151974,0.379935
-36.4,-14.8,400000,44444,0.11111,152142,0.380355
-36.4,-14.6,400000,44128,0.11032,152725,0.381812
-36.4,-14.4,400000,44857,0.112143,152217,0.380543
-36.4,-14.2,400000,44531,0.111327,152111,0.380277
-36.4,-14,400000,44823,0.112058,151762,0.379405
-36.4,-13.8,400000,44852,0.11213,152246,0.380615
-36.4,-13.6,400000,45063,0.112657,152138,0.380345
-36.4,-13.4,400000,44781,0.111952,152051,0.380128
-36.4,-13.2,400000,45220,0.11305,152682,0.381705
-36.4,-13,400000,45044,0.11261,152552,0.38138
-36.4,-12.8,400000,45423,0.113558,152637,0.381593
-36.4,-12.6,400000,45196,0.11299,151933,0.379833
-36.4,-12.4,400000,44889,0.112223,152764,0.38191
-36.4,-12.2,400000,45068,0.11267,151875,0.379688
-36.4,-12,400000,44953,0.112382,152187,0.380468
-36.4,-11.8,400000,43931,0.109827,151823,0.379557
-36.4,-11.6,400000,44691,0.111727,151822,0.379555
-36.4,-11.4,400000,44752,0.11188,152117,0.380292
-36.4,-11.2,400000,44657,0.111643,152014,0.380035
-36.4,-11,400000,44908,0.11227,152649,0.381622
-36.4,-10.8,400000,44638,0.111595,152202,0.380505
-36.4,-10.6,400000,44770,0.111925,152151,0.380377
-36.4,-10.4,400000,44836,0.11209,152419,0.381047
-36.4,-10.2,400000,44798,0.111995,151744,0.37936
-36.4,-10,400000,44729,0.111823,152273,0.380682
-36.4,-9.8,400000,44611,0.111528,151779,0.379447
-36.4,-9.6,400000,44292,0.11073,152062,0.380155
-36.4,-9.4,400000,45066,0.112665,152348,0.38087
-36.4,-9.2,400000,44954,0.112385,152002,0.380005
-36.4,-9,400000,45378,0.113445,152444,0.38111
-36.4,-8.8,400000,44234,0.110585,151504,0.37876
-36.4,-8.6,400000,44624,0.11156,151778,0.379445
-36.4,-8.4,400000,45408,0.11352,152882,0.382205
-36.4,-8.2,400000,44974,0.112435,151886,0.379715
-36.4,-8,400000,45073,0.112683,152676,0.38169
-36.4,-7.8,400000,44780,0.11195,152168,0.38042
-36.4,-7.6,400000,45652,0.11413,152982,0.382455
-36.4,-7.4,400000,45105,0.112763,152745,0.381862
-36.4,-7.2,400000,45060,0.11265,152239,0.380597
-36.4,-7,400000,44661,0.111653,152327,0.380817
-36.4,-6.8,400000,44730,0.111825,152349,0.380873
-36.4,-6.6,400000,44940,0.11235,152642,0.381605
-36.4,-6.4,400000,44975,0.112437,151871,0.379678
-36.4,-6.2,400000,44920,0.1123,152468,0.38117
-36.4,-6,400000,45305,0.113263,152485,0.381213
-36.4,-5.8,400000,44901,0.112253,152157,0.380393
-36.4,-5.6,400000,44749,0.111872,151648,0.37912
-36.4,-5.4,400000,44231,0.110577,152473,0.381182
-36.4,-5.2,400000,44700,0.11175,152476,0.38119
-36.4,-5,400000,44963,0.112407,152546,0.381365
-36.4,-4.8,400000,44903,0.112257,152303,0.380758
-36.4,-4.6,400000,44991,0.112477,152159,0.380397
-36.4,-4.4,400000,44234,0.110585,152017,0.380043
-36.4,-4.2,400000,45319,0.113297,152123,0.380308
-36.4,-4,400000,45193,0.112982,152244,0.38061
-36.4,-3.8,400000,44798,0.111995,152172,0.38043
-36.4,-3.6,400000,45292,0.11323,152678,0.381695
-36.4,-3.4,400000,45351,0.113378,152183,0.380458
-36.4,-3.2,400000,45005,0.112513,152024,0.38006
-36.4,-3,400000,44509,0.111272,151937,0.379843
-36.4,-2.8,400000,44615,0.111537,152593,0.381483
-36.4,-2.6,400000,44640,0.1116,152279,0.380698
-36.4,-2.4,400000,44648,0.11162,152574,0.381435
-36.4,-2.2,400000,45060,0.11265,152581,0.381453
-36.4,-2,400000,45299,0.113248,152011,0.380028
-36.4,-1.8,400000,44669,0.111672,151758,0.379395
-36.4,-1.6,400000,44541,0.111352,152219,0.380547
-36.4,-1.4,400000,44787,0.111967,152413,0.381032
-36.4,-1.2,400000,44984,0.11246,152238,0.380595
-36.4,-1,400000,44386,0.110965,151447,0.378617
-36.4,-0.8,400000,44619,0.111547,152225,0.380563
-36.4,-0.6,400000,45253,0.113132,152593,0.381483
-36.4,-0.4,400000,44812,0.11203,152261,0.380653
-36.4,-0.2,400000,45186,0.112965,152144,0.38036
-36.4,0,400000,44715,0.111787,152487,0.381217
-36.4,0.2,400000,44828,0.11207,152147,0.380368
-36.4,0.4,400000,44699,0.111747,152373,0.380933
-36.4,0.6,400000,44727,0.111818,152358,0.380895
-36.4,0.8,400000,44962,0.112405,152234,0.380585
-36.4,1,400000,44814,0.112035,152706,0.381765
-36.4,1.2,400000,44319,0.110797,151735,0.379337
-36.4,1.4,400000,44836,0.11209,152310,0.380775
-36.4,1.6,400000,44700,0.11175,152624,0.38156
-36.4,1.8,400000,44607,0.111518,151768,0.37942
-36.4,2,400000,44948,0.11237,151948,0.37987
-36.4,2.2,400000,45004,0.11251,151937,0.379843
-36.4,2.4,400000,44899,0.112248,151497,0.378742
-36.4,2.6,400000,44161,0.110403,151852,0.37963
-36.4,2.8,400000,44491,0.111228,151075,0.377688
-36.4,3,400000,45487,0.113717,152762,0.381905
-36.4,3.2,400000,45153,0.112882,152284,0.38071
-36.4,3.4,400000,44471,0.111177,151826,0.379565
-36.4,3.6,400000,44564,0.11141,152243,0.380607
-36.4,3.8,400000,44880,0.1122,151624,0.37906
-36.4,4,400000,45163,0.112907,152132,0.38033
-36.4,4.2,400000,44593,0.111482,152007,0.380018
-36.4,4.4,400000,44489,0.111223,152039,0.380097
-36.4,4.6,400000,45022,0.112555,152526,0.381315
-36.4,4.8,400000,44913,0.112282,152188,0.38047
-36.4,5,400000,44848,0.11212,152657,0.381642
-36.4,5.2,400000,44423,0.111058,151620,0.37905
-36.4,5.4,400000,45221,0.113053,152698,0.381745
-36.4,5.6,400000,44706,0.111765,151978,0.379945
-36.4,5.8,400000,44835,0.112088,152187,0.380468
-36.4,6,400000,44451,0.111128,151993,0.379983
-36.4,6.2,400000,45179,0.112948,151998,0.379995
-36.4,6.4,400000,45309,0.113272,152632,0.38158
-36.4,6.6,400000,44871,0.112177,152082,0.380205
-36.4,6.8,400000,44679,0.111698,152487,0.381217
-36.4,7,400000,45092,0.11273,152574,0.381435
-36.4,7.2,400000,44878,0.112195,151669,0.379173
-36.4,7.4,400000,45039,0.112598,152495,0.381238
-36.4,7.6,400000,44345,0.110863,151955,0.379887
-36.4,7.8,400000,44592,0.11148,151929,0.379823
-36.4,8,400000,44724,0.11181,152526,0.381315
-36.4,8.2,400000,44836,0.11209,152091,0.380227
-36.4,8.4,400000,44944,0.11236,152270,0.380675
-36.4,8.6,400000,44580,0.11145,152051,0.380128
-36.4,8.8,400000,44874,0.112185,152053,0.380132
-36.4,9,400000,44538,0.111345,151828,0.37957
-36.4,9.2,400000,44961,0.112403,151954,0.379885
-36.4,9.4,400000,45169,0.112922,152545,0.381362
-36.4,9.6,400000,45134,0.112835,152157,0.380393
-36.4,9.8,400000,44920,0.1123,152306,0.380765
-36.4,10,400000,44973,0.112433,152066,0.380165
-36.4,10.2,400000,43870,0.109675,151628,0.37907
-36.4,10.4,400000,44748,0.11187,152634,0.381585
-36.4,10.6,400000,44901,0.112253,152064,0.38016
-36.4,10.8,400000,44519,0.111297,152614,0.381535
-36.4,11,400000,44309,0.110772,152460,0.38115
-36.4,11.2,400000,44890,0.112225,152031,0.380078
-36.4,11.4,400000,44865,0.112162,151821,0.379553
-36.4,11.6,400000,44930,0.112325,151972,0.37993
-36.4,11.8,400000,45427,0.113568,153015,0.382537
-36.4,12,400000,44528,0.11132,152270,0.380675
-36.4,12.2,400000,44835,0.112088,151977,0.379943
-36.4,12.4,400000,44700,0.11175,151928,0.37982
-36.4,12.6,400000,44745,0.111863,152395,0.380987
-36.4,12.8,400000,45014,0.112535,152456,0.38114
-36.4,13,400000,44808,0.11202,151847,0.379617
-36.4,13.2,400000,44838,0.112095,151969,0.379922
-36.4,13.4,400000,44273,0.110683,151598,0.378995
-36.4,13.6,400000,44540,0.11135,151952,0.37988
-36.4,13.8,400000,44317,0.110793,151729,0.379323
-36.4,14,400000,45155,0.112888,151980,0.37995
-36.4,14.2,400000,45244,0.11311,152503,0.381258
-36.4,14.4,400000,45505,0.113763,152273,0.380682
-36.4,14.6,400000,44652,0.11163,151698,0.379245
-36.4,14.8,400000,44854,0.112135,152495,0.381238
-36.4,15,400000,45154,0.112885,151784,0.37946
-36.4,15.2,400000,44863,0.112157,151980,0.37995
-36.4,15.4,400000,44725,0.111812,152510,0.381275
-36.4,15.6,400000,45088,0.11272,151316,0.37829
-36.4,15.8,400000,44656,0.11164,151563,0.378908
-36.4,16,400000,44886,0.112215,152626,0.381565
-36.4,16.2,400000,44512,0.11128,152086,0.380215
-36.4,16.4,400000,44870,0.112175,151447,0.378617
-36.4,16.6,400000,45119,0.112797,152252,0.38063
-36.4,16.8,400000,44880,0.1122,152057,0.380142
-36.4,17,400000,44372,0.11093,151765,0.379412
-36.4,17.2,400000,44810,0.112025,152034,0.380085
-36.4,17.4,400000,45197,0.112992,151664,0.37916
-36.4,17.6,400000,44459,0.111147,152100,0.38025
-36.4,17.8,400000,44722,0.111805,151679,0.379198
-36.4,18,400000,44808,0.11202,152440,0.3811
-36.4,18.2,400000,44900,0.11225,151879,0.379698
-36.4,18.4,400000,44784,0.11196,152266,0.380665
-36.4,18.6,400000,45068,0.11267,151651,0.379128
-36.4,18.8,400000,44735,0.111838,152092,0.38023
-36.4,19,400000,44748,0.11187,151856,0.37964
-36.4,19.2,400000,44688,0.11172,151859,0.379648
-36.4,19.4,400000,45545,0.113863,151593,0.378982
-36.4,19.6,400000,45067,0.112668,152450,0.381125
-36.4,19.8,400000,44662,0.111655,152167,0.380418
-36.4,20,400000,45382,0.113455,152064,0.38016
-36.4,20.2,400000,44599,0.111497,152084,0.38021
-36.4,20.4,400000,43993,0.109982,151398,0.378495
-36.4,20.6,400000,44807,0.112018,152041,0.380103
-36.4,20.8,400000,45264,0.11316,152051,0.380128
-36.4,21,400000,44859,0.112147,152076,0.38019
-36.4,21.2,400000,45094,0.112735,152558,0.381395
-36.4,21.4,400000,44619,0.111547,151850,0.379625
-36.4,21.6,400000,45075,0.112687,152604,0.38151
-36.4,21.8,400000,44638,0.111595,152173,0.380433
-36.4,22,400000,44733,0.111833,151939,0.379848
-36.4,22.2,400000,44926,0.112315,152854,0.382135
-36.4,22.4,400000,45029,0.112573,151607,0.379018
-36.4,22.6,400000,44894,0.112235,151830,0.379575
-36.4,22.8,400000,44277,0.110692,151793,0.379483
-36.4,23,400000,45185,0.112962,152188,0.38047
-36.4,23.2,400000,44519,0.111297,152034,0.380085
-36.4,23.4,400000,45097,0.112742,152341,0.380852
-36.4,23.6,400000,44399,0.110997,151952,0.37988
-36.4,23.8,400000,44953,0.112382,151674,0.379185
-36.4,24,400000,44964,0.11241,151793,0.379483
-36.4,24.2,400000,44670,0.111675,152289,0.380723
-36.4,24.4,400000,44653,0.111632,152499,0.381248
-36.4,24.6,400000,44851,0.112128,151445,0.378613
-36.4,24.8,400000,44753,0.111882,152264,0.38066
-36.4,25,400000,44651,0.111628,151518,0.378795
-36.4,25.2,400000,45471,0.113678,152421,0.381053
-36.4,25.4,400000,45076,0.11269,152057,0.380142
-36.4,25.6,400000,44280,0.1107,151580,0.37895
-36.4,25.8,400000,44434,0.111085,151557,0.378893
-36.4,26,400000,44789,0.111973,151864,0.37966
-36.4,26.2,400000,44671,0.111677,152009,0.380022
-36.4,26.4,400000,44700,0.11175,151895,0.379738
-36.4,26.6,400000,44630,0.111575,151599,0.378997
-36.4,26.8,400000,44804,0.11201,151742,0.379355
-36.4,27,400000,45087,0.112717,151609,0.379022
-36.4,27.2,400000,45431,0.113577,152766,0.381915
-36.4,27.4,400000,44841,0.112102,151612,0.37903
-36.4,27.6,400000,44740,0.11185,152303,0.380758
-36.4,27.8,400000,44608,0.11152,152590,0.381475
-36.4,28,400000,45237,0.113092,152526,0.381315
-36.4,28.2,400000,44593,0.111482,152135,0.380337
-36.4,28.4,400000,44200,0.1105,151910,0.379775
-36.4,28.6,400000,45071,0.112677,152134,0.380335
-36.4,28.8,400000,45173,0.112933,152604,0.38151
-36.4,29,400000,44681,0.111702,151404,0.37851
-36.4,29.2,400000,44949,0.112373,151918,0.379795
-36.4,29.4,400000,45346,0.113365,152446,0.381115
-36.4,29.6,400000,45654,0.114135,152261,0.380653
-36.4,29.8,400000,44767,0.111918,151336,0.37834
-36.4,30,400000,44636,0.11159,152103,0.380258
-36.4,30.2,400000,45796,0.11449,152555,0.381387
-36.4,30.4,400000,44818,0.112045,151812,0.37953
-36.4,30.6,400000,44867,0.112168,151696,0.37924
-36.4,30.8,400000,44551,0.111378,151719,0.379298
-36.4,31,400000,45373,0.113433,152300,0.38075
-36.4,31.2,400000,44642,0.111605,152740,0.38185
-36.4,31.4,400000,45053,0.112632,152023,0.380057
-36.4,31.6,400000,45158,0.112895,152438,0.381095
-36.4,31.8,400000,44357,0.110893,151335,0.378337
-36.4,32,400000,45064,0.11266,152017,0.380043
-36.4,32.2,400000,44718,0.111795,152467,0.381167
-36.4,32.4,400000,44951,0.112378,152662,0.381655
-36.4,32.6,400000,44801,0.112003,152348,0.38087
-36.4,32.8,400000,44843,0.112107,152487,0.381217
-36.4,33,400000,44791,0.111977,152268,0.38067
-36.4,33.2,400000,44603,0.111507,151977,0.379943
-36.4,33.4,400000,45283,0.113208,152351,0.380877
-36.4,33.6,400000,45158,0.112895,152238,0.380595
-36.4,33.8,400000,44720,0.1118,151808,0.37952
-36.4,34,400000,44545,0.111363,151829,0.379572
-36.4,34.2,400000,44964,0.11241,152591,0.381478
-36.4,34.4,400000,44804,0.11201,152255,0.380638
-36.4,34.6,400000,45035,0.112587,152064,0.38016
-36.4,34.8,400000,44196,0.11049,151775,0.379437
-36.4,35,400000,44586,0.111465,151684,0.37921
-36.4,35.2,400000,44524,0.11131,151757,0.379393
-36.4,35.4,400000,45316,0.11329,152859,0.382147
-36.4,35.6,400000,44780,0.11195,151689,0.379223
-36.4,35.8,400000,45111,0.112778,152108,0.38027
-36.4,36,400000,45081,0.112702,152050,0.380125
-36.4,36.2,400000,45146,0.112865,151658,0.379145
-36.4,36.4,400000,44533,0.111333,152060,0.38015
-36.4,36.6,400000,45267,0.113168,151460,0.37865
-36.4,36.8,400000,44658,0.111645,151740,0.37935
-36.4,37,400000,44537,0.111342,152078,0.380195
-36.4,37.2,400000,44517,0.111293,152020,0.38005
-36.4,37.4,400000,44868,0.11217,152013,0.380032
-36.4,37.6,400000,44981,0.112452,152361,0.380902
-36.4,37.8,400000,45375,0.113437,151968,0.37992
-36.4,38,400000,45145,0.112863,152858,0.382145
-36.4,38.2,400000,44748,0.11187,152597,0.381493
-36.4,38.4,400000,44975,0.112437,152461,0.381153
-36.4,38.6,400000,44842,0.112105,151781,0.379453
-36.4,38.8,400000,45498,0.113745,152225,0.380563
-36.4,39,400000,44517,0.111293,151328,0.37832
-36.4,39.2,400000,44349,0.110872,151465,0.378663
-36.4,39.4,400000,45257,0.113142,152129,0.380323
-36.4,39.6,400000,44737,0.111842,152611,0.381528
-36.4,39.8,400000,44696,0.11174,152201,0.380503
-36.4,40,400000,44902,0.112255,151818,0.379545
-36.4,40.2,400000,44456,0.11114,151336,0.37834
-36.4,40.4,400000,45200,0.113,152155,0.380387
-36.4,40.6,400000,44897,0.112242,152099,0.380248
-36.4,40.8,400000,45181,0.112952,151623,0.379057
-36.4,41,400000,44329,0.110823,151821,0.379553
-36.4,41.2,400000,45253,0.113132,152334,0.380835
-36.4,41.4,400000,44727,0.111818,152447,0.381117
-36.4,41.6,400000,45476,0.11369,151849,0.379622
-36.4,41.8,400000,44499,0.111247,151650,0.379125
-36.4,42,400000,44953,0.112382,152223,0.380557
-36.4,42.2,400000,44945,0.112363,152887,0.382217
-36.4,42.4,400000,44503,0.111257,152387,0.380968
-36.4,42.6,400000,45132,0.11283,151571,0.378927
-36.4,42.8,400000,44478,0.111195,151975,0.379937
-36.4,43,400000,45230,0.113075,151911,0.379777
-36.4,43.2,400000,44905,0.112263,151933,0.379833
-36.4,43.4,400000,44801,0.112003,152142,0.380355
-36.4,43.6,400000,44764,0.11191,152411,0.381028
-36.4,43.8,400000,45075,0.112687,151645,0.379113
-36.4,44,400000,45084,0.11271,152485,0.381213
-36.4,44.2,400000,45309,0.113272,152318,0.380795
-36.4,44.4,400000,45522,0.113805,152233,0.380582
-36.4,44.6,400000,44869,0.112172,151457,0.378642
-36.4,44.8,400000,44977,0.112443,152591,0.381478
-36.4,45,400000,44744,0.11186,152139,0.380348
-36.4,45.2,400000,44468,0.11117,152133,0.380333
-36.4,45.4,400000,44978,0.112445,151994,0.379985
-36.4,45.6,400000,44900,0.11225,152350,0.380875
-36.4,45.8,400000,45119,0.112797,152516,0.38129
-36.4,46,400000,45148,0.11287,152223,0.380557
-36.4,46.2,400000,44871,0.112177,151898,0.379745
-36.4,46.4,400000,45711,0.114278,152518,0.381295
-36.4,46.6,400000,44743,0.111857,151980,0.37995
-36.4,46.8,400000,44822,0.112055,152339,0.380848
-36.4,47,400000,44698,0.111745,151714,0.379285
-36.4,47.2,400000,45101,0.112753,152428,0.38107
-36.4,47.4,400000,44794,0.111985,152278,0.380695
-36.4,47.6,400000,44468,0.11117,151743,0.379358
-36.4,47.8,400000,45591,0.113977,152013,0.380032
-36.4,48,400000,44396,0.11099,151820,0.37955
-36.4,48.2,400000,44915,0.112287,152023,0.380057
-36.4,48.4,400000,44687,0.111717,152220,0.38055
-36.4,48.6,400000,44411,0.111028,152365,0.380912
-36.4,48.8,400000,45296,0.11324,152368,0.38092
-36.4,49,400000,44911,0.112278,152525,0.381312
-36.4,49.2,400000,44460,0.11115,151651,0.379128
-36.4,49.4,400000,44999,0.112498,151801,0.379503
-36.4,49.6,400000,44976,0.11244,151871,0.379678
-36.4,49.8,400000,44234,0.110585,151524,0.37881
-36.4,50,400000,44625,0.111562,152145,0.380362
-36.2,-50,400000,44686,0.111715,152122,0.380305
-36.2,-49.8,400000,44835,0.112088,152500,0.38125
-36.2,-49.6,400000,44715,0.111787,152088,0.38022
-36.2,-49.4,400000,44191,0.110478,152108,0.38027
-36.2,-49.2,400000,44555,0.111388,151683,0.379207
-36.2,-49,400000,44972,0.11243,152320,0.3808
-36.2,-48.8,400000,44919,0.112297,151813,0.379532
-36.2,-48.6,400000,45207,0.113018,152933,0.382333
-36.2,-48.4,400000,44881,0.112202,152995,0.382487
-36.2,-48.2,400000,44414,0.111035,151847,0.379617
-36.2,-48,400000,44682,0.111705,151820,0.37955
-36.2,-47.8,400000,45072,0.11268,152809,0.382022
-36.2,-47.6,400000,44456,0.11114,151861,0.379653
-36.2,-47.4,400000,45111,0.112778,152361,0.380902
-36.2,-47.2,400000,44516,0.11129,151992,0.37998
-36.2,-47,400000,45061,0.112653,151774,0.379435
-36.2,-46.8,400000,45082,0.112705,152094,0.380235
-36.2,-46.6,400000,45122,0.112805,152384,0.38096
-36.2,-46.4,400000,45006,0.112515,152128,0.38032
-36.2,-46.2,400000,44717,0.111793,152077,0.380192
-36.2,-46,400000,44813,0.112032,152524,0.38131
-36.2,-45.8,400000,44943,0.112357,152198,0.380495
-36.2,-45.6,400000,44447,0.111117,151902,0.379755
-36.2,-45.4,400000,45169,0.112922,152448,0.38112
-36.2,-45.2,400000,44734,0.111835,152343,0.380858
-36.2,-45,400000,44718,0.111795,152049,0.380122
-36.2,-44.8,400000,45281,0.113202,152108,0.38027
-36.2,-44.6,400000,44607,0.111518,151653,0.379132
-36.2,-44.4,400000,44864,0.11216,151915,0.379788
-36.2,-44.2,400000,45284,0.11321,152540,0.38135
-36.2,-44,400000,44374,0.110935,151818,0.379545
-36.2,-43.8,400000,44740,0.11185,151675,0.379188
-36.2,-43.6,400000,44482,0.111205,151933,0.379833
-36.2,-43.4,400000,44431,0.111077,151946,0.379865
-36.2,-43.2,400000,44551,0.111378,152179,0.380447
-36.2,-43,400000,44796,0.11199,151804,0.37951
-36.2,-42.8,400000,44595,0.111488,151402,0.378505
-36.2,-42.6,400000,45077,0.112693,152017,0.380043
-36.2,-42.4,400000,44803,0.112007,152221,0.380553
-36.2,-42.2,400000,44773,0.111933,152144,0.38036
-36.2,-42,400000,44864,0.11216,152101,0.380252
-36.2,-41.8,400000,43927,0.109817,151332,0.37833
-36.2,-41.6,400000,44787,0.111967,152004,0.38001
-36.2,-41.4,400000,45102,0.112755,152546,0.381365
-36.2,-41.2,400000,44772,0.11193,151532,0.37883
-36.2,-41,400000,44802,0.112005,152260,0.38065
-36.2,-40.8,400000,45027,0.112568,152205,0.380512
-36.2,-40.6,400000,44450,0.111125,151885,0.379713
-36.2,-40.4,400000,44938,0.112345,152268,0.38067
-36.2,-40.2,400000,44785,0.111963,152120,0.3803
-36.2,-40,400000,45123,0.112808,152139,0.380348
-36.2,-39.8,400000,44546,0.111365,151749,0.379373
-36.2,-39.6,400000,44815,0.112037,152227,0.380568
-36.2,-39.4,400000,45000,0.1125,152707,0.381767
-36.2,-39.2,400000,44385,0.110963,152089,0.380223
-36.2,-39,400000,44712,0.11178,151905,0.379763
-36.2,-38.8,400000,44608,0.11152,151913,0.379783
-36.2,-38.6,400000,45381,0.113452,152389,0.380972
-36.2,-38.4,400000,45184,0.11296,152093,0.380232
-36.2,-38.2,400000,44582,0.111455,152178,0.380445
-36.2,-38,400000,44574,0.111435,152168,0.38042
-36.2,-37.8,400000,45229,0.113073,152368,0.38092
-36.2,-37.6,400000,44773,0.111933,151545,0.378862
-36.2,-37.4,400000,44415,0.111037,151543,0.378858
-36.2,-37.2,400000,45042,0.112605,151899,0.379748
-36.2,-37,400000,44976,0.11244,151981,0.379953
-36.2,-36.8,400000,44939,0.112348,152135,0.380337
-36.2,-36.6,400000,44995,0.112488,152631,0.381578
-36.2,-36.4,400000,44353,0.110882,151749,0.379373
-36.2,-36.2,400000,45041,0.112602,151894,0.379735
-36.2,-36,400000,44577,0.111442,152421,0.381053
-36.2,-35.8,400000,45087,0.112717,152055,0.380138
-36.2,-35.6,400000,44899,0.112248,151594,0.378985
-36.2,-35.4,400000,44997,0.112492,152712,0.38178
-36.2,-35.2,400000,44768,0.11192,151789,0.379472
-36.2,-35,400000,45165,0.112912,151975,0.379937
-36.2,-34.8,400000,44526,0.111315,152221,0.380553
-36.2,-34.6,400000,44378,0.110945,151968,0.37992
-36.2,-34.4,400000,44458,0.111145,151932,0.37983
-36.2,-34.2,400000,44998,0.112495,153019,0.382547
-36.2,-34,400000,44589,0.111473,152919,0.382298
-36.2,-33.8,400000,45046,0.112615,152217,0.380543
-36.2,-33.6,400000,44765,0.111912,151647,0.379117
-36.2,-33.4,400000,44593,0.111482,152211,0.380528
-36.2,-33.2,400000,44766,0.111915,152214,0.380535
-36.2,-33,400000,44674,0.111685,151932,0.37983
-36.2,-32.8,400000,44392,0.11098,151931,0.379827
-36.2,-32.6,400000,45024,0.11256,151983,0.379958
-36.2,-32.4,400000,45179,0.112948,152169,0.380422
-36.2,-32.2,400000,45484,0.11371,151933,0.379833
-36.2,-32,400000,44472,0.11118,152265,0.380663
-36.2,-31.8,400000,44979,0.112448,152027,0.380068
-36.2,-31.6,400000,44881,0.112202,151745,0.379362
-36.2,-31.4,400000,44736,0.11184,151898,0.379745
-36.2,-31.2,400000,44820,0.11205,151596,0.37899
-36.2,-31,400000,44933,0.112333,152486,0.381215
-36.2,-30.8,400000,44281,0.110702,151712,0.37928
-36.2,-30.6,400000,44929,0.112323,152663,0.381657
-36.2,-30.4,400000,45090,0.112725,151231,0.378078
-36.2,-30.2,400000,44697,0.111742,151700,0.37925
-36.2,-30,400000,45241,0.113102,152259,0.380648
-36.2,-29.8,400000,44888,0.11222,151831,0.379578
-36.2,-29.6,400000,44513,0.111283,151723,0.379308
-36.2,-29.4,400000,44806,0.112015,152313,0.380783
-36.2,-29.2,400000,44614,0.111535,152242,0.380605
-36.2,-29,400000,45520,0.1138,152408,0.38102
-36.2,-28.8,400000,44612,0.11153,151449,0.378622
-36.2,-28.6,400000,44621,0.111552,152384,0.38096
-36.2,-28.4,400000,44891,0.112227,151629,0.379072
-36.2,-28.2,400000,44819,0.112047,152287,0.380717
-36.2,-28,400000,44704,0.11176,151854,0.379635
-36.2,-27.8,400000,44769,0.111922,151910,0.379775
-36.2,-27.6,400000,45115,0.112787,152612,0.38153
-36.2,-27.4,400000,44545,0.111363,151811,0.379528
-36.2,-27.2,400000,44815,0.112037,152032,0.38008
-36.2,-27,400000,44498,0.111245,151711,0.379277
-36.2,-26.8,400000,44906,0.112265,151454,0.378635
-36.2,-26.6,400000,44490,0.111225,152110,0.380275
-36.2,-26.4,400000,44792,0.11198,151940,0.37985
-36.2,-26.2,400000,44883,0.112208,152347,0.380868
-36.2,-26,400000,44817,0.112043,152080,0.3802
-36.2,-25.8,400000,44474,0.111185,151762,0.379405
-36.2,-25.6,400000,44873,0.112183,151800,0.3795
-36.2,-25.4,400000,44945,0.112363,151958,0.379895
-36.2,-25.2,400000,44608,0.11152,151968,0.37992
-36.2,-25,400000,44816,0.11204,152146,0.380365
-36.2,-24.8,400000,45132,0.11283,152224,0.38056
-36.2,-24.6,400000,44488,0.11122,152459,0.381147
-36.2,-24.4,400000,44777,0.111943,151372,0.37843
-36.2,-24.2,400000,44495,0.111238,152210,0.380525
-36.2,-24,400000,44534,0.111335,151288,0.37822
-36.2,-23.8,400000,45367,0.113418,152521,0.381302
-36.2,-23.6,400000,45255,0.113138,152223,0.380557
-36.2,-23.4,400000,44747,0.111867,152477,0.381192
-36.2,-23.2,400000,44851,0.112128,152341,0.380852
-36.2,-23,400000,45035,0.112587,151974,0.379935
-36.2,-22.8,400000,45404,0.11351,152128,0.38032
-36.2,-22.6,400000,44738,0.111845,151991,0.379978
-36.2,-22.4,400000,44751,0.111878,152104,0.38026
-36.2,-22.2,400000,45327,0.113318,152445,0.381113
-36.2,-22,400000,44796,0.11199,151567,0.378918
-36.2,-21.8,400000,45046,0.112615,152386,0.380965
-36.2,-21.6,400000,45203,0.113007,151968,0.37992
-36.2,-21.4,400000,44661,0.111653,152032,0.38008
-36.2,-21.2,400000,44873,0.112183,151911,0.379777
-36.2,-21,400000,45058,0.112645,152141,0.380352
-36.2,-20.8,400000,44685,0.111713,152131,0.380327
-36.2,-20.6,400000,44436,0.11109,151758,0.379395
-36.2,-20.4,400000,45041,0.112602,152067,0.380167
-36.2,-20.2,400000,44924,0.11231,152307,0.380767
-36.2,-20,400000,45396,0.11349,152819,0.382047
-36.2,-19.8,400000,45474,0.113685,152184,0.38046
-36.2,-19.6,400000,45111,0.112778,152061,0.380153
-36.2,-19.4,400000,44336,0.11084,151500,0.37875
-36.2,-19.2,400000,44884,0.11221,151944,0.37986
-36.2,-19,400000,44770,0.111925,152221,0.380553
-36.2,-18.8,400000,45007,0.112518,151933,0.379833
-36.2,-18.6,400000,44618,0.111545,152295,0.380738
-36.2,-18.4,400000,44726,0.111815,151847,0.379617
-36.2,-18.2,400000,44655,0.111638,152195,0.380487
-36.2,-18,400000,44364,0.11091,151958,0.379895
-36.2,-17.8,400000,45142,0.112855,151689,0.379223
-36.2,-17.6,400000,44594,0.111485,151883,0.379707
-36.2,-17.4,400000,45145,0.112863,152679,0.381698
-36.2,-17.2,400000,44172,0.11043,151974,0.379935
-36.2,-17,400000,45333,0.113333,152583,0.381458
-36.2,-16.8,400000,44526,0.111315,152181,0.380453
-36.2,-16.6,400000,44227,0.110567,151497,0.378742
-36.2,-16.4,400000,44270,0.110675,151835,0.379588
-36.2,-16.2,400000,44963,0.112407,152514,0.381285
-36.2,-16,400000,45135,0.112837,152007,0.380018
-36.2,-15.8,400000,44792,0.11198,151253,0.378132
-36.2,-15.6,400000,44847,0.112117,152240,0.3806
-36.2,-15.4,400000,44622,0.111555,151995,0.379987
-36.2,-15.2,400000,45066,0.112665,152283,0.380707
-36.2,-15,400000,44488,0.11122,152057,0.380142
-36.2,-14.8,400000,44945,0.112363,152874,0.382185
-36.2,-14.6,400000,45130,0.112825,152314,0.380785
-36.2,-14.4,400000,44760,0.1119,152115,0.380288
-36.2,-14.2,400000,45246,0.113115,152810,0.382025
-36.2,-14,400000,44980,0.11245,151882,0.379705
-36.2,-13.8,400000,45276,0.11319,152177,0.380443
-36.2,-13.6,400000,45007,0.112518,152285,0.380713
-36.2,-13.4,400000,44920,0.1123,151950,0.379875
-36.2,-13.2,400000,44862,0.112155,151708,0.37927
-36.2,-13,400000,44890,0.112225,152146,0.380365
-36.2,-12.8,400000,44612,0.11153,152339,0.380848
-36.2,-12.6,400000,45181,0.112952,151496,0.37874
-36.2,-12.4,400000,44627,0.111568,151641,0.379103
-36.2,-12.2,400000,44822,0.112055,152010,0.380025
-36.2,-12,400000,44334,0.110835,152169,0.380422
-36.2,-11.8,400000,44528,0.11132,151219,0.378047
-36.2,-11.6,400000,44915,0.112287,151600,0.379
-36.2,-11.4,400000,44630,0.111575,151625,0.379063
-36.2,-11.2,400000,44525,0.111312,151462,0.378655
-36.2,-11,400000,45047,0.112617,152081,0.380202
-36.2,-10.8,400000,44836,0.11209,151857,0.379642
-36.2,-10.6,400000,45000,0.1125,151662,0.379155
-36.2,-10.4,400000,44646,0.111615,152634,0.381585
-36.2,-10.2,400000,45133,0.112833,152707,0.381767
-36.2,-10,400000,44972,0.11243,152531,0.381327
-36.2,-9.8,400000,44529,0.111323,151060,0.37765
-36.2,-9.6,400000,44720,0.1118,151877,0.379692
-36.2,-9.4,400000,44670,0.111675,152150,0.380375
-36.2,-9.2,400000,44986,0.112465,152091,0.380227
-36.2,-9,400000,44310,0.110775,152020,0.38005
-36.2,-8.8,400000,44318,0.110795,151538,0.378845
-36.2,-8.6,400000,44504,0.11126,152339,0.380848
-36.2,-8.4,400000,45504,0.11376,152233,0.380582
-36.2,-8.2,400000,45459,0.113647,152030,0.380075
-36.2,-8,400000,44477,0.111192,152120,0.3803
-36.2,-7.8,400000,44917,0.112293,152380,0.38095
-36.2,-7.6,400000,44955,0.112388,152396,0.38099
-36.2,-7.4,400000,45037,0.112592,151953,0.379883
-36.2,-7.2,400000,45487,0.113717,152780,0.38195
-36.2,-7,400000,44161,0.110403,151659,0.379148
-36.2,-6.8,400000,44791,0.111977,151992,0.37998
-36.2,-6.6,400000,45056,0.11264,152308,0.38077
-36.2,-6.4,400000,44805,0.112013,152419,0.381047
-36.2,-6.2,400000,44506,0.111265,152040,0.3801
-36.2,-6,400000,44976,0.11244,152438,0.381095
-36.2,-5.8,400000,45133,0.112833,152224,0.38056
-36.2,-5.6,400000,44658,0.111645,151786,0.379465
-36.2,-5.4,400000,44794,0.111985,152261,0.380653
-36.2,-5.2,400000,44673,0.111683,152324,0.38081
-36.2,-5,400000,44730,0.111825,151572,0.37893
-36.2,-4.8,400000,44552,0.11138,152347,0.380868
-36.2,-4.6,400000,44266,0.110665,152008,0.38002
-36.2,-4.4,400000,45083,0.112708,152317,0.380792
-36.2,-4.2,400000,44782,0.111955,152430,0.381075
-36.2,-4,400000,45380,0.11345,152376,0.38094
-36.2,-3.8,400000,45018,0.112545,151858,0.379645
-36.2,-3.6,400000,44497,0.111242,151808,0.37952
-36.2,-3.4,400000,44693,0.111732,151722,0.379305
-36.2,-3.2,400000,44453,0.111132,151858,0.379645
-36.2,-3,400000,44874,0.112185,152493,0.381232
-36.2,-2.8,400000,44899,0.112248,152575,0.381437
-36.2,-2.6,400000,44429,0.111073,151865,0.379663
-36.2,-2.4,400000,44310,0.110775,152030,0.380075
-36.2,-2.2,400000,45040,0.1126,152584,0.38146
-36.2,-2,400000,44862,0.112155,151851,0.379628
-36.2,-1.8,400000,44564,0.11141,151935,0.379837
-36.2,-1.6,400000,45011,0.112528,151881,0.379702
-36.2,-1.4,400000,45441,0.113602,153277,0.383192
-36.2,-1.2,400000,44658,0.111645,152247,0.380617
-36.2,-1,400000,44499,0.111247,151570,0.378925
-36.2,-0.8,400000,44870,0.112175,152067,0.380167
-36.2,-0.6,400000,44742,0.111855,152378,0.380945
-36.2,-0.4,400000,45072,0.11268,152461,0.381153
-36.2,-0.2,400000,44544,0.11136,151643,0.379107
-36.2,0,400000,44527,0.111317,151794,0.379485
-36.2,0.2,400000,44921,0.112302,152716,0.38179
-36.2,0.4,400000,45282,0.113205,152660,0.38165
-36.2,0.6,400000,44496,0.11124,151994,0.379985
-36.2,0.8,400000,45322,0.113305,151639,0.379097
-36.2,1,400000,44610,0.111525,151912,0.37978
-36.2,1.2,400000,45018,0.112545,151962,0.379905
-36.2,1.4,400000,45195,0.112988,152109,0.380273
-36.2,1.6,400000,44548,0.11137,151295,0.378238
-36.2,1.8,400000,45210,0.113025,152142,0.380355
-36.2,2,400000,44463,0.111158,152307,0.380767
-36.2,2.2,400000,44902,0.112255,152019,0.380047
-36.2,2.4,400000,44905,0.112263,151762,0.379405
-36.2,2.6,400000,44850,0.112125,151941,0.379852
-36.2,2.8,400000,44718,0.111795,150989,0.377472
-36.2,3,400000,44960,0.1124,152559,0.381398
-36.2,3.2,400000,44233,0.110583,151778,0.379445
-36.2,3.4,400000,44627,0.111568,152185,0.380462
-36.2,3.6,400000,44518,0.111295,152141,0.380352
-36.2,3.8,400000,45053,0.112632,152342,0.380855
-36.2,4,400000,45134,0.112835,152444,0.38111
-36.2,4.2,400000,44676,0.11169,152032,0.38008
-36.2,4.4,400000,44736,0.11184,152260,0.38065
-36.2,4.6,400000,45180,0.11295,153157,0.382893
-36.2,4.8,400000,45013,0.112532,152072,0.38018
-36.2,5,400000,45503,0.113757,152100,0.38025
-36.2,5.2,400000,45137,0.112842,152267,0.380667
-36.2,5.4,400000,44794,0.111985,152918,0.382295
-36.2,5.6,400000,45052,0.11263,152629,0.381572
-36.2,5.8,400000,44444,0.11111,151861,0.379653
-36.2,6,400000,45024,0.11256,152344,0.38086
-36.2,6.2,400000,45245,0.113113,151993,0.379983
-36.2,6.4,400000,45278,0.113195,151998,0.379995
-36.2,6.6,400000,44809,0.112022,152038,0.380095
-36.2,6.8,400000,44576,0.11144,152075,0.380188
-36.2,7,400000,45008,0.11252,151809,0.379522
-36.2,7.2,400000,45212,0.11303,152515,0.381288
-36.2,7.4,400000,44826,0.112065,152299,0.380748
-36.2,7.6,400000,44647,0.111617,151756,0.37939
-36.2,7.8,400000,44798,0.111995,152024,0.38006
-36.2,8,400000,44873,0.112183,151778,0.379445
-36.2,8.2,400000,45358,0.113395,152370,0.380925
-36.2,8.4,400000,44444,0.11111,151907,0.379767
-36.2,8.6,400000,45312,0.11328,152153,0.380383
-36.2,8.8,400000,44757,0.111893,152266,0.380665
-36.2,9,400000,45024,0.11256,152083,0.380207
-36.2,9.2,400000,45325,0.113312,152196,0.38049
-36.2,9.4,400000,45303,0.113257,152773,0.381933
-36.2,9.6,400000,44606,0.111515,151718,0.379295
-36.2,9.8,400000,44696,0.11174,152136,0.38034
-36.2,10,400000,44570,0.111425,152011,0.380028
-36.2,10.2,400000,44901,0.112253,152125,0.380312
-36.2,10.4,400000,44726,0.111815,151936,0.37984
-36.2,10.6,400000,44987,0.112467,152195,0.380487
-36.2,10.8,400000,44856,0.11214,151976,0.37994
-36.2,11,400000,44611,0.111528,152083,0.380207
-36.2,11.2,400000,45584,0.11396,152566,0.381415
-36.2,11.4,400000,44437,0.111092,152422,0.381055
-36.2,11.6,400000,44714,0.111785,152014,0.380035
-36.2,11.8,400000,45212,0.11303,153139,0.382848
-36.2,12,400000,44782,0.111955,152028,0.38007
-36.2,12.2,400000,45598,0.113995,152320,0.3808
-36.2,12.4,400000,44510,0.111275,151477,0.378692
-36.2,12.6,400000,45199,0.112998,152126,0.380315
-36.2,12.8,400000,44624,0.11156,152274,0.380685
-36.2,13,400000,44880,0.1122,151807,0.379518
-36.2,13.2,400000,44900,0.11225,152133,0.380333
-36.2,13.4,400000,44623,0.111558,151372,0.37843
-36.2,13.6,400000,45047,0.112617,152380,0.38095
-36.2,13.8,400000,44720,0.1118,152162,0.380405
-36.2,14,400000,45058,0.112645,152400,0.381
-36.2,14.2,400000,44900,0.11225,151999,0.379997
-36.2,14.4,400000,45130,0.112825,152891,0.382227
-36.2,14.6,400000,44975,0.112437,151976,0.37994
-36.2,14.8,400000,44713,0.111783,151958,0.379895
-36.2,15,400000,45145,0.112863,152479,0.381198
-36.2,15.2,400000,44528,0.11132,152272,0.38068
-36.2,15.4,400000,45241,0.113102,151656,0.37914
-36.2,15.6,400000,44135,0.110338,152053,0.380132
-36.2,15.8,400000,45151,0.112878,151607,0.379018
-36.2,16,400000,45173,0.112933,152213,0.380532
-36.2,16.2,400000,44095,0.110238,152099,0.380248
-36.2,16.4,400000,45457,0.113642,152190,0.380475
-36.2,16.6,400000,44233,0.110583,151233,0.378082
-36.2,16.8,400000,44660,0.11165,152513,0.381283
-36.2,17,400000,45054,0.112635,152315,0.380788
-36.2,17.2,400000,44688,0.11172,151974,0.379935
-36.2,17.4,400000,45024,0.11256,151958,0.379895
-36.2,17.6,400000,44623,0.111558,151347,0.378368
-36.2,17.8,400000,45050,0.112625,152961,0.382402
-36.2,18,400000,44905,0.112263,152634,0.381585
-36.2,18.2,400000,45130,0.112825,151970,0.379925
-36.2,18.4,400000,45157,0.112893,152293,0.380732
-36.2,18.6,400000,44888,0.11222,152070,0.380175
-36.2,18.8,400000,44711,0.111778,152117,0.380292
-36.2,19,400000,44842,0.112105,152184,0.38046
-36.2,19.2,400000,45011,0.112528,151947,0.379868
-36.2,19.4,400000,45204,0.11301,151802,0.379505
-36.2,19.6,400000,44514,0.111285,152377,0.380943
-36.2,19.8,400000,44426,0.111065,152044,0.38011
-36.2,20,400000,44659,0.111647,151950,0.379875
-36.2,20.2,400000,44499,0.111247,151049,0.377623
-36.2,20.4,400000,45032,0.11258,152693,0.381732
-36.2,20.6,400000,44630,0.111575,152091,0.380227
-36.2,20.8,400000,44774,0.111935,152672,0.38168
-36.2,21,400000,44306,0.110765,151077,0.377692
-36.2,21.2,400000,44905,0.112263,152324,0.38081
-36.2,21.4,400000,44770,0.111925,151662,0.379155
-36.2,21.6,400000,44225,0.110562,151703,0.379258
-36.2,21.8,400000,44866,0.112165,152411,0.381028
-36.2,22,400000,44855,0.112138,151997,0.379993
-36.2,22.2,400000,44835,0.112088,152454,0.381135
-36.2,22.4,400000,44823,0.112058,152286,0.380715
-36.2,22.6,400000,44879,0.112198,152586,0.381465
-36.2,22.8,400000,44960,0.1124,151643,0.379107
-36.2,23,400000,44656,0.11164,152667,0.381667
-36.2,23.2,400000,44500,0.11125,152109,0.380273
-36.2,23.4,400000,45139,0.112848,152261,0.380653
-36.2,23.6,400000,44501,0.111253,151935,0.379837
-36.2,23.8,400000,44521,0.111302,151792,0.37948
-36.2,24,400000,44719,0.111797,152553,0.381383
-36.2,24.2,400000,45101,0.112753,152334,0.380835
-36.2,24.4,400000,44886,0.112215,151806,0.379515
-36.2,24.6,400000,44678,0.111695,152269,0.380673
-36.2,24.8,400000,44814,0.112035,152540,0.38135
-36.2,25,400000,44595,0.111488,151817,0.379543
-36.2,25.2,400000,44916,0.11229,152458,0.381145
-36.2,25.4,400000,45025,0.112562,151837,0.379592
-36.2,25.6,400000,44948,0.11237,152627,0.381568
-36.2,25.8,400000,45064,0.11266,152151,0.380377
-36.2,26,400000,44512,0.11128,151874,0.379685
-36.2,26.2,400000,44476,0.11119,151472,0.37868
-36.2,26.4,400000,44966,0.112415,151896,0.37974
-36.2,26.6,400000,44730,0.111825,152235,0.380588
-36.2,26.8,400000,44709,0.111772,151947,0.379868
-36.2,27,400000,45008,0.11252,152283,0.380707
-36.2,27.2,400000,44849,0.112122,152330,0.380825
-36.2,27.4,400000,44597,0.111492,152034,0.380085
-36.2,27.6,400000,45221,0.113053,152907,0.382267
-36.2,27.8,400000,45032,0.11258,152048,0.38012
-36.2,28,400000,44915,0.112287,151754,0.379385
-36.2,28.2,400000,45141,0.112852,152409,0.381022
-36.2,28.4,400000,45028,0.11257,152373,0.380933
-36.2,28.6,400000,44914,0.112285,152265,0.380663
-36.2,28.8,400000,44793,0.111982,152380,0.38095
-36.2,29,400000,44594,0.111485,152519,0.381298
-36.2,29.2,400000,44551,0.111378,152073,0.380182
-36.2,29.4,400000,44576,0.11144,151698,0.379245
-36.2,29.6,400000,44770,0.111925,151946,0.379865
-36.2,29.8,400000,44627,0.111568,151417,0.378543
-36.2,30,400000,44763,0.111907,152120,0.3803
-36.2,30.2,400000,44592,0.11148,151595,0.378987
-36.2,30.4,400000,45177,0.112943,151719,0.379298
-36.2,30.6,400000,44614,0.111535,152116,0.38029
-36.2,30.8,400000,44267,0.110668,151798,0.379495
-36.2,31,400000,44873,0.112183,151955,0.379887
-36.2,31.2,400000,45675,0.114187,152759,0.381898
-36.2,31.4,400000,44461,0.111153,151545,0.378862
-36.2,31.6,400000,45326,0.113315,151951,0.379877
-36.2,31.8,400000,44288,0.11072,151788,0.37947
-36.2,32,400000,44747,0.111867,152149,0.380373
-36.2,32.2,400000,44702,0.111755,152007,0.380018
-36.2,32.4,400000,44753,0.111882,151908,0.37977
-36.2,32.6,400000,44959,0.112397,152357,0.380893
-36.2,32.8,400000,44779,0.111948,152210,0.380525
-36.2,33,400000,44536,0.11134,152076,0.38019
-36.2,33.2,400000,44516,0.11129,151958,0.379895
-36.2,33.4,400000,45612,0.11403,152633,0.381582
-36.2,33.6,400000,45293,0.113232,151985,0.379962
-36.2,33.8,400000,44874,0.112185,152165,0.380412
-36.2,34,400000,44614,0.111535,152397,0.380993
-36.2,34.2,400000,44710,0.111775,152210,0.380525
-36.2,34.4,400000,45052,0.11263,152881,0.382203
-36.2,34.6,400000,45186,0.112965,152162,0.380405
-36.2,34.8,400000,44602,0.111505,151882,0.379705
-36.2,35,400000,45023,0.112558,152392,0.38098
-36.2,35.2,400000,45660,0.11415,152416,0.38104
-36.2,35.4,400000,44656,0.11164,151659,0.379148
-36.2,35.6,400000,44546,0.111365,151977,0.379943
-36.2,35.8,400000,44689,0.111723,151861,0.379653
-36.2,36,400000,44360,0.1109,151438,0.378595
-36.2,36.2,400000,44977,0.112443,152297,0.380742
-36.2,36.4,400000,44927,0.112318,151451,0.378628
-36.2,36.6,400000,45414,0.113535,152522,0.381305
-36.2,36.8,400000,44510,0.111275,151820,0.37955
-36.2,37,400000,44977,0.112443,152507,0.381267
-36.2,37.2,400000,44695,0.111738,151876,0.37969
-36.2,37.4,400000,45059,0.112647,152143,0.380358
-36.2,37.6,400000,44859,0.112147,151904,0.37976
-36.2,37.8,400000,44733,0.111833,152196,0.38049
-36.2,38,400000,44646,0.111615,152351,0.380877
-36.2,38.2,400000,45288,0.11322,152725,0.381812
-36.2,38.4,400000,44616,0.11154,151833,0.379582
-36.2,38.6,400000,45162,0.112905,152105,0.380263
-36.2,38.8,400000,44952,0.11238,152014,0.380035
-36.2,39,400000,44589,0.111473,151653,0.379132
-36.2,39.2,400000,44331,0.110827,151931,0.379827
-36.2,39.4,400000,44926,0.112315,151893,0.379732
-36.2,39.6,400000,44639,0.111598,152085,0.380213
-36.2,39.8,400000,45421,0.113553,152128,0.38032
-36.2,40,400000,44747,0.111867,152028,0.38007
-36.2,40.2,400000,44360,0.1109,151370,0.378425
-36.2,40.4,400000,44942,0.112355,152231,0.380578
-36.2,40.6,400000,45309,0.113272,152513,0.381283
-36.2,40.8,400000,44836,0.11209,151622,0.379055
-36.2,41,400000,44826,0.112065,151733,0.379333
-36.2,41.2,400000,44627,0.111568,152238,0.380595
-36.2,41.4,400000,44994,0.112485,151712,0.37928
-36.2,41.6,400000,45450,0.113625,152347,0.380868
-36.2,41.8,400000,44950,0.112375,152199,0.380497
-36.2,42,400000,44958,0.112395,152241,0.380603
-36.2,42.2,400000,44344,0.11086,152237,0.380593
-36.2,42.4,400000,44653,0.111632,151483,0.378707
-36.2,42.6,400000,45125,0.112812,152476,0.38119
-36.2,42.8,400000,44768,0.11192,152471,0.381178
-36.2,43,400000,44696,0.11174,151970,0.379925
-36.2,43.2,400000,45131,0.112827,152554,0.381385
-36.2,43.4,400000,44607,0.111518,151990,0.379975
-36.2,43.6,400000,44960,0.1124,152427,0.381068
-36.2,43.8,400000,44731,0.111827,152318,0.380795
-36.2,44,400000,44975,0.112437,152414,0.381035
-36.2,44.2,400000,44899,0.112248,151989,0.379972
-36.2,44.4,400000,45088,0.11272,153073,0.382682
-36.2,44.6,400000,44859,0.112147,152030,0.380075
-36.2,44.8,400000,44324,0.11081,152099,0.380248
-36.2,45,400000,44957,0.112393,152011,0.380028
-36.2,45.2,400000,45183,0.112958,152408,0.38102
-36.2,45.4,400000,44441,0.111103,152283,0.380707
-36.2,45.6,400000,44749,0.111872,152431,0.381078
-36.2,45.8,400000,44993,0.112482,151971,0.379927
-36.2,46,400000,44192,0.11048,151417,0.378543
-36.2,46.2,400000,44982,0.112455,152404,0.38101
-36.2,46.4,400000,44925,0.112312,152459,0.381147
-36.2,46.6,400000,44839,0.112098,151867,0.379667
-36.2,46.8,400000,44607,0.111518,152175,0.380437
-36.2,47,400000,45117,0.112793,151578,0.378945
-36.2,47.2,400000,44264,0.11066,151652,0.37913
-36.2,47.4,400000,44459,0.111147,151909,0.379773
-36.2,47.6,400000,44510,0.111275,151762,0.379405
-36.2,47.8,400000,44802,0.112005,151743,0.379358
-36.2,48,400000,44816,0.11204,151481,0.378702
-36.2,48.2,400000,45001,0.112503,152713,0.381783
-36.2,48.4,400000,45256,0.11314,152530,0.381325
-36.2,48.6,400000,44937,0.112342,151552,0.37888
-36.2,48.8,400000,44819,0.112047,151800,0.3795
-36.2,49,400000,45113,0.112782,152016,0.38004
-36.2,49.2,400000,44862,0.112155,152296,0.38074
-36.2,49.4,400000,44701,0.111753,152173,0.380433
-36.2,49.6,400000,44847,0.112117,151838,0.379595
-36.2,49.8,400000,45533,0.113833,152367,0.380918
-36.2,50,400000,45107,0.112768,152468,0.38117
-36,-50,400000,44394,0.110985,151583,0.378958
-36,-49.8,400000,44693,0.111732,152171,0.380427
-36,-49.6,400000,44912,0.11228,152463,0.381157
-36,-49.4,400000,44838,0.112095,152413,0.381032
-36,-49.2,400000,44646,0.111615,151875,0.379688
-36,-49,400000,44601,0.111503,152299,0.380748
-36,-48.8,400000,45394,0.113485,152531,0.381327
-36,-48.6,400000,45030,0.112575,152546,0.381365
-36,-48.4,400000,44681,0.111702,151667,0.379167
-36,-48.2,400000,45262,0.113155,152176,0.38044
-36,-48,400000,44848,0.11212,151806,0.379515
-36,-47.8,400000,45008,0.11252,152025,0.380063
-36,-47.6,400000,44970,0.112425,151792,0.37948
-36,-47.4,400000,45051,0.112628,151977,0.379943
-36,-47.2,400000,44714,0.111785,151635,0.379088
-36,-47,400000,44640,0.1116,151875,0.379688
-36,-46.8,400000,44683,0.111708,152013,0.380032
-36,-46.6,400000,44932,0.11233,152614,0.381535
-36,-46.4,400000,44819,0.112047,151891,0.379727
-36,-46.2,400000,45264,0.11316,152222,0.380555
-36,-46,400000,44615,0.111537,152100,0.38025
-36,-45.8,400000,44768,0.11192,152377,0.380943
-36,-45.6,400000,44125,0.110312,151753,0.379383
-36,-45.4,400000,44822,0.112055,152193,0.380483
-36,-45.2,400000,44670,0.111675,152007,0.380018
-36,-45,400000,44327,0.110817,151786,0.379465
-36,-44.8,400000,45037,0.112592,151902,0.379755
-36,-44.6,400000,44713,0.111783,152200,0.3805
-36,-44.4,400000,44869,0.112172,151538,0.378845
-36,-44.2,400000,45149,0.112873,151961,0.379902
-36,-44,400000,44650,0.111625,151835,0.379588
-36,-43.8,400000,44946,0.112365,152138,0.380345
-36,-43.6,400000,44741,0.111852,152053,0.380132
-36,-43.4,400000,45082,0.112705,152328,0.38082
-36,-43.2,400000,44325,0.110812,151657,0.379142
-36,-43,400000,44853,0.112132,151847,0.379617
-36,-42.8,400000,44603,0.111507,151977,0.379943
-36,-42.6,400000,45225,0.113062,151826,0.379565
-36,-42.4,400000,44431,0.111077,151749,0.379373
-36,-42.2,400000,44654,0.111635,151091,0.377727
-36,-42,400000,45032,0.11258,151892,0.37973
-36,-41.8,400000,45201,0.113003,152609,0.381522
-36,-41.6,400000,45316,0.11329,152338,0.380845
-36,-41.4,400000,44688,0.11172,151807,0.379518
-36,-41.2,400000,44794,0.111985,151923,0.379808
-36,-41,400000,45227,0.113068,152037,0.380092
-36,-40.8,400000,45389,0.113473,152489,0.381223
-36,-40.6,400000,45036,0.11259,151964,0.37991
-36,-40.4,400000,44878,0.112195,152117,0.380292
-36,-40.2,400000,44585,0.111463,152211,0.380528
-36,-40,400000,45057,0.112643,152118,0.380295
-36,-39.8,400000,45169,0.112922,152094,0.380235
-36,-39.6,400000,44762,0.111905,152460,0.38115
-36,-39.4,400000,44655,0.111638,152148,0.38037
-36,-39.2,400000,45071,0.112677,152281,0.380702
-36,-39,400000,45094,0.112735,152181,0.380453
-36,-38.8,400000,45121,0.112802,152574,0.381435
-36,-38.6,400000,44803,0.112007,152036,0.38009
-36,-38.4,400000,45172,0.11293,152089,0.380223
-36,-38.2,400000,44843,0.112107,152188,0.38047
-36,-38,400000,44662,0.111655,151783,0.379458
-36,-37.8,400000,44881,0.112202,152045,0.380113
-36,-37.6,400000,44926,0.112315,152248,0.38062
-36,-37.4,400000,44906,0.112265,152051,0.380128
-36,-37.2,400000,44830,0.112075,152111,0.380277
-36,-37,400000,45014,0.112535,152127,0.380317
-36,-36.8,400000,45028,0.11257,152575,0.381437
-36,-36.6,400000,44870,0.112175,152179,0.380447
-36,-36.4,400000,44404,0.11101,152076,0.38019
-36,-36.2,400000,44908,0.11227,152180,0.38045
-36,-36,400000,45157,0.112893,152132,0.38033
-36,-35.8,400000,44618,0.111545,152147,0.380368
-36,-35.6,400000,44414,0.111035,151376,0.37844
-36,-35.4,400000,45176,0.11294,152190,0.380475
-36,-35.2,400000,44746,0.111865,151998,0.379995
-36,-35,400000,44673,0.111683,152602,0.381505
-36,-34.8,400000,44608,0.11152,152400,0.381
-36,-34.6,400000,44709,0.111772,152109,0.380273
-36,-34.4,400000,44316,0.11079,151526,0.378815
-36,-34.2,400000,45039,0.112598,152474,0.381185
-36,-34,400000,44791,0.111977,151777,0.379443
-36,-33.8,400000,44744,0.11186,151818,0.379545
-36,-33.6,400000,44497,0.111242,151619,0.379047
-36,-33.4,400000,44539,0.111348,151301,0.378252
-36,-33.2,400000,45189,0.112973,152286,0.380715
-36,-33,400000,45068,0.11267,152519,0.381298
-36,-32.8,400000,44571,0.111427,151902,0.379755
-36,-32.6,400000,44527,0.111317,151894,0.379735
-36,-32.4,400000,44760,0.1119,152042,0.380105
-36,-32.2,400000,45381,0.113452,152062,0.380155
-36,-32,400000,45024,0.11256,152039,0.380097
-36,-31.8,400000,44961,0.112403,152032,0.38008
-36,-31.6,400000,45250,0.113125,152728,0.38182
-36,-31.4,400000,44589,0.111473,151938,0.379845
-36,-31.2,400000,44713,0.111783,151796,0.37949
-36,-31,400000,44159,0.110397,151562,0.378905
-36,-30.8,400000,44933,0.112333,152308,0.38077
-36,-30.6,400000,45244,0.11311,152419,0.381047
-36,-30.4,400000,44660,0.11165,151864,0.37966
-36,-30.2,400000,44926,0.112315,151431,0.378578
-36,-30,400000,45038,0.112595,152271,0.380678
-36,-29.8,400000,45260,0.11315,152141,0.380352
-36,-29.6,400000,44661,0.111653,151808,0.37952
-36,-29.4,400000,45259,0.113147,152751,0.381877
-36,-29.2,400000,44439,0.111098,151517,0.378792
-36,-29,400000,44576,0.11144,151540,0.37885
-36,-28.8,400000,44364,0.11091,151133,0.377833
-36,-28.6,400000,44582,0.111455,151732,0.37933
-36,-28.4,400000,44852,0.11213,152018,0.380045
-36,-28.2,400000,44550,0.111375,152021,0.380053
-36,-28,400000,45228,0.11307,152005,0.380012
-36,-27.8,400000,44501,0.111253,151695,0.379238
-36,-27.6,400000,44812,0.11203,152517,0.381292
-36,-27.4,400000,44764,0.11191,152903,0.382257
-36,-27.2,400000,44636,0.11159,152518,0.381295
-36,-27,400000,44849,0.112122,151676,0.37919
-36,-26.8,400000,44806,0.112015,151749,0.379373
-36,-26.6,400000,44934,0.112335,151989,0.379972
-36,-26.4,400000,44634,0.111585,151877,0.379692
-36,-26.2,400000,44829,0.112073,151909,0.379773
-36,-26,400000,44625,0.111562,152114,0.380285
-36,-25.8,400000,44753,0.111882,151556,0.37889
-36,-25.6,400000,44847,0.112117,152211,0.380528
-36,-25.4,400000,44897,0.112242,151946,0.379865
-36,-25.2,400000,45264,0.11316,152579,0.381447
-36,-25,400000,45412,0.11353,152442,0.381105
-36,-24.8,400000,44510,0.111275,151921,0.379802
-36,-24.6,400000,44684,0.11171,152045,0.380113
-36,-24.4,400000,44847,0.112117,151842,0.379605
-36,-24.2,400000,44432,0.11108,151748,0.37937
-36,-24,400000,44917,0.112293,152287,0.380717
-36,-23.8,400000,44879,0.112198,151905,0.379763
-36,-23.6,400000,43874,0.109685,151766,0.379415
-36,-23.4,400000,45102,0.112755,152265,0.380663
-36,-23.2,400000,44444,0.11111,152076,0.38019
-36,-23,400000,45164,0.11291,152248,0.38062
-36,-22.8,400000,44702,0.111755,152208,0.38052
-36,-22.6,400000,44724,0.11181,151919,0.379798
-36,-22.4,400000,45134,0.112835,152319,0.380798
-36,-22.2,400000,45013,0.112532,151717,0.379292
-36,-22,400000,44495,0.111238,152044,0.38011
-36,-21.8,400000,44603,0.111507,152003,0.380007
-36,-21.6,400000,44712,0.11178,152088,0.38022
-36,-21.4,400000,44441,0.111103,151935,0.379837
-36,-21.2,400000,45060,0.11265,152135,0.380337
-36,-21,400000,44967,0.112418,152460,0.38115
-36,-20.8,400000,44781,0.111952,152135,0.380337
-36,-20.6,400000,44345,0.110863,151673,0.379182
-36,-20.4,400000,44838,0.112095,152118,0.380295
-36,-20.2,400000,44746,0.111865,152366,0.380915
-36,-20,400000,44517,0.111293,152037,0.380092
-36,-19.8,400000,44628,0.11157,151831,0.379578
-36,-19.6,400000,44953,0.112382,151948,0.37987
-36,-19.4,400000,45001,0.112503,152077,0.380192
-36,-19.2,400000,45111,0.112778,152212,0.38053
-36,-19,400000,44743,0.111857,152183,0.380458
-36,-18.8,400000,45120,0.1128,152176,0.38044
-36,-18.6,400000,45205,0.113013,151975,0.379937
-36,-18.4,400000,44777,0.111943,151543,0.378858
-36,-18.2,400000,45092,0.11273,151958,0.379895
-36,-18,400000,44406,0.111015,152076,0.38019
-36,-17.8,400000,44184,0.11046,151499,0.378748
-36,-17.6,400000,45203,0.113007,152708,0.38177
-36,-17.4,400000,44745,0.111863,152077,0.380192
-36,-17.2,400000,45050,0.112625,152668,0.38167
-36,-17,400000,44668,0.11167,152390,0.380975
-36,-16.8,400000,45060,0.11265,151772,0.37943
-36,-16.6,400000,44552,0.11138,152513,0.381283
-36,-16.4,400000,45204,0.11301,151643,0.379107
-36,-16.2,400000,44790,0.111975,152214,0.380535
-36,-16,400000,44672,0.11168,151802,0.379505
-36,-15.8,400000,44904,0.11226,152153,0.380383
-36,-15.6,400000,45379,0.113448,152581,0.381453
-36,-15.4,400000,44255,0.110637,151446,0.378615
-36,-15.2,400000,44423,0.111058,152010,0.380025
-36,-15,400000,44993,0.112482,152101,0.380252
-36,-14.8,400000,45314,0.113285,152721,0.381802
-36,-14.6,400000,44525,0.111312,151839,0.379597
-36,-14.4,400000,45082,0.112705,152176,0.38044
-36,-14.2,400000,44328,0.11082,151265,0.378163
-36,-14,400000,44942,0.112355,151708,0.37927
-36,-13.8,400000,44549,0.111372,152164,0.38041
-36,-13.6,400000,44597,0.111492,152057,0.380142
-36,-13.4,400000,44895,0.112238,152138,0.380345
-36,-13.2,400000,44809,0.112022,151881,0.379702
-36,-13,400000,44795,0.111988,152206,0.380515
-36,-12.8,400000,44463,0.111158,151413,0.378532
-36,-12.6,400000,44767,0.111918,152555,0.381387
-36,-12.4,400000,44874,0.112185,151977,0.379943
-36,-12.2,400000,44863,0.112157,151840,0.3796
-36,-12,400000,44992,0.11248,152236,0.38059
-36,-11.8,400000,45088,0.11272,152254,0.380635
-36,-11.6,400000,45171,0.112928,152085,0.380213
-36,-11.4,400000,44902,0.112255,152325,0.380812
-36,-11.2,400000,44909,0.112272,151967,0.379918
-36,-11,400000,45075,0.112687,152424,0.38106
-36,-10.8,400000,45353,0.113382,152230,0.380575
-36,-10.6,400000,44776,0.11194,151484,0.37871
-36,-10.4,400000,44193,0.110482,151953,0.379883
-36,-10.2,400000,45121,0.112802,153253,0.383132
-36,-10,400000,44842,0.112105,152066,0.380165
-36,-9.8,400000,45102,0.112755,152251,0.380628
-36,-9.6,400000,45514,0.113785,152577,0.381443
-36,-9.4,400000,44268,0.11067,152069,0.380173
-36,-9.2,400000,44789,0.111973,152355,0.380887
-36,-9,400000,44662,0.111655,152429,0.381072
-36,-8.8,400000,44760,0.1119,152103,0.380258
-36,-8.6,400000,44978,0.112445,152365,0.380912
-36,-8.4,400000,44707,0.111768,152117,0.380292
-36,-8.2,400000,44659,0.111647,152350,0.380875
-36,-8,400000,44910,0.112275,152252,0.38063
-36,-7.8,400000,45372,0.11343,152204,0.38051
-36,-7.6,400000,45026,0.112565,152374,0.380935
-36,-7.4,400000,45037,0.112592,151909,0.379773
-36,-7.2,400000,44556,0.11139,151502,0.378755
-36,-7,400000,43987,0.109967,152080,0.3802
-36,-6.8,400000,44861,0.112153,152268,0.38067
-36,-6.6,400000,44693,0.111732,152207,0.380518
-36,-6.4,400000,45121,0.112802,152001,0.380003
-36,-6.2,400000,44605,0.111513,151837,0.379592
-36,-6,400000,44970,0.112425,152289,0.380723
-36,-5.8,400000,45393,0.113483,152889,0.382223
-36,-5.6,400000,44883,0.112208,151770,0.379425
-36,-5.4,400000,45005,0.112513,151937,0.379843
-36,-5.2,400000,45554,0.113885,152787,0.381968
-36,-5,400000,44862,0.112155,152423,0.381057
-36,-4.8,400000,44660,0.11165,151907,0.379767
-36,-4.6,400000,44909,0.112272,152423,0.381057
-36,-4.4,400000,44610,0.111525,152306,0.380765
-36,-4.2,400000,44688,0.11172,152312,0.38078
-36,-4,400000,45023,0.112558,151943,0.379858
-36,-3.8,400000,44553,0.111382,151896,0.37974
-36,-3.6,400000,44823,0.112058,152961,0.382402
-36,-3.4,400000,44725,0.111812,151882,0.379705
-36,-3.2,400000,45400,0.1135,152493,0.381232
-36,-3,400000,45280,0.1132,152026,0.380065
-36,-2.8,400000,45334,0.113335,151504,0.37876
-36,-2.6,400000,45035,0.112587,152538,0.381345
-36,-2.4,400000,44463,0.111158,151950,0.379875
-36,-2.2,400000,44624,0.11156,151807,0.379518
-36,-2,400000,45126,0.112815,151934,0.379835
-36,-1.8,400000,44458,0.111145,152367,0.380918
-36,-1.6,400000,44540,0.11135,152187,0.380468
-36,-1.4,400000,44956,0.11239,152236,0.38059
-36,-1.2,400000,45065,0.112662,152116,0.38029
-36,-1,400000,44772,0.11193,152236,0.38059
-36,-0.8,400000,44781,0.111952,152418,0.381045
-36,-0.6,400000,44746,0.111865,152522,0.381305
-36,-0.4,400000,45132,0.11283,152952,0.38238
-36,-0.2,400000,44088,0.11022,151867,0.379667
-36,0,400000,44744,0.11186,152397,0.380993
-36,0.2,400000,44639,0.111598,152005,0.380012
-36,0.4,400000,45032,0.11258,151887,0.379717
-36,0.6,400000,44445,0.111113,151989,0.379972
-36,0.8,400000,44288,0.11072,151885,0.379713
-36,1,400000,44384,0.11096,151699,0.379248
-36,1.2,400000,44302,0.110755,151925,0.379812
-36,1.4,400000,44895,0.112238,151839,0.379597
-36,1.6,400000,44698,0.111745,152696,0.38174
-36,1.8,400000,44991,0.112477,152380,0.38095
-36,2,400000,44662,0.111655,152249,0.380622
-36,2.2,400000,44711,0.111778,151405,0.378512
-36,2.4,400000,45037,0.112592,152427,0.381068
-36,2.6,400000,45027,0.112568,152401,0.381003
-36,2.8,400000,45086,0.112715,151959,0.379897
-36,3,400000,44529,0.111323,151678,0.379195
-36,3.2,400000,45319,0.113297,152478,0.381195
-36,3.4,400000,44368,0.11092,151993,0.379983
-36,3.6,400000,44892,0.11223,152211,0.380528
-36,3.8,400000,44483,0.111208,152060,0.38015
-36,4,400000,44768,0.11192,151329,0.378323
-36,4.2,400000,44587,0.111467,152322,0.380805
-36,4.4,400000,45096,0.11274,152639,0.381597
-36,4.6,400000,44611,0.111528,152112,0.38028
-36,4.8,400000,44763,0.111907,152436,0.38109
-36,5,400000,45029,0.112573,152019,0.380047
-36,5.2,400000,44531,0.111327,152115,0.380288
-36,5.4,400000,44641,0.111602,151152,0.37788
-36,5.6,400000,44757,0.111893,151917,0.379792
-36,5.8,400000,44499,0.111247,152233,0.380582
-36,6,400000,45008,0.11252,151875,0.379688
-36,6.2,400000,44791,0.111977,151360,0.3784
-36,6.4,400000,44646,0.111615,152176,0.38044
-36,6.6,400000,44898,0.112245,151860,0.37965
-36,6.8,400000,44002,0.110005,151586,0.378965
-36,7,400000,44549,0.111372,151236,0.37809
-36,7.2,400000,44815,0.112037,152422,0.381055
-36,7.4,400000,44464,0.11116,152501,0.381252
-36,7.6,400000,45153,0.112882,152256,0.38064
-36,7.8,400000,44423,0.111058,151641,0.379103
-36,8,400000,45304,0.11326,151773,0.379433
-36,8.2,400000,44549,0.111372,151987,0.379968
-36,8.4,400000,44501,0.111253,152063,0.380157
-36,8.6,400000,44686,0.111715,151610,0.379025
-36,8.8,400000,44997,0.112492,152415,0.381037
-36,9,400000,45024,0.11256,152171,0.380427
-36,9.2,400000,44872,0.11218,151481,0.378702
-36,9.4,400000,44872,0.11218,152162,0.380405
-36,9.6,400000,44918,0.112295,151715,0.379287
-36,9.8,400000,44447,0.111117,151488,0.37872
-36,10,400000,44457,0.111143,151813,0.379532
-36,10.2,400000,45012,0.11253,151948,0.37987
-36,10.4,400000,44661,0.111653,151939,0.379848
-36,10.6,400000,44607,0.111518,152269,0.380673
-36,10.8,400000,44969,0.112422,151988,0.37997
-36,11,400000,44703,0.111757,151666,0.379165
-36,11.2,400000,44691,0.111727,152132,0.38033
-36,11.4,400000,44729,0.111823,151903,0.379758
-36,11.6,400000,44841,0.112102,152378,0.380945
-36,11.8,400000,45050,0.112625,151994,0.379985
-36,12,400000,44740,0.11185,152240,0.3806
-36,12.2,400000,45008,0.11252,152047,0.380117
-36,12.4,400000,44627,0.111568,152062,0.380155
-36,12.6,400000,45110,0.112775,152280,0.3807
-36,12.8,400000,44536,0.11134,151613,0.379032
-36,13,400000,44636,0.11159,151996,0.37999
-36,13.2,400000,44695,0.111738,151935,0.379837
-36,13.4,400000,45085,0.112712,152340,0.38085
-36,13.6,400000,45621,0.114053,152431,0.381078
-36,13.8,400000,44772,0.11193,152411,0.381028
-36,14,400000,45162,0.112905,152101,0.380252
-36,14.2,400000,44831,0.112077,151972,0.37993
-36,14.4,400000,44837,0.112092,151778,0.379445
-36,14.6,400000,44590,0.111475,152116,0.38029
-36,14.8,400000,44919,0.112297,151590,0.378975
-36,15,400000,44143,0.110357,151360,0.3784
-36,15.2,400000,44860,0.11215,152614,0.381535
-36,15.4,400000,44902,0.112255,151826,0.379565
-36,15.6,400000,44845,0.112113,151749,0.379373
-36,15.8,400000,45128,0.11282,152664,0.38166
-36,16,400000,44822,0.112055,151709,0.379273
-36,16.2,400000,45118,0.112795,152054,0.380135
-36,16.4,400000,44835,0.112088,152732,0.38183
-36,16.6,400000,44493,0.111232,151919,0.379798
-36,16.8,400000,44378,0.110945,151752,0.37938
-36,17,400000,44852,0.11213,151955,0.379887
-36,17.2,400000,44731,0.111827,151812,0.37953
-36,17.4,400000,44746,0.111865,151916,0.37979
-36,17.6,400000,44822,0.112055,152216,0.38054
-36,17.8,400000,44873,0.112183,152219,0.380547
-36,18,400000,45544,0.11386,152659,0.381647
-36,18.2,400000,45080,0.1127,151934,0.379835
-36,18.4,400000,44986,0.112465,152719,0.381798
-36,18.6,400000,45344,0.11336,152049,0.380122
-36,18.8,400000,44507,0.111268,152209,0.380522
-36,19,400000,44912,0.11228,151769,0.379422
-36,19.2,400000,44590,0.111475,152573,0.381433
-36,19.4,400000,43996,0.10999,151097,0.377742
-36,19.6,400000,44549,0.111372,151931,0.379827
-36,19.8,400000,44863,0.112157,151447,0.378617
-36,20,400000,44538,0.111345,151913,0.379783
-36,20.2,400000,45142,0.112855,151982,0.379955
-36,20.4,400000,45000,0.1125,152246,0.380615
-36,20.6,400000,44689,0.111723,151442,0.378605
-36,20.8,400000,44852,0.11213,152340,0.38085
-36,21,400000,44759,0.111897,152067,0.380167
-36,21.2,400000,44766,0.111915,152296,0.38074
-36,21.4,400000,44452,0.11113,151696,0.37924
-36,21.6,400000,44898,0.112245,152614,0.381535
-36,21.8,400000,44501,0.111253,151872,0.37968
-36,22,400000,44824,0.11206,152058,0.380145
-36,22.2,400000,44903,0.112257,151925,0.379812
-36,22.4,400000,44509,0.111272,151778,0.379445
-36,22.6,400000,44705,0.111763,152258,0.380645
-36,22.8,400000,44990,0.112475,152369,0.380922
-36,23,400000,44894,0.112235,151958,0.379895
-36,23.2,400000,44785,0.111963,152062,0.380155
-36,23.4,400000,45131,0.112827,152153,0.380383
-36,23.6,400000,44817,0.112043,152576,0.38144
-36,23.8,400000,44544,0.11136,151250,0.378125
-36,24,400000,44462,0.111155,152147,0.380368
-36,24.2,400000,44550,0.111375,152018,0.380045
-36,24.4,400000,44988,0.11247,152253,0.380632
-36,24.6,400000,44634,0.111585,151413,0.378532
-36,24.8,400000,44754,0.111885,151920,0.3798
-36,25,400000,44835,0.112088,152571,0.381427
-36,25.2,400000,44304,0.11076,151329,0.378323
-36,25.4,400000,44795,0.111988,151845,0.379613
-36,25.6,400000,45023,0.112558,152322,0.380805
-36,25.8,400000,45379,0.113448,152447,0.381117
-36,26,400000,44777,0.111943,152262,0.380655
-36,26.2,400000,44090,0.110225,152214,0.380535
-36,26.4,400000,45125,0.112812,152367,0.380918
-36,26.6,400000,44598,0.111495,152129,0.380323
-36,26.8,400000,44175,0.110437,152085,0.380213
-36,27,400000,44900,0.11225,152658,0.381645
-36,27.2,400000,44580,0.11145,151667,0.379167
-36,27.4,400000,44283,0.110708,151652,0.37913
-36,27.6,400000,44807,0.112018,152130,0.380325
-36,27.8,400000,44486,0.111215,151885,0.379713
-36,28,400000,44737,0.111842,151673,0.379182
-36,28.2,400000,44906,0.112265,152407,0.381018
-36,28.4,400000,45265,0.113162,151968,0.37992
-36,28.6,400000,45090,0.112725,152261,0.380653
-36,28.8,400000,44412,0.11103,151539,0.378848
-36,29,400000,44706,0.111765,151837,0.379592
-36,29.2,400000,44300,0.11075,151979,0.379947
-36,29.4,400000,44381,0.110952,152183,0.380458
-36,29.6,400000,44919,0.112297,152023,0.380057
-36,29.8,400000,44909,0.112272,152317,0.380792
-36,30,400000,44984,0.11246,152146,0.380365
-36,30.2,400000,44503,0.111257,151300,0.37825
-36,30.4,400000,44651,0.111628,152200,0.3805
-36,30.6,400000,44440,0.1111,151622,0.379055
-36,30.8,400000,45128,0.11282,152074,0.380185
-36,31,400000,44875,0.112187,152140,0.38035
-36,31.2,400000,44714,0.111785,151765,0.379412
-36,31.4,400000,44814,0.112035,151875,0.379688
-36,31.6,400000,45181,0.112952,152479,0.381198
-36,31.8,400000,44616,0.11154,152101,0.380252
-36,32,400000,44715,0.111787,152443,0.381107
-36,32.2,400000,45074,0.112685,151936,0.37984
-36,32.4,400000,44727,0.111818,152134,0.380335
-36,32.6,400000,44377,0.110942,151783,0.379458
-36,32.8,400000,44212,0.11053,151866,0.379665
-36,33,400000,44257,0.110643,151949,0.379873
-36,33.2,400000,44887,0.112217,152291,0.380727
-36,33.4,400000,44337,0.110842,152164,0.38041
-36,33.6,400000,44854,0.112135,151991,0.379978
-36,33.8,400000,44863,0.112157,152255,0.380638
-36,34,400000,44428,0.11107,151847,0.379617
-36,34.2,400000,44578,0.111445,151803,0.379507
-36,34.4,400000,44888,0.11222,152247,0.380617
-36,34.6,400000,44736,0.11184,152294,0.380735
-36,34.8,400000,45076,0.11269,152149,0.380373
-36,35,400000,44773,0.111933,152030,0.380075
-36,35.2,400000,44704,0.11176,151887,0.379717
-36,35.4,400000,44490,0.111225,152058,0.380145
-36,35.6,400000,44772,0.11193,152170,0.380425
-36,35.8,400000,44417,0.111043,151478,0.378695
-36,36,400000,45022,0.112555,151924,0.37981
-36,36.2,400000,45009,0.112522,152267,0.380667
-36,36.4,400000,45026,0.112565,152520,0.3813
-36,36.6,400000,44275,0.110687,151931,0.379827
-36,36.8,400000,44283,0.110708,151226,0.378065
-36,37,400000,44662,0.111655,151722,0.379305
-36,37.2,400000,44803,0.112007,152551,0.381377
-36,37.4,400000,44747,0.111867,151746,0.379365
-36,37.6,400000,45285,0.113212,152041,0.380103
-36,37.8,400000,45261,0.113153,152251,0.380628
-36,38,400000,45090,0.112725,152059,0.380148
-36,38.2,400000,44559,0.111397,151855,0.379638
-36,38.4,400000,44491,0.111228,151582,0.378955
-36,38.6,400000,44136,0.11034,151755,0.379387
-36,38.8,400000,44332,0.11083,151669,0.379173
-36,39,400000,44809,0.112022,151646,0.379115
-36,39.2,400000,44515,0.111287,151752,0.37938
-36,39.4,400000,44888,0.11222,152311,0.380777
-36,39.6,400000,44627,0.111568,151335,0.378337
-36,39.8,400000,44297,0.110742,151679,0.379198
-36,40,400000,44568,0.11142,151843,0.379607
-36,40.2,400000,45004,0.11251,151957,0.379893
-36,40.4,400000,45160,0.1129,152238,0.380595
-36,40.6,400000,44787,0.111967,152450,0.381125
-36,40.8,400000,45033,0.112583,152404,0.38101
-36,41,400000,44830,0.112075,152394,0.380985
-36,41.2,400000,44896,0.11224,152438,0.381095
-36,41.4,400000,44907,0.112268,151793,0.379483
-36,41.6,400000,44844,0.11211,152351,0.380877
-36,41.8,400000,44868,0.11217,151729,0.379323
-36,42,400000,44615,0.111537,151850,0.379625
-36,42.2,400000,44632,0.11158,151523,0.378808
-36,42.4,400000,44832,0.11208,152140,0.38035
-36,42.6,400000,44687,0.111717,152075,0.380188
-36,42.8,400000,45259,0.113147,152146,0.380365
-36,43,400000,45222,0.113055,151803,0.379507
-36,43.2,400000,45090,0.112725,151957,0.379893
-36,43.4,400000,45117,0.112793,152108,0.38027
-36,43.6,400000,45312,0.11328,152275,0.380688
-36,43.8,400000,44636,0.11159,151824,0.37956
-36,44,400000,45310,0.113275,151778,0.379445
-36,44.2,400000,45288,0.11322,152078,0.380195
-36,44.4,400000,44910,0.112275,151646,0.379115
-36,44.6,400000,45420,0.11355,151900,0.37975
-36,44.8,400000,44550,0.111375,151329,0.378323
-36,45,400000,44843,0.112107,152041,0.380103
-36,45.2,400000,44540,0.11135,152201,0.380503
-36,45.4,400000,45245,0.113113,152201,0.380503
-36,45.6,400000,44857,0.112143,151936,0.37984
-36,45.8,400000,44713,0.111783,152213,0.380532
-36,46,400000,44555,0.111388,151286,0.378215
-36,46.2,400000,44737,0.111842,152531,0.381327
-36,46.4,400000,45093,0.112732,151702,0.379255
-36,46.6,400000,44787,0.111967,152062,0.380155
-36,46.8,400000,44706,0.111765,151428,0.37857
-36,47,400000,44854,0.112135,152803,0.382007
-36,47.2,400000,44753,0.111882,152884,0.38221
-36,47.4,400000,45147,0.112867,152809,0.382022
-36,47.6,400000,44714,0.111785,151414,0.378535
-36,47.8,400000,45005,0.112513,152602,0.381505
-36,48,400000,45168,0.11292,152040,0.3801
-36,48.2,400000,44911,0.112278,151745,0.379362
-36,48.4,400000,45012,0.11253,152452,0.38113
-36,48.6,400000,44780,0.11195,151822,0.379555
-36,48.8,400000,44769,0.111922,151820,0.37955
-36,49,400000,44382,0.110955,152020,0.38005
-36,49.2,400000,44661,0.111653,151932,0.37983
-36,49.4,400000,44828,0.11207,152271,0.380678
-36,49.6,400000,44810,0.112025,152193,0.380483
-36,49.8,400000,44531,0.111327,151837,0.379592
-36,50,400000,44742,0.111855,152195,0.380487
-35.8,-50,400000,44618,0.111545,151944,0.37986
-35.8,-49.8,400000,44946,0.112365,152256,0.38064
-35.8,-49.6,400000,45210,0.113025,151955,0.379887
-35.8,-49.4,400000,45110,0.112775,152674,0.381685
-35.8,-49.2,400000,44535,0.111338,151650,0.379125
-35.8,-49,400000,45180,0.11295,152356,0.38089
-35.8,-48.8,400000,44755,0.111888,152050,0.380125
-35.8,-48.6,400000,44270,0.110675,151466,0.378665
-35.8,-48.4,400000,44972,0.11243,151410,0.378525
-35.8,-48.2,400000,45269,0.113172,153139,0.382848
-35.8,-48,400000,44533,0.111333,151891,0.379727
-35.8,-47.8,400000,44691,0.111727,151846,0.379615
-35.8,-47.6,400000,45117,0.112793,152450,0.381125
-35.8,-47.4,400000,45105,0.112763,152277,0.380692
-35.8,-47.2,400000,45074,0.112685,151978,0.379945
-35.8,-47,400000,44498,0.111245,152471,0.381178
-35.8,-46.8,400000,44324,0.11081,151656,0.37914
-35.8,-46.6,400000,45022,0.112555,152563,0.381408
-35.8,-46.4,400000,44600,0.1115,151806,0.379515
-35.8,-46.2,400000,44927,0.112318,151832,0.37958
-35.8,-46,400000,44162,0.110405,151706,0.379265
-35.8,-45.8,400000,45157,0.112893,152358,0.380895
-35.8,-45.6,400000,44471,0.111177,152178,0.380445
-35.8,-45.4,400000,44465,0.111162,152041,0.380103
-35.8,-45.2,400000,44901,0.112253,151997,0.379993
-35.8,-45,400000,45292,0.11323,152104,0.38026
-35.8,-44.8,400000,44555,0.111388,151664,0.37916
-35.8,-44.6,400000,44580,0.11145,151822,0.379555
-35.8,-44.4,400000,44799,0.111997,152197,0.380493
-35.8,-44.2,400000,45168,0.11292,152529,0.381323
-35.8,-44,400000,44570,0.111425,151737,0.379343
-35.8,-43.8,400000,44684,0.11171,152155,0.380387
-35.8,-43.6,400000,44919,0.112297,152198,0.380495
-35.8,-43.4,400000,44772,0.11193,151962,0.379905
-35.8,-43.2,400000,44991,0.112477,152309,0.380773
-35.8,-43,400000,44675,0.111687,152095,0.380238
-35.8,-42.8,400000,45120,0.1128,152286,0.380715
-35.8,-42.6,400000,44677,0.111693,151682,0.379205
-35.8,-42.4,400000,44753,0.111882,152394,0.380985
-35.8,-42.2,400000,45411,0.113528,152279,0.380698
-35.8,-42,400000,45221,0.113053,152218,0.380545
-35.8,-41.8,400000,45270,0.113175,152292,0.38073
-35.8,-41.6,400000,45015,0.112537,152188,0.38047
-35.8,-41.4,400000,45117,0.112793,152736,0.38184
-35.8,-41.2,400000,45165,0.112912,152152,0.38038
-35.8,-41,400000,44858,0.112145,151985,0.379962
-35.8,-40.8,400000,44973,0.112433,151817,0.379543
-35.8,-40.6,400000,44479,0.111198,151773,0.379433
-35.8,-40.4,400000,45094,0.112735,152392,0.38098
-35.8,-40.2,400000,45032,0.11258,151915,0.379788
-35.8,-40,400000,45049,0.112623,152250,0.380625
-35.8,-39.8,400000,44993,0.112482,152075,0.380188
-35.8,-39.6,400000,44605,0.111513,152127,0.380317
-35.8,-39.4,400000,44959,0.112397,152124,0.38031
-35.8,-39.2,400000,44739,0.111848,151373,0.378433
-35.8,-39,400000,44675,0.111687,152294,0.380735
-35.8,-38.8,400000,45513,0.113782,152900,0.38225
-35.8,-38.6,400000,44816,0.11204,151910,0.379775
-35.8,-38.4,400000,44827,0.112068,152264,0.38066
-35.8,-38.2,400000,44840,0.1121,152044,0.38011
-35.8,-38,400000,44643,0.111607,152547,0.381368
-35.8,-37.8,400000,44371,0.110927,151966,0.379915
-35.8,-37.6,400000,44351,0.110878,151702,0.379255
-35.8,-37.4,400000,44809,0.112022,151953,0.379883
-35.8,-37.2,400000,44192,0.11048,151579,0.378947
-35.8,-37,400000,44530,0.111325,152193,0.380483
-35.8,-36.8,400000,44576,0.11144,150990,0.377475
-35.8,-36.6,400000,45040,0.1126,151789,0.379472
-35.8,-36.4,400000,44136,0.11034,152204,0.38051
-35.8,-36.2,400000,45006,0.112515,152143,0.380358
-35.8,-36,400000,44926,0.112315,152172,0.38043
-35.8,-35.8,400000,44671,0.111677,152172,0.38043
-35.8,-35.6,400000,44591,0.111477,152186,0.380465
-35.8,-35.4,400000,44794,0.111985,152052,0.38013
-35.8,-35.2,400000,44444,0.11111,151682,0.379205
-35.8,-35,400000,45701,0.114253,152890,0.382225
-35.8,-34.8,400000,44640,0.1116,151633,0.379082
-35.8,-34.6,400000,44288,0.11072,151552,0.37888
-35.8,-34.4,400000,44647,0.111617,151735,0.379337
-35.8,-34.2,400000,44454,0.111135,152579,0.381447
-35.8,-34,400000,45453,0.113632,152616,0.38154
-35.8,-33.8,400000,44847,0.112117,152465,0.381163
-35.8,-33.6,400000,44596,0.11149,151648,0.37912
-35.8,-33.4,400000,44738,0.111845,151820,0.37955
-35.8,-33.2,400000,44690,0.111725,151455,0.378638
-35.8,-33,400000,45385,0.113462,152598,0.381495
-35.8,-32.8,400000,45086,0.112715,152032,0.38008
-35.8,-32.6,400000,45089,0.112723,152613,0.381532
-35.8,-32.4,400000,44378,0.110945,152000,0.38
-35.8,-32.2,400000,44529,0.111323,151726,0.379315
-35.8,-32,400000,44790,0.111975,152321,0.380802
-35.8,-31.8,400000,44727,0.111818,152001,0.380003
-35.8,-31.6,400000,44507,0.111268,152069,0.380173
-35.8,-31.4,400000,44659,0.111647,151564,0.37891
-35.8,-31.2,400000,45107,0.112768,152649,0.381622
-35.8,-31,400000,44841,0.112102,151627,0.379068
-35.8,-30.8,400000,44700,0.11175,152131,0.380327
-35.8,-30.6,400000,45227,0.113068,152624,0.38156
-35.8,-30.4,400000,44684,0.11171,151860,0.37965
-35.8,-30.2,400000,45000,0.1125,151828,0.37957
-35.8,-30,400000,44317,0.110793,151287,0.378217
-35.8,-29.8,400000,45189,0.112973,151852,0.37963
-35.8,-29.6,400000,44871,0.112177,151884,0.37971
-35.8,-29.4,400000,44248,0.11062,151549,0.378873
-35.8,-29.2,400000,44644,0.11161,151812,0.37953
-35.8,-29,400000,44589,0.111473,151413,0.378532
-35.8,-28.8,400000,45100,0.11275,152564,0.38141
-35.8,-28.6,400000,44659,0.111647,152505,0.381263
-35.8,-28.4,400000,44297,0.110742,152250,0.380625
-35.8,-28.2,400000,45003,0.112507,152774,0.381935
-35.8,-28,400000,44849,0.112122,151909,0.379773
-35.8,-27.8,400000,44947,0.112367,152442,0.381105
-35.8,-27.6,400000,44366,0.110915,152132,0.38033
-35.8,-27.4,400000,44477,0.111192,151635,0.379088
-35.8,-27.2,400000,44927,0.112318,152067,0.380167
-35.8,-27,400000,44782,0.111955,152410,0.381025
-35.8,-26.8,400000,45112,0.11278,152238,0.380595
-35.8,-26.6,400000,44752,0.11188,152629,0.381572
-35.8,-26.4,400000,44847,0.112117,152260,0.38065
-35.8,-26.2,400000,44590,0.111475,152078,0.380195
-35.8,-26,400000,45008,0.11252,152546,0.381365
-35.8,-25.8,400000,45048,0.11262,152230,0.380575
-35.8,-25.6,400000,45051,0.112628,152614,0.381535
-35.8,-25.4,400000,44693,0.111732,152063,0.380157
-35.8,-25.2,400000,44484,0.11121,152037,0.380092
-35.8,-25,400000,45355,0.113388,152116,0.38029
-35.8,-24.8,400000,44981,0.112452,152189,0.380472
-35.8,-24.6,400000,44733,0.111833,151426,0.378565
-35.8,-24.4,400000,45145,0.112863,152155,0.380387
-35.8,-24.2,400000,44980,0.11245,152357,0.380893
-35.8,-24,400000,44364,0.11091,151327,0.378317
-35.8,-23.8,400000,44940,0.11235,152380,0.38095
-35.8,-23.6,400000,44843,0.112107,152236,0.38059
-35.8,-23.4,400000,44726,0.111815,151422,0.378555
-35.8,-23.2,400000,45066,0.112665,152446,0.381115
-35.8,-23,400000,44425,0.111062,151640,0.3791
-35.8,-22.8,400000,45209,0.113022,151782,0.379455
-35.8,-22.6,400000,44793,0.111982,152217,0.380543
-35.8,-22.4,400000,44876,0.11219,152288,0.38072
-35.8,-22.2,400000,45331,0.113327,152130,0.380325
-35.8,-22,400000,45057,0.112643,152615,0.381537
-35.8,-21.8,400000,44747,0.111867,151734,0.379335
-35.8,-21.6,400000,45079,0.112698,153013,0.382532
-35.8,-21.4,400000,44848,0.11212,151963,0.379908
-35.8,-21.2,400000,44706,0.111765,152339,0.380848
-35.8,-21,400000,45065,0.112662,151851,0.379628
-35.8,-20.8,400000,45037,0.112592,152371,0.380927
-35.8,-20.6,400000,45051,0.112628,151320,0.3783
-35.8,-20.4,400000,44818,0.112045,152085,0.380213
-35.8,-20.2,400000,45110,0.112775,152653,0.381632
-35.8,-20,400000,44906,0.112265,152024,0.38006
-35.8,-19.8,400000,45038,0.112595,152058,0.380145
-35.8,-19.6,400000,44757,0.111893,152876,0.38219
-35.8,-19.4,400000,44602,0.111505,151270,0.378175
-35.8,-19.2,400000,44957,0.112393,151975,0.379937
-35.8,-19,400000,44667,0.111668,151782,0.379455
-35.8,-18.8,400000,44449,0.111122,152033,0.380082
-35.8,-18.6,400000,44512,0.11128,151959,0.379897
-35.8,-18.4,400000,45158,0.112895,153031,0.382578
-35.8,-18.2,400000,45188,0.11297,153125,0.382812
-35.8,-18,400000,44739,0.111848,152257,0.380642
-35.8,-17.8,400000,45127,0.112818,151719,0.379298
-35.8,-17.6,400000,44829,0.112073,152134,0.380335
-35.8,-17.4,400000,45423,0.113558,152123,0.380308
-35.8,-17.2,400000,44999,0.112498,152032,0.38008
-35.8,-17,400000,44585,0.111463,152345,0.380862
-35.8,-16.8,400000,44671,0.111677,152439,0.381097
-35.8,-16.6,400000,44567,0.111418,152165,0.380412
-35.8,-16.4,400000,44711,0.111778,151791,0.379478
-35.8,-16.2,400000,44818,0.112045,151934,0.379835
-35.8,-16,400000,44661,0.111653,152108,0.38027
-35.8,-15.8,400000,44549,0.111372,152554,0.381385
-35.8,-15.6,400000,44588,0.11147,152194,0.380485
-35.8,-15.4,400000,44825,0.112062,152495,0.381238
-35.8,-15.2,400000,44976,0.11244,152171,0.380427
-35.8,-15,400000,44958,0.112395,151828,0.37957
-35.8,-14.8,400000,44987,0.112467,152409,0.381022
-35.8,-14.6,400000,45126,0.112815,153065,0.382663
-35.8,-14.4,400000,45281,0.113202,151942,0.379855
-35.8,-14.2,400000,44764,0.11191,151838,0.379595
-35.8,-14,400000,44490,0.111225,151973,0.379933
-35.8,-13.8,400000,45176,0.11294,152476,0.38119
-35.8,-13.6,400000,44769,0.111922,151983,0.379958
-35.8,-13.4,400000,44520,0.1113,151788,0.37947
-35.8,-13.2,400000,44967,0.112418,152253,0.380632
-35.8,-13,400000,44652,0.11163,152056,0.38014
-35.8,-12.8,400000,45310,0.113275,152311,0.380777
-35.8,-12.6,400000,44472,0.11118,152014,0.380035
-35.8,-12.4,400000,44759,0.111897,151272,0.37818
-35.8,-12.2,400000,44741,0.111852,152212,0.38053
-35.8,-12,400000,44951,0.112378,152031,0.380078
-35.8,-11.8,400000,44700,0.11175,151947,0.379868
-35.8,-11.6,400000,44823,0.112058,152837,0.382093
-35.8,-11.4,400000,44681,0.111702,151707,0.379267
-35.8,-11.2,400000,45010,0.112525,151856,0.37964
-35.8,-11,400000,44747,0.111867,152045,0.380113
-35.8,-10.8,400000,44879,0.112198,152697,0.381742
-35.8,-10.6,400000,44545,0.111363,151638,0.379095
-35.8,-10.4,400000,44358,0.110895,152214,0.380535
-35.8,-10.2,400000,45333,0.113333,152699,0.381748
-35.8,-10,400000,44856,0.11214,152612,0.38153
-35.8,-9.8,400000,45092,0.11273,152220,0.38055
-35.8,-9.6,400000,45145,0.112863,152513,0.381283
-35.8,-9.4,400000,45097,0.112742,152396,0.38099
-35.8,-9.2,400000,44545,0.111363,152098,0.380245
-35.8,-9,400000,45007,0.112518,152576,0.38144
-35.8,-8.8,400000,44863,0.112157,151935,0.379837
-35.8,-8.6,400000,44733,0.111833,152477,0.381192
-35.8,-8.4,400000,44522,0.111305,152250,0.380625
-35.8,-8.2,400000,44943,0.112357,151944,0.37986
-35.8,-8,400000,43773,0.109433,151114,0.377785
-35.8,-7.8,400000,44713,0.111783,152054,0.380135
-35.8,-7.6,400000,44615,0.111537,151747,0.379368
-35.8,-7.4,400000,44403,0.111007,152079,0.380198
-35.8,-7.2,400000,45552,0.11388,151806,0.379515
-35.8,-7,400000,44558,0.111395,151583,0.378958
-35.8,-6.8,400000,44622,0.111555,152401,0.381003
-35.8,-6.6,400000,44931,0.112327,151818,0.379545
-35.8,-6.4,400000,44687,0.111717,152430,0.381075
-35.8,-6.2,400000,44919,0.112297,152686,0.381715
-35.8,-6,400000,45259,0.113147,152554,0.381385
-35.8,-5.8,400000,44891,0.112227,151926,0.379815
-35.8,-5.6,400000,44801,0.112003,152397,0.380993
-35.8,-5.4,400000,45329,0.113323,152333,0.380833
-35.8,-5.2,400000,44532,0.11133,151958,0.379895
-35.8,-5,400000,44898,0.112245,151760,0.3794
-35.8,-4.8,400000,45104,0.11276,151710,0.379275
-35.8,-4.6,400000,44849,0.112122,151234,0.378085
-35.8,-4.4,400000,44533,0.111333,152127,0.380317
-35.8,-4.2,400000,44372,0.11093,151832,0.37958
-35.8,-4,400000,44666,0.111665,152225,0.380563
-35.8,-3.8,400000,44632,0.11158,152267,0.380667
-35.8,-3.6,400000,44953,0.112382,151851,0.379628
-35.8,-3.4,400000,44893,0.112232,152229,0.380572
-35.8,-3.2,400000,44489,0.111223,151809,0.379522
-35.8,-3,400000,44685,0.111713,152013,0.380032
-35.8,-2.8,400000,44956,0.11239,152351,0.380877
-35.8,-2.6,400000,44637,0.111592,152065,0.380163
-35.8,-2.4,400000,44833,0.112083,152282,0.380705
-35.8,-2.2,400000,44896,0.11224,151849,0.379622
-35.8,-2,400000,44675,0.111687,151538,0.378845
-35.8,-1.8,400000,44873,0.112183,152043,0.380107
-35.8,-1.6,400000,44656,0.11164,151446,0.378615
-35.8,-1.4,400000,45001,0.112503,151883,0.379707
-35.8,-1.2,400000,44843,0.112107,152212,0.38053
-35.8,-1,400000,44853,0.112132,151921,0.379802
-35.8,-0.8,400000,44674,0.111685,151520,0.3788
-35.8,-0.6,400000,44990,0.112475,152734,0.381835
-35.8,-0.4,400000,44743,0.111857,151650,0.379125
-35.8,-0.2,400000,44699,0.111747,151715,0.379287
-35.8,0,400000,45121,0.112802,151756,0.37939
-35.8,0.2,400000,44516,0.11129,152177,0.380443
-35.8,0.4,400000,44752,0.11188,152179,0.380447
-35.8,0.6,400000,44872,0.11218,151267,0.378167
-35.8,0.8,400000,44854,0.112135,151621,0.379053
-35.8,1,400000,45263,0.113157,152854,0.382135
-35.8,1.2,400000,44691,0.111727,151631,0.379078
-35.8,1.4,400000,44924,0.11231,151841,0.379603
-35.8,1.6,400000,44276,0.11069,152138,0.380345
-35.8,1.8,400000,44634,0.111585,151605,0.379012
-35.8,2,400000,44639,0.111598,152341,0.380852
-35.8,2.2,400000,44850,0.112125,151564,0.37891
-35.8,2.4,400000,44690,0.111725,151747,0.379368
-35.8,2.6,400000,44939,0.112348,151694,0.379235
-35.8,2.8,400000,44750,0.111875,152146,0.380365
-35.8,3,400000,44992,0.11248,151986,0.379965
-35.8,3.2,400000,44861,0.112153,152711,0.381777
-35.8,3.4,400000,44203,0.110507,151640,0.3791
-35.8,3.6,400000,45136,0.11284,151980,0.37995
-35.8,3.8,400000,45217,0.113043,152451,0.381128
-35.8,4,400000,44573,0.111433,151048,0.37762
-35.8,4.2,400000,44316,0.11079,151618,0.379045
-35.8,4.4,400000,44578,0.111445,151505,0.378763
-35.8,4.6,400000,44921,0.112302,152513,0.381283
-35.8,4.8,400000,45169,0.112922,151804,0.37951
-35.8,5,400000,44472,0.11118,151610,0.379025
-35.8,5.2,400000,44744,0.11186,151818,0.379545
-35.8,5.4,400000,45568,0.11392,152243,0.380607
-35.8,5.6,400000,45039,0.112598,152881,0.382203
-35.8,5.8,400000,44449,0.111122,151630,0.379075
-35.8,6,400000,44399,0.110997,152255,0.380638
-35.8,6.2,400000,44873,0.112183,151606,0.379015
-35.8,6.4,400000,44962,0.112405,151999,0.379997
-35.8,6.6,400000,44640,0.1116,151702,0.379255
-35.8,6.8,400000,45309,0.113272,153074,0.382685
-35.8,7,400000,45144,0.11286,152075,0.380188
-35.8,7.2,400000,45250,0.113125,152100,0.38025
-35.8,7.4,400000,45030,0.112575,152167,0.380418
-35.8,7.6,400000,44458,0.111145,151949,0.379873
-35.8,7.8,400000,44832,0.11208,151644,0.37911
-35.8,8,400000,44741,0.111852,152052,0.38013
-35.8,8.2,400000,45006,0.112515,151940,0.37985
-35.8,8.4,400000,45035,0.112587,152048,0.38012
-35.8,8.6,400000,44341,0.110853,151321,0.378302
-35.8,8.8,400000,44934,0.112335,151945,0.379862
-35.8,9,400000,44963,0.112407,152814,0.382035
-35.8,9.2,400000,44673,0.111683,152473,0.381182
-35.8,9.4,400000,44931,0.112327,151990,0.379975
-35.8,9.6,400000,44229,0.110573,151988,0.37997
-35.8,9.8,400000,44865,0.112162,151679,0.379198
-35.8,10,400000,44691,0.111727,152096,0.38024
-35.8,10.2,400000,44473,0.111183,151807,0.379518
-35.8,10.4,400000,44649,0.111622,152477,0.381192
-35.8,10.6,400000,45580,0.11395,152313,0.380783
-35.8,10.8,400000,44584,0.11146,151461,0.378653
-35.8,11,400000,45749,0.114373,152595,0.381487
-35.8,11.2,400000,44577,0.111442,152379,0.380947
-35.8,11.4,400000,44706,0.111765,152198,0.380495
-35.8,11.6,400000,45192,0.11298,152057,0.380142
-35.8,11.8,400000,44659,0.111647,152040,0.3801
-35.8,12,400000,44470,0.111175,152072,0.38018
-35.8,12.2,400000,44350,0.110875,151432,0.37858
-35.8,12.4,400000,45320,0.1133,152103,0.380258
-35.8,12.6,400000,45175,0.112937,151925,0.379812
-35.8,12.8,400000,44972,0.11243,151779,0.379447
-35.8,13,400000,44623,0.111558,151926,0.379815
-35.8,13.2,400000,44835,0.112088,151477,0.378692
-35.8,13.4,400000,45109,0.112772,151746,0.379365
-35.8,13.6,400000,44560,0.1114,152377,0.380943
-35.8,13.8,400000,44668,0.11167,151737,0.379343
-35.8,14,400000,44518,0.111295,151647,0.379117
-35.8,14.2,400000,45118,0.112795,151877,0.379692
-35.8,14.4,400000,44459,0.111147,151935,0.379837
-35.8,14.6,400000,44666,0.111665,152226,0.380565
-35.8,14.8,400000,44919,0.112297,152297,0.380742
-35.8,15,400000,45060,0.11265,152640,0.3816
-35.8,15.2,400000,44796,0.11199,151586,0.378965
-35.8,15.4,400000,44931,0.112327,151911,0.379777
-35.8,15.6,400000,44889,0.112223,152401,0.381003
-35.8,15.8,400000,44965,0.112412,152442,0.381105
-35.8,16,400000,45025,0.112562,152391,0.380978
-35.8,16.2,400000,44575,0.111437,152387,0.380968
-35.8,16.4,400000,44733,0.111833,152376,0.38094
-35.8,16.6,400000,45230,0.113075,151929,0.379823
-35.8,16.8,400000,44989,0.112473,152854,0.382135
-35.8,17,400000,44681,0.111702,152175,0.380437
-35.8,17.2,400000,45160,0.1129,152012,0.38003
-35.8,17.4,400000,45093,0.112732,152284,0.38071
-35.8,17.6,400000,45290,0.113225,152674,0.381685
-35.8,17.8,400000,45343,0.113357,152617,0.381543
-35.8,18,400000,45079,0.112698,152220,0.38055
-35.8,18.2,400000,44524,0.11131,152718,0.381795
-35.8,18.4,400000,44999,0.112498,152150,0.380375
-35.8,18.6,400000,44727,0.111818,151495,0.378738
-35.8,18.8,400000,44784,0.11196,151899,0.379748
-35.8,19,400000,44695,0.111738,151957,0.379893
-35.8,19.2,400000,44193,0.110482,151643,0.379107
-35.8,19.4,400000,45246,0.113115,152216,0.38054
-35.8,19.6,400000,44352,0.11088,152072,0.38018
-35.8,19.8,400000,45028,0.11257,151958,0.379895
-35.8,20,400000,44913,0.112282,151797,0.379493
-35.8,20.2,400000,44862,0.112155,151803,0.379507
-35.8,20.4,400000,44769,0.111922,151800,0.3795
-35.8,20.6,400000,44796,0.11199,151421,0.378553
-35.8,20.8,400000,44667,0.111668,151785,0.379462
-35.8,21,400000,45305,0.113263,152211,0.380528
-35.8,21.2,400000,45086,0.112715,152403,0.381007
-35.8,21.4,400000,45471,0.113678,152645,0.381613
-35.8,21.6,400000,44946,0.112365,151953,0.379883
-35.8,21.8,400000,44798,0.111995,151829,0.379572
-35.8,22,400000,45021,0.112552,152564,0.38141
-35.8,22.2,400000,45427,0.113568,151997,0.379993
-35.8,22.4,400000,44607,0.111518,151976,0.37994
-35.8,22.6,400000,44927,0.112318,152175,0.380437
-35.8,22.8,400000,45152,0.11288,152142,0.380355
-35.8,23,400000,44672,0.11168,152237,0.380593
-35.8,23.2,400000,44398,0.110995,151910,0.379775
-35.8,23.4,400000,44637,0.111592,152075,0.380188
-35.8,23.6,400000,45552,0.11388,152514,0.381285
-35.8,23.8,400000,44964,0.11241,152278,0.380695
-35.8,24,400000,45192,0.11298,152318,0.380795
-35.8,24.2,400000,44845,0.112113,151938,0.379845
-35.8,24.4,400000,44777,0.111943,151583,0.378958
-35.8,24.6,400000,44617,0.111543,151760,0.3794
-35.8,24.8,400000,45241,0.113102,152075,0.380188
-35.8,25,400000,45162,0.112905,152711,0.381777
-35.8,25.2,400000,44481,0.111202,151662,0.379155
-35.8,25.4,400000,44979,0.112448,152307,0.380767
-35.8,25.6,400000,45017,0.112543,152598,0.381495
-35.8,25.8,400000,44551,0.111378,152105,0.380263
-35.8,26,400000,44516,0.11129,151507,0.378767
-35.8,26.2,400000,45038,0.112595,152396,0.38099
-35.8,26.4,400000,44730,0.111825,152012,0.38003
-35.8,26.6,400000,44790,0.111975,152098,0.380245
-35.8,26.8,400000,45197,0.112992,152651,0.381628
-35.8,27,400000,44711,0.111778,151985,0.379962
-35.8,27.2,400000,44991,0.112477,152010,0.380025
-35.8,27.4,400000,45166,0.112915,152059,0.380148
-35.8,27.6,400000,44553,0.111382,151827,0.379568
-35.8,27.8,400000,44616,0.11154,151641,0.379103
-35.8,28,400000,44574,0.111435,152023,0.380057
-35.8,28.2,400000,44878,0.112195,152310,0.380775
-35.8,28.4,400000,45058,0.112645,152163,0.380408
-35.8,28.6,400000,44991,0.112477,152315,0.380788
-35.8,28.8,400000,44743,0.111857,151848,0.37962
-35.8,29,400000,44583,0.111458,151874,0.379685
-35.8,29.2,400000,44208,0.11052,151978,0.379945
-35.8,29.4,400000,44416,0.11104,151542,0.378855
-35.8,29.6,400000,44663,0.111658,152038,0.380095
-35.8,29.8,400000,44885,0.112213,152600,0.3815
-35.8,30,400000,45082,0.112705,151966,0.379915
-35.8,30.2,400000,44581,0.111452,151963,0.379908
-35.8,30.4,400000,44572,0.11143,151901,0.379752
-35.8,30.6,400000,45157,0.112893,151999,0.379997
-35.8,30.8,400000,45143,0.112857,152228,0.38057
-35.8,31,400000,44918,0.112295,152487,0.381217
-35.8,31.2,400000,44678,0.111695,151701,0.379252
-35.8,31.4,400000,44533,0.111333,151947,0.379868
-35.8,31.6,400000,45019,0.112547,152196,0.38049
-35.8,31.8,400000,44790,0.111975,152360,0.3809
-35.8,32,400000,44907,0.112268,152626,0.381565
-35.8,32.2,400000,44653,0.111632,152216,0.38054
-35.8,32.4,400000,44425,0.111062,151813,0.379532
-35.8,32.6,400000,44546,0.111365,152520,0.3813
-35.8,32.8,400000,44796,0.11199,151937,0.379843
-35.8,33,400000,44807,0.112018,151399,0.378497
-35.8,33.2,400000,44792,0.11198,151711,0.379277
-35.8,33.4,400000,44685,0.111713,152317,0.380792
-35.8,33.6,400000,45333,0.113333,151972,0.37993
-35.8,33.8,400000,45109,0.112772,152312,0.38078
-35.8,34,400000,44421,0.111052,151781,0.379453
-35.8,34.2,400000,44969,0.112422,151930,0.379825
-35.8,34.4,400000,44672,0.11168,151731,0.379327
-35.8,34.6,400000,45081,0.112702,151868,0.37967
-35.8,34.8,400000,44656,0.11164,152227,0.380568
-35.8,35,400000,45248,0.11312,152172,0.38043
-35.8,35.2,400000,44315,0.110787,151999,0.379997
-35.8,35.4,400000,45563,0.113907,152518,0.381295
-35.8,35.6,400000,44841,0.112102,151791,0.379478
-35.8,35.8,400000,44326,0.110815,151585,0.378962
-35.8,36,400000,45179,0.112948,151998,0.379995
-35.8,36.2,400000,44973,0.112433,151888,0.37972
-35.8,36.4,400000,44809,0.112022,152208,0.38052
-35.8,36.6,400000,44717,0.111793,151967,0.379918
-35.8,36.8,400000,44483,0.111208,152302,0.380755
-35.8,37,400000,44505,0.111263,151993,0.379983
-35.8,37.2,400000,45292,0.11323,152214,0.380535
-35.8,37.4,400000,44961,0.112403,151991,0.379978
-35.8,37.6,400000,44904,0.11226,151934,0.379835
-35.8,37.8,400000,45012,0.11253,151967,0.379918
-35.8,38,400000,44999,0.112498,151449,0.378622
-35.8,38.2,400000,44938,0.112345,152327,0.380817
-35.8,38.4,400000,44665,0.111662,152378,0.380945
-35.8,38.6,400000,45272,0.11318,151716,0.37929
-35.8,38.8,400000,44993,0.112482,152104,0.38026
-35.8,39,400000,45164,0.11291,152392,0.38098
-35.8,39.2,400000,44270,0.110675,151759,0.379397
-35.8,39.4,400000,44272,0.11068,151748,0.37937
-35.8,39.6,400000,45112,0.11278,152192,0.38048
-35.8,39.8,400000,44728,0.11182,151847,0.379617
-35.8,40,400000,45030,0.112575,151708,0.37927
-35.8,40.2,400000,44721,0.111802,151781,0.379453
-35.8,40.4,400000,44765,0.111912,152361,0.380902
-35.8,40.6,400000,45094,0.112735,153106,0.382765
-35.8,40.8,400000,44735,0.111838,152424,0.38106
-35.8,41,400000,45169,0.112922,152893,0.382232
-35.8,41.2,400000,44483,0.111208,151157,0.377893
-35.8,41.4,400000,44886,0.112215,152205,0.380512
-35.8,41.6,400000,44987,0.112467,152028,0.38007
-35.8,41.8,400000,44471,0.111177,151766,0.379415
-35.8,42,400000,44694,0.111735,152106,0.380265
-35.8,42.2,400000,44468,0.11117,151862,0.379655
-35.8,42.4,400000,45186,0.112965,152088,0.38022
-35.8,42.6,400000,44425,0.111062,151800,0.3795
-35.8,42.8,400000,44300,0.11075,151914,0.379785
-35.8,43,400000,45209,0.113022,151595,0.378987
-35.8,43.2,400000,44750,0.111875,152274,0.380685
-35.8,43.4,400000,44808,0.11202,151455,0.378638
-35.8,43.6,400000,44678,0.111695,151833,0.379582
-35.8,43.8,400000,44818,0.112045,152235,0.380588
-35.8,44,400000,45061,0.112653,151860,0.37965
-35.8,44.2,400000,45289,0.113223,152788,0.38197
-35.8,44.4,400000,44780,0.11195,151503,0.378758
-35.8,44.6,400000,44761,0.111903,151913,0.379783
-35.8,44.8,400000,44568,0.11142,151599,0.378997
-35.8,45,400000,44354,0.110885,151735,0.379337
-35.8,45.2,400000,44997,0.112492,152119,0.380298
-35.8,45.4,400000,44380,0.11095,151555,0.378887
-35.8,45.6,400000,44938,0.112345,151681,0.379202
-35.8,45.8,400000,44936,0.11234,152302,0.380755
-35.8,46,400000,44570,0.111425,151883,0.379707
-35.8,46.2,400000,44687,0.111717,151629,0.379072
-35.8,46.4,400000,44761,0.111903,151981,0.379953
-35.8,46.6,400000,44481,0.111202,151835,0.379588
-35.8,46.8,400000,44596,0.11149,152341,0.380852
-35.8,47,400000,44505,0.111263,152091,0.380227
-35.8,47.2,400000,44828,0.11207,152486,0.381215
-35.8,47.4,400000,45300,0.11325,152463,0.381157
-35.8,47.6,400000,44643,0.111607,152229,0.380572
-35.8,47.8,400000,45034,0.112585,152062,0.380155
-35.8,48,400000,44915,0.112287,151827,0.379568
-35.8,48.2,400000,45244,0.11311,151612,0.37903
-35.8,48.4,400000,44823,0.112058,151576,0.37894
-35.8,48.6,400000,44662,0.111655,152515,0.381288
-35.8,48.8,400000,44474,0.111185,151860,0.37965
-35.8,49,400000,45030,0.112575,152236,0.38059
-35.8,49.2,400000,45011,0.112528,151638,0.379095
-35.8,49.4,400000,44963,0.112407,152691,0.381727
-35.8,49.6,400000,45243,0.113107,151946,0.379865
-35.8,49.8,400000,44698,0.111745,152222,0.380555
-35.8,50,400000,44627,0.111568,152068,0.38017
-35.6,-50,400000,45151,0.112878,153076,0.38269
-35.6,-49.8,400000,44659,0.111647,151802,0.379505
-35.6,-49.6,400000,45215,0.113037,152231,0.380578
-35.6,-49.4,400000,44683,0.111708,151935,0.379837
-35.6,-49.2,400000,44721,0.111802,151859,0.379648
-35.6,-49,400000,44714,0.111785,151845,0.379613
-35.6,-48.8,400000,44809,0.112022,151580,0.37895
-35.6,-48.6,400000,44617,0.111543,151835,0.379588
-35.6,-48.4,400000,44636,0.11159,151935,0.379837
-35.6,-48.2,400000,44726,0.111815,151655,0.379138
-35.6,-48,400000,44920,0.1123,151214,0.378035
-35.6,-47.8,400000,44919,0.112297,152081,0.380202
-35.6,-47.6,400000,44441,0.111103,152267,0.380667
-35.6,-47.4,400000,44931,0.112327,152140,0.38035
-35.6,-47.2,400000,44757,0.111893,152016,0.38004
-35.6,-47,400000,45025,0.112562,152452,0.38113
-35.6,-46.8,400000,45078,0.112695,152505,0.381263
-35.6,-46.6,400000,44999,0.112498,152462,0.381155
-35.6,-46.4,400000,44694,0.111735,152057,0.380142
-35.6,-46.2,400000,45072,0.11268,152727,0.381817
-35.6,-46,400000,44862,0.112155,152030,0.380075
-35.6,-45.8,400000,44804,0.11201,151771,0.379427
-35.6,-45.6,400000,45083,0.112708,151726,0.379315
-35.6,-45.4,400000,44718,0.111795,152081,0.380202
-35.6,-45.2,400000,44833,0.112083,152446,0.381115
-35.6,-45,400000,45012,0.11253,152139,0.380348
-35.6,-44.8,400000,44990,0.112475,152643,0.381607
-35.6,-44.6,400000,45017,0.112543,152700,0.38175
-35.6,-44.4,400000,45403,0.113507,152308,0.38077
-35.6,-44.2,400000,44741,0.111852,152481,0.381202
-35.6,-44,400000,44665,0.111662,152036,0.38009
-35.6,-43.8,400000,44795,0.111988,152371,0.380927
-35.6,-43.6,400000,44919,0.112297,151151,0.377877
-35.6,-43.4,400000,45005,0.112513,151961,0.379902
-35.6,-43.2,400000,44432,0.11108,151147,0.377868
-35.6,-43,400000,44814,0.112035,152033,0.380082
-35.6,-42.8,400000,44742,0.111855,151579,0.378947
-35.6,-42.6,400000,44854,0.112135,151881,0.379702
-35.6,-42.4,400000,44779,0.111948,151650,0.379125
-35.6,-42.2,400000,44618,0.111545,152248,0.38062
-35.6,-42,400000,44696,0.11174,151628,0.37907
-35.6,-41.8,400000,45339,0.113348,152684,0.38171
-35.6,-41.6,400000,44714,0.111785,151747,0.379368
-35.6,-41.4,400000,44347,0.110867,151616,0.37904
-35.6,-41.2,400000,45276,0.11319,152353,0.380883
-35.6,-41,400000,44701,0.111753,152333,0.380833
-35.6,-40.8,400000,44623,0.111558,151773,0.379433
-35.6,-40.6,400000,44895,0.112238,152249,0.380622
-35.6,-40.4,400000,45000,0.1125,152028,0.38007
-35.6,-40.2,400000,45033,0.112583,152137,0.380342
-35.6,-40,400000,44522,0.111305,151687,0.379217
-35.6,-39.8,400000,44485,0.111213,151869,0.379673
-35.6,-39.6,400000,44607,0.111518,152055,0.380138
-35.6,-39.4,400000,44715,0.111787,152078,0.380195
-35.6,-39.2,400000,44885,0.112213,152155,0.380387
-35.6,-39,400000,44847,0.112117,151666,0.379165
-35.6,-38.8,400000,45038,0.112595,151762,0.379405
-35.6,-38.6,400000,44771,0.111927,151937,0.379843
-35.6,-38.4,400000,45048,0.11262,152058,0.380145
-35.6,-38.2,400000,45060,0.11265,152694,0.381735
-35.6,-38,400000,45119,0.112797,152326,0.380815
-35.6,-37.8,400000,44738,0.111845,151608,0.37902
-35.6,-37.6,400000,44548,0.11137,152067,0.380167
-35.6,-37.4,400000,45142,0.112855,152335,0.380837
-35.6,-37.2,400000,44770,0.111925,152012,0.38003
-35.6,-37,400000,44381,0.110952,151830,0.379575
-35.6,-36.8,400000,44632,0.11158,152309,0.380773
-35.6,-36.6,400000,44774,0.111935,152032,0.38008
-35.6,-36.4,400000,44965,0.112412,152487,0.381217
-35.6,-36.2,400000,45181,0.112952,152050,0.380125
-35.6,-36,400000,45107,0.112768,152650,0.381625
-35.6,-35.8,400000,45313,0.113282,151947,0.379868
-35.6,-35.6,400000,44578,0.111445,151624,0.37906
-35.6,-35.4,400000,45174,0.112935,153039,0.382597
-35.6,-35.2,400000,44712,0.11178,151855,0.379638
-35.6,-35,400000,44328,0.11082,151900,0.37975
-35.6,-34.8,400000,44749,0.111872,152112,0.38028
-35.6,-34.6,400000,44555,0.111388,151910,0.379775
-35.6,-34.4,400000,44688,0.11172,151907,0.379767
-35.6,-34.2,400000,44873,0.112183,151429,0.378572
-35.6,-34,400000,44961,0.112403,152496,0.38124
-35.6,-33.8,400000,44551,0.111378,151976,0.37994
-35.6,-33.6,400000,44853,0.112132,151958,0.379895
-35.6,-33.4,400000,44711,0.111778,152192,0.38048
-35.6,-33.2,400000,44772,0.11193,152134,0.380335
-35.6,-33,400000,44394,0.110985,152395,0.380987
-35.6,-32.8,400000,44697,0.111742,151608,0.37902
-35.6,-32.6,400000,44549,0.111372,152020,0.38005
-35.6,-32.4,400000,45256,0.11314,152612,0.38153
-35.6,-32.2,400000,45349,0.113373,151783,0.379458
-35.6,-32,400000,44754,0.111885,152085,0.380213
-35.6,-31.8,400000,44968,0.11242,152244,0.38061
-35.6,-31.6,400000,44214,0.110535,151860,0.37965
-35.6,-31.4,400000,45116,0.11279,152212,0.38053
-35.6,-31.2,400000,44816,0.11204,152455,0.381138
-35.6,-31,400000,44603,0.111507,151995,0.379987
-35.6,-30.8,400000,45376,0.11344,152107,0.380267
-35.6,-30.6,400000,44979,0.112448,152672,0.38168
-35.6,-30.4,400000,45246,0.113115,152110,0.380275
-35.6,-30.2,400000,44599,0.111497,151290,0.378225
-35.6,-30,400000,44391,0.110978,151612,0.37903
-35.6,-29.8,400000,44600,0.1115,152028,0.38007
-35.6,-29.6,400000,44964,0.11241,152268,0.38067
-35.6,-29.4,400000,44775,0.111937,152081,0.380202
-35.6,-29.2,400000,45087,0.112717,152447,0.381117
-35.6,-29,400000,44629,0.111573,151753,0.379383
-35.6,-28.8,400000,44975,0.112437,152536,0.38134
-35.6,-28.6,400000,45001,0.112503,151818,0.379545
-35.6,-28.4,400000,44571,0.111427,151922,0.379805
-35.6,-28.2,400000,44661,0.111653,152136,0.38034
-35.6,-28,400000,44979,0.112448,152201,0.380503
-35.6,-27.8,400000,44453,0.111132,152214,0.380535
-35.6,-27.6,400000,44777,0.111943,152092,0.38023
-35.6,-27.4,400000,44517,0.111293,151584,0.37896
-35.6,-27.2,400000,44337,0.110842,151792,0.37948
-35.6,-27,400000,44654,0.111635,151385,0.378462
-35.6,-26.8,400000,45316,0.11329,152485,0.381213
-35.6,-26.6,400000,45042,0.112605,152158,0.380395
-35.6,-26.4,400000,44795,0.111988,152236,0.38059
-35.6,-26.2,400000,44793,0.111982,151745,0.379362
-35.6,-26,400000,44936,0.11234,151931,0.379827
-35.6,-25.8,400000,44844,0.11211,152308,0.38077
-35.6,-25.6,400000,45404,0.11351,152386,0.380965
-35.6,-25.4,400000,44960,0.1124,151491,0.378727
-35.6,-25.2,400000,45267,0.113168,152456,0.38114
-35.6,-25,400000,44512,0.11128,151707,0.379267
-35.6,-24.8,400000,44798,0.111995,151580,0.37895
-35.6,-24.6,400000,44813,0.112032,151661,0.379153
-35.6,-24.4,400000,44470,0.111175,151541,0.378852
-35.6,-24.2,400000,44688,0.11172,152620,0.38155
-35.6,-24,400000,44897,0.112242,152742,0.381855
-35.6,-23.8,400000,44985,0.112463,151668,0.37917
-35.6,-23.6,400000,45284,0.11321,152258,0.380645
-35.6,-23.4,400000,44342,0.110855,151733,0.379333
-35.6,-23.2,400000,44580,0.11145,151734,0.379335
-35.6,-23,400000,45061,0.112653,151740,0.37935
-35.6,-22.8,400000,44826,0.112065,152511,0.381277
-35.6,-22.6,400000,44569,0.111422,151980,0.37995
-35.6,-22.4,400000,44841,0.112102,152558,0.381395
-35.6,-22.2,400000,44742,0.111855,152105,0.380263
-35.6,-22,400000,44695,0.111738,151858,0.379645
-35.6,-21.8,400000,44883,0.112208,152482,0.381205
-35.6,-21.6,400000,44584,0.11146,151624,0.37906
-35.6,-21.4,400000,45404,0.11351,152877,0.382192
-35.6,-21.2,400000,44887,0.112217,152715,0.381788
-35.6,-21,400000,44779,0.111948,152217,0.380543
-35.6,-20.8,400000,44879,0.112198,152612,0.38153
-35.6,-20.6,400000,44500,0.11125,151964,0.37991
-35.6,-20.4,400000,44768,0.11192,152061,0.380153
-35.6,-20.2,400000,44740,0.11185,152728,0.38182
-35.6,-20,400000,44483,0.111208,152096,0.38024
-35.6,-19.8,400000,45022,0.112555,151821,0.379553
-35.6,-19.6,400000,44528,0.11132,152175,0.380437
-35.6,-19.4,400000,44738,0.111845,151892,0.37973
-35.6,-19.2,400000,44156,0.11039,151116,0.37779
-35.6,-19,400000,45210,0.113025,152320,0.3808
-35.6,-18.8,400000,44725,0.111812,151395,0.378487
-35.6,-18.6,400000,44853,0.112132,151703,0.379258
-35.6,-18.4,400000,45020,0.11255,151791,0.379478
-35.6,-18.2,400000,44925,0.112312,152544,0.38136
-35.6,-18,400000,44576,0.11144,151432,0.37858
-35.6,-17.8,400000,44937,0.112342,152087,0.380217
-35.6,-17.6,400000,44692,0.11173,152222,0.380555
-35.6,-17.4,400000,45021,0.112552,152767,0.381918
-35.6,-17.2,400000,44969,0.112422,151795,0.379487
-35.6,-17,400000,45073,0.112683,152184,0.38046
-35.6,-16.8,400000,44600,0.1115,151936,0.37984
-35.6,-16.6,400000,44385,0.110963,151902,0.379755
-35.6,-16.4,400000,45157,0.112893,152439,0.381097
-35.6,-16.2,400000,44708,0.11177,152250,0.380625
-35.6,-16,400000,44941,0.112352,151629,0.379072
-35.6,-15.8,400000,44746,0.111865,152104,0.38026
-35.6,-15.6,400000,44894,0.112235,152240,0.3806
-35.6,-15.4,400000,44560,0.1114,151403,0.378507
-35.6,-15.2,400000,44725,0.111812,151774,0.379435
-35.6,-15,400000,44674,0.111685,152170,0.380425
-35.6,-14.8,400000,44989,0.112473,151558,0.378895
-35.6,-14.6,400000,44663,0.111658,152039,0.380097
-35.6,-14.4,400000,44741,0.111852,152093,0.380232
-35.6,-14.2,400000,44994,0.112485,152618,0.381545
-35.6,-14,400000,45123,0.112808,152095,0.380238
-35.6,-13.8,400000,44812,0.11203,151587,0.378968
-35.6,-13.6,400000,44432,0.11108,152174,0.380435
-35.6,-13.4,400000,44713,0.111783,152117,0.380292
-35.6,-13.2,400000,45086,0.112715,152108,0.38027
-35.6,-13,400000,45053,0.112632,152723,0.381808
-35.6,-12.8,400000,44735,0.111838,151989,0.379972
-35.6,-12.6,400000,44680,0.1117,152135,0.380337
-35.6,-12.4,400000,45236,0.11309,152534,0.381335
-35.6,-12.2,400000,45121,0.112802,151803,0.379507
-35.6,-12,400000,44584,0.11146,152024,0.38006
-35.6,-11.8,400000,44547,0.111367,152237,0.380593
-35.6,-11.6,400000,44500,0.11125,152027,0.380068
-35.6,-11.4,400000,45031,0.112577,153005,0.382512
-35.6,-11.2,400000,45052,0.11263,152459,0.381147
-35.6,-11,400000,44958,0.112395,151775,0.379437
-35.6,-10.8,400000,45354,0.113385,153220,0.38305
-35.6,-10.6,400000,44842,0.112105,151494,0.378735
-35.6,-10.4,400000,44736,0.11184,151855,0.379638
-35.6,-10.2,400000,44602,0.111505,151733,0.379333
-35.6,-10,400000,44811,0.112028,152021,0.380053
-35.6,-9.8,400000,44381,0.110952,152097,0.380242
-35.6,-9.6,400000,44630,0.111575,151688,0.37922
-35.6,-9.4,400000,44639,0.111598,152123,0.380308
-35.6,-9.2,400000,45010,0.112525,152277,0.380692
-35.6,-9,400000,44496,0.11124,151799,0.379497
-35.6,-8.8,400000,45318,0.113295,152579,0.381447
-35.6,-8.6,400000,44906,0.112265,151376,0.37844
-35.6,-8.4,400000,45113,0.112782,151855,0.379638
-35.6,-8.2,400000,45016,0.11254,152069,0.380173
-35.6,-8,400000,45218,0.113045,151777,0.379443
-35.6,-7.8,400000,44421,0.111052,151881,0.379702
-35.6,-7.6,400000,44982,0.112455,151902,0.379755
-35.6,-7.4,400000,44989,0.112473,152570,0.381425
-35.6,-7.2,400000,45009,0.112522,152623,0.381557
-35.6,-7,400000,44673,0.111683,151819,0.379547
-35.6,-6.8,400000,45075,0.112687,152308,0.38077
-35.6,-6.6,400000,44840,0.1121,151895,0.379738
-35.6,-6.4,400000,44849,0.112122,152457,0.381142
-35.6,-6.2,400000,45014,0.112535,151512,0.37878
-35.6,-6,400000,45188,0.11297,152050,0.380125
-35.6,-5.8,400000,44645,0.111613,151885,0.379713
-35.6,-5.6,400000,44242,0.110605,152044,0.38011
-35.6,-5.4,400000,44895,0.112238,152531,0.381327
-35.6,-5.2,400000,44780,0.11195,152770,0.381925
-35.6,-5,400000,45062,0.112655,152030,0.380075
-35.6,-4.8,400000,44718,0.111795,151834,0.379585
-35.6,-4.6,400000,45350,0.113375,151989,0.379972
-35.6,-4.4,400000,44698,0.111745,151488,0.37872
-35.6,-4.2,400000,45012,0.11253,152075,0.380188
-35.6,-4,400000,45342,0.113355,152737,0.381842
-35.6,-3.8,400000,44851,0.112128,151702,0.379255
-35.6,-3.6,400000,44543,0.111357,151905,0.379763
-35.6,-3.4,400000,44894,0.112235,152382,0.380955
-35.6,-3.2,400000,44705,0.111763,151478,0.378695
-35.6,-3,400000,44766,0.111915,152065,0.380163
-35.6,-2.8,400000,44755,0.111888,151985,0.379962
-35.6,-2.6,400000,44892,0.11223,151664,0.37916
-35.6,-2.4,400000,44599,0.111497,152767,0.381918
-35.6,-2.2,400000,44681,0.111702,152338,0.380845
-35.6,-2,400000,44751,0.111878,152098,0.380245
-35.6,-1.8,400000,45022,0.112555,151986,0.379965
-35.6,-1.6,400000,45594,0.113985,152674,0.381685
-35.6,-1.4,400000,44720,0.1118,151086,0.377715
-35.6,-1.2,400000,45027,0.112568,151830,0.379575
-35.6,-1,400000,44530,0.111325,152479,0.381198
-35.6,-0.8,400000,44348,0.11087,151170,0.377925
-35.6,-0.6,400000,44190,0.110475,151811,0.379528
-35.6,-0.4,400000,45221,0.113053,151940,0.37985
-35.6,-0.2,400000,45159,0.112897,152589,0.381472
-35.6,0,400000,45020,0.11255,152443,0.381107
-35.6,0.2,400000,44345,0.110863,151837,0.379592
-35.6,0.4,400000,44763,0.111907,152023,0.380057
-35.6,0.6,400000,44911,0.112278,151933,0.379833
-35.6,0.8,400000,44976,0.11244,151610,0.379025
-35.6,1,400000,44971,0.112427,152295,0.380738
-35.6,1.2,400000,44789,0.111973,151791,0.379478
-35.6,1.4,400000,44786,0.111965,152372,0.38093
-35.6,1.6,400000,44862,0.112155,151675,0.379188
-35.6,1.8,400000,44384,0.11096,151759,0.379397
-35.6,2,400000,44694,0.111735,151755,0.379387
-35.6,2.2,400000,44229,0.110573,151611,0.379028
-35.6,2.4,400000,44927,0.112318,151926,0.379815
-35.6,2.6,400000,44587,0.111467,151685,0.379213
-35.6,2.8,400000,45025,0.112562,152418,0.381045
-35.6,3,400000,44931,0.112327,152662,0.381655
-35.6,3.2,400000,45080,0.1127,152866,0.382165
-35.6,3.4,400000,44508,0.11127,151616,0.37904
-35.6,3.6,400000,44741,0.111852,152254,0.380635
-35.6,3.8,400000,44735,0.111838,152187,0.380468
-35.6,4,400000,45230,0.113075,152256,0.38064
-35.6,4.2,400000,44933,0.112333,152050,0.380125
-35.6,4.4,400000,44578,0.111445,151972,0.37993
-35.6,4.6,400000,44748,0.11187,151725,0.379312
-35.6,4.8,400000,45079,0.112698,151917,0.379792
-35.6,5,400000,44616,0.11154,151746,0.379365
-35.6,5.2,400000,44452,0.11113,152062,0.380155
-35.6,5.4,400000,44855,0.112138,152615,0.381537
-35.6,5.6,400000,44850,0.112125,152144,0.38036
-35.6,5.8,400000,44870,0.112175,152574,0.381435
-35.6,6,400000,44549,0.111372,151806,0.379515
-35.6,6.2,400000,44905,0.112263,152403,0.381007
-35.6,6.4,400000,44899,0.112248,151813,0.379532
-35.6,6.6,400000,44913,0.112282,151989,0.379972
-35.6,6.8,400000,45138,0.112845,152301,0.380752
-35.6,7,400000,44515,0.111287,152405,0.381012
-35.6,7.2,400000,45166,0.112915,152082,0.380205
-35.6,7.4,400000,45356,0.11339,152722,0.381805
-35.6,7.6,400000,44747,0.111867,152087,0.380217
-35.6,7.8,400000,43652,0.10913,151795,0.379487
-35.6,8,400000,44787,0.111967,152077,0.380192
-35.6,8.2,400000,45207,0.113018,152164,0.38041
-35.6,8.4,400000,45201,0.113003,151977,0.379943
-35.6,8.6,400000,45254,0.113135,151719,0.379298
-35.6,8.8,400000,45035,0.112587,151872,0.37968
-35.6,9,400000,44824,0.11206,152483,0.381207
-35.6,9.2,400000,45212,0.11303,152925,0.382312
-35.6,9.4,400000,44816,0.11204,151805,0.379512
-35.6,9.6,400000,45020,0.11255,152000,0.38
-35.6,9.8,400000,44757,0.111893,151637,0.379092
-35.6,10,400000,44486,0.111215,152186,0.380465
-35.6,10.2,400000,45006,0.112515,152491,0.381227
-35.6,10.4,400000,44724,0.11181,152373,0.380933
-35.6,10.6,400000,45266,0.113165,152470,0.381175
-35.6,10.8,400000,44484,0.11121,152096,0.38024
-35.6,11,400000,44455,0.111138,151686,0.379215
-35.6,11.2,400000,44720,0.1118,152234,0.380585
-35.6,11.4,400000,45301,0.113253,152097,0.380242
-35.6,11.6,400000,44748,0.11187,151897,0.379742
-35.6,11.8,400000,44979,0.112448,151511,0.378777
-35.6,12,400000,45151,0.112878,152201,0.380503
-35.6,12.2,400000,44481,0.111202,151759,0.379397
-35.6,12.4,400000,43934,0.109835,151623,0.379057
-35.6,12.6,400000,44967,0.112418,152638,0.381595
-35.6,12.8,400000,44546,0.111365,151516,0.37879
-35.6,13,400000,44912,0.11228,151453,0.378632
-35.6,13.2,400000,45015,0.112537,152053,0.380132
-35.6,13.4,400000,44790,0.111975,151767,0.379418
-35.6,13.6,400000,45041,0.112602,152238,0.380595
-35.6,13.8,400000,45152,0.11288,151963,0.379908
-35.6,14,400000,44752,0.11188,152484,0.38121
-35.6,14.2,400000,45464,0.11366,152327,0.380817
-35.6,14.4,400000,44952,0.11238,152048,0.38012
-35.6,14.6,400000,45408,0.11352,152378,0.380945
-35.6,14.8,400000,44744,0.11186,151812,0.37953
-35.6,15,400000,45643,0.114108,152955,0.382387
-35.6,15.2,400000,44832,0.11208,152422,0.381055
-35.6,15.4,400000,44805,0.112013,151988,0.37997
-35.6,15.6,400000,45008,0.11252,151858,0.379645
-35.6,15.8,400000,44494,0.111235,151409,0.378522
-35.6,16,400000,44858,0.112145,152378,0.380945
-35.6,16.2,400000,44584,0.11146,152141,0.380352
-35.6,16.4,400000,45034,0.112585,152206,0.380515
-35.6,16.6,400000,45233,0.113083,151948,0.37987
-35.6,16.8,400000,44718,0.111795,152049,0.380122
-35.6,17,400000,44967,0.112418,152065,0.380163
-35.6,17.2,400000,45433,0.113583,152755,0.381887
-35.6,17.4,400000,44405,0.111013,151172,0.37793
-35.6,17.6,400000,44790,0.111975,152776,0.38194
-35.6,17.8,400000,44756,0.11189,152244,0.38061
-35.6,18,400000,45100,0.11275,152147,0.380368
-35.6,18.2,400000,44046,0.110115,151221,0.378053
-35.6,18.4,400000,44504,0.11126,152185,0.380462
-35.6,18.6,400000,45066,0.112665,152719,0.381798
-35.6,18.8,400000,44596,0.11149,152511,0.381277
-35.6,19,400000,45069,0.112672,151892,0.37973
-35.6,19.2,400000,44844,0.11211,153127,0.382817
-35.6,19.4,400000,44587,0.111467,151713,0.379283
-35.6,19.6,400000,44264,0.11066,152004,0.38001
-35.6,19.8,400000,44957,0.112393,152338,0.380845
-35.6,20,400000,44991,0.112477,151819,0.379547
-35.6,20.2,400000,44684,0.11171,152094,0.380235
-35.6,20.4,400000,44824,0.11206,151856,0.37964
-35.6,20.6,400000,44597,0.111492,152010,0.380025
-35.6,20.8,400000,45168,0.11292,152352,0.38088
-35.6,21,400000,44256,0.11064,151729,0.379323
-35.6,21.2,400000,44940,0.11235,152714,0.381785
-35.6,21.4,400000,44501,0.111253,152208,0.38052
-35.6,21.6,400000,44857,0.112143,152463,0.381157
-35.6,21.8,400000,43801,0.109503,151635,0.379088
-35.6,22,400000,44825,0.112062,151788,0.37947
-35.6,22.2,400000,44947,0.112367,151791,0.379478
-35.6,22.4,400000,44157,0.110393,152017,0.380043
-35.6,22.6,400000,44643,0.111607,152272,0.38068
-35.6,22.8,400000,44696,0.11174,151763,0.379408
-35.6,23,400000,44660,0.11165,151674,0.379185
-35.6,23.2,400000,44971,0.112427,152639,0.381597
-35.6,23.4,400000,45163,0.112907,152313,0.380783
-35.6,23.6,400000,45076,0.11269,152290,0.380725
-35.6,23.8,400000,45008,0.11252,151928,0.37982
-35.6,24,400000,44999,0.112498,152034,0.380085
-35.6,24.2,400000,45505,0.113763,152568,0.38142
-35.6,24.4,400000,44672,0.11168,152187,0.380468
-35.6,24.6,400000,44344,0.11086,151690,0.379225
-35.6,24.8,400000,44778,0.111945,152130,0.380325
-35.6,25,400000,45050,0.112625,152496,0.38124
-35.6,25.2,400000,45329,0.113323,152692,0.38173
-35.6,25.4,400000,44624,0.11156,151662,0.379155
-35.6,25.6,400000,44689,0.111723,151839,0.379597
-35.6,25.8,400000,45198,0.112995,152520,0.3813
-35.6,26,400000,45578,0.113945,151937,0.379843
-35.6,26.2,400000,43992,0.10998,151722,0.379305
-35.6,26.4,400000,44195,0.110488,151418,0.378545
-35.6,26.6,400000,45466,0.113665,152032,0.38008
-35.6,26.8,400000,44844,0.11211,152396,0.38099
-35.6,27,400000,44844,0.11211,152086,0.380215
-35.6,27.2,400000,44630,0.111575,152133,0.380333
-35.6,27.4,400000,44830,0.112075,151684,0.37921
-35.6,27.6,400000,44922,0.112305,151482,0.378705
-35.6,27.8,400000,44334,0.110835,152006,0.380015
-35.6,28,400000,44837,0.112092,152893,0.382232
-35.6,28.2,400000,45151,0.112878,152421,0.381053
-35.6,28.4,400000,44646,0.111615,151945,0.379862
-35.6,28.6,400000,45171,0.112928,152513,0.381283
-35.6,28.8,400000,44909,0.112272,152526,0.381315
-35.6,29,400000,45237,0.113092,152381,0.380953
-35.6,29.2,400000,45304,0.11326,152862,0.382155
-35.6,29.4,400000,44928,0.11232,152530,0.381325
-35.6,29.6,400000,44992,0.11248,152487,0.381217
-35.6,29.8,400000,44561,0.111403,151893,0.379732
-35.6,30,400000,45337,0.113342,152174,0.380435
-35.6,30.2,400000,44802,0.112005,151879,0.379698
-35.6,30.4,400000,45299,0.113248,152469,0.381173
-35.6,30.6,400000,45082,0.112705,151859,0.379648
-35.6,30.8,400000,44743,0.111857,151642,0.379105
-35.6,31,400000,45036,0.11259,152664,0.38166
-35.6,31.2,400000,45028,0.11257,152039,0.380097
-35.6,31.4,400000,45298,0.113245,151667,0.379167
-35.6,31.6,400000,44875,0.112187,152617,0.381543
-35.6,31.8,400000,45286,0.113215,152974,0.382435
-35.6,32,400000,45152,0.11288,151635,0.379088
-35.6,32.2,400000,44910,0.112275,152471,0.381178
-35.6,32.4,400000,44944,0.11236,152287,0.380717
-35.6,32.6,400000,44847,0.112117,152205,0.380512
-35.6,32.8,400000,44431,0.111077,151742,0.379355
-35.6,33,400000,44962,0.112405,152355,0.380887
-35.6,33.2,400000,45030,0.112575,151955,0.379887
-35.6,33.4,400000,44743,0.111857,152101,0.380252
-35.6,33.6,400000,44925,0.112312,151873,0.379682
-35.6,33.8,400000,44790,0.111975,152228,0.38057
-35.6,34,400000,45302,0.113255,152478,0.381195
-35.6,34.2,400000,45160,0.1129,152267,0.380667
-35.6,34.4,400000,45225,0.113062,151869,0.379673
-35.6,34.6,400000,44871,0.112177,152487,0.381217
-35.6,34.8,400000,45031,0.112577,151773,0.379433
-35.6,35,400000,44661,0.111653,152353,0.380883
-35.6,35.2,400000,45271,0.113178,152017,0.380043
-35.6,35.4,400000,44895,0.112238,152299,0.380748
-35.6,35.6,400000,44382,0.110955,152139,0.380348
-35.6,35.8,400000,44826,0.112065,151869,0.379673
-35.6,36,400000,45092,0.11273,152423,0.381057
-35.6,36.2,400000,44965,0.112412,152538,0.381345
-35.6,36.4,400000,45133,0.112833,152154,0.380385
-35.6,36.6,400000,44364,0.11091,151847,0.379617
-35.6,36.8,400000,44847,0.112117,152308,0.38077
-35.6,37,400000,44362,0.110905,151765,0.379412
-35.6,37.2,400000,44704,0.11176,151580,0.37895
-35.6,37.4,400000,44723,0.111808,152210,0.380525
-35.6,37.6,400000,44607,0.111518,151978,0.379945
-35.6,37.8,400000,44945,0.112363,151916,0.37979
-35.6,38,400000,44499,0.111247,152154,0.380385
-35.6,38.2,400000,44386,0.110965,151853,0.379632
-35.6,38.4,400000,44919,0.112297,152260,0.38065
-35.6,38.6,400000,44914,0.112285,152504,0.38126
-35.6,38.8,400000,45440,0.1136,152493,0.381232
-35.6,39,400000,44662,0.111655,152305,0.380763
-35.6,39.2,400000,45229,0.113073,152326,0.380815
-35.6,39.4,400000,44484,0.11121,151653,0.379132
-35.6,39.6,400000,44806,0.112015,152351,0.380877
-35.6,39.8,400000,44652,0.11163,151598,0.378995
-35.6,40,400000,45074,0.112685,152125,0.380312
-35.6,40.2,400000,44909,0.112272,151829,0.379572
-35.6,40.4,400000,44716,0.11179,151959,0.379897
-35.6,40.6,400000,44924,0.11231,151494,0.378735
-35.6,40.8,400000,45046,0.112615,152129,0.380323
-35.6,41,400000,44502,0.111255,152659,0.381647
-35.6,41.2,400000,44859,0.112147,152554,0.381385
-35.6,41.4,400000,44797,0.111992,151681,0.379202
-35.6,41.6,400000,44784,0.11196,152483,0.381207
-35.6,41.8,400000,44819,0.112047,152177,0.380443
-35.6,42,400000,44801,0.112003,152083,0.380207
-35.6,42.2,400000,44604,0.11151,151752,0.37938
-35.6,42.4,400000,45322,0.113305,152162,0.380405
-35.6,42.6,400000,44851,0.112128,151583,0.378958
-35.6,42.8,400000,45505,0.113763,151848,0.37962
-35.6,43,400000,45244,0.11311,152422,0.381055
-35.6,43.2,400000,44825,0.112062,152440,0.3811
-35.6,43.4,400000,45166,0.112915,152127,0.380317
-35.6,43.6,400000,44524,0.11131,152000,0.38
-35.6,43.8,400000,44539,0.111348,152102,0.380255
-35.6,44,400000,45020,0.11255,151709,0.379273
-35.6,44.2,400000,44890,0.112225,152222,0.380555
-35.6,44.4,400000,44683,0.111708,152272,0.38068
-35.6,44.6,400000,45149,0.112873,152376,0.38094
-35.6,44.8,400000,44656,0.11164,151979,0.379947
-35.6,45,400000,45319,0.113297,152169,0.380422
-35.6,45.2,400000,44639,0.111598,151846,0.379615
-35.6,45.4,400000,44858,0.112145,151914,0.379785
-35.6,45.6,400000,44687,0.111717,152071,0.380178
-35.6,45.8,400000,44960,0.1124,152360,0.3809
-35.6,46,400000,45107,0.112768,151804,0.37951
-35.6,46.2,400000,44741,0.111852,152687,0.381717
-35.6,46.4,400000,45036,0.11259,152287,0.380717
-35.6,46.6,400000,45032,0.11258,152803,0.382007
-35.6,46.8,400000,44499,0.111247,151804,0.37951
-35.6,47,400000,45299,0.113248,152479,0.381198
-35.6,47.2,400000,45095,0.112738,151949,0.379873
-35.6,47.4,400000,44935,0.112338,152183,0.380458
-35.6,47.6,400000,44457,0.111143,152261,0.380653
-35.6,47.8,400000,44452,0.11113,151376,0.37844
-35.6,48,400000,44841,0.112102,152024,0.38006
-35.6,48.2,400000,44354,0.110885,151333,0.378333
-35.6,48.4,400000,44692,0.11173,152063,0.380157
-35.6,48.6,400000,44662,0.111655,152011,0.380028
-35.6,48.8,400000,44798,0.111995,151968,0.37992
-35.6,49,400000,44709,0.111772,151867,0.379667
-35.6,49.2,400000,44632,0.11158,151612,0.37903
-35.6,49.4,400000,45136,0.11284,151780,0.37945
-35.6,49.6,400000,45143,0.112857,152476,0.38119
-35.6,49.8,400000,45108,0.11277,152687,0.381717
-35.6,50,400000,45377,0.113443,152224,0.38056
-35.4,-50,400000,44757,0.111893,151797,0.379493
-35.4,-49.8,400000,44727,0.111818,151942,0.379855
-35.4,-49.6,400000,45043,0.112607,152200,0.3805
-35.4,-49.4,400000,45440,0.1136,152077,0.380192
-35.4,-49.2,400000,44487,0.111217,152381,0.380953
-35.4,-49,400000,44692,0.11173,152202,0.380505
-35.4,-48.8,400000,44528,0.11132,151318,0.378295
-35.4,-48.6,400000,44705,0.111763,151510,0.378775
-35.4,-48.4,400000,44743,0.111857,152339,0.380848
-35.4,-48.2,400000,44778,0.111945,152444,0.38111
-35.4,-48,400000,44311,0.110778,152411,0.381028
-35.4,-47.8,400000,44411,0.111028,151781,0.379453
-35.4,-47.6,400000,44819,0.112047,151813,0.379532
-35.4,-47.4,400000,44660,0.11165,151530,0.378825
-35.4,-47.2,400000,44879,0.112198,151871,0.379678
-35.4,-47,400000,44829,0.112073,152100,0.38025
-35.4,-46.8,400000,44761,0.111903,151497,0.378742
-35.4,-46.6,400000,45327,0.113318,152656,0.38164
-35.4,-46.4,400000,44863,0.112157,152311,0.380777
-35.4,-46.2,400000,44740,0.11185,152009,0.380022
-35.4,-46,400000,44961,0.112403,152295,0.380738
-35.4,-45.8,400000,45274,0.113185,152626,0.381565
-35.4,-45.6,400000,44986,0.112465,152239,0.380597
-35.4,-45.4,400000,44797,0.111992,151787,0.379468
-35.4,-45.2,400000,44396,0.11099,151780,0.37945
-35.4,-45,400000,44706,0.111765,152170,0.380425
-35.4,-44.8,400000,44597,0.111492,152127,0.380317
-35.4,-44.6,400000,44611,0.111528,151935,0.379837
-35.4,-44.4,400000,44781,0.111952,151685,0.379213
-35.4,-44.2,400000,45104,0.11276,152437,0.381093
-35.4,-44,400000,44454,0.111135,151410,0.378525
-35.4,-43.8,400000,44926,0.112315,152184,0.38046
-35.4,-43.6,400000,44704,0.11176,151810,0.379525
-35.4,-43.4,400000,45165,0.112912,152489,0.381223
-35.4,-43.2,400000,45078,0.112695,152752,0.38188
-35.4,-43,400000,44749,0.111872,151332,0.37833
-35.4,-42.8,400000,44663,0.111658,152022,0.380055
-35.4,-42.6,400000,45015,0.112537,152274,0.380685
-35.4,-42.4,400000,44565,0.111412,151732,0.37933
-35.4,-42.2,400000,45026,0.112565,152040,0.3801
-35.4,-42,400000,44921,0.112302,152108,0.38027
-35.4,-41.8,400000,44771,0.111927,152041,0.380103
-35.4,-41.6,400000,45194,0.112985,152250,0.380625
-35.4,-41.4,400000,45086,0.112715,152257,0.380642
-35.4,-41.2,400000,44821,0.112052,151786,0.379465
-35.4,-41,400000,44670,0.111675,152192,0.38048
-35.4,-40.8,400000,44468,0.11117,151690,0.379225
-35.4,-40.6,400000,44844,0.11211,151835,0.379588
-35.4,-40.4,400000,44338,0.110845,152076,0.38019
-35.4,-40.2,400000,45151,0.112878,152114,0.380285
-35.4,-40,400000,44313,0.110783,151955,0.379887
-35.4,-39.8,400000,45029,0.112573,152405,0.381012
-35.4,-39.6,400000,44727,0.111818,152101,0.380252
-35.4,-39.4,400000,44771,0.111927,151949,0.379873
-35.4,-39.2,400000,44985,0.112463,152135,0.380337
-35.4,-39,400000,44840,0.1121,152146,0.380365
-35.4,-38.8,400000,44864,0.11216,151477,0.378692
-35.4,-38.6,400000,45162,0.112905,152473,0.381182
-35.4,-38.4,400000,45395,0.113488,152295,0.380738
-35.4,-38.2,400000,44205,0.110512,151866,0.379665
-35.4,-38,400000,45402,0.113505,152450,0.381125
-35.4,-37.8,400000,44965,0.112412,152017,0.380043
-35.4,-37.6,400000,44862,0.112155,152045,0.380113
-35.4,-37.4,400000,44546,0.111365,151906,0.379765
-35.4,-37.2,400000,45014,0.112535,152385,0.380962
-35.4,-37,400000,44469,0.111172,152003,0.380007
-35.4,-36.8,400000,44680,0.1117,151943,0.379858
-35.4,-36.6,400000,45129,0.112823,152448,0.38112
-35.4,-36.4,400000,44747,0.111867,152193,0.380483
-35.4,-36.2,400000,45055,0.112638,152729,0.381823
-35.4,-36,400000,45593,0.113983,152342,0.380855
-35.4,-35.8,400000,45448,0.11362,152708,0.38177
-35.4,-35.6,400000,44877,0.112193,151854,0.379635
-35.4,-35.4,400000,44554,0.111385,151669,0.379173
-35.4,-35.2,400000,45346,0.113365,152398,0.380995
-35.4,-35,400000,44442,0.111105,151905,0.379763
-35.4,-34.8,400000,44964,0.11241,151928,0.37982
-35.4,-34.6,400000,44790,0.111975,152220,0.38055
-35.4,-34.4,400000,44934,0.112335,152110,0.380275
-35.4,-34.2,400000,44871,0.112177,151874,0.379685
-35.4,-34,400000,45290,0.113225,151814,0.379535
-35.4,-33.8,400000,44913,0.112282,152192,0.38048
-35.4,-33.6,400000,44600,0.1115,151873,0.379682
-35.4,-33.4,400000,45141,0.112852,151987,0.379968
-35.4,-33.2,400000,44797,0.111992,151948,0.37987
-35.4,-33,400000,45175,0.112937,151694,0.379235
-35.4,-32.8,400000,44823,0.112058,152055,0.380138
-35.4,-32.6,400000,44507,0.111268,152008,0.38002
-35.4,-32.4,400000,45233,0.113083,152226,0.380565
-35.4,-32.2,400000,45124,0.11281,151900,0.37975
-35.4,-32,400000,44843,0.112107,151931,0.379827
-35.4,-31.8,400000,45167,0.112918,152720,0.3818
-35.4,-31.6,400000,44893,0.112232,152259,0.380648
-35.4,-31.4,400000,44848,0.11212,153018,0.382545
-35.4,-31.2,400000,44668,0.11167,152264,0.38066
-35.4,-31,400000,44906,0.112265,152377,0.380943
-35.4,-30.8,400000,45117,0.112793,152251,0.380628
-35.4,-30.6,400000,44506,0.111265,152278,0.380695
-35.4,-30.4,400000,45396,0.11349,152643,0.381607
-35.4,-30.2,400000,44523,0.111308,152366,0.380915
-35.4,-30,400000,45141,0.112852,151979,0.379947
-35.4,-29.8,400000,44813,0.112032,151950,0.379875
-35.4,-29.6,400000,44644,0.11161,151830,0.379575
-35.4,-29.4,400000,44751,0.111878,152096,0.38024
-35.4,-29.2,400000,45063,0.112657,152585,0.381462
-35.4,-29,400000,44536,0.11134,151327,0.378317
-35.4,-28.8,400000,44969,0.112422,151758,0.379395
-35.4,-28.6,400000,44954,0.112385,152439,0.381097
-35.4,-28.4,400000,44558,0.111395,151857,0.379642
-35.4,-28.2,400000,44618,0.111545,152536,0.38134
-35.4,-28,400000,44761,0.111903,151964,0.37991
-35.4,-27.8,400000,44765,0.111912,151888,0.37972
-35.4,-27.6,400000,44403,0.111007,152160,0.3804
-35.4,-27.4,400000,44858,0.112145,152481,0.381202
-35.4,-27.2,400000,44187,0.110467,151272,0.37818
-35.4,-27,400000,44794,0.111985,151674,0.379185
-35.4,-26.8,400000,44488,0.11122,151375,0.378437
-35.4,-26.6,400000,45098,0.112745,152284,0.38071
-35.4,-26.4,400000,44876,0.11219,152605,0.381512
-35.4,-26.2,400000,44586,0.111465,151987,0.379968
-35.4,-26,400000,44999,0.112498,151612,0.37903
-35.4,-25.8,400000,45056,0.11264,152215,0.380537
-35.4,-25.6,400000,44619,0.111547,152370,0.380925
-35.4,-25.4,400000,45248,0.11312,151843,0.379607
-35.4,-25.2,400000,44673,0.111683,151715,0.379287
-35.4,-25,400000,44535,0.111338,151952,0.37988
-35.4,-24.8,400000,44849,0.112122,151984,0.37996
-35.4,-24.6,400000,44396,0.11099,151812,0.37953
-35.4,-24.4,400000,44526,0.111315,151649,0.379122
-35.4,-24.2,400000,44780,0.11195,151481,0.378702
-35.4,-24,400000,44931,0.112327,152624,0.38156
-35.4,-23.8,400000,44292,0.11073,151516,0.37879
-35.4,-23.6,400000,44457,0.111143,152242,0.380605
-35.4,-23.4,400000,44590,0.111475,152058,0.380145
-35.4,-23.2,400000,44988,0.11247,152643,0.381607
-35.4,-23,400000,45322,0.113305,152161,0.380402
-35.4,-22.8,400000,44635,0.111588,152444,0.38111
-35.4,-22.6,400000,44530,0.111325,151556,0.37889
-35.4,-22.4,400000,45003,0.112507,152373,0.380933
-35.4,-22.2,400000,45227,0.113068,152034,0.380085
-35.4,-22,400000,44713,0.111783,152472,0.38118
-35.4,-21.8,400000,44739,0.111848,152308,0.38077
-35.4,-21.6,400000,44356,0.11089,151811,0.379528
-35.4,-21.4,400000,44810,0.112025,152017,0.380043
-35.4,-21.2,400000,44754,0.111885,151859,0.379648
-35.4,-21,400000,44587,0.111467,151671,0.379178
-35.4,-20.8,400000,44456,0.11114,151591,0.378978
-35.4,-20.6,400000,44592,0.11148,151882,0.379705
-35.4,-20.4,400000,44817,0.112043,151853,0.379632
-35.4,-20.2,400000,44670,0.111675,151600,0.379
-35.4,-20,400000,44859,0.112147,152221,0.380553
-35.4,-19.8,400000,44543,0.111357,151934,0.379835
-35.4,-19.6,400000,45087,0.112717,152338,0.380845
-35.4,-19.4,400000,44598,0.111495,152309,0.380773
-35.4,-19.2,400000,44776,0.11194,152619,0.381547
-35.4,-19,400000,45190,0.112975,152552,0.38138
-35.4,-18.8,400000,45214,0.113035,152476,0.38119
-35.4,-18.6,400000,45004,0.11251,152351,0.380877
-35.4,-18.4,400000,44871,0.112177,151630,0.379075
-35.4,-18.2,400000,45227,0.113068,152116,0.38029
-35.4,-18,400000,45005,0.112513,151750,0.379375
-35.4,-17.8,400000,44941,0.112352,151926,0.379815
-35.4,-17.6,400000,44884,0.11221,152205,0.380512
-35.4,-17.4,400000,44633,0.111583,152298,0.380745
-35.4,-17.2,400000,44782,0.111955,152017,0.380043
-35.4,-17,400000,44529,0.111323,152102,0.380255
-35.4,-16.8,400000,44574,0.111435,151914,0.379785
-35.4,-16.6,400000,44420,0.11105,151913,0.379783
-35.4,-16.4,400000,45184,0.11296,152224,0.38056
-35.4,-16.2,400000,44721,0.111802,152285,0.380713
-35.4,-16,400000,44956,0.11239,152063,0.380157
-35.4,-15.8,400000,44381,0.110952,151267,0.378167
-35.4,-15.6,400000,44792,0.11198,151714,0.379285
-35.4,-15.4,400000,44843,0.112107,152118,0.380295
-35.4,-15.2,400000,45077,0.112693,152615,0.381537
-35.4,-15,400000,44980,0.11245,152259,0.380648
-35.4,-14.8,400000,44858,0.112145,152178,0.380445
-35.4,-14.6,400000,44962,0.112405,152256,0.38064
-35.4,-14.4,400000,44820,0.11205,152234,0.380585
-35.4,-14.2,400000,44381,0.110952,151738,0.379345
-35.4,-14,400000,44640,0.1116,151847,0.379617
-35.4,-13.8,400000,45216,0.11304,152182,0.380455
-35.4,-13.6,400000,44987,0.112467,151752,0.37938
-35.4,-13.4,400000,45485,0.113712,151951,0.379877
-35.4,-13.2,400000,44875,0.112187,152074,0.380185
-35.4,-13,400000,45413,0.113532,153069,0.382673
-35.4,-12.8,400000,45240,0.1131,152418,0.381045
-35.4,-12.6,400000,44810,0.112025,151793,0.379483
-35.4,-12.4,400000,45258,0.113145,152285,0.380713
-35.4,-12.2,400000,45221,0.113053,152140,0.38035
-35.4,-12,400000,44676,0.11169,152238,0.380595
-35.4,-11.8,400000,44564,0.11141,152150,0.380375
-35.4,-11.6,400000,44586,0.111465,152690,0.381725
-35.4,-11.4,400000,44868,0.11217,152087,0.380217
-35.4,-11.2,400000,44689,0.111723,152234,0.380585
-35.4,-11,400000,44699,0.111747,152340,0.38085
-35.4,-10.8,400000,44959,0.112397,152393,0.380983
-35.4,-10.6,400000,45479,0.113698,152405,0.381012
-35.4,-10.4,400000,44899,0.112248,152620,0.38155
-35.4,-10.2,400000,44477,0.111192,151846,0.379615
-35.4,-10,400000,45119,0.112797,152308,0.38077
-35.4,-9.8,400000,45137,0.112842,152649,0.381622
-35.4,-9.6,400000,45030,0.112575,152462,0.381155
-35.4,-9.4,400000,44980,0.11245,151943,0.379858
-35.4,-9.2,400000,44927,0.112318,152808,0.38202
-35.4,-9,400000,45279,0.113198,152280,0.3807
-35.4,-8.8,400000,44371,0.110927,151988,0.37997
-35.4,-8.6,400000,45333,0.113333,152158,0.380395
-35.4,-8.4,400000,44971,0.112427,152313,0.380783
-35.4,-8.2,400000,44278,0.110695,151429,0.378572
-35.4,-8,400000,44965,0.112412,151847,0.379617
-35.4,-7.8,400000,45156,0.11289,152056,0.38014
-35.4,-7.6,400000,44663,0.111658,152036,0.38009
-35.4,-7.4,400000,44718,0.111795,152210,0.380525
-35.4,-7.2,400000,43854,0.109635,151275,0.378188
-35.4,-7,400000,44639,0.111598,152220,0.38055
-35.4,-6.8,400000,44856,0.11214,152119,0.380298
-35.4,-6.6,400000,44848,0.11212,152357,0.380893
-35.4,-6.4,400000,44395,0.110988,151548,0.37887
-35.4,-6.2,400000,45245,0.113113,152089,0.380223
-35.4,-6,400000,44499,0.111247,152102,0.380255
-35.4,-5.8,400000,45324,0.11331,152299,0.380748
-35.4,-5.6,400000,44834,0.112085,151912,0.37978
-35.4,-5.4,400000,44356,0.11089,151875,0.379688
-35.4,-5.2,400000,44786,0.111965,152208,0.38052
-35.4,-5,400000,44933,0.112333,151813,0.379532
-35.4,-4.8,400000,45108,0.11277,152127,0.380317
-35.4,-4.6,400000,45174,0.112935,152466,0.381165
-35.4,-4.4,400000,45086,0.112715,151711,0.379277
-35.4,-4.2,400000,44937,0.112342,152219,0.380547
-35.4,-4,400000,44709,0.111772,152488,0.38122
-35.4,-3.8,400000,44919,0.112297,151827,0.379568
-35.4,-3.6,400000,44793,0.111982,152172,0.38043
-35.4,-3.4,400000,44706,0.111765,151987,0.379968
-35.4,-3.2,400000,44695,0.111738,151543,0.378858
-35.4,-3,400000,44871,0.112177,151964,0.37991
-35.4,-2.8,400000,44645,0.111613,152063,0.380157
-35.4,-2.6,400000,44764,0.11191,151990,0.379975
-35.4,-2.4,400000,44791,0.111977,151809,0.379522
-35.4,-2.2,400000,44810,0.112025,151742,0.379355
-35.4,-2,400000,44911,0.112278,152080,0.3802
-35.4,-1.8,400000,44979,0.112448,152556,0.38139
-35.4,-1.6,400000,44777,0.111943,152076,0.38019
-35.4,-1.4,400000,45093,0.112732,152222,0.380555
-35.4,-1.2,400000,44515,0.111287,151780,0.37945
-35.4,-1,400000,44956,0.11239,152266,0.380665
-35.4,-0.8,400000,44651,0.111628,152227,0.380568
-35.4,-0.6,400000,45203,0.113007,152124,0.38031
-35.4,-0.4,400000,44652,0.11163,152025,0.380063
-35.4,-0.2,400000,45123,0.112808,152089,0.380223
-35.4,0,400000,44760,0.1119,152179,0.380447
-35.4,0.2,400000,44952,0.11238,152328,0.38082
-35.4,0.4,400000,44785,0.111963,151932,0.37983
-35.4,0.6,400000,44849,0.112122,152725,0.381812
-35.4,0.8,400000,44762,0.111905,152122,0.380305
-35.4,1,400000,44981,0.112452,152194,0.380485
-35.4,1.2,400000,44309,0.110772,151725,0.379312
-35.4,1.4,400000,44617,0.111543,151913,0.379783
-35.4,1.6,400000,44123,0.110308,151825,0.379563
-35.4,1.8,400000,44574,0.111435,151701,0.379252
-35.4,2,400000,45081,0.112702,152480,0.3812
-35.4,2.2,400000,44620,0.11155,151837,0.379592
-35.4,2.4,400000,44857,0.112143,151836,0.37959
-35.4,2.6,400000,44710,0.111775,152039,0.380097
-35.4,2.8,400000,45006,0.112515,152450,0.381125
-35.4,3,400000,45244,0.11311,152305,0.380763
-35.4,3.2,400000,45266,0.113165,152365,0.380912
-35.4,3.4,400000,45036,0.11259,151673,0.379182
-35.4,3.6,400000,44800,0.112,152166,0.380415
-35.4,3.8,400000,44564,0.11141,152134,0.380335
-35.4,4,400000,44521,0.111302,152077,0.380192
-35.4,4.2,400000,45160,0.1129,152241,0.380603
-35.4,4.4,400000,45262,0.113155,152577,0.381443
-35.4,4.6,400000,44607,0.111518,152197,0.380493
-35.4,4.8,400000,44824,0.11206,151901,0.379752
-35.4,5,400000,44831,0.112077,152153,0.380383
-35.4,5.2,400000,44721,0.111802,152062,0.380155
-35.4,5.4,400000,44655,0.111638,151545,0.378862
-35.4,5.6,400000,44640,0.1116,152058,0.380145
-35.4,5.8,400000,44648,0.11162,152072,0.38018
-35.4,6,400000,44903,0.112257,152043,0.380107
-35.4,6.2,400000,44662,0.111655,151539,0.378848
-35.4,6.4,400000,44428,0.11107,152648,0.38162
-35.4,6.6,400000,45252,0.11313,152092,0.38023
-35.4,6.8,400000,44990,0.112475,152295,0.380738
-35.4,7,400000,44669,0.111672,151805,0.379512
-35.4,7.2,400000,44891,0.112227,151282,0.378205
-35.4,7.4,400000,44876,0.11219,151981,0.379953
-35.4,7.6,400000,44713,0.111783,151654,0.379135
-35.4,7.8,400000,45071,0.112677,152775,0.381937
-35.4,8,400000,44528,0.11132,152080,0.3802
-35.4,8.2,400000,44600,0.1115,152091,0.380227
-35.4,8.4,400000,44560,0.1114,152045,0.380113
-35.4,8.6,400000,45287,0.113217,152264,0.38066
-35.4,8.8,400000,44636,0.11159,151978,0.379945
-35.4,9,400000,44758,0.111895,152075,0.380188
-35.4,9.2,400000,44755,0.111888,152169,0.380422
-35.4,9.4,400000,44757,0.111893,152607,0.381518
-35.4,9.6,400000,44853,0.112132,152438,0.381095
-35.4,9.8,400000,44901,0.112253,151487,0.378717
-35.4,10,400000,45107,0.112768,151897,0.379742
-35.4,10.2,400000,44699,0.111747,153004,0.38251
-35.4,10.4,400000,44759,0.111897,151609,0.379022
-35.4,10.6,400000,44020,0.11005,151635,0.379088
-35.4,10.8,400000,44516,0.11129,152618,0.381545
-35.4,11,400000,44850,0.112125,152075,0.380188
-35.4,11.2,400000,44592,0.11148,152746,0.381865
-35.4,11.4,400000,44788,0.11197,152233,0.380582
-35.4,11.6,400000,44718,0.111795,152215,0.380537
-35.4,11.8,400000,44932,0.11233,152152,0.38038
-35.4,12,400000,44646,0.111615,151724,0.37931
-35.4,12.2,400000,44915,0.112287,151969,0.379922
-35.4,12.4,400000,45052,0.11263,152113,0.380283
-35.4,12.6,400000,44230,0.110575,151942,0.379855
-35.4,12.8,400000,44755,0.111888,151738,0.379345
-35.4,13,400000,44643,0.111607,151564,0.37891
-35.4,13.2,400000,44781,0.111952,152124,0.38031
-35.4,13.4,400000,44446,0.111115,152200,0.3805
-35.4,13.6,400000,44572,0.11143,151984,0.37996
-35.4,13.8,400000,45210,0.113025,151939,0.379848
-35.4,14,400000,45020,0.11255,152271,0.380678
-35.4,14.2,400000,44943,0.112357,152130,0.380325
-35.4,14.4,400000,44708,0.11177,152506,0.381265
-35.4,14.6,400000,45170,0.112925,152676,0.38169
-35.4,14.8,400000,44797,0.111992,151667,0.379167
-35.4,15,400000,44576,0.11144,152137,0.380342
-35.4,15.2,400000,44910,0.112275,152431,0.381078
-35.4,15.4,400000,44935,0.112338,152307,0.380767
-35.4,15.6,400000,44380,0.11095,151773,0.379433
-35.4,15.8,400000,44772,0.11193,152903,0.382257
-35.4,16,400000,44828,0.11207,152072,0.38018
-35.4,16.2,400000,44479,0.111198,151567,0.378918
-35.4,16.4,400000,45001,0.112503,152544,0.38136
-35.4,16.6,400000,44597,0.111492,151745,0.379362
-35.4,16.8,400000,44561,0.111403,151825,0.379563
-35.4,17,400000,44853,0.112132,151516,0.37879
-35.4,17.2,400000,45618,0.114045,153130,0.382825
-35.4,17.4,400000,44799,0.111997,152217,0.380543
-35.4,17.6,400000,45126,0.112815,152797,0.381993
-35.4,17.8,400000,45371,0.113428,152795,0.381987
-35.4,18,400000,44787,0.111967,151729,0.379323
-35.4,18.2,400000,44130,0.110325,151600,0.379
-35.4,18.4,400000,44897,0.112242,151698,0.379245
-35.4,18.6,400000,44835,0.112088,151968,0.37992
-35.4,18.8,400000,44921,0.112302,152115,0.380288
-35.4,19,400000,44704,0.11176,151453,0.378632
-35.4,19.2,400000,44493,0.111232,152066,0.380165
-35.4,19.4,400000,45365,0.113412,152756,0.38189
-35.4,19.6,400000,44390,0.110975,152283,0.380707
-35.4,19.8,400000,45257,0.113142,152174,0.380435
-35.4,20,400000,45484,0.11371,152786,0.381965
-35.4,20.2,400000,44703,0.111757,152312,0.38078
-35.4,20.4,400000,44887,0.112217,152751,0.381877
-35.4,20.6,400000,44711,0.111778,152065,0.380163
-35.4,20.8,400000,44579,0.111448,151323,0.378308
-35.4,21,400000,45185,0.112962,152457,0.381142
-35.4,21.2,400000,45060,0.11265,152464,0.38116
-35.4,21.4,400000,44841,0.112102,151938,0.379845
-35.4,21.6,400000,44641,0.111602,152125,0.380312
-35.4,21.8,400000,44567,0.111418,151509,0.378773
-35.4,22,400000,44948,0.11237,151504,0.37876
-35.4,22.2,400000,44443,0.111107,151777,0.379443
-35.4,22.4,400000,44377,0.110942,152527,0.381317
-35.4,22.6,400000,44354,0.110885,151850,0.379625
-35.4,22.8,400000,45073,0.112683,151571,0.378927
-35.4,23,400000,44476,0.11119,152085,0.380213
-35.4,23.2,400000,44865,0.112162,151826,0.379565
-35.4,23.4,400000,45207,0.113018,152189,0.380472
-35.4,23.6,400000,44742,0.111855,152156,0.38039
-35.4,23.8,400000,45598,0.113995,152403,0.381007
-35.4,24,400000,44803,0.112007,152099,0.380248
-35.4,24.2,400000,45062,0.112655,152902,0.382255
-35.4,24.4,400000,44645,0.111613,151950,0.379875
-35.4,24.6,400000,44914,0.112285,152409,0.381022
-35.4,24.8,400000,44753,0.111882,152067,0.380167
-35.4,25,400000,44708,0.11177,152320,0.3808
-35.4,25.2,400000,44888,0.11222,152359,0.380897
-35.4,25.4,400000,44838,0.112095,151868,0.37967
-35.4,25.6,400000,44933,0.112333,152141,0.380352
-35.4,25.8,400000,44937,0.112342,152621,0.381553
-35.4,26,400000,44819,0.112047,152180,0.38045
-35.4,26.2,400000,45092,0.11273,152218,0.380545
-35.4,26.4,400000,45195,0.112988,152744,0.38186
-35.4,26.6,400000,44830,0.112075,152073,0.380182
-35.4,26.8,400000,44314,0.110785,151486,0.378715
-35.4,27,400000,45017,0.112543,151789,0.379472
-35.4,27.2,400000,44690,0.111725,151840,0.3796
-35.4,27.4,400000,44992,0.11248,152382,0.380955
-35.4,27.6,400000,45087,0.112717,152180,0.38045
-35.4,27.8,400000,45577,0.113943,151973,0.379933
-35.4,28,400000,44800,0.112,152008,0.38002
-35.4,28.2,400000,44944,0.11236,152594,0.381485
-35.4,28.4,400000,45068,0.11267,151889,0.379723
-35.4,28.6,400000,44728,0.11182,151609,0.379022
-35.4,28.8,400000,44749,0.111872,151891,0.379727
-35.4,29,400000,44993,0.112482,152199,0.380497
-35.4,29.2,400000,44532,0.11133,151470,0.378675
-35.4,29.4,400000,44483,0.111208,152182,0.380455
-35.4,29.6,400000,44492,0.11123,151856,0.37964
-35.4,29.8,400000,44273,0.110683,152379,0.380947
-35.4,30,400000,44829,0.112073,152217,0.380543
-35.4,30.2,400000,45150,0.112875,151758,0.379395
-35.4,30.4,400000,45204,0.11301,152435,0.381088
-35.4,30.6,400000,45053,0.112632,151743,0.379358
-35.4,30.8,400000,44675,0.111687,151921,0.379802
-35.4,31,400000,44831,0.112077,152214,0.380535
-35.4,31.2,400000,44529,0.111323,152264,0.38066
-35.4,31.4,400000,44883,0.112208,152318,0.380795
-35.4,31.6,400000,44715,0.111787,152049,0.380122
-35.4,31.8,400000,44812,0.11203,151944,0.37986
-35.4,32,400000,44781,0.111952,152472,0.38118
-35.4,32.2,400000,45047,0.112617,152788,0.38197
-35.4,32.4,400000,44470,0.111175,151836,0.37959
-35.4,32.6,400000,44888,0.11222,152493,0.381232
-35.4,32.8,400000,45243,0.113107,152478,0.381195
-35.4,33,400000,45301,0.113253,152324,0.38081
-35.4,33.2,400000,44658,0.111645,151855,0.379638
-35.4,33.4,400000,44807,0.112018,152293,0.380732
-35.4,33.6,400000,44909,0.112272,152183,0.380458
-35.4,33.8,400000,44872,0.11218,152188,0.38047
-35.4,34,400000,45268,0.11317,152518,0.381295
-35.4,34.2,400000,44937,0.112342,152316,0.38079
-35.4,34.4,400000,44519,0.111297,151787,0.379468
-35.4,34.6,400000,45045,0.112613,151752,0.37938
-35.4,34.8,400000,45036,0.11259,151824,0.37956
-35.4,35,400000,44742,0.111855,151673,0.379182
-35.4,35.2,400000,45226,0.113065,152084,0.38021
-35.4,35.4,400000,45196,0.11299,152717,0.381792
-35.4,35.6,400000,44670,0.111675,151922,0.379805
-35.4,35.8,400000,44758,0.111895,152319,0.380798
-35.4,36,400000,44499,0.111247,151892,0.37973
-35.4,36.2,400000,44366,0.110915,151614,0.379035
-35.4,36.4,400000,45299,0.113248,152100,0.38025
-35.4,36.6,400000,44432,0.11108,151578,0.378945
-35.4,36.8,400000,44823,0.112058,151935,0.379837
-35.4,37,400000,44519,0.111297,151568,0.37892
-35.4,37.2,400000,45153,0.112882,152570,0.381425
-35.4,37.4,400000,44884,0.11221,152694,0.381735
-35.4,37.6,400000,45010,0.112525,151968,0.37992
-35.4,37.8,400000,44755,0.111888,152336,0.38084
-35.4,38,400000,44984,0.11246,151871,0.379678
-35.4,38.2,400000,44605,0.111513,151986,0.379965
-35.4,38.4,400000,45219,0.113047,152299,0.380748
-35.4,38.6,400000,44959,0.112397,152902,0.382255
-35.4,38.8,400000,44683,0.111708,151916,0.37979
-35.4,39,400000,45335,0.113337,152366,0.380915
-35.4,39.2,400000,44441,0.111103,151777,0.379443
-35.4,39.4,400000,44663,0.111658,151994,0.379985
-35.4,39.6,400000,44853,0.112132,151806,0.379515
-35.4,39.8,400000,44728,0.11182,151830,0.379575
-35.4,40,400000,44979,0.112448,151650,0.379125
-35.4,40.2,400000,44977,0.112443,151977,0.379943
-35.4,40.4,400000,45017,0.112543,151765,0.379412
-35.4,40.6,400000,44800,0.112,152040,0.3801
-35.4,40.8,400000,44580,0.11145,152374,0.380935
-35.4,41,400000,44602,0.111505,150842,0.377105
-35.4,41.2,400000,44440,0.1111,152121,0.380302
-35.4,41.4,400000,45155,0.112888,152396,0.38099
-35.4,41.6,400000,45030,0.112575,152354,0.380885
-35.4,41.8,400000,44535,0.111338,151611,0.379028
-35.4,42,400000,44796,0.11199,152659,0.381647
-35.4,42.2,400000,44922,0.112305,152492,0.38123
-35.4,42.4,400000,44269,0.110672,151736,0.37934
-35.4,42.6,400000,45451,0.113628,152106,0.380265
-35.4,42.8,400000,44745,0.111863,151845,0.379613
-35.4,43,400000,44597,0.111492,151789,0.379472
-35.4,43.2,400000,44800,0.112,151908,0.37977
-35.4,43.4,400000,45253,0.113132,151991,0.379978
-35.4,43.6,400000,44893,0.112232,152245,0.380613
-35.4,43.8,400000,45565,0.113912,152979,0.382447
-35.4,44,400000,44556,0.11139,151045,0.377613
-35.4,44.2,400000,44324,0.11081,151818,0.379545
-35.4,44.4,400000,45203,0.113007,152308,0.38077
-35.4,44.6,400000,45009,0.112522,152309,0.380773
-35.4,44.8,400000,44858,0.112145,152524,0.38131
-35.4,45,400000,44917,0.112293,151737,0.379343
-35.4,45.2,400000,44918,0.112295,152459,0.381147
-35.4,45.4,400000,44705,0.111763,152708,0.38177
-35.4,45.6,400000,44625,0.111562,152201,0.380503
-35.4,45.8,400000,44269,0.110672,151794,0.379485
-35.4,46,400000,44739,0.111848,151586,0.378965
-35.4,46.2,400000,44515,0.111287,151694,0.379235
-35.4,46.4,400000,44884,0.11221,151898,0.379745
-35.4,46.6,400000,44363,0.110908,152020,0.38005
-35.4,46.8,400000,44419,0.111047,152270,0.380675
-35.4,47,400000,44513,0.111283,151286,0.378215
-35.4,47.2,400000,44806,0.112015,152573,0.381433
-35.4,47.4,400000,44754,0.111885,151859,0.379648
-35.4,47.6,400000,45094,0.112735,151546,0.378865
-35.4,47.8,400000,44635,0.111588,152334,0.380835
-35.4,48,400000,44783,0.111958,152484,0.38121
-35.4,48.2,400000,44746,0.111865,151208,0.37802
-35.4,48.4,400000,44662,0.111655,151730,0.379325
-35.4,48.6,400000,44445,0.111113,151691,0.379227
-35.4,48.8,400000,44797,0.111992,152311,0.380777
-35.4,49,400000,45260,0.11315,152949,0.382373
-35.4,49.2,400000,44899,0.112248,152384,0.38096
-35.4,49.4,400000,44610,0.111525,151746,0.379365
-35.4,49.6,400000,44477,0.111192,151603,0.379007
-35.4,49.8,400000,45164,0.11291,151818,0.379545
-35.4,50,400000,44826,0.112065,151641,0.379103
-35.2,-50,400000,45160,0.1129,152284,0.38071
-35.2,-49.8,400000,44749,0.111872,151646,0.379115
-35.2,-49.6,400000,44541,0.111352,151811,0.379528
-35.2,-49.4,400000,45013,0.112532,152491,0.381227
-35.2,-49.2,400000,45033,0.112583,152001,0.380003
-35.2,-49,400000,44373,0.110933,150765,0.376912
-35.2,-48.8,400000,44987,0.112467,152407,0.381018
-35.2,-48.6,400000,44981,0.112452,152109,0.380273
-35.2,-48.4,400000,44913,0.112282,152070,0.380175
-35.2,-48.2,400000,44702,0.111755,152298,0.380745
-35.2,-48,400000,44621,0.111552,151579,0.378947
-35.2,-47.8,400000,45106,0.112765,152608,0.38152
-35.2,-47.6,400000,44669,0.111672,151527,0.378817
-35.2,-47.4,400000,44945,0.112363,152057,0.380142
-35.2,-47.2,400000,44925,0.112312,152293,0.380732
-35.2,-47,400000,44772,0.11193,152257,0.380642
-35.2,-46.8,400000,45144,0.11286,151995,0.379987
-35.2,-46.6,400000,44762,0.111905,152378,0.380945
-35.2,-46.4,400000,44928,0.11232,152228,0.38057
-35.2,-46.2,400000,45444,0.11361,152389,0.380972
-35.2,-46,400000,44930,0.112325,151344,0.37836
-35.2,-45.8,400000,44929,0.112323,152359,0.380897
-35.2,-45.6,400000,44596,0.11149,151773,0.379433
-35.2,-45.4,400000,44694,0.111735,152007,0.380018
-35.2,-45.2,400000,44968,0.11242,152368,0.38092
-35.2,-45,400000,44673,0.111683,151648,0.37912
-35.2,-44.8,400000,45088,0.11272,151444,0.37861
-35.2,-44.6,400000,45266,0.113165,152280,0.3807
-35.2,-44.4,400000,45388,0.11347,152281,0.380702
-35.2,-44.2,400000,44632,0.11158,152239,0.380597
-35.2,-44,400000,45014,0.112535,151990,0.379975
-35.2,-43.8,400000,45053,0.112632,152159,0.380397
-35.2,-43.6,400000,44942,0.112355,151774,0.379435
-35.2,-43.4,400000,44724,0.11181,152516,0.38129
-35.2,-43.2,400000,44541,0.111352,151692,0.37923
-35.2,-43,400000,44947,0.112367,152503,0.381258
-35.2,-42.8,400000,44923,0.112308,151714,0.379285
-35.2,-42.6,400000,44691,0.111727,151655,0.379138
-35.2,-42.4,400000,44945,0.112363,151846,0.379615
-35.2,-42.2,400000,45406,0.113515,152579,0.381447
-35.2,-42,400000,44721,0.111802,152607,0.381518
-35.2,-41.8,400000,45217,0.113043,152582,0.381455
-35.2,-41.6,400000,44958,0.112395,152706,0.381765
-35.2,-41.4,400000,44892,0.11223,151925,0.379812
-35.2,-41.2,400000,44749,0.111872,151647,0.379117
-35.2,-41,400000,45235,0.113087,151473,0.378682
-35.2,-40.8,400000,44741,0.111852,151906,0.379765
-35.2,-40.6,400000,45190,0.112975,152312,0.38078
-35.2,-40.4,400000,44681,0.111702,152336,0.38084
-35.2,-40.2,400000,44884,0.11221,151377,0.378443
-35.2,-40,400000,44966,0.112415,151831,0.379578
-35.2,-39.8,400000,44937,0.112342,152416,0.38104
-35.2,-39.6,400000,44536,0.11134,151935,0.379837
-35.2,-39.4,400000,45062,0.112655,152001,0.380003
-35.2,-39.2,400000,44787,0.111967,152264,0.38066
-35.2,-39,400000,45128,0.11282,152271,0.380678
-35.2,-38.8,400000,44977,0.112443,152329,0.380823
-35.2,-38.6,400000,44788,0.11197,152698,0.381745
-35.2,-38.4,400000,44596,0.11149,152220,0.38055
-35.2,-38.2,400000,45107,0.112768,151997,0.379993
-35.2,-38,400000,44877,0.112193,152101,0.380252
-35.2,-37.8,400000,45281,0.113202,152061,0.380153
-35.2,-37.6,400000,44689,0.111723,151974,0.379935
-35.2,-37.4,400000,44763,0.111907,152130,0.380325
-35.2,-37.2,400000,44924,0.11231,152363,0.380908
-35.2,-37,400000,45237,0.113092,152513,0.381283
-35.2,-36.8,400000,44065,0.110162,151917,0.379792
-35.2,-36.6,400000,44323,0.110808,152126,0.380315
-35.2,-36.4,400000,44844,0.11211,152219,0.380547
-35.2,-36.2,400000,44455,0.111138,152479,0.381198
-35.2,-36,400000,45182,0.112955,152370,0.380925
-35.2,-35.8,400000,44965,0.112412,151979,0.379947
-35.2,-35.6,400000,45077,0.112693,152150,0.380375
-35.2,-35.4,400000,44132,0.11033,151417,0.378543
-35.2,-35.2,400000,45098,0.112745,152703,0.381758
-35.2,-35,400000,45003,0.112507,152178,0.380445
-35.2,-34.8,400000,45211,0.113028,151968,0.37992
-35.2,-34.6,400000,45043,0.112607,151811,0.379528
-35.2,-34.4,400000,44936,0.11234,151796,0.37949
-35.2,-34.2,400000,44729,0.111823,152017,0.380043
-35.2,-34,400000,45204,0.11301,152538,0.381345
-35.2,-33.8,400000,44906,0.112265,151751,0.379377
-35.2,-33.6,400000,44822,0.112055,151884,0.37971
-35.2,-33.4,400000,44879,0.112198,152345,0.380862
-35.2,-33.2,400000,44917,0.112293,151957,0.379893
-35.2,-33,400000,44878,0.112195,151901,0.379752
-35.2,-32.8,400000,44381,0.110952,151452,0.37863
-35.2,-32.6,400000,44685,0.111713,151479,0.378698
-35.2,-32.4,400000,44631,0.111577,151830,0.379575
-35.2,-32.2,400000,44587,0.111467,152516,0.38129
-35.2,-32,400000,44813,0.112032,152299,0.380748
-35.2,-31.8,400000,45385,0.113462,152558,0.381395
-35.2,-31.6,400000,44283,0.110708,151557,0.378893
-35.2,-31.4,400000,44922,0.112305,152114,0.380285
-35.2,-31.2,400000,45119,0.112797,152134,0.380335
-35.2,-31,400000,44903,0.112257,152210,0.380525
-35.2,-30.8,400000,44769,0.111922,152032,0.38008
-35.2,-30.6,400000,44821,0.112052,151887,0.379717
-35.2,-30.4,400000,45368,0.11342,152193,0.380483
-35.2,-30.2,400000,44832,0.11208,151833,0.379582
-35.2,-30,400000,44951,0.112378,152465,0.381163
-35.2,-29.8,400000,45053,0.112632,151557,0.378893
-35.2,-29.6,400000,45288,0.11322,152266,0.380665
-35.2,-29.4,400000,44889,0.112223,152092,0.38023
-35.2,-29.2,400000,44561,0.111403,151676,0.37919
-35.2,-29,400000,44456,0.11114,151946,0.379865
-35.2,-28.8,400000,45384,0.11346,152493,0.381232
-35.2,-28.6,400000,44628,0.11157,151481,0.378702
-35.2,-28.4,400000,45096,0.11274,152668,0.38167
-35.2,-28.2,400000,44544,0.11136,152209,0.380522
-35.2,-28,400000,45098,0.112745,152280,0.3807
-35.2,-27.8,400000,45435,0.113587,152263,0.380657
-35.2,-27.6,400000,44808,0.11202,152536,0.38134
-35.2,-27.4,400000,44859,0.112147,152017,0.380043
-35.2,-27.2,400000,44790,0.111975,152364,0.38091
-35.2,-27,400000,44488,0.11122,151758,0.379395
-35.2,-26.8,400000,44489,0.111223,152115,0.380288
-35.2,-26.6,400000,45309,0.113272,152405,0.381012
-35.2,-26.4,400000,44999,0.112498,152081,0.380202
-35.2,-26.2,400000,44801,0.112003,152000,0.38
-35.2,-26,400000,44991,0.112477,152399,0.380997
-35.2,-25.8,400000,45508,0.11377,152504,0.38126
-35.2,-25.6,400000,45055,0.112638,152231,0.380578
-35.2,-25.4,400000,44942,0.112355,151951,0.379877
-35.2,-25.2,400000,44610,0.111525,151957,0.379893
-35.2,-25,400000,44867,0.112168,152071,0.380178
-35.2,-24.8,400000,44499,0.111247,152102,0.380255
-35.2,-24.6,400000,44950,0.112375,152040,0.3801
-35.2,-24.4,400000,44648,0.11162,152133,0.380333
-35.2,-24.2,400000,44844,0.11211,152225,0.380563
-35.2,-24,400000,44865,0.112162,152190,0.380475
-35.2,-23.8,400000,44673,0.111683,151645,0.379113
-35.2,-23.6,400000,44913,0.112282,152149,0.380373
-35.2,-23.4,400000,45363,0.113407,152470,0.381175
-35.2,-23.2,400000,44912,0.11228,151921,0.379802
-35.2,-23,400000,44413,0.111033,152008,0.38002
-35.2,-22.8,400000,44931,0.112327,151829,0.379572
-35.2,-22.6,400000,44889,0.112223,152999,0.382497
-35.2,-22.4,400000,44195,0.110488,151579,0.378947
-35.2,-22.2,400000,44802,0.112005,151983,0.379958
-35.2,-22,400000,44532,0.11133,151510,0.378775
-35.2,-21.8,400000,44757,0.111893,152301,0.380752
-35.2,-21.6,400000,44995,0.112488,151947,0.379868
-35.2,-21.4,400000,44478,0.111195,151807,0.379518
-35.2,-21.2,400000,44634,0.111585,152686,0.381715
-35.2,-21,400000,44368,0.11092,151722,0.379305
-35.2,-20.8,400000,44903,0.112257,152413,0.381032
-35.2,-20.6,400000,44778,0.111945,152368,0.38092
-35.2,-20.4,400000,45213,0.113032,151929,0.379823
-35.2,-20.2,400000,44849,0.112122,152124,0.38031
-35.2,-20,400000,44665,0.111662,151971,0.379927
-35.2,-19.8,400000,44501,0.111253,151261,0.378153
-35.2,-19.6,400000,44842,0.112105,151866,0.379665
-35.2,-19.4,400000,44545,0.111363,152160,0.3804
-35.2,-19.2,400000,45081,0.112702,151528,0.37882
-35.2,-19,400000,45260,0.11315,152356,0.38089
-35.2,-18.8,400000,44648,0.11162,152073,0.380182
-35.2,-18.6,400000,44450,0.111125,152173,0.380433
-35.2,-18.4,400000,44981,0.112452,152052,0.38013
-35.2,-18.2,400000,44831,0.112077,152147,0.380368
-35.2,-18,400000,44774,0.111935,151795,0.379487
-35.2,-17.8,400000,45262,0.113155,152220,0.38055
-35.2,-17.6,400000,44717,0.111793,152565,0.381412
-35.2,-17.4,400000,44584,0.11146,152018,0.380045
-35.2,-17.2,400000,45031,0.112577,152351,0.380877
-35.2,-17,400000,44978,0.112445,152754,0.381885
-35.2,-16.8,400000,44554,0.111385,151800,0.3795
-35.2,-16.6,400000,44524,0.11131,152205,0.380512
-35.2,-16.4,400000,44821,0.112052,152126,0.380315
-35.2,-16.2,400000,44328,0.11082,152263,0.380657
-35.2,-16,400000,45621,0.114053,152479,0.381198
-35.2,-15.8,400000,44975,0.112437,152478,0.381195
-35.2,-15.6,400000,44871,0.112177,152257,0.380642
-35.2,-15.4,400000,45158,0.112895,151807,0.379518
-35.2,-15.2,400000,44891,0.112227,152383,0.380958
-35.2,-15,400000,44927,0.112318,152579,0.381447
-35.2,-14.8,400000,44804,0.11201,151545,0.378862
-35.2,-14.6,400000,44690,0.111725,152155,0.380387
-35.2,-14.4,400000,44565,0.111412,151566,0.378915
-35.2,-14.2,400000,44414,0.111035,151613,0.379032
-35.2,-14,400000,45257,0.113142,152145,0.380362
-35.2,-13.8,400000,44443,0.111107,151715,0.379287
-35.2,-13.6,400000,44277,0.110692,151852,0.37963
-35.2,-13.4,400000,44559,0.111397,151799,0.379497
-35.2,-13.2,400000,44918,0.112295,151726,0.379315
-35.2,-13,400000,45486,0.113715,153330,0.383325
-35.2,-12.8,400000,44720,0.1118,151906,0.379765
-35.2,-12.6,400000,45008,0.11252,151887,0.379717
-35.2,-12.4,400000,45284,0.11321,152266,0.380665
-35.2,-12.2,400000,44856,0.11214,152139,0.380348
-35.2,-12,400000,44319,0.110797,152394,0.380985
-35.2,-11.8,400000,45169,0.112922,152460,0.38115
-35.2,-11.6,400000,45111,0.112778,152431,0.381078
-35.2,-11.4,400000,44750,0.111875,151920,0.3798
-35.2,-11.2,400000,44724,0.11181,151885,0.379713
-35.2,-11,400000,44727,0.111818,151478,0.378695
-35.2,-10.8,400000,45070,0.112675,152217,0.380543
-35.2,-10.6,400000,44701,0.111753,152111,0.380277
-35.2,-10.4,400000,44578,0.111445,151999,0.379997
-35.2,-10.2,400000,44551,0.111378,151637,0.379092
-35.2,-10,400000,44691,0.111727,151475,0.378688
-35.2,-9.8,400000,44635,0.111588,151557,0.378893
-35.2,-9.6,400000,44570,0.111425,151399,0.378497
-35.2,-9.4,400000,44612,0.11153,152006,0.380015
-35.2,-9.2,400000,44690,0.111725,151963,0.379908
-35.2,-9,400000,45087,0.112717,152429,0.381072
-35.2,-8.8,400000,44774,0.111935,151693,0.379232
-35.2,-8.6,400000,44712,0.11178,152051,0.380128
-35.2,-8.4,400000,44814,0.112035,152439,0.381097
-35.2,-8.2,400000,45028,0.11257,152188,0.38047
-35.2,-8,400000,45078,0.112695,152407,0.381018
-35.2,-7.8,400000,44995,0.112488,152434,0.381085
-35.2,-7.6,400000,44809,0.112022,151830,0.379575
-35.2,-7.4,400000,44780,0.11195,151974,0.379935
-35.2,-7.2,400000,45319,0.113297,152095,0.380238
-35.2,-7,400000,45047,0.112617,152900,0.38225
-35.2,-6.8,400000,44836,0.11209,151697,0.379242
-35.2,-6.6,400000,44607,0.111518,152038,0.380095
-35.2,-6.4,400000,44782,0.111955,151751,0.379377
-35.2,-6.2,400000,45437,0.113592,152225,0.380563
-35.2,-6,400000,44436,0.11109,151494,0.378735
-35.2,-5.8,400000,44796,0.11199,152399,0.380997
-35.2,-5.6,400000,44883,0.112208,152056,0.38014
-35.2,-5.4,400000,45140,0.11285,152299,0.380748
-35.2,-5.2,400000,45258,0.113145,152479,0.381198
-35.2,-5,400000,44819,0.112047,152205,0.380512
-35.2,-4.8,400000,45421,0.113553,151784,0.37946
-35.2,-4.6,400000,45209,0.113022,152494,0.381235
-35.2,-4.4,400000,45323,0.113308,152221,0.380553
-35.2,-4.2,400000,45088,0.11272,152469,0.381173
-35.2,-4,400000,45007,0.112518,152417,0.381043
-35.2,-3.8,400000,44705,0.111763,151854,0.379635
-35.2,-3.6,400000,44639,0.111598,152227,0.380568
-35.2,-3.4,400000,45148,0.11287,151670,0.379175
-35.2,-3.2,400000,44690,0.111725,152034,0.380085
-35.2,-3,400000,44912,0.11228,151787,0.379468
-35.2,-2.8,400000,44912,0.11228,151670,0.379175
-35.2,-2.6,400000,45027,0.112568,152368,0.38092
-35.2,-2.4,400000,44831,0.112077,152146,0.380365
-35.2,-2.2,400000,44788,0.11197,152009,0.380022
-35.2,-2,400000,44586,0.111465,152046,0.380115
-35.2,-1.8,400000,44865,0.112162,152593,0.381483
-35.2,-1.6,400000,44951,0.112378,151817,0.379543
-35.2,-1.4,400000,44537,0.111342,151561,0.378902
-35.2,-1.2,400000,45242,0.113105,152315,0.380788
-35.2,-1,400000,44494,0.111235,152287,0.380717
-35.2,-0.8,400000,45044,0.11261,152046,0.380115
-35.2,-0.6,400000,45429,0.113573,152438,0.381095
-35.2,-0.4,400000,44989,0.112473,151926,0.379815
-35.2,-0.2,400000,44393,0.110982,151964,0.37991
-35.2,0,400000,44744,0.11186,151586,0.378965
-35.2,0.2,400000,44396,0.11099,152053,0.380132
-35.2,0.4,400000,45079,0.112698,152472,0.38118
-35.2,0.6,400000,44763,0.111907,152167,0.380418
-35.2,0.8,400000,44345,0.110863,151602,0.379005
-35.2,1,400000,44598,0.111495,152013,0.380032
-35.2,1.2,400000,44337,0.110842,151236,0.37809
-35.2,1.4,400000,44733,0.111833,152241,0.380603
-35.2,1.6,400000,44973,0.112433,151993,0.379983
-35.2,1.8,400000,44941,0.112352,151893,0.379732
-35.2,2,400000,45092,0.11273,152440,0.3811
-35.2,2.2,400000,44884,0.11221,152607,0.381518
-35.2,2.4,400000,44742,0.111855,152138,0.380345
-35.2,2.6,400000,44976,0.11244,152126,0.380315
-35.2,2.8,400000,44776,0.11194,152808,0.38202
-35.2,3,400000,44760,0.1119,151897,0.379742
-35.2,3.2,400000,44380,0.11095,151339,0.378348
-35.2,3.4,400000,44761,0.111903,151499,0.378748
-35.2,3.6,400000,44914,0.112285,152176,0.38044
-35.2,3.8,400000,44385,0.110963,151699,0.379248
-35.2,4,400000,44535,0.111338,151911,0.379777
-35.2,4.2,400000,45056,0.11264,151852,0.37963
-35.2,4.4,400000,45066,0.112665,151807,0.379518
-35.2,4.6,400000,44796,0.11199,151955,0.379887
-35.2,4.8,400000,45197,0.112992,152586,0.381465
-35.2,5,400000,45077,0.112693,152844,0.38211
-35.2,5.2,400000,44756,0.11189,151986,0.379965
-35.2,5.4,400000,44978,0.112445,152333,0.380833
-35.2,5.6,400000,44339,0.110848,152443,0.381107
-35.2,5.8,400000,44739,0.111848,152508,0.38127
-35.2,6,400000,45018,0.112545,151608,0.37902
-35.2,6.2,400000,44720,0.1118,152783,0.381958
-35.2,6.4,400000,45057,0.112643,151895,0.379738
-35.2,6.6,400000,44681,0.111702,152010,0.380025
-35.2,6.8,400000,44836,0.11209,152258,0.380645
-35.2,7,400000,44729,0.111823,151865,0.379663
-35.2,7.2,400000,44774,0.111935,152000,0.38
-35.2,7.4,400000,44630,0.111575,152071,0.380178
-35.2,7.6,400000,45139,0.112848,152958,0.382395
-35.2,7.8,400000,44645,0.111613,151276,0.37819
-35.2,8,400000,45495,0.113738,152357,0.380893
-35.2,8.2,400000,44760,0.1119,151927,0.379817
-35.2,8.4,400000,44151,0.110378,151533,0.378833
-35.2,8.6,400000,44618,0.111545,151876,0.37969
-35.2,8.8,400000,45366,0.113415,152765,0.381912
-35.2,9,400000,44971,0.112427,152657,0.381642
-35.2,9.2,400000,44886,0.112215,152176,0.38044
-35.2,9.4,400000,44944,0.11236,151551,0.378877
-35.2,9.6,400000,44798,0.111995,152109,0.380273
-35.2,9.8,400000,44299,0.110747,151816,0.37954
-35.2,10,400000,44679,0.111698,151853,0.379632
-35.2,10.2,400000,44765,0.111912,152479,0.381198
-35.2,10.4,400000,44701,0.111753,152222,0.380555
-35.2,10.6,400000,44531,0.111327,152250,0.380625
-35.2,10.8,400000,44626,0.111565,152126,0.380315
-35.2,11,400000,44669,0.111672,152208,0.38052
-35.2,11.2,400000,44732,0.11183,152520,0.3813
-35.2,11.4,400000,44600,0.1115,151854,0.379635
-35.2,11.6,400000,45503,0.113757,152467,0.381167
-35.2,11.8,400000,44947,0.112367,152861,0.382153
-35.2,12,400000,44831,0.112077,152272,0.38068
-35.2,12.2,400000,44396,0.11099,151850,0.379625
-35.2,12.4,400000,44938,0.112345,152291,0.380727
-35.2,12.6,400000,44345,0.110863,151801,0.379503
-35.2,12.8,400000,44716,0.11179,151852,0.37963
-35.2,13,400000,44795,0.111988,152381,0.380953
-35.2,13.2,400000,44903,0.112257,152579,0.381447
-35.2,13.4,400000,44831,0.112077,151689,0.379223
-35.2,13.6,400000,45435,0.113587,152864,0.38216
-35.2,13.8,400000,44426,0.111065,152034,0.380085
-35.2,14,400000,45198,0.112995,152305,0.380763
-35.2,14.2,400000,44477,0.111192,151609,0.379022
-35.2,14.4,400000,44609,0.111522,152160,0.3804
-35.2,14.6,400000,44827,0.112068,152367,0.380918
-35.2,14.8,400000,44667,0.111668,152243,0.380607
-35.2,15,400000,45229,0.113073,151946,0.379865
-35.2,15.2,400000,44548,0.11137,152348,0.38087
-35.2,15.4,400000,45411,0.113528,152684,0.38171
-35.2,15.6,400000,45069,0.112672,151798,0.379495
-35.2,15.8,400000,44753,0.111882,151988,0.37997
-35.2,16,400000,44788,0.11197,152250,0.380625
-35.2,16.2,400000,44832,0.11208,152049,0.380122
-35.2,16.4,400000,44816,0.11204,152516,0.38129
-35.2,16.6,400000,44983,0.112458,152048,0.38012
-35.2,16.8,400000,44899,0.112248,152413,0.381032
-35.2,17,400000,44696,0.11174,151946,0.379865
-35.2,17.2,400000,44836,0.11209,151842,0.379605
-35.2,17.4,400000,44594,0.111485,151769,0.379422
-35.2,17.6,400000,44841,0.112102,152063,0.380157
-35.2,17.8,400000,44899,0.112248,152485,0.381213
-35.2,18,400000,44374,0.110935,151519,0.378798
-35.2,18.2,400000,44547,0.111367,151788,0.37947
-35.2,18.4,400000,44942,0.112355,152170,0.380425
-35.2,18.6,400000,44650,0.111625,152308,0.38077
-35.2,18.8,400000,45058,0.112645,152175,0.380437
-35.2,19,400000,44572,0.11143,152098,0.380245
-35.2,19.2,400000,44845,0.112113,151662,0.379155
-35.2,19.4,400000,45125,0.112812,152203,0.380507
-35.2,19.6,400000,44518,0.111295,151682,0.379205
-35.2,19.8,400000,45630,0.114075,152331,0.380827
-35.2,20,400000,44938,0.112345,152132,0.38033
-35.2,20.2,400000,44416,0.11104,151675,0.379188
-35.2,20.4,400000,45249,0.113123,152514,0.381285
-35.2,20.6,400000,44472,0.11118,151548,0.37887
-35.2,20.8,400000,45056,0.11264,151541,0.378852
-35.2,21,400000,44884,0.11221,152240,0.3806
-35.2,21.2,400000,45076,0.11269,152491,0.381227
-35.2,21.4,400000,44711,0.111778,152431,0.381078
-35.2,21.6,400000,44933,0.112333,152061,0.380153
-35.2,21.8,400000,44550,0.111375,152010,0.380025
-35.2,22,400000,44799,0.111997,151908,0.37977
-35.2,22.2,400000,45128,0.11282,152588,0.38147
-35.2,22.4,400000,44928,0.11232,151814,0.379535
-35.2,22.6,400000,44358,0.110895,151827,0.379568
-35.2,22.8,400000,45107,0.112768,152205,0.380512
-35.2,23,400000,44372,0.11093,151595,0.378987
-35.2,23.2,400000,44709,0.111772,152281,0.380702
-35.2,23.4,400000,45132,0.11283,151934,0.379835
-35.2,23.6,400000,44139,0.110348,152063,0.380157
-35.2,23.8,400000,44764,0.11191,151890,0.379725
-35.2,24,400000,44918,0.112295,152117,0.380292
-35.2,24.2,400000,44470,0.111175,152027,0.380068
-35.2,24.4,400000,45279,0.113198,152569,0.381422
-35.2,24.6,400000,44466,0.111165,151835,0.379588
-35.2,24.8,400000,44826,0.112065,152504,0.38126
-35.2,25,400000,44450,0.111125,152193,0.380483
-35.2,25.2,400000,44961,0.112403,152019,0.380047
-35.2,25.4,400000,45017,0.112543,152852,0.38213
-35.2,25.6,400000,44829,0.112073,152217,0.380543
-35.2,25.8,400000,44805,0.112013,151433,0.378582
-35.2,26,400000,44857,0.112143,151952,0.37988
-35.2,26.2,400000,44930,0.112325,152002,0.380005
-35.2,26.4,400000,44756,0.11189,152206,0.380515
-35.2,26.6,400000,44859,0.112147,152143,0.380358
-35.2,26.8,400000,44628,0.11157,151128,0.37782
-35.2,27,400000,44338,0.110845,151727,0.379317
-35.2,27.2,400000,44324,0.11081,151701,0.379252
-35.2,27.4,400000,45005,0.112513,152044,0.38011
-35.2,27.6,400000,45332,0.11333,152003,0.380007
-35.2,27.8,400000,44862,0.112155,151925,0.379812
-35.2,28,400000,44638,0.111595,152434,0.381085
-35.2,28.2,400000,45003,0.112507,152055,0.380138
-35.2,28.4,400000,44930,0.112325,152130,0.380325
-35.2,28.6,400000,44619,0.111547,152080,0.3802
-35.2,28.8,400000,44784,0.11196,151836,0.37959
-35.2,29,400000,45010,0.112525,152364,0.38091
-35.2,29.2,400000,44355,0.110887,151802,0.379505
-35.2,29.4,400000,44605,0.111513,152034,0.380085
-35.2,29.6,400000,44838,0.112095,152310,0.380775
-35.2,29.8,400000,44247,0.110617,151565,0.378912
-35.2,30,400000,45398,0.113495,152415,0.381037
-35.2,30.2,400000,44712,0.11178,151434,0.378585
-35.2,30.4,400000,44683,0.111708,151934,0.379835
-35.2,30.6,400000,44704,0.11176,152566,0.381415
-35.2,30.8,400000,44816,0.11204,151921,0.379802
-35.2,31,400000,45332,0.11333,152557,0.381393
-35.2,31.2,400000,44415,0.111037,152017,0.380043
-35.2,31.4,400000,44849,0.112122,151917,0.379792
-35.2,31.6,400000,44800,0.112,152406,0.381015
-35.2,31.8,400000,45219,0.113047,152197,0.380493
-35.2,32,400000,44941,0.112352,152283,0.380707
-35.2,32.2,400000,44628,0.11157,152056,0.38014
-35.2,32.4,400000,44375,0.110937,151193,0.377982
-35.2,32.6,400000,44715,0.111787,152190,0.380475
-35.2,32.8,400000,44575,0.111437,151848,0.37962
-35.2,33,400000,44648,0.11162,151469,0.378673
-35.2,33.2,400000,44726,0.111815,152565,0.381412
-35.2,33.4,400000,45253,0.113132,152019,0.380047
-35.2,33.6,400000,44776,0.11194,152177,0.380443
-35.2,33.8,400000,44748,0.11187,152257,0.380642
-35.2,34,400000,45035,0.112587,152314,0.380785
-35.2,34.2,400000,44799,0.111997,152075,0.380188
-35.2,34.4,400000,44686,0.111715,151998,0.379995
-35.2,34.6,400000,44706,0.111765,152394,0.380985
-35.2,34.8,400000,45159,0.112897,152264,0.38066
-35.2,35,400000,44930,0.112325,152208,0.38052
-35.2,35.2,400000,44669,0.111672,152152,0.38038
-35.2,35.4,400000,44999,0.112498,152286,0.380715
-35.2,35.6,400000,45318,0.113295,152452,0.38113
-35.2,35.8,400000,44975,0.112437,151871,0.379678
-35.2,36,400000,44995,0.112488,152408,0.38102
-35.2,36.2,400000,44731,0.111827,152278,0.380695
-35.2,36.4,400000,45163,0.112907,152209,0.380522
-35.2,36.6,400000,44733,0.111833,151851,0.379628
-35.2,36.8,400000,44986,0.112465,152067,0.380167
-35.2,37,400000,45101,0.112753,152015,0.380037
-35.2,37.2,400000,44901,0.112253,151649,0.379122
-35.2,37.4,400000,44775,0.111937,151715,0.379287
-35.2,37.6,400000,44452,0.11113,151623,0.379057
-35.2,37.8,400000,45147,0.112867,152479,0.381198
-35.2,38,400000,44924,0.11231,151730,0.379325
-35.2,38.2,400000,45114,0.112785,151839,0.379597
-35.2,38.4,400000,44441,0.111103,152200,0.3805
-35.2,38.6,400000,44867,0.112168,152026,0.380065
-35.2,38.8,400000,44938,0.112345,151580,0.37895
-35.2,39,400000,45038,0.112595,152267,0.380667
-35.2,39.2,400000,44986,0.112465,152266,0.380665
-35.2,39.4,400000,45292,0.11323,152091,0.380227
-35.2,39.6,400000,44651,0.111628,152020,0.38005
-35.2,39.8,400000,44492,0.11123,151587,0.378968
-35.2,40,400000,44963,0.112407,152662,0.381655
-35.2,40.2,400000,45139,0.112848,152073,0.380182
-35.2,40.4,400000,44654,0.111635,151898,0.379745
-35.2,40.6,400000,44556,0.11139,151947,0.379868
-35.2,40.8,400000,44689,0.111723,151868,0.37967
-35.2,41,400000,44527,0.111317,151673,0.379182
-35.2,41.2,400000,44674,0.111685,151557,0.378893
-35.2,41.4,400000,45501,0.113753,152038,0.380095
-35.2,41.6,400000,44473,0.111183,151968,0.37992
-35.2,41.8,400000,45227,0.113068,152215,0.380537
-35.2,42,400000,44557,0.111393,151720,0.3793
-35.2,42.2,400000,44964,0.11241,151974,0.379935
-35.2,42.4,400000,44994,0.112485,152159,0.380397
-35.2,42.6,400000,44955,0.112388,152379,0.380947
-35.2,42.8,400000,45144,0.11286,152234,0.380585
-35.2,43,400000,44655,0.111638,152446,0.381115
-35.2,43.2,400000,44574,0.111435,151850,0.379625
-35.2,43.4,400000,45146,0.112865,152476,0.38119
-35.2,43.6,400000,44937,0.112342,152537,0.381342
-35.2,43.8,400000,44400,0.111,151884,0.37971
-35.2,44,400000,45184,0.11296,152482,0.381205
-35.2,44.2,400000,45175,0.112937,152322,0.380805
-35.2,44.4,400000,44674,0.111685,151803,0.379507
-35.2,44.6,400000,45194,0.112985,152240,0.3806
-35.2,44.8,400000,44979,0.112448,151544,0.37886
-35.2,45,400000,44678,0.111695,152350,0.380875
-35.2,45.2,400000,45319,0.113297,152568,0.38142
-35.2,45.4,400000,44411,0.111028,152157,0.380393
-35.2,45.6,400000,44824,0.11206,151793,0.379483
-35.2,45.8,400000,45175,0.112937,152200,0.3805
-35.2,46,400000,44744,0.11186,151805,0.379512
-35.2,46.2,400000,45139,0.112848,152307,0.380767
-35.2,46.4,400000,44763,0.111907,152241,0.380603
-35.2,46.6,400000,44622,0.111555,151794,0.379485
-35.2,46.8,400000,44796,0.11199,152224,0.38056
-35.2,47,400000,45258,0.113145,152305,0.380763
-35.2,47.2,400000,45003,0.112507,151639,0.379097
-35.2,47.4,400000,44726,0.111815,151550,0.378875
-35.2,47.6,400000,45155,0.112888,152073,0.380182
-35.2,47.8,400000,45091,0.112727,152043,0.380107
-35.2,48,400000,45024,0.11256,152353,0.380883
-35.2,48.2,400000,44766,0.111915,151971,0.379927
-35.2,48.4,400000,45086,0.112715,152261,0.380653
-35.2,48.6,400000,44618,0.111545,151821,0.379553
-35.2,48.8,400000,44780,0.11195,152016,0.38004
-35.2,49,400000,45104,0.11276,152239,0.380597
-35.2,49.2,400000,45185,0.112962,152212,0.38053
-35.2,49.4,400000,44863,0.112157,152034,0.380085
-35.2,49.6,400000,44843,0.112107,151793,0.379483
-35.2,49.8,400000,44822,0.112055,152305,0.380763
-35.2,50,400000,44827,0.112068,151471,0.378678
-35,-50,400000,44787,0.111967,152342,0.380855
-35,-49.8,400000,44461,0.111153,151491,0.378727
-35,-49.6,400000,44570,0.111425,152094,0.380235
-35,-49.4,400000,44981,0.112452,152528,0.38132
-35,-49.2,400000,44395,0.110988,151817,0.379543
-35,-49,400000,44277,0.110692,151807,0.379518
-35,-48.8,400000,44891,0.112227,152352,0.38088
-35,-48.6,400000,45103,0.112757,152240,0.3806
-35,-48.4,400000,45173,0.112933,152356,0.38089
-35,-48.2,400000,45133,0.112833,152218,0.380545
-35,-48,400000,44886,0.112215,152290,0.380725
-35,-47.8,400000,45239,0.113098,152137,0.380342
-35,-47.6,400000,45066,0.112665,152258,0.380645
-35,-47.4,400000,44557,0.111393,151803,0.379507
-35,-47.2,400000,44524,0.11131,152114,0.380285
-35,-47,400000,44492,0.11123,151500,0.37875
-35,-46.8,400000,44849,0.112122,151459,0.378648
-35,-46.6,400000,45012,0.11253,151757,0.379393
-35,-46.4,400000,44778,0.111945,152066,0.380165
-35,-46.2,400000,44515,0.111287,152150,0.380375
-35,-46,400000,45033,0.112583,152244,0.38061
-35,-45.8,400000,45217,0.113043,152895,0.382238
-35,-45.6,400000,44555,0.111388,151952,0.37988
-35,-45.4,400000,44903,0.112257,152097,0.380242
-35,-45.2,400000,44294,0.110735,151858,0.379645
-35,-45,400000,44513,0.111283,152094,0.380235
-35,-44.8,400000,44718,0.111795,151587,0.378968
-35,-44.6,400000,44863,0.112157,152101,0.380252
-35,-44.4,400000,45188,0.11297,152352,0.38088
-35,-44.2,400000,44694,0.111735,151563,0.378908
-35,-44,400000,44891,0.112227,151738,0.379345
-35,-43.8,400000,45183,0.112958,152841,0.382103
-35,-43.6,400000,44773,0.111933,152036,0.38009
-35,-43.4,400000,44605,0.111513,152086,0.380215
-35,-43.2,400000,44575,0.111437,151825,0.379563
-35,-43,400000,44912,0.11228,151802,0.379505
-35,-42.8,400000,44713,0.111783,151843,0.379607
-35,-42.6,400000,45135,0.112837,152111,0.380277
-35,-42.4,400000,44297,0.110742,151722,0.379305
-35,-42.2,400000,44820,0.11205,151549,0.378873
-35,-42,400000,45344,0.11336,152548,0.38137
-35,-41.8,400000,45180,0.11295,152910,0.382275
-35,-41.6,400000,44309,0.110772,151997,0.379993
-35,-41.4,400000,45218,0.113045,152499,0.381248
-35,-41.2,400000,44621,0.111552,151200,0.378
-35,-41,400000,44361,0.110903,151725,0.379312
-35,-40.8,400000,44938,0.112345,151935,0.379837
-35,-40.6,400000,44869,0.112172,151717,0.379292
-35,-40.4,400000,44685,0.111713,151677,0.379192
-35,-40.2,400000,44423,0.111058,152343,0.380858
-35,-40,400000,44682,0.111705,152013,0.380032
-35,-39.8,400000,45155,0.112888,152099,0.380248
-35,-39.6,400000,45151,0.112878,152485,0.381213
-35,-39.4,400000,44865,0.112162,152529,0.381323
-35,-39.2,400000,44708,0.11177,151642,0.379105
-35,-39,400000,45036,0.11259,151792,0.37948
-35,-38.8,400000,45177,0.112943,152437,0.381093
-35,-38.6,400000,44940,0.11235,151384,0.37846
-35,-38.4,400000,44168,0.11042,151254,0.378135
-35,-38.2,400000,44721,0.111802,151842,0.379605
-35,-38,400000,44596,0.11149,151796,0.37949
-35,-37.8,400000,44733,0.111833,152103,0.380258
-35,-37.6,400000,45155,0.112888,152182,0.380455
-35,-37.4,400000,44879,0.112198,151918,0.379795
-35,-37.2,400000,44837,0.112092,151684,0.37921
-35,-37,400000,44903,0.112257,152220,0.38055
-35,-36.8,400000,45280,0.1132,153305,0.383263
-35,-36.6,400000,44877,0.112193,151920,0.3798
-35,-36.4,400000,45154,0.112885,152245,0.380613
-35,-36.2,400000,44651,0.111628,151242,0.378105
-35,-36,400000,44686,0.111715,151725,0.379312
-35,-35.8,400000,44766,0.111915,152824,0.38206
-35,-35.6,400000,44883,0.112208,151648,0.37912
-35,-35.4,400000,44521,0.111302,151741,0.379352
-35,-35.2,400000,45421,0.113553,153069,0.382673
-35,-35,400000,45175,0.112937,152345,0.380862
-35,-34.8,400000,44715,0.111787,151498,0.378745
-35,-34.6,400000,44859,0.112147,152066,0.380165
-35,-34.4,400000,45022,0.112555,152328,0.38082
-35,-34.2,400000,44673,0.111683,152245,0.380613
-35,-34,400000,44636,0.11159,151870,0.379675
-35,-33.8,400000,44932,0.11233,152234,0.380585
-35,-33.6,400000,44685,0.111713,152034,0.380085
-35,-33.4,400000,45064,0.11266,152076,0.38019
-35,-33.2,400000,44474,0.111185,151663,0.379157
-35,-33,400000,44480,0.1112,152138,0.380345
-35,-32.8,400000,44794,0.111985,152145,0.380362
-35,-32.6,400000,44624,0.11156,151638,0.379095
-35,-32.4,400000,44344,0.11086,151675,0.379188
-35,-32.2,400000,44559,0.111397,152218,0.380545
-35,-32,400000,44719,0.111797,152406,0.381015
-35,-31.8,400000,44536,0.11134,151608,0.37902
-35,-31.6,400000,44337,0.110842,151318,0.378295
-35,-31.4,400000,45014,0.112535,152183,0.380458
-35,-31.2,400000,45251,0.113128,152438,0.381095
-35,-31,400000,44649,0.111622,151974,0.379935
-35,-30.8,400000,44571,0.111427,152180,0.38045
-35,-30.6,400000,44924,0.11231,152083,0.380207
-35,-30.4,400000,44839,0.112098,152119,0.380298
-35,-30.2,400000,45032,0.11258,151922,0.379805
-35,-30,400000,44930,0.112325,152598,0.381495
-35,-29.8,400000,44849,0.112122,151768,0.37942
-35,-29.6,400000,44767,0.111918,151946,0.379865
-35,-29.4,400000,45093,0.112732,151886,0.379715
-35,-29.2,400000,44696,0.11174,151553,0.378883
-35,-29,400000,44835,0.112088,152169,0.380422
-35,-28.8,400000,44902,0.112255,152096,0.38024
-35,-28.6,400000,44571,0.111427,151969,0.379922
-35,-28.4,400000,44934,0.112335,151924,0.37981
-35,-28.2,400000,44713,0.111783,151728,0.37932
-35,-28,400000,44747,0.111867,152153,0.380383
-35,-27.8,400000,44313,0.110783,152044,0.38011
-35,-27.6,400000,44311,0.110778,151871,0.379678
-35,-27.4,400000,45047,0.112617,152074,0.380185
-35,-27.2,400000,45323,0.113308,152502,0.381255
-35,-27,400000,44959,0.112397,151373,0.378433
-35,-26.8,400000,44572,0.11143,151887,0.379717
-35,-26.6,400000,45410,0.113525,152440,0.3811
-35,-26.4,400000,45000,0.1125,152059,0.380148
-35,-26.2,400000,45048,0.11262,151876,0.37969
-35,-26,400000,44718,0.111795,151611,0.379028
-35,-25.8,400000,44498,0.111245,151174,0.377935
-35,-25.6,400000,44584,0.11146,151741,0.379352
-35,-25.4,400000,44686,0.111715,151754,0.379385
-35,-25.2,400000,45086,0.112715,151971,0.379927
-35,-25,400000,44527,0.111317,151458,0.378645
-35,-24.8,400000,44664,0.11166,152139,0.380348
-35,-24.6,400000,44348,0.11087,151620,0.37905
-35,-24.4,400000,44266,0.110665,151496,0.37874
-35,-24.2,400000,44957,0.112393,152261,0.380653
-35,-24,400000,44606,0.111515,151885,0.379713
-35,-23.8,400000,44726,0.111815,152109,0.380273
-35,-23.6,400000,44859,0.112147,152070,0.380175
-35,-23.4,400000,45522,0.113805,152626,0.381565
-35,-23.2,400000,45441,0.113602,152535,0.381337
-35,-23,400000,44702,0.111755,152520,0.3813
-35,-22.8,400000,45003,0.112507,152650,0.381625
-35,-22.6,400000,44846,0.112115,151826,0.379565
-35,-22.4,400000,44574,0.111435,152206,0.380515
-35,-22.2,400000,44698,0.111745,152425,0.381063
-35,-22,400000,45011,0.112528,152447,0.381117
-35,-21.8,400000,44989,0.112473,152367,0.380918
-35,-21.6,400000,44854,0.112135,151686,0.379215
-35,-21.4,400000,45078,0.112695,151827,0.379568
-35,-21.2,400000,44948,0.11237,151985,0.379962
-35,-21,400000,44850,0.112125,151776,0.37944
-35,-20.8,400000,45180,0.11295,151965,0.379912
-35,-20.6,400000,45135,0.112837,152201,0.380503
-35,-20.4,400000,44532,0.11133,151721,0.379302
-35,-20.2,400000,45151,0.112878,152470,0.381175
-35,-20,400000,45211,0.113028,152066,0.380165
-35,-19.8,400000,44647,0.111617,151332,0.37833
-35,-19.6,400000,44972,0.11243,151724,0.37931
-35,-19.4,400000,44637,0.111592,151955,0.379887
-35,-19.2,400000,44384,0.11096,152181,0.380453
-35,-19,400000,45054,0.112635,152686,0.381715
-35,-18.8,400000,45409,0.113522,152392,0.38098
-35,-18.6,400000,44581,0.111452,151543,0.378858
-35,-18.4,400000,45061,0.112653,151837,0.379592
-35,-18.2,400000,44974,0.112435,151983,0.379958
-35,-18,400000,44338,0.110845,151683,0.379207
-35,-17.8,400000,44834,0.112085,151670,0.379175
-35,-17.6,400000,45312,0.11328,152359,0.380897
-35,-17.4,400000,44887,0.112217,151788,0.37947
-35,-17.2,400000,44562,0.111405,152084,0.38021
-35,-17,400000,44572,0.11143,152015,0.380037
-35,-16.8,400000,44553,0.111382,151908,0.37977
-35,-16.6,400000,44870,0.112175,152295,0.380738
-35,-16.4,400000,44426,0.111065,152133,0.380333
-35,-16.2,400000,44755,0.111888,152443,0.381107
-35,-16,400000,44777,0.111943,152077,0.380192
-35,-15.8,400000,45166,0.112915,152441,0.381103
-35,-15.6,400000,44573,0.111433,151504,0.37876
-35,-15.4,400000,45562,0.113905,152424,0.38106
-35,-15.2,400000,45092,0.11273,151805,0.379512
-35,-15,400000,44851,0.112128,152149,0.380373
-35,-14.8,400000,45196,0.11299,152562,0.381405
-35,-14.6,400000,44633,0.111583,152141,0.380352
-35,-14.4,400000,44651,0.111628,152069,0.380173
-35,-14.2,400000,45202,0.113005,152128,0.38032
-35,-14,400000,44648,0.11162,151527,0.378817
-35,-13.8,400000,45303,0.113257,152883,0.382207
-35,-13.6,400000,44867,0.112168,152112,0.38028
-35,-13.4,400000,44682,0.111705,151298,0.378245
-35,-13.2,400000,45128,0.11282,152217,0.380543
-35,-13,400000,44783,0.111958,152235,0.380588
-35,-12.8,400000,44630,0.111575,151663,0.379157
-35,-12.6,400000,44388,0.11097,152036,0.38009
-35,-12.4,400000,44923,0.112308,152513,0.381283
-35,-12.2,400000,44972,0.11243,152236,0.38059
-35,-12,400000,44800,0.112,151575,0.378937
-35,-11.8,400000,44526,0.111315,152281,0.380702
-35,-11.6,400000,44533,0.111333,152335,0.380837
-35,-11.4,400000,44557,0.111393,151495,0.378738
-35,-11.2,400000,44802,0.112005,152042,0.380105
-35,-11,400000,45027,0.112568,151811,0.379528
-35,-10.8,400000,45110,0.112775,152560,0.3814
-35,-10.6,400000,44873,0.112183,151810,0.379525
-35,-10.4,400000,44821,0.112052,151686,0.379215
-35,-10.2,400000,44709,0.111772,152425,0.381063
-35,-10,400000,44929,0.112323,152765,0.381912
-35,-9.8,400000,45173,0.112933,152554,0.381385
-35,-9.6,400000,44754,0.111885,151671,0.379178
-35,-9.4,400000,44846,0.112115,151776,0.37944
-35,-9.2,400000,44667,0.111668,152192,0.38048
-35,-9,400000,45343,0.113357,152418,0.381045
-35,-8.8,400000,44867,0.112168,152542,0.381355
-35,-8.6,400000,44839,0.112098,152575,0.381437
-35,-8.4,400000,45081,0.112702,151973,0.379933
-35,-8.2,400000,44820,0.11205,152111,0.380277
-35,-8,400000,44366,0.110915,151798,0.379495
-35,-7.8,400000,44674,0.111685,152035,0.380088
-35,-7.6,400000,45040,0.1126,152139,0.380348
-35,-7.4,400000,45616,0.11404,152591,0.381478
-35,-7.2,400000,44541,0.111352,151553,0.378883
-35,-7,400000,44802,0.112005,151972,0.37993
-35,-6.8,400000,44796,0.11199,152035,0.380088
-35,-6.6,400000,44624,0.11156,152218,0.380545
-35,-6.4,400000,44511,0.111278,151248,0.37812
-35,-6.2,400000,45016,0.11254,152529,0.381323
-35,-6,400000,44492,0.11123,151494,0.378735
-35,-5.8,400000,44396,0.11099,151423,0.378557
-35,-5.6,400000,44967,0.112418,152167,0.380418
-35,-5.4,400000,45423,0.113558,152185,0.380462
-35,-5.2,400000,44588,0.11147,151795,0.379487
-35,-5,400000,44428,0.11107,152176,0.38044
-35,-4.8,400000,44801,0.112003,151875,0.379688
-35,-4.6,400000,44950,0.112375,151890,0.379725
-35,-4.4,400000,44622,0.111555,152736,0.38184
-35,-4.2,400000,45107,0.112768,151796,0.37949
-35,-4,400000,44927,0.112318,152129,0.380323
-35,-3.8,400000,44660,0.11165,151633,0.379082
-35,-3.6,400000,44919,0.112297,152343,0.380858
-35,-3.4,400000,45080,0.1127,151837,0.379592
-35,-3.2,400000,44751,0.111878,151564,0.37891
-35,-3,400000,44655,0.111638,152704,0.38176
-35,-2.8,400000,45114,0.112785,151617,0.379043
-35,-2.6,400000,44854,0.112135,152231,0.380578
-35,-2.4,400000,44936,0.11234,152607,0.381518
-35,-2.2,400000,44586,0.111465,152198,0.380495
-35,-2,400000,45279,0.113198,151980,0.37995
-35,-1.8,400000,44556,0.11139,151522,0.378805
-35,-1.6,400000,44509,0.111272,152133,0.380333
-35,-1.4,400000,44708,0.11177,152086,0.380215
-35,-1.2,400000,45184,0.11296,152340,0.38085
-35,-1,400000,44957,0.112393,152306,0.380765
-35,-0.8,400000,44922,0.112305,151928,0.37982
-35,-0.6,400000,44473,0.111183,151947,0.379868
-35,-0.4,400000,44317,0.110793,151674,0.379185
-35,-0.2,400000,44735,0.111838,151768,0.37942
-35,0,400000,44953,0.112382,151880,0.3797
-35,0.2,400000,44793,0.111982,151930,0.379825
-35,0.4,400000,45240,0.1131,152127,0.380317
-35,0.6,400000,45052,0.11263,152638,0.381595
-35,0.8,400000,44853,0.112132,152567,0.381418
-35,1,400000,44633,0.111583,152132,0.38033
-35,1.2,400000,44873,0.112183,151828,0.37957
-35,1.4,400000,44856,0.11214,152118,0.380295
-35,1.6,400000,45020,0.11255,152344,0.38086
-35,1.8,400000,45456,0.11364,151690,0.379225
-35,2,400000,44768,0.11192,152342,0.380855
-35,2.2,400000,45043,0.112607,152222,0.380555
-35,2.4,400000,45518,0.113795,152296,0.38074
-35,2.6,400000,44974,0.112435,152383,0.380958
-35,2.8,400000,44836,0.11209,152100,0.38025
-35,3,400000,44550,0.111375,151834,0.379585
-35,3.2,400000,44740,0.11185,152170,0.380425
-35,3.4,400000,44784,0.11196,151746,0.379365
-35,3.6,400000,45126,0.112815,151920,0.3798
-35,3.8,400000,44674,0.111685,151762,0.379405
-35,4,400000,44631,0.111577,152198,0.380495
-35,4.2,400000,45025,0.112562,152088,0.38022
-35,4.4,400000,44773,0.111933,151986,0.379965
-35,4.6,400000,44826,0.112065,152307,0.380767
-35,4.8,400000,44571,0.111427,152159,0.380397
-35,5,400000,45637,0.114092,152279,0.380698
-35,5.2,400000,44634,0.111585,152213,0.380532
-35,5.4,400000,45073,0.112683,151837,0.379592
-35,5.6,400000,44880,0.1122,152007,0.380018
-35,5.8,400000,44490,0.111225,151971,0.379927
-35,6,400000,45595,0.113988,152688,0.38172
-35,6.2,400000,44958,0.112395,151977,0.379943
-35,6.4,400000,45200,0.113,152556,0.38139
-35,6.6,400000,44941,0.112352,152136,0.38034
-35,6.8,400000,44766,0.111915,151816,0.37954
-35,7,400000,44771,0.111927,151981,0.379953
-35,7.2,400000,44829,0.112073,151901,0.379752
-35,7.4,400000,45079,0.112698,152214,0.380535
-35,7.6,400000,44967,0.112418,152738,0.381845
-35,7.8,400000,44615,0.111537,152183,0.380458
-35,8,400000,44931,0.112327,151627,0.379068
-35,8.2,400000,44829,0.112073,152571,0.381427
-35,8.4,400000,44676,0.11169,152112,0.38028
-35,8.6,400000,44787,0.111967,152569,0.381422
-35,8.8,400000,45100,0.11275,152280,0.3807
-35,9,400000,45088,0.11272,152735,0.381837
-35,9.2,400000,44459,0.111147,152027,0.380068
-35,9.4,400000,44550,0.111375,152042,0.380105
-35,9.6,400000,45005,0.112513,152222,0.380555
-35,9.8,400000,45119,0.112797,152666,0.381665
-35,10,400000,44844,0.11211,151963,0.379908
-35,10.2,400000,44700,0.11175,152012,0.38003
-35,10.4,400000,44382,0.110955,151428,0.37857
-35,10.6,400000,44559,0.111397,152440,0.3811
-35,10.8,400000,44789,0.111973,152090,0.380225
-35,11,400000,45077,0.112693,152838,0.382095
-35,11.2,400000,44541,0.111352,152272,0.38068
-35,11.4,400000,44689,0.111723,151962,0.379905
-35,11.6,400000,44604,0.11151,152471,0.381178
-35,11.8,400000,44832,0.11208,152177,0.380443
-35,12,400000,44297,0.110742,151994,0.379985
-35,12.2,400000,44747,0.111867,151855,0.379638
-35,12.4,400000,44754,0.111885,152108,0.38027
-35,12.6,400000,44853,0.112132,151980,0.37995
-35,12.8,400000,44925,0.112312,152250,0.380625
-35,13,400000,45033,0.112583,152740,0.38185
-35,13.2,400000,45199,0.112998,152133,0.380333
-35,13.4,400000,44423,0.111058,151722,0.379305
-35,13.6,400000,44733,0.111833,151728,0.37932
-35,13.8,400000,44688,0.11172,152390,0.380975
-35,14,400000,44573,0.111433,152321,0.380802
-35,14.2,400000,44426,0.111065,151532,0.37883
-35,14.4,400000,44650,0.111625,152128,0.38032
-35,14.6,400000,44691,0.111727,151590,0.378975
-35,14.8,400000,44766,0.111915,151773,0.379433
-35,15,400000,44814,0.112035,151981,0.379953
-35,15.2,400000,45026,0.112565,152357,0.380893
-35,15.4,400000,44661,0.111653,151489,0.378723
-35,15.6,400000,44662,0.111655,151912,0.37978
-35,15.8,400000,45010,0.112525,152763,0.381908
-35,16,400000,45240,0.1131,152449,0.381122
-35,16.2,400000,44958,0.112395,152262,0.380655
-35,16.4,400000,44263,0.110658,151705,0.379263
-35,16.6,400000,44894,0.112235,151760,0.3794
-35,16.8,400000,44286,0.110715,152166,0.380415
-35,17,400000,44947,0.112367,152048,0.38012
-35,17.2,400000,44737,0.111842,151601,0.379003
-35,17.4,400000,44693,0.111732,152157,0.380393
-35,17.6,400000,45005,0.112513,152543,0.381358
-35,17.8,400000,45342,0.113355,152119,0.380298
-35,18,400000,44652,0.11163,152940,0.38235
-35,18.2,400000,44567,0.111418,152239,0.380597
-35,18.4,400000,44793,0.111982,151596,0.37899
-35,18.6,400000,44688,0.11172,151842,0.379605
-35,18.8,400000,44507,0.111268,152560,0.3814
-35,19,400000,44563,0.111408,151854,0.379635
-35,19.2,400000,44899,0.112248,151752,0.37938
-35,19.4,400000,44547,0.111367,152302,0.380755
-35,19.6,400000,44937,0.112342,152276,0.38069
-35,19.8,400000,44829,0.112073,151825,0.379563
-35,20,400000,45327,0.113318,152425,0.381063
-35,20.2,400000,44766,0.111915,152191,0.380478
-35,20.4,400000,45143,0.112857,152265,0.380663
-35,20.6,400000,44796,0.11199,151878,0.379695
-35,20.8,400000,44174,0.110435,151618,0.379045
-35,21,400000,45119,0.112797,152310,0.380775
-35,21.2,400000,45095,0.112738,151955,0.379887
-35,21.4,400000,44846,0.112115,151804,0.37951
-35,21.6,400000,44680,0.1117,152395,0.380987
-35,21.8,400000,44971,0.112427,152489,0.381223
-35,22,400000,44695,0.111738,152368,0.38092
-35,22.2,400000,44851,0.112128,152400,0.381
-35,22.4,400000,44628,0.11157,152356,0.38089
-35,22.6,400000,45712,0.11428,152862,0.382155
-35,22.8,400000,44739,0.111848,151499,0.378748
-35,23,400000,45013,0.112532,151776,0.37944
-35,23.2,400000,44460,0.11115,152225,0.380563
-35,23.4,400000,45195,0.112988,152992,0.38248
-35,23.6,400000,44982,0.112455,152198,0.380495
-35,23.8,400000,44971,0.112427,151925,0.379812
-35,24,400000,44772,0.11193,151889,0.379723
-35,24.2,400000,44610,0.111525,151753,0.379383
-35,24.4,400000,44779,0.111948,151250,0.378125
-35,24.6,400000,44686,0.111715,152599,0.381497
-35,24.8,400000,44781,0.111952,151364,0.37841
-35,25,400000,45304,0.11326,152347,0.380868
-35,25.2,400000,45057,0.112643,151878,0.379695
-35,25.4,400000,45344,0.11336,152079,0.380198
-35,25.6,400000,45099,0.112748,152405,0.381012
-35,25.8,400000,44346,0.110865,151708,0.37927
-35,26,400000,44897,0.112242,151823,0.379557
-35,26.2,400000,44733,0.111833,151803,0.379507
-35,26.4,400000,44738,0.111845,151922,0.379805
-35,26.6,400000,44572,0.11143,152203,0.380507
-35,26.8,400000,45757,0.114392,152329,0.380823
-35,27,400000,45205,0.113013,151855,0.379638
-35,27.2,400000,44949,0.112373,152087,0.380217
-35,27.4,400000,45293,0.113232,152346,0.380865
-35,27.6,400000,44927,0.112318,151656,0.37914
-35,27.8,400000,44799,0.111997,152314,0.380785
-35,28,400000,44476,0.11119,151699,0.379248
-35,28.2,400000,44908,0.11227,152247,0.380617
-35,28.4,400000,45119,0.112797,152715,0.381788
-35,28.6,400000,44752,0.11188,152123,0.380308
-35,28.8,400000,45058,0.112645,152361,0.380902
-35,29,400000,44986,0.112465,152114,0.380285
-35,29.2,400000,44866,0.112165,152088,0.38022
-35,29.4,400000,45072,0.11268,152206,0.380515
-35,29.6,400000,44638,0.111595,152587,0.381468
-35,29.8,400000,44622,0.111555,152001,0.380003
-35,30,400000,44887,0.112217,152007,0.380018
-35,30.2,400000,44728,0.11182,152450,0.381125
-35,30.4,400000,45088,0.11272,151936,0.37984
-35,30.6,400000,44640,0.1116,151896,0.37974
-35,30.8,400000,44887,0.112217,151939,0.379848
-35,31,400000,44557,0.111393,151948,0.37987
-35,31.2,400000,45045,0.112613,152154,0.380385
-35,31.4,400000,44458,0.111145,151448,0.37862
-35,31.6,400000,45191,0.112977,152301,0.380752
-35,31.8,400000,44428,0.11107,151575,0.378937
-35,32,400000,44882,0.112205,152026,0.380065
-35,32.2,400000,44920,0.1123,152220,0.38055
-35,32.4,400000,44487,0.111217,152130,0.380325
-35,32.6,400000,44383,0.110958,151655,0.379138
-35,32.8,400000,44595,0.111488,151848,0.37962
-35,33,400000,44564,0.11141,151288,0.37822
-35,33.2,400000,44576,0.11144,152281,0.380702
-35,33.4,400000,45038,0.112595,152056,0.38014
-35,33.6,400000,44864,0.11216,152486,0.381215
-35,33.8,400000,45192,0.11298,151948,0.37987
-35,34,400000,44580,0.11145,151666,0.379165
-35,34.2,400000,44463,0.111158,151575,0.378937
-35,34.4,400000,44677,0.111693,152417,0.381043
-35,34.6,400000,44834,0.112085,151699,0.379248
-35,34.8,400000,44929,0.112323,151920,0.3798
-35,35,400000,44772,0.11193,152291,0.380727
-35,35.2,400000,45672,0.11418,151818,0.379545
-35,35.4,400000,45094,0.112735,152393,0.380983
-35,35.6,400000,44914,0.112285,151990,0.379975
-35,35.8,400000,45250,0.113125,151790,0.379475
-35,36,400000,44761,0.111903,152009,0.380022
-35,36.2,400000,44850,0.112125,151959,0.379897
-35,36.4,400000,44944,0.11236,151881,0.379702
-35,36.6,400000,44915,0.112287,151739,0.379348
-35,36.8,400000,44339,0.110848,151676,0.37919
-35,37,400000,44750,0.111875,151854,0.379635
-35,37.2,400000,44565,0.111412,152179,0.380447
-35,37.4,400000,45306,0.113265,152575,0.381437
-35,37.6,400000,45002,0.112505,152042,0.380105
-35,37.8,400000,45026,0.112565,151927,0.379817
-35,38,400000,45066,0.112665,151979,0.379947
-35,38.2,400000,45145,0.112863,152230,0.380575
-35,38.4,400000,44651,0.111628,151740,0.37935
-35,38.6,400000,44975,0.112437,152601,0.381503
-35,38.8,400000,44928,0.11232,152175,0.380437
-35,39,400000,44179,0.110448,151334,0.378335
-35,39.2,400000,44538,0.111345,152272,0.38068
-35,39.4,400000,44773,0.111933,151547,0.378868
-35,39.6,400000,44506,0.111265,151751,0.379377
-35,39.8,400000,44650,0.111625,151654,0.379135
-35,40,400000,44735,0.111838,151936,0.37984
-35,40.2,400000,45217,0.113043,151945,0.379862
-35,40.4,400000,44926,0.112315,152233,0.380582
-35,40.6,400000,45106,0.112765,152125,0.380312
-35,40.8,400000,45281,0.113202,152358,0.380895
-35,41,400000,44716,0.11179,151930,0.379825
-35,41.2,400000,44920,0.1123,151647,0.379117
-35,41.4,400000,44631,0.111577,152391,0.380978
-35,41.6,400000,44467,0.111168,152569,0.381422
-35,41.8,400000,44872,0.11218,151666,0.379165
-35,42,400000,44548,0.11137,151413,0.378532
-35,42.2,400000,45058,0.112645,152354,0.380885
-35,42.4,400000,45446,0.113615,152417,0.381043
-35,42.6,400000,44557,0.111393,152171,0.380427
-35,42.8,400000,45211,0.113028,153071,0.382678
-35,43,400000,44794,0.111985,151502,0.378755
-35,43.2,400000,44758,0.111895,151943,0.379858
-35,43.4,400000,45095,0.112738,152404,0.38101
-35,43.6,400000,44773,0.111933,151923,0.379808
-35,43.8,400000,44244,0.11061,151899,0.379748
-35,44,400000,44762,0.111905,152354,0.380885
-35,44.2,400000,44995,0.112488,152113,0.380283
-35,44.4,400000,45549,0.113873,153064,0.38266
-35,44.6,400000,44526,0.111315,151761,0.379402
-35,44.8,400000,44687,0.111717,151726,0.379315
-35,45,400000,44513,0.111283,151539,0.378848
-35,45.2,400000,44853,0.112132,152418,0.381045
-35,45.4,400000,45108,0.11277,152033,0.380082
-35,45.6,400000,44487,0.111217,151559,0.378897
-35,45.8,400000,44913,0.112282,152041,0.380103
-35,46,400000,44885,0.112213,151742,0.379355
-35,46.2,400000,44767,0.111918,151961,0.379902
-35,46.4,400000,44462,0.111155,151849,0.379622
-35,46.6,400000,44808,0.11202,152300,0.38075
-35,46.8,400000,44527,0.111317,152071,0.380178
-35,47,400000,45236,0.11309,152054,0.380135
-35,47.2,400000,45130,0.112825,152270,0.380675
-35,47.4,400000,44965,0.112412,152183,0.380458
-35,47.6,400000,44526,0.111315,152187,0.380468
-35,47.8,400000,44703,0.111757,152127,0.380317
-35,48,400000,44490,0.111225,151665,0.379163
-35,48.2,400000,45182,0.112955,152423,0.381057
-35,48.4,400000,44628,0.11157,152222,0.380555
-35,48.6,400000,44774,0.111935,152451,0.381128
-35,48.8,400000,44549,0.111372,151967,0.379918
-35,49,400000,44715,0.111787,151956,0.37989
-35,49.2,400000,44883,0.112208,151673,0.379182
-35,49.4,400000,45014,0.112535,152157,0.380393
-35,49.6,400000,44406,0.111015,151651,0.379128
-35,49.8,400000,44606,0.111515,151875,0.379688
-35,50,400000,45221,0.113053,152534,0.381335
-34.8,-50,400000,44985,0.112463,152054,0.380135
-34.8,-49.8,400000,44515,0.111287,152292,0.38073
-34.8,-49.6,400000,44768,0.11192,152302,0.380755
-34.8,-49.4,400000,44746,0.111865,151497,0.378742
-34.8,-49.2,400000,44160,0.1104,152241,0.380603
-34.8,-49,400000,44378,0.110945,152154,0.380385
-34.8,-48.8,400000,44633,0.111583,151880,0.3797
-34.8,-48.6,400000,44542,0.111355,151837,0.379592
-34.8,-48.4,400000,44831,0.112077,152621,0.381553
-34.8,-48.2,400000,44783,0.111958,152221,0.380553
-34.8,-48,400000,45086,0.112715,151805,0.379512
-34.8,-47.8,400000,45147,0.112867,152104,0.38026
-34.8,-47.6,400000,44744,0.11186,152428,0.38107
-34.8,-47.4,400000,44630,0.111575,151543,0.378858
-34.8,-47.2,400000,44151,0.110378,151975,0.379937
-34.8,-47,400000,45067,0.112668,152035,0.380088
-34.8,-46.8,400000,44933,0.112333,152239,0.380597
-34.8,-46.6,400000,44758,0.111895,151693,0.379232
-34.8,-46.4,400000,45027,0.112568,152000,0.38
-34.8,-46.2,400000,44644,0.11161,151382,0.378455
-34.8,-46,400000,45065,0.112662,152049,0.380122
-34.8,-45.8,400000,45125,0.112812,152185,0.380462
-34.8,-45.6,400000,44666,0.111665,151688,0.37922
-34.8,-45.4,400000,44252,0.11063,151873,0.379682
-34.8,-45.2,400000,45012,0.11253,152464,0.38116
-34.8,-45,400000,44594,0.111485,152048,0.38012
-34.8,-44.8,400000,45059,0.112647,151933,0.379833
-34.8,-44.6,400000,45013,0.112532,151588,0.37897
-34.8,-44.4,400000,44765,0.111912,151486,0.378715
-34.8,-44.2,400000,44445,0.111113,151735,0.379337
-34.8,-44,400000,44981,0.112452,152242,0.380605
-34.8,-43.8,400000,44999,0.112498,151761,0.379402
-34.8,-43.6,400000,44921,0.112302,151944,0.37986
-34.8,-43.4,400000,44822,0.112055,151665,0.379163
-34.8,-43.2,400000,44928,0.11232,152011,0.380028
-34.8,-43,400000,44470,0.111175,152170,0.380425
-34.8,-42.8,400000,44775,0.111937,151961,0.379902
-34.8,-42.6,400000,45150,0.112875,152403,0.381007
-34.8,-42.4,400000,44647,0.111617,152442,0.381105
-34.8,-42.2,400000,45195,0.112988,152332,0.38083
-34.8,-42,400000,45327,0.113318,152621,0.381553
-34.8,-41.8,400000,45015,0.112537,152029,0.380072
-34.8,-41.6,400000,45115,0.112787,152348,0.38087
-34.8,-41.4,400000,45082,0.112705,152528,0.38132
-34.8,-41.2,400000,44199,0.110497,151801,0.379503
-34.8,-41,400000,45020,0.11255,151693,0.379232
-34.8,-40.8,400000,44398,0.110995,151706,0.379265
-34.8,-40.6,400000,44373,0.110933,151184,0.37796
-34.8,-40.4,400000,44990,0.112475,151893,0.379732
-34.8,-40.2,400000,45046,0.112615,151642,0.379105
-34.8,-40,400000,45143,0.112857,152421,0.381053
-34.8,-39.8,400000,45379,0.113448,152490,0.381225
-34.8,-39.6,400000,44997,0.112492,151788,0.37947
-34.8,-39.4,400000,44344,0.11086,151871,0.379678
-34.8,-39.2,400000,44689,0.111723,152075,0.380188
-34.8,-39,400000,44688,0.11172,151982,0.379955
-34.8,-38.8,400000,44617,0.111543,151352,0.37838
-34.8,-38.6,400000,44413,0.111033,152051,0.380128
-34.8,-38.4,400000,45118,0.112795,151878,0.379695
-34.8,-38.2,400000,44528,0.11132,152115,0.380288
-34.8,-38,400000,45040,0.1126,152257,0.380642
-34.8,-37.8,400000,44343,0.110857,151994,0.379985
-34.8,-37.6,400000,45113,0.112782,152255,0.380638
-34.8,-37.4,400000,44817,0.112043,151914,0.379785
-34.8,-37.2,400000,45167,0.112918,152328,0.38082
-34.8,-37,400000,45065,0.112662,152158,0.380395
-34.8,-36.8,400000,45681,0.114202,152696,0.38174
-34.8,-36.6,400000,45015,0.112537,151891,0.379727
-34.8,-36.4,400000,44471,0.111177,151785,0.379462
-34.8,-36.2,400000,44612,0.11153,151530,0.378825
-34.8,-36,400000,44584,0.11146,152330,0.380825
-34.8,-35.8,400000,45196,0.11299,152412,0.38103
-34.8,-35.6,400000,44634,0.111585,152037,0.380092
-34.8,-35.4,400000,44508,0.11127,152062,0.380155
-34.8,-35.2,400000,44613,0.111533,151932,0.37983
-34.8,-35,400000,44507,0.111268,151673,0.379182
-34.8,-34.8,400000,44464,0.11116,151256,0.37814
-34.8,-34.6,400000,44780,0.11195,152184,0.38046
-34.8,-34.4,400000,44613,0.111533,151562,0.378905
-34.8,-34.2,400000,44826,0.112065,151960,0.3799
-34.8,-34,400000,44937,0.112342,151361,0.378402
-34.8,-33.8,400000,45498,0.113745,152376,0.38094
-34.8,-33.6,400000,45179,0.112948,152569,0.381422
-34.8,-33.4,400000,44880,0.1122,152550,0.381375
-34.8,-33.2,400000,44673,0.111683,151374,0.378435
-34.8,-33,400000,44459,0.111147,151968,0.37992
-34.8,-32.8,400000,44685,0.111713,151759,0.379397
-34.8,-32.6,400000,44679,0.111698,151926,0.379815
-34.8,-32.4,400000,44612,0.11153,151409,0.378522
-34.8,-32.2,400000,44925,0.112312,151779,0.379447
-34.8,-32,400000,44596,0.11149,152182,0.380455
-34.8,-31.8,400000,44893,0.112232,152212,0.38053
-34.8,-31.6,400000,44860,0.11215,152450,0.381125
-34.8,-31.4,400000,45128,0.11282,152182,0.380455
-34.8,-31.2,400000,44715,0.111787,152259,0.380648
-34.8,-31,400000,44752,0.11188,151573,0.378933
-34.8,-30.8,400000,44578,0.111445,152182,0.380455
-34.8,-30.6,400000,45519,0.113797,152488,0.38122
-34.8,-30.4,400000,44726,0.111815,151878,0.379695
-34.8,-30.2,400000,44795,0.111988,152012,0.38003
-34.8,-30,400000,44648,0.11162,152454,0.381135
-34.8,-29.8,400000,44716,0.11179,151825,0.379563
-34.8,-29.6,400000,45406,0.113515,152119,0.380298
-34.8,-29.4,400000,45335,0.113337,151847,0.379617
-34.8,-29.2,400000,44466,0.111165,152241,0.380603
-34.8,-29,400000,45229,0.113073,152004,0.38001
-34.8,-28.8,400000,45245,0.113113,152086,0.380215
-34.8,-28.6,400000,44738,0.111845,151752,0.37938
-34.8,-28.4,400000,44796,0.11199,151854,0.379635
-34.8,-28.2,400000,44749,0.111872,152132,0.38033
-34.8,-28,400000,45118,0.112795,152175,0.380437
-34.8,-27.8,400000,44842,0.112105,152555,0.381387
-34.8,-27.6,400000,44540,0.11135,151984,0.37996
-34.8,-27.4,400000,44897,0.112242,152482,0.381205
-34.8,-27.2,400000,44565,0.111412,152526,0.381315
-34.8,-27,400000,44451,0.111128,151519,0.378798
-34.8,-26.8,400000,45091,0.112727,151946,0.379865
-34.8,-26.6,400000,44602,0.111505,152142,0.380355
-34.8,-26.4,400000,44334,0.110835,152006,0.380015
-34.8,-26.2,400000,45570,0.113925,152567,0.381418
-34.8,-26,400000,44604,0.11151,152048,0.38012
-34.8,-25.8,400000,44991,0.112477,152069,0.380173
-34.8,-25.6,400000,44437,0.111092,151849,0.379622
-34.8,-25.4,400000,44964,0.11241,152208,0.38052
-34.8,-25.2,400000,44633,0.111583,152325,0.380812
-34.8,-25,400000,44175,0.110437,151537,0.378843
-34.8,-24.8,400000,45039,0.112598,152406,0.381015
-34.8,-24.6,400000,45403,0.113507,152478,0.381195
-34.8,-24.4,400000,45057,0.112643,152733,0.381833
-34.8,-24.2,400000,44772,0.11193,151760,0.3794
-34.8,-24,400000,44737,0.111842,152603,0.381507
-34.8,-23.8,400000,44885,0.112213,151902,0.379755
-34.8,-23.6,400000,44484,0.11121,151801,0.379503
-34.8,-23.4,400000,44957,0.112393,151958,0.379895
-34.8,-23.2,400000,44916,0.11229,152078,0.380195
-34.8,-23,400000,44748,0.11187,152094,0.380235
-34.8,-22.8,400000,44776,0.11194,152674,0.381685
-34.8,-22.6,400000,44640,0.1116,151970,0.379925
-34.8,-22.4,400000,44975,0.112437,152246,0.380615
-34.8,-22.2,400000,45217,0.113043,152546,0.381365
-34.8,-22,400000,44754,0.111885,151788,0.37947
-34.8,-21.8,400000,44353,0.110882,152154,0.380385
-34.8,-21.6,400000,45334,0.113335,152521,0.381302
-34.8,-21.4,400000,44324,0.11081,152043,0.380107
-34.8,-21.2,400000,44472,0.11118,151833,0.379582
-34.8,-21,400000,45260,0.11315,151877,0.379692
-34.8,-20.8,400000,44626,0.111565,151990,0.379975
-34.8,-20.6,400000,44631,0.111577,152318,0.380795
-34.8,-20.4,400000,44896,0.11224,152443,0.381107
-34.8,-20.2,400000,44280,0.1107,151885,0.379713
-34.8,-20,400000,44644,0.11161,152515,0.381288
-34.8,-19.8,400000,45126,0.112815,152148,0.38037
-34.8,-19.6,400000,44763,0.111907,152238,0.380595
-34.8,-19.4,400000,44912,0.11228,152382,0.380955
-34.8,-19.2,400000,45036,0.11259,152513,0.381283
-34.8,-19,400000,44856,0.11214,152314,0.380785
-34.8,-18.8,400000,45020,0.11255,152529,0.381323
-34.8,-18.6,400000,44375,0.110937,151726,0.379315
-34.8,-18.4,400000,44798,0.111995,151994,0.379985
-34.8,-18.2,400000,44950,0.112375,151993,0.379983
-34.8,-18,400000,45172,0.11293,152292,0.38073
-34.8,-17.8,400000,44742,0.111855,152028,0.38007
-34.8,-17.6,400000,44406,0.111015,151634,0.379085
-34.8,-17.4,400000,44709,0.111772,151524,0.37881
-34.8,-17.2,400000,45203,0.113007,152163,0.380408
-34.8,-17,400000,44526,0.111315,152356,0.38089
-34.8,-16.8,400000,44632,0.11158,151727,0.379317
-34.8,-16.6,400000,44939,0.112348,151990,0.379975
-34.8,-16.4,400000,45194,0.112985,151838,0.379595
-34.8,-16.2,400000,45471,0.113678,152772,0.38193
-34.8,-16,400000,44643,0.111607,152158,0.380395
-34.8,-15.8,400000,45125,0.112812,152523,0.381308
-34.8,-15.6,400000,44959,0.112397,152151,0.380377
-34.8,-15.4,400000,45334,0.113335,152878,0.382195
-34.8,-15.2,400000,44848,0.11212,152220,0.38055
-34.8,-15,400000,44987,0.112467,152618,0.381545
-34.8,-14.8,400000,44444,0.11111,151692,0.37923
-34.8,-14.6,400000,44841,0.112102,152275,0.380688
-34.8,-14.4,400000,44884,0.11221,152376,0.38094
-34.8,-14.2,400000,44406,0.111015,151602,0.379005
-34.8,-14,400000,44890,0.112225,152135,0.380337
-34.8,-13.8,400000,44821,0.112052,152020,0.38005
-34.8,-13.6,400000,44526,0.111315,151898,0.379745
-34.8,-13.4,400000,44855,0.112138,151625,0.379063
-34.8,-13.2,400000,44711,0.111778,152204,0.38051
-34.8,-13,400000,45104,0.11276,152490,0.381225
-34.8,-12.8,400000,44884,0.11221,152493,0.381232
-34.8,-12.6,400000,44656,0.11164,151911,0.379777
-34.8,-12.4,400000,44761,0.111903,151731,0.379327
-34.8,-12.2,400000,45129,0.112823,151822,0.379555
-34.8,-12,400000,44870,0.112175,152166,0.380415
-34.8,-11.8,400000,44780,0.11195,151584,0.37896
-34.8,-11.6,400000,44662,0.111655,152234,0.380585
-34.8,-11.4,400000,45270,0.113175,151985,0.379962
-34.8,-11.2,400000,44271,0.110677,151123,0.377808
-34.8,-11,400000,45445,0.113613,152584,0.38146
-34.8,-10.8,400000,45105,0.112763,152120,0.3803
-34.8,-10.6,400000,45677,0.114193,152014,0.380035
-34.8,-10.4,400000,44813,0.112032,151930,0.379825
-34.8,-10.2,400000,45471,0.113678,152343,0.380858
-34.8,-10,400000,45492,0.11373,152058,0.380145
-34.8,-9.8,400000,44647,0.111617,151771,0.379427
-34.8,-9.6,400000,45061,0.112653,152002,0.380005
-34.8,-9.4,400000,44938,0.112345,152274,0.380685
-34.8,-9.2,400000,44868,0.11217,151630,0.379075
-34.8,-9,400000,44586,0.111465,152332,0.38083
-34.8,-8.8,400000,45013,0.112532,152081,0.380202
-34.8,-8.6,400000,44425,0.111062,151332,0.37833
-34.8,-8.4,400000,45148,0.11287,152328,0.38082
-34.8,-8.2,400000,44827,0.112068,151899,0.379748
-34.8,-8,400000,44762,0.111905,151923,0.379808
-34.8,-7.8,400000,44729,0.111823,151319,0.378298
-34.8,-7.6,400000,44169,0.110423,151583,0.378958
-34.8,-7.4,400000,44428,0.11107,152186,0.380465
-34.8,-7.2,400000,45082,0.112705,152323,0.380808
-34.8,-7,400000,45012,0.11253,151875,0.379688
-34.8,-6.8,400000,44821,0.112052,152286,0.380715
-34.8,-6.6,400000,45102,0.112755,152501,0.381252
-34.8,-6.4,400000,44550,0.111375,152389,0.380972
-34.8,-6.2,400000,45105,0.112763,151800,0.3795
-34.8,-6,400000,44589,0.111473,152234,0.380585
-34.8,-5.8,400000,44711,0.111778,152165,0.380412
-34.8,-5.6,400000,45090,0.112725,152258,0.380645
-34.8,-5.4,400000,44534,0.111335,152152,0.38038
-34.8,-5.2,400000,44842,0.112105,152242,0.380605
-34.8,-5,400000,45006,0.112515,152071,0.380178
-34.8,-4.8,400000,44394,0.110985,151275,0.378188
-34.8,-4.6,400000,45292,0.11323,152450,0.381125
-34.8,-4.4,400000,45339,0.113348,152454,0.381135
-34.8,-4.2,400000,45312,0.11328,152354,0.380885
-34.8,-4,400000,44773,0.111933,152541,0.381352
-34.8,-3.8,400000,45317,0.113293,152586,0.381465
-34.8,-3.6,400000,44595,0.111488,151718,0.379295
-34.8,-3.4,400000,44806,0.112015,152088,0.38022
-34.8,-3.2,400000,44623,0.111558,152542,0.381355
-34.8,-3,400000,44881,0.112202,152307,0.380767
-34.8,-2.8,400000,45401,0.113503,152059,0.380148
-34.8,-2.6,400000,44603,0.111507,151873,0.379682
-34.8,-2.4,400000,44788,0.11197,151905,0.379763
-34.8,-2.2,400000,44642,0.111605,152489,0.381223
-34.8,-2,400000,44529,0.111323,152245,0.380613
-34.8,-1.8,400000,44879,0.112198,151988,0.37997
-34.8,-1.6,400000,45094,0.112735,152440,0.3811
-34.8,-1.4,400000,44672,0.11168,151683,0.379207
-34.8,-1.2,400000,44599,0.111497,151728,0.37932
-34.8,-1,400000,45261,0.113153,151782,0.379455
-34.8,-0.8,400000,44399,0.110997,152136,0.38034
-34.8,-0.6,400000,44916,0.11229,152170,0.380425
-34.8,-0.4,400000,44947,0.112367,151790,0.379475
-34.8,-0.2,400000,44634,0.111585,151869,0.379673
-34.8,0,400000,44931,0.112327,152228,0.38057
-34.8,0.2,400000,44521,0.111302,152535,0.381337
-34.8,0.4,400000,44523,0.111308,152044,0.38011
-34.8,0.6,400000,44093,0.110232,151329,0.378323
-34.8,0.8,400000,44523,0.111308,152368,0.38092
-34.8,1,400000,45060,0.11265,152287,0.380717
-34.8,1.2,400000,45061,0.112653,152513,0.381283
-34.8,1.4,400000,44815,0.112037,152598,0.381495
-34.8,1.6,400000,45010,0.112525,152319,0.380798
-34.8,1.8,400000,45078,0.112695,152227,0.380568
-34.8,2,400000,45022,0.112555,152582,0.381455
-34.8,2.2,400000,45014,0.112535,152229,0.380572
-34.8,2.4,400000,45035,0.112587,151533,0.378833
-34.8,2.6,400000,44962,0.112405,152555,0.381387
-34.8,2.8,400000,45237,0.113092,151714,0.379285
-34.8,3,400000,44452,0.11113,151323,0.378308
-34.8,3.2,400000,44761,0.111903,152297,0.380742
-34.8,3.4,400000,44560,0.1114,151475,0.378688
-34.8,3.6,400000,44554,0.111385,151774,0.379435
-34.8,3.8,400000,44810,0.112025,152330,0.380825
-34.8,4,400000,44743,0.111857,152097,0.380242
-34.8,4.2,400000,44496,0.11124,151857,0.379642
-34.8,4.4,400000,45242,0.113105,152372,0.38093
-34.8,4.6,400000,44953,0.112382,152636,0.38159
-34.8,4.8,400000,44692,0.11173,152081,0.380202
-34.8,5,400000,44926,0.112315,152469,0.381173
-34.8,5.2,400000,44483,0.111208,151626,0.379065
-34.8,5.4,400000,44430,0.111075,151835,0.379588
-34.8,5.6,400000,44439,0.111098,152082,0.380205
-34.8,5.8,400000,44919,0.112297,152096,0.38024
-34.8,6,400000,44642,0.111605,152563,0.381408
-34.8,6.2,400000,45148,0.11287,152594,0.381485
-34.8,6.4,400000,45298,0.113245,152128,0.38032
-34.8,6.6,400000,44489,0.111223,151597,0.378993
-34.8,6.8,400000,44566,0.111415,152016,0.38004
-34.8,7,400000,44854,0.112135,152176,0.38044
-34.8,7.2,400000,44577,0.111442,152117,0.380292
-34.8,7.4,400000,45204,0.11301,152451,0.381128
-34.8,7.6,400000,44957,0.112393,152066,0.380165
-34.8,7.8,400000,44930,0.112325,152235,0.380588
-34.8,8,400000,44845,0.112113,151872,0.37968
-34.8,8.2,400000,44454,0.111135,151615,0.379038
-34.8,8.4,400000,44580,0.11145,152160,0.3804
-34.8,8.6,400000,44674,0.111685,152098,0.380245
-34.8,8.8,400000,45086,0.112715,152118,0.380295
-34.8,9,400000,44799,0.111997,152305,0.380763
-34.8,9.2,400000,44569,0.111422,152018,0.380045
-34.8,9.4,400000,45000,0.1125,152393,0.380983
-34.8,9.6,400000,45173,0.112933,151554,0.378885
-34.8,9.8,400000,44850,0.112125,151697,0.379242
-34.8,10,400000,45213,0.113032,152170,0.380425
-34.8,10.2,400000,44620,0.11155,152023,0.380057
-34.8,10.4,400000,45236,0.11309,152572,0.38143
-34.8,10.6,400000,44941,0.112352,152031,0.380078
-34.8,10.8,400000,44899,0.112248,152571,0.381427
-34.8,11,400000,44663,0.111658,151359,0.378397
-34.8,11.2,400000,44787,0.111967,152380,0.38095
-34.8,11.4,400000,45197,0.112992,152030,0.380075
-34.8,11.6,400000,44707,0.111768,152036,0.38009
-34.8,11.8,400000,44519,0.111297,152079,0.380198
-34.8,12,400000,44572,0.11143,151874,0.379685
-34.8,12.2,400000,45236,0.11309,152103,0.380258
-34.8,12.4,400000,44775,0.111937,152300,0.38075
-34.8,12.6,400000,44667,0.111668,151925,0.379812
-34.8,12.8,400000,44423,0.111058,152107,0.380267
-34.8,13,400000,44589,0.111473,152014,0.380035
-34.8,13.2,400000,45042,0.112605,152659,0.381647
-34.8,13.4,400000,44486,0.111215,152215,0.380537
-34.8,13.6,400000,44553,0.111382,151575,0.378937
-34.8,13.8,400000,44703,0.111757,151741,0.379352
-34.8,14,400000,44743,0.111857,151836,0.37959
-34.8,14.2,400000,45115,0.112787,152213,0.380532
-34.8,14.4,400000,45033,0.112583,152350,0.380875
-34.8,14.6,400000,45315,0.113287,151946,0.379865
-34.8,14.8,400000,45097,0.112742,152121,0.380302
-34.8,15,400000,44742,0.111855,151658,0.379145
-34.8,15.2,400000,44793,0.111982,151987,0.379968
-34.8,15.4,400000,44854,0.112135,151920,0.3798
-34.8,15.6,400000,44782,0.111955,152163,0.380408
-34.8,15.8,400000,44825,0.112062,151796,0.37949
-34.8,16,400000,44563,0.111408,151917,0.379792
-34.8,16.2,400000,44873,0.112183,152627,0.381568
-34.8,16.4,400000,44636,0.11159,151932,0.37983
-34.8,16.6,400000,44933,0.112333,152001,0.380003
-34.8,16.8,400000,44804,0.11201,152249,0.380622
-34.8,17,400000,45142,0.112855,152664,0.38166
-34.8,17.2,400000,44510,0.111275,151909,0.379773
-34.8,17.4,400000,44743,0.111857,151991,0.379978
-34.8,17.6,400000,45356,0.11339,152852,0.38213
-34.8,17.8,400000,44647,0.111617,151889,0.379723
-34.8,18,400000,45056,0.11264,152416,0.38104
-34.8,18.2,400000,44852,0.11213,152662,0.381655
-34.8,18.4,400000,44763,0.111907,152614,0.381535
-34.8,18.6,400000,45092,0.11273,152026,0.380065
-34.8,18.8,400000,45082,0.112705,152250,0.380625
-34.8,19,400000,44707,0.111768,152270,0.380675
-34.8,19.2,400000,45336,0.11334,151734,0.379335
-34.8,19.4,400000,44191,0.110478,151766,0.379415
-34.8,19.6,400000,44572,0.11143,151716,0.37929
-34.8,19.8,400000,44576,0.11144,151782,0.379455
-34.8,20,400000,44462,0.111155,151729,0.379323
-34.8,20.2,400000,45112,0.11278,152909,0.382273
-34.8,20.4,400000,45204,0.11301,152411,0.381028
-34.8,20.6,400000,44909,0.112272,153121,0.382802
-34.8,20.8,400000,45360,0.1134,152277,0.380692
-34.8,21,400000,44792,0.11198,151707,0.379267
-34.8,21.2,400000,45104,0.11276,152336,0.38084
-34.8,21.4,400000,44753,0.111882,152710,0.381775
-34.8,21.6,400000,44946,0.112365,152474,0.381185
-34.8,21.8,400000,45211,0.113028,151965,0.379912
-34.8,22,400000,44383,0.110958,151978,0.379945
-34.8,22.2,400000,44958,0.112395,151627,0.379068
-34.8,22.4,400000,44718,0.111795,152311,0.380777
-34.8,22.6,400000,44526,0.111315,152117,0.380292
-34.8,22.8,400000,44804,0.11201,151394,0.378485
-34.8,23,400000,44931,0.112327,152053,0.380132
-34.8,23.2,400000,44947,0.112367,151993,0.379983
-34.8,23.4,400000,44667,0.111668,152512,0.38128
-34.8,23.6,400000,44598,0.111495,151659,0.379148
-34.8,23.8,400000,45313,0.113282,152034,0.380085
-34.8,24,400000,44892,0.11223,151981,0.379953
-34.8,24.2,400000,44243,0.110607,151854,0.379635
-34.8,24.4,400000,45038,0.112595,152349,0.380873
-34.8,24.6,400000,45048,0.11262,151992,0.37998
-34.8,24.8,400000,44575,0.111437,152158,0.380395
-34.8,25,400000,44460,0.11115,151908,0.37977
-34.8,25.2,400000,44800,0.112,153000,0.3825
-34.8,25.4,400000,44538,0.111345,152139,0.380348
-34.8,25.6,400000,45164,0.11291,152436,0.38109
-34.8,25.8,400000,45111,0.112778,151811,0.379528
-34.8,26,400000,45173,0.112933,151705,0.379263
-34.8,26.2,400000,44723,0.111808,151974,0.379935
-34.8,26.4,400000,45099,0.112748,152188,0.38047
-34.8,26.6,400000,45107,0.112768,152364,0.38091
-34.8,26.8,400000,44561,0.111403,151461,0.378653
-34.8,27,400000,44844,0.11211,151707,0.379267
-34.8,27.2,400000,44655,0.111638,152413,0.381032
-34.8,27.4,400000,44895,0.112238,151766,0.379415
-34.8,27.6,400000,44962,0.112405,152131,0.380327
-34.8,27.8,400000,44646,0.111615,152036,0.38009
